path,label,pred,conf,p0,p1,p2,p3,p4,p5,p6,p7,p8,p9,pN,position,frame,screen,contrast
C:\Users\josep\source\repos\AIOTED-digital\03_data_resize_all-use_for_training\0 - 0_1_20211231-090402.jpg,0,0,1.000000,1.000000,0.000000,0.000000,0.000000,0.000000,0.000000,0.000000,0.000000,0.000000,0.000000,0.000000,,20211231-090402,,100.073
C:\Users\josep\source\repos\AIOTED-digital\03_data_resize_all-use_for_training\0 -0_5_20211231-080400.jpg,0,0,1.000000,1.000000,0.000000,0.000000,0.000000,0.000000,0.000000,0.000000,0.000000,0.000000,0.000000,0.000000,,20211231-080400,,93.094
C:\Users\josep\source\repos\AIOTED-digital\03_data_resize_all-use_for_training\0-1.jpg,0,0,1.000000,1.000000,0.000000,0.000000,0.000000,0.000000,0.000000,0.000000,0.000000,0.000000,0.000000,0.000000,,,,154.102
C:\Users\josep\source\repos\AIOTED-digital\03_data_resize_all-use_for_training\0-1_5_20211231-062402.jpg,0,0,1.000000,1.000000,0.000000,0.000000,0.000000,0.000000,0.000000,0.000000,0.000000,0.000000,0.000000,0.000000,,20211231-062402,,92.210
C:\Users\josep\source\repos\AIOTED-digital\03_data_resize_all-use_for_training\0-2.jpg,0,0,1.000000,1.000000,0.000000,0.000000,0.000000,0.000000,0.000000,0.000000,0.000000,0.000000,0.000000,0.000000,,,,159.235
C:\Users\josep\source\repos\AIOTED-digital\03_data_resize_all-use_for_training\0.0_ROI0_20211125-030625.jpg,0,0,1.000000,1.000000,0.000000,0.000000,0.000000,0.000000,0.000000,0.000000,0.000000,0.000000,0.000000,0.000000,,20211125-030625,,244.864
C:\Users\josep\source\repos\AIOTED-digital\03_data_resize_all-use_for_training\0.0_ROI0_20211125-034125.jpg,0,0,1.000000,1.000000,0.000000,0.000000,0.000000,0.000000,0.000000,0.000000,0.000000,0.000000,0.000000,0.000000,,20211125-034125,,243.783
C:\Users\josep\source\repos\AIOTED-digital\03_data_resize_all-use_for_training\0.0_dig1_20211007-142423.jpg,0,0,1.000000,1.000000,0.000000,0.000000,0.000000,0.000000,0.000000,0.000000,0.000000,0.000000,0.000000,0.000000,1,20211007-142423,zeros,189.695
C:\Users\josep\source\repos\AIOTED-digital\03_data_resize_all-use_for_training\0.0_lcd.jpg,0,0,1.000000,1.000000,0.000000,0.000000,0.000000,0.000000,0.000000,0.000000,0.000000,0.000000,0.000000,0.000000,,,,95.891
C:\Users\josep\source\repos\AIOTED-digital\03_data_resize_all-use_for_training\0.0_main_dig2_20240314-192710.jpg,0,0,1.000000,1.000000,0.000000,0.000000,0.000000,0.000000,0.000000,0.000000,0.000000,0.000000,0.000000,0.000000,2,20240314-192710,zeros,70.000
C:\Users\josep\source\repos\AIOTED-digital\03_data_resize_all-use_for_training\0.0_main_dig3_20240315-131709.jpg,0,0,1.000000,1.000000,0.000000,0.000000,0.000000,0.000000,0.000000,0.000000,0.000000,0.000000,0.000000,0.000000,3,20240315-131709,zeros,120.050
C:\Users\josep\source\repos\AIOTED-digital\03_data_resize_all-use_for_training\0.0_main_dig6_20240316-101823.jpg,0,0,1.000000,1.000000,0.000000,0.000000,0.000000,0.000000,0.000000,0.000000,0.000000,0.000000,0.000000,0.000000,6,20240316-101823,zeros,154.050
C:\Users\josep\source\repos\AIOTED-digital\03_data_resize_all-use_for_training\0.jpg,0,0,0.999969,0.999969,0.000000,0.000000,0.000000,0.000000,0.000000,0.000000,0.000000,0.000000,0.000031,0.000000,,,,172.750
C:\Users\josep\source\repos\AIOTED-digital\03_data_resize_all-use_for_training\0_01.jpg,0,0,1.000000,1.000000,0.000000,0.000000,0.000000,0.000000,0.000000,0.000000,0.000000,0.000000,0.000000,0.000000,,,,104.077
C:\Users\josep\source\repos\AIOTED-digital\03_data_resize_all-use_for_training\0_02.jpg,0,0,1.000000,1.000000,0.000000,0.000000,0.000000,0.000000,0.000000,0.000000,0.000000,0.000000,0.000000,0.000000,,,,123.393
C:\Users\josep\source\repos\AIOTED-digital\03_data_resize_all-use_for_training\0_03.jpg,0,0,1.000000,1.000000,0.000000,0.000000,0.000000,0.000000,0.000000,0.000000,0.000000,0.000000,0.000000,0.000000,,,,108.993
C:\Users\josep\source\repos\AIOTED-digital\03_data_resize_all-use_for_training\0_033b792ddd777dd2aeb7c8c1c8b53a49.jpg,0,0,1.000000,1.000000,0.000000,0.000000,0.000000,0.000000,0.000000,0.000000,0.000000,0.000000,0.000000,0.000000,,,,53.799
C:\Users\josep\source\repos\AIOTED-digital\03_data_resize_all-use_for_training\0_03a64e4b24e11fe63f91e748eaa9e807.jpg,0,0,0.999911,0.999911,0.000000,0.000000,0.000000,0.000000,0.000000,0.000000,0.000088,0.000000,0.000000,0.000000,,,,73.055
C:\Users\josep\source\repos\AIOTED-digital\03_data_resize_all-use_for_training\0_074e5dc25aa6c6dceb7c5789d237c68f.jpg,0,0,1.000000,1.000000,0.000000,0.000000,0.000000,0.000000,0.000000,0.000000,0.000000,0.000000,0.000000,0.000000,,,,122.771
C:\Users\josep\source\repos\AIOTED-digital\03_data_resize_all-use_for_training\0_086b9ba5b936fcb1fbd80bb2742d2b04.jpg,0,0,1.000000,1.000000,0.000000,0.000000,0.000000,0.000000,0.000000,0.000000,0.000000,0.000000,0.000000,0.000000,,,,134.375
C:\Users\josep\source\repos\AIOTED-digital\03_data_resize_all-use_for_training\0_0_ROI2_20210604-120641a.jpg,0,0,1.000000,1.000000,0.000000,0.000000,0.000000,0.000000,0.000000,0.000000,0.000000,0.000000,0.000000,0.000000,,20210604-120641,,219.447
C:\Users\josep\source\repos\AIOTED-digital\03_data_resize_all-use_for_training\0_0_ROI3_20210528-145542.jpg,0,0,1.000000,1.000000,0.000000,0.000000,0.000000,0.000000,0.000000,0.000000,0.000000,0.000000,0.000000,0.000000,,20210528-145542,,220.162
C:\Users\josep\source\repos\AIOTED-digital\03_data_resize_all-use_for_training\0_0_dig2_20210730-182850.jpg,0,0,1.000000,1.000000,0.000000,0.000000,0.000000,0.000000,0.000000,0.000000,0.000000,0.000000,0.000000,0.000000,2,20210730-182850,kwh,142.754
C:\Users\josep\source\repos\AIOTED-digital\03_data_resize_all-use_for_training\0_0_dig6_20210629-081808.jpg,0,0,1.000000,1.000000,0.000000,0.000000,0.000000,0.000000,0.000000,0.000000,0.000000,0.000000,0.000000,0.000000,6,20210629-081808,kwh,126.976
C:\Users\josep\source\repos\AIOTED-digital\03_data_resize_all-use_for_training\0_0_dig6_20210629-202316.jpg,0,0,1.000000,1.000000,0.000000,0.000000,0.000000,0.000000,0.000000,0.000000,0.000000,0.000000,0.000000,0.000000,6,20210629-202316,zeros,124.393
C:\Users\josep\source\repos\AIOTED-digital\03_data_resize_all-use_for_training\0_0_digit1_20210322-100645.jpg,0,0,1.000000,1.000000,0.000000,0.000000,0.000000,0.000000,0.000000,0.000000,0.000000,0.000000,0.000000,0.000000,,20210322-100645,,148.327
C:\Users\josep\source\repos\AIOTED-digital\03_data_resize_all-use_for_training\0_0_digit1_20210422-092016.jpg,0,0,1.000000,1.000000,0.000000,0.000000,0.000000,0.000000,0.000000,0.000000,0.000000,0.000000,0.000000,0.000000,,20210422-092016,,166.168
C:\Users\josep\source\repos\AIOTED-digital\03_data_resize_all-use_for_training\0_0_digit3_20210406-111334.jpg,0,0,1.000000,1.000000,0.000000,0.000000,0.000000,0.000000,0.000000,0.000000,0.000000,0.000000,0.000000,0.000000,,20210406-111334,,165.148
C:\Users\josep\source\repos\AIOTED-digital\03_data_resize_all-use_for_training\0_0_ht1_20210625-172323.jpg,0,0,1.000000,1.000000,0.000000,0.000000,0.000000,0.000000,0.000000,0.000000,0.000000,0.000000,0.000000,0.000000,,20210625-172323,,98.430
C:\Users\josep\source\repos\AIOTED-digital\03_data_resize_all-use_for_training\0_0_ht1_20210626-090405.jpg,0,0,1.000000,1.000000,0.000000,0.000000,0.000000,0.000000,0.000000,0.000000,0.000000,0.000000,0.000000,0.000000,,20210626-090405,,97.568
C:\Users\josep\source\repos\AIOTED-digital\03_data_resize_all-use_for_training\0_0_ht1_20210628-223233.jpg,0,0,1.000000,1.000000,0.000000,0.000000,0.000000,0.000000,0.000000,0.000000,0.000000,0.000000,0.000000,0.000000,,20210628-223233,,131.986
C:\Users\josep\source\repos\AIOTED-digital\03_data_resize_all-use_for_training\0_0_ht5_20210626-111219.jpg,0,0,1.000000,1.000000,0.000000,0.000000,0.000000,0.000000,0.000000,0.000000,0.000000,0.000000,0.000000,0.000000,,20210626-111219,,101.051
C:\Users\josep\source\repos\AIOTED-digital\03_data_resize_all-use_for_training\0_0_ht5_20210629-195442.jpg,0,0,1.000000,1.000000,0.000000,0.000000,0.000000,0.000000,0.000000,0.000000,0.000000,0.000000,0.000000,0.000000,,20210629-195442,,106.147
C:\Users\josep\source\repos\AIOTED-digital\03_data_resize_all-use_for_training\0_0_nt1_20210625-212553.jpg,0,0,0.999995,0.999995,0.000000,0.000000,0.000000,0.000000,0.000000,0.000000,0.000000,0.000000,0.000005,0.000000,,20210625-212553,,51.061
C:\Users\josep\source\repos\AIOTED-digital\03_data_resize_all-use_for_training\0_0_nt1_20210626-041424.jpg,0,0,0.999997,0.999997,0.000000,0.000000,0.000000,0.000000,0.000000,0.000000,0.000000,0.000000,0.000003,0.000000,,20210626-041424,,51.924
C:\Users\josep\source\repos\AIOTED-digital\03_data_resize_all-use_for_training\0_0_nt1_20210626-090405.jpg,0,0,0.999997,0.999997,0.000000,0.000000,0.000000,0.000000,0.000000,0.000000,0.000000,0.000000,0.000003,0.000001,,20210626-090405,,44.468
C:\Users\josep\source\repos\AIOTED-digital\03_data_resize_all-use_for_training\0_0_nt1_20210629-104638.jpg,0,0,1.000000,1.000000,0.000000,0.000000,0.000000,0.000000,0.000000,0.000000,0.000000,0.000000,0.000000,0.000000,,20210629-104638,,71.166
C:\Users\josep\source\repos\AIOTED-digital\03_data_resize_all-use_for_training\0_0_nt5_20210628-001037.jpg,0,0,1.000000,1.000000,0.000000,0.000000,0.000000,0.000000,0.000000,0.000000,0.000000,0.000000,0.000000,0.000000,,20210628-001037,,80.421
C:\Users\josep\source\repos\AIOTED-digital\03_data_resize_all-use_for_training\0_1.jpg,0,0,1.000000,1.000000,0.000000,0.000000,0.000000,0.000000,0.000000,0.000000,0.000000,0.000000,0.000000,0.000000,,,,173.380
C:\Users\josep\source\repos\AIOTED-digital\03_data_resize_all-use_for_training\0_10_dig1_20210730-190247.jpg,0,0,0.999995,0.999995,0.000000,0.000000,0.000000,0.000000,0.000000,0.000000,0.000000,0.000004,0.000000,0.000000,1,20210730-190247,zeros,157.159
C:\Users\josep\source\repos\AIOTED-digital\03_data_resize_all-use_for_training\0_10_nt1_20210626-095934.jpg,0,0,0.999992,0.999992,0.000000,0.000000,0.000000,0.000000,0.000000,0.000000,0.000000,0.000000,0.000008,0.000000,,20210626-095934,,49.589
C:\Users\josep\source\repos\AIOTED-digital\03_data_resize_all-use_for_training\0_11fcbe15745867569ad14e4dae9ed383.jpg,0,0,1.000000,1.000000,0.000000,0.000000,0.000000,0.000000,0.000000,0.000000,0.000000,0.000000,0.000000,0.000000,,,,137.380
C:\Users\josep\source\repos\AIOTED-digital\03_data_resize_all-use_for_training\0_16128.jpg,0,0,1.000000,1.000000,0.000000,0.000000,0.000000,0.000000,0.000000,0.000000,0.000000,0.000000,0.000000,0.000000,,,,183.726
C:\Users\josep\source\repos\AIOTED-digital\03_data_resize_all-use_for_training\0_1619417105741-digit4.jpg,0,0,1.000000,1.000000,0.000000,0.000000,0.000000,0.000000,0.000000,0.000000,0.000000,0.000000,0.000000,0.000000,,,,82.226
C:\Users\josep\source\repos\AIOTED-digital\03_data_resize_all-use_for_training\0_16351.jpg,0,0,1.000000,1.000000,0.000000,0.000000,0.000000,0.000000,0.000000,0.000000,0.000000,0.000000,0.000000,0.000000,,,,173.425
C:\Users\josep\source\repos\AIOTED-digital\03_data_resize_all-use_for_training\0_1_20220211.jpg,0,0,1.000000,1.000000,0.000000,0.000000,0.000000,0.000000,0.000000,0.000000,0.000000,0.000000,0.000000,0.000000,,,,163.238
C:\Users\josep\source\repos\AIOTED-digital\03_data_resize_all-use_for_training\0_1_ht5_20210626-090405.jpg,0,0,1.000000,1.000000,0.000000,0.000000,0.000000,0.000000,0.000000,0.000000,0.000000,0.000000,0.000000,0.000000,,20210626-090405,,101.417
C:\Users\josep\source\repos\AIOTED-digital\03_data_resize_all-use_for_training\0_1f55da17bbac6b5fa2029212a4a5d3b6.jpg,0,0,0.999983,0.999983,0.000000,0.000000,0.000000,0.000000,0.000000,0.000000,0.000017,0.000000,0.000000,0.000000,,,,79.790
C:\Users\josep\source\repos\AIOTED-digital\03_data_resize_all-use_for_training\0_2.jpg,0,0,1.000000,1.000000,0.000000,0.000000,0.000000,0.000000,0.000000,0.000000,0.000000,0.000000,0.000000,0.000000,,,,185.700
C:\Users\josep\source\repos\AIOTED-digital\03_data_resize_all-use_for_training\0_20200814-015636_digit1.jpg,0,0,1.000000,1.000000,0.000000,0.000000,0.000000,0.000000,0.000000,0.000000,0.000000,0.000000,0.000000,0.000000,,20200814-015636,,167.845
C:\Users\josep\source\repos\AIOTED-digital\03_data_resize_all-use_for_training\0_20200815-051321_digit1.jpg,0,8,0.850528,0.149309,0.000000,0.000000,0.000000,0.000000,0.000000,0.000000,0.000000,0.850528,0.000163,0.000000,,20200815-051321,,153.401
C:\Users\josep\source\repos\AIOTED-digital\03_data_resize_all-use_for_training\0_20200910-050348_ROI5.jpg,0,0,0.999955,0.999955,0.000000,0.000000,0.000000,0.000000,0.000000,0.000000,0.000000,0.000000,0.000002,0.000043,,20200910-050348,,80.841
C:\Users\josep\source\repos\AIOTED-digital\03_data_resize_all-use_for_training\0_20201.jpg,0,0,1.000000,1.000000,0.000000,0.000000,0.000000,0.000000,0.000000,0.000000,0.000000,0.000000,0.000000,0.000000,,,,187.705
C:\Users\josep\source\repos\AIOTED-digital\03_data_resize_all-use_for_training\0_28c8f4db5763a97c8ba2ca8a35d84d2d.jpg,0,0,1.000000,1.000000,0.000000,0.000000,0.000000,0.000000,0.000000,0.000000,0.000000,0.000000,0.000000,0.000000,,,,149.476
C:\Users\josep\source\repos\AIOTED-digital\03_data_resize_all-use_for_training\0_2_20220211.jpg,0,0,1.000000,1.000000,0.000000,0.000000,0.000000,0.000000,0.000000,0.000000,0.000000,0.000000,0.000000,0.000000,,,,200.254
C:\Users\josep\source\repos\AIOTED-digital\03_data_resize_all-use_for_training\0_3af9b6b60b4525bb0f369fa34a0b4d4f.jpg,0,0,1.000000,1.000000,0.000000,0.000000,0.000000,0.000000,0.000000,0.000000,0.000000,0.000000,0.000000,0.000000,,,,116.059
C:\Users\josep\source\repos\AIOTED-digital\03_data_resize_all-use_for_training\0_40899f142792141da5f4c9a640e3aeea.jpg,0,0,0.999989,0.999989,0.000000,0.000000,0.000000,0.000000,0.000000,0.000000,0.000011,0.000000,0.000000,0.000000,,,,71.938
C:\Users\josep\source\repos\AIOTED-digital\03_data_resize_all-use_for_training\0_52311d21fb8744241b97ed9511663283.jpg,0,0,1.000000,1.000000,0.000000,0.000000,0.000000,0.000000,0.000000,0.000000,0.000000,0.000000,0.000000,0.000000,,,,149.424
C:\Users\josep\source\repos\AIOTED-digital\03_data_resize_all-use_for_training\0_5daefad8c37c60d01f7437b958caf0a7.jpg,0,0,1.000000,1.000000,0.000000,0.000000,0.000000,0.000000,0.000000,0.000000,0.000000,0.000000,0.000000,0.000000,,,,142.781
C:\Users\josep\source\repos\AIOTED-digital\03_data_resize_all-use_for_training\0_698b4a7e89a510a2fcdc42a501cbafc8.jpg,0,0,1.000000,1.000000,0.000000,0.000000,0.000000,0.000000,0.000000,0.000000,0.000000,0.000000,0.000000,0.000000,,,,132.874
C:\Users\josep\source\repos\AIOTED-digital\03_data_resize_all-use_for_training\0_8_nt5_20210626-094253.jpg,0,0,0.999999,0.999999,0.000000,0.000000,0.000000,0.000000,0.000000,0.000000,0.000000,0.000000,0.000001,0.000000,,20210626-094253,,71.816
C:\Users\josep\source\repos\AIOTED-digital\03_data_resize_all-use_for_training\0_9_ht1_20210704-105634.jpg,0,0,1.000000,1.000000,0.000000,0.000000,0.000000,0.000000,0.000000,0.000000,0.000000,0.000000,0.000000,0.000000,,20210704-105634,,132.293
C:\Users\josep\source\repos\AIOTED-digital\03_data_resize_all-use_for_training\0_Ziffer_0_0001.jpg,0,0,1.000000,1.000000,0.000000,0.000000,0.000000,0.000000,0.000000,0.000000,0.000000,0.000000,0.000000,0.000000,,,,133.339
C:\Users\josep\source\repos\AIOTED-digital\03_data_resize_all-use_for_training\0_Ziffer_0_0136.jpg,0,0,1.000000,1.000000,0.000000,0.000000,0.000000,0.000000,0.000000,0.000000,0.000000,0.000000,0.000000,0.000000,,,,142.655
C:\Users\josep\source\repos\AIOTED-digital\03_data_resize_all-use_for_training\0_a6ea4ab7ac49d249886dbe795ff0ee23.jpg,0,0,0.999971,0.999971,0.000000,0.000000,0.000000,0.000000,0.000000,0.000000,0.000029,0.000000,0.000000,0.000000,,,,70.820
C:\Users\josep\source\repos\AIOTED-digital\03_data_resize_all-use_for_training\0_arbitrary.jpg,0,0,0.999922,0.999922,0.000000,0.000000,0.000000,0.000000,0.000000,0.000000,0.000000,0.000078,0.000000,0.000000,,,,72.749
C:\Users\josep\source\repos\AIOTED-digital\03_data_resize_all-use_for_training\0_arbitrary_20220227.jpg,0,0,1.000000,1.000000,0.000000,0.000000,0.000000,0.000000,0.000000,0.000000,0.000000,0.000000,0.000000,0.000000,,,,134.471
C:\Users\josep\source\repos\AIOTED-digital\03_data_resize_all-use_for_training\0_b1.jpg,0,0,1.000000,1.000000,0.000000,0.000000,0.000000,0.000000,0.000000,0.000000,0.000000,0.000000,0.000000,0.000000,,,,134.092
C:\Users\josep\source\repos\AIOTED-digital\03_data_resize_all-use_for_training\0_c1.jpg,0,0,1.000000,1.000000,0.000000,0.000000,0.000000,0.000000,0.000000,0.000000,0.000000,0.000000,0.000000,0.000000,,,,201.288
C:\Users\josep\source\repos\AIOTED-digital\03_data_resize_all-use_for_training\0_c11160cabee7c988b3221047a955804e.jpg,0,0,1.000000,1.000000,0.000000,0.000000,0.000000,0.000000,0.000000,0.000000,0.000000,0.000000,0.000000,0.000000,,,,46.770
C:\Users\josep\source\repos\AIOTED-digital\03_data_resize_all-use_for_training\0_cislo2_20220314-162342.jpg,0,0,1.000000,1.000000,0.000000,0.000000,0.000000,0.000000,0.000000,0.000000,0.000000,0.000000,0.000000,0.000000,,20220314-162342,,153.118
C:\Users\josep\source\repos\AIOTED-digital\03_data_resize_all-use_for_training\0_de05833b26f6d8be01ba598cd690d2db.jpg,0,0,1.000000,1.000000,0.000000,0.000000,0.000000,0.000000,0.000000,0.000000,0.000000,0.000000,0.000000,0.000000,,,,49.068
C:\Users\josep\source\repos\AIOTED-digital\03_data_resize_all-use_for_training\0_dig1_20210910-180136.jpg,0,0,1.000000,1.000000,0.000000,0.000000,0.000000,0.000000,0.000000,0.000000,0.000000,0.000000,0.000000,0.000000,1,20210910-180136,zeros,157.583
C:\Users\josep\source\repos\AIOTED-digital\03_data_resize_all-use_for_training\0_dig1_20220109-120240.jpg,0,0,1.000000,1.000000,0.000000,0.000000,0.000000,0.000000,0.000000,0.000000,0.000000,0.000000,0.000000,0.000000,1,20220109-120240,kwh,117.594
C:\Users\josep\source\repos\AIOTED-digital\03_data_resize_all-use_for_training\0_dig1_20220204-200402.jpg,0,0,1.000000,1.000000,0.000000,0.000000,0.000000,0.000000,0.000000,0.000000,0.000000,0.000000,0.000000,0.000000,1,20220204-200402,zeros,173.014
C:\Users\josep\source\repos\AIOTED-digital\03_data_resize_all-use_for_training\0_dig1_20220419-110024.jpg,0,0,1.000000,1.000000,0.000000,0.000000,0.000000,0.000000,0.000000,0.000000,0.000000,0.000000,0.000000,0.000000,1,20220419-110024,kwh,168.294
C:\Users\josep\source\repos\AIOTED-digital\03_data_resize_all-use_for_training\0_dig1_20220627-184801.jpg,0,0,1.000000,1.000000,0.000000,0.000000,0.000000,0.000000,0.000000,0.000000,0.000000,0.000000,0.000000,0.000000,1,20220627-184801,kwh,100.115
C:\Users\josep\source\repos\AIOTED-digital\03_data_resize_all-use_for_training\0_dig2_19700109-022244.jpg,0,0,1.000000,1.000000,0.000000,0.000000,0.000000,0.000000,0.000000,0.000000,0.000000,0.000000,0.000000,0.000000,2,19700109-022244,zeros,106.756
C:\Users\josep\source\repos\AIOTED-digital\03_data_resize_all-use_for_training\0_dig2_20220419-110024.jpg,0,0,1.000000,1.000000,0.000000,0.000000,0.000000,0.000000,0.000000,0.000000,0.000000,0.000000,0.000000,0.000000,2,20220419-110024,kwh,199.131
C:\Users\josep\source\repos\AIOTED-digital\03_data_resize_all-use_for_training\0_dig2_20220629-080655.jpg,0,0,1.000000,1.000000,0.000000,0.000000,0.000000,0.000000,0.000000,0.000000,0.000000,0.000000,0.000000,0.000000,2,20220629-080655,zeros,106.109
C:\Users\josep\source\repos\AIOTED-digital\03_data_resize_all-use_for_training\0_dig3_20220629-001531.jpg,0,0,1.000000,1.000000,0.000000,0.000000,0.000000,0.000000,0.000000,0.000000,0.000000,0.000000,0.000000,0.000000,3,20220629-001531,zeros,76.757
C:\Users\josep\source\repos\AIOTED-digital\03_data_resize_all-use_for_training\0_dig5_20220627-184801.jpg,0,0,1.000000,1.000000,0.000000,0.000000,0.000000,0.000000,0.000000,0.000000,0.000000,0.000000,0.000000,0.000000,5,20220627-184801,kwh,157.184
C:\Users\josep\source\repos\AIOTED-digital\03_data_resize_all-use_for_training\0_dig6_20220109-075028.jpg,0,0,1.000000,1.000000,0.000000,0.000000,0.000000,0.000000,0.000000,0.000000,0.000000,0.000000,0.000000,0.000000,6,20220109-075028,zeros,136.983
C:\Users\josep\source\repos\AIOTED-digital\03_data_resize_all-use_for_training\0_dig6_20220109-102540.jpg,0,0,0.999967,0.999967,0.000000,0.000000,0.000000,0.000000,0.000000,0.000000,0.000000,0.000033,0.000000,0.000000,6,20220109-102540,zeros,131.207
C:\Users\josep\source\repos\AIOTED-digital\03_data_resize_all-use_for_training\0_dig7_20220205-102718.jpg,0,0,1.000000,1.000000,0.000000,0.000000,0.000000,0.000000,0.000000,0.000000,0.000000,0.000000,0.000000,0.000000,7,20220205-102718,kwh,137.220
C:\Users\josep\source\repos\AIOTED-digital\03_data_resize_all-use_for_training\0_dig8_20220109-102540.jpg,0,0,1.000000,1.000000,0.000000,0.000000,0.000000,0.000000,0.000000,0.000000,0.000000,0.000000,0.000000,0.000000,8,20220109-102540,zeros,127.929
C:\Users\josep\source\repos\AIOTED-digital\03_data_resize_all-use_for_training\0_dig8_20220205-123324.jpg,0,0,1.000000,1.000000,0.000000,0.000000,0.000000,0.000000,0.000000,0.000000,0.000000,0.000000,0.000000,0.000000,8,20220205-123324,zeros,116.289
C:\Users\josep\source\repos\AIOTED-digital\03_data_resize_all-use_for_training\0_dig9_20220627-184801.jpg,0,0,1.000000,1.000000,0.000000,0.000000,0.000000,0.000000,0.000000,0.000000,0.000000,0.000000,0.000000,0.000000,9,20220627-184801,kwh,146.890
C:\Users\josep\source\repos\AIOTED-digital\03_data_resize_all-use_for_training\0_digit2_2020-04-17_13-09-30.jpg,0,0,1.000000,1.000000,0.000000,0.000000,0.000000,0.000000,0.000000,0.000000,0.000000,0.000000,0.000000,0.000000,,,,155.687
C:\Users\josep\source\repos\AIOTED-digital\03_data_resize_all-use_for_training\0_digit6_20210808-205544.jpg,0,0,1.000000,1.000000,0.000000,0.000000,0.000000,0.000000,0.000000,0.000000,0.000000,0.000000,0.000000,0.000000,,20210808-205544,,90.084
C:\Users\josep\source\repos\AIOTED-digital\03_data_resize_all-use_for_training\0_litre3_20220312-060001.jpg,0,0,0.999997,0.999997,0.000000,0.000000,0.000000,0.000000,0.000000,0.000000,0.000000,0.000003,0.000000,0.000000,,20220312-060001,,116.159
C:\Users\josep\source\repos\AIOTED-digital\03_data_resize_all-use_for_training\0_red1_19700109-011940.jpg,0,0,1.000000,1.000000,0.000000,0.000000,0.000000,0.000000,0.000000,0.000000,0.000000,0.000000,0.000000,0.000000,,19700109-011940,,98.090
C:\Users\josep\source\repos\AIOTED-digital\03_data_resize_all-use_for_training\0_waerme_2_20221030-082508.jpg,0,0,1.000000,1.000000,0.000000,0.000000,0.000000,0.000000,0.000000,0.000000,0.000000,0.000000,0.000000,0.000000,,20221030-082508,,38.978
C:\Users\josep\source\repos\AIOTED-digital\03_data_resize_all-use_for_training\0_waerme_2_20221103-072550.jpg,0,0,1.000000,1.000000,0.000000,0.000000,0.000000,0.000000,0.000000,0.000000,0.000000,0.000000,0.000000,0.000000,,20221103-072550,,45.554
C:\Users\josep\source\repos\AIOTED-digital\03_data_resize_all-use_for_training\0_warmwasser_44_20221030-061008.jpg,0,0,1.000000,1.000000,0.000000,0.000000,0.000000,0.000000,0.000000,0.000000,0.000000,0.000000,0.000000,0.000000,,20221030-061008,,49.933
C:\Users\josep\source\repos\AIOTED-digital\03_data_resize_all-use_for_training\0_warmwasser_44_20221030-061508.jpg,0,0,1.000000,1.000000,0.000000,0.000000,0.000000,0.000000,0.000000,0.000000,0.000000,0.000000,0.000000,0.000000,,20221030-061508,,41.733
C:\Users\josep\source\repos\AIOTED-digital\03_data_resize_all-use_for_training\0_warmwasser_66_20221103-200049.jpg,0,0,1.000000,1.000000,0.000000,0.000000,0.000000,0.000000,0.000000,0.000000,0.000000,0.000000,0.000000,0.000000,,20221103-200049,,81.067
C:\Users\josep\source\repos\AIOTED-digital\03_data_resize_all-use_for_training\0_warmwasser_66_20221103-200548.jpg,0,0,1.000000,1.000000,0.000000,0.000000,0.000000,0.000000,0.000000,0.000000,0.000000,0.000000,0.000000,0.000000,,20221103-200548,,87.985
C:\Users\josep\source\repos\AIOTED-digital\03_data_resize_all-use_for_training\0_wassertemperatur_dec2_20221120-134024.jpg,0,0,1.000000,1.000000,0.000000,0.000000,0.000000,0.000000,0.000000,0.000000,0.000000,0.000000,0.000000,0.000000,,20221120-134024,,113.112
C:\Users\josep\source\repos\AIOTED-digital\03_data_resize_all-use_for_training\0_ziffer1_2020-02-10_10-53-44 - Kopie.jpg,0,0,1.000000,1.000000,0.000000,0.000000,0.000000,0.000000,0.000000,0.000000,0.000000,0.000000,0.000000,0.000000,,,,151.960
C:\Users\josep\source\repos\AIOTED-digital\03_data_resize_all-use_for_training\0_ziffer1_2020-02-11_14-51-25 - Kopie.jpg,0,0,1.000000,1.000000,0.000000,0.000000,0.000000,0.000000,0.000000,0.000000,0.000000,0.000000,0.000000,0.000000,,,,156.373
C:\Users\josep\source\repos\AIOTED-digital\03_data_resize_all-use_for_training\0_ziffer1_2020-02-11_15-56-25 - Kopie.jpg,0,0,1.000000,1.000000,0.000000,0.000000,0.000000,0.000000,0.000000,0.000000,0.000000,0.000000,0.000000,0.000000,,,,129.654
C:\Users\josep\source\repos\AIOTED-digital\03_data_resize_all-use_for_training\0_ziffer1_2020-04-13_14-52-39.jpg,0,0,1.000000,1.000000,0.000000,0.000000,0.000000,0.000000,0.000000,0.000000,0.000000,0.000000,0.000000,0.000000,,,,191.238
C:\Users\josep\source\repos\AIOTED-digital\03_data_resize_all-use_for_training\0_ziffer2_2020-02-09_18-29-21 - Kopie.jpg,0,0,1.000000,1.000000,0.000000,0.000000,0.000000,0.000000,0.000000,0.000000,0.000000,0.000000,0.000000,0.000000,,,,122.306
C:\Users\josep\source\repos\AIOTED-digital\03_data_resize_all-use_for_training\0_ziffer2_2020-02-11_17-16-20 - Kopie.jpg,0,0,1.000000,1.000000,0.000000,0.000000,0.000000,0.000000,0.000000,0.000000,0.000000,0.000000,0.000000,0.000000,,,,128.526
C:\Users\josep\source\repos\AIOTED-digital\03_data_resize_all-use_for_training\0_ziffer4_2020-02-11_15-31-20.jpg,0,0,1.000000,1.000000,0.000000,0.000000,0.000000,0.000000,0.000000,0.000000,0.000000,0.000000,0.000000,0.000000,,,,122.852
C:\Users\josep\source\repos\AIOTED-digital\03_data_resize_all-use_for_training\1 - 1_6_20211231-092401.jpg,1,1,1.000000,0.000000,1.000000,0.000000,0.000000,0.000000,0.000000,0.000000,0.000000,0.000000,0.000000,0.000000,,20211231-092401,,62.819
C:\Users\josep\source\repos\AIOTED-digital\03_data_resize_all-use_for_training\1 -1_4_20211231-092401.jpg,1,1,1.000000,0.000000,1.000000,0.000000,0.000000,0.000000,0.000000,0.000000,0.000000,0.000000,0.000000,0.000000,,20211231-092401,,66.247
C:\Users\josep\source\repos\AIOTED-digital\03_data_resize_all-use_for_training\1 -1_5_20211231-100402.jpg,1,1,0.999726,0.000000,0.999726,0.000000,0.000000,0.000000,0.000000,0.000000,0.000011,0.000000,0.000000,0.000263,,20211231-100402,,71.126
C:\Users\josep\source\repos\AIOTED-digital\03_data_resize_all-use_for_training\1-1.jpg,1,1,1.000000,0.000000,1.000000,0.000000,0.000000,0.000000,0.000000,0.000000,0.000000,0.000000,0.000000,0.000000,,,,115.275
C:\Users\josep\source\repos\AIOTED-digital\03_data_resize_all-use_for_training\1.0_bdd00c3dc3c29b2124b8b837afef20d9.jpg,1,7,0.999949,0.000000,0.000051,0.000000,0.000000,0.000000,0.000000,0.000000,0.999949,0.000000,0.000000,0.000000,,,,124.129
C:\Users\josep\source\repos\AIOTED-digital\03_data_resize_all-use_for_training\1.0_dig1_20211012-012538.jpg,1,1,1.000000,0.000000,1.000000,0.000000,0.000000,0.000000,0.000000,0.000000,0.000000,0.000000,0.000000,0.000000,1,20211012-012538,kwh,142.879
C:\Users\josep\source\repos\AIOTED-digital\03_data_resize_all-use_for_training\1.0_dig3_20211011-141456.jpg,1,1,1.000000,0.000000,1.000000,0.000000,0.000000,0.000000,0.000000,0.000000,0.000000,0.000000,0.000000,0.000000,3,20211011-141456,kwh,183.431
C:\Users\josep\source\repos\AIOTED-digital\03_data_resize_all-use_for_training\1.0_dig3_20211012-050842.jpg,1,1,1.000000,0.000000,1.000000,0.000000,0.000000,0.000000,0.000000,0.000000,0.000000,0.000000,0.000000,0.000000,3,20211012-050842,kwh,156.138
C:\Users\josep\source\repos\AIOTED-digital\03_data_resize_all-use_for_training\1.0_dig5_20210926-223759.jpg,1,1,1.000000,0.000000,1.000000,0.000000,0.000000,0.000000,0.000000,0.000000,0.000000,0.000000,0.000000,0.000000,5,20210926-223759,kwh,125.260
C:\Users\josep\source\repos\AIOTED-digital\03_data_resize_all-use_for_training\1.0_lcd.jpg,1,1,1.000000,0.000000,1.000000,0.000000,0.000000,0.000000,0.000000,0.000000,0.000000,0.000000,0.000000,0.000000,,,,73.418
C:\Users\josep\source\repos\AIOTED-digital\03_data_resize_all-use_for_training\1.0_main_dig2_20240316-070023.jpg,1,1,1.000000,0.000000,1.000000,0.000000,0.000000,0.000000,0.000000,0.000000,0.000000,0.000000,0.000000,0.000000,2,20240316-070023,kwh,65.050
C:\Users\josep\source\repos\AIOTED-digital\03_data_resize_all-use_for_training\1.jpg,1,1,0.999974,0.000000,0.999974,0.000000,0.000000,0.000026,0.000000,0.000000,0.000000,0.000000,0.000000,0.000000,,,,169.743
C:\Users\josep\source\repos\AIOTED-digital\03_data_resize_all-use_for_training\1_01.jpg,1,1,1.000000,0.000000,1.000000,0.000000,0.000000,0.000000,0.000000,0.000000,0.000000,0.000000,0.000000,0.000000,,,,100.588
C:\Users\josep\source\repos\AIOTED-digital\03_data_resize_all-use_for_training\1_014c91ea21137efe50d44fd54b9b3b6b.jpg,1,1,1.000000,0.000000,1.000000,0.000000,0.000000,0.000000,0.000000,0.000000,0.000000,0.000000,0.000000,0.000000,,,,134.490
C:\Users\josep\source\repos\AIOTED-digital\03_data_resize_all-use_for_training\1_02.jpg,1,1,1.000000,0.000000,1.000000,0.000000,0.000000,0.000000,0.000000,0.000000,0.000000,0.000000,0.000000,0.000000,,,,94.881
C:\Users\josep\source\repos\AIOTED-digital\03_data_resize_all-use_for_training\1_03.jpg,1,1,1.000000,0.000000,1.000000,0.000000,0.000000,0.000000,0.000000,0.000000,0.000000,0.000000,0.000000,0.000000,,,,96.057
C:\Users\josep\source\repos\AIOTED-digital\03_data_resize_all-use_for_training\1_06c4d648df4260488a6c645b9027a912.jpg,1,1,0.999993,0.000000,0.999993,0.000000,0.000000,0.000000,0.000000,0.000000,0.000007,0.000000,0.000000,0.000000,,,,67.219
C:\Users\josep\source\repos\AIOTED-digital\03_data_resize_all-use_for_training\1_0_ht2_20210628-220327.jpg,1,1,1.000000,0.000000,1.000000,0.000000,0.000000,0.000000,0.000000,0.000000,0.000000,0.000000,0.000000,0.000000,,20210628-220327,,134.102
C:\Users\josep\source\repos\AIOTED-digital\03_data_resize_all-use_for_training\1_0_ht2_20210704-074629.jpg,1,1,1.000000,0.000000,1.000000,0.000000,0.000000,0.000000,0.000000,0.000000,0.000000,0.000000,0.000000,0.000000,,20210704-074629,,125.093
C:\Users\josep\source\repos\AIOTED-digital\03_data_resize_all-use_for_training\1_0_nt2_20210627-212552.jpg,1,1,1.000000,0.000000,1.000000,0.000000,0.000000,0.000000,0.000000,0.000000,0.000000,0.000000,0.000000,0.000000,,20210627-212552,,68.216
C:\Users\josep\source\repos\AIOTED-digital\03_data_resize_all-use_for_training\1_1.jpg,1,1,1.000000,0.000000,1.000000,0.000000,0.000000,0.000000,0.000000,0.000000,0.000000,0.000000,0.000000,0.000000,,,,180.812
C:\Users\josep\source\repos\AIOTED-digital\03_data_resize_all-use_for_training\1_10_digit1_20210308-195955.jpg,1,1,1.000000,0.000000,1.000000,0.000000,0.000000,0.000000,0.000000,0.000000,0.000000,0.000000,0.000000,0.000000,,20210308-195955,,79.956
C:\Users\josep\source\repos\AIOTED-digital\03_data_resize_all-use_for_training\1_10_digit2_20210218-115746.jpg,1,1,1.000000,0.000000,1.000000,0.000000,0.000000,0.000000,0.000000,0.000000,0.000000,0.000000,0.000000,0.000000,,20210218-115746,,84.845
C:\Users\josep\source\repos\AIOTED-digital\03_data_resize_all-use_for_training\1_10_digit3_20210725-074728.jpg,1,1,0.999999,0.000000,0.999999,0.000000,0.000000,0.000000,0.000000,0.000000,0.000000,0.000000,0.000000,0.000001,,20210725-074728,,100.800
C:\Users\josep\source\repos\AIOTED-digital\03_data_resize_all-use_for_training\1_1619417105678-digit1.jpg,1,1,1.000000,0.000000,1.000000,0.000000,0.000000,0.000000,0.000000,0.000000,0.000000,0.000000,0.000000,0.000000,,,,69.013
C:\Users\josep\source\repos\AIOTED-digital\03_data_resize_all-use_for_training\1_1676ca7d8ae06a4a7981b5c60bab4545.jpg,1,1,1.000000,0.000000,1.000000,0.000000,0.000000,0.000000,0.000000,0.000000,0.000000,0.000000,0.000000,0.000000,,,,73.518
C:\Users\josep\source\repos\AIOTED-digital\03_data_resize_all-use_for_training\1_1_2.jpg,1,1,1.000000,0.000000,1.000000,0.000000,0.000000,0.000000,0.000000,0.000000,0.000000,0.000000,0.000000,0.000000,,,,194.497
C:\Users\josep\source\repos\AIOTED-digital\03_data_resize_all-use_for_training\1_1_ROI2_20210528-145542.jpg,1,1,1.000000,0.000000,1.000000,0.000000,0.000000,0.000000,0.000000,0.000000,0.000000,0.000000,0.000000,0.000000,,20210528-145542,,221.311
C:\Users\josep\source\repos\AIOTED-digital\03_data_resize_all-use_for_training\1_1_ROI2_20210605-143306.jpg,1,1,1.000000,0.000000,1.000000,0.000000,0.000000,0.000000,0.000000,0.000000,0.000000,0.000000,0.000000,0.000000,,20210605-143306,,221.911
C:\Users\josep\source\repos\AIOTED-digital\03_data_resize_all-use_for_training\1_1_ROI5_20210309-071039.jpg,1,1,1.000000,0.000000,1.000000,0.000000,0.000000,0.000000,0.000000,0.000000,0.000000,0.000000,0.000000,0.000000,,20210309-071039,,100.375
C:\Users\josep\source\repos\AIOTED-digital\03_data_resize_all-use_for_training\1_1_ROI6_20210222-154701.jpg,1,1,1.000000,0.000000,1.000000,0.000000,0.000000,0.000000,0.000000,0.000000,0.000000,0.000000,0.000000,0.000000,,20210222-154701,,112.158
C:\Users\josep\source\repos\AIOTED-digital\03_data_resize_all-use_for_training\1_1_a.jpg,1,1,1.000000,0.000000,1.000000,0.000000,0.000000,0.000000,0.000000,0.000000,0.000000,0.000000,0.000000,0.000000,,,,212.889
C:\Users\josep\source\repos\AIOTED-digital\03_data_resize_all-use_for_training\1_1_black.jpg,1,1,1.000000,0.000000,1.000000,0.000000,0.000000,0.000000,0.000000,0.000000,0.000000,0.000000,0.000000,0.000000,,,,151.608
C:\Users\josep\source\repos\AIOTED-digital\03_data_resize_all-use_for_training\1_1_dig3_20210730-182850.jpg,1,1,1.000000,0.000000,1.000000,0.000000,0.000000,0.000000,0.000000,0.000000,0.000000,0.000000,0.000000,0.000000,3,20210730-182850,kwh,148.153
C:\Users\josep\source\repos\AIOTED-digital\03_data_resize_all-use_for_training\1_1_dig5_20210629-111209.jpg,1,1,1.000000,0.000000,1.000000,0.000000,0.000000,0.000000,0.000000,0.000000,0.000000,0.000000,0.000000,0.000000,5,20210629-111209,kwh,144.223
C:\Users\josep\source\repos\AIOTED-digital\03_data_resize_all-use_for_training\1_1_dig6_20210629-103008.jpg,1,1,1.000000,0.000000,1.000000,0.000000,0.000000,0.000000,0.000000,0.000000,0.000000,0.000000,0.000000,0.000000,6,20210629-103008,kwh,130.207
C:\Users\josep\source\repos\AIOTED-digital\03_data_resize_all-use_for_training\1_1_digit1_20210309-090039.jpg,1,1,1.000000,0.000000,1.000000,0.000000,0.000000,0.000000,0.000000,0.000000,0.000000,0.000000,0.000000,0.000000,,20210309-090039,,91.997
C:\Users\josep\source\repos\AIOTED-digital\03_data_resize_all-use_for_training\1_1_digit3_20210308-193455.jpg,1,1,1.000000,0.000000,1.000000,0.000000,0.000000,0.000000,0.000000,0.000000,0.000000,0.000000,0.000000,0.000000,,20210308-193455,,96.118
C:\Users\josep\source\repos\AIOTED-digital\03_data_resize_all-use_for_training\1_1_digit4_20210221-155227.jpg,1,1,1.000000,0.000000,1.000000,0.000000,0.000000,0.000000,0.000000,0.000000,0.000000,0.000000,0.000000,0.000000,,20210221-155227,,85.653
C:\Users\josep\source\repos\AIOTED-digital\03_data_resize_all-use_for_training\1_1_digit4_20210413-001553.jpg,1,1,1.000000,0.000000,1.000000,0.000000,0.000000,0.000000,0.000000,0.000000,0.000000,0.000000,0.000000,0.000000,,20210413-001553,,158.957
C:\Users\josep\source\repos\AIOTED-digital\03_data_resize_all-use_for_training\1_1_digit6_20210412-203053.jpg,1,1,1.000000,0.000000,1.000000,0.000000,0.000000,0.000000,0.000000,0.000000,0.000000,0.000000,0.000000,0.000000,,20210412-203053,,145.013
C:\Users\josep\source\repos\AIOTED-digital\03_data_resize_all-use_for_training\1_1_digit6_20210504-175516.jpg,1,1,1.000000,0.000000,1.000000,0.000000,0.000000,0.000000,0.000000,0.000000,0.000000,0.000000,0.000000,0.000000,,20210504-175516,,139.708
C:\Users\josep\source\repos\AIOTED-digital\03_data_resize_all-use_for_training\1_1_ht2_20210629-204437.jpg,1,1,1.000000,0.000000,1.000000,0.000000,0.000000,0.000000,0.000000,0.000000,0.000000,0.000000,0.000000,0.000000,,20210629-204437,,137.932
C:\Users\josep\source\repos\AIOTED-digital\03_data_resize_all-use_for_training\1_1_ht7_20210626-120540.jpg,1,1,1.000000,0.000000,1.000000,0.000000,0.000000,0.000000,0.000000,0.000000,0.000000,0.000000,0.000000,0.000000,,20210626-120540,,79.327
C:\Users\josep\source\repos\AIOTED-digital\03_data_resize_all-use_for_training\1_1_nt2_20210625-194402.jpg,1,1,1.000000,0.000000,1.000000,0.000000,0.000000,0.000000,0.000000,0.000000,0.000000,0.000000,0.000000,0.000000,,20210625-194402,,56.602
C:\Users\josep\source\repos\AIOTED-digital\03_data_resize_all-use_for_training\1_1_nt2_20210629-202138.jpg,1,1,1.000000,0.000000,1.000000,0.000000,0.000000,0.000000,0.000000,0.000000,0.000000,0.000000,0.000000,0.000000,,20210629-202138,,76.407
C:\Users\josep\source\repos\AIOTED-digital\03_data_resize_all-use_for_training\1_1_nt4_20210625-200817.jpg,1,1,1.000000,0.000000,1.000000,0.000000,0.000000,0.000000,0.000000,0.000000,0.000000,0.000000,0.000000,0.000000,,20210625-200817,,76.059
C:\Users\josep\source\repos\AIOTED-digital\03_data_resize_all-use_for_training\1_1_nt4_20210626-012930.jpg,1,1,1.000000,0.000000,1.000000,0.000000,0.000000,0.000000,0.000000,0.000000,0.000000,0.000000,0.000000,0.000000,,20210626-012930,,77.163
C:\Users\josep\source\repos\AIOTED-digital\03_data_resize_all-use_for_training\1_1_nt4_20210626-093802.jpg,1,1,1.000000,0.000000,1.000000,0.000000,0.000000,0.000000,0.000000,0.000000,0.000000,0.000000,0.000000,0.000000,,20210626-093802,,75.283
C:\Users\josep\source\repos\AIOTED-digital\03_data_resize_all-use_for_training\1_1_red.jpg,1,1,1.000000,0.000000,1.000000,0.000000,0.000000,0.000000,0.000000,0.000000,0.000000,0.000000,0.000000,0.000000,,,,186.013
C:\Users\josep\source\repos\AIOTED-digital\03_data_resize_all-use_for_training\1_1b.jpg,1,1,1.000000,0.000000,1.000000,0.000000,0.000000,0.000000,0.000000,0.000000,0.000000,0.000000,0.000000,0.000000,,,,133.493
C:\Users\josep\source\repos\AIOTED-digital\03_data_resize_all-use_for_training\1_2.jpg,1,1,1.000000,0.000000,1.000000,0.000000,0.000000,0.000000,0.000000,0.000000,0.000000,0.000000,0.000000,0.000000,,,,102.195
C:\Users\josep\source\repos\AIOTED-digital\03_data_resize_all-use_for_training\1_20200812-215522_digit2.jpg,1,1,1.000000,0.000000,1.000000,0.000000,0.000000,0.000000,0.000000,0.000000,0.000000,0.000000,0.000000,0.000000,,20200812-215522,,165.192
C:\Users\josep\source\repos\AIOTED-digital\03_data_resize_all-use_for_training\1_20200821-083234_digit5.jpg,1,1,1.000000,0.000000,1.000000,0.000000,0.000000,0.000000,0.000000,0.000000,0.000000,0.000000,0.000000,0.000000,,20200821-083234,,189.971
C:\Users\josep\source\repos\AIOTED-digital\03_data_resize_all-use_for_training\1_20200822-102208_digit2.jpg,1,1,1.000000,0.000000,1.000000,0.000000,0.000000,0.000000,0.000000,0.000000,0.000000,0.000000,0.000000,0.000000,,20200822-102208,,158.710
C:\Users\josep\source\repos\AIOTED-digital\03_data_resize_all-use_for_training\1_25369.jpg,1,1,1.000000,0.000000,1.000000,0.000000,0.000000,0.000000,0.000000,0.000000,0.000000,0.000000,0.000000,0.000000,,,,202.722
C:\Users\josep\source\repos\AIOTED-digital\03_data_resize_all-use_for_training\1_2552.jpg,1,1,1.000000,0.000000,1.000000,0.000000,0.000000,0.000000,0.000000,0.000000,0.000000,0.000000,0.000000,0.000000,,,,189.073
C:\Users\josep\source\repos\AIOTED-digital\03_data_resize_all-use_for_training\1_2a3b4946c2e82b9cca9cf73e3eff675b.jpg,1,1,0.999996,0.000000,0.999996,0.000000,0.000000,0.000000,0.000000,0.000000,0.000004,0.000000,0.000000,0.000000,,,,86.810
C:\Users\josep\source\repos\AIOTED-digital\03_data_resize_all-use_for_training\1_3.jpg,1,1,1.000000,0.000000,1.000000,0.000000,0.000000,0.000000,0.000000,0.000000,0.000000,0.000000,0.000000,0.000000,,,,124.126
C:\Users\josep\source\repos\AIOTED-digital\03_data_resize_all-use_for_training\1_3_dig5_20210715-154755.jpg,1,1,1.000000,0.000000,1.000000,0.000000,0.000000,0.000000,0.000000,0.000000,0.000000,0.000000,0.000000,0.000000,5,20210715-154755,kwh,76.135
C:\Users\josep\source\repos\AIOTED-digital\03_data_resize_all-use_for_training\1_4_ROI4_20210320-015308.jpg,1,1,1.000000,0.000000,1.000000,0.000000,0.000000,0.000000,0.000000,0.000000,0.000000,0.000000,0.000000,0.000000,,20210320-015308,,83.080
C:\Users\josep\source\repos\AIOTED-digital\03_data_resize_all-use_for_training\1_4_ht5_20210704-184837.jpg,1,1,1.000000,0.000000,1.000000,0.000000,0.000000,0.000000,0.000000,0.000000,0.000000,0.000000,0.000000,0.000000,,20210704-184837,,118.181
C:\Users\josep\source\repos\AIOTED-digital\03_data_resize_all-use_for_training\1_5ebe7f4b3a6aadcfc983875607c668c9.jpg,1,1,0.999969,0.000000,0.999969,0.000000,0.000000,0.000008,0.000000,0.000000,0.000000,0.000000,0.000000,0.000024,,,,63.332
C:\Users\josep\source\repos\AIOTED-digital\03_data_resize_all-use_for_training\1_6_digit1_20210218-112349.jpg,1,1,1.000000,0.000000,1.000000,0.000000,0.000000,0.000000,0.000000,0.000000,0.000000,0.000000,0.000000,0.000000,,20210218-112349,,98.976
C:\Users\josep\source\repos\AIOTED-digital\03_data_resize_all-use_for_training\1_728c6b1f40234ddc993177c0174efe63.jpg,1,1,1.000000,0.000000,1.000000,0.000000,0.000000,0.000000,0.000000,0.000000,0.000000,0.000000,0.000000,0.000000,,,,135.265
C:\Users\josep\source\repos\AIOTED-digital\03_data_resize_all-use_for_training\1_749.jpg,1,1,1.000000,0.000000,1.000000,0.000000,0.000000,0.000000,0.000000,0.000000,0.000000,0.000000,0.000000,0.000000,,,,189.879
C:\Users\josep\source\repos\AIOTED-digital\03_data_resize_all-use_for_training\1_76d66170c7963795caeaa1781ea3ad43.jpg,1,1,1.000000,0.000000,1.000000,0.000000,0.000000,0.000000,0.000000,0.000000,0.000000,0.000000,0.000000,0.000000,,,,77.786
C:\Users\josep\source\repos\AIOTED-digital\03_data_resize_all-use_for_training\1_8354691d926fc8f998bd147710ebb220.jpg,1,1,0.999987,0.000000,0.999987,0.000000,0.000000,0.000000,0.000000,0.000000,0.000013,0.000000,0.000000,0.000000,,,,121.220
C:\Users\josep\source\repos\AIOTED-digital\03_data_resize_all-use_for_training\1_8_ht2_20210625-211611.jpg,1,1,1.000000,0.000000,1.000000,0.000000,0.000000,0.000000,0.000000,0.000000,0.000000,0.000000,0.000000,0.000000,,20210625-211611,,104.173
C:\Users\josep\source\repos\AIOTED-digital\03_data_resize_all-use_for_training\1_D5_2020-08-16_02-14-25.jpg,1,1,0.999963,0.000000,0.999963,0.000000,0.000000,0.000000,0.000000,0.000000,0.000037,0.000000,0.000000,0.000000,,,,82.587
C:\Users\josep\source\repos\AIOTED-digital\03_data_resize_all-use_for_training\1_Ziffer_1_0050.jpg,1,1,1.000000,0.000000,1.000000,0.000000,0.000000,0.000000,0.000000,0.000000,0.000000,0.000000,0.000000,0.000000,,,,139.256
C:\Users\josep\source\repos\AIOTED-digital\03_data_resize_all-use_for_training\1_a1.jpg,1,1,1.000000,0.000000,1.000000,0.000000,0.000000,0.000000,0.000000,0.000000,0.000000,0.000000,0.000000,0.000000,,,,184.768
C:\Users\josep\source\repos\AIOTED-digital\03_data_resize_all-use_for_training\1_a2.jpg,1,1,1.000000,0.000000,1.000000,0.000000,0.000000,0.000000,0.000000,0.000000,0.000000,0.000000,0.000000,0.000000,,,,106.254
C:\Users\josep\source\repos\AIOTED-digital\03_data_resize_all-use_for_training\1_aa7e7a6ac804b7e5964c621a678ccc32.jpg,1,1,1.000000,0.000000,1.000000,0.000000,0.000000,0.000000,0.000000,0.000000,0.000000,0.000000,0.000000,0.000000,,,,101.209
C:\Users\josep\source\repos\AIOTED-digital\03_data_resize_all-use_for_training\1_arbitrary.jpg,1,1,1.000000,0.000000,1.000000,0.000000,0.000000,0.000000,0.000000,0.000000,0.000000,0.000000,0.000000,0.000000,,,,77.112
C:\Users\josep\source\repos\AIOTED-digital\03_data_resize_all-use_for_training\1_arbitrary_20220227.jpg,1,1,1.000000,0.000000,1.000000,0.000000,0.000000,0.000000,0.000000,0.000000,0.000000,0.000000,0.000000,0.000000,,,,126.553
C:\Users\josep\source\repos\AIOTED-digital\03_data_resize_all-use_for_training\1_c1.jpg,1,1,1.000000,0.000000,1.000000,0.000000,0.000000,0.000000,0.000000,0.000000,0.000000,0.000000,0.000000,0.000000,,,,184.444
C:\Users\josep\source\repos\AIOTED-digital\03_data_resize_all-use_for_training\1_cislo1_20220314-112243.jpg,1,1,1.000000,0.000000,1.000000,0.000000,0.000000,0.000000,0.000000,0.000000,0.000000,0.000000,0.000000,0.000000,,20220314-112243,,138.821
C:\Users\josep\source\repos\AIOTED-digital\03_data_resize_all-use_for_training\1_dig1_20220629-001031.jpg,1,1,1.000000,0.000000,1.000000,0.000000,0.000000,0.000001,0.000000,0.000000,0.000000,0.000000,0.000000,0.000000,1,20220629-001031,kwh,115.468
C:\Users\josep\source\repos\AIOTED-digital\03_data_resize_all-use_for_training\1_dig2_20220221-005833.jpg,1,1,1.000000,0.000000,1.000000,0.000000,0.000000,0.000000,0.000000,0.000000,0.000000,0.000000,0.000000,0.000000,2,20220221-005833,kwh,115.130
C:\Users\josep\source\repos\AIOTED-digital\03_data_resize_all-use_for_training\1_dig2_20220629-070155.jpg,1,1,1.000000,0.000000,1.000000,0.000000,0.000000,0.000000,0.000000,0.000000,0.000000,0.000000,0.000000,0.000000,2,20220629-070155,kwh,103.466
C:\Users\josep\source\repos\AIOTED-digital\03_data_resize_all-use_for_training\1_dig4_20220627-184801.jpg,1,1,1.000000,0.000000,1.000000,0.000000,0.000000,0.000000,0.000000,0.000000,0.000000,0.000000,0.000000,0.000000,4,20220627-184801,kwh,152.305
C:\Users\josep\source\repos\AIOTED-digital\03_data_resize_all-use_for_training\1_dig5_20220322-000202.jpg,1,1,1.000000,0.000000,1.000000,0.000000,0.000000,0.000000,0.000000,0.000000,0.000000,0.000000,0.000000,0.000000,5,20220322-000202,kwh,170.896
C:\Users\josep\source\repos\AIOTED-digital\03_data_resize_all-use_for_training\1_dig5_20220322-000802.jpg,1,1,1.000000,0.000000,1.000000,0.000000,0.000000,0.000000,0.000000,0.000000,0.000000,0.000000,0.000000,0.000000,5,20220322-000802,kwh,169.309
C:\Users\josep\source\repos\AIOTED-digital\03_data_resize_all-use_for_training\1_dig6_20220106-034509.jpg,1,1,1.000000,0.000000,1.000000,0.000000,0.000000,0.000000,0.000000,0.000000,0.000000,0.000000,0.000000,0.000000,6,20220106-034509,kwh,155.083
C:\Users\josep\source\repos\AIOTED-digital\03_data_resize_all-use_for_training\1_dig6_20220205-100303.jpg,1,1,1.000000,0.000000,1.000000,0.000000,0.000000,0.000000,0.000000,0.000000,0.000000,0.000000,0.000000,0.000000,6,20220205-100303,kwh,157.981
C:\Users\josep\source\repos\AIOTED-digital\03_data_resize_all-use_for_training\1_dig7_20220205-121400.jpg,1,1,1.000000,0.000000,1.000000,0.000000,0.000000,0.000000,0.000000,0.000000,0.000000,0.000000,0.000000,0.000000,7,20220205-121400,kwh,126.699
C:\Users\josep\source\repos\AIOTED-digital\03_data_resize_all-use_for_training\1_dig7_20220627-190725.jpg,1,1,1.000000,0.000000,1.000000,0.000000,0.000000,0.000000,0.000000,0.000000,0.000000,0.000000,0.000000,0.000000,7,20220627-190725,kwh,155.077
C:\Users\josep\source\repos\AIOTED-digital\03_data_resize_all-use_for_training\1_dig9_20220627-185743.jpg,1,1,1.000000,0.000000,1.000000,0.000000,0.000000,0.000000,0.000000,0.000000,0.000000,0.000000,0.000000,0.000000,9,20220627-185743,kwh,129.008
C:\Users\josep\source\repos\AIOTED-digital\03_data_resize_all-use_for_training\1_digit1_2020-03-22_11-01-07.jpg,1,1,1.000000,0.000000,1.000000,0.000000,0.000000,0.000000,0.000000,0.000000,0.000000,0.000000,0.000000,0.000000,,,,123.358
C:\Users\josep\source\repos\AIOTED-digital\03_data_resize_all-use_for_training\1_digit2_2020-03-22_12-44-10.jpg,1,1,1.000000,0.000000,1.000000,0.000000,0.000000,0.000000,0.000000,0.000000,0.000000,0.000000,0.000000,0.000000,,,,137.484
C:\Users\josep\source\repos\AIOTED-digital\03_data_resize_all-use_for_training\1_digit4_2020-03-22_12-14-10.jpg,1,1,1.000000,0.000000,1.000000,0.000000,0.000000,0.000000,0.000000,0.000000,0.000000,0.000000,0.000000,0.000000,,,,125.011
C:\Users\josep\source\repos\AIOTED-digital\03_data_resize_all-use_for_training\1_digit6_2020-04-17_13-58-55.jpg,1,1,1.000000,0.000000,1.000000,0.000000,0.000000,0.000000,0.000000,0.000000,0.000000,0.000000,0.000000,0.000000,,,,125.864
C:\Users\josep\source\repos\AIOTED-digital\03_data_resize_all-use_for_training\1_digit6_252307.jpg,1,1,1.000000,0.000000,1.000000,0.000000,0.000000,0.000000,0.000000,0.000000,0.000000,0.000000,0.000000,0.000000,,,,134.672
C:\Users\josep\source\repos\AIOTED-digital\03_data_resize_all-use_for_training\1_digit7_582007.jpg,1,1,1.000000,0.000000,1.000000,0.000000,0.000000,0.000000,0.000000,0.000000,0.000000,0.000000,0.000000,0.000000,,,,116.052
C:\Users\josep\source\repos\AIOTED-digital\03_data_resize_all-use_for_training\1_ex_0_dig4_20220222-225932.jpg,1,1,1.000000,0.000000,1.000000,0.000000,0.000000,0.000000,0.000000,0.000000,0.000000,0.000000,0.000000,0.000000,4,20220222-225932,kwh,170.082
C:\Users\josep\source\repos\AIOTED-digital\03_data_resize_all-use_for_training\1_f47d15c6a4a74287529832ae9317ccc8.jpg,1,1,0.999978,0.000000,0.999978,0.000000,0.000000,0.000000,0.000000,0.000000,0.000022,0.000000,0.000000,0.000000,,,,127.789
C:\Users\josep\source\repos\AIOTED-digital\03_data_resize_all-use_for_training\1_litre1_20220312-134900.jpg,1,1,1.000000,0.000000,1.000000,0.000000,0.000000,0.000000,0.000000,0.000000,0.000000,0.000000,0.000000,0.000000,,20220312-134900,,69.933
C:\Users\josep\source\repos\AIOTED-digital\03_data_resize_all-use_for_training\1_litre3_20220312-114630.jpg,1,1,1.000000,0.000000,1.000000,0.000000,0.000000,0.000000,0.000000,0.000000,0.000000,0.000000,0.000000,0.000000,,20220312-114630,,110.895
C:\Users\josep\source\repos\AIOTED-digital\03_data_resize_all-use_for_training\1_red1_19700109-014344.jpg,1,1,1.000000,0.000000,1.000000,0.000000,0.000000,0.000000,0.000000,0.000000,0.000000,0.000000,0.000000,0.000000,,19700109-014344,,91.486
C:\Users\josep\source\repos\AIOTED-digital\03_data_resize_all-use_for_training\1_waerme_6_20221031-111301.jpg,1,1,1.000000,0.000000,1.000000,0.000000,0.000000,0.000000,0.000000,0.000000,0.000000,0.000000,0.000000,0.000000,,20221031-111301,,86.105
C:\Users\josep\source\repos\AIOTED-digital\03_data_resize_all-use_for_training\1_warmwasser_44_20221030-100508.jpg,1,1,0.999999,0.000000,0.999999,0.000000,0.000000,0.000001,0.000000,0.000000,0.000000,0.000000,0.000000,0.000000,,20221030-100508,,47.493
C:\Users\josep\source\repos\AIOTED-digital\03_data_resize_all-use_for_training\1_warmwasser_44_20221030-203007.jpg,1,1,1.000000,0.000000,1.000000,0.000000,0.000000,0.000000,0.000000,0.000000,0.000000,0.000000,0.000000,0.000000,,20221030-203007,,46.316
C:\Users\josep\source\repos\AIOTED-digital\03_data_resize_all-use_for_training\1_warmwasser_55_20221103-070050.jpg,1,1,1.000000,0.000000,1.000000,0.000000,0.000000,0.000000,0.000000,0.000000,0.000000,0.000000,0.000000,0.000000,,20221103-070050,,60.779
C:\Users\josep\source\repos\AIOTED-digital\03_data_resize_all-use_for_training\1_warmwasser_66_20221030-085508.jpg,1,1,1.000000,0.000000,1.000000,0.000000,0.000000,0.000000,0.000000,0.000000,0.000000,0.000000,0.000000,0.000000,,20221030-085508,,75.312
C:\Users\josep\source\repos\AIOTED-digital\03_data_resize_all-use_for_training\1_wassertemperatur_dec2_20221120-135224.jpg,1,1,1.000000,0.000000,1.000000,0.000000,0.000000,0.000000,0.000000,0.000000,0.000000,0.000000,0.000000,0.000000,,20221120-135224,,72.336
C:\Users\josep\source\repos\AIOTED-digital\03_data_resize_all-use_for_training\1_wassertemperatur_dec2_20221120-135524.jpg,1,1,1.000000,0.000000,1.000000,0.000000,0.000000,0.000000,0.000000,0.000000,0.000000,0.000000,0.000000,0.000000,,20221120-135524,,94.922
C:\Users\josep\source\repos\AIOTED-digital\03_data_resize_all-use_for_training\1_ziffer3_2020-02-10_14-39-37.jpg,1,1,1.000000,0.000000,1.000000,0.000000,0.000000,0.000000,0.000000,0.000000,0.000000,0.000000,0.000000,0.000000,,,,176.340
C:\Users\josep\source\repos\AIOTED-digital\03_data_resize_all-use_for_training\1_ziffer5_2019-10-26_11-48-56.jpg,1,1,1.000000,0.000000,1.000000,0.000000,0.000000,0.000000,0.000000,0.000000,0.000000,0.000000,0.000000,0.000000,,,,166.840
C:\Users\josep\source\repos\AIOTED-digital\03_data_resize_all-use_for_training\2 -10_5_20211231-132401.jpg,2,2,1.000000,0.000000,0.000000,1.000000,0.000000,0.000000,0.000000,0.000000,0.000000,0.000000,0.000000,0.000000,,20211231-132401,,85.729
C:\Users\josep\source\repos\AIOTED-digital\03_data_resize_all-use_for_training\2 -2_6_20211231-094402.jpg,2,2,1.000000,0.000000,0.000000,1.000000,0.000000,0.000000,0.000000,0.000000,0.000000,0.000000,0.000000,0.000000,,20211231-094402,,76.875
C:\Users\josep\source\repos\AIOTED-digital\03_data_resize_all-use_for_training\2 -2_7_20211231-132401.jpg,2,2,1.000000,0.000000,0.000000,1.000000,0.000000,0.000000,0.000000,0.000000,0.000000,0.000000,0.000000,0.000000,,20211231-132401,,92.801
C:\Users\josep\source\repos\AIOTED-digital\03_data_resize_all-use_for_training\2-1.jpg,2,2,1.000000,0.000000,0.000000,1.000000,0.000000,0.000000,0.000000,0.000000,0.000000,0.000000,0.000000,0.000000,,,,161.817
C:\Users\josep\source\repos\AIOTED-digital\03_data_resize_all-use_for_training\2-2.jpg,2,2,1.000000,0.000000,0.000000,1.000000,0.000000,0.000000,0.000000,0.000000,0.000000,0.000000,0.000000,0.000000,,,,123.852
C:\Users\josep\source\repos\AIOTED-digital\03_data_resize_all-use_for_training\2.0_dig1_20211016-084357.jpg,2,2,1.000000,0.000000,0.000000,1.000000,0.000000,0.000000,0.000000,0.000000,0.000000,0.000000,0.000000,0.000000,1,20211016-084357,kwh,123.959
C:\Users\josep\source\repos\AIOTED-digital\03_data_resize_all-use_for_training\2.0_dig3_20211014-144127.jpg,2,2,1.000000,0.000000,0.000000,1.000000,0.000000,0.000000,0.000000,0.000000,0.000000,0.000000,0.000000,0.000000,3,20211014-144127,kwh,182.996
C:\Users\josep\source\repos\AIOTED-digital\03_data_resize_all-use_for_training\2.0_dig4_20210923-002817.jpg,2,2,1.000000,0.000000,0.000000,1.000000,0.000000,0.000000,0.000000,0.000000,0.000000,0.000000,0.000000,0.000000,4,20210923-002817,kwh,187.118
C:\Users\josep\source\repos\AIOTED-digital\03_data_resize_all-use_for_training\2.0_dig4_20210923-041123.jpg,2,2,1.000000,0.000000,0.000000,1.000000,0.000000,0.000000,0.000000,0.000000,0.000000,0.000000,0.000000,0.000000,4,20210923-041123,kwh,199.845
C:\Users\josep\source\repos\AIOTED-digital\03_data_resize_all-use_for_training\2.0_lcd.jpg,2,2,1.000000,0.000000,0.000000,1.000000,0.000000,0.000000,0.000000,0.000000,0.000000,0.000000,0.000000,0.000000,,,,131.116
C:\Users\josep\source\repos\AIOTED-digital\03_data_resize_all-use_for_training\2.0_main_dig2_20240316-072423.jpg,2,2,1.000000,0.000000,0.000000,1.000000,0.000000,0.000000,0.000000,0.000000,0.000000,0.000000,0.000000,0.000000,2,20240316-072423,kwh,68.050
C:\Users\josep\source\repos\AIOTED-digital\03_data_resize_all-use_for_training\2.jpg,2,2,0.999992,0.000000,0.000000,0.999992,0.000000,0.000000,0.000000,0.000000,0.000000,0.000000,0.000007,0.000001,,,,169.029
C:\Users\josep\source\repos\AIOTED-digital\03_data_resize_all-use_for_training\2_01.jpg,2,2,1.000000,0.000000,0.000000,1.000000,0.000000,0.000000,0.000000,0.000000,0.000000,0.000000,0.000000,0.000000,,,,93.870
C:\Users\josep\source\repos\AIOTED-digital\03_data_resize_all-use_for_training\2_02.jpg,2,2,1.000000,0.000000,0.000000,1.000000,0.000000,0.000000,0.000000,0.000000,0.000000,0.000000,0.000000,0.000000,,,,87.515
C:\Users\josep\source\repos\AIOTED-digital\03_data_resize_all-use_for_training\2_03.jpg,2,2,1.000000,0.000000,0.000000,1.000000,0.000000,0.000000,0.000000,0.000000,0.000000,0.000000,0.000000,0.000000,,,,100.928
C:\Users\josep\source\repos\AIOTED-digital\03_data_resize_all-use_for_training\2_05a752dd1c21580d0e4c00b3be77cf45.jpg,2,2,1.000000,0.000000,0.000000,1.000000,0.000000,0.000000,0.000000,0.000000,0.000000,0.000000,0.000000,0.000000,,,,130.232
C:\Users\josep\source\repos\AIOTED-digital\03_data_resize_all-use_for_training\2_0_ht6_20210626-094253.jpg,2,2,1.000000,0.000000,0.000000,1.000000,0.000000,0.000000,0.000000,0.000000,0.000000,0.000000,0.000000,0.000000,,20210626-094253,,85.584
C:\Users\josep\source\repos\AIOTED-digital\03_data_resize_all-use_for_training\2_0_nt7_20210627-212101.jpg,2,2,1.000000,0.000000,0.000000,1.000000,0.000000,0.000000,0.000000,0.000000,0.000000,0.000000,0.000000,0.000000,,20210627-212101,,52.978
C:\Users\josep\source\repos\AIOTED-digital\03_data_resize_all-use_for_training\2_0bb1d7154c3086d89ce6b614565f758e.jpg,2,2,1.000000,0.000000,0.000000,1.000000,0.000000,0.000000,0.000000,0.000000,0.000000,0.000000,0.000000,0.000000,,,,143.419
C:\Users\josep\source\repos\AIOTED-digital\03_data_resize_all-use_for_training\2_0c0c7c8f245c7f2dcd0acf00a1ca2cb0.jpg,2,2,1.000000,0.000000,0.000000,1.000000,0.000000,0.000000,0.000000,0.000000,0.000000,0.000000,0.000000,0.000000,,,,75.065
C:\Users\josep\source\repos\AIOTED-digital\03_data_resize_all-use_for_training\2_0fcc47e864b13343ba307c6e56f6b001.jpg,2,2,1.000000,0.000000,0.000000,1.000000,0.000000,0.000000,0.000000,0.000000,0.000000,0.000000,0.000000,0.000000,,,,132.292
C:\Users\josep\source\repos\AIOTED-digital\03_data_resize_all-use_for_training\2_1.jpg,2,2,1.000000,0.000000,0.000000,1.000000,0.000000,0.000000,0.000000,0.000000,0.000000,0.000000,0.000000,0.000000,,,,186.715
C:\Users\josep\source\repos\AIOTED-digital\03_data_resize_all-use_for_training\2_10_ROI2_20210225-015928.jpg,2,2,1.000000,0.000000,0.000000,1.000000,0.000000,0.000000,0.000000,0.000000,0.000000,0.000000,0.000000,0.000000,,20210225-015928,,184.715
C:\Users\josep\source\repos\AIOTED-digital\03_data_resize_all-use_for_training\2_13795.jpg,2,2,1.000000,0.000000,0.000000,1.000000,0.000000,0.000000,0.000000,0.000000,0.000000,0.000000,0.000000,0.000000,,,,191.266
C:\Users\josep\source\repos\AIOTED-digital\03_data_resize_all-use_for_training\2_15953.jpg,2,2,1.000000,0.000000,0.000000,1.000000,0.000000,0.000000,0.000000,0.000000,0.000000,0.000000,0.000000,0.000000,,,,189.503
C:\Users\josep\source\repos\AIOTED-digital\03_data_resize_all-use_for_training\2_1_20220211.jpg,2,2,1.000000,0.000000,0.000000,1.000000,0.000000,0.000000,0.000000,0.000000,0.000000,0.000000,0.000000,0.000000,,,,184.709
C:\Users\josep\source\repos\AIOTED-digital\03_data_resize_all-use_for_training\2_1aacb286082e66ce3a21ee876b4b6a7d.jpg,2,2,1.000000,0.000000,0.000000,1.000000,0.000000,0.000000,0.000000,0.000000,0.000000,0.000000,0.000000,0.000000,,,,80.768
C:\Users\josep\source\repos\AIOTED-digital\03_data_resize_all-use_for_training\2_1b585c327471572e135c5d03440b8a04.jpg,2,2,1.000000,0.000000,0.000000,1.000000,0.000000,0.000000,0.000000,0.000000,0.000000,0.000000,0.000000,0.000000,,,,73.388
C:\Users\josep\source\repos\AIOTED-digital\03_data_resize_all-use_for_training\2_1baf133612ee8ebfbeed4304f2c892fd.jpg,2,2,1.000000,0.000000,0.000000,1.000000,0.000000,0.000000,0.000000,0.000000,0.000000,0.000000,0.000000,0.000000,,,,136.066
C:\Users\josep\source\repos\AIOTED-digital\03_data_resize_all-use_for_training\2_20200822-171718_digit5.jpg,2,2,1.000000,0.000000,0.000000,1.000000,0.000000,0.000000,0.000000,0.000000,0.000000,0.000000,0.000000,0.000000,,20200822-171718,,192.215
C:\Users\josep\source\repos\AIOTED-digital\03_data_resize_all-use_for_training\2_20200910-010931_ROI5.jpg,2,2,1.000000,0.000000,0.000000,1.000000,0.000000,0.000000,0.000000,0.000000,0.000000,0.000000,0.000000,0.000000,,20200910-010931,,75.859
C:\Users\josep\source\repos\AIOTED-digital\03_data_resize_all-use_for_training\2_20200910-153847_digit1.jpg,2,2,1.000000,0.000000,0.000000,1.000000,0.000000,0.000000,0.000000,0.000000,0.000000,0.000000,0.000000,0.000000,,20200910-153847,,143.757
C:\Users\josep\source\repos\AIOTED-digital\03_data_resize_all-use_for_training\2_2150f5cedf2b8e6ed203367675e3b05b.jpg,2,2,1.000000,0.000000,0.000000,1.000000,0.000000,0.000000,0.000000,0.000000,0.000000,0.000000,0.000000,0.000000,,,,116.904
C:\Users\josep\source\repos\AIOTED-digital\03_data_resize_all-use_for_training\2_219997aa5b57ea8bf9b08014ae2a7490.jpg,2,2,1.000000,0.000000,0.000000,1.000000,0.000000,0.000000,0.000000,0.000000,0.000000,0.000000,0.000000,0.000000,,,,68.762
C:\Users\josep\source\repos\AIOTED-digital\03_data_resize_all-use_for_training\2_2_2.jpg,2,2,1.000000,0.000000,0.000000,1.000000,0.000000,0.000000,0.000000,0.000000,0.000000,0.000000,0.000000,0.000000,,,,121.992
C:\Users\josep\source\repos\AIOTED-digital\03_data_resize_all-use_for_training\2_2_5_20210725-100227.jpg,2,2,1.000000,0.000000,0.000000,1.000000,0.000000,0.000000,0.000000,0.000000,0.000000,0.000000,0.000000,0.000000,,20210725-100227,,132.187
C:\Users\josep\source\repos\AIOTED-digital\03_data_resize_all-use_for_training\2_2_ROI2_20210225-024758.jpg,2,2,1.000000,0.000000,0.000000,1.000000,0.000000,0.000000,0.000000,0.000000,0.000000,0.000000,0.000000,0.000000,,20210225-024758,,181.372
C:\Users\josep\source\repos\AIOTED-digital\03_data_resize_all-use_for_training\2_2_ROI2_20210605-132714a.jpg,2,2,1.000000,0.000000,0.000000,1.000000,0.000000,0.000000,0.000000,0.000000,0.000000,0.000000,0.000000,0.000000,,20210605-132714,,225.863
C:\Users\josep\source\repos\AIOTED-digital\03_data_resize_all-use_for_training\2_2_ROI3_20210422-092016.jpg,2,2,1.000000,0.000000,0.000000,1.000000,0.000000,0.000000,0.000000,0.000000,0.000000,0.000000,0.000000,0.000000,,20210422-092016,,164.029
C:\Users\josep\source\repos\AIOTED-digital\03_data_resize_all-use_for_training\2_2_ROI6_20210222-160801.jpg,2,2,1.000000,0.000000,0.000000,1.000000,0.000000,0.000000,0.000000,0.000000,0.000000,0.000000,0.000000,0.000000,,20210222-160801,,106.944
C:\Users\josep\source\repos\AIOTED-digital\03_data_resize_all-use_for_training\2_2_ROI6_20210308-195455.jpg,2,2,1.000000,0.000000,0.000000,1.000000,0.000000,0.000000,0.000000,0.000000,0.000000,0.000000,0.000000,0.000000,,20210308-195455,,70.268
C:\Users\josep\source\repos\AIOTED-digital\03_data_resize_all-use_for_training\2_2_ROI6_20210309-075539.jpg,2,2,1.000000,0.000000,0.000000,1.000000,0.000000,0.000000,0.000000,0.000000,0.000000,0.000000,0.000000,0.000000,,20210309-075539,,74.705
C:\Users\josep\source\repos\AIOTED-digital\03_data_resize_all-use_for_training\2_2_black.jpg,2,2,1.000000,0.000000,0.000000,1.000000,0.000000,0.000000,0.000000,0.000000,0.000000,0.000000,0.000000,0.000000,,,,160.406
C:\Users\josep\source\repos\AIOTED-digital\03_data_resize_all-use_for_training\2_2_dig5_20210629-113409.jpg,2,2,1.000000,0.000000,0.000000,1.000000,0.000000,0.000000,0.000000,0.000000,0.000000,0.000000,0.000000,0.000000,5,20210629-113409,kwh,137.039
C:\Users\josep\source\repos\AIOTED-digital\03_data_resize_all-use_for_training\2_2_dig6_20210629-140009.jpg,2,2,1.000000,0.000000,0.000000,1.000000,0.000000,0.000000,0.000000,0.000000,0.000000,0.000000,0.000000,0.000000,6,20210629-140009,kwh,118.505
C:\Users\josep\source\repos\AIOTED-digital\03_data_resize_all-use_for_training\2_2_dig6_20210730-182850.jpg,2,2,1.000000,0.000000,0.000000,1.000000,0.000000,0.000000,0.000000,0.000000,0.000000,0.000000,0.000000,0.000000,6,20210730-182850,kwh,198.971
C:\Users\josep\source\repos\AIOTED-digital\03_data_resize_all-use_for_training\2_2_digit3_20210320-011808.jpg,2,2,1.000000,0.000000,0.000000,1.000000,0.000000,0.000000,0.000000,0.000000,0.000000,0.000000,0.000000,0.000000,,20210320-011808,,125.284
C:\Users\josep\source\repos\AIOTED-digital\03_data_resize_all-use_for_training\2_2_ht6_20210626-090405.jpg,2,2,1.000000,0.000000,0.000000,1.000000,0.000000,0.000000,0.000000,0.000000,0.000000,0.000000,0.000000,0.000000,,20210626-090405,,82.992
C:\Users\josep\source\repos\AIOTED-digital\03_data_resize_all-use_for_training\2_2_nt7_20210625-172323.jpg,2,2,1.000000,0.000000,0.000000,1.000000,0.000000,0.000000,0.000000,0.000000,0.000000,0.000000,0.000000,0.000000,,20210625-172323,,73.362
C:\Users\josep\source\repos\AIOTED-digital\03_data_resize_all-use_for_training\2_2_nt7_20210627-211040.jpg,2,2,1.000000,0.000000,0.000000,1.000000,0.000000,0.000000,0.000000,0.000000,0.000000,0.000000,0.000000,0.000000,,20210627-211040,,68.665
C:\Users\josep\source\repos\AIOTED-digital\03_data_resize_all-use_for_training\2_3.jpg,2,2,1.000000,0.000000,0.000000,1.000000,0.000000,0.000000,0.000000,0.000000,0.000000,0.000000,0.000000,0.000000,,,,198.117
C:\Users\josep\source\repos\AIOTED-digital\03_data_resize_all-use_for_training\2_423ebca9ca4aab068b25c762024fe60b.jpg,2,2,1.000000,0.000000,0.000000,1.000000,0.000000,0.000000,0.000000,0.000000,0.000000,0.000000,0.000000,0.000000,,,,76.944
C:\Users\josep\source\repos\AIOTED-digital\03_data_resize_all-use_for_training\2_43b53c3f112be7029b2f3621ed2bb0f8.jpg,2,2,1.000000,0.000000,0.000000,1.000000,0.000000,0.000000,0.000000,0.000000,0.000000,0.000000,0.000000,0.000000,,,,135.260
C:\Users\josep\source\repos\AIOTED-digital\03_data_resize_all-use_for_training\2_5f8431c56da2de8ee78b56f2b76080b7.jpg,2,2,1.000000,0.000000,0.000000,1.000000,0.000000,0.000000,0.000000,0.000000,0.000000,0.000000,0.000000,0.000000,,,,71.540
C:\Users\josep\source\repos\AIOTED-digital\03_data_resize_all-use_for_training\2_63b713af6c19125c780ceae1ad93276a.jpg,2,2,1.000000,0.000000,0.000000,1.000000,0.000000,0.000000,0.000000,0.000000,0.000000,0.000000,0.000000,0.000000,,,,75.626
C:\Users\josep\source\repos\AIOTED-digital\03_data_resize_all-use_for_training\2_6904d38c728ef92e51eb47b2b4fa3c67.jpg,2,2,1.000000,0.000000,0.000000,1.000000,0.000000,0.000000,0.000000,0.000000,0.000000,0.000000,0.000000,0.000000,,,,132.893
C:\Users\josep\source\repos\AIOTED-digital\03_data_resize_all-use_for_training\2_6be75c51a8c0495ee7b98afc56ca7ae1.jpg,2,2,1.000000,0.000000,0.000000,1.000000,0.000000,0.000000,0.000000,0.000000,0.000000,0.000000,0.000000,0.000000,,,,74.790
C:\Users\josep\source\repos\AIOTED-digital\03_data_resize_all-use_for_training\2_6c600ccfc988e5f908a55e046a629be7.jpg,2,2,1.000000,0.000000,0.000000,1.000000,0.000000,0.000000,0.000000,0.000000,0.000000,0.000000,0.000000,0.000000,,,,148.767
C:\Users\josep\source\repos\AIOTED-digital\03_data_resize_all-use_for_training\2_D7_2020-08-08_10-15-41.jpg,2,2,1.000000,0.000000,0.000000,1.000000,0.000000,0.000000,0.000000,0.000000,0.000000,0.000000,0.000000,0.000000,,,,66.899
C:\Users\josep\source\repos\AIOTED-digital\03_data_resize_all-use_for_training\2_D7_2020-08-25_14-55-57.jpg,2,2,1.000000,0.000000,0.000000,1.000000,0.000000,0.000000,0.000000,0.000000,0.000000,0.000000,0.000000,0.000000,,,,102.564
C:\Users\josep\source\repos\AIOTED-digital\03_data_resize_all-use_for_training\2_D8_2020-08-21_20-01-07.jpg,2,2,1.000000,0.000000,0.000000,1.000000,0.000000,0.000000,0.000000,0.000000,0.000000,0.000000,0.000000,0.000000,,,,107.111
C:\Users\josep\source\repos\AIOTED-digital\03_data_resize_all-use_for_training\2_arbitrary.jpg,2,2,1.000000,0.000000,0.000000,1.000000,0.000000,0.000000,0.000000,0.000000,0.000000,0.000000,0.000000,0.000000,,,,89.163
C:\Users\josep\source\repos\AIOTED-digital\03_data_resize_all-use_for_training\2_arbitrary_20220227.jpg,2,2,1.000000,0.000000,0.000000,1.000000,0.000000,0.000000,0.000000,0.000000,0.000000,0.000000,0.000000,0.000000,,,,124.139
C:\Users\josep\source\repos\AIOTED-digital\03_data_resize_all-use_for_training\2_b2.jpg,2,2,1.000000,0.000000,0.000000,1.000000,0.000000,0.000000,0.000000,0.000000,0.000000,0.000000,0.000000,0.000000,,,,170.895
C:\Users\josep\source\repos\AIOTED-digital\03_data_resize_all-use_for_training\2_d2c3ea128a4944e17e06ccfdd29815ce.jpg,2,2,1.000000,0.000000,0.000000,1.000000,0.000000,0.000000,0.000000,0.000000,0.000000,0.000000,0.000000,0.000000,,,,143.931
C:\Users\josep\source\repos\AIOTED-digital\03_data_resize_all-use_for_training\2_daaa0c3c27012858238a58f8976150f7.jpg,2,2,1.000000,0.000000,0.000000,1.000000,0.000000,0.000000,0.000000,0.000000,0.000000,0.000000,0.000000,0.000000,,,,71.157
C:\Users\josep\source\repos\AIOTED-digital\03_data_resize_all-use_for_training\2_dig1_20220629-071655.jpg,2,2,1.000000,0.000000,0.000000,1.000000,0.000000,0.000000,0.000000,0.000000,0.000000,0.000000,0.000000,0.000000,1,20220629-071655,kwh,115.195
C:\Users\josep\source\repos\AIOTED-digital\03_data_resize_all-use_for_training\2_dig1_20220725-220205.jpg,2,2,1.000000,0.000000,0.000000,1.000000,0.000000,0.000000,0.000000,0.000000,0.000000,0.000000,0.000000,0.000000,1,20220725-220205,kwh,110.638
C:\Users\josep\source\repos\AIOTED-digital\03_data_resize_all-use_for_training\2_dig2_20220629-071155.jpg,2,2,1.000000,0.000000,0.000000,1.000000,0.000000,0.000000,0.000000,0.000000,0.000000,0.000000,0.000000,0.000000,2,20220629-071155,kwh,106.200
C:\Users\josep\source\repos\AIOTED-digital\03_data_resize_all-use_for_training\2_dig3_20220109-122656.jpg,2,2,1.000000,0.000000,0.000000,1.000000,0.000000,0.000000,0.000000,0.000000,0.000000,0.000000,0.000000,0.000000,3,20220109-122656,kwh,147.944
C:\Users\josep\source\repos\AIOTED-digital\03_data_resize_all-use_for_training\2_dig3_20220109-123638.jpg,2,2,1.000000,0.000000,0.000000,1.000000,0.000000,0.000000,0.000000,0.000000,0.000000,0.000000,0.000000,0.000000,3,20220109-123638,kwh,143.911
C:\Users\josep\source\repos\AIOTED-digital\03_data_resize_all-use_for_training\2_dig3_20220204-200853.jpg,2,2,1.000000,0.000000,0.000000,1.000000,0.000000,0.000000,0.000000,0.000000,0.000000,0.000000,0.000000,0.000000,3,20220204-200853,kwh,177.935
C:\Users\josep\source\repos\AIOTED-digital\03_data_resize_all-use_for_training\2_dig3_20220629-001031.jpg,2,2,1.000000,0.000000,0.000000,1.000000,0.000000,0.000000,0.000000,0.000000,0.000000,0.000000,0.000000,0.000000,3,20220629-001031,kwh,77.833
C:\Users\josep\source\repos\AIOTED-digital\03_data_resize_all-use_for_training\2_dig5_20220106-172117.jpg,2,2,1.000000,0.000000,0.000000,1.000000,0.000000,0.000000,0.000000,0.000000,0.000000,0.000000,0.000000,0.000000,5,20220106-172117,kwh,140.450
C:\Users\josep\source\repos\AIOTED-digital\03_data_resize_all-use_for_training\2_dig5_20220328-000012.jpg,2,2,1.000000,0.000000,0.000000,1.000000,0.000000,0.000000,0.000000,0.000000,0.000000,0.000000,0.000000,0.000000,5,20220328-000012,kwh,184.648
C:\Users\josep\source\repos\AIOTED-digital\03_data_resize_all-use_for_training\2_dig6_20220205-121851.jpg,2,2,1.000000,0.000000,0.000000,1.000000,0.000000,0.000000,0.000000,0.000000,0.000000,0.000000,0.000000,0.000000,6,20220205-121851,kwh,154.988
C:\Users\josep\source\repos\AIOTED-digital\03_data_resize_all-use_for_training\2_dig7_20220627-192649.jpg,2,2,1.000000,0.000000,0.000000,1.000000,0.000000,0.000000,0.000000,0.000000,0.000000,0.000000,0.000000,0.000000,7,20220627-192649,kwh,163.735
C:\Users\josep\source\repos\AIOTED-digital\03_data_resize_all-use_for_training\2_digit4_2020-03-23_18-13-21.jpg,2,2,1.000000,0.000000,0.000000,1.000000,0.000000,0.000000,0.000000,0.000000,0.000000,0.000000,0.000000,0.000000,,,,137.170
C:\Users\josep\source\repos\AIOTED-digital\03_data_resize_all-use_for_training\2_digit6_2020-04-17_15-19-36.jpg,2,2,1.000000,0.000000,0.000000,1.000000,0.000000,0.000000,0.000000,0.000000,0.000000,0.000000,0.000000,0.000000,,,,125.687
C:\Users\josep\source\repos\AIOTED-digital\03_data_resize_all-use_for_training\2_digit7_350907.jpg,2,2,1.000000,0.000000,0.000000,1.000000,0.000000,0.000000,0.000000,0.000000,0.000000,0.000000,0.000000,0.000000,,,,120.913
C:\Users\josep\source\repos\AIOTED-digital\03_data_resize_all-use_for_training\2_ex_0_dig6_20220223-120430.jpg,2,2,1.000000,0.000000,0.000000,1.000000,0.000000,0.000000,0.000000,0.000000,0.000000,0.000000,0.000000,0.000000,6,20220223-120430,kwh,162.064
C:\Users\josep\source\repos\AIOTED-digital\03_data_resize_all-use_for_training\2_fa713558827bbd2808a78332f946de48.jpg,2,2,1.000000,0.000000,0.000000,1.000000,0.000000,0.000000,0.000000,0.000000,0.000000,0.000000,0.000000,0.000000,,,,128.030
C:\Users\josep\source\repos\AIOTED-digital\03_data_resize_all-use_for_training\2_litre2_20220312-125300.jpg,2,2,1.000000,0.000000,0.000000,1.000000,0.000000,0.000000,0.000000,0.000000,0.000000,0.000000,0.000000,0.000000,,20220312-125300,,107.037
C:\Users\josep\source\repos\AIOTED-digital\03_data_resize_all-use_for_training\2_red1_19700109-020744.jpg,2,2,1.000000,0.000000,0.000000,1.000000,0.000000,0.000000,0.000000,0.000000,0.000000,0.000000,0.000000,0.000000,,19700109-020744,,92.979
C:\Users\josep\source\repos\AIOTED-digital\03_data_resize_all-use_for_training\2_red1_19700109-100949.jpg,2,2,1.000000,0.000000,0.000000,1.000000,0.000000,0.000000,0.000000,0.000000,0.000000,0.000000,0.000000,0.000000,,19700109-100949,,94.335
C:\Users\josep\source\repos\AIOTED-digital\03_data_resize_all-use_for_training\2_red1_19700109-102149.jpg,2,2,1.000000,0.000000,0.000000,1.000000,0.000000,0.000000,0.000000,0.000000,0.000000,0.000000,0.000000,0.000000,,19700109-102149,,93.558
C:\Users\josep\source\repos\AIOTED-digital\03_data_resize_all-use_for_training\2_waerme_3_20221103-070050.jpg,2,2,1.000000,0.000000,0.000000,1.000000,0.000000,0.000000,0.000000,0.000000,0.000000,0.000000,0.000000,0.000000,,20221103-070050,,36.066
C:\Users\josep\source\repos\AIOTED-digital\03_data_resize_all-use_for_training\2_waerme_3_20221103-072050.jpg,2,2,1.000000,0.000000,0.000000,1.000000,0.000000,0.000000,0.000000,0.000000,0.000000,0.000000,0.000000,0.000000,,20221103-072050,,44.815
C:\Users\josep\source\repos\AIOTED-digital\03_data_resize_all-use_for_training\2_waerme_3_20221103-160549.jpg,2,2,1.000000,0.000000,0.000000,1.000000,0.000000,0.000000,0.000000,0.000000,0.000000,0.000000,0.000000,0.000000,,20221103-160549,,39.365
C:\Users\josep\source\repos\AIOTED-digital\03_data_resize_all-use_for_training\2_warmwasser_11_20221030-062008.jpg,2,2,1.000000,0.000000,0.000000,1.000000,0.000000,0.000000,0.000000,0.000000,0.000000,0.000000,0.000000,0.000000,,20221030-062008,,50.496
C:\Users\josep\source\repos\AIOTED-digital\03_data_resize_all-use_for_training\2_warmwasser_44_20221101-000038.jpg,2,2,1.000000,0.000000,0.000000,1.000000,0.000000,0.000000,0.000000,0.000000,0.000000,0.000000,0.000000,0.000000,,20221101-000038,,48.243
C:\Users\josep\source\repos\AIOTED-digital\03_data_resize_all-use_for_training\2_warmwasser_55_20221031-110301.jpg,2,2,1.000000,0.000000,0.000000,1.000000,0.000000,0.000000,0.000000,0.000000,0.000000,0.000000,0.000000,0.000000,,20221031-110301,,68.012
C:\Users\josep\source\repos\AIOTED-digital\03_data_resize_all-use_for_training\2_warmwasser_55_20221103-162549.jpg,2,2,1.000000,0.000000,0.000000,1.000000,0.000000,0.000000,0.000000,0.000000,0.000000,0.000000,0.000000,0.000000,,20221103-162549,,68.387
C:\Users\josep\source\repos\AIOTED-digital\03_data_resize_all-use_for_training\2_warmwasser_55_20221103-205548.jpg,2,2,1.000000,0.000000,0.000000,1.000000,0.000000,0.000000,0.000000,0.000000,0.000000,0.000000,0.000000,0.000000,,20221103-205548,,66.957
C:\Users\josep\source\repos\AIOTED-digital\03_data_resize_all-use_for_training\2_wassertemperatur_dec2_20221120-140724.jpg,2,2,1.000000,0.000000,0.000000,1.000000,0.000000,0.000000,0.000000,0.000000,0.000000,0.000000,0.000000,0.000000,,20221120-140724,,112.795
C:\Users\josep\source\repos\AIOTED-digital\03_data_resize_all-use_for_training\2_ziffer3_2019-11-24_08-07-51.jpg,2,2,1.000000,0.000000,0.000000,1.000000,0.000000,0.000000,0.000000,0.000000,0.000000,0.000000,0.000000,0.000000,,,,183.298
C:\Users\josep\source\repos\AIOTED-digital\03_data_resize_all-use_for_training\3 -3_2_20211231-120401.jpg,3,3,1.000000,0.000000,0.000000,0.000000,1.000000,0.000000,0.000000,0.000000,0.000000,0.000000,0.000000,0.000000,,20211231-120401,,103.381
C:\Users\josep\source\repos\AIOTED-digital\03_data_resize_all-use_for_training\3 -3_6_20211231-110401.jpg,3,3,1.000000,0.000000,0.000000,0.000000,1.000000,0.000000,0.000000,0.000000,0.000000,0.000000,0.000000,0.000000,,20211231-110401,,87.806
C:\Users\josep\source\repos\AIOTED-digital\03_data_resize_all-use_for_training\3 -7_7_20211231-082402.jpg,3,3,0.999886,0.000000,0.000000,0.000072,0.999886,0.000000,0.000000,0.000000,0.000000,0.000000,0.000000,0.000042,,20211231-082402,,88.477
C:\Users\josep\source\repos\AIOTED-digital\03_data_resize_all-use_for_training\3-1.jpg,3,3,1.000000,0.000000,0.000000,0.000000,1.000000,0.000000,0.000000,0.000000,0.000000,0.000000,0.000000,0.000000,,,,146.003
C:\Users\josep\source\repos\AIOTED-digital\03_data_resize_all-use_for_training\3-2.jpg,3,3,1.000000,0.000000,0.000000,0.000000,1.000000,0.000000,0.000000,0.000000,0.000000,0.000000,0.000000,0.000000,,,,154.519
C:\Users\josep\source\repos\AIOTED-digital\03_data_resize_all-use_for_training\3.0__github417.jpg,3,3,1.000000,0.000000,0.000000,0.000000,1.000000,0.000000,0.000000,0.000000,0.000000,0.000000,0.000000,0.000000,,,,161.611
C:\Users\josep\source\repos\AIOTED-digital\03_data_resize_all-use_for_training\3.0_dig1_20210923-052859.jpg,3,3,1.000000,0.000000,0.000000,0.000000,1.000000,0.000000,0.000000,0.000000,0.000000,0.000000,0.000000,0.000000,1,20210923-052859,kwh,134.266
C:\Users\josep\source\repos\AIOTED-digital\03_data_resize_all-use_for_training\3.0_dig1_20211011-101735.jpg,3,3,1.000000,0.000000,0.000000,0.000000,1.000000,0.000000,0.000000,0.000000,0.000000,0.000000,0.000000,0.000000,1,20211011-101735,kwh,114.871
C:\Users\josep\source\repos\AIOTED-digital\03_data_resize_all-use_for_training\3.0_digit5_20210916-060857.jpg,3,3,1.000000,0.000000,0.000000,0.000000,1.000000,0.000000,0.000000,0.000000,0.000000,0.000000,0.000000,0.000000,,20210916-060857,,171.437
C:\Users\josep\source\repos\AIOTED-digital\03_data_resize_all-use_for_training\3.0_digit6_20210826-053404.jpg,3,3,1.000000,0.000000,0.000000,0.000000,1.000000,0.000000,0.000000,0.000000,0.000000,0.000000,0.000000,0.000000,,20210826-053404,,150.948
C:\Users\josep\source\repos\AIOTED-digital\03_data_resize_all-use_for_training\3.0_lcd.jpg,3,3,1.000000,0.000000,0.000000,0.000000,1.000000,0.000000,0.000000,0.000000,0.000000,0.000000,0.000000,0.000000,,,,95.972
C:\Users\josep\source\repos\AIOTED-digital\03_data_resize_all-use_for_training\3.0_main_dig2_20240316-074223.jpg,3,3,1.000000,0.000000,0.000000,0.000000,1.000000,0.000000,0.000000,0.000000,0.000000,0.000000,0.000000,0.000000,2,20240316-074223,kwh,64.050
C:\Users\josep\source\repos\AIOTED-digital\03_data_resize_all-use_for_training\3.0_main_dig3_20240314-052210.jpg,3,3,1.000000,0.000000,0.000000,0.000000,1.000000,0.000000,0.000000,0.000000,0.000000,0.000000,0.000000,0.000000,3,20240314-052210,kwh,121.100
C:\Users\josep\source\repos\AIOTED-digital\03_data_resize_all-use_for_training\3.jpg,3,3,0.999996,0.000000,0.000000,0.000000,0.999996,0.000000,0.000003,0.000000,0.000000,0.000000,0.000000,0.000000,,,,169.043
C:\Users\josep\source\repos\AIOTED-digital\03_data_resize_all-use_for_training\3_0031a9bc708fcc6d087e5747fb9aad49.jpg,3,3,1.000000,0.000000,0.000000,0.000000,1.000000,0.000000,0.000000,0.000000,0.000000,0.000000,0.000000,0.000000,,,,118.512
C:\Users\josep\source\repos\AIOTED-digital\03_data_resize_all-use_for_training\3_01.jpg,3,3,1.000000,0.000000,0.000000,0.000000,1.000000,0.000000,0.000000,0.000000,0.000000,0.000000,0.000000,0.000000,,,,107.333
C:\Users\josep\source\repos\AIOTED-digital\03_data_resize_all-use_for_training\3_0136b48bf295577bf5eb0e088c75ee6a.jpg,3,3,1.000000,0.000000,0.000000,0.000000,1.000000,0.000000,0.000000,0.000000,0.000000,0.000000,0.000000,0.000000,,,,139.111
C:\Users\josep\source\repos\AIOTED-digital\03_data_resize_all-use_for_training\3_02.jpg,3,3,1.000000,0.000000,0.000000,0.000000,1.000000,0.000000,0.000000,0.000000,0.000000,0.000000,0.000000,0.000000,,,,96.898
C:\Users\josep\source\repos\AIOTED-digital\03_data_resize_all-use_for_training\3_03.jpg,3,3,1.000000,0.000000,0.000000,0.000000,1.000000,0.000000,0.000000,0.000000,0.000000,0.000000,0.000000,0.000000,,,,107.750
C:\Users\josep\source\repos\AIOTED-digital\03_data_resize_all-use_for_training\3_0_ht4_20210701-194658.jpg,3,3,0.999997,0.000000,0.000000,0.000000,0.999997,0.000000,0.000000,0.000000,0.000000,0.000000,0.000002,0.000000,,20210701-194658,,94.740
C:\Users\josep\source\repos\AIOTED-digital\03_data_resize_all-use_for_training\3_1.jpg,3,3,1.000000,0.000000,0.000000,0.000000,1.000000,0.000000,0.000000,0.000000,0.000000,0.000000,0.000000,0.000000,,,,157.945
C:\Users\josep\source\repos\AIOTED-digital\03_data_resize_all-use_for_training\3_12272.jpg,3,3,1.000000,0.000000,0.000000,0.000000,1.000000,0.000000,0.000000,0.000000,0.000000,0.000000,0.000000,0.000000,,,,205.172
C:\Users\josep\source\repos\AIOTED-digital\03_data_resize_all-use_for_training\3_123220139-f0e73300-d4cd-11eb-9c87-fc69ebf727d8.jpg,3,3,1.000000,0.000000,0.000000,0.000000,1.000000,0.000000,0.000000,0.000000,0.000000,0.000000,0.000000,0.000000,,,,180.350
C:\Users\josep\source\repos\AIOTED-digital\03_data_resize_all-use_for_training\3_15c0026c51e8c229e22610d8177daa89.jpg,3,3,1.000000,0.000000,0.000000,0.000000,1.000000,0.000000,0.000000,0.000000,0.000000,0.000000,0.000000,0.000000,,,,136.973
C:\Users\josep\source\repos\AIOTED-digital\03_data_resize_all-use_for_training\3_1_20220211.jpg,3,3,1.000000,0.000000,0.000000,0.000000,1.000000,0.000000,0.000000,0.000000,0.000000,0.000000,0.000000,0.000000,,,,163.015
C:\Users\josep\source\repos\AIOTED-digital\03_data_resize_all-use_for_training\3_2.jpg,3,3,1.000000,0.000000,0.000000,0.000000,1.000000,0.000000,0.000000,0.000000,0.000000,0.000000,0.000000,0.000000,,,,200.330
C:\Users\josep\source\repos\AIOTED-digital\03_data_resize_all-use_for_training\3_20200823-164113_digit5.jpg,3,3,1.000000,0.000000,0.000000,0.000000,1.000000,0.000000,0.000000,0.000000,0.000000,0.000000,0.000000,0.000000,,20200823-164113,,192.370
C:\Users\josep\source\repos\AIOTED-digital\03_data_resize_all-use_for_training\3_20200910-183027_ROI4.jpg,3,3,1.000000,0.000000,0.000000,0.000000,1.000000,0.000000,0.000000,0.000000,0.000000,0.000000,0.000000,0.000000,,20200910-183027,,91.338
C:\Users\josep\source\repos\AIOTED-digital\03_data_resize_all-use_for_training\3_21.jpg,3,3,1.000000,0.000000,0.000000,0.000000,1.000000,0.000000,0.000000,0.000000,0.000000,0.000000,0.000000,0.000000,,,,177.881
C:\Users\josep\source\repos\AIOTED-digital\03_data_resize_all-use_for_training\3_2310fb924a5de0e2b259d6de60a2c17b.jpg,3,3,1.000000,0.000000,0.000000,0.000000,1.000000,0.000000,0.000000,0.000000,0.000000,0.000000,0.000000,0.000000,,,,77.549
C:\Users\josep\source\repos\AIOTED-digital\03_data_resize_all-use_for_training\3_2_20220211.jpg,3,3,1.000000,0.000000,0.000000,0.000000,1.000000,0.000000,0.000000,0.000000,0.000000,0.000000,0.000000,0.000000,,,,164.822
C:\Users\josep\source\repos\AIOTED-digital\03_data_resize_all-use_for_training\3_3.jpg,3,3,1.000000,0.000000,0.000000,0.000000,1.000000,0.000000,0.000000,0.000000,0.000000,0.000000,0.000000,0.000000,,,,149.606
C:\Users\josep\source\repos\AIOTED-digital\03_data_resize_all-use_for_training\3_30733.jpg,3,3,1.000000,0.000000,0.000000,0.000000,1.000000,0.000000,0.000000,0.000000,0.000000,0.000000,0.000000,0.000000,,,,199.498
C:\Users\josep\source\repos\AIOTED-digital\03_data_resize_all-use_for_training\3_3_ROI2_20210226-143925.jpg,3,3,1.000000,0.000000,0.000000,0.000000,1.000000,0.000000,0.000000,0.000000,0.000000,0.000000,0.000000,0.000000,,20210226-143925,,184.702
C:\Users\josep\source\repos\AIOTED-digital\03_data_resize_all-use_for_training\3_3_ROI2_20210605-131528a.jpg,3,3,1.000000,0.000000,0.000000,0.000000,1.000000,0.000000,0.000000,0.000000,0.000000,0.000000,0.000000,0.000000,,20210605-131528,,222.197
C:\Users\josep\source\repos\AIOTED-digital\03_data_resize_all-use_for_training\3_3_ROI3_20210312-234858.jpg,3,3,1.000000,0.000000,0.000000,0.000000,1.000000,0.000000,0.000000,0.000000,0.000000,0.000000,0.000000,0.000000,,20210312-234858,,103.984
C:\Users\josep\source\repos\AIOTED-digital\03_data_resize_all-use_for_training\3_3_ROI4_20210309-230614.jpg,3,3,1.000000,0.000000,0.000000,0.000000,1.000000,0.000000,0.000000,0.000000,0.000000,0.000000,0.000000,0.000000,,20210309-230614,,98.793
C:\Users\josep\source\repos\AIOTED-digital\03_data_resize_all-use_for_training\3_3_ROI6_20210222-130931.jpg,3,3,1.000000,0.000000,0.000000,0.000000,1.000000,0.000000,0.000000,0.000000,0.000000,0.000000,0.000000,0.000000,,20210222-130931,,117.219
C:\Users\josep\source\repos\AIOTED-digital\03_data_resize_all-use_for_training\3_3_a.jpg,3,3,0.999919,0.000000,0.000000,0.000000,0.999919,0.000000,0.000000,0.000000,0.000000,0.000081,0.000000,0.000000,,,,209.838
C:\Users\josep\source\repos\AIOTED-digital\03_data_resize_all-use_for_training\3_3_dig2_20210628-181000.jpg,3,3,1.000000,0.000000,0.000000,0.000000,1.000000,0.000000,0.000000,0.000000,0.000000,0.000000,0.000000,0.000000,2,20210628-181000,kwh,98.422
C:\Users\josep\source\repos\AIOTED-digital\03_data_resize_all-use_for_training\3_3_dig5_20210629-195612.jpg,3,3,1.000000,0.000000,0.000000,0.000000,1.000000,0.000000,0.000000,0.000000,0.000000,0.000000,0.000000,0.000000,5,20210629-195612,kwh,138.238
C:\Users\josep\source\repos\AIOTED-digital\03_data_resize_all-use_for_training\3_3_dig6_20210629-084608.jpg,3,3,1.000000,0.000000,0.000000,0.000000,1.000000,0.000000,0.000000,0.000000,0.000000,0.000000,0.000000,0.000000,6,20210629-084608,kwh,119.771
C:\Users\josep\source\repos\AIOTED-digital\03_data_resize_all-use_for_training\3_3_digit1_20210727-105723.jpg,3,3,1.000000,0.000000,0.000000,0.000000,1.000000,0.000000,0.000000,0.000000,0.000000,0.000000,0.000000,0.000000,,20210727-105723,,84.518
C:\Users\josep\source\repos\AIOTED-digital\03_data_resize_all-use_for_training\3_3_digit3_20210504-175816.jpg,3,3,1.000000,0.000000,0.000000,0.000000,1.000000,0.000000,0.000000,0.000000,0.000000,0.000000,0.000000,0.000000,,20210504-175816,,151.054
C:\Users\josep\source\repos\AIOTED-digital\03_data_resize_all-use_for_training\3_3_digit3_20210524-141810.jpg,3,3,1.000000,0.000000,0.000000,0.000000,1.000000,0.000000,0.000000,0.000000,0.000000,0.000000,0.000000,0.000000,,20210524-141810,,108.243
C:\Users\josep\source\repos\AIOTED-digital\03_data_resize_all-use_for_training\3_3_digit7_20210406-130801.jpg,3,3,1.000000,0.000000,0.000000,0.000000,1.000000,0.000000,0.000001,0.000000,0.000000,0.000000,0.000000,0.000000,,20210406-130801,,140.099
C:\Users\josep\source\repos\AIOTED-digital\03_data_resize_all-use_for_training\3_3_digit7_20210525-064431.jpg,3,3,1.000000,0.000000,0.000000,0.000000,1.000000,0.000000,0.000000,0.000000,0.000000,0.000000,0.000000,0.000000,,20210525-064431,,85.520
C:\Users\josep\source\repos\AIOTED-digital\03_data_resize_all-use_for_training\3_3_nt7_20210626-004551.jpg,3,3,1.000000,0.000000,0.000000,0.000000,1.000000,0.000000,0.000000,0.000000,0.000000,0.000000,0.000000,0.000000,,20210626-004551,,60.337
C:\Users\josep\source\repos\AIOTED-digital\03_data_resize_all-use_for_training\3_3_nt7_20210628-010849.jpg,3,3,0.999995,0.000000,0.000000,0.000002,0.999995,0.000000,0.000000,0.000000,0.000000,0.000000,0.000000,0.000003,,20210628-010849,,73.312
C:\Users\josep\source\repos\AIOTED-digital\03_data_resize_all-use_for_training\3_3a0fe141a3070a74788f8d7a9234dd01.jpg,3,3,1.000000,0.000000,0.000000,0.000000,1.000000,0.000000,0.000000,0.000000,0.000000,0.000000,0.000000,0.000000,,,,136.855
C:\Users\josep\source\repos\AIOTED-digital\03_data_resize_all-use_for_training\3_45737d511f6b035ff210c21b766574dc.jpg,3,3,1.000000,0.000000,0.000000,0.000000,1.000000,0.000000,0.000000,0.000000,0.000000,0.000000,0.000000,0.000000,,,,79.815
C:\Users\josep\source\repos\AIOTED-digital\03_data_resize_all-use_for_training\3_6590.jpg,3,3,1.000000,0.000000,0.000000,0.000000,1.000000,0.000000,0.000000,0.000000,0.000000,0.000000,0.000000,0.000000,,,,200.382
C:\Users\josep\source\repos\AIOTED-digital\03_data_resize_all-use_for_training\3_70df9dabdcec0f42adca014d909d421a.jpg,3,3,0.999113,0.000000,0.000000,0.000459,0.999113,0.000000,0.000000,0.000000,0.000425,0.000000,0.000000,0.000002,,,,69.192
C:\Users\josep\source\repos\AIOTED-digital\03_data_resize_all-use_for_training\3_D5_2020-08-08_14-38-23.jpg,3,3,1.000000,0.000000,0.000000,0.000000,1.000000,0.000000,0.000000,0.000000,0.000000,0.000000,0.000000,0.000000,,,,91.980
C:\Users\josep\source\repos\AIOTED-digital\03_data_resize_all-use_for_training\3_D8_2020-08-25_12-14-40.jpg,3,3,1.000000,0.000000,0.000000,0.000000,1.000000,0.000000,0.000000,0.000000,0.000000,0.000000,0.000000,0.000000,,,,109.234
C:\Users\josep\source\repos\AIOTED-digital\03_data_resize_all-use_for_training\3_Ziffer_3_0001.jpg,3,3,1.000000,0.000000,0.000000,0.000000,1.000000,0.000000,0.000000,0.000000,0.000000,0.000000,0.000000,0.000000,,,,148.830
C:\Users\josep\source\repos\AIOTED-digital\03_data_resize_all-use_for_training\3_a2.jpg,3,3,1.000000,0.000000,0.000000,0.000000,1.000000,0.000000,0.000000,0.000000,0.000000,0.000000,0.000000,0.000000,,,,174.199
C:\Users\josep\source\repos\AIOTED-digital\03_data_resize_all-use_for_training\3_arbitrary.jpg,3,3,1.000000,0.000000,0.000000,0.000000,1.000000,0.000000,0.000000,0.000000,0.000000,0.000000,0.000000,0.000000,,,,111.514
C:\Users\josep\source\repos\AIOTED-digital\03_data_resize_all-use_for_training\3_arbitrary_20220227.jpg,3,3,1.000000,0.000000,0.000000,0.000000,1.000000,0.000000,0.000000,0.000000,0.000000,0.000000,0.000000,0.000000,,,,114.088
C:\Users\josep\source\repos\AIOTED-digital\03_data_resize_all-use_for_training\3_b1.jpg,3,3,1.000000,0.000000,0.000000,0.000000,1.000000,0.000000,0.000000,0.000000,0.000000,0.000000,0.000000,0.000000,,,,126.238
C:\Users\josep\source\repos\AIOTED-digital\03_data_resize_all-use_for_training\3_c1.jpg,3,3,1.000000,0.000000,0.000000,0.000000,1.000000,0.000000,0.000000,0.000000,0.000000,0.000000,0.000000,0.000000,,,,117.241
C:\Users\josep\source\repos\AIOTED-digital\03_data_resize_all-use_for_training\3_dig1_20220629-081655.jpg,3,3,1.000000,0.000000,0.000000,0.000000,1.000000,0.000000,0.000000,0.000000,0.000000,0.000000,0.000000,0.000000,1,20220629-081655,kwh,115.894
C:\Users\josep\source\repos\AIOTED-digital\03_data_resize_all-use_for_training\3_dig2_20220204-200853.jpg,3,3,1.000000,0.000000,0.000000,0.000000,1.000000,0.000000,0.000000,0.000000,0.000000,0.000000,0.000000,0.000000,2,20220204-200853,kwh,167.916
C:\Users\josep\source\repos\AIOTED-digital\03_data_resize_all-use_for_training\3_dig2_20220222-225933.jpg,3,3,1.000000,0.000000,0.000000,0.000000,1.000000,0.000000,0.000000,0.000000,0.000000,0.000000,0.000000,0.000000,2,20220222-225933,kwh,176.155
C:\Users\josep\source\repos\AIOTED-digital\03_data_resize_all-use_for_training\3_dig2_20220629-071655.jpg,3,3,1.000000,0.000000,0.000000,0.000000,1.000000,0.000000,0.000000,0.000000,0.000000,0.000000,0.000000,0.000000,2,20220629-071655,kwh,104.483
C:\Users\josep\source\repos\AIOTED-digital\03_data_resize_all-use_for_training\3_dig3_20220419-110024.jpg,3,3,1.000000,0.000000,0.000000,0.000000,1.000000,0.000000,0.000000,0.000000,0.000000,0.000000,0.000000,0.000000,3,20220419-110024,kwh,174.213
C:\Users\josep\source\repos\AIOTED-digital\03_data_resize_all-use_for_training\3_dig3_20220627-184801.jpg,3,3,1.000000,0.000000,0.000000,0.000000,1.000000,0.000000,0.000000,0.000000,0.000000,0.000000,0.000000,0.000000,3,20220627-184801,kwh,152.103
C:\Users\josep\source\repos\AIOTED-digital\03_data_resize_all-use_for_training\3_dig6_20220627-184801.jpg,3,3,1.000000,0.000000,0.000000,0.000000,1.000000,0.000000,0.000000,0.000000,0.000000,0.000000,0.000000,0.000000,6,20220627-184801,kwh,158.420
C:\Users\josep\source\repos\AIOTED-digital\03_data_resize_all-use_for_training\3_dig7_20220205-102227.jpg,3,3,1.000000,0.000000,0.000000,0.000000,1.000000,0.000000,0.000000,0.000000,0.000000,0.000000,0.000000,0.000000,7,20220205-102227,kwh,131.642
C:\Users\josep\source\repos\AIOTED-digital\03_data_resize_all-use_for_training\3_dig7_20220222-233532.jpg,3,3,1.000000,0.000000,0.000000,0.000000,1.000000,0.000000,0.000000,0.000000,0.000000,0.000000,0.000000,0.000000,7,20220222-233532,kwh,116.940
C:\Users\josep\source\repos\AIOTED-digital\03_data_resize_all-use_for_training\3_dig7_20220223-145629.jpg,3,3,1.000000,0.000000,0.000000,0.000000,1.000000,0.000000,0.000000,0.000000,0.000000,0.000000,0.000000,0.000000,7,20220223-145629,kwh,116.690
C:\Users\josep\source\repos\AIOTED-digital\03_data_resize_all-use_for_training\3_dig9_20220627-190234.jpg,3,3,1.000000,0.000000,0.000000,0.000000,1.000000,0.000000,0.000000,0.000000,0.000000,0.000000,0.000000,0.000000,9,20220627-190234,kwh,145.145
C:\Users\josep\source\repos\AIOTED-digital\03_data_resize_all-use_for_training\3_digit1_2020-04-17_17-08-54.jpg,3,3,1.000000,0.000000,0.000000,0.000000,1.000000,0.000000,0.000000,0.000000,0.000000,0.000000,0.000000,0.000000,,,,156.996
C:\Users\josep\source\repos\AIOTED-digital\03_data_resize_all-use_for_training\3_digit3_2020-04-17_18-51-09.jpg,3,3,1.000000,0.000000,0.000000,0.000000,1.000000,0.000000,0.000000,0.000000,0.000000,0.000000,0.000000,0.000000,,,,150.114
C:\Users\josep\source\repos\AIOTED-digital\03_data_resize_all-use_for_training\3_digit3_20210816-132214.jpg,3,3,1.000000,0.000000,0.000000,0.000000,1.000000,0.000000,0.000000,0.000000,0.000000,0.000000,0.000000,0.000000,,20210816-132214,,103.873
C:\Users\josep\source\repos\AIOTED-digital\03_data_resize_all-use_for_training\3_e5e99faca625e4d7e57d9d78de9da18e.jpg,3,3,0.999994,0.000000,0.000000,0.000006,0.999994,0.000000,0.000000,0.000000,0.000000,0.000000,0.000000,0.000000,,,,71.034
C:\Users\josep\source\repos\AIOTED-digital\03_data_resize_all-use_for_training\3_litre2_20220312-142730.jpg,3,3,1.000000,0.000000,0.000000,0.000000,1.000000,0.000000,0.000000,0.000000,0.000000,0.000000,0.000000,0.000000,,20220312-142730,,145.022
C:\Users\josep\source\repos\AIOTED-digital\03_data_resize_all-use_for_training\3_litre3_20220313-193355.jpg,3,3,1.000000,0.000000,0.000000,0.000000,1.000000,0.000000,0.000000,0.000000,0.000000,0.000000,0.000000,0.000000,,20220313-193355,,112.540
C:\Users\josep\source\repos\AIOTED-digital\03_data_resize_all-use_for_training\3_red2_19700109-015544.jpg,3,3,0.999777,0.000000,0.000000,0.000001,0.999777,0.000000,0.000000,0.000001,0.000000,0.000208,0.000001,0.000013,,19700109-015544,,88.748
C:\Users\josep\source\repos\AIOTED-digital\03_data_resize_all-use_for_training\3_red2_19700109-015844.jpg,3,3,0.999981,0.000000,0.000000,0.000000,0.999981,0.000000,0.000000,0.000000,0.000000,0.000017,0.000000,0.000001,,19700109-015844,,88.056
C:\Users\josep\source\repos\AIOTED-digital\03_data_resize_all-use_for_training\3_waerme_5_20221030-000508.jpg,3,3,1.000000,0.000000,0.000000,0.000000,1.000000,0.000000,0.000000,0.000000,0.000000,0.000000,0.000000,0.000000,,20221030-000508,,64.981
C:\Users\josep\source\repos\AIOTED-digital\03_data_resize_all-use_for_training\3_waerme_5_20221103-072050.jpg,3,3,0.999913,0.000003,0.000000,0.000000,0.999913,0.000000,0.000000,0.000000,0.000000,0.000084,0.000000,0.000000,,20221103-072050,,64.144
C:\Users\josep\source\repos\AIOTED-digital\03_data_resize_all-use_for_training\3_waerme_6_20221103-072050.jpg,3,3,1.000000,0.000000,0.000000,0.000000,1.000000,0.000000,0.000000,0.000000,0.000000,0.000000,0.000000,0.000000,,20221103-072050,,104.751
C:\Users\josep\source\repos\AIOTED-digital\03_data_resize_all-use_for_training\3_warmwasser_44_20221101-182536.jpg,3,3,1.000000,0.000000,0.000000,0.000000,1.000000,0.000000,0.000000,0.000000,0.000000,0.000000,0.000000,0.000000,,20221101-182536,,52.458
C:\Users\josep\source\repos\AIOTED-digital\03_data_resize_all-use_for_training\3_warmwasser_55_20221030-102507.jpg,3,3,1.000000,0.000000,0.000000,0.000000,1.000000,0.000000,0.000000,0.000000,0.000000,0.000000,0.000000,0.000000,,20221030-102507,,65.098
C:\Users\josep\source\repos\AIOTED-digital\03_data_resize_all-use_for_training\3_warmwasser_55_20221101-183036.jpg,3,3,1.000000,0.000000,0.000000,0.000000,1.000000,0.000000,0.000000,0.000000,0.000000,0.000000,0.000000,0.000000,,20221101-183036,,63.630
C:\Users\josep\source\repos\AIOTED-digital\03_data_resize_all-use_for_training\3_warmwasser_66_20221103-010051.jpg,3,3,1.000000,0.000000,0.000000,0.000000,1.000000,0.000000,0.000000,0.000000,0.000000,0.000000,0.000000,0.000000,,20221103-010051,,86.931
C:\Users\josep\source\repos\AIOTED-digital\03_data_resize_all-use_for_training\3_wassertemperatur_dec2_20221120-145223.jpg,3,3,0.999997,0.000000,0.000000,0.000000,0.999997,0.000000,0.000000,0.000000,0.000000,0.000000,0.000003,0.000000,,20221120-145223,,106.140
C:\Users\josep\source\repos\AIOTED-digital\03_data_resize_all-use_for_training\3_ziffer5_2019-11-05_05-03-01.jpg,3,3,1.000000,0.000000,0.000000,0.000000,1.000000,0.000000,0.000000,0.000000,0.000000,0.000000,0.000000,0.000000,,,,179.112
C:\Users\josep\source\repos\AIOTED-digital\03_data_resize_all-use_for_training\4 -1_3_20211231-090402.jpg,4,4,1.000000,0.000000,0.000000,0.000000,0.000000,1.000000,0.000000,0.000000,0.000000,0.000000,0.000000,0.000000,,20211231-090402,,74.449
C:\Users\josep\source\repos\AIOTED-digital\03_data_resize_all-use_for_training\4 -1_3_20211231-114401.jpg,4,4,1.000000,0.000000,0.000000,0.000000,0.000000,1.000000,0.000000,0.000000,0.000000,0.000000,0.000000,0.000000,,20211231-114401,,82.547
C:\Users\josep\source\repos\AIOTED-digital\03_data_resize_all-use_for_training\4-1.jpg,4,4,1.000000,0.000000,0.000000,0.000000,0.000000,1.000000,0.000000,0.000000,0.000000,0.000000,0.000000,0.000000,,,,112.943
C:\Users\josep\source\repos\AIOTED-digital\03_data_resize_all-use_for_training\4-2.jpg,4,4,1.000000,0.000000,0.000000,0.000000,0.000000,1.000000,0.000000,0.000000,0.000000,0.000000,0.000000,0.000000,,,,128.014
C:\Users\josep\source\repos\AIOTED-digital\03_data_resize_all-use_for_training\4.0_dig1_20211008-114800.jpg,4,4,1.000000,0.000000,0.000000,0.000000,0.000000,1.000000,0.000000,0.000000,0.000000,0.000000,0.000000,0.000000,1,20211008-114800,kwh,114.459
C:\Users\josep\source\repos\AIOTED-digital\03_data_resize_all-use_for_training\4.0_dig1_20211011-050841.jpg,4,4,1.000000,0.000000,0.000000,0.000000,0.000000,1.000000,0.000000,0.000000,0.000000,0.000000,0.000000,0.000000,1,20211011-050841,kwh,119.690
C:\Users\josep\source\repos\AIOTED-digital\03_data_resize_all-use_for_training\4.0_dig3_20211019-145729.jpg,4,4,1.000000,0.000000,0.000000,0.000000,0.000000,1.000000,0.000000,0.000000,0.000000,0.000000,0.000000,0.000000,3,20211019-145729,kwh,176.056
C:\Users\josep\source\repos\AIOTED-digital\03_data_resize_all-use_for_training\4.0_dig5_20210924-075240.jpg,4,4,1.000000,0.000000,0.000000,0.000000,0.000000,1.000000,0.000000,0.000000,0.000000,0.000000,0.000000,0.000000,5,20210924-075240,kwh,161.375
C:\Users\josep\source\repos\AIOTED-digital\03_data_resize_all-use_for_training\4.0_lcd.jpg,4,4,1.000000,0.000000,0.000000,0.000000,0.000000,1.000000,0.000000,0.000000,0.000000,0.000000,0.000000,0.000000,,,,93.686
C:\Users\josep\source\repos\AIOTED-digital\03_data_resize_all-use_for_training\4.0_main_dig2_20240316-092123.jpg,4,4,1.000000,0.000000,0.000000,0.000000,0.000000,1.000000,0.000000,0.000000,0.000000,0.000000,0.000000,0.000000,2,20240316-092123,kwh,56.000
C:\Users\josep\source\repos\AIOTED-digital\03_data_resize_all-use_for_training\4.0_main_dig3_20240314-124210.jpg,4,4,1.000000,0.000000,0.000000,0.000000,0.000000,1.000000,0.000000,0.000000,0.000000,0.000000,0.000000,0.000000,3,20240314-124210,kwh,97.000
C:\Users\josep\source\repos\AIOTED-digital\03_data_resize_all-use_for_training\4.jpg,4,4,1.000000,0.000000,0.000000,0.000000,0.000000,1.000000,0.000000,0.000000,0.000000,0.000000,0.000000,0.000000,,,,172.050
C:\Users\josep\source\repos\AIOTED-digital\03_data_resize_all-use_for_training\4_01.jpg,4,4,1.000000,0.000000,0.000000,0.000000,0.000000,1.000000,0.000000,0.000000,0.000000,0.000000,0.000000,0.000000,,,,95.002
C:\Users\josep\source\repos\AIOTED-digital\03_data_resize_all-use_for_training\4_02.jpg,4,4,1.000000,0.000000,0.000000,0.000000,0.000000,1.000000,0.000000,0.000000,0.000000,0.000000,0.000000,0.000000,,,,73.486
C:\Users\josep\source\repos\AIOTED-digital\03_data_resize_all-use_for_training\4_02b8acd90d35f3ff47911dbab5bbd965.jpg,4,4,1.000000,0.000000,0.000000,0.000000,0.000000,1.000000,0.000000,0.000000,0.000000,0.000000,0.000000,0.000000,,,,136.191
C:\Users\josep\source\repos\AIOTED-digital\03_data_resize_all-use_for_training\4_03.jpg,4,4,1.000000,0.000000,0.000000,0.000000,0.000000,1.000000,0.000000,0.000000,0.000000,0.000000,0.000000,0.000000,,,,87.069
C:\Users\josep\source\repos\AIOTED-digital\03_data_resize_all-use_for_training\4_0_ht6_20210627-212552.jpg,4,4,1.000000,0.000000,0.000000,0.000000,0.000000,1.000000,0.000000,0.000000,0.000000,0.000000,0.000000,0.000000,,20210627-212552,,76.078
C:\Users\josep\source\repos\AIOTED-digital\03_data_resize_all-use_for_training\4_0_ht6_20210627-222355.jpg,4,4,1.000000,0.000000,0.000000,0.000000,0.000000,1.000000,0.000000,0.000000,0.000000,0.000000,0.000000,0.000000,,20210627-222355,,79.039
C:\Users\josep\source\repos\AIOTED-digital\03_data_resize_all-use_for_training\4_0bcc24719f51cc6f400af3dd3d74022d.jpg,4,4,0.999999,0.000000,0.000000,0.000000,0.000000,0.999999,0.000000,0.000000,0.000000,0.000000,0.000000,0.000001,,,,67.623
C:\Users\josep\source\repos\AIOTED-digital\03_data_resize_all-use_for_training\4_1.jpg,4,4,1.000000,0.000000,0.000000,0.000000,0.000000,1.000000,0.000000,0.000000,0.000000,0.000000,0.000000,0.000000,,,,188.071
C:\Users\josep\source\repos\AIOTED-digital\03_data_resize_all-use_for_training\4_10_digit3_20210218-114313.jpg,4,4,1.000000,0.000000,0.000000,0.000000,0.000000,1.000000,0.000000,0.000000,0.000000,0.000000,0.000000,0.000000,,20210218-114313,,110.476
C:\Users\josep\source\repos\AIOTED-digital\03_data_resize_all-use_for_training\4_10_ht6_20210703-070449.jpg,4,4,1.000000,0.000000,0.000000,0.000000,0.000000,1.000000,0.000000,0.000000,0.000000,0.000000,0.000000,0.000000,,20210703-070449,,96.921
C:\Users\josep\source\repos\AIOTED-digital\03_data_resize_all-use_for_training\4_168f5388f05e057efbda67d6563b59b0.jpg,4,4,1.000000,0.000000,0.000000,0.000000,0.000000,1.000000,0.000000,0.000000,0.000000,0.000000,0.000000,0.000000,,,,138.863
C:\Users\josep\source\repos\AIOTED-digital\03_data_resize_all-use_for_training\4_17595.jpg,4,4,1.000000,0.000000,0.000000,0.000000,0.000000,1.000000,0.000000,0.000000,0.000000,0.000000,0.000000,0.000000,,,,202.136
C:\Users\josep\source\repos\AIOTED-digital\03_data_resize_all-use_for_training\4_1_20220211.jpg,4,4,1.000000,0.000000,0.000000,0.000000,0.000000,1.000000,0.000000,0.000000,0.000000,0.000000,0.000000,0.000000,,,,162.234
C:\Users\josep\source\repos\AIOTED-digital\03_data_resize_all-use_for_training\4_1edd7ef86e53d82a66ae4a26ac98cad8.jpg,4,4,0.999999,0.000000,0.000000,0.000000,0.000000,0.999999,0.000000,0.000000,0.000000,0.000000,0.000000,0.000001,,,,71.504
C:\Users\josep\source\repos\AIOTED-digital\03_data_resize_all-use_for_training\4_2.jpg,4,4,1.000000,0.000000,0.000000,0.000000,0.000000,1.000000,0.000000,0.000000,0.000000,0.000000,0.000000,0.000000,,,,179.121
C:\Users\josep\source\repos\AIOTED-digital\03_data_resize_all-use_for_training\4_20200824-205901_digit5.jpg,4,4,1.000000,0.000000,0.000000,0.000000,0.000000,1.000000,0.000000,0.000000,0.000000,0.000000,0.000000,0.000000,,20200824-205901,,179.028
C:\Users\josep\source\repos\AIOTED-digital\03_data_resize_all-use_for_training\4_20200910-023649_ROI5.jpg,4,4,1.000000,0.000000,0.000000,0.000000,0.000000,1.000000,0.000000,0.000000,0.000000,0.000000,0.000000,0.000000,,20200910-023649,,82.358
C:\Users\josep\source\repos\AIOTED-digital\03_data_resize_all-use_for_training\4_20200912-011030_ROI5.jpg,4,4,1.000000,0.000000,0.000000,0.000000,0.000000,1.000000,0.000000,0.000000,0.000000,0.000000,0.000000,0.000000,,20200912-011030,,84.907
C:\Users\josep\source\repos\AIOTED-digital\03_data_resize_all-use_for_training\4_2_20220211.jpg,4,4,1.000000,0.000000,0.000000,0.000000,0.000000,1.000000,0.000000,0.000000,0.000000,0.000000,0.000000,0.000000,,,,196.842
C:\Users\josep\source\repos\AIOTED-digital\03_data_resize_all-use_for_training\4_2f57f9affee181673b17202a6f473f36.jpg,4,4,1.000000,0.000000,0.000000,0.000000,0.000000,1.000000,0.000000,0.000000,0.000000,0.000000,0.000000,0.000000,,,,135.108
C:\Users\josep\source\repos\AIOTED-digital\03_data_resize_all-use_for_training\4_3.jpg,4,4,1.000000,0.000000,0.000000,0.000000,0.000000,1.000000,0.000000,0.000000,0.000000,0.000000,0.000000,0.000000,,,,124.654
C:\Users\josep\source\repos\AIOTED-digital\03_data_resize_all-use_for_training\4_3403.jpg,4,4,1.000000,0.000000,0.000000,0.000000,0.000000,1.000000,0.000000,0.000000,0.000000,0.000000,0.000000,0.000000,,,,194.166
C:\Users\josep\source\repos\AIOTED-digital\03_data_resize_all-use_for_training\4_3e0816ce66b72f0405af2b9aac9f1453.jpg,4,4,1.000000,0.000000,0.000000,0.000000,0.000000,1.000000,0.000000,0.000000,0.000000,0.000000,0.000000,0.000000,,,,77.312
C:\Users\josep\source\repos\AIOTED-digital\03_data_resize_all-use_for_training\4_4_7_20210725-091009.jpg,4,4,1.000000,0.000000,0.000000,0.000000,0.000000,1.000000,0.000000,0.000000,0.000000,0.000000,0.000000,0.000000,,20210725-091009,,100.015
C:\Users\josep\source\repos\AIOTED-digital\03_data_resize_all-use_for_training\4_4_8_20210727-092315.jpg,4,4,1.000000,0.000000,0.000000,0.000000,0.000000,1.000000,0.000000,0.000000,0.000000,0.000000,0.000000,0.000000,,20210727-092315,,119.543
C:\Users\josep\source\repos\AIOTED-digital\03_data_resize_all-use_for_training\4_4_ROI2_20210605-094214a.jpg,4,4,1.000000,0.000000,0.000000,0.000000,0.000000,1.000000,0.000000,0.000000,0.000000,0.000000,0.000000,0.000000,,20210605-094214,,220.227
C:\Users\josep\source\repos\AIOTED-digital\03_data_resize_all-use_for_training\4_4_ROI3_20210313-202538.jpg,4,4,1.000000,0.000000,0.000000,0.000000,0.000000,1.000000,0.000000,0.000000,0.000000,0.000000,0.000000,0.000000,,20210313-202538,,112.019
C:\Users\josep\source\repos\AIOTED-digital\03_data_resize_all-use_for_training\4_4_ROI4_20210308-220020.jpg,4,4,1.000000,0.000000,0.000000,0.000000,0.000000,1.000000,0.000000,0.000000,0.000000,0.000000,0.000000,0.000000,,20210308-220020,,138.870
C:\Users\josep\source\repos\AIOTED-digital\03_data_resize_all-use_for_training\4_4_ROI6_20210222-132331.jpg,4,4,0.999157,0.000000,0.000000,0.000003,0.000000,0.999157,0.000000,0.000447,0.000047,0.000000,0.000000,0.000345,,20210222-132331,,112.716
C:\Users\josep\source\repos\AIOTED-digital\03_data_resize_all-use_for_training\4_4_a.jpg,4,4,1.000000,0.000000,0.000000,0.000000,0.000000,1.000000,0.000000,0.000000,0.000000,0.000000,0.000000,0.000000,,,,222.214
C:\Users\josep\source\repos\AIOTED-digital\03_data_resize_all-use_for_training\4_4_b.jpg,4,4,1.000000,0.000000,0.000000,0.000000,0.000000,1.000000,0.000000,0.000000,0.000000,0.000000,0.000000,0.000000,,,,212.514
C:\Users\josep\source\repos\AIOTED-digital\03_data_resize_all-use_for_training\4_4_dig5_20210629-121009.jpg,4,4,1.000000,0.000000,0.000000,0.000000,0.000000,1.000000,0.000000,0.000000,0.000000,0.000000,0.000000,0.000000,5,20210629-121009,kwh,142.471
C:\Users\josep\source\repos\AIOTED-digital\03_data_resize_all-use_for_training\4_4_digit3_20210422-092016.jpg,4,4,1.000000,0.000000,0.000000,0.000000,0.000000,1.000000,0.000000,0.000000,0.000000,0.000000,0.000000,0.000000,,20210422-092016,,159.153
C:\Users\josep\source\repos\AIOTED-digital\03_data_resize_all-use_for_training\4_4_digit7_20210406-135138.jpg,4,4,1.000000,0.000000,0.000000,0.000000,0.000000,1.000000,0.000000,0.000000,0.000000,0.000000,0.000000,0.000000,,20210406-135138,,136.074
C:\Users\josep\source\repos\AIOTED-digital\03_data_resize_all-use_for_training\4_4_ht6_20210626-142130.jpg,4,4,1.000000,0.000000,0.000000,0.000000,0.000000,1.000000,0.000000,0.000000,0.000000,0.000000,0.000000,0.000000,,20210626-142130,,82.681
C:\Users\josep\source\repos\AIOTED-digital\03_data_resize_all-use_for_training\4_4_nt7_20210628-091840.jpg,4,4,0.999944,0.000000,0.000000,0.000000,0.000000,0.999944,0.000000,0.000000,0.000000,0.000000,0.000000,0.000055,,20210628-091840,,69.261
C:\Users\josep\source\repos\AIOTED-digital\03_data_resize_all-use_for_training\4_4_nt7_20210628-201127.jpg,4,4,0.999877,0.000000,0.000000,0.000000,0.000000,0.999877,0.000000,0.000027,0.000000,0.000000,0.000000,0.000095,,20210628-201127,,72.844
C:\Users\josep\source\repos\AIOTED-digital\03_data_resize_all-use_for_training\4_4b.jpg,4,4,1.000000,0.000000,0.000000,0.000000,0.000000,1.000000,0.000000,0.000000,0.000000,0.000000,0.000000,0.000000,,,,125.895
C:\Users\josep\source\repos\AIOTED-digital\03_data_resize_all-use_for_training\4_8b6fe84a1d464bc1205d74831ee3656c.jpg,4,4,1.000000,0.000000,0.000000,0.000000,0.000000,1.000000,0.000000,0.000000,0.000000,0.000000,0.000000,0.000000,,,,76.012
C:\Users\josep\source\repos\AIOTED-digital\03_data_resize_all-use_for_training\4_9b1c693e54d4d158b6f688cf505a356c.jpg,4,4,1.000000,0.000000,0.000000,0.000000,0.000000,1.000000,0.000000,0.000000,0.000000,0.000000,0.000000,0.000000,,,,68.003
C:\Users\josep\source\repos\AIOTED-digital\03_data_resize_all-use_for_training\4_D5_2020-08-09_08-01-04.jpg,4,4,1.000000,0.000000,0.000000,0.000000,0.000000,1.000000,0.000000,0.000000,0.000000,0.000000,0.000000,0.000000,,,,78.886
C:\Users\josep\source\repos\AIOTED-digital\03_data_resize_all-use_for_training\4_D5_2020-08-09_19-16-55.jpg,4,4,1.000000,0.000000,0.000000,0.000000,0.000000,1.000000,0.000000,0.000000,0.000000,0.000000,0.000000,0.000000,,,,113.206
C:\Users\josep\source\repos\AIOTED-digital\03_data_resize_all-use_for_training\4_D5_2020-08-20_17-24-21.jpg,4,4,1.000000,0.000000,0.000000,0.000000,0.000000,1.000000,0.000000,0.000000,0.000000,0.000000,0.000000,0.000000,,,,97.064
C:\Users\josep\source\repos\AIOTED-digital\03_data_resize_all-use_for_training\4_a1.jpg,4,4,1.000000,0.000000,0.000000,0.000000,0.000000,1.000000,0.000000,0.000000,0.000000,0.000000,0.000000,0.000000,,,,167.900
C:\Users\josep\source\repos\AIOTED-digital\03_data_resize_all-use_for_training\4_arbitrary.jpg,4,4,1.000000,0.000000,0.000000,0.000000,0.000000,1.000000,0.000000,0.000000,0.000000,0.000000,0.000000,0.000000,,,,76.588
C:\Users\josep\source\repos\AIOTED-digital\03_data_resize_all-use_for_training\4_arbitrary_20220227.jpg,4,4,1.000000,0.000000,0.000000,0.000000,0.000000,1.000000,0.000000,0.000000,0.000000,0.000000,0.000000,0.000000,,,,119.833
C:\Users\josep\source\repos\AIOTED-digital\03_data_resize_all-use_for_training\4_b1.jpg,4,4,1.000000,0.000000,0.000000,0.000000,0.000000,1.000000,0.000000,0.000000,0.000000,0.000000,0.000000,0.000000,,,,190.121
C:\Users\josep\source\repos\AIOTED-digital\03_data_resize_all-use_for_training\4_c1.jpg,4,4,1.000000,0.000000,0.000000,0.000000,0.000000,1.000000,0.000000,0.000000,0.000000,0.000000,0.000000,0.000000,,,,120.129
C:\Users\josep\source\repos\AIOTED-digital\03_data_resize_all-use_for_training\4_dig1_20220629-100156.jpg,4,4,1.000000,0.000000,0.000000,0.000000,0.000000,1.000000,0.000000,0.000000,0.000000,0.000000,0.000000,0.000000,1,20220629-100156,kwh,115.043
C:\Users\josep\source\repos\AIOTED-digital\03_data_resize_all-use_for_training\4_dig2_20220629-072155.jpg,4,4,1.000000,0.000000,0.000000,0.000000,0.000000,1.000000,0.000000,0.000000,0.000000,0.000000,0.000000,0.000000,2,20220629-072155,kwh,105.154
C:\Users\josep\source\repos\AIOTED-digital\03_data_resize_all-use_for_training\4_dig3_20220629-031155.jpg,4,4,1.000000,0.000000,0.000000,0.000000,0.000000,1.000000,0.000000,0.000000,0.000000,0.000000,0.000000,0.000000,3,20220629-031155,kwh,79.099
C:\Users\josep\source\repos\AIOTED-digital\03_data_resize_all-use_for_training\4_dig5_20220204-202326.jpg,4,4,1.000000,0.000000,0.000000,0.000000,0.000000,1.000000,0.000000,0.000000,0.000000,0.000000,0.000000,0.000000,5,20220204-202326,kwh,172.418
C:\Users\josep\source\repos\AIOTED-digital\03_data_resize_all-use_for_training\4_dig5_20220409-050051.jpg,4,4,0.999999,0.000000,0.000000,0.000000,0.000000,0.999999,0.000000,0.000000,0.000000,0.000000,0.000000,0.000001,5,20220409-050051,kwh,176.139
C:\Users\josep\source\repos\AIOTED-digital\03_data_resize_all-use_for_training\4_dig5b_19700108-000130.jpg,4,4,1.000000,0.000000,0.000000,0.000000,0.000000,1.000000,0.000000,0.000000,0.000000,0.000000,0.000000,0.000000,,19700108-000130,,100.071
C:\Users\josep\source\repos\AIOTED-digital\03_data_resize_all-use_for_training\4_dig6_20220205-102718.jpg,4,4,1.000000,0.000000,0.000000,0.000000,0.000000,1.000000,0.000000,0.000000,0.000000,0.000000,0.000000,0.000000,6,20220205-102718,kwh,161.479
C:\Users\josep\source\repos\AIOTED-digital\03_data_resize_all-use_for_training\4_dig6_20220222-170224.jpg,4,4,1.000000,0.000000,0.000000,0.000000,0.000000,1.000000,0.000000,0.000000,0.000000,0.000000,0.000000,0.000000,6,20220222-170224,kwh,158.061
C:\Users\josep\source\repos\AIOTED-digital\03_data_resize_all-use_for_training\4_dig6_20220627-185743.jpg,4,4,1.000000,0.000000,0.000000,0.000000,0.000000,1.000000,0.000000,0.000000,0.000000,0.000000,0.000000,0.000000,6,20220627-185743,kwh,158.111
C:\Users\josep\source\repos\AIOTED-digital\03_data_resize_all-use_for_training\4_dig7_20220205-120418.jpg,4,4,1.000000,0.000000,0.000000,0.000000,0.000000,1.000000,0.000000,0.000000,0.000000,0.000000,0.000000,0.000000,7,20220205-120418,kwh,134.867
C:\Users\josep\source\repos\AIOTED-digital\03_data_resize_all-use_for_training\4_digit1_2020-04-17_18-20-09.jpg,4,4,1.000000,0.000000,0.000000,0.000000,0.000000,1.000000,0.000000,0.000000,0.000000,0.000000,0.000000,0.000000,,,,145.378
C:\Users\josep\source\repos\AIOTED-digital\03_data_resize_all-use_for_training\4_digit2_2020-03-22_12-05-10.jpg,4,4,1.000000,0.000000,0.000000,0.000000,0.000000,1.000000,0.000000,0.000000,0.000000,0.000000,0.000000,0.000000,,,,141.150
C:\Users\josep\source\repos\AIOTED-digital\03_data_resize_all-use_for_training\4_digit3_2020-03-23_18-29-05.jpg,4,4,1.000000,0.000000,0.000000,0.000000,0.000000,1.000000,0.000000,0.000000,0.000000,0.000000,0.000000,0.000000,,,,148.891
C:\Users\josep\source\repos\AIOTED-digital\03_data_resize_all-use_for_training\4_digit5_2020-04-17_16-25-34.jpg,4,4,1.000000,0.000000,0.000000,0.000000,0.000000,1.000000,0.000000,0.000000,0.000000,0.000000,0.000000,0.000000,,,,139.929
C:\Users\josep\source\repos\AIOTED-digital\03_data_resize_all-use_for_training\4_digit6_113213.jpg,4,4,1.000000,0.000000,0.000000,0.000000,0.000000,1.000000,0.000000,0.000000,0.000000,0.000000,0.000000,0.000000,,,,129.775
C:\Users\josep\source\repos\AIOTED-digital\03_data_resize_all-use_for_training\4_digit6_2020-03-22_11-44-09.jpg,4,4,1.000000,0.000000,0.000000,0.000000,0.000000,1.000000,0.000000,0.000000,0.000000,0.000000,0.000000,0.000000,,,,102.334
C:\Users\josep\source\repos\AIOTED-digital\03_data_resize_all-use_for_training\4_digit6_20210814-092830.jpg,4,4,1.000000,0.000000,0.000000,0.000000,0.000000,1.000000,0.000000,0.000000,0.000000,0.000000,0.000000,0.000000,,20210814-092830,,84.429
C:\Users\josep\source\repos\AIOTED-digital\03_data_resize_all-use_for_training\4_digit7_511107.jpg,4,4,1.000000,0.000000,0.000000,0.000000,0.000000,1.000000,0.000000,0.000000,0.000000,0.000000,0.000000,0.000000,,,,116.698
C:\Users\josep\source\repos\AIOTED-digital\03_data_resize_all-use_for_training\4_ex_0_dig7_20220223-111430.jpg,4,4,1.000000,0.000000,0.000000,0.000000,0.000000,1.000000,0.000000,0.000000,0.000000,0.000000,0.000000,0.000000,7,20220223-111430,kwh,149.315
C:\Users\josep\source\repos\AIOTED-digital\03_data_resize_all-use_for_training\4_litre2_20220312-143100.jpg,4,4,0.780098,0.000000,0.000000,0.000000,0.000003,0.780098,0.000101,0.219797,0.000000,0.000000,0.000000,0.000001,,20220312-143100,,107.490
C:\Users\josep\source\repos\AIOTED-digital\03_data_resize_all-use_for_training\4_red2_19700109-004128.jpg,4,4,1.000000,0.000000,0.000000,0.000000,0.000000,1.000000,0.000000,0.000000,0.000000,0.000000,0.000000,0.000000,,19700109-004128,,99.600
C:\Users\josep\source\repos\AIOTED-digital\03_data_resize_all-use_for_training\4_red2_19700109-012540.jpg,4,4,0.999997,0.000000,0.000000,0.000000,0.000000,0.999997,0.000000,0.000003,0.000000,0.000000,0.000000,0.000000,,19700109-012540,,94.771
C:\Users\josep\source\repos\AIOTED-digital\03_data_resize_all-use_for_training\4_waerme_5_20221030-060008.jpg,4,4,1.000000,0.000000,0.000000,0.000000,0.000000,1.000000,0.000000,0.000000,0.000000,0.000000,0.000000,0.000000,,20221030-060008,,57.958
C:\Users\josep\source\repos\AIOTED-digital\03_data_resize_all-use_for_training\4_waerme_5_20221030-104007.jpg,4,4,1.000000,0.000000,0.000000,0.000000,0.000000,1.000000,0.000000,0.000000,0.000000,0.000000,0.000000,0.000000,,20221030-104007,,68.484
C:\Users\josep\source\repos\AIOTED-digital\03_data_resize_all-use_for_training\4_waerme_5_20221103-160549.jpg,4,4,1.000000,0.000000,0.000000,0.000000,0.000000,1.000000,0.000000,0.000000,0.000000,0.000000,0.000000,0.000000,,20221103-160549,,65.085
C:\Users\josep\source\repos\AIOTED-digital\03_data_resize_all-use_for_training\4_waerme_5_20221103-204048.jpg,4,4,1.000000,0.000000,0.000000,0.000000,0.000000,1.000000,0.000000,0.000000,0.000000,0.000000,0.000000,0.000000,,20221103-204048,,66.901
C:\Users\josep\source\repos\AIOTED-digital\03_data_resize_all-use_for_training\4_waerme_6_20221030-083508.jpg,4,4,1.000000,0.000000,0.000000,0.000000,0.000000,1.000000,0.000000,0.000000,0.000000,0.000000,0.000000,0.000000,,20221030-083508,,90.107
C:\Users\josep\source\repos\AIOTED-digital\03_data_resize_all-use_for_training\4_waerme_6_20221103-072550.jpg,4,4,1.000000,0.000000,0.000000,0.000000,0.000000,1.000000,0.000000,0.000000,0.000000,0.000000,0.000000,0.000000,,20221103-072550,,100.896
C:\Users\josep\source\repos\AIOTED-digital\03_data_resize_all-use_for_training\4_waerme_6_20221103-160549.jpg,4,4,1.000000,0.000000,0.000000,0.000000,0.000000,1.000000,0.000000,0.000000,0.000000,0.000000,0.000000,0.000000,,20221103-160549,,92.264
C:\Users\josep\source\repos\AIOTED-digital\03_data_resize_all-use_for_training\4_warmwasser_44_20221103-070050.jpg,4,4,1.000000,0.000000,0.000000,0.000000,0.000000,1.000000,0.000000,0.000000,0.000000,0.000000,0.000000,0.000000,,20221103-070050,,47.915
C:\Users\josep\source\repos\AIOTED-digital\03_data_resize_all-use_for_training\4_warmwasser_55_20221031-231038.jpg,4,4,1.000000,0.000000,0.000000,0.000000,0.000000,1.000000,0.000000,0.000000,0.000000,0.000000,0.000000,0.000000,,20221031-231038,,63.582
C:\Users\josep\source\repos\AIOTED-digital\03_data_resize_all-use_for_training\4_wassertemperatur_dec1_20221119-182827.jpg,4,4,1.000000,0.000000,0.000000,0.000000,0.000000,1.000000,0.000000,0.000000,0.000000,0.000000,0.000000,0.000000,,20221119-182827,,110.243
C:\Users\josep\source\repos\AIOTED-digital\03_data_resize_all-use_for_training\4_wassertemperatur_dec2_20221120-093124.jpg,4,4,1.000000,0.000000,0.000000,0.000000,0.000000,1.000000,0.000000,0.000000,0.000000,0.000000,0.000000,0.000000,,20221120-093124,,98.774
C:\Users\josep\source\repos\AIOTED-digital\03_data_resize_all-use_for_training\4_ziffer5_2019-11-09_13-06-31.jpg,4,4,1.000000,0.000000,0.000000,0.000000,0.000000,1.000000,0.000000,0.000000,0.000000,0.000000,0.000000,0.000000,,,,163.155
C:\Users\josep\source\repos\AIOTED-digital\03_data_resize_all-use_for_training\4_ziffer5_2019-11-10_17-54-23.jpg,4,4,1.000000,0.000000,0.000000,0.000000,0.000000,1.000000,0.000000,0.000000,0.000000,0.000000,0.000000,0.000000,,,,170.153
C:\Users\josep\source\repos\AIOTED-digital\03_data_resize_all-use_for_training\5 -5_7_20211231-064402.jpg,5,5,1.000000,0.000000,0.000000,0.000000,0.000000,0.000000,1.000000,0.000000,0.000000,0.000000,0.000000,0.000000,,20211231-064402,,85.266
C:\Users\josep\source\repos\AIOTED-digital\03_data_resize_all-use_for_training\5 -5_7_20211231-092401.jpg,5,5,1.000000,0.000000,0.000000,0.000000,0.000000,0.000000,1.000000,0.000000,0.000000,0.000000,0.000000,0.000000,,20211231-092401,,83.286
C:\Users\josep\source\repos\AIOTED-digital\03_data_resize_all-use_for_training\5-1.jpg,5,5,1.000000,0.000000,0.000000,0.000000,0.000000,0.000000,1.000000,0.000000,0.000000,0.000000,0.000000,0.000000,,,,154.191
C:\Users\josep\source\repos\AIOTED-digital\03_data_resize_all-use_for_training\5-10_5_20220102-153613.jpg,5,5,1.000000,0.000000,0.000000,0.000000,0.000000,0.000000,1.000000,0.000000,0.000000,0.000000,0.000000,0.000000,,20220102-153613,,87.076
C:\Users\josep\source\repos\AIOTED-digital\03_data_resize_all-use_for_training\5-2.jpg,5,5,1.000000,0.000000,0.000000,0.000000,0.000000,0.000000,1.000000,0.000000,0.000000,0.000000,0.000000,0.000000,,,,157.535
C:\Users\josep\source\repos\AIOTED-digital\03_data_resize_all-use_for_training\5.0_63154126a45afd14523d9a5af00b40c4.jpg,5,5,1.000000,0.000000,0.000000,0.000000,0.000000,0.000000,1.000000,0.000000,0.000000,0.000000,0.000000,0.000000,,,,148.478
C:\Users\josep\source\repos\AIOTED-digital\03_data_resize_all-use_for_training\5.0_dig1_20211005-205441.jpg,5,5,1.000000,0.000000,0.000000,0.000000,0.000000,0.000000,1.000000,0.000000,0.000000,0.000000,0.000000,0.000000,1,20211005-205441,kwh,116.826
C:\Users\josep\source\repos\AIOTED-digital\03_data_resize_all-use_for_training\5.0_dig4_20210926-214929.jpg,5,5,1.000000,0.000000,0.000000,0.000000,0.000000,0.000000,1.000000,0.000000,0.000000,0.000000,0.000000,0.000000,4,20210926-214929,kwh,154.954
C:\Users\josep\source\repos\AIOTED-digital\03_data_resize_all-use_for_training\5.0_lcd.jpg,5,5,1.000000,0.000000,0.000000,0.000000,0.000000,0.000000,1.000000,0.000000,0.000000,0.000000,0.000000,0.000000,,,,93.808
C:\Users\josep\source\repos\AIOTED-digital\03_data_resize_all-use_for_training\5.0_main_dig2_20240316-093323.jpg,5,5,1.000000,0.000000,0.000000,0.000000,0.000000,0.000000,1.000000,0.000000,0.000000,0.000000,0.000000,0.000000,2,20240316-093323,kwh,66.050
C:\Users\josep\source\repos\AIOTED-digital\03_data_resize_all-use_for_training\5.0_main_dig3_20240314-172710.jpg,5,5,1.000000,0.000000,0.000000,0.000000,0.000000,0.000000,1.000000,0.000000,0.000000,0.000000,0.000000,0.000000,3,20240314-172710,kwh,117.000
C:\Users\josep\source\repos\AIOTED-digital\03_data_resize_all-use_for_training\5.0_main_dig4_20240316-104523.jpg,5,5,1.000000,0.000000,0.000000,0.000000,0.000000,0.000000,1.000000,0.000000,0.000000,0.000000,0.000000,0.000000,4,20240316-104523,kwh,179.100
C:\Users\josep\source\repos\AIOTED-digital\03_data_resize_all-use_for_training\5.jpg,5,5,1.000000,0.000000,0.000000,0.000000,0.000000,0.000000,1.000000,0.000000,0.000000,0.000000,0.000000,0.000000,,,,168.781
C:\Users\josep\source\repos\AIOTED-digital\03_data_resize_all-use_for_training\5_01.jpg,5,5,1.000000,0.000000,0.000000,0.000000,0.000000,0.000000,1.000000,0.000000,0.000000,0.000000,0.000000,0.000000,,,,108.298
C:\Users\josep\source\repos\AIOTED-digital\03_data_resize_all-use_for_training\5_02.jpg,5,5,1.000000,0.000000,0.000000,0.000000,0.000000,0.000000,1.000000,0.000000,0.000000,0.000000,0.000000,0.000000,,,,81.967
C:\Users\josep\source\repos\AIOTED-digital\03_data_resize_all-use_for_training\5_03.jpg,5,5,1.000000,0.000000,0.000000,0.000000,0.000000,0.000000,1.000000,0.000000,0.000000,0.000000,0.000000,0.000000,,,,95.025
C:\Users\josep\source\repos\AIOTED-digital\03_data_resize_all-use_for_training\5_07c9faaaf832ad0db5a4d0222e95c21e.jpg,5,5,1.000000,0.000000,0.000000,0.000000,0.000000,0.000000,1.000000,0.000000,0.000000,0.000000,0.000000,0.000000,,,,138.082
C:\Users\josep\source\repos\AIOTED-digital\03_data_resize_all-use_for_training\5_0883a9103d7a9c3b07f481db2dbb12e8.jpg,5,5,1.000000,0.000000,0.000000,0.000000,0.000000,0.000000,1.000000,0.000000,0.000000,0.000000,0.000000,0.000000,,,,134.709
C:\Users\josep\source\repos\AIOTED-digital\03_data_resize_all-use_for_training\5_0_nt3_20210627-213043.jpg,5,5,1.000000,0.000000,0.000000,0.000000,0.000000,0.000000,1.000000,0.000000,0.000000,0.000000,0.000000,0.000000,,20210627-213043,,87.162
C:\Users\josep\source\repos\AIOTED-digital\03_data_resize_all-use_for_training\5_0_nt3_20210627-222355.jpg,5,5,0.999979,0.000000,0.000000,0.000000,0.000000,0.000000,0.999979,0.000020,0.000000,0.000000,0.000000,0.000001,,20210627-222355,,62.717
C:\Users\josep\source\repos\AIOTED-digital\03_data_resize_all-use_for_training\5_0_nt3_20210628-222251.jpg,5,5,1.000000,0.000000,0.000000,0.000000,0.000000,0.000000,1.000000,0.000000,0.000000,0.000000,0.000000,0.000000,,20210628-222251,,100.668
C:\Users\josep\source\repos\AIOTED-digital\03_data_resize_all-use_for_training\5_1.jpg,5,5,1.000000,0.000000,0.000000,0.000000,0.000000,0.000000,1.000000,0.000000,0.000000,0.000000,0.000000,0.000000,,,,191.834
C:\Users\josep\source\repos\AIOTED-digital\03_data_resize_all-use_for_training\5_14247.jpg,5,5,1.000000,0.000000,0.000000,0.000000,0.000000,0.000000,1.000000,0.000000,0.000000,0.000000,0.000000,0.000000,,,,191.206
C:\Users\josep\source\repos\AIOTED-digital\03_data_resize_all-use_for_training\5_153930625a620b1ca88403ec76310e80.jpg,5,5,1.000000,0.000000,0.000000,0.000000,0.000000,0.000000,1.000000,0.000000,0.000000,0.000000,0.000000,0.000000,,,,121.609
C:\Users\josep\source\repos\AIOTED-digital\03_data_resize_all-use_for_training\5_1619417105694-digit2.jpg,5,5,1.000000,0.000000,0.000000,0.000000,0.000000,0.000000,1.000000,0.000000,0.000000,0.000000,0.000000,0.000000,,,,107.782
C:\Users\josep\source\repos\AIOTED-digital\03_data_resize_all-use_for_training\5_16f09fb2204deb2d914f0aed228cdbbe.jpg,5,5,1.000000,0.000000,0.000000,0.000000,0.000000,0.000000,1.000000,0.000000,0.000000,0.000000,0.000000,0.000000,,,,130.665
C:\Users\josep\source\repos\AIOTED-digital\03_data_resize_all-use_for_training\5_1_20220211.jpg,5,5,0.999989,0.000000,0.000000,0.000000,0.000000,0.000000,0.999989,0.000011,0.000000,0.000000,0.000000,0.000000,,,,151.602
C:\Users\josep\source\repos\AIOTED-digital\03_data_resize_all-use_for_training\5_1c5c529db001dfdc01da497a93c5b702.jpg,5,5,1.000000,0.000000,0.000000,0.000000,0.000000,0.000000,1.000000,0.000000,0.000000,0.000000,0.000000,0.000000,,,,78.074
C:\Users\josep\source\repos\AIOTED-digital\03_data_resize_all-use_for_training\5_2.jpg,5,5,1.000000,0.000000,0.000000,0.000000,0.000000,0.000000,1.000000,0.000000,0.000000,0.000000,0.000000,0.000000,,,,157.510
C:\Users\josep\source\repos\AIOTED-digital\03_data_resize_all-use_for_training\5_20200812-215759_digit3.jpg,5,5,1.000000,0.000000,0.000000,0.000000,0.000000,0.000000,1.000000,0.000000,0.000000,0.000000,0.000000,0.000000,,20200812-215759,,174.463
C:\Users\josep\source\repos\AIOTED-digital\03_data_resize_all-use_for_training\5_20200814-123005_digit3.jpg,5,5,1.000000,0.000000,0.000000,0.000000,0.000000,0.000000,1.000000,0.000000,0.000000,0.000000,0.000000,0.000000,,20200814-123005,,165.994
C:\Users\josep\source\repos\AIOTED-digital\03_data_resize_all-use_for_training\5_20200910-032519_ROI5.jpg,5,5,1.000000,0.000000,0.000000,0.000000,0.000000,0.000000,1.000000,0.000000,0.000000,0.000000,0.000000,0.000000,,20200910-032519,,78.786
C:\Users\josep\source\repos\AIOTED-digital\03_data_resize_all-use_for_training\5_20200910-214628_ROI4.jpg,5,5,1.000000,0.000000,0.000000,0.000000,0.000000,0.000000,1.000000,0.000000,0.000000,0.000000,0.000000,0.000000,,20200910-214628,,97.301
C:\Users\josep\source\repos\AIOTED-digital\03_data_resize_all-use_for_training\5_22812b0834e1dd513717eb4a28e1ebb4.jpg,5,5,1.000000,0.000000,0.000000,0.000000,0.000000,0.000000,1.000000,0.000000,0.000000,0.000000,0.000000,0.000000,,,,127.499
C:\Users\josep\source\repos\AIOTED-digital\03_data_resize_all-use_for_training\5_2_20220211.jpg,5,5,1.000000,0.000000,0.000000,0.000000,0.000000,0.000000,1.000000,0.000000,0.000000,0.000000,0.000000,0.000000,,,,197.330
C:\Users\josep\source\repos\AIOTED-digital\03_data_resize_all-use_for_training\5_3.jpg,5,5,1.000000,0.000000,0.000000,0.000000,0.000000,0.000000,1.000000,0.000000,0.000000,0.000000,0.000000,0.000000,,,,199.678
C:\Users\josep\source\repos\AIOTED-digital\03_data_resize_all-use_for_training\5_31873.jpg,5,5,1.000000,0.000000,0.000000,0.000000,0.000000,0.000000,1.000000,0.000000,0.000000,0.000000,0.000000,0.000000,,,,202.289
C:\Users\josep\source\repos\AIOTED-digital\03_data_resize_all-use_for_training\5_4933b5daf6458c840f2ab62d9234652b.jpg,5,5,1.000000,0.000000,0.000000,0.000000,0.000000,0.000000,1.000000,0.000000,0.000000,0.000000,0.000000,0.000000,,,,129.870
C:\Users\josep\source\repos\AIOTED-digital\03_data_resize_all-use_for_training\5_4bbfeb6de99433e535b9669224835ba4.jpg,5,5,0.999995,0.000000,0.000000,0.000000,0.000000,0.000000,0.999995,0.000005,0.000000,0.000000,0.000000,0.000000,,,,67.393
C:\Users\josep\source\repos\AIOTED-digital\03_data_resize_all-use_for_training\5_55c00d3273106104a75995d54e2241f6.jpg,5,5,1.000000,0.000000,0.000000,0.000000,0.000000,0.000000,1.000000,0.000000,0.000000,0.000000,0.000000,0.000000,,,,76.313
C:\Users\josep\source\repos\AIOTED-digital\03_data_resize_all-use_for_training\5_5_ROI2_20210605-125021a.jpg,5,5,1.000000,0.000000,0.000000,0.000000,0.000000,0.000000,1.000000,0.000000,0.000000,0.000000,0.000000,0.000000,,20210605-125021,,222.010
C:\Users\josep\source\repos\AIOTED-digital\03_data_resize_all-use_for_training\5_5_ROI3_20210320-010309.jpg,5,5,1.000000,0.000000,0.000000,0.000000,0.000000,0.000000,1.000000,0.000000,0.000000,0.000000,0.000000,0.000000,,20210320-010309,,123.659
C:\Users\josep\source\repos\AIOTED-digital\03_data_resize_all-use_for_training\5_5_ROI4_20210418-173416.jpg,5,5,1.000000,0.000000,0.000000,0.000000,0.000000,0.000000,1.000000,0.000000,0.000000,0.000000,0.000000,0.000000,,20210418-173416,,154.964
C:\Users\josep\source\repos\AIOTED-digital\03_data_resize_all-use_for_training\5_5_dig5_20210628-180600.jpg,5,5,1.000000,0.000000,0.000000,0.000000,0.000000,0.000000,1.000000,0.000000,0.000000,0.000000,0.000000,0.000000,5,20210628-180600,kwh,153.694
C:\Users\josep\source\repos\AIOTED-digital\03_data_resize_all-use_for_training\5_5_dig6_20210629-104008.jpg,5,5,1.000000,0.000000,0.000000,0.000000,0.000000,0.000000,1.000000,0.000000,0.000000,0.000000,0.000000,0.000000,6,20210629-104008,kwh,122.847
C:\Users\josep\source\repos\AIOTED-digital\03_data_resize_all-use_for_training\5_5_ht7_20210628-132602.jpg,5,5,1.000000,0.000000,0.000000,0.000000,0.000000,0.000000,1.000000,0.000000,0.000000,0.000000,0.000000,0.000000,,20210628-132602,,84.683
C:\Users\josep\source\repos\AIOTED-digital\03_data_resize_all-use_for_training\5_5_nt3_20210625-173304.jpg,5,5,1.000000,0.000000,0.000000,0.000000,0.000000,0.000000,1.000000,0.000000,0.000000,0.000000,0.000000,0.000000,,20210625-173304,,72.925
C:\Users\josep\source\repos\AIOTED-digital\03_data_resize_all-use_for_training\5_5b.jpg,5,5,0.999896,0.000000,0.000000,0.000000,0.000000,0.000000,0.999896,0.000104,0.000000,0.000000,0.000000,0.000000,,,,129.702
C:\Users\josep\source\repos\AIOTED-digital\03_data_resize_all-use_for_training\5_6167c17090a7df919d60361328b107ca.jpg,5,5,1.000000,0.000000,0.000000,0.000000,0.000000,0.000000,1.000000,0.000000,0.000000,0.000000,0.000000,0.000000,,,,124.891
C:\Users\josep\source\repos\AIOTED-digital\03_data_resize_all-use_for_training\5_7893.jpg,5,5,1.000000,0.000000,0.000000,0.000000,0.000000,0.000000,1.000000,0.000000,0.000000,0.000000,0.000000,0.000000,,,,202.704
C:\Users\josep\source\repos\AIOTED-digital\03_data_resize_all-use_for_training\5_8ac7d9372b2aff7640a50f460a36c269.jpg,5,5,1.000000,0.000000,0.000000,0.000000,0.000000,0.000000,1.000000,0.000000,0.000000,0.000000,0.000000,0.000000,,,,76.828
C:\Users\josep\source\repos\AIOTED-digital\03_data_resize_all-use_for_training\5_Ziffer_5_0119.jpg,5,5,1.000000,0.000000,0.000000,0.000000,0.000000,0.000000,1.000000,0.000000,0.000000,0.000000,0.000000,0.000000,,,,146.188
C:\Users\josep\source\repos\AIOTED-digital\03_data_resize_all-use_for_training\5_arbitrary.jpg,5,5,1.000000,0.000000,0.000000,0.000000,0.000000,0.000000,1.000000,0.000000,0.000000,0.000000,0.000000,0.000000,,,,69.295
C:\Users\josep\source\repos\AIOTED-digital\03_data_resize_all-use_for_training\5_arbitrary_20220227.jpg,5,5,1.000000,0.000000,0.000000,0.000000,0.000000,0.000000,1.000000,0.000000,0.000000,0.000000,0.000000,0.000000,,,,115.623
C:\Users\josep\source\repos\AIOTED-digital\03_data_resize_all-use_for_training\5_c.jpg,5,5,1.000000,0.000000,0.000000,0.000000,0.000000,0.000000,1.000000,0.000000,0.000000,0.000000,0.000000,0.000000,,,,170.219
C:\Users\josep\source\repos\AIOTED-digital\03_data_resize_all-use_for_training\5_dig1_20220629-132656.jpg,5,5,1.000000,0.000000,0.000000,0.000000,0.000000,0.000000,1.000000,0.000000,0.000000,0.000000,0.000000,0.000000,1,20220629-132656,kwh,114.808
C:\Users\josep\source\repos\AIOTED-digital\03_data_resize_all-use_for_training\5_dig1_20220725-170204.jpg,5,5,1.000000,0.000000,0.000000,0.000000,0.000000,0.000000,1.000000,0.000000,0.000000,0.000000,0.000000,0.000000,1,20220725-170204,kwh,110.123
C:\Users\josep\source\repos\AIOTED-digital\03_data_resize_all-use_for_training\5_dig2_20220629-140656.jpg,5,5,1.000000,0.000000,0.000000,0.000000,0.000000,0.000000,1.000000,0.000000,0.000000,0.000000,0.000000,0.000000,2,20220629-140656,kwh,104.978
C:\Users\josep\source\repos\AIOTED-digital\03_data_resize_all-use_for_training\5_dig4_20220106-172117.jpg,5,5,1.000000,0.000000,0.000000,0.000000,0.000000,0.000000,1.000000,0.000000,0.000000,0.000000,0.000000,0.000000,4,20220106-172117,kwh,136.539
C:\Users\josep\source\repos\AIOTED-digital\03_data_resize_all-use_for_training\5_dig5_20220413-000219.jpg,5,5,1.000000,0.000000,0.000000,0.000000,0.000000,0.000000,1.000000,0.000000,0.000000,0.000000,0.000000,0.000000,5,20220413-000219,kwh,181.652
C:\Users\josep\source\repos\AIOTED-digital\03_data_resize_all-use_for_training\5_dig5b_19700109-004128.jpg,5,5,1.000000,0.000000,0.000000,0.000000,0.000000,0.000000,1.000000,0.000000,0.000000,0.000000,0.000000,0.000000,,19700109-004128,,116.323
C:\Users\josep\source\repos\AIOTED-digital\03_data_resize_all-use_for_training\5_dig6_20220102-204954.jpg,5,5,1.000000,0.000000,0.000000,0.000000,0.000000,0.000000,1.000000,0.000000,0.000000,0.000000,0.000000,0.000000,6,20220102-204954,kwh,172.347
C:\Users\josep\source\repos\AIOTED-digital\03_data_resize_all-use_for_training\5_dig6_20220222-175724.jpg,5,5,1.000000,0.000000,0.000000,0.000000,0.000000,0.000000,1.000000,0.000000,0.000000,0.000000,0.000000,0.000000,6,20220222-175724,kwh,156.598
C:\Users\josep\source\repos\AIOTED-digital\03_data_resize_all-use_for_training\5_dig6_20220627-194613.jpg,5,5,1.000000,0.000000,0.000000,0.000000,0.000000,0.000000,1.000000,0.000000,0.000000,0.000000,0.000000,0.000000,6,20220627-194613,kwh,153.377
C:\Users\josep\source\repos\AIOTED-digital\03_data_resize_all-use_for_training\5_dig7_20220223-112930.jpg,5,5,1.000000,0.000000,0.000000,0.000000,0.000000,0.000000,1.000000,0.000000,0.000000,0.000000,0.000000,0.000000,7,20220223-112930,kwh,147.316
C:\Users\josep\source\repos\AIOTED-digital\03_data_resize_all-use_for_training\5_dig7_20220627-221142.jpg,5,5,1.000000,0.000000,0.000000,0.000000,0.000000,0.000000,1.000000,0.000000,0.000000,0.000000,0.000000,0.000000,7,20220627-221142,kwh,160.639
C:\Users\josep\source\repos\AIOTED-digital\03_data_resize_all-use_for_training\5_dig8_20220627-184801.jpg,5,5,1.000000,0.000000,0.000000,0.000000,0.000000,0.000000,1.000000,0.000000,0.000000,0.000000,0.000000,0.000000,8,20220627-184801,kwh,162.163
C:\Users\josep\source\repos\AIOTED-digital\03_data_resize_all-use_for_training\5_digit1_2020-04-17_18-41-34.jpg,5,5,1.000000,0.000000,0.000000,0.000000,0.000000,0.000000,1.000000,0.000000,0.000000,0.000000,0.000000,0.000000,,,,149.102
C:\Users\josep\source\repos\AIOTED-digital\03_data_resize_all-use_for_training\5_digit2_2020-04-17_16-48-32.jpg,5,5,1.000000,0.000000,0.000000,0.000000,0.000000,0.000000,1.000000,0.000000,0.000000,0.000000,0.000000,0.000000,,,,151.259
C:\Users\josep\source\repos\AIOTED-digital\03_data_resize_all-use_for_training\5_digit3_2020-03-23_20-18-33.jpg,5,5,1.000000,0.000000,0.000000,0.000000,0.000000,0.000000,1.000000,0.000000,0.000000,0.000000,0.000000,0.000000,,,,166.803
C:\Users\josep\source\repos\AIOTED-digital\03_data_resize_all-use_for_training\5_digit6_182517.jpg,5,5,1.000000,0.000000,0.000000,0.000000,0.000000,0.000000,1.000000,0.000000,0.000000,0.000000,0.000000,0.000000,,,,132.070
C:\Users\josep\source\repos\AIOTED-digital\03_data_resize_all-use_for_training\5_digit6_20210814-133551.jpg,5,5,1.000000,0.000000,0.000000,0.000000,0.000000,0.000000,1.000000,0.000000,0.000000,0.000000,0.000000,0.000000,,20210814-133551,,87.304
C:\Users\josep\source\repos\AIOTED-digital\03_data_resize_all-use_for_training\5_digit7_001307.jpg,5,5,1.000000,0.000000,0.000000,0.000000,0.000000,0.000000,1.000000,0.000000,0.000000,0.000000,0.000000,0.000000,,,,120.450
C:\Users\josep\source\repos\AIOTED-digital\03_data_resize_all-use_for_training\5_f1ae8d1e270c69d4155e14cd3da0e3ce.jpg,5,5,1.000000,0.000000,0.000000,0.000000,0.000000,0.000000,1.000000,0.000000,0.000000,0.000000,0.000000,0.000000,,,,140.504
C:\Users\josep\source\repos\AIOTED-digital\03_data_resize_all-use_for_training\5_f3bc0618fe59a531e95344bc48977f95.jpg,5,5,1.000000,0.000000,0.000000,0.000000,0.000000,0.000000,1.000000,0.000000,0.000000,0.000000,0.000000,0.000000,,,,72.294
C:\Users\josep\source\repos\AIOTED-digital\03_data_resize_all-use_for_training\5_litre1_20220313-084257.jpg,5,5,1.000000,0.000000,0.000000,0.000000,0.000000,0.000000,1.000000,0.000000,0.000000,0.000000,0.000000,0.000000,,20220313-084257,,66.024
C:\Users\josep\source\repos\AIOTED-digital\03_data_resize_all-use_for_training\5_litre2_20220312-165759.jpg,5,5,1.000000,0.000000,0.000000,0.000000,0.000000,0.000000,1.000000,0.000000,0.000000,0.000000,0.000000,0.000000,,20220312-165759,,113.593
C:\Users\josep\source\repos\AIOTED-digital\03_data_resize_all-use_for_training\5_red3_19700109-002028.jpg,5,5,1.000000,0.000000,0.000000,0.000000,0.000000,0.000000,1.000000,0.000000,0.000000,0.000000,0.000000,0.000000,,19700109-002028,,74.877
C:\Users\josep\source\repos\AIOTED-digital\03_data_resize_all-use_for_training\5_waerme_1_20221031-112301.jpg,5,5,1.000000,0.000000,0.000000,0.000000,0.000000,0.000000,1.000000,0.000000,0.000000,0.000000,0.000000,0.000000,,20221031-112301,,62.791
C:\Users\josep\source\repos\AIOTED-digital\03_data_resize_all-use_for_training\5_waerme_1_20221103-010051.jpg,5,5,1.000000,0.000000,0.000000,0.000000,0.000000,0.000000,1.000000,0.000000,0.000000,0.000000,0.000000,0.000000,,20221103-010051,,54.091
C:\Users\josep\source\repos\AIOTED-digital\03_data_resize_all-use_for_training\5_waerme_6_20221101-160036.jpg,5,5,1.000000,0.000000,0.000000,0.000000,0.000000,0.000000,1.000000,0.000000,0.000000,0.000000,0.000000,0.000000,,20221101-160036,,98.157
C:\Users\josep\source\repos\AIOTED-digital\03_data_resize_all-use_for_training\5_warmwasser_44_20221103-162549.jpg,5,5,1.000000,0.000000,0.000000,0.000000,0.000000,0.000000,1.000000,0.000000,0.000000,0.000000,0.000000,0.000000,,20221103-162549,,52.328
C:\Users\josep\source\repos\AIOTED-digital\03_data_resize_all-use_for_training\5_warmwasser_66_20221030-200507.jpg,5,5,1.000000,0.000000,0.000000,0.000000,0.000000,0.000000,1.000000,0.000000,0.000000,0.000000,0.000000,0.000000,,20221030-200507,,80.039
C:\Users\josep\source\repos\AIOTED-digital\03_data_resize_all-use_for_training\5_wassertemperatur_dec2_20221119-180127.jpg,5,5,1.000000,0.000000,0.000000,0.000000,0.000000,0.000000,1.000000,0.000000,0.000000,0.000000,0.000000,0.000000,,20221119-180127,,114.014
C:\Users\josep\source\repos\AIOTED-digital\03_data_resize_all-use_for_training\5_wassertemperatur_dec2_20221119-182227.jpg,5,5,0.999976,0.000000,0.000000,0.000000,0.000000,0.000000,0.999976,0.000024,0.000000,0.000000,0.000000,0.000000,,20221119-182227,,114.538
C:\Users\josep\source\repos\AIOTED-digital\03_data_resize_all-use_for_training\5_ziffer3_2020-02-12_17-00-56.jpg,5,5,1.000000,0.000000,0.000000,0.000000,0.000000,0.000000,1.000000,0.000000,0.000000,0.000000,0.000000,0.000000,,,,152.538
C:\Users\josep\source\repos\AIOTED-digital\03_data_resize_all-use_for_training\6 -6_6_20211231-114401.jpg,6,6,1.000000,0.000000,0.000000,0.000000,0.000000,0.000000,0.000000,1.000000,0.000000,0.000000,0.000000,0.000000,,20211231-114401,,94.938
C:\Users\josep\source\repos\AIOTED-digital\03_data_resize_all-use_for_training\6 -6_7_20211231-094402.jpg,6,6,1.000000,0.000000,0.000000,0.000000,0.000000,0.000000,0.000000,1.000000,0.000000,0.000000,0.000000,0.000000,,20211231-094402,,91.992
C:\Users\josep\source\repos\AIOTED-digital\03_data_resize_all-use_for_training\6-2.jpg,6,6,0.999742,0.000000,0.000000,0.000000,0.000000,0.000000,0.000000,0.999742,0.000000,0.000258,0.000000,0.000000,,,,124.153
C:\Users\josep\source\repos\AIOTED-digital\03_data_resize_all-use_for_training\6.0_48f98387495b40d24cd73ff2094dcc47.jpg,6,6,0.999990,0.000000,0.000000,0.000000,0.000000,0.000000,0.000010,0.999990,0.000000,0.000000,0.000000,0.000000,,,,70.855
C:\Users\josep\source\repos\AIOTED-digital\03_data_resize_all-use_for_training\6.0_9364ddd52e174f45f93f6bd7d2d7975c.jpg,6,6,0.999996,0.000000,0.000000,0.000000,0.000000,0.000000,0.000004,0.999996,0.000000,0.000000,0.000000,0.000000,,,,67.572
C:\Users\josep\source\repos\AIOTED-digital\03_data_resize_all-use_for_training\6.0_9f61a8a51b896a0138df758e9a12bf84.jpg,6,6,1.000000,0.000000,0.000000,0.000000,0.000000,0.000000,0.000000,1.000000,0.000000,0.000000,0.000000,0.000000,,,,83.954
C:\Users\josep\source\repos\AIOTED-digital\03_data_resize_all-use_for_training\6.0_dig5_20210923-085241.jpg,6,6,1.000000,0.000000,0.000000,0.000000,0.000000,0.000000,0.000000,1.000000,0.000000,0.000000,0.000000,0.000000,5,20210923-085241,kwh,183.141
C:\Users\josep\source\repos\AIOTED-digital\03_data_resize_all-use_for_training\6.0_dig5_20211011-203317.jpg,6,6,1.000000,0.000000,0.000000,0.000000,0.000000,0.000000,0.000000,1.000000,0.000000,0.000000,0.000000,0.000000,5,20211011-203317,kwh,140.369
C:\Users\josep\source\repos\AIOTED-digital\03_data_resize_all-use_for_training\6.0_lcd.jpg,6,6,1.000000,0.000000,0.000000,0.000000,0.000000,0.000000,0.000000,1.000000,0.000000,0.000000,0.000000,0.000000,,,,106.317
C:\Users\josep\source\repos\AIOTED-digital\03_data_resize_all-use_for_training\6.0_main_dig2_20240316-100323.jpg,6,6,0.999927,0.000000,0.000000,0.000000,0.000000,0.000000,0.000073,0.999927,0.000000,0.000000,0.000000,0.000000,2,20240316-100323,kwh,64.000
C:\Users\josep\source\repos\AIOTED-digital\03_data_resize_all-use_for_training\6.jpg,6,6,1.000000,0.000000,0.000000,0.000000,0.000000,0.000000,0.000000,1.000000,0.000000,0.000000,0.000000,0.000000,,,,170.907
C:\Users\josep\source\repos\AIOTED-digital\03_data_resize_all-use_for_training\6_01.jpg,6,6,1.000000,0.000000,0.000000,0.000000,0.000000,0.000000,0.000000,1.000000,0.000000,0.000000,0.000000,0.000000,,,,95.152
C:\Users\josep\source\repos\AIOTED-digital\03_data_resize_all-use_for_training\6_02.jpg,6,6,1.000000,0.000000,0.000000,0.000000,0.000000,0.000000,0.000000,1.000000,0.000000,0.000000,0.000000,0.000000,,,,83.285
C:\Users\josep\source\repos\AIOTED-digital\03_data_resize_all-use_for_training\6_020ad0e69f00b65d0885bb5893589c06.jpg,6,6,1.000000,0.000000,0.000000,0.000000,0.000000,0.000000,0.000000,1.000000,0.000000,0.000000,0.000000,0.000000,,,,124.630
C:\Users\josep\source\repos\AIOTED-digital\03_data_resize_all-use_for_training\6_03.jpg,6,6,1.000000,0.000000,0.000000,0.000000,0.000000,0.000000,0.000000,1.000000,0.000000,0.000000,0.000000,0.000000,,,,82.878
C:\Users\josep\source\repos\AIOTED-digital\03_data_resize_all-use_for_training\6_041419e4c7969953d349fcd9bf18c66a.jpg,6,6,1.000000,0.000000,0.000000,0.000000,0.000000,0.000000,0.000000,1.000000,0.000000,0.000000,0.000000,0.000000,,,,147.254
C:\Users\josep\source\repos\AIOTED-digital\03_data_resize_all-use_for_training\6_081c051b48abd00077bcbce05a8f8bbe.jpg,6,6,1.000000,0.000000,0.000000,0.000000,0.000000,0.000000,0.000000,1.000000,0.000000,0.000000,0.000000,0.000000,,,,141.087
C:\Users\josep\source\repos\AIOTED-digital\03_data_resize_all-use_for_training\6_0_digit4_20210629-000037.jpg,6,6,1.000000,0.000000,0.000000,0.000000,0.000000,0.000000,0.000000,1.000000,0.000000,0.000000,0.000000,0.000000,,20210629-000037,,205.738
C:\Users\josep\source\repos\AIOTED-digital\03_data_resize_all-use_for_training\6_0_digit4_20210629-015209.jpg,6,6,1.000000,0.000000,0.000000,0.000000,0.000000,0.000000,0.000000,1.000000,0.000000,0.000000,0.000000,0.000000,,20210629-015209,,203.106
C:\Users\josep\source\repos\AIOTED-digital\03_data_resize_all-use_for_training\6_0_digit7_20210629-070232.jpg,6,6,1.000000,0.000000,0.000000,0.000000,0.000000,0.000000,0.000000,1.000000,0.000000,0.000000,0.000000,0.000000,,20210629-070232,,157.617
C:\Users\josep\source\repos\AIOTED-digital\03_data_resize_all-use_for_training\6_1.jpg,6,6,1.000000,0.000000,0.000000,0.000000,0.000000,0.000000,0.000000,1.000000,0.000000,0.000000,0.000000,0.000000,,,,195.527
C:\Users\josep\source\repos\AIOTED-digital\03_data_resize_all-use_for_training\6_16277.jpg,6,6,1.000000,0.000000,0.000000,0.000000,0.000000,0.000000,0.000000,1.000000,0.000000,0.000000,0.000000,0.000000,,,,199.812
C:\Users\josep\source\repos\AIOTED-digital\03_data_resize_all-use_for_training\6_1_20220211.jpg,6,6,1.000000,0.000000,0.000000,0.000000,0.000000,0.000000,0.000000,1.000000,0.000000,0.000000,0.000000,0.000000,,,,146.385
C:\Users\josep\source\repos\AIOTED-digital\03_data_resize_all-use_for_training\6_1ab182aa830c52c63aa3743a4d461175.jpg,6,6,1.000000,0.000000,0.000000,0.000000,0.000000,0.000000,0.000000,1.000000,0.000000,0.000000,0.000000,0.000000,,,,141.400
C:\Users\josep\source\repos\AIOTED-digital\03_data_resize_all-use_for_training\6_1d7323c30b86347dedd901857da530ee.jpg,6,6,1.000000,0.000000,0.000000,0.000000,0.000000,0.000000,0.000000,1.000000,0.000000,0.000000,0.000000,0.000000,,,,149.912
C:\Users\josep\source\repos\AIOTED-digital\03_data_resize_all-use_for_training\6_2.jpg,6,6,1.000000,0.000000,0.000000,0.000000,0.000000,0.000000,0.000000,1.000000,0.000000,0.000000,0.000000,0.000000,,,,198.002
C:\Users\josep\source\repos\AIOTED-digital\03_data_resize_all-use_for_training\6_20200814-105815_digit3.jpg,6,6,1.000000,0.000000,0.000000,0.000000,0.000000,0.000000,0.000000,1.000000,0.000000,0.000000,0.000000,0.000000,,20200814-105815,,172.882
C:\Users\josep\source\repos\AIOTED-digital\03_data_resize_all-use_for_training\6_20200814-123005_digit4.jpg,6,6,1.000000,0.000000,0.000000,0.000000,0.000000,0.000000,0.000000,1.000000,0.000000,0.000000,0.000000,0.000000,,20200814-123005,,174.188
C:\Users\josep\source\repos\AIOTED-digital\03_data_resize_all-use_for_training\6_20200815-031637_digit3.jpg,6,6,1.000000,0.000000,0.000000,0.000000,0.000000,0.000000,0.000000,1.000000,0.000000,0.000000,0.000000,0.000000,,20200815-031637,,152.800
C:\Users\josep\source\repos\AIOTED-digital\03_data_resize_all-use_for_training\6_20200828-075227_digit5.jpg,6,6,1.000000,0.000000,0.000000,0.000000,0.000000,0.000000,0.000000,1.000000,0.000000,0.000000,0.000000,0.000000,,20200828-075227,,193.091
C:\Users\josep\source\repos\AIOTED-digital\03_data_resize_all-use_for_training\6_20200911-011403_ROI4.jpg,6,6,1.000000,0.000000,0.000000,0.000000,0.000000,0.000000,0.000000,1.000000,0.000000,0.000000,0.000000,0.000000,,20200911-011403,,96.245
C:\Users\josep\source\repos\AIOTED-digital\03_data_resize_all-use_for_training\6_20200912-043111_ROI4.jpg,6,6,1.000000,0.000000,0.000000,0.000000,0.000000,0.000000,0.000000,1.000000,0.000000,0.000000,0.000000,0.000000,,20200912-043111,,97.400
C:\Users\josep\source\repos\AIOTED-digital\03_data_resize_all-use_for_training\6_27850.jpg,6,6,1.000000,0.000000,0.000000,0.000000,0.000000,0.000000,0.000000,1.000000,0.000000,0.000000,0.000000,0.000000,,,,209.335
C:\Users\josep\source\repos\AIOTED-digital\03_data_resize_all-use_for_training\6_28899.jpg,6,6,1.000000,0.000000,0.000000,0.000000,0.000000,0.000000,0.000000,1.000000,0.000000,0.000000,0.000000,0.000000,,,,182.458
C:\Users\josep\source\repos\AIOTED-digital\03_data_resize_all-use_for_training\6_2_20220211.jpg,6,6,1.000000,0.000000,0.000000,0.000000,0.000000,0.000000,0.000000,1.000000,0.000000,0.000000,0.000000,0.000000,,,,132.307
C:\Users\josep\source\repos\AIOTED-digital\03_data_resize_all-use_for_training\6_3e7f190045e2f793a3df4b163c0778f5.jpg,6,6,0.999999,0.000000,0.000000,0.000000,0.000000,0.000000,0.000001,0.999999,0.000000,0.000000,0.000000,0.000000,,,,76.639
C:\Users\josep\source\repos\AIOTED-digital\03_data_resize_all-use_for_training\6_57819db7a0a512c4101d24a39680c512.jpg,6,6,1.000000,0.000000,0.000000,0.000000,0.000000,0.000000,0.000000,1.000000,0.000000,0.000000,0.000000,0.000000,,,,145.496
C:\Users\josep\source\repos\AIOTED-digital\03_data_resize_all-use_for_training\6_6_ROI1_20210224-214618.jpg,6,6,1.000000,0.000000,0.000000,0.000000,0.000000,0.000000,0.000000,1.000000,0.000000,0.000000,0.000000,0.000000,,20210224-214618,,190.140
C:\Users\josep\source\repos\AIOTED-digital\03_data_resize_all-use_for_training\6_6_ROI1_20210226-064701.jpg,6,6,1.000000,0.000000,0.000000,0.000000,0.000000,0.000000,0.000000,1.000000,0.000000,0.000000,0.000000,0.000000,,20210226-064701,,188.522
C:\Users\josep\source\repos\AIOTED-digital\03_data_resize_all-use_for_training\6_6_ROI1_20210227-112038.jpg,6,6,1.000000,0.000000,0.000000,0.000000,0.000000,0.000000,0.000000,1.000000,0.000000,0.000000,0.000000,0.000000,,20210227-112038,,187.781
C:\Users\josep\source\repos\AIOTED-digital\03_data_resize_all-use_for_training\6_6_ROI2_20210605-044640a.jpg,6,6,1.000000,0.000000,0.000000,0.000000,0.000000,0.000000,0.000000,1.000000,0.000000,0.000000,0.000000,0.000000,,20210605-044640,,222.467
C:\Users\josep\source\repos\AIOTED-digital\03_data_resize_all-use_for_training\6_6_ROI4_20210419-101406.jpg,6,6,1.000000,0.000000,0.000000,0.000000,0.000000,0.000000,0.000000,1.000000,0.000000,0.000000,0.000000,0.000000,,20210419-101406,,165.772
C:\Users\josep\source\repos\AIOTED-digital\03_data_resize_all-use_for_training\6_6_dig5_20210629-081808.jpg,6,6,1.000000,0.000000,0.000000,0.000000,0.000000,0.000000,0.000000,1.000000,0.000000,0.000000,0.000000,0.000000,5,20210629-081808,kwh,141.908
C:\Users\josep\source\repos\AIOTED-digital\03_data_resize_all-use_for_training\6_6_dig6_20210731-012102.jpg,6,6,1.000000,0.000000,0.000000,0.000000,0.000000,0.000000,0.000000,1.000000,0.000000,0.000000,0.000000,0.000000,6,20210731-012102,kwh,202.002
C:\Users\josep\source\repos\AIOTED-digital\03_data_resize_all-use_for_training\6_6_digit7_20210526-101739.jpg,6,6,0.999997,0.000000,0.000000,0.000000,0.000001,0.000000,0.000003,0.999997,0.000000,0.000000,0.000000,0.000000,,20210526-101739,,87.147
C:\Users\josep\source\repos\AIOTED-digital\03_data_resize_all-use_for_training\6_6_nt7_20210627-015013.jpg,6,6,0.999584,0.000000,0.000000,0.000000,0.000000,0.000000,0.000416,0.999584,0.000000,0.000000,0.000000,0.000000,,20210627-015013,,69.530
C:\Users\josep\source\repos\AIOTED-digital\03_data_resize_all-use_for_training\6_6b.jpg,6,6,0.999999,0.000000,0.000000,0.000000,0.000000,0.000000,0.000001,0.999999,0.000000,0.000000,0.000000,0.000000,,,,119.000
C:\Users\josep\source\repos\AIOTED-digital\03_data_resize_all-use_for_training\6_6f_4_digit6_20210406-111334.jpg,6,6,1.000000,0.000000,0.000000,0.000000,0.000000,0.000000,0.000000,1.000000,0.000000,0.000000,0.000000,0.000000,,20210406-111334,,141.096
C:\Users\josep\source\repos\AIOTED-digital\03_data_resize_all-use_for_training\6_966b7c44a017602e72cc3155e08ace1c.jpg,6,6,0.999978,0.000000,0.000000,0.000000,0.000000,0.000000,0.000022,0.999978,0.000000,0.000000,0.000000,0.000000,,,,131.816
C:\Users\josep\source\repos\AIOTED-digital\03_data_resize_all-use_for_training\6_97804582450bee0d6ff2bef81bb4d0ac.jpg,6,6,1.000000,0.000000,0.000000,0.000000,0.000000,0.000000,0.000000,1.000000,0.000000,0.000000,0.000000,0.000000,,,,135.999
C:\Users\josep\source\repos\AIOTED-digital\03_data_resize_all-use_for_training\6_Ziffer_6_0065.jpg,6,6,1.000000,0.000000,0.000000,0.000000,0.000000,0.000000,0.000000,1.000000,0.000000,0.000000,0.000000,0.000000,,,,149.374
C:\Users\josep\source\repos\AIOTED-digital\03_data_resize_all-use_for_training\6_a210ac759f4aa6774e9780f4db05b9a5.jpg,6,6,1.000000,0.000000,0.000000,0.000000,0.000000,0.000000,0.000000,1.000000,0.000000,0.000000,0.000000,0.000000,,,,147.297
C:\Users\josep\source\repos\AIOTED-digital\03_data_resize_all-use_for_training\6_arbitrary.jpg,6,6,1.000000,0.000000,0.000000,0.000000,0.000000,0.000000,0.000000,1.000000,0.000000,0.000000,0.000000,0.000000,,,,120.135
C:\Users\josep\source\repos\AIOTED-digital\03_data_resize_all-use_for_training\6_b465731affe45b0fe4e91066ab9b9b59.jpg,6,6,1.000000,0.000000,0.000000,0.000000,0.000000,0.000000,0.000000,1.000000,0.000000,0.000000,0.000000,0.000000,,,,128.948
C:\Users\josep\source\repos\AIOTED-digital\03_data_resize_all-use_for_training\6_c47954bf8e9a3953a8ef0ec13e9446e5.jpg,6,6,1.000000,0.000000,0.000000,0.000000,0.000000,0.000000,0.000000,1.000000,0.000000,0.000000,0.000000,0.000000,,,,75.412
C:\Users\josep\source\repos\AIOTED-digital\03_data_resize_all-use_for_training\6_cd4caad0727b75799917890e6b7b4ed8.jpg,6,6,1.000000,0.000000,0.000000,0.000000,0.000000,0.000000,0.000000,1.000000,0.000000,0.000000,0.000000,0.000000,,,,131.275
C:\Users\josep\source\repos\AIOTED-digital\03_data_resize_all-use_for_training\6_dig2_20210910-180627.jpg,6,6,1.000000,0.000000,0.000000,0.000000,0.000000,0.000000,0.000000,1.000000,0.000000,0.000000,0.000000,0.000000,2,20210910-180627,kwh,154.057
C:\Users\josep\source\repos\AIOTED-digital\03_data_resize_all-use_for_training\6_dig2_20220629-010155.jpg,6,6,1.000000,0.000000,0.000000,0.000000,0.000000,0.000000,0.000000,1.000000,0.000000,0.000000,0.000000,0.000000,2,20220629-010155,kwh,105.109
C:\Users\josep\source\repos\AIOTED-digital\03_data_resize_all-use_for_training\6_dig3_20220629-062155.jpg,6,6,1.000000,0.000000,0.000000,0.000000,0.000000,0.000000,0.000000,1.000000,0.000000,0.000000,0.000000,0.000000,3,20220629-062155,kwh,79.894
C:\Users\josep\source\repos\AIOTED-digital\03_data_resize_all-use_for_training\6_dig4_20220205-105624.jpg,6,6,1.000000,0.000000,0.000000,0.000000,0.000000,0.000000,0.000000,1.000000,0.000000,0.000000,0.000000,0.000000,4,20220205-105624,kwh,189.680
C:\Users\josep\source\repos\AIOTED-digital\03_data_resize_all-use_for_training\6_dig5_20220102-171044.jpg,6,6,1.000000,0.000000,0.000000,0.000000,0.000000,0.000000,0.000000,1.000000,0.000000,0.000000,0.000000,0.000000,5,20220102-171044,kwh,191.266
C:\Users\josep\source\repos\AIOTED-digital\03_data_resize_all-use_for_training\6_dig5_20220106-020809.jpg,6,6,1.000000,0.000000,0.000000,0.000000,0.000000,0.000000,0.000000,1.000000,0.000000,0.000000,0.000000,0.000000,5,20220106-020809,kwh,141.134
C:\Users\josep\source\repos\AIOTED-digital\03_data_resize_all-use_for_training\6_dig5_20220419-110024.jpg,6,6,1.000000,0.000000,0.000000,0.000000,0.000000,0.000000,0.000000,1.000000,0.000000,0.000000,0.000000,0.000000,5,20220419-110024,kwh,179.597
C:\Users\josep\source\repos\AIOTED-digital\03_data_resize_all-use_for_training\6_dig5_20220419-110524.jpg,6,6,1.000000,0.000000,0.000000,0.000000,0.000000,0.000000,0.000000,1.000000,0.000000,0.000000,0.000000,0.000000,5,20220419-110524,kwh,173.857
C:\Users\josep\source\repos\AIOTED-digital\03_data_resize_all-use_for_training\6_dig5b_19700109-100349.jpg,6,6,1.000000,0.000000,0.000000,0.000000,0.000000,0.000000,0.000000,1.000000,0.000000,0.000000,0.000000,0.000000,,19700109-100349,,117.017
C:\Users\josep\source\repos\AIOTED-digital\03_data_resize_all-use_for_training\6_dig6_20220106-071435.jpg,6,6,0.999997,0.000000,0.000000,0.000000,0.000000,0.000000,0.000003,0.999997,0.000000,0.000000,0.000000,0.000000,6,20220106-071435,kwh,152.118
C:\Users\josep\source\repos\AIOTED-digital\03_data_resize_all-use_for_training\6_dig6_20220106-181929.jpg,6,6,1.000000,0.000000,0.000000,0.000000,0.000000,0.000000,0.000000,1.000000,0.000000,0.000000,0.000000,0.000000,6,20220106-181929,kwh,164.111
C:\Users\josep\source\repos\AIOTED-digital\03_data_resize_all-use_for_training\6_dig6_20220423-040542.jpg,6,6,1.000000,0.000000,0.000000,0.000000,0.000000,0.000000,0.000000,1.000000,0.000000,0.000000,0.000000,0.000000,6,20220423-040542,kwh,178.404
C:\Users\josep\source\repos\AIOTED-digital\03_data_resize_all-use_for_training\6_dig7_20220205-124306.jpg,6,6,1.000000,0.000000,0.000000,0.000000,0.000000,0.000000,0.000000,1.000000,0.000000,0.000000,0.000000,0.000000,7,20220205-124306,kwh,140.181
C:\Users\josep\source\repos\AIOTED-digital\03_data_resize_all-use_for_training\6_dig7_20220627-193631.jpg,6,6,1.000000,0.000000,0.000000,0.000000,0.000000,0.000000,0.000000,1.000000,0.000000,0.000000,0.000000,0.000000,7,20220627-193631,kwh,155.221
C:\Users\josep\source\repos\AIOTED-digital\03_data_resize_all-use_for_training\6_dig9_20220627-225521.jpg,6,6,1.000000,0.000000,0.000000,0.000000,0.000000,0.000000,0.000000,1.000000,0.000000,0.000000,0.000000,0.000000,9,20220627-225521,kwh,152.209
C:\Users\josep\source\repos\AIOTED-digital\03_data_resize_all-use_for_training\6_digit2_2020-03-23_19-58-14.jpg,6,6,1.000000,0.000000,0.000000,0.000000,0.000000,0.000000,0.000000,1.000000,0.000000,0.000000,0.000000,0.000000,,,,167.831
C:\Users\josep\source\repos\AIOTED-digital\03_data_resize_all-use_for_training\6_digit2_2020-04-17_17-04-52.jpg,6,6,1.000000,0.000000,0.000000,0.000000,0.000000,0.000000,0.000000,1.000000,0.000000,0.000000,0.000000,0.000000,,,,152.285
C:\Users\josep\source\repos\AIOTED-digital\03_data_resize_all-use_for_training\6_digit3_2020-04-17_14-36-04.jpg,6,6,1.000000,0.000000,0.000000,0.000000,0.000000,0.000000,0.000000,1.000000,0.000000,0.000000,0.000000,0.000000,,,,151.192
C:\Users\josep\source\repos\AIOTED-digital\03_data_resize_all-use_for_training\6_digit4_2020-03-23_20-36-07.jpg,6,6,1.000000,0.000000,0.000000,0.000000,0.000000,0.000000,0.000000,1.000000,0.000000,0.000000,0.000000,0.000000,,,,137.394
C:\Users\josep\source\repos\AIOTED-digital\03_data_resize_all-use_for_training\6_digit6_2020-04-17_15-19-55.jpg,6,6,1.000000,0.000000,0.000000,0.000000,0.000000,0.000000,0.000000,1.000000,0.000000,0.000000,0.000000,0.000000,,,,126.163
C:\Users\josep\source\repos\AIOTED-digital\03_data_resize_all-use_for_training\6_digit7_20210816-035447.jpg,6,6,1.000000,0.000000,0.000000,0.000000,0.000000,0.000000,0.000000,1.000000,0.000000,0.000000,0.000000,0.000000,,20210816-035447,,90.789
C:\Users\josep\source\repos\AIOTED-digital\03_data_resize_all-use_for_training\6_ex_0_dig7_20220223-114930.jpg,6,6,1.000000,0.000000,0.000000,0.000000,0.000000,0.000000,0.000000,1.000000,0.000000,0.000000,0.000000,0.000000,7,20220223-114930,kwh,146.951
C:\Users\josep\source\repos\AIOTED-digital\03_data_resize_all-use_for_training\6_ex_0_dig7_20220223-135545.jpg,6,6,1.000000,0.000000,0.000000,0.000000,0.000000,0.000000,0.000000,1.000000,0.000000,0.000000,0.000000,0.000000,7,20220223-135545,kwh,151.288
C:\Users\josep\source\repos\AIOTED-digital\03_data_resize_all-use_for_training\6_kuehlung_11_20221031-230538.jpg,6,6,1.000000,0.000000,0.000000,0.000000,0.000000,0.000000,0.000000,1.000000,0.000000,0.000000,0.000000,0.000000,,20221031-230538,,44.148
C:\Users\josep\source\repos\AIOTED-digital\03_data_resize_all-use_for_training\6_litre1_20220313-085327.jpg,6,6,1.000000,0.000000,0.000000,0.000000,0.000000,0.000000,0.000000,1.000000,0.000000,0.000000,0.000000,0.000000,,20220313-085327,,67.775
C:\Users\josep\source\repos\AIOTED-digital\03_data_resize_all-use_for_training\6_litre2_20220312-185659.jpg,6,6,1.000000,0.000000,0.000000,0.000000,0.000000,0.000000,0.000000,1.000000,0.000000,0.000000,0.000000,0.000000,,20220312-185659,,124.043
C:\Users\josep\source\repos\AIOTED-digital\03_data_resize_all-use_for_training\6_red2_19700108-000130.jpg,6,6,0.999998,0.000000,0.000000,0.000000,0.000000,0.000000,0.000002,0.999998,0.000000,0.000000,0.000000,0.000000,,19700108-000130,,89.051
C:\Users\josep\source\repos\AIOTED-digital\03_data_resize_all-use_for_training\6_waerme_6_20221103-162549.jpg,6,6,1.000000,0.000000,0.000000,0.000000,0.000000,0.000000,0.000000,1.000000,0.000000,0.000000,0.000000,0.000000,,20221103-162549,,100.502
C:\Users\josep\source\repos\AIOTED-digital\03_data_resize_all-use_for_training\6_warmwasser_22_20221030-200507.jpg,6,6,1.000000,0.000000,0.000000,0.000000,0.000000,0.000000,0.000000,1.000000,0.000000,0.000000,0.000000,0.000000,,20221030-200507,,45.641
C:\Users\josep\source\repos\AIOTED-digital\03_data_resize_all-use_for_training\6_warmwasser_55_20221030-082508.jpg,6,6,1.000000,0.000000,0.000000,0.000000,0.000000,0.000000,0.000000,1.000000,0.000000,0.000000,0.000000,0.000000,,20221030-082508,,49.478
C:\Users\josep\source\repos\AIOTED-digital\03_data_resize_all-use_for_training\6_warmwasser_66_20221101-000038.jpg,6,6,1.000000,0.000000,0.000000,0.000000,0.000000,0.000000,0.000000,1.000000,0.000000,0.000000,0.000000,0.000000,,20221101-000038,,93.795
C:\Users\josep\source\repos\AIOTED-digital\03_data_resize_all-use_for_training\6_wassertemperatur_dec2_20221119-182827.jpg,6,6,1.000000,0.000000,0.000000,0.000000,0.000000,0.000000,0.000000,1.000000,0.000000,0.000000,0.000000,0.000000,,20221119-182827,,122.062
C:\Users\josep\source\repos\AIOTED-digital\03_data_resize_all-use_for_training\6_ziffer5_2019-11-16_15-26-26.jpg,6,6,1.000000,0.000000,0.000000,0.000000,0.000000,0.000000,0.000000,1.000000,0.000000,0.000000,0.000000,0.000000,,,,161.843
C:\Users\josep\source\repos\AIOTED-digital\03_data_resize_all-use_for_training\6_ziffer5_2019-11-17_14-25-03.jpg,6,6,0.999998,0.000000,0.000000,0.000000,0.000001,0.000000,0.000000,0.999998,0.000000,0.000001,0.000000,0.000000,,,,181.388
C:\Users\josep\source\repos\AIOTED-digital\03_data_resize_all-use_for_training\7 -1_6_20211231-120401.jpg,7,7,1.000000,0.000000,0.000000,0.000000,0.000000,0.000000,0.000000,0.000000,1.000000,0.000000,0.000000,0.000000,,20211231-120401,,88.876
C:\Users\josep\source\repos\AIOTED-digital\03_data_resize_all-use_for_training\7 -7_7_20211231-090402.jpg,7,7,1.000000,0.000000,0.000000,0.000000,0.000000,0.000000,0.000000,0.000000,1.000000,0.000000,0.000000,0.000000,,20211231-090402,,84.087
C:\Users\josep\source\repos\AIOTED-digital\03_data_resize_all-use_for_training\7-1.jpg,7,7,1.000000,0.000000,0.000000,0.000000,0.000000,0.000000,0.000000,0.000000,1.000000,0.000000,0.000000,0.000000,,,,162.733
C:\Users\josep\source\repos\AIOTED-digital\03_data_resize_all-use_for_training\7-2.jpg,7,7,1.000000,0.000000,0.000000,0.000000,0.000000,0.000000,0.000000,0.000000,1.000000,0.000000,0.000000,0.000000,,,,151.670
C:\Users\josep\source\repos\AIOTED-digital\03_data_resize_all-use_for_training\7.0_20220119_1.jpg,7,7,1.000000,0.000000,0.000000,0.000000,0.000000,0.000000,0.000000,0.000000,1.000000,0.000000,0.000000,0.000000,,,,185.011
C:\Users\josep\source\repos\AIOTED-digital\03_data_resize_all-use_for_training\7.0_20220119_2.jpg,7,7,1.000000,0.000000,0.000000,0.000000,0.000000,0.000000,0.000000,0.000000,1.000000,0.000000,0.000000,0.000000,,,,176.946
C:\Users\josep\source\repos\AIOTED-digital\03_data_resize_all-use_for_training\7.0_dig1_20211010-213243.jpg,7,7,1.000000,0.000000,0.000000,0.000000,0.000000,0.000000,0.000000,0.000000,1.000000,0.000000,0.000000,0.000000,1,20211010-213243,kwh,113.321
C:\Users\josep\source\repos\AIOTED-digital\03_data_resize_all-use_for_training\7.0_dig3_20211005-134251.jpg,7,7,1.000000,0.000000,0.000000,0.000000,0.000000,0.000000,0.000000,0.000000,1.000000,0.000000,0.000000,0.000000,3,20211005-134251,kwh,177.368
C:\Users\josep\source\repos\AIOTED-digital\03_data_resize_all-use_for_training\7.0_github417.jpg,7,7,1.000000,0.000000,0.000000,0.000000,0.000000,0.000000,0.000000,0.000000,1.000000,0.000000,0.000000,0.000000,,,,134.310
C:\Users\josep\source\repos\AIOTED-digital\03_data_resize_all-use_for_training\7.0_lcd.jpg,7,7,1.000000,0.000000,0.000000,0.000000,0.000000,0.000000,0.000000,0.000000,1.000000,0.000000,0.000000,0.000000,,,,107.804
C:\Users\josep\source\repos\AIOTED-digital\03_data_resize_all-use_for_training\7.0_main_dig2_20240316-102123.jpg,7,7,1.000000,0.000000,0.000000,0.000000,0.000000,0.000000,0.000000,0.000000,1.000000,0.000000,0.000000,0.000000,2,20240316-102123,kwh,65.000
C:\Users\josep\source\repos\AIOTED-digital\03_data_resize_all-use_for_training\7.0_main_dig3_20240315-173925.jpg,7,7,1.000000,0.000000,0.000000,0.000000,0.000000,0.000000,0.000000,0.000000,1.000000,0.000000,0.000000,0.000000,3,20240315-173925,kwh,124.000
C:\Users\josep\source\repos\AIOTED-digital\03_data_resize_all-use_for_training\7.jpg,7,7,0.999999,0.000000,0.000000,0.000001,0.000000,0.000000,0.000000,0.000000,0.999999,0.000000,0.000000,0.000000,,,,169.731
C:\Users\josep\source\repos\AIOTED-digital\03_data_resize_all-use_for_training\7_01.jpg,7,7,1.000000,0.000000,0.000000,0.000000,0.000000,0.000000,0.000000,0.000000,1.000000,0.000000,0.000000,0.000000,,,,102.559
C:\Users\josep\source\repos\AIOTED-digital\03_data_resize_all-use_for_training\7_02.jpg,7,7,1.000000,0.000000,0.000000,0.000000,0.000000,0.000000,0.000000,0.000000,1.000000,0.000000,0.000000,0.000000,,,,94.748
C:\Users\josep\source\repos\AIOTED-digital\03_data_resize_all-use_for_training\7_03.jpg,7,7,1.000000,0.000000,0.000000,0.000000,0.000000,0.000000,0.000000,0.000000,1.000000,0.000000,0.000000,0.000000,,,,96.853
C:\Users\josep\source\repos\AIOTED-digital\03_data_resize_all-use_for_training\7_03c6deeaefba2091d175d36ffbfd5290.jpg,7,7,1.000000,0.000000,0.000000,0.000000,0.000000,0.000000,0.000000,0.000000,1.000000,0.000000,0.000000,0.000000,,,,135.464
C:\Users\josep\source\repos\AIOTED-digital\03_data_resize_all-use_for_training\7_09ee3c912c4ac6698377d4f8bbbfaa7e.jpg,7,7,1.000000,0.000000,0.000000,0.000000,0.000000,0.000000,0.000000,0.000000,1.000000,0.000000,0.000000,0.000000,,,,106.973
C:\Users\josep\source\repos\AIOTED-digital\03_data_resize_all-use_for_training\7_0_dig5_20210629-092608.jpg,7,7,1.000000,0.000000,0.000000,0.000000,0.000000,0.000000,0.000000,0.000000,1.000000,0.000000,0.000000,0.000000,5,20210629-092608,kwh,142.039
C:\Users\josep\source\repos\AIOTED-digital\03_data_resize_all-use_for_training\7_0_dig6_20210629-193212.jpg,7,7,1.000000,0.000000,0.000000,0.000000,0.000000,0.000000,0.000000,0.000000,1.000000,0.000000,0.000000,0.000000,6,20210629-193212,kwh,122.155
C:\Users\josep\source\repos\AIOTED-digital\03_data_resize_all-use_for_training\7_0a4bcb8abc4c0807316206127e0b6401.jpg,7,7,1.000000,0.000000,0.000000,0.000000,0.000000,0.000000,0.000000,0.000000,1.000000,0.000000,0.000000,0.000000,,,,87.118
C:\Users\josep\source\repos\AIOTED-digital\03_data_resize_all-use_for_training\7_0aacdda4f7de21b2f5253670538a7e7d.jpg,7,7,1.000000,0.000000,0.000000,0.000000,0.000000,0.000000,0.000000,0.000000,1.000000,0.000000,0.000000,0.000000,,,,135.594
C:\Users\josep\source\repos\AIOTED-digital\03_data_resize_all-use_for_training\7_0ec7c0592a08776a04a50b9b6231ec06.jpg,7,7,1.000000,0.000000,0.000000,0.000000,0.000000,0.000000,0.000000,0.000000,1.000000,0.000000,0.000000,0.000000,,,,150.890
C:\Users\josep\source\repos\AIOTED-digital\03_data_resize_all-use_for_training\7_1.jpg,7,7,1.000000,0.000000,0.000000,0.000000,0.000000,0.000000,0.000000,0.000000,1.000000,0.000000,0.000000,0.000000,,,,135.996
C:\Users\josep\source\repos\AIOTED-digital\03_data_resize_all-use_for_training\7_10_ROI5_20210218-115255.jpg,7,7,1.000000,0.000000,0.000000,0.000000,0.000000,0.000000,0.000000,0.000000,1.000000,0.000000,0.000000,0.000000,,20210218-115255,,109.996
C:\Users\josep\source\repos\AIOTED-digital\03_data_resize_all-use_for_training\7_10_ROI6_20210218-113822.jpg,7,7,1.000000,0.000000,0.000000,0.000000,0.000000,0.000000,0.000000,0.000000,1.000000,0.000000,0.000000,0.000000,,20210218-113822,,120.057
C:\Users\josep\source\repos\AIOTED-digital\03_data_resize_all-use_for_training\7_10_ht6_20210703-133250.jpg,7,7,1.000000,0.000000,0.000000,0.000000,0.000000,0.000000,0.000000,0.000000,1.000000,0.000000,0.000000,0.000000,,20210703-133250,,98.661
C:\Users\josep\source\repos\AIOTED-digital\03_data_resize_all-use_for_training\7_17212.jpg,7,7,1.000000,0.000000,0.000000,0.000000,0.000000,0.000000,0.000000,0.000000,1.000000,0.000000,0.000000,0.000000,,,,193.702
C:\Users\josep\source\repos\AIOTED-digital\03_data_resize_all-use_for_training\7_1_dig4_20210628-181400.jpg,7,7,1.000000,0.000000,0.000000,0.000000,0.000000,0.000000,0.000000,0.000000,1.000000,0.000000,0.000000,0.000000,4,20210628-181400,kwh,139.794
C:\Users\josep\source\repos\AIOTED-digital\03_data_resize_all-use_for_training\7_1_nt6_20210626-063503.jpg,7,7,0.999999,0.000000,0.000000,0.000001,0.000000,0.000000,0.000000,0.000000,0.999999,0.000000,0.000000,0.000001,,20210626-063503,,65.264
C:\Users\josep\source\repos\AIOTED-digital\03_data_resize_all-use_for_training\7_2.jpg,7,7,1.000000,0.000000,0.000000,0.000000,0.000000,0.000000,0.000000,0.000000,1.000000,0.000000,0.000000,0.000000,,,,110.026
C:\Users\josep\source\repos\AIOTED-digital\03_data_resize_all-use_for_training\7_20200814-123456_digit5.jpg,7,7,1.000000,0.000000,0.000000,0.000000,0.000000,0.000000,0.000000,0.000000,1.000000,0.000000,0.000000,0.000000,,20200814-123456,,176.259
C:\Users\josep\source\repos\AIOTED-digital\03_data_resize_all-use_for_training\7_20200910-131317_digit2.jpg,7,7,1.000000,0.000000,0.000000,0.000000,0.000000,0.000000,0.000000,0.000000,1.000000,0.000000,0.000000,0.000000,,20200910-131317,,115.961
C:\Users\josep\source\repos\AIOTED-digital\03_data_resize_all-use_for_training\7_20200910-161244_ROI5.jpg,7,7,1.000000,0.000000,0.000000,0.000000,0.000000,0.000000,0.000000,0.000000,1.000000,0.000000,0.000000,0.000000,,20200910-161244,,81.199
C:\Users\josep\source\repos\AIOTED-digital\03_data_resize_all-use_for_training\7_20370a4c517f7b7b41f4e4421ded2662.jpg,7,7,0.999995,0.000000,0.000005,0.000000,0.000000,0.000000,0.000000,0.000000,0.999995,0.000000,0.000000,0.000000,,,,75.006
C:\Users\josep\source\repos\AIOTED-digital\03_data_resize_all-use_for_training\7_32449.jpg,7,7,1.000000,0.000000,0.000000,0.000000,0.000000,0.000000,0.000000,0.000000,1.000000,0.000000,0.000000,0.000000,,,,192.230
C:\Users\josep\source\repos\AIOTED-digital\03_data_resize_all-use_for_training\7_4173.jpg,7,7,1.000000,0.000000,0.000000,0.000000,0.000000,0.000000,0.000000,0.000000,1.000000,0.000000,0.000000,0.000000,,,,194.551
C:\Users\josep\source\repos\AIOTED-digital\03_data_resize_all-use_for_training\7_423f1bacdb7c96cd8c611b6289c9c377.jpg,7,7,1.000000,0.000000,0.000000,0.000000,0.000000,0.000000,0.000000,0.000000,1.000000,0.000000,0.000000,0.000000,,,,133.859
C:\Users\josep\source\repos\AIOTED-digital\03_data_resize_all-use_for_training\7_6bb177edc085b233a5dcb97d7facc2a9.jpg,7,7,1.000000,0.000000,0.000000,0.000000,0.000000,0.000000,0.000000,0.000000,1.000000,0.000000,0.000000,0.000000,,,,79.694
C:\Users\josep\source\repos\AIOTED-digital\03_data_resize_all-use_for_training\7_7.jpg,7,7,1.000000,0.000000,0.000000,0.000000,0.000000,0.000000,0.000000,0.000000,1.000000,0.000000,0.000000,0.000000,,,,115.559
C:\Users\josep\source\repos\AIOTED-digital\03_data_resize_all-use_for_training\7_7_ROI1_20210605-094214.jpg,7,7,1.000000,0.000000,0.000000,0.000000,0.000000,0.000000,0.000000,0.000000,1.000000,0.000000,0.000000,0.000000,,20210605-094214,,224.582
C:\Users\josep\source\repos\AIOTED-digital\03_data_resize_all-use_for_training\7_7_ROI4_20210312-230358.jpg,7,7,1.000000,0.000000,0.000000,0.000000,0.000000,0.000000,0.000000,0.000000,1.000000,0.000000,0.000000,0.000000,,20210312-230358,,98.223
C:\Users\josep\source\repos\AIOTED-digital\03_data_resize_all-use_for_training\7_7_ROI4_20210425-132406.jpg,7,7,1.000000,0.000000,0.000000,0.000000,0.000000,0.000000,0.000000,0.000000,1.000000,0.000000,0.000000,0.000000,,20210425-132406,,163.954
C:\Users\josep\source\repos\AIOTED-digital\03_data_resize_all-use_for_training\7_7_a.jpg,7,7,1.000000,0.000000,0.000000,0.000000,0.000000,0.000000,0.000000,0.000000,1.000000,0.000000,0.000000,0.000000,,,,219.180
C:\Users\josep\source\repos\AIOTED-digital\03_data_resize_all-use_for_training\7_7_b.jpg,7,7,1.000000,0.000000,0.000000,0.000000,0.000000,0.000000,0.000000,0.000000,1.000000,0.000000,0.000000,0.000000,,,,182.068
C:\Users\josep\source\repos\AIOTED-digital\03_data_resize_all-use_for_training\7_7_digit4_20210414-180055.jpg,7,7,1.000000,0.000000,0.000000,0.000000,0.000000,0.000000,0.000000,0.000000,1.000000,0.000000,0.000000,0.000000,,20210414-180055,,160.062
C:\Users\josep\source\repos\AIOTED-digital\03_data_resize_all-use_for_training\7_7_digit5_20210412-214553.jpg,7,7,1.000000,0.000000,0.000000,0.000000,0.000000,0.000000,0.000000,0.000000,1.000000,0.000000,0.000000,0.000000,,20210412-214553,,161.102
C:\Users\josep\source\repos\AIOTED-digital\03_data_resize_all-use_for_training\7_7_digit6_20210505-060235.jpg,7,7,1.000000,0.000000,0.000000,0.000000,0.000000,0.000000,0.000000,0.000000,1.000000,0.000000,0.000000,0.000000,,20210505-060235,,137.052
C:\Users\josep\source\repos\AIOTED-digital\03_data_resize_all-use_for_training\7_7_digit6_20210527-193327.jpg,7,7,0.999999,0.000000,0.000001,0.000000,0.000000,0.000000,0.000000,0.000000,0.999999,0.000000,0.000000,0.000000,,20210527-193327,,87.039
C:\Users\josep\source\repos\AIOTED-digital\03_data_resize_all-use_for_training\7_7_ht6_20210629-092411.jpg,7,7,1.000000,0.000000,0.000000,0.000000,0.000000,0.000000,0.000000,0.000000,1.000000,0.000000,0.000000,0.000000,,20210629-092411,,119.237
C:\Users\josep\source\repos\AIOTED-digital\03_data_resize_all-use_for_training\7_7_nt6_20210625-172323.jpg,7,7,0.999985,0.000000,0.000000,0.000014,0.000000,0.000000,0.000000,0.000000,0.999985,0.000000,0.000000,0.000001,,20210625-172323,,82.349
C:\Users\josep\source\repos\AIOTED-digital\03_data_resize_all-use_for_training\7_7b.jpg,7,7,1.000000,0.000000,0.000000,0.000000,0.000000,0.000000,0.000000,0.000000,1.000000,0.000000,0.000000,0.000000,,,,128.575
C:\Users\josep\source\repos\AIOTED-digital\03_data_resize_all-use_for_training\7_D5_2020-08-13_10-39-35.jpg,7,7,1.000000,0.000000,0.000000,0.000000,0.000000,0.000000,0.000000,0.000000,1.000000,0.000000,0.000000,0.000000,,,,103.128
C:\Users\josep\source\repos\AIOTED-digital\03_data_resize_all-use_for_training\7_D7_2020-08-08_10-11-26.jpg,7,7,0.999548,0.000000,0.000000,0.000451,0.000000,0.000000,0.000000,0.000000,0.999548,0.000000,0.000000,0.000001,,,,61.607
C:\Users\josep\source\repos\AIOTED-digital\03_data_resize_all-use_for_training\7_ROI4_20210423-231337.jpg,7,7,1.000000,0.000000,0.000000,0.000000,0.000000,0.000000,0.000000,0.000000,1.000000,0.000000,0.000000,0.000000,,20210423-231337,,165.020
C:\Users\josep\source\repos\AIOTED-digital\03_data_resize_all-use_for_training\7_arbitrary.jpg,7,7,1.000000,0.000000,0.000000,0.000000,0.000000,0.000000,0.000000,0.000000,1.000000,0.000000,0.000000,0.000000,,,,86.665
C:\Users\josep\source\repos\AIOTED-digital\03_data_resize_all-use_for_training\7_arbitrary_20220227.jpg,7,7,1.000000,0.000000,0.000000,0.000000,0.000000,0.000000,0.000000,0.000000,1.000000,0.000000,0.000000,0.000000,,,,109.355
C:\Users\josep\source\repos\AIOTED-digital\03_data_resize_all-use_for_training\7_b3448b860a7529f3690e05ff46e214d7.jpg,7,7,1.000000,0.000000,0.000000,0.000000,0.000000,0.000000,0.000000,0.000000,1.000000,0.000000,0.000000,0.000000,,,,67.866
C:\Users\josep\source\repos\AIOTED-digital\03_data_resize_all-use_for_training\7_dig2_20220627-184801.jpg,7,7,1.000000,0.000000,0.000000,0.000000,0.000000,0.000000,0.000000,0.000000,1.000000,0.000000,0.000000,0.000000,2,20220627-184801,kwh,124.741
C:\Users\josep\source\repos\AIOTED-digital\03_data_resize_all-use_for_training\7_dig2_20220629-002031.jpg,7,7,1.000000,0.000000,0.000000,0.000000,0.000000,0.000000,0.000000,0.000000,1.000000,0.000000,0.000000,0.000000,2,20220629-002031,kwh,102.939
C:\Users\josep\source\repos\AIOTED-digital\03_data_resize_all-use_for_training\7_dig3_20220629-002654.jpg,7,7,1.000000,0.000000,0.000000,0.000000,0.000000,0.000000,0.000000,0.000000,1.000000,0.000000,0.000000,0.000000,3,20220629-002654,kwh,79.706
C:\Users\josep\source\repos\AIOTED-digital\03_data_resize_all-use_for_training\7_dig4_20220215-230214.jpg,7,7,1.000000,0.000000,0.000000,0.000000,0.000000,0.000000,0.000000,0.000000,1.000000,0.000000,0.000000,0.000000,4,20220215-230214,kwh,184.132
C:\Users\josep\source\repos\AIOTED-digital\03_data_resize_all-use_for_training\7_dig5_20220106-034509 (2).jpg,7,7,1.000000,0.000000,0.000000,0.000000,0.000000,0.000000,0.000000,0.000000,1.000000,0.000000,0.000000,0.000000,5,20220106-034509,kwh,124.946
C:\Users\josep\source\repos\AIOTED-digital\03_data_resize_all-use_for_training\7_dig5_20220205-120418.jpg,7,7,1.000000,0.000000,0.000000,0.000000,0.000000,0.000000,0.000000,0.000000,1.000000,0.000000,0.000000,0.000000,5,20220205-120418,kwh,170.268
C:\Users\josep\source\repos\AIOTED-digital\03_data_resize_all-use_for_training\7_dig6_20220222-205933.jpg,7,7,1.000000,0.000000,0.000000,0.000000,0.000000,0.000000,0.000000,0.000000,1.000000,0.000000,0.000000,0.000000,6,20220222-205933,kwh,161.468
C:\Users\josep\source\repos\AIOTED-digital\03_data_resize_all-use_for_training\7_dig7_20220205-105133.jpg,7,7,1.000000,0.000000,0.000000,0.000000,0.000000,0.000000,0.000000,0.000000,1.000000,0.000000,0.000000,0.000000,7,20220205-105133,kwh,135.265
C:\Users\josep\source\repos\AIOTED-digital\03_data_resize_all-use_for_training\7_digit1_2020-04-17_19-10-48.jpg,7,7,1.000000,0.000000,0.000000,0.000000,0.000000,0.000000,0.000000,0.000000,1.000000,0.000000,0.000000,0.000000,,,,146.856
C:\Users\josep\source\repos\AIOTED-digital\03_data_resize_all-use_for_training\7_digit2_2020-03-23_18-23-21.jpg,7,7,1.000000,0.000000,0.000000,0.000000,0.000000,0.000000,0.000000,0.000000,1.000000,0.000000,0.000000,0.000000,,,,155.750
C:\Users\josep\source\repos\AIOTED-digital\03_data_resize_all-use_for_training\7_digit3_2020-04-17_17-15-08.jpg,7,7,1.000000,0.000000,0.000000,0.000000,0.000000,0.000000,0.000000,0.000000,1.000000,0.000000,0.000000,0.000000,,,,149.530
C:\Users\josep\source\repos\AIOTED-digital\03_data_resize_all-use_for_training\7_digit6_20210808-021031.jpg,7,7,1.000000,0.000000,0.000000,0.000000,0.000000,0.000000,0.000000,0.000000,1.000000,0.000000,0.000000,0.000000,,20210808-021031,,80.678
C:\Users\josep\source\repos\AIOTED-digital\03_data_resize_all-use_for_training\7_kuehlung_33_20221101-185536.jpg,7,7,1.000000,0.000000,0.000000,0.000000,0.000000,0.000000,0.000000,0.000000,1.000000,0.000000,0.000000,0.000000,,20221101-185536,,67.859
C:\Users\josep\source\repos\AIOTED-digital\03_data_resize_all-use_for_training\7_litre2_20220313-183055.jpg,7,7,0.999990,0.000000,0.000000,0.000010,0.000000,0.000000,0.000000,0.000000,0.999990,0.000000,0.000000,0.000000,,20220313-183055,,109.637
C:\Users\josep\source\repos\AIOTED-digital\03_data_resize_all-use_for_training\7_red2_19700109-014943.jpg,7,7,0.999997,0.000000,0.000002,0.000001,0.000000,0.000000,0.000000,0.000000,0.999997,0.000000,0.000000,0.000000,,19700109-014943,,85.455
C:\Users\josep\source\repos\AIOTED-digital\03_data_resize_all-use_for_training\7_red2_19700109-021644.jpg,7,7,0.999987,0.000008,0.000005,0.000000,0.000000,0.000000,0.000000,0.000000,0.999987,0.000000,0.000000,0.000000,,19700109-021644,,87.186
C:\Users\josep\source\repos\AIOTED-digital\03_data_resize_all-use_for_training\7_waerme_6_20221101-182536.jpg,7,7,1.000000,0.000000,0.000000,0.000000,0.000000,0.000000,0.000000,0.000000,1.000000,0.000000,0.000000,0.000000,,20221101-182536,,92.125
C:\Users\josep\source\repos\AIOTED-digital\03_data_resize_all-use_for_training\7_warmwasser_33_20221030-105507.jpg,7,7,1.000000,0.000000,0.000000,0.000000,0.000000,0.000000,0.000000,0.000000,1.000000,0.000000,0.000000,0.000000,,20221030-105507,,38.901
C:\Users\josep\source\repos\AIOTED-digital\03_data_resize_all-use_for_training\7_warmwasser_33_20221031-110301.jpg,7,7,1.000000,0.000000,0.000000,0.000000,0.000000,0.000000,0.000000,0.000000,1.000000,0.000000,0.000000,0.000000,,20221031-110301,,51.571
C:\Users\josep\source\repos\AIOTED-digital\03_data_resize_all-use_for_training\7_warmwasser_66_20221101-185536.jpg,7,7,1.000000,0.000000,0.000000,0.000000,0.000000,0.000000,0.000000,0.000000,1.000000,0.000000,0.000000,0.000000,,20221101-185536,,77.646
C:\Users\josep\source\repos\AIOTED-digital\03_data_resize_all-use_for_training\7_wassertemperatur_dec2_20221119-184926.jpg,7,7,1.000000,0.000000,0.000000,0.000000,0.000000,0.000000,0.000000,0.000000,1.000000,0.000000,0.000000,0.000000,,20221119-184926,,102.036
C:\Users\josep\source\repos\AIOTED-digital\03_data_resize_all-use_for_training\7_wassertemperatur_dec2_20221119-185526.jpg,7,7,1.000000,0.000000,0.000000,0.000000,0.000000,0.000000,0.000000,0.000000,1.000000,0.000000,0.000000,0.000000,,20221119-185526,,104.458
C:\Users\josep\source\repos\AIOTED-digital\03_data_resize_all-use_for_training\7_weis_2_20220227.jpg,7,7,1.000000,0.000000,0.000000,0.000000,0.000000,0.000000,0.000000,0.000000,1.000000,0.000000,0.000000,0.000000,,,,143.696
C:\Users\josep\source\repos\AIOTED-digital\03_data_resize_all-use_for_training\7_ziffer5_2020-03-23_21-24-17.jpg,7,7,1.000000,0.000000,0.000000,0.000000,0.000000,0.000000,0.000000,0.000000,1.000000,0.000000,0.000000,0.000000,,,,113.772
C:\Users\josep\source\repos\AIOTED-digital\03_data_resize_all-use_for_training\8 -0_7_20211231-114401.jpg,8,8,1.000000,0.000000,0.000000,0.000000,0.000000,0.000000,0.000000,0.000000,0.000000,1.000000,0.000000,0.000000,,20211231-114401,,104.634
C:\Users\josep\source\repos\AIOTED-digital\03_data_resize_all-use_for_training\8 -8_7_20211231-080400.jpg,8,8,1.000000,0.000000,0.000000,0.000000,0.000000,0.000000,0.000000,0.000000,0.000000,1.000000,0.000000,0.000000,,20211231-080400,,98.914
C:\Users\josep\source\repos\AIOTED-digital\03_data_resize_all-use_for_training\8- 8_6_20211231-082402.jpg,8,8,1.000000,0.000000,0.000000,0.000000,0.000000,0.000000,0.000000,0.000000,0.000000,1.000000,0.000000,0.000000,,20211231-082402,,89.142
C:\Users\josep\source\repos\AIOTED-digital\03_data_resize_all-use_for_training\8-1.jpg,8,8,1.000000,0.000000,0.000000,0.000000,0.000000,0.000000,0.000000,0.000000,0.000000,1.000000,0.000000,0.000000,,,,158.705
C:\Users\josep\source\repos\AIOTED-digital\03_data_resize_all-use_for_training\8-2.jpg,8,8,1.000000,0.000000,0.000000,0.000000,0.000000,0.000000,0.000000,0.000000,0.000000,1.000000,0.000000,0.000000,,,,142.838
C:\Users\josep\source\repos\AIOTED-digital\03_data_resize_all-use_for_training\8.0_1f8702dc65aa4984ce36a04e6c9e0008.jpg,8,8,0.999990,0.000002,0.000000,0.000000,0.000000,0.000000,0.000000,0.000000,0.000000,0.999990,0.000008,0.000000,,,,71.175
C:\Users\josep\source\repos\AIOTED-digital\03_data_resize_all-use_for_training\8.0_dig5_20211016-144530.jpg,8,8,1.000000,0.000000,0.000000,0.000000,0.000000,0.000000,0.000000,0.000000,0.000000,1.000000,0.000000,0.000000,5,20211016-144530,test8,143.945
C:\Users\josep\source\repos\AIOTED-digital\03_data_resize_all-use_for_training\8.0_github417.jpg,8,8,0.999998,0.000000,0.000000,0.000000,0.000000,0.000000,0.000000,0.000000,0.000000,0.999998,0.000002,0.000000,,,,141.717
C:\Users\josep\source\repos\AIOTED-digital\03_data_resize_all-use_for_training\8.0_github417_2.jpg,8,8,0.999999,0.000000,0.000000,0.000000,0.000000,0.000000,0.000000,0.000000,0.000000,0.999999,0.000001,0.000000,,,,141.400
C:\Users\josep\source\repos\AIOTED-digital\03_data_resize_all-use_for_training\8.0_lcd.jpg,8,8,1.000000,0.000000,0.000000,0.000000,0.000000,0.000000,0.000000,0.000000,0.000000,1.000000,0.000000,0.000000,,,,102.006
C:\Users\josep\source\repos\AIOTED-digital\03_data_resize_all-use_for_training\8.0_main_dig2_20240316-103923.jpg,8,8,0.999883,0.000001,0.000000,0.000000,0.000000,0.000000,0.000000,0.000115,0.000000,0.999883,0.000000,0.000000,2,20240316-103923,test8,60.050
C:\Users\josep\source\repos\AIOTED-digital\03_data_resize_all-use_for_training\8.0_main_dig3_20240316-104823.jpg,8,8,0.999998,0.000000,0.000000,0.000000,0.000000,0.000000,0.000000,0.000002,0.000000,0.999998,0.000000,0.000000,3,20240316-104823,test8,109.000
C:\Users\josep\source\repos\AIOTED-digital\03_data_resize_all-use_for_training\8.0_main_dig4_20240315-094209.jpg,8,8,1.000000,0.000000,0.000000,0.000000,0.000000,0.000000,0.000000,0.000000,0.000000,1.000000,0.000000,0.000000,4,20240315-094209,test8,172.000
C:\Users\josep\source\repos\AIOTED-digital\03_data_resize_all-use_for_training\8.0_v2_github417.jpg,8,8,1.000000,0.000000,0.000000,0.000000,0.000000,0.000000,0.000000,0.000000,0.000000,1.000000,0.000000,0.000000,,,,148.379
C:\Users\josep\source\repos\AIOTED-digital\03_data_resize_all-use_for_training\8.0_v3_github417.jpg,8,8,1.000000,0.000000,0.000000,0.000000,0.000000,0.000000,0.000000,0.000000,0.000000,1.000000,0.000000,0.000000,,,,177.096
C:\Users\josep\source\repos\AIOTED-digital\03_data_resize_all-use_for_training\8.jpg,8,8,0.982458,0.000000,0.000000,0.000000,0.000001,0.000000,0.000000,0.000001,0.000000,0.982458,0.017540,0.000000,,,,172.318
C:\Users\josep\source\repos\AIOTED-digital\03_data_resize_all-use_for_training\8_01.jpg,8,8,1.000000,0.000000,0.000000,0.000000,0.000000,0.000000,0.000000,0.000000,0.000000,1.000000,0.000000,0.000000,,,,93.864
C:\Users\josep\source\repos\AIOTED-digital\03_data_resize_all-use_for_training\8_02.jpg,8,8,1.000000,0.000000,0.000000,0.000000,0.000000,0.000000,0.000000,0.000000,0.000000,1.000000,0.000000,0.000000,,,,85.886
C:\Users\josep\source\repos\AIOTED-digital\03_data_resize_all-use_for_training\8_02e6ff33efade27d1911e4467f300b0d.jpg,8,8,1.000000,0.000000,0.000000,0.000000,0.000000,0.000000,0.000000,0.000000,0.000000,1.000000,0.000000,0.000000,,,,107.051
C:\Users\josep\source\repos\AIOTED-digital\03_data_resize_all-use_for_training\8_03.jpg,8,8,1.000000,0.000000,0.000000,0.000000,0.000000,0.000000,0.000000,0.000000,0.000000,1.000000,0.000000,0.000000,,,,90.770
C:\Users\josep\source\repos\AIOTED-digital\03_data_resize_all-use_for_training\8_036867ff8acfeb4b2fa31263f48902ed.jpg,8,8,1.000000,0.000000,0.000000,0.000000,0.000000,0.000000,0.000000,0.000000,0.000000,1.000000,0.000000,0.000000,,,,140.717
C:\Users\josep\source\repos\AIOTED-digital\03_data_resize_all-use_for_training\8_08cdeea85b9fa2f943c82b168ba59501.jpg,8,8,1.000000,0.000000,0.000000,0.000000,0.000000,0.000000,0.000000,0.000000,0.000000,1.000000,0.000000,0.000000,,,,147.874
C:\Users\josep\source\repos\AIOTED-digital\03_data_resize_all-use_for_training\8_09f013118f1b67a15290699278a83e4c.jpg,8,8,1.000000,0.000000,0.000000,0.000000,0.000000,0.000000,0.000000,0.000000,0.000000,1.000000,0.000000,0.000000,,,,130.734
C:\Users\josep\source\repos\AIOTED-digital\03_data_resize_all-use_for_training\8_0_digit2_20210607-183202.jpg,8,8,1.000000,0.000000,0.000000,0.000000,0.000000,0.000000,0.000000,0.000000,0.000000,1.000000,0.000000,0.000000,,20210607-183202,,206.586
C:\Users\josep\source\repos\AIOTED-digital\03_data_resize_all-use_for_training\8_0_ht6_20210629-201411.jpg,8,8,1.000000,0.000000,0.000000,0.000000,0.000000,0.000000,0.000000,0.000000,0.000000,1.000000,0.000000,0.000000,,20210629-201411,,118.744
C:\Users\josep\source\repos\AIOTED-digital\03_data_resize_all-use_for_training\8_0a802c7f158b7d8adf03f0091fa61461.jpg,8,8,1.000000,0.000000,0.000000,0.000000,0.000000,0.000000,0.000000,0.000000,0.000000,1.000000,0.000000,0.000000,,,,88.526
C:\Users\josep\source\repos\AIOTED-digital\03_data_resize_all-use_for_training\8_10_ROI6_20210218-114804.jpg,8,8,1.000000,0.000000,0.000000,0.000000,0.000000,0.000000,0.000000,0.000000,0.000000,1.000000,0.000000,0.000000,,20210218-114804,,116.301
C:\Users\josep\source\repos\AIOTED-digital\03_data_resize_all-use_for_training\8_1588843992390-8.jpg,8,8,1.000000,0.000000,0.000000,0.000000,0.000000,0.000000,0.000000,0.000000,0.000000,1.000000,0.000000,0.000000,,,,134.484
C:\Users\josep\source\repos\AIOTED-digital\03_data_resize_all-use_for_training\8_1588866618178-ziffer5.jpg,8,8,1.000000,0.000000,0.000000,0.000000,0.000000,0.000000,0.000000,0.000000,0.000000,1.000000,0.000000,0.000000,,,,117.354
C:\Users\josep\source\repos\AIOTED-digital\03_data_resize_all-use_for_training\8_15e278ca577a33ac32b0dbe5360d5706.jpg,8,8,1.000000,0.000000,0.000000,0.000000,0.000000,0.000000,0.000000,0.000000,0.000000,1.000000,0.000000,0.000000,,,,104.013
C:\Users\josep\source\repos\AIOTED-digital\03_data_resize_all-use_for_training\8_17fa3440a75deebb048de88046354614.jpg,8,8,1.000000,0.000000,0.000000,0.000000,0.000000,0.000000,0.000000,0.000000,0.000000,1.000000,0.000000,0.000000,,,,138.539
C:\Users\josep\source\repos\AIOTED-digital\03_data_resize_all-use_for_training\8_1_20220211.jpg,8,8,0.999990,0.000000,0.000000,0.000000,0.000010,0.000000,0.000000,0.000000,0.000000,0.999990,0.000000,0.000000,,,,150.132
C:\Users\josep\source\repos\AIOTED-digital\03_data_resize_all-use_for_training\8_2.jpg,8,8,1.000000,0.000000,0.000000,0.000000,0.000000,0.000000,0.000000,0.000000,0.000000,1.000000,0.000000,0.000000,,,,195.988
C:\Users\josep\source\repos\AIOTED-digital\03_data_resize_all-use_for_training\8_20200821-102651_digit3.jpg,8,8,0.999999,0.000000,0.000000,0.000000,0.000000,0.000000,0.000000,0.000001,0.000000,0.999999,0.000000,0.000000,,20200821-102651,,161.749
C:\Users\josep\source\repos\AIOTED-digital\03_data_resize_all-use_for_training\8_20200912-101936_ROI3.jpg,8,8,1.000000,0.000000,0.000000,0.000000,0.000000,0.000000,0.000000,0.000000,0.000000,1.000000,0.000000,0.000000,,20200912-101936,,105.874
C:\Users\josep\source\repos\AIOTED-digital\03_data_resize_all-use_for_training\8_23783.jpg,8,8,1.000000,0.000000,0.000000,0.000000,0.000000,0.000000,0.000000,0.000000,0.000000,1.000000,0.000000,0.000000,,,,193.036
C:\Users\josep\source\repos\AIOTED-digital\03_data_resize_all-use_for_training\8_27100.jpg,8,8,1.000000,0.000000,0.000000,0.000000,0.000000,0.000000,0.000000,0.000000,0.000000,1.000000,0.000000,0.000000,,,,193.661
C:\Users\josep\source\repos\AIOTED-digital\03_data_resize_all-use_for_training\8_3.jpg,8,8,1.000000,0.000000,0.000000,0.000000,0.000000,0.000000,0.000000,0.000000,0.000000,1.000000,0.000000,0.000000,,,,161.401
C:\Users\josep\source\repos\AIOTED-digital\03_data_resize_all-use_for_training\8_38003a35f4e74d28bddf3b49288afabb.jpg,8,8,1.000000,0.000000,0.000000,0.000000,0.000000,0.000000,0.000000,0.000000,0.000000,1.000000,0.000000,0.000000,,,,102.152
C:\Users\josep\source\repos\AIOTED-digital\03_data_resize_all-use_for_training\8_3_digit6_20210629-124201.jpg,8,8,1.000000,0.000000,0.000000,0.000000,0.000000,0.000000,0.000000,0.000000,0.000000,1.000000,0.000000,0.000000,,20210629-124201,,204.932
C:\Users\josep\source\repos\AIOTED-digital\03_data_resize_all-use_for_training\8_3_digit7_20210629-094726.jpg,8,8,1.000000,0.000000,0.000000,0.000000,0.000000,0.000000,0.000000,0.000000,0.000000,1.000000,0.000000,0.000000,,20210629-094726,,170.221
C:\Users\josep\source\repos\AIOTED-digital\03_data_resize_all-use_for_training\8_4806.jpg,8,8,1.000000,0.000000,0.000000,0.000000,0.000000,0.000000,0.000000,0.000000,0.000000,1.000000,0.000000,0.000000,,,,167.847
C:\Users\josep\source\repos\AIOTED-digital\03_data_resize_all-use_for_training\8_56a99e9aa8bd239af21d1dec98da6992.jpg,8,8,1.000000,0.000000,0.000000,0.000000,0.000000,0.000000,0.000000,0.000000,0.000000,1.000000,0.000000,0.000000,,,,138.199
C:\Users\josep\source\repos\AIOTED-digital\03_data_resize_all-use_for_training\8_62e994abc530087ac89d0e46207b3ca6.jpg,8,8,0.999994,0.000000,0.000000,0.000000,0.000000,0.000000,0.000000,0.000000,0.000000,0.999994,0.000006,0.000000,,,,78.976
C:\Users\josep\source\repos\AIOTED-digital\03_data_resize_all-use_for_training\8_8_ROI1_20210604-120641a.jpg,8,8,1.000000,0.000000,0.000000,0.000000,0.000000,0.000000,0.000000,0.000000,0.000000,1.000000,0.000000,0.000000,,20210604-120641,,222.155
C:\Users\josep\source\repos\AIOTED-digital\03_data_resize_all-use_for_training\8_8_ROI4_20210427-090127.jpg,8,8,0.999994,0.000000,0.000000,0.000000,0.000000,0.000000,0.000000,0.000000,0.000000,0.999994,0.000006,0.000000,,20210427-090127,,124.549
C:\Users\josep\source\repos\AIOTED-digital\03_data_resize_all-use_for_training\8_8_dig1_20210628-180600.jpg,8,8,0.999997,0.000000,0.000000,0.000000,0.000001,0.000000,0.000000,0.000000,0.000000,0.999997,0.000001,0.000000,1,20210628-180600,kwh,92.326
C:\Users\josep\source\repos\AIOTED-digital\03_data_resize_all-use_for_training\8_8_dig4_20210730-182850.jpg,8,8,1.000000,0.000000,0.000000,0.000000,0.000000,0.000000,0.000000,0.000000,0.000000,1.000000,0.000000,0.000000,4,20210730-182850,kwh,178.691
C:\Users\josep\source\repos\AIOTED-digital\03_data_resize_all-use_for_training\8_8_ht6_20210629-164042.jpg,8,8,1.000000,0.000000,0.000000,0.000000,0.000000,0.000000,0.000000,0.000000,0.000000,1.000000,0.000000,0.000000,,20210629-164042,,116.989
C:\Users\josep\source\repos\AIOTED-digital\03_data_resize_all-use_for_training\8_8b.jpg,8,8,1.000000,0.000000,0.000000,0.000000,0.000000,0.000000,0.000000,0.000000,0.000000,1.000000,0.000000,0.000000,,,,125.034
C:\Users\josep\source\repos\AIOTED-digital\03_data_resize_all-use_for_training\8_Ziffer_8_0001.jpg,8,8,1.000000,0.000000,0.000000,0.000000,0.000000,0.000000,0.000000,0.000000,0.000000,1.000000,0.000000,0.000000,,,,147.430
C:\Users\josep\source\repos\AIOTED-digital\03_data_resize_all-use_for_training\8_Ziffer_8_0141.jpg,8,8,1.000000,0.000000,0.000000,0.000000,0.000000,0.000000,0.000000,0.000000,0.000000,1.000000,0.000000,0.000000,,,,144.794
C:\Users\josep\source\repos\AIOTED-digital\03_data_resize_all-use_for_training\8_Ziffer_8_0147.jpg,8,8,1.000000,0.000000,0.000000,0.000000,0.000000,0.000000,0.000000,0.000000,0.000000,1.000000,0.000000,0.000000,,,,147.719
C:\Users\josep\source\repos\AIOTED-digital\03_data_resize_all-use_for_training\8_a1.jpg,8,8,1.000000,0.000000,0.000000,0.000000,0.000000,0.000000,0.000000,0.000000,0.000000,1.000000,0.000000,0.000000,,,,202.109
C:\Users\josep\source\repos\AIOTED-digital\03_data_resize_all-use_for_training\8_a2.jpg,8,8,1.000000,0.000000,0.000000,0.000000,0.000000,0.000000,0.000000,0.000000,0.000000,1.000000,0.000000,0.000000,,,,181.845
C:\Users\josep\source\repos\AIOTED-digital\03_data_resize_all-use_for_training\8_ab66368bebcb7a1968836fc506548c6b.jpg,8,8,1.000000,0.000000,0.000000,0.000000,0.000000,0.000000,0.000000,0.000000,0.000000,1.000000,0.000000,0.000000,,,,150.214
C:\Users\josep\source\repos\AIOTED-digital\03_data_resize_all-use_for_training\8_arbitrary.jpg,8,8,1.000000,0.000000,0.000000,0.000000,0.000000,0.000000,0.000000,0.000000,0.000000,1.000000,0.000000,0.000000,,,,122.354
C:\Users\josep\source\repos\AIOTED-digital\03_data_resize_all-use_for_training\8_b7f095b08ea4856a00b7b414c739aa41.jpg,8,8,1.000000,0.000000,0.000000,0.000000,0.000000,0.000000,0.000000,0.000000,0.000000,1.000000,0.000000,0.000000,,,,129.796
C:\Users\josep\source\repos\AIOTED-digital\03_data_resize_all-use_for_training\8_dig2_20220629-001031.jpg,8,8,1.000000,0.000000,0.000000,0.000000,0.000000,0.000000,0.000000,0.000000,0.000000,1.000000,0.000000,0.000000,2,20220629-001031,kwh,105.660
C:\Users\josep\source\repos\AIOTED-digital\03_data_resize_all-use_for_training\8_dig3_20220629-012155.jpg,8,8,1.000000,0.000000,0.000000,0.000000,0.000000,0.000000,0.000000,0.000000,0.000000,1.000000,0.000000,0.000000,3,20220629-012155,test8,79.487
C:\Users\josep\source\repos\AIOTED-digital\03_data_resize_all-use_for_training\8_dig4_20220108-203045.jpg,8,8,1.000000,0.000000,0.000000,0.000000,0.000000,0.000000,0.000000,0.000000,0.000000,1.000000,0.000000,0.000000,4,20220108-203045,test8,169.399
C:\Users\josep\source\repos\AIOTED-digital\03_data_resize_all-use_for_training\8_dig4_20220328-000012.jpg,8,8,1.000000,0.000000,0.000000,0.000000,0.000000,0.000000,0.000000,0.000000,0.000000,1.000000,0.000000,0.000000,4,20220328-000012,kwh,170.502
C:\Users\josep\source\repos\AIOTED-digital\03_data_resize_all-use_for_training\8_dig4_20220419-110524.jpg,8,8,1.000000,0.000000,0.000000,0.000000,0.000000,0.000000,0.000000,0.000000,0.000000,1.000000,0.000000,0.000000,4,20220419-110524,kwh,171.162
C:\Users\josep\source\repos\AIOTED-digital\03_data_resize_all-use_for_training\8_dig5_20220106-052235.jpg,8,8,1.000000,0.000000,0.000000,0.000000,0.000000,0.000000,0.000000,0.000000,0.000000,1.000000,0.000000,0.000000,5,20220106-052235,test8,131.989
C:\Users\josep\source\repos\AIOTED-digital\03_data_resize_all-use_for_training\8_dig5_20220222-175724.jpg,8,8,1.000000,0.000000,0.000000,0.000000,0.000000,0.000000,0.000000,0.000000,0.000000,1.000000,0.000000,0.000000,5,20220222-175724,kwh,176.318
C:\Users\josep\source\repos\AIOTED-digital\03_data_resize_all-use_for_training\8_dig6_20220106-014845.jpg,8,8,1.000000,0.000000,0.000000,0.000000,0.000000,0.000000,0.000000,0.000000,0.000000,1.000000,0.000000,0.000000,6,20220106-014845,test8,162.448
C:\Users\josep\source\repos\AIOTED-digital\03_data_resize_all-use_for_training\8_dig6_20220205-125739.jpg,8,8,1.000000,0.000000,0.000000,0.000000,0.000000,0.000000,0.000000,0.000000,0.000000,1.000000,0.000000,0.000000,6,20220205-125739,test8,156.986
C:\Users\josep\source\repos\AIOTED-digital\03_data_resize_all-use_for_training\8_dig6_20220223-025932.jpg,8,8,1.000000,0.000000,0.000000,0.000000,0.000000,0.000000,0.000000,0.000000,0.000000,1.000000,0.000000,0.000000,6,20220223-025932,test8,158.386
C:\Users\josep\source\repos\AIOTED-digital\03_data_resize_all-use_for_training\8_dig6_20220627-221633.jpg,8,8,1.000000,0.000000,0.000000,0.000000,0.000000,0.000000,0.000000,0.000000,0.000000,1.000000,0.000000,0.000000,6,20220627-221633,test8,154.718
C:\Users\josep\source\repos\AIOTED-digital\03_data_resize_all-use_for_training\8_dig7_20220205-103700.jpg,8,8,1.000000,0.000000,0.000000,0.000000,0.000000,0.000000,0.000000,0.000000,0.000000,1.000000,0.000000,0.000000,7,20220205-103700,test8,130.955
C:\Users\josep\source\repos\AIOTED-digital\03_data_resize_all-use_for_training\8_dig9_20220627-222124.jpg,8,8,1.000000,0.000000,0.000000,0.000000,0.000000,0.000000,0.000000,0.000000,0.000000,1.000000,0.000000,0.000000,9,20220627-222124,test8,151.800
C:\Users\josep\source\repos\AIOTED-digital\03_data_resize_all-use_for_training\8_digit2_2020-04-17_17-46-56.jpg,8,8,1.000000,0.000000,0.000000,0.000000,0.000000,0.000000,0.000000,0.000000,0.000000,1.000000,0.000000,0.000000,,,,148.985
C:\Users\josep\source\repos\AIOTED-digital\03_data_resize_all-use_for_training\8_digit3_2020-04-17_17-52-13.jpg,8,8,1.000000,0.000000,0.000000,0.000000,0.000000,0.000000,0.000000,0.000000,0.000000,1.000000,0.000000,0.000000,,,,146.317
C:\Users\josep\source\repos\AIOTED-digital\03_data_resize_all-use_for_training\8_digit7_221113.jpg,8,8,1.000000,0.000000,0.000000,0.000000,0.000000,0.000000,0.000000,0.000000,0.000000,1.000000,0.000000,0.000000,,,,119.098
C:\Users\josep\source\repos\AIOTED-digital\03_data_resize_all-use_for_training\8_kuehlung_22_20221030-065008.jpg,8,8,1.000000,0.000000,0.000000,0.000000,0.000000,0.000000,0.000000,0.000000,0.000000,1.000000,0.000000,0.000000,,20221030-065008,,63.893
C:\Users\josep\source\repos\AIOTED-digital\03_data_resize_all-use_for_training\8_litre2_20220312-192459.jpg,8,8,1.000000,0.000000,0.000000,0.000000,0.000000,0.000000,0.000000,0.000000,0.000000,1.000000,0.000000,0.000000,,20220312-192459,,112.612
C:\Users\josep\source\repos\AIOTED-digital\03_data_resize_all-use_for_training\8_red2_19700109-100649.jpg,8,8,1.000000,0.000000,0.000000,0.000000,0.000000,0.000000,0.000000,0.000000,0.000000,1.000000,0.000000,0.000000,,19700109-100649,,87.865
C:\Users\josep\source\repos\AIOTED-digital\03_data_resize_all-use_for_training\8_waerme_4_20221030-082008.jpg,8,8,0.999999,0.000000,0.000000,0.000000,0.000000,0.000000,0.000000,0.000000,0.000000,0.999999,0.000001,0.000000,,20221030-082008,,50.032
C:\Users\josep\source\repos\AIOTED-digital\03_data_resize_all-use_for_training\8_waerme_4_20221031-110801.jpg,8,8,1.000000,0.000000,0.000000,0.000000,0.000000,0.000000,0.000000,0.000000,0.000000,1.000000,0.000000,0.000000,,20221031-110801,,45.782
C:\Users\josep\source\repos\AIOTED-digital\03_data_resize_all-use_for_training\8_waerme_6_20221101-205036.jpg,8,8,1.000000,0.000000,0.000000,0.000000,0.000000,0.000000,0.000000,0.000000,0.000000,1.000000,0.000000,0.000000,,20221101-205036,,104.422
C:\Users\josep\source\repos\AIOTED-digital\03_data_resize_all-use_for_training\8_waerme_6_20221103-200049.jpg,8,8,1.000000,0.000000,0.000000,0.000000,0.000000,0.000000,0.000000,0.000000,0.000000,1.000000,0.000000,0.000000,,20221103-200049,,96.583
C:\Users\josep\source\repos\AIOTED-digital\03_data_resize_all-use_for_training\8_waerme_6_20221103-200548.jpg,8,8,1.000000,0.000000,0.000000,0.000000,0.000000,0.000000,0.000000,0.000000,0.000000,1.000000,0.000000,0.000000,,20221103-200548,,101.020
C:\Users\josep\source\repos\AIOTED-digital\03_data_resize_all-use_for_training\8_warmwasser_55_20221103-160049.jpg,8,8,1.000000,0.000000,0.000000,0.000000,0.000000,0.000000,0.000000,0.000000,0.000000,1.000000,0.000000,0.000000,,20221103-160049,,58.613
C:\Users\josep\source\repos\AIOTED-digital\03_data_resize_all-use_for_training\8_wassertemperatur_dec2_20221119-185826.jpg,8,8,1.000000,0.000000,0.000000,0.000000,0.000000,0.000000,0.000000,0.000000,0.000000,1.000000,0.000000,0.000000,,20221119-185826,,129.935
C:\Users\josep\source\repos\AIOTED-digital\03_data_resize_all-use_for_training\8_ziffer4_2019-10-13_05-40-04.jpg,8,8,1.000000,0.000000,0.000000,0.000000,0.000000,0.000000,0.000000,0.000000,0.000000,1.000000,0.000000,0.000000,,,,183.564
C:\Users\josep\source\repos\AIOTED-digital\03_data_resize_all-use_for_training\8_ziffer4_2019-10-31_21-52-34.jpg,8,8,1.000000,0.000000,0.000000,0.000000,0.000000,0.000000,0.000000,0.000000,0.000000,1.000000,0.000000,0.000000,,,,170.879
C:\Users\josep\source\repos\AIOTED-digital\03_data_resize_all-use_for_training\9 - 7_7_20211231-112401.jpg,9,9,1.000000,0.000000,0.000000,0.000000,0.000000,0.000000,0.000000,0.000000,0.000000,0.000000,1.000000,0.000000,,20211231-112401,,95.209
C:\Users\josep\source\repos\AIOTED-digital\03_data_resize_all-use_for_training\9 -4_6_20211231-090402.jpg,9,9,1.000000,0.000000,0.000000,0.000000,0.000000,0.000000,0.000000,0.000000,0.000000,0.000000,1.000000,0.000000,,20211231-090402,,82.310
C:\Users\josep\source\repos\AIOTED-digital\03_data_resize_all-use_for_training\9 -7_7_20211231-110401.jpg,9,9,1.000000,0.000000,0.000000,0.000000,0.000000,0.000000,0.000000,0.000000,0.000000,0.000000,1.000000,0.000000,,20211231-110401,,92.222
C:\Users\josep\source\repos\AIOTED-digital\03_data_resize_all-use_for_training\9-1.jpg,9,9,1.000000,0.000000,0.000000,0.000000,0.000000,0.000000,0.000000,0.000000,0.000000,0.000000,1.000000,0.000000,,,,181.958
C:\Users\josep\source\repos\AIOTED-digital\03_data_resize_all-use_for_training\9.0_dig3_20211009-043805.jpg,9,9,1.000000,0.000000,0.000000,0.000000,0.000000,0.000000,0.000000,0.000000,0.000000,0.000000,1.000000,0.000000,3,20211009-043805,kwh,169.572
C:\Users\josep\source\repos\AIOTED-digital\03_data_resize_all-use_for_training\9.0_dig3_20211009-182323.jpg,9,9,1.000000,0.000000,0.000000,0.000000,0.000000,0.000000,0.000000,0.000000,0.000000,0.000000,1.000000,0.000000,3,20211009-182323,kwh,167.211
C:\Users\josep\source\repos\AIOTED-digital\03_data_resize_all-use_for_training\9.0_github417.jpg,9,9,1.000000,0.000000,0.000000,0.000000,0.000000,0.000000,0.000000,0.000000,0.000000,0.000000,1.000000,0.000000,,,,168.644
C:\Users\josep\source\repos\AIOTED-digital\03_data_resize_all-use_for_training\9.0_lcd.jpg,9,9,1.000000,0.000000,0.000000,0.000000,0.000000,0.000000,0.000000,0.000000,0.000000,0.000000,1.000000,0.000000,,,,94.141
C:\Users\josep\source\repos\AIOTED-digital\03_data_resize_all-use_for_training\9.0_main_dig2_20240314-190210.jpg,9,9,0.999980,0.000000,0.000000,0.000000,0.000000,0.000000,0.000020,0.000000,0.000000,0.000000,0.999980,0.000000,2,20240314-190210,kwh,72.000
C:\Users\josep\source\repos\AIOTED-digital\03_data_resize_all-use_for_training\9.0_v2_github417.jpg,9,9,1.000000,0.000000,0.000000,0.000000,0.000000,0.000000,0.000000,0.000000,0.000000,0.000000,1.000000,0.000000,,,,158.031
C:\Users\josep\source\repos\AIOTED-digital\03_data_resize_all-use_for_training\9.jpg,9,9,0.999999,0.000000,0.000000,0.000000,0.000000,0.000000,0.000000,0.000000,0.000000,0.000001,0.999999,0.000000,,,,168.620
C:\Users\josep\source\repos\AIOTED-digital\03_data_resize_all-use_for_training\9_004d4b213ac305388b21a8d8b1c30edc.jpg,9,9,1.000000,0.000000,0.000000,0.000000,0.000000,0.000000,0.000000,0.000000,0.000000,0.000000,1.000000,0.000000,,,,127.198
C:\Users\josep\source\repos\AIOTED-digital\03_data_resize_all-use_for_training\9_01.jpg,9,9,1.000000,0.000000,0.000000,0.000000,0.000000,0.000000,0.000000,0.000000,0.000000,0.000000,1.000000,0.000000,,,,91.830
C:\Users\josep\source\repos\AIOTED-digital\03_data_resize_all-use_for_training\9_02.jpg,9,9,1.000000,0.000000,0.000000,0.000000,0.000000,0.000000,0.000000,0.000000,0.000000,0.000000,1.000000,0.000000,,,,89.903
C:\Users\josep\source\repos\AIOTED-digital\03_data_resize_all-use_for_training\9_03.jpg,9,9,1.000000,0.000000,0.000000,0.000000,0.000000,0.000000,0.000000,0.000000,0.000000,0.000000,1.000000,0.000000,,,,95.662
C:\Users\josep\source\repos\AIOTED-digital\03_data_resize_all-use_for_training\9_04c00bfd8cb00816bf68c3a0ca323b00.jpg,9,9,1.000000,0.000000,0.000000,0.000000,0.000000,0.000000,0.000000,0.000000,0.000000,0.000000,1.000000,0.000000,,,,145.318
C:\Users\josep\source\repos\AIOTED-digital\03_data_resize_all-use_for_training\9_0_digit6_20210629-104047.jpg,9,9,1.000000,0.000000,0.000000,0.000000,0.000000,0.000000,0.000000,0.000000,0.000000,0.000000,1.000000,0.000000,,20210629-104047,,205.776
C:\Users\josep\source\repos\AIOTED-digital\03_data_resize_all-use_for_training\9_0_ht3_20210626-094253.jpg,9,9,0.999282,0.000000,0.000000,0.000000,0.000000,0.000000,0.000000,0.000000,0.000000,0.000718,0.999282,0.000000,,20210626-094253,,107.703
C:\Users\josep\source\repos\AIOTED-digital\03_data_resize_all-use_for_training\9_0_ht3_20210703-024255.jpg,9,9,1.000000,0.000000,0.000000,0.000000,0.000000,0.000000,0.000000,0.000000,0.000000,0.000000,1.000000,0.000000,,20210703-024255,,86.133
C:\Users\josep\source\repos\AIOTED-digital\03_data_resize_all-use_for_training\9_0_ht3_20210704-074629.jpg,9,9,1.000000,0.000000,0.000000,0.000000,0.000000,0.000000,0.000000,0.000000,0.000000,0.000000,1.000000,0.000000,,20210704-074629,,114.111
C:\Users\josep\source\repos\AIOTED-digital\03_data_resize_all-use_for_training\9_1.jpg,9,9,1.000000,0.000000,0.000000,0.000000,0.000000,0.000000,0.000000,0.000000,0.000000,0.000000,1.000000,0.000000,,,,212.705
C:\Users\josep\source\repos\AIOTED-digital\03_data_resize_all-use_for_training\9_10943.jpg,9,9,1.000000,0.000000,0.000000,0.000000,0.000000,0.000000,0.000000,0.000000,0.000000,0.000000,1.000000,0.000000,,,,191.293
C:\Users\josep\source\repos\AIOTED-digital\03_data_resize_all-use_for_training\9_10_ROI6_20210218-110048.jpg,9,9,0.999998,0.000000,0.000000,0.000000,0.000000,0.000000,0.000002,0.000000,0.000000,0.000000,0.999998,0.000000,,20210218-110048,,119.017
C:\Users\josep\source\repos\AIOTED-digital\03_data_resize_all-use_for_training\9_11.jpg,9,9,1.000000,0.000000,0.000000,0.000000,0.000000,0.000000,0.000000,0.000000,0.000000,0.000000,1.000000,0.000000,,,,174.874
C:\Users\josep\source\repos\AIOTED-digital\03_data_resize_all-use_for_training\9_1_20220211.jpg,9,9,1.000000,0.000000,0.000000,0.000000,0.000000,0.000000,0.000000,0.000000,0.000000,0.000000,1.000000,0.000000,,,,144.574
C:\Users\josep\source\repos\AIOTED-digital\03_data_resize_all-use_for_training\9_2.jpg,9,9,1.000000,0.000000,0.000000,0.000000,0.000000,0.000000,0.000000,0.000000,0.000000,0.000000,1.000000,0.000000,,,,158.068
C:\Users\josep\source\repos\AIOTED-digital\03_data_resize_all-use_for_training\9_20200911-180442_ROI4.jpg,9,9,1.000000,0.000000,0.000000,0.000000,0.000000,0.000000,0.000000,0.000000,0.000000,0.000000,1.000000,0.000000,,20200911-180442,,98.755
C:\Users\josep\source\repos\AIOTED-digital\03_data_resize_all-use_for_training\9_21.jpg,9,9,1.000000,0.000000,0.000000,0.000000,0.000000,0.000000,0.000000,0.000000,0.000000,0.000000,1.000000,0.000000,,,,184.224
C:\Users\josep\source\repos\AIOTED-digital\03_data_resize_all-use_for_training\9_2497.jpg,9,9,1.000000,0.000000,0.000000,0.000000,0.000000,0.000000,0.000000,0.000000,0.000000,0.000000,1.000000,0.000000,,,,192.946
C:\Users\josep\source\repos\AIOTED-digital\03_data_resize_all-use_for_training\9_2_digit7_20210629-113858.jpg,9,9,0.999858,0.000000,0.000000,0.000000,0.000000,0.000000,0.000000,0.000000,0.000000,0.000142,0.999858,0.000000,,20210629-113858,,169.327
C:\Users\josep\source\repos\AIOTED-digital\03_data_resize_all-use_for_training\9_3.jpg,9,9,1.000000,0.000000,0.000000,0.000000,0.000000,0.000000,0.000000,0.000000,0.000000,0.000000,1.000000,0.000000,,,,201.585
C:\Users\josep\source\repos\AIOTED-digital\03_data_resize_all-use_for_training\9_31.jpg,9,9,1.000000,0.000000,0.000000,0.000000,0.000000,0.000000,0.000000,0.000000,0.000000,0.000000,1.000000,0.000000,,,,153.085
C:\Users\josep\source\repos\AIOTED-digital\03_data_resize_all-use_for_training\9_3_ht7_20210705-164840.jpg,9,9,1.000000,0.000000,0.000000,0.000000,0.000000,0.000000,0.000000,0.000000,0.000000,0.000000,1.000000,0.000000,,20210705-164840,,115.702
C:\Users\josep\source\repos\AIOTED-digital\03_data_resize_all-use_for_training\9_3aca3fc134a5138ead78c1e134c53303.jpg,9,9,1.000000,0.000000,0.000000,0.000000,0.000000,0.000000,0.000000,0.000000,0.000000,0.000000,1.000000,0.000000,,,,69.273
C:\Users\josep\source\repos\AIOTED-digital\03_data_resize_all-use_for_training\9_3ccbfd7631f4be247a6054095a363190.jpg,9,9,1.000000,0.000000,0.000000,0.000000,0.000000,0.000000,0.000000,0.000000,0.000000,0.000000,1.000000,0.000000,,,,80.182
C:\Users\josep\source\repos\AIOTED-digital\03_data_resize_all-use_for_training\9_4.jpg,9,9,1.000000,0.000000,0.000000,0.000000,0.000000,0.000000,0.000000,0.000000,0.000000,0.000000,1.000000,0.000000,,,,176.800
C:\Users\josep\source\repos\AIOTED-digital\03_data_resize_all-use_for_training\9_5c6f0edc688cfb20cc6ac406422918c7.jpg,9,9,1.000000,0.000000,0.000000,0.000000,0.000000,0.000000,0.000000,0.000000,0.000000,0.000000,1.000000,0.000000,,,,138.597
C:\Users\josep\source\repos\AIOTED-digital\03_data_resize_all-use_for_training\9_67d631adaa69409a905452b160d3af63.jpg,9,9,1.000000,0.000000,0.000000,0.000000,0.000000,0.000000,0.000000,0.000000,0.000000,0.000000,1.000000,0.000000,,,,152.108
C:\Users\josep\source\repos\AIOTED-digital\03_data_resize_all-use_for_training\9_7d532dfd40fe36397af4d7dd721e569b.jpg,9,9,1.000000,0.000000,0.000000,0.000000,0.000000,0.000000,0.000000,0.000000,0.000000,0.000000,1.000000,0.000000,,,,79.027
C:\Users\josep\source\repos\AIOTED-digital\03_data_resize_all-use_for_training\9_9.jpg,9,9,1.000000,0.000000,0.000000,0.000000,0.000000,0.000000,0.000000,0.000000,0.000000,0.000000,1.000000,0.000000,,,,110.063
C:\Users\josep\source\repos\AIOTED-digital\03_data_resize_all-use_for_training\9_90a4da5297024cd6a560acf990a3184f.jpg,9,9,1.000000,0.000000,0.000000,0.000000,0.000000,0.000000,0.000000,0.000000,0.000000,0.000000,1.000000,0.000000,,,,70.805
C:\Users\josep\source\repos\AIOTED-digital\03_data_resize_all-use_for_training\9_9_8_20210726-190044.jpg,9,9,1.000000,0.000000,0.000000,0.000000,0.000000,0.000000,0.000000,0.000000,0.000000,0.000000,1.000000,0.000000,,20210726-190044,,126.755
C:\Users\josep\source\repos\AIOTED-digital\03_data_resize_all-use_for_training\9_9_ROI2_20210604-160153a.jpg,9,9,1.000000,0.000000,0.000000,0.000000,0.000000,0.000000,0.000000,0.000000,0.000000,0.000000,1.000000,0.000000,,20210604-160153,,220.785
C:\Users\josep\source\repos\AIOTED-digital\03_data_resize_all-use_for_training\9_9_ROI4_20210501-210646.jpg,9,9,1.000000,0.000000,0.000000,0.000000,0.000000,0.000000,0.000000,0.000000,0.000000,0.000000,1.000000,0.000000,,20210501-210646,,140.923
C:\Users\josep\source\repos\AIOTED-digital\03_data_resize_all-use_for_training\9_9_a.jpg,9,9,1.000000,0.000000,0.000000,0.000000,0.000000,0.000000,0.000000,0.000000,0.000000,0.000000,1.000000,0.000000,,,,214.804
C:\Users\josep\source\repos\AIOTED-digital\03_data_resize_all-use_for_training\9_9_black.jpg,9,9,1.000000,0.000000,0.000000,0.000000,0.000000,0.000000,0.000000,0.000000,0.000000,0.000000,1.000000,0.000000,,,,165.895
C:\Users\josep\source\repos\AIOTED-digital\03_data_resize_all-use_for_training\9_9_nt6_20210629-181251.jpg,9,9,1.000000,0.000000,0.000000,0.000000,0.000000,0.000000,0.000000,0.000000,0.000000,0.000000,1.000000,0.000000,,20210629-181251,,95.009
C:\Users\josep\source\repos\AIOTED-digital\03_data_resize_all-use_for_training\9_9bd464f31d1e218c31da1efb97e662c9.jpg,9,9,1.000000,0.000000,0.000000,0.000000,0.000000,0.000000,0.000000,0.000000,0.000000,0.000000,1.000000,0.000000,,,,138.134
C:\Users\josep\source\repos\AIOTED-digital\03_data_resize_all-use_for_training\9_9f_7_digit7_20210406-113849.jpg,9,9,1.000000,0.000000,0.000000,0.000000,0.000000,0.000000,0.000000,0.000000,0.000000,0.000000,1.000000,0.000000,,20210406-113849,,137.758
C:\Users\josep\source\repos\AIOTED-digital\03_data_resize_all-use_for_training\9_D8_2020-08-20_11-32-19.jpg,9,9,0.999999,0.000000,0.000000,0.000000,0.000000,0.000000,0.000000,0.000000,0.000000,0.000000,0.999999,0.000001,,,,75.439
C:\Users\josep\source\repos\AIOTED-digital\03_data_resize_all-use_for_training\9_a5e4d0b58fc45ebdb657e903ea7c02e2.jpg,9,9,1.000000,0.000000,0.000000,0.000000,0.000000,0.000000,0.000000,0.000000,0.000000,0.000000,1.000000,0.000000,,,,67.802
C:\Users\josep\source\repos\AIOTED-digital\03_data_resize_all-use_for_training\9_arbitrary.jpg,9,9,1.000000,0.000000,0.000000,0.000000,0.000000,0.000000,0.000000,0.000000,0.000000,0.000000,1.000000,0.000000,,,,117.892
C:\Users\josep\source\repos\AIOTED-digital\03_data_resize_all-use_for_training\9_dig2_20220629-081155.jpg,9,9,1.000000,0.000000,0.000000,0.000000,0.000000,0.000000,0.000000,0.000000,0.000000,0.000000,1.000000,0.000000,2,20220629-081155,kwh,106.434
C:\Users\josep\source\repos\AIOTED-digital\03_data_resize_all-use_for_training\9_dig3_20220103-105110.jpg,9,9,1.000000,0.000000,0.000000,0.000000,0.000000,0.000000,0.000000,0.000000,0.000000,0.000000,1.000000,0.000000,3,20220103-105110,kwh,176.320
C:\Users\josep\source\repos\AIOTED-digital\03_data_resize_all-use_for_training\9_dig3_20220629-002031.jpg,9,9,0.999997,0.000000,0.000000,0.000000,0.000000,0.000000,0.000003,0.000000,0.000000,0.000000,0.999997,0.000000,3,20220629-002031,kwh,78.798
C:\Users\josep\source\repos\AIOTED-digital\03_data_resize_all-use_for_training\9_dig4_19700109-003828.jpg,9,9,1.000000,0.000000,0.000000,0.000000,0.000000,0.000000,0.000000,0.000000,0.000000,0.000000,1.000000,0.000000,4,19700109-003828,kwh,101.971
C:\Users\josep\source\repos\AIOTED-digital\03_data_resize_all-use_for_training\9_dig4_20220109-120240.jpg,9,9,1.000000,0.000000,0.000000,0.000000,0.000000,0.000000,0.000000,0.000000,0.000000,0.000000,1.000000,0.000000,4,20220109-120240,kwh,168.690
C:\Users\josep\source\repos\AIOTED-digital\03_data_resize_all-use_for_training\9_dig4_20220109-120732.jpg,9,9,1.000000,0.000000,0.000000,0.000000,0.000000,0.000000,0.000000,0.000000,0.000000,0.000000,1.000000,0.000000,4,20220109-120732,kwh,172.796
C:\Users\josep\source\repos\AIOTED-digital\03_data_resize_all-use_for_training\9_dig5_20220106-075323.jpg,9,9,1.000000,0.000000,0.000000,0.000000,0.000000,0.000000,0.000000,0.000000,0.000000,0.000000,1.000000,0.000000,5,20220106-075323,kwh,136.928
C:\Users\josep\source\repos\AIOTED-digital\03_data_resize_all-use_for_training\9_dig5_20220310-020247.jpg,9,9,0.999994,0.000000,0.000000,0.000000,0.000000,0.000000,0.000000,0.000000,0.000000,0.000000,0.999994,0.000006,5,20220310-020247,kwh,188.305
C:\Users\josep\source\repos\AIOTED-digital\03_data_resize_all-use_for_training\9_dig6_20220106-015827.jpg,9,9,1.000000,0.000000,0.000000,0.000000,0.000000,0.000000,0.000000,0.000000,0.000000,0.000000,1.000000,0.000000,6,20220106-015827,kwh,168.619
C:\Users\josep\source\repos\AIOTED-digital\03_data_resize_all-use_for_training\9_dig6_20220106-050802.jpg,9,9,1.000000,0.000000,0.000000,0.000000,0.000000,0.000000,0.000000,0.000000,0.000000,0.000000,1.000000,0.000000,6,20220106-050802,kwh,159.234
C:\Users\josep\source\repos\AIOTED-digital\03_data_resize_all-use_for_training\9_dig7_20220205-104151.jpg,9,9,1.000000,0.000000,0.000000,0.000000,0.000000,0.000000,0.000000,0.000000,0.000000,0.000000,1.000000,0.000000,7,20220205-104151,kwh,140.914
C:\Users\josep\source\repos\AIOTED-digital\03_data_resize_all-use_for_training\9_dig7_20220627-185252.jpg,9,9,1.000000,0.000000,0.000000,0.000000,0.000000,0.000000,0.000000,0.000000,0.000000,0.000000,1.000000,0.000000,7,20220627-185252,kwh,155.495
C:\Users\josep\source\repos\AIOTED-digital\03_data_resize_all-use_for_training\9_dig8_20220205-120418.jpg,9,9,1.000000,0.000000,0.000000,0.000000,0.000000,0.000000,0.000000,0.000000,0.000000,0.000000,1.000000,0.000000,8,20220205-120418,kwh,114.278
C:\Users\josep\source\repos\AIOTED-digital\03_data_resize_all-use_for_training\9_dig9_20220627-190725.jpg,9,9,1.000000,0.000000,0.000000,0.000000,0.000000,0.000000,0.000000,0.000000,0.000000,0.000000,1.000000,0.000000,9,20220627-190725,kwh,147.154
C:\Users\josep\source\repos\AIOTED-digital\03_data_resize_all-use_for_training\9_digit3_2020-03-23_20-46-42.jpg,9,9,1.000000,0.000000,0.000000,0.000000,0.000000,0.000000,0.000000,0.000000,0.000000,0.000000,1.000000,0.000000,,,,166.153
C:\Users\josep\source\repos\AIOTED-digital\03_data_resize_all-use_for_training\9_digit4_2020-03-23_20-31-53.jpg,9,9,1.000000,0.000000,0.000000,0.000000,0.000000,0.000000,0.000000,0.000000,0.000000,0.000000,1.000000,0.000000,,,,142.133
C:\Users\josep\source\repos\AIOTED-digital\03_data_resize_all-use_for_training\9_ex_0_dig5_20220223-123507.jpg,9,9,1.000000,0.000000,0.000000,0.000000,0.000000,0.000000,0.000000,0.000000,0.000000,0.000000,1.000000,0.000000,5,20220223-123507,kwh,176.693
C:\Users\josep\source\repos\AIOTED-digital\03_data_resize_all-use_for_training\9_litre2_20220312-060001.jpg,9,9,0.999999,0.000000,0.000000,0.000000,0.000000,0.000000,0.000000,0.000000,0.000000,0.000000,0.999999,0.000001,,20220312-060001,,114.981
C:\Users\josep\source\repos\AIOTED-digital\03_data_resize_all-use_for_training\9_red2_19700109-023142.jpg,9,9,1.000000,0.000000,0.000000,0.000000,0.000000,0.000000,0.000000,0.000000,0.000000,0.000000,1.000000,0.000000,,19700109-023142,,85.201
C:\Users\josep\source\repos\AIOTED-digital\03_data_resize_all-use_for_training\9_red3_19700109-022542.jpg,9,9,1.000000,0.000000,0.000000,0.000000,0.000000,0.000000,0.000000,0.000000,0.000000,0.000000,1.000000,0.000000,,19700109-022542,,74.147
C:\Users\josep\source\repos\AIOTED-digital\03_data_resize_all-use_for_training\9_waerme_4_20221103-010051.jpg,9,9,0.999999,0.000000,0.000000,0.000000,0.000000,0.000000,0.000001,0.000000,0.000000,0.000000,0.999999,0.000000,,20221103-010051,,42.956
C:\Users\josep\source\repos\AIOTED-digital\03_data_resize_all-use_for_training\9_waerme_4_20221103-072050.jpg,9,9,1.000000,0.000000,0.000000,0.000000,0.000000,0.000000,0.000000,0.000000,0.000000,0.000000,1.000000,0.000000,,20221103-072050,,48.201
C:\Users\josep\source\repos\AIOTED-digital\03_data_resize_all-use_for_training\9_waerme_4_20221103-160549.jpg,9,9,1.000000,0.000000,0.000000,0.000000,0.000000,0.000000,0.000000,0.000000,0.000000,0.000000,1.000000,0.000000,,20221103-160549,,47.660
C:\Users\josep\source\repos\AIOTED-digital\03_data_resize_all-use_for_training\9_waerme_4_20221103-161049.jpg,9,9,1.000000,0.000000,0.000000,0.000000,0.000000,0.000000,0.000000,0.000000,0.000000,0.000000,1.000000,0.000000,,20221103-161049,,45.825
C:\Users\josep\source\repos\AIOTED-digital\03_data_resize_all-use_for_training\9_waerme_5_20221101-165536.jpg,9,9,1.000000,0.000000,0.000000,0.000000,0.000000,0.000000,0.000000,0.000000,0.000000,0.000000,1.000000,0.000000,,20221101-165536,,62.071
C:\Users\josep\source\repos\AIOTED-digital\03_data_resize_all-use_for_training\9_waerme_6_20221103-204048.jpg,9,9,1.000000,0.000000,0.000000,0.000000,0.000000,0.000000,0.000000,0.000000,0.000000,0.000000,1.000000,0.000000,,20221103-204048,,94.583
C:\Users\josep\source\repos\AIOTED-digital\03_data_resize_all-use_for_training\9_warmwasser_66_20221101-160536.jpg,9,9,1.000000,0.000000,0.000000,0.000000,0.000000,0.000000,0.000000,0.000000,0.000000,0.000000,1.000000,0.000000,,20221101-160536,,85.525
C:\Users\josep\source\repos\AIOTED-digital\03_data_resize_all-use_for_training\9_warmwasser_66_20221103-160049.jpg,9,9,1.000000,0.000000,0.000000,0.000000,0.000000,0.000000,0.000000,0.000000,0.000000,0.000000,1.000000,0.000000,,20221103-160049,,82.165
C:\Users\josep\source\repos\AIOTED-digital\03_data_resize_all-use_for_training\9_wassertemperatur_dec2_20221120-131924.jpg,9,9,0.999999,0.000000,0.000000,0.000000,0.000000,0.000000,0.000000,0.000000,0.000000,0.000000,0.999999,0.000000,,20221120-131924,,111.120
C:\Users\josep\source\repos\AIOTED-digital\03_data_resize_all-use_for_training\9_ziffer4_2019-11-24_08-22-52.jpg,9,9,1.000000,0.000000,0.000000,0.000000,0.000000,0.000000,0.000000,0.000000,0.000000,0.000000,1.000000,0.000000,,,,184.216
C:\Users\josep\source\repos\AIOTED-digital\03_data_resize_all-use_for_training\N_litre1_20220312-061401.jpg,N,N,1.000000,0.000000,0.000000,0.000000,0.000000,0.000000,0.000000,0.000000,0.000000,0.000000,0.000000,1.000000,,20220312-061401,,68.150
C:\Users\josep\source\repos\AIOTED-digital\03_data_resize_all-use_for_training\NaN_0_ROI4_20210503-220155.jpg,N,N,1.000000,0.000000,0.000000,0.000000,0.000000,0.000000,0.000000,0.000000,0.000000,0.000000,0.000000,1.000000,,20210503-220155,,137.929
C:\Users\josep\source\repos\AIOTED-digital\03_data_resize_all-use_for_training\NaN_0_ROI4_20210504-050351.jpg,N,N,1.000000,0.000000,0.000000,0.000000,0.000000,0.000000,0.000000,0.000000,0.000000,0.000000,0.000000,1.000000,,20210504-050351,,128.631
C:\Users\josep\source\repos\AIOTED-digital\03_data_resize_all-use_for_training\NaN_0_dig5_20210629-081008.jpg,N,N,1.000000,0.000000,0.000000,0.000000,0.000000,0.000000,0.000000,0.000000,0.000000,0.000000,0.000000,1.000000,5,20210629-081008,blank09,142.567
C:\Users\josep\source\repos\AIOTED-digital\03_data_resize_all-use_for_training\NaN_0_dig5_20210629-142810.jpg,N,N,1.000000,0.000000,0.000000,0.000000,0.000000,0.000000,0.000000,0.000000,0.000000,0.000000,0.000000,1.000000,5,20210629-142810,blank09,136.435
C:\Users\josep\source\repos\AIOTED-digital\03_data_resize_all-use_for_training\NaN_0_ht6_20210628-182853.jpg,N,N,1.000000,0.000000,0.000000,0.000000,0.000000,0.000000,0.000000,0.000000,0.000000,0.000000,0.000000,1.000000,,20210628-182853,,82.028
C:\Users\josep\source\repos\AIOTED-digital\03_data_resize_all-use_for_training\NaN_0_ht6_20210628-220327.jpg,N,N,1.000000,0.000000,0.000000,0.000000,0.000000,0.000000,0.000000,0.000000,0.000000,0.000000,0.000000,1.000000,,20210628-220327,,120.938
C:\Users\josep\source\repos\AIOTED-digital\03_data_resize_all-use_for_training\NaN_0_ht6_20210629-071741.jpg,N,N,1.000000,0.000000,0.000000,0.000000,0.000000,0.000000,0.000000,0.000000,0.000000,0.000000,0.000000,1.000000,,20210629-071741,,116.956
C:\Users\josep\source\repos\AIOTED-digital\03_data_resize_all-use_for_training\NaN_0_ht7_20210626-094253.jpg,N,N,1.000000,0.000000,0.000000,0.000000,0.000000,0.000000,0.000000,0.000000,0.000000,0.000000,0.000000,1.000000,,20210626-094253,,74.297
C:\Users\josep\source\repos\AIOTED-digital\03_data_resize_all-use_for_training\NaN_0_ht7_20210628-183344.jpg,N,N,1.000000,0.000000,0.000000,0.000000,0.000000,0.000000,0.000000,0.000000,0.000000,0.000000,0.000000,1.000000,,20210628-183344,,78.979
C:\Users\josep\source\repos\AIOTED-digital\03_data_resize_all-use_for_training\NaN_0_ht7_20210629-071741.jpg,N,N,1.000000,0.000000,0.000000,0.000000,0.000000,0.000000,0.000000,0.000000,0.000000,0.000000,0.000000,1.000000,,20210629-071741,,95.828
C:\Users\josep\source\repos\AIOTED-digital\03_data_resize_all-use_for_training\NaN_0_nt7_20210627-222219.jpg,N,N,1.000000,0.000000,0.000000,0.000000,0.000000,0.000000,0.000000,0.000000,0.000000,0.000000,0.000000,1.000000,,20210627-222219,,68.364
C:\Users\josep\source\repos\AIOTED-digital\03_data_resize_all-use_for_training\NaN_0_nt7_20210628-220327.jpg,N,N,1.000000,0.000000,0.000000,0.000000,0.000000,0.000000,0.000000,0.000000,0.000000,0.000000,0.000000,1.000000,,20210628-220327,,77.143
C:\Users\josep\source\repos\AIOTED-digital\03_data_resize_all-use_for_training\NaN_0_nt7_20210628-222251.jpg,N,N,1.000000,0.000000,0.000000,0.000000,0.000000,0.000000,0.000000,0.000000,0.000000,0.000000,0.000000,1.000000,,20210628-222251,,74.683
C:\Users\josep\source\repos\AIOTED-digital\03_data_resize_all-use_for_training\NaN_0_nt7_20210629-072311.jpg,N,N,1.000000,0.000000,0.000000,0.000000,0.000000,0.000000,0.000000,0.000000,0.000000,0.000000,0.000000,1.000000,,20210629-072311,,71.882
C:\Users\josep\source\repos\AIOTED-digital\03_data_resize_all-use_for_training\NaN_0b_red.jpg,N,N,1.000000,0.000000,0.000000,0.000000,0.000000,0.000000,0.000000,0.000000,0.000000,0.000000,0.000000,1.000000,,,,141.430
C:\Users\josep\source\repos\AIOTED-digital\03_data_resize_all-use_for_training\NaN_10412.jpg,N,N,1.000000,0.000000,0.000000,0.000000,0.000000,0.000000,0.000000,0.000000,0.000000,0.000000,0.000000,1.000000,,,,166.263
C:\Users\josep\source\repos\AIOTED-digital\03_data_resize_all-use_for_training\NaN_10_ROI2_20210225-111350.jpg,N,N,1.000000,0.000000,0.000000,0.000000,0.000000,0.000000,0.000000,0.000000,0.000000,0.000000,0.000000,1.000000,,20210225-111350,,191.766
C:\Users\josep\source\repos\AIOTED-digital\03_data_resize_all-use_for_training\NaN_10_ROI2_20210225-150249.jpg,N,N,1.000000,0.000000,0.000000,0.000000,0.000000,0.000000,0.000000,0.000000,0.000000,0.000000,0.000000,1.000000,,20210225-150249,,183.740
C:\Users\josep\source\repos\AIOTED-digital\03_data_resize_all-use_for_training\NaN_10_ROI2_20210225-152704.jpg,N,N,1.000000,0.000000,0.000000,0.000000,0.000000,0.000000,0.000000,0.000000,0.000000,0.000000,0.000000,1.000000,,20210225-152704,,188.594
C:\Users\josep\source\repos\AIOTED-digital\03_data_resize_all-use_for_training\NaN_10_ROI6_20210218-120237.jpg,N,N,1.000000,0.000000,0.000000,0.000000,0.000000,0.000000,0.000000,0.000000,0.000000,0.000000,0.000000,1.000000,,20210218-120237,,127.299
C:\Users\josep\source\repos\AIOTED-digital\03_data_resize_all-use_for_training\NaN_10_dec_20210730-180514.jpg,N,N,1.000000,0.000000,0.000000,0.000000,0.000000,0.000000,0.000000,0.000000,0.000000,0.000000,0.000000,1.000000,,20210730-180514,,143.828
C:\Users\josep\source\repos\AIOTED-digital\03_data_resize_all-use_for_training\NaN_10_digit7_20210406-132818.jpg,N,N,1.000000,0.000000,0.000000,0.000000,0.000000,0.000000,0.000000,0.000000,0.000000,0.000000,0.000000,1.000000,,20210406-132818,,138.514
C:\Users\josep\source\repos\AIOTED-digital\03_data_resize_all-use_for_training\NaN_10_digit8_20210406-115520.jpg,N,N,1.000000,0.000000,0.000000,0.000000,0.000000,0.000000,0.000000,0.000000,0.000000,0.000000,0.000000,1.000000,,20210406-115520,,106.055
C:\Users\josep\source\repos\AIOTED-digital\03_data_resize_all-use_for_training\NaN_10_digit8_20210406-130310.jpg,N,N,1.000000,0.000000,0.000000,0.000000,0.000000,0.000000,0.000000,0.000000,0.000000,0.000000,0.000000,1.000000,,20210406-130310,,104.422
C:\Users\josep\source\repos\AIOTED-digital\03_data_resize_all-use_for_training\NaN_18198.jpg,N,N,1.000000,0.000000,0.000000,0.000000,0.000000,0.000000,0.000000,0.000000,0.000000,0.000000,0.000000,1.000000,,,,155.131
C:\Users\josep\source\repos\AIOTED-digital\03_data_resize_all-use_for_training\NaN_1_dig4_20210727-204545.jpg,N,N,1.000000,0.000000,0.000000,0.000000,0.000000,0.000000,0.000000,0.000000,0.000000,0.000000,0.000000,1.000000,4,20210727-204545,blank09,85.010
C:\Users\josep\source\repos\AIOTED-digital\03_data_resize_all-use_for_training\NaN_1_dig5_20210712-072502.jpg,N,N,1.000000,0.000000,0.000000,0.000000,0.000000,0.000000,0.000000,0.000000,0.000000,0.000000,0.000000,1.000000,5,20210712-072502,blank09,62.770
C:\Users\josep\source\repos\AIOTED-digital\03_data_resize_all-use_for_training\NaN_1_dig5_20210716-155438.jpg,N,N,1.000000,0.000000,0.000000,0.000000,0.000000,0.000000,0.000000,0.000000,0.000000,0.000000,0.000000,1.000000,5,20210716-155438,blank09,71.292
C:\Users\josep\source\repos\AIOTED-digital\03_data_resize_all-use_for_training\NaN_1_dig5_20210727-204545.jpg,N,N,1.000000,0.000000,0.000000,0.000000,0.000000,0.000000,0.000000,0.000000,0.000000,0.000000,0.000000,1.000000,5,20210727-204545,blank09,107.350
C:\Users\josep\source\repos\AIOTED-digital\03_data_resize_all-use_for_training\NaN_1_digit2_20210712-072502.jpg,N,N,1.000000,0.000000,0.000000,0.000000,0.000000,0.000000,0.000000,0.000000,0.000000,0.000000,0.000000,1.000000,,20210712-072502,blank09,51.535
C:\Users\josep\source\repos\AIOTED-digital\03_data_resize_all-use_for_training\NaN_1_digit2_20210712-170114.jpg,N,N,1.000000,0.000000,0.000000,0.000000,0.000000,0.000000,0.000000,0.000000,0.000000,0.000000,0.000000,1.000000,,20210712-170114,,112.671
C:\Users\josep\source\repos\AIOTED-digital\03_data_resize_all-use_for_training\NaN_1_digit2_20210722-003847.jpg,N,N,1.000000,0.000000,0.000000,0.000000,0.000000,0.000000,0.000000,0.000000,0.000000,0.000000,0.000000,1.000000,,20210722-003847,,99.021
C:\Users\josep\source\repos\AIOTED-digital\03_data_resize_all-use_for_training\NaN_1_digit3_20210712-072502.jpg,N,N,0.999999,0.000000,0.000000,0.000000,0.000000,0.000000,0.000000,0.000000,0.000000,0.000000,0.000000,0.999999,,20210712-072502,blank09,68.150
C:\Users\josep\source\repos\AIOTED-digital\03_data_resize_all-use_for_training\NaN_1_ht7_20210626-105746.jpg,N,N,1.000000,0.000000,0.000000,0.000000,0.000000,0.000000,0.000000,0.000000,0.000000,0.000000,0.000000,1.000000,,20210626-105746,,74.380
C:\Users\josep\source\repos\AIOTED-digital\03_data_resize_all-use_for_training\NaN_1b_red.jpg,N,N,1.000000,0.000000,0.000000,0.000000,0.000000,0.000000,0.000000,0.000000,0.000000,0.000000,0.000000,1.000000,,,,185.598
C:\Users\josep\source\repos\AIOTED-digital\03_data_resize_all-use_for_training\NaN_20200813-230750_digit3.jpg,N,N,1.000000,0.000000,0.000000,0.000000,0.000000,0.000000,0.000000,0.000000,0.000000,0.000000,0.000000,1.000000,,20200813-230750,,168.989
C:\Users\josep\source\repos\AIOTED-digital\03_data_resize_all-use_for_training\NaN_20200814-041826_digit3.jpg,N,N,1.000000,0.000000,0.000000,0.000000,0.000000,0.000000,0.000000,0.000000,0.000000,0.000000,0.000000,1.000000,,20200814-041826,,166.059
C:\Users\josep\source\repos\AIOTED-digital\03_data_resize_all-use_for_training\NaN_20200814-055723_digit3.jpg,N,N,1.000000,0.000000,0.000000,0.000000,0.000000,0.000000,0.000000,0.000000,0.000000,0.000000,0.000000,1.000000,,20200814-055723,,167.091
C:\Users\josep\source\repos\AIOTED-digital\03_data_resize_all-use_for_training\NaN_20200814-061733_digit3.jpg,N,N,1.000000,0.000000,0.000000,0.000000,0.000000,0.000000,0.000000,0.000000,0.000000,0.000000,0.000000,1.000000,,20200814-061733,,168.140
C:\Users\josep\source\repos\AIOTED-digital\03_data_resize_all-use_for_training\NaN_20200814-072954_digit3.jpg,N,N,1.000000,0.000000,0.000000,0.000000,0.000000,0.000000,0.000000,0.000000,0.000000,0.000000,0.000000,1.000000,,20200814-072954,,172.809
C:\Users\josep\source\repos\AIOTED-digital\03_data_resize_all-use_for_training\NaN_20200814-083216_digit3.jpg,N,N,1.000000,0.000000,0.000000,0.000000,0.000000,0.000000,0.000000,0.000000,0.000000,0.000000,0.000000,1.000000,,20200814-083216,,169.062
C:\Users\josep\source\repos\AIOTED-digital\03_data_resize_all-use_for_training\NaN_20200816-092136_digit3.jpg,N,N,1.000000,0.000000,0.000000,0.000000,0.000000,0.000000,0.000000,0.000000,0.000000,0.000000,0.000000,1.000000,,20200816-092136,,160.668
C:\Users\josep\source\repos\AIOTED-digital\03_data_resize_all-use_for_training\NaN_20200816-093609_digit3.jpg,N,N,1.000000,0.000000,0.000000,0.000000,0.000000,0.000000,0.000000,0.000000,0.000000,0.000000,0.000000,1.000000,,20200816-093609,,156.927
C:\Users\josep\source\repos\AIOTED-digital\03_data_resize_all-use_for_training\NaN_20200816-105836_digit3.jpg,N,N,1.000000,0.000000,0.000000,0.000000,0.000000,0.000000,0.000000,0.000000,0.000000,0.000000,0.000000,1.000000,,20200816-105836,,152.961
C:\Users\josep\source\repos\AIOTED-digital\03_data_resize_all-use_for_training\NaN_20200820-181642_digit3.jpg,N,N,1.000000,0.000000,0.000000,0.000000,0.000000,0.000000,0.000000,0.000000,0.000000,0.000000,0.000000,1.000000,,20200820-181642,,162.396
C:\Users\josep\source\repos\AIOTED-digital\03_data_resize_all-use_for_training\NaN_20200910-003534_ROI5.jpg,N,N,1.000000,0.000000,0.000000,0.000000,0.000000,0.000000,0.000000,0.000000,0.000000,0.000000,0.000000,1.000000,,20200910-003534,,70.789
C:\Users\josep\source\repos\AIOTED-digital\03_data_resize_all-use_for_training\NaN_20200910-012404_ROI5.jpg,N,N,1.000000,0.000000,0.000000,0.000000,0.000000,0.000000,0.000000,0.000000,0.000000,0.000000,0.000000,1.000000,,20200910-012404,,76.039
C:\Users\josep\source\repos\AIOTED-digital\03_data_resize_all-use_for_training\NaN_20200910-030555_ROI5.jpg,N,N,1.000000,0.000000,0.000000,0.000000,0.000000,0.000000,0.000000,0.000000,0.000000,0.000000,0.000000,1.000000,,20200910-030555,,80.847
C:\Users\josep\source\repos\AIOTED-digital\03_data_resize_all-use_for_training\NaN_20200910-034443_ROI5.jpg,N,N,1.000000,0.000000,0.000000,0.000000,0.000000,0.000000,0.000000,0.000000,0.000000,0.000000,0.000000,1.000000,,20200910-034443,,74.358
C:\Users\josep\source\repos\AIOTED-digital\03_data_resize_all-use_for_training\NaN_20200910-065522_ROI5.jpg,N,N,1.000000,0.000000,0.000000,0.000000,0.000000,0.000000,0.000000,0.000001,0.000000,0.000000,0.000000,1.000000,,20200910-065522,,78.892
C:\Users\josep\source\repos\AIOTED-digital\03_data_resize_all-use_for_training\NaN_20200910-081017_ROI5.jpg,N,N,1.000000,0.000000,0.000000,0.000000,0.000000,0.000000,0.000000,0.000000,0.000000,0.000000,0.000000,1.000000,,20200910-081017,,83.096
C:\Users\josep\source\repos\AIOTED-digital\03_data_resize_all-use_for_training\NaN_20200910-153847_ROI5.jpg,N,N,1.000000,0.000000,0.000000,0.000000,0.000000,0.000000,0.000000,0.000000,0.000000,0.000000,0.000000,1.000000,,20200910-153847,,93.426
C:\Users\josep\source\repos\AIOTED-digital\03_data_resize_all-use_for_training\NaN_20200911-083008_ROI5.jpg,N,N,1.000000,0.000000,0.000000,0.000000,0.000000,0.000000,0.000000,0.000000,0.000000,0.000000,0.000000,1.000000,,20200911-083008,,84.904
C:\Users\josep\source\repos\AIOTED-digital\03_data_resize_all-use_for_training\NaN_20200911-091347_ROI5.jpg,N,N,1.000000,0.000000,0.000000,0.000000,0.000000,0.000000,0.000000,0.000000,0.000000,0.000000,0.000000,1.000000,,20200911-091347,,83.830
C:\Users\josep\source\repos\AIOTED-digital\03_data_resize_all-use_for_training\NaN_20200911-161309_ROI5.jpg,N,N,1.000000,0.000000,0.000000,0.000000,0.000000,0.000000,0.000000,0.000000,0.000000,0.000000,0.000000,1.000000,,20200911-161309,,80.655
C:\Users\josep\source\repos\AIOTED-digital\03_data_resize_all-use_for_training\NaN_20200911-170139_ROI5.jpg,N,N,1.000000,0.000000,0.000000,0.000000,0.000000,0.000000,0.000000,0.000000,0.000000,0.000000,0.000000,1.000000,,20200911-170139,,77.192
C:\Users\josep\source\repos\AIOTED-digital\03_data_resize_all-use_for_training\NaN_20200911-174027_ROI5.jpg,N,N,1.000000,0.000000,0.000000,0.000000,0.000000,0.000000,0.000000,0.000000,0.000000,0.000000,0.000000,1.000000,,20200911-174027,,79.233
C:\Users\josep\source\repos\AIOTED-digital\03_data_resize_all-use_for_training\NaN_20200911-182406_ROI5.jpg,N,N,1.000000,0.000000,0.000000,0.000000,0.000000,0.000000,0.000000,0.000000,0.000000,0.000000,0.000000,1.000000,,20200911-182406,,78.279
C:\Users\josep\source\repos\AIOTED-digital\03_data_resize_all-use_for_training\NaN_20200911-182857_ROI5.jpg,N,N,0.999489,0.000000,0.000000,0.000000,0.000511,0.000000,0.000000,0.000000,0.000000,0.000000,0.000000,0.999489,,20200911-182857,,77.299
C:\Users\josep\source\repos\AIOTED-digital\03_data_resize_all-use_for_training\NaN_20200912-000236_ROI5.jpg,N,N,0.998959,0.001040,0.000000,0.000000,0.000000,0.000000,0.000000,0.000000,0.000001,0.000000,0.000000,0.998959,,20200912-000236,,94.271
C:\Users\josep\source\repos\AIOTED-digital\03_data_resize_all-use_for_training\NaN_20200912-022014_ROI5.jpg,N,N,1.000000,0.000000,0.000000,0.000000,0.000000,0.000000,0.000000,0.000000,0.000000,0.000000,0.000000,1.000000,,20200912-022014,,84.066
C:\Users\josep\source\repos\AIOTED-digital\03_data_resize_all-use_for_training\NaN_20200912-022956_ROI5.jpg,N,N,1.000000,0.000000,0.000000,0.000000,0.000000,0.000000,0.000000,0.000000,0.000000,0.000000,0.000000,1.000000,,20200912-022956,,85.567
C:\Users\josep\source\repos\AIOTED-digital\03_data_resize_all-use_for_training\NaN_20200912-035714_ROI5.jpg,N,N,1.000000,0.000000,0.000000,0.000000,0.000000,0.000000,0.000000,0.000000,0.000000,0.000000,0.000000,1.000000,,20200912-035714,,83.155
C:\Users\josep\source\repos\AIOTED-digital\03_data_resize_all-use_for_training\NaN_20200912-084236_ROI5.jpg,N,N,1.000000,0.000000,0.000000,0.000000,0.000000,0.000000,0.000000,0.000000,0.000000,0.000000,0.000000,1.000000,,20200912-084236,,85.461
C:\Users\josep\source\repos\AIOTED-digital\03_data_resize_all-use_for_training\NaN_20200912-101445_ROI5.jpg,N,N,1.000000,0.000000,0.000000,0.000000,0.000000,0.000000,0.000000,0.000000,0.000000,0.000000,0.000000,1.000000,,20200912-101445,,80.943
C:\Users\josep\source\repos\AIOTED-digital\03_data_resize_all-use_for_training\NaN_20200912-113424_ROI5.jpg,N,N,1.000000,0.000000,0.000000,0.000000,0.000000,0.000000,0.000000,0.000000,0.000000,0.000000,0.000000,1.000000,,20200912-113424,,85.046
C:\Users\josep\source\repos\AIOTED-digital\03_data_resize_all-use_for_training\NaN_20200912-143842_ROI5.jpg,N,N,0.999984,0.000000,0.000000,0.000000,0.000000,0.000000,0.000009,0.000007,0.000000,0.000000,0.000000,0.999984,,20200912-143842,,77.761
C:\Users\josep\source\repos\AIOTED-digital\03_data_resize_all-use_for_training\NaN_20200912-150451_ROI5.jpg,N,N,1.000000,0.000000,0.000000,0.000000,0.000000,0.000000,0.000000,0.000000,0.000000,0.000000,0.000000,1.000000,,20200912-150451,,79.771
C:\Users\josep\source\repos\AIOTED-digital\03_data_resize_all-use_for_training\NaN_20200912-150942_ROI5.jpg,N,N,1.000000,0.000000,0.000000,0.000000,0.000000,0.000000,0.000000,0.000000,0.000000,0.000000,0.000000,1.000000,,20200912-150942,,82.104
C:\Users\josep\source\repos\AIOTED-digital\03_data_resize_all-use_for_training\NaN_20200912-155321_ROI5.jpg,N,N,1.000000,0.000000,0.000000,0.000000,0.000000,0.000000,0.000000,0.000000,0.000000,0.000000,0.000000,1.000000,,20200912-155321,,84.212
C:\Users\josep\source\repos\AIOTED-digital\03_data_resize_all-use_for_training\NaN_20200922-210432_ROI4.jpg,N,N,1.000000,0.000000,0.000000,0.000000,0.000000,0.000000,0.000000,0.000000,0.000000,0.000000,0.000000,1.000000,,20200922-210432,,98.939
C:\Users\josep\source\repos\AIOTED-digital\03_data_resize_all-use_for_training\NaN_22618.jpg,N,N,1.000000,0.000000,0.000000,0.000000,0.000000,0.000000,0.000000,0.000000,0.000000,0.000000,0.000000,1.000000,,,,162.575
C:\Users\josep\source\repos\AIOTED-digital\03_data_resize_all-use_for_training\NaN_24663.jpg,N,N,1.000000,0.000000,0.000000,0.000000,0.000000,0.000000,0.000000,0.000000,0.000000,0.000000,0.000000,1.000000,,,,168.004
C:\Users\josep\source\repos\AIOTED-digital\03_data_resize_all-use_for_training\NaN_25328.jpg,N,N,1.000000,0.000000,0.000000,0.000000,0.000000,0.000000,0.000000,0.000000,0.000000,0.000000,0.000000,1.000000,,,,157.733
C:\Users\josep\source\repos\AIOTED-digital\03_data_resize_all-use_for_training\NaN_25517.jpg,N,N,1.000000,0.000000,0.000000,0.000000,0.000000,0.000000,0.000000,0.000000,0.000000,0.000000,0.000000,1.000000,,,,159.254
C:\Users\josep\source\repos\AIOTED-digital\03_data_resize_all-use_for_training\NaN_2_ROI3_20210309-071039.jpg,N,N,0.999993,0.000000,0.000000,0.000007,0.000000,0.000000,0.000000,0.000000,0.000000,0.000000,0.000000,0.999993,,20210309-071039,,107.441
C:\Users\josep\source\repos\AIOTED-digital\03_data_resize_all-use_for_training\NaN_2_nt7_20210627-215230.jpg,N,N,0.999990,0.000000,0.000000,0.000000,0.000000,0.000000,0.000000,0.000000,0.000009,0.000000,0.000000,0.999990,,20210627-215230,,52.848
C:\Users\josep\source\repos\AIOTED-digital\03_data_resize_all-use_for_training\NaN_2b_red.jpg,N,N,1.000000,0.000000,0.000000,0.000000,0.000000,0.000000,0.000000,0.000000,0.000000,0.000000,0.000000,1.000000,,,,145.066
C:\Users\josep\source\repos\AIOTED-digital\03_data_resize_all-use_for_training\NaN_2c_red.jpg,N,N,1.000000,0.000000,0.000000,0.000000,0.000000,0.000000,0.000000,0.000000,0.000000,0.000000,0.000000,1.000000,,,,151.298
C:\Users\josep\source\repos\AIOTED-digital\03_data_resize_all-use_for_training\NaN_2f_4_digit7_20210406-130310.jpg,N,N,1.000000,0.000000,0.000000,0.000000,0.000000,0.000000,0.000000,0.000000,0.000000,0.000000,0.000000,1.000000,,20210406-130310,,138.990
C:\Users\josep\source\repos\AIOTED-digital\03_data_resize_all-use_for_training\NaN_3232.jpg,N,N,1.000000,0.000000,0.000000,0.000000,0.000000,0.000000,0.000000,0.000000,0.000000,0.000000,0.000000,1.000000,,,,160.279
C:\Users\josep\source\repos\AIOTED-digital\03_data_resize_all-use_for_training\NaN_3_ROI3_20210504-101415.jpg,N,N,1.000000,0.000000,0.000000,0.000000,0.000000,0.000000,0.000000,0.000000,0.000000,0.000000,0.000000,1.000000,,20210504-101415,,127.949
C:\Users\josep\source\repos\AIOTED-digital\03_data_resize_all-use_for_training\NaN_3_nt7_20210629-010417.jpg,N,N,1.000000,0.000000,0.000000,0.000001,0.000000,0.000000,0.000000,0.000000,0.000000,0.000000,0.000000,1.000000,,20210629-010417,,79.416
C:\Users\josep\source\repos\AIOTED-digital\03_data_resize_all-use_for_training\NaN_3b_red.jpg,N,N,1.000000,0.000000,0.000000,0.000000,0.000000,0.000000,0.000000,0.000000,0.000000,0.000000,0.000000,1.000000,,,,147.729
C:\Users\josep\source\repos\AIOTED-digital\03_data_resize_all-use_for_training\NaN_3c_red.jpg,N,N,1.000000,0.000000,0.000000,0.000000,0.000000,0.000000,0.000000,0.000000,0.000000,0.000000,0.000000,1.000000,,,,146.948
C:\Users\josep\source\repos\AIOTED-digital\03_data_resize_all-use_for_training\NaN_4_dec_20210731-032708.jpg,N,N,1.000000,0.000000,0.000000,0.000000,0.000000,0.000000,0.000000,0.000000,0.000000,0.000000,0.000000,1.000000,,20210731-032708,,137.409
C:\Users\josep\source\repos\AIOTED-digital\03_data_resize_all-use_for_training\NaN_4_dig5_20210629-092208.jpg,N,N,1.000000,0.000000,0.000000,0.000000,0.000000,0.000000,0.000000,0.000000,0.000000,0.000000,0.000000,1.000000,5,20210629-092208,blank09,140.512
C:\Users\josep\source\repos\AIOTED-digital\03_data_resize_all-use_for_training\NaN_4_dig5_20210723-002130.jpg,N,N,1.000000,0.000000,0.000000,0.000000,0.000000,0.000000,0.000000,0.000000,0.000000,0.000000,0.000000,1.000000,5,20210723-002130,blank09,69.765
C:\Users\josep\source\repos\AIOTED-digital\03_data_resize_all-use_for_training\NaN_4_dig6_20210725-165201.jpg,N,N,1.000000,0.000000,0.000000,0.000000,0.000000,0.000000,0.000000,0.000000,0.000000,0.000000,0.000000,1.000000,6,20210725-165201,blank09,59.013
C:\Users\josep\source\repos\AIOTED-digital\03_data_resize_all-use_for_training\NaN_4_dig6_20210727-213247.jpg,N,N,1.000000,0.000000,0.000000,0.000000,0.000000,0.000000,0.000000,0.000000,0.000000,0.000000,0.000000,1.000000,6,20210727-213247,blank09,61.764
C:\Users\josep\source\repos\AIOTED-digital\03_data_resize_all-use_for_training\NaN_4_digit7_20210406-155719.jpg,N,N,1.000000,0.000000,0.000000,0.000000,0.000000,0.000000,0.000000,0.000000,0.000000,0.000000,0.000000,1.000000,,20210406-155719,,136.732
C:\Users\josep\source\repos\AIOTED-digital\03_data_resize_all-use_for_training\NaN_4_digit8_20210406-114340.jpg,N,N,1.000000,0.000000,0.000000,0.000000,0.000000,0.000000,0.000000,0.000000,0.000000,0.000000,0.000000,1.000000,,20210406-114340,,110.344
C:\Users\josep\source\repos\AIOTED-digital\03_data_resize_all-use_for_training\NaN_4_ht6_20210705-083636.jpg,N,N,1.000000,0.000000,0.000000,0.000000,0.000000,0.000000,0.000000,0.000000,0.000000,0.000000,0.000000,1.000000,,20210705-083636,,131.564
C:\Users\josep\source\repos\AIOTED-digital\03_data_resize_all-use_for_training\NaN_4_ht7_20210701-112725.jpg,N,N,1.000000,0.000000,0.000000,0.000000,0.000000,0.000000,0.000000,0.000000,0.000000,0.000000,0.000000,1.000000,,20210701-112725,,85.242
C:\Users\josep\source\repos\AIOTED-digital\03_data_resize_all-use_for_training\NaN_4b_red.jpg,N,N,1.000000,0.000000,0.000000,0.000000,0.000000,0.000000,0.000000,0.000000,0.000000,0.000000,0.000000,1.000000,,,,146.235
C:\Users\josep\source\repos\AIOTED-digital\03_data_resize_all-use_for_training\NaN_5_ROI4_20210418-185643.jpg,N,N,1.000000,0.000000,0.000000,0.000000,0.000000,0.000000,0.000000,0.000000,0.000000,0.000000,0.000000,1.000000,,20210418-185643,,179.018
C:\Users\josep\source\repos\AIOTED-digital\03_data_resize_all-use_for_training\NaN_5_dig5_20210629-201316.jpg,N,N,1.000000,0.000000,0.000000,0.000000,0.000000,0.000000,0.000000,0.000000,0.000000,0.000000,0.000000,1.000000,5,20210629-201316,blank09,141.632
C:\Users\josep\source\repos\AIOTED-digital\03_data_resize_all-use_for_training\NaN_5_dig6_20210629-114809.jpg,N,N,1.000000,0.000000,0.000000,0.000000,0.000000,0.000000,0.000000,0.000000,0.000000,0.000000,0.000000,1.000000,6,20210629-114809,blank09,112.919
C:\Users\josep\source\repos\AIOTED-digital\03_data_resize_all-use_for_training\NaN_5_dig6_20210629-121409.jpg,N,N,1.000000,0.000000,0.000000,0.000000,0.000000,0.000000,0.000000,0.000000,0.000000,0.000000,0.000000,1.000000,6,20210629-121409,blank09,121.822
C:\Users\josep\source\repos\AIOTED-digital\03_data_resize_all-use_for_training\NaN_5_dig6_20210629-124809.jpg,N,N,1.000000,0.000000,0.000000,0.000000,0.000000,0.000000,0.000000,0.000000,0.000000,0.000000,0.000000,1.000000,6,20210629-124809,blank09,119.240
C:\Users\josep\source\repos\AIOTED-digital\03_data_resize_all-use_for_training\NaN_5_ht7_20210626-181909.jpg,N,N,1.000000,0.000000,0.000000,0.000000,0.000000,0.000000,0.000000,0.000000,0.000000,0.000000,0.000000,1.000000,,20210626-181909,,69.746
C:\Users\josep\source\repos\AIOTED-digital\03_data_resize_all-use_for_training\NaN_5_ht7_20210626-184815.jpg,N,N,1.000000,0.000000,0.000000,0.000000,0.000000,0.000000,0.000000,0.000000,0.000000,0.000000,0.000000,1.000000,,20210626-184815,,69.512
C:\Users\josep\source\repos\AIOTED-digital\03_data_resize_all-use_for_training\NaN_5b_red.jpg,N,N,1.000000,0.000000,0.000000,0.000000,0.000000,0.000000,0.000000,0.000000,0.000000,0.000000,0.000000,1.000000,,,,154.678
C:\Users\josep\source\repos\AIOTED-digital\03_data_resize_all-use_for_training\NaN_6_ROI4_20210423-064626.jpg,N,N,1.000000,0.000000,0.000000,0.000000,0.000000,0.000000,0.000000,0.000000,0.000000,0.000000,0.000000,1.000000,,20210423-064626,,197.285
C:\Users\josep\source\repos\AIOTED-digital\03_data_resize_all-use_for_training\NaN_6_ROI4_20210423-080030.jpg,N,N,1.000000,0.000000,0.000000,0.000000,0.000000,0.000000,0.000000,0.000000,0.000000,0.000000,0.000000,1.000000,,20210423-080030,,181.404
C:\Users\josep\source\repos\AIOTED-digital\03_data_resize_all-use_for_training\NaN_6_ROI6_20210218-112840.jpg,N,N,0.999996,0.000000,0.000000,0.000000,0.000000,0.000000,0.000004,0.000000,0.000000,0.000000,0.000000,0.999996,,20210218-112840,,108.125
C:\Users\josep\source\repos\AIOTED-digital\03_data_resize_all-use_for_training\NaN_6_dig5_20210710-041742.jpg,N,N,1.000000,0.000000,0.000000,0.000000,0.000000,0.000000,0.000000,0.000000,0.000000,0.000000,0.000000,1.000000,5,20210710-041742,blank09,68.529
C:\Users\josep\source\repos\AIOTED-digital\03_data_resize_all-use_for_training\NaN_6_dig6_20210629-075007.jpg,N,N,1.000000,0.000000,0.000000,0.000000,0.000000,0.000000,0.000000,0.000000,0.000000,0.000000,0.000000,1.000000,6,20210629-075007,blank09,110.443
C:\Users\josep\source\repos\AIOTED-digital\03_data_resize_all-use_for_training\NaN_6_dig6_20210629-080408.jpg,N,N,1.000000,0.000000,0.000000,0.000000,0.000000,0.000000,0.000000,0.000000,0.000000,0.000000,0.000000,1.000000,6,20210629-080408,blank09,117.141
C:\Users\josep\source\repos\AIOTED-digital\03_data_resize_all-use_for_training\NaN_6_dig6_20210629-112809.jpg,N,N,1.000000,0.000000,0.000000,0.000000,0.000000,0.000000,0.000000,0.000000,0.000000,0.000000,0.000000,1.000000,6,20210629-112809,blank09,114.180
C:\Users\josep\source\repos\AIOTED-digital\03_data_resize_all-use_for_training\NaN_6_dig6_20210720-121946.jpg,N,N,1.000000,0.000000,0.000000,0.000000,0.000000,0.000000,0.000000,0.000000,0.000000,0.000000,0.000000,1.000000,6,20210720-121946,blank09,57.193
C:\Users\josep\source\repos\AIOTED-digital\03_data_resize_all-use_for_training\NaN_6_dig6_20210723-044733.jpg,N,N,1.000000,0.000000,0.000000,0.000000,0.000000,0.000000,0.000000,0.000000,0.000000,0.000000,0.000000,1.000000,6,20210723-044733,blank09,57.753
C:\Users\josep\source\repos\AIOTED-digital\03_data_resize_all-use_for_training\NaN_6_dig6_20210723-181616.jpg,N,N,1.000000,0.000000,0.000000,0.000000,0.000000,0.000000,0.000000,0.000000,0.000000,0.000000,0.000000,1.000000,6,20210723-181616,blank09,54.991
C:\Users\josep\source\repos\AIOTED-digital\03_data_resize_all-use_for_training\NaN_6_ht6_20210705-100837.jpg,N,N,1.000000,0.000000,0.000000,0.000000,0.000000,0.000000,0.000000,0.000000,0.000000,0.000000,0.000000,1.000000,,20210705-100837,,133.982
C:\Users\josep\source\repos\AIOTED-digital\03_data_resize_all-use_for_training\NaN_6b_red.jpg,N,N,1.000000,0.000000,0.000000,0.000000,0.000000,0.000000,0.000000,0.000000,0.000000,0.000000,0.000000,1.000000,,,,155.966
C:\Users\josep\source\repos\AIOTED-digital\03_data_resize_all-use_for_training\NaN_7357.jpg,N,N,1.000000,0.000000,0.000000,0.000000,0.000000,0.000000,0.000000,0.000000,0.000000,0.000000,0.000000,1.000000,,,,159.647
C:\Users\josep\source\repos\AIOTED-digital\03_data_resize_all-use_for_training\NaN_7_dig3_20210704-115600.jpg,N,N,0.999997,0.000001,0.000000,0.000000,0.000000,0.000000,0.000000,0.000000,0.000002,0.000000,0.000000,0.999997,3,20210704-115600,blank09,96.541
C:\Users\josep\source\repos\AIOTED-digital\03_data_resize_all-use_for_training\NaN_7_dig6_20210629-070207.jpg,N,N,1.000000,0.000000,0.000000,0.000000,0.000000,0.000000,0.000000,0.000000,0.000000,0.000000,0.000000,1.000000,6,20210629-070207,blank09,123.885
C:\Users\josep\source\repos\AIOTED-digital\03_data_resize_all-use_for_training\NaN_7_digit8_20210406-130801.jpg,N,N,1.000000,0.000000,0.000000,0.000000,0.000000,0.000000,0.000000,0.000000,0.000000,0.000000,0.000000,1.000000,,20210406-130801,,105.893
C:\Users\josep\source\repos\AIOTED-digital\03_data_resize_all-use_for_training\NaN_7_ht6_20210629-075202.jpg,N,N,1.000000,0.000000,0.000000,0.000000,0.000000,0.000000,0.000000,0.000000,0.000000,0.000000,0.000000,1.000000,,20210629-075202,,120.585
C:\Users\josep\source\repos\AIOTED-digital\03_data_resize_all-use_for_training\NaN_7b_red.jpg,N,N,1.000000,0.000000,0.000000,0.000000,0.000000,0.000000,0.000000,0.000000,0.000000,0.000000,0.000000,1.000000,,,,150.275
C:\Users\josep\source\repos\AIOTED-digital\03_data_resize_all-use_for_training\NaN_8_ROI4_20210429-195240.jpg,N,N,1.000000,0.000000,0.000000,0.000000,0.000000,0.000000,0.000000,0.000000,0.000000,0.000000,0.000000,1.000000,,20210429-195240,,142.694
C:\Users\josep\source\repos\AIOTED-digital\03_data_resize_all-use_for_training\NaN_8_ht6_20210625-211611.jpg,N,N,1.000000,0.000000,0.000000,0.000000,0.000000,0.000000,0.000000,0.000000,0.000000,0.000000,0.000000,1.000000,,20210625-211611,,83.180
C:\Users\josep\source\repos\AIOTED-digital\03_data_resize_all-use_for_training\NaN_8_ht7_20210625-211611.jpg,N,N,1.000000,0.000000,0.000000,0.000000,0.000000,0.000000,0.000000,0.000000,0.000000,0.000000,0.000000,1.000000,,20210625-211611,,72.225
C:\Users\josep\source\repos\AIOTED-digital\03_data_resize_all-use_for_training\NaN_8_nt7_20210625-211611.jpg,N,N,0.999998,0.000000,0.000000,0.000000,0.000000,0.000001,0.000000,0.000001,0.000000,0.000000,0.000000,0.999998,,20210625-211611,,61.834
C:\Users\josep\source\repos\AIOTED-digital\03_data_resize_all-use_for_training\NaN_8_nt7_20210627-023843.jpg,N,N,1.000000,0.000000,0.000000,0.000000,0.000000,0.000000,0.000000,0.000000,0.000000,0.000000,0.000000,1.000000,,20210627-023843,,67.850
C:\Users\josep\source\repos\AIOTED-digital\03_data_resize_all-use_for_training\NaN_8b_red.jpg,N,N,1.000000,0.000000,0.000000,0.000000,0.000000,0.000000,0.000000,0.000000,0.000000,0.000000,0.000000,1.000000,,,,146.108
C:\Users\josep\source\repos\AIOTED-digital\03_data_resize_all-use_for_training\NaN_9_ROI4_20210503-160233.jpg,N,N,1.000000,0.000000,0.000000,0.000000,0.000000,0.000000,0.000000,0.000000,0.000000,0.000000,0.000000,1.000000,,20210503-160233,,129.827
C:\Users\josep\source\repos\AIOTED-digital\03_data_resize_all-use_for_training\NaN_9_nt7_20210629-052120.jpg,N,N,1.000000,0.000000,0.000000,0.000000,0.000000,0.000000,0.000000,0.000000,0.000000,0.000000,0.000000,1.000000,,20210629-052120,,79.171
C:\Users\josep\source\repos\AIOTED-digital\03_data_resize_all-use_for_training\NaN_9b_red.jpg,N,N,1.000000,0.000000,0.000000,0.000000,0.000000,0.000000,0.000000,0.000000,0.000000,0.000000,0.000000,1.000000,,,,142.046
C:\Users\josep\source\repos\AIOTED-digital\03_data_resize_all-use_for_training\NaN_D6_2020-08-22_17-50-20.jpg,N,N,1.000000,0.000000,0.000000,0.000000,0.000000,0.000000,0.000000,0.000000,0.000000,0.000000,0.000000,1.000000,,,,103.052
C:\Users\josep\source\repos\AIOTED-digital\03_data_resize_all-use_for_training\NaN_D7_2020-08-15_14-04-25.jpg,N,N,1.000000,0.000000,0.000000,0.000000,0.000000,0.000000,0.000000,0.000000,0.000000,0.000000,0.000000,1.000000,,,,77.912
C:\Users\josep\source\repos\AIOTED-digital\03_data_resize_all-use_for_training\NaN_D7_2020-08-17_22-10-55.jpg,N,N,1.000000,0.000000,0.000000,0.000000,0.000000,0.000000,0.000000,0.000000,0.000000,0.000000,0.000000,1.000000,,,,82.038
C:\Users\josep\source\repos\AIOTED-digital\03_data_resize_all-use_for_training\NaN_D7_2020-08-22_10-19-13.jpg,N,N,1.000000,0.000000,0.000000,0.000000,0.000000,0.000000,0.000000,0.000000,0.000000,0.000000,0.000000,1.000000,,,,88.407
C:\Users\josep\source\repos\AIOTED-digital\03_data_resize_all-use_for_training\NaN_D7_2020-08-23_16-54-14.jpg,N,N,1.000000,0.000000,0.000000,0.000000,0.000000,0.000000,0.000000,0.000000,0.000000,0.000000,0.000000,1.000000,,,,104.222
C:\Users\josep\source\repos\AIOTED-digital\03_data_resize_all-use_for_training\NaN_D8_2020-08-12_12-28-24.jpg,N,N,1.000000,0.000000,0.000000,0.000000,0.000000,0.000000,0.000000,0.000000,0.000000,0.000000,0.000000,1.000000,,,,78.896
C:\Users\josep\source\repos\AIOTED-digital\03_data_resize_all-use_for_training\NaN_D8_2020-08-13_08-29-42.jpg,N,N,1.000000,0.000000,0.000000,0.000000,0.000000,0.000000,0.000000,0.000000,0.000000,0.000000,0.000000,1.000000,,,,78.709
C:\Users\josep\source\repos\AIOTED-digital\03_data_resize_all-use_for_training\NaN_D8_2020-08-13_08-32-06.jpg,N,N,1.000000,0.000000,0.000000,0.000000,0.000000,0.000000,0.000000,0.000000,0.000000,0.000000,0.000000,1.000000,,,,80.398
C:\Users\josep\source\repos\AIOTED-digital\03_data_resize_all-use_for_training\NaN_D8_2020-08-13_16-15-23.jpg,N,N,1.000000,0.000000,0.000000,0.000000,0.000000,0.000000,0.000000,0.000000,0.000000,0.000000,0.000000,1.000000,,,,75.635
C:\Users\josep\source\repos\AIOTED-digital\03_data_resize_all-use_for_training\NaN_D8_2020-08-13_23-28-06.jpg,N,N,1.000000,0.000000,0.000000,0.000000,0.000000,0.000000,0.000000,0.000000,0.000000,0.000000,0.000000,1.000000,,,,78.310
C:\Users\josep\source\repos\AIOTED-digital\03_data_resize_all-use_for_training\NaN_D8_2020-08-14_13-31-10 - Kopie.jpg,N,N,1.000000,0.000000,0.000000,0.000000,0.000000,0.000000,0.000000,0.000000,0.000000,0.000000,0.000000,1.000000,,,,76.973
C:\Users\josep\source\repos\AIOTED-digital\03_data_resize_all-use_for_training\NaN_D8_2020-08-14_15-42-21.jpg,N,N,1.000000,0.000000,0.000000,0.000000,0.000000,0.000000,0.000000,0.000000,0.000000,0.000000,0.000000,1.000000,,,,78.125
C:\Users\josep\source\repos\AIOTED-digital\03_data_resize_all-use_for_training\NaN_D8_2020-08-14_19-11-52.jpg,N,N,1.000000,0.000000,0.000000,0.000000,0.000000,0.000000,0.000000,0.000000,0.000000,0.000000,0.000000,1.000000,,,,73.072
C:\Users\josep\source\repos\AIOTED-digital\03_data_resize_all-use_for_training\NaN_D8_2020-08-14_23-41-03.jpg,N,N,1.000000,0.000000,0.000000,0.000000,0.000000,0.000000,0.000000,0.000000,0.000000,0.000000,0.000000,1.000000,,,,75.695
C:\Users\josep\source\repos\AIOTED-digital\03_data_resize_all-use_for_training\NaN_D8_2020-08-15_22-03-21.jpg,N,N,1.000000,0.000000,0.000000,0.000000,0.000000,0.000000,0.000000,0.000000,0.000000,0.000000,0.000000,1.000000,,,,78.029
C:\Users\josep\source\repos\AIOTED-digital\03_data_resize_all-use_for_training\NaN_D8_2020-08-16_15-50-49.jpg,N,N,1.000000,0.000000,0.000000,0.000000,0.000000,0.000000,0.000000,0.000000,0.000000,0.000000,0.000000,1.000000,,,,72.286
C:\Users\josep\source\repos\AIOTED-digital\03_data_resize_all-use_for_training\NaN_D8_2020-08-16_19-50-10.jpg,N,N,1.000000,0.000000,0.000000,0.000000,0.000000,0.000000,0.000000,0.000000,0.000000,0.000000,0.000000,1.000000,,,,77.379
C:\Users\josep\source\repos\AIOTED-digital\03_data_resize_all-use_for_training\NaN_D8_2020-08-17_12-20-56.jpg,N,N,1.000000,0.000000,0.000000,0.000000,0.000000,0.000000,0.000000,0.000000,0.000000,0.000000,0.000000,1.000000,,,,79.304
C:\Users\josep\source\repos\AIOTED-digital\03_data_resize_all-use_for_training\NaN_D8_2020-08-17_22-10-55.jpg,N,N,1.000000,0.000000,0.000000,0.000000,0.000000,0.000000,0.000000,0.000000,0.000000,0.000000,0.000000,1.000000,,,,72.846
C:\Users\josep\source\repos\AIOTED-digital\03_data_resize_all-use_for_training\NaN_D8_2020-08-19_20-37-04.jpg,N,N,1.000000,0.000000,0.000000,0.000000,0.000000,0.000000,0.000000,0.000000,0.000000,0.000000,0.000000,1.000000,,,,75.499
C:\Users\josep\source\repos\AIOTED-digital\03_data_resize_all-use_for_training\NaN_D8_2020-08-19_21-45-50.jpg,N,N,1.000000,0.000000,0.000000,0.000000,0.000000,0.000000,0.000000,0.000000,0.000000,0.000000,0.000000,1.000000,,,,74.949
C:\Users\josep\source\repos\AIOTED-digital\03_data_resize_all-use_for_training\NaN_D8_2020-08-20_00-40-21.jpg,N,N,1.000000,0.000000,0.000000,0.000000,0.000000,0.000000,0.000000,0.000000,0.000000,0.000000,0.000000,1.000000,,,,81.186
C:\Users\josep\source\repos\AIOTED-digital\03_data_resize_all-use_for_training\NaN_D8_2020-08-20_10-04-39.jpg,N,N,1.000000,0.000000,0.000000,0.000000,0.000000,0.000000,0.000000,0.000000,0.000000,0.000000,0.000000,1.000000,,,,76.404
C:\Users\josep\source\repos\AIOTED-digital\03_data_resize_all-use_for_training\NaN_D8_2020-08-20_10-05-26.jpg,N,N,1.000000,0.000000,0.000000,0.000000,0.000000,0.000000,0.000000,0.000000,0.000000,0.000000,0.000000,1.000000,,,,72.406
C:\Users\josep\source\repos\AIOTED-digital\03_data_resize_all-use_for_training\NaN_D8_2020-08-20_10-07-49.jpg,N,N,1.000000,0.000000,0.000000,0.000000,0.000000,0.000000,0.000000,0.000000,0.000000,0.000000,0.000000,1.000000,,,,74.244
C:\Users\josep\source\repos\AIOTED-digital\03_data_resize_all-use_for_training\NaN_D8_2020-08-20_13-17-10.jpg,N,N,1.000000,0.000000,0.000000,0.000000,0.000000,0.000000,0.000000,0.000000,0.000000,0.000000,0.000000,1.000000,,,,78.474
C:\Users\josep\source\repos\AIOTED-digital\03_data_resize_all-use_for_training\NaN_D8_2020-08-20_13-26-23.jpg,N,N,1.000000,0.000000,0.000000,0.000000,0.000000,0.000000,0.000000,0.000000,0.000000,0.000000,0.000000,1.000000,,,,74.147
C:\Users\josep\source\repos\AIOTED-digital\03_data_resize_all-use_for_training\NaN_D8_2020-08-20_13-40-03.jpg,N,N,1.000000,0.000000,0.000000,0.000000,0.000000,0.000000,0.000000,0.000000,0.000000,0.000000,0.000000,1.000000,,,,76.928
C:\Users\josep\source\repos\AIOTED-digital\03_data_resize_all-use_for_training\NaN_D8_2020-08-20_13-49-31.jpg,N,N,1.000000,0.000000,0.000000,0.000000,0.000000,0.000000,0.000000,0.000000,0.000000,0.000000,0.000000,1.000000,,,,75.385
C:\Users\josep\source\repos\AIOTED-digital\03_data_resize_all-use_for_training\NaN_D8_2020-08-20_14-23-50.jpg,N,N,1.000000,0.000000,0.000000,0.000000,0.000000,0.000000,0.000000,0.000000,0.000000,0.000000,0.000000,1.000000,,,,76.993
C:\Users\josep\source\repos\AIOTED-digital\03_data_resize_all-use_for_training\NaN_D8_2020-08-20_15-53-26.jpg,N,N,1.000000,0.000000,0.000000,0.000000,0.000000,0.000000,0.000000,0.000000,0.000000,0.000000,0.000000,1.000000,,,,76.434
C:\Users\josep\source\repos\AIOTED-digital\03_data_resize_all-use_for_training\NaN_D8_2020-08-21_15-01-55.jpg,N,N,1.000000,0.000000,0.000000,0.000000,0.000000,0.000000,0.000000,0.000000,0.000000,0.000000,0.000000,1.000000,,,,123.014
C:\Users\josep\source\repos\AIOTED-digital\03_data_resize_all-use_for_training\NaN_D8_2020-08-21_15-30-11.jpg,N,N,1.000000,0.000000,0.000000,0.000000,0.000000,0.000000,0.000000,0.000000,0.000000,0.000000,0.000000,1.000000,,,,101.336
C:\Users\josep\source\repos\AIOTED-digital\03_data_resize_all-use_for_training\NaN_D8_2020-08-21_16-00-06.jpg,N,N,1.000000,0.000000,0.000000,0.000000,0.000000,0.000000,0.000000,0.000000,0.000000,0.000000,0.000000,1.000000,,,,106.207
C:\Users\josep\source\repos\AIOTED-digital\03_data_resize_all-use_for_training\NaN_D8_2020-08-21_22-49-30.jpg,N,N,1.000000,0.000000,0.000000,0.000000,0.000000,0.000000,0.000000,0.000000,0.000000,0.000000,0.000000,1.000000,,,,109.965
C:\Users\josep\source\repos\AIOTED-digital\03_data_resize_all-use_for_training\NaN_D8_2020-08-21_22-52-12.jpg,N,N,1.000000,0.000000,0.000000,0.000000,0.000000,0.000000,0.000000,0.000000,0.000000,0.000000,0.000000,1.000000,,,,115.220
C:\Users\josep\source\repos\AIOTED-digital\03_data_resize_all-use_for_training\NaN_D8_2020-08-22_02-50-08.jpg,N,N,1.000000,0.000000,0.000000,0.000000,0.000000,0.000000,0.000000,0.000000,0.000000,0.000000,0.000000,1.000000,,,,119.943
C:\Users\josep\source\repos\AIOTED-digital\03_data_resize_all-use_for_training\NaN_D8_2020-08-22_03-20-03.jpg,N,N,1.000000,0.000000,0.000000,0.000000,0.000000,0.000000,0.000000,0.000000,0.000000,0.000000,0.000000,1.000000,,,,111.578
C:\Users\josep\source\repos\AIOTED-digital\03_data_resize_all-use_for_training\NaN_D8_2020-08-22_05-19-46.jpg,N,N,1.000000,0.000000,0.000000,0.000000,0.000000,0.000000,0.000000,0.000000,0.000000,0.000000,0.000000,1.000000,,,,106.850
C:\Users\josep\source\repos\AIOTED-digital\03_data_resize_all-use_for_training\NaN_D8_2020-08-22_06-49-36.jpg,N,N,1.000000,0.000000,0.000000,0.000000,0.000000,0.000000,0.000000,0.000000,0.000000,0.000000,0.000000,1.000000,,,,106.442
C:\Users\josep\source\repos\AIOTED-digital\03_data_resize_all-use_for_training\NaN_D8_2020-08-22_08-19-25.jpg,N,N,1.000000,0.000000,0.000000,0.000000,0.000000,0.000000,0.000000,0.000000,0.000000,0.000000,0.000000,1.000000,,,,107.957
C:\Users\josep\source\repos\AIOTED-digital\03_data_resize_all-use_for_training\NaN_D8_2020-08-22_10-19-13.jpg,N,N,1.000000,0.000000,0.000000,0.000000,0.000000,0.000000,0.000000,0.000000,0.000000,0.000000,0.000000,1.000000,,,,110.150
C:\Users\josep\source\repos\AIOTED-digital\03_data_resize_all-use_for_training\NaN_D8_2020-08-22_17-50-20.jpg,N,N,1.000000,0.000000,0.000000,0.000000,0.000000,0.000000,0.000000,0.000000,0.000000,0.000000,0.000000,1.000000,,,,116.818
C:\Users\josep\source\repos\AIOTED-digital\03_data_resize_all-use_for_training\NaN_D8_2020-08-22_18-50-22.jpg,N,N,1.000000,0.000000,0.000000,0.000000,0.000000,0.000000,0.000000,0.000000,0.000000,0.000000,0.000000,1.000000,,,,113.330
C:\Users\josep\source\repos\AIOTED-digital\03_data_resize_all-use_for_training\NaN_D8_2020-08-22_19-50-00.jpg,N,N,1.000000,0.000000,0.000000,0.000000,0.000000,0.000000,0.000000,0.000000,0.000000,0.000000,0.000000,1.000000,,,,111.096
C:\Users\josep\source\repos\AIOTED-digital\03_data_resize_all-use_for_training\NaN_D8_2020-08-22_20-19-51.jpg,N,N,1.000000,0.000000,0.000000,0.000000,0.000000,0.000000,0.000000,0.000000,0.000000,0.000000,0.000000,1.000000,,,,114.808
C:\Users\josep\source\repos\AIOTED-digital\03_data_resize_all-use_for_training\NaN_D8_2020-08-23_10-19-11.jpg,N,N,1.000000,0.000000,0.000000,0.000000,0.000000,0.000000,0.000000,0.000000,0.000000,0.000000,0.000000,1.000000,,,,103.577
C:\Users\josep\source\repos\AIOTED-digital\03_data_resize_all-use_for_training\NaN_D8_2020-08-23_11-19-46.jpg,N,N,1.000000,0.000000,0.000000,0.000000,0.000000,0.000000,0.000000,0.000000,0.000000,0.000000,0.000000,1.000000,,,,106.097
C:\Users\josep\source\repos\AIOTED-digital\03_data_resize_all-use_for_training\NaN_D8_2020-08-23_12-51-27.jpg,N,N,1.000000,0.000000,0.000000,0.000000,0.000000,0.000000,0.000000,0.000000,0.000000,0.000000,0.000000,1.000000,,,,110.983
C:\Users\josep\source\repos\AIOTED-digital\03_data_resize_all-use_for_training\NaN_D8_2020-08-23_16-54-14.jpg,N,N,1.000000,0.000000,0.000000,0.000000,0.000000,0.000000,0.000000,0.000000,0.000000,0.000000,0.000000,1.000000,,,,112.678
C:\Users\josep\source\repos\AIOTED-digital\03_data_resize_all-use_for_training\NaN_D8_2020-08-23_18-24-07.jpg,N,N,1.000000,0.000000,0.000000,0.000000,0.000000,0.000000,0.000000,0.000000,0.000000,0.000000,0.000000,1.000000,,,,114.799
C:\Users\josep\source\repos\AIOTED-digital\03_data_resize_all-use_for_training\NaN_D8_2020-08-24_11-13-54.jpg,N,N,1.000000,0.000000,0.000000,0.000000,0.000000,0.000000,0.000000,0.000000,0.000000,0.000000,0.000000,1.000000,,,,98.954
C:\Users\josep\source\repos\AIOTED-digital\03_data_resize_all-use_for_training\NaN_D8_2020-08-24_12-14-03.jpg,N,N,1.000000,0.000000,0.000000,0.000000,0.000000,0.000000,0.000000,0.000000,0.000000,0.000000,0.000000,1.000000,,,,107.898
C:\Users\josep\source\repos\AIOTED-digital\03_data_resize_all-use_for_training\NaN_D8_2020-08-24_13-13-51.jpg,N,N,1.000000,0.000000,0.000000,0.000000,0.000000,0.000000,0.000000,0.000000,0.000000,0.000000,0.000000,1.000000,,,,101.574
C:\Users\josep\source\repos\AIOTED-digital\03_data_resize_all-use_for_training\NaN_D8_2020-08-24_15-13-50.jpg,N,N,1.000000,0.000000,0.000000,0.000000,0.000000,0.000000,0.000000,0.000000,0.000000,0.000000,0.000000,1.000000,,,,118.075
C:\Users\josep\source\repos\AIOTED-digital\03_data_resize_all-use_for_training\NaN_D8_2020-08-24_15-43-55.jpg,N,N,1.000000,0.000000,0.000000,0.000000,0.000000,0.000000,0.000000,0.000000,0.000000,0.000000,0.000000,1.000000,,,,108.430
C:\Users\josep\source\repos\AIOTED-digital\03_data_resize_all-use_for_training\NaN_D8_2020-08-24_16-15-36.jpg,N,N,1.000000,0.000000,0.000000,0.000000,0.000000,0.000000,0.000000,0.000000,0.000000,0.000000,0.000000,1.000000,,,,105.943
C:\Users\josep\source\repos\AIOTED-digital\03_data_resize_all-use_for_training\NaN_D8_2020-08-24_16-45-06.jpg,N,N,1.000000,0.000000,0.000000,0.000000,0.000000,0.000000,0.000000,0.000000,0.000000,0.000000,0.000000,1.000000,,,,108.303
C:\Users\josep\source\repos\AIOTED-digital\03_data_resize_all-use_for_training\NaN_D8_2020-08-24_17-44-56.jpg,N,N,1.000000,0.000000,0.000000,0.000000,0.000000,0.000000,0.000000,0.000000,0.000000,0.000000,0.000000,1.000000,,,,103.812
C:\Users\josep\source\repos\AIOTED-digital\03_data_resize_all-use_for_training\NaN_D8_2020-08-24_18-14-54.jpg,N,N,1.000000,0.000000,0.000000,0.000000,0.000000,0.000000,0.000000,0.000000,0.000000,0.000000,0.000000,1.000000,,,,107.828
C:\Users\josep\source\repos\AIOTED-digital\03_data_resize_all-use_for_training\NaN_D8_2020-08-24_18-44-49.jpg,N,N,1.000000,0.000000,0.000000,0.000000,0.000000,0.000000,0.000000,0.000000,0.000000,0.000000,0.000000,1.000000,,,,112.140
C:\Users\josep\source\repos\AIOTED-digital\03_data_resize_all-use_for_training\NaN_D8_2020-08-24_20-14-36.jpg,N,N,1.000000,0.000000,0.000000,0.000000,0.000000,0.000000,0.000000,0.000000,0.000000,0.000000,0.000000,1.000000,,,,107.714
C:\Users\josep\source\repos\AIOTED-digital\03_data_resize_all-use_for_training\NaN_D8_2020-08-25_04-15-03.jpg,N,N,1.000000,0.000000,0.000000,0.000000,0.000000,0.000000,0.000000,0.000000,0.000000,0.000000,0.000000,1.000000,,,,112.861
C:\Users\josep\source\repos\AIOTED-digital\03_data_resize_all-use_for_training\NaN_D8_2020-08-25_07-44-47.jpg,N,N,1.000000,0.000000,0.000000,0.000000,0.000000,0.000000,0.000000,0.000000,0.000000,0.000000,0.000000,1.000000,,,,106.261
C:\Users\josep\source\repos\AIOTED-digital\03_data_resize_all-use_for_training\NaN_D8_2020-08-25_08-44-42.jpg,N,N,1.000000,0.000000,0.000000,0.000000,0.000000,0.000000,0.000000,0.000000,0.000000,0.000000,0.000000,1.000000,,,,116.911
C:\Users\josep\source\repos\AIOTED-digital\03_data_resize_all-use_for_training\NaN_D8_2020-08-25_09-14-40.jpg,N,N,1.000000,0.000000,0.000000,0.000000,0.000000,0.000000,0.000000,0.000000,0.000000,0.000000,0.000000,1.000000,,,,120.008
C:\Users\josep\source\repos\AIOTED-digital\03_data_resize_all-use_for_training\NaN_D8_2020-08-25_11-44-35.jpg,N,N,1.000000,0.000000,0.000000,0.000000,0.000000,0.000000,0.000000,0.000000,0.000000,0.000000,0.000000,1.000000,,,,109.628
C:\Users\josep\source\repos\AIOTED-digital\03_data_resize_all-use_for_training\NaN_Ziffer_NaN_0001.jpg,N,N,1.000000,0.000000,0.000000,0.000000,0.000000,0.000000,0.000000,0.000000,0.000000,0.000000,0.000000,1.000000,,,,145.035
C:\Users\josep\source\repos\AIOTED-digital\03_data_resize_all-use_for_training\NaN_Ziffer_NaN_0078.jpg,N,N,1.000000,0.000000,0.000000,0.000000,0.000000,0.000000,0.000000,0.000000,0.000000,0.000000,0.000000,1.000000,,,,150.844
C:\Users\josep\source\repos\AIOTED-digital\03_data_resize_all-use_for_training\NaN_Ziffer_NaN_0120.jpg,N,N,1.000000,0.000000,0.000000,0.000000,0.000000,0.000000,0.000000,0.000000,0.000000,0.000000,0.000000,1.000000,,,,150.772
C:\Users\josep\source\repos\AIOTED-digital\03_data_resize_all-use_for_training\NaN_Ziffer_NaN_0197.jpg,N,N,1.000000,0.000000,0.000000,0.000000,0.000000,0.000000,0.000000,0.000000,0.000000,0.000000,0.000000,1.000000,,,,145.255
C:\Users\josep\source\repos\AIOTED-digital\03_data_resize_all-use_for_training\NaN_Ziffer_NaN_0236.jpg,N,N,1.000000,0.000000,0.000000,0.000000,0.000000,0.000000,0.000000,0.000000,0.000000,0.000000,0.000000,1.000000,,,,148.411
C:\Users\josep\source\repos\AIOTED-digital\03_data_resize_all-use_for_training\NaN_Ziffer_NaN_0285.jpg,N,N,1.000000,0.000000,0.000000,0.000000,0.000000,0.000000,0.000000,0.000000,0.000000,0.000000,0.000000,1.000000,,,,148.922
C:\Users\josep\source\repos\AIOTED-digital\03_data_resize_all-use_for_training\NaN_Ziffer_NaN_0351.jpg,N,N,1.000000,0.000000,0.000000,0.000000,0.000000,0.000000,0.000000,0.000000,0.000000,0.000000,0.000000,1.000000,,,,149.050
C:\Users\josep\source\repos\AIOTED-digital\03_data_resize_all-use_for_training\NaN_Ziffer_NaN_0393.jpg,N,N,1.000000,0.000000,0.000000,0.000000,0.000000,0.000000,0.000000,0.000000,0.000000,0.000000,0.000000,1.000000,,,,150.267
C:\Users\josep\source\repos\AIOTED-digital\03_data_resize_all-use_for_training\NaN_Ziffer_NaN_0442.jpg,N,N,1.000000,0.000000,0.000000,0.000000,0.000000,0.000000,0.000000,0.000000,0.000000,0.000000,0.000000,1.000000,,,,150.930
C:\Users\josep\source\repos\AIOTED-digital\03_data_resize_all-use_for_training\NaN_Ziffer_NaN_0471.jpg,N,N,1.000000,0.000000,0.000000,0.000000,0.000000,0.000000,0.000000,0.000000,0.000000,0.000000,0.000000,1.000000,,,,148.402
C:\Users\josep\source\repos\AIOTED-digital\03_data_resize_all-use_for_training\NaN_Ziffer_NaN_0483.jpg,N,N,1.000000,0.000000,0.000000,0.000000,0.000000,0.000000,0.000000,0.000000,0.000000,0.000000,0.000000,1.000000,,,,150.027
C:\Users\josep\source\repos\AIOTED-digital\03_data_resize_all-use_for_training\NaN_Ziffer_NaN_0588.jpg,N,N,1.000000,0.000000,0.000000,0.000000,0.000000,0.000000,0.000000,0.000000,0.000000,0.000000,0.000000,1.000000,,,,145.879
C:\Users\josep\source\repos\AIOTED-digital\03_data_resize_all-use_for_training\NaN_Ziffer_NaN_0692.jpg,N,N,1.000000,0.000000,0.000000,0.000000,0.000000,0.000000,0.000000,0.000000,0.000000,0.000000,0.000000,1.000000,,,,148.726
C:\Users\josep\source\repos\AIOTED-digital\03_data_resize_all-use_for_training\NaN_Ziffer_NaN_0743.jpg,N,N,1.000000,0.000000,0.000000,0.000000,0.000000,0.000000,0.000000,0.000000,0.000000,0.000000,0.000000,1.000000,,,,144.120
C:\Users\josep\source\repos\AIOTED-digital\03_data_resize_all-use_for_training\NaN_Ziffer_NaN_0803.jpg,N,N,1.000000,0.000000,0.000000,0.000000,0.000000,0.000000,0.000000,0.000000,0.000000,0.000000,0.000000,1.000000,,,,143.962
C:\Users\josep\source\repos\AIOTED-digital\03_data_resize_all-use_for_training\NaN_Ziffer_NaN_0834.jpg,N,N,1.000000,0.000000,0.000000,0.000000,0.000000,0.000000,0.000000,0.000000,0.000000,0.000000,0.000000,1.000000,,,,145.989
C:\Users\josep\source\repos\AIOTED-digital\03_data_resize_all-use_for_training\NaN_Ziffer_NaN_0869.jpg,N,N,1.000000,0.000000,0.000000,0.000000,0.000000,0.000000,0.000000,0.000000,0.000000,0.000000,0.000000,1.000000,,,,146.054
C:\Users\josep\source\repos\AIOTED-digital\03_data_resize_all-use_for_training\NaN_Ziffer_NaN_0903.jpg,N,N,1.000000,0.000000,0.000000,0.000000,0.000000,0.000000,0.000000,0.000000,0.000000,0.000000,0.000000,1.000000,,,,149.058
C:\Users\josep\source\repos\AIOTED-digital\03_data_resize_all-use_for_training\NaN_Ziffer_NaN_0990.jpg,N,N,1.000000,0.000000,0.000000,0.000000,0.000000,0.000000,0.000000,0.000000,0.000000,0.000000,0.000000,1.000000,,,,147.000
C:\Users\josep\source\repos\AIOTED-digital\03_data_resize_all-use_for_training\NaN_Ziffer_NaN_1060.jpg,N,N,1.000000,0.000000,0.000000,0.000000,0.000000,0.000000,0.000000,0.000000,0.000000,0.000000,0.000000,1.000000,,,,148.723
C:\Users\josep\source\repos\AIOTED-digital\03_data_resize_all-use_for_training\NaN_Ziffer_NaN_1072.jpg,N,N,1.000000,0.000000,0.000000,0.000000,0.000000,0.000000,0.000000,0.000000,0.000000,0.000000,0.000000,1.000000,,,,147.292
C:\Users\josep\source\repos\AIOTED-digital\03_data_resize_all-use_for_training\NaN_Ziffer_NaN_1140.jpg,N,N,1.000000,0.000000,0.000000,0.000000,0.000000,0.000000,0.000000,0.000000,0.000000,0.000000,0.000000,1.000000,,,,149.602
C:\Users\josep\source\repos\AIOTED-digital\03_data_resize_all-use_for_training\NaN_Ziffer_NaN_1179.jpg,N,N,1.000000,0.000000,0.000000,0.000000,0.000000,0.000000,0.000000,0.000000,0.000000,0.000000,0.000000,1.000000,,,,150.000
C:\Users\josep\source\repos\AIOTED-digital\03_data_resize_all-use_for_training\NaN_Ziffer_NaN_1214.jpg,N,N,1.000000,0.000000,0.000000,0.000000,0.000000,0.000000,0.000000,0.000000,0.000000,0.000000,0.000000,1.000000,,,,149.393
C:\Users\josep\source\repos\AIOTED-digital\03_data_resize_all-use_for_training\NaN_Ziffer_NaN_1238.jpg,N,N,1.000000,0.000000,0.000000,0.000000,0.000000,0.000000,0.000000,0.000000,0.000000,0.000000,0.000000,1.000000,,,,68.772
C:\Users\josep\source\repos\AIOTED-digital\03_data_resize_all-use_for_training\NaN_Ziffer_NaN_1239.jpg,N,N,0.999997,0.000000,0.000000,0.000002,0.000000,0.000001,0.000000,0.000000,0.000000,0.000000,0.000000,0.999997,,,,30.801
C:\Users\josep\source\repos\AIOTED-digital\03_data_resize_all-use_for_training\NaN_Ziffer_NaN_1240.jpg,N,N,1.000000,0.000000,0.000000,0.000000,0.000000,0.000000,0.000000,0.000000,0.000000,0.000000,0.000000,1.000000,,,,76.998
C:\Users\josep\source\repos\AIOTED-digital\03_data_resize_all-use_for_training\NaN_Ziffer_NaN_1241.jpg,N,N,1.000000,0.000000,0.000000,0.000000,0.000000,0.000000,0.000000,0.000000,0.000000,0.000000,0.000000,1.000000,,,,0.000
C:\Users\josep\source\repos\AIOTED-digital\03_data_resize_all-use_for_training\NaN_Ziffer_NaN_1242.jpg,N,N,1.000000,0.000000,0.000000,0.000000,0.000000,0.000000,0.000000,0.000000,0.000000,0.000000,0.000000,1.000000,,,,168.029
C:\Users\josep\source\repos\AIOTED-digital\03_data_resize_all-use_for_training\NaN_Ziffer_NaN_1243.jpg,N,N,1.000000,0.000000,0.000000,0.000000,0.000000,0.000000,0.000000,0.000000,0.000000,0.000000,0.000000,1.000000,,,,220.138
C:\Users\josep\source\repos\AIOTED-digital\03_data_resize_all-use_for_training\NaN_Ziffer_NaN_1244.jpg,N,N,1.000000,0.000000,0.000000,0.000000,0.000000,0.000000,0.000000,0.000000,0.000000,0.000000,0.000000,1.000000,,,,151.012
C:\Users\josep\source\repos\AIOTED-digital\03_data_resize_all-use_for_training\NaN_Ziffer_NaN_1245.jpg,N,N,1.000000,0.000000,0.000000,0.000000,0.000000,0.000000,0.000000,0.000000,0.000000,0.000000,0.000000,1.000000,,,,69.160
C:\Users\josep\source\repos\AIOTED-digital\03_data_resize_all-use_for_training\NaN_Ziffer_NaN_1246.jpg,N,N,0.999987,0.000000,0.000000,0.000013,0.000000,0.000000,0.000000,0.000000,0.000000,0.000000,0.000000,0.999987,,,,127.957
C:\Users\josep\source\repos\AIOTED-digital\03_data_resize_all-use_for_training\NaN_Ziffer_NaN_1247.jpg,N,N,0.999999,0.000000,0.000000,0.000000,0.000000,0.000001,0.000000,0.000000,0.000000,0.000000,0.000000,0.999999,,,,108.239
C:\Users\josep\source\repos\AIOTED-digital\03_data_resize_all-use_for_training\NaN_Ziffer_NaN_1248.jpg,N,N,1.000000,0.000000,0.000000,0.000000,0.000000,0.000000,0.000000,0.000000,0.000000,0.000000,0.000000,1.000000,,,,41.384
C:\Users\josep\source\repos\AIOTED-digital\03_data_resize_all-use_for_training\NaN_Ziffer_NaN_1249.jpg,N,N,1.000000,0.000000,0.000000,0.000000,0.000000,0.000000,0.000000,0.000000,0.000000,0.000000,0.000000,1.000000,,,,131.892
C:\Users\josep\source\repos\AIOTED-digital\03_data_resize_all-use_for_training\NaN_Ziffer_NaN_1250.jpg,N,N,1.000000,0.000000,0.000000,0.000000,0.000000,0.000000,0.000000,0.000000,0.000000,0.000000,0.000000,1.000000,,,,153.231
C:\Users\josep\source\repos\AIOTED-digital\03_data_resize_all-use_for_training\NaN_Ziffer_NaN_1251.jpg,N,N,1.000000,0.000000,0.000000,0.000000,0.000000,0.000000,0.000000,0.000000,0.000000,0.000000,0.000000,1.000000,,,,161.279
C:\Users\josep\source\repos\AIOTED-digital\03_data_resize_all-use_for_training\NaN_Ziffer_NaN_1252.jpg,N,N,1.000000,0.000000,0.000000,0.000000,0.000000,0.000000,0.000000,0.000000,0.000000,0.000000,0.000000,1.000000,,,,70.652
C:\Users\josep\source\repos\AIOTED-digital\03_data_resize_all-use_for_training\NaN_Ziffer_NaN_1253.jpg,N,N,1.000000,0.000000,0.000000,0.000000,0.000000,0.000000,0.000000,0.000000,0.000000,0.000000,0.000000,1.000000,,,,145.516
C:\Users\josep\source\repos\AIOTED-digital\03_data_resize_all-use_for_training\NaN_Ziffer_NaN_1254.jpg,N,N,0.999967,0.000000,0.000000,0.000000,0.000000,0.000033,0.000000,0.000000,0.000000,0.000000,0.000000,0.999967,,,,103.277
C:\Users\josep\source\repos\AIOTED-digital\03_data_resize_all-use_for_training\NaN_Ziffer_NaN_1255.jpg,N,N,1.000000,0.000000,0.000000,0.000000,0.000000,0.000000,0.000000,0.000000,0.000000,0.000000,0.000000,1.000000,,,,113.843
C:\Users\josep\source\repos\AIOTED-digital\03_data_resize_all-use_for_training\NaN_Ziffer_NaN_1258.jpg,N,N,1.000000,0.000000,0.000000,0.000000,0.000000,0.000000,0.000000,0.000000,0.000000,0.000000,0.000000,1.000000,,,,89.151
C:\Users\josep\source\repos\AIOTED-digital\03_data_resize_all-use_for_training\NaN_Ziffer_NaN_1260.jpg,N,N,1.000000,0.000000,0.000000,0.000000,0.000000,0.000000,0.000000,0.000000,0.000000,0.000000,0.000000,1.000000,,,,247.824
C:\Users\josep\source\repos\AIOTED-digital\03_data_resize_all-use_for_training\NaN_Ziffer_NaN_1261.jpg,N,N,1.000000,0.000000,0.000000,0.000000,0.000000,0.000000,0.000000,0.000000,0.000000,0.000000,0.000000,1.000000,,,,231.325
C:\Users\josep\source\repos\AIOTED-digital\03_data_resize_all-use_for_training\NaN_Ziffer_NaN_1262.jpg,N,N,0.999940,0.000001,0.000014,0.000006,0.000001,0.000016,0.000003,0.000000,0.000017,0.000000,0.000002,0.999940,,,,9.000
C:\Users\josep\source\repos\AIOTED-digital\03_data_resize_all-use_for_training\NaN_Ziffer_NaN_1263.jpg,N,N,1.000000,0.000000,0.000000,0.000000,0.000000,0.000000,0.000000,0.000000,0.000000,0.000000,0.000000,1.000000,,,,114.177
C:\Users\josep\source\repos\AIOTED-digital\03_data_resize_all-use_for_training\NaN_Ziffer_NaN_1264.jpg,N,N,1.000000,0.000000,0.000000,0.000000,0.000000,0.000000,0.000000,0.000000,0.000000,0.000000,0.000000,1.000000,,,,191.300
C:\Users\josep\source\repos\AIOTED-digital\03_data_resize_all-use_for_training\NaN_Ziffer_NaN_1265.jpg,N,N,1.000000,0.000000,0.000000,0.000000,0.000000,0.000000,0.000000,0.000000,0.000000,0.000000,0.000000,1.000000,,,,8.749
C:\Users\josep\source\repos\AIOTED-digital\03_data_resize_all-use_for_training\NaN_Ziffer_NaN_1267.jpg,N,N,0.999991,0.000000,0.000002,0.000000,0.000000,0.000000,0.000000,0.000000,0.000007,0.000000,0.000000,0.999991,,,,18.000
C:\Users\josep\source\repos\AIOTED-digital\03_data_resize_all-use_for_training\NaN_Ziffer_NaN_1268.jpg,N,N,1.000000,0.000000,0.000000,0.000000,0.000000,0.000000,0.000000,0.000000,0.000000,0.000000,0.000000,1.000000,,,,8.090
C:\Users\josep\source\repos\AIOTED-digital\03_data_resize_all-use_for_training\NaN_Ziffer_NaN_1270.jpg,N,N,0.999967,0.000000,0.000006,0.000003,0.000001,0.000001,0.000002,0.000000,0.000019,0.000000,0.000001,0.999967,,,,7.000
C:\Users\josep\source\repos\AIOTED-digital\03_data_resize_all-use_for_training\NaN_Ziffer_NaN_1272.jpg,N,N,0.999748,0.000000,0.000096,0.000010,0.000032,0.000008,0.000002,0.000000,0.000097,0.000000,0.000007,0.999748,,,,29.000
C:\Users\josep\source\repos\AIOTED-digital\03_data_resize_all-use_for_training\NaN_Ziffer_NaN_1275.jpg,N,N,1.000000,0.000000,0.000000,0.000000,0.000000,0.000000,0.000000,0.000000,0.000000,0.000000,0.000000,1.000000,,,,84.876
C:\Users\josep\source\repos\AIOTED-digital\03_data_resize_all-use_for_training\NaN_Ziffer_NaN_1276.jpg,N,N,1.000000,0.000000,0.000000,0.000000,0.000000,0.000000,0.000000,0.000000,0.000000,0.000000,0.000000,1.000000,,,,90.104
C:\Users\josep\source\repos\AIOTED-digital\03_data_resize_all-use_for_training\NaN_Ziffer_NaN_1279.jpg,N,N,0.999448,0.000008,0.000018,0.000116,0.000072,0.000064,0.000066,0.000016,0.000017,0.000000,0.000174,0.999448,,,,13.726
C:\Users\josep\source\repos\AIOTED-digital\03_data_resize_all-use_for_training\NaN_Ziffer_NaN_1280.jpg,N,N,0.999934,0.000001,0.000008,0.000004,0.000002,0.000019,0.000015,0.000001,0.000007,0.000000,0.000010,0.999934,,,,13.000
C:\Users\josep\source\repos\AIOTED-digital\03_data_resize_all-use_for_training\NaN_Ziffer_NaN_1282.jpg,N,N,1.000000,0.000000,0.000000,0.000000,0.000000,0.000000,0.000000,0.000000,0.000000,0.000000,0.000000,1.000000,,,,179.374
C:\Users\josep\source\repos\AIOTED-digital\03_data_resize_all-use_for_training\NaN_Ziffer_NaN_1285.jpg,N,N,1.000000,0.000000,0.000000,0.000000,0.000000,0.000000,0.000000,0.000000,0.000000,0.000000,0.000000,1.000000,,,,80.000
C:\Users\josep\source\repos\AIOTED-digital\03_data_resize_all-use_for_training\NaN_Ziffer_NaN_1286.jpg,N,N,1.000000,0.000000,0.000000,0.000000,0.000000,0.000000,0.000000,0.000000,0.000000,0.000000,0.000000,1.000000,,,,95.648
C:\Users\josep\source\repos\AIOTED-digital\03_data_resize_all-use_for_training\NaN_Ziffer_NaN_1287.jpg,N,N,0.999753,0.000001,0.000020,0.000035,0.000006,0.000040,0.000010,0.000003,0.000117,0.000000,0.000015,0.999753,,,,15.153
C:\Users\josep\source\repos\AIOTED-digital\03_data_resize_all-use_for_training\NaN_Ziffer_NaN_1288.jpg,N,N,1.000000,0.000000,0.000000,0.000000,0.000000,0.000000,0.000000,0.000000,0.000000,0.000000,0.000000,1.000000,,,,147.014
C:\Users\josep\source\repos\AIOTED-digital\03_data_resize_all-use_for_training\NaN_Ziffer_NaN_1329.jpg,N,N,1.000000,0.000000,0.000000,0.000000,0.000000,0.000000,0.000000,0.000000,0.000000,0.000000,0.000000,1.000000,,,,143.277
C:\Users\josep\source\repos\AIOTED-digital\03_data_resize_all-use_for_training\NaN_Ziffer_NaN_1421.jpg,N,N,1.000000,0.000000,0.000000,0.000000,0.000000,0.000000,0.000000,0.000000,0.000000,0.000000,0.000000,1.000000,,,,147.082
C:\Users\josep\source\repos\AIOTED-digital\03_data_resize_all-use_for_training\NaN_Ziffer_NaN_1515.jpg,N,N,1.000000,0.000000,0.000000,0.000000,0.000000,0.000000,0.000000,0.000000,0.000000,0.000000,0.000000,1.000000,,,,144.720
C:\Users\josep\source\repos\AIOTED-digital\03_data_resize_all-use_for_training\NaN_Ziffer_NaN_1542.jpg,N,N,1.000000,0.000000,0.000000,0.000000,0.000000,0.000000,0.000000,0.000000,0.000000,0.000000,0.000000,1.000000,,,,142.986
C:\Users\josep\source\repos\AIOTED-digital\03_data_resize_all-use_for_training\NaN_Ziffer_NaN_1726.jpg,N,N,1.000000,0.000000,0.000000,0.000000,0.000000,0.000000,0.000000,0.000000,0.000000,0.000000,0.000000,1.000000,,,,136.000
C:\Users\josep\source\repos\AIOTED-digital\03_data_resize_all-use_for_training\NaN_Ziffer_NaN_2127.jpg,N,N,1.000000,0.000000,0.000000,0.000000,0.000000,0.000000,0.000000,0.000000,0.000000,0.000000,0.000000,1.000000,,,,141.050
C:\Users\josep\source\repos\AIOTED-digital\03_data_resize_all-use_for_training\NaN_Ziffer_NaN_2243.jpg,N,N,1.000000,0.000000,0.000000,0.000000,0.000000,0.000000,0.000000,0.000000,0.000000,0.000000,0.000000,1.000000,,,,141.769
C:\Users\josep\source\repos\AIOTED-digital\03_data_resize_all-use_for_training\NaN_Ziffer_NaN_2330.jpg,N,N,1.000000,0.000000,0.000000,0.000000,0.000000,0.000000,0.000000,0.000000,0.000000,0.000000,0.000000,1.000000,,,,141.050
C:\Users\josep\source\repos\AIOTED-digital\03_data_resize_all-use_for_training\NaN_Ziffer_NaN_2333.jpg,N,N,1.000000,0.000000,0.000000,0.000000,0.000000,0.000000,0.000000,0.000000,0.000000,0.000000,0.000000,1.000000,,,,140.991
C:\Users\josep\source\repos\AIOTED-digital\03_data_resize_all-use_for_training\NaN_Ziffer_NaN_2387.jpg,N,N,1.000000,0.000000,0.000000,0.000000,0.000000,0.000000,0.000000,0.000000,0.000000,0.000000,0.000000,1.000000,,,,144.664
C:\Users\josep\source\repos\AIOTED-digital\03_data_resize_all-use_for_training\NaN_Ziffer_NaN_2548.jpg,N,N,1.000000,0.000000,0.000000,0.000000,0.000000,0.000000,0.000000,0.000000,0.000000,0.000000,0.000000,1.000000,,,,124.185
C:\Users\josep\source\repos\AIOTED-digital\03_data_resize_all-use_for_training\NaN_Ziffer_NaN_2945.jpg,N,N,1.000000,0.000000,0.000000,0.000000,0.000000,0.000000,0.000000,0.000000,0.000000,0.000000,0.000000,1.000000,,,,144.109
C:\Users\josep\source\repos\AIOTED-digital\03_data_resize_all-use_for_training\NaN_Ziffer_NaN_3300.jpg,N,N,0.999950,0.000000,0.000001,0.000046,0.000000,0.000000,0.000000,0.000000,0.000002,0.000000,0.000000,0.999950,,,,23.787
C:\Users\josep\source\repos\AIOTED-digital\03_data_resize_all-use_for_training\NaN_Ziffer_NaN_3367.jpg,N,N,1.000000,0.000000,0.000000,0.000000,0.000000,0.000000,0.000000,0.000000,0.000000,0.000000,0.000000,1.000000,,,,143.050
C:\Users\josep\source\repos\AIOTED-digital\03_data_resize_all-use_for_training\NaN_Ziffer_NaN_3401.jpg,N,N,1.000000,0.000000,0.000000,0.000000,0.000000,0.000000,0.000000,0.000000,0.000000,0.000000,0.000000,1.000000,,,,150.391
C:\Users\josep\source\repos\AIOTED-digital\03_data_resize_all-use_for_training\NaN_Ziffer_NaN_3443.jpg,N,N,1.000000,0.000000,0.000000,0.000000,0.000000,0.000000,0.000000,0.000000,0.000000,0.000000,0.000000,1.000000,,,,146.222
C:\Users\josep\source\repos\AIOTED-digital\03_data_resize_all-use_for_training\NaN_Ziffer_NaN_3450.jpg,N,N,1.000000,0.000000,0.000000,0.000000,0.000000,0.000000,0.000000,0.000000,0.000000,0.000000,0.000000,1.000000,,,,139.220
C:\Users\josep\source\repos\AIOTED-digital\03_data_resize_all-use_for_training\NaN_Ziffer_NaN_3462.jpg,N,N,1.000000,0.000000,0.000000,0.000000,0.000000,0.000000,0.000000,0.000000,0.000000,0.000000,0.000000,1.000000,,,,147.035
C:\Users\josep\source\repos\AIOTED-digital\03_data_resize_all-use_for_training\NaN_Ziffer_NaN_3528.jpg,N,N,1.000000,0.000000,0.000000,0.000000,0.000000,0.000000,0.000000,0.000000,0.000000,0.000000,0.000000,1.000000,,,,143.004
C:\Users\josep\source\repos\AIOTED-digital\03_data_resize_all-use_for_training\NaN_Ziffer_NaN_3589.jpg,N,N,1.000000,0.000000,0.000000,0.000000,0.000000,0.000000,0.000000,0.000000,0.000000,0.000000,0.000000,1.000000,,,,144.259
C:\Users\josep\source\repos\AIOTED-digital\03_data_resize_all-use_for_training\NaN_Ziffer_NaN_3606.jpg,N,N,1.000000,0.000000,0.000000,0.000000,0.000000,0.000000,0.000000,0.000000,0.000000,0.000000,0.000000,1.000000,,,,141.324
C:\Users\josep\source\repos\AIOTED-digital\03_data_resize_all-use_for_training\NaN_Ziffer_NaN_3737.jpg,N,N,1.000000,0.000000,0.000000,0.000000,0.000000,0.000000,0.000000,0.000000,0.000000,0.000000,0.000000,1.000000,,,,147.018
C:\Users\josep\source\repos\AIOTED-digital\03_data_resize_all-use_for_training\NaN_digit7_081710.jpg,N,N,1.000000,0.000000,0.000000,0.000000,0.000000,0.000000,0.000000,0.000000,0.000000,0.000000,0.000000,1.000000,,,,111.913
C:\Users\josep\source\repos\AIOTED-digital\03_data_resize_all-use_for_training\NaN_digit7_083718.jpg,N,N,1.000000,0.000000,0.000000,0.000000,0.000000,0.000000,0.000000,0.000000,0.000000,0.000000,0.000000,1.000000,,,,118.023
C:\Users\josep\source\repos\AIOTED-digital\03_data_resize_all-use_for_training\NaN_digit7_105317.jpg,N,N,1.000000,0.000000,0.000000,0.000000,0.000000,0.000000,0.000000,0.000000,0.000000,0.000000,0.000000,1.000000,,,,117.688
C:\Users\josep\source\repos\AIOTED-digital\03_data_resize_all-use_for_training\NaN_digit7_280510.jpg,N,N,1.000000,0.000000,0.000000,0.000000,0.000000,0.000000,0.000000,0.000000,0.000000,0.000000,0.000000,1.000000,,,,118.815
C:\Users\josep\source\repos\AIOTED-digital\03_data_resize_all-use_for_training\NaN_digit8_001307.jpg,N,N,1.000000,0.000000,0.000000,0.000000,0.000000,0.000000,0.000000,0.000000,0.000000,0.000000,0.000000,1.000000,,,,89.073
C:\Users\josep\source\repos\AIOTED-digital\03_data_resize_all-use_for_training\NaN_digit8_015813.jpg,N,N,1.000000,0.000000,0.000000,0.000000,0.000000,0.000000,0.000000,0.000000,0.000000,0.000000,0.000000,1.000000,,,,86.828
C:\Users\josep\source\repos\AIOTED-digital\03_data_resize_all-use_for_training\NaN_digit8_023920.jpg,N,N,1.000000,0.000000,0.000000,0.000000,0.000000,0.000000,0.000000,0.000000,0.000000,0.000000,0.000000,1.000000,,,,86.150
C:\Users\josep\source\repos\AIOTED-digital\03_data_resize_all-use_for_training\NaN_digit8_093323.jpg,N,N,1.000000,0.000000,0.000000,0.000000,0.000000,0.000000,0.000000,0.000000,0.000000,0.000000,0.000000,1.000000,,,,88.144
C:\Users\josep\source\repos\AIOTED-digital\03_data_resize_all-use_for_training\NaN_digit8_094723.jpg,N,N,1.000000,0.000000,0.000000,0.000000,0.000000,0.000000,0.000000,0.000000,0.000000,0.000000,0.000000,1.000000,,,,87.207
C:\Users\josep\source\repos\AIOTED-digital\03_data_resize_all-use_for_training\NaN_digit8_112109.jpg,N,N,1.000000,0.000000,0.000000,0.000000,0.000000,0.000000,0.000000,0.000000,0.000000,0.000000,0.000000,1.000000,,,,87.820
C:\Users\josep\source\repos\AIOTED-digital\03_data_resize_all-use_for_training\NaN_digit8_131319.jpg,N,N,1.000000,0.000000,0.000000,0.000000,0.000000,0.000000,0.000000,0.000000,0.000000,0.000000,0.000000,1.000000,,,,86.197
C:\Users\josep\source\repos\AIOTED-digital\03_data_resize_all-use_for_training\NaN_digit8_142521.jpg,N,N,1.000000,0.000000,0.000000,0.000000,0.000000,0.000000,0.000000,0.000000,0.000000,0.000000,0.000000,1.000000,,,,84.657
C:\Users\josep\source\repos\AIOTED-digital\03_data_resize_all-use_for_training\NaN_digit8_174021.jpg,N,N,1.000000,0.000000,0.000000,0.000000,0.000000,0.000000,0.000000,0.000000,0.000000,0.000000,0.000000,1.000000,,,,90.838
C:\Users\josep\source\repos\AIOTED-digital\03_data_resize_all-use_for_training\NaN_digit8_175708.jpg,N,N,1.000000,0.000000,0.000000,0.000000,0.000000,0.000000,0.000000,0.000000,0.000000,0.000000,0.000000,1.000000,,,,90.582
C:\Users\josep\source\repos\AIOTED-digital\03_data_resize_all-use_for_training\NaN_digit8_202800.jpg,N,N,1.000000,0.000000,0.000000,0.000000,0.000000,0.000000,0.000000,0.000000,0.000000,0.000000,0.000000,1.000000,,,,86.187
C:\Users\josep\source\repos\AIOTED-digital\03_data_resize_all-use_for_training\NaN_digit8_230619.jpg,N,N,1.000000,0.000000,0.000000,0.000000,0.000000,0.000000,0.000000,0.000000,0.000000,0.000000,0.000000,1.000000,,,,85.904
C:\Users\josep\source\repos\AIOTED-digital\03_data_resize_all-use_for_training\NaN_digit8_244921.jpg,N,N,1.000000,0.000000,0.000000,0.000000,0.000000,0.000000,0.000000,0.000000,0.000000,0.000000,0.000000,1.000000,,,,89.092
C:\Users\josep\source\repos\AIOTED-digital\03_data_resize_all-use_for_training\NaN_digit8_324605.jpg,N,N,1.000000,0.000000,0.000000,0.000000,0.000000,0.000000,0.000000,0.000000,0.000000,0.000000,0.000000,1.000000,,,,86.902
C:\Users\josep\source\repos\AIOTED-digital\03_data_resize_all-use_for_training\NaN_digit8_331707.jpg,N,N,1.000000,0.000000,0.000000,0.000000,0.000000,0.000000,0.000000,0.000000,0.000000,0.000000,0.000000,1.000000,,,,86.844
C:\Users\josep\source\repos\AIOTED-digital\03_data_resize_all-use_for_training\NaN_digit8_355413.jpg,N,N,1.000000,0.000000,0.000000,0.000000,0.000000,0.000000,0.000000,0.000000,0.000000,0.000000,0.000000,1.000000,,,,84.170
C:\Users\josep\source\repos\AIOTED-digital\03_data_resize_all-use_for_training\NaN_digit8_374809.jpg,N,N,1.000000,0.000000,0.000000,0.000000,0.000000,0.000000,0.000000,0.000000,0.000000,0.000000,0.000000,1.000000,,,,83.313
C:\Users\josep\source\repos\AIOTED-digital\03_data_resize_all-use_for_training\NaN_digit8_405620.jpg,N,N,1.000000,0.000000,0.000000,0.000000,0.000000,0.000000,0.000000,0.000000,0.000000,0.000000,0.000000,1.000000,,,,89.857
C:\Users\josep\source\repos\AIOTED-digital\03_data_resize_all-use_for_training\NaN_digit8_431007.jpg,N,N,1.000000,0.000000,0.000000,0.000000,0.000000,0.000000,0.000000,0.000000,0.000000,0.000000,0.000000,1.000000,,,,87.976
C:\Users\josep\source\repos\AIOTED-digital\03_data_resize_all-use_for_training\NaN_digit8_455510.jpg,N,N,1.000000,0.000000,0.000000,0.000000,0.000000,0.000000,0.000000,0.000000,0.000000,0.000000,0.000000,1.000000,,,,90.193
C:\Users\josep\source\repos\AIOTED-digital\03_data_resize_all-use_for_training\NaN_digit8_463601.jpg,N,N,1.000000,0.000000,0.000000,0.000000,0.000000,0.000000,0.000000,0.000000,0.000000,0.000000,0.000000,1.000000,,,,82.505
C:\Users\josep\source\repos\AIOTED-digital\03_data_resize_all-use_for_training\NaN_digit8_494013.jpg,N,N,1.000000,0.000000,0.000000,0.000000,0.000000,0.000000,0.000000,0.000000,0.000000,0.000000,0.000000,1.000000,,,,81.696
C:\Users\josep\source\repos\AIOTED-digital\03_data_resize_all-use_for_training\NaN_ziffer1_2020-04-16_11-10-06.jpg,N,N,1.000000,0.000000,0.000000,0.000000,0.000000,0.000000,0.000000,0.000000,0.000000,0.000000,0.000000,1.000000,,,,184.317
C:\Users\josep\source\repos\AIOTED-digital\03_data_resize_all-use_for_training\NaN_ziffer1_2020-04-28_05-10-06.jpg,N,N,1.000000,0.000000,0.000000,0.000000,0.000000,0.000000,0.000000,0.000000,0.000000,0.000000,0.000000,1.000000,,,,185.976
C:\Users\josep\source\repos\AIOTED-digital\03_data_resize_all-use_for_training\NaN_ziffer1_2020-05-14_14-10-06.jpg,N,N,1.000000,0.000000,0.000000,0.000000,0.000000,0.000000,0.000000,0.000000,0.000000,0.000000,0.000000,1.000000,,,,190.685
C:\Users\josep\source\repos\AIOTED-digital\03_data_resize_all-use_for_training\NaN_ziffer4_2020-04-25_09-50-06.jpg,N,N,1.000000,0.000000,0.000000,0.000000,0.000000,0.000000,0.000000,0.000000,0.000000,0.000000,0.000000,1.000000,,,,189.992
C:\Users\josep\source\repos\AIOTED-digital\03_data_resize_all-use_for_training\NaN_ziffer4_2020-04-25_11-20-06.jpg,N,N,1.000000,0.000000,0.000000,0.000000,0.000000,0.000000,0.000000,0.000000,0.000000,0.000000,0.000000,1.000000,,,,191.036
C:\Users\josep\source\repos\AIOTED-digital\03_data_resize_all-use_for_training\NaN_ziffer4_2020-04-25_13-30-06.jpg,N,N,1.000000,0.000000,0.000000,0.000000,0.000000,0.000000,0.000000,0.000000,0.000000,0.000000,0.000000,1.000000,,,,197.677
C:\Users\josep\source\repos\AIOTED-digital\03_data_resize_all-use_for_training\NaN_ziffer4_2020-05-17_18-50-14.jpg,N,N,1.000000,0.000000,0.000000,0.000000,0.000000,0.000000,0.000000,0.000000,0.000000,0.000000,0.000000,1.000000,,,,187.885
C:\Users\josep\source\repos\AIOTED-digital\03_data_resize_all-use_for_training\NaN_ziffer4_2020-05-17_19-20-21.jpg,N,N,1.000000,0.000000,0.000000,0.000000,0.000000,0.000000,0.000000,0.000000,0.000000,0.000000,0.000000,1.000000,,,,199.346
C:\Users\josep\source\repos\AIOTED-digital\03_data_resize_all-use_for_training\NaN_ziffer4_2020-05-17_21-50-12.jpg,N,N,1.000000,0.000000,0.000000,0.000000,0.000000,0.000000,0.000000,0.000000,0.000000,0.000000,0.000000,1.000000,,,,190.064
C:\Users\josep\source\repos\AIOTED-digital\03_data_resize_all-use_for_training\NaN_ziffer4_2020-05-18_03-10-16.jpg,N,N,1.000000,0.000000,0.000000,0.000000,0.000000,0.000000,0.000000,0.000000,0.000000,0.000000,0.000000,1.000000,,,,194.030
C:\Users\josep\source\repos\AIOTED-digital\03_data_resize_all-use_for_training\NaN_ziffer4_2020-05-18_06-10-07.jpg,N,N,1.000000,0.000000,0.000000,0.000000,0.000000,0.000000,0.000000,0.000000,0.000000,0.000000,0.000000,1.000000,,,,201.527
C:\Users\josep\source\repos\AIOTED-digital\03_data_resize_all-use_for_training\NaN_ziffer5_2019-11-25_13-17-52.jpg,N,N,1.000000,0.000000,0.000000,0.000000,0.000000,0.000000,0.000000,0.000000,0.000000,0.000000,0.000000,1.000000,,,,172.600
C:\Users\josep\source\repos\AIOTED-digital\03_data_resize_all-use_for_training\NaN_ziffer5_2019-11-25_14-17-52.jpg,N,N,1.000000,0.000000,0.000000,0.000000,0.000000,0.000000,0.000000,0.000000,0.000000,0.000000,0.000000,1.000000,,,,180.033
C:\Users\josep\source\repos\AIOTED-digital\03_data_resize_all-use_for_training\NaN_ziffer5_2020-04-14_16-50-06.jpg,N,N,1.000000,0.000000,0.000000,0.000000,0.000000,0.000000,0.000000,0.000000,0.000000,0.000000,0.000000,1.000000,,,,173.300
C:\Users\josep\source\repos\AIOTED-digital\03_data_resize_all-use_for_training\NaN_ziffer5_2020-04-16_11-40-06.jpg,N,N,0.987447,0.000000,0.000000,0.000000,0.000000,0.000000,0.012553,0.000000,0.000000,0.000000,0.000000,0.987447,,,,166.334
C:\Users\josep\source\repos\AIOTED-digital\03_data_resize_all-use_for_training\NaN_ziffer5_2020-04-17_06-00-06.jpg,N,N,1.000000,0.000000,0.000000,0.000000,0.000000,0.000000,0.000000,0.000000,0.000000,0.000000,0.000000,1.000000,,,,170.427
C:\Users\josep\source\repos\AIOTED-digital\03_data_resize_all-use_for_training\NaN_ziffer5_2020-04-17_06-10-06.jpg,N,N,1.000000,0.000000,0.000000,0.000000,0.000000,0.000000,0.000000,0.000000,0.000000,0.000000,0.000000,1.000000,,,,181.343
C:\Users\josep\source\repos\AIOTED-digital\03_data_resize_all-use_for_training\NaN_ziffer5_2020-04-17_07-00-07.jpg,N,N,1.000000,0.000000,0.000000,0.000000,0.000000,0.000000,0.000000,0.000000,0.000000,0.000000,0.000000,1.000000,,,,174.378
C:\Users\josep\source\repos\AIOTED-digital\03_data_resize_all-use_for_training\NaN_ziffer5_2020-04-17_08-00-06.jpg,N,N,1.000000,0.000000,0.000000,0.000000,0.000000,0.000000,0.000000,0.000000,0.000000,0.000000,0.000000,1.000000,,,,173.044
C:\Users\josep\source\repos\AIOTED-digital\03_data_resize_all-use_for_training\NaN_ziffer5_2020-04-18_17-50-06.jpg,N,N,1.000000,0.000000,0.000000,0.000000,0.000000,0.000000,0.000000,0.000000,0.000000,0.000000,0.000000,1.000000,,,,178.210
C:\Users\josep\source\repos\AIOTED-digital\03_data_resize_all-use_for_training\NaN_ziffer5_2020-04-18_18-40-06.jpg,N,N,1.000000,0.000000,0.000000,0.000000,0.000000,0.000000,0.000000,0.000000,0.000000,0.000000,0.000000,1.000000,,,,180.997
C:\Users\josep\source\repos\AIOTED-digital\03_data_resize_all-use_for_training\NaN_ziffer5_2020-04-18_20-20-07.jpg,N,N,1.000000,0.000000,0.000000,0.000000,0.000000,0.000000,0.000000,0.000000,0.000000,0.000000,0.000000,1.000000,,,,171.200
C:\Users\josep\source\repos\AIOTED-digital\03_data_resize_all-use_for_training\NaN_ziffer5_2020-04-21_05-10-06.jpg,N,N,1.000000,0.000000,0.000000,0.000000,0.000000,0.000000,0.000000,0.000000,0.000000,0.000000,0.000000,1.000000,,,,176.318
C:\Users\josep\source\repos\AIOTED-digital\03_data_resize_all-use_for_training\NaN_ziffer5_2020-04-21_05-40-06.jpg,N,N,1.000000,0.000000,0.000000,0.000000,0.000000,0.000000,0.000000,0.000000,0.000000,0.000000,0.000000,1.000000,,,,168.124
C:\Users\josep\source\repos\AIOTED-digital\03_data_resize_all-use_for_training\NaN_ziffer5_2020-04-21_06-00-06.jpg,N,N,1.000000,0.000000,0.000000,0.000000,0.000000,0.000000,0.000000,0.000000,0.000000,0.000000,0.000000,1.000000,,,,164.344
C:\Users\josep\source\repos\AIOTED-digital\03_data_resize_all-use_for_training\NaN_ziffer5_2020-04-21_07-00-07.jpg,N,N,1.000000,0.000000,0.000000,0.000000,0.000000,0.000000,0.000000,0.000000,0.000000,0.000000,0.000000,1.000000,,,,169.972
C:\Users\josep\source\repos\AIOTED-digital\03_data_resize_all-use_for_training\NaN_ziffer5_2020-04-23_05-30-06.jpg,N,N,1.000000,0.000000,0.000000,0.000000,0.000000,0.000000,0.000000,0.000000,0.000000,0.000000,0.000000,1.000000,,,,188.261
C:\Users\josep\source\repos\AIOTED-digital\03_data_resize_all-use_for_training\NaN_ziffer5_2020-04-23_07-00-07.jpg,N,N,1.000000,0.000000,0.000000,0.000000,0.000000,0.000000,0.000000,0.000000,0.000000,0.000000,0.000000,1.000000,,,,171.626
C:\Users\josep\source\repos\AIOTED-digital\03_data_resize_all-use_for_training\NaN_ziffer5_2020-04-25_09-50-06.jpg,N,N,1.000000,0.000000,0.000000,0.000000,0.000000,0.000000,0.000000,0.000000,0.000000,0.000000,0.000000,1.000000,,,,183.137
C:\Users\josep\source\repos\AIOTED-digital\03_data_resize_all-use_for_training\NaN_ziffer5_2020-04-27_16-50-06.jpg,N,N,1.000000,0.000000,0.000000,0.000000,0.000000,0.000000,0.000000,0.000000,0.000000,0.000000,0.000000,1.000000,,,,193.011
C:\Users\josep\source\repos\AIOTED-digital\03_data_resize_all-use_for_training\NaN_ziffer5_2020-04-27_17-00-07.jpg,N,N,1.000000,0.000000,0.000000,0.000000,0.000000,0.000000,0.000000,0.000000,0.000000,0.000000,0.000000,1.000000,,,,185.034
C:\Users\josep\source\repos\AIOTED-digital\03_data_resize_all-use_for_training\NaN_ziffer5_2020-04-27_17-20-06.jpg,N,N,1.000000,0.000000,0.000000,0.000000,0.000000,0.000000,0.000000,0.000000,0.000000,0.000000,0.000000,1.000000,,,,179.207
C:\Users\josep\source\repos\AIOTED-digital\03_data_resize_all-use_for_training\NaN_ziffer5_2020-04-27_17-40-06.jpg,N,N,1.000000,0.000000,0.000000,0.000000,0.000000,0.000000,0.000000,0.000000,0.000000,0.000000,0.000000,1.000000,,,,176.114
C:\Users\josep\source\repos\AIOTED-digital\03_data_resize_all-use_for_training\NaN_ziffer5_2020-04-30_10-20-06.jpg,N,N,1.000000,0.000000,0.000000,0.000000,0.000000,0.000000,0.000000,0.000000,0.000000,0.000000,0.000000,1.000000,,,,176.996
C:\Users\josep\source\repos\AIOTED-digital\03_data_resize_all-use_for_training\NaN_ziffer5_2020-04-30_11-20-06.jpg,N,N,1.000000,0.000000,0.000000,0.000000,0.000000,0.000000,0.000000,0.000000,0.000000,0.000000,0.000000,1.000000,,,,163.835
C:\Users\josep\source\repos\AIOTED-digital\03_data_resize_all-use_for_training\NaN_ziffer5_2020-04-30_13-00-06.jpg,N,N,1.000000,0.000000,0.000000,0.000000,0.000000,0.000000,0.000000,0.000000,0.000000,0.000000,0.000000,1.000000,,,,165.302
C:\Users\josep\source\repos\AIOTED-digital\03_data_resize_all-use_for_training\NaN_ziffer5_2020-04-30_13-40-06.jpg,N,N,1.000000,0.000000,0.000000,0.000000,0.000000,0.000000,0.000000,0.000000,0.000000,0.000000,0.000000,1.000000,,,,175.522
C:\Users\josep\source\repos\AIOTED-digital\03_data_resize_all-use_for_training\NaN_ziffer5_2020-05-02_09-00-07.jpg,N,N,1.000000,0.000000,0.000000,0.000000,0.000000,0.000000,0.000000,0.000000,0.000000,0.000000,0.000000,1.000000,,,,179.284
C:\Users\josep\source\repos\AIOTED-digital\03_data_resize_all-use_for_training\NaN_ziffer5_2020-05-02_10-00-06.jpg,N,N,1.000000,0.000000,0.000000,0.000000,0.000000,0.000000,0.000000,0.000000,0.000000,0.000000,0.000000,1.000000,,,,179.467
C:\Users\josep\source\repos\AIOTED-digital\03_data_resize_all-use_for_training\NaN_ziffer5_2020-05-02_10-30-06.jpg,N,N,1.000000,0.000000,0.000000,0.000000,0.000000,0.000000,0.000000,0.000000,0.000000,0.000000,0.000000,1.000000,,,,178.365
C:\Users\josep\source\repos\AIOTED-digital\03_data_resize_all-use_for_training\NaN_ziffer5_2020-05-02_11-20-06.jpg,N,N,1.000000,0.000000,0.000000,0.000000,0.000000,0.000000,0.000000,0.000000,0.000000,0.000000,0.000000,1.000000,,,,182.236
C:\Users\josep\source\repos\AIOTED-digital\03_data_resize_all-use_for_training\NaN_ziffer5_2020-05-04_14-50-06.jpg,N,N,1.000000,0.000000,0.000000,0.000000,0.000000,0.000000,0.000000,0.000000,0.000000,0.000000,0.000000,1.000000,,,,177.580
C:\Users\josep\source\repos\AIOTED-digital\03_data_resize_all-use_for_training\NaN_ziffer5_2020-05-04_16-00-06.jpg,N,N,1.000000,0.000000,0.000000,0.000000,0.000000,0.000000,0.000000,0.000000,0.000000,0.000000,0.000000,1.000000,,,,179.479
C:\Users\josep\source\repos\AIOTED-digital\03_data_resize_all-use_for_training\NaN_ziffer5_2020-05-04_16-40-06.jpg,N,N,1.000000,0.000000,0.000000,0.000000,0.000000,0.000000,0.000000,0.000000,0.000000,0.000000,0.000000,1.000000,,,,178.409
C:\Users\josep\source\repos\AIOTED-digital\03_data_resize_all-use_for_training\NaN_ziffer5_2020-05-07_06-20-06.jpg,N,N,1.000000,0.000000,0.000000,0.000000,0.000000,0.000000,0.000000,0.000000,0.000000,0.000000,0.000000,1.000000,,,,171.944
C:\Users\josep\source\repos\AIOTED-digital\03_data_resize_all-use_for_training\NaN_ziffer5_2020-05-07_06-50-06.jpg,N,N,1.000000,0.000000,0.000000,0.000000,0.000000,0.000000,0.000000,0.000000,0.000000,0.000000,0.000000,1.000000,,,,171.751
C:\Users\josep\source\repos\AIOTED-digital\03_data_resize_all-use_for_training\NaN_ziffer5_2020-05-07_07-10-06.jpg,N,N,1.000000,0.000000,0.000000,0.000000,0.000000,0.000000,0.000000,0.000000,0.000000,0.000000,0.000000,1.000000,,,,166.057
C:\Users\josep\source\repos\AIOTED-digital\03_data_resize_all-use_for_training\NaN_ziffer5_2020-05-09_08-30-06.jpg,N,N,1.000000,0.000000,0.000000,0.000000,0.000000,0.000000,0.000000,0.000000,0.000000,0.000000,0.000000,1.000000,,,,176.098
C:\Users\josep\source\repos\AIOTED-digital\03_data_resize_all-use_for_training\NaN_ziffer5_2020-05-11_10-30-07.jpg,N,N,1.000000,0.000000,0.000000,0.000000,0.000000,0.000000,0.000000,0.000000,0.000000,0.000000,0.000000,1.000000,,,,175.160
C:\Users\josep\source\repos\AIOTED-digital\03_data_resize_all-use_for_training\NaN_ziffer5_2020-05-11_11-10-06.jpg,N,N,1.000000,0.000000,0.000000,0.000000,0.000000,0.000000,0.000000,0.000000,0.000000,0.000000,0.000000,1.000000,,,,178.188
C:\Users\josep\source\repos\AIOTED-digital\03_data_resize_all-use_for_training\NaN_ziffer5_2020-05-13_22-00-06.jpg,N,N,1.000000,0.000000,0.000000,0.000000,0.000000,0.000000,0.000000,0.000000,0.000000,0.000000,0.000000,1.000000,,,,180.721
C:\Users\josep\source\repos\AIOTED-digital\03_data_resize_all-use_for_training\NaN_ziffer5_2020-05-14_03-20-06.jpg,N,N,1.000000,0.000000,0.000000,0.000000,0.000000,0.000000,0.000000,0.000000,0.000000,0.000000,0.000000,1.000000,,,,179.939
C:\Users\josep\source\repos\AIOTED-digital\03_data_resize_all-use_for_training\NaN_ziffer5_2020-05-14_07-10-06.jpg,N,N,1.000000,0.000000,0.000000,0.000000,0.000000,0.000000,0.000000,0.000000,0.000000,0.000000,0.000000,1.000000,,,,173.151
C:\Users\josep\source\repos\AIOTED-digital\03_data_resize_all-use_for_training\NaN_ziffer5_2020-05-14_07-20-06.jpg,N,N,1.000000,0.000000,0.000000,0.000000,0.000000,0.000000,0.000000,0.000000,0.000000,0.000000,0.000000,1.000000,,,,180.363
C:\Users\josep\source\repos\AIOTED-digital\03_data_resize_all-use_for_training\NaN_ziffer5_2020-05-15_22-00-06.jpg,N,N,1.000000,0.000000,0.000000,0.000000,0.000000,0.000000,0.000000,0.000000,0.000000,0.000000,0.000000,1.000000,,,,197.070
C:\Users\josep\source\repos\AIOTED-digital\03_data_resize_all-use_for_training\NaN_ziffer5_2020-05-18_03-40-10.jpg,N,N,1.000000,0.000000,0.000000,0.000000,0.000000,0.000000,0.000000,0.000000,0.000000,0.000000,0.000000,1.000000,,,,178.073
C:\Users\josep\source\repos\AIOTED-digital\03_data_resize_all-use_for_training\NaN_ziffer5_2020-05-18_05-20-11.jpg,N,N,1.000000,0.000000,0.000000,0.000000,0.000000,0.000000,0.000000,0.000000,0.000000,0.000000,0.000000,1.000000,,,,175.324
C:\Users\josep\source\repos\AIOTED-digital\03_data_resize_all-use_for_training\NaN_ziffer5_2020-05-19_19-00-13.jpg,N,N,1.000000,0.000000,0.000000,0.000000,0.000000,0.000000,0.000000,0.000000,0.000000,0.000000,0.000000,1.000000,,,,192.343
C:\Users\josep\source\repos\AIOTED-digital\03_data_resize_all-use_for_training\NaN_ziffer5_2020-05-19_22-00-06.jpg,N,N,1.000000,0.000000,0.000000,0.000000,0.000000,0.000000,0.000000,0.000000,0.000000,0.000000,0.000000,1.000000,,,,184.026
C:\Users\josep\source\repos\AIOTED-digital\03_data_resize_all-use_for_training\NaN_ziffer5_2020-05-27_06-40-07.jpg,N,N,1.000000,0.000000,0.000000,0.000000,0.000000,0.000000,0.000000,0.000000,0.000000,0.000000,0.000000,1.000000,,,,182.208
C:\Users\josep\source\repos\AIOTED-digital\03_data_resize_all-use_for_training\NaN_ziffer5_2020-05-27_08-40-19.jpg,N,N,1.000000,0.000000,0.000000,0.000000,0.000000,0.000000,0.000000,0.000000,0.000000,0.000000,0.000000,1.000000,,,,185.954
