stamp,pos,verdict,src
20260802-200410,dig2,drift,
20260802-200410,dig3,drift,
20260802-200410,dig4,drift,
20260802-200410,dig5,drift,C:\Users\josep\source\repos\AIOTED-digital\joes-samples\8_main_dig5_20260802-200410.jpg
20260802-200410,dig6,drift,C:\Users\josep\source\repos\AIOTED-digital\joes-samples\8_main_dig6_20260802-200410.jpg
20260802-230010,dig2,drift,
20260802-230010,dig3,drift,
20260802-230010,dig4,drift,
20260802-230010,dig5,drift,C:\Users\josep\source\repos\AIOTED-digital\joes-samples\0_main_dig5_20260802-230010.jpg
20260802-230010,dig6,drift,
20260803-001210,dig2,drift,
20260803-001210,dig3,drift,
20260803-001210,dig4,drift,
20260803-001210,dig5,drift,C:\Users\josep\source\repos\AIOTED-digital\joes-samples\0_main_dig5_20260803-001210.jpg
20260803-001210,dig6,drift,
20260803-002010,dig2,drift,
20260803-002010,dig3,drift,
20260803-002010,dig4,drift,
20260803-002010,dig5,drift,C:\Users\josep\source\repos\AIOTED-digital\joes-samples\0_main_dig5_20260803-002010.jpg
20260803-002010,dig6,drift,
20260803-050809,dig2,drift,
20260803-050809,dig3,drift,
20260803-050809,dig4,drift,
20260803-050809,dig5,drift,
20260803-050809,dig6,drift,C:\Users\josep\source\repos\AIOTED-digital\joes-samples\0_main_dig6_20260803-050809.jpg
20260803-054809,dig2,drift,
20260803-054809,dig3,drift,
20260803-054809,dig4,drift,
20260803-054809,dig5,drift,
20260803-054809,dig6,drift,C:\Users\josep\source\repos\AIOTED-digital\joes-samples\0_main_dig6_20260803-054809.jpg
20260803-055209,dig2,drift,
20260803-055209,dig3,drift,
20260803-055209,dig4,drift,
20260803-055209,dig5,drift,C:\Users\josep\source\repos\AIOTED-digital\joes-samples\8_main_dig5_20260803-055209.jpg
20260803-055209,dig6,drift,C:\Users\josep\source\repos\AIOTED-digital\joes-samples\8_main_dig6_20260803-055209.jpg
20260803-230325,dig2,drift,
20260803-230325,dig3,drift,
20260803-230325,dig4,drift,
20260803-230325,dig5,drift,C:\Users\josep\source\repos\AIOTED-digital\joes-samples\0_main_dig5_20260803-230325.jpg
20260803-230325,dig6,drift,
20260804-003125,dig2,drift,
20260804-003125,dig3,drift,
20260804-003125,dig4,drift,
20260804-003125,dig5,drift,C:\Users\josep\source\repos\AIOTED-digital\joes-samples\0_main_dig5_20260804-003125.jpg
20260804-003125,dig6,drift,
20260804-011125,dig2,drift,
20260804-011125,dig3,drift,
20260804-011125,dig4,drift,
20260804-011125,dig5,drift,
20260804-011125,dig6,drift,C:\Users\josep\source\repos\AIOTED-digital\joes-samples\0_main_dig6_20260804-011125.jpg
20260804-013125,dig2,drift,
20260804-013125,dig3,drift,
20260804-013125,dig4,drift,
20260804-013125,dig5,drift,
20260804-013125,dig6,drift,C:\Users\josep\source\repos\AIOTED-digital\joes-samples\0_main_dig6_20260804-013125.jpg
20260804-025125,dig2,drift,
20260804-025125,dig3,drift,C:\Users\josep\source\repos\AIOTED-digital\work\labeled\e\0_main_dig3_20260804-025125.jpg
20260804-025125,dig4,drift,
20260804-025125,dig5,drift,C:\Users\josep\source\repos\AIOTED-digital\joes-samples\0_main_dig5_20260804-025125.jpg
20260804-025125,dig6,drift,
20260804-030325,dig2,drift,
20260804-030325,dig3,drift,C:\Users\josep\source\repos\AIOTED-digital\joes-samples\N_main_dig3_20260804-030325.jpg
20260804-030325,dig4,drift,
20260804-030325,dig5,drift,C:\Users\josep\source\repos\AIOTED-digital\joes-samples\0_main_dig5_20260804-030325.jpg
20260804-030325,dig6,drift,
20260804-043125,dig2,drift,
20260804-043125,dig3,drift,
20260804-043125,dig4,drift,
20260804-043125,dig5,drift,
20260804-043125,dig6,drift,C:\Users\josep\source\repos\AIOTED-digital\joes-samples\0_main_dig6_20260804-043125.jpg
20260804-045125,dig2,drift,
20260804-045125,dig3,drift,
20260804-045125,dig4,drift,
20260804-045125,dig5,drift,
20260804-045125,dig6,drift,C:\Users\josep\source\repos\AIOTED-digital\joes-samples\0_main_dig6_20260804-045125.jpg
20260804-054725,dig2,drift,
20260804-054725,dig3,drift,
20260804-054725,dig4,drift,
20260804-054725,dig5,drift,C:\Users\josep\source\repos\AIOTED-digital\joes-samples\7_main_dig5_20260804-054725.jpg
20260804-054725,dig6,drift,
20260804-055125,dig2,drift,
20260804-055125,dig3,drift,
20260804-055125,dig4,drift,
20260804-055125,dig5,drift,
20260804-055125,dig6,drift,C:\Users\josep\source\repos\AIOTED-digital\joes-samples\0_main_dig6_20260804-055125.jpg
20260806-002415,dig6,label_unsure,C:\Users\josep\source\repos\AIOTED-digital\work\labeled\b\8_main_dig6_20260806-002415.jpg
20260806-042415,dig6,label_unsure,C:\Users\josep\source\repos\AIOTED-digital\work\labeled\b\8_main_dig6_20260806-042415.jpg
20260806-043215,dig6,label_unsure,C:\Users\josep\source\repos\AIOTED-digital\work\labeled\b\8_main_dig6_20260806-043215.jpg
20260806-233213,dig2,drift,
20260806-233213,dig3,drift,
20260806-233213,dig4,drift,
20260806-233213,dig5,drift,C:\Users\josep\source\repos\AIOTED-digital\joes-samples\0_main_dig5_20260806-233213.jpg
20260806-233213,dig6,drift,C:\Users\josep\source\repos\AIOTED-digital\joes-samples\0_main_dig6_20260806-233213.jpg
20260807-005213,dig2,drift,
20260807-005213,dig3,drift,
20260807-005213,dig4,drift,
20260807-005213,dig5,drift,
20260807-005213,dig6,drift,C:\Users\josep\source\repos\AIOTED-digital\joes-samples\0_main_dig6_20260807-005213.jpg
20260807-015213,dig2,drift,
20260807-015213,dig3,drift,
20260807-015213,dig4,drift,
20260807-015213,dig5,drift,
20260807-015213,dig6,drift,C:\Users\josep\source\repos\AIOTED-digital\joes-samples\0_main_dig6_20260807-015213.jpg
20260807-021213,dig2,drift,
20260807-021213,dig3,drift,
20260807-021213,dig4,drift,C:\Users\josep\source\repos\AIOTED-digital\joes-samples\0_main_dig4_20260807-021213.jpg
20260807-021213,dig5,drift,
20260807-021213,dig6,drift,C:\Users\josep\source\repos\AIOTED-digital\joes-samples\0_main_dig6_20260807-021213.jpg
20260807-052013,dig6,label_unsure,C:\Users\josep\source\repos\AIOTED-digital\work\labeled\b\8_main_dig6_20260807-052013.jpg
20260807-052813,dig6,label_unsure,C:\Users\josep\source\repos\AIOTED-digital\work\labeled\b\8_main_dig6_20260807-052813.jpg
20260815-104604,dig2,drift,C:\Users\josep\source\repos\AIOTED-digital-rawdigits\20260815\10\5_main_dig2_20260815-104604.jpg
20260815-104604,dig3,drift,C:\Users\josep\source\repos\AIOTED-digital-rawdigits\20260815\10\7_main_dig3_20260815-104604.jpg
20260815-104604,dig4,drift,C:\Users\josep\source\repos\AIOTED-digital-rawdigits\20260815\10\9_main_dig4_20260815-104604.jpg
20260815-104604,dig5,drift,C:\Users\josep\source\repos\AIOTED-digital-rawdigits\20260815\10\9_main_dig5_20260815-104604.jpg
20260815-104604,dig6,drift,C:\Users\josep\source\repos\AIOTED-digital-rawdigits\20260815\10\5_main_dig6_20260815-104604.jpg
20260815-113804,dig2,drift,C:\Users\josep\source\repos\AIOTED-digital-rawdigits\20260815\11\5_main_dig2_20260815-113804.jpg
20260815-113804,dig3,drift,C:\Users\josep\source\repos\AIOTED-digital-rawdigits\20260815\11\7_main_dig3_20260815-113804.jpg
20260815-113804,dig4,drift,C:\Users\josep\source\repos\AIOTED-digital-rawdigits\20260815\11\9_main_dig4_20260815-113804.jpg
20260815-113804,dig5,drift,C:\Users\josep\source\repos\AIOTED-digital-rawdigits\20260815\11\9_main_dig5_20260815-113804.jpg
20260815-113804,dig6,drift,C:\Users\josep\source\repos\AIOTED-digital-rawdigits\20260815\11\6_main_dig6_20260815-113804.jpg
20260815-114604,dig2,drift,C:\Users\josep\source\repos\AIOTED-digital-rawdigits\20260815\11\5_main_dig2_20260815-114604.jpg
20260815-114604,dig3,drift,C:\Users\josep\source\repos\AIOTED-digital-rawdigits\20260815\11\7_main_dig3_20260815-114604.jpg
20260815-114604,dig4,drift,C:\Users\josep\source\repos\AIOTED-digital-rawdigits\20260815\11\9_main_dig4_20260815-114604.jpg
20260815-114604,dig5,drift,C:\Users\josep\source\repos\AIOTED-digital-rawdigits\20260815\11\9_main_dig5_20260815-114604.jpg
20260815-114604,dig6,drift,C:\Users\josep\source\repos\AIOTED-digital-rawdigits\20260815\11\6_main_dig6_20260815-114604.jpg
20260815-121804,dig2,drift,C:\Users\josep\source\repos\AIOTED-digital-rawdigits\20260815\12\5_main_dig2_20260815-121804.jpg
20260815-121804,dig3,drift,C:\Users\josep\source\repos\AIOTED-digital-rawdigits\20260815\12\7_main_dig3_20260815-121804.jpg
20260815-121804,dig4,drift,C:\Users\josep\source\repos\AIOTED-digital-rawdigits\20260815\12\9_main_dig4_20260815-121804.jpg
20260815-121804,dig5,drift,C:\Users\josep\source\repos\AIOTED-digital-rawdigits\20260815\12\9_main_dig5_20260815-121804.jpg
20260815-121804,dig6,drift,C:\Users\josep\source\repos\AIOTED-digital-rawdigits\20260815\12\7_main_dig6_20260815-121804.jpg
20260815-122604,dig2,drift,C:\Users\josep\source\repos\AIOTED-digital-rawdigits\20260815\12\5_main_dig2_20260815-122604.jpg
20260815-122604,dig3,drift,C:\Users\josep\source\repos\AIOTED-digital-rawdigits\20260815\12\7_main_dig3_20260815-122604.jpg
20260815-122604,dig4,drift,C:\Users\josep\source\repos\AIOTED-digital-rawdigits\20260815\12\9_main_dig4_20260815-122604.jpg
20260815-122604,dig5,drift,C:\Users\josep\source\repos\AIOTED-digital-rawdigits\20260815\12\9_main_dig5_20260815-122604.jpg
20260815-122604,dig6,drift,C:\Users\josep\source\repos\AIOTED-digital-rawdigits\20260815\12\7_main_dig6_20260815-122604.jpg
20260815-132603,dig2,drift,C:\Users\josep\source\repos\AIOTED-digital-rawdigits\20260815\13\5_main_dig2_20260815-132603.jpg
20260815-132603,dig3,drift,C:\Users\josep\source\repos\AIOTED-digital-rawdigits\20260815\13\7_main_dig3_20260815-132603.jpg
20260815-132603,dig4,drift,C:\Users\josep\source\repos\AIOTED-digital-rawdigits\20260815\13\9_main_dig4_20260815-132603.jpg
20260815-132603,dig5,drift,C:\Users\josep\source\repos\AIOTED-digital-rawdigits\20260815\13\9_main_dig5_20260815-132603.jpg
20260815-132603,dig6,drift,C:\Users\josep\source\repos\AIOTED-digital-rawdigits\20260815\13\9_main_dig6_20260815-132603.jpg
20260815-133803,dig2,drift,C:\Users\josep\source\repos\AIOTED-digital-rawdigits\20260815\13\5_main_dig2_20260815-133803.jpg
20260815-133803,dig3,drift,C:\Users\josep\source\repos\AIOTED-digital-rawdigits\20260815\13\8_main_dig3_20260815-133803.jpg
20260815-133803,dig4,drift,C:\Users\josep\source\repos\AIOTED-digital-rawdigits\20260815\13\0_main_dig4_20260815-133803.jpg
20260815-133803,dig5,drift,C:\Users\josep\source\repos\AIOTED-digital-rawdigits\20260815\13\0_main_dig5_20260815-133803.jpg
20260815-133803,dig6,drift,C:\Users\josep\source\repos\AIOTED-digital-rawdigits\20260815\13\0_main_dig6_20260815-133803.jpg
20260815-135803,dig2,drift,C:\Users\josep\source\repos\AIOTED-digital-rawdigits\20260815\13\5_main_dig2_20260815-135803.jpg
20260815-135803,dig3,drift,C:\Users\josep\source\repos\AIOTED-digital-rawdigits\20260815\13\8_main_dig3_20260815-135803.jpg
20260815-135803,dig4,drift,C:\Users\josep\source\repos\AIOTED-digital-rawdigits\20260815\13\0_main_dig4_20260815-135803.jpg
20260815-135803,dig5,drift,C:\Users\josep\source\repos\AIOTED-digital-rawdigits\20260815\13\0_main_dig5_20260815-135803.jpg
20260815-135803,dig6,drift,C:\Users\josep\source\repos\AIOTED-digital-rawdigits\20260815\13\0_main_dig6_20260815-135803.jpg
20260815-143803,dig2,drift,C:\Users\josep\source\repos\AIOTED-digital-rawdigits\20260815\14\5_main_dig2_20260815-143803.jpg
20260815-143803,dig3,drift,C:\Users\josep\source\repos\AIOTED-digital-rawdigits\20260815\14\8_main_dig3_20260815-143803.jpg
20260815-143803,dig4,drift,C:\Users\josep\source\repos\AIOTED-digital-rawdigits\20260815\14\0_main_dig4_20260815-143803.jpg
20260815-143803,dig5,drift,C:\Users\josep\source\repos\AIOTED-digital-rawdigits\20260815\14\0_main_dig5_20260815-143803.jpg
20260815-143803,dig6,drift,C:\Users\josep\source\repos\AIOTED-digital-rawdigits\20260815\14\2_main_dig6_20260815-143803.jpg
20260815-144603,dig2,drift,C:\Users\josep\source\repos\AIOTED-digital-rawdigits\20260815\14\5_main_dig2_20260815-144603.jpg
20260815-144603,dig3,drift,C:\Users\josep\source\repos\AIOTED-digital-rawdigits\20260815\14\8_main_dig3_20260815-144603.jpg
20260815-144603,dig4,drift,C:\Users\josep\source\repos\AIOTED-digital-rawdigits\20260815\14\0_main_dig4_20260815-144603.jpg
20260815-144603,dig5,drift,C:\Users\josep\source\repos\AIOTED-digital-rawdigits\20260815\14\0_main_dig5_20260815-144603.jpg
20260815-144603,dig6,drift,C:\Users\josep\source\repos\AIOTED-digital-rawdigits\20260815\14\3_main_dig6_20260815-144603.jpg
20260815-151003,dig2,drift,C:\Users\josep\source\repos\AIOTED-digital-rawdigits\20260815\15\0_main_dig2_20260815-151003.jpg
20260815-151003,dig3,drift,C:\Users\josep\source\repos\AIOTED-digital-rawdigits\20260815\15\0_main_dig3_20260815-151003.jpg
20260815-151003,dig4,drift,C:\Users\josep\source\repos\AIOTED-digital-rawdigits\20260815\15\0_main_dig4_20260815-151003.jpg
20260815-151003,dig5,drift,C:\Users\josep\source\repos\AIOTED-digital-rawdigits\20260815\15\0_main_dig5_20260815-151003.jpg
20260815-151003,dig6,drift,C:\Users\josep\source\repos\AIOTED-digital-rawdigits\20260815\15\0_main_dig6_20260815-151003.jpg
20260815-151803,dig2,drift,C:\Users\josep\source\repos\AIOTED-digital-rawdigits\20260815\15\5_main_dig2_20260815-151803.jpg
20260815-151803,dig3,drift,C:\Users\josep\source\repos\AIOTED-digital-rawdigits\20260815\15\8_main_dig3_20260815-151803.jpg
20260815-151803,dig4,drift,C:\Users\josep\source\repos\AIOTED-digital-rawdigits\20260815\15\0_main_dig4_20260815-151803.jpg
20260815-151803,dig5,drift,C:\Users\josep\source\repos\AIOTED-digital-rawdigits\20260815\15\0_main_dig5_20260815-151803.jpg
20260815-151803,dig6,drift,C:\Users\josep\source\repos\AIOTED-digital-rawdigits\20260815\15\4_main_dig6_20260815-151803.jpg
20260815-153803,dig2,drift,C:\Users\josep\source\repos\AIOTED-digital-rawdigits\20260815\15\5_main_dig2_20260815-153803.jpg
20260815-153803,dig3,drift,C:\Users\josep\source\repos\AIOTED-digital-rawdigits\20260815\15\8_main_dig3_20260815-153803.jpg
20260815-153803,dig4,drift,C:\Users\josep\source\repos\AIOTED-digital-rawdigits\20260815\15\0_main_dig4_20260815-153803.jpg
20260815-153803,dig5,drift,C:\Users\josep\source\repos\AIOTED-digital-rawdigits\20260815\15\0_main_dig5_20260815-153803.jpg
20260815-153803,dig6,drift,C:\Users\josep\source\repos\AIOTED-digital-rawdigits\20260815\15\5_main_dig6_20260815-153803.jpg
20260815-154603,dig2,drift,C:\Users\josep\source\repos\AIOTED-digital-rawdigits\20260815\15\5_main_dig2_20260815-154603.jpg
20260815-154603,dig3,drift,C:\Users\josep\source\repos\AIOTED-digital-rawdigits\20260815\15\8_main_dig3_20260815-154603.jpg
20260815-154603,dig4,drift,C:\Users\josep\source\repos\AIOTED-digital-rawdigits\20260815\15\0_main_dig4_20260815-154603.jpg
20260815-154603,dig5,drift,C:\Users\josep\source\repos\AIOTED-digital-rawdigits\20260815\15\0_main_dig5_20260815-154603.jpg
20260815-154603,dig6,drift,C:\Users\josep\source\repos\AIOTED-digital-rawdigits\20260815\15\5_main_dig6_20260815-154603.jpg
20260815-161803,dig2,drift,C:\Users\josep\source\repos\AIOTED-digital-rawdigits\20260815\16\5_main_dig2_20260815-161803.jpg
20260815-161803,dig3,drift,C:\Users\josep\source\repos\AIOTED-digital-rawdigits\20260815\16\8_main_dig3_20260815-161803.jpg
20260815-161803,dig4,drift,C:\Users\josep\source\repos\AIOTED-digital-rawdigits\20260815\16\0_main_dig4_20260815-161803.jpg
20260815-161803,dig5,drift,C:\Users\josep\source\repos\AIOTED-digital-rawdigits\20260815\16\0_main_dig5_20260815-161803.jpg
20260815-161803,dig6,drift,C:\Users\josep\source\repos\AIOTED-digital-rawdigits\20260815\16\6_main_dig6_20260815-161803.jpg
20260816-111402,dig2,drift,C:\Users\josep\source\repos\AIOTED-digital-rawdigits\20260816\11\5_main_dig2_20260816-111402.jpg
20260816-111402,dig3,drift,C:\Users\josep\source\repos\AIOTED-digital-rawdigits\20260816\11\8_main_dig3_20260816-111402.jpg
20260816-111402,dig4,drift,C:\Users\josep\source\repos\AIOTED-digital-rawdigits\20260816\11\0_main_dig4_20260816-111402.jpg
20260816-111402,dig5,drift,C:\Users\josep\source\repos\AIOTED-digital-rawdigits\20260816\11\3_main_dig5_20260816-111402.jpg
20260816-111402,dig6,drift,C:\Users\josep\source\repos\AIOTED-digital-rawdigits\20260816\11\1_main_dig6_20260816-111402.jpg
20260816-114202,dig2,drift,C:\Users\josep\source\repos\AIOTED-digital-rawdigits\20260816\11\5_main_dig2_20260816-114202.jpg
20260816-114202,dig3,drift,C:\Users\josep\source\repos\AIOTED-digital-rawdigits\20260816\11\8_main_dig3_20260816-114202.jpg
20260816-114202,dig4,drift,C:\Users\josep\source\repos\AIOTED-digital-rawdigits\20260816\11\0_main_dig4_20260816-114202.jpg
20260816-114202,dig5,drift,C:\Users\josep\source\repos\AIOTED-digital-rawdigits\20260816\11\3_main_dig5_20260816-114202.jpg
20260816-114202,dig6,drift,C:\Users\josep\source\repos\AIOTED-digital-rawdigits\20260816\11\2_main_dig6_20260816-114202.jpg
20260816-120601,dig2,drift,C:\Users\josep\source\repos\AIOTED-digital-rawdigits\20260816\12\0_main_dig2_20260816-120601.jpg
20260816-120601,dig3,drift,C:\Users\josep\source\repos\AIOTED-digital-rawdigits\20260816\12\0_main_dig3_20260816-120601.jpg
20260816-120601,dig4,drift,C:\Users\josep\source\repos\AIOTED-digital-rawdigits\20260816\12\0_main_dig4_20260816-120601.jpg
20260816-120601,dig5,drift,C:\Users\josep\source\repos\AIOTED-digital-rawdigits\20260816\12\0_main_dig5_20260816-120601.jpg
20260816-120601,dig6,drift,C:\Users\josep\source\repos\AIOTED-digital-rawdigits\20260816\12\0_main_dig6_20260816-120601.jpg
20260816-130202,dig2,drift,C:\Users\josep\source\repos\AIOTED-digital-rawdigits\20260816\13\5_main_dig2_20260816-130202.jpg
20260816-130202,dig3,drift,C:\Users\josep\source\repos\AIOTED-digital-rawdigits\20260816\13\8_main_dig3_20260816-130202.jpg
20260816-130202,dig4,drift,C:\Users\josep\source\repos\AIOTED-digital-rawdigits\20260816\13\0_main_dig4_20260816-130202.jpg
20260816-130202,dig5,drift,C:\Users\josep\source\repos\AIOTED-digital-rawdigits\20260816\13\3_main_dig5_20260816-130202.jpg
20260816-130202,dig6,drift,C:\Users\josep\source\repos\AIOTED-digital-rawdigits\20260816\13\5_main_dig6_20260816-130202.jpg
20260816-134202,dig2,drift,C:\Users\josep\source\repos\AIOTED-digital-rawdigits\20260816\13\5_main_dig2_20260816-134202.jpg
20260816-134202,dig3,drift,C:\Users\josep\source\repos\AIOTED-digital-rawdigits\20260816\13\8_main_dig3_20260816-134202.jpg
20260816-134202,dig4,drift,C:\Users\josep\source\repos\AIOTED-digital-rawdigits\20260816\13\0_main_dig4_20260816-134202.jpg
20260816-134202,dig5,drift,C:\Users\josep\source\repos\AIOTED-digital-rawdigits\20260816\13\3_main_dig5_20260816-134202.jpg
20260816-134202,dig6,drift,C:\Users\josep\source\repos\AIOTED-digital-rawdigits\20260816\13\6_main_dig6_20260816-134202.jpg
20260816-140201,dig2,drift,C:\Users\josep\source\repos\AIOTED-digital-rawdigits\20260816\14\5_main_dig2_20260816-140201.jpg
20260816-140201,dig3,drift,C:\Users\josep\source\repos\AIOTED-digital-rawdigits\20260816\14\8_main_dig3_20260816-140201.jpg
20260816-140201,dig4,drift,C:\Users\josep\source\repos\AIOTED-digital-rawdigits\20260816\14\0_main_dig4_20260816-140201.jpg
20260816-140201,dig5,drift,C:\Users\josep\source\repos\AIOTED-digital-rawdigits\20260816\14\3_main_dig5_20260816-140201.jpg
20260816-140201,dig6,drift,C:\Users\josep\source\repos\AIOTED-digital-rawdigits\20260816\14\6_main_dig6_20260816-140201.jpg
20260816-145001,dig2,drift,C:\Users\josep\source\repos\AIOTED-digital-rawdigits\20260816\14\5_main_dig2_20260816-145001.jpg
20260816-145001,dig3,drift,C:\Users\josep\source\repos\AIOTED-digital-rawdigits\20260816\14\8_main_dig3_20260816-145001.jpg
20260816-145001,dig4,drift,C:\Users\josep\source\repos\AIOTED-digital-rawdigits\20260816\14\0_main_dig4_20260816-145001.jpg
20260816-145001,dig5,drift,C:\Users\josep\source\repos\AIOTED-digital-rawdigits\20260816\14\3_main_dig5_20260816-145001.jpg
20260816-145001,dig6,drift,C:\Users\josep\source\repos\AIOTED-digital-rawdigits\20260816\14\8_main_dig6_20260816-145001.jpg
20260816-152201,dig2,drift,C:\Users\josep\source\repos\AIOTED-digital-rawdigits\20260816\15\5_main_dig2_20260816-152201.jpg
20260816-152201,dig3,drift,C:\Users\josep\source\repos\AIOTED-digital-rawdigits\20260816\15\8_main_dig3_20260816-152201.jpg
20260816-152201,dig4,drift,C:\Users\josep\source\repos\AIOTED-digital-rawdigits\20260816\15\0_main_dig4_20260816-152201.jpg
20260816-152201,dig5,drift,C:\Users\josep\source\repos\AIOTED-digital-rawdigits\20260816\15\3_main_dig5_20260816-152201.jpg
20260816-152201,dig6,drift,C:\Users\josep\source\repos\AIOTED-digital-rawdigits\20260816\15\9_main_dig6_20260816-152201.jpg
20260817-083800,dig2,drift,C:\Users\josep\source\repos\AIOTED-digital-rawdigits\20260817\08\5_main_dig2_20260817-083800.jpg
20260817-083800,dig3,drift,C:\Users\josep\source\repos\AIOTED-digital-rawdigits\20260817\08\8_main_dig3_20260817-083800.jpg
20260817-083800,dig4,drift,C:\Users\josep\source\repos\AIOTED-digital-rawdigits\20260817\08\0_main_dig4_20260817-083800.jpg
20260817-083800,dig5,drift,C:\Users\josep\source\repos\AIOTED-digital-rawdigits\20260817\08\6_main_dig5_20260817-083800.jpg
20260817-083800,dig6,drift,C:\Users\josep\source\repos\AIOTED-digital-rawdigits\20260817\08\2_main_dig6_20260817-083800.jpg
20260817-102600,dig2,drift,C:\Users\josep\source\repos\AIOTED-digital-rawdigits\20260817\10\5_main_dig2_20260817-102600.jpg
20260817-102600,dig3,drift,C:\Users\josep\source\repos\AIOTED-digital-rawdigits\20260817\10\8_main_dig3_20260817-102600.jpg
20260817-102600,dig4,drift,C:\Users\josep\source\repos\AIOTED-digital-rawdigits\20260817\10\0_main_dig4_20260817-102600.jpg
20260817-102600,dig5,drift,C:\Users\josep\source\repos\AIOTED-digital-rawdigits\20260817\10\6_main_dig5_20260817-102600.jpg
20260817-102600,dig6,drift,C:\Users\josep\source\repos\AIOTED-digital-rawdigits\20260817\10\5_main_dig6_20260817-102600.jpg
20260817-104600,dig2,drift,C:\Users\josep\source\repos\AIOTED-digital-rawdigits\20260817\10\5_main_dig2_20260817-104600.jpg
20260817-104600,dig3,drift,C:\Users\josep\source\repos\AIOTED-digital-rawdigits\20260817\10\8_main_dig3_20260817-104600.jpg
20260817-104600,dig4,drift,C:\Users\josep\source\repos\AIOTED-digital-rawdigits\20260817\10\0_main_dig4_20260817-104600.jpg
20260817-104600,dig5,drift,C:\Users\josep\source\repos\AIOTED-digital-rawdigits\20260817\10\6_main_dig5_20260817-104600.jpg
20260817-104600,dig6,drift,C:\Users\josep\source\repos\AIOTED-digital-rawdigits\20260817\10\5_main_dig6_20260817-104600.jpg
20260817-105400,dig2,drift,C:\Users\josep\source\repos\AIOTED-digital-rawdigits\20260817\10\8_main_dig2_20260817-105400.jpg
20260817-105400,dig3,drift,C:\Users\josep\source\repos\AIOTED-digital-rawdigits\20260817\10\8_main_dig3_20260817-105400.jpg
20260817-105400,dig4,drift,C:\Users\josep\source\repos\AIOTED-digital-rawdigits\20260817\10\8_main_dig4_20260817-105400.jpg
20260817-105400,dig5,drift,C:\Users\josep\source\repos\AIOTED-digital-rawdigits\20260817\10\8_main_dig5_20260817-105400.jpg
20260817-105400,dig6,drift,C:\Users\josep\source\repos\AIOTED-digital-rawdigits\20260817\10\8_main_dig6_20260817-105400.jpg
20260817-110600,dig2,drift,C:\Users\josep\source\repos\AIOTED-digital-rawdigits\20260817\11\5_main_dig2_20260817-110600.jpg
20260817-110600,dig3,drift,C:\Users\josep\source\repos\AIOTED-digital-rawdigits\20260817\11\8_main_dig3_20260817-110600.jpg
20260817-110600,dig4,drift,C:\Users\josep\source\repos\AIOTED-digital-rawdigits\20260817\11\0_main_dig4_20260817-110600.jpg
20260817-110600,dig5,drift,C:\Users\josep\source\repos\AIOTED-digital-rawdigits\20260817\11\6_main_dig5_20260817-110600.jpg
20260817-110600,dig6,drift,C:\Users\josep\source\repos\AIOTED-digital-rawdigits\20260817\11\6_main_dig6_20260817-110600.jpg
20260817-111000,dig2,drift,C:\Users\josep\source\repos\AIOTED-digital-rawdigits\20260817\11\0_main_dig2_20260817-111000.jpg
20260817-111000,dig3,drift,C:\Users\josep\source\repos\AIOTED-digital-rawdigits\20260817\11\0_main_dig3_20260817-111000.jpg
20260817-111000,dig4,drift,C:\Users\josep\source\repos\AIOTED-digital-rawdigits\20260817\11\0_main_dig4_20260817-111000.jpg
20260817-111000,dig5,drift,C:\Users\josep\source\repos\AIOTED-digital-rawdigits\20260817\11\0_main_dig5_20260817-111000.jpg
20260817-111000,dig6,drift,C:\Users\josep\source\repos\AIOTED-digital-rawdigits\20260817\11\0_main_dig6_20260817-111000.jpg
20260817-111800,dig2,drift,C:\Users\josep\source\repos\AIOTED-digital-rawdigits\20260817\11\5_main_dig2_20260817-111800.jpg
20260817-111800,dig3,drift,C:\Users\josep\source\repos\AIOTED-digital-rawdigits\20260817\11\8_main_dig3_20260817-111800.jpg
20260817-111800,dig4,drift,C:\Users\josep\source\repos\AIOTED-digital-rawdigits\20260817\11\0_main_dig4_20260817-111800.jpg
20260817-111800,dig5,drift,C:\Users\josep\source\repos\AIOTED-digital-rawdigits\20260817\11\6_main_dig5_20260817-111800.jpg
20260817-111800,dig6,drift,C:\Users\josep\source\repos\AIOTED-digital-rawdigits\20260817\11\6_main_dig6_20260817-111800.jpg
20260817-113800,dig2,drift,C:\Users\josep\source\repos\AIOTED-digital-rawdigits\20260817\11\5_main_dig2_20260817-113800.jpg
20260817-113800,dig3,drift,C:\Users\josep\source\repos\AIOTED-digital-rawdigits\20260817\11\8_main_dig3_20260817-113800.jpg
20260817-113800,dig4,drift,C:\Users\josep\source\repos\AIOTED-digital-rawdigits\20260817\11\0_main_dig4_20260817-113800.jpg
20260817-113800,dig5,drift,C:\Users\josep\source\repos\AIOTED-digital-rawdigits\20260817\11\6_main_dig5_20260817-113800.jpg
20260817-113800,dig6,drift,C:\Users\josep\source\repos\AIOTED-digital-rawdigits\20260817\11\7_main_dig6_20260817-113800.jpg
20260817-115000,dig2,drift,C:\Users\josep\source\repos\AIOTED-digital-rawdigits\20260817\11\0_main_dig2_20260817-115000.jpg
20260817-115000,dig3,drift,C:\Users\josep\source\repos\AIOTED-digital-rawdigits\20260817\11\0_main_dig3_20260817-115000.jpg
20260817-115000,dig4,drift,C:\Users\josep\source\repos\AIOTED-digital-rawdigits\20260817\11\0_main_dig4_20260817-115000.jpg
20260817-115000,dig5,drift,C:\Users\josep\source\repos\AIOTED-digital-rawdigits\20260817\11\0_main_dig5_20260817-115000.jpg
20260817-115000,dig6,drift,C:\Users\josep\source\repos\AIOTED-digital-rawdigits\20260817\11\0_main_dig6_20260817-115000.jpg
20260817-140600,dig2,drift,C:\Users\josep\source\repos\AIOTED-digital-rawdigits\20260817\14\5_main_dig2_20260817-140600.jpg
20260817-140600,dig3,drift,C:\Users\josep\source\repos\AIOTED-digital-rawdigits\20260817\14\8_main_dig3_20260817-140600.jpg
20260817-140600,dig4,drift,C:\Users\josep\source\repos\AIOTED-digital-rawdigits\20260817\14\0_main_dig4_20260817-140600.jpg
20260817-140600,dig5,drift,C:\Users\josep\source\repos\AIOTED-digital-rawdigits\20260817\14\7_main_dig5_20260817-140600.jpg
20260817-140600,dig6,drift,C:\Users\josep\source\repos\AIOTED-digital-rawdigits\20260817\14\3_main_dig6_20260817-140600.jpg
20260817-142600,dig2,drift,C:\Users\josep\source\repos\AIOTED-digital-rawdigits\20260817\14\5_main_dig2_20260817-142600.jpg
20260817-142600,dig3,drift,C:\Users\josep\source\repos\AIOTED-digital-rawdigits\20260817\14\8_main_dig3_20260817-142600.jpg
20260817-142600,dig4,drift,C:\Users\josep\source\repos\AIOTED-digital-rawdigits\20260817\14\0_main_dig4_20260817-142600.jpg
20260817-142600,dig5,drift,C:\Users\josep\source\repos\AIOTED-digital-rawdigits\20260817\14\7_main_dig5_20260817-142600.jpg
20260817-142600,dig6,drift,C:\Users\josep\source\repos\AIOTED-digital-rawdigits\20260817\14\4_main_dig6_20260817-142600.jpg
20260817-145359,dig2,drift,C:\Users\josep\source\repos\AIOTED-digital-rawdigits\20260817\14\5_main_dig2_20260817-145359.jpg
20260817-145359,dig3,drift,C:\Users\josep\source\repos\AIOTED-digital-rawdigits\20260817\14\8_main_dig3_20260817-145359.jpg
20260817-145359,dig4,drift,C:\Users\josep\source\repos\AIOTED-digital-rawdigits\20260817\14\0_main_dig4_20260817-145359.jpg
20260817-145359,dig5,drift,C:\Users\josep\source\repos\AIOTED-digital-rawdigits\20260817\14\7_main_dig5_20260817-145359.jpg
20260817-145359,dig6,drift,C:\Users\josep\source\repos\AIOTED-digital-rawdigits\20260817\14\5_main_dig6_20260817-145359.jpg
20260817-145759,dig2,drift,C:\Users\josep\source\repos\AIOTED-digital-rawdigits\20260817\14\0_main_dig2_20260817-145759.jpg
20260817-145759,dig3,drift,C:\Users\josep\source\repos\AIOTED-digital-rawdigits\20260817\14\0_main_dig3_20260817-145759.jpg
20260817-145759,dig4,drift,C:\Users\josep\source\repos\AIOTED-digital-rawdigits\20260817\14\0_main_dig4_20260817-145759.jpg
20260817-145759,dig5,drift,C:\Users\josep\source\repos\AIOTED-digital-rawdigits\20260817\14\0_main_dig5_20260817-145759.jpg
20260817-145759,dig6,drift,C:\Users\josep\source\repos\AIOTED-digital-rawdigits\20260817\14\0_main_dig6_20260817-145759.jpg
20260819-083356,dig2,drift,C:\Users\josep\source\repos\AIOTED-digital-rawdigits\20260819\08\5_main_dig2_20260819-083356.jpg
20260819-083356,dig3,drift,C:\Users\josep\source\repos\AIOTED-digital-rawdigits\20260819\08\8_main_dig3_20260819-083356.jpg
20260819-083356,dig4,drift,C:\Users\josep\source\repos\AIOTED-digital-rawdigits\20260819\08\1_main_dig4_20260819-083356.jpg
20260819-083356,dig5,drift,C:\Users\josep\source\repos\AIOTED-digital-rawdigits\20260819\08\4_main_dig5_20260819-083356.jpg
20260819-083356,dig6,drift,C:\Users\josep\source\repos\AIOTED-digital-rawdigits\20260819\08\1_main_dig6_20260819-083356.jpg
20260819-083756,dig2,drift,C:\Users\josep\source\repos\AIOTED-digital-rawdigits\20260819\08\0_main_dig2_20260819-083756.jpg
20260819-083756,dig3,drift,C:\Users\josep\source\repos\AIOTED-digital-rawdigits\20260819\08\0_main_dig3_20260819-083756.jpg
20260819-083756,dig4,drift,C:\Users\josep\source\repos\AIOTED-digital-rawdigits\20260819\08\0_main_dig4_20260819-083756.jpg
20260819-083756,dig5,drift,C:\Users\josep\source\repos\AIOTED-digital-rawdigits\20260819\08\0_main_dig5_20260819-083756.jpg
20260819-083756,dig6,drift,C:\Users\josep\source\repos\AIOTED-digital-rawdigits\20260819\08\0_main_dig6_20260819-083756.jpg
20260819-104556,dig2,drift,C:\Users\josep\source\repos\AIOTED-digital-rawdigits\20260819\10\5_main_dig2_20260819-104556.jpg
20260819-104556,dig3,drift,C:\Users\josep\source\repos\AIOTED-digital-rawdigits\20260819\10\8_main_dig3_20260819-104556.jpg
20260819-104556,dig4,drift,C:\Users\josep\source\repos\AIOTED-digital-rawdigits\20260819\10\1_main_dig4_20260819-104556.jpg
20260819-104556,dig5,drift,C:\Users\josep\source\repos\AIOTED-digital-rawdigits\20260819\10\4_main_dig5_20260819-104556.jpg
20260819-104556,dig6,drift,C:\Users\josep\source\repos\AIOTED-digital-rawdigits\20260819\10\5_main_dig6_20260819-104556.jpg
20260819-113356,dig2,drift,C:\Users\josep\source\repos\AIOTED-digital-rawdigits\20260819\11\5_main_dig2_20260819-113356.jpg
20260819-113356,dig3,drift,C:\Users\josep\source\repos\AIOTED-digital-rawdigits\20260819\11\8_main_dig3_20260819-113356.jpg
20260819-113356,dig4,drift,C:\Users\josep\source\repos\AIOTED-digital-rawdigits\20260819\11\1_main_dig4_20260819-113356.jpg
20260819-113356,dig5,drift,C:\Users\josep\source\repos\AIOTED-digital-rawdigits\20260819\11\4_main_dig5_20260819-113356.jpg
20260819-113356,dig6,drift,C:\Users\josep\source\repos\AIOTED-digital-rawdigits\20260819\11\6_main_dig6_20260819-113356.jpg
20260819-113756,dig2,drift,C:\Users\josep\source\repos\AIOTED-digital-rawdigits\20260819\11\0_main_dig2_20260819-113756.jpg
20260819-113756,dig3,drift,C:\Users\josep\source\repos\AIOTED-digital-rawdigits\20260819\11\0_main_dig3_20260819-113756.jpg
20260819-113756,dig4,drift,C:\Users\josep\source\repos\AIOTED-digital-rawdigits\20260819\11\0_main_dig4_20260819-113756.jpg
20260819-113756,dig5,drift,C:\Users\josep\source\repos\AIOTED-digital-rawdigits\20260819\11\0_main_dig5_20260819-113756.jpg
20260819-113756,dig6,drift,C:\Users\josep\source\repos\AIOTED-digital-rawdigits\20260819\11\0_main_dig6_20260819-113756.jpg
20260819-121356,dig2,drift,C:\Users\josep\source\repos\AIOTED-digital-rawdigits\20260819\12\5_main_dig2_20260819-121356.jpg
20260819-121356,dig3,drift,C:\Users\josep\source\repos\AIOTED-digital-rawdigits\20260819\12\8_main_dig3_20260819-121356.jpg
20260819-121356,dig4,drift,C:\Users\josep\source\repos\AIOTED-digital-rawdigits\20260819\12\1_main_dig4_20260819-121356.jpg
20260819-121356,dig5,drift,C:\Users\josep\source\repos\AIOTED-digital-rawdigits\20260819\12\4_main_dig5_20260819-121356.jpg
20260819-121356,dig6,drift,C:\Users\josep\source\repos\AIOTED-digital-rawdigits\20260819\12\8_main_dig6_20260819-121356.jpg
20260819-123356,dig2,drift,C:\Users\josep\source\repos\AIOTED-digital-rawdigits\20260819\12\5_main_dig2_20260819-123356.jpg
20260819-123356,dig3,drift,C:\Users\josep\source\repos\AIOTED-digital-rawdigits\20260819\12\8_main_dig3_20260819-123356.jpg
20260819-123356,dig4,drift,C:\Users\josep\source\repos\AIOTED-digital-rawdigits\20260819\12\1_main_dig4_20260819-123356.jpg
20260819-123356,dig5,drift,C:\Users\josep\source\repos\AIOTED-digital-rawdigits\20260819\12\4_main_dig5_20260819-123356.jpg
20260819-123356,dig6,drift,C:\Users\josep\source\repos\AIOTED-digital-rawdigits\20260819\12\9_main_dig6_20260819-123356.jpg
20260819-132556,dig2,drift,C:\Users\josep\source\repos\AIOTED-digital-rawdigits\20260819\13\5_main_dig2_20260819-132556.jpg
20260819-132556,dig3,drift,C:\Users\josep\source\repos\AIOTED-digital-rawdigits\20260819\13\8_main_dig3_20260819-132556.jpg
20260819-132556,dig4,drift,C:\Users\josep\source\repos\AIOTED-digital-rawdigits\20260819\13\1_main_dig4_20260819-132556.jpg
20260819-132556,dig5,drift,C:\Users\josep\source\repos\AIOTED-digital-rawdigits\20260819\13\5_main_dig5_20260819-132556.jpg
20260819-132556,dig6,drift,C:\Users\josep\source\repos\AIOTED-digital-rawdigits\20260819\13\2_main_dig6_20260819-132556.jpg
20260819-140156,dig2,drift,C:\Users\josep\source\repos\AIOTED-digital-rawdigits\20260819\14\5_main_dig2_20260819-140156.jpg
20260819-140156,dig3,drift,C:\Users\josep\source\repos\AIOTED-digital-rawdigits\20260819\14\8_main_dig3_20260819-140156.jpg
20260819-140156,dig4,drift,C:\Users\josep\source\repos\AIOTED-digital-rawdigits\20260819\14\1_main_dig4_20260819-140156.jpg
20260819-140156,dig5,drift,C:\Users\josep\source\repos\AIOTED-digital-rawdigits\20260819\14\5_main_dig5_20260819-140156.jpg
20260819-140156,dig6,drift,C:\Users\josep\source\repos\AIOTED-digital-rawdigits\20260819\14\3_main_dig6_20260819-140156.jpg
20260819-142156,dig2,drift,C:\Users\josep\source\repos\AIOTED-digital-rawdigits\20260819\14\5_main_dig2_20260819-142156.jpg
20260819-142156,dig3,drift,C:\Users\josep\source\repos\AIOTED-digital-rawdigits\20260819\14\8_main_dig3_20260819-142156.jpg
20260819-142156,dig4,drift,C:\Users\josep\source\repos\AIOTED-digital-rawdigits\20260819\14\1_main_dig4_20260819-142156.jpg
20260819-142156,dig5,drift,C:\Users\josep\source\repos\AIOTED-digital-rawdigits\20260819\14\5_main_dig5_20260819-142156.jpg
20260819-142156,dig6,drift,C:\Users\josep\source\repos\AIOTED-digital-rawdigits\20260819\14\4_main_dig6_20260819-142156.jpg
20260819-143356,dig2,drift,C:\Users\josep\source\repos\AIOTED-digital-rawdigits\20260819\14\5_main_dig2_20260819-143356.jpg
20260819-143356,dig3,drift,C:\Users\josep\source\repos\AIOTED-digital-rawdigits\20260819\14\8_main_dig3_20260819-143356.jpg
20260819-143356,dig4,drift,C:\Users\josep\source\repos\AIOTED-digital-rawdigits\20260819\14\1_main_dig4_20260819-143356.jpg
20260819-143356,dig5,drift,C:\Users\josep\source\repos\AIOTED-digital-rawdigits\20260819\14\5_main_dig5_20260819-143356.jpg
20260819-143356,dig6,drift,C:\Users\josep\source\repos\AIOTED-digital-rawdigits\20260819\14\4_main_dig6_20260819-143356.jpg
20260819-143756,dig2,drift,C:\Users\josep\source\repos\AIOTED-digital-rawdigits\20260819\14\0_main_dig2_20260819-143756.jpg
20260819-143756,dig3,drift,C:\Users\josep\source\repos\AIOTED-digital-rawdigits\20260819\14\0_main_dig3_20260819-143756.jpg
20260819-143756,dig4,drift,C:\Users\josep\source\repos\AIOTED-digital-rawdigits\20260819\14\0_main_dig4_20260819-143756.jpg
20260819-143756,dig5,drift,C:\Users\josep\source\repos\AIOTED-digital-rawdigits\20260819\14\0_main_dig5_20260819-143756.jpg
20260819-143756,dig6,drift,C:\Users\josep\source\repos\AIOTED-digital-rawdigits\20260819\14\0_main_dig6_20260819-143756.jpg
20260819-150556,dig2,drift,C:\Users\josep\source\repos\AIOTED-digital-rawdigits\20260819\15\5_main_dig2_20260819-150556.jpg
20260819-150556,dig3,drift,C:\Users\josep\source\repos\AIOTED-digital-rawdigits\20260819\15\8_main_dig3_20260819-150556.jpg
20260819-150556,dig4,drift,C:\Users\josep\source\repos\AIOTED-digital-rawdigits\20260819\15\1_main_dig4_20260819-150556.jpg
20260819-150556,dig5,drift,C:\Users\josep\source\repos\AIOTED-digital-rawdigits\20260819\15\5_main_dig5_20260819-150556.jpg
20260819-150556,dig6,drift,C:\Users\josep\source\repos\AIOTED-digital-rawdigits\20260819\15\6_main_dig6_20260819-150556.jpg
20260819-153756,dig2,drift,C:\Users\josep\source\repos\AIOTED-digital-rawdigits\20260819\15\0_main_dig2_20260819-153756.jpg
20260819-153756,dig3,drift,C:\Users\josep\source\repos\AIOTED-digital-rawdigits\20260819\15\0_main_dig3_20260819-153756.jpg
20260819-153756,dig4,drift,C:\Users\josep\source\repos\AIOTED-digital-rawdigits\20260819\15\0_main_dig4_20260819-153756.jpg
20260819-153756,dig5,drift,C:\Users\josep\source\repos\AIOTED-digital-rawdigits\20260819\15\0_main_dig5_20260819-153756.jpg
20260819-153756,dig6,drift,C:\Users\josep\source\repos\AIOTED-digital-rawdigits\20260819\15\0_main_dig6_20260819-153756.jpg
20260819-154156,dig2,drift,C:\Users\josep\source\repos\AIOTED-digital-rawdigits\20260819\15\5_main_dig2_20260819-154156.jpg
20260819-154156,dig3,drift,C:\Users\josep\source\repos\AIOTED-digital-rawdigits\20260819\15\8_main_dig3_20260819-154156.jpg
20260819-154156,dig4,drift,C:\Users\josep\source\repos\AIOTED-digital-rawdigits\20260819\15\1_main_dig4_20260819-154156.jpg
20260819-154156,dig5,drift,C:\Users\josep\source\repos\AIOTED-digital-rawdigits\20260819\15\5_main_dig5_20260819-154156.jpg
20260819-154156,dig6,drift,C:\Users\josep\source\repos\AIOTED-digital-rawdigits\20260819\15\8_main_dig6_20260819-154156.jpg
20260820-080954,dig2,drift,C:\Users\josep\source\repos\AIOTED-digital-rawdigits\20260820\08\5_main_dig2_20260820-080954.jpg
20260820-080954,dig3,drift,C:\Users\josep\source\repos\AIOTED-digital-rawdigits\20260820\08\8_main_dig3_20260820-080954.jpg
20260820-080954,dig4,drift,C:\Users\josep\source\repos\AIOTED-digital-rawdigits\20260820\08\1_main_dig4_20260820-080954.jpg
20260820-080954,dig5,drift,C:\Users\josep\source\repos\AIOTED-digital-rawdigits\20260820\08\7_main_dig5_20260820-080954.jpg
20260820-080954,dig6,drift,C:\Users\josep\source\repos\AIOTED-digital-rawdigits\20260820\08\8_main_dig6_20260820-080954.jpg
20260820-082954,dig2,drift,C:\Users\josep\source\repos\AIOTED-digital-rawdigits\20260820\08\5_main_dig2_20260820-082954.jpg
20260820-082954,dig3,drift,C:\Users\josep\source\repos\AIOTED-digital-rawdigits\20260820\08\8_main_dig3_20260820-082954.jpg
20260820-082954,dig4,drift,C:\Users\josep\source\repos\AIOTED-digital-rawdigits\20260820\08\1_main_dig4_20260820-082954.jpg
20260820-082954,dig5,drift,C:\Users\josep\source\repos\AIOTED-digital-rawdigits\20260820\08\7_main_dig5_20260820-082954.jpg
20260820-082954,dig6,drift,C:\Users\josep\source\repos\AIOTED-digital-rawdigits\20260820\08\8_main_dig6_20260820-082954.jpg
20260820-083754,dig2,drift,C:\Users\josep\source\repos\AIOTED-digital-rawdigits\20260820\08\5_main_dig2_20260820-083754.jpg
20260820-083754,dig3,drift,C:\Users\josep\source\repos\AIOTED-digital-rawdigits\20260820\08\8_main_dig3_20260820-083754.jpg
20260820-083754,dig4,drift,C:\Users\josep\source\repos\AIOTED-digital-rawdigits\20260820\08\1_main_dig4_20260820-083754.jpg
20260820-083754,dig5,drift,C:\Users\josep\source\repos\AIOTED-digital-rawdigits\20260820\08\7_main_dig5_20260820-083754.jpg
20260820-083754,dig6,drift,C:\Users\josep\source\repos\AIOTED-digital-rawdigits\20260820\08\8_main_dig6_20260820-083754.jpg
20260820-090954,dig2,drift,C:\Users\josep\source\repos\AIOTED-digital-rawdigits\20260820\09\5_main_dig2_20260820-090954.jpg
20260820-090954,dig3,drift,C:\Users\josep\source\repos\AIOTED-digital-rawdigits\20260820\09\8_main_dig3_20260820-090954.jpg
20260820-090954,dig4,drift,C:\Users\josep\source\repos\AIOTED-digital-rawdigits\20260820\09\1_main_dig4_20260820-090954.jpg
20260820-090954,dig5,drift,C:\Users\josep\source\repos\AIOTED-digital-rawdigits\20260820\09\7_main_dig5_20260820-090954.jpg
20260820-090954,dig6,drift,C:\Users\josep\source\repos\AIOTED-digital-rawdigits\20260820\09\9_main_dig6_20260820-090954.jpg
20260820-091754,dig2,drift,C:\Users\josep\source\repos\AIOTED-digital-rawdigits\20260820\09\5_main_dig2_20260820-091754.jpg
20260820-091754,dig3,drift,C:\Users\josep\source\repos\AIOTED-digital-rawdigits\20260820\09\8_main_dig3_20260820-091754.jpg
20260820-091754,dig4,drift,C:\Users\josep\source\repos\AIOTED-digital-rawdigits\20260820\09\1_main_dig4_20260820-091754.jpg
20260820-091754,dig5,drift,C:\Users\josep\source\repos\AIOTED-digital-rawdigits\20260820\09\7_main_dig5_20260820-091754.jpg
20260820-091754,dig6,drift,C:\Users\josep\source\repos\AIOTED-digital-rawdigits\20260820\09\9_main_dig6_20260820-091754.jpg
20260820-092954,dig2,drift,C:\Users\josep\source\repos\AIOTED-digital-rawdigits\20260820\09\5_main_dig2_20260820-092954.jpg
20260820-092954,dig3,drift,C:\Users\josep\source\repos\AIOTED-digital-rawdigits\20260820\09\8_main_dig3_20260820-092954.jpg
20260820-092954,dig4,drift,C:\Users\josep\source\repos\AIOTED-digital-rawdigits\20260820\09\1_main_dig4_20260820-092954.jpg
20260820-092954,dig5,drift,C:\Users\josep\source\repos\AIOTED-digital-rawdigits\20260820\09\8_main_dig5_20260820-092954.jpg
20260820-092954,dig6,drift,C:\Users\josep\source\repos\AIOTED-digital-rawdigits\20260820\09\0_main_dig6_20260820-092954.jpg
20260820-093754,dig2,drift,C:\Users\josep\source\repos\AIOTED-digital-rawdigits\20260820\09\5_main_dig2_20260820-093754.jpg
20260820-093754,dig3,drift,C:\Users\josep\source\repos\AIOTED-digital-rawdigits\20260820\09\8_main_dig3_20260820-093754.jpg
20260820-093754,dig4,drift,C:\Users\josep\source\repos\AIOTED-digital-rawdigits\20260820\09\1_main_dig4_20260820-093754.jpg
20260820-093754,dig5,drift,C:\Users\josep\source\repos\AIOTED-digital-rawdigits\20260820\09\8_main_dig5_20260820-093754.jpg
20260820-093754,dig6,drift,C:\Users\josep\source\repos\AIOTED-digital-rawdigits\20260820\09\0_main_dig6_20260820-093754.jpg
20260820-094954,dig2,drift,C:\Users\josep\source\repos\AIOTED-digital-rawdigits\20260820\09\5_main_dig2_20260820-094954.jpg
20260820-094954,dig3,drift,C:\Users\josep\source\repos\AIOTED-digital-rawdigits\20260820\09\8_main_dig3_20260820-094954.jpg
20260820-094954,dig4,drift,C:\Users\josep\source\repos\AIOTED-digital-rawdigits\20260820\09\1_main_dig4_20260820-094954.jpg
20260820-094954,dig5,drift,C:\Users\josep\source\repos\AIOTED-digital-rawdigits\20260820\09\8_main_dig5_20260820-094954.jpg
20260820-094954,dig6,drift,C:\Users\josep\source\repos\AIOTED-digital-rawdigits\20260820\09\0_main_dig6_20260820-094954.jpg
20260820-101754,dig2,drift,C:\Users\josep\source\repos\AIOTED-digital-rawdigits\20260820\10\5_main_dig2_20260820-101754.jpg
20260820-101754,dig3,drift,C:\Users\josep\source\repos\AIOTED-digital-rawdigits\20260820\10\8_main_dig3_20260820-101754.jpg
20260820-101754,dig4,drift,C:\Users\josep\source\repos\AIOTED-digital-rawdigits\20260820\10\1_main_dig4_20260820-101754.jpg
20260820-101754,dig5,drift,C:\Users\josep\source\repos\AIOTED-digital-rawdigits\20260820\10\8_main_dig5_20260820-101754.jpg
20260820-101754,dig6,drift,C:\Users\josep\source\repos\AIOTED-digital-rawdigits\20260820\10\1_main_dig6_20260820-101754.jpg
20260820-104954,dig2,drift,C:\Users\josep\source\repos\AIOTED-digital-rawdigits\20260820\10\5_main_dig2_20260820-104954.jpg
20260820-104954,dig3,drift,C:\Users\josep\source\repos\AIOTED-digital-rawdigits\20260820\10\8_main_dig3_20260820-104954.jpg
20260820-104954,dig4,drift,C:\Users\josep\source\repos\AIOTED-digital-rawdigits\20260820\10\1_main_dig4_20260820-104954.jpg
20260820-104954,dig5,drift,C:\Users\josep\source\repos\AIOTED-digital-rawdigits\20260820\10\8_main_dig5_20260820-104954.jpg
20260820-104954,dig6,drift,C:\Users\josep\source\repos\AIOTED-digital-rawdigits\20260820\10\1_main_dig6_20260820-104954.jpg
20260820-110154,dig2,drift,C:\Users\josep\source\repos\AIOTED-digital-rawdigits\20260820\11\0_main_dig2_20260820-110154.jpg
20260820-110154,dig3,drift,C:\Users\josep\source\repos\AIOTED-digital-rawdigits\20260820\11\0_main_dig3_20260820-110154.jpg
20260820-110154,dig4,drift,C:\Users\josep\source\repos\AIOTED-digital-rawdigits\20260820\11\0_main_dig4_20260820-110154.jpg
20260820-110154,dig5,drift,C:\Users\josep\source\repos\AIOTED-digital-rawdigits\20260820\11\0_main_dig5_20260820-110154.jpg
20260820-110154,dig6,drift,C:\Users\josep\source\repos\AIOTED-digital-rawdigits\20260820\11\0_main_dig6_20260820-110154.jpg
20260820-111754,dig2,drift,C:\Users\josep\source\repos\AIOTED-digital-rawdigits\20260820\11\5_main_dig2_20260820-111754.jpg
20260820-111754,dig3,drift,C:\Users\josep\source\repos\AIOTED-digital-rawdigits\20260820\11\8_main_dig3_20260820-111754.jpg
20260820-111754,dig4,drift,C:\Users\josep\source\repos\AIOTED-digital-rawdigits\20260820\11\1_main_dig4_20260820-111754.jpg
20260820-111754,dig5,drift,C:\Users\josep\source\repos\AIOTED-digital-rawdigits\20260820\11\8_main_dig5_20260820-111754.jpg
20260820-111754,dig6,drift,C:\Users\josep\source\repos\AIOTED-digital-rawdigits\20260820\11\2_main_dig6_20260820-111754.jpg
20260820-113754,dig2,drift,C:\Users\josep\source\repos\AIOTED-digital-rawdigits\20260820\11\5_main_dig2_20260820-113754.jpg
20260820-113754,dig3,drift,C:\Users\josep\source\repos\AIOTED-digital-rawdigits\20260820\11\8_main_dig3_20260820-113754.jpg
20260820-113754,dig4,drift,C:\Users\josep\source\repos\AIOTED-digital-rawdigits\20260820\11\1_main_dig4_20260820-113754.jpg
20260820-113754,dig5,drift,C:\Users\josep\source\repos\AIOTED-digital-rawdigits\20260820\11\8_main_dig5_20260820-113754.jpg
20260820-113754,dig6,drift,C:\Users\josep\source\repos\AIOTED-digital-rawdigits\20260820\11\3_main_dig6_20260820-113754.jpg
20260820-114154,dig2,drift,C:\Users\josep\source\repos\AIOTED-digital-rawdigits\20260820\11\0_main_dig2_20260820-114154.jpg
20260820-114154,dig3,drift,C:\Users\josep\source\repos\AIOTED-digital-rawdigits\20260820\11\0_main_dig3_20260820-114154.jpg
20260820-114154,dig4,drift,C:\Users\josep\source\repos\AIOTED-digital-rawdigits\20260820\11\0_main_dig4_20260820-114154.jpg
20260820-114154,dig5,drift,C:\Users\josep\source\repos\AIOTED-digital-rawdigits\20260820\11\0_main_dig5_20260820-114154.jpg
20260820-114154,dig6,drift,C:\Users\josep\source\repos\AIOTED-digital-rawdigits\20260820\11\0_main_dig6_20260820-114154.jpg
20260820-114954,dig2,drift,C:\Users\josep\source\repos\AIOTED-digital-rawdigits\20260820\11\5_main_dig2_20260820-114954.jpg
20260820-114954,dig3,drift,C:\Users\josep\source\repos\AIOTED-digital-rawdigits\20260820\11\8_main_dig3_20260820-114954.jpg
20260820-114954,dig4,drift,C:\Users\josep\source\repos\AIOTED-digital-rawdigits\20260820\11\1_main_dig4_20260820-114954.jpg
20260820-114954,dig5,drift,C:\Users\josep\source\repos\AIOTED-digital-rawdigits\20260820\11\8_main_dig5_20260820-114954.jpg
20260820-114954,dig6,drift,C:\Users\josep\source\repos\AIOTED-digital-rawdigits\20260820\11\3_main_dig6_20260820-114954.jpg
20260820-120954,dig2,drift,C:\Users\josep\source\repos\AIOTED-digital-rawdigits\20260820\12\5_main_dig2_20260820-120954.jpg
20260820-120954,dig3,drift,C:\Users\josep\source\repos\AIOTED-digital-rawdigits\20260820\12\8_main_dig3_20260820-120954.jpg
20260820-120954,dig4,drift,C:\Users\josep\source\repos\AIOTED-digital-rawdigits\20260820\12\1_main_dig4_20260820-120954.jpg
20260820-120954,dig5,drift,C:\Users\josep\source\repos\AIOTED-digital-rawdigits\20260820\12\8_main_dig5_20260820-120954.jpg
20260820-120954,dig6,drift,C:\Users\josep\source\repos\AIOTED-digital-rawdigits\20260820\12\4_main_dig6_20260820-120954.jpg
20260820-124954,dig2,drift,C:\Users\josep\source\repos\AIOTED-digital-rawdigits\20260820\12\5_main_dig2_20260820-124954.jpg
20260820-124954,dig3,drift,C:\Users\josep\source\repos\AIOTED-digital-rawdigits\20260820\12\8_main_dig3_20260820-124954.jpg
20260820-124954,dig4,drift,C:\Users\josep\source\repos\AIOTED-digital-rawdigits\20260820\12\1_main_dig4_20260820-124954.jpg
20260820-124954,dig5,drift,C:\Users\josep\source\repos\AIOTED-digital-rawdigits\20260820\12\8_main_dig5_20260820-124954.jpg
20260820-124954,dig6,drift,C:\Users\josep\source\repos\AIOTED-digital-rawdigits\20260820\12\6_main_dig6_20260820-124954.jpg
20260820-125754,dig2,drift,C:\Users\josep\source\repos\AIOTED-digital-rawdigits\20260820\12\5_main_dig2_20260820-125754.jpg
20260820-125754,dig3,drift,C:\Users\josep\source\repos\AIOTED-digital-rawdigits\20260820\12\8_main_dig3_20260820-125754.jpg
20260820-125754,dig4,drift,C:\Users\josep\source\repos\AIOTED-digital-rawdigits\20260820\12\1_main_dig4_20260820-125754.jpg
20260820-125754,dig5,drift,C:\Users\josep\source\repos\AIOTED-digital-rawdigits\20260820\12\8_main_dig5_20260820-125754.jpg
20260820-125754,dig6,drift,C:\Users\josep\source\repos\AIOTED-digital-rawdigits\20260820\12\6_main_dig6_20260820-125754.jpg
20260820-130154,dig2,drift,C:\Users\josep\source\repos\AIOTED-digital-rawdigits\20260820\13\0_main_dig2_20260820-130154.jpg
20260820-130154,dig3,drift,C:\Users\josep\source\repos\AIOTED-digital-rawdigits\20260820\13\0_main_dig3_20260820-130154.jpg
20260820-130154,dig4,drift,C:\Users\josep\source\repos\AIOTED-digital-rawdigits\20260820\13\0_main_dig4_20260820-130154.jpg
20260820-130154,dig5,drift,C:\Users\josep\source\repos\AIOTED-digital-rawdigits\20260820\13\0_main_dig5_20260820-130154.jpg
20260820-130154,dig6,drift,C:\Users\josep\source\repos\AIOTED-digital-rawdigits\20260820\13\0_main_dig6_20260820-130154.jpg
20260820-141754,dig2,drift,C:\Users\josep\source\repos\AIOTED-digital-rawdigits\20260820\14\5_main_dig2_20260820-141754.jpg
20260820-141754,dig3,drift,C:\Users\josep\source\repos\AIOTED-digital-rawdigits\20260820\14\8_main_dig3_20260820-141754.jpg
20260820-141754,dig4,drift,C:\Users\josep\source\repos\AIOTED-digital-rawdigits\20260820\14\1_main_dig4_20260820-141754.jpg
20260820-141754,dig5,drift,C:\Users\josep\source\repos\AIOTED-digital-rawdigits\20260820\14\9_main_dig5_20260820-141754.jpg
20260820-141754,dig6,drift,C:\Users\josep\source\repos\AIOTED-digital-rawdigits\20260820\14\0_main_dig6_20260820-141754.jpg
20260820-142954,dig2,drift,C:\Users\josep\source\repos\AIOTED-digital-rawdigits\20260820\14\5_main_dig2_20260820-142954.jpg
20260820-142954,dig3,drift,C:\Users\josep\source\repos\AIOTED-digital-rawdigits\20260820\14\8_main_dig3_20260820-142954.jpg
20260820-142954,dig4,drift,C:\Users\josep\source\repos\AIOTED-digital-rawdigits\20260820\14\1_main_dig4_20260820-142954.jpg
20260820-142954,dig5,drift,C:\Users\josep\source\repos\AIOTED-digital-rawdigits\20260820\14\9_main_dig5_20260820-142954.jpg
20260820-142954,dig6,drift,C:\Users\josep\source\repos\AIOTED-digital-rawdigits\20260820\14\1_main_dig6_20260820-142954.jpg
20260820-145754,dig2,drift,C:\Users\josep\source\repos\AIOTED-digital-rawdigits\20260820\14\5_main_dig2_20260820-145754.jpg
20260820-145754,dig3,drift,C:\Users\josep\source\repos\AIOTED-digital-rawdigits\20260820\14\8_main_dig3_20260820-145754.jpg
20260820-145754,dig4,drift,C:\Users\josep\source\repos\AIOTED-digital-rawdigits\20260820\14\1_main_dig4_20260820-145754.jpg
20260820-145754,dig5,drift,C:\Users\josep\source\repos\AIOTED-digital-rawdigits\20260820\14\9_main_dig5_20260820-145754.jpg
20260820-145754,dig6,drift,C:\Users\josep\source\repos\AIOTED-digital-rawdigits\20260820\14\2_main_dig6_20260820-145754.jpg
20260820-152554,dig2,drift,C:\Users\josep\source\repos\AIOTED-digital-rawdigits\20260820\15\5_main_dig2_20260820-152554.jpg
20260820-152554,dig3,drift,C:\Users\josep\source\repos\AIOTED-digital-rawdigits\20260820\15\8_main_dig3_20260820-152554.jpg
20260820-152554,dig4,drift,C:\Users\josep\source\repos\AIOTED-digital-rawdigits\20260820\15\1_main_dig4_20260820-152554.jpg
20260820-152554,dig5,drift,C:\Users\josep\source\repos\AIOTED-digital-rawdigits\20260820\15\9_main_dig5_20260820-152554.jpg
20260820-152554,dig6,drift,C:\Users\josep\source\repos\AIOTED-digital-rawdigits\20260820\15\4_main_dig6_20260820-152554.jpg
20260820-152954,dig2,drift,C:\Users\josep\source\repos\AIOTED-digital-rawdigits\20260820\15\5_main_dig2_20260820-152954.jpg
20260820-152954,dig3,drift,C:\Users\josep\source\repos\AIOTED-digital-rawdigits\20260820\15\8_main_dig3_20260820-152954.jpg
20260820-152954,dig4,drift,C:\Users\josep\source\repos\AIOTED-digital-rawdigits\20260820\15\1_main_dig4_20260820-152954.jpg
20260820-152954,dig5,drift,C:\Users\josep\source\repos\AIOTED-digital-rawdigits\20260820\15\9_main_dig5_20260820-152954.jpg
20260820-152954,dig6,drift,C:\Users\josep\source\repos\AIOTED-digital-rawdigits\20260820\15\4_main_dig6_20260820-152954.jpg
20260820-154554,dig2,drift,C:\Users\josep\source\repos\AIOTED-digital-rawdigits\20260820\15\5_main_dig2_20260820-154554.jpg
20260820-154554,dig3,drift,C:\Users\josep\source\repos\AIOTED-digital-rawdigits\20260820\15\8_main_dig3_20260820-154554.jpg
20260820-154554,dig4,drift,C:\Users\josep\source\repos\AIOTED-digital-rawdigits\20260820\15\1_main_dig4_20260820-154554.jpg
20260820-154554,dig5,drift,C:\Users\josep\source\repos\AIOTED-digital-rawdigits\20260820\15\9_main_dig5_20260820-154554.jpg
20260820-154554,dig6,drift,C:\Users\josep\source\repos\AIOTED-digital-rawdigits\20260820\15\5_main_dig6_20260820-154554.jpg
20260820-155754,dig2,drift,C:\Users\josep\source\repos\AIOTED-digital-rawdigits\20260820\15\5_main_dig2_20260820-155754.jpg
20260820-155754,dig3,drift,C:\Users\josep\source\repos\AIOTED-digital-rawdigits\20260820\15\8_main_dig3_20260820-155754.jpg
20260820-155754,dig4,drift,C:\Users\josep\source\repos\AIOTED-digital-rawdigits\20260820\15\1_main_dig4_20260820-155754.jpg
20260820-155754,dig5,drift,C:\Users\josep\source\repos\AIOTED-digital-rawdigits\20260820\15\9_main_dig5_20260820-155754.jpg
20260820-155754,dig6,drift,C:\Users\josep\source\repos\AIOTED-digital-rawdigits\20260820\15\5_main_dig6_20260820-155754.jpg
20260821-130152,dig2,drift,C:\Users\josep\source\repos\AIOTED-digital-rawdigits\20260821\13\5_main_dig2_20260821-130152.jpg
20260821-130152,dig3,drift,C:\Users\josep\source\repos\AIOTED-digital-rawdigits\20260821\13\8_main_dig3_20260821-130152.jpg
20260821-130152,dig4,drift,C:\Users\josep\source\repos\AIOTED-digital-rawdigits\20260821\13\2_main_dig4_20260821-130152.jpg
20260821-130152,dig5,drift,C:\Users\josep\source\repos\AIOTED-digital-rawdigits\20260821\13\2_main_dig5_20260821-130152.jpg
20260821-130152,dig6,drift,C:\Users\josep\source\repos\AIOTED-digital-rawdigits\20260821\13\5_main_dig6_20260821-130152.jpg
20260821-132152,dig2,drift,C:\Users\josep\source\repos\AIOTED-digital-rawdigits\20260821\13\5_main_dig2_20260821-132152.jpg
20260821-132152,dig3,drift,C:\Users\josep\source\repos\AIOTED-digital-rawdigits\20260821\13\8_main_dig3_20260821-132152.jpg
20260821-132152,dig4,drift,C:\Users\josep\source\repos\AIOTED-digital-rawdigits\20260821\13\2_main_dig4_20260821-132152.jpg
20260821-132152,dig5,drift,C:\Users\josep\source\repos\AIOTED-digital-rawdigits\20260821\13\2_main_dig5_20260821-132152.jpg
20260821-132152,dig6,drift,C:\Users\josep\source\repos\AIOTED-digital-rawdigits\20260821\13\5_main_dig6_20260821-132152.jpg
20260821-133352,dig2,drift,C:\Users\josep\source\repos\AIOTED-digital-rawdigits\20260821\13\5_main_dig2_20260821-133352.jpg
20260821-133352,dig3,drift,C:\Users\josep\source\repos\AIOTED-digital-rawdigits\20260821\13\8_main_dig3_20260821-133352.jpg
20260821-133352,dig4,drift,C:\Users\josep\source\repos\AIOTED-digital-rawdigits\20260821\13\2_main_dig4_20260821-133352.jpg
20260821-133352,dig5,drift,C:\Users\josep\source\repos\AIOTED-digital-rawdigits\20260821\13\2_main_dig5_20260821-133352.jpg
20260821-133352,dig6,drift,C:\Users\josep\source\repos\AIOTED-digital-rawdigits\20260821\13\5_main_dig6_20260821-133352.jpg
20260821-134152,dig2,drift,C:\Users\josep\source\repos\AIOTED-digital-rawdigits\20260821\13\5_main_dig2_20260821-134152.jpg
20260821-134152,dig3,drift,C:\Users\josep\source\repos\AIOTED-digital-rawdigits\20260821\13\8_main_dig3_20260821-134152.jpg
20260821-134152,dig4,drift,C:\Users\josep\source\repos\AIOTED-digital-rawdigits\20260821\13\2_main_dig4_20260821-134152.jpg
20260821-134152,dig5,drift,C:\Users\josep\source\repos\AIOTED-digital-rawdigits\20260821\13\2_main_dig5_20260821-134152.jpg
20260821-134152,dig6,drift,C:\Users\josep\source\repos\AIOTED-digital-rawdigits\20260821\13\6_main_dig6_20260821-134152.jpg
20260821-134552,dig2,drift,C:\Users\josep\source\repos\AIOTED-digital-rawdigits\20260821\13\0_main_dig2_20260821-134552.jpg
20260821-134552,dig3,drift,C:\Users\josep\source\repos\AIOTED-digital-rawdigits\20260821\13\0_main_dig3_20260821-134552.jpg
20260821-134552,dig4,drift,C:\Users\josep\source\repos\AIOTED-digital-rawdigits\20260821\13\0_main_dig4_20260821-134552.jpg
20260821-134552,dig5,drift,C:\Users\josep\source\repos\AIOTED-digital-rawdigits\20260821\13\0_main_dig5_20260821-134552.jpg
20260821-134552,dig6,drift,C:\Users\josep\source\repos\AIOTED-digital-rawdigits\20260821\13\0_main_dig6_20260821-134552.jpg
20260821-135352,dig2,drift,C:\Users\josep\source\repos\AIOTED-digital-rawdigits\20260821\13\5_main_dig2_20260821-135352.jpg
20260821-135352,dig3,drift,C:\Users\josep\source\repos\AIOTED-digital-rawdigits\20260821\13\8_main_dig3_20260821-135352.jpg
20260821-135352,dig4,drift,C:\Users\josep\source\repos\AIOTED-digital-rawdigits\20260821\13\2_main_dig4_20260821-135352.jpg
20260821-135352,dig5,drift,C:\Users\josep\source\repos\AIOTED-digital-rawdigits\20260821\13\2_main_dig5_20260821-135352.jpg
20260821-135352,dig6,drift,C:\Users\josep\source\repos\AIOTED-digital-rawdigits\20260821\13\6_main_dig6_20260821-135352.jpg
20260821-232151,dig6,label_unsure,C:\Users\josep\source\repos\AIOTED-digital-rawdigits\20260821\23\9_main_dig6_20260821-232151.jpg
20260822-082951,dig2,drift,C:\Users\josep\source\repos\AIOTED-digital-rawdigits\20260822\08\5_main_dig2_20260822-082951.jpg
20260822-082951,dig3,drift,C:\Users\josep\source\repos\AIOTED-digital-rawdigits\20260822\08\8_main_dig3_20260822-082951.jpg
20260822-082951,dig4,drift,C:\Users\josep\source\repos\AIOTED-digital-rawdigits\20260822\08\2_main_dig4_20260822-082951.jpg
20260822-082951,dig5,drift,C:\Users\josep\source\repos\AIOTED-digital-rawdigits\20260822\08\4_main_dig5_20260822-082951.jpg
20260822-082951,dig6,drift,C:\Users\josep\source\repos\AIOTED-digital-rawdigits\20260822\08\8_main_dig6_20260822-082951.jpg
20260822-084151,dig2,drift,C:\Users\josep\source\repos\AIOTED-digital-rawdigits\20260822\08\0_main_dig2_20260822-084151.jpg
20260822-084151,dig3,drift,C:\Users\josep\source\repos\AIOTED-digital-rawdigits\20260822\08\0_main_dig3_20260822-084151.jpg
20260822-084151,dig4,drift,C:\Users\josep\source\repos\AIOTED-digital-rawdigits\20260822\08\0_main_dig4_20260822-084151.jpg
20260822-084151,dig5,drift,C:\Users\josep\source\repos\AIOTED-digital-rawdigits\20260822\08\0_main_dig5_20260822-084151.jpg
20260822-084151,dig6,drift,C:\Users\josep\source\repos\AIOTED-digital-rawdigits\20260822\08\0_main_dig6_20260822-084151.jpg
20260822-094550,dig2,drift,C:\Users\josep\source\repos\AIOTED-digital-rawdigits\20260822\09\5_main_dig2_20260822-094550.jpg
20260822-094550,dig3,drift,C:\Users\josep\source\repos\AIOTED-digital-rawdigits\20260822\09\8_main_dig3_20260822-094550.jpg
20260822-094550,dig4,drift,C:\Users\josep\source\repos\AIOTED-digital-rawdigits\20260822\09\2_main_dig4_20260822-094550.jpg
20260822-094550,dig5,drift,C:\Users\josep\source\repos\AIOTED-digital-rawdigits\20260822\09\5_main_dig5_20260822-094550.jpg
20260822-094550,dig6,drift,C:\Users\josep\source\repos\AIOTED-digital-rawdigits\20260822\09\0_main_dig6_20260822-094550.jpg
20260822-095750,dig2,drift,C:\Users\josep\source\repos\AIOTED-digital-rawdigits\20260822\09\5_main_dig2_20260822-095750.jpg
20260822-095750,dig3,drift,C:\Users\josep\source\repos\AIOTED-digital-rawdigits\20260822\09\8_main_dig3_20260822-095750.jpg
20260822-095750,dig4,drift,C:\Users\josep\source\repos\AIOTED-digital-rawdigits\20260822\09\2_main_dig4_20260822-095750.jpg
20260822-095750,dig5,drift,C:\Users\josep\source\repos\AIOTED-digital-rawdigits\20260822\09\5_main_dig5_20260822-095750.jpg
20260822-095750,dig6,drift,C:\Users\josep\source\repos\AIOTED-digital-rawdigits\20260822\09\0_main_dig6_20260822-095750.jpg
20260822-101750,dig2,drift,C:\Users\josep\source\repos\AIOTED-digital-rawdigits\20260822\10\5_main_dig2_20260822-101750.jpg
20260822-101750,dig3,drift,C:\Users\josep\source\repos\AIOTED-digital-rawdigits\20260822\10\8_main_dig3_20260822-101750.jpg
20260822-101750,dig4,drift,C:\Users\josep\source\repos\AIOTED-digital-rawdigits\20260822\10\2_main_dig4_20260822-101750.jpg
20260822-101750,dig5,drift,C:\Users\josep\source\repos\AIOTED-digital-rawdigits\20260822\10\5_main_dig5_20260822-101750.jpg
20260822-101750,dig6,drift,C:\Users\josep\source\repos\AIOTED-digital-rawdigits\20260822\10\0_main_dig6_20260822-101750.jpg
20260822-111750,dig2,drift,C:\Users\josep\source\repos\AIOTED-digital-rawdigits\20260822\11\5_main_dig2_20260822-111750.jpg
20260822-111750,dig3,drift,C:\Users\josep\source\repos\AIOTED-digital-rawdigits\20260822\11\8_main_dig3_20260822-111750.jpg
20260822-111750,dig4,drift,C:\Users\josep\source\repos\AIOTED-digital-rawdigits\20260822\11\2_main_dig4_20260822-111750.jpg
20260822-111750,dig5,drift,C:\Users\josep\source\repos\AIOTED-digital-rawdigits\20260822\11\5_main_dig5_20260822-111750.jpg
20260822-111750,dig6,drift,C:\Users\josep\source\repos\AIOTED-digital-rawdigits\20260822\11\2_main_dig6_20260822-111750.jpg
20260822-123750,dig2,drift,C:\Users\josep\source\repos\AIOTED-digital-rawdigits\20260822\12\5_main_dig2_20260822-123750.jpg
20260822-123750,dig3,drift,C:\Users\josep\source\repos\AIOTED-digital-rawdigits\20260822\12\8_main_dig3_20260822-123750.jpg
20260822-123750,dig4,drift,C:\Users\josep\source\repos\AIOTED-digital-rawdigits\20260822\12\2_main_dig4_20260822-123750.jpg
20260822-123750,dig5,drift,C:\Users\josep\source\repos\AIOTED-digital-rawdigits\20260822\12\5_main_dig5_20260822-123750.jpg
20260822-123750,dig6,drift,C:\Users\josep\source\repos\AIOTED-digital-rawdigits\20260822\12\5_main_dig6_20260822-123750.jpg
20260822-130550,dig2,drift,C:\Users\josep\source\repos\AIOTED-digital-rawdigits\20260822\13\5_main_dig2_20260822-130550.jpg
20260822-130550,dig3,drift,C:\Users\josep\source\repos\AIOTED-digital-rawdigits\20260822\13\8_main_dig3_20260822-130550.jpg
20260822-130550,dig4,drift,C:\Users\josep\source\repos\AIOTED-digital-rawdigits\20260822\13\2_main_dig4_20260822-130550.jpg
20260822-130550,dig5,drift,C:\Users\josep\source\repos\AIOTED-digital-rawdigits\20260822\13\5_main_dig5_20260822-130550.jpg
20260822-130550,dig6,drift,C:\Users\josep\source\repos\AIOTED-digital-rawdigits\20260822\13\6_main_dig6_20260822-130550.jpg
20260822-135750,dig2,drift,C:\Users\josep\source\repos\AIOTED-digital-rawdigits\20260822\13\5_main_dig2_20260822-135750.jpg
20260822-135750,dig3,drift,C:\Users\josep\source\repos\AIOTED-digital-rawdigits\20260822\13\8_main_dig3_20260822-135750.jpg
20260822-135750,dig4,drift,C:\Users\josep\source\repos\AIOTED-digital-rawdigits\20260822\13\2_main_dig4_20260822-135750.jpg
20260822-135750,dig5,drift,C:\Users\josep\source\repos\AIOTED-digital-rawdigits\20260822\13\5_main_dig5_20260822-135750.jpg
20260822-135750,dig6,drift,C:\Users\josep\source\repos\AIOTED-digital-rawdigits\20260822\13\9_main_dig6_20260822-135750.jpg
20260822-141350,dig2,drift,C:\Users\josep\source\repos\AIOTED-digital-rawdigits\20260822\14\8_main_dig2_20260822-141350.jpg
20260822-141350,dig3,drift,C:\Users\josep\source\repos\AIOTED-digital-rawdigits\20260822\14\8_main_dig3_20260822-141350.jpg
20260822-141350,dig4,drift,C:\Users\josep\source\repos\AIOTED-digital-rawdigits\20260822\14\8_main_dig4_20260822-141350.jpg
20260822-141350,dig5,drift,C:\Users\josep\source\repos\AIOTED-digital-rawdigits\20260822\14\8_main_dig5_20260822-141350.jpg
20260822-141350,dig6,drift,C:\Users\josep\source\repos\AIOTED-digital-rawdigits\20260822\14\8_main_dig6_20260822-141350.jpg
20260822-142550,dig2,drift,C:\Users\josep\source\repos\AIOTED-digital-rawdigits\20260822\14\5_main_dig2_20260822-142550.jpg
20260822-142550,dig3,drift,C:\Users\josep\source\repos\AIOTED-digital-rawdigits\20260822\14\8_main_dig3_20260822-142550.jpg
20260822-142550,dig4,drift,C:\Users\josep\source\repos\AIOTED-digital-rawdigits\20260822\14\2_main_dig4_20260822-142550.jpg
20260822-142550,dig5,drift,C:\Users\josep\source\repos\AIOTED-digital-rawdigits\20260822\14\5_main_dig5_20260822-142550.jpg
20260822-142550,dig6,drift,C:\Users\josep\source\repos\AIOTED-digital-rawdigits\20260822\14\9_main_dig6_20260822-142550.jpg
20260822-142950,dig2,drift,C:\Users\josep\source\repos\AIOTED-digital-rawdigits\20260822\14\0_main_dig2_20260822-142950.jpg
20260822-142950,dig3,drift,C:\Users\josep\source\repos\AIOTED-digital-rawdigits\20260822\14\0_main_dig3_20260822-142950.jpg
20260822-142950,dig4,drift,C:\Users\josep\source\repos\AIOTED-digital-rawdigits\20260822\14\0_main_dig4_20260822-142950.jpg
20260822-142950,dig5,drift,C:\Users\josep\source\repos\AIOTED-digital-rawdigits\20260822\14\0_main_dig5_20260822-142950.jpg
20260822-142950,dig6,drift,C:\Users\josep\source\repos\AIOTED-digital-rawdigits\20260822\14\0_main_dig6_20260822-142950.jpg
20260822-144550,dig2,drift,C:\Users\josep\source\repos\AIOTED-digital-rawdigits\20260822\14\5_main_dig2_20260822-144550.jpg
20260822-144550,dig3,drift,C:\Users\josep\source\repos\AIOTED-digital-rawdigits\20260822\14\8_main_dig3_20260822-144550.jpg
20260822-144550,dig4,drift,C:\Users\josep\source\repos\AIOTED-digital-rawdigits\20260822\14\2_main_dig4_20260822-144550.jpg
20260822-144550,dig5,drift,C:\Users\josep\source\repos\AIOTED-digital-rawdigits\20260822\14\6_main_dig5_20260822-144550.jpg
20260822-144550,dig6,drift,C:\Users\josep\source\repos\AIOTED-digital-rawdigits\20260822\14\0_main_dig6_20260822-144550.jpg
20260822-145750,dig2,drift,C:\Users\josep\source\repos\AIOTED-digital-rawdigits\20260822\14\5_main_dig2_20260822-145750.jpg
20260822-145750,dig3,drift,C:\Users\josep\source\repos\AIOTED-digital-rawdigits\20260822\14\8_main_dig3_20260822-145750.jpg
20260822-145750,dig4,drift,C:\Users\josep\source\repos\AIOTED-digital-rawdigits\20260822\14\2_main_dig4_20260822-145750.jpg
20260822-145750,dig5,drift,C:\Users\josep\source\repos\AIOTED-digital-rawdigits\20260822\14\6_main_dig5_20260822-145750.jpg
20260822-145750,dig6,drift,C:\Users\josep\source\repos\AIOTED-digital-rawdigits\20260822\14\1_main_dig6_20260822-145750.jpg
20260822-150550,dig2,drift,C:\Users\josep\source\repos\AIOTED-digital-rawdigits\20260822\15\5_main_dig2_20260822-150550.jpg
20260822-150550,dig3,drift,C:\Users\josep\source\repos\AIOTED-digital-rawdigits\20260822\15\8_main_dig3_20260822-150550.jpg
20260822-150550,dig4,drift,C:\Users\josep\source\repos\AIOTED-digital-rawdigits\20260822\15\2_main_dig4_20260822-150550.jpg
20260822-150550,dig5,drift,C:\Users\josep\source\repos\AIOTED-digital-rawdigits\20260822\15\6_main_dig5_20260822-150550.jpg
20260822-150550,dig6,drift,C:\Users\josep\source\repos\AIOTED-digital-rawdigits\20260822\15\1_main_dig6_20260822-150550.jpg
20260822-152950,dig2,drift,C:\Users\josep\source\repos\AIOTED-digital-rawdigits\20260822\15\0_main_dig2_20260822-152950.jpg
20260822-152950,dig3,drift,C:\Users\josep\source\repos\AIOTED-digital-rawdigits\20260822\15\0_main_dig3_20260822-152950.jpg
20260822-152950,dig4,drift,C:\Users\josep\source\repos\AIOTED-digital-rawdigits\20260822\15\0_main_dig4_20260822-152950.jpg
20260822-152950,dig5,drift,C:\Users\josep\source\repos\AIOTED-digital-rawdigits\20260822\15\0_main_dig5_20260822-152950.jpg
20260822-152950,dig6,drift,C:\Users\josep\source\repos\AIOTED-digital-rawdigits\20260822\15\0_main_dig6_20260822-152950.jpg
20260822-154550,dig2,drift,C:\Users\josep\source\repos\AIOTED-digital-rawdigits\20260822\15\5_main_dig2_20260822-154550.jpg
20260822-154550,dig3,drift,C:\Users\josep\source\repos\AIOTED-digital-rawdigits\20260822\15\8_main_dig3_20260822-154550.jpg
20260822-154550,dig4,drift,C:\Users\josep\source\repos\AIOTED-digital-rawdigits\20260822\15\2_main_dig4_20260822-154550.jpg
20260822-154550,dig5,drift,C:\Users\josep\source\repos\AIOTED-digital-rawdigits\20260822\15\6_main_dig5_20260822-154550.jpg
20260822-154550,dig6,drift,C:\Users\josep\source\repos\AIOTED-digital-rawdigits\20260822\15\3_main_dig6_20260822-154550.jpg
20260822-160550,dig2,drift,C:\Users\josep\source\repos\AIOTED-digital-rawdigits\20260822\16\5_main_dig2_20260822-160550.jpg
20260822-160550,dig3,drift,C:\Users\josep\source\repos\AIOTED-digital-rawdigits\20260822\16\8_main_dig3_20260822-160550.jpg
20260822-160550,dig4,drift,C:\Users\josep\source\repos\AIOTED-digital-rawdigits\20260822\16\2_main_dig4_20260822-160550.jpg
20260822-160550,dig5,drift,C:\Users\josep\source\repos\AIOTED-digital-rawdigits\20260822\16\6_main_dig5_20260822-160550.jpg
20260822-160550,dig6,drift,C:\Users\josep\source\repos\AIOTED-digital-rawdigits\20260822\16\4_main_dig6_20260822-160550.jpg
20260823-095349,dig2,drift,C:\Users\josep\source\repos\AIOTED-digital-rawdigits\20260823\09\5_main_dig2_20260823-095349.jpg
20260823-095349,dig3,drift,C:\Users\josep\source\repos\AIOTED-digital-rawdigits\20260823\09\8_main_dig3_20260823-095349.jpg
20260823-095349,dig4,drift,C:\Users\josep\source\repos\AIOTED-digital-rawdigits\20260823\09\2_main_dig4_20260823-095349.jpg
20260823-095349,dig5,drift,C:\Users\josep\source\repos\AIOTED-digital-rawdigits\20260823\09\8_main_dig5_20260823-095349.jpg
20260823-095349,dig6,drift,C:\Users\josep\source\repos\AIOTED-digital-rawdigits\20260823\09\4_main_dig6_20260823-095349.jpg
20260823-102948,dig2,drift,C:\Users\josep\source\repos\AIOTED-digital-rawdigits\20260823\10\5_main_dig2_20260823-102948.jpg
20260823-102948,dig3,drift,C:\Users\josep\source\repos\AIOTED-digital-rawdigits\20260823\10\8_main_dig3_20260823-102948.jpg
20260823-102948,dig4,drift,C:\Users\josep\source\repos\AIOTED-digital-rawdigits\20260823\10\2_main_dig4_20260823-102948.jpg
20260823-102948,dig5,drift,C:\Users\josep\source\repos\AIOTED-digital-rawdigits\20260823\10\8_main_dig5_20260823-102948.jpg
20260823-102948,dig6,drift,C:\Users\josep\source\repos\AIOTED-digital-rawdigits\20260823\10\4_main_dig6_20260823-102948.jpg
20260823-104548,dig2,drift,C:\Users\josep\source\repos\AIOTED-digital-rawdigits\20260823\10\8_main_dig2_20260823-104548.jpg
20260823-104548,dig3,drift,C:\Users\josep\source\repos\AIOTED-digital-rawdigits\20260823\10\8_main_dig3_20260823-104548.jpg
20260823-104548,dig4,drift,C:\Users\josep\source\repos\AIOTED-digital-rawdigits\20260823\10\8_main_dig4_20260823-104548.jpg
20260823-104548,dig5,drift,C:\Users\josep\source\repos\AIOTED-digital-rawdigits\20260823\10\0_main_dig5_20260823-104548.jpg
20260823-104548,dig6,drift,C:\Users\josep\source\repos\AIOTED-digital-rawdigits\20260823\10\0_main_dig6_20260823-104548.jpg
20260823-104948,dig2,drift,C:\Users\josep\source\repos\AIOTED-digital-rawdigits\20260823\10\5_main_dig2_20260823-104948.jpg
20260823-104948,dig3,drift,C:\Users\josep\source\repos\AIOTED-digital-rawdigits\20260823\10\8_main_dig3_20260823-104948.jpg
20260823-104948,dig4,drift,C:\Users\josep\source\repos\AIOTED-digital-rawdigits\20260823\10\2_main_dig4_20260823-104948.jpg
20260823-104948,dig5,drift,C:\Users\josep\source\repos\AIOTED-digital-rawdigits\20260823\10\8_main_dig5_20260823-104948.jpg
20260823-104948,dig6,drift,C:\Users\josep\source\repos\AIOTED-digital-rawdigits\20260823\10\5_main_dig6_20260823-104948.jpg
20260823-105348,dig2,drift,C:\Users\josep\source\repos\AIOTED-digital-rawdigits\20260823\10\0_main_dig2_20260823-105348.jpg
20260823-105348,dig3,drift,C:\Users\josep\source\repos\AIOTED-digital-rawdigits\20260823\10\0_main_dig3_20260823-105348.jpg
20260823-105348,dig4,drift,C:\Users\josep\source\repos\AIOTED-digital-rawdigits\20260823\10\0_main_dig4_20260823-105348.jpg
20260823-105348,dig5,drift,C:\Users\josep\source\repos\AIOTED-digital-rawdigits\20260823\10\0_main_dig5_20260823-105348.jpg
20260823-105348,dig6,drift,C:\Users\josep\source\repos\AIOTED-digital-rawdigits\20260823\10\0_main_dig6_20260823-105348.jpg
20260823-114148,dig2,drift,C:\Users\josep\source\repos\AIOTED-digital-rawdigits\20260823\11\5_main_dig2_20260823-114148.jpg
20260823-114148,dig3,drift,C:\Users\josep\source\repos\AIOTED-digital-rawdigits\20260823\11\8_main_dig3_20260823-114148.jpg
20260823-114148,dig4,drift,C:\Users\josep\source\repos\AIOTED-digital-rawdigits\20260823\11\2_main_dig4_20260823-114148.jpg
20260823-114148,dig5,drift,C:\Users\josep\source\repos\AIOTED-digital-rawdigits\20260823\11\8_main_dig5_20260823-114148.jpg
20260823-114148,dig6,drift,C:\Users\josep\source\repos\AIOTED-digital-rawdigits\20260823\11\6_main_dig6_20260823-114148.jpg
20260823-122948,dig2,drift,C:\Users\josep\source\repos\AIOTED-digital-rawdigits\20260823\12\5_main_dig2_20260823-122948.jpg
20260823-122948,dig3,drift,C:\Users\josep\source\repos\AIOTED-digital-rawdigits\20260823\12\8_main_dig3_20260823-122948.jpg
20260823-122948,dig4,drift,C:\Users\josep\source\repos\AIOTED-digital-rawdigits\20260823\12\2_main_dig4_20260823-122948.jpg
20260823-122948,dig5,drift,C:\Users\josep\source\repos\AIOTED-digital-rawdigits\20260823\12\8_main_dig5_20260823-122948.jpg
20260823-122948,dig6,drift,C:\Users\josep\source\repos\AIOTED-digital-rawdigits\20260823\12\8_main_dig6_20260823-122948.jpg
20260823-124148,dig2,drift,C:\Users\josep\source\repos\AIOTED-digital-rawdigits\20260823\12\5_main_dig2_20260823-124148.jpg
20260823-124148,dig3,drift,C:\Users\josep\source\repos\AIOTED-digital-rawdigits\20260823\12\8_main_dig3_20260823-124148.jpg
20260823-124148,dig4,drift,C:\Users\josep\source\repos\AIOTED-digital-rawdigits\20260823\12\2_main_dig4_20260823-124148.jpg
20260823-124148,dig5,drift,C:\Users\josep\source\repos\AIOTED-digital-rawdigits\20260823\12\8_main_dig5_20260823-124148.jpg
20260823-124148,dig6,drift,C:\Users\josep\source\repos\AIOTED-digital-rawdigits\20260823\12\8_main_dig6_20260823-124148.jpg
20260823-132948,dig2,drift,C:\Users\josep\source\repos\AIOTED-digital-rawdigits\20260823\13\5_main_dig2_20260823-132948.jpg
20260823-132948,dig3,drift,C:\Users\josep\source\repos\AIOTED-digital-rawdigits\20260823\13\8_main_dig3_20260823-132948.jpg
20260823-132948,dig4,drift,C:\Users\josep\source\repos\AIOTED-digital-rawdigits\20260823\13\2_main_dig4_20260823-132948.jpg
20260823-132948,dig5,drift,C:\Users\josep\source\repos\AIOTED-digital-rawdigits\20260823\13\9_main_dig5_20260823-132948.jpg
20260823-132948,dig6,drift,C:\Users\josep\source\repos\AIOTED-digital-rawdigits\20260823\13\0_main_dig6_20260823-132948.jpg
20260823-133348,dig2,drift,C:\Users\josep\source\repos\AIOTED-digital-rawdigits\20260823\13\0_main_dig2_20260823-133348.jpg
20260823-133348,dig3,drift,C:\Users\josep\source\repos\AIOTED-digital-rawdigits\20260823\13\0_main_dig3_20260823-133348.jpg
20260823-133348,dig4,drift,C:\Users\josep\source\repos\AIOTED-digital-rawdigits\20260823\13\0_main_dig4_20260823-133348.jpg
20260823-133348,dig5,drift,C:\Users\josep\source\repos\AIOTED-digital-rawdigits\20260823\13\0_main_dig5_20260823-133348.jpg
20260823-133348,dig6,drift,C:\Users\josep\source\repos\AIOTED-digital-rawdigits\20260823\13\0_main_dig6_20260823-133348.jpg
20260823-134148,dig2,drift,C:\Users\josep\source\repos\AIOTED-digital-rawdigits\20260823\13\5_main_dig2_20260823-134148.jpg
20260823-134148,dig3,drift,C:\Users\josep\source\repos\AIOTED-digital-rawdigits\20260823\13\8_main_dig3_20260823-134148.jpg
20260823-134148,dig4,drift,C:\Users\josep\source\repos\AIOTED-digital-rawdigits\20260823\13\2_main_dig4_20260823-134148.jpg
20260823-134148,dig5,drift,C:\Users\josep\source\repos\AIOTED-digital-rawdigits\20260823\13\9_main_dig5_20260823-134148.jpg
20260823-134148,dig6,drift,C:\Users\josep\source\repos\AIOTED-digital-rawdigits\20260823\13\0_main_dig6_20260823-134148.jpg
20260823-140148,dig2,drift,C:\Users\josep\source\repos\AIOTED-digital-rawdigits\20260823\14\5_main_dig2_20260823-140148.jpg
20260823-140148,dig3,drift,C:\Users\josep\source\repos\AIOTED-digital-rawdigits\20260823\14\8_main_dig3_20260823-140148.jpg
20260823-140148,dig4,drift,C:\Users\josep\source\repos\AIOTED-digital-rawdigits\20260823\14\2_main_dig4_20260823-140148.jpg
20260823-140148,dig5,drift,C:\Users\josep\source\repos\AIOTED-digital-rawdigits\20260823\14\9_main_dig5_20260823-140148.jpg
20260823-140148,dig6,drift,C:\Users\josep\source\repos\AIOTED-digital-rawdigits\20260823\14\1_main_dig6_20260823-140148.jpg
20260823-140948,dig2,drift,C:\Users\josep\source\repos\AIOTED-digital-rawdigits\20260823\14\5_main_dig2_20260823-140948.jpg
20260823-140948,dig3,drift,C:\Users\josep\source\repos\AIOTED-digital-rawdigits\20260823\14\8_main_dig3_20260823-140948.jpg
20260823-140948,dig4,drift,C:\Users\josep\source\repos\AIOTED-digital-rawdigits\20260823\14\2_main_dig4_20260823-140948.jpg
20260823-140948,dig5,drift,C:\Users\josep\source\repos\AIOTED-digital-rawdigits\20260823\14\9_main_dig5_20260823-140948.jpg
20260823-140948,dig6,drift,C:\Users\josep\source\repos\AIOTED-digital-rawdigits\20260823\14\1_main_dig6_20260823-140948.jpg
20260823-144948,dig2,drift,C:\Users\josep\source\repos\AIOTED-digital-rawdigits\20260823\14\5_main_dig2_20260823-144948.jpg
20260823-144948,dig3,drift,C:\Users\josep\source\repos\AIOTED-digital-rawdigits\20260823\14\8_main_dig3_20260823-144948.jpg
20260823-144948,dig4,drift,C:\Users\josep\source\repos\AIOTED-digital-rawdigits\20260823\14\2_main_dig4_20260823-144948.jpg
20260823-144948,dig5,drift,C:\Users\josep\source\repos\AIOTED-digital-rawdigits\20260823\14\9_main_dig5_20260823-144948.jpg
20260823-144948,dig6,drift,C:\Users\josep\source\repos\AIOTED-digital-rawdigits\20260823\14\3_main_dig6_20260823-144948.jpg
20260823-152148,dig2,drift,C:\Users\josep\source\repos\AIOTED-digital-rawdigits\20260823\15\5_main_dig2_20260823-152148.jpg
20260823-152148,dig3,drift,C:\Users\josep\source\repos\AIOTED-digital-rawdigits\20260823\15\8_main_dig3_20260823-152148.jpg
20260823-152148,dig4,drift,C:\Users\josep\source\repos\AIOTED-digital-rawdigits\20260823\15\2_main_dig4_20260823-152148.jpg
20260823-152148,dig5,drift,C:\Users\josep\source\repos\AIOTED-digital-rawdigits\20260823\15\9_main_dig5_20260823-152148.jpg
20260823-152148,dig6,drift,C:\Users\josep\source\repos\AIOTED-digital-rawdigits\20260823\15\4_main_dig6_20260823-152148.jpg
20260823-152948,dig2,drift,C:\Users\josep\source\repos\AIOTED-digital-rawdigits\20260823\15\5_main_dig2_20260823-152948.jpg
20260823-152948,dig3,drift,C:\Users\josep\source\repos\AIOTED-digital-rawdigits\20260823\15\8_main_dig3_20260823-152948.jpg
20260823-152948,dig4,drift,C:\Users\josep\source\repos\AIOTED-digital-rawdigits\20260823\15\2_main_dig4_20260823-152948.jpg
20260823-152948,dig5,drift,C:\Users\josep\source\repos\AIOTED-digital-rawdigits\20260823\15\9_main_dig5_20260823-152948.jpg
20260823-152948,dig6,drift,C:\Users\josep\source\repos\AIOTED-digital-rawdigits\20260823\15\5_main_dig6_20260823-152948.jpg
20260823-154148,dig2,drift,C:\Users\josep\source\repos\AIOTED-digital-rawdigits\20260823\15\5_main_dig2_20260823-154148.jpg
20260823-154148,dig3,drift,C:\Users\josep\source\repos\AIOTED-digital-rawdigits\20260823\15\8_main_dig3_20260823-154148.jpg
20260823-154148,dig4,drift,C:\Users\josep\source\repos\AIOTED-digital-rawdigits\20260823\15\2_main_dig4_20260823-154148.jpg
20260823-154148,dig5,drift,C:\Users\josep\source\repos\AIOTED-digital-rawdigits\20260823\15\9_main_dig5_20260823-154148.jpg
20260823-154148,dig6,drift,C:\Users\josep\source\repos\AIOTED-digital-rawdigits\20260823\15\5_main_dig6_20260823-154148.jpg
20260823-154948,dig2,drift,C:\Users\josep\source\repos\AIOTED-digital-rawdigits\20260823\15\5_main_dig2_20260823-154948.jpg
20260823-154948,dig3,drift,C:\Users\josep\source\repos\AIOTED-digital-rawdigits\20260823\15\8_main_dig3_20260823-154948.jpg
20260823-154948,dig4,drift,C:\Users\josep\source\repos\AIOTED-digital-rawdigits\20260823\15\2_main_dig4_20260823-154948.jpg
20260823-154948,dig5,drift,C:\Users\josep\source\repos\AIOTED-digital-rawdigits\20260823\15\9_main_dig5_20260823-154948.jpg
20260823-154948,dig6,drift,C:\Users\josep\source\repos\AIOTED-digital-rawdigits\20260823\15\6_main_dig6_20260823-154948.jpg
20260823-160148,dig2,drift,C:\Users\josep\source\repos\AIOTED-digital-rawdigits\20260823\16\5_main_dig2_20260823-160148.jpg
20260823-160148,dig3,drift,C:\Users\josep\source\repos\AIOTED-digital-rawdigits\20260823\16\8_main_dig3_20260823-160148.jpg
20260823-160148,dig4,drift,C:\Users\josep\source\repos\AIOTED-digital-rawdigits\20260823\16\2_main_dig4_20260823-160148.jpg
20260823-160148,dig5,drift,C:\Users\josep\source\repos\AIOTED-digital-rawdigits\20260823\16\9_main_dig5_20260823-160148.jpg
20260823-160148,dig6,drift,C:\Users\josep\source\repos\AIOTED-digital-rawdigits\20260823\16\6_main_dig6_20260823-160148.jpg
20260824-101747,dig2,drift,C:\Users\josep\source\repos\AIOTED-digital-rawdigits\20260824\10\5_main_dig2_20260824-101747.jpg
20260824-101747,dig3,drift,C:\Users\josep\source\repos\AIOTED-digital-rawdigits\20260824\10\8_main_dig3_20260824-101747.jpg
20260824-101747,dig4,drift,C:\Users\josep\source\repos\AIOTED-digital-rawdigits\20260824\10\3_main_dig4_20260824-101747.jpg
20260824-101747,dig5,drift,C:\Users\josep\source\repos\AIOTED-digital-rawdigits\20260824\10\1_main_dig5_20260824-101747.jpg
20260824-101747,dig6,drift,C:\Users\josep\source\repos\AIOTED-digital-rawdigits\20260824\10\8_main_dig6_20260824-101747.jpg
20260824-104947,dig2,drift,C:\Users\josep\source\repos\AIOTED-digital-rawdigits\20260824\10\0_main_dig2_20260824-104947.jpg
20260824-104947,dig3,drift,C:\Users\josep\source\repos\AIOTED-digital-rawdigits\20260824\10\0_main_dig3_20260824-104947.jpg
20260824-104947,dig4,drift,C:\Users\josep\source\repos\AIOTED-digital-rawdigits\20260824\10\0_main_dig4_20260824-104947.jpg
20260824-104947,dig5,drift,C:\Users\josep\source\repos\AIOTED-digital-rawdigits\20260824\10\0_main_dig5_20260824-104947.jpg
20260824-104947,dig6,drift,C:\Users\josep\source\repos\AIOTED-digital-rawdigits\20260824\10\0_main_dig6_20260824-104947.jpg
20260824-111347,dig2,drift,C:\Users\josep\source\repos\AIOTED-digital-rawdigits\20260824\11\5_main_dig2_20260824-111347.jpg
20260824-111347,dig3,drift,C:\Users\josep\source\repos\AIOTED-digital-rawdigits\20260824\11\8_main_dig3_20260824-111347.jpg
20260824-111347,dig4,drift,C:\Users\josep\source\repos\AIOTED-digital-rawdigits\20260824\11\3_main_dig4_20260824-111347.jpg
20260824-111347,dig5,drift,C:\Users\josep\source\repos\AIOTED-digital-rawdigits\20260824\11\1_main_dig5_20260824-111347.jpg
20260824-111347,dig6,drift,C:\Users\josep\source\repos\AIOTED-digital-rawdigits\20260824\11\9_main_dig6_20260824-111347.jpg
20260824-132546,dig2,drift,C:\Users\josep\source\repos\AIOTED-digital-rawdigits\20260824\13\5_main_dig2_20260824-132546.jpg
20260824-132546,dig3,drift,C:\Users\josep\source\repos\AIOTED-digital-rawdigits\20260824\13\8_main_dig3_20260824-132546.jpg
20260824-132546,dig4,drift,C:\Users\josep\source\repos\AIOTED-digital-rawdigits\20260824\13\3_main_dig4_20260824-132546.jpg
20260824-132546,dig5,drift,C:\Users\josep\source\repos\AIOTED-digital-rawdigits\20260824\13\2_main_dig5_20260824-132546.jpg
20260824-132546,dig6,drift,C:\Users\josep\source\repos\AIOTED-digital-rawdigits\20260824\13\1_main_dig6_20260824-132546.jpg
20260824-140146,dig2,drift,C:\Users\josep\source\repos\AIOTED-digital-rawdigits\20260824\14\8_main_dig2_20260824-140146.jpg
20260824-140146,dig3,drift,C:\Users\josep\source\repos\AIOTED-digital-rawdigits\20260824\14\8_main_dig3_20260824-140146.jpg
20260824-140146,dig4,drift,C:\Users\josep\source\repos\AIOTED-digital-rawdigits\20260824\14\8_main_dig4_20260824-140146.jpg
20260824-140146,dig5,drift,C:\Users\josep\source\repos\AIOTED-digital-rawdigits\20260824\14\8_main_dig5_20260824-140146.jpg
20260824-140146,dig6,drift,C:\Users\josep\source\repos\AIOTED-digital-rawdigits\20260824\14\8_main_dig6_20260824-140146.jpg
20260824-142546,dig2,drift,C:\Users\josep\source\repos\AIOTED-digital-rawdigits\20260824\14\5_main_dig2_20260824-142546.jpg
20260824-142546,dig3,drift,C:\Users\josep\source\repos\AIOTED-digital-rawdigits\20260824\14\8_main_dig3_20260824-142546.jpg
20260824-142546,dig4,drift,C:\Users\josep\source\repos\AIOTED-digital-rawdigits\20260824\14\3_main_dig4_20260824-142546.jpg
20260824-142546,dig5,drift,C:\Users\josep\source\repos\AIOTED-digital-rawdigits\20260824\14\2_main_dig5_20260824-142546.jpg
20260824-142546,dig6,drift,C:\Users\josep\source\repos\AIOTED-digital-rawdigits\20260824\14\3_main_dig6_20260824-142546.jpg
20260824-153746,dig2,drift,C:\Users\josep\source\repos\AIOTED-digital-rawdigits\20260824\15\0_main_dig2_20260824-153746.jpg
20260824-153746,dig3,drift,C:\Users\josep\source\repos\AIOTED-digital-rawdigits\20260824\15\0_main_dig3_20260824-153746.jpg
20260824-153746,dig4,drift,C:\Users\josep\source\repos\AIOTED-digital-rawdigits\20260824\15\0_main_dig4_20260824-153746.jpg
20260824-153746,dig5,drift,C:\Users\josep\source\repos\AIOTED-digital-rawdigits\20260824\15\0_main_dig5_20260824-153746.jpg
20260824-153746,dig6,drift,C:\Users\josep\source\repos\AIOTED-digital-rawdigits\20260824\15\0_main_dig6_20260824-153746.jpg
20260824-160146,dig2,drift,C:\Users\josep\source\repos\AIOTED-digital-rawdigits\20260824\16\8_main_dig2_20260824-160146.jpg
20260824-160146,dig3,drift,C:\Users\josep\source\repos\AIOTED-digital-rawdigits\20260824\16\8_main_dig3_20260824-160146.jpg
20260824-160146,dig4,drift,C:\Users\josep\source\repos\AIOTED-digital-rawdigits\20260824\16\8_main_dig4_20260824-160146.jpg
20260824-160146,dig5,drift,C:\Users\josep\source\repos\AIOTED-digital-rawdigits\20260824\16\8_main_dig5_20260824-160146.jpg
20260824-160146,dig6,drift,C:\Users\josep\source\repos\AIOTED-digital-rawdigits\20260824\16\8_main_dig6_20260824-160146.jpg
20260824-160546,dig2,drift,C:\Users\josep\source\repos\AIOTED-digital-rawdigits\20260824\16\5_main_dig2_20260824-160546.jpg
20260824-160546,dig3,drift,C:\Users\josep\source\repos\AIOTED-digital-rawdigits\20260824\16\8_main_dig3_20260824-160546.jpg
20260824-160546,dig4,drift,C:\Users\josep\source\repos\AIOTED-digital-rawdigits\20260824\16\3_main_dig4_20260824-160546.jpg
20260824-160546,dig5,drift,C:\Users\josep\source\repos\AIOTED-digital-rawdigits\20260824\16\2_main_dig5_20260824-160546.jpg
20260824-160546,dig6,drift,C:\Users\josep\source\repos\AIOTED-digital-rawdigits\20260824\16\6_main_dig6_20260824-160546.jpg
20260826-093743,dig2,drift,C:\Users\josep\source\repos\AIOTED-digital-rawdigits\20260826\09\0_main_dig2_20260826-093743.jpg
20260826-093743,dig3,drift,C:\Users\josep\source\repos\AIOTED-digital-rawdigits\20260826\09\0_main_dig3_20260826-093743.jpg
20260826-093743,dig4,drift,C:\Users\josep\source\repos\AIOTED-digital-rawdigits\20260826\09\0_main_dig4_20260826-093743.jpg
20260826-093743,dig5,drift,C:\Users\josep\source\repos\AIOTED-digital-rawdigits\20260826\09\0_main_dig5_20260826-093743.jpg
20260826-093743,dig6,drift,C:\Users\josep\source\repos\AIOTED-digital-rawdigits\20260826\09\0_main_dig6_20260826-093743.jpg
20260826-100543,dig2,drift,C:\Users\josep\source\repos\AIOTED-digital-rawdigits\20260826\10\5_main_dig2_20260826-100543.jpg
20260826-100543,dig3,drift,C:\Users\josep\source\repos\AIOTED-digital-rawdigits\20260826\10\8_main_dig3_20260826-100543.jpg
20260826-100543,dig4,drift,C:\Users\josep\source\repos\AIOTED-digital-rawdigits\20260826\10\3_main_dig4_20260826-100543.jpg
20260826-100543,dig5,drift,C:\Users\josep\source\repos\AIOTED-digital-rawdigits\20260826\10\8_main_dig5_20260826-100543.jpg
20260826-100543,dig6,drift,C:\Users\josep\source\repos\AIOTED-digital-rawdigits\20260826\10\7_main_dig6_20260826-100543.jpg
20260826-102543,dig2,drift,C:\Users\josep\source\repos\AIOTED-digital-rawdigits\20260826\10\5_main_dig2_20260826-102543.jpg
20260826-102543,dig3,drift,C:\Users\josep\source\repos\AIOTED-digital-rawdigits\20260826\10\8_main_dig3_20260826-102543.jpg
20260826-102543,dig4,drift,C:\Users\josep\source\repos\AIOTED-digital-rawdigits\20260826\10\3_main_dig4_20260826-102543.jpg
20260826-102543,dig5,drift,C:\Users\josep\source\repos\AIOTED-digital-rawdigits\20260826\10\8_main_dig5_20260826-102543.jpg
20260826-102543,dig6,drift,C:\Users\josep\source\repos\AIOTED-digital-rawdigits\20260826\10\7_main_dig6_20260826-102543.jpg
20260826-105343,dig2,drift,C:\Users\josep\source\repos\AIOTED-digital-rawdigits\20260826\10\5_main_dig2_20260826-105343.jpg
20260826-105343,dig3,drift,C:\Users\josep\source\repos\AIOTED-digital-rawdigits\20260826\10\8_main_dig3_20260826-105343.jpg
20260826-105343,dig4,drift,C:\Users\josep\source\repos\AIOTED-digital-rawdigits\20260826\10\3_main_dig4_20260826-105343.jpg
20260826-105343,dig5,drift,C:\Users\josep\source\repos\AIOTED-digital-rawdigits\20260826\10\8_main_dig5_20260826-105343.jpg
20260826-105343,dig6,drift,C:\Users\josep\source\repos\AIOTED-digital-rawdigits\20260826\10\8_main_dig6_20260826-105343.jpg
20260826-113743,dig2,drift,C:\Users\josep\source\repos\AIOTED-digital-rawdigits\20260826\11\0_main_dig2_20260826-113743.jpg
20260826-113743,dig3,drift,C:\Users\josep\source\repos\AIOTED-digital-rawdigits\20260826\11\0_main_dig3_20260826-113743.jpg
20260826-113743,dig4,drift,C:\Users\josep\source\repos\AIOTED-digital-rawdigits\20260826\11\0_main_dig4_20260826-113743.jpg
20260826-113743,dig5,drift,C:\Users\josep\source\repos\AIOTED-digital-rawdigits\20260826\11\0_main_dig5_20260826-113743.jpg
20260826-113743,dig6,drift,C:\Users\josep\source\repos\AIOTED-digital-rawdigits\20260826\11\0_main_dig6_20260826-113743.jpg
20260826-114143,dig2,drift,C:\Users\josep\source\repos\AIOTED-digital-rawdigits\20260826\11\5_main_dig2_20260826-114143.jpg
20260826-114143,dig3,drift,C:\Users\josep\source\repos\AIOTED-digital-rawdigits\20260826\11\8_main_dig3_20260826-114143.jpg
20260826-114143,dig4,drift,C:\Users\josep\source\repos\AIOTED-digital-rawdigits\20260826\11\3_main_dig4_20260826-114143.jpg
20260826-114143,dig5,drift,C:\Users\josep\source\repos\AIOTED-digital-rawdigits\20260826\11\9_main_dig5_20260826-114143.jpg
20260826-114143,dig6,drift,C:\Users\josep\source\repos\AIOTED-digital-rawdigits\20260826\11\0_main_dig6_20260826-114143.jpg
20260826-120543,dig2,drift,C:\Users\josep\source\repos\AIOTED-digital-rawdigits\20260826\12\5_main_dig2_20260826-120543.jpg
20260826-120543,dig3,drift,C:\Users\josep\source\repos\AIOTED-digital-rawdigits\20260826\12\8_main_dig3_20260826-120543.jpg
20260826-120543,dig4,drift,C:\Users\josep\source\repos\AIOTED-digital-rawdigits\20260826\12\3_main_dig4_20260826-120543.jpg
20260826-120543,dig5,drift,C:\Users\josep\source\repos\AIOTED-digital-rawdigits\20260826\12\9_main_dig5_20260826-120543.jpg
20260826-120543,dig6,drift,C:\Users\josep\source\repos\AIOTED-digital-rawdigits\20260826\12\2_main_dig6_20260826-120543.jpg
20260826-122543,dig2,drift,C:\Users\josep\source\repos\AIOTED-digital-rawdigits\20260826\12\5_main_dig2_20260826-122543.jpg
20260826-122543,dig3,drift,C:\Users\josep\source\repos\AIOTED-digital-rawdigits\20260826\12\8_main_dig3_20260826-122543.jpg
20260826-122543,dig4,drift,C:\Users\josep\source\repos\AIOTED-digital-rawdigits\20260826\12\3_main_dig4_20260826-122543.jpg
20260826-122543,dig5,drift,C:\Users\josep\source\repos\AIOTED-digital-rawdigits\20260826\12\9_main_dig5_20260826-122543.jpg
20260826-122543,dig6,drift,C:\Users\josep\source\repos\AIOTED-digital-rawdigits\20260826\12\2_main_dig6_20260826-122543.jpg
20260826-123343,dig2,drift,C:\Users\josep\source\repos\AIOTED-digital-rawdigits\20260826\12\5_main_dig2_20260826-123343.jpg
20260826-123343,dig3,drift,C:\Users\josep\source\repos\AIOTED-digital-rawdigits\20260826\12\8_main_dig3_20260826-123343.jpg
20260826-123343,dig4,drift,C:\Users\josep\source\repos\AIOTED-digital-rawdigits\20260826\12\3_main_dig4_20260826-123343.jpg
20260826-123343,dig5,drift,C:\Users\josep\source\repos\AIOTED-digital-rawdigits\20260826\12\9_main_dig5_20260826-123343.jpg
20260826-123343,dig6,drift,C:\Users\josep\source\repos\AIOTED-digital-rawdigits\20260826\12\2_main_dig6_20260826-123343.jpg
20260826-142143,dig2,drift,C:\Users\josep\source\repos\AIOTED-digital-rawdigits\20260826\14\5_main_dig2_20260826-142143.jpg
20260826-142143,dig3,drift,C:\Users\josep\source\repos\AIOTED-digital-rawdigits\20260826\14\8_main_dig3_20260826-142143.jpg
20260826-142143,dig4,drift,C:\Users\josep\source\repos\AIOTED-digital-rawdigits\20260826\14\3_main_dig4_20260826-142143.jpg
20260826-142143,dig5,drift,C:\Users\josep\source\repos\AIOTED-digital-rawdigits\20260826\14\9_main_dig5_20260826-142143.jpg
20260826-142143,dig6,drift,C:\Users\josep\source\repos\AIOTED-digital-rawdigits\20260826\14\6_main_dig6_20260826-142143.jpg
20260826-142543,dig2,drift,C:\Users\josep\source\repos\AIOTED-digital-rawdigits\20260826\14\0_main_dig2_20260826-142543.jpg
20260826-142543,dig3,drift,C:\Users\josep\source\repos\AIOTED-digital-rawdigits\20260826\14\0_main_dig3_20260826-142543.jpg
20260826-142543,dig4,drift,C:\Users\josep\source\repos\AIOTED-digital-rawdigits\20260826\14\0_main_dig4_20260826-142543.jpg
20260826-142543,dig5,drift,C:\Users\josep\source\repos\AIOTED-digital-rawdigits\20260826\14\0_main_dig5_20260826-142543.jpg
20260826-142543,dig6,drift,C:\Users\josep\source\repos\AIOTED-digital-rawdigits\20260826\14\0_main_dig6_20260826-142543.jpg
20260826-144943,dig2,drift,C:\Users\josep\source\repos\AIOTED-digital-rawdigits\20260826\14\8_main_dig2_20260826-144943.jpg
20260826-144943,dig3,drift,C:\Users\josep\source\repos\AIOTED-digital-rawdigits\20260826\14\8_main_dig3_20260826-144943.jpg
20260826-144943,dig4,drift,C:\Users\josep\source\repos\AIOTED-digital-rawdigits\20260826\14\8_main_dig4_20260826-144943.jpg
20260826-144943,dig5,drift,C:\Users\josep\source\repos\AIOTED-digital-rawdigits\20260826\14\8_main_dig5_20260826-144943.jpg
20260826-144943,dig6,drift,C:\Users\josep\source\repos\AIOTED-digital-rawdigits\20260826\14\8_main_dig6_20260826-144943.jpg
20260826-160142,dig2,drift,C:\Users\josep\source\repos\AIOTED-digital-rawdigits\20260826\16\5_main_dig2_20260826-160142.jpg
20260826-160142,dig3,drift,C:\Users\josep\source\repos\AIOTED-digital-rawdigits\20260826\16\8_main_dig3_20260826-160142.jpg
20260826-160142,dig4,drift,C:\Users\josep\source\repos\AIOTED-digital-rawdigits\20260826\16\4_main_dig4_20260826-160142.jpg
20260826-160142,dig5,drift,C:\Users\josep\source\repos\AIOTED-digital-rawdigits\20260826\16\0_main_dig5_20260826-160142.jpg
20260826-160142,dig6,drift,C:\Users\josep\source\repos\AIOTED-digital-rawdigits\20260826\16\0_main_dig6_20260826-160142.jpg
20260827-090940,dig2,drift,C:\Users\josep\source\repos\AIOTED-digital-rawdigits\20260827\09\5_main_dig2_20260827-090940.jpg
20260827-090940,dig3,drift,C:\Users\josep\source\repos\AIOTED-digital-rawdigits\20260827\09\8_main_dig3_20260827-090940.jpg
20260827-090940,dig4,drift,C:\Users\josep\source\repos\AIOTED-digital-rawdigits\20260827\09\4_main_dig4_20260827-090940.jpg
20260827-090940,dig5,drift,C:\Users\josep\source\repos\AIOTED-digital-rawdigits\20260827\09\2_main_dig5_20260827-090940.jpg
20260827-090940,dig6,drift,C:\Users\josep\source\repos\AIOTED-digital-rawdigits\20260827\09\0_main_dig6_20260827-090940.jpg
20260827-095741,dig2,drift,C:\Users\josep\source\repos\AIOTED-digital-rawdigits\20260827\09\5_main_dig2_20260827-095741.jpg
20260827-095741,dig3,drift,C:\Users\josep\source\repos\AIOTED-digital-rawdigits\20260827\09\8_main_dig3_20260827-095741.jpg
20260827-095741,dig4,drift,C:\Users\josep\source\repos\AIOTED-digital-rawdigits\20260827\09\4_main_dig4_20260827-095741.jpg
20260827-095741,dig5,drift,C:\Users\josep\source\repos\AIOTED-digital-rawdigits\20260827\09\2_main_dig5_20260827-095741.jpg
20260827-095741,dig6,drift,C:\Users\josep\source\repos\AIOTED-digital-rawdigits\20260827\09\1_main_dig6_20260827-095741.jpg
20260827-105741,dig2,drift,C:\Users\josep\source\repos\AIOTED-digital-rawdigits\20260827\10\5_main_dig2_20260827-105741.jpg
20260827-105741,dig3,drift,C:\Users\josep\source\repos\AIOTED-digital-rawdigits\20260827\10\8_main_dig3_20260827-105741.jpg
20260827-105741,dig4,drift,C:\Users\josep\source\repos\AIOTED-digital-rawdigits\20260827\10\4_main_dig4_20260827-105741.jpg
20260827-105741,dig5,drift,C:\Users\josep\source\repos\AIOTED-digital-rawdigits\20260827\10\2_main_dig5_20260827-105741.jpg
20260827-105741,dig6,drift,C:\Users\josep\source\repos\AIOTED-digital-rawdigits\20260827\10\3_main_dig6_20260827-105741.jpg
20260827-122141,dig2,drift,C:\Users\josep\source\repos\AIOTED-digital-rawdigits\20260827\12\0_main_dig2_20260827-122141.jpg
20260827-122141,dig3,drift,C:\Users\josep\source\repos\AIOTED-digital-rawdigits\20260827\12\0_main_dig3_20260827-122141.jpg
20260827-122141,dig4,drift,C:\Users\josep\source\repos\AIOTED-digital-rawdigits\20260827\12\0_main_dig4_20260827-122141.jpg
20260827-122141,dig5,drift,C:\Users\josep\source\repos\AIOTED-digital-rawdigits\20260827\12\0_main_dig5_20260827-122141.jpg
20260827-122141,dig6,drift,C:\Users\josep\source\repos\AIOTED-digital-rawdigits\20260827\12\0_main_dig6_20260827-122141.jpg
20260827-124541,dig2,drift,C:\Users\josep\source\repos\AIOTED-digital-rawdigits\20260827\12\5_main_dig2_20260827-124541.jpg
20260827-124541,dig3,drift,C:\Users\josep\source\repos\AIOTED-digital-rawdigits\20260827\12\8_main_dig3_20260827-124541.jpg
20260827-124541,dig4,drift,C:\Users\josep\source\repos\AIOTED-digital-rawdigits\20260827\12\4_main_dig4_20260827-124541.jpg
20260827-124541,dig5,drift,C:\Users\josep\source\repos\AIOTED-digital-rawdigits\20260827\12\2_main_dig5_20260827-124541.jpg
20260827-124541,dig6,drift,C:\Users\josep\source\repos\AIOTED-digital-rawdigits\20260827\12\6_main_dig6_20260827-124541.jpg
20260827-131341,dig2,drift,C:\Users\josep\source\repos\AIOTED-digital-rawdigits\20260827\13\8_main_dig2_20260827-131341.jpg
20260827-131341,dig3,drift,C:\Users\josep\source\repos\AIOTED-digital-rawdigits\20260827\13\8_main_dig3_20260827-131341.jpg
20260827-131341,dig4,drift,C:\Users\josep\source\repos\AIOTED-digital-rawdigits\20260827\13\8_main_dig4_20260827-131341.jpg
20260827-131341,dig5,drift,C:\Users\josep\source\repos\AIOTED-digital-rawdigits\20260827\13\8_main_dig5_20260827-131341.jpg
20260827-131341,dig6,drift,C:\Users\josep\source\repos\AIOTED-digital-rawdigits\20260827\13\8_main_dig6_20260827-131341.jpg
20260827-140141,dig2,drift,C:\Users\josep\source\repos\AIOTED-digital-rawdigits\20260827\14\0_main_dig2_20260827-140141.jpg
20260827-140141,dig3,drift,C:\Users\josep\source\repos\AIOTED-digital-rawdigits\20260827\14\0_main_dig3_20260827-140141.jpg
20260827-140141,dig4,drift,C:\Users\josep\source\repos\AIOTED-digital-rawdigits\20260827\14\0_main_dig4_20260827-140141.jpg
20260827-140141,dig5,drift,C:\Users\josep\source\repos\AIOTED-digital-rawdigits\20260827\14\0_main_dig5_20260827-140141.jpg
20260827-140141,dig6,drift,C:\Users\josep\source\repos\AIOTED-digital-rawdigits\20260827\14\0_main_dig6_20260827-140141.jpg
20260827-141741,dig2,drift,C:\Users\josep\source\repos\AIOTED-digital-rawdigits\20260827\14\5_main_dig2_20260827-141741.jpg
20260827-141741,dig3,drift,C:\Users\josep\source\repos\AIOTED-digital-rawdigits\20260827\14\8_main_dig3_20260827-141741.jpg
20260827-141741,dig4,drift,C:\Users\josep\source\repos\AIOTED-digital-rawdigits\20260827\14\4_main_dig4_20260827-141741.jpg
20260827-141741,dig5,drift,C:\Users\josep\source\repos\AIOTED-digital-rawdigits\20260827\14\3_main_dig5_20260827-141741.jpg
20260827-141741,dig6,drift,C:\Users\josep\source\repos\AIOTED-digital-rawdigits\20260827\14\0_main_dig6_20260827-141741.jpg
20260827-151741,dig2,drift,C:\Users\josep\source\repos\AIOTED-digital-rawdigits\20260827\15\5_main_dig2_20260827-151741.jpg
20260827-151741,dig3,drift,C:\Users\josep\source\repos\AIOTED-digital-rawdigits\20260827\15\8_main_dig3_20260827-151741.jpg
20260827-151741,dig4,drift,C:\Users\josep\source\repos\AIOTED-digital-rawdigits\20260827\15\4_main_dig4_20260827-151741.jpg
20260827-151741,dig5,drift,C:\Users\josep\source\repos\AIOTED-digital-rawdigits\20260827\15\3_main_dig5_20260827-151741.jpg
20260827-151741,dig6,drift,C:\Users\josep\source\repos\AIOTED-digital-rawdigits\20260827\15\3_main_dig6_20260827-151741.jpg
20260827-152541,dig2,drift,C:\Users\josep\source\repos\AIOTED-digital-rawdigits\20260827\15\5_main_dig2_20260827-152541.jpg
20260827-152541,dig3,drift,C:\Users\josep\source\repos\AIOTED-digital-rawdigits\20260827\15\8_main_dig3_20260827-152541.jpg
20260827-152541,dig4,drift,C:\Users\josep\source\repos\AIOTED-digital-rawdigits\20260827\15\4_main_dig4_20260827-152541.jpg
20260827-152541,dig5,drift,C:\Users\josep\source\repos\AIOTED-digital-rawdigits\20260827\15\3_main_dig5_20260827-152541.jpg
20260827-152541,dig6,drift,C:\Users\josep\source\repos\AIOTED-digital-rawdigits\20260827\15\3_main_dig6_20260827-152541.jpg
20260828-091339,dig2,drift,C:\Users\josep\source\repos\AIOTED-digital-rawdigits\20260828\09\5_main_dig2_20260828-091339.jpg
20260828-091339,dig3,drift,C:\Users\josep\source\repos\AIOTED-digital-rawdigits\20260828\09\8_main_dig3_20260828-091339.jpg
20260828-091339,dig4,drift,C:\Users\josep\source\repos\AIOTED-digital-rawdigits\20260828\09\4_main_dig4_20260828-091339.jpg
20260828-091339,dig5,drift,C:\Users\josep\source\repos\AIOTED-digital-rawdigits\20260828\09\5_main_dig5_20260828-091339.jpg
20260828-091339,dig6,drift,C:\Users\josep\source\repos\AIOTED-digital-rawdigits\20260828\09\9_main_dig6_20260828-091339.jpg
20260828-104139,dig2,drift,C:\Users\josep\source\repos\AIOTED-digital-rawdigits\20260828\10\5_main_dig2_20260828-104139.jpg
20260828-104139,dig3,drift,C:\Users\josep\source\repos\AIOTED-digital-rawdigits\20260828\10\8_main_dig3_20260828-104139.jpg
20260828-104139,dig4,drift,C:\Users\josep\source\repos\AIOTED-digital-rawdigits\20260828\10\4_main_dig4_20260828-104139.jpg
20260828-104139,dig5,drift,C:\Users\josep\source\repos\AIOTED-digital-rawdigits\20260828\10\6_main_dig5_20260828-104139.jpg
20260828-104139,dig6,drift,C:\Users\josep\source\repos\AIOTED-digital-rawdigits\20260828\10\1_main_dig6_20260828-104139.jpg
20260828-112139,dig2,drift,C:\Users\josep\source\repos\AIOTED-digital-rawdigits\20260828\11\5_main_dig2_20260828-112139.jpg
20260828-112139,dig3,drift,C:\Users\josep\source\repos\AIOTED-digital-rawdigits\20260828\11\8_main_dig3_20260828-112139.jpg
20260828-112139,dig4,drift,C:\Users\josep\source\repos\AIOTED-digital-rawdigits\20260828\11\4_main_dig4_20260828-112139.jpg
20260828-112139,dig5,drift,C:\Users\josep\source\repos\AIOTED-digital-rawdigits\20260828\11\6_main_dig5_20260828-112139.jpg
20260828-112139,dig6,drift,C:\Users\josep\source\repos\AIOTED-digital-rawdigits\20260828\11\1_main_dig6_20260828-112139.jpg
20260828-114539,dig2,drift,C:\Users\josep\source\repos\AIOTED-digital-rawdigits\20260828\11\0_main_dig2_20260828-114539.jpg
20260828-114539,dig3,drift,C:\Users\josep\source\repos\AIOTED-digital-rawdigits\20260828\11\0_main_dig3_20260828-114539.jpg
20260828-114539,dig4,drift,C:\Users\josep\source\repos\AIOTED-digital-rawdigits\20260828\11\0_main_dig4_20260828-114539.jpg
20260828-114539,dig5,drift,C:\Users\josep\source\repos\AIOTED-digital-rawdigits\20260828\11\0_main_dig5_20260828-114539.jpg
20260828-114539,dig6,drift,C:\Users\josep\source\repos\AIOTED-digital-rawdigits\20260828\11\0_main_dig6_20260828-114539.jpg
20260828-121339,dig2,drift,C:\Users\josep\source\repos\AIOTED-digital-rawdigits\20260828\12\5_main_dig2_20260828-121339.jpg
20260828-121339,dig3,drift,C:\Users\josep\source\repos\AIOTED-digital-rawdigits\20260828\12\8_main_dig3_20260828-121339.jpg
20260828-121339,dig4,drift,C:\Users\josep\source\repos\AIOTED-digital-rawdigits\20260828\12\4_main_dig4_20260828-121339.jpg
20260828-121339,dig5,drift,C:\Users\josep\source\repos\AIOTED-digital-rawdigits\20260828\12\6_main_dig5_20260828-121339.jpg
20260828-121339,dig6,drift,C:\Users\josep\source\repos\AIOTED-digital-rawdigits\20260828\12\4_main_dig6_20260828-121339.jpg
20260828-130539,dig2,drift,C:\Users\josep\source\repos\AIOTED-digital-rawdigits\20260828\13\0_main_dig2_20260828-130539.jpg
20260828-130539,dig3,drift,C:\Users\josep\source\repos\AIOTED-digital-rawdigits\20260828\13\0_main_dig3_20260828-130539.jpg
20260828-130539,dig4,drift,C:\Users\josep\source\repos\AIOTED-digital-rawdigits\20260828\13\0_main_dig4_20260828-130539.jpg
20260828-130539,dig5,drift,C:\Users\josep\source\repos\AIOTED-digital-rawdigits\20260828\13\0_main_dig5_20260828-130539.jpg
20260828-130539,dig6,drift,C:\Users\josep\source\repos\AIOTED-digital-rawdigits\20260828\13\0_main_dig6_20260828-130539.jpg
20260828-132139,dig2,drift,C:\Users\josep\source\repos\AIOTED-digital-rawdigits\20260828\13\5_main_dig2_20260828-132139.jpg
20260828-132139,dig3,drift,C:\Users\josep\source\repos\AIOTED-digital-rawdigits\20260828\13\8_main_dig3_20260828-132139.jpg
20260828-132139,dig4,drift,C:\Users\josep\source\repos\AIOTED-digital-rawdigits\20260828\13\4_main_dig4_20260828-132139.jpg
20260828-132139,dig5,drift,C:\Users\josep\source\repos\AIOTED-digital-rawdigits\20260828\13\6_main_dig5_20260828-132139.jpg
20260828-132139,dig6,drift,C:\Users\josep\source\repos\AIOTED-digital-rawdigits\20260828\13\8_main_dig6_20260828-132139.jpg
20260828-135339,dig2,drift,C:\Users\josep\source\repos\AIOTED-digital-rawdigits\20260828\13\5_main_dig2_20260828-135339.jpg
20260828-135339,dig3,drift,C:\Users\josep\source\repos\AIOTED-digital-rawdigits\20260828\13\8_main_dig3_20260828-135339.jpg
20260828-135339,dig4,drift,C:\Users\josep\source\repos\AIOTED-digital-rawdigits\20260828\13\4_main_dig4_20260828-135339.jpg
20260828-135339,dig5,drift,C:\Users\josep\source\repos\AIOTED-digital-rawdigits\20260828\13\7_main_dig5_20260828-135339.jpg
20260828-135339,dig6,drift,C:\Users\josep\source\repos\AIOTED-digital-rawdigits\20260828\13\0_main_dig6_20260828-135339.jpg
20260828-142139,dig2,drift,C:\Users\josep\source\repos\AIOTED-digital-rawdigits\20260828\14\5_main_dig2_20260828-142139.jpg
20260828-142139,dig3,drift,C:\Users\josep\source\repos\AIOTED-digital-rawdigits\20260828\14\8_main_dig3_20260828-142139.jpg
20260828-142139,dig4,drift,C:\Users\josep\source\repos\AIOTED-digital-rawdigits\20260828\14\4_main_dig4_20260828-142139.jpg
20260828-142139,dig5,drift,C:\Users\josep\source\repos\AIOTED-digital-rawdigits\20260828\14\7_main_dig5_20260828-142139.jpg
20260828-142139,dig6,drift,C:\Users\josep\source\repos\AIOTED-digital-rawdigits\20260828\14\0_main_dig6_20260828-142139.jpg
20260828-144139,dig2,drift,C:\Users\josep\source\repos\AIOTED-digital-rawdigits\20260828\14\5_main_dig2_20260828-144139.jpg
20260828-144139,dig3,drift,C:\Users\josep\source\repos\AIOTED-digital-rawdigits\20260828\14\8_main_dig3_20260828-144139.jpg
20260828-144139,dig4,drift,C:\Users\josep\source\repos\AIOTED-digital-rawdigits\20260828\14\4_main_dig4_20260828-144139.jpg
20260828-144139,dig5,drift,C:\Users\josep\source\repos\AIOTED-digital-rawdigits\20260828\14\7_main_dig5_20260828-144139.jpg
20260828-144139,dig6,drift,C:\Users\josep\source\repos\AIOTED-digital-rawdigits\20260828\14\1_main_dig6_20260828-144139.jpg
20260828-150139,dig2,drift,C:\Users\josep\source\repos\AIOTED-digital-rawdigits\20260828\15\5_main_dig2_20260828-150139.jpg
20260828-150139,dig3,drift,C:\Users\josep\source\repos\AIOTED-digital-rawdigits\20260828\15\8_main_dig3_20260828-150139.jpg
20260828-150139,dig4,drift,C:\Users\josep\source\repos\AIOTED-digital-rawdigits\20260828\15\4_main_dig4_20260828-150139.jpg
20260828-150139,dig5,drift,C:\Users\josep\source\repos\AIOTED-digital-rawdigits\20260828\15\7_main_dig5_20260828-150139.jpg
20260828-150139,dig6,drift,C:\Users\josep\source\repos\AIOTED-digital-rawdigits\20260828\15\1_main_dig6_20260828-150139.jpg
20260828-154139,dig2,drift,C:\Users\josep\source\repos\AIOTED-digital-rawdigits\20260828\15\5_main_dig2_20260828-154139.jpg
20260828-154139,dig3,drift,C:\Users\josep\source\repos\AIOTED-digital-rawdigits\20260828\15\8_main_dig3_20260828-154139.jpg
20260828-154139,dig4,drift,C:\Users\josep\source\repos\AIOTED-digital-rawdigits\20260828\15\4_main_dig4_20260828-154139.jpg
20260828-154139,dig5,drift,C:\Users\josep\source\repos\AIOTED-digital-rawdigits\20260828\15\7_main_dig5_20260828-154139.jpg
20260828-154139,dig6,drift,C:\Users\josep\source\repos\AIOTED-digital-rawdigits\20260828\15\3_main_dig6_20260828-154139.jpg
20260828-160939,dig2,drift,C:\Users\josep\source\repos\AIOTED-digital-rawdigits\20260828\16\5_main_dig2_20260828-160939.jpg
20260828-160939,dig3,drift,C:\Users\josep\source\repos\AIOTED-digital-rawdigits\20260828\16\8_main_dig3_20260828-160939.jpg
20260828-160939,dig4,drift,C:\Users\josep\source\repos\AIOTED-digital-rawdigits\20260828\16\4_main_dig4_20260828-160939.jpg
20260828-160939,dig5,drift,C:\Users\josep\source\repos\AIOTED-digital-rawdigits\20260828\16\7_main_dig5_20260828-160939.jpg
20260828-160939,dig6,drift,C:\Users\josep\source\repos\AIOTED-digital-rawdigits\20260828\16\5_main_dig6_20260828-160939.jpg
20260830-084936,dig2,drift,C:\Users\josep\source\repos\AIOTED-digital-rawdigits\20260830\08\5_main_dig2_20260830-084936.jpg
20260830-084936,dig3,drift,C:\Users\josep\source\repos\AIOTED-digital-rawdigits\20260830\08\8_main_dig3_20260830-084936.jpg
20260830-084936,dig4,drift,C:\Users\josep\source\repos\AIOTED-digital-rawdigits\20260830\08\5_main_dig4_20260830-084936.jpg
20260830-084936,dig5,drift,C:\Users\josep\source\repos\AIOTED-digital-rawdigits\20260830\08\2_main_dig5_20260830-084936.jpg
20260830-084936,dig6,drift,C:\Users\josep\source\repos\AIOTED-digital-rawdigits\20260830\08\0_main_dig6_20260830-084936.jpg
20260830-092136,dig2,drift,C:\Users\josep\source\repos\AIOTED-digital-rawdigits\20260830\09\5_main_dig2_20260830-092136.jpg
20260830-092136,dig3,drift,C:\Users\josep\source\repos\AIOTED-digital-rawdigits\20260830\09\8_main_dig3_20260830-092136.jpg
20260830-092136,dig4,drift,C:\Users\josep\source\repos\AIOTED-digital-rawdigits\20260830\09\5_main_dig4_20260830-092136.jpg
20260830-092136,dig5,drift,C:\Users\josep\source\repos\AIOTED-digital-rawdigits\20260830\09\2_main_dig5_20260830-092136.jpg
20260830-092136,dig6,drift,C:\Users\josep\source\repos\AIOTED-digital-rawdigits\20260830\09\0_main_dig6_20260830-092136.jpg
20260830-100936,dig2,drift,C:\Users\josep\source\repos\AIOTED-digital-rawdigits\20260830\10\5_main_dig2_20260830-100936.jpg
20260830-100936,dig3,drift,C:\Users\josep\source\repos\AIOTED-digital-rawdigits\20260830\10\8_main_dig3_20260830-100936.jpg
20260830-100936,dig4,drift,C:\Users\josep\source\repos\AIOTED-digital-rawdigits\20260830\10\5_main_dig4_20260830-100936.jpg
20260830-100936,dig5,drift,C:\Users\josep\source\repos\AIOTED-digital-rawdigits\20260830\10\2_main_dig5_20260830-100936.jpg
20260830-100936,dig6,drift,C:\Users\josep\source\repos\AIOTED-digital-rawdigits\20260830\10\1_main_dig6_20260830-100936.jpg
20260830-104136,dig2,drift,C:\Users\josep\source\repos\AIOTED-digital-rawdigits\20260830\10\5_main_dig2_20260830-104136.jpg
20260830-104136,dig3,drift,C:\Users\josep\source\repos\AIOTED-digital-rawdigits\20260830\10\8_main_dig3_20260830-104136.jpg
20260830-104136,dig4,drift,C:\Users\josep\source\repos\AIOTED-digital-rawdigits\20260830\10\5_main_dig4_20260830-104136.jpg
20260830-104136,dig5,drift,C:\Users\josep\source\repos\AIOTED-digital-rawdigits\20260830\10\2_main_dig5_20260830-104136.jpg
20260830-104136,dig6,drift,C:\Users\josep\source\repos\AIOTED-digital-rawdigits\20260830\10\7_main_dig6_20260830-104136.jpg
20260830-104936,dig2,drift,C:\Users\josep\source\repos\AIOTED-digital-rawdigits\20260830\10\5_main_dig2_20260830-104936.jpg
20260830-104936,dig3,drift,C:\Users\josep\source\repos\AIOTED-digital-rawdigits\20260830\10\8_main_dig3_20260830-104936.jpg
20260830-104936,dig4,drift,C:\Users\josep\source\repos\AIOTED-digital-rawdigits\20260830\10\5_main_dig4_20260830-104936.jpg
20260830-104936,dig5,drift,C:\Users\josep\source\repos\AIOTED-digital-rawdigits\20260830\10\2_main_dig5_20260830-104936.jpg
20260830-104936,dig6,drift,C:\Users\josep\source\repos\AIOTED-digital-rawdigits\20260830\10\7_main_dig6_20260830-104936.jpg
20260830-110136,dig2,drift,C:\Users\josep\source\repos\AIOTED-digital-rawdigits\20260830\11\5_main_dig2_20260830-110136.jpg
20260830-110136,dig3,drift,C:\Users\josep\source\repos\AIOTED-digital-rawdigits\20260830\11\8_main_dig3_20260830-110136.jpg
20260830-110136,dig4,drift,C:\Users\josep\source\repos\AIOTED-digital-rawdigits\20260830\11\5_main_dig4_20260830-110136.jpg
20260830-110136,dig5,drift,C:\Users\josep\source\repos\AIOTED-digital-rawdigits\20260830\11\2_main_dig5_20260830-110136.jpg
20260830-110136,dig6,drift,C:\Users\josep\source\repos\AIOTED-digital-rawdigits\20260830\11\7_main_dig6_20260830-110136.jpg
20260830-113336,dig2,drift,C:\Users\josep\source\repos\AIOTED-digital-rawdigits\20260830\11\0_main_dig2_20260830-113336.jpg
20260830-113336,dig3,drift,C:\Users\josep\source\repos\AIOTED-digital-rawdigits\20260830\11\0_main_dig3_20260830-113336.jpg
20260830-113336,dig4,drift,C:\Users\josep\source\repos\AIOTED-digital-rawdigits\20260830\11\0_main_dig4_20260830-113336.jpg
20260830-113336,dig5,drift,C:\Users\josep\source\repos\AIOTED-digital-rawdigits\20260830\11\0_main_dig5_20260830-113336.jpg
20260830-113336,dig6,drift,C:\Users\josep\source\repos\AIOTED-digital-rawdigits\20260830\11\0_main_dig6_20260830-113336.jpg
20260830-122935,dig2,drift,C:\Users\josep\source\repos\AIOTED-digital-rawdigits\20260830\12\5_main_dig2_20260830-122935.jpg
20260830-122935,dig3,drift,C:\Users\josep\source\repos\AIOTED-digital-rawdigits\20260830\12\8_main_dig3_20260830-122935.jpg
20260830-122935,dig4,drift,C:\Users\josep\source\repos\AIOTED-digital-rawdigits\20260830\12\5_main_dig4_20260830-122935.jpg
20260830-122935,dig5,drift,C:\Users\josep\source\repos\AIOTED-digital-rawdigits\20260830\12\2_main_dig5_20260830-122935.jpg
20260830-122935,dig6,drift,C:\Users\josep\source\repos\AIOTED-digital-rawdigits\20260830\12\6_main_dig6_20260830-122935.jpg
20260831-091334,dig2,drift,C:\Users\josep\source\repos\AIOTED-digital-rawdigits\20260831\09\5_main_dig2_20260831-091334.jpg
20260831-091334,dig3,drift,C:\Users\josep\source\repos\AIOTED-digital-rawdigits\20260831\09\8_main_dig3_20260831-091334.jpg
20260831-091334,dig4,drift,C:\Users\josep\source\repos\AIOTED-digital-rawdigits\20260831\09\5_main_dig4_20260831-091334.jpg
20260831-091334,dig5,drift,C:\Users\josep\source\repos\AIOTED-digital-rawdigits\20260831\09\5_main_dig5_20260831-091334.jpg
20260831-091334,dig6,drift,C:\Users\josep\source\repos\AIOTED-digital-rawdigits\20260831\09\9_main_dig6_20260831-091334.jpg
20260831-093334,dig2,drift,C:\Users\josep\source\repos\AIOTED-digital-rawdigits\20260831\09\5_main_dig2_20260831-093334.jpg
20260831-093334,dig3,drift,C:\Users\josep\source\repos\AIOTED-digital-rawdigits\20260831\09\8_main_dig3_20260831-093334.jpg
20260831-093334,dig4,drift,C:\Users\josep\source\repos\AIOTED-digital-rawdigits\20260831\09\5_main_dig4_20260831-093334.jpg
20260831-093334,dig5,drift,C:\Users\josep\source\repos\AIOTED-digital-rawdigits\20260831\09\6_main_dig5_20260831-093334.jpg
20260831-093334,dig6,drift,C:\Users\josep\source\repos\AIOTED-digital-rawdigits\20260831\09\0_main_dig6_20260831-093334.jpg
20260831-093734,dig2,drift,C:\Users\josep\source\repos\AIOTED-digital-rawdigits\20260831\09\0_main_dig2_20260831-093734.jpg
20260831-093734,dig3,drift,C:\Users\josep\source\repos\AIOTED-digital-rawdigits\20260831\09\0_main_dig3_20260831-093734.jpg
20260831-093734,dig4,drift,C:\Users\josep\source\repos\AIOTED-digital-rawdigits\20260831\09\0_main_dig4_20260831-093734.jpg
20260831-093734,dig5,drift,C:\Users\josep\source\repos\AIOTED-digital-rawdigits\20260831\09\0_main_dig5_20260831-093734.jpg
20260831-093734,dig6,drift,C:\Users\josep\source\repos\AIOTED-digital-rawdigits\20260831\09\0_main_dig6_20260831-093734.jpg
20260831-094534,dig2,drift,C:\Users\josep\source\repos\AIOTED-digital-rawdigits\20260831\09\5_main_dig2_20260831-094534.jpg
20260831-094534,dig3,drift,C:\Users\josep\source\repos\AIOTED-digital-rawdigits\20260831\09\8_main_dig3_20260831-094534.jpg
20260831-094534,dig4,drift,C:\Users\josep\source\repos\AIOTED-digital-rawdigits\20260831\09\5_main_dig4_20260831-094534.jpg
20260831-094534,dig5,drift,C:\Users\josep\source\repos\AIOTED-digital-rawdigits\20260831\09\6_main_dig5_20260831-094534.jpg
20260831-094534,dig6,drift,C:\Users\josep\source\repos\AIOTED-digital-rawdigits\20260831\09\0_main_dig6_20260831-094534.jpg
20260831-101334,dig2,drift,C:\Users\josep\source\repos\AIOTED-digital-rawdigits\20260831\10\5_main_dig2_20260831-101334.jpg
20260831-101334,dig3,drift,C:\Users\josep\source\repos\AIOTED-digital-rawdigits\20260831\10\8_main_dig3_20260831-101334.jpg
20260831-101334,dig4,drift,C:\Users\josep\source\repos\AIOTED-digital-rawdigits\20260831\10\5_main_dig4_20260831-101334.jpg
20260831-101334,dig5,drift,C:\Users\josep\source\repos\AIOTED-digital-rawdigits\20260831\10\6_main_dig5_20260831-101334.jpg
20260831-101334,dig6,drift,C:\Users\josep\source\repos\AIOTED-digital-rawdigits\20260831\10\1_main_dig6_20260831-101334.jpg
20260831-152533,dig2,drift,C:\Users\josep\source\repos\AIOTED-digital-rawdigits\20260831\15\5_main_dig2_20260831-152533.jpg
20260831-152533,dig3,drift,C:\Users\josep\source\repos\AIOTED-digital-rawdigits\20260831\15\8_main_dig3_20260831-152533.jpg
20260831-152533,dig4,drift,C:\Users\josep\source\repos\AIOTED-digital-rawdigits\20260831\15\5_main_dig4_20260831-152533.jpg
20260831-152533,dig5,drift,C:\Users\josep\source\repos\AIOTED-digital-rawdigits\20260831\15\7_main_dig5_20260831-152533.jpg
20260831-152533,dig6,drift,C:\Users\josep\source\repos\AIOTED-digital-rawdigits\20260831\15\5_main_dig6_20260831-152533.jpg
20260831-153333,dig2,drift,C:\Users\josep\source\repos\AIOTED-digital-rawdigits\20260831\15\5_main_dig2_20260831-153333.jpg
20260831-153333,dig3,drift,C:\Users\josep\source\repos\AIOTED-digital-rawdigits\20260831\15\8_main_dig3_20260831-153333.jpg
20260831-153333,dig4,drift,C:\Users\josep\source\repos\AIOTED-digital-rawdigits\20260831\15\5_main_dig4_20260831-153333.jpg
20260831-153333,dig5,drift,C:\Users\josep\source\repos\AIOTED-digital-rawdigits\20260831\15\7_main_dig5_20260831-153333.jpg
20260831-153333,dig6,drift,C:\Users\josep\source\repos\AIOTED-digital-rawdigits\20260831\15\5_main_dig6_20260831-153333.jpg
20260902-102309,dig2,drift,C:\Users\josep\source\repos\AIOTED-digital-rawdigits\20260902\10\5_main_dig2_20260902-102309.jpg
20260902-102309,dig3,drift,C:\Users\josep\source\repos\AIOTED-digital-rawdigits\20260902\10\8_main_dig3_20260902-102309.jpg
20260902-102309,dig4,drift,C:\Users\josep\source\repos\AIOTED-digital-rawdigits\20260902\10\6_main_dig4_20260902-102309.jpg
20260902-102309,dig5,drift,C:\Users\josep\source\repos\AIOTED-digital-rawdigits\20260902\10\5_main_dig5_20260902-102309.jpg
20260902-102309,dig6,drift,C:\Users\josep\source\repos\AIOTED-digital-rawdigits\20260902\10\4_main_dig6_20260902-102309.jpg
20260902-102709,dig2,drift,C:\Users\josep\source\repos\AIOTED-digital-rawdigits\20260902\10\5_main_dig2_20260902-102709.jpg
20260902-102709,dig3,drift,C:\Users\josep\source\repos\AIOTED-digital-rawdigits\20260902\10\8_main_dig3_20260902-102709.jpg
20260902-102709,dig4,drift,C:\Users\josep\source\repos\AIOTED-digital-rawdigits\20260902\10\6_main_dig4_20260902-102709.jpg
20260902-102709,dig5,drift,C:\Users\josep\source\repos\AIOTED-digital-rawdigits\20260902\10\5_main_dig5_20260902-102709.jpg
20260902-102709,dig6,drift,C:\Users\josep\source\repos\AIOTED-digital-rawdigits\20260902\10\4_main_dig6_20260902-102709.jpg
20260902-103509,dig2,drift,C:\Users\josep\source\repos\AIOTED-digital-rawdigits\20260902\10\5_main_dig2_20260902-103509.jpg
20260902-103509,dig3,drift,C:\Users\josep\source\repos\AIOTED-digital-rawdigits\20260902\10\8_main_dig3_20260902-103509.jpg
20260902-103509,dig4,drift,C:\Users\josep\source\repos\AIOTED-digital-rawdigits\20260902\10\6_main_dig4_20260902-103509.jpg
20260902-103509,dig5,drift,C:\Users\josep\source\repos\AIOTED-digital-rawdigits\20260902\10\5_main_dig5_20260902-103509.jpg
20260902-103509,dig6,drift,C:\Users\josep\source\repos\AIOTED-digital-rawdigits\20260902\10\4_main_dig6_20260902-103509.jpg
20260902-104309,dig2,drift,C:\Users\josep\source\repos\AIOTED-digital-rawdigits\20260902\10\5_main_dig2_20260902-104309.jpg
20260902-104309,dig3,drift,C:\Users\josep\source\repos\AIOTED-digital-rawdigits\20260902\10\8_main_dig3_20260902-104309.jpg
20260902-104309,dig4,drift,C:\Users\josep\source\repos\AIOTED-digital-rawdigits\20260902\10\6_main_dig4_20260902-104309.jpg
20260902-104309,dig5,drift,C:\Users\josep\source\repos\AIOTED-digital-rawdigits\20260902\10\5_main_dig5_20260902-104309.jpg
20260902-104309,dig6,drift,C:\Users\josep\source\repos\AIOTED-digital-rawdigits\20260902\10\4_main_dig6_20260902-104309.jpg
20260902-104709,dig2,drift,C:\Users\josep\source\repos\AIOTED-digital-rawdigits\20260902\10\5_main_dig2_20260902-104709.jpg
20260902-104709,dig3,drift,C:\Users\josep\source\repos\AIOTED-digital-rawdigits\20260902\10\8_main_dig3_20260902-104709.jpg
20260902-104709,dig4,drift,C:\Users\josep\source\repos\AIOTED-digital-rawdigits\20260902\10\6_main_dig4_20260902-104709.jpg
20260902-104709,dig5,drift,C:\Users\josep\source\repos\AIOTED-digital-rawdigits\20260902\10\5_main_dig5_20260902-104709.jpg
20260902-104709,dig6,drift,C:\Users\josep\source\repos\AIOTED-digital-rawdigits\20260902\10\4_main_dig6_20260902-104709.jpg
20260902-105509,dig2,drift,C:\Users\josep\source\repos\AIOTED-digital-rawdigits\20260902\10\5_main_dig2_20260902-105509.jpg
20260902-105509,dig3,drift,C:\Users\josep\source\repos\AIOTED-digital-rawdigits\20260902\10\8_main_dig3_20260902-105509.jpg
20260902-105509,dig4,drift,C:\Users\josep\source\repos\AIOTED-digital-rawdigits\20260902\10\6_main_dig4_20260902-105509.jpg
20260902-105509,dig5,drift,C:\Users\josep\source\repos\AIOTED-digital-rawdigits\20260902\10\5_main_dig5_20260902-105509.jpg
20260902-105509,dig6,drift,C:\Users\josep\source\repos\AIOTED-digital-rawdigits\20260902\10\4_main_dig6_20260902-105509.jpg
20260902-110309,dig2,drift,C:\Users\josep\source\repos\AIOTED-digital-rawdigits\20260902\11\5_main_dig2_20260902-110309.jpg
20260902-110309,dig3,drift,C:\Users\josep\source\repos\AIOTED-digital-rawdigits\20260902\11\8_main_dig3_20260902-110309.jpg
20260902-110309,dig4,drift,C:\Users\josep\source\repos\AIOTED-digital-rawdigits\20260902\11\6_main_dig4_20260902-110309.jpg
20260902-110309,dig5,drift,C:\Users\josep\source\repos\AIOTED-digital-rawdigits\20260902\11\5_main_dig5_20260902-110309.jpg
20260902-110309,dig6,drift,C:\Users\josep\source\repos\AIOTED-digital-rawdigits\20260902\11\4_main_dig6_20260902-110309.jpg
20260902-110709,dig2,drift,C:\Users\josep\source\repos\AIOTED-digital-rawdigits\20260902\11\5_main_dig2_20260902-110709.jpg
20260902-110709,dig3,drift,C:\Users\josep\source\repos\AIOTED-digital-rawdigits\20260902\11\8_main_dig3_20260902-110709.jpg
20260902-110709,dig4,drift,C:\Users\josep\source\repos\AIOTED-digital-rawdigits\20260902\11\6_main_dig4_20260902-110709.jpg
20260902-110709,dig5,drift,C:\Users\josep\source\repos\AIOTED-digital-rawdigits\20260902\11\5_main_dig5_20260902-110709.jpg
20260902-110709,dig6,drift,C:\Users\josep\source\repos\AIOTED-digital-rawdigits\20260902\11\4_main_dig6_20260902-110709.jpg
20260902-111509,dig2,drift,C:\Users\josep\source\repos\AIOTED-digital-rawdigits\20260902\11\5_main_dig2_20260902-111509.jpg
20260902-111509,dig3,drift,C:\Users\josep\source\repos\AIOTED-digital-rawdigits\20260902\11\8_main_dig3_20260902-111509.jpg
20260902-111509,dig4,drift,C:\Users\josep\source\repos\AIOTED-digital-rawdigits\20260902\11\6_main_dig4_20260902-111509.jpg
20260902-111509,dig5,drift,C:\Users\josep\source\repos\AIOTED-digital-rawdigits\20260902\11\5_main_dig5_20260902-111509.jpg
20260902-111509,dig6,drift,C:\Users\josep\source\repos\AIOTED-digital-rawdigits\20260902\11\4_main_dig6_20260902-111509.jpg
20260902-112309,dig2,drift,C:\Users\josep\source\repos\AIOTED-digital-rawdigits\20260902\11\5_main_dig2_20260902-112309.jpg
20260902-112309,dig3,drift,C:\Users\josep\source\repos\AIOTED-digital-rawdigits\20260902\11\8_main_dig3_20260902-112309.jpg
20260902-112309,dig4,drift,C:\Users\josep\source\repos\AIOTED-digital-rawdigits\20260902\11\6_main_dig4_20260902-112309.jpg
20260902-112309,dig5,drift,C:\Users\josep\source\repos\AIOTED-digital-rawdigits\20260902\11\5_main_dig5_20260902-112309.jpg
20260902-112309,dig6,drift,C:\Users\josep\source\repos\AIOTED-digital-rawdigits\20260902\11\5_main_dig6_20260902-112309.jpg
20260902-114309,dig2,drift,C:\Users\josep\source\repos\AIOTED-digital-rawdigits\20260902\11\5_main_dig2_20260902-114309.jpg
20260902-114309,dig3,drift,C:\Users\josep\source\repos\AIOTED-digital-rawdigits\20260902\11\8_main_dig3_20260902-114309.jpg
20260902-114309,dig4,drift,C:\Users\josep\source\repos\AIOTED-digital-rawdigits\20260902\11\6_main_dig4_20260902-114309.jpg
20260902-114309,dig5,drift,C:\Users\josep\source\repos\AIOTED-digital-rawdigits\20260902\11\5_main_dig5_20260902-114309.jpg
20260902-114309,dig6,drift,C:\Users\josep\source\repos\AIOTED-digital-rawdigits\20260902\11\5_main_dig6_20260902-114309.jpg
20260902-114709,dig2,drift,C:\Users\josep\source\repos\AIOTED-digital-rawdigits\20260902\11\0_main_dig2_20260902-114709.jpg
20260902-114709,dig3,drift,C:\Users\josep\source\repos\AIOTED-digital-rawdigits\20260902\11\0_main_dig3_20260902-114709.jpg
20260902-114709,dig4,drift,C:\Users\josep\source\repos\AIOTED-digital-rawdigits\20260902\11\0_main_dig4_20260902-114709.jpg
20260902-114709,dig5,drift,C:\Users\josep\source\repos\AIOTED-digital-rawdigits\20260902\11\0_main_dig5_20260902-114709.jpg
20260902-114709,dig6,drift,C:\Users\josep\source\repos\AIOTED-digital-rawdigits\20260902\11\0_main_dig6_20260902-114709.jpg
20260902-115509,dig2,drift,C:\Users\josep\source\repos\AIOTED-digital-rawdigits\20260902\11\5_main_dig2_20260902-115509.jpg
20260902-115509,dig3,drift,C:\Users\josep\source\repos\AIOTED-digital-rawdigits\20260902\11\8_main_dig3_20260902-115509.jpg
20260902-115509,dig4,drift,C:\Users\josep\source\repos\AIOTED-digital-rawdigits\20260902\11\6_main_dig4_20260902-115509.jpg
20260902-115509,dig5,drift,C:\Users\josep\source\repos\AIOTED-digital-rawdigits\20260902\11\5_main_dig5_20260902-115509.jpg
20260902-115509,dig6,drift,C:\Users\josep\source\repos\AIOTED-digital-rawdigits\20260902\11\5_main_dig6_20260902-115509.jpg
20260902-120309,dig2,drift,C:\Users\josep\source\repos\AIOTED-digital-rawdigits\20260902\12\5_main_dig2_20260902-120309.jpg
20260902-120309,dig3,drift,C:\Users\josep\source\repos\AIOTED-digital-rawdigits\20260902\12\8_main_dig3_20260902-120309.jpg
20260902-120309,dig4,drift,C:\Users\josep\source\repos\AIOTED-digital-rawdigits\20260902\12\6_main_dig4_20260902-120309.jpg
20260902-120309,dig5,drift,C:\Users\josep\source\repos\AIOTED-digital-rawdigits\20260902\12\5_main_dig5_20260902-120309.jpg
20260902-120309,dig6,drift,C:\Users\josep\source\repos\AIOTED-digital-rawdigits\20260902\12\5_main_dig6_20260902-120309.jpg
20260902-120709,dig2,drift,C:\Users\josep\source\repos\AIOTED-digital-rawdigits\20260902\12\0_main_dig2_20260902-120709.jpg
20260902-120709,dig3,drift,C:\Users\josep\source\repos\AIOTED-digital-rawdigits\20260902\12\0_main_dig3_20260902-120709.jpg
20260902-120709,dig4,drift,C:\Users\josep\source\repos\AIOTED-digital-rawdigits\20260902\12\0_main_dig4_20260902-120709.jpg
20260902-120709,dig5,drift,C:\Users\josep\source\repos\AIOTED-digital-rawdigits\20260902\12\0_main_dig5_20260902-120709.jpg
20260902-120709,dig6,drift,C:\Users\josep\source\repos\AIOTED-digital-rawdigits\20260902\12\0_main_dig6_20260902-120709.jpg
20260902-121509,dig2,drift,C:\Users\josep\source\repos\AIOTED-digital-rawdigits\20260902\12\5_main_dig2_20260902-121509.jpg
20260902-121509,dig3,drift,C:\Users\josep\source\repos\AIOTED-digital-rawdigits\20260902\12\8_main_dig3_20260902-121509.jpg
20260902-121509,dig4,drift,C:\Users\josep\source\repos\AIOTED-digital-rawdigits\20260902\12\6_main_dig4_20260902-121509.jpg
20260902-121509,dig5,drift,C:\Users\josep\source\repos\AIOTED-digital-rawdigits\20260902\12\5_main_dig5_20260902-121509.jpg
20260902-121509,dig6,drift,C:\Users\josep\source\repos\AIOTED-digital-rawdigits\20260902\12\6_main_dig6_20260902-121509.jpg
20260902-122309,dig2,drift,C:\Users\josep\source\repos\AIOTED-digital-rawdigits\20260902\12\5_main_dig2_20260902-122309.jpg
20260902-122309,dig3,drift,C:\Users\josep\source\repos\AIOTED-digital-rawdigits\20260902\12\8_main_dig3_20260902-122309.jpg
20260902-122309,dig4,drift,C:\Users\josep\source\repos\AIOTED-digital-rawdigits\20260902\12\6_main_dig4_20260902-122309.jpg
20260902-122309,dig5,drift,C:\Users\josep\source\repos\AIOTED-digital-rawdigits\20260902\12\5_main_dig5_20260902-122309.jpg
20260902-122309,dig6,drift,C:\Users\josep\source\repos\AIOTED-digital-rawdigits\20260902\12\6_main_dig6_20260902-122309.jpg
20260902-123509,dig2,drift,C:\Users\josep\source\repos\AIOTED-digital-rawdigits\20260902\12\5_main_dig2_20260902-123509.jpg
20260902-123509,dig3,drift,C:\Users\josep\source\repos\AIOTED-digital-rawdigits\20260902\12\8_main_dig3_20260902-123509.jpg
20260902-123509,dig4,drift,C:\Users\josep\source\repos\AIOTED-digital-rawdigits\20260902\12\6_main_dig4_20260902-123509.jpg
20260902-123509,dig5,drift,C:\Users\josep\source\repos\AIOTED-digital-rawdigits\20260902\12\5_main_dig5_20260902-123509.jpg
20260902-123509,dig6,drift,C:\Users\josep\source\repos\AIOTED-digital-rawdigits\20260902\12\6_main_dig6_20260902-123509.jpg
20260902-124309,dig2,drift,C:\Users\josep\source\repos\AIOTED-digital-rawdigits\20260902\12\5_main_dig2_20260902-124309.jpg
20260902-124309,dig3,drift,C:\Users\josep\source\repos\AIOTED-digital-rawdigits\20260902\12\8_main_dig3_20260902-124309.jpg
20260902-124309,dig4,drift,C:\Users\josep\source\repos\AIOTED-digital-rawdigits\20260902\12\6_main_dig4_20260902-124309.jpg
20260902-124309,dig5,drift,C:\Users\josep\source\repos\AIOTED-digital-rawdigits\20260902\12\5_main_dig5_20260902-124309.jpg
20260902-124309,dig6,drift,C:\Users\josep\source\repos\AIOTED-digital-rawdigits\20260902\12\6_main_dig6_20260902-124309.jpg
20260902-125509,dig2,drift,C:\Users\josep\source\repos\AIOTED-digital-rawdigits\20260902\12\5_main_dig2_20260902-125509.jpg
20260902-125509,dig3,drift,C:\Users\josep\source\repos\AIOTED-digital-rawdigits\20260902\12\8_main_dig3_20260902-125509.jpg
20260902-125509,dig4,drift,C:\Users\josep\source\repos\AIOTED-digital-rawdigits\20260902\12\6_main_dig4_20260902-125509.jpg
20260902-125509,dig5,drift,C:\Users\josep\source\repos\AIOTED-digital-rawdigits\20260902\12\5_main_dig5_20260902-125509.jpg
20260902-125509,dig6,drift,C:\Users\josep\source\repos\AIOTED-digital-rawdigits\20260902\12\7_main_dig6_20260902-125509.jpg
20260902-130309,dig2,drift,C:\Users\josep\source\repos\AIOTED-digital-rawdigits\20260902\13\5_main_dig2_20260902-130309.jpg
20260902-130309,dig3,drift,C:\Users\josep\source\repos\AIOTED-digital-rawdigits\20260902\13\8_main_dig3_20260902-130309.jpg
20260902-130309,dig4,drift,C:\Users\josep\source\repos\AIOTED-digital-rawdigits\20260902\13\6_main_dig4_20260902-130309.jpg
20260902-130309,dig5,drift,C:\Users\josep\source\repos\AIOTED-digital-rawdigits\20260902\13\5_main_dig5_20260902-130309.jpg
20260902-130309,dig6,drift,C:\Users\josep\source\repos\AIOTED-digital-rawdigits\20260902\13\7_main_dig6_20260902-130309.jpg
20260902-131509,dig2,drift,C:\Users\josep\source\repos\AIOTED-digital-rawdigits\20260902\13\5_main_dig2_20260902-131509.jpg
20260902-131509,dig3,drift,C:\Users\josep\source\repos\AIOTED-digital-rawdigits\20260902\13\8_main_dig3_20260902-131509.jpg
20260902-131509,dig4,drift,C:\Users\josep\source\repos\AIOTED-digital-rawdigits\20260902\13\6_main_dig4_20260902-131509.jpg
20260902-131509,dig5,drift,C:\Users\josep\source\repos\AIOTED-digital-rawdigits\20260902\13\5_main_dig5_20260902-131509.jpg
20260902-131509,dig6,drift,C:\Users\josep\source\repos\AIOTED-digital-rawdigits\20260902\13\8_main_dig6_20260902-131509.jpg
20260902-132309,dig2,drift,C:\Users\josep\source\repos\AIOTED-digital-rawdigits\20260902\13\5_main_dig2_20260902-132309.jpg
20260902-132309,dig3,drift,C:\Users\josep\source\repos\AIOTED-digital-rawdigits\20260902\13\8_main_dig3_20260902-132309.jpg
20260902-132309,dig4,drift,C:\Users\josep\source\repos\AIOTED-digital-rawdigits\20260902\13\6_main_dig4_20260902-132309.jpg
20260902-132309,dig5,drift,C:\Users\josep\source\repos\AIOTED-digital-rawdigits\20260902\13\5_main_dig5_20260902-132309.jpg
20260902-132309,dig6,drift,C:\Users\josep\source\repos\AIOTED-digital-rawdigits\20260902\13\8_main_dig6_20260902-132309.jpg
20260902-133509,dig2,drift,C:\Users\josep\source\repos\AIOTED-digital-rawdigits\20260902\13\5_main_dig2_20260902-133509.jpg
20260902-133509,dig3,drift,C:\Users\josep\source\repos\AIOTED-digital-rawdigits\20260902\13\8_main_dig3_20260902-133509.jpg
20260902-133509,dig4,drift,C:\Users\josep\source\repos\AIOTED-digital-rawdigits\20260902\13\6_main_dig4_20260902-133509.jpg
20260902-133509,dig5,drift,C:\Users\josep\source\repos\AIOTED-digital-rawdigits\20260902\13\5_main_dig5_20260902-133509.jpg
20260902-133509,dig6,drift,C:\Users\josep\source\repos\AIOTED-digital-rawdigits\20260902\13\9_main_dig6_20260902-133509.jpg
20260902-134309,dig2,drift,C:\Users\josep\source\repos\AIOTED-digital-rawdigits\20260902\13\5_main_dig2_20260902-134309.jpg
20260902-134309,dig3,drift,C:\Users\josep\source\repos\AIOTED-digital-rawdigits\20260902\13\8_main_dig3_20260902-134309.jpg
20260902-134309,dig4,drift,C:\Users\josep\source\repos\AIOTED-digital-rawdigits\20260902\13\6_main_dig4_20260902-134309.jpg
20260902-134309,dig5,drift,C:\Users\josep\source\repos\AIOTED-digital-rawdigits\20260902\13\5_main_dig5_20260902-134309.jpg
20260902-134309,dig6,drift,C:\Users\josep\source\repos\AIOTED-digital-rawdigits\20260902\13\9_main_dig6_20260902-134309.jpg
20260902-135109,dig2,drift,C:\Users\josep\source\repos\AIOTED-digital-rawdigits\20260902\13\8_main_dig2_20260902-135109.jpg
20260902-135109,dig3,drift,C:\Users\josep\source\repos\AIOTED-digital-rawdigits\20260902\13\8_main_dig3_20260902-135109.jpg
20260902-135109,dig4,drift,C:\Users\josep\source\repos\AIOTED-digital-rawdigits\20260902\13\8_main_dig4_20260902-135109.jpg
20260902-135109,dig5,drift,C:\Users\josep\source\repos\AIOTED-digital-rawdigits\20260902\13\8_main_dig5_20260902-135109.jpg
20260902-135109,dig6,drift,C:\Users\josep\source\repos\AIOTED-digital-rawdigits\20260902\13\8_main_dig6_20260902-135109.jpg
20260902-135509,dig2,drift,C:\Users\josep\source\repos\AIOTED-digital-rawdigits\20260902\13\5_main_dig2_20260902-135509.jpg
20260902-135509,dig3,drift,C:\Users\josep\source\repos\AIOTED-digital-rawdigits\20260902\13\8_main_dig3_20260902-135509.jpg
20260902-135509,dig4,drift,C:\Users\josep\source\repos\AIOTED-digital-rawdigits\20260902\13\6_main_dig4_20260902-135509.jpg
20260902-135509,dig5,drift,C:\Users\josep\source\repos\AIOTED-digital-rawdigits\20260902\13\5_main_dig5_20260902-135509.jpg
20260902-135509,dig6,drift,C:\Users\josep\source\repos\AIOTED-digital-rawdigits\20260902\13\9_main_dig6_20260902-135509.jpg
20260902-140309,dig2,drift,C:\Users\josep\source\repos\AIOTED-digital-rawdigits\20260902\14\5_main_dig2_20260902-140309.jpg
20260902-140309,dig3,drift,C:\Users\josep\source\repos\AIOTED-digital-rawdigits\20260902\14\8_main_dig3_20260902-140309.jpg
20260902-140309,dig4,drift,C:\Users\josep\source\repos\AIOTED-digital-rawdigits\20260902\14\6_main_dig4_20260902-140309.jpg
20260902-140309,dig5,drift,C:\Users\josep\source\repos\AIOTED-digital-rawdigits\20260902\14\5_main_dig5_20260902-140309.jpg
20260902-140309,dig6,drift,C:\Users\josep\source\repos\AIOTED-digital-rawdigits\20260902\14\9_main_dig6_20260902-140309.jpg
20260902-141509,dig2,drift,C:\Users\josep\source\repos\AIOTED-digital-rawdigits\20260902\14\5_main_dig2_20260902-141509.jpg
20260902-141509,dig3,drift,C:\Users\josep\source\repos\AIOTED-digital-rawdigits\20260902\14\8_main_dig3_20260902-141509.jpg
20260902-141509,dig4,drift,C:\Users\josep\source\repos\AIOTED-digital-rawdigits\20260902\14\6_main_dig4_20260902-141509.jpg
20260902-141509,dig5,drift,C:\Users\josep\source\repos\AIOTED-digital-rawdigits\20260902\14\6_main_dig5_20260902-141509.jpg
20260902-141509,dig6,drift,C:\Users\josep\source\repos\AIOTED-digital-rawdigits\20260902\14\0_main_dig6_20260902-141509.jpg
20260902-142309,dig2,drift,C:\Users\josep\source\repos\AIOTED-digital-rawdigits\20260902\14\5_main_dig2_20260902-142309.jpg
20260902-142309,dig3,drift,C:\Users\josep\source\repos\AIOTED-digital-rawdigits\20260902\14\8_main_dig3_20260902-142309.jpg
20260902-142309,dig4,drift,C:\Users\josep\source\repos\AIOTED-digital-rawdigits\20260902\14\6_main_dig4_20260902-142309.jpg
20260902-142309,dig5,drift,C:\Users\josep\source\repos\AIOTED-digital-rawdigits\20260902\14\6_main_dig5_20260902-142309.jpg
20260902-142309,dig6,drift,C:\Users\josep\source\repos\AIOTED-digital-rawdigits\20260902\14\0_main_dig6_20260902-142309.jpg
20260902-143509,dig2,drift,C:\Users\josep\source\repos\AIOTED-digital-rawdigits\20260902\14\5_main_dig2_20260902-143509.jpg
20260902-143509,dig3,drift,C:\Users\josep\source\repos\AIOTED-digital-rawdigits\20260902\14\8_main_dig3_20260902-143509.jpg
20260902-143509,dig4,drift,C:\Users\josep\source\repos\AIOTED-digital-rawdigits\20260902\14\6_main_dig4_20260902-143509.jpg
20260902-143509,dig5,drift,C:\Users\josep\source\repos\AIOTED-digital-rawdigits\20260902\14\6_main_dig5_20260902-143509.jpg
20260902-143509,dig6,drift,C:\Users\josep\source\repos\AIOTED-digital-rawdigits\20260902\14\1_main_dig6_20260902-143509.jpg
20260902-144309,dig2,drift,C:\Users\josep\source\repos\AIOTED-digital-rawdigits\20260902\14\5_main_dig2_20260902-144309.jpg
20260902-144309,dig3,drift,C:\Users\josep\source\repos\AIOTED-digital-rawdigits\20260902\14\8_main_dig3_20260902-144309.jpg
20260902-144309,dig4,drift,C:\Users\josep\source\repos\AIOTED-digital-rawdigits\20260902\14\6_main_dig4_20260902-144309.jpg
20260902-144309,dig5,drift,C:\Users\josep\source\repos\AIOTED-digital-rawdigits\20260902\14\6_main_dig5_20260902-144309.jpg
20260902-144309,dig6,drift,C:\Users\josep\source\repos\AIOTED-digital-rawdigits\20260902\14\1_main_dig6_20260902-144309.jpg
20260902-145509,dig2,drift,C:\Users\josep\source\repos\AIOTED-digital-rawdigits\20260902\14\5_main_dig2_20260902-145509.jpg
20260902-145509,dig3,drift,C:\Users\josep\source\repos\AIOTED-digital-rawdigits\20260902\14\8_main_dig3_20260902-145509.jpg
20260902-145509,dig4,drift,C:\Users\josep\source\repos\AIOTED-digital-rawdigits\20260902\14\6_main_dig4_20260902-145509.jpg
20260902-145509,dig5,drift,C:\Users\josep\source\repos\AIOTED-digital-rawdigits\20260902\14\6_main_dig5_20260902-145509.jpg
20260902-145509,dig6,drift,C:\Users\josep\source\repos\AIOTED-digital-rawdigits\20260902\14\2_main_dig6_20260902-145509.jpg
20260902-150309,dig2,drift,C:\Users\josep\source\repos\AIOTED-digital-rawdigits\20260902\15\5_main_dig2_20260902-150309.jpg
20260902-150309,dig3,drift,C:\Users\josep\source\repos\AIOTED-digital-rawdigits\20260902\15\8_main_dig3_20260902-150309.jpg
20260902-150309,dig4,drift,C:\Users\josep\source\repos\AIOTED-digital-rawdigits\20260902\15\6_main_dig4_20260902-150309.jpg
20260902-150309,dig5,drift,C:\Users\josep\source\repos\AIOTED-digital-rawdigits\20260902\15\6_main_dig5_20260902-150309.jpg
20260902-150309,dig6,drift,C:\Users\josep\source\repos\AIOTED-digital-rawdigits\20260902\15\2_main_dig6_20260902-150309.jpg
20260902-151509,dig2,drift,C:\Users\josep\source\repos\AIOTED-digital-rawdigits\20260902\15\5_main_dig2_20260902-151509.jpg
20260902-151509,dig3,drift,C:\Users\josep\source\repos\AIOTED-digital-rawdigits\20260902\15\8_main_dig3_20260902-151509.jpg
20260902-151509,dig4,drift,C:\Users\josep\source\repos\AIOTED-digital-rawdigits\20260902\15\6_main_dig4_20260902-151509.jpg
20260902-151509,dig5,drift,C:\Users\josep\source\repos\AIOTED-digital-rawdigits\20260902\15\6_main_dig5_20260902-151509.jpg
20260902-151509,dig6,drift,C:\Users\josep\source\repos\AIOTED-digital-rawdigits\20260902\15\2_main_dig6_20260902-151509.jpg
20260902-152309,dig2,drift,C:\Users\josep\source\repos\AIOTED-digital-rawdigits\20260902\15\5_main_dig2_20260902-152309.jpg
20260902-152309,dig3,drift,C:\Users\josep\source\repos\AIOTED-digital-rawdigits\20260902\15\8_main_dig3_20260902-152309.jpg
20260902-152309,dig4,drift,C:\Users\josep\source\repos\AIOTED-digital-rawdigits\20260902\15\6_main_dig4_20260902-152309.jpg
20260902-152309,dig5,drift,C:\Users\josep\source\repos\AIOTED-digital-rawdigits\20260902\15\6_main_dig5_20260902-152309.jpg
20260902-152309,dig6,drift,C:\Users\josep\source\repos\AIOTED-digital-rawdigits\20260902\15\3_main_dig6_20260902-152309.jpg
20260902-153509,dig2,drift,C:\Users\josep\source\repos\AIOTED-digital-rawdigits\20260902\15\5_main_dig2_20260902-153509.jpg
20260902-153509,dig3,drift,C:\Users\josep\source\repos\AIOTED-digital-rawdigits\20260902\15\8_main_dig3_20260902-153509.jpg
20260902-153509,dig4,drift,C:\Users\josep\source\repos\AIOTED-digital-rawdigits\20260902\15\6_main_dig4_20260902-153509.jpg
20260902-153509,dig5,drift,C:\Users\josep\source\repos\AIOTED-digital-rawdigits\20260902\15\6_main_dig5_20260902-153509.jpg
20260902-153509,dig6,drift,C:\Users\josep\source\repos\AIOTED-digital-rawdigits\20260902\15\4_main_dig6_20260902-153509.jpg
20260902-154309,dig2,drift,C:\Users\josep\source\repos\AIOTED-digital-rawdigits\20260902\15\5_main_dig2_20260902-154309.jpg
20260902-154309,dig3,drift,C:\Users\josep\source\repos\AIOTED-digital-rawdigits\20260902\15\8_main_dig3_20260902-154309.jpg
20260902-154309,dig4,drift,C:\Users\josep\source\repos\AIOTED-digital-rawdigits\20260902\15\6_main_dig4_20260902-154309.jpg
20260902-154309,dig5,drift,C:\Users\josep\source\repos\AIOTED-digital-rawdigits\20260902\15\6_main_dig5_20260902-154309.jpg
20260902-154309,dig6,drift,C:\Users\josep\source\repos\AIOTED-digital-rawdigits\20260902\15\4_main_dig6_20260902-154309.jpg
20260902-155509,dig2,drift,C:\Users\josep\source\repos\AIOTED-digital-rawdigits\20260902\15\5_main_dig2_20260902-155509.jpg
20260902-155509,dig3,drift,C:\Users\josep\source\repos\AIOTED-digital-rawdigits\20260902\15\8_main_dig3_20260902-155509.jpg
20260902-155509,dig4,drift,C:\Users\josep\source\repos\AIOTED-digital-rawdigits\20260902\15\6_main_dig4_20260902-155509.jpg
20260902-155509,dig5,drift,C:\Users\josep\source\repos\AIOTED-digital-rawdigits\20260902\15\6_main_dig5_20260902-155509.jpg
20260902-155509,dig6,drift,C:\Users\josep\source\repos\AIOTED-digital-rawdigits\20260902\15\5_main_dig6_20260902-155509.jpg
20260902-220309,dig6,label_unsure,C:\Users\josep\source\repos\AIOTED-digital-rawdigits\20260902\22\9_main_dig6_20260902-220309.jpg
20260902-221109,dig6,label_unsure,C:\Users\josep\source\repos\AIOTED-digital-rawdigits\20260902\22\9_main_dig6_20260902-221109.jpg
20260903-103107,dig2,drift,C:\Users\josep\source\repos\AIOTED-digital-rawdigits\20260903\10\5_main_dig2_20260903-103107.jpg
20260903-103107,dig3,drift,C:\Users\josep\source\repos\AIOTED-digital-rawdigits\20260903\10\8_main_dig3_20260903-103107.jpg
20260903-103107,dig4,drift,C:\Users\josep\source\repos\AIOTED-digital-rawdigits\20260903\10\6_main_dig4_20260903-103107.jpg
20260903-103107,dig5,drift,C:\Users\josep\source\repos\AIOTED-digital-rawdigits\20260903\10\9_main_dig5_20260903-103107.jpg
20260903-103107,dig6,drift,C:\Users\josep\source\repos\AIOTED-digital-rawdigits\20260903\10\4_main_dig6_20260903-103107.jpg
20260903-111107,dig2,drift,C:\Users\josep\source\repos\AIOTED-digital-rawdigits\20260903\11\5_main_dig2_20260903-111107.jpg
20260903-111107,dig3,drift,C:\Users\josep\source\repos\AIOTED-digital-rawdigits\20260903\11\8_main_dig3_20260903-111107.jpg
20260903-111107,dig4,drift,C:\Users\josep\source\repos\AIOTED-digital-rawdigits\20260903\11\6_main_dig4_20260903-111107.jpg
20260903-111107,dig5,drift,C:\Users\josep\source\repos\AIOTED-digital-rawdigits\20260903\11\9_main_dig5_20260903-111107.jpg
20260903-111107,dig6,drift,C:\Users\josep\source\repos\AIOTED-digital-rawdigits\20260903\11\5_main_dig6_20260903-111107.jpg
20260903-111907,dig2,drift,C:\Users\josep\source\repos\AIOTED-digital-rawdigits\20260903\11\5_main_dig2_20260903-111907.jpg
20260903-111907,dig3,drift,C:\Users\josep\source\repos\AIOTED-digital-rawdigits\20260903\11\8_main_dig3_20260903-111907.jpg
20260903-111907,dig4,drift,C:\Users\josep\source\repos\AIOTED-digital-rawdigits\20260903\11\6_main_dig4_20260903-111907.jpg
20260903-111907,dig5,drift,C:\Users\josep\source\repos\AIOTED-digital-rawdigits\20260903\11\9_main_dig5_20260903-111907.jpg
20260903-111907,dig6,drift,C:\Users\josep\source\repos\AIOTED-digital-rawdigits\20260903\11\5_main_dig6_20260903-111907.jpg
20260903-113107,dig2,drift,C:\Users\josep\source\repos\AIOTED-digital-rawdigits\20260903\11\5_main_dig2_20260903-113107.jpg
20260903-113107,dig3,drift,C:\Users\josep\source\repos\AIOTED-digital-rawdigits\20260903\11\8_main_dig3_20260903-113107.jpg
20260903-113107,dig4,drift,C:\Users\josep\source\repos\AIOTED-digital-rawdigits\20260903\11\6_main_dig4_20260903-113107.jpg
20260903-113107,dig5,drift,C:\Users\josep\source\repos\AIOTED-digital-rawdigits\20260903\11\9_main_dig5_20260903-113107.jpg
20260903-113107,dig6,drift,C:\Users\josep\source\repos\AIOTED-digital-rawdigits\20260903\11\5_main_dig6_20260903-113107.jpg
20260903-113907,dig2,drift,C:\Users\josep\source\repos\AIOTED-digital-rawdigits\20260903\11\5_main_dig2_20260903-113907.jpg
20260903-113907,dig3,drift,C:\Users\josep\source\repos\AIOTED-digital-rawdigits\20260903\11\8_main_dig3_20260903-113907.jpg
20260903-113907,dig4,drift,C:\Users\josep\source\repos\AIOTED-digital-rawdigits\20260903\11\6_main_dig4_20260903-113907.jpg
20260903-113907,dig5,drift,C:\Users\josep\source\repos\AIOTED-digital-rawdigits\20260903\11\9_main_dig5_20260903-113907.jpg
20260903-113907,dig6,drift,C:\Users\josep\source\repos\AIOTED-digital-rawdigits\20260903\11\5_main_dig6_20260903-113907.jpg
20260903-114307,dig2,drift,C:\Users\josep\source\repos\AIOTED-digital-rawdigits\20260903\11\0_main_dig2_20260903-114307.jpg
20260903-114307,dig3,drift,C:\Users\josep\source\repos\AIOTED-digital-rawdigits\20260903\11\0_main_dig3_20260903-114307.jpg
20260903-114307,dig4,drift,C:\Users\josep\source\repos\AIOTED-digital-rawdigits\20260903\11\0_main_dig4_20260903-114307.jpg
20260903-114307,dig5,drift,C:\Users\josep\source\repos\AIOTED-digital-rawdigits\20260903\11\0_main_dig5_20260903-114307.jpg
20260903-114307,dig6,drift,C:\Users\josep\source\repos\AIOTED-digital-rawdigits\20260903\11\0_main_dig6_20260903-114307.jpg
20260903-115107,dig2,drift,C:\Users\josep\source\repos\AIOTED-digital-rawdigits\20260903\11\5_main_dig2_20260903-115107.jpg
20260903-115107,dig3,drift,C:\Users\josep\source\repos\AIOTED-digital-rawdigits\20260903\11\8_main_dig3_20260903-115107.jpg
20260903-115107,dig4,drift,C:\Users\josep\source\repos\AIOTED-digital-rawdigits\20260903\11\6_main_dig4_20260903-115107.jpg
20260903-115107,dig5,drift,C:\Users\josep\source\repos\AIOTED-digital-rawdigits\20260903\11\9_main_dig5_20260903-115107.jpg
20260903-115107,dig6,drift,C:\Users\josep\source\repos\AIOTED-digital-rawdigits\20260903\11\6_main_dig6_20260903-115107.jpg
20260903-115907,dig2,drift,C:\Users\josep\source\repos\AIOTED-digital-rawdigits\20260903\11\5_main_dig2_20260903-115907.jpg
20260903-115907,dig3,drift,C:\Users\josep\source\repos\AIOTED-digital-rawdigits\20260903\11\8_main_dig3_20260903-115907.jpg
20260903-115907,dig4,drift,C:\Users\josep\source\repos\AIOTED-digital-rawdigits\20260903\11\6_main_dig4_20260903-115907.jpg
20260903-115907,dig5,drift,C:\Users\josep\source\repos\AIOTED-digital-rawdigits\20260903\11\9_main_dig5_20260903-115907.jpg
20260903-115907,dig6,drift,C:\Users\josep\source\repos\AIOTED-digital-rawdigits\20260903\11\6_main_dig6_20260903-115907.jpg
20260903-121107,dig2,drift,C:\Users\josep\source\repos\AIOTED-digital-rawdigits\20260903\12\5_main_dig2_20260903-121107.jpg
20260903-121107,dig3,drift,C:\Users\josep\source\repos\AIOTED-digital-rawdigits\20260903\12\8_main_dig3_20260903-121107.jpg
20260903-121107,dig4,drift,C:\Users\josep\source\repos\AIOTED-digital-rawdigits\20260903\12\6_main_dig4_20260903-121107.jpg
20260903-121107,dig5,drift,C:\Users\josep\source\repos\AIOTED-digital-rawdigits\20260903\12\9_main_dig5_20260903-121107.jpg
20260903-121107,dig6,drift,C:\Users\josep\source\repos\AIOTED-digital-rawdigits\20260903\12\6_main_dig6_20260903-121107.jpg
20260903-121907,dig2,drift,C:\Users\josep\source\repos\AIOTED-digital-rawdigits\20260903\12\5_main_dig2_20260903-121907.jpg
20260903-121907,dig3,drift,C:\Users\josep\source\repos\AIOTED-digital-rawdigits\20260903\12\8_main_dig3_20260903-121907.jpg
20260903-121907,dig4,drift,C:\Users\josep\source\repos\AIOTED-digital-rawdigits\20260903\12\6_main_dig4_20260903-121907.jpg
20260903-121907,dig5,drift,C:\Users\josep\source\repos\AIOTED-digital-rawdigits\20260903\12\9_main_dig5_20260903-121907.jpg
20260903-121907,dig6,drift,C:\Users\josep\source\repos\AIOTED-digital-rawdigits\20260903\12\6_main_dig6_20260903-121907.jpg
20260903-122307,dig2,drift,C:\Users\josep\source\repos\AIOTED-digital-rawdigits\20260903\12\0_main_dig2_20260903-122307.jpg
20260903-122307,dig3,drift,C:\Users\josep\source\repos\AIOTED-digital-rawdigits\20260903\12\0_main_dig3_20260903-122307.jpg
20260903-122307,dig4,drift,C:\Users\josep\source\repos\AIOTED-digital-rawdigits\20260903\12\0_main_dig4_20260903-122307.jpg
20260903-122307,dig5,drift,C:\Users\josep\source\repos\AIOTED-digital-rawdigits\20260903\12\0_main_dig5_20260903-122307.jpg
20260903-122307,dig6,drift,C:\Users\josep\source\repos\AIOTED-digital-rawdigits\20260903\12\0_main_dig6_20260903-122307.jpg
20260903-123107,dig2,drift,C:\Users\josep\source\repos\AIOTED-digital-rawdigits\20260903\12\5_main_dig2_20260903-123107.jpg
20260903-123107,dig3,drift,C:\Users\josep\source\repos\AIOTED-digital-rawdigits\20260903\12\8_main_dig3_20260903-123107.jpg
20260903-123107,dig4,drift,C:\Users\josep\source\repos\AIOTED-digital-rawdigits\20260903\12\6_main_dig4_20260903-123107.jpg
20260903-123107,dig5,drift,C:\Users\josep\source\repos\AIOTED-digital-rawdigits\20260903\12\9_main_dig5_20260903-123107.jpg
20260903-123107,dig6,drift,C:\Users\josep\source\repos\AIOTED-digital-rawdigits\20260903\12\7_main_dig6_20260903-123107.jpg
20260903-123907,dig2,drift,C:\Users\josep\source\repos\AIOTED-digital-rawdigits\20260903\12\5_main_dig2_20260903-123907.jpg
20260903-123907,dig3,drift,C:\Users\josep\source\repos\AIOTED-digital-rawdigits\20260903\12\8_main_dig3_20260903-123907.jpg
20260903-123907,dig4,drift,C:\Users\josep\source\repos\AIOTED-digital-rawdigits\20260903\12\6_main_dig4_20260903-123907.jpg
20260903-123907,dig5,drift,C:\Users\josep\source\repos\AIOTED-digital-rawdigits\20260903\12\9_main_dig5_20260903-123907.jpg
20260903-123907,dig6,drift,C:\Users\josep\source\repos\AIOTED-digital-rawdigits\20260903\12\7_main_dig6_20260903-123907.jpg
20260903-125107,dig2,drift,C:\Users\josep\source\repos\AIOTED-digital-rawdigits\20260903\12\5_main_dig2_20260903-125107.jpg
20260903-125107,dig3,drift,C:\Users\josep\source\repos\AIOTED-digital-rawdigits\20260903\12\8_main_dig3_20260903-125107.jpg
20260903-125107,dig4,drift,C:\Users\josep\source\repos\AIOTED-digital-rawdigits\20260903\12\6_main_dig4_20260903-125107.jpg
20260903-125107,dig5,drift,C:\Users\josep\source\repos\AIOTED-digital-rawdigits\20260903\12\9_main_dig5_20260903-125107.jpg
20260903-125107,dig6,drift,C:\Users\josep\source\repos\AIOTED-digital-rawdigits\20260903\12\7_main_dig6_20260903-125107.jpg
20260903-125907,dig2,drift,C:\Users\josep\source\repos\AIOTED-digital-rawdigits\20260903\12\5_main_dig2_20260903-125907.jpg
20260903-125907,dig3,drift,C:\Users\josep\source\repos\AIOTED-digital-rawdigits\20260903\12\8_main_dig3_20260903-125907.jpg
20260903-125907,dig4,drift,C:\Users\josep\source\repos\AIOTED-digital-rawdigits\20260903\12\6_main_dig4_20260903-125907.jpg
20260903-125907,dig5,drift,C:\Users\josep\source\repos\AIOTED-digital-rawdigits\20260903\12\9_main_dig5_20260903-125907.jpg
20260903-125907,dig6,drift,C:\Users\josep\source\repos\AIOTED-digital-rawdigits\20260903\12\8_main_dig6_20260903-125907.jpg
20260903-131107,dig2,drift,C:\Users\josep\source\repos\AIOTED-digital-rawdigits\20260903\13\5_main_dig2_20260903-131107.jpg
20260903-131107,dig3,drift,C:\Users\josep\source\repos\AIOTED-digital-rawdigits\20260903\13\8_main_dig3_20260903-131107.jpg
20260903-131107,dig4,drift,C:\Users\josep\source\repos\AIOTED-digital-rawdigits\20260903\13\6_main_dig4_20260903-131107.jpg
20260903-131107,dig5,drift,C:\Users\josep\source\repos\AIOTED-digital-rawdigits\20260903\13\9_main_dig5_20260903-131107.jpg
20260903-131107,dig6,drift,C:\Users\josep\source\repos\AIOTED-digital-rawdigits\20260903\13\8_main_dig6_20260903-131107.jpg
20260903-131907,dig2,drift,C:\Users\josep\source\repos\AIOTED-digital-rawdigits\20260903\13\5_main_dig2_20260903-131907.jpg
20260903-131907,dig3,drift,C:\Users\josep\source\repos\AIOTED-digital-rawdigits\20260903\13\8_main_dig3_20260903-131907.jpg
20260903-131907,dig4,drift,C:\Users\josep\source\repos\AIOTED-digital-rawdigits\20260903\13\6_main_dig4_20260903-131907.jpg
20260903-131907,dig5,drift,C:\Users\josep\source\repos\AIOTED-digital-rawdigits\20260903\13\9_main_dig5_20260903-131907.jpg
20260903-131907,dig6,drift,C:\Users\josep\source\repos\AIOTED-digital-rawdigits\20260903\13\8_main_dig6_20260903-131907.jpg
20260903-133107,dig2,drift,C:\Users\josep\source\repos\AIOTED-digital-rawdigits\20260903\13\5_main_dig2_20260903-133107.jpg
20260903-133107,dig3,drift,C:\Users\josep\source\repos\AIOTED-digital-rawdigits\20260903\13\8_main_dig3_20260903-133107.jpg
20260903-133107,dig4,drift,C:\Users\josep\source\repos\AIOTED-digital-rawdigits\20260903\13\6_main_dig4_20260903-133107.jpg
20260903-133107,dig5,drift,C:\Users\josep\source\repos\AIOTED-digital-rawdigits\20260903\13\9_main_dig5_20260903-133107.jpg
20260903-133107,dig6,drift,C:\Users\josep\source\repos\AIOTED-digital-rawdigits\20260903\13\9_main_dig6_20260903-133107.jpg
20260903-133907,dig2,drift,C:\Users\josep\source\repos\AIOTED-digital-rawdigits\20260903\13\5_main_dig2_20260903-133907.jpg
20260903-133907,dig3,drift,C:\Users\josep\source\repos\AIOTED-digital-rawdigits\20260903\13\8_main_dig3_20260903-133907.jpg
20260903-133907,dig4,drift,C:\Users\josep\source\repos\AIOTED-digital-rawdigits\20260903\13\6_main_dig4_20260903-133907.jpg
20260903-133907,dig5,drift,C:\Users\josep\source\repos\AIOTED-digital-rawdigits\20260903\13\9_main_dig5_20260903-133907.jpg
20260903-133907,dig6,drift,C:\Users\josep\source\repos\AIOTED-digital-rawdigits\20260903\13\9_main_dig6_20260903-133907.jpg
20260903-135107,dig2,drift,C:\Users\josep\source\repos\AIOTED-digital-rawdigits\20260903\13\5_main_dig2_20260903-135107.jpg
20260903-135107,dig3,drift,C:\Users\josep\source\repos\AIOTED-digital-rawdigits\20260903\13\8_main_dig3_20260903-135107.jpg
20260903-135107,dig4,drift,C:\Users\josep\source\repos\AIOTED-digital-rawdigits\20260903\13\6_main_dig4_20260903-135107.jpg
20260903-135107,dig5,drift,C:\Users\josep\source\repos\AIOTED-digital-rawdigits\20260903\13\9_main_dig5_20260903-135107.jpg
20260903-135107,dig6,drift,C:\Users\josep\source\repos\AIOTED-digital-rawdigits\20260903\13\9_main_dig6_20260903-135107.jpg
20260903-135907,dig2,drift,C:\Users\josep\source\repos\AIOTED-digital-rawdigits\20260903\13\5_main_dig2_20260903-135907.jpg
20260903-135907,dig3,drift,C:\Users\josep\source\repos\AIOTED-digital-rawdigits\20260903\13\8_main_dig3_20260903-135907.jpg
20260903-135907,dig4,drift,C:\Users\josep\source\repos\AIOTED-digital-rawdigits\20260903\13\7_main_dig4_20260903-135907.jpg
20260903-135907,dig5,drift,C:\Users\josep\source\repos\AIOTED-digital-rawdigits\20260903\13\0_main_dig5_20260903-135907.jpg
20260903-135907,dig6,drift,C:\Users\josep\source\repos\AIOTED-digital-rawdigits\20260903\13\0_main_dig6_20260903-135907.jpg
20260903-143107,dig2,drift,C:\Users\josep\source\repos\AIOTED-digital-rawdigits\20260903\14\5_main_dig2_20260903-143107.jpg
20260903-143107,dig3,drift,C:\Users\josep\source\repos\AIOTED-digital-rawdigits\20260903\14\8_main_dig3_20260903-143107.jpg
20260903-143107,dig4,drift,C:\Users\josep\source\repos\AIOTED-digital-rawdigits\20260903\14\7_main_dig4_20260903-143107.jpg
20260903-143107,dig5,drift,C:\Users\josep\source\repos\AIOTED-digital-rawdigits\20260903\14\0_main_dig5_20260903-143107.jpg
20260903-143107,dig6,drift,C:\Users\josep\source\repos\AIOTED-digital-rawdigits\20260903\14\2_main_dig6_20260903-143107.jpg
20260903-151107,dig2,drift,C:\Users\josep\source\repos\AIOTED-digital-rawdigits\20260903\15\5_main_dig2_20260903-151107.jpg
20260903-151107,dig3,drift,C:\Users\josep\source\repos\AIOTED-digital-rawdigits\20260903\15\8_main_dig3_20260903-151107.jpg
20260903-151107,dig4,drift,C:\Users\josep\source\repos\AIOTED-digital-rawdigits\20260903\15\7_main_dig4_20260903-151107.jpg
20260903-151107,dig5,drift,C:\Users\josep\source\repos\AIOTED-digital-rawdigits\20260903\15\0_main_dig5_20260903-151107.jpg
20260903-151107,dig6,drift,C:\Users\josep\source\repos\AIOTED-digital-rawdigits\20260903\15\3_main_dig6_20260903-151107.jpg
20260903-161907,dig2,drift,C:\Users\josep\source\repos\AIOTED-digital-rawdigits\20260903\16\5_main_dig2_20260903-161907.jpg
20260903-161907,dig3,drift,C:\Users\josep\source\repos\AIOTED-digital-rawdigits\20260903\16\8_main_dig3_20260903-161907.jpg
20260903-161907,dig4,drift,C:\Users\josep\source\repos\AIOTED-digital-rawdigits\20260903\16\7_main_dig4_20260903-161907.jpg
20260903-161907,dig5,drift,C:\Users\josep\source\repos\AIOTED-digital-rawdigits\20260903\16\0_main_dig5_20260903-161907.jpg
20260903-161907,dig6,drift,C:\Users\josep\source\repos\AIOTED-digital-rawdigits\20260903\16\6_main_dig6_20260903-161907.jpg
20260904-055106,dig5,artifact,C:\Users\josep\source\repos\AIOTED-digital-rawdigits\20260904\05\10_main_dig5_20260904-055106.jpg
20260904-055506,dig5,artifact,C:\Users\josep\source\repos\AIOTED-digital-rawdigits\20260904\05\8_main_dig5_20260904-055506.jpg
20260904-061506,dig5,artifact,C:\Users\josep\source\repos\AIOTED-digital-rawdigits\20260904\06\8_main_dig5_20260904-061506.jpg
20260904-062306,dig5,artifact,C:\Users\josep\source\repos\AIOTED-digital-rawdigits\20260904\06\8_main_dig5_20260904-062306.jpg
20260904-063506,dig5,artifact,C:\Users\josep\source\repos\AIOTED-digital-rawdigits\20260904\06\8_main_dig5_20260904-063506.jpg
20260904-064706,dig5,artifact,C:\Users\josep\source\repos\AIOTED-digital-rawdigits\20260904\06\10_main_dig5_20260904-064706.jpg
20260904-065506,dig5,artifact,C:\Users\josep\source\repos\AIOTED-digital-rawdigits\20260904\06\10_main_dig5_20260904-065506.jpg
20260904-070306,dig5,artifact,C:\Users\josep\source\repos\AIOTED-digital-rawdigits\20260904\07\8_main_dig5_20260904-070306.jpg
20260904-070706,dig5,artifact,C:\Users\josep\source\repos\AIOTED-digital-rawdigits\20260904\07\8_main_dig5_20260904-070706.jpg
20260904-072306,dig5,artifact,C:\Users\josep\source\repos\AIOTED-digital-rawdigits\20260904\07\10_main_dig5_20260904-072306.jpg
20260904-073506,dig5,artifact,C:\Users\josep\source\repos\AIOTED-digital-rawdigits\20260904\07\8_main_dig5_20260904-073506.jpg
20260904-074306,dig4,artifact,C:\Users\josep\source\repos\AIOTED-digital-rawdigits\20260904\07\1_main_dig4_20260904-074306.jpg
20260904-074306,dig5,artifact,C:\Users\josep\source\repos\AIOTED-digital-rawdigits\20260904\07\2_main_dig5_20260904-074306.jpg
20260904-074706,dig5,artifact,C:\Users\josep\source\repos\AIOTED-digital-rawdigits\20260904\07\1_main_dig5_20260904-074706.jpg
20260904-074706,dig6,label_unsure,C:\Users\josep\source\repos\AIOTED-digital-rawdigits\20260904\07\6_main_dig6_20260904-074706.jpg
20260904-075506,dig4,artifact,C:\Users\josep\source\repos\AIOTED-digital-rawdigits\20260904\07\1_main_dig4_20260904-075506.jpg
20260904-075506,dig5,artifact,C:\Users\josep\source\repos\AIOTED-digital-rawdigits\20260904\07\1_main_dig5_20260904-075506.jpg
20260904-080306,dig4,artifact,C:\Users\josep\source\repos\AIOTED-digital-rawdigits\20260904\08\1_main_dig4_20260904-080306.jpg
20260904-080306,dig5,artifact,C:\Users\josep\source\repos\AIOTED-digital-rawdigits\20260904\08\2_main_dig5_20260904-080306.jpg
20260904-080706,dig4,artifact,C:\Users\josep\source\repos\AIOTED-digital-rawdigits\20260904\08\1_main_dig4_20260904-080706.jpg
20260904-080706,dig5,artifact,C:\Users\josep\source\repos\AIOTED-digital-rawdigits\20260904\08\2_main_dig5_20260904-080706.jpg
20260904-081506,dig4,artifact,C:\Users\josep\source\repos\AIOTED-digital-rawdigits\20260904\08\1_main_dig4_20260904-081506.jpg
20260904-081506,dig5,artifact,C:\Users\josep\source\repos\AIOTED-digital-rawdigits\20260904\08\2_main_dig5_20260904-081506.jpg
20260904-082306,dig4,artifact,C:\Users\josep\source\repos\AIOTED-digital-rawdigits\20260904\08\1_main_dig4_20260904-082306.jpg
20260904-082306,dig5,artifact,C:\Users\josep\source\repos\AIOTED-digital-rawdigits\20260904\08\8_main_dig5_20260904-082306.jpg
20260904-083106,dig4,artifact,C:\Users\josep\source\repos\AIOTED-digital-rawdigits\20260904\08\6_main_dig4_20260904-083106.jpg
20260904-083506,dig5,artifact,C:\Users\josep\source\repos\AIOTED-digital-rawdigits\20260904\08\7_main_dig5_20260904-083506.jpg
20260904-093105,dig4,artifact,C:\Users\josep\source\repos\AIOTED-digital-rawdigits\20260904\09\6_main_dig4_20260904-093105.jpg
20260904-093505,dig5,artifact,C:\Users\josep\source\repos\AIOTED-digital-rawdigits\20260904\09\8_main_dig5_20260904-093505.jpg
20260904-095505,dig2,drift,C:\Users\josep\source\repos\AIOTED-digital-rawdigits\20260904\09\5_main_dig2_20260904-095505.jpg
20260904-095505,dig3,drift,C:\Users\josep\source\repos\AIOTED-digital-rawdigits\20260904\09\8_main_dig3_20260904-095505.jpg
20260904-095505,dig4,drift,C:\Users\josep\source\repos\AIOTED-digital-rawdigits\20260904\09\7_main_dig4_20260904-095505.jpg
20260904-095505,dig5,drift,C:\Users\josep\source\repos\AIOTED-digital-rawdigits\20260904\09\7_main_dig5_20260904-095505.jpg
20260904-095505,dig6,drift,C:\Users\josep\source\repos\AIOTED-digital-rawdigits\20260904\09\2_main_dig6_20260904-095505.jpg
20260904-101105,dig2,drift,C:\Users\josep\source\repos\AIOTED-digital-rawdigits\20260904\10\8_main_dig2_20260904-101105.jpg
20260904-101105,dig3,drift,C:\Users\josep\source\repos\AIOTED-digital-rawdigits\20260904\10\8_main_dig3_20260904-101105.jpg
20260904-101105,dig4,drift,C:\Users\josep\source\repos\AIOTED-digital-rawdigits\20260904\10\8_main_dig4_20260904-101105.jpg
20260904-101105,dig5,drift,C:\Users\josep\source\repos\AIOTED-digital-rawdigits\20260904\10\0_main_dig5_20260904-101105.jpg
20260904-101105,dig6,drift,C:\Users\josep\source\repos\AIOTED-digital-rawdigits\20260904\10\8_main_dig6_20260904-101105.jpg
20260904-105106,dig2,drift,C:\Users\josep\source\repos\AIOTED-digital-rawdigits\20260904\10\8_main_dig2_20260904-105106.jpg
20260904-105106,dig3,drift,C:\Users\josep\source\repos\AIOTED-digital-rawdigits\20260904\10\8_main_dig3_20260904-105106.jpg
20260904-105106,dig4,drift,C:\Users\josep\source\repos\AIOTED-digital-rawdigits\20260904\10\8_main_dig4_20260904-105106.jpg
20260904-105106,dig5,drift,C:\Users\josep\source\repos\AIOTED-digital-rawdigits\20260904\10\0_main_dig5_20260904-105106.jpg
20260904-105106,dig6,drift,C:\Users\josep\source\repos\AIOTED-digital-rawdigits\20260904\10\8_main_dig6_20260904-105106.jpg
20260904-105506,dig2,drift,C:\Users\josep\source\repos\AIOTED-digital-rawdigits\20260904\10\5_main_dig2_20260904-105506.jpg
20260904-105506,dig3,drift,C:\Users\josep\source\repos\AIOTED-digital-rawdigits\20260904\10\8_main_dig3_20260904-105506.jpg
20260904-105506,dig4,drift,C:\Users\josep\source\repos\AIOTED-digital-rawdigits\20260904\10\7_main_dig4_20260904-105506.jpg
20260904-105506,dig5,drift,C:\Users\josep\source\repos\AIOTED-digital-rawdigits\20260904\10\7_main_dig5_20260904-105506.jpg
20260904-105506,dig6,drift,C:\Users\josep\source\repos\AIOTED-digital-rawdigits\20260904\10\3_main_dig6_20260904-105506.jpg
20260904-110306,dig2,drift,C:\Users\josep\source\repos\AIOTED-digital-rawdigits\20260904\11\5_main_dig2_20260904-110306.jpg
20260904-110306,dig3,drift,C:\Users\josep\source\repos\AIOTED-digital-rawdigits\20260904\11\8_main_dig3_20260904-110306.jpg
20260904-110306,dig4,drift,C:\Users\josep\source\repos\AIOTED-digital-rawdigits\20260904\11\7_main_dig4_20260904-110306.jpg
20260904-110306,dig5,drift,C:\Users\josep\source\repos\AIOTED-digital-rawdigits\20260904\11\7_main_dig5_20260904-110306.jpg
20260904-110306,dig6,drift,C:\Users\josep\source\repos\AIOTED-digital-rawdigits\20260904\11\3_main_dig6_20260904-110306.jpg
20260904-111506,dig2,drift,C:\Users\josep\source\repos\AIOTED-digital-rawdigits\20260904\11\5_main_dig2_20260904-111506.jpg
20260904-111506,dig3,drift,C:\Users\josep\source\repos\AIOTED-digital-rawdigits\20260904\11\8_main_dig3_20260904-111506.jpg
20260904-111506,dig4,drift,C:\Users\josep\source\repos\AIOTED-digital-rawdigits\20260904\11\7_main_dig4_20260904-111506.jpg
20260904-111506,dig5,drift,C:\Users\josep\source\repos\AIOTED-digital-rawdigits\20260904\11\7_main_dig5_20260904-111506.jpg
20260904-111506,dig6,drift,C:\Users\josep\source\repos\AIOTED-digital-rawdigits\20260904\11\3_main_dig6_20260904-111506.jpg
20260904-112306,dig2,drift,C:\Users\josep\source\repos\AIOTED-digital-rawdigits\20260904\11\5_main_dig2_20260904-112306.jpg
20260904-112306,dig3,drift,C:\Users\josep\source\repos\AIOTED-digital-rawdigits\20260904\11\8_main_dig3_20260904-112306.jpg
20260904-112306,dig4,drift,C:\Users\josep\source\repos\AIOTED-digital-rawdigits\20260904\11\7_main_dig4_20260904-112306.jpg
20260904-112306,dig5,drift,C:\Users\josep\source\repos\AIOTED-digital-rawdigits\20260904\11\7_main_dig5_20260904-112306.jpg
20260904-112306,dig6,drift,C:\Users\josep\source\repos\AIOTED-digital-rawdigits\20260904\11\4_main_dig6_20260904-112306.jpg
20260904-113106,dig2,drift,C:\Users\josep\source\repos\AIOTED-digital-rawdigits\20260904\11\5_main_dig2_20260904-113106.jpg
20260904-113106,dig3,drift,C:\Users\josep\source\repos\AIOTED-digital-rawdigits\20260904\11\8_main_dig3_20260904-113106.jpg
20260904-113106,dig4,drift,C:\Users\josep\source\repos\AIOTED-digital-rawdigits\20260904\11\7_main_dig4_20260904-113106.jpg
20260904-113106,dig5,drift,C:\Users\josep\source\repos\AIOTED-digital-rawdigits\20260904\11\7_main_dig5_20260904-113106.jpg
20260904-113106,dig6,drift,C:\Users\josep\source\repos\AIOTED-digital-rawdigits\20260904\11\8_main_dig6_20260904-113106.jpg
20260904-113506,dig2,drift,C:\Users\josep\source\repos\AIOTED-digital-rawdigits\20260904\11\5_main_dig2_20260904-113506.jpg
20260904-113506,dig3,drift,C:\Users\josep\source\repos\AIOTED-digital-rawdigits\20260904\11\8_main_dig3_20260904-113506.jpg
20260904-113506,dig4,drift,C:\Users\josep\source\repos\AIOTED-digital-rawdigits\20260904\11\7_main_dig4_20260904-113506.jpg
20260904-113506,dig5,drift,C:\Users\josep\source\repos\AIOTED-digital-rawdigits\20260904\11\7_main_dig5_20260904-113506.jpg
20260904-113506,dig6,drift,C:\Users\josep\source\repos\AIOTED-digital-rawdigits\20260904\11\4_main_dig6_20260904-113506.jpg
20260904-114306,dig2,drift,C:\Users\josep\source\repos\AIOTED-digital-rawdigits\20260904\11\5_main_dig2_20260904-114306.jpg
20260904-114306,dig3,drift,C:\Users\josep\source\repos\AIOTED-digital-rawdigits\20260904\11\8_main_dig3_20260904-114306.jpg
20260904-114306,dig4,drift,C:\Users\josep\source\repos\AIOTED-digital-rawdigits\20260904\11\7_main_dig4_20260904-114306.jpg
20260904-114306,dig5,drift,C:\Users\josep\source\repos\AIOTED-digital-rawdigits\20260904\11\7_main_dig5_20260904-114306.jpg
20260904-114306,dig6,drift,C:\Users\josep\source\repos\AIOTED-digital-rawdigits\20260904\11\4_main_dig6_20260904-114306.jpg
20260904-115506,dig2,drift,C:\Users\josep\source\repos\AIOTED-digital-rawdigits\20260904\11\5_main_dig2_20260904-115506.jpg
20260904-115506,dig3,drift,C:\Users\josep\source\repos\AIOTED-digital-rawdigits\20260904\11\8_main_dig3_20260904-115506.jpg
20260904-115506,dig4,drift,C:\Users\josep\source\repos\AIOTED-digital-rawdigits\20260904\11\7_main_dig4_20260904-115506.jpg
20260904-115506,dig5,drift,C:\Users\josep\source\repos\AIOTED-digital-rawdigits\20260904\11\7_main_dig5_20260904-115506.jpg
20260904-115506,dig6,drift,C:\Users\josep\source\repos\AIOTED-digital-rawdigits\20260904\11\4_main_dig6_20260904-115506.jpg
20260904-120306,dig2,drift,C:\Users\josep\source\repos\AIOTED-digital-rawdigits\20260904\12\5_main_dig2_20260904-120306.jpg
20260904-120306,dig3,drift,C:\Users\josep\source\repos\AIOTED-digital-rawdigits\20260904\12\8_main_dig3_20260904-120306.jpg
20260904-120306,dig4,drift,C:\Users\josep\source\repos\AIOTED-digital-rawdigits\20260904\12\7_main_dig4_20260904-120306.jpg
20260904-120306,dig5,drift,C:\Users\josep\source\repos\AIOTED-digital-rawdigits\20260904\12\7_main_dig5_20260904-120306.jpg
20260904-120306,dig6,drift,C:\Users\josep\source\repos\AIOTED-digital-rawdigits\20260904\12\5_main_dig6_20260904-120306.jpg
20260904-121506,dig2,drift,C:\Users\josep\source\repos\AIOTED-digital-rawdigits\20260904\12\5_main_dig2_20260904-121506.jpg
20260904-121506,dig3,drift,C:\Users\josep\source\repos\AIOTED-digital-rawdigits\20260904\12\8_main_dig3_20260904-121506.jpg
20260904-121506,dig4,drift,C:\Users\josep\source\repos\AIOTED-digital-rawdigits\20260904\12\7_main_dig4_20260904-121506.jpg
20260904-121506,dig5,drift,C:\Users\josep\source\repos\AIOTED-digital-rawdigits\20260904\12\3_main_dig5_20260904-121506.jpg
20260904-121506,dig6,drift,C:\Users\josep\source\repos\AIOTED-digital-rawdigits\20260904\12\6_main_dig6_20260904-121506.jpg
20260904-122306,dig2,drift,C:\Users\josep\source\repos\AIOTED-digital-rawdigits\20260904\12\5_main_dig2_20260904-122306.jpg
20260904-122306,dig3,drift,C:\Users\josep\source\repos\AIOTED-digital-rawdigits\20260904\12\8_main_dig3_20260904-122306.jpg
20260904-122306,dig4,drift,C:\Users\josep\source\repos\AIOTED-digital-rawdigits\20260904\12\7_main_dig4_20260904-122306.jpg
20260904-122306,dig5,drift,C:\Users\josep\source\repos\AIOTED-digital-rawdigits\20260904\12\3_main_dig5_20260904-122306.jpg
20260904-122306,dig6,drift,C:\Users\josep\source\repos\AIOTED-digital-rawdigits\20260904\12\6_main_dig6_20260904-122306.jpg
20260904-123028,dig2,drift,C:\Users\josep\source\repos\AIOTED-digital-rawdigits\20260904\12\5_main_dig2_20260904-123028.jpg
20260904-123028,dig3,drift,C:\Users\josep\source\repos\AIOTED-digital-rawdigits\20260904\12\8_main_dig3_20260904-123028.jpg
20260904-123028,dig4,drift,C:\Users\josep\source\repos\AIOTED-digital-rawdigits\20260904\12\7_main_dig4_20260904-123028.jpg
20260904-123028,dig5,drift,C:\Users\josep\source\repos\AIOTED-digital-rawdigits\20260904\12\6_main_dig5_20260904-123028.jpg
20260904-123028,dig6,drift,C:\Users\josep\source\repos\AIOTED-digital-rawdigits\20260904\12\6_main_dig6_20260904-123028.jpg
20260904-123428,dig2,drift,C:\Users\josep\source\repos\AIOTED-digital-rawdigits\20260904\12\10_main_dig2_20260904-123428.jpg
20260904-123428,dig3,drift,C:\Users\josep\source\repos\AIOTED-digital-rawdigits\20260904\12\10_main_dig3_20260904-123428.jpg
20260904-123428,dig4,drift,C:\Users\josep\source\repos\AIOTED-digital-rawdigits\20260904\12\10_main_dig4_20260904-123428.jpg
20260904-123428,dig5,drift,C:\Users\josep\source\repos\AIOTED-digital-rawdigits\20260904\12\1_main_dig5_20260904-123428.jpg
20260904-123428,dig6,drift,C:\Users\josep\source\repos\AIOTED-digital-rawdigits\20260904\12\8_main_dig6_20260904-123428.jpg
20260904-124228,dig2,drift,C:\Users\josep\source\repos\AIOTED-digital-rawdigits\20260904\12\0_main_dig2_20260904-124228.jpg
20260904-124228,dig3,drift,C:\Users\josep\source\repos\AIOTED-digital-rawdigits\20260904\12\0_main_dig3_20260904-124228.jpg
20260904-124228,dig4,drift,C:\Users\josep\source\repos\AIOTED-digital-rawdigits\20260904\12\0_main_dig4_20260904-124228.jpg
20260904-124228,dig5,drift,C:\Users\josep\source\repos\AIOTED-digital-rawdigits\20260904\12\0_main_dig5_20260904-124228.jpg
20260904-124228,dig6,drift,C:\Users\josep\source\repos\AIOTED-digital-rawdigits\20260904\12\0_main_dig6_20260904-124228.jpg
20260905-135857,dig2,drift,C:\Users\josep\source\repos\AIOTED-digital-rawdigits\20260905\13\5_main_dig2_20260905-135857.jpg
20260905-135857,dig3,drift,C:\Users\josep\source\repos\AIOTED-digital-rawdigits\20260905\13\8_main_dig3_20260905-135857.jpg
20260905-135857,dig4,drift,C:\Users\josep\source\repos\AIOTED-digital-rawdigits\20260905\13\7_main_dig4_20260905-135857.jpg
20260905-135857,dig5,drift,C:\Users\josep\source\repos\AIOTED-digital-rawdigits\20260905\13\8_main_dig5_20260905-135857.jpg
20260905-135857,dig6,drift,C:\Users\josep\source\repos\AIOTED-digital-rawdigits\20260905\13\0_main_dig6_20260905-135857.jpg
20260905-141057,dig2,drift,C:\Users\josep\source\repos\AIOTED-digital-rawdigits\20260905\14\5_main_dig2_20260905-141057.jpg
20260905-141057,dig3,drift,C:\Users\josep\source\repos\AIOTED-digital-rawdigits\20260905\14\8_main_dig3_20260905-141057.jpg
20260905-141057,dig4,drift,C:\Users\josep\source\repos\AIOTED-digital-rawdigits\20260905\14\7_main_dig4_20260905-141057.jpg
20260905-141057,dig5,drift,C:\Users\josep\source\repos\AIOTED-digital-rawdigits\20260905\14\8_main_dig5_20260905-141057.jpg
20260905-141057,dig6,drift,C:\Users\josep\source\repos\AIOTED-digital-rawdigits\20260905\14\1_main_dig6_20260905-141057.jpg
20260905-141857,dig2,drift,C:\Users\josep\source\repos\AIOTED-digital-rawdigits\20260905\14\5_main_dig2_20260905-141857.jpg
20260905-141857,dig3,drift,C:\Users\josep\source\repos\AIOTED-digital-rawdigits\20260905\14\8_main_dig3_20260905-141857.jpg
20260905-141857,dig4,drift,C:\Users\josep\source\repos\AIOTED-digital-rawdigits\20260905\14\7_main_dig4_20260905-141857.jpg
20260905-141857,dig5,drift,C:\Users\josep\source\repos\AIOTED-digital-rawdigits\20260905\14\8_main_dig5_20260905-141857.jpg
20260905-141857,dig6,drift,C:\Users\josep\source\repos\AIOTED-digital-rawdigits\20260905\14\1_main_dig6_20260905-141857.jpg
20260905-143857,dig2,drift,C:\Users\josep\source\repos\AIOTED-digital-rawdigits\20260905\14\5_main_dig2_20260905-143857.jpg
20260905-143857,dig3,drift,C:\Users\josep\source\repos\AIOTED-digital-rawdigits\20260905\14\8_main_dig3_20260905-143857.jpg
20260905-143857,dig4,drift,C:\Users\josep\source\repos\AIOTED-digital-rawdigits\20260905\14\7_main_dig4_20260905-143857.jpg
20260905-143857,dig5,drift,C:\Users\josep\source\repos\AIOTED-digital-rawdigits\20260905\14\8_main_dig5_20260905-143857.jpg
20260905-143857,dig6,drift,C:\Users\josep\source\repos\AIOTED-digital-rawdigits\20260905\14\2_main_dig6_20260905-143857.jpg
20260905-161057,dig2,drift,C:\Users\josep\source\repos\AIOTED-digital-rawdigits\20260905\16\5_main_dig2_20260905-161057.jpg
20260905-161057,dig3,drift,C:\Users\josep\source\repos\AIOTED-digital-rawdigits\20260905\16\8_main_dig3_20260905-161057.jpg
20260905-161057,dig4,drift,C:\Users\josep\source\repos\AIOTED-digital-rawdigits\20260905\16\7_main_dig4_20260905-161057.jpg
20260905-161057,dig5,drift,C:\Users\josep\source\repos\AIOTED-digital-rawdigits\20260905\16\8_main_dig5_20260905-161057.jpg
20260905-161057,dig6,drift,C:\Users\josep\source\repos\AIOTED-digital-rawdigits\20260905\16\5_main_dig6_20260905-161057.jpg
20260905-163857,dig2,drift,C:\Users\josep\source\repos\AIOTED-digital-rawdigits\20260905\16\5_main_dig2_20260905-163857.jpg
20260905-163857,dig3,drift,C:\Users\josep\source\repos\AIOTED-digital-rawdigits\20260905\16\8_main_dig3_20260905-163857.jpg
20260905-163857,dig4,drift,C:\Users\josep\source\repos\AIOTED-digital-rawdigits\20260905\16\7_main_dig4_20260905-163857.jpg
20260905-163857,dig5,drift,C:\Users\josep\source\repos\AIOTED-digital-rawdigits\20260905\16\8_main_dig5_20260905-163857.jpg
20260905-163857,dig6,drift,C:\Users\josep\source\repos\AIOTED-digital-rawdigits\20260905\16\6_main_dig6_20260905-163857.jpg
20260905-165057,dig2,drift,C:\Users\josep\source\repos\AIOTED-digital-rawdigits\20260905\16\5_main_dig2_20260905-165057.jpg
20260905-165057,dig3,drift,C:\Users\josep\source\repos\AIOTED-digital-rawdigits\20260905\16\8_main_dig3_20260905-165057.jpg
20260905-165057,dig4,drift,C:\Users\josep\source\repos\AIOTED-digital-rawdigits\20260905\16\7_main_dig4_20260905-165057.jpg
20260905-165057,dig5,drift,C:\Users\josep\source\repos\AIOTED-digital-rawdigits\20260905\16\8_main_dig5_20260905-165057.jpg
20260905-165057,dig6,drift,C:\Users\josep\source\repos\AIOTED-digital-rawdigits\20260905\16\6_main_dig6_20260905-165057.jpg
20260912-194058,dig6,label_unsure,C:\Users\josep\source\repos\AIOTED-digital-rawdigits\20260912\19\8_main_dig6_20260912-194058.jpg
20260913-022857,dig6,label_unsure,C:\Users\josep\source\repos\AIOTED-digital-rawdigits\20260913\02\8_main_dig6_20260913-022857.jpg
20260913-042057,dig6,label_unsure,C:\Users\josep\source\repos\AIOTED-digital-rawdigits\20260913\04\6_main_dig6_20260913-042057.jpg
20260914-131738,dig2,drift,C:\Users\josep\source\repos\AIOTED-digital-rawdigits\20260914\13\0_main_dig2_20260914-131738.jpg
20260914-131738,dig3,drift,C:\Users\josep\source\repos\AIOTED-digital-rawdigits\20260914\13\0_main_dig3_20260914-131738.jpg
20260914-131738,dig4,drift,C:\Users\josep\source\repos\AIOTED-digital-rawdigits\20260914\13\0_main_dig4_20260914-131738.jpg
20260914-131738,dig5,drift,C:\Users\josep\source\repos\AIOTED-digital-rawdigits\20260914\13\0_main_dig5_20260914-131738.jpg
20260914-131738,dig6,drift,C:\Users\josep\source\repos\AIOTED-digital-rawdigits\20260914\13\0_main_dig6_20260914-131738.jpg
20260914-135338,dig2,drift,C:\Users\josep\source\repos\AIOTED-digital-rawdigits\20260914\13\5_main_dig2_20260914-135338.jpg
20260914-135338,dig3,drift,C:\Users\josep\source\repos\AIOTED-digital-rawdigits\20260914\13\9_main_dig3_20260914-135338.jpg
20260914-135338,dig4,drift,C:\Users\josep\source\repos\AIOTED-digital-rawdigits\20260914\13\0_main_dig4_20260914-135338.jpg
20260914-135338,dig5,drift,C:\Users\josep\source\repos\AIOTED-digital-rawdigits\20260914\13\7_main_dig5_20260914-135338.jpg
20260914-135338,dig6,drift,C:\Users\josep\source\repos\AIOTED-digital-rawdigits\20260914\13\0_main_dig6_20260914-135338.jpg
20260919-221328,dig6,label_unsure,C:\Users\josep\source\repos\AIOTED-digital-rawdigits\20260919\22\1_main_dig6_20260919-221328.jpg
20260919-222128,dig6,label_unsure,C:\Users\josep\source\repos\AIOTED-digital-rawdigits\20260919\22\1_main_dig6_20260919-222128.jpg
20260919-222928,dig6,label_unsure,C:\Users\josep\source\repos\AIOTED-digital-rawdigits\20260919\22\1_main_dig6_20260919-222928.jpg
20260919-223328,dig6,label_unsure,C:\Users\josep\source\repos\AIOTED-digital-rawdigits\20260919\22\1_main_dig6_20260919-223328.jpg
20260919-230928,dig6,label_unsure,C:\Users\josep\source\repos\AIOTED-digital-rawdigits\20260919\23\1_main_dig6_20260919-230928.jpg
20260920-150527,dig2,drift,C:\Users\josep\source\repos\AIOTED-digital-rawdigits\20260920\15\5_main_dig2_20260920-150527.jpg
20260920-150527,dig3,drift,C:\Users\josep\source\repos\AIOTED-digital-rawdigits\20260920\15\9_main_dig3_20260920-150527.jpg
20260920-150527,dig4,drift,C:\Users\josep\source\repos\AIOTED-digital-rawdigits\20260920\15\2_main_dig4_20260920-150527.jpg
20260920-150527,dig5,drift,C:\Users\josep\source\repos\AIOTED-digital-rawdigits\20260920\15\0_main_dig5_20260920-150527.jpg
20260920-150527,dig6,drift,C:\Users\josep\source\repos\AIOTED-digital-rawdigits\20260920\15\6_main_dig6_20260920-150527.jpg
20260922-104524,dig2,drift,C:\Users\josep\source\repos\AIOTED-digital-rawdigits\20260922\10\5_main_dig2_20260922-104524.jpg
20260922-104524,dig3,drift,C:\Users\josep\source\repos\AIOTED-digital-rawdigits\20260922\10\9_main_dig3_20260922-104524.jpg
20260922-104524,dig4,drift,C:\Users\josep\source\repos\AIOTED-digital-rawdigits\20260922\10\2_main_dig4_20260922-104524.jpg
20260922-104524,dig5,drift,C:\Users\josep\source\repos\AIOTED-digital-rawdigits\20260922\10\4_main_dig5_20260922-104524.jpg
20260922-104524,dig6,drift,C:\Users\josep\source\repos\AIOTED-digital-rawdigits\20260922\10\6_main_dig6_20260922-104524.jpg
20260925-235016,dig6,label_unsure,C:\Users\josep\source\repos\AIOTED-digital-rawdigits\20260925\23\1_main_dig6_20260925-235016.jpg
20260926-004216,dig6,label_unsure,C:\Users\josep\source\repos\AIOTED-digital-rawdigits\20260926\00\1_main_dig6_20260926-004216.jpg
20260926-230614,dig6,label_unsure,C:\Users\josep\source\repos\AIOTED-digital-rawdigits\20260926\23\1_main_dig6_20260926-230614.jpg
20260926-231414,dig6,label_unsure,C:\Users\josep\source\repos\AIOTED-digital-rawdigits\20260926\23\1_main_dig6_20260926-231414.jpg
20260927-013414,dig6,label_unsure,C:\Users\josep\source\repos\AIOTED-digital-rawdigits\20260927\01\2_main_dig6_20260927-013414.jpg
20260928-081041,dig2,drift,C:\Users\josep\source\repos\AIOTED-digital-rawdigits\20260928\08\8_main_dig2_20260928-081041.jpg
20260928-081041,dig3,drift,C:\Users\josep\source\repos\AIOTED-digital-rawdigits\20260928\08\8_main_dig3_20260928-081041.jpg
20260928-081041,dig4,drift,C:\Users\josep\source\repos\AIOTED-digital-rawdigits\20260928\08\8_main_dig4_20260928-081041.jpg
20260928-081041,dig5,drift,C:\Users\josep\source\repos\AIOTED-digital-rawdigits\20260928\08\8_main_dig5_20260928-081041.jpg
20260928-081041,dig6,drift,C:\Users\josep\source\repos\AIOTED-digital-rawdigits\20260928\08\8_main_dig6_20260928-081041.jpg
20260822-182950,dig4,label_unsure,C:\Users\josep\source\repos\AIOTED-digital-rawdigits\20260822\18\8_main_dig4_20260822-182950.jpg
20260803-032409,dig2,drift,C:\Users\josep\source\repos\AIOTED-digital\work\labeled\c\8_main_dig2_20260803-032409.jpg
20260803-032409,dig3,drift,C:\Users\josep\source\repos\AIOTED-digital\work\labeled\c\8_main_dig3_20260803-032409.jpg
20260803-032409,dig4,drift,C:\Users\josep\source\repos\AIOTED-digital\work\labeled\c\8_main_dig4_20260803-032409.jpg
20260803-032409,dig5,drift,
20260803-032409,dig6,drift,
20260804-023125,dig6,label_unsure,C:\Users\josep\source\repos\AIOTED-digital\joes-samples\0_main_dig6_20260804-023125.jpg
20260804-050725,dig5,artifact,C:\Users\josep\source\repos\AIOTED-digital\joes-samples\7_main_dig5_20260804-050725.jpg
20260804-051925,dig5,artifact,C:\Users\josep\source\repos\AIOTED-digital\joes-samples\7_main_dig5_20260804-051925.jpg
20260804-053925,dig5,artifact,C:\Users\josep\source\repos\AIOTED-digital\joes-samples\7_main_dig5_20260804-053925.jpg
20260806-003615,dig6,label_unsure,C:\Users\josep\source\repos\AIOTED-digital\work\labeled\b\9_main_dig6_20260806-003615.jpg
20260816-022202,dig6,label_unsure,C:\Users\josep\source\repos\AIOTED-digital-rawdigits\20260816\02\9_main_dig6_20260816-022202.jpg
20260816-024602,dig6,label_unsure,C:\Users\josep\source\repos\AIOTED-digital-rawdigits\20260816\02\9_main_dig6_20260816-024602.jpg
20260904-003506,dig6,label_unsure,C:\Users\josep\source\repos\AIOTED-digital-rawdigits\20260904\00\9_main_dig6_20260904-003506.jpg
20260904-094305,dig5,artifact,C:\Users\josep\source\repos\AIOTED-digital-rawdigits\20260904\09\3_main_dig5_20260904-094305.jpg
20260907-003124,dig6,label_unsure,C:\Users\josep\source\repos\AIOTED-digital-rawdigits\20260907\00\0_main_dig6_20260907-003124.jpg
20260917-214532,dig6,label_unsure,C:\Users\josep\source\repos\AIOTED-digital-rawdigits\20260917\21\6_main_dig6_20260917-214532.jpg
20260917-224531,dig6,label_unsure,C:\Users\josep\source\repos\AIOTED-digital-rawdigits\20260917\22\6_main_dig6_20260917-224531.jpg
20260919-185329,dig6,label_unsure,C:\Users\josep\source\repos\AIOTED-digital-rawdigits\20260919\18\6_main_dig6_20260919-185329.jpg
20260816-022602,dig6,label_unsure,C:\Users\josep\source\repos\AIOTED-digital-rawdigits\20260816\02\9_main_dig6_20260816-022602.jpg
20260816-024202,dig6,label_unsure,C:\Users\josep\source\repos\AIOTED-digital-rawdigits\20260816\02\9_main_dig6_20260816-024202.jpg
20260822-182950,dig3,label_unsure,C:\Users\josep\source\repos\AIOTED-digital-rawdigits\20260822\18\8_main_dig3_20260822-182950.jpg
20260824-004947,dig6,label_unsure,C:\Users\josep\source\repos\AIOTED-digital-rawdigits\20260824\00\9_main_dig6_20260824-004947.jpg
20260827-235340,dig6,label_unsure,C:\Users\josep\source\repos\AIOTED-digital-rawdigits\20260827\23\9_main_dig6_20260827-235340.jpg
20260829-032938,dig6,label_unsure,C:\Users\josep\source\repos\AIOTED-digital-rawdigits\20260829\03\9_main_dig6_20260829-032938.jpg
20260829-204537,dig6,label_unsure,C:\Users\josep\source\repos\AIOTED-digital-rawdigits\20260829\20\9_main_dig6_20260829-204537.jpg
20260904-210258,dig6,label_unsure,C:\Users\josep\source\repos\AIOTED-digital-rawdigits\20260904\21\8_main_dig6_20260904-210258.jpg
20260804-001925,dig2,drift,C:\Users\josep\source\repos\AIOTED-digital\work\labeled\c\5_main_dig2_20260804-001925.jpg
20260804-001925,dig3,drift,C:\Users\josep\source\repos\AIOTED-digital\work\labeled\c\7_main_dig3_20260804-001925.jpg
20260804-001925,dig4,drift,C:\Users\josep\source\repos\AIOTED-digital\work\labeled\c\5_main_dig4_20260804-001925.jpg
20260804-001925,dig5,drift,C:\Users\josep\source\repos\AIOTED-digital\work\labeled\c\3_main_dig5_20260804-001925.jpg
20260804-001925,dig6,drift,
20260804-002725,dig2,drift,C:\Users\josep\source\repos\AIOTED-digital\work\labeled\c\5_main_dig2_20260804-002725.jpg
20260804-002725,dig3,drift,C:\Users\josep\source\repos\AIOTED-digital\work\labeled\c\7_main_dig3_20260804-002725.jpg
20260804-002725,dig4,drift,C:\Users\josep\source\repos\AIOTED-digital\work\labeled\c\5_main_dig4_20260804-002725.jpg
20260804-002725,dig5,drift,C:\Users\josep\source\repos\AIOTED-digital\work\labeled\c\3_main_dig5_20260804-002725.jpg
20260804-002725,dig6,drift,
20260804-004725,dig2,drift,C:\Users\josep\source\repos\AIOTED-digital\work\labeled\c\5_main_dig2_20260804-004725.jpg
20260804-004725,dig3,drift,C:\Users\josep\source\repos\AIOTED-digital\work\labeled\c\7_main_dig3_20260804-004725.jpg
20260804-004725,dig4,drift,C:\Users\josep\source\repos\AIOTED-digital\work\labeled\c\5_main_dig4_20260804-004725.jpg
20260804-004725,dig5,drift,C:\Users\josep\source\repos\AIOTED-digital\work\labeled\c\3_main_dig5_20260804-004725.jpg
20260804-004725,dig6,drift,
20260804-005925,dig2,drift,C:\Users\josep\source\repos\AIOTED-digital\work\labeled\e\5_main_dig2_20260804-005925.jpg
20260804-005925,dig3,drift,C:\Users\josep\source\repos\AIOTED-digital\work\labeled\e\7_main_dig3_20260804-005925.jpg
20260804-005925,dig4,drift,C:\Users\josep\source\repos\AIOTED-digital\work\labeled\e\5_main_dig4_20260804-005925.jpg
20260804-005925,dig5,drift,C:\Users\josep\source\repos\AIOTED-digital\work\labeled\e\3_main_dig5_20260804-005925.jpg
20260804-005925,dig6,drift,C:\Users\josep\source\repos\AIOTED-digital\work\labeled\e\4_main_dig6_20260804-005925.jpg
20260804-010725,dig2,drift,C:\Users\josep\source\repos\AIOTED-digital\work\labeled\c\5_main_dig2_20260804-010725.jpg
20260804-010725,dig3,drift,C:\Users\josep\source\repos\AIOTED-digital\work\labeled\c\7_main_dig3_20260804-010725.jpg
20260804-010725,dig4,drift,C:\Users\josep\source\repos\AIOTED-digital\work\labeled\c\5_main_dig4_20260804-010725.jpg
20260804-010725,dig5,drift,C:\Users\josep\source\repos\AIOTED-digital\work\labeled\c\3_main_dig5_20260804-010725.jpg
20260804-010725,dig6,drift,C:\Users\josep\source\repos\AIOTED-digital\work\labeled\c\4_main_dig6_20260804-010725.jpg
20260804-012725,dig2,drift,C:\Users\josep\source\repos\AIOTED-digital\work\labeled\c\5_main_dig2_20260804-012725.jpg
20260804-012725,dig3,drift,C:\Users\josep\source\repos\AIOTED-digital\work\labeled\c\7_main_dig3_20260804-012725.jpg
20260804-012725,dig4,drift,C:\Users\josep\source\repos\AIOTED-digital\work\labeled\c\5_main_dig4_20260804-012725.jpg
20260804-012725,dig5,drift,C:\Users\josep\source\repos\AIOTED-digital\work\labeled\c\3_main_dig5_20260804-012725.jpg
20260804-012725,dig6,drift,C:\Users\josep\source\repos\AIOTED-digital\work\labeled\c\4_main_dig6_20260804-012725.jpg
20260804-013925,dig2,drift,C:\Users\josep\source\repos\AIOTED-digital\work\labeled\c\5_main_dig2_20260804-013925.jpg
20260804-013925,dig3,drift,C:\Users\josep\source\repos\AIOTED-digital\work\labeled\c\7_main_dig3_20260804-013925.jpg
20260804-013925,dig4,drift,C:\Users\josep\source\repos\AIOTED-digital\work\labeled\c\5_main_dig4_20260804-013925.jpg
20260804-013925,dig5,drift,C:\Users\josep\source\repos\AIOTED-digital\work\labeled\c\3_main_dig5_20260804-013925.jpg
20260804-013925,dig6,drift,C:\Users\josep\source\repos\AIOTED-digital\work\labeled\c\4_main_dig6_20260804-013925.jpg
20260804-015925,dig2,drift,C:\Users\josep\source\repos\AIOTED-digital\work\labeled\c\5_main_dig2_20260804-015925.jpg
20260804-015925,dig3,drift,C:\Users\josep\source\repos\AIOTED-digital\work\labeled\c\7_main_dig3_20260804-015925.jpg
20260804-015925,dig4,drift,C:\Users\josep\source\repos\AIOTED-digital\work\labeled\c\5_main_dig4_20260804-015925.jpg
20260804-015925,dig5,drift,C:\Users\josep\source\repos\AIOTED-digital\work\labeled\c\3_main_dig5_20260804-015925.jpg
20260804-015925,dig6,drift,C:\Users\josep\source\repos\AIOTED-digital\work\labeled\c\4_main_dig6_20260804-015925.jpg
20260804-020725,dig2,drift,
20260804-020725,dig3,drift,
20260804-020725,dig4,drift,C:\Users\josep\source\repos\AIOTED-digital\work\labeled\e\5_main_dig4_20260804-020725.jpg
20260804-020725,dig5,drift,C:\Users\josep\source\repos\AIOTED-digital\work\labeled\e\3_main_dig5_20260804-020725.jpg
20260804-020725,dig6,drift,C:\Users\josep\source\repos\AIOTED-digital\work\labeled\e\5_main_dig6_20260804-020725.jpg
20260804-023925,dig2,drift,
20260804-023925,dig3,drift,
20260804-023925,dig4,drift,C:\Users\josep\source\repos\AIOTED-digital\work\labeled\e\5_main_dig4_20260804-023925.jpg
20260804-023925,dig5,drift,C:\Users\josep\source\repos\AIOTED-digital\work\labeled\e\3_main_dig5_20260804-023925.jpg
20260804-023925,dig6,drift,C:\Users\josep\source\repos\AIOTED-digital\work\labeled\e\5_main_dig6_20260804-023925.jpg
20260804-025925,dig2,drift,
20260804-025925,dig3,drift,
20260804-025925,dig4,drift,C:\Users\josep\source\repos\AIOTED-digital\work\labeled\e\5_main_dig4_20260804-025925.jpg
20260804-025925,dig5,drift,C:\Users\josep\source\repos\AIOTED-digital\work\labeled\e\3_main_dig5_20260804-025925.jpg
20260804-025925,dig6,drift,C:\Users\josep\source\repos\AIOTED-digital\work\labeled\e\5_main_dig6_20260804-025925.jpg
20260804-031925,dig2,drift,C:\Users\josep\source\repos\AIOTED-digital\work\labeled\e\5_main_dig2_20260804-031925.jpg
20260804-031925,dig3,drift,
20260804-031925,dig4,drift,C:\Users\josep\source\repos\AIOTED-digital\work\labeled\e\5_main_dig4_20260804-031925.jpg
20260804-031925,dig5,drift,C:\Users\josep\source\repos\AIOTED-digital\work\labeled\e\3_main_dig5_20260804-031925.jpg
20260804-031925,dig6,drift,
20260804-041925,dig2,drift,C:\Users\josep\source\repos\AIOTED-digital\work\labeled\c\5_main_dig2_20260804-041925.jpg
20260804-041925,dig3,drift,C:\Users\josep\source\repos\AIOTED-digital\work\labeled\c\7_main_dig3_20260804-041925.jpg
20260804-041925,dig4,drift,C:\Users\josep\source\repos\AIOTED-digital\work\labeled\c\5_main_dig4_20260804-041925.jpg
20260804-041925,dig5,drift,C:\Users\josep\source\repos\AIOTED-digital\work\labeled\c\3_main_dig5_20260804-041925.jpg
20260804-041925,dig6,drift,
20260903-222707,dig2,drift,C:\Users\josep\source\repos\AIOTED-digital-rawdigits\20260903\22\5_main_dig2_20260903-222707.jpg
20260903-222707,dig3,drift,C:\Users\josep\source\repos\AIOTED-digital-rawdigits\20260903\22\8_main_dig3_20260903-222707.jpg
20260903-222707,dig4,drift,C:\Users\josep\source\repos\AIOTED-digital-rawdigits\20260903\22\7_main_dig4_20260903-222707.jpg
20260903-222707,dig5,drift,C:\Users\josep\source\repos\AIOTED-digital-rawdigits\20260903\22\1_main_dig5_20260903-222707.jpg
20260903-222707,dig6,drift,C:\Users\josep\source\repos\AIOTED-digital-rawdigits\20260903\22\1_main_dig6_20260903-222707.jpg
