WARNING: All log messages before absl::InitializeLog() is called are written to STDERR
I0000 00:00:1785523545.879928   27084 port.cc:153] oneDNN custom operations are on. You may see slightly different numerical results due to floating-point round-off errors from different computation orders. To turn them off, set the environment variable `TF_ENABLE_ONEDNN_OPTS=0`.
WARNING: All log messages before absl::InitializeLog() is called are written to STDERR
I0000 00:00:1785523548.779351   27084 port.cc:153] oneDNN custom operations are on. You may see slightly different numerical results due to floating-point round-off errors from different computation orders. To turn them off, set the environment variable `TF_ENABLE_ONEDNN_OPTS=0`.
WARNING:tensorflow:TensorFlow GPU support is not available on native Windows for TensorFlow >= 2.11. Even if CUDA/cuDNN are installed, GPU will not be used. Please use WSL2 or the TensorFlow-DirectML plugin.
dig-class11 graph: 88023 params
upstream 03_data_resize_all-use_for_training: 1290 images
user     04_joe_lcd_20x32: 228 images (49 frames)

fold layout (49 user frames, k=5):
  fold         kwh    test8    zeros  blank09   frames
  0              6        2        1        1       10
  1              5        2        2        1       10
  2              5        2        2        1       10
  3              5        2        1        2       10
  4              5        2        1        1        9

=== fold 1/5: train 2030 (1290 upstream + 185 user x4), val 43 user images ===
Epoch 1/500
508/508 - 3s - 6ms/step - accuracy: 0.2084 - loss: 2.3155 - val_accuracy: 0.1163 - val_loss: 2.2929
Epoch 2/500
508/508 - 2s - 4ms/step - accuracy: 0.2798 - loss: 2.0712 - val_accuracy: 0.5581 - val_loss: 1.2984
Epoch 3/500
508/508 - 2s - 4ms/step - accuracy: 0.4887 - loss: 1.5769 - val_accuracy: 0.6977 - val_loss: 0.9144
Epoch 4/500
508/508 - 2s - 4ms/step - accuracy: 0.5788 - loss: 1.3104 - val_accuracy: 0.9302 - val_loss: 0.3680
Epoch 5/500
508/508 - 2s - 4ms/step - accuracy: 0.6360 - loss: 1.1566 - val_accuracy: 0.8372 - val_loss: 0.3171
Epoch 6/500
508/508 - 2s - 4ms/step - accuracy: 0.6542 - loss: 1.0629 - val_accuracy: 0.9302 - val_loss: 0.1810
Epoch 7/500
508/508 - 2s - 4ms/step - accuracy: 0.6975 - loss: 0.9147 - val_accuracy: 0.9302 - val_loss: 0.1648
Epoch 8/500
508/508 - 2s - 4ms/step - accuracy: 0.7074 - loss: 0.8971 - val_accuracy: 1.0000 - val_loss: 0.0618
Epoch 9/500
508/508 - 2s - 4ms/step - accuracy: 0.7473 - loss: 0.8449 - val_accuracy: 1.0000 - val_loss: 0.0302
Epoch 10/500
508/508 - 2s - 4ms/step - accuracy: 0.7655 - loss: 0.7722 - val_accuracy: 0.9767 - val_loss: 0.1184
Epoch 11/500
508/508 - 2s - 5ms/step - accuracy: 0.7754 - loss: 0.7637 - val_accuracy: 1.0000 - val_loss: 0.0356
Epoch 12/500
508/508 - 2s - 4ms/step - accuracy: 0.7941 - loss: 0.6519 - val_accuracy: 0.9767 - val_loss: 0.0537
Epoch 13/500
508/508 - 2s - 4ms/step - accuracy: 0.7951 - loss: 0.6604 - val_accuracy: 1.0000 - val_loss: 0.0185
Epoch 14/500
508/508 - 2s - 4ms/step - accuracy: 0.8113 - loss: 0.6191 - val_accuracy: 0.9535 - val_loss: 0.1338
Epoch 15/500
508/508 - 2s - 4ms/step - accuracy: 0.7882 - loss: 0.6793 - val_accuracy: 1.0000 - val_loss: 0.0088
Epoch 16/500
508/508 - 2s - 4ms/step - accuracy: 0.8084 - loss: 0.5967 - val_accuracy: 1.0000 - val_loss: 0.0117
Epoch 17/500
508/508 - 3s - 5ms/step - accuracy: 0.8138 - loss: 0.5890 - val_accuracy: 1.0000 - val_loss: 0.0079
Epoch 18/500
508/508 - 3s - 5ms/step - accuracy: 0.8020 - loss: 0.6118 - val_accuracy: 1.0000 - val_loss: 0.0180
Epoch 19/500
508/508 - 3s - 5ms/step - accuracy: 0.8286 - loss: 0.5564 - val_accuracy: 0.9767 - val_loss: 0.0644
Epoch 20/500
508/508 - 3s - 5ms/step - accuracy: 0.8251 - loss: 0.5769 - val_accuracy: 1.0000 - val_loss: 0.0048
Epoch 21/500
508/508 - 3s - 5ms/step - accuracy: 0.8404 - loss: 0.5353 - val_accuracy: 1.0000 - val_loss: 0.0095
Epoch 22/500
508/508 - 3s - 5ms/step - accuracy: 0.8291 - loss: 0.5534 - val_accuracy: 1.0000 - val_loss: 0.0480
Epoch 23/500
508/508 - 3s - 5ms/step - accuracy: 0.8409 - loss: 0.5243 - val_accuracy: 1.0000 - val_loss: 0.0164
Epoch 24/500
508/508 - 3s - 5ms/step - accuracy: 0.8320 - loss: 0.5368 - val_accuracy: 1.0000 - val_loss: 0.0061
Epoch 25/500
508/508 - 2s - 4ms/step - accuracy: 0.8369 - loss: 0.5253 - val_accuracy: 1.0000 - val_loss: 0.0219
Epoch 26/500
508/508 - 2s - 4ms/step - accuracy: 0.8532 - loss: 0.4900 - val_accuracy: 1.0000 - val_loss: 0.0036
Epoch 27/500
508/508 - 2s - 4ms/step - accuracy: 0.8522 - loss: 0.5008 - val_accuracy: 1.0000 - val_loss: 0.0077
Epoch 28/500
508/508 - 2s - 4ms/step - accuracy: 0.8438 - loss: 0.5087 - val_accuracy: 1.0000 - val_loss: 0.0016
Epoch 29/500
508/508 - 2s - 4ms/step - accuracy: 0.8424 - loss: 0.5248 - val_accuracy: 1.0000 - val_loss: 0.0083
Epoch 30/500
508/508 - 2s - 4ms/step - accuracy: 0.8419 - loss: 0.4759 - val_accuracy: 1.0000 - val_loss: 0.0096
Epoch 31/500
508/508 - 2s - 4ms/step - accuracy: 0.8507 - loss: 0.4627 - val_accuracy: 1.0000 - val_loss: 0.0075
Epoch 32/500
508/508 - 2s - 4ms/step - accuracy: 0.8478 - loss: 0.4853 - val_accuracy: 1.0000 - val_loss: 0.0110
Epoch 33/500
508/508 - 2s - 4ms/step - accuracy: 0.8621 - loss: 0.4360 - val_accuracy: 1.0000 - val_loss: 0.0114
Epoch 34/500
508/508 - 2s - 4ms/step - accuracy: 0.8719 - loss: 0.4329 - val_accuracy: 1.0000 - val_loss: 0.0169
Epoch 35/500
508/508 - 3s - 5ms/step - accuracy: 0.8640 - loss: 0.4480 - val_accuracy: 1.0000 - val_loss: 0.0032
Epoch 36/500
508/508 - 3s - 5ms/step - accuracy: 0.8680 - loss: 0.4147 - val_accuracy: 1.0000 - val_loss: 0.0015
Epoch 37/500
508/508 - 3s - 5ms/step - accuracy: 0.8640 - loss: 0.4470 - val_accuracy: 1.0000 - val_loss: 0.0013
Epoch 38/500
508/508 - 3s - 6ms/step - accuracy: 0.8690 - loss: 0.4433 - val_accuracy: 1.0000 - val_loss: 7.4027e-04
Epoch 39/500
508/508 - 4s - 7ms/step - accuracy: 0.8660 - loss: 0.4575 - val_accuracy: 1.0000 - val_loss: 0.0011
Epoch 40/500
508/508 - 3s - 6ms/step - accuracy: 0.8502 - loss: 0.4642 - val_accuracy: 1.0000 - val_loss: 6.3673e-04
Epoch 41/500
508/508 - 3s - 6ms/step - accuracy: 0.8631 - loss: 0.4587 - val_accuracy: 1.0000 - val_loss: 0.0025
Epoch 42/500
508/508 - 3s - 6ms/step - accuracy: 0.8645 - loss: 0.4370 - val_accuracy: 1.0000 - val_loss: 2.5344e-04
Epoch 43/500
508/508 - 3s - 6ms/step - accuracy: 0.8704 - loss: 0.4127 - val_accuracy: 1.0000 - val_loss: 2.3738e-04
Epoch 44/500
508/508 - 3s - 6ms/step - accuracy: 0.8714 - loss: 0.4258 - val_accuracy: 1.0000 - val_loss: 0.0051
Epoch 45/500
508/508 - 3s - 5ms/step - accuracy: 0.8764 - loss: 0.4075 - val_accuracy: 1.0000 - val_loss: 0.0023
Epoch 46/500
508/508 - 3s - 5ms/step - accuracy: 0.8660 - loss: 0.4146 - val_accuracy: 1.0000 - val_loss: 0.0071
Epoch 47/500
508/508 - 3s - 5ms/step - accuracy: 0.8754 - loss: 0.4218 - val_accuracy: 1.0000 - val_loss: 0.0057
Epoch 48/500
508/508 - 3s - 5ms/step - accuracy: 0.8793 - loss: 0.3850 - val_accuracy: 1.0000 - val_loss: 0.0135
Epoch 49/500
508/508 - 3s - 5ms/step - accuracy: 0.8818 - loss: 0.3998 - val_accuracy: 1.0000 - val_loss: 4.8338e-04
Epoch 50/500
508/508 - 3s - 6ms/step - accuracy: 0.8773 - loss: 0.4020 - val_accuracy: 1.0000 - val_loss: 5.3125e-04
Epoch 51/500
508/508 - 3s - 5ms/step - accuracy: 0.8714 - loss: 0.4379 - val_accuracy: 1.0000 - val_loss: 0.0028
Epoch 52/500
508/508 - 3s - 5ms/step - accuracy: 0.8744 - loss: 0.3915 - val_accuracy: 1.0000 - val_loss: 0.0020
Epoch 53/500
508/508 - 3s - 5ms/step - accuracy: 0.8803 - loss: 0.4076 - val_accuracy: 1.0000 - val_loss: 0.0071
Epoch 54/500
508/508 - 3s - 5ms/step - accuracy: 0.8690 - loss: 0.4071 - val_accuracy: 1.0000 - val_loss: 7.8731e-04
Epoch 55/500
508/508 - 3s - 5ms/step - accuracy: 0.8764 - loss: 0.3862 - val_accuracy: 1.0000 - val_loss: 0.0028
Epoch 56/500
508/508 - 3s - 5ms/step - accuracy: 0.8852 - loss: 0.3926 - val_accuracy: 1.0000 - val_loss: 0.0020
Epoch 57/500
508/508 - 3s - 5ms/step - accuracy: 0.8828 - loss: 0.3869 - val_accuracy: 1.0000 - val_loss: 4.3342e-04
Epoch 58/500
508/508 - 3s - 6ms/step - accuracy: 0.8837 - loss: 0.3886 - val_accuracy: 1.0000 - val_loss: 0.0020
Epoch 59/500
508/508 - 3s - 5ms/step - accuracy: 0.8852 - loss: 0.3668 - val_accuracy: 1.0000 - val_loss: 0.0074
Epoch 60/500
508/508 - 3s - 5ms/step - accuracy: 0.8778 - loss: 0.3954 - val_accuracy: 1.0000 - val_loss: 6.4004e-04
Epoch 61/500
508/508 - 3s - 5ms/step - accuracy: 0.8901 - loss: 0.3705 - val_accuracy: 1.0000 - val_loss: 3.6354e-04
Epoch 62/500
508/508 - 3s - 5ms/step - accuracy: 0.8852 - loss: 0.3664 - val_accuracy: 1.0000 - val_loss: 9.2768e-04
Epoch 63/500
508/508 - 3s - 5ms/step - accuracy: 0.8857 - loss: 0.3626 - val_accuracy: 1.0000 - val_loss: 4.1574e-04
Epoch 64/500
508/508 - 3s - 5ms/step - accuracy: 0.8754 - loss: 0.3879 - val_accuracy: 1.0000 - val_loss: 0.0011
Epoch 65/500
508/508 - 3s - 5ms/step - accuracy: 0.8837 - loss: 0.3955 - val_accuracy: 1.0000 - val_loss: 3.8306e-04
Epoch 66/500
508/508 - 3s - 6ms/step - accuracy: 0.8847 - loss: 0.3680 - val_accuracy: 1.0000 - val_loss: 2.7320e-04
Epoch 67/500
508/508 - 3s - 6ms/step - accuracy: 0.8867 - loss: 0.3726 - val_accuracy: 1.0000 - val_loss: 1.9081e-04
Epoch 68/500
508/508 - 3s - 5ms/step - accuracy: 0.8788 - loss: 0.3819 - val_accuracy: 1.0000 - val_loss: 4.3805e-04
Epoch 69/500
508/508 - 3s - 5ms/step - accuracy: 0.8887 - loss: 0.3679 - val_accuracy: 1.0000 - val_loss: 0.0024
Epoch 70/500
508/508 - 3s - 5ms/step - accuracy: 0.8783 - loss: 0.4001 - val_accuracy: 1.0000 - val_loss: 0.0018
Epoch 71/500
508/508 - 3s - 5ms/step - accuracy: 0.8956 - loss: 0.3398 - val_accuracy: 1.0000 - val_loss: 1.6023e-04
Epoch 72/500
508/508 - 3s - 5ms/step - accuracy: 0.8788 - loss: 0.3928 - val_accuracy: 1.0000 - val_loss: 0.0021
Epoch 73/500
508/508 - 3s - 5ms/step - accuracy: 0.8867 - loss: 0.3706 - val_accuracy: 1.0000 - val_loss: 0.0071
Epoch 74/500
508/508 - 3s - 5ms/step - accuracy: 0.8872 - loss: 0.3618 - val_accuracy: 1.0000 - val_loss: 0.0018
Epoch 75/500
508/508 - 3s - 5ms/step - accuracy: 0.8862 - loss: 0.3803 - val_accuracy: 1.0000 - val_loss: 7.9787e-04
Epoch 76/500
508/508 - 3s - 5ms/step - accuracy: 0.8842 - loss: 0.3691 - val_accuracy: 1.0000 - val_loss: 6.4112e-04
Epoch 77/500
508/508 - 3s - 5ms/step - accuracy: 0.8773 - loss: 0.4022 - val_accuracy: 1.0000 - val_loss: 0.0013
Epoch 78/500
508/508 - 3s - 5ms/step - accuracy: 0.8764 - loss: 0.3962 - val_accuracy: 1.0000 - val_loss: 0.0067
Epoch 79/500
508/508 - 3s - 5ms/step - accuracy: 0.8862 - loss: 0.3485 - val_accuracy: 1.0000 - val_loss: 0.0035
Epoch 80/500
508/508 - 3s - 5ms/step - accuracy: 0.9005 - loss: 0.3306 - val_accuracy: 1.0000 - val_loss: 0.0032
Epoch 81/500
508/508 - 3s - 5ms/step - accuracy: 0.8956 - loss: 0.3442 - val_accuracy: 1.0000 - val_loss: 0.0024
Epoch 82/500
508/508 - 3s - 5ms/step - accuracy: 0.8837 - loss: 0.3709 - val_accuracy: 1.0000 - val_loss: 9.4292e-04
Epoch 83/500
508/508 - 3s - 5ms/step - accuracy: 0.8887 - loss: 0.3624 - val_accuracy: 1.0000 - val_loss: 2.5334e-04
Epoch 84/500
508/508 - 3s - 5ms/step - accuracy: 0.9000 - loss: 0.3350 - val_accuracy: 1.0000 - val_loss: 2.9296e-04
Epoch 85/500
508/508 - 3s - 5ms/step - accuracy: 0.8818 - loss: 0.3832 - val_accuracy: 1.0000 - val_loss: 0.0011
Epoch 86/500
508/508 - 3s - 5ms/step - accuracy: 0.9044 - loss: 0.3340 - val_accuracy: 1.0000 - val_loss: 7.0222e-04
Epoch 87/500
508/508 - 3s - 6ms/step - accuracy: 0.8985 - loss: 0.3525 - val_accuracy: 1.0000 - val_loss: 9.8739e-04
Epoch 88/500
508/508 - 3s - 5ms/step - accuracy: 0.8901 - loss: 0.3498 - val_accuracy: 1.0000 - val_loss: 1.3382e-04
Epoch 89/500
508/508 - 3s - 6ms/step - accuracy: 0.8897 - loss: 0.3493 - val_accuracy: 1.0000 - val_loss: 1.4851e-04
Epoch 90/500
508/508 - 3s - 5ms/step - accuracy: 0.8867 - loss: 0.3599 - val_accuracy: 1.0000 - val_loss: 1.4269e-04
Epoch 91/500
508/508 - 3s - 5ms/step - accuracy: 0.8941 - loss: 0.3379 - val_accuracy: 1.0000 - val_loss: 9.9156e-04
Epoch 92/500
508/508 - 3s - 5ms/step - accuracy: 0.8936 - loss: 0.3259 - val_accuracy: 1.0000 - val_loss: 0.0048
Epoch 93/500
508/508 - 3s - 5ms/step - accuracy: 0.8892 - loss: 0.3564 - val_accuracy: 1.0000 - val_loss: 6.5490e-04
Epoch 94/500
508/508 - 3s - 5ms/step - accuracy: 0.8877 - loss: 0.3748 - val_accuracy: 1.0000 - val_loss: 5.0721e-04
Epoch 95/500
508/508 - 3s - 5ms/step - accuracy: 0.8887 - loss: 0.3389 - val_accuracy: 1.0000 - val_loss: 6.2872e-04
Epoch 96/500
508/508 - 3s - 5ms/step - accuracy: 0.8941 - loss: 0.3401 - val_accuracy: 1.0000 - val_loss: 7.9831e-05
Epoch 97/500
508/508 - 3s - 5ms/step - accuracy: 0.9059 - loss: 0.3299 - val_accuracy: 1.0000 - val_loss: 1.6037e-04
Epoch 98/500
508/508 - 3s - 5ms/step - accuracy: 0.8833 - loss: 0.3579 - val_accuracy: 1.0000 - val_loss: 3.8806e-04
Epoch 99/500
508/508 - 3s - 5ms/step - accuracy: 0.8882 - loss: 0.3917 - val_accuracy: 1.0000 - val_loss: 0.0022
Epoch 100/500
508/508 - 3s - 5ms/step - accuracy: 0.8783 - loss: 0.3916 - val_accuracy: 1.0000 - val_loss: 8.9924e-04
Epoch 101/500
508/508 - 3s - 5ms/step - accuracy: 0.9030 - loss: 0.3612 - val_accuracy: 1.0000 - val_loss: 3.7550e-05
Epoch 102/500
508/508 - 3s - 5ms/step - accuracy: 0.8892 - loss: 0.3701 - val_accuracy: 1.0000 - val_loss: 1.2310e-04
Epoch 103/500
508/508 - 3s - 5ms/step - accuracy: 0.8956 - loss: 0.3416 - val_accuracy: 1.0000 - val_loss: 3.9833e-04
Epoch 104/500
508/508 - 3s - 5ms/step - accuracy: 0.8975 - loss: 0.3190 - val_accuracy: 1.0000 - val_loss: 1.3269e-04
Epoch 105/500
508/508 - 2s - 5ms/step - accuracy: 0.8911 - loss: 0.3445 - val_accuracy: 1.0000 - val_loss: 5.3260e-05
Epoch 106/500
508/508 - 2s - 4ms/step - accuracy: 0.8926 - loss: 0.3408 - val_accuracy: 1.0000 - val_loss: 0.0011
Epoch 107/500
508/508 - 3s - 5ms/step - accuracy: 0.8867 - loss: 0.3401 - val_accuracy: 1.0000 - val_loss: 1.7154e-04
Epoch 108/500
508/508 - 3s - 6ms/step - accuracy: 0.9020 - loss: 0.3236 - val_accuracy: 1.0000 - val_loss: 5.9342e-05
Epoch 109/500
508/508 - 3s - 5ms/step - accuracy: 0.8995 - loss: 0.3054 - val_accuracy: 1.0000 - val_loss: 7.8495e-05
Epoch 110/500
508/508 - 2s - 4ms/step - accuracy: 0.9020 - loss: 0.3316 - val_accuracy: 1.0000 - val_loss: 8.8710e-05
Epoch 111/500
508/508 - 2s - 5ms/step - accuracy: 0.9025 - loss: 0.3253 - val_accuracy: 1.0000 - val_loss: 3.0700e-04
Epoch 112/500
508/508 - 2s - 4ms/step - accuracy: 0.8882 - loss: 0.3790 - val_accuracy: 1.0000 - val_loss: 2.0112e-05
Epoch 113/500
508/508 - 2s - 4ms/step - accuracy: 0.9084 - loss: 0.3184 - val_accuracy: 1.0000 - val_loss: 6.1016e-06
Epoch 114/500
508/508 - 2s - 4ms/step - accuracy: 0.8808 - loss: 0.3809 - val_accuracy: 1.0000 - val_loss: 5.0341e-04
Epoch 115/500
508/508 - 2s - 4ms/step - accuracy: 0.8970 - loss: 0.3467 - val_accuracy: 1.0000 - val_loss: 2.2658e-04
Epoch 116/500
508/508 - 3s - 5ms/step - accuracy: 0.9074 - loss: 0.3171 - val_accuracy: 1.0000 - val_loss: 1.9699e-04
Epoch 117/500
508/508 - 3s - 5ms/step - accuracy: 0.9044 - loss: 0.2915 - val_accuracy: 1.0000 - val_loss: 2.3245e-05
Epoch 118/500
508/508 - 3s - 5ms/step - accuracy: 0.9084 - loss: 0.2951 - val_accuracy: 1.0000 - val_loss: 3.4543e-05
Epoch 119/500
508/508 - 3s - 5ms/step - accuracy: 0.9054 - loss: 0.2937 - val_accuracy: 1.0000 - val_loss: 6.5492e-04
Epoch 120/500
508/508 - 3s - 5ms/step - accuracy: 0.9069 - loss: 0.3214 - val_accuracy: 1.0000 - val_loss: 1.8647e-05
Epoch 121/500
508/508 - 3s - 5ms/step - accuracy: 0.8980 - loss: 0.3598 - val_accuracy: 1.0000 - val_loss: 1.0684e-04
Epoch 122/500
508/508 - 3s - 5ms/step - accuracy: 0.8990 - loss: 0.3235 - val_accuracy: 1.0000 - val_loss: 9.2408e-05
Epoch 123/500
508/508 - 3s - 5ms/step - accuracy: 0.8961 - loss: 0.3643 - val_accuracy: 1.0000 - val_loss: 1.4934e-04
Epoch 124/500
508/508 - 3s - 5ms/step - accuracy: 0.8995 - loss: 0.3463 - val_accuracy: 1.0000 - val_loss: 1.3564e-04
Epoch 125/500
508/508 - 3s - 5ms/step - accuracy: 0.8926 - loss: 0.3313 - val_accuracy: 1.0000 - val_loss: 0.0012
Epoch 126/500
508/508 - 3s - 5ms/step - accuracy: 0.9015 - loss: 0.3152 - val_accuracy: 1.0000 - val_loss: 0.0018
Epoch 127/500
508/508 - 3s - 5ms/step - accuracy: 0.9039 - loss: 0.3436 - val_accuracy: 1.0000 - val_loss: 9.7485e-04
Epoch 128/500
508/508 - 3s - 5ms/step - accuracy: 0.8995 - loss: 0.3372 - val_accuracy: 1.0000 - val_loss: 1.9804e-04
Epoch 129/500
508/508 - 3s - 5ms/step - accuracy: 0.8936 - loss: 0.3503 - val_accuracy: 1.0000 - val_loss: 2.7030e-04
Epoch 130/500
508/508 - 3s - 5ms/step - accuracy: 0.9034 - loss: 0.3234 - val_accuracy: 1.0000 - val_loss: 8.9256e-04
Epoch 131/500
508/508 - 3s - 5ms/step - accuracy: 0.9084 - loss: 0.3083 - val_accuracy: 1.0000 - val_loss: 1.3503e-05
Epoch 132/500
508/508 - 3s - 5ms/step - accuracy: 0.8966 - loss: 0.3340 - val_accuracy: 1.0000 - val_loss: 5.2145e-05
Epoch 133/500
508/508 - 3s - 5ms/step - accuracy: 0.9094 - loss: 0.3102 - val_accuracy: 1.0000 - val_loss: 2.3613e-04
Epoch 134/500
508/508 - 3s - 6ms/step - accuracy: 0.8995 - loss: 0.3260 - val_accuracy: 1.0000 - val_loss: 0.0055
Epoch 135/500
508/508 - 3s - 6ms/step - accuracy: 0.8946 - loss: 0.3380 - val_accuracy: 1.0000 - val_loss: 4.0264e-04
Epoch 136/500
508/508 - 3s - 5ms/step - accuracy: 0.9084 - loss: 0.3101 - val_accuracy: 1.0000 - val_loss: 5.7269e-05
Epoch 137/500
508/508 - 3s - 5ms/step - accuracy: 0.9054 - loss: 0.3048 - val_accuracy: 1.0000 - val_loss: 9.9942e-05
Epoch 138/500
508/508 - 3s - 5ms/step - accuracy: 0.8837 - loss: 0.3755 - val_accuracy: 1.0000 - val_loss: 3.2174e-04
Epoch 139/500
508/508 - 3s - 5ms/step - accuracy: 0.9015 - loss: 0.3205 - val_accuracy: 1.0000 - val_loss: 2.7141e-04
Epoch 140/500
508/508 - 3s - 5ms/step - accuracy: 0.9059 - loss: 0.3165 - val_accuracy: 1.0000 - val_loss: 2.6318e-04
Epoch 141/500
508/508 - 3s - 5ms/step - accuracy: 0.8911 - loss: 0.3507 - val_accuracy: 1.0000 - val_loss: 1.1347e-04
Epoch 142/500
508/508 - 3s - 5ms/step - accuracy: 0.9133 - loss: 0.2989 - val_accuracy: 1.0000 - val_loss: 2.7930e-05
Epoch 143/500
508/508 - 3s - 5ms/step - accuracy: 0.9054 - loss: 0.3435 - val_accuracy: 1.0000 - val_loss: 1.9908e-05
Epoch 144/500
508/508 - 3s - 5ms/step - accuracy: 0.8936 - loss: 0.3345 - val_accuracy: 1.0000 - val_loss: 2.7605e-04
Epoch 145/500
508/508 - 3s - 6ms/step - accuracy: 0.9054 - loss: 0.3166 - val_accuracy: 1.0000 - val_loss: 1.2287e-04
Epoch 146/500
508/508 - 3s - 6ms/step - accuracy: 0.9069 - loss: 0.3202 - val_accuracy: 1.0000 - val_loss: 1.6110e-04
Epoch 147/500
508/508 - 3s - 7ms/step - accuracy: 0.9059 - loss: 0.3072 - val_accuracy: 1.0000 - val_loss: 7.3831e-05
Epoch 148/500
508/508 - 3s - 6ms/step - accuracy: 0.9059 - loss: 0.3122 - val_accuracy: 1.0000 - val_loss: 1.8047e-05
Epoch 149/500
508/508 - 3s - 7ms/step - accuracy: 0.9133 - loss: 0.2982 - val_accuracy: 1.0000 - val_loss: 3.5507e-05
Epoch 150/500
508/508 - 4s - 7ms/step - accuracy: 0.8985 - loss: 0.3337 - val_accuracy: 1.0000 - val_loss: 6.5888e-05
Epoch 151/500
508/508 - 4s - 7ms/step - accuracy: 0.9123 - loss: 0.3064 - val_accuracy: 1.0000 - val_loss: 0.0013
Epoch 152/500
508/508 - 4s - 7ms/step - accuracy: 0.8921 - loss: 0.3345 - val_accuracy: 1.0000 - val_loss: 2.3048e-04
Epoch 153/500
508/508 - 4s - 7ms/step - accuracy: 0.9079 - loss: 0.3100 - val_accuracy: 1.0000 - val_loss: 8.3105e-05
Epoch 154/500
508/508 - 4s - 7ms/step - accuracy: 0.8911 - loss: 0.3364 - val_accuracy: 1.0000 - val_loss: 5.4238e-05
Epoch 155/500
508/508 - 4s - 7ms/step - accuracy: 0.9000 - loss: 0.3227 - val_accuracy: 1.0000 - val_loss: 2.2185e-04
Epoch 156/500
508/508 - 4s - 7ms/step - accuracy: 0.9123 - loss: 0.3074 - val_accuracy: 1.0000 - val_loss: 4.4100e-05
Epoch 157/500
508/508 - 3s - 7ms/step - accuracy: 0.9069 - loss: 0.3060 - val_accuracy: 1.0000 - val_loss: 6.3060e-05
Epoch 158/500
508/508 - 4s - 7ms/step - accuracy: 0.8931 - loss: 0.3786 - val_accuracy: 1.0000 - val_loss: 5.3417e-05
Epoch 159/500
508/508 - 4s - 7ms/step - accuracy: 0.9128 - loss: 0.2980 - val_accuracy: 1.0000 - val_loss: 2.9024e-05
Epoch 160/500
508/508 - 4s - 7ms/step - accuracy: 0.9005 - loss: 0.3085 - val_accuracy: 1.0000 - val_loss: 3.1642e-05
Epoch 161/500
508/508 - 4s - 7ms/step - accuracy: 0.8970 - loss: 0.3346 - val_accuracy: 1.0000 - val_loss: 2.8583e-04
Epoch 162/500
508/508 - 4s - 7ms/step - accuracy: 0.8916 - loss: 0.3597 - val_accuracy: 1.0000 - val_loss: 1.0089e-04
Epoch 163/500
508/508 - 4s - 7ms/step - accuracy: 0.9049 - loss: 0.2941 - val_accuracy: 1.0000 - val_loss: 4.3794e-05
Epoch 164/500
508/508 - 4s - 7ms/step - accuracy: 0.9108 - loss: 0.3074 - val_accuracy: 1.0000 - val_loss: 8.3946e-04
Epoch 165/500
508/508 - 3s - 7ms/step - accuracy: 0.9158 - loss: 0.2986 - val_accuracy: 1.0000 - val_loss: 0.0184
Epoch 166/500
508/508 - 3s - 6ms/step - accuracy: 0.9059 - loss: 0.3206 - val_accuracy: 1.0000 - val_loss: 3.4363e-04
Epoch 167/500
508/508 - 4s - 7ms/step - accuracy: 0.9044 - loss: 0.3232 - val_accuracy: 1.0000 - val_loss: 7.1864e-05
Epoch 168/500
508/508 - 3s - 6ms/step - accuracy: 0.9108 - loss: 0.2980 - val_accuracy: 1.0000 - val_loss: 3.4777e-05
Epoch 169/500
508/508 - 3s - 7ms/step - accuracy: 0.9059 - loss: 0.3236 - val_accuracy: 1.0000 - val_loss: 2.3352e-04
Epoch 170/500
508/508 - 3s - 7ms/step - accuracy: 0.9094 - loss: 0.2950 - val_accuracy: 1.0000 - val_loss: 1.0644e-05
Epoch 171/500
508/508 - 3s - 7ms/step - accuracy: 0.8961 - loss: 0.2909 - val_accuracy: 1.0000 - val_loss: 1.1443e-04
Epoch 172/500
508/508 - 3s - 7ms/step - accuracy: 0.9025 - loss: 0.3456 - val_accuracy: 1.0000 - val_loss: 8.5991e-04
Epoch 173/500
508/508 - 3s - 6ms/step - accuracy: 0.9089 - loss: 0.2879 - val_accuracy: 1.0000 - val_loss: 2.1956e-06
Epoch 174/500
508/508 - 3s - 6ms/step - accuracy: 0.9049 - loss: 0.3351 - val_accuracy: 1.0000 - val_loss: 2.6330e-05
Epoch 175/500
508/508 - 3s - 6ms/step - accuracy: 0.9044 - loss: 0.3035 - val_accuracy: 1.0000 - val_loss: 0.0161
Epoch 176/500
508/508 - 3s - 7ms/step - accuracy: 0.9064 - loss: 0.3091 - val_accuracy: 1.0000 - val_loss: 1.4292e-05
Epoch 177/500
508/508 - 3s - 7ms/step - accuracy: 0.8975 - loss: 0.3461 - val_accuracy: 1.0000 - val_loss: 0.0134
Epoch 178/500
508/508 - 3s - 6ms/step - accuracy: 0.9020 - loss: 0.3327 - val_accuracy: 1.0000 - val_loss: 4.2416e-06
Epoch 179/500
508/508 - 3s - 7ms/step - accuracy: 0.9049 - loss: 0.3072 - val_accuracy: 1.0000 - val_loss: 3.6872e-05
Epoch 180/500
508/508 - 3s - 7ms/step - accuracy: 0.9049 - loss: 0.3369 - val_accuracy: 1.0000 - val_loss: 2.2251e-05
Epoch 181/500
508/508 - 3s - 6ms/step - accuracy: 0.9015 - loss: 0.3035 - val_accuracy: 1.0000 - val_loss: 7.6982e-06
Epoch 182/500
508/508 - 3s - 6ms/step - accuracy: 0.9074 - loss: 0.3263 - val_accuracy: 1.0000 - val_loss: 4.2826e-05
Epoch 183/500
508/508 - 3s - 6ms/step - accuracy: 0.8975 - loss: 0.3359 - val_accuracy: 1.0000 - val_loss: 1.8749e-04
Epoch 184/500
508/508 - 3s - 6ms/step - accuracy: 0.8995 - loss: 0.3408 - val_accuracy: 1.0000 - val_loss: 3.5331e-05
Epoch 185/500
508/508 - 3s - 6ms/step - accuracy: 0.9207 - loss: 0.2742 - val_accuracy: 1.0000 - val_loss: 4.2105e-05
Epoch 186/500
508/508 - 3s - 6ms/step - accuracy: 0.9015 - loss: 0.3227 - val_accuracy: 1.0000 - val_loss: 4.9789e-06
Epoch 187/500
508/508 - 3s - 6ms/step - accuracy: 0.9089 - loss: 0.3104 - val_accuracy: 1.0000 - val_loss: 2.3730e-06
Epoch 188/500
508/508 - 3s - 6ms/step - accuracy: 0.9054 - loss: 0.3334 - val_accuracy: 1.0000 - val_loss: 0.0066
Epoch 189/500
508/508 - 3s - 7ms/step - accuracy: 0.9084 - loss: 0.2943 - val_accuracy: 1.0000 - val_loss: 6.6530e-06
Epoch 190/500
508/508 - 4s - 7ms/step - accuracy: 0.9020 - loss: 0.3064 - val_accuracy: 1.0000 - val_loss: 6.4141e-05
Epoch 191/500
508/508 - 3s - 6ms/step - accuracy: 0.9000 - loss: 0.3255 - val_accuracy: 1.0000 - val_loss: 3.8747e-05
Epoch 192/500
508/508 - 3s - 6ms/step - accuracy: 0.9074 - loss: 0.3166 - val_accuracy: 1.0000 - val_loss: 4.0502e-06
Epoch 193/500
508/508 - 3s - 7ms/step - accuracy: 0.8951 - loss: 0.3295 - val_accuracy: 1.0000 - val_loss: 4.8624e-06
Epoch 194/500
508/508 - 3s - 6ms/step - accuracy: 0.9138 - loss: 0.2863 - val_accuracy: 1.0000 - val_loss: 2.0889e-05
Epoch 195/500
508/508 - 4s - 7ms/step - accuracy: 0.8936 - loss: 0.3422 - val_accuracy: 1.0000 - val_loss: 0.0033
Epoch 196/500
508/508 - 3s - 7ms/step - accuracy: 0.9138 - loss: 0.2964 - val_accuracy: 1.0000 - val_loss: 6.3401e-06
Epoch 197/500
508/508 - 3s - 6ms/step - accuracy: 0.9074 - loss: 0.2996 - val_accuracy: 1.0000 - val_loss: 0.0013
Epoch 198/500
508/508 - 3s - 7ms/step - accuracy: 0.8995 - loss: 0.3148 - val_accuracy: 1.0000 - val_loss: 3.5887e-04
Epoch 199/500
508/508 - 3s - 6ms/step - accuracy: 0.9005 - loss: 0.3237 - val_accuracy: 1.0000 - val_loss: 1.6126e-04
Epoch 200/500
508/508 - 3s - 7ms/step - accuracy: 0.9202 - loss: 0.3149 - val_accuracy: 1.0000 - val_loss: 1.2022e-04
Epoch 201/500
508/508 - 4s - 7ms/step - accuracy: 0.9094 - loss: 0.2917 - val_accuracy: 1.0000 - val_loss: 1.7690e-05
Epoch 202/500
508/508 - 4s - 7ms/step - accuracy: 0.9118 - loss: 0.3021 - val_accuracy: 1.0000 - val_loss: 5.6657e-04
Epoch 203/500
508/508 - 4s - 7ms/step - accuracy: 0.9158 - loss: 0.3143 - val_accuracy: 1.0000 - val_loss: 5.2004e-06
Epoch 204/500
508/508 - 4s - 7ms/step - accuracy: 0.9064 - loss: 0.2921 - val_accuracy: 1.0000 - val_loss: 1.5803e-05
Epoch 205/500
508/508 - 4s - 7ms/step - accuracy: 0.9207 - loss: 0.2791 - val_accuracy: 1.0000 - val_loss: 9.3411e-05
Epoch 206/500
508/508 - 4s - 7ms/step - accuracy: 0.9128 - loss: 0.3123 - val_accuracy: 1.0000 - val_loss: 7.0242e-06
Epoch 207/500
508/508 - 4s - 8ms/step - accuracy: 0.8966 - loss: 0.3420 - val_accuracy: 1.0000 - val_loss: 8.9813e-06
Epoch 208/500
508/508 - 4s - 8ms/step - accuracy: 0.9059 - loss: 0.3153 - val_accuracy: 1.0000 - val_loss: 1.3085e-06
Epoch 209/500
508/508 - 4s - 7ms/step - accuracy: 0.9039 - loss: 0.3056 - val_accuracy: 1.0000 - val_loss: 1.1114e-04
Epoch 210/500
508/508 - 4s - 7ms/step - accuracy: 0.9143 - loss: 0.2835 - val_accuracy: 1.0000 - val_loss: 1.6550e-06
Epoch 211/500
508/508 - 4s - 7ms/step - accuracy: 0.9064 - loss: 0.3159 - val_accuracy: 1.0000 - val_loss: 1.0810e-05
Epoch 212/500
508/508 - 4s - 8ms/step - accuracy: 0.8970 - loss: 0.3296 - val_accuracy: 1.0000 - val_loss: 3.5214e-05
Epoch 213/500
508/508 - 4s - 7ms/step - accuracy: 0.9030 - loss: 0.3052 - val_accuracy: 1.0000 - val_loss: 4.9026e-05
Epoch 214/500
508/508 - 3s - 6ms/step - accuracy: 0.9044 - loss: 0.3315 - val_accuracy: 1.0000 - val_loss: 7.0374e-05
Epoch 215/500
508/508 - 3s - 6ms/step - accuracy: 0.9044 - loss: 0.3143 - val_accuracy: 1.0000 - val_loss: 1.6299e-05
Epoch 216/500
508/508 - 3s - 6ms/step - accuracy: 0.9079 - loss: 0.2957 - val_accuracy: 1.0000 - val_loss: 2.7168e-06
Epoch 217/500
508/508 - 3s - 6ms/step - accuracy: 0.9167 - loss: 0.2949 - val_accuracy: 1.0000 - val_loss: 5.6965e-06
Epoch 218/500
508/508 - 3s - 6ms/step - accuracy: 0.8946 - loss: 0.3506 - val_accuracy: 1.0000 - val_loss: 1.4047e-04
Epoch 219/500
508/508 - 3s - 6ms/step - accuracy: 0.8975 - loss: 0.3216 - val_accuracy: 1.0000 - val_loss: 2.5078e-04
Epoch 220/500
508/508 - 5s - 10ms/step - accuracy: 0.8980 - loss: 0.3240 - val_accuracy: 1.0000 - val_loss: 1.9569e-04
Epoch 221/500
508/508 - 3s - 7ms/step - accuracy: 0.9064 - loss: 0.3418 - val_accuracy: 1.0000 - val_loss: 6.6131e-05
Epoch 222/500
508/508 - 3s - 7ms/step - accuracy: 0.9069 - loss: 0.3067 - val_accuracy: 1.0000 - val_loss: 6.6389e-06
Epoch 223/500
508/508 - 3s - 7ms/step - accuracy: 0.9059 - loss: 0.3211 - val_accuracy: 1.0000 - val_loss: 4.7703e-05
Epoch 224/500
508/508 - 4s - 7ms/step - accuracy: 0.9089 - loss: 0.3060 - val_accuracy: 1.0000 - val_loss: 6.4338e-05
Epoch 225/500
508/508 - 3s - 7ms/step - accuracy: 0.9044 - loss: 0.3398 - val_accuracy: 1.0000 - val_loss: 1.4472e-04
Epoch 226/500
508/508 - 4s - 8ms/step - accuracy: 0.9133 - loss: 0.2988 - val_accuracy: 1.0000 - val_loss: 1.2268e-05
Epoch 227/500
508/508 - 4s - 7ms/step - accuracy: 0.9015 - loss: 0.3253 - val_accuracy: 1.0000 - val_loss: 7.6394e-04
Epoch 228/500
508/508 - 3s - 6ms/step - accuracy: 0.9108 - loss: 0.3122 - val_accuracy: 1.0000 - val_loss: 8.2209e-05
Epoch 229/500
508/508 - 3s - 6ms/step - accuracy: 0.9128 - loss: 0.3071 - val_accuracy: 1.0000 - val_loss: 1.0786e-04
Epoch 230/500
508/508 - 3s - 6ms/step - accuracy: 0.9079 - loss: 0.3019 - val_accuracy: 1.0000 - val_loss: 8.3411e-06
Epoch 231/500
508/508 - 3s - 5ms/step - accuracy: 0.9089 - loss: 0.3226 - val_accuracy: 0.9767 - val_loss: 0.0287
Epoch 232/500
508/508 - 3s - 5ms/step - accuracy: 0.8966 - loss: 0.3355 - val_accuracy: 1.0000 - val_loss: 1.2877e-04
Epoch 233/500
508/508 - 3s - 5ms/step - accuracy: 0.9064 - loss: 0.3163 - val_accuracy: 1.0000 - val_loss: 1.3530e-05
Epoch 234/500
508/508 - 4s - 7ms/step - accuracy: 0.9000 - loss: 0.3009 - val_accuracy: 1.0000 - val_loss: 3.6620e-06
Epoch 235/500
508/508 - 4s - 8ms/step - accuracy: 0.9025 - loss: 0.3200 - val_accuracy: 1.0000 - val_loss: 1.8531e-04
Epoch 236/500
508/508 - 3s - 7ms/step - accuracy: 0.9074 - loss: 0.3077 - val_accuracy: 1.0000 - val_loss: 1.0790e-04
Epoch 237/500
508/508 - 3s - 6ms/step - accuracy: 0.8975 - loss: 0.3610 - val_accuracy: 1.0000 - val_loss: 9.6408e-06
Epoch 238/500
508/508 - 4s - 8ms/step - accuracy: 0.9128 - loss: 0.2922 - val_accuracy: 1.0000 - val_loss: 1.2959e-05
Epoch 239/500
508/508 - 4s - 8ms/step - accuracy: 0.9074 - loss: 0.3554 - val_accuracy: 1.0000 - val_loss: 1.1803e-04
Epoch 240/500
508/508 - 4s - 7ms/step - accuracy: 0.9015 - loss: 0.3105 - val_accuracy: 1.0000 - val_loss: 2.1089e-05
Epoch 241/500
508/508 - 4s - 7ms/step - accuracy: 0.8990 - loss: 0.3534 - val_accuracy: 1.0000 - val_loss: 4.1144e-04
Epoch 242/500
508/508 - 4s - 7ms/step - accuracy: 0.9059 - loss: 0.3115 - val_accuracy: 1.0000 - val_loss: 9.0159e-05
Epoch 243/500
508/508 - 4s - 7ms/step - accuracy: 0.9089 - loss: 0.3092 - val_accuracy: 1.0000 - val_loss: 9.8190e-06
Epoch 244/500
508/508 - 3s - 7ms/step - accuracy: 0.9049 - loss: 0.3384 - val_accuracy: 1.0000 - val_loss: 1.1448e-05
Epoch 245/500
508/508 - 3s - 6ms/step - accuracy: 0.8926 - loss: 0.3502 - val_accuracy: 1.0000 - val_loss: 3.9865e-06
Epoch 246/500
508/508 - 3s - 7ms/step - accuracy: 0.9044 - loss: 0.3481 - val_accuracy: 1.0000 - val_loss: 1.9018e-06
Epoch 247/500
508/508 - 3s - 7ms/step - accuracy: 0.9099 - loss: 0.2844 - val_accuracy: 1.0000 - val_loss: 2.4257e-06
Epoch 248/500
508/508 - 3s - 6ms/step - accuracy: 0.9118 - loss: 0.3000 - val_accuracy: 1.0000 - val_loss: 7.2020e-06
Epoch 249/500
508/508 - 3s - 7ms/step - accuracy: 0.9133 - loss: 0.2985 - val_accuracy: 1.0000 - val_loss: 8.5942e-08
Epoch 250/500
508/508 - 3s - 6ms/step - accuracy: 0.9094 - loss: 0.3044 - val_accuracy: 1.0000 - val_loss: 1.5021e-04
Epoch 251/500
508/508 - 4s - 7ms/step - accuracy: 0.9025 - loss: 0.3227 - val_accuracy: 1.0000 - val_loss: 4.4355e-06
Epoch 252/500
508/508 - 4s - 7ms/step - accuracy: 0.9138 - loss: 0.3005 - val_accuracy: 1.0000 - val_loss: 9.0145e-05
Epoch 253/500
508/508 - 4s - 7ms/step - accuracy: 0.9118 - loss: 0.2950 - val_accuracy: 1.0000 - val_loss: 1.1560e-06
Epoch 254/500
508/508 - 4s - 8ms/step - accuracy: 0.8995 - loss: 0.3348 - val_accuracy: 1.0000 - val_loss: 5.7246e-06
Epoch 255/500
508/508 - 4s - 7ms/step - accuracy: 0.9099 - loss: 0.3190 - val_accuracy: 1.0000 - val_loss: 8.4270e-06
Epoch 256/500
508/508 - 4s - 8ms/step - accuracy: 0.9089 - loss: 0.3184 - val_accuracy: 1.0000 - val_loss: 1.4775e-05
Epoch 257/500
508/508 - 4s - 7ms/step - accuracy: 0.9128 - loss: 0.3135 - val_accuracy: 1.0000 - val_loss: 9.6104e-06
Epoch 258/500
508/508 - 4s - 7ms/step - accuracy: 0.9054 - loss: 0.3228 - val_accuracy: 1.0000 - val_loss: 2.2261e-06
Epoch 259/500
508/508 - 4s - 7ms/step - accuracy: 0.9025 - loss: 0.3087 - val_accuracy: 1.0000 - val_loss: 7.7752e-06
Epoch 260/500
508/508 - 4s - 7ms/step - accuracy: 0.9227 - loss: 0.2867 - val_accuracy: 1.0000 - val_loss: 6.3961e-05
Epoch 261/500
508/508 - 4s - 7ms/step - accuracy: 0.9084 - loss: 0.3342 - val_accuracy: 1.0000 - val_loss: 3.0836e-04
Epoch 262/500
508/508 - 4s - 7ms/step - accuracy: 0.9163 - loss: 0.2974 - val_accuracy: 1.0000 - val_loss: 9.4258e-07
Epoch 263/500
508/508 - 4s - 8ms/step - accuracy: 0.9232 - loss: 0.2957 - val_accuracy: 1.0000 - val_loss: 1.6745e-05
Epoch 264/500
508/508 - 4s - 7ms/step - accuracy: 0.8961 - loss: 0.3470 - val_accuracy: 1.0000 - val_loss: 4.6740e-06
Epoch 265/500
508/508 - 4s - 7ms/step - accuracy: 0.9059 - loss: 0.2965 - val_accuracy: 1.0000 - val_loss: 2.2649e-06
Epoch 266/500
508/508 - 4s - 7ms/step - accuracy: 0.9030 - loss: 0.3397 - val_accuracy: 1.0000 - val_loss: 8.8953e-05
Epoch 267/500
508/508 - 4s - 7ms/step - accuracy: 0.9059 - loss: 0.3106 - val_accuracy: 1.0000 - val_loss: 9.5555e-05
Epoch 268/500
508/508 - 4s - 7ms/step - accuracy: 0.9039 - loss: 0.3199 - val_accuracy: 1.0000 - val_loss: 1.7624e-05
Epoch 269/500
508/508 - 4s - 7ms/step - accuracy: 0.9015 - loss: 0.3207 - val_accuracy: 1.0000 - val_loss: 2.1066e-05
Epoch 270/500
508/508 - 4s - 8ms/step - accuracy: 0.9010 - loss: 0.3225 - val_accuracy: 1.0000 - val_loss: 1.2915e-05
Epoch 271/500
508/508 - 4s - 8ms/step - accuracy: 0.9118 - loss: 0.3287 - val_accuracy: 1.0000 - val_loss: 3.0356e-04
Epoch 272/500
508/508 - 4s - 8ms/step - accuracy: 0.9187 - loss: 0.2748 - val_accuracy: 1.0000 - val_loss: 1.6119e-05
Epoch 273/500
508/508 - 4s - 7ms/step - accuracy: 0.9182 - loss: 0.3115 - val_accuracy: 1.0000 - val_loss: 0.0013
Epoch 274/500
508/508 - 4s - 7ms/step - accuracy: 0.9148 - loss: 0.2820 - val_accuracy: 1.0000 - val_loss: 5.3225e-06
Epoch 275/500
508/508 - 4s - 8ms/step - accuracy: 0.9079 - loss: 0.3484 - val_accuracy: 1.0000 - val_loss: 4.3237e-05
Epoch 276/500
508/508 - 4s - 7ms/step - accuracy: 0.9059 - loss: 0.3258 - val_accuracy: 1.0000 - val_loss: 2.0418e-04
Epoch 277/500
508/508 - 4s - 7ms/step - accuracy: 0.9158 - loss: 0.2881 - val_accuracy: 1.0000 - val_loss: 1.3397e-05
Epoch 278/500
508/508 - 4s - 8ms/step - accuracy: 0.9128 - loss: 0.2919 - val_accuracy: 1.0000 - val_loss: 1.3343e-04
Epoch 279/500
508/508 - 4s - 8ms/step - accuracy: 0.9054 - loss: 0.3483 - val_accuracy: 1.0000 - val_loss: 6.2869e-04
Epoch 280/500
508/508 - 4s - 8ms/step - accuracy: 0.9108 - loss: 0.3166 - val_accuracy: 1.0000 - val_loss: 6.9841e-05
Epoch 281/500
508/508 - 4s - 8ms/step - accuracy: 0.9153 - loss: 0.2871 - val_accuracy: 1.0000 - val_loss: 5.9392e-04
Epoch 282/500
508/508 - 4s - 8ms/step - accuracy: 0.9020 - loss: 0.3196 - val_accuracy: 1.0000 - val_loss: 5.0123e-05
Epoch 283/500
508/508 - 4s - 8ms/step - accuracy: 0.9202 - loss: 0.2702 - val_accuracy: 1.0000 - val_loss: 4.9898e-05
Epoch 284/500
508/508 - 4s - 7ms/step - accuracy: 0.9030 - loss: 0.3410 - val_accuracy: 1.0000 - val_loss: 1.0386e-05
Epoch 285/500
508/508 - 4s - 7ms/step - accuracy: 0.9089 - loss: 0.3085 - val_accuracy: 1.0000 - val_loss: 1.2959e-05
Epoch 286/500
508/508 - 4s - 7ms/step - accuracy: 0.9118 - loss: 0.2982 - val_accuracy: 1.0000 - val_loss: 8.1595e-05
Epoch 287/500
508/508 - 4s - 8ms/step - accuracy: 0.9148 - loss: 0.2790 - val_accuracy: 1.0000 - val_loss: 6.9585e-07
Epoch 288/500
508/508 - 4s - 8ms/step - accuracy: 0.9128 - loss: 0.2989 - val_accuracy: 1.0000 - val_loss: 1.9767e-05
Epoch 289/500
508/508 - 4s - 8ms/step - accuracy: 0.9148 - loss: 0.3048 - val_accuracy: 1.0000 - val_loss: 3.2351e-06
Epoch 290/500
508/508 - 4s - 8ms/step - accuracy: 0.9143 - loss: 0.2836 - val_accuracy: 1.0000 - val_loss: 1.6409e-04
Epoch 291/500
508/508 - 4s - 7ms/step - accuracy: 0.9108 - loss: 0.3239 - val_accuracy: 1.0000 - val_loss: 5.0232e-06
Epoch 292/500
508/508 - 4s - 8ms/step - accuracy: 0.8966 - loss: 0.3228 - val_accuracy: 1.0000 - val_loss: 2.8567e-05
Epoch 293/500
508/508 - 4s - 8ms/step - accuracy: 0.9044 - loss: 0.3342 - val_accuracy: 1.0000 - val_loss: 1.1644e-06
Epoch 294/500
508/508 - 4s - 8ms/step - accuracy: 0.9054 - loss: 0.3108 - val_accuracy: 1.0000 - val_loss: 1.2032e-06
Epoch 295/500
508/508 - 4s - 8ms/step - accuracy: 0.8970 - loss: 0.3302 - val_accuracy: 1.0000 - val_loss: 4.3580e-06
Epoch 296/500
508/508 - 4s - 8ms/step - accuracy: 0.9177 - loss: 0.2863 - val_accuracy: 1.0000 - val_loss: 8.1579e-06
Epoch 297/500
508/508 - 4s - 7ms/step - accuracy: 0.9030 - loss: 0.3433 - val_accuracy: 1.0000 - val_loss: 7.6787e-06
Epoch 298/500
508/508 - 4s - 7ms/step - accuracy: 0.9074 - loss: 0.2987 - val_accuracy: 1.0000 - val_loss: 1.8297e-06
Epoch 299/500
508/508 - 4s - 7ms/step - accuracy: 0.9074 - loss: 0.3190 - val_accuracy: 1.0000 - val_loss: 5.6852e-05
Epoch 300/500
508/508 - 4s - 8ms/step - accuracy: 0.8985 - loss: 0.3202 - val_accuracy: 1.0000 - val_loss: 6.4514e-04
Epoch 301/500
508/508 - 4s - 7ms/step - accuracy: 0.9049 - loss: 0.3188 - val_accuracy: 1.0000 - val_loss: 4.2813e-05
Epoch 302/500
508/508 - 4s - 7ms/step - accuracy: 0.9064 - loss: 0.3186 - val_accuracy: 1.0000 - val_loss: 2.9474e-04
Epoch 303/500
508/508 - 4s - 7ms/step - accuracy: 0.9128 - loss: 0.2864 - val_accuracy: 1.0000 - val_loss: 1.9863e-05
Epoch 304/500
508/508 - 3s - 6ms/step - accuracy: 0.9089 - loss: 0.3117 - val_accuracy: 1.0000 - val_loss: 2.4951e-08
Epoch 305/500
508/508 - 3s - 5ms/step - accuracy: 0.9054 - loss: 0.3043 - val_accuracy: 1.0000 - val_loss: 6.5981e-07
Epoch 306/500
508/508 - 3s - 6ms/step - accuracy: 0.9010 - loss: 0.3267 - val_accuracy: 1.0000 - val_loss: 1.3917e-05
Epoch 307/500
508/508 - 3s - 6ms/step - accuracy: 0.8946 - loss: 0.3470 - val_accuracy: 1.0000 - val_loss: 9.3980e-07
Epoch 308/500
508/508 - 3s - 6ms/step - accuracy: 0.9059 - loss: 0.3176 - val_accuracy: 1.0000 - val_loss: 1.4139e-07
Epoch 309/500
508/508 - 3s - 6ms/step - accuracy: 0.9074 - loss: 0.3135 - val_accuracy: 1.0000 - val_loss: 4.2990e-04
Epoch 310/500
508/508 - 3s - 7ms/step - accuracy: 0.9167 - loss: 0.2899 - val_accuracy: 1.0000 - val_loss: 1.7853e-06
Epoch 311/500
508/508 - 4s - 7ms/step - accuracy: 0.9123 - loss: 0.3158 - val_accuracy: 1.0000 - val_loss: 1.3584e-07
Epoch 312/500
508/508 - 4s - 7ms/step - accuracy: 0.9172 - loss: 0.3106 - val_accuracy: 1.0000 - val_loss: 7.8611e-06
Epoch 313/500
508/508 - 4s - 7ms/step - accuracy: 0.8970 - loss: 0.3509 - val_accuracy: 1.0000 - val_loss: 5.1354e-05
Epoch 314/500
508/508 - 4s - 7ms/step - accuracy: 0.9044 - loss: 0.3184 - val_accuracy: 1.0000 - val_loss: 3.1360e-04
Epoch 315/500
508/508 - 4s - 7ms/step - accuracy: 0.9030 - loss: 0.3329 - val_accuracy: 1.0000 - val_loss: 9.7307e-07
Epoch 316/500
508/508 - 4s - 7ms/step - accuracy: 0.9217 - loss: 0.2948 - val_accuracy: 1.0000 - val_loss: 7.9111e-06
Epoch 317/500
508/508 - 4s - 7ms/step - accuracy: 0.9103 - loss: 0.3017 - val_accuracy: 1.0000 - val_loss: 1.3862e-08
Epoch 318/500
508/508 - 4s - 8ms/step - accuracy: 0.9099 - loss: 0.2885 - val_accuracy: 1.0000 - val_loss: 0.0083
Epoch 319/500
508/508 - 4s - 7ms/step - accuracy: 0.9148 - loss: 0.3120 - val_accuracy: 1.0000 - val_loss: 7.5292e-05
Epoch 320/500
508/508 - 4s - 7ms/step - accuracy: 0.9202 - loss: 0.2856 - val_accuracy: 1.0000 - val_loss: 1.1865e-06
Epoch 321/500
508/508 - 4s - 7ms/step - accuracy: 0.9064 - loss: 0.3115 - val_accuracy: 1.0000 - val_loss: 4.0057e-06
Epoch 322/500
508/508 - 4s - 7ms/step - accuracy: 0.9089 - loss: 0.3145 - val_accuracy: 1.0000 - val_loss: 1.8689e-05
Epoch 323/500
508/508 - 4s - 8ms/step - accuracy: 0.9148 - loss: 0.2951 - val_accuracy: 1.0000 - val_loss: 4.4050e-06
Epoch 324/500
508/508 - 4s - 8ms/step - accuracy: 0.9094 - loss: 0.3052 - val_accuracy: 1.0000 - val_loss: 1.4665e-06
Epoch 325/500
508/508 - 3s - 5ms/step - accuracy: 0.9128 - loss: 0.2946 - val_accuracy: 1.0000 - val_loss: 4.5466e-07
Epoch 326/500
508/508 - 3s - 5ms/step - accuracy: 0.8931 - loss: 0.3850 - val_accuracy: 1.0000 - val_loss: 2.1013e-04
Epoch 327/500
508/508 - 3s - 6ms/step - accuracy: 0.9054 - loss: 0.3281 - val_accuracy: 1.0000 - val_loss: 1.7936e-06
Epoch 328/500
508/508 - 4s - 7ms/step - accuracy: 0.9015 - loss: 0.3315 - val_accuracy: 1.0000 - val_loss: 0.0012
Epoch 329/500
508/508 - 4s - 7ms/step - accuracy: 0.9064 - loss: 0.3103 - val_accuracy: 1.0000 - val_loss: 1.0178e-05
Epoch 330/500
508/508 - 4s - 7ms/step - accuracy: 0.8966 - loss: 0.3401 - val_accuracy: 1.0000 - val_loss: 2.3510e-04
Epoch 331/500
508/508 - 4s - 7ms/step - accuracy: 0.9049 - loss: 0.3278 - val_accuracy: 1.0000 - val_loss: 3.2543e-04
Epoch 332/500
508/508 - 4s - 7ms/step - accuracy: 0.9054 - loss: 0.3291 - val_accuracy: 1.0000 - val_loss: 0.0029
Epoch 333/500
508/508 - 4s - 7ms/step - accuracy: 0.9133 - loss: 0.2867 - val_accuracy: 1.0000 - val_loss: 3.8450e-06
Epoch 334/500
508/508 - 4s - 7ms/step - accuracy: 0.9099 - loss: 0.3030 - val_accuracy: 1.0000 - val_loss: 4.1862e-07
Epoch 335/500
508/508 - 4s - 7ms/step - accuracy: 0.9128 - loss: 0.3133 - val_accuracy: 1.0000 - val_loss: 2.2234e-06
Epoch 336/500
508/508 - 3s - 7ms/step - accuracy: 0.9128 - loss: 0.3019 - val_accuracy: 1.0000 - val_loss: 3.3682e-06
Epoch 337/500
508/508 - 4s - 8ms/step - accuracy: 0.9108 - loss: 0.2855 - val_accuracy: 1.0000 - val_loss: 5.0620e-06
Epoch 338/500
508/508 - 4s - 7ms/step - accuracy: 0.9202 - loss: 0.2541 - val_accuracy: 1.0000 - val_loss: 1.0687e-04
Epoch 339/500
508/508 - 4s - 7ms/step - accuracy: 0.9148 - loss: 0.2955 - val_accuracy: 1.0000 - val_loss: 2.0424e-04
Epoch 340/500
508/508 - 4s - 8ms/step - accuracy: 0.9074 - loss: 0.3054 - val_accuracy: 1.0000 - val_loss: 3.7506e-06
Epoch 341/500
508/508 - 4s - 7ms/step - accuracy: 0.9128 - loss: 0.3212 - val_accuracy: 1.0000 - val_loss: 6.3486e-07
Epoch 342/500
508/508 - 4s - 7ms/step - accuracy: 0.9039 - loss: 0.3362 - val_accuracy: 1.0000 - val_loss: 5.8936e-04
Epoch 343/500
508/508 - 4s - 7ms/step - accuracy: 0.9300 - loss: 0.2396 - val_accuracy: 1.0000 - val_loss: 7.4020e-07
Epoch 344/500
508/508 - 4s - 8ms/step - accuracy: 0.9079 - loss: 0.3221 - val_accuracy: 1.0000 - val_loss: 1.2475e-07
Epoch 345/500
508/508 - 4s - 7ms/step - accuracy: 0.9099 - loss: 0.3177 - val_accuracy: 1.0000 - val_loss: 8.9419e-06
Epoch 346/500
508/508 - 4s - 7ms/step - accuracy: 0.9084 - loss: 0.3032 - val_accuracy: 1.0000 - val_loss: 7.2634e-07
Epoch 347/500
508/508 - 4s - 7ms/step - accuracy: 0.9207 - loss: 0.2802 - val_accuracy: 1.0000 - val_loss: 8.3959e-06
Epoch 348/500
508/508 - 4s - 7ms/step - accuracy: 0.9158 - loss: 0.2899 - val_accuracy: 1.0000 - val_loss: 8.9544e-07
Epoch 349/500
508/508 - 4s - 7ms/step - accuracy: 0.9074 - loss: 0.3255 - val_accuracy: 1.0000 - val_loss: 9.4258e-08
Epoch 350/500
508/508 - 4s - 7ms/step - accuracy: 0.9084 - loss: 0.3364 - val_accuracy: 1.0000 - val_loss: 6.3815e-06
Epoch 351/500
508/508 - 4s - 7ms/step - accuracy: 0.9059 - loss: 0.3291 - val_accuracy: 1.0000 - val_loss: 9.7181e-06
Epoch 352/500
508/508 - 4s - 8ms/step - accuracy: 0.8975 - loss: 0.3790 - val_accuracy: 1.0000 - val_loss: 2.4673e-07
Epoch 353/500
508/508 - 4s - 7ms/step - accuracy: 0.9177 - loss: 0.2801 - val_accuracy: 1.0000 - val_loss: 1.1389e-04
Epoch 354/500
508/508 - 5s - 10ms/step - accuracy: 0.9192 - loss: 0.2921 - val_accuracy: 1.0000 - val_loss: 7.4541e-06
Epoch 355/500
508/508 - 4s - 8ms/step - accuracy: 0.9241 - loss: 0.2617 - val_accuracy: 1.0000 - val_loss: 7.2721e-04
Epoch 356/500
508/508 - 4s - 8ms/step - accuracy: 0.9158 - loss: 0.2814 - val_accuracy: 1.0000 - val_loss: 1.1921e-07
Epoch 357/500
508/508 - 4s - 7ms/step - accuracy: 0.9222 - loss: 0.2925 - val_accuracy: 1.0000 - val_loss: 2.8892e-04
Epoch 358/500
508/508 - 4s - 7ms/step - accuracy: 0.9103 - loss: 0.3200 - val_accuracy: 1.0000 - val_loss: 4.7129e-08
Epoch 359/500
508/508 - 3s - 7ms/step - accuracy: 0.9133 - loss: 0.2858 - val_accuracy: 1.0000 - val_loss: 1.0785e-05
Epoch 360/500
508/508 - 3s - 6ms/step - accuracy: 0.9049 - loss: 0.3329 - val_accuracy: 1.0000 - val_loss: 8.4595e-05
Epoch 361/500
508/508 - 3s - 6ms/step - accuracy: 0.9123 - loss: 0.3002 - val_accuracy: 1.0000 - val_loss: 2.1097e-06
Epoch 362/500
508/508 - 3s - 7ms/step - accuracy: 0.8985 - loss: 0.3484 - val_accuracy: 1.0000 - val_loss: 1.2072e-05
Epoch 363/500
508/508 - 3s - 7ms/step - accuracy: 0.9118 - loss: 0.3245 - val_accuracy: 1.0000 - val_loss: 3.2990e-07
Epoch 364/500
508/508 - 3s - 6ms/step - accuracy: 0.9025 - loss: 0.3413 - val_accuracy: 1.0000 - val_loss: 0.0012
Epoch 365/500
508/508 - 3s - 7ms/step - accuracy: 0.9172 - loss: 0.2991 - val_accuracy: 1.0000 - val_loss: 5.1507e-06
Epoch 366/500
508/508 - 3s - 7ms/step - accuracy: 0.9222 - loss: 0.2754 - val_accuracy: 1.0000 - val_loss: 3.2990e-07
Epoch 367/500
508/508 - 4s - 7ms/step - accuracy: 0.9030 - loss: 0.3192 - val_accuracy: 1.0000 - val_loss: 1.9378e-06
Epoch 368/500
508/508 - 4s - 7ms/step - accuracy: 0.9049 - loss: 0.3428 - val_accuracy: 1.0000 - val_loss: 1.7936e-06
Epoch 369/500
508/508 - 4s - 7ms/step - accuracy: 0.9099 - loss: 0.3437 - val_accuracy: 1.0000 - val_loss: 3.4128e-05
Epoch 370/500
508/508 - 4s - 7ms/step - accuracy: 0.9158 - loss: 0.2934 - val_accuracy: 1.0000 - val_loss: 6.9308e-08
Epoch 371/500
508/508 - 3s - 6ms/step - accuracy: 0.9034 - loss: 0.3242 - val_accuracy: 1.0000 - val_loss: 4.9566e-06
Epoch 372/500
508/508 - 3s - 6ms/step - accuracy: 0.9064 - loss: 0.3369 - val_accuracy: 1.0000 - val_loss: 9.6476e-07
Epoch 373/500
508/508 - 3s - 6ms/step - accuracy: 0.9128 - loss: 0.3057 - val_accuracy: 1.0000 - val_loss: 4.4796e-06
Epoch 374/500
508/508 - 3s - 6ms/step - accuracy: 0.9118 - loss: 0.3341 - val_accuracy: 1.0000 - val_loss: 1.4872e-05
Epoch 375/500
508/508 - 3s - 6ms/step - accuracy: 0.9118 - loss: 0.3272 - val_accuracy: 1.0000 - val_loss: 1.1921e-07
Epoch 376/500
508/508 - 3s - 6ms/step - accuracy: 0.9034 - loss: 0.3323 - val_accuracy: 1.0000 - val_loss: 1.1587e-05
Epoch 377/500
508/508 - 5s - 10ms/step - accuracy: 0.9064 - loss: 0.3220 - val_accuracy: 1.0000 - val_loss: 6.0543e-06
Epoch 377: early stopping
Restoring model weights from the end of the best epoch: 317.
WARNING:tensorflow:From C:\Users\josep\AppData\Local\Programs\Python\Python312\Lib\site-packages\keras\src\backend\common\global_state.py:82: The name tf.reset_default_graph is deprecated. Please use tf.compat.v1.reset_default_graph instead.

[fold1] ran 377 epochs in 1202s (3.19 s/ep), best epoch 317 (val_loss 0.00000, val_acc 1.0000)

=== fold 2/5: train 2018 (1290 upstream + 182 user x4), val 46 user images ===
Epoch 1/500
505/505 - 5s - 9ms/step - accuracy: 0.2086 - loss: 2.3206 - val_accuracy: 0.0652 - val_loss: 2.3007
Epoch 2/500
505/505 - 4s - 7ms/step - accuracy: 0.2180 - loss: 2.2166 - val_accuracy: 0.4130 - val_loss: 1.9168
Epoch 3/500
505/505 - 4s - 7ms/step - accuracy: 0.3870 - loss: 1.8156 - val_accuracy: 0.6739 - val_loss: 0.8602
Epoch 4/500
505/505 - 3s - 7ms/step - accuracy: 0.5317 - loss: 1.4470 - val_accuracy: 0.8478 - val_loss: 0.6460
Epoch 5/500
505/505 - 4s - 7ms/step - accuracy: 0.6125 - loss: 1.2121 - val_accuracy: 0.9348 - val_loss: 0.3924
Epoch 6/500
505/505 - 4s - 8ms/step - accuracy: 0.6506 - loss: 1.0963 - val_accuracy: 0.7609 - val_loss: 0.3906
Epoch 7/500
505/505 - 4s - 7ms/step - accuracy: 0.6804 - loss: 1.0360 - val_accuracy: 0.8696 - val_loss: 0.3217
Epoch 8/500
505/505 - 4s - 7ms/step - accuracy: 0.7210 - loss: 0.9195 - val_accuracy: 1.0000 - val_loss: 0.1230
Epoch 9/500
505/505 - 4s - 7ms/step - accuracy: 0.7299 - loss: 0.8513 - val_accuracy: 0.9783 - val_loss: 0.1331
Epoch 10/500
505/505 - 4s - 7ms/step - accuracy: 0.7334 - loss: 0.8283 - val_accuracy: 0.9783 - val_loss: 0.1226
Epoch 11/500
505/505 - 4s - 7ms/step - accuracy: 0.7369 - loss: 0.8173 - val_accuracy: 0.9783 - val_loss: 0.0748
Epoch 12/500
505/505 - 4s - 7ms/step - accuracy: 0.7745 - loss: 0.6881 - val_accuracy: 1.0000 - val_loss: 0.0359
Epoch 13/500
505/505 - 4s - 7ms/step - accuracy: 0.7844 - loss: 0.6801 - val_accuracy: 1.0000 - val_loss: 0.0569
Epoch 14/500
505/505 - 4s - 7ms/step - accuracy: 0.7775 - loss: 0.7041 - val_accuracy: 1.0000 - val_loss: 0.0357
Epoch 15/500
505/505 - 3s - 6ms/step - accuracy: 0.7899 - loss: 0.6738 - val_accuracy: 0.9783 - val_loss: 0.0428
Epoch 16/500
505/505 - 3s - 5ms/step - accuracy: 0.8048 - loss: 0.6079 - val_accuracy: 1.0000 - val_loss: 0.0420
Epoch 17/500
505/505 - 4s - 7ms/step - accuracy: 0.8147 - loss: 0.6104 - val_accuracy: 1.0000 - val_loss: 0.0030
Epoch 18/500
505/505 - 4s - 7ms/step - accuracy: 0.8216 - loss: 0.5817 - val_accuracy: 1.0000 - val_loss: 0.0095
Epoch 19/500
505/505 - 4s - 8ms/step - accuracy: 0.8157 - loss: 0.6027 - val_accuracy: 1.0000 - val_loss: 0.0152
Epoch 20/500
505/505 - 4s - 7ms/step - accuracy: 0.8142 - loss: 0.5793 - val_accuracy: 1.0000 - val_loss: 0.0078
Epoch 21/500
505/505 - 4s - 8ms/step - accuracy: 0.8261 - loss: 0.5827 - val_accuracy: 1.0000 - val_loss: 0.0065
Epoch 22/500
505/505 - 4s - 7ms/step - accuracy: 0.8167 - loss: 0.5785 - val_accuracy: 1.0000 - val_loss: 0.0066
Epoch 23/500
505/505 - 4s - 8ms/step - accuracy: 0.8389 - loss: 0.5740 - val_accuracy: 1.0000 - val_loss: 0.0055
Epoch 24/500
505/505 - 3s - 6ms/step - accuracy: 0.8300 - loss: 0.5462 - val_accuracy: 0.9783 - val_loss: 0.0330
Epoch 25/500
505/505 - 3s - 6ms/step - accuracy: 0.8370 - loss: 0.5488 - val_accuracy: 1.0000 - val_loss: 0.0049
Epoch 26/500
505/505 - 3s - 7ms/step - accuracy: 0.8350 - loss: 0.5136 - val_accuracy: 1.0000 - val_loss: 0.0071
Epoch 27/500
505/505 - 4s - 7ms/step - accuracy: 0.8246 - loss: 0.5332 - val_accuracy: 1.0000 - val_loss: 0.0114
Epoch 28/500
505/505 - 4s - 8ms/step - accuracy: 0.8380 - loss: 0.5264 - val_accuracy: 1.0000 - val_loss: 0.0029
Epoch 29/500
505/505 - 4s - 8ms/step - accuracy: 0.8479 - loss: 0.4962 - val_accuracy: 1.0000 - val_loss: 0.0019
Epoch 30/500
505/505 - 4s - 7ms/step - accuracy: 0.8389 - loss: 0.5325 - val_accuracy: 1.0000 - val_loss: 8.7385e-04
Epoch 31/500
505/505 - 3s - 7ms/step - accuracy: 0.8523 - loss: 0.4699 - val_accuracy: 1.0000 - val_loss: 9.3672e-04
Epoch 32/500
505/505 - 3s - 7ms/step - accuracy: 0.8573 - loss: 0.4656 - val_accuracy: 1.0000 - val_loss: 4.9433e-04
Epoch 33/500
505/505 - 3s - 5ms/step - accuracy: 0.8593 - loss: 0.4361 - val_accuracy: 1.0000 - val_loss: 0.0027
Epoch 34/500
505/505 - 3s - 7ms/step - accuracy: 0.8469 - loss: 0.4756 - val_accuracy: 1.0000 - val_loss: 0.0012
Epoch 35/500
505/505 - 3s - 6ms/step - accuracy: 0.8608 - loss: 0.4499 - val_accuracy: 1.0000 - val_loss: 3.3157e-04
Epoch 36/500
505/505 - 3s - 5ms/step - accuracy: 0.8548 - loss: 0.4659 - val_accuracy: 1.0000 - val_loss: 0.0108
Epoch 37/500
505/505 - 3s - 5ms/step - accuracy: 0.8553 - loss: 0.4576 - val_accuracy: 1.0000 - val_loss: 4.7151e-04
Epoch 38/500
505/505 - 4s - 7ms/step - accuracy: 0.8741 - loss: 0.4111 - val_accuracy: 1.0000 - val_loss: 8.9514e-04
Epoch 39/500
505/505 - 4s - 7ms/step - accuracy: 0.8726 - loss: 0.4028 - val_accuracy: 1.0000 - val_loss: 2.9066e-04
Epoch 40/500
505/505 - 4s - 7ms/step - accuracy: 0.8722 - loss: 0.4053 - val_accuracy: 1.0000 - val_loss: 0.0120
Epoch 41/500
505/505 - 4s - 8ms/step - accuracy: 0.8627 - loss: 0.4575 - val_accuracy: 1.0000 - val_loss: 0.0017
Epoch 42/500
505/505 - 4s - 7ms/step - accuracy: 0.8503 - loss: 0.4649 - val_accuracy: 1.0000 - val_loss: 4.8875e-04
Epoch 43/500
505/505 - 4s - 7ms/step - accuracy: 0.8662 - loss: 0.4409 - val_accuracy: 1.0000 - val_loss: 5.2759e-04
Epoch 44/500
505/505 - 4s - 7ms/step - accuracy: 0.8627 - loss: 0.4437 - val_accuracy: 1.0000 - val_loss: 0.0017
Epoch 45/500
505/505 - 4s - 7ms/step - accuracy: 0.8717 - loss: 0.3998 - val_accuracy: 1.0000 - val_loss: 3.0460e-05
Epoch 46/500
505/505 - 4s - 8ms/step - accuracy: 0.8687 - loss: 0.4049 - val_accuracy: 1.0000 - val_loss: 1.3859e-04
Epoch 47/500
505/505 - 4s - 8ms/step - accuracy: 0.8811 - loss: 0.4183 - val_accuracy: 1.0000 - val_loss: 1.4400e-04
Epoch 48/500
505/505 - 4s - 8ms/step - accuracy: 0.8731 - loss: 0.3920 - val_accuracy: 1.0000 - val_loss: 7.2778e-05
Epoch 49/500
505/505 - 4s - 7ms/step - accuracy: 0.8821 - loss: 0.3956 - val_accuracy: 1.0000 - val_loss: 4.0921e-05
Epoch 50/500
505/505 - 3s - 7ms/step - accuracy: 0.8835 - loss: 0.3994 - val_accuracy: 1.0000 - val_loss: 2.6056e-05
Epoch 51/500
505/505 - 3s - 7ms/step - accuracy: 0.8835 - loss: 0.3944 - val_accuracy: 1.0000 - val_loss: 3.6258e-04
Epoch 52/500
505/505 - 4s - 7ms/step - accuracy: 0.8860 - loss: 0.3880 - val_accuracy: 1.0000 - val_loss: 4.8235e-05
Epoch 53/500
505/505 - 4s - 7ms/step - accuracy: 0.8910 - loss: 0.3514 - val_accuracy: 1.0000 - val_loss: 8.7562e-05
Epoch 54/500
505/505 - 3s - 7ms/step - accuracy: 0.8880 - loss: 0.4030 - val_accuracy: 1.0000 - val_loss: 4.2857e-05
Epoch 55/500
505/505 - 3s - 7ms/step - accuracy: 0.8816 - loss: 0.3982 - val_accuracy: 1.0000 - val_loss: 8.1560e-05
Epoch 56/500
505/505 - 3s - 7ms/step - accuracy: 0.8870 - loss: 0.3916 - val_accuracy: 1.0000 - val_loss: 1.1086e-04
Epoch 57/500
505/505 - 3s - 6ms/step - accuracy: 0.8875 - loss: 0.3682 - val_accuracy: 1.0000 - val_loss: 6.0858e-04
Epoch 58/500
505/505 - 3s - 6ms/step - accuracy: 0.8816 - loss: 0.3708 - val_accuracy: 1.0000 - val_loss: 2.1514e-05
Epoch 59/500
505/505 - 3s - 6ms/step - accuracy: 0.8761 - loss: 0.4020 - val_accuracy: 1.0000 - val_loss: 5.0158e-04
Epoch 60/500
505/505 - 4s - 7ms/step - accuracy: 0.8890 - loss: 0.3805 - val_accuracy: 1.0000 - val_loss: 1.1928e-05
Epoch 61/500
505/505 - 4s - 8ms/step - accuracy: 0.8801 - loss: 0.3648 - val_accuracy: 1.0000 - val_loss: 2.3009e-04
Epoch 62/500
505/505 - 4s - 7ms/step - accuracy: 0.8925 - loss: 0.3501 - val_accuracy: 1.0000 - val_loss: 7.2053e-04
Epoch 63/500
505/505 - 4s - 8ms/step - accuracy: 0.8821 - loss: 0.3579 - val_accuracy: 1.0000 - val_loss: 2.2760e-05
Epoch 64/500
505/505 - 4s - 7ms/step - accuracy: 0.8930 - loss: 0.3788 - val_accuracy: 1.0000 - val_loss: 1.3314e-04
Epoch 65/500
505/505 - 4s - 8ms/step - accuracy: 0.8821 - loss: 0.3684 - val_accuracy: 1.0000 - val_loss: 6.1298e-05
Epoch 66/500
505/505 - 4s - 7ms/step - accuracy: 0.8900 - loss: 0.3589 - val_accuracy: 1.0000 - val_loss: 1.4998e-05
Epoch 67/500
505/505 - 4s - 7ms/step - accuracy: 0.8910 - loss: 0.3608 - val_accuracy: 1.0000 - val_loss: 3.8392e-05
Epoch 68/500
505/505 - 4s - 7ms/step - accuracy: 0.8870 - loss: 0.3727 - val_accuracy: 1.0000 - val_loss: 1.4809e-04
Epoch 69/500
505/505 - 4s - 8ms/step - accuracy: 0.8999 - loss: 0.3568 - val_accuracy: 1.0000 - val_loss: 1.0483e-04
Epoch 70/500
505/505 - 4s - 7ms/step - accuracy: 0.8860 - loss: 0.3715 - val_accuracy: 1.0000 - val_loss: 3.4027e-05
Epoch 71/500
505/505 - 4s - 7ms/step - accuracy: 0.8935 - loss: 0.3869 - val_accuracy: 1.0000 - val_loss: 3.6009e-04
Epoch 72/500
505/505 - 3s - 5ms/step - accuracy: 0.8949 - loss: 0.3530 - val_accuracy: 1.0000 - val_loss: 6.7555e-05
Epoch 73/500
505/505 - 3s - 7ms/step - accuracy: 0.8845 - loss: 0.3589 - val_accuracy: 1.0000 - val_loss: 2.9100e-05
Epoch 74/500
505/505 - 3s - 5ms/step - accuracy: 0.9014 - loss: 0.3352 - val_accuracy: 1.0000 - val_loss: 3.9769e-05
Epoch 75/500
505/505 - 4s - 7ms/step - accuracy: 0.8920 - loss: 0.3539 - val_accuracy: 1.0000 - val_loss: 3.7761e-05
Epoch 76/500
505/505 - 3s - 6ms/step - accuracy: 0.9019 - loss: 0.3378 - val_accuracy: 1.0000 - val_loss: 1.4781e-04
Epoch 77/500
505/505 - 6s - 12ms/step - accuracy: 0.8944 - loss: 0.3545 - val_accuracy: 1.0000 - val_loss: 2.0968e-04
Epoch 78/500
505/505 - 4s - 8ms/step - accuracy: 0.8940 - loss: 0.3274 - val_accuracy: 1.0000 - val_loss: 5.3047e-06
Epoch 79/500
505/505 - 4s - 8ms/step - accuracy: 0.8850 - loss: 0.3769 - val_accuracy: 1.0000 - val_loss: 2.2869e-04
Epoch 80/500
505/505 - 4s - 8ms/step - accuracy: 0.8999 - loss: 0.3093 - val_accuracy: 1.0000 - val_loss: 2.5733e-05
Epoch 81/500
505/505 - 4s - 7ms/step - accuracy: 0.9044 - loss: 0.3606 - val_accuracy: 1.0000 - val_loss: 6.7341e-05
Epoch 82/500
505/505 - 4s - 7ms/step - accuracy: 0.8930 - loss: 0.3620 - val_accuracy: 1.0000 - val_loss: 1.7382e-05
Epoch 83/500
505/505 - 3s - 6ms/step - accuracy: 0.8930 - loss: 0.3405 - val_accuracy: 1.0000 - val_loss: 6.9609e-05
Epoch 84/500
505/505 - 3s - 7ms/step - accuracy: 0.8835 - loss: 0.3477 - val_accuracy: 1.0000 - val_loss: 9.3818e-05
Epoch 85/500
505/505 - 3s - 7ms/step - accuracy: 0.9019 - loss: 0.3294 - val_accuracy: 1.0000 - val_loss: 1.2239e-04
Epoch 86/500
505/505 - 3s - 6ms/step - accuracy: 0.9078 - loss: 0.3186 - val_accuracy: 1.0000 - val_loss: 0.0018
Epoch 87/500
505/505 - 4s - 7ms/step - accuracy: 0.9068 - loss: 0.3166 - val_accuracy: 1.0000 - val_loss: 9.0380e-04
Epoch 88/500
505/505 - 4s - 8ms/step - accuracy: 0.9029 - loss: 0.3307 - val_accuracy: 1.0000 - val_loss: 1.1373e-04
Epoch 89/500
505/505 - 4s - 8ms/step - accuracy: 0.8915 - loss: 0.3577 - val_accuracy: 1.0000 - val_loss: 1.7884e-05
Epoch 90/500
505/505 - 3s - 7ms/step - accuracy: 0.9068 - loss: 0.3352 - val_accuracy: 1.0000 - val_loss: 1.8555e-06
Epoch 91/500
505/505 - 3s - 7ms/step - accuracy: 0.8999 - loss: 0.3435 - val_accuracy: 1.0000 - val_loss: 3.9215e-05
Epoch 92/500
505/505 - 4s - 7ms/step - accuracy: 0.8895 - loss: 0.3309 - val_accuracy: 1.0000 - val_loss: 2.1370e-05
Epoch 93/500
505/505 - 4s - 8ms/step - accuracy: 0.8944 - loss: 0.3490 - val_accuracy: 1.0000 - val_loss: 5.0745e-05
Epoch 94/500
505/505 - 4s - 8ms/step - accuracy: 0.9029 - loss: 0.3210 - val_accuracy: 1.0000 - val_loss: 5.3772e-04
Epoch 95/500
505/505 - 4s - 8ms/step - accuracy: 0.8880 - loss: 0.3600 - val_accuracy: 1.0000 - val_loss: 8.9302e-05
Epoch 96/500
505/505 - 3s - 7ms/step - accuracy: 0.9054 - loss: 0.3087 - val_accuracy: 1.0000 - val_loss: 2.3842e-06
Epoch 97/500
505/505 - 3s - 6ms/step - accuracy: 0.8870 - loss: 0.3633 - val_accuracy: 1.0000 - val_loss: 1.3980e-05
Epoch 98/500
505/505 - 3s - 6ms/step - accuracy: 0.8935 - loss: 0.3689 - val_accuracy: 1.0000 - val_loss: 3.9504e-05
Epoch 99/500
505/505 - 3s - 6ms/step - accuracy: 0.8984 - loss: 0.3336 - val_accuracy: 1.0000 - val_loss: 2.7302e-05
Epoch 100/500
505/505 - 4s - 8ms/step - accuracy: 0.8940 - loss: 0.3428 - val_accuracy: 1.0000 - val_loss: 6.3189e-05
Epoch 101/500
505/505 - 4s - 7ms/step - accuracy: 0.9098 - loss: 0.3297 - val_accuracy: 1.0000 - val_loss: 2.0742e-04
Epoch 102/500
505/505 - 4s - 8ms/step - accuracy: 0.9024 - loss: 0.3246 - val_accuracy: 1.0000 - val_loss: 1.0809e-05
Epoch 103/500
505/505 - 4s - 7ms/step - accuracy: 0.8964 - loss: 0.3367 - val_accuracy: 1.0000 - val_loss: 3.1009e-05
Epoch 104/500
505/505 - 4s - 7ms/step - accuracy: 0.9078 - loss: 0.2898 - val_accuracy: 1.0000 - val_loss: 4.5921e-06
Epoch 105/500
505/505 - 4s - 8ms/step - accuracy: 0.8925 - loss: 0.3324 - val_accuracy: 1.0000 - val_loss: 1.5165e-04
Epoch 106/500
505/505 - 5s - 10ms/step - accuracy: 0.9058 - loss: 0.3078 - val_accuracy: 1.0000 - val_loss: 1.7613e-04
Epoch 107/500
505/505 - 4s - 8ms/step - accuracy: 0.9108 - loss: 0.3085 - val_accuracy: 1.0000 - val_loss: 3.1709e-05
Epoch 108/500
505/505 - 4s - 7ms/step - accuracy: 0.8925 - loss: 0.3563 - val_accuracy: 1.0000 - val_loss: 0.0013
Epoch 109/500
505/505 - 4s - 7ms/step - accuracy: 0.9014 - loss: 0.3170 - val_accuracy: 1.0000 - val_loss: 9.5514e-05
Epoch 110/500
505/505 - 4s - 7ms/step - accuracy: 0.9113 - loss: 0.2995 - val_accuracy: 1.0000 - val_loss: 2.4674e-05
Epoch 111/500
505/505 - 4s - 8ms/step - accuracy: 0.9049 - loss: 0.3226 - val_accuracy: 1.0000 - val_loss: 9.0254e-05
Epoch 112/500
505/505 - 4s - 8ms/step - accuracy: 0.8925 - loss: 0.3516 - val_accuracy: 1.0000 - val_loss: 7.6857e-04
Epoch 113/500
505/505 - 4s - 7ms/step - accuracy: 0.9024 - loss: 0.3232 - val_accuracy: 1.0000 - val_loss: 3.7188e-05
Epoch 114/500
505/505 - 4s - 7ms/step - accuracy: 0.8994 - loss: 0.3378 - val_accuracy: 1.0000 - val_loss: 1.9738e-05
Epoch 115/500
505/505 - 4s - 8ms/step - accuracy: 0.8890 - loss: 0.3668 - val_accuracy: 1.0000 - val_loss: 1.6114e-04
Epoch 116/500
505/505 - 4s - 7ms/step - accuracy: 0.9009 - loss: 0.3196 - val_accuracy: 1.0000 - val_loss: 2.1172e-05
Epoch 117/500
505/505 - 4s - 8ms/step - accuracy: 0.9034 - loss: 0.3465 - val_accuracy: 1.0000 - val_loss: 1.4090e-04
Epoch 118/500
505/505 - 4s - 7ms/step - accuracy: 0.9019 - loss: 0.3081 - val_accuracy: 1.0000 - val_loss: 1.8043e-04
Epoch 119/500
505/505 - 4s - 8ms/step - accuracy: 0.9063 - loss: 0.3374 - val_accuracy: 1.0000 - val_loss: 3.5580e-05
Epoch 120/500
505/505 - 4s - 7ms/step - accuracy: 0.9019 - loss: 0.3290 - val_accuracy: 1.0000 - val_loss: 2.3884e-05
Epoch 121/500
505/505 - 4s - 8ms/step - accuracy: 0.9088 - loss: 0.3055 - val_accuracy: 1.0000 - val_loss: 1.3701e-05
Epoch 122/500
505/505 - 3s - 7ms/step - accuracy: 0.9123 - loss: 0.2915 - val_accuracy: 1.0000 - val_loss: 9.2432e-06
Epoch 123/500
505/505 - 3s - 7ms/step - accuracy: 0.9024 - loss: 0.3159 - val_accuracy: 1.0000 - val_loss: 0.0094
Epoch 124/500
505/505 - 3s - 7ms/step - accuracy: 0.9158 - loss: 0.3000 - val_accuracy: 1.0000 - val_loss: 1.5747e-04
Epoch 125/500
505/505 - 4s - 7ms/step - accuracy: 0.9113 - loss: 0.2958 - val_accuracy: 1.0000 - val_loss: 1.3507e-05
Epoch 126/500
505/505 - 3s - 7ms/step - accuracy: 0.9004 - loss: 0.3295 - val_accuracy: 1.0000 - val_loss: 2.9845e-05
Epoch 127/500
505/505 - 4s - 7ms/step - accuracy: 0.8895 - loss: 0.3618 - val_accuracy: 1.0000 - val_loss: 5.6757e-04
Epoch 128/500
505/505 - 4s - 7ms/step - accuracy: 0.9014 - loss: 0.3330 - val_accuracy: 1.0000 - val_loss: 1.8251e-05
Epoch 129/500
505/505 - 4s - 7ms/step - accuracy: 0.9088 - loss: 0.3090 - val_accuracy: 1.0000 - val_loss: 6.1208e-06
Epoch 130/500
505/505 - 3s - 6ms/step - accuracy: 0.8979 - loss: 0.3351 - val_accuracy: 1.0000 - val_loss: 1.5644e-04
Epoch 131/500
505/505 - 4s - 7ms/step - accuracy: 0.9108 - loss: 0.2979 - val_accuracy: 1.0000 - val_loss: 7.1495e-06
Epoch 132/500
505/505 - 4s - 7ms/step - accuracy: 0.9039 - loss: 0.3180 - val_accuracy: 1.0000 - val_loss: 2.0013e-05
Epoch 133/500
505/505 - 3s - 7ms/step - accuracy: 0.9073 - loss: 0.3294 - val_accuracy: 1.0000 - val_loss: 6.1210e-05
Epoch 134/500
505/505 - 3s - 6ms/step - accuracy: 0.9039 - loss: 0.3189 - val_accuracy: 1.0000 - val_loss: 7.5221e-05
Epoch 135/500
505/505 - 3s - 7ms/step - accuracy: 0.9078 - loss: 0.2828 - val_accuracy: 1.0000 - val_loss: 1.0479e-04
Epoch 136/500
505/505 - 4s - 8ms/step - accuracy: 0.9177 - loss: 0.3085 - val_accuracy: 1.0000 - val_loss: 1.8912e-04
Epoch 137/500
505/505 - 5s - 10ms/step - accuracy: 0.9088 - loss: 0.2919 - val_accuracy: 1.0000 - val_loss: 6.8035e-05
Epoch 138/500
505/505 - 4s - 8ms/step - accuracy: 0.9029 - loss: 0.3243 - val_accuracy: 1.0000 - val_loss: 2.7683e-04
Epoch 139/500
505/505 - 4s - 8ms/step - accuracy: 0.8969 - loss: 0.3416 - val_accuracy: 1.0000 - val_loss: 2.0177e-04
Epoch 140/500
505/505 - 4s - 8ms/step - accuracy: 0.9049 - loss: 0.3241 - val_accuracy: 1.0000 - val_loss: 0.0024
Epoch 141/500
505/505 - 4s - 8ms/step - accuracy: 0.9073 - loss: 0.3145 - val_accuracy: 1.0000 - val_loss: 2.0991e-07
Epoch 142/500
505/505 - 4s - 8ms/step - accuracy: 0.9167 - loss: 0.2657 - val_accuracy: 1.0000 - val_loss: 3.6489e-05
Epoch 143/500
505/505 - 4s - 7ms/step - accuracy: 0.9108 - loss: 0.3029 - val_accuracy: 1.0000 - val_loss: 1.3322e-05
Epoch 144/500
505/505 - 4s - 8ms/step - accuracy: 0.9133 - loss: 0.3001 - val_accuracy: 1.0000 - val_loss: 2.2774e-05
Epoch 145/500
505/505 - 4s - 7ms/step - accuracy: 0.9024 - loss: 0.3061 - val_accuracy: 1.0000 - val_loss: 1.8025e-05
Epoch 146/500
505/505 - 4s - 7ms/step - accuracy: 0.9039 - loss: 0.2983 - val_accuracy: 1.0000 - val_loss: 8.8519e-06
Epoch 147/500
505/505 - 3s - 6ms/step - accuracy: 0.8984 - loss: 0.3329 - val_accuracy: 1.0000 - val_loss: 2.1405e-06
Epoch 148/500
505/505 - 3s - 6ms/step - accuracy: 0.9058 - loss: 0.3058 - val_accuracy: 1.0000 - val_loss: 3.2624e-05
Epoch 149/500
505/505 - 3s - 6ms/step - accuracy: 0.9207 - loss: 0.3139 - val_accuracy: 1.0000 - val_loss: 1.2543e-06
Epoch 150/500
505/505 - 3s - 5ms/step - accuracy: 0.9034 - loss: 0.3306 - val_accuracy: 1.0000 - val_loss: 1.0142e-04
Epoch 151/500
505/505 - 3s - 7ms/step - accuracy: 0.9078 - loss: 0.2942 - val_accuracy: 1.0000 - val_loss: 5.5052e-05
Epoch 152/500
505/505 - 4s - 8ms/step - accuracy: 0.9138 - loss: 0.2987 - val_accuracy: 1.0000 - val_loss: 1.8319e-05
Epoch 153/500
505/505 - 4s - 8ms/step - accuracy: 0.9068 - loss: 0.3086 - val_accuracy: 1.0000 - val_loss: 8.8647e-06
Epoch 154/500
505/505 - 4s - 8ms/step - accuracy: 0.9029 - loss: 0.3397 - val_accuracy: 1.0000 - val_loss: 2.0693e-05
Epoch 155/500
505/505 - 4s - 8ms/step - accuracy: 0.8949 - loss: 0.3554 - val_accuracy: 1.0000 - val_loss: 2.9258e-06
Epoch 156/500
505/505 - 4s - 8ms/step - accuracy: 0.9058 - loss: 0.2983 - val_accuracy: 1.0000 - val_loss: 0.0017
Epoch 157/500
505/505 - 4s - 8ms/step - accuracy: 0.9128 - loss: 0.2876 - val_accuracy: 1.0000 - val_loss: 8.0591e-06
Epoch 158/500
505/505 - 4s - 8ms/step - accuracy: 0.9158 - loss: 0.2869 - val_accuracy: 1.0000 - val_loss: 3.6384e-04
Epoch 159/500
505/505 - 4s - 8ms/step - accuracy: 0.8920 - loss: 0.3284 - val_accuracy: 1.0000 - val_loss: 4.5492e-05
Epoch 160/500
505/505 - 4s - 8ms/step - accuracy: 0.8964 - loss: 0.3112 - val_accuracy: 1.0000 - val_loss: 1.1887e-04
Epoch 161/500
505/505 - 4s - 7ms/step - accuracy: 0.8979 - loss: 0.3349 - val_accuracy: 1.0000 - val_loss: 2.3642e-05
Epoch 162/500
505/505 - 3s - 6ms/step - accuracy: 0.9128 - loss: 0.2760 - val_accuracy: 1.0000 - val_loss: 3.4482e-04
Epoch 163/500
505/505 - 3s - 6ms/step - accuracy: 0.9034 - loss: 0.3403 - val_accuracy: 1.0000 - val_loss: 4.7105e-04
Epoch 164/500
505/505 - 3s - 6ms/step - accuracy: 0.9093 - loss: 0.2916 - val_accuracy: 1.0000 - val_loss: 4.2491e-05
Epoch 165/500
505/505 - 3s - 6ms/step - accuracy: 0.9093 - loss: 0.3030 - val_accuracy: 1.0000 - val_loss: 0.0041
Epoch 166/500
505/505 - 3s - 6ms/step - accuracy: 0.9128 - loss: 0.2960 - val_accuracy: 1.0000 - val_loss: 0.0066
Epoch 167/500
505/505 - 3s - 6ms/step - accuracy: 0.9039 - loss: 0.2798 - val_accuracy: 1.0000 - val_loss: 7.2292e-05
Epoch 168/500
505/505 - 4s - 8ms/step - accuracy: 0.9133 - loss: 0.3012 - val_accuracy: 1.0000 - val_loss: 0.0016
Epoch 169/500
505/505 - 4s - 7ms/step - accuracy: 0.9004 - loss: 0.3332 - val_accuracy: 1.0000 - val_loss: 3.1734e-05
Epoch 170/500
505/505 - 4s - 8ms/step - accuracy: 0.9034 - loss: 0.3341 - val_accuracy: 1.0000 - val_loss: 0.0122
Epoch 171/500
505/505 - 4s - 7ms/step - accuracy: 0.9128 - loss: 0.2750 - val_accuracy: 1.0000 - val_loss: 2.5603e-04
Epoch 172/500
505/505 - 4s - 7ms/step - accuracy: 0.9083 - loss: 0.3326 - val_accuracy: 1.0000 - val_loss: 4.2148e-05
Epoch 173/500
505/505 - 4s - 7ms/step - accuracy: 0.9113 - loss: 0.3113 - val_accuracy: 1.0000 - val_loss: 2.1602e-05
Epoch 174/500
505/505 - 4s - 8ms/step - accuracy: 0.9207 - loss: 0.2694 - val_accuracy: 1.0000 - val_loss: 7.3562e-05
Epoch 175/500
505/505 - 4s - 7ms/step - accuracy: 0.9232 - loss: 0.2755 - val_accuracy: 1.0000 - val_loss: 1.7103e-06
Epoch 176/500
505/505 - 4s - 8ms/step - accuracy: 0.9143 - loss: 0.3030 - val_accuracy: 1.0000 - val_loss: 0.0010
Epoch 177/500
505/505 - 4s - 7ms/step - accuracy: 0.9098 - loss: 0.2899 - val_accuracy: 1.0000 - val_loss: 3.5088e-06
Epoch 178/500
505/505 - 5s - 10ms/step - accuracy: 0.9182 - loss: 0.2617 - val_accuracy: 1.0000 - val_loss: 3.4208e-07
Epoch 179/500
505/505 - 4s - 7ms/step - accuracy: 0.9054 - loss: 0.3181 - val_accuracy: 1.0000 - val_loss: 1.7484e-04
Epoch 180/500
505/505 - 4s - 7ms/step - accuracy: 0.9128 - loss: 0.3083 - val_accuracy: 1.0000 - val_loss: 4.0913e-05
Epoch 181/500
505/505 - 4s - 8ms/step - accuracy: 0.9068 - loss: 0.2860 - val_accuracy: 1.0000 - val_loss: 1.4780e-05
Epoch 182/500
505/505 - 4s - 7ms/step - accuracy: 0.9093 - loss: 0.3037 - val_accuracy: 1.0000 - val_loss: 2.1379e-06
Epoch 183/500
505/505 - 4s - 7ms/step - accuracy: 0.9128 - loss: 0.2731 - val_accuracy: 1.0000 - val_loss: 1.4613e-04
Epoch 184/500
505/505 - 4s - 8ms/step - accuracy: 0.9108 - loss: 0.2914 - val_accuracy: 1.0000 - val_loss: 3.6678e-05
Epoch 185/500
505/505 - 3s - 6ms/step - accuracy: 0.9103 - loss: 0.3127 - val_accuracy: 1.0000 - val_loss: 1.1114e-05
Epoch 186/500
505/505 - 3s - 6ms/step - accuracy: 0.9113 - loss: 0.2901 - val_accuracy: 1.0000 - val_loss: 8.7272e-06
Epoch 187/500
505/505 - 3s - 6ms/step - accuracy: 0.9158 - loss: 0.2986 - val_accuracy: 1.0000 - val_loss: 2.5136e-05
Epoch 188/500
505/505 - 4s - 7ms/step - accuracy: 0.9167 - loss: 0.2951 - val_accuracy: 1.0000 - val_loss: 4.2224e-04
Epoch 189/500
505/505 - 4s - 7ms/step - accuracy: 0.9068 - loss: 0.2985 - val_accuracy: 1.0000 - val_loss: 1.2724e-06
Epoch 190/500
505/505 - 4s - 8ms/step - accuracy: 0.9123 - loss: 0.3149 - val_accuracy: 1.0000 - val_loss: 2.5215e-06
Epoch 191/500
505/505 - 4s - 7ms/step - accuracy: 0.9197 - loss: 0.2907 - val_accuracy: 1.0000 - val_loss: 5.4202e-05
Epoch 192/500
505/505 - 3s - 6ms/step - accuracy: 0.9063 - loss: 0.3234 - val_accuracy: 1.0000 - val_loss: 4.7449e-06
Epoch 193/500
505/505 - 5s - 11ms/step - accuracy: 0.9143 - loss: 0.2874 - val_accuracy: 1.0000 - val_loss: 2.1534e-05
Epoch 194/500
505/505 - 3s - 6ms/step - accuracy: 0.9113 - loss: 0.2928 - val_accuracy: 1.0000 - val_loss: 1.2391e-04
Epoch 195/500
505/505 - 3s - 6ms/step - accuracy: 0.9143 - loss: 0.2869 - val_accuracy: 1.0000 - val_loss: 1.8192e-06
Epoch 196/500
505/505 - 4s - 7ms/step - accuracy: 0.9103 - loss: 0.3118 - val_accuracy: 1.0000 - val_loss: 1.3519e-05
Epoch 197/500
505/505 - 4s - 7ms/step - accuracy: 0.9148 - loss: 0.3112 - val_accuracy: 1.0000 - val_loss: 4.6391e-05
Epoch 198/500
505/505 - 4s - 7ms/step - accuracy: 0.9108 - loss: 0.3039 - val_accuracy: 1.0000 - val_loss: 5.6905e-06
Epoch 199/500
505/505 - 4s - 7ms/step - accuracy: 0.9103 - loss: 0.3051 - val_accuracy: 1.0000 - val_loss: 3.1952e-06
Epoch 200/500
505/505 - 4s - 8ms/step - accuracy: 0.9083 - loss: 0.3041 - val_accuracy: 1.0000 - val_loss: 1.3657e-06
Epoch 201/500
505/505 - 4s - 7ms/step - accuracy: 0.9207 - loss: 0.2841 - val_accuracy: 1.0000 - val_loss: 2.5658e-05
Epoch 201: early stopping
Restoring model weights from the end of the best epoch: 141.
[fold2] ran 201 epochs in 729s (3.63 s/ep), best epoch 141 (val_loss 0.00000, val_acc 1.0000)

=== fold 3/5: train 2002 (1290 upstream + 178 user x4), val 50 user images ===
Epoch 1/500
501/501 - 6s - 13ms/step - accuracy: 0.2103 - loss: 2.3249 - val_accuracy: 0.0600 - val_loss: 2.2930
Epoch 2/500
501/501 - 4s - 8ms/step - accuracy: 0.2727 - loss: 2.1222 - val_accuracy: 0.6200 - val_loss: 1.4954
Epoch 3/500
501/501 - 4s - 8ms/step - accuracy: 0.4535 - loss: 1.6857 - val_accuracy: 0.7400 - val_loss: 0.7774
Epoch 4/500
501/501 - 4s - 7ms/step - accuracy: 0.5699 - loss: 1.3736 - val_accuracy: 0.8600 - val_loss: 0.4031
Epoch 5/500
501/501 - 4s - 7ms/step - accuracy: 0.6094 - loss: 1.2370 - val_accuracy: 0.9200 - val_loss: 0.3366
Epoch 6/500
501/501 - 4s - 7ms/step - accuracy: 0.6538 - loss: 1.0953 - val_accuracy: 0.9600 - val_loss: 0.2775
Epoch 7/500
501/501 - 3s - 7ms/step - accuracy: 0.6938 - loss: 0.9853 - val_accuracy: 0.9400 - val_loss: 0.2507
Epoch 8/500
501/501 - 3s - 7ms/step - accuracy: 0.7018 - loss: 0.9276 - val_accuracy: 0.9600 - val_loss: 0.1285
Epoch 9/500
501/501 - 3s - 7ms/step - accuracy: 0.7103 - loss: 0.8828 - val_accuracy: 0.9200 - val_loss: 0.1753
Epoch 10/500
501/501 - 3s - 7ms/step - accuracy: 0.7173 - loss: 0.8462 - val_accuracy: 0.9800 - val_loss: 0.1060
Epoch 11/500
501/501 - 3s - 7ms/step - accuracy: 0.7557 - loss: 0.7809 - val_accuracy: 0.9600 - val_loss: 0.1184
Epoch 12/500
501/501 - 3s - 7ms/step - accuracy: 0.7637 - loss: 0.7432 - val_accuracy: 0.9000 - val_loss: 0.1656
Epoch 13/500
501/501 - 4s - 7ms/step - accuracy: 0.7707 - loss: 0.7286 - val_accuracy: 0.9800 - val_loss: 0.0788
Epoch 14/500
501/501 - 4s - 7ms/step - accuracy: 0.7737 - loss: 0.6899 - val_accuracy: 1.0000 - val_loss: 0.0377
Epoch 15/500
501/501 - 3s - 7ms/step - accuracy: 0.7817 - loss: 0.6753 - val_accuracy: 1.0000 - val_loss: 0.0261
Epoch 16/500
501/501 - 3s - 7ms/step - accuracy: 0.7977 - loss: 0.6535 - val_accuracy: 1.0000 - val_loss: 0.0183
Epoch 17/500
501/501 - 3s - 7ms/step - accuracy: 0.7917 - loss: 0.6598 - val_accuracy: 0.9800 - val_loss: 0.0767
Epoch 18/500
501/501 - 3s - 6ms/step - accuracy: 0.7987 - loss: 0.6455 - val_accuracy: 1.0000 - val_loss: 0.0172
Epoch 19/500
501/501 - 4s - 7ms/step - accuracy: 0.8157 - loss: 0.6074 - val_accuracy: 1.0000 - val_loss: 0.0079
Epoch 20/500
501/501 - 4s - 7ms/step - accuracy: 0.8172 - loss: 0.5940 - val_accuracy: 1.0000 - val_loss: 0.0133
Epoch 21/500
501/501 - 4s - 8ms/step - accuracy: 0.8207 - loss: 0.6019 - val_accuracy: 1.0000 - val_loss: 0.0073
Epoch 22/500
501/501 - 3s - 6ms/step - accuracy: 0.8222 - loss: 0.5665 - val_accuracy: 1.0000 - val_loss: 0.0075
Epoch 23/500
501/501 - 3s - 6ms/step - accuracy: 0.8257 - loss: 0.5563 - val_accuracy: 1.0000 - val_loss: 0.0047
Epoch 24/500
501/501 - 3s - 7ms/step - accuracy: 0.8157 - loss: 0.5997 - val_accuracy: 1.0000 - val_loss: 0.0116
Epoch 25/500
501/501 - 4s - 8ms/step - accuracy: 0.8357 - loss: 0.5235 - val_accuracy: 1.0000 - val_loss: 0.0027
Epoch 26/500
501/501 - 4s - 8ms/step - accuracy: 0.8327 - loss: 0.5347 - val_accuracy: 1.0000 - val_loss: 0.0051
Epoch 27/500
501/501 - 4s - 7ms/step - accuracy: 0.8307 - loss: 0.5143 - val_accuracy: 1.0000 - val_loss: 0.0077
Epoch 28/500
501/501 - 5s - 11ms/step - accuracy: 0.8501 - loss: 0.4730 - val_accuracy: 1.0000 - val_loss: 0.0014
Epoch 29/500
501/501 - 4s - 8ms/step - accuracy: 0.8427 - loss: 0.5207 - val_accuracy: 1.0000 - val_loss: 0.0030
Epoch 30/500
501/501 - 4s - 8ms/step - accuracy: 0.8422 - loss: 0.5120 - val_accuracy: 1.0000 - val_loss: 0.0048
Epoch 31/500
501/501 - 3s - 7ms/step - accuracy: 0.8501 - loss: 0.4883 - val_accuracy: 1.0000 - val_loss: 0.0037
Epoch 32/500
501/501 - 3s - 6ms/step - accuracy: 0.8437 - loss: 0.5009 - val_accuracy: 1.0000 - val_loss: 7.4289e-04
Epoch 33/500
501/501 - 5s - 10ms/step - accuracy: 0.8452 - loss: 0.5002 - val_accuracy: 1.0000 - val_loss: 3.3354e-04
Epoch 34/500
501/501 - 3s - 5ms/step - accuracy: 0.8661 - loss: 0.4554 - val_accuracy: 1.0000 - val_loss: 6.4995e-04
Epoch 35/500
501/501 - 3s - 5ms/step - accuracy: 0.8506 - loss: 0.4677 - val_accuracy: 1.0000 - val_loss: 0.0032
Epoch 36/500
501/501 - 3s - 6ms/step - accuracy: 0.8581 - loss: 0.4476 - val_accuracy: 1.0000 - val_loss: 0.0082
Epoch 37/500
501/501 - 3s - 7ms/step - accuracy: 0.8497 - loss: 0.4910 - val_accuracy: 1.0000 - val_loss: 0.0031
Epoch 38/500
501/501 - 3s - 6ms/step - accuracy: 0.8506 - loss: 0.4948 - val_accuracy: 1.0000 - val_loss: 0.0020
Epoch 39/500
501/501 - 3s - 7ms/step - accuracy: 0.8581 - loss: 0.4481 - val_accuracy: 1.0000 - val_loss: 8.1027e-04
Epoch 40/500
501/501 - 5s - 10ms/step - accuracy: 0.8676 - loss: 0.4341 - val_accuracy: 1.0000 - val_loss: 5.6955e-04
Epoch 41/500
501/501 - 3s - 6ms/step - accuracy: 0.8686 - loss: 0.4170 - val_accuracy: 1.0000 - val_loss: 3.1054e-04
Epoch 42/500
501/501 - 4s - 7ms/step - accuracy: 0.8746 - loss: 0.4109 - val_accuracy: 1.0000 - val_loss: 0.0011
Epoch 43/500
501/501 - 4s - 8ms/step - accuracy: 0.8701 - loss: 0.4333 - val_accuracy: 1.0000 - val_loss: 0.0022
Epoch 44/500
501/501 - 4s - 8ms/step - accuracy: 0.8606 - loss: 0.4666 - val_accuracy: 1.0000 - val_loss: 0.0073
Epoch 45/500
501/501 - 3s - 7ms/step - accuracy: 0.8472 - loss: 0.4987 - val_accuracy: 1.0000 - val_loss: 0.0017
Epoch 46/500
501/501 - 3s - 7ms/step - accuracy: 0.8766 - loss: 0.4244 - val_accuracy: 1.0000 - val_loss: 3.2295e-04
Epoch 47/500
501/501 - 3s - 7ms/step - accuracy: 0.8681 - loss: 0.4260 - val_accuracy: 1.0000 - val_loss: 0.0023
Epoch 48/500
501/501 - 4s - 7ms/step - accuracy: 0.8771 - loss: 0.4202 - val_accuracy: 1.0000 - val_loss: 0.0036
Epoch 49/500
501/501 - 4s - 7ms/step - accuracy: 0.8806 - loss: 0.4085 - val_accuracy: 1.0000 - val_loss: 0.0031
Epoch 50/500
501/501 - 3s - 7ms/step - accuracy: 0.8661 - loss: 0.4381 - val_accuracy: 1.0000 - val_loss: 7.2814e-04
Epoch 51/500
501/501 - 3s - 7ms/step - accuracy: 0.8816 - loss: 0.4220 - val_accuracy: 1.0000 - val_loss: 2.9029e-04
Epoch 52/500
501/501 - 3s - 7ms/step - accuracy: 0.8781 - loss: 0.3908 - val_accuracy: 1.0000 - val_loss: 5.2058e-04
Epoch 53/500
501/501 - 4s - 7ms/step - accuracy: 0.8686 - loss: 0.4261 - val_accuracy: 1.0000 - val_loss: 0.0014
Epoch 54/500
501/501 - 4s - 7ms/step - accuracy: 0.8736 - loss: 0.3806 - val_accuracy: 1.0000 - val_loss: 2.7704e-04
Epoch 55/500
501/501 - 4s - 7ms/step - accuracy: 0.8731 - loss: 0.4023 - val_accuracy: 1.0000 - val_loss: 2.1966e-04
Epoch 56/500
501/501 - 4s - 7ms/step - accuracy: 0.8611 - loss: 0.4388 - val_accuracy: 1.0000 - val_loss: 0.0030
Epoch 57/500
501/501 - 3s - 6ms/step - accuracy: 0.8746 - loss: 0.4334 - val_accuracy: 1.0000 - val_loss: 1.9978e-04
Epoch 58/500
501/501 - 3s - 7ms/step - accuracy: 0.8951 - loss: 0.3434 - val_accuracy: 1.0000 - val_loss: 7.7826e-05
Epoch 59/500
501/501 - 4s - 7ms/step - accuracy: 0.8826 - loss: 0.3886 - val_accuracy: 1.0000 - val_loss: 2.4164e-04
Epoch 60/500
501/501 - 3s - 7ms/step - accuracy: 0.8761 - loss: 0.4085 - val_accuracy: 1.0000 - val_loss: 6.9326e-04
Epoch 61/500
501/501 - 4s - 7ms/step - accuracy: 0.8731 - loss: 0.4158 - val_accuracy: 1.0000 - val_loss: 2.3537e-04
Epoch 62/500
501/501 - 3s - 7ms/step - accuracy: 0.8881 - loss: 0.3722 - val_accuracy: 1.0000 - val_loss: 4.6433e-05
Epoch 63/500
501/501 - 4s - 7ms/step - accuracy: 0.8731 - loss: 0.4060 - val_accuracy: 1.0000 - val_loss: 1.8773e-04
Epoch 64/500
501/501 - 5s - 11ms/step - accuracy: 0.8781 - loss: 0.4141 - val_accuracy: 1.0000 - val_loss: 4.2235e-04
Epoch 65/500
501/501 - 4s - 7ms/step - accuracy: 0.8711 - loss: 0.4028 - val_accuracy: 1.0000 - val_loss: 1.3091e-04
Epoch 66/500
501/501 - 4s - 8ms/step - accuracy: 0.8826 - loss: 0.3769 - val_accuracy: 1.0000 - val_loss: 1.9254e-04
Epoch 67/500
501/501 - 4s - 7ms/step - accuracy: 0.8801 - loss: 0.3913 - val_accuracy: 1.0000 - val_loss: 1.9498e-04
Epoch 68/500
501/501 - 3s - 6ms/step - accuracy: 0.8791 - loss: 0.3779 - val_accuracy: 1.0000 - val_loss: 1.7927e-04
Epoch 69/500
501/501 - 3s - 6ms/step - accuracy: 0.8826 - loss: 0.3653 - val_accuracy: 1.0000 - val_loss: 3.3190e-05
Epoch 70/500
501/501 - 3s - 7ms/step - accuracy: 0.8866 - loss: 0.3869 - val_accuracy: 1.0000 - val_loss: 7.6386e-05
Epoch 71/500
501/501 - 3s - 7ms/step - accuracy: 0.8826 - loss: 0.3697 - val_accuracy: 1.0000 - val_loss: 2.3431e-04
Epoch 72/500
501/501 - 3s - 7ms/step - accuracy: 0.8831 - loss: 0.3995 - val_accuracy: 1.0000 - val_loss: 4.2428e-05
Epoch 73/500
501/501 - 3s - 7ms/step - accuracy: 0.8841 - loss: 0.3817 - val_accuracy: 1.0000 - val_loss: 3.1879e-04
Epoch 74/500
501/501 - 3s - 7ms/step - accuracy: 0.8901 - loss: 0.3481 - val_accuracy: 1.0000 - val_loss: 1.1780e-04
Epoch 75/500
501/501 - 3s - 6ms/step - accuracy: 0.8936 - loss: 0.3432 - val_accuracy: 1.0000 - val_loss: 2.2510e-05
Epoch 76/500
501/501 - 3s - 7ms/step - accuracy: 0.8936 - loss: 0.3460 - val_accuracy: 1.0000 - val_loss: 1.8845e-04
Epoch 77/500
501/501 - 4s - 8ms/step - accuracy: 0.8896 - loss: 0.3797 - val_accuracy: 1.0000 - val_loss: 1.0781e-05
Epoch 78/500
501/501 - 4s - 8ms/step - accuracy: 0.8941 - loss: 0.3553 - val_accuracy: 1.0000 - val_loss: 0.0017
Epoch 79/500
501/501 - 4s - 8ms/step - accuracy: 0.8856 - loss: 0.3924 - val_accuracy: 1.0000 - val_loss: 5.1301e-05
Epoch 80/500
501/501 - 4s - 8ms/step - accuracy: 0.8866 - loss: 0.3607 - val_accuracy: 1.0000 - val_loss: 5.1500e-05
Epoch 81/500
501/501 - 4s - 8ms/step - accuracy: 0.8886 - loss: 0.3672 - val_accuracy: 1.0000 - val_loss: 3.3772e-04
Epoch 82/500
501/501 - 4s - 8ms/step - accuracy: 0.8856 - loss: 0.3869 - val_accuracy: 1.0000 - val_loss: 6.9650e-04
Epoch 83/500
501/501 - 4s - 8ms/step - accuracy: 0.8946 - loss: 0.3434 - val_accuracy: 1.0000 - val_loss: 8.1971e-05
Epoch 84/500
501/501 - 5s - 10ms/step - accuracy: 0.8836 - loss: 0.3692 - val_accuracy: 1.0000 - val_loss: 9.4679e-05
Epoch 85/500
501/501 - 4s - 8ms/step - accuracy: 0.8891 - loss: 0.3545 - val_accuracy: 1.0000 - val_loss: 1.4099e-04
Epoch 86/500
501/501 - 4s - 8ms/step - accuracy: 0.8856 - loss: 0.3858 - val_accuracy: 1.0000 - val_loss: 1.2124e-04
Epoch 87/500
501/501 - 4s - 8ms/step - accuracy: 0.9026 - loss: 0.2984 - val_accuracy: 1.0000 - val_loss: 2.4750e-05
Epoch 88/500
501/501 - 3s - 7ms/step - accuracy: 0.8896 - loss: 0.3372 - val_accuracy: 1.0000 - val_loss: 0.0019
Epoch 89/500
501/501 - 3s - 6ms/step - accuracy: 0.8851 - loss: 0.3609 - val_accuracy: 1.0000 - val_loss: 0.0013
Epoch 90/500
501/501 - 3s - 6ms/step - accuracy: 0.9011 - loss: 0.3283 - val_accuracy: 1.0000 - val_loss: 4.1934e-04
Epoch 91/500
501/501 - 3s - 6ms/step - accuracy: 0.8941 - loss: 0.3507 - val_accuracy: 1.0000 - val_loss: 4.1538e-04
Epoch 92/500
501/501 - 3s - 6ms/step - accuracy: 0.8946 - loss: 0.3951 - val_accuracy: 1.0000 - val_loss: 0.0016
Epoch 93/500
501/501 - 3s - 6ms/step - accuracy: 0.8996 - loss: 0.3071 - val_accuracy: 1.0000 - val_loss: 6.0660e-05
Epoch 94/500
501/501 - 3s - 6ms/step - accuracy: 0.9096 - loss: 0.3093 - val_accuracy: 1.0000 - val_loss: 4.8441e-05
Epoch 95/500
501/501 - 3s - 6ms/step - accuracy: 0.8896 - loss: 0.3562 - val_accuracy: 1.0000 - val_loss: 4.0709e-04
Epoch 96/500
501/501 - 3s - 6ms/step - accuracy: 0.8946 - loss: 0.3427 - val_accuracy: 1.0000 - val_loss: 0.0047
Epoch 97/500
501/501 - 3s - 6ms/step - accuracy: 0.9046 - loss: 0.3314 - val_accuracy: 1.0000 - val_loss: 0.0011
Epoch 98/500
501/501 - 3s - 6ms/step - accuracy: 0.9091 - loss: 0.3107 - val_accuracy: 1.0000 - val_loss: 5.1306e-05
Epoch 99/500
501/501 - 3s - 6ms/step - accuracy: 0.8866 - loss: 0.3866 - val_accuracy: 1.0000 - val_loss: 0.0013
Epoch 100/500
501/501 - 3s - 6ms/step - accuracy: 0.9021 - loss: 0.3324 - val_accuracy: 1.0000 - val_loss: 5.9915e-05
Epoch 101/500
501/501 - 3s - 6ms/step - accuracy: 0.8906 - loss: 0.3526 - val_accuracy: 1.0000 - val_loss: 9.5671e-06
Epoch 102/500
501/501 - 3s - 6ms/step - accuracy: 0.8961 - loss: 0.3557 - val_accuracy: 1.0000 - val_loss: 0.0021
Epoch 103/500
501/501 - 3s - 6ms/step - accuracy: 0.8981 - loss: 0.3438 - val_accuracy: 1.0000 - val_loss: 1.6613e-04
Epoch 104/500
501/501 - 3s - 6ms/step - accuracy: 0.8786 - loss: 0.3720 - val_accuracy: 1.0000 - val_loss: 2.3614e-04
Epoch 105/500
501/501 - 3s - 6ms/step - accuracy: 0.8906 - loss: 0.3467 - val_accuracy: 1.0000 - val_loss: 6.3834e-05
Epoch 106/500
501/501 - 3s - 6ms/step - accuracy: 0.8921 - loss: 0.3589 - val_accuracy: 1.0000 - val_loss: 3.6416e-04
Epoch 107/500
501/501 - 3s - 6ms/step - accuracy: 0.8966 - loss: 0.3576 - val_accuracy: 1.0000 - val_loss: 1.8207e-04
Epoch 108/500
501/501 - 4s - 7ms/step - accuracy: 0.8941 - loss: 0.3596 - val_accuracy: 1.0000 - val_loss: 1.7778e-05
Epoch 109/500
501/501 - 4s - 7ms/step - accuracy: 0.8986 - loss: 0.3450 - val_accuracy: 1.0000 - val_loss: 7.7883e-05
Epoch 110/500
501/501 - 3s - 7ms/step - accuracy: 0.9081 - loss: 0.2991 - val_accuracy: 1.0000 - val_loss: 5.8803e-04
Epoch 111/500
501/501 - 4s - 8ms/step - accuracy: 0.8931 - loss: 0.3471 - val_accuracy: 1.0000 - val_loss: 2.3745e-05
Epoch 112/500
501/501 - 4s - 7ms/step - accuracy: 0.8901 - loss: 0.3573 - val_accuracy: 1.0000 - val_loss: 7.4306e-04
Epoch 113/500
501/501 - 4s - 8ms/step - accuracy: 0.8916 - loss: 0.3367 - val_accuracy: 1.0000 - val_loss: 1.0743e-05
Epoch 114/500
501/501 - 4s - 8ms/step - accuracy: 0.9026 - loss: 0.3297 - val_accuracy: 1.0000 - val_loss: 2.2376e-05
Epoch 115/500
501/501 - 4s - 8ms/step - accuracy: 0.8976 - loss: 0.3180 - val_accuracy: 1.0000 - val_loss: 6.9245e-05
Epoch 116/500
501/501 - 4s - 7ms/step - accuracy: 0.8941 - loss: 0.3491 - val_accuracy: 1.0000 - val_loss: 2.2112e-05
Epoch 117/500
501/501 - 3s - 7ms/step - accuracy: 0.9056 - loss: 0.3196 - val_accuracy: 1.0000 - val_loss: 6.6277e-05
Epoch 118/500
501/501 - 3s - 7ms/step - accuracy: 0.8921 - loss: 0.3364 - val_accuracy: 1.0000 - val_loss: 9.1469e-05
Epoch 119/500
501/501 - 3s - 6ms/step - accuracy: 0.8876 - loss: 0.3447 - val_accuracy: 1.0000 - val_loss: 8.8257e-05
Epoch 120/500
501/501 - 3s - 7ms/step - accuracy: 0.9006 - loss: 0.3321 - val_accuracy: 1.0000 - val_loss: 1.0303e-04
Epoch 121/500
501/501 - 3s - 6ms/step - accuracy: 0.8911 - loss: 0.3463 - val_accuracy: 1.0000 - val_loss: 1.8201e-04
Epoch 122/500
501/501 - 3s - 6ms/step - accuracy: 0.9031 - loss: 0.3214 - val_accuracy: 1.0000 - val_loss: 8.6220e-05
Epoch 123/500
501/501 - 3s - 6ms/step - accuracy: 0.9061 - loss: 0.3043 - val_accuracy: 1.0000 - val_loss: 1.9583e-04
Epoch 124/500
501/501 - 3s - 6ms/step - accuracy: 0.8936 - loss: 0.3667 - val_accuracy: 1.0000 - val_loss: 1.8092e-05
Epoch 125/500
501/501 - 3s - 7ms/step - accuracy: 0.8891 - loss: 0.3642 - val_accuracy: 1.0000 - val_loss: 6.5745e-04
Epoch 126/500
501/501 - 3s - 7ms/step - accuracy: 0.8966 - loss: 0.3131 - val_accuracy: 1.0000 - val_loss: 6.9684e-04
Epoch 127/500
501/501 - 3s - 6ms/step - accuracy: 0.8911 - loss: 0.3442 - val_accuracy: 1.0000 - val_loss: 2.0412e-05
Epoch 128/500
501/501 - 3s - 6ms/step - accuracy: 0.8976 - loss: 0.3319 - val_accuracy: 1.0000 - val_loss: 7.4880e-05
Epoch 129/500
501/501 - 3s - 7ms/step - accuracy: 0.9016 - loss: 0.3279 - val_accuracy: 1.0000 - val_loss: 8.9068e-06
Epoch 130/500
501/501 - 3s - 7ms/step - accuracy: 0.8866 - loss: 0.3515 - val_accuracy: 1.0000 - val_loss: 1.6584e-05
Epoch 131/500
501/501 - 4s - 7ms/step - accuracy: 0.9016 - loss: 0.3157 - val_accuracy: 1.0000 - val_loss: 1.2409e-05
Epoch 132/500
501/501 - 3s - 7ms/step - accuracy: 0.8971 - loss: 0.3450 - val_accuracy: 1.0000 - val_loss: 1.6029e-04
Epoch 133/500
501/501 - 3s - 6ms/step - accuracy: 0.9021 - loss: 0.3181 - val_accuracy: 1.0000 - val_loss: 1.4841e-04
Epoch 134/500
501/501 - 3s - 7ms/step - accuracy: 0.8986 - loss: 0.3136 - val_accuracy: 1.0000 - val_loss: 4.1483e-06
Epoch 135/500
501/501 - 3s - 7ms/step - accuracy: 0.8946 - loss: 0.3588 - val_accuracy: 1.0000 - val_loss: 2.5627e-05
Epoch 136/500
501/501 - 3s - 6ms/step - accuracy: 0.8966 - loss: 0.3487 - val_accuracy: 1.0000 - val_loss: 1.6225e-04
Epoch 137/500
501/501 - 4s - 7ms/step - accuracy: 0.9091 - loss: 0.3060 - val_accuracy: 1.0000 - val_loss: 5.1520e-05
Epoch 138/500
501/501 - 4s - 7ms/step - accuracy: 0.8976 - loss: 0.3270 - val_accuracy: 1.0000 - val_loss: 7.5409e-06
Epoch 139/500
501/501 - 4s - 7ms/step - accuracy: 0.9026 - loss: 0.3281 - val_accuracy: 1.0000 - val_loss: 1.1251e-04
Epoch 140/500
501/501 - 4s - 8ms/step - accuracy: 0.8906 - loss: 0.3554 - val_accuracy: 1.0000 - val_loss: 4.7980e-05
Epoch 141/500
501/501 - 4s - 7ms/step - accuracy: 0.9021 - loss: 0.3119 - val_accuracy: 1.0000 - val_loss: 8.8183e-06
Epoch 142/500
501/501 - 4s - 8ms/step - accuracy: 0.9011 - loss: 0.3232 - val_accuracy: 1.0000 - val_loss: 1.0056e-04
Epoch 143/500
501/501 - 4s - 8ms/step - accuracy: 0.9026 - loss: 0.3287 - val_accuracy: 1.0000 - val_loss: 5.9505e-05
Epoch 144/500
501/501 - 4s - 8ms/step - accuracy: 0.9086 - loss: 0.2859 - val_accuracy: 1.0000 - val_loss: 3.4813e-05
Epoch 145/500
501/501 - 4s - 8ms/step - accuracy: 0.9071 - loss: 0.3169 - val_accuracy: 1.0000 - val_loss: 9.0036e-05
Epoch 146/500
501/501 - 4s - 8ms/step - accuracy: 0.9031 - loss: 0.3052 - val_accuracy: 1.0000 - val_loss: 0.0066
Epoch 147/500
501/501 - 4s - 7ms/step - accuracy: 0.8901 - loss: 0.3687 - val_accuracy: 1.0000 - val_loss: 3.1277e-04
Epoch 148/500
501/501 - 4s - 7ms/step - accuracy: 0.8951 - loss: 0.3443 - val_accuracy: 1.0000 - val_loss: 2.0947e-04
Epoch 149/500
501/501 - 4s - 7ms/step - accuracy: 0.9026 - loss: 0.3213 - val_accuracy: 1.0000 - val_loss: 8.3443e-06
Epoch 150/500
501/501 - 4s - 8ms/step - accuracy: 0.9041 - loss: 0.3296 - val_accuracy: 1.0000 - val_loss: 2.0955e-05
Epoch 151/500
501/501 - 5s - 11ms/step - accuracy: 0.8971 - loss: 0.3252 - val_accuracy: 1.0000 - val_loss: 1.9943e-04
Epoch 152/500
501/501 - 4s - 7ms/step - accuracy: 0.9006 - loss: 0.3423 - val_accuracy: 1.0000 - val_loss: 5.8338e-06
Epoch 153/500
501/501 - 3s - 7ms/step - accuracy: 0.8986 - loss: 0.3299 - val_accuracy: 1.0000 - val_loss: 1.7422e-05
Epoch 154/500
501/501 - 4s - 7ms/step - accuracy: 0.8961 - loss: 0.3071 - val_accuracy: 1.0000 - val_loss: 4.6623e-05
Epoch 155/500
501/501 - 4s - 7ms/step - accuracy: 0.9001 - loss: 0.3215 - val_accuracy: 1.0000 - val_loss: 3.0383e-05
Epoch 156/500
501/501 - 4s - 7ms/step - accuracy: 0.9056 - loss: 0.3271 - val_accuracy: 1.0000 - val_loss: 6.6203e-05
Epoch 157/500
501/501 - 4s - 7ms/step - accuracy: 0.9096 - loss: 0.3199 - val_accuracy: 1.0000 - val_loss: 3.1701e-05
Epoch 158/500
501/501 - 4s - 7ms/step - accuracy: 0.9041 - loss: 0.3282 - val_accuracy: 1.0000 - val_loss: 1.3816e-04
Epoch 159/500
501/501 - 3s - 7ms/step - accuracy: 0.9086 - loss: 0.3394 - val_accuracy: 1.0000 - val_loss: 1.9668e-04
Epoch 160/500
501/501 - 3s - 7ms/step - accuracy: 0.9136 - loss: 0.2897 - val_accuracy: 1.0000 - val_loss: 5.9620e-05
Epoch 161/500
501/501 - 3s - 6ms/step - accuracy: 0.9111 - loss: 0.2838 - val_accuracy: 1.0000 - val_loss: 2.8703e-05
Epoch 162/500
501/501 - 3s - 7ms/step - accuracy: 0.9021 - loss: 0.3066 - val_accuracy: 1.0000 - val_loss: 2.2688e-04
Epoch 163/500
501/501 - 3s - 6ms/step - accuracy: 0.9081 - loss: 0.3039 - val_accuracy: 1.0000 - val_loss: 7.9293e-05
Epoch 164/500
501/501 - 3s - 6ms/step - accuracy: 0.9111 - loss: 0.2936 - val_accuracy: 1.0000 - val_loss: 1.6951e-06
Epoch 165/500
501/501 - 3s - 6ms/step - accuracy: 0.9091 - loss: 0.2960 - val_accuracy: 1.0000 - val_loss: 1.4125e-05
Epoch 166/500
501/501 - 3s - 5ms/step - accuracy: 0.9076 - loss: 0.2817 - val_accuracy: 1.0000 - val_loss: 9.2334e-06
Epoch 167/500
501/501 - 2s - 5ms/step - accuracy: 0.8961 - loss: 0.3293 - val_accuracy: 1.0000 - val_loss: 1.0790e-05
Epoch 168/500
501/501 - 2s - 5ms/step - accuracy: 0.9091 - loss: 0.2959 - val_accuracy: 1.0000 - val_loss: 0.0017
Epoch 169/500
501/501 - 3s - 5ms/step - accuracy: 0.9036 - loss: 0.3208 - val_accuracy: 1.0000 - val_loss: 6.6210e-05
Epoch 170/500
501/501 - 3s - 5ms/step - accuracy: 0.8941 - loss: 0.3386 - val_accuracy: 1.0000 - val_loss: 1.0903e-05
Epoch 171/500
501/501 - 3s - 5ms/step - accuracy: 0.9001 - loss: 0.3134 - val_accuracy: 1.0000 - val_loss: 1.4173e-04
Epoch 172/500
501/501 - 3s - 5ms/step - accuracy: 0.9061 - loss: 0.2750 - val_accuracy: 1.0000 - val_loss: 1.5116e-06
Epoch 173/500
501/501 - 3s - 5ms/step - accuracy: 0.9046 - loss: 0.3217 - val_accuracy: 1.0000 - val_loss: 6.3964e-06
Epoch 174/500
501/501 - 2s - 5ms/step - accuracy: 0.9071 - loss: 0.3249 - val_accuracy: 1.0000 - val_loss: 2.1053e-05
Epoch 175/500
501/501 - 3s - 5ms/step - accuracy: 0.8971 - loss: 0.3258 - val_accuracy: 1.0000 - val_loss: 3.8074e-06
Epoch 176/500
501/501 - 3s - 5ms/step - accuracy: 0.9111 - loss: 0.3162 - val_accuracy: 1.0000 - val_loss: 5.0068e-07
Epoch 177/500
501/501 - 2s - 5ms/step - accuracy: 0.9076 - loss: 0.3197 - val_accuracy: 1.0000 - val_loss: 5.7370e-04
Epoch 178/500
501/501 - 2s - 5ms/step - accuracy: 0.9126 - loss: 0.2803 - val_accuracy: 1.0000 - val_loss: 1.1706e-06
Epoch 179/500
501/501 - 3s - 5ms/step - accuracy: 0.9101 - loss: 0.2936 - val_accuracy: 1.0000 - val_loss: 3.3582e-05
Epoch 180/500
501/501 - 3s - 5ms/step - accuracy: 0.8921 - loss: 0.3481 - val_accuracy: 1.0000 - val_loss: 3.6701e-05
Epoch 181/500
501/501 - 2s - 5ms/step - accuracy: 0.9096 - loss: 0.3238 - val_accuracy: 1.0000 - val_loss: 2.9176e-05
Epoch 182/500
501/501 - 3s - 5ms/step - accuracy: 0.9031 - loss: 0.3164 - val_accuracy: 1.0000 - val_loss: 6.0931e-05
Epoch 183/500
501/501 - 3s - 5ms/step - accuracy: 0.9161 - loss: 0.3052 - val_accuracy: 1.0000 - val_loss: 1.6693e-05
Epoch 184/500
501/501 - 3s - 5ms/step - accuracy: 0.9171 - loss: 0.3071 - val_accuracy: 1.0000 - val_loss: 9.7058e-04
Epoch 185/500
501/501 - 3s - 5ms/step - accuracy: 0.8981 - loss: 0.3426 - val_accuracy: 1.0000 - val_loss: 7.4616e-04
Epoch 186/500
501/501 - 3s - 5ms/step - accuracy: 0.9006 - loss: 0.3070 - val_accuracy: 1.0000 - val_loss: 1.5730e-05
Epoch 187/500
501/501 - 3s - 5ms/step - accuracy: 0.8901 - loss: 0.3470 - val_accuracy: 1.0000 - val_loss: 4.5084e-06
Epoch 188/500
501/501 - 2s - 5ms/step - accuracy: 0.9191 - loss: 0.2847 - val_accuracy: 1.0000 - val_loss: 3.7979e-06
Epoch 189/500
501/501 - 3s - 5ms/step - accuracy: 0.9111 - loss: 0.2918 - val_accuracy: 1.0000 - val_loss: 7.5433e-04
Epoch 190/500
501/501 - 3s - 5ms/step - accuracy: 0.9201 - loss: 0.2914 - val_accuracy: 1.0000 - val_loss: 3.0650e-05
Epoch 191/500
501/501 - 2s - 5ms/step - accuracy: 0.9126 - loss: 0.2754 - val_accuracy: 1.0000 - val_loss: 6.8395e-06
Epoch 192/500
501/501 - 3s - 5ms/step - accuracy: 0.9021 - loss: 0.3277 - val_accuracy: 1.0000 - val_loss: 6.5326e-07
Epoch 193/500
501/501 - 3s - 5ms/step - accuracy: 0.9061 - loss: 0.3135 - val_accuracy: 1.0000 - val_loss: 0.0024
Epoch 194/500
501/501 - 3s - 5ms/step - accuracy: 0.9091 - loss: 0.3113 - val_accuracy: 1.0000 - val_loss: 1.5531e-04
Epoch 195/500
501/501 - 3s - 5ms/step - accuracy: 0.9106 - loss: 0.3052 - val_accuracy: 1.0000 - val_loss: 7.2808e-06
Epoch 196/500
501/501 - 3s - 5ms/step - accuracy: 0.8971 - loss: 0.3268 - val_accuracy: 1.0000 - val_loss: 1.3445e-05
Epoch 197/500
501/501 - 3s - 5ms/step - accuracy: 0.9141 - loss: 0.2950 - val_accuracy: 1.0000 - val_loss: 3.0374e-06
Epoch 198/500
501/501 - 2s - 5ms/step - accuracy: 0.8941 - loss: 0.3466 - val_accuracy: 1.0000 - val_loss: 2.6109e-04
Epoch 199/500
501/501 - 3s - 5ms/step - accuracy: 0.9051 - loss: 0.2969 - val_accuracy: 1.0000 - val_loss: 7.1287e-07
Epoch 200/500
501/501 - 2s - 4ms/step - accuracy: 0.9116 - loss: 0.3255 - val_accuracy: 1.0000 - val_loss: 4.1102e-04
Epoch 201/500
501/501 - 2s - 4ms/step - accuracy: 0.9041 - loss: 0.3157 - val_accuracy: 1.0000 - val_loss: 4.0517e-04
Epoch 202/500
501/501 - 3s - 5ms/step - accuracy: 0.9091 - loss: 0.3244 - val_accuracy: 1.0000 - val_loss: 0.0017
Epoch 203/500
501/501 - 3s - 5ms/step - accuracy: 0.9071 - loss: 0.3002 - val_accuracy: 1.0000 - val_loss: 6.9963e-05
Epoch 204/500
501/501 - 3s - 5ms/step - accuracy: 0.9076 - loss: 0.3196 - val_accuracy: 1.0000 - val_loss: 4.0554e-06
Epoch 205/500
501/501 - 3s - 5ms/step - accuracy: 0.9076 - loss: 0.3126 - val_accuracy: 1.0000 - val_loss: 0.0011
Epoch 206/500
501/501 - 3s - 5ms/step - accuracy: 0.9181 - loss: 0.2794 - val_accuracy: 1.0000 - val_loss: 2.8863e-04
Epoch 207/500
501/501 - 3s - 5ms/step - accuracy: 0.9151 - loss: 0.3080 - val_accuracy: 1.0000 - val_loss: 5.7937e-05
Epoch 208/500
501/501 - 3s - 5ms/step - accuracy: 0.9106 - loss: 0.3143 - val_accuracy: 1.0000 - val_loss: 1.2733e-05
Epoch 209/500
501/501 - 3s - 5ms/step - accuracy: 0.9041 - loss: 0.3482 - val_accuracy: 1.0000 - val_loss: 1.5971e-04
Epoch 210/500
501/501 - 3s - 5ms/step - accuracy: 0.9026 - loss: 0.3135 - val_accuracy: 1.0000 - val_loss: 3.3405e-05
Epoch 211/500
501/501 - 3s - 5ms/step - accuracy: 0.9056 - loss: 0.3027 - val_accuracy: 1.0000 - val_loss: 1.4234e-05
Epoch 212/500
501/501 - 3s - 5ms/step - accuracy: 0.9111 - loss: 0.3149 - val_accuracy: 1.0000 - val_loss: 1.4006e-05
Epoch 213/500
501/501 - 2s - 4ms/step - accuracy: 0.9176 - loss: 0.2802 - val_accuracy: 1.0000 - val_loss: 4.9774e-04
Epoch 214/500
501/501 - 2s - 4ms/step - accuracy: 0.9066 - loss: 0.3360 - val_accuracy: 1.0000 - val_loss: 2.2700e-05
Epoch 215/500
501/501 - 2s - 4ms/step - accuracy: 0.9191 - loss: 0.2783 - val_accuracy: 1.0000 - val_loss: 1.5087e-04
Epoch 216/500
501/501 - 2s - 5ms/step - accuracy: 0.9141 - loss: 0.2969 - val_accuracy: 1.0000 - val_loss: 9.9190e-06
Epoch 217/500
501/501 - 3s - 5ms/step - accuracy: 0.9131 - loss: 0.3066 - val_accuracy: 1.0000 - val_loss: 4.9645e-05
Epoch 218/500
501/501 - 3s - 5ms/step - accuracy: 0.9116 - loss: 0.3268 - val_accuracy: 1.0000 - val_loss: 9.3546e-04
Epoch 219/500
501/501 - 3s - 5ms/step - accuracy: 0.9151 - loss: 0.2745 - val_accuracy: 1.0000 - val_loss: 1.2545e-05
Epoch 220/500
501/501 - 2s - 5ms/step - accuracy: 0.9166 - loss: 0.2759 - val_accuracy: 1.0000 - val_loss: 2.5152e-06
Epoch 221/500
501/501 - 2s - 5ms/step - accuracy: 0.9101 - loss: 0.2996 - val_accuracy: 1.0000 - val_loss: 6.3713e-04
Epoch 222/500
501/501 - 2s - 5ms/step - accuracy: 0.8961 - loss: 0.3438 - val_accuracy: 1.0000 - val_loss: 1.1086e-06
Epoch 223/500
501/501 - 2s - 5ms/step - accuracy: 0.9071 - loss: 0.2876 - val_accuracy: 1.0000 - val_loss: 9.1551e-07
Epoch 224/500
501/501 - 2s - 5ms/step - accuracy: 0.9061 - loss: 0.3183 - val_accuracy: 1.0000 - val_loss: 9.3697e-07
Epoch 225/500
501/501 - 3s - 5ms/step - accuracy: 0.8971 - loss: 0.3579 - val_accuracy: 1.0000 - val_loss: 3.4903e-06
Epoch 226/500
501/501 - 3s - 5ms/step - accuracy: 0.9036 - loss: 0.3473 - val_accuracy: 1.0000 - val_loss: 1.1206e-06
Epoch 227/500
501/501 - 2s - 5ms/step - accuracy: 0.9011 - loss: 0.3377 - val_accuracy: 1.0000 - val_loss: 1.0776e-06
Epoch 228/500
501/501 - 2s - 5ms/step - accuracy: 0.8951 - loss: 0.3455 - val_accuracy: 1.0000 - val_loss: 1.9467e-05
Epoch 229/500
501/501 - 2s - 5ms/step - accuracy: 0.8981 - loss: 0.3678 - val_accuracy: 1.0000 - val_loss: 3.2257e-06
Epoch 230/500
501/501 - 3s - 5ms/step - accuracy: 0.9051 - loss: 0.3148 - val_accuracy: 1.0000 - val_loss: 3.8725e-04
Epoch 231/500
501/501 - 2s - 5ms/step - accuracy: 0.9071 - loss: 0.3241 - val_accuracy: 1.0000 - val_loss: 2.5245e-05
Epoch 232/500
501/501 - 3s - 5ms/step - accuracy: 0.8986 - loss: 0.3341 - val_accuracy: 1.0000 - val_loss: 4.9873e-06
Epoch 233/500
501/501 - 3s - 6ms/step - accuracy: 0.8951 - loss: 0.3692 - val_accuracy: 1.0000 - val_loss: 4.7922e-07
Epoch 234/500
501/501 - 3s - 5ms/step - accuracy: 0.9051 - loss: 0.2938 - val_accuracy: 1.0000 - val_loss: 1.2934e-04
Epoch 235/500
501/501 - 2s - 5ms/step - accuracy: 0.9096 - loss: 0.3113 - val_accuracy: 1.0000 - val_loss: 4.9327e-06
Epoch 236/500
501/501 - 2s - 5ms/step - accuracy: 0.9081 - loss: 0.3088 - val_accuracy: 1.0000 - val_loss: 6.0103e-06
Epoch 237/500
501/501 - 3s - 5ms/step - accuracy: 0.9006 - loss: 0.3157 - val_accuracy: 1.0000 - val_loss: 2.1696e-07
Epoch 238/500
501/501 - 3s - 5ms/step - accuracy: 0.9131 - loss: 0.2887 - val_accuracy: 1.0000 - val_loss: 1.0628e-04
Epoch 239/500
501/501 - 3s - 5ms/step - accuracy: 0.9121 - loss: 0.3230 - val_accuracy: 1.0000 - val_loss: 3.3999e-05
Epoch 240/500
501/501 - 3s - 5ms/step - accuracy: 0.9071 - loss: 0.3136 - val_accuracy: 1.0000 - val_loss: 2.0658e-04
Epoch 241/500
501/501 - 3s - 5ms/step - accuracy: 0.9106 - loss: 0.2969 - val_accuracy: 1.0000 - val_loss: 2.7321e-06
Epoch 242/500
501/501 - 3s - 5ms/step - accuracy: 0.9026 - loss: 0.3196 - val_accuracy: 1.0000 - val_loss: 3.6478e-07
Epoch 243/500
501/501 - 2s - 5ms/step - accuracy: 0.9101 - loss: 0.3237 - val_accuracy: 1.0000 - val_loss: 3.8384e-06
Epoch 244/500
501/501 - 3s - 5ms/step - accuracy: 0.9071 - loss: 0.3294 - val_accuracy: 1.0000 - val_loss: 8.8869e-06
Epoch 245/500
501/501 - 3s - 5ms/step - accuracy: 0.9091 - loss: 0.3214 - val_accuracy: 1.0000 - val_loss: 1.7309e-06
Epoch 246/500
501/501 - 3s - 5ms/step - accuracy: 0.9111 - loss: 0.3104 - val_accuracy: 1.0000 - val_loss: 1.3901e-04
Epoch 247/500
501/501 - 3s - 5ms/step - accuracy: 0.8966 - loss: 0.3403 - val_accuracy: 1.0000 - val_loss: 1.7687e-04
Epoch 248/500
501/501 - 3s - 5ms/step - accuracy: 0.9001 - loss: 0.3335 - val_accuracy: 1.0000 - val_loss: 0.0078
Epoch 249/500
501/501 - 3s - 5ms/step - accuracy: 0.9136 - loss: 0.3001 - val_accuracy: 1.0000 - val_loss: 7.4347e-05
Epoch 250/500
501/501 - 3s - 5ms/step - accuracy: 0.9061 - loss: 0.3287 - val_accuracy: 1.0000 - val_loss: 2.3867e-05
Epoch 251/500
501/501 - 3s - 5ms/step - accuracy: 0.9091 - loss: 0.3311 - val_accuracy: 1.0000 - val_loss: 1.3675e-05
Epoch 252/500
501/501 - 3s - 5ms/step - accuracy: 0.9066 - loss: 0.3085 - val_accuracy: 1.0000 - val_loss: 4.8420e-06
Epoch 253/500
501/501 - 3s - 5ms/step - accuracy: 0.8981 - loss: 0.3366 - val_accuracy: 1.0000 - val_loss: 2.9039e-06
Epoch 254/500
501/501 - 3s - 5ms/step - accuracy: 0.8926 - loss: 0.3630 - val_accuracy: 1.0000 - val_loss: 6.2940e-05
Epoch 255/500
501/501 - 2s - 5ms/step - accuracy: 0.9061 - loss: 0.3337 - val_accuracy: 1.0000 - val_loss: 0.0014
Epoch 256/500
501/501 - 3s - 5ms/step - accuracy: 0.9076 - loss: 0.2956 - val_accuracy: 1.0000 - val_loss: 2.6667e-04
Epoch 257/500
501/501 - 3s - 5ms/step - accuracy: 0.9021 - loss: 0.3101 - val_accuracy: 1.0000 - val_loss: 1.8568e-04
Epoch 258/500
501/501 - 3s - 5ms/step - accuracy: 0.9056 - loss: 0.3163 - val_accuracy: 1.0000 - val_loss: 4.8157e-04
Epoch 259/500
501/501 - 3s - 5ms/step - accuracy: 0.9151 - loss: 0.2849 - val_accuracy: 1.0000 - val_loss: 2.7418e-07
Epoch 260/500
501/501 - 3s - 5ms/step - accuracy: 0.9101 - loss: 0.3262 - val_accuracy: 1.0000 - val_loss: 1.1086e-06
Epoch 261/500
501/501 - 3s - 5ms/step - accuracy: 0.9106 - loss: 0.3362 - val_accuracy: 1.0000 - val_loss: 5.1080e-05
Epoch 262/500
501/501 - 3s - 5ms/step - accuracy: 0.9166 - loss: 0.2987 - val_accuracy: 1.0000 - val_loss: 8.4720e-06
Epoch 263/500
501/501 - 2s - 5ms/step - accuracy: 0.9121 - loss: 0.2963 - val_accuracy: 1.0000 - val_loss: 2.0441e-04
Epoch 264/500
501/501 - 3s - 5ms/step - accuracy: 0.9156 - loss: 0.3108 - val_accuracy: 1.0000 - val_loss: 1.8428e-05
Epoch 265/500
501/501 - 3s - 5ms/step - accuracy: 0.9176 - loss: 0.2764 - val_accuracy: 1.0000 - val_loss: 8.9605e-05
Epoch 266/500
501/501 - 3s - 5ms/step - accuracy: 0.9186 - loss: 0.2892 - val_accuracy: 1.0000 - val_loss: 4.8635e-06
Epoch 267/500
501/501 - 2s - 5ms/step - accuracy: 0.8981 - loss: 0.3253 - val_accuracy: 1.0000 - val_loss: 7.2070e-06
Epoch 268/500
501/501 - 3s - 5ms/step - accuracy: 0.9191 - loss: 0.2759 - val_accuracy: 1.0000 - val_loss: 2.2745e-06
Epoch 269/500
501/501 - 2s - 5ms/step - accuracy: 0.9211 - loss: 0.3234 - val_accuracy: 1.0000 - val_loss: 1.9678e-05
Epoch 270/500
501/501 - 3s - 5ms/step - accuracy: 0.9036 - loss: 0.3185 - val_accuracy: 1.0000 - val_loss: 1.9660e-05
Epoch 271/500
501/501 - 2s - 5ms/step - accuracy: 0.9076 - loss: 0.3014 - val_accuracy: 1.0000 - val_loss: 3.1948e-07
Epoch 272/500
501/501 - 2s - 5ms/step - accuracy: 0.8921 - loss: 0.3691 - val_accuracy: 1.0000 - val_loss: 6.3009e-06
Epoch 273/500
501/501 - 3s - 5ms/step - accuracy: 0.8891 - loss: 0.3421 - val_accuracy: 1.0000 - val_loss: 2.0479e-06
Epoch 274/500
501/501 - 3s - 5ms/step - accuracy: 0.9071 - loss: 0.3204 - val_accuracy: 1.0000 - val_loss: 4.9779e-04
Epoch 275/500
501/501 - 3s - 5ms/step - accuracy: 0.9066 - loss: 0.3020 - val_accuracy: 1.0000 - val_loss: 1.1922e-05
Epoch 276/500
501/501 - 3s - 5ms/step - accuracy: 0.9061 - loss: 0.3492 - val_accuracy: 1.0000 - val_loss: 5.4910e-05
Epoch 277/500
501/501 - 3s - 5ms/step - accuracy: 0.9231 - loss: 0.2719 - val_accuracy: 1.0000 - val_loss: 1.0238e-04
Epoch 278/500
501/501 - 3s - 5ms/step - accuracy: 0.9016 - loss: 0.3222 - val_accuracy: 1.0000 - val_loss: 1.3002e-05
Epoch 279/500
501/501 - 3s - 5ms/step - accuracy: 0.8936 - loss: 0.3458 - val_accuracy: 1.0000 - val_loss: 2.3188e-04
Epoch 280/500
501/501 - 3s - 5ms/step - accuracy: 0.9101 - loss: 0.2996 - val_accuracy: 1.0000 - val_loss: 1.2088e-06
Epoch 281/500
501/501 - 3s - 5ms/step - accuracy: 0.9091 - loss: 0.3041 - val_accuracy: 1.0000 - val_loss: 6.9618e-07
Epoch 282/500
501/501 - 3s - 5ms/step - accuracy: 0.8951 - loss: 0.3442 - val_accuracy: 1.0000 - val_loss: 6.0051e-06
Epoch 283/500
501/501 - 3s - 5ms/step - accuracy: 0.9086 - loss: 0.3224 - val_accuracy: 1.0000 - val_loss: 9.1404e-06
Epoch 284/500
501/501 - 3s - 5ms/step - accuracy: 0.9106 - loss: 0.3207 - val_accuracy: 1.0000 - val_loss: 2.3842e-08
Epoch 285/500
501/501 - 3s - 5ms/step - accuracy: 0.9071 - loss: 0.3195 - val_accuracy: 1.0000 - val_loss: 5.3895e-05
Epoch 286/500
501/501 - 3s - 5ms/step - accuracy: 0.9076 - loss: 0.3193 - val_accuracy: 1.0000 - val_loss: 4.2200e-07
Epoch 287/500
501/501 - 3s - 5ms/step - accuracy: 0.9096 - loss: 0.3133 - val_accuracy: 1.0000 - val_loss: 0.0013
Epoch 288/500
501/501 - 2s - 5ms/step - accuracy: 0.9076 - loss: 0.3230 - val_accuracy: 1.0000 - val_loss: 2.6339e-05
Epoch 289/500
501/501 - 2s - 5ms/step - accuracy: 0.9151 - loss: 0.3047 - val_accuracy: 1.0000 - val_loss: 3.9091e-04
Epoch 290/500
501/501 - 3s - 5ms/step - accuracy: 0.9046 - loss: 0.3105 - val_accuracy: 1.0000 - val_loss: 0.0011
Epoch 291/500
501/501 - 2s - 5ms/step - accuracy: 0.9166 - loss: 0.3142 - val_accuracy: 1.0000 - val_loss: 1.7151e-05
Epoch 292/500
501/501 - 3s - 5ms/step - accuracy: 0.9096 - loss: 0.3407 - val_accuracy: 1.0000 - val_loss: 2.1890e-04
Epoch 293/500
501/501 - 3s - 5ms/step - accuracy: 0.9056 - loss: 0.3182 - val_accuracy: 1.0000 - val_loss: 3.4440e-04
Epoch 294/500
501/501 - 3s - 5ms/step - accuracy: 0.9111 - loss: 0.3110 - val_accuracy: 1.0000 - val_loss: 5.8022e-05
Epoch 295/500
501/501 - 3s - 5ms/step - accuracy: 0.9126 - loss: 0.3087 - val_accuracy: 1.0000 - val_loss: 0.0011
Epoch 296/500
501/501 - 2s - 5ms/step - accuracy: 0.9151 - loss: 0.3055 - val_accuracy: 1.0000 - val_loss: 2.7705e-05
Epoch 297/500
501/501 - 3s - 5ms/step - accuracy: 0.9006 - loss: 0.3556 - val_accuracy: 1.0000 - val_loss: 1.5301e-05
Epoch 298/500
501/501 - 3s - 5ms/step - accuracy: 0.9036 - loss: 0.3234 - val_accuracy: 1.0000 - val_loss: 3.2279e-06
Epoch 299/500
501/501 - 3s - 5ms/step - accuracy: 0.8956 - loss: 0.3681 - val_accuracy: 1.0000 - val_loss: 2.3015e-05
Epoch 300/500
501/501 - 3s - 5ms/step - accuracy: 0.8986 - loss: 0.3412 - val_accuracy: 1.0000 - val_loss: 8.7911e-05
Epoch 301/500
501/501 - 3s - 5ms/step - accuracy: 0.9081 - loss: 0.3137 - val_accuracy: 1.0000 - val_loss: 1.2519e-05
Epoch 302/500
501/501 - 2s - 5ms/step - accuracy: 0.9051 - loss: 0.3212 - val_accuracy: 1.0000 - val_loss: 1.4877e-06
Epoch 303/500
501/501 - 3s - 5ms/step - accuracy: 0.9076 - loss: 0.3342 - val_accuracy: 1.0000 - val_loss: 8.3446e-07
Epoch 304/500
501/501 - 3s - 5ms/step - accuracy: 0.9051 - loss: 0.3285 - val_accuracy: 1.0000 - val_loss: 2.2411e-07
Epoch 305/500
501/501 - 3s - 5ms/step - accuracy: 0.9091 - loss: 0.3278 - val_accuracy: 1.0000 - val_loss: 3.0254e-06
Epoch 306/500
501/501 - 3s - 5ms/step - accuracy: 0.9101 - loss: 0.3270 - val_accuracy: 1.0000 - val_loss: 5.4760e-06
Epoch 307/500
501/501 - 2s - 5ms/step - accuracy: 0.9141 - loss: 0.3033 - val_accuracy: 1.0000 - val_loss: 1.6478e-04
Epoch 308/500
501/501 - 2s - 5ms/step - accuracy: 0.8991 - loss: 0.3362 - val_accuracy: 1.0000 - val_loss: 1.2949e-05
Epoch 309/500
501/501 - 3s - 5ms/step - accuracy: 0.9046 - loss: 0.3583 - val_accuracy: 1.0000 - val_loss: 1.2874e-06
Epoch 310/500
501/501 - 3s - 5ms/step - accuracy: 0.8976 - loss: 0.3375 - val_accuracy: 1.0000 - val_loss: 5.4691e-06
Epoch 311/500
501/501 - 3s - 5ms/step - accuracy: 0.9156 - loss: 0.2689 - val_accuracy: 1.0000 - val_loss: 1.6689e-07
Epoch 312/500
501/501 - 3s - 5ms/step - accuracy: 0.9086 - loss: 0.3265 - val_accuracy: 1.0000 - val_loss: 8.3277e-06
Epoch 313/500
501/501 - 3s - 5ms/step - accuracy: 0.9061 - loss: 0.3248 - val_accuracy: 1.0000 - val_loss: 8.1050e-06
Epoch 314/500
501/501 - 2s - 5ms/step - accuracy: 0.9041 - loss: 0.3600 - val_accuracy: 1.0000 - val_loss: 2.0027e-07
Epoch 315/500
501/501 - 3s - 5ms/step - accuracy: 0.8976 - loss: 0.3310 - val_accuracy: 1.0000 - val_loss: 1.6856e-06
Epoch 316/500
501/501 - 3s - 5ms/step - accuracy: 0.9046 - loss: 0.3224 - val_accuracy: 1.0000 - val_loss: 2.8848e-06
Epoch 317/500
501/501 - 2s - 5ms/step - accuracy: 0.8986 - loss: 0.3370 - val_accuracy: 1.0000 - val_loss: 2.2387e-06
Epoch 318/500
501/501 - 3s - 5ms/step - accuracy: 0.9101 - loss: 0.3089 - val_accuracy: 1.0000 - val_loss: 1.0880e-05
Epoch 319/500
501/501 - 2s - 5ms/step - accuracy: 0.9081 - loss: 0.3393 - val_accuracy: 1.0000 - val_loss: 3.0994e-08
Epoch 320/500
501/501 - 3s - 5ms/step - accuracy: 0.9071 - loss: 0.3086 - val_accuracy: 1.0000 - val_loss: 1.0037e-06
Epoch 321/500
501/501 - 2s - 5ms/step - accuracy: 0.9141 - loss: 0.3212 - val_accuracy: 1.0000 - val_loss: 8.0108e-07
Epoch 322/500
501/501 - 2s - 5ms/step - accuracy: 0.9146 - loss: 0.2818 - val_accuracy: 1.0000 - val_loss: 9.1390e-06
Epoch 323/500
501/501 - 2s - 4ms/step - accuracy: 0.9136 - loss: 0.2970 - val_accuracy: 1.0000 - val_loss: 2.8958e-05
Epoch 324/500
501/501 - 2s - 4ms/step - accuracy: 0.9031 - loss: 0.3040 - val_accuracy: 1.0000 - val_loss: 2.6271e-04
Epoch 325/500
501/501 - 2s - 4ms/step - accuracy: 0.9091 - loss: 0.3134 - val_accuracy: 1.0000 - val_loss: 2.4771e-06
Epoch 326/500
501/501 - 2s - 4ms/step - accuracy: 0.9116 - loss: 0.3298 - val_accuracy: 1.0000 - val_loss: 3.3568e-06
Epoch 327/500
501/501 - 2s - 4ms/step - accuracy: 0.9121 - loss: 0.2959 - val_accuracy: 1.0000 - val_loss: 3.5763e-08
Epoch 328/500
501/501 - 2s - 4ms/step - accuracy: 0.9001 - loss: 0.3310 - val_accuracy: 1.0000 - val_loss: 5.5906e-06
Epoch 329/500
501/501 - 2s - 4ms/step - accuracy: 0.9036 - loss: 0.3162 - val_accuracy: 1.0000 - val_loss: 6.8565e-04
Epoch 330/500
501/501 - 2s - 4ms/step - accuracy: 0.9151 - loss: 0.3151 - val_accuracy: 1.0000 - val_loss: 2.8577e-05
Epoch 331/500
501/501 - 2s - 4ms/step - accuracy: 0.9091 - loss: 0.2965 - val_accuracy: 1.0000 - val_loss: 1.0884e-05
Epoch 332/500
501/501 - 2s - 4ms/step - accuracy: 0.9016 - loss: 0.3396 - val_accuracy: 1.0000 - val_loss: 7.9098e-06
Epoch 333/500
501/501 - 2s - 4ms/step - accuracy: 0.9146 - loss: 0.2944 - val_accuracy: 1.0000 - val_loss: 5.5999e-06
Epoch 334/500
501/501 - 2s - 4ms/step - accuracy: 0.9231 - loss: 0.2939 - val_accuracy: 1.0000 - val_loss: 1.2809e-04
Epoch 335/500
501/501 - 2s - 4ms/step - accuracy: 0.9136 - loss: 0.2920 - val_accuracy: 1.0000 - val_loss: 7.3670e-07
Epoch 336/500
501/501 - 2s - 4ms/step - accuracy: 0.9006 - loss: 0.3546 - val_accuracy: 1.0000 - val_loss: 3.8384e-06
Epoch 337/500
501/501 - 2s - 4ms/step - accuracy: 0.9051 - loss: 0.3490 - val_accuracy: 1.0000 - val_loss: 2.3755e-05
Epoch 338/500
501/501 - 2s - 4ms/step - accuracy: 0.9021 - loss: 0.3520 - val_accuracy: 1.0000 - val_loss: 1.2206e-05
Epoch 339/500
501/501 - 2s - 4ms/step - accuracy: 0.9191 - loss: 0.3132 - val_accuracy: 1.0000 - val_loss: 0.0087
Epoch 340/500
501/501 - 2s - 4ms/step - accuracy: 0.9096 - loss: 0.3013 - val_accuracy: 1.0000 - val_loss: 7.9982e-06
Epoch 341/500
501/501 - 2s - 4ms/step - accuracy: 0.9026 - loss: 0.3368 - val_accuracy: 1.0000 - val_loss: 1.0375e-05
Epoch 342/500
501/501 - 2s - 4ms/step - accuracy: 0.9071 - loss: 0.3245 - val_accuracy: 1.0000 - val_loss: 1.4543e-07
Epoch 343/500
501/501 - 2s - 4ms/step - accuracy: 0.8961 - loss: 0.3389 - val_accuracy: 1.0000 - val_loss: 7.8678e-08
Epoch 344/500
501/501 - 2s - 4ms/step - accuracy: 0.9201 - loss: 0.2889 - val_accuracy: 1.0000 - val_loss: 8.2693e-06
Epoch 344: early stopping
Restoring model weights from the end of the best epoch: 284.
WARNING:tensorflow:5 out of the last 5 calls to <function TensorFlowTrainer.make_predict_function.<locals>.one_step_on_data_distributed at 0x000002020A444180> triggered tf.function retracing. Tracing is expensive and the excessive number of tracings could be due to (1) creating @tf.function repeatedly in a loop, (2) passing tensors with different shapes, (3) passing Python objects instead of tensors. For (1), please define your @tf.function outside of the loop. For (2), @tf.function has reduce_retracing=True option that can avoid unnecessary retracing. For (3), please refer to https://www.tensorflow.org/guide/function#controlling_retracing and https://www.tensorflow.org/api_docs/python/tf/function for  more details.
WARNING:tensorflow:6 out of the last 6 calls to <function TensorFlowTrainer.make_predict_function.<locals>.one_step_on_data_distributed at 0x000002020A444180> triggered tf.function retracing. Tracing is expensive and the excessive number of tracings could be due to (1) creating @tf.function repeatedly in a loop, (2) passing tensors with different shapes, (3) passing Python objects instead of tensors. For (1), please define your @tf.function outside of the loop. For (2), @tf.function has reduce_retracing=True option that can avoid unnecessary retracing. For (3), please refer to https://www.tensorflow.org/guide/function#controlling_retracing and https://www.tensorflow.org/api_docs/python/tf/function for  more details.
[fold3] ran 344 epochs in 1021s (2.97 s/ep), best epoch 284 (val_loss 0.00000, val_acc 1.0000)

=== fold 4/5: train 2006 (1290 upstream + 179 user x4), val 49 user images ===
Epoch 1/500
502/502 - 3s - 6ms/step - accuracy: 0.2104 - loss: 2.2910 - val_accuracy: 0.1429 - val_loss: 2.1416
Epoch 2/500
502/502 - 2s - 4ms/step - accuracy: 0.3819 - loss: 1.8543 - val_accuracy: 0.6122 - val_loss: 1.0856
Epoch 3/500
502/502 - 2s - 4ms/step - accuracy: 0.5189 - loss: 1.4442 - val_accuracy: 0.7143 - val_loss: 0.6061
Epoch 4/500
502/502 - 2s - 4ms/step - accuracy: 0.6037 - loss: 1.2158 - val_accuracy: 0.8980 - val_loss: 0.3866
Epoch 5/500
502/502 - 2s - 4ms/step - accuracy: 0.6540 - loss: 1.1095 - val_accuracy: 0.8980 - val_loss: 0.2810
Epoch 6/500
502/502 - 2s - 4ms/step - accuracy: 0.6685 - loss: 1.0241 - val_accuracy: 0.8980 - val_loss: 0.3226
Epoch 7/500
502/502 - 2s - 4ms/step - accuracy: 0.7054 - loss: 0.9385 - val_accuracy: 1.0000 - val_loss: 0.2029
Epoch 8/500
502/502 - 2s - 4ms/step - accuracy: 0.7243 - loss: 0.8816 - val_accuracy: 0.9796 - val_loss: 0.1205
Epoch 9/500
502/502 - 2s - 4ms/step - accuracy: 0.7507 - loss: 0.8246 - val_accuracy: 1.0000 - val_loss: 0.1054
Epoch 10/500
502/502 - 2s - 4ms/step - accuracy: 0.7627 - loss: 0.7438 - val_accuracy: 1.0000 - val_loss: 0.0590
Epoch 11/500
502/502 - 2s - 4ms/step - accuracy: 0.7697 - loss: 0.7704 - val_accuracy: 0.9796 - val_loss: 0.0399
Epoch 12/500
502/502 - 3s - 5ms/step - accuracy: 0.7722 - loss: 0.7092 - val_accuracy: 0.9592 - val_loss: 0.0854
Epoch 13/500
502/502 - 3s - 5ms/step - accuracy: 0.7881 - loss: 0.6626 - val_accuracy: 1.0000 - val_loss: 0.0352
Epoch 14/500
502/502 - 3s - 5ms/step - accuracy: 0.8066 - loss: 0.6182 - val_accuracy: 1.0000 - val_loss: 0.0360
Epoch 15/500
502/502 - 3s - 5ms/step - accuracy: 0.8210 - loss: 0.5746 - val_accuracy: 1.0000 - val_loss: 0.0058
Epoch 16/500
502/502 - 3s - 5ms/step - accuracy: 0.8166 - loss: 0.6003 - val_accuracy: 1.0000 - val_loss: 0.0131
Epoch 17/500
502/502 - 2s - 5ms/step - accuracy: 0.8121 - loss: 0.6228 - val_accuracy: 1.0000 - val_loss: 0.0307
Epoch 18/500
502/502 - 2s - 4ms/step - accuracy: 0.8156 - loss: 0.5869 - val_accuracy: 1.0000 - val_loss: 0.0105
Epoch 19/500
502/502 - 2s - 4ms/step - accuracy: 0.8350 - loss: 0.5575 - val_accuracy: 1.0000 - val_loss: 0.0131
Epoch 20/500
502/502 - 2s - 4ms/step - accuracy: 0.8170 - loss: 0.5706 - val_accuracy: 1.0000 - val_loss: 0.0137
Epoch 21/500
502/502 - 2s - 4ms/step - accuracy: 0.8335 - loss: 0.5488 - val_accuracy: 1.0000 - val_loss: 0.0047
Epoch 22/500
502/502 - 2s - 4ms/step - accuracy: 0.8405 - loss: 0.5160 - val_accuracy: 1.0000 - val_loss: 7.7689e-04
Epoch 23/500
502/502 - 2s - 4ms/step - accuracy: 0.8509 - loss: 0.4928 - val_accuracy: 1.0000 - val_loss: 0.0050
Epoch 24/500
502/502 - 2s - 4ms/step - accuracy: 0.8519 - loss: 0.4830 - val_accuracy: 1.0000 - val_loss: 0.0085
Epoch 25/500
502/502 - 2s - 4ms/step - accuracy: 0.8604 - loss: 0.4576 - val_accuracy: 1.0000 - val_loss: 0.0017
Epoch 26/500
502/502 - 2s - 4ms/step - accuracy: 0.8534 - loss: 0.4647 - val_accuracy: 1.0000 - val_loss: 0.0014
Epoch 27/500
502/502 - 2s - 4ms/step - accuracy: 0.8485 - loss: 0.5068 - val_accuracy: 1.0000 - val_loss: 0.0026
Epoch 28/500
502/502 - 2s - 4ms/step - accuracy: 0.8554 - loss: 0.4909 - val_accuracy: 1.0000 - val_loss: 6.2808e-04
Epoch 29/500
502/502 - 2s - 4ms/step - accuracy: 0.8519 - loss: 0.5088 - val_accuracy: 1.0000 - val_loss: 0.0018
Epoch 30/500
502/502 - 2s - 4ms/step - accuracy: 0.8654 - loss: 0.4665 - val_accuracy: 1.0000 - val_loss: 7.0046e-04
Epoch 31/500
502/502 - 2s - 4ms/step - accuracy: 0.8619 - loss: 0.4544 - val_accuracy: 1.0000 - val_loss: 3.8456e-04
Epoch 32/500
502/502 - 2s - 4ms/step - accuracy: 0.8529 - loss: 0.4268 - val_accuracy: 1.0000 - val_loss: 0.0021
Epoch 33/500
502/502 - 2s - 4ms/step - accuracy: 0.8654 - loss: 0.4283 - val_accuracy: 1.0000 - val_loss: 4.1614e-04
Epoch 34/500
502/502 - 2s - 4ms/step - accuracy: 0.8599 - loss: 0.4777 - val_accuracy: 1.0000 - val_loss: 0.0038
Epoch 35/500
502/502 - 2s - 4ms/step - accuracy: 0.8739 - loss: 0.4225 - val_accuracy: 1.0000 - val_loss: 6.5962e-04
Epoch 36/500
502/502 - 2s - 4ms/step - accuracy: 0.8579 - loss: 0.4530 - val_accuracy: 1.0000 - val_loss: 0.0047
Epoch 37/500
502/502 - 2s - 4ms/step - accuracy: 0.8579 - loss: 0.4409 - val_accuracy: 1.0000 - val_loss: 0.0023
Epoch 38/500
502/502 - 2s - 4ms/step - accuracy: 0.8624 - loss: 0.4331 - val_accuracy: 1.0000 - val_loss: 0.0105
Epoch 39/500
502/502 - 2s - 4ms/step - accuracy: 0.8609 - loss: 0.4794 - val_accuracy: 1.0000 - val_loss: 5.2907e-04
Epoch 40/500
502/502 - 2s - 4ms/step - accuracy: 0.8624 - loss: 0.4207 - val_accuracy: 1.0000 - val_loss: 8.5968e-04
Epoch 41/500
502/502 - 2s - 4ms/step - accuracy: 0.8594 - loss: 0.4233 - val_accuracy: 1.0000 - val_loss: 7.4519e-05
Epoch 42/500
502/502 - 2s - 4ms/step - accuracy: 0.8744 - loss: 0.4044 - val_accuracy: 1.0000 - val_loss: 3.6212e-04
Epoch 43/500
502/502 - 2s - 4ms/step - accuracy: 0.8838 - loss: 0.4069 - val_accuracy: 1.0000 - val_loss: 1.9368e-04
Epoch 44/500
502/502 - 2s - 4ms/step - accuracy: 0.8719 - loss: 0.4167 - val_accuracy: 1.0000 - val_loss: 2.8079e-04
Epoch 45/500
502/502 - 2s - 4ms/step - accuracy: 0.8814 - loss: 0.4015 - val_accuracy: 1.0000 - val_loss: 9.2475e-04
Epoch 46/500
502/502 - 2s - 4ms/step - accuracy: 0.8878 - loss: 0.4048 - val_accuracy: 1.0000 - val_loss: 5.0204e-04
Epoch 47/500
502/502 - 2s - 4ms/step - accuracy: 0.8759 - loss: 0.4199 - val_accuracy: 1.0000 - val_loss: 3.1313e-04
Epoch 48/500
502/502 - 2s - 4ms/step - accuracy: 0.8634 - loss: 0.4281 - val_accuracy: 1.0000 - val_loss: 2.5590e-04
Epoch 49/500
502/502 - 2s - 4ms/step - accuracy: 0.8669 - loss: 0.4284 - val_accuracy: 1.0000 - val_loss: 6.5978e-04
Epoch 50/500
502/502 - 2s - 4ms/step - accuracy: 0.8789 - loss: 0.4144 - val_accuracy: 1.0000 - val_loss: 2.9804e-04
Epoch 51/500
502/502 - 2s - 4ms/step - accuracy: 0.8838 - loss: 0.3707 - val_accuracy: 1.0000 - val_loss: 2.8360e-04
Epoch 52/500
502/502 - 2s - 4ms/step - accuracy: 0.8833 - loss: 0.3873 - val_accuracy: 1.0000 - val_loss: 5.4470e-04
Epoch 53/500
502/502 - 2s - 4ms/step - accuracy: 0.8843 - loss: 0.3765 - val_accuracy: 1.0000 - val_loss: 2.5099e-04
Epoch 54/500
502/502 - 2s - 4ms/step - accuracy: 0.8868 - loss: 0.3917 - val_accuracy: 1.0000 - val_loss: 1.0615e-04
Epoch 55/500
502/502 - 2s - 4ms/step - accuracy: 0.8883 - loss: 0.3744 - val_accuracy: 1.0000 - val_loss: 3.6613e-05
Epoch 56/500
502/502 - 2s - 5ms/step - accuracy: 0.8923 - loss: 0.3647 - val_accuracy: 1.0000 - val_loss: 5.2268e-04
Epoch 57/500
502/502 - 2s - 5ms/step - accuracy: 0.8749 - loss: 0.3874 - val_accuracy: 1.0000 - val_loss: 7.9421e-04
Epoch 58/500
502/502 - 2s - 5ms/step - accuracy: 0.8908 - loss: 0.3787 - val_accuracy: 1.0000 - val_loss: 1.8288e-04
Epoch 59/500
502/502 - 2s - 5ms/step - accuracy: 0.8903 - loss: 0.3502 - val_accuracy: 1.0000 - val_loss: 4.5647e-05
Epoch 60/500
502/502 - 2s - 5ms/step - accuracy: 0.8724 - loss: 0.4289 - val_accuracy: 1.0000 - val_loss: 0.0052
Epoch 61/500
502/502 - 2s - 5ms/step - accuracy: 0.8863 - loss: 0.3661 - val_accuracy: 1.0000 - val_loss: 6.8217e-05
Epoch 62/500
502/502 - 2s - 5ms/step - accuracy: 0.8744 - loss: 0.4063 - val_accuracy: 1.0000 - val_loss: 3.6147e-05
Epoch 63/500
502/502 - 2s - 4ms/step - accuracy: 0.9023 - loss: 0.3287 - val_accuracy: 1.0000 - val_loss: 6.4352e-05
Epoch 64/500
502/502 - 2s - 4ms/step - accuracy: 0.8814 - loss: 0.3876 - val_accuracy: 1.0000 - val_loss: 3.7587e-04
Epoch 65/500
502/502 - 2s - 4ms/step - accuracy: 0.8928 - loss: 0.3683 - val_accuracy: 1.0000 - val_loss: 3.7742e-05
Epoch 66/500
502/502 - 2s - 4ms/step - accuracy: 0.8734 - loss: 0.3937 - val_accuracy: 1.0000 - val_loss: 1.6606e-04
Epoch 67/500
502/502 - 2s - 4ms/step - accuracy: 0.8814 - loss: 0.3703 - val_accuracy: 1.0000 - val_loss: 1.4900e-04
Epoch 68/500
502/502 - 2s - 4ms/step - accuracy: 0.8838 - loss: 0.3710 - val_accuracy: 1.0000 - val_loss: 2.9688e-05
Epoch 69/500
502/502 - 2s - 5ms/step - accuracy: 0.8838 - loss: 0.3714 - val_accuracy: 1.0000 - val_loss: 0.0013
Epoch 70/500
502/502 - 2s - 5ms/step - accuracy: 0.8868 - loss: 0.3724 - val_accuracy: 1.0000 - val_loss: 3.3319e-04
Epoch 71/500
502/502 - 2s - 5ms/step - accuracy: 0.8784 - loss: 0.4169 - val_accuracy: 1.0000 - val_loss: 2.4131e-04
Epoch 72/500
502/502 - 2s - 5ms/step - accuracy: 0.8804 - loss: 0.3688 - val_accuracy: 1.0000 - val_loss: 5.0898e-04
Epoch 73/500
502/502 - 2s - 4ms/step - accuracy: 0.8799 - loss: 0.3670 - val_accuracy: 1.0000 - val_loss: 4.8913e-05
Epoch 74/500
502/502 - 2s - 4ms/step - accuracy: 0.8938 - loss: 0.3460 - val_accuracy: 1.0000 - val_loss: 9.0417e-05
Epoch 75/500
502/502 - 2s - 4ms/step - accuracy: 0.8933 - loss: 0.3554 - val_accuracy: 1.0000 - val_loss: 5.3508e-05
Epoch 76/500
502/502 - 2s - 4ms/step - accuracy: 0.8978 - loss: 0.3101 - val_accuracy: 1.0000 - val_loss: 8.1832e-04
Epoch 77/500
502/502 - 2s - 4ms/step - accuracy: 0.8993 - loss: 0.3132 - val_accuracy: 1.0000 - val_loss: 2.9576e-04
Epoch 78/500
502/502 - 2s - 4ms/step - accuracy: 0.9028 - loss: 0.3088 - val_accuracy: 1.0000 - val_loss: 1.1443e-05
Epoch 79/500
502/502 - 2s - 4ms/step - accuracy: 0.9068 - loss: 0.3071 - val_accuracy: 1.0000 - val_loss: 4.1097e-04
Epoch 80/500
502/502 - 2s - 4ms/step - accuracy: 0.8928 - loss: 0.3758 - val_accuracy: 1.0000 - val_loss: 9.4204e-05
Epoch 81/500
502/502 - 2s - 4ms/step - accuracy: 0.8898 - loss: 0.3560 - val_accuracy: 1.0000 - val_loss: 4.8679e-05
Epoch 82/500
502/502 - 2s - 4ms/step - accuracy: 0.8978 - loss: 0.3252 - val_accuracy: 1.0000 - val_loss: 1.3668e-04
Epoch 83/500
502/502 - 2s - 5ms/step - accuracy: 0.8928 - loss: 0.3282 - val_accuracy: 1.0000 - val_loss: 6.4603e-05
Epoch 84/500
502/502 - 2s - 5ms/step - accuracy: 0.8888 - loss: 0.3342 - val_accuracy: 1.0000 - val_loss: 5.2597e-05
Epoch 85/500
502/502 - 2s - 5ms/step - accuracy: 0.8918 - loss: 0.3320 - val_accuracy: 1.0000 - val_loss: 1.4522e-04
Epoch 86/500
502/502 - 3s - 5ms/step - accuracy: 0.8918 - loss: 0.3497 - val_accuracy: 1.0000 - val_loss: 0.0017
Epoch 87/500
502/502 - 2s - 5ms/step - accuracy: 0.9018 - loss: 0.3174 - val_accuracy: 1.0000 - val_loss: 2.6437e-05
Epoch 88/500
502/502 - 2s - 5ms/step - accuracy: 0.8948 - loss: 0.3465 - val_accuracy: 1.0000 - val_loss: 1.0214e-04
Epoch 89/500
502/502 - 2s - 5ms/step - accuracy: 0.8968 - loss: 0.3407 - val_accuracy: 1.0000 - val_loss: 2.6837e-05
Epoch 90/500
502/502 - 2s - 5ms/step - accuracy: 0.9048 - loss: 0.3346 - val_accuracy: 1.0000 - val_loss: 2.3166e-05
Epoch 91/500
502/502 - 2s - 5ms/step - accuracy: 0.8978 - loss: 0.3418 - val_accuracy: 1.0000 - val_loss: 0.0012
Epoch 92/500
502/502 - 2s - 5ms/step - accuracy: 0.8943 - loss: 0.3254 - val_accuracy: 1.0000 - val_loss: 5.8204e-05
Epoch 93/500
502/502 - 2s - 5ms/step - accuracy: 0.9028 - loss: 0.3379 - val_accuracy: 1.0000 - val_loss: 8.9051e-05
Epoch 94/500
502/502 - 2s - 5ms/step - accuracy: 0.9038 - loss: 0.3171 - val_accuracy: 1.0000 - val_loss: 5.8574e-05
Epoch 95/500
502/502 - 2s - 5ms/step - accuracy: 0.8963 - loss: 0.3402 - val_accuracy: 1.0000 - val_loss: 1.9037e-04
Epoch 96/500
502/502 - 2s - 5ms/step - accuracy: 0.9033 - loss: 0.3117 - val_accuracy: 1.0000 - val_loss: 2.3511e-05
Epoch 97/500
502/502 - 2s - 5ms/step - accuracy: 0.8858 - loss: 0.3651 - val_accuracy: 1.0000 - val_loss: 3.4245e-05
Epoch 98/500
502/502 - 2s - 5ms/step - accuracy: 0.8923 - loss: 0.3583 - val_accuracy: 1.0000 - val_loss: 6.2096e-05
Epoch 99/500
502/502 - 3s - 5ms/step - accuracy: 0.9088 - loss: 0.2974 - val_accuracy: 1.0000 - val_loss: 7.1975e-05
Epoch 100/500
502/502 - 3s - 5ms/step - accuracy: 0.8993 - loss: 0.3045 - val_accuracy: 1.0000 - val_loss: 3.1195e-04
Epoch 101/500
502/502 - 2s - 5ms/step - accuracy: 0.9018 - loss: 0.3424 - val_accuracy: 1.0000 - val_loss: 6.8658e-05
Epoch 102/500
502/502 - 2s - 5ms/step - accuracy: 0.9068 - loss: 0.3162 - val_accuracy: 1.0000 - val_loss: 3.5800e-05
Epoch 103/500
502/502 - 2s - 5ms/step - accuracy: 0.9043 - loss: 0.3248 - val_accuracy: 1.0000 - val_loss: 9.0935e-06
Epoch 104/500
502/502 - 2s - 5ms/step - accuracy: 0.9043 - loss: 0.3102 - val_accuracy: 1.0000 - val_loss: 5.6999e-05
Epoch 105/500
502/502 - 2s - 5ms/step - accuracy: 0.9088 - loss: 0.2955 - val_accuracy: 1.0000 - val_loss: 0.0029
Epoch 106/500
502/502 - 2s - 5ms/step - accuracy: 0.8973 - loss: 0.3424 - val_accuracy: 1.0000 - val_loss: 5.6668e-05
Epoch 107/500
502/502 - 2s - 5ms/step - accuracy: 0.8893 - loss: 0.3674 - val_accuracy: 1.0000 - val_loss: 3.8513e-05
Epoch 108/500
502/502 - 2s - 5ms/step - accuracy: 0.9018 - loss: 0.2993 - val_accuracy: 1.0000 - val_loss: 1.9253e-04
Epoch 109/500
502/502 - 2s - 5ms/step - accuracy: 0.8973 - loss: 0.3130 - val_accuracy: 1.0000 - val_loss: 1.0215e-04
Epoch 110/500
502/502 - 2s - 5ms/step - accuracy: 0.9038 - loss: 0.3278 - val_accuracy: 1.0000 - val_loss: 4.3073e-05
Epoch 111/500
502/502 - 2s - 5ms/step - accuracy: 0.9048 - loss: 0.3077 - val_accuracy: 1.0000 - val_loss: 1.1135e-04
Epoch 112/500
502/502 - 2s - 5ms/step - accuracy: 0.8973 - loss: 0.3200 - val_accuracy: 1.0000 - val_loss: 7.6582e-06
Epoch 113/500
502/502 - 2s - 5ms/step - accuracy: 0.9098 - loss: 0.3117 - val_accuracy: 1.0000 - val_loss: 4.0627e-06
Epoch 114/500
502/502 - 2s - 5ms/step - accuracy: 0.8978 - loss: 0.3410 - val_accuracy: 1.0000 - val_loss: 1.4637e-04
Epoch 115/500
502/502 - 2s - 5ms/step - accuracy: 0.8958 - loss: 0.3539 - val_accuracy: 1.0000 - val_loss: 2.5720e-05
Epoch 116/500
502/502 - 2s - 5ms/step - accuracy: 0.8993 - loss: 0.3110 - val_accuracy: 1.0000 - val_loss: 3.8401e-05
Epoch 117/500
502/502 - 2s - 5ms/step - accuracy: 0.8983 - loss: 0.3431 - val_accuracy: 1.0000 - val_loss: 1.1344e-04
Epoch 118/500
502/502 - 2s - 5ms/step - accuracy: 0.9058 - loss: 0.3106 - val_accuracy: 1.0000 - val_loss: 5.0333e-06
Epoch 119/500
502/502 - 2s - 5ms/step - accuracy: 0.8943 - loss: 0.3258 - val_accuracy: 1.0000 - val_loss: 7.4928e-06
Epoch 120/500
502/502 - 2s - 5ms/step - accuracy: 0.9058 - loss: 0.3018 - val_accuracy: 1.0000 - val_loss: 2.0612e-05
Epoch 121/500
502/502 - 2s - 5ms/step - accuracy: 0.8938 - loss: 0.3315 - val_accuracy: 1.0000 - val_loss: 3.0459e-04
Epoch 122/500
502/502 - 2s - 5ms/step - accuracy: 0.9073 - loss: 0.3159 - val_accuracy: 1.0000 - val_loss: 4.5104e-06
Epoch 123/500
502/502 - 2s - 5ms/step - accuracy: 0.9192 - loss: 0.2788 - val_accuracy: 1.0000 - val_loss: 3.3495e-05
Epoch 124/500
502/502 - 2s - 4ms/step - accuracy: 0.9063 - loss: 0.3081 - val_accuracy: 1.0000 - val_loss: 1.3455e-05
Epoch 125/500
502/502 - 2s - 4ms/step - accuracy: 0.9108 - loss: 0.3028 - val_accuracy: 1.0000 - val_loss: 1.2592e-04
Epoch 126/500
502/502 - 2s - 4ms/step - accuracy: 0.8868 - loss: 0.3463 - val_accuracy: 1.0000 - val_loss: 9.7474e-04
Epoch 127/500
502/502 - 2s - 4ms/step - accuracy: 0.9023 - loss: 0.3183 - val_accuracy: 1.0000 - val_loss: 5.5928e-05
Epoch 128/500
502/502 - 2s - 4ms/step - accuracy: 0.9013 - loss: 0.2986 - val_accuracy: 1.0000 - val_loss: 2.9887e-04
Epoch 129/500
502/502 - 2s - 4ms/step - accuracy: 0.9118 - loss: 0.2924 - val_accuracy: 1.0000 - val_loss: 6.6899e-05
Epoch 130/500
502/502 - 2s - 4ms/step - accuracy: 0.8948 - loss: 0.3317 - val_accuracy: 1.0000 - val_loss: 3.5861e-05
Epoch 131/500
502/502 - 2s - 4ms/step - accuracy: 0.9043 - loss: 0.3027 - val_accuracy: 1.0000 - val_loss: 9.5533e-06
Epoch 132/500
502/502 - 2s - 4ms/step - accuracy: 0.9118 - loss: 0.2905 - val_accuracy: 1.0000 - val_loss: 8.3153e-06
Epoch 133/500
502/502 - 2s - 4ms/step - accuracy: 0.9172 - loss: 0.2993 - val_accuracy: 1.0000 - val_loss: 4.4072e-05
Epoch 134/500
502/502 - 2s - 4ms/step - accuracy: 0.9058 - loss: 0.3001 - val_accuracy: 1.0000 - val_loss: 3.6018e-05
Epoch 135/500
502/502 - 2s - 4ms/step - accuracy: 0.9013 - loss: 0.3164 - val_accuracy: 1.0000 - val_loss: 3.9046e-06
Epoch 136/500
502/502 - 2s - 4ms/step - accuracy: 0.8978 - loss: 0.3175 - val_accuracy: 1.0000 - val_loss: 3.7834e-05
Epoch 137/500
502/502 - 2s - 4ms/step - accuracy: 0.9123 - loss: 0.2733 - val_accuracy: 1.0000 - val_loss: 5.7316e-06
Epoch 138/500
502/502 - 2s - 4ms/step - accuracy: 0.9048 - loss: 0.3074 - val_accuracy: 1.0000 - val_loss: 4.3912e-05
Epoch 139/500
502/502 - 2s - 4ms/step - accuracy: 0.9003 - loss: 0.3222 - val_accuracy: 1.0000 - val_loss: 1.2448e-05
Epoch 140/500
502/502 - 2s - 4ms/step - accuracy: 0.8988 - loss: 0.3183 - val_accuracy: 1.0000 - val_loss: 7.6926e-05
Epoch 141/500
502/502 - 2s - 5ms/step - accuracy: 0.9113 - loss: 0.3063 - val_accuracy: 1.0000 - val_loss: 2.9939e-05
Epoch 142/500
502/502 - 3s - 5ms/step - accuracy: 0.9018 - loss: 0.3378 - val_accuracy: 1.0000 - val_loss: 4.5128e-06
Epoch 143/500
502/502 - 3s - 5ms/step - accuracy: 0.9133 - loss: 0.2945 - val_accuracy: 1.0000 - val_loss: 8.7914e-06
Epoch 144/500
502/502 - 3s - 5ms/step - accuracy: 0.9128 - loss: 0.3039 - val_accuracy: 1.0000 - val_loss: 5.3229e-06
Epoch 145/500
502/502 - 3s - 5ms/step - accuracy: 0.9123 - loss: 0.2979 - val_accuracy: 1.0000 - val_loss: 8.7840e-05
Epoch 146/500
502/502 - 3s - 5ms/step - accuracy: 0.9008 - loss: 0.3419 - val_accuracy: 1.0000 - val_loss: 1.3082e-04
Epoch 147/500
502/502 - 3s - 5ms/step - accuracy: 0.8933 - loss: 0.3226 - val_accuracy: 1.0000 - val_loss: 8.8656e-05
Epoch 148/500
502/502 - 3s - 5ms/step - accuracy: 0.9033 - loss: 0.3151 - val_accuracy: 1.0000 - val_loss: 4.8399e-05
Epoch 149/500
502/502 - 3s - 5ms/step - accuracy: 0.9093 - loss: 0.3041 - val_accuracy: 1.0000 - val_loss: 1.1865e-04
Epoch 150/500
502/502 - 2s - 4ms/step - accuracy: 0.9003 - loss: 0.3280 - val_accuracy: 1.0000 - val_loss: 9.8208e-06
Epoch 151/500
502/502 - 2s - 4ms/step - accuracy: 0.9172 - loss: 0.2891 - val_accuracy: 1.0000 - val_loss: 1.2058e-04
Epoch 152/500
502/502 - 2s - 4ms/step - accuracy: 0.9143 - loss: 0.2635 - val_accuracy: 1.0000 - val_loss: 1.3290e-05
Epoch 153/500
502/502 - 2s - 4ms/step - accuracy: 0.9113 - loss: 0.2864 - val_accuracy: 1.0000 - val_loss: 4.5733e-06
Epoch 154/500
502/502 - 2s - 4ms/step - accuracy: 0.9083 - loss: 0.2830 - val_accuracy: 1.0000 - val_loss: 3.0619e-05
Epoch 155/500
502/502 - 2s - 4ms/step - accuracy: 0.8958 - loss: 0.3474 - val_accuracy: 1.0000 - val_loss: 1.5401e-05
Epoch 156/500
502/502 - 2s - 4ms/step - accuracy: 0.9028 - loss: 0.3221 - val_accuracy: 1.0000 - val_loss: 6.2098e-04
Epoch 157/500
502/502 - 2s - 4ms/step - accuracy: 0.9033 - loss: 0.3152 - val_accuracy: 1.0000 - val_loss: 6.7512e-05
Epoch 158/500
502/502 - 2s - 4ms/step - accuracy: 0.9143 - loss: 0.2744 - val_accuracy: 1.0000 - val_loss: 2.6712e-06
Epoch 159/500
502/502 - 2s - 4ms/step - accuracy: 0.9038 - loss: 0.3182 - val_accuracy: 1.0000 - val_loss: 3.9440e-05
Epoch 160/500
502/502 - 2s - 4ms/step - accuracy: 0.9058 - loss: 0.3137 - val_accuracy: 1.0000 - val_loss: 1.7044e-05
Epoch 161/500
502/502 - 2s - 4ms/step - accuracy: 0.9172 - loss: 0.2784 - val_accuracy: 1.0000 - val_loss: 5.6439e-06
Epoch 162/500
502/502 - 2s - 4ms/step - accuracy: 0.9058 - loss: 0.3189 - val_accuracy: 1.0000 - val_loss: 3.5100e-05
Epoch 163/500
502/502 - 2s - 4ms/step - accuracy: 0.9128 - loss: 0.2752 - val_accuracy: 1.0000 - val_loss: 1.6232e-05
Epoch 164/500
502/502 - 2s - 4ms/step - accuracy: 0.9153 - loss: 0.2683 - val_accuracy: 1.0000 - val_loss: 2.3693e-05
Epoch 165/500
502/502 - 2s - 4ms/step - accuracy: 0.9138 - loss: 0.3188 - val_accuracy: 1.0000 - val_loss: 1.4233e-04
Epoch 166/500
502/502 - 2s - 4ms/step - accuracy: 0.8998 - loss: 0.3192 - val_accuracy: 1.0000 - val_loss: 1.6495e-06
Epoch 167/500
502/502 - 2s - 4ms/step - accuracy: 0.9108 - loss: 0.2914 - val_accuracy: 1.0000 - val_loss: 1.9371e-04
Epoch 168/500
502/502 - 2s - 4ms/step - accuracy: 0.9063 - loss: 0.2967 - val_accuracy: 1.0000 - val_loss: 1.1319e-05
Epoch 169/500
502/502 - 2s - 4ms/step - accuracy: 0.9197 - loss: 0.2789 - val_accuracy: 1.0000 - val_loss: 8.6090e-06
Epoch 170/500
502/502 - 2s - 4ms/step - accuracy: 0.9048 - loss: 0.3134 - val_accuracy: 1.0000 - val_loss: 3.5032e-06
Epoch 171/500
502/502 - 2s - 4ms/step - accuracy: 0.9277 - loss: 0.2474 - val_accuracy: 1.0000 - val_loss: 4.7219e-06
Epoch 172/500
502/502 - 2s - 4ms/step - accuracy: 0.9128 - loss: 0.2907 - val_accuracy: 1.0000 - val_loss: 9.6178e-06
Epoch 173/500
502/502 - 2s - 4ms/step - accuracy: 0.9018 - loss: 0.3162 - val_accuracy: 1.0000 - val_loss: 1.4105e-04
Epoch 174/500
502/502 - 2s - 4ms/step - accuracy: 0.8988 - loss: 0.3308 - val_accuracy: 1.0000 - val_loss: 2.4328e-07
Epoch 175/500
502/502 - 2s - 4ms/step - accuracy: 0.9063 - loss: 0.3071 - val_accuracy: 1.0000 - val_loss: 3.3889e-06
Epoch 176/500
502/502 - 2s - 4ms/step - accuracy: 0.9123 - loss: 0.3062 - val_accuracy: 1.0000 - val_loss: 1.1605e-06
Epoch 177/500
502/502 - 2s - 4ms/step - accuracy: 0.9192 - loss: 0.2722 - val_accuracy: 1.0000 - val_loss: 7.7701e-04
Epoch 178/500
502/502 - 2s - 4ms/step - accuracy: 0.9078 - loss: 0.3215 - val_accuracy: 1.0000 - val_loss: 3.2837e-04
Epoch 179/500
502/502 - 2s - 4ms/step - accuracy: 0.9073 - loss: 0.3247 - val_accuracy: 1.0000 - val_loss: 4.5021e-05
Epoch 180/500
502/502 - 2s - 4ms/step - accuracy: 0.9093 - loss: 0.2947 - val_accuracy: 1.0000 - val_loss: 2.1202e-05
Epoch 181/500
502/502 - 2s - 5ms/step - accuracy: 0.9098 - loss: 0.2849 - val_accuracy: 1.0000 - val_loss: 7.3674e-05
Epoch 182/500
502/502 - 3s - 5ms/step - accuracy: 0.9078 - loss: 0.3106 - val_accuracy: 1.0000 - val_loss: 4.4032e-05
Epoch 183/500
502/502 - 3s - 5ms/step - accuracy: 0.9237 - loss: 0.2888 - val_accuracy: 1.0000 - val_loss: 1.5869e-04
Epoch 184/500
502/502 - 2s - 5ms/step - accuracy: 0.9018 - loss: 0.3235 - val_accuracy: 1.0000 - val_loss: 1.6812e-05
Epoch 185/500
502/502 - 3s - 5ms/step - accuracy: 0.9103 - loss: 0.2672 - val_accuracy: 1.0000 - val_loss: 5.1112e-06
Epoch 186/500
502/502 - 3s - 5ms/step - accuracy: 0.9063 - loss: 0.3252 - val_accuracy: 1.0000 - val_loss: 1.9546e-05
Epoch 187/500
502/502 - 3s - 5ms/step - accuracy: 0.9143 - loss: 0.2858 - val_accuracy: 1.0000 - val_loss: 6.8798e-06
Epoch 188/500
502/502 - 2s - 5ms/step - accuracy: 0.8913 - loss: 0.3383 - val_accuracy: 1.0000 - val_loss: 2.6761e-07
Epoch 189/500
502/502 - 3s - 5ms/step - accuracy: 0.9212 - loss: 0.2678 - val_accuracy: 1.0000 - val_loss: 8.2289e-06
Epoch 190/500
502/502 - 3s - 5ms/step - accuracy: 0.9182 - loss: 0.2654 - val_accuracy: 1.0000 - val_loss: 2.0240e-06
Epoch 191/500
502/502 - 3s - 5ms/step - accuracy: 0.9008 - loss: 0.3295 - val_accuracy: 1.0000 - val_loss: 1.3540e-05
Epoch 192/500
502/502 - 3s - 5ms/step - accuracy: 0.9163 - loss: 0.2867 - val_accuracy: 1.0000 - val_loss: 1.5955e-04
Epoch 193/500
502/502 - 2s - 5ms/step - accuracy: 0.9003 - loss: 0.3077 - val_accuracy: 1.0000 - val_loss: 2.9122e-04
Epoch 194/500
502/502 - 2s - 5ms/step - accuracy: 0.9043 - loss: 0.2994 - val_accuracy: 1.0000 - val_loss: 2.2450e-05
Epoch 195/500
502/502 - 2s - 4ms/step - accuracy: 0.9123 - loss: 0.2946 - val_accuracy: 1.0000 - val_loss: 5.5910e-05
Epoch 196/500
502/502 - 2s - 4ms/step - accuracy: 0.9123 - loss: 0.2796 - val_accuracy: 1.0000 - val_loss: 8.3446e-07
Epoch 197/500
502/502 - 2s - 4ms/step - accuracy: 0.9048 - loss: 0.3134 - val_accuracy: 1.0000 - val_loss: 1.9090e-05
Epoch 198/500
502/502 - 2s - 4ms/step - accuracy: 0.9113 - loss: 0.2833 - val_accuracy: 1.0000 - val_loss: 4.4278e-07
Epoch 199/500
502/502 - 2s - 4ms/step - accuracy: 0.9003 - loss: 0.3150 - val_accuracy: 1.0000 - val_loss: 1.2887e-05
Epoch 200/500
502/502 - 2s - 4ms/step - accuracy: 0.9247 - loss: 0.2615 - val_accuracy: 1.0000 - val_loss: 5.5808e-06
Epoch 201/500
502/502 - 2s - 4ms/step - accuracy: 0.8978 - loss: 0.3099 - val_accuracy: 1.0000 - val_loss: 7.3958e-07
Epoch 202/500
502/502 - 2s - 4ms/step - accuracy: 0.9138 - loss: 0.3106 - val_accuracy: 1.0000 - val_loss: 2.8901e-06
Epoch 203/500
502/502 - 2s - 4ms/step - accuracy: 0.9113 - loss: 0.3011 - val_accuracy: 1.0000 - val_loss: 2.3768e-06
Epoch 204/500
502/502 - 2s - 4ms/step - accuracy: 0.9053 - loss: 0.3078 - val_accuracy: 1.0000 - val_loss: 3.5129e-05
Epoch 205/500
502/502 - 2s - 4ms/step - accuracy: 0.9202 - loss: 0.2971 - val_accuracy: 1.0000 - val_loss: 9.8254e-06
Epoch 206/500
502/502 - 2s - 4ms/step - accuracy: 0.9212 - loss: 0.2743 - val_accuracy: 1.0000 - val_loss: 1.6543e-06
Epoch 207/500
502/502 - 2s - 4ms/step - accuracy: 0.9118 - loss: 0.3108 - val_accuracy: 1.0000 - val_loss: 1.5974e-04
Epoch 208/500
502/502 - 2s - 4ms/step - accuracy: 0.9058 - loss: 0.3135 - val_accuracy: 1.0000 - val_loss: 5.3068e-05
Epoch 209/500
502/502 - 2s - 4ms/step - accuracy: 0.9103 - loss: 0.3001 - val_accuracy: 1.0000 - val_loss: 1.3894e-05
Epoch 210/500
502/502 - 2s - 4ms/step - accuracy: 0.9163 - loss: 0.3128 - val_accuracy: 1.0000 - val_loss: 6.0719e-06
Epoch 211/500
502/502 - 2s - 4ms/step - accuracy: 0.9172 - loss: 0.2763 - val_accuracy: 1.0000 - val_loss: 1.3987e-05
Epoch 212/500
502/502 - 2s - 4ms/step - accuracy: 0.9063 - loss: 0.3110 - val_accuracy: 1.0000 - val_loss: 6.3913e-05
Epoch 213/500
502/502 - 2s - 4ms/step - accuracy: 0.9013 - loss: 0.3091 - val_accuracy: 1.0000 - val_loss: 3.7781e-06
Epoch 214/500
502/502 - 2s - 4ms/step - accuracy: 0.9078 - loss: 0.2907 - val_accuracy: 1.0000 - val_loss: 4.1845e-07
Epoch 215/500
502/502 - 2s - 4ms/step - accuracy: 0.9083 - loss: 0.3094 - val_accuracy: 1.0000 - val_loss: 1.6752e-05
Epoch 216/500
502/502 - 2s - 4ms/step - accuracy: 0.9083 - loss: 0.3206 - val_accuracy: 1.0000 - val_loss: 4.7730e-06
Epoch 217/500
502/502 - 2s - 4ms/step - accuracy: 0.9048 - loss: 0.3369 - val_accuracy: 1.0000 - val_loss: 1.1301e-05
Epoch 218/500
502/502 - 2s - 4ms/step - accuracy: 0.9128 - loss: 0.2875 - val_accuracy: 1.0000 - val_loss: 1.0704e-06
Epoch 219/500
502/502 - 2s - 4ms/step - accuracy: 0.9153 - loss: 0.2803 - val_accuracy: 1.0000 - val_loss: 1.3624e-07
Epoch 220/500
502/502 - 2s - 4ms/step - accuracy: 0.9212 - loss: 0.2975 - val_accuracy: 1.0000 - val_loss: 1.1240e-06
Epoch 221/500
502/502 - 2s - 4ms/step - accuracy: 0.9123 - loss: 0.2896 - val_accuracy: 1.0000 - val_loss: 3.7644e-05
Epoch 222/500
502/502 - 2s - 4ms/step - accuracy: 0.9237 - loss: 0.2504 - val_accuracy: 1.0000 - val_loss: 2.7205e-05
Epoch 223/500
502/502 - 2s - 4ms/step - accuracy: 0.9167 - loss: 0.2766 - val_accuracy: 1.0000 - val_loss: 6.0401e-05
Epoch 224/500
502/502 - 2s - 4ms/step - accuracy: 0.9212 - loss: 0.2785 - val_accuracy: 1.0000 - val_loss: 3.5701e-05
Epoch 225/500
502/502 - 2s - 4ms/step - accuracy: 0.9078 - loss: 0.2972 - val_accuracy: 1.0000 - val_loss: 7.7850e-07
Epoch 226/500
502/502 - 2s - 4ms/step - accuracy: 0.9113 - loss: 0.3016 - val_accuracy: 1.0000 - val_loss: 4.2706e-05
Epoch 227/500
502/502 - 2s - 4ms/step - accuracy: 0.9207 - loss: 0.2752 - val_accuracy: 1.0000 - val_loss: 7.5950e-06
Epoch 228/500
502/502 - 2s - 4ms/step - accuracy: 0.9088 - loss: 0.3077 - val_accuracy: 1.0000 - val_loss: 1.1610e-05
Epoch 229/500
502/502 - 2s - 4ms/step - accuracy: 0.9033 - loss: 0.2985 - val_accuracy: 1.0000 - val_loss: 3.4326e-06
Epoch 230/500
502/502 - 2s - 4ms/step - accuracy: 0.9158 - loss: 0.2919 - val_accuracy: 1.0000 - val_loss: 7.7364e-07
Epoch 231/500
502/502 - 2s - 4ms/step - accuracy: 0.9153 - loss: 0.2687 - val_accuracy: 1.0000 - val_loss: 1.1658e-05
Epoch 232/500
502/502 - 2s - 4ms/step - accuracy: 0.9182 - loss: 0.2845 - val_accuracy: 1.0000 - val_loss: 1.0341e-05
Epoch 233/500
502/502 - 2s - 4ms/step - accuracy: 0.9003 - loss: 0.3111 - val_accuracy: 1.0000 - val_loss: 2.7028e-06
Epoch 234/500
502/502 - 2s - 4ms/step - accuracy: 0.9088 - loss: 0.2997 - val_accuracy: 1.0000 - val_loss: 9.3336e-06
Epoch 235/500
502/502 - 2s - 4ms/step - accuracy: 0.9058 - loss: 0.3002 - val_accuracy: 1.0000 - val_loss: 7.6847e-06
Epoch 236/500
502/502 - 2s - 4ms/step - accuracy: 0.8983 - loss: 0.3311 - val_accuracy: 1.0000 - val_loss: 1.8274e-05
Epoch 237/500
502/502 - 2s - 4ms/step - accuracy: 0.9153 - loss: 0.2752 - val_accuracy: 1.0000 - val_loss: 6.4957e-07
Epoch 238/500
502/502 - 2s - 4ms/step - accuracy: 0.9023 - loss: 0.3140 - val_accuracy: 1.0000 - val_loss: 1.1852e-05
Epoch 239/500
502/502 - 2s - 4ms/step - accuracy: 0.9133 - loss: 0.2648 - val_accuracy: 1.0000 - val_loss: 5.7415e-07
Epoch 240/500
502/502 - 2s - 4ms/step - accuracy: 0.9128 - loss: 0.2746 - val_accuracy: 1.0000 - val_loss: 1.6787e-07
Epoch 241/500
502/502 - 2s - 4ms/step - accuracy: 0.9063 - loss: 0.3042 - val_accuracy: 1.0000 - val_loss: 4.5468e-06
Epoch 242/500
502/502 - 2s - 4ms/step - accuracy: 0.8933 - loss: 0.3405 - val_accuracy: 1.0000 - val_loss: 1.4913e-06
Epoch 243/500
502/502 - 2s - 4ms/step - accuracy: 0.9128 - loss: 0.2949 - val_accuracy: 1.0000 - val_loss: 2.0694e-04
Epoch 244/500
502/502 - 2s - 4ms/step - accuracy: 0.9118 - loss: 0.2925 - val_accuracy: 1.0000 - val_loss: 1.4370e-05
Epoch 245/500
502/502 - 2s - 4ms/step - accuracy: 0.9078 - loss: 0.3123 - val_accuracy: 1.0000 - val_loss: 8.3355e-04
Epoch 246/500
502/502 - 2s - 4ms/step - accuracy: 0.9217 - loss: 0.2954 - val_accuracy: 1.0000 - val_loss: 3.1748e-06
Epoch 247/500
502/502 - 2s - 4ms/step - accuracy: 0.9123 - loss: 0.3021 - val_accuracy: 1.0000 - val_loss: 2.5426e-05
Epoch 248/500
502/502 - 2s - 4ms/step - accuracy: 0.9113 - loss: 0.2989 - val_accuracy: 1.0000 - val_loss: 1.6421e-06
Epoch 249/500
502/502 - 2s - 4ms/step - accuracy: 0.9172 - loss: 0.2815 - val_accuracy: 1.0000 - val_loss: 2.0193e-07
Epoch 250/500
502/502 - 2s - 4ms/step - accuracy: 0.9182 - loss: 0.2616 - val_accuracy: 1.0000 - val_loss: 2.6931e-06
Epoch 251/500
502/502 - 2s - 4ms/step - accuracy: 0.9088 - loss: 0.2865 - val_accuracy: 1.0000 - val_loss: 9.1487e-05
Epoch 252/500
502/502 - 2s - 4ms/step - accuracy: 0.9128 - loss: 0.2954 - val_accuracy: 1.0000 - val_loss: 2.1946e-05
Epoch 253/500
502/502 - 2s - 4ms/step - accuracy: 0.9058 - loss: 0.3207 - val_accuracy: 1.0000 - val_loss: 2.7978e-07
Epoch 254/500
502/502 - 2s - 4ms/step - accuracy: 0.9153 - loss: 0.2863 - val_accuracy: 1.0000 - val_loss: 5.8554e-06
Epoch 255/500
502/502 - 2s - 4ms/step - accuracy: 0.9163 - loss: 0.2831 - val_accuracy: 1.0000 - val_loss: 3.0045e-06
Epoch 256/500
502/502 - 2s - 4ms/step - accuracy: 0.9098 - loss: 0.2984 - val_accuracy: 1.0000 - val_loss: 1.0295e-05
Epoch 257/500
502/502 - 2s - 4ms/step - accuracy: 0.9177 - loss: 0.2753 - val_accuracy: 1.0000 - val_loss: 8.6608e-07
Epoch 258/500
502/502 - 2s - 4ms/step - accuracy: 0.9212 - loss: 0.2737 - val_accuracy: 1.0000 - val_loss: 3.4645e-05
Epoch 259/500
502/502 - 2s - 4ms/step - accuracy: 0.9023 - loss: 0.3027 - val_accuracy: 1.0000 - val_loss: 2.1865e-05
Epoch 260/500
502/502 - 2s - 4ms/step - accuracy: 0.9197 - loss: 0.2580 - val_accuracy: 1.0000 - val_loss: 8.5897e-06
Epoch 261/500
502/502 - 2s - 5ms/step - accuracy: 0.9113 - loss: 0.2923 - val_accuracy: 1.0000 - val_loss: 3.7682e-06
Epoch 262/500
502/502 - 3s - 5ms/step - accuracy: 0.9207 - loss: 0.2620 - val_accuracy: 1.0000 - val_loss: 1.4280e-06
Epoch 263/500
502/502 - 3s - 5ms/step - accuracy: 0.9222 - loss: 0.2788 - val_accuracy: 1.0000 - val_loss: 1.2546e-05
Epoch 264/500
502/502 - 3s - 5ms/step - accuracy: 0.9212 - loss: 0.3099 - val_accuracy: 1.0000 - val_loss: 1.3545e-05
Epoch 265/500
502/502 - 3s - 5ms/step - accuracy: 0.9262 - loss: 0.2638 - val_accuracy: 1.0000 - val_loss: 3.4286e-05
Epoch 266/500
502/502 - 3s - 5ms/step - accuracy: 0.9078 - loss: 0.2844 - val_accuracy: 1.0000 - val_loss: 1.0072e-05
Epoch 267/500
502/502 - 3s - 5ms/step - accuracy: 0.9093 - loss: 0.3136 - val_accuracy: 1.0000 - val_loss: 4.1235e-06
Epoch 268/500
502/502 - 3s - 5ms/step - accuracy: 0.9197 - loss: 0.2796 - val_accuracy: 1.0000 - val_loss: 1.1780e-04
Epoch 269/500
502/502 - 3s - 5ms/step - accuracy: 0.9118 - loss: 0.2841 - val_accuracy: 1.0000 - val_loss: 1.3062e-05
Epoch 270/500
502/502 - 2s - 5ms/step - accuracy: 0.9028 - loss: 0.3156 - val_accuracy: 1.0000 - val_loss: 3.0707e-05
Epoch 271/500
502/502 - 2s - 5ms/step - accuracy: 0.9113 - loss: 0.2996 - val_accuracy: 1.0000 - val_loss: 6.3100e-06
Epoch 272/500
502/502 - 2s - 4ms/step - accuracy: 0.9133 - loss: 0.2715 - val_accuracy: 1.0000 - val_loss: 3.0410e-07
Epoch 273/500
502/502 - 2s - 4ms/step - accuracy: 0.9133 - loss: 0.2930 - val_accuracy: 1.0000 - val_loss: 5.7718e-05
Epoch 274/500
502/502 - 2s - 4ms/step - accuracy: 0.9078 - loss: 0.3068 - val_accuracy: 1.0000 - val_loss: 6.4380e-04
Epoch 275/500
502/502 - 2s - 4ms/step - accuracy: 0.9172 - loss: 0.2902 - val_accuracy: 1.0000 - val_loss: 2.0679e-06
Epoch 276/500
502/502 - 2s - 4ms/step - accuracy: 0.9138 - loss: 0.2799 - val_accuracy: 1.0000 - val_loss: 2.5544e-06
Epoch 277/500
502/502 - 2s - 4ms/step - accuracy: 0.9048 - loss: 0.3246 - val_accuracy: 1.0000 - val_loss: 3.3583e-05
Epoch 278/500
502/502 - 2s - 4ms/step - accuracy: 0.8968 - loss: 0.3220 - val_accuracy: 1.0000 - val_loss: 1.5862e-06
Epoch 279/500
502/502 - 2s - 4ms/step - accuracy: 0.9167 - loss: 0.3018 - val_accuracy: 1.0000 - val_loss: 1.3978e-05
Epoch 279: early stopping
Restoring model weights from the end of the best epoch: 219.
[fold4] ran 279 epochs in 601s (2.15 s/ep), best epoch 219 (val_loss 0.00000, val_acc 1.0000)

=== fold 5/5: train 2042 (1290 upstream + 188 user x4), val 40 user images ===
Epoch 1/500
511/511 - 3s - 6ms/step - accuracy: 0.2076 - loss: 2.3069 - val_accuracy: 0.0750 - val_loss: 2.2956
Epoch 2/500
511/511 - 2s - 4ms/step - accuracy: 0.3340 - loss: 1.9224 - val_accuracy: 0.6250 - val_loss: 1.2021
Epoch 3/500
511/511 - 2s - 4ms/step - accuracy: 0.5602 - loss: 1.4014 - val_accuracy: 0.8500 - val_loss: 0.7101
Epoch 4/500
511/511 - 2s - 4ms/step - accuracy: 0.6273 - loss: 1.2083 - val_accuracy: 0.9250 - val_loss: 0.3959
Epoch 5/500
511/511 - 2s - 4ms/step - accuracy: 0.6792 - loss: 1.0164 - val_accuracy: 0.9000 - val_loss: 0.3889
Epoch 6/500
511/511 - 2s - 4ms/step - accuracy: 0.7130 - loss: 0.9376 - val_accuracy: 0.9750 - val_loss: 0.2035
Epoch 7/500
511/511 - 2s - 4ms/step - accuracy: 0.7287 - loss: 0.8635 - val_accuracy: 0.9500 - val_loss: 0.1713
Epoch 8/500
511/511 - 2s - 4ms/step - accuracy: 0.7502 - loss: 0.8070 - val_accuracy: 0.9500 - val_loss: 0.1606
Epoch 9/500
511/511 - 2s - 4ms/step - accuracy: 0.7728 - loss: 0.7479 - val_accuracy: 0.9750 - val_loss: 0.1449
Epoch 10/500
511/511 - 2s - 4ms/step - accuracy: 0.7855 - loss: 0.6841 - val_accuracy: 0.9750 - val_loss: 0.1178
Epoch 11/500
511/511 - 2s - 4ms/step - accuracy: 0.7870 - loss: 0.6974 - val_accuracy: 0.9750 - val_loss: 0.0950
Epoch 12/500
511/511 - 2s - 4ms/step - accuracy: 0.7982 - loss: 0.6521 - val_accuracy: 0.9500 - val_loss: 0.1355
Epoch 13/500
511/511 - 2s - 4ms/step - accuracy: 0.8017 - loss: 0.6465 - val_accuracy: 0.9750 - val_loss: 0.0585
Epoch 14/500
511/511 - 2s - 4ms/step - accuracy: 0.8110 - loss: 0.6063 - val_accuracy: 0.9750 - val_loss: 0.1146
Epoch 15/500
511/511 - 2s - 4ms/step - accuracy: 0.8266 - loss: 0.5860 - val_accuracy: 0.9750 - val_loss: 0.0741
Epoch 16/500
511/511 - 2s - 4ms/step - accuracy: 0.8237 - loss: 0.5859 - val_accuracy: 0.9750 - val_loss: 0.0441
Epoch 17/500
511/511 - 2s - 4ms/step - accuracy: 0.8355 - loss: 0.5548 - val_accuracy: 0.9500 - val_loss: 0.0922
Epoch 18/500
