path,label,pred,conf,p0,p1,p2,p3,p4,p5,p6,p7,p8,p9,pN,position,frame,screen,contrast
C:\Users\josep\source\repos\AIOTED-digital\04_joe_lcd_20x32\0_main_dig2_20260802-203210.jpg,0,0,0.999869,0.999869,0.000002,0.000000,0.000000,0.000000,0.000000,0.000000,0.000003,0.000126,0.000000,0.000000,2,20260802-203210,zeros,143.359
C:\Users\josep\source\repos\AIOTED-digital\04_joe_lcd_20x32\0_main_dig2_20260802-205210.jpg,0,0,0.999857,0.999857,0.000002,0.000000,0.000000,0.000000,0.000000,0.000000,0.000002,0.000139,0.000000,0.000000,2,20260802-205210,zeros,143.200
C:\Users\josep\source\repos\AIOTED-digital\04_joe_lcd_20x32\0_main_dig2_20260802-210010.jpg,0,0,0.999793,0.999793,0.000001,0.000000,0.000000,0.000000,0.000000,0.000000,0.000001,0.000204,0.000000,0.000000,2,20260802-210010,zeros,142.239
C:\Users\josep\source\repos\AIOTED-digital\04_joe_lcd_20x32\0_main_dig2_20260802-211210.jpg,0,0,0.999673,0.999673,0.000003,0.000000,0.000000,0.000000,0.000000,0.000000,0.000002,0.000322,0.000000,0.000000,2,20260802-211210,zeros,145.053
C:\Users\josep\source\repos\AIOTED-digital\04_joe_lcd_20x32\0_main_dig2_20260802-212010.jpg,0,0,0.999846,0.999846,0.000001,0.000000,0.000000,0.000000,0.000000,0.000000,0.000001,0.000152,0.000000,0.000000,2,20260802-212010,zeros,143.132
C:\Users\josep\source\repos\AIOTED-digital\04_joe_lcd_20x32\0_main_dig2_20260802-214010.jpg,0,0,0.999941,0.999941,0.000001,0.000000,0.000000,0.000000,0.000000,0.000000,0.000001,0.000058,0.000000,0.000000,2,20260802-214010,zeros,144.819
C:\Users\josep\source\repos\AIOTED-digital\04_joe_lcd_20x32\0_main_dig2_20260802-222010.jpg,0,0,0.999845,0.999845,0.000003,0.000000,0.000000,0.000000,0.000000,0.000000,0.000003,0.000148,0.000000,0.000000,2,20260802-222010,zeros,141.229
C:\Users\josep\source\repos\AIOTED-digital\04_joe_lcd_20x32\0_main_dig2_20260802-234010.jpg,0,0,0.999739,0.999739,0.000003,0.000000,0.000000,0.000000,0.000000,0.000000,0.000002,0.000255,0.000000,0.000000,2,20260802-234010,zeros,141.223
C:\Users\josep\source\repos\AIOTED-digital\04_joe_lcd_20x32\0_main_dig2_20260819-060956.jpg,0,0,0.999995,0.999995,0.000000,0.000000,0.000000,0.000000,0.000000,0.000000,0.000000,0.000005,0.000000,0.000000,2,20260819-060956,zeros,99.770
C:\Users\josep\source\repos\AIOTED-digital\04_joe_lcd_20x32\0_main_dig2_20260819-172555.jpg,0,0,0.999997,0.999997,0.000000,0.000000,0.000000,0.000000,0.000000,0.000000,0.000000,0.000003,0.000000,0.000000,2,20260819-172555,zeros,90.599
C:\Users\josep\source\repos\AIOTED-digital\04_joe_lcd_20x32\0_main_dig2_20260827-052142.jpg,0,0,0.999996,0.999996,0.000000,0.000000,0.000000,0.000000,0.000000,0.000000,0.000000,0.000004,0.000000,0.000000,2,20260827-052142,zeros,97.984
C:\Users\josep\source\repos\AIOTED-digital\04_joe_lcd_20x32\0_main_dig2_20260827-172941.jpg,0,0,0.999999,0.999999,0.000000,0.000000,0.000000,0.000000,0.000000,0.000000,0.000000,0.000001,0.000000,0.000000,2,20260827-172941,zeros,85.944
C:\Users\josep\source\repos\AIOTED-digital\04_joe_lcd_20x32\0_main_dig2_20260906-073856.jpg,0,0,0.999961,0.999961,0.000000,0.000000,0.000000,0.000000,0.000000,0.000000,0.000000,0.000039,0.000000,0.000000,2,20260906-073856,zeros,95.231
C:\Users\josep\source\repos\AIOTED-digital\04_joe_lcd_20x32\0_main_dig2_20260906-145525.jpg,0,0,0.999852,0.999852,0.000000,0.000000,0.000000,0.000000,0.000000,0.000000,0.000000,0.000148,0.000000,0.000000,2,20260906-145525,zeros,76.511
C:\Users\josep\source\repos\AIOTED-digital\04_joe_lcd_20x32\0_main_dig2_20260906-153525.jpg,0,0,0.999989,0.999989,0.000000,0.000000,0.000000,0.000000,0.000000,0.000000,0.000000,0.000011,0.000000,0.000000,2,20260906-153525,zeros,83.644
C:\Users\josep\source\repos\AIOTED-digital\04_joe_lcd_20x32\0_main_dig2_20260906-212324.jpg,0,0,0.999928,0.999928,0.000001,0.000000,0.000000,0.000000,0.000000,0.000000,0.000000,0.000071,0.000000,0.000000,2,20260906-212324,zeros,98.231
C:\Users\josep\source\repos\AIOTED-digital\04_joe_lcd_20x32\0_main_dig2_20260906-230324.jpg,0,0,0.999921,0.999921,0.000000,0.000000,0.000000,0.000000,0.000000,0.000000,0.000000,0.000079,0.000000,0.000000,2,20260906-230324,zeros,101.544
C:\Users\josep\source\repos\AIOTED-digital\04_joe_lcd_20x32\0_main_dig2_20260907-085123.jpg,0,0,0.999952,0.999952,0.000000,0.000000,0.000000,0.000000,0.000000,0.000000,0.000000,0.000048,0.000000,0.000000,2,20260907-085123,zeros,79.065
C:\Users\josep\source\repos\AIOTED-digital\04_joe_lcd_20x32\0_main_dig2_20260907-175923.jpg,0,0,0.999972,0.999972,0.000000,0.000000,0.000000,0.000000,0.000000,0.000000,0.000000,0.000028,0.000000,0.000000,2,20260907-175923,zeros,90.032
C:\Users\josep\source\repos\AIOTED-digital\04_joe_lcd_20x32\0_main_dig2_20260907-185923.jpg,0,0,0.999776,0.999776,0.000000,0.000000,0.000000,0.000000,0.000000,0.000000,0.000000,0.000224,0.000000,0.000000,2,20260907-185923,zeros,98.049
C:\Users\josep\source\repos\AIOTED-digital\04_joe_lcd_20x32\0_main_dig2_20260907-212722.jpg,0,0,0.999853,0.999853,0.000000,0.000000,0.000000,0.000000,0.000000,0.000000,0.000000,0.000147,0.000000,0.000000,2,20260907-212722,zeros,98.963
C:\Users\josep\source\repos\AIOTED-digital\04_joe_lcd_20x32\0_main_dig2_20260911-025200.jpg,0,0,0.999912,0.999912,0.000001,0.000000,0.000000,0.000000,0.000000,0.000000,0.000000,0.000088,0.000000,0.000000,2,20260911-025200,zeros,99.688
C:\Users\josep\source\repos\AIOTED-digital\04_joe_lcd_20x32\0_main_dig2_20260911-081959.jpg,0,0,0.999944,0.999944,0.000000,0.000000,0.000000,0.000000,0.000000,0.000000,0.000000,0.000056,0.000000,0.000000,2,20260911-081959,zeros,79.160
C:\Users\josep\source\repos\AIOTED-digital\04_joe_lcd_20x32\0_main_dig2_20260911-162428.jpg,0,0,0.999979,0.999979,0.000000,0.000000,0.000000,0.000000,0.000000,0.000000,0.000000,0.000021,0.000000,0.000000,2,20260911-162428,zeros,86.619
C:\Users\josep\source\repos\AIOTED-digital\04_joe_lcd_20x32\0_main_dig2_20260911-164428.jpg,0,0,0.999965,0.999965,0.000000,0.000000,0.000000,0.000000,0.000000,0.000000,0.000000,0.000035,0.000000,0.000000,2,20260911-164428,zeros,86.596
C:\Users\josep\source\repos\AIOTED-digital\04_joe_lcd_20x32\0_main_dig2_20260911-232428.jpg,0,0,0.999866,0.999866,0.000000,0.000000,0.000000,0.000000,0.000000,0.000000,0.000000,0.000133,0.000000,0.000000,2,20260911-232428,zeros,97.000
C:\Users\josep\source\repos\AIOTED-digital\04_joe_lcd_20x32\0_main_dig2_20260915-041337.jpg,0,0,0.998985,0.998985,0.000000,0.000000,0.000000,0.000000,0.000000,0.000000,0.000000,0.001015,0.000000,0.000000,2,20260915-041337,zeros,96.625
C:\Users\josep\source\repos\AIOTED-digital\04_joe_lcd_20x32\0_main_dig2_20260915-084136.jpg,0,0,0.999989,0.999989,0.000000,0.000000,0.000000,0.000000,0.000000,0.000000,0.000000,0.000011,0.000000,0.000000,2,20260915-084136,zeros,90.305
C:\Users\josep\source\repos\AIOTED-digital\04_joe_lcd_20x32\0_main_dig2_20260915-114136.jpg,0,0,0.999986,0.999986,0.000000,0.000000,0.000000,0.000000,0.000000,0.000000,0.000000,0.000014,0.000000,0.000000,2,20260915-114136,zeros,79.624
C:\Users\josep\source\repos\AIOTED-digital\04_joe_lcd_20x32\0_main_dig2_20260915-140936.jpg,0,0,0.999961,0.999961,0.000000,0.000000,0.000000,0.000000,0.000000,0.000000,0.000000,0.000039,0.000000,0.000000,2,20260915-140936,zeros,77.914
C:\Users\josep\source\repos\AIOTED-digital\04_joe_lcd_20x32\0_main_dig2_20260928-015842.jpg,0,0,0.999676,0.999676,0.000001,0.000000,0.000000,0.000000,0.000000,0.000000,0.000000,0.000323,0.000000,0.000000,2,20260928-015842,zeros,96.428
C:\Users\josep\source\repos\AIOTED-digital\04_joe_lcd_20x32\0_main_dig2_20260928-090641.jpg,0,0,0.999938,0.999938,0.000000,0.000000,0.000000,0.000000,0.000000,0.000000,0.000000,0.000062,0.000000,0.000000,2,20260928-090641,zeros,72.448
C:\Users\josep\source\repos\AIOTED-digital\04_joe_lcd_20x32\0_main_dig2_20260928-110641.jpg,0,0,0.999930,0.999930,0.000000,0.000000,0.000000,0.000000,0.000000,0.000000,0.000000,0.000070,0.000000,0.000000,2,20260928-110641,zeros,66.846
C:\Users\josep\source\repos\AIOTED-digital\04_joe_lcd_20x32\0_main_dig2_20260928-172640.jpg,0,0,0.999963,0.999963,0.000000,0.000000,0.000000,0.000000,0.000000,0.000000,0.000000,0.000037,0.000000,0.000000,2,20260928-172640,zeros,91.039
C:\Users\josep\source\repos\AIOTED-digital\04_joe_lcd_20x32\0_main_dig3_20260819-063756.jpg,0,0,0.997183,0.997183,0.000000,0.000000,0.000000,0.000000,0.000000,0.000000,0.000000,0.002817,0.000000,0.000000,3,20260819-063756,zeros,112.855
C:\Users\josep\source\repos\AIOTED-digital\04_joe_lcd_20x32\0_main_dig3_20260819-065756.jpg,0,0,0.992609,0.992609,0.000000,0.000000,0.000000,0.000000,0.000000,0.000000,0.000000,0.007391,0.000000,0.000000,3,20260819-065756,zeros,110.407
C:\Users\josep\source\repos\AIOTED-digital\04_joe_lcd_20x32\0_main_dig3_20260819-172555.jpg,0,0,0.999377,0.999377,0.000000,0.000000,0.000000,0.000000,0.000000,0.000000,0.000000,0.000623,0.000000,0.000000,3,20260819-172555,zeros,106.505
C:\Users\josep\source\repos\AIOTED-digital\04_joe_lcd_20x32\0_main_dig3_20260819-174555.jpg,0,0,0.999751,0.999751,0.000000,0.000000,0.000000,0.000000,0.000000,0.000000,0.000000,0.000249,0.000000,0.000000,3,20260819-174555,zeros,107.146
C:\Users\josep\source\repos\AIOTED-digital\04_joe_lcd_20x32\0_main_dig3_20260819-180555.jpg,0,0,0.998887,0.998887,0.000000,0.000000,0.000000,0.000000,0.000000,0.000000,0.000000,0.001113,0.000000,0.000000,3,20260819-180555,zeros,109.659
C:\Users\josep\source\repos\AIOTED-digital\04_joe_lcd_20x32\0_main_dig3_20260819-182555.jpg,0,0,0.998970,0.998970,0.000000,0.000000,0.000000,0.000000,0.000000,0.000000,0.000000,0.001030,0.000000,0.000000,3,20260819-182555,zeros,111.220
C:\Users\josep\source\repos\AIOTED-digital\04_joe_lcd_20x32\0_main_dig3_20260819-190555.jpg,0,0,0.990548,0.990548,0.000000,0.000000,0.000000,0.000000,0.000000,0.000000,0.000000,0.009452,0.000000,0.000000,3,20260819-190555,zeros,112.873
C:\Users\josep\source\repos\AIOTED-digital\04_joe_lcd_20x32\0_main_dig3_20260819-222555.jpg,0,0,0.985445,0.985445,0.000000,0.000000,0.000000,0.000000,0.000000,0.000000,0.000000,0.014555,0.000000,0.000000,3,20260819-222555,zeros,113.976
C:\Users\josep\source\repos\AIOTED-digital\04_joe_lcd_20x32\0_main_dig3_20260819-234555.jpg,0,0,0.996804,0.996804,0.000000,0.000000,0.000000,0.000000,0.000000,0.000000,0.000000,0.003196,0.000000,0.000000,3,20260819-234555,zeros,112.828
C:\Users\josep\source\repos\AIOTED-digital\04_joe_lcd_20x32\0_main_dig3_20260827-001342.jpg,0,0,0.944635,0.944635,0.000000,0.000000,0.000000,0.000000,0.000000,0.000000,0.000001,0.055339,0.000025,0.000000,3,20260827-001342,zeros,100.213
C:\Users\josep\source\repos\AIOTED-digital\04_joe_lcd_20x32\0_main_dig3_20260827-220940.jpg,0,0,0.823423,0.823423,0.000000,0.000000,0.000000,0.000000,0.000000,0.000000,0.000000,0.176569,0.000008,0.000000,3,20260827-220940,zeros,100.677
C:\Users\josep\source\repos\AIOTED-digital\04_joe_lcd_20x32\0_main_dig3_20260906-065856.jpg,0,0,0.995504,0.995504,0.000000,0.000000,0.000000,0.000000,0.000000,0.000000,0.000000,0.004496,0.000000,0.000000,3,20260906-065856,zeros,109.717
C:\Users\josep\source\repos\AIOTED-digital\04_joe_lcd_20x32\0_main_dig3_20260906-095856.jpg,0,0,0.999974,0.999974,0.000000,0.000000,0.000000,0.000000,0.000000,0.000000,0.000000,0.000026,0.000000,0.000000,3,20260906-095856,zeros,81.735
C:\Users\josep\source\repos\AIOTED-digital\04_joe_lcd_20x32\0_main_dig3_20260906-145525.jpg,0,0,0.999894,0.999894,0.000000,0.000000,0.000000,0.000000,0.000000,0.000000,0.000000,0.000106,0.000000,0.000000,3,20260906-145525,zeros,86.965
C:\Users\josep\source\repos\AIOTED-digital\04_joe_lcd_20x32\0_main_dig3_20260906-212324.jpg,0,0,0.983538,0.983538,0.000000,0.000000,0.000000,0.000000,0.000000,0.000000,0.000000,0.016461,0.000001,0.000000,3,20260906-212324,zeros,105.322
C:\Users\josep\source\repos\AIOTED-digital\04_joe_lcd_20x32\0_main_dig3_20260906-224324.jpg,0,0,0.945523,0.945523,0.000000,0.000000,0.000000,0.000000,0.000000,0.000000,0.000000,0.054476,0.000001,0.000000,3,20260906-224324,zeros,109.460
C:\Users\josep\source\repos\AIOTED-digital\04_joe_lcd_20x32\0_main_dig3_20260907-045124.jpg,0,0,0.962431,0.962431,0.000000,0.000000,0.000000,0.000000,0.000000,0.000000,0.000001,0.037567,0.000001,0.000000,3,20260907-045124,zeros,110.093
C:\Users\josep\source\repos\AIOTED-digital\04_joe_lcd_20x32\0_main_dig3_20260907-145923.jpg,0,0,0.999881,0.999881,0.000000,0.000000,0.000000,0.000000,0.000000,0.000000,0.000000,0.000119,0.000000,0.000000,3,20260907-145923,zeros,81.961
C:\Users\josep\source\repos\AIOTED-digital\04_joe_lcd_20x32\0_main_dig3_20260907-192723.jpg,0,0,0.992391,0.992391,0.000000,0.000000,0.000000,0.000000,0.000000,0.000000,0.000000,0.007609,0.000000,0.000000,3,20260907-192723,zeros,107.027
C:\Users\josep\source\repos\AIOTED-digital\04_joe_lcd_20x32\0_main_dig3_20260911-131629.jpg,0,0,0.999914,0.999914,0.000000,0.000000,0.000000,0.000000,0.000000,0.000000,0.000000,0.000086,0.000000,0.000000,3,20260911-131629,zeros,73.754
C:\Users\josep\source\repos\AIOTED-digital\04_joe_lcd_20x32\0_main_dig3_20260911-153628.jpg,0,0,0.999890,0.999890,0.000000,0.000000,0.000000,0.000000,0.000000,0.000000,0.000000,0.000109,0.000000,0.000000,3,20260911-153628,zeros,83.526
C:\Users\josep\source\repos\AIOTED-digital\04_joe_lcd_20x32\0_main_dig3_20260911-235228.jpg,0,0,0.973251,0.973251,0.000000,0.000000,0.000000,0.000000,0.000000,0.000000,0.000000,0.026749,0.000000,0.000000,3,20260911-235228,zeros,101.387
C:\Users\josep\source\repos\AIOTED-digital\04_joe_lcd_20x32\0_main_dig3_20260915-023337.jpg,0,0,0.968084,0.968084,0.000000,0.000000,0.000000,0.000000,0.000000,0.000000,0.000000,0.031910,0.000006,0.000000,3,20260915-023337,zeros,98.433
C:\Users\josep\source\repos\AIOTED-digital\04_joe_lcd_20x32\0_main_dig3_20260915-041337.jpg,0,0,0.958541,0.958541,0.000000,0.000000,0.000000,0.000000,0.000000,0.000000,0.000000,0.041450,0.000008,0.000000,3,20260915-041337,zeros,100.295
C:\Users\josep\source\repos\AIOTED-digital\04_joe_lcd_20x32\0_main_dig3_20260915-070136.jpg,0,0,0.975620,0.975620,0.000000,0.000000,0.000000,0.000000,0.000000,0.000000,0.000000,0.024374,0.000006,0.000000,3,20260915-070136,zeros,100.751
C:\Users\josep\source\repos\AIOTED-digital\04_joe_lcd_20x32\0_main_dig3_20260915-122136.jpg,0,0,0.999971,0.999971,0.000000,0.000000,0.000000,0.000000,0.000000,0.000000,0.000000,0.000029,0.000000,0.000000,3,20260915-122136,zeros,82.345
C:\Users\josep\source\repos\AIOTED-digital\04_joe_lcd_20x32\0_main_dig3_20260915-164936.jpg,0,0,0.998587,0.998587,0.000000,0.000000,0.000000,0.000000,0.000000,0.000000,0.000000,0.001413,0.000000,0.000000,3,20260915-164936,zeros,85.972
C:\Users\josep\source\repos\AIOTED-digital\04_joe_lcd_20x32\0_main_dig3_20260928-005042.jpg,0,0,0.977268,0.977268,0.000000,0.000000,0.000000,0.000000,0.000000,0.000000,0.000000,0.022729,0.000002,0.000000,3,20260928-005042,zeros,101.333
C:\Users\josep\source\repos\AIOTED-digital\04_joe_lcd_20x32\0_main_dig3_20260928-031841.jpg,0,0,0.963475,0.963475,0.000000,0.000000,0.000000,0.000000,0.000000,0.000000,0.000000,0.036522,0.000003,0.000000,3,20260928-031841,zeros,102.523
C:\Users\josep\source\repos\AIOTED-digital\04_joe_lcd_20x32\0_main_dig3_20260928-083841.jpg,0,0,0.999992,0.999992,0.000000,0.000000,0.000000,0.000000,0.000000,0.000000,0.000000,0.000008,0.000000,0.000000,3,20260928-083841,zeros,89.358
C:\Users\josep\source\repos\AIOTED-digital\04_joe_lcd_20x32\0_main_dig3_20260928-100641.jpg,0,0,0.999988,0.999988,0.000000,0.000000,0.000000,0.000000,0.000000,0.000000,0.000000,0.000012,0.000000,0.000000,3,20260928-100641,zeros,78.004
C:\Users\josep\source\repos\AIOTED-digital\04_joe_lcd_20x32\0_main_dig4_20260911-193228.jpg,0,0,1.000000,1.000000,0.000000,0.000000,0.000000,0.000000,0.000000,0.000000,0.000000,0.000000,0.000000,0.000000,4,20260911-193228,zeros,63.374
C:\Users\josep\source\repos\AIOTED-digital\04_joe_lcd_20x32\0_main_dig4_20260911-195228.jpg,0,0,1.000000,1.000000,0.000000,0.000000,0.000000,0.000000,0.000000,0.000000,0.000000,0.000000,0.000000,0.000000,4,20260911-195228,kwh,60.967
C:\Users\josep\source\repos\AIOTED-digital\04_joe_lcd_20x32\0_main_dig4_20260911-200028.jpg,0,0,1.000000,1.000000,0.000000,0.000000,0.000000,0.000000,0.000000,0.000000,0.000000,0.000000,0.000000,0.000000,4,20260911-200028,zeros,64.108
C:\Users\josep\source\repos\AIOTED-digital\04_joe_lcd_20x32\0_main_dig4_20260911-204028.jpg,0,0,1.000000,1.000000,0.000000,0.000000,0.000000,0.000000,0.000000,0.000000,0.000000,0.000000,0.000000,0.000000,4,20260911-204028,kwh,63.353
C:\Users\josep\source\repos\AIOTED-digital\04_joe_lcd_20x32\0_main_dig4_20260911-205228.jpg,0,0,1.000000,1.000000,0.000000,0.000000,0.000000,0.000000,0.000000,0.000000,0.000000,0.000000,0.000000,0.000000,4,20260911-205228,zeros,63.574
C:\Users\josep\source\repos\AIOTED-digital\04_joe_lcd_20x32\0_main_dig4_20260911-211228.jpg,0,0,1.000000,1.000000,0.000000,0.000000,0.000000,0.000000,0.000000,0.000000,0.000000,0.000001,0.000000,0.000000,4,20260911-211228,kwh,62.474
C:\Users\josep\source\repos\AIOTED-digital\04_joe_lcd_20x32\0_main_dig4_20260911-212028.jpg,0,0,0.999999,0.999999,0.000000,0.000000,0.000000,0.000000,0.000000,0.000000,0.000000,0.000001,0.000000,0.000000,4,20260911-212028,zeros,62.021
C:\Users\josep\source\repos\AIOTED-digital\04_joe_lcd_20x32\0_main_dig4_20260911-221228.jpg,0,0,0.999999,0.999999,0.000000,0.000000,0.000000,0.000000,0.000000,0.000000,0.000000,0.000001,0.000000,0.000000,4,20260911-221228,zeros,62.207
C:\Users\josep\source\repos\AIOTED-digital\04_joe_lcd_20x32\0_main_dig4_20260911-225228.jpg,0,0,1.000000,1.000000,0.000000,0.000000,0.000000,0.000000,0.000000,0.000000,0.000000,0.000000,0.000000,0.000000,4,20260911-225228,zeros,62.889
C:\Users\josep\source\repos\AIOTED-digital\04_joe_lcd_20x32\0_main_dig4_20260911-233228.jpg,0,0,1.000000,1.000000,0.000000,0.000000,0.000000,0.000000,0.000000,0.000000,0.000000,0.000000,0.000000,0.000000,4,20260911-233228,zeros,62.062
C:\Users\josep\source\repos\AIOTED-digital\04_joe_lcd_20x32\0_main_dig4_20260915-000137.jpg,0,0,0.999999,0.999999,0.000000,0.000000,0.000000,0.000000,0.000000,0.000000,0.000000,0.000001,0.000000,0.000000,4,20260915-000137,kwh,60.221
C:\Users\josep\source\repos\AIOTED-digital\04_joe_lcd_20x32\0_main_dig4_20260915-004137.jpg,0,0,1.000000,1.000000,0.000000,0.000000,0.000000,0.000000,0.000000,0.000000,0.000000,0.000000,0.000000,0.000000,4,20260915-004137,zeros,61.312
C:\Users\josep\source\repos\AIOTED-digital\04_joe_lcd_20x32\0_main_dig4_20260915-012137.jpg,0,0,0.999999,0.999999,0.000000,0.000000,0.000000,0.000000,0.000000,0.000000,0.000000,0.000001,0.000000,0.000000,4,20260915-012137,zeros,59.847
C:\Users\josep\source\repos\AIOTED-digital\04_joe_lcd_20x32\0_main_dig4_20260915-012937.jpg,0,0,0.999998,0.999998,0.000000,0.000000,0.000000,0.000000,0.000000,0.000000,0.000000,0.000001,0.000000,0.000000,4,20260915-012937,zeros,61.039
C:\Users\josep\source\repos\AIOTED-digital\04_joe_lcd_20x32\0_main_dig4_20260915-020137.jpg,0,0,0.999999,0.999999,0.000000,0.000000,0.000000,0.000000,0.000000,0.000000,0.000000,0.000001,0.000000,0.000000,4,20260915-020137,zeros,60.676
C:\Users\josep\source\repos\AIOTED-digital\04_joe_lcd_20x32\0_main_dig4_20260915-030937.jpg,0,0,1.000000,1.000000,0.000000,0.000000,0.000000,0.000000,0.000000,0.000000,0.000000,0.000000,0.000000,0.000000,4,20260915-030937,zeros,60.106
C:\Users\josep\source\repos\AIOTED-digital\04_joe_lcd_20x32\0_main_dig4_20260915-050137.jpg,0,0,1.000000,1.000000,0.000000,0.000000,0.000000,0.000000,0.000000,0.000000,0.000000,0.000000,0.000000,0.000000,4,20260915-050137,kwh,60.105
C:\Users\josep\source\repos\AIOTED-digital\04_joe_lcd_20x32\0_main_dig4_20260915-055737.jpg,0,0,0.999999,0.999999,0.000000,0.000000,0.000000,0.000000,0.000000,0.000000,0.000000,0.000001,0.000000,0.000000,4,20260915-055737,zeros,60.864
C:\Users\josep\source\repos\AIOTED-digital\04_joe_lcd_20x32\0_main_dig4_20260915-065737.jpg,0,0,0.999999,0.999999,0.000000,0.000000,0.000000,0.000000,0.000000,0.000000,0.000000,0.000001,0.000000,0.000000,4,20260915-065737,zeros,60.842
C:\Users\josep\source\repos\AIOTED-digital\04_joe_lcd_20x32\0_main_dig4_20260915-080936.jpg,0,0,1.000000,1.000000,0.000000,0.000000,0.000000,0.000000,0.000000,0.000000,0.000000,0.000000,0.000000,0.000000,4,20260915-080936,kwh,59.872
C:\Users\josep\source\repos\AIOTED-digital\04_joe_lcd_20x32\0_main_dig4_20260915-085736.jpg,0,0,0.999999,0.999999,0.000000,0.000000,0.000000,0.000000,0.000000,0.000000,0.000001,0.000000,0.000000,0.000000,4,20260915-085736,zeros,60.040
C:\Users\josep\source\repos\AIOTED-digital\04_joe_lcd_20x32\0_main_dig4_20260915-093736.jpg,0,0,1.000000,1.000000,0.000000,0.000000,0.000000,0.000000,0.000000,0.000000,0.000000,0.000000,0.000000,0.000000,4,20260915-093736,kwh,61.342
C:\Users\josep\source\repos\AIOTED-digital\04_joe_lcd_20x32\0_main_dig4_20260915-094936.jpg,0,0,1.000000,1.000000,0.000000,0.000000,0.000000,0.000000,0.000000,0.000000,0.000000,0.000000,0.000000,0.000000,4,20260915-094936,kwh,61.171
C:\Users\josep\source\repos\AIOTED-digital\04_joe_lcd_20x32\0_main_dig4_20260915-112936.jpg,0,0,0.999998,0.999998,0.000000,0.000000,0.000000,0.000000,0.000000,0.000000,0.000002,0.000000,0.000000,0.000000,4,20260915-112936,zeros,78.511
C:\Users\josep\source\repos\AIOTED-digital\04_joe_lcd_20x32\0_main_dig4_20260915-115736.jpg,0,0,0.999997,0.999997,0.000000,0.000000,0.000000,0.000000,0.000000,0.000000,0.000002,0.000001,0.000000,0.000000,4,20260915-115736,zeros,89.281
C:\Users\josep\source\repos\AIOTED-digital\04_joe_lcd_20x32\0_main_dig4_20260915-135736.jpg,0,0,1.000000,1.000000,0.000000,0.000000,0.000000,0.000000,0.000000,0.000000,0.000000,0.000000,0.000000,0.000000,4,20260915-135736,kwh,76.114
C:\Users\josep\source\repos\AIOTED-digital\04_joe_lcd_20x32\0_main_dig4_20260915-140536.jpg,0,0,0.999998,0.999998,0.000000,0.000000,0.000000,0.000000,0.000000,0.000000,0.000001,0.000001,0.000000,0.000000,4,20260915-140536,zeros,84.625
C:\Users\josep\source\repos\AIOTED-digital\04_joe_lcd_20x32\0_main_dig4_20260915-141736.jpg,0,0,0.999999,0.999999,0.000000,0.000000,0.000000,0.000000,0.000000,0.000000,0.000001,0.000000,0.000000,0.000000,4,20260915-141736,zeros,76.399
C:\Users\josep\source\repos\AIOTED-digital\04_joe_lcd_20x32\0_main_dig4_20260915-142536.jpg,0,0,0.999994,0.999994,0.000000,0.000000,0.000000,0.000000,0.000000,0.000000,0.000005,0.000001,0.000000,0.000000,4,20260915-142536,zeros,81.234
C:\Users\josep\source\repos\AIOTED-digital\04_joe_lcd_20x32\0_main_dig4_20260915-153736.jpg,0,0,0.999999,0.999999,0.000000,0.000000,0.000000,0.000000,0.000000,0.000000,0.000000,0.000001,0.000000,0.000000,4,20260915-153736,kwh,70.812
C:\Users\josep\source\repos\AIOTED-digital\04_joe_lcd_20x32\0_main_dig4_20260915-163736.jpg,0,0,1.000000,1.000000,0.000000,0.000000,0.000000,0.000000,0.000000,0.000000,0.000000,0.000000,0.000000,0.000000,4,20260915-163736,zeros,62.091
C:\Users\josep\source\repos\AIOTED-digital\04_joe_lcd_20x32\0_main_dig4_20260915-164536.jpg,0,0,1.000000,1.000000,0.000000,0.000000,0.000000,0.000000,0.000000,0.000000,0.000000,0.000000,0.000000,0.000000,4,20260915-164536,kwh,62.313
C:\Users\josep\source\repos\AIOTED-digital\04_joe_lcd_20x32\0_main_dig4_20260915-171736.jpg,0,0,1.000000,1.000000,0.000000,0.000000,0.000000,0.000000,0.000000,0.000000,0.000000,0.000000,0.000000,0.000000,4,20260915-171736,kwh,59.007
C:\Users\josep\source\repos\AIOTED-digital\04_joe_lcd_20x32\0_main_dig5_20260802-105044.jpg,0,0,0.999991,0.999991,0.000000,0.000000,0.000000,0.000000,0.000000,0.000000,0.000000,0.000009,0.000000,0.000000,5,20260802-105044,zeros,100.365
C:\Users\josep\source\repos\AIOTED-digital\04_joe_lcd_20x32\0_main_dig5_20260802-121444.jpg,0,0,0.982978,0.982978,0.000002,0.000000,0.000000,0.000000,0.000000,0.000000,0.000053,0.016890,0.000077,0.000000,5,20260802-121444,zeros,133.698
C:\Users\josep\source\repos\AIOTED-digital\04_joe_lcd_20x32\0_main_dig5_20260802-125044.jpg,0,0,0.964297,0.964297,0.003803,0.000000,0.000002,0.000019,0.000003,0.000030,0.008307,0.023336,0.000194,0.000006,5,20260802-125044,zeros,139.077
C:\Users\josep\source\repos\AIOTED-digital\04_joe_lcd_20x32\0_main_dig5_20260802-143044.jpg,0,0,0.990565,0.990565,0.000738,0.000000,0.000000,0.000000,0.000000,0.000002,0.007046,0.001636,0.000012,0.000001,5,20260802-143044,zeros,149.968
C:\Users\josep\source\repos\AIOTED-digital\04_joe_lcd_20x32\0_main_dig5_20260802-151044.jpg,0,0,0.996232,0.996232,0.000164,0.000000,0.000000,0.000000,0.000000,0.000002,0.001544,0.002029,0.000028,0.000000,5,20260802-151044,zeros,148.100
C:\Users\josep\source\repos\AIOTED-digital\04_joe_lcd_20x32\0_main_dig5_20260802-191210.jpg,0,0,0.998288,0.998288,0.000006,0.000000,0.000000,0.000000,0.000000,0.000000,0.000006,0.001691,0.000008,0.000000,5,20260802-191210,zeros,61.584
C:\Users\josep\source\repos\AIOTED-digital\04_joe_lcd_20x32\0_main_dig5_20260807-000413.jpg,0,0,0.986497,0.986497,0.000000,0.000000,0.000000,0.000000,0.000000,0.000000,0.000000,0.013500,0.000003,0.000000,5,20260807-000413,blank09,67.636
C:\Users\josep\source\repos\AIOTED-digital\04_joe_lcd_20x32\0_main_dig5_20260807-002413.jpg,0,0,0.978688,0.978688,0.000000,0.000000,0.000000,0.000000,0.000000,0.000000,0.000000,0.021304,0.000007,0.000000,5,20260807-002413,blank09,68.047
C:\Users\josep\source\repos\AIOTED-digital\04_joe_lcd_20x32\0_main_dig5_20260807-004413.jpg,0,0,0.990618,0.990618,0.000000,0.000000,0.000000,0.000000,0.000000,0.000000,0.000000,0.009380,0.000001,0.000000,5,20260807-004413,blank09,69.151
C:\Users\josep\source\repos\AIOTED-digital\04_joe_lcd_20x32\0_main_dig5_20260807-010413.jpg,0,0,0.991364,0.991364,0.000000,0.000000,0.000000,0.000000,0.000000,0.000000,0.000000,0.008633,0.000003,0.000000,5,20260807-010413,blank09,67.182
C:\Users\josep\source\repos\AIOTED-digital\04_joe_lcd_20x32\0_main_dig5_20260807-012413.jpg,0,0,0.980233,0.980233,0.000000,0.000000,0.000000,0.000000,0.000000,0.000000,0.000000,0.019759,0.000007,0.000000,5,20260807-012413,blank09,68.656
C:\Users\josep\source\repos\AIOTED-digital\04_joe_lcd_20x32\0_main_dig5_20260807-014413.jpg,0,0,0.980502,0.980502,0.000000,0.000000,0.000000,0.000000,0.000000,0.000000,0.000000,0.019493,0.000004,0.000000,5,20260807-014413,blank09,67.571
C:\Users\josep\source\repos\AIOTED-digital\04_joe_lcd_20x32\0_main_dig5_20260807-020413.jpg,0,0,0.993523,0.993523,0.000000,0.000000,0.000000,0.000000,0.000000,0.000000,0.000000,0.006475,0.000002,0.000000,5,20260807-020413,blank09,67.767
C:\Users\josep\source\repos\AIOTED-digital\04_joe_lcd_20x32\0_main_dig5_20260807-022413.jpg,0,0,0.982202,0.982202,0.000000,0.000000,0.000000,0.000000,0.000000,0.000000,0.000000,0.017794,0.000004,0.000000,5,20260807-022413,blank09,67.091
C:\Users\josep\source\repos\AIOTED-digital\04_joe_lcd_20x32\0_main_dig5_20260807-032413.jpg,0,0,0.994085,0.994085,0.000000,0.000000,0.000000,0.000000,0.000000,0.000000,0.000000,0.005914,0.000001,0.000000,5,20260807-032413,blank09,68.944
C:\Users\josep\source\repos\AIOTED-digital\04_joe_lcd_20x32\0_main_dig5_20260807-053213.jpg,0,0,0.992216,0.992216,0.000000,0.000000,0.000000,0.000000,0.000000,0.000000,0.000000,0.007778,0.000005,0.000000,5,20260807-053213,zeros,63.536
C:\Users\josep\source\repos\AIOTED-digital\04_joe_lcd_20x32\0_main_dig5_20260819-175755.jpg,0,0,0.999716,0.999716,0.000000,0.000000,0.000000,0.000000,0.000000,0.000000,0.000000,0.000284,0.000000,0.000000,5,20260819-175755,zeros,60.131
C:\Users\josep\source\repos\AIOTED-digital\04_joe_lcd_20x32\0_main_dig5_20260906-061456.jpg,0,0,0.892756,0.892756,0.000000,0.000000,0.000000,0.000000,0.000000,0.000006,0.000000,0.107236,0.000002,0.000000,5,20260906-061456,zeros,57.829
C:\Users\josep\source\repos\AIOTED-digital\04_joe_lcd_20x32\0_main_dig5_20260906-062656.jpg,0,0,0.987621,0.987621,0.000000,0.000000,0.000000,0.000000,0.000000,0.000000,0.000000,0.012378,0.000000,0.000000,5,20260906-062656,kwh,54.331
C:\Users\josep\source\repos\AIOTED-digital\04_joe_lcd_20x32\0_main_dig5_20260906-065456.jpg,0,0,0.967517,0.967517,0.000000,0.000000,0.000000,0.000000,0.000000,0.000000,0.000000,0.032482,0.000001,0.000000,5,20260906-065456,kwh,51.773
C:\Users\josep\source\repos\AIOTED-digital\04_joe_lcd_20x32\0_main_dig5_20260906-070656.jpg,0,0,0.916369,0.916369,0.000000,0.000000,0.000000,0.000000,0.000000,0.000000,0.000000,0.083629,0.000001,0.000000,5,20260906-070656,kwh,48.743
C:\Users\josep\source\repos\AIOTED-digital\04_joe_lcd_20x32\0_main_dig5_20260906-090656.jpg,0,0,0.999497,0.999497,0.000000,0.000000,0.000000,0.000000,0.000000,0.000000,0.000001,0.000503,0.000000,0.000000,5,20260906-090656,zeros,50.905
C:\Users\josep\source\repos\AIOTED-digital\04_joe_lcd_20x32\0_main_dig5_20260906-092656.jpg,0,0,0.999737,0.999737,0.000000,0.000000,0.000000,0.000000,0.000000,0.000000,0.000001,0.000262,0.000000,0.000000,5,20260906-092656,kwh,66.284
C:\Users\josep\source\repos\AIOTED-digital\04_joe_lcd_20x32\0_main_dig5_20260906-104656.jpg,0,0,0.999902,0.999902,0.000000,0.000000,0.000000,0.000000,0.000000,0.000000,0.000003,0.000096,0.000000,0.000000,5,20260906-104656,kwh,70.249
C:\Users\josep\source\repos\AIOTED-digital\04_joe_lcd_20x32\0_main_dig5_20260907-143123.jpg,0,0,0.999966,0.999966,0.000000,0.000000,0.000000,0.000000,0.000000,0.000000,0.000001,0.000033,0.000000,0.000000,5,20260907-143123,zeros,65.857
C:\Users\josep\source\repos\AIOTED-digital\04_joe_lcd_20x32\0_main_dig5_20260911-203628.jpg,0,0,0.886009,0.886009,0.000016,0.000006,0.000000,0.000001,0.000000,0.000028,0.000012,0.113913,0.000014,0.000000,5,20260911-203628,zeros,57.340
C:\Users\josep\source\repos\AIOTED-digital\04_joe_lcd_20x32\0_main_dig5_20260911-211228.jpg,0,0,0.923273,0.923273,0.000018,0.000002,0.000000,0.000001,0.000000,0.000019,0.000015,0.076661,0.000012,0.000000,5,20260911-211228,kwh,56.256
C:\Users\josep\source\repos\AIOTED-digital\04_joe_lcd_20x32\0_main_dig5_20260911-225228.jpg,0,0,0.915037,0.915037,0.000039,0.000002,0.000000,0.000003,0.000000,0.000061,0.000018,0.084810,0.000030,0.000000,5,20260911-225228,zeros,57.861
C:\Users\josep\source\repos\AIOTED-digital\04_joe_lcd_20x32\0_main_dig5_20260915-174536.jpg,0,0,0.998873,0.998873,0.000000,0.000000,0.000000,0.000000,0.000000,0.000000,0.000000,0.001127,0.000000,0.000000,5,20260915-174536,kwh,48.765
C:\Users\josep\source\repos\AIOTED-digital\04_joe_lcd_20x32\0_main_dig5_20260915-175736.jpg,0,0,0.993872,0.993872,0.000000,0.000000,0.000000,0.000000,0.000000,0.000000,0.000000,0.006127,0.000000,0.000000,5,20260915-175736,kwh,49.011
C:\Users\josep\source\repos\AIOTED-digital\04_joe_lcd_20x32\0_main_dig5_20260915-180536.jpg,0,0,0.997458,0.997458,0.000000,0.000000,0.000000,0.000000,0.000000,0.000000,0.000000,0.002542,0.000000,0.000000,5,20260915-180536,kwh,49.895
C:\Users\josep\source\repos\AIOTED-digital\04_joe_lcd_20x32\0_main_dig5_20260915-190536.jpg,0,0,0.938868,0.938868,0.000006,0.000001,0.000000,0.000000,0.000000,0.000014,0.000013,0.061089,0.000009,0.000000,5,20260915-190536,kwh,57.107
C:\Users\josep\source\repos\AIOTED-digital\04_joe_lcd_20x32\0_main_dig5_20260915-223735.jpg,0,0,0.970479,0.970479,0.000001,0.000000,0.000000,0.000000,0.000000,0.000002,0.000003,0.029513,0.000002,0.000000,5,20260915-223735,kwh,55.975
C:\Users\josep\source\repos\AIOTED-digital\04_joe_lcd_20x32\0_main_dig5_20260928-031041.jpg,0,0,0.975324,0.975324,0.000005,0.000000,0.000000,0.000000,0.000000,0.000007,0.000009,0.024652,0.000002,0.000000,5,20260928-031041,zeros,56.512
C:\Users\josep\source\repos\AIOTED-digital\04_joe_lcd_20x32\0_main_dig6_20260807-025213.jpg,0,0,0.915158,0.915158,0.000013,0.000002,0.000001,0.000058,0.000088,0.000038,0.000311,0.055988,0.028339,0.000003,6,20260807-025213,zeros,31.302
C:\Users\josep\source\repos\AIOTED-digital\04_joe_lcd_20x32\0_main_dig6_20260807-031213.jpg,0,0,0.883493,0.883493,0.000016,0.000002,0.000002,0.000101,0.000276,0.000060,0.000349,0.060652,0.055044,0.000004,6,20260807-031213,zeros,30.891
C:\Users\josep\source\repos\AIOTED-digital\04_joe_lcd_20x32\0_main_dig6_20260807-041213.jpg,0,0,0.734411,0.734411,0.000016,0.000005,0.000006,0.000239,0.000781,0.000107,0.000546,0.105223,0.158657,0.000008,6,20260807-041213,zeros,32.123
C:\Users\josep\source\repos\AIOTED-digital\04_joe_lcd_20x32\0_main_dig6_20260807-065613.jpg,0,0,0.999882,0.999882,0.000000,0.000000,0.000000,0.000000,0.000000,0.000000,0.000000,0.000118,0.000000,0.000000,6,20260807-065613,zeros,38.913
C:\Users\josep\source\repos\AIOTED-digital\04_joe_lcd_20x32\0_main_dig6_20260819-163356.jpg,0,0,0.999648,0.999648,0.000000,0.000000,0.000000,0.000000,0.000000,0.000000,0.000165,0.000186,0.000001,0.000000,6,20260819-163356,kwh,55.034
C:\Users\josep\source\repos\AIOTED-digital\04_joe_lcd_20x32\0_main_dig6_20260819-214155.jpg,0,0,0.698835,0.698835,0.000225,0.000011,0.000109,0.000033,0.000418,0.000689,0.002863,0.263750,0.033065,0.000001,6,20260819-214155,zeros,30.628
C:\Users\josep\source\repos\AIOTED-digital\04_joe_lcd_20x32\0_main_dig6_20260819-224155.jpg,0,0,0.608742,0.608742,0.000065,0.000001,0.000034,0.000037,0.006137,0.002707,0.000747,0.288293,0.093238,0.000001,6,20260819-224155,kwh,30.402
C:\Users\josep\source\repos\AIOTED-digital\04_joe_lcd_20x32\0_main_dig6_20260819-224955.jpg,0,0,0.487271,0.487271,0.001149,0.000019,0.000435,0.000535,0.001380,0.001077,0.004548,0.392885,0.110693,0.000008,6,20260819-224955,zeros,30.083
C:\Users\josep\source\repos\AIOTED-digital\04_joe_lcd_20x32\0_main_dig6_20260819-225355.jpg,0,0,0.631370,0.631370,0.000163,0.000002,0.000052,0.000078,0.000753,0.000421,0.001356,0.261534,0.104270,0.000001,6,20260819-225355,kwh,29.110
C:\Users\josep\source\repos\AIOTED-digital\04_joe_lcd_20x32\0_main_dig6_20260827-085740.jpg,0,0,0.762389,0.762389,0.000001,0.000003,0.000003,0.000005,0.000003,0.000003,0.003180,0.204273,0.030139,0.000001,6,20260827-085740,zeros,83.838
C:\Users\josep\source\repos\AIOTED-digital\04_joe_lcd_20x32\0_main_dig6_20260827-173741.jpg,0,0,0.999941,0.999941,0.000000,0.000000,0.000000,0.000000,0.000000,0.000000,0.000032,0.000026,0.000000,0.000000,6,20260827-173741,kwh,43.895
C:\Users\josep\source\repos\AIOTED-digital\04_joe_lcd_20x32\0_main_dig6_20260827-174541.jpg,0,0,0.999981,0.999981,0.000000,0.000000,0.000000,0.000000,0.000000,0.000000,0.000007,0.000012,0.000000,0.000000,6,20260827-174541,kwh,43.182
C:\Users\josep\source\repos\AIOTED-digital\04_joe_lcd_20x32\0_main_dig6_20260827-234540.jpg,0,0,0.600326,0.600326,0.000952,0.000081,0.000208,0.001172,0.000335,0.000783,0.003490,0.353239,0.039385,0.000030,6,20260827-234540,kwh,31.527
C:\Users\josep\source\repos\AIOTED-digital\04_joe_lcd_20x32\0_main_dig6_20260827-235340.jpg,0,8,0.463843,0.450600,0.002145,0.000085,0.000558,0.002695,0.000347,0.000504,0.004751,0.463843,0.074432,0.000039,6,20260827-235340,kwh,30.890
C:\Users\josep\source\repos\AIOTED-digital\04_joe_lcd_20x32\0_main_dig6_20260906-131125.jpg,0,0,0.999988,0.999988,0.000000,0.000000,0.000000,0.000000,0.000000,0.000000,0.000008,0.000005,0.000000,0.000000,6,20260906-131125,kwh,76.196
C:\Users\josep\source\repos\AIOTED-digital\04_joe_lcd_20x32\0_main_dig6_20260906-132325.jpg,0,0,0.999984,0.999984,0.000000,0.000000,0.000000,0.000000,0.000000,0.000000,0.000005,0.000011,0.000000,0.000000,6,20260906-132325,zeros,74.555
C:\Users\josep\source\repos\AIOTED-digital\04_joe_lcd_20x32\0_main_dig6_20260906-173125.jpg,0,0,0.999867,0.999867,0.000000,0.000000,0.000000,0.000000,0.000000,0.000000,0.000002,0.000131,0.000000,0.000000,6,20260906-173125,kwh,43.063
C:\Users\josep\source\repos\AIOTED-digital\04_joe_lcd_20x32\0_main_dig6_20260906-174325.jpg,0,0,0.999787,0.999787,0.000000,0.000000,0.000000,0.000000,0.000000,0.000000,0.000002,0.000211,0.000001,0.000000,6,20260906-174325,kwh,36.285
C:\Users\josep\source\repos\AIOTED-digital\04_joe_lcd_20x32\0_main_dig6_20260907-113523.jpg,0,0,0.999937,0.999937,0.000002,0.000000,0.000000,0.000000,0.000000,0.000000,0.000024,0.000036,0.000000,0.000000,6,20260907-113523,zeros,88.343
C:\Users\josep\source\repos\AIOTED-digital\04_joe_lcd_20x32\0_main_dig6_20260911-111229.jpg,0,0,0.998505,0.998505,0.000023,0.000000,0.000000,0.000000,0.000000,0.000000,0.000106,0.001359,0.000006,0.000000,6,20260911-111229,zeros,87.987
C:\Users\josep\source\repos\AIOTED-digital\04_joe_lcd_20x32\0_main_dig6_20260911-152028.jpg,0,0,0.999993,0.999993,0.000000,0.000000,0.000000,0.000000,0.000000,0.000000,0.000001,0.000005,0.000000,0.000000,6,20260911-152028,kwh,74.215
C:\Users\josep\source\repos\AIOTED-digital\04_joe_lcd_20x32\0_main_dig6_20260915-000137.jpg,0,9,0.680316,0.031573,0.000157,0.000022,0.000739,0.013375,0.109788,0.007563,0.000430,0.155997,0.680316,0.000040,6,20260915-000137,kwh,25.247
C:\Users\josep\source\repos\AIOTED-digital\04_joe_lcd_20x32\0_main_dig6_20260915-120936.jpg,0,0,0.999935,0.999935,0.000000,0.000000,0.000000,0.000000,0.000000,0.000000,0.000016,0.000048,0.000000,0.000000,6,20260915-120936,kwh,88.741
C:\Users\josep\source\repos\AIOTED-digital\04_joe_lcd_20x32\0_main_dig6_20260915-121736.jpg,0,0,0.999983,0.999983,0.000000,0.000000,0.000000,0.000000,0.000000,0.000000,0.000005,0.000012,0.000000,0.000000,6,20260915-121736,kwh,83.849
C:\Users\josep\source\repos\AIOTED-digital\04_joe_lcd_20x32\0_main_dig6_20260928-115441.jpg,0,0,0.999964,0.999964,0.000000,0.000000,0.000000,0.000000,0.000000,0.000000,0.000003,0.000032,0.000000,0.000000,6,20260928-115441,zeros,83.381
C:\Users\josep\source\repos\AIOTED-digital\04_joe_lcd_20x32\1_main_dig4_20260819-003757.jpg,1,1,0.999958,0.000000,0.999958,0.000000,0.000000,0.000000,0.000000,0.000000,0.000042,0.000000,0.000000,0.000000,4,20260819-003757,kwh,62.087
C:\Users\josep\source\repos\AIOTED-digital\04_joe_lcd_20x32\1_main_dig4_20260819-015757.jpg,1,1,0.999995,0.000000,0.999995,0.000000,0.000000,0.000000,0.000000,0.000000,0.000005,0.000000,0.000000,0.000000,4,20260819-015757,kwh,61.986
C:\Users\josep\source\repos\AIOTED-digital\04_joe_lcd_20x32\1_main_dig4_20260819-021757.jpg,1,1,0.999930,0.000000,0.999930,0.000000,0.000000,0.000000,0.000000,0.000000,0.000070,0.000000,0.000000,0.000000,4,20260819-021757,kwh,60.689
C:\Users\josep\source\repos\AIOTED-digital\04_joe_lcd_20x32\1_main_dig4_20260819-035757.jpg,1,1,0.999973,0.000000,0.999973,0.000000,0.000000,0.000000,0.000000,0.000000,0.000027,0.000000,0.000000,0.000000,4,20260819-035757,kwh,59.739
C:\Users\josep\source\repos\AIOTED-digital\04_joe_lcd_20x32\1_main_dig4_20260819-044557.jpg,1,1,0.999943,0.000000,0.999943,0.000000,0.000000,0.000000,0.000000,0.000000,0.000057,0.000000,0.000000,0.000000,4,20260819-044557,kwh,60.341
C:\Users\josep\source\repos\AIOTED-digital\04_joe_lcd_20x32\1_main_dig4_20260819-053356.jpg,1,1,0.999935,0.000000,0.999935,0.000000,0.000000,0.000000,0.000000,0.000000,0.000065,0.000000,0.000000,0.000000,4,20260819-053356,kwh,60.880
C:\Users\josep\source\repos\AIOTED-digital\04_joe_lcd_20x32\1_main_dig4_20260819-065356.jpg,1,1,0.999878,0.000000,0.999878,0.000000,0.000000,0.000000,0.000000,0.000000,0.000122,0.000000,0.000000,0.000000,4,20260819-065356,kwh,59.013
C:\Users\josep\source\repos\AIOTED-digital\04_joe_lcd_20x32\1_main_dig4_20260819-070556.jpg,1,1,0.999945,0.000000,0.999945,0.000000,0.000000,0.000000,0.000000,0.000000,0.000055,0.000000,0.000000,0.000000,4,20260819-070556,kwh,58.100
C:\Users\josep\source\repos\AIOTED-digital\04_joe_lcd_20x32\1_main_dig4_20260819-071356.jpg,1,1,0.999977,0.000000,0.999977,0.000000,0.000000,0.000000,0.000000,0.000000,0.000023,0.000000,0.000000,0.000000,4,20260819-071356,kwh,60.704
C:\Users\josep\source\repos\AIOTED-digital\04_joe_lcd_20x32\1_main_dig4_20260819-073356.jpg,1,1,0.999985,0.000000,0.999985,0.000000,0.000000,0.000000,0.000000,0.000000,0.000015,0.000000,0.000000,0.000000,4,20260819-073356,kwh,60.165
C:\Users\josep\source\repos\AIOTED-digital\04_joe_lcd_20x32\1_main_dig4_20260819-164156.jpg,1,1,0.999991,0.000000,0.999991,0.000000,0.000000,0.000000,0.000000,0.000000,0.000009,0.000000,0.000000,0.000000,4,20260819-164156,kwh,62.920
C:\Users\josep\source\repos\AIOTED-digital\04_joe_lcd_20x32\1_main_dig4_20260819-170155.jpg,1,1,0.999954,0.000000,0.999954,0.000000,0.000000,0.000000,0.000000,0.000000,0.000046,0.000000,0.000000,0.000000,4,20260819-170155,kwh,60.888
C:\Users\josep\source\repos\AIOTED-digital\04_joe_lcd_20x32\1_main_dig4_20260819-171355.jpg,1,1,0.999991,0.000000,0.999991,0.000000,0.000000,0.000000,0.000000,0.000000,0.000009,0.000000,0.000000,0.000000,4,20260819-171355,kwh,60.927
C:\Users\josep\source\repos\AIOTED-digital\04_joe_lcd_20x32\1_main_dig4_20260819-172155.jpg,1,1,0.999954,0.000000,0.999954,0.000000,0.000000,0.000000,0.000000,0.000000,0.000046,0.000000,0.000000,0.000000,4,20260819-172155,kwh,60.571
C:\Users\josep\source\repos\AIOTED-digital\04_joe_lcd_20x32\1_main_dig4_20260819-173355.jpg,1,1,0.999994,0.000000,0.999994,0.000000,0.000000,0.000000,0.000000,0.000000,0.000006,0.000000,0.000000,0.000000,4,20260819-173355,kwh,61.278
C:\Users\josep\source\repos\AIOTED-digital\04_joe_lcd_20x32\1_main_dig4_20260819-185355.jpg,1,1,0.999956,0.000000,0.999956,0.000000,0.000000,0.000000,0.000000,0.000000,0.000044,0.000000,0.000000,0.000000,4,20260819-185355,kwh,60.842
C:\Users\josep\source\repos\AIOTED-digital\04_joe_lcd_20x32\1_main_dig4_20260819-192155.jpg,1,1,0.999996,0.000000,0.999996,0.000000,0.000000,0.000000,0.000000,0.000000,0.000004,0.000000,0.000000,0.000000,4,20260819-192155,kwh,61.953
C:\Users\josep\source\repos\AIOTED-digital\04_joe_lcd_20x32\1_main_dig4_20260819-212155.jpg,1,1,0.999984,0.000000,0.999984,0.000000,0.000000,0.000000,0.000000,0.000000,0.000016,0.000000,0.000000,0.000000,4,20260819-212155,kwh,62.322
C:\Users\josep\source\repos\AIOTED-digital\04_joe_lcd_20x32\1_main_dig4_20260819-213355.jpg,1,1,0.999956,0.000000,0.999956,0.000000,0.000000,0.000000,0.000000,0.000000,0.000044,0.000000,0.000000,0.000000,4,20260819-213355,kwh,60.882
C:\Users\josep\source\repos\AIOTED-digital\04_joe_lcd_20x32\1_main_dig4_20260819-220155.jpg,1,1,0.999997,0.000000,0.999997,0.000000,0.000000,0.000000,0.000000,0.000000,0.000003,0.000000,0.000000,0.000000,4,20260819-220155,kwh,61.160
C:\Users\josep\source\repos\AIOTED-digital\04_joe_lcd_20x32\1_main_dig4_20260819-230955.jpg,1,1,0.999980,0.000000,0.999980,0.000000,0.000000,0.000000,0.000000,0.000000,0.000020,0.000000,0.000000,0.000000,4,20260819-230955,kwh,60.865
C:\Users\josep\source\repos\AIOTED-digital\04_joe_lcd_20x32\1_main_dig4_20260819-233355.jpg,1,1,0.999992,0.000000,0.999992,0.000000,0.000000,0.000000,0.000000,0.000000,0.000008,0.000000,0.000000,0.000000,4,20260819-233355,kwh,61.837
C:\Users\josep\source\repos\AIOTED-digital\04_joe_lcd_20x32\1_main_dig4_20260915-175736.jpg,1,1,0.998860,0.000000,0.998860,0.000000,0.000000,0.000000,0.000000,0.000000,0.001140,0.000000,0.000000,0.000000,4,20260915-175736,kwh,56.019
C:\Users\josep\source\repos\AIOTED-digital\04_joe_lcd_20x32\1_main_dig4_20260915-180536.jpg,1,1,0.999895,0.000000,0.999895,0.000000,0.000000,0.000000,0.000000,0.000000,0.000105,0.000000,0.000000,0.000000,4,20260915-180536,kwh,55.382
C:\Users\josep\source\repos\AIOTED-digital\04_joe_lcd_20x32\1_main_dig4_20260915-181735.jpg,1,1,0.999082,0.000000,0.999082,0.000000,0.000000,0.000000,0.000000,0.000000,0.000918,0.000000,0.000000,0.000000,4,20260915-181735,kwh,55.792
C:\Users\josep\source\repos\AIOTED-digital\04_joe_lcd_20x32\1_main_dig4_20260915-182535.jpg,1,1,0.999125,0.000000,0.999125,0.000000,0.000000,0.000000,0.000000,0.000000,0.000875,0.000000,0.000000,0.000000,4,20260915-182535,kwh,56.658
C:\Users\josep\source\repos\AIOTED-digital\04_joe_lcd_20x32\1_main_dig4_20260915-183735.jpg,1,1,0.999882,0.000000,0.999882,0.000000,0.000000,0.000000,0.000000,0.000000,0.000118,0.000000,0.000000,0.000000,4,20260915-183735,kwh,55.234
C:\Users\josep\source\repos\AIOTED-digital\04_joe_lcd_20x32\1_main_dig4_20260915-191736.jpg,1,1,0.999437,0.000000,0.999437,0.000000,0.000000,0.000000,0.000000,0.000000,0.000563,0.000000,0.000000,0.000000,4,20260915-191736,kwh,56.358
C:\Users\josep\source\repos\AIOTED-digital\04_joe_lcd_20x32\1_main_dig4_20260915-192536.jpg,1,1,0.998746,0.000000,0.998746,0.000000,0.000000,0.000000,0.000000,0.000000,0.001254,0.000000,0.000000,0.000000,4,20260915-192536,kwh,54.864
C:\Users\josep\source\repos\AIOTED-digital\04_joe_lcd_20x32\1_main_dig4_20260915-193736.jpg,1,1,0.999278,0.000000,0.999278,0.000000,0.000000,0.000000,0.000000,0.000000,0.000721,0.000000,0.000000,0.000000,4,20260915-193736,kwh,55.980
C:\Users\josep\source\repos\AIOTED-digital\04_joe_lcd_20x32\1_main_dig4_20260915-195736.jpg,1,1,0.999234,0.000000,0.999234,0.000000,0.000000,0.000000,0.000000,0.000000,0.000766,0.000000,0.000000,0.000000,4,20260915-195736,kwh,56.167
C:\Users\josep\source\repos\AIOTED-digital\04_joe_lcd_20x32\1_main_dig4_20260915-202535.jpg,1,1,0.999628,0.000000,0.999628,0.000000,0.000000,0.000000,0.000000,0.000000,0.000372,0.000000,0.000000,0.000000,4,20260915-202535,kwh,57.044
C:\Users\josep\source\repos\AIOTED-digital\04_joe_lcd_20x32\1_main_dig4_20260915-215335.jpg,1,1,0.998695,0.000000,0.998695,0.000000,0.000000,0.000000,0.000000,0.000000,0.001304,0.000000,0.000000,0.000000,4,20260915-215335,kwh,55.876
C:\Users\josep\source\repos\AIOTED-digital\04_joe_lcd_20x32\1_main_dig4_20260915-215735.jpg,1,1,0.999740,0.000000,0.999740,0.000000,0.000000,0.000000,0.000000,0.000000,0.000260,0.000000,0.000000,0.000000,4,20260915-215735,kwh,57.146
C:\Users\josep\source\repos\AIOTED-digital\04_joe_lcd_20x32\1_main_dig4_20260915-223735.jpg,1,1,0.998886,0.000000,0.998886,0.000000,0.000000,0.000000,0.000000,0.000000,0.001114,0.000000,0.000000,0.000000,4,20260915-223735,kwh,57.039
C:\Users\josep\source\repos\AIOTED-digital\04_joe_lcd_20x32\1_main_dig4_20260915-231334.jpg,1,1,0.999394,0.000000,0.999394,0.000000,0.000000,0.000000,0.000000,0.000000,0.000605,0.000000,0.000000,0.000000,4,20260915-231334,kwh,56.398
C:\Users\josep\source\repos\AIOTED-digital\04_joe_lcd_20x32\1_main_dig4_20260915-232534.jpg,1,1,0.999251,0.000000,0.999251,0.000000,0.000000,0.000000,0.000000,0.000000,0.000749,0.000000,0.000000,0.000000,4,20260915-232534,kwh,54.808
C:\Users\josep\source\repos\AIOTED-digital\04_joe_lcd_20x32\1_main_dig4_20260915-233334.jpg,1,1,0.999902,0.000000,0.999902,0.000000,0.000000,0.000000,0.000000,0.000000,0.000098,0.000000,0.000000,0.000000,4,20260915-233334,kwh,57.268
C:\Users\josep\source\repos\AIOTED-digital\04_joe_lcd_20x32\1_main_dig5_20260802-132644.jpg,1,1,0.991178,0.000000,0.991178,0.000000,0.000002,0.000012,0.000000,0.000000,0.008806,0.000000,0.000000,0.000001,5,20260802-132644,kwh,132.515
C:\Users\josep\source\repos\AIOTED-digital\04_joe_lcd_20x32\1_main_dig5_20260802-140644.jpg,1,1,0.920555,0.000003,0.920555,0.000000,0.000035,0.000042,0.000000,0.000000,0.079360,0.000000,0.000003,0.000002,5,20260802-140644,kwh,132.734
C:\Users\josep\source\repos\AIOTED-digital\04_joe_lcd_20x32\1_main_dig5_20260802-144644.jpg,1,1,0.889815,0.000108,0.889815,0.000000,0.000139,0.000550,0.000003,0.000002,0.109206,0.000005,0.000020,0.000152,5,20260802-144644,kwh,139.530
C:\Users\josep\source\repos\AIOTED-digital\04_joe_lcd_20x32\1_main_dig5_20260802-152644.jpg,1,1,0.994069,0.000001,0.994069,0.000000,0.000008,0.000116,0.000000,0.000000,0.005795,0.000000,0.000000,0.000010,5,20260802-152644,kwh,135.461
C:\Users\josep\source\repos\AIOTED-digital\04_joe_lcd_20x32\1_main_dig5_20260802-160644.jpg,1,1,0.981668,0.000002,0.981668,0.000000,0.000025,0.000082,0.000000,0.000000,0.018213,0.000000,0.000002,0.000008,5,20260802-160644,kwh,132.491
C:\Users\josep\source\repos\AIOTED-digital\04_joe_lcd_20x32\1_main_dig5_20260827-032142.jpg,1,1,0.994841,0.000002,0.994841,0.000000,0.000105,0.001092,0.000000,0.000000,0.003938,0.000000,0.000017,0.000003,5,20260827-032142,kwh,63.121
C:\Users\josep\source\repos\AIOTED-digital\04_joe_lcd_20x32\1_main_dig5_20260827-042942.jpg,1,1,0.994152,0.000002,0.994152,0.000000,0.000184,0.000784,0.000000,0.000000,0.004863,0.000000,0.000012,0.000003,5,20260827-042942,kwh,63.411
C:\Users\josep\source\repos\AIOTED-digital\04_joe_lcd_20x32\1_main_dig5_20260827-063742.jpg,1,1,0.999561,0.000000,0.999561,0.000000,0.000007,0.000037,0.000000,0.000000,0.000395,0.000000,0.000000,0.000000,5,20260827-063742,kwh,57.349
C:\Users\josep\source\repos\AIOTED-digital\04_joe_lcd_20x32\1_main_dig5_20260827-064942.jpg,1,1,0.999923,0.000000,0.999923,0.000000,0.000000,0.000004,0.000000,0.000000,0.000072,0.000000,0.000000,0.000000,5,20260827-064942,kwh,56.037
C:\Users\josep\source\repos\AIOTED-digital\04_joe_lcd_20x32\1_main_dig5_20260827-065742.jpg,1,1,0.999906,0.000000,0.999906,0.000000,0.000000,0.000002,0.000000,0.000000,0.000093,0.000000,0.000000,0.000000,5,20260827-065742,kwh,55.806
C:\Users\josep\source\repos\AIOTED-digital\04_joe_lcd_20x32\1_main_dig5_20260827-070941.jpg,1,1,0.999998,0.000000,0.999998,0.000000,0.000000,0.000001,0.000000,0.000000,0.000001,0.000000,0.000000,0.000000,5,20260827-070941,kwh,57.832
C:\Users\josep\source\repos\AIOTED-digital\04_joe_lcd_20x32\1_main_dig5_20260827-071741.jpg,1,1,0.999989,0.000000,0.999989,0.000000,0.000000,0.000001,0.000000,0.000000,0.000010,0.000000,0.000000,0.000000,5,20260827-071741,kwh,56.979
C:\Users\josep\source\repos\AIOTED-digital\04_joe_lcd_20x32\1_main_dig5_20260827-072941.jpg,1,1,0.999997,0.000000,0.999997,0.000000,0.000000,0.000000,0.000000,0.000000,0.000003,0.000000,0.000000,0.000000,5,20260827-072941,kwh,58.646
C:\Users\josep\source\repos\AIOTED-digital\04_joe_lcd_20x32\1_main_dig5_20260827-073741.jpg,1,1,0.999999,0.000000,0.999999,0.000000,0.000000,0.000000,0.000000,0.000000,0.000001,0.000000,0.000000,0.000000,5,20260827-073741,kwh,58.990
C:\Users\josep\source\repos\AIOTED-digital\04_joe_lcd_20x32\1_main_dig5_20260827-074941.jpg,1,1,1.000000,0.000000,1.000000,0.000000,0.000000,0.000000,0.000000,0.000000,0.000000,0.000000,0.000000,0.000000,5,20260827-074941,kwh,68.230
C:\Users\josep\source\repos\AIOTED-digital\04_joe_lcd_20x32\1_main_dig5_20260827-075741.jpg,1,1,1.000000,0.000000,1.000000,0.000000,0.000000,0.000000,0.000000,0.000000,0.000000,0.000000,0.000000,0.000000,5,20260827-075741,kwh,69.361
C:\Users\josep\source\repos\AIOTED-digital\04_joe_lcd_20x32\1_main_dig5_20260827-080941.jpg,1,1,0.999999,0.000000,0.999999,0.000000,0.000000,0.000001,0.000000,0.000000,0.000000,0.000000,0.000000,0.000000,5,20260827-080941,kwh,69.945
C:\Users\josep\source\repos\AIOTED-digital\04_joe_lcd_20x32\1_main_dig5_20260827-081740.jpg,1,1,1.000000,0.000000,1.000000,0.000000,0.000000,0.000000,0.000000,0.000000,0.000000,0.000000,0.000000,0.000000,5,20260827-081740,kwh,70.891
C:\Users\josep\source\repos\AIOTED-digital\04_joe_lcd_20x32\1_main_dig5_20260827-082940.jpg,1,1,1.000000,0.000000,1.000000,0.000000,0.000000,0.000000,0.000000,0.000000,0.000000,0.000000,0.000000,0.000000,5,20260827-082940,kwh,69.872
C:\Users\josep\source\repos\AIOTED-digital\04_joe_lcd_20x32\1_main_dig5_20260827-083740.jpg,1,1,1.000000,0.000000,1.000000,0.000000,0.000000,0.000000,0.000000,0.000000,0.000000,0.000000,0.000000,0.000000,5,20260827-083740,kwh,72.579
C:\Users\josep\source\repos\AIOTED-digital\04_joe_lcd_20x32\1_main_dig5_20260827-084940.jpg,1,1,1.000000,0.000000,1.000000,0.000000,0.000000,0.000000,0.000000,0.000000,0.000000,0.000000,0.000000,0.000000,5,20260827-084940,kwh,70.940
C:\Users\josep\source\repos\AIOTED-digital\04_joe_lcd_20x32\1_main_dig5_20260906-131125.jpg,1,1,0.999566,0.000001,0.999566,0.000000,0.000001,0.000060,0.000000,0.000000,0.000369,0.000000,0.000000,0.000003,5,20260906-131125,kwh,68.327
C:\Users\josep\source\repos\AIOTED-digital\04_joe_lcd_20x32\1_main_dig5_20260906-135125.jpg,1,1,0.997986,0.000007,0.997986,0.000000,0.000001,0.000029,0.000000,0.000000,0.001974,0.000000,0.000000,0.000003,5,20260906-135125,kwh,60.018
C:\Users\josep\source\repos\AIOTED-digital\04_joe_lcd_20x32\1_main_dig5_20260906-140325.jpg,1,1,0.998307,0.000002,0.998307,0.000000,0.000002,0.000037,0.000000,0.000000,0.001649,0.000000,0.000000,0.000003,5,20260906-140325,kwh,62.972
C:\Users\josep\source\repos\AIOTED-digital\04_joe_lcd_20x32\1_main_dig5_20260906-143125.jpg,1,1,0.999486,0.000001,0.999486,0.000000,0.000000,0.000020,0.000000,0.000000,0.000492,0.000000,0.000000,0.000001,5,20260906-143125,kwh,60.377
C:\Users\josep\source\repos\AIOTED-digital\04_joe_lcd_20x32\1_main_dig5_20260906-153125.jpg,1,1,0.993757,0.000006,0.993757,0.000000,0.000003,0.000017,0.000000,0.000000,0.006214,0.000000,0.000000,0.000002,5,20260906-153125,kwh,58.754
C:\Users\josep\source\repos\AIOTED-digital\04_joe_lcd_20x32\1_main_dig5_20260906-163125.jpg,1,1,0.999201,0.000000,0.999201,0.000000,0.000000,0.000005,0.000000,0.000000,0.000794,0.000000,0.000000,0.000000,5,20260906-163125,kwh,50.163
C:\Users\josep\source\repos\AIOTED-digital\04_joe_lcd_20x32\1_main_dig5_20260906-165125.jpg,1,1,0.997659,0.000000,0.997659,0.000000,0.000002,0.000010,0.000000,0.000000,0.002329,0.000000,0.000000,0.000000,5,20260906-165125,kwh,50.088
C:\Users\josep\source\repos\AIOTED-digital\04_joe_lcd_20x32\1_main_dig5_20260906-165925.jpg,1,1,0.999181,0.000000,0.999181,0.000000,0.000000,0.000021,0.000000,0.000000,0.000797,0.000000,0.000000,0.000000,5,20260906-165925,kwh,50.942
C:\Users\josep\source\repos\AIOTED-digital\04_joe_lcd_20x32\1_main_dig5_20260906-170325.jpg,1,1,0.995241,0.000000,0.995241,0.000000,0.000003,0.000011,0.000000,0.000000,0.004745,0.000000,0.000000,0.000000,5,20260906-170325,kwh,50.329
C:\Users\josep\source\repos\AIOTED-digital\04_joe_lcd_20x32\1_main_dig5_20260906-171125.jpg,1,1,0.997852,0.000000,0.997852,0.000000,0.000002,0.000020,0.000000,0.000000,0.002126,0.000000,0.000000,0.000000,5,20260906-171125,kwh,49.150
C:\Users\josep\source\repos\AIOTED-digital\04_joe_lcd_20x32\1_main_dig5_20260906-171925.jpg,1,1,0.996013,0.000000,0.996013,0.000000,0.000004,0.000023,0.000000,0.000000,0.003959,0.000000,0.000000,0.000000,5,20260906-171925,kwh,50.024
C:\Users\josep\source\repos\AIOTED-digital\04_joe_lcd_20x32\1_main_dig5_20260906-172325.jpg,1,1,0.992484,0.000001,0.992484,0.000000,0.000048,0.000063,0.000000,0.000000,0.007403,0.000000,0.000000,0.000001,5,20260906-172325,kwh,48.925
C:\Users\josep\source\repos\AIOTED-digital\04_joe_lcd_20x32\1_main_dig6_20260802-075844.jpg,1,1,0.999957,0.000000,0.999957,0.000000,0.000000,0.000014,0.000000,0.000000,0.000028,0.000000,0.000000,0.000001,6,20260802-075844,kwh,67.893
C:\Users\josep\source\repos\AIOTED-digital\04_joe_lcd_20x32\1_main_dig6_20260802-180010.jpg,1,1,0.998666,0.000001,0.998666,0.000000,0.000000,0.000044,0.000000,0.000000,0.001285,0.000000,0.000000,0.000004,6,20260802-180010,kwh,62.635
C:\Users\josep\source\repos\AIOTED-digital\04_joe_lcd_20x32\1_main_dig6_20260802-223610.jpg,1,2,0.488605,0.002499,0.063483,0.488605,0.073121,0.000896,0.001842,0.000805,0.183721,0.002473,0.000809,0.181745,6,20260802-223610,kwh,36.331
C:\Users\josep\source\repos\AIOTED-digital\04_joe_lcd_20x32\1_main_dig6_20260802-224810.jpg,1,2,0.493156,0.004295,0.063271,0.493156,0.092466,0.001407,0.002771,0.001081,0.207411,0.003127,0.001760,0.129256,6,20260802-224810,kwh,36.026
C:\Users\josep\source\repos\AIOTED-digital\04_joe_lcd_20x32\1_main_dig6_20260802-225610.jpg,1,2,0.399491,0.002347,0.058318,0.399491,0.108114,0.000637,0.002533,0.001140,0.275303,0.002306,0.000616,0.149195,6,20260802-225610,kwh,35.577
C:\Users\josep\source\repos\AIOTED-digital\04_joe_lcd_20x32\1_main_dig6_20260802-230810.jpg,1,2,0.586433,0.001551,0.030971,0.586433,0.066413,0.000296,0.001079,0.000431,0.191715,0.001125,0.000461,0.119524,6,20260802-230810,kwh,35.738
C:\Users\josep\source\repos\AIOTED-digital\04_joe_lcd_20x32\1_main_dig6_20260807-070813.jpg,1,1,0.999981,0.000000,0.999981,0.000000,0.000000,0.000001,0.000000,0.000000,0.000018,0.000000,0.000000,0.000000,6,20260807-070813,kwh,35.896
C:\Users\josep\source\repos\AIOTED-digital\04_joe_lcd_20x32\1_main_dig6_20260819-081356.jpg,1,1,0.999997,0.000000,0.999997,0.000000,0.000000,0.000003,0.000000,0.000000,0.000001,0.000000,0.000000,0.000000,6,20260819-081356,kwh,72.918
C:\Users\josep\source\repos\AIOTED-digital\04_joe_lcd_20x32\1_main_dig6_20260819-082556.jpg,1,1,0.999881,0.000000,0.999881,0.000000,0.000000,0.000106,0.000000,0.000000,0.000013,0.000000,0.000000,0.000000,6,20260819-082556,kwh,75.795
C:\Users\josep\source\repos\AIOTED-digital\04_joe_lcd_20x32\1_main_dig6_20260819-171355.jpg,1,1,1.000000,0.000000,1.000000,0.000000,0.000000,0.000000,0.000000,0.000000,0.000000,0.000000,0.000000,0.000000,6,20260819-171355,kwh,39.343
C:\Users\josep\source\repos\AIOTED-digital\04_joe_lcd_20x32\1_main_dig6_20260819-230955.jpg,1,1,0.977948,0.000240,0.977948,0.000058,0.002340,0.001735,0.000033,0.000015,0.017307,0.000078,0.000100,0.000146,6,20260819-230955,kwh,26.212
C:\Users\josep\source\repos\AIOTED-digital\04_joe_lcd_20x32\1_main_dig6_20260819-231355.jpg,1,1,0.989357,0.000142,0.989357,0.000019,0.000922,0.003601,0.000023,0.000010,0.005701,0.000052,0.000103,0.000070,6,20260819-231355,kwh,28.903
C:\Users\josep\source\repos\AIOTED-digital\04_joe_lcd_20x32\1_main_dig6_20260819-232155.jpg,1,1,0.993384,0.000036,0.993384,0.000009,0.000705,0.001133,0.000011,0.000003,0.004641,0.000012,0.000036,0.000030,6,20260819-232155,kwh,29.286
C:\Users\josep\source\repos\AIOTED-digital\04_joe_lcd_20x32\1_main_dig6_20260827-094941.jpg,1,1,0.892152,0.000209,0.892152,0.000050,0.000459,0.045262,0.000031,0.000056,0.025311,0.000029,0.000029,0.036411,6,20260827-094941,kwh,79.918
C:\Users\josep\source\repos\AIOTED-digital\04_joe_lcd_20x32\1_main_dig6_20260827-180541.jpg,1,1,0.999999,0.000000,0.999999,0.000000,0.000000,0.000000,0.000000,0.000000,0.000001,0.000000,0.000000,0.000000,6,20260827-180541,kwh,33.952
C:\Users\josep\source\repos\AIOTED-digital\04_joe_lcd_20x32\1_main_dig6_20260906-134325.jpg,1,1,0.999997,0.000000,0.999997,0.000000,0.000000,0.000002,0.000000,0.000000,0.000001,0.000000,0.000000,0.000000,6,20260906-134325,kwh,62.086
C:\Users\josep\source\repos\AIOTED-digital\04_joe_lcd_20x32\1_main_dig6_20260906-175925.jpg,1,1,0.999253,0.000002,0.999253,0.000000,0.000000,0.000029,0.000000,0.000000,0.000716,0.000000,0.000000,0.000000,6,20260906-175925,kwh,20.754
C:\Users\josep\source\repos\AIOTED-digital\04_joe_lcd_20x32\1_main_dig6_20260906-181125.jpg,1,1,0.999927,0.000001,0.999927,0.000000,0.000000,0.000013,0.000000,0.000000,0.000059,0.000000,0.000000,0.000000,6,20260906-181125,kwh,21.093
C:\Users\josep\source\repos\AIOTED-digital\04_joe_lcd_20x32\1_main_dig6_20260907-040723.jpg,1,1,0.979964,0.000191,0.979964,0.000451,0.003482,0.006517,0.000028,0.000012,0.008615,0.000109,0.000231,0.000400,6,20260907-040723,kwh,25.422
C:\Users\josep\source\repos\AIOTED-digital\04_joe_lcd_20x32\1_main_dig6_20260907-154723.jpg,1,1,0.999959,0.000000,0.999959,0.000000,0.000000,0.000001,0.000000,0.000000,0.000039,0.000000,0.000000,0.000000,6,20260907-154723,kwh,52.662
C:\Users\josep\source\repos\AIOTED-digital\04_joe_lcd_20x32\1_main_dig6_20260907-192323.jpg,1,1,0.978484,0.000100,0.978484,0.000217,0.004772,0.004120,0.000015,0.000004,0.011736,0.000052,0.000168,0.000331,6,20260907-192323,kwh,25.250
C:\Users\josep\source\repos\AIOTED-digital\04_joe_lcd_20x32\1_main_dig6_20260907-194323.jpg,1,1,0.993393,0.000034,0.993393,0.000012,0.000388,0.002882,0.000002,0.000000,0.003191,0.000007,0.000036,0.000053,6,20260907-194323,kwh,21.007
C:\Users\josep\source\repos\AIOTED-digital\04_joe_lcd_20x32\1_main_dig6_20260911-022000.jpg,1,1,0.961152,0.000238,0.961152,0.000495,0.006663,0.006702,0.000060,0.000012,0.022911,0.000087,0.000442,0.001238,6,20260911-022000,kwh,25.037
C:\Users\josep\source\repos\AIOTED-digital\04_joe_lcd_20x32\1_main_dig6_20260911-024800.jpg,1,1,0.956967,0.000521,0.956967,0.000647,0.008141,0.017045,0.000236,0.000061,0.013977,0.000313,0.001214,0.000876,6,20260911-024800,kwh,25.936
C:\Users\josep\source\repos\AIOTED-digital\04_joe_lcd_20x32\1_main_dig6_20260911-113229.jpg,1,1,0.999790,0.000001,0.999790,0.000000,0.000000,0.000022,0.000000,0.000000,0.000186,0.000000,0.000000,0.000000,6,20260911-113229,kwh,64.544
C:\Users\josep\source\repos\AIOTED-digital\04_joe_lcd_20x32\1_main_dig6_20260911-195228.jpg,1,1,0.994473,0.000072,0.994473,0.000007,0.000146,0.000542,0.000001,0.000001,0.004719,0.000008,0.000010,0.000021,6,20260911-195228,kwh,19.695
C:\Users\josep\source\repos\AIOTED-digital\04_joe_lcd_20x32\1_main_dig6_20260915-130936.jpg,1,1,0.999949,0.000000,0.999949,0.000000,0.000000,0.000002,0.000000,0.000000,0.000049,0.000000,0.000000,0.000000,6,20260915-130936,kwh,62.164
C:\Users\josep\source\repos\AIOTED-digital\04_joe_lcd_20x32\1_main_dig6_20260915-131736.jpg,1,1,0.999849,0.000000,0.999849,0.000000,0.000000,0.000004,0.000000,0.000000,0.000146,0.000000,0.000000,0.000000,6,20260915-131736,kwh,63.409
C:\Users\josep\source\repos\AIOTED-digital\04_joe_lcd_20x32\1_main_dig6_20260915-183735.jpg,1,1,0.993008,0.000091,0.993008,0.000000,0.000005,0.000039,0.000000,0.000000,0.006854,0.000001,0.000000,0.000002,6,20260915-183735,kwh,18.341
C:\Users\josep\source\repos\AIOTED-digital\04_joe_lcd_20x32\1_main_dig6_20260915-184535.jpg,1,1,0.956896,0.000577,0.956896,0.000005,0.000334,0.000197,0.000001,0.000001,0.041940,0.000018,0.000014,0.000017,6,20260915-184535,kwh,17.643
C:\Users\josep\source\repos\AIOTED-digital\04_joe_lcd_20x32\1_main_dig6_20260928-003442.jpg,1,1,0.908489,0.000260,0.908489,0.001638,0.023709,0.000843,0.000014,0.000007,0.064569,0.000122,0.000168,0.000181,6,20260928-003442,kwh,26.615
C:\Users\josep\source\repos\AIOTED-digital\04_joe_lcd_20x32\1_main_dig6_20260928-011442.jpg,1,1,0.808824,0.000730,0.808824,0.006289,0.088263,0.002437,0.000167,0.000093,0.091108,0.000578,0.000663,0.000848,6,20260928-011442,kwh,26.754
C:\Users\josep\source\repos\AIOTED-digital\04_joe_lcd_20x32\1_main_dig6_20260928-020641.jpg,1,1,0.706841,0.001452,0.706841,0.016209,0.100884,0.000978,0.000145,0.000119,0.170705,0.000945,0.000477,0.001245,6,20260928-020641,kwh,25.555
C:\Users\josep\source\repos\AIOTED-digital\04_joe_lcd_20x32\1_main_dig6_20260928-122241.jpg,1,1,0.999982,0.000000,0.999982,0.000000,0.000000,0.000000,0.000000,0.000000,0.000018,0.000000,0.000000,0.000000,6,20260928-122241,kwh,70.900
C:\Users\josep\source\repos\AIOTED-digital\04_joe_lcd_20x32\2_main_dig5_20260802-172810.jpg,2,2,1.000000,0.000000,0.000000,1.000000,0.000000,0.000000,0.000000,0.000000,0.000000,0.000000,0.000000,0.000000,5,20260802-172810,kwh,102.806
C:\Users\josep\source\repos\AIOTED-digital\04_joe_lcd_20x32\2_main_dig5_20260802-201610.jpg,2,2,0.997904,0.000000,0.000000,0.997904,0.001694,0.000000,0.000000,0.000000,0.000399,0.000002,0.000000,0.000001,5,20260802-201610,kwh,40.296
C:\Users\josep\source\repos\AIOTED-digital\04_joe_lcd_20x32\2_main_dig5_20260802-202010.jpg,2,2,0.999039,0.000000,0.000000,0.999039,0.000813,0.000000,0.000000,0.000000,0.000146,0.000001,0.000000,0.000001,5,20260802-202010,kwh,39.858
C:\Users\josep\source\repos\AIOTED-digital\04_joe_lcd_20x32\2_main_dig5_20260802-202810.jpg,2,2,0.996842,0.000000,0.000000,0.996842,0.002627,0.000000,0.000000,0.000000,0.000527,0.000002,0.000000,0.000002,5,20260802-202810,kwh,43.300
C:\Users\josep\source\repos\AIOTED-digital\04_joe_lcd_20x32\2_main_dig5_20260802-203610.jpg,2,2,0.987720,0.000000,0.000000,0.987720,0.011129,0.000000,0.000000,0.000000,0.001143,0.000003,0.000000,0.000003,5,20260802-203610,kwh,42.287
C:\Users\josep\source\repos\AIOTED-digital\04_joe_lcd_20x32\2_main_dig5_20260802-204010.jpg,2,2,0.994527,0.000000,0.000000,0.994527,0.004794,0.000000,0.000000,0.000000,0.000676,0.000001,0.000000,0.000002,5,20260802-204010,kwh,43.177
C:\Users\josep\source\repos\AIOTED-digital\04_joe_lcd_20x32\2_main_dig5_20260802-204810.jpg,2,2,0.968936,0.000002,0.000002,0.968936,0.022511,0.000000,0.000000,0.000000,0.008526,0.000008,0.000000,0.000014,5,20260802-204810,kwh,47.781
C:\Users\josep\source\repos\AIOTED-digital\04_joe_lcd_20x32\2_main_dig5_20260802-205610.jpg,2,2,0.965176,0.000001,0.000002,0.965176,0.029186,0.000000,0.000000,0.000000,0.005604,0.000009,0.000000,0.000021,5,20260802-205610,kwh,48.072
C:\Users\josep\source\repos\AIOTED-digital\04_joe_lcd_20x32\2_main_dig5_20260802-210810.jpg,2,2,0.648023,0.000005,0.000012,0.648023,0.297549,0.000000,0.000000,0.000000,0.054373,0.000020,0.000000,0.000018,5,20260802-210810,kwh,48.189
C:\Users\josep\source\repos\AIOTED-digital\04_joe_lcd_20x32\2_main_dig5_20260802-211610.jpg,2,2,0.911087,0.000001,0.000002,0.911087,0.081873,0.000000,0.000000,0.000001,0.006987,0.000020,0.000000,0.000030,5,20260802-211610,kwh,48.448
C:\Users\josep\source\repos\AIOTED-digital\04_joe_lcd_20x32\2_main_dig5_20260827-093741.jpg,2,2,1.000000,0.000000,0.000000,1.000000,0.000000,0.000000,0.000000,0.000000,0.000000,0.000000,0.000000,0.000000,5,20260827-093741,kwh,74.804
C:\Users\josep\source\repos\AIOTED-digital\04_joe_lcd_20x32\2_main_dig5_20260827-100941.jpg,2,2,1.000000,0.000000,0.000000,1.000000,0.000000,0.000000,0.000000,0.000000,0.000000,0.000000,0.000000,0.000000,5,20260827-100941,kwh,74.396
C:\Users\josep\source\repos\AIOTED-digital\04_joe_lcd_20x32\2_main_dig5_20260827-102941.jpg,2,2,1.000000,0.000000,0.000000,1.000000,0.000000,0.000000,0.000000,0.000000,0.000000,0.000000,0.000000,0.000000,5,20260827-102941,kwh,70.429
C:\Users\josep\source\repos\AIOTED-digital\04_joe_lcd_20x32\2_main_dig5_20260827-111741.jpg,2,2,1.000000,0.000000,0.000000,1.000000,0.000000,0.000000,0.000000,0.000000,0.000000,0.000000,0.000000,0.000000,5,20260827-111741,kwh,71.848
C:\Users\josep\source\repos\AIOTED-digital\04_joe_lcd_20x32\2_main_dig5_20260827-115741.jpg,2,2,1.000000,0.000000,0.000000,1.000000,0.000000,0.000000,0.000000,0.000000,0.000000,0.000000,0.000000,0.000000,5,20260827-115741,kwh,75.878
C:\Users\josep\source\repos\AIOTED-digital\04_joe_lcd_20x32\2_main_dig5_20260827-133741.jpg,2,2,1.000000,0.000000,0.000000,1.000000,0.000000,0.000000,0.000000,0.000000,0.000000,0.000000,0.000000,0.000000,5,20260827-133741,kwh,67.847
C:\Users\josep\source\repos\AIOTED-digital\04_joe_lcd_20x32\2_main_dig5_20260827-134541.jpg,2,2,1.000000,0.000000,0.000000,1.000000,0.000000,0.000000,0.000000,0.000000,0.000000,0.000000,0.000000,0.000000,5,20260827-134541,kwh,86.316
C:\Users\josep\source\repos\AIOTED-digital\04_joe_lcd_20x32\2_main_dig5_20260906-173125.jpg,2,2,1.000000,0.000000,0.000000,1.000000,0.000000,0.000000,0.000000,0.000000,0.000000,0.000000,0.000000,0.000000,5,20260906-173125,kwh,47.060
C:\Users\josep\source\repos\AIOTED-digital\04_joe_lcd_20x32\2_main_dig5_20260906-174325.jpg,2,2,1.000000,0.000000,0.000000,1.000000,0.000000,0.000000,0.000000,0.000000,0.000000,0.000000,0.000000,0.000000,5,20260906-174325,kwh,48.655
C:\Users\josep\source\repos\AIOTED-digital\04_joe_lcd_20x32\2_main_dig5_20260906-175925.jpg,2,2,1.000000,0.000000,0.000000,1.000000,0.000000,0.000000,0.000000,0.000000,0.000000,0.000000,0.000000,0.000000,5,20260906-175925,kwh,48.131
C:\Users\josep\source\repos\AIOTED-digital\04_joe_lcd_20x32\2_main_dig5_20260906-181125.jpg,2,2,1.000000,0.000000,0.000000,1.000000,0.000000,0.000000,0.000000,0.000000,0.000000,0.000000,0.000000,0.000000,5,20260906-181125,kwh,49.450
C:\Users\josep\source\repos\AIOTED-digital\04_joe_lcd_20x32\2_main_dig5_20260906-183125.jpg,2,2,1.000000,0.000000,0.000000,1.000000,0.000000,0.000000,0.000000,0.000000,0.000000,0.000000,0.000000,0.000000,5,20260906-183125,kwh,49.283
C:\Users\josep\source\repos\AIOTED-digital\04_joe_lcd_20x32\2_main_dig5_20260906-183925.jpg,2,2,1.000000,0.000000,0.000000,1.000000,0.000000,0.000000,0.000000,0.000000,0.000000,0.000000,0.000000,0.000000,5,20260906-183925,kwh,49.783
C:\Users\josep\source\repos\AIOTED-digital\04_joe_lcd_20x32\2_main_dig5_20260906-185125.jpg,2,2,1.000000,0.000000,0.000000,1.000000,0.000000,0.000000,0.000000,0.000000,0.000000,0.000000,0.000000,0.000000,5,20260906-185125,kwh,49.440
C:\Users\josep\source\repos\AIOTED-digital\04_joe_lcd_20x32\2_main_dig5_20260906-191124.jpg,2,2,0.999998,0.000000,0.000000,0.999998,0.000001,0.000000,0.000000,0.000000,0.000001,0.000000,0.000000,0.000000,5,20260906-191124,kwh,54.727
C:\Users\josep\source\repos\AIOTED-digital\04_joe_lcd_20x32\2_main_dig5_20260906-195924.jpg,2,2,0.999997,0.000000,0.000000,0.999997,0.000001,0.000000,0.000000,0.000000,0.000002,0.000000,0.000000,0.000000,5,20260906-195924,kwh,56.717
C:\Users\josep\source\repos\AIOTED-digital\04_joe_lcd_20x32\2_main_dig5_20260906-201924.jpg,2,2,0.999998,0.000000,0.000000,0.999998,0.000001,0.000000,0.000000,0.000000,0.000000,0.000000,0.000000,0.000000,5,20260906-201924,kwh,58.317
C:\Users\josep\source\repos\AIOTED-digital\04_joe_lcd_20x32\2_main_dig5_20260906-203124.jpg,2,2,1.000000,0.000000,0.000000,1.000000,0.000000,0.000000,0.000000,0.000000,0.000000,0.000000,0.000000,0.000000,5,20260906-203124,kwh,59.088
C:\Users\josep\source\repos\AIOTED-digital\04_joe_lcd_20x32\2_main_dig5_20260906-213924.jpg,2,2,0.999999,0.000000,0.000000,0.999999,0.000000,0.000000,0.000000,0.000000,0.000000,0.000000,0.000000,0.000000,5,20260906-213924,kwh,57.287
C:\Users\josep\source\repos\AIOTED-digital\04_joe_lcd_20x32\2_main_dig5_20260906-215924.jpg,2,2,0.999997,0.000000,0.000000,0.999997,0.000001,0.000000,0.000000,0.000000,0.000001,0.000000,0.000000,0.000000,5,20260906-215924,kwh,58.122
C:\Users\josep\source\repos\AIOTED-digital\04_joe_lcd_20x32\2_main_dig5_20260906-225124.jpg,2,2,0.999999,0.000000,0.000000,0.999999,0.000000,0.000000,0.000000,0.000000,0.000000,0.000000,0.000000,0.000000,5,20260906-225124,kwh,59.058
C:\Users\josep\source\repos\AIOTED-digital\04_joe_lcd_20x32\2_main_dig5_20260906-233924.jpg,2,2,0.999995,0.000000,0.000000,0.999995,0.000002,0.000000,0.000000,0.000000,0.000003,0.000000,0.000000,0.000000,5,20260906-233924,kwh,58.328
C:\Users\josep\source\repos\AIOTED-digital\04_joe_lcd_20x32\2_main_dig5_20260906-235124.jpg,2,2,0.999997,0.000000,0.000000,0.999997,0.000001,0.000000,0.000000,0.000000,0.000001,0.000000,0.000000,0.000000,5,20260906-235124,kwh,59.267
C:\Users\josep\source\repos\AIOTED-digital\04_joe_lcd_20x32\2_main_dig5_20260907-001124.jpg,2,2,0.999995,0.000000,0.000000,0.999995,0.000003,0.000000,0.000000,0.000000,0.000001,0.000000,0.000000,0.000000,5,20260907-001124,kwh,58.639
C:\Users\josep\source\repos\AIOTED-digital\04_joe_lcd_20x32\2_main_dig5_20260907-001924.jpg,2,2,0.999996,0.000000,0.000000,0.999996,0.000002,0.000000,0.000000,0.000000,0.000002,0.000000,0.000000,0.000000,5,20260907-001924,kwh,58.759
C:\Users\josep\source\repos\AIOTED-digital\04_joe_lcd_20x32\2_main_dig5_20260907-003124.jpg,2,2,0.999985,0.000000,0.000000,0.999985,0.000004,0.000000,0.000000,0.000000,0.000010,0.000000,0.000000,0.000000,5,20260907-003124,kwh,58.602
C:\Users\josep\source\repos\AIOTED-digital\04_joe_lcd_20x32\2_main_dig5_20260907-003924.jpg,2,2,0.999995,0.000000,0.000000,0.999995,0.000002,0.000000,0.000000,0.000000,0.000003,0.000000,0.000000,0.000000,5,20260907-003924,kwh,58.040
C:\Users\josep\source\repos\AIOTED-digital\04_joe_lcd_20x32\2_main_dig5_20260907-005124.jpg,2,2,0.999994,0.000000,0.000000,0.999994,0.000002,0.000000,0.000000,0.000000,0.000003,0.000000,0.000000,0.000000,5,20260907-005124,kwh,58.626
C:\Users\josep\source\repos\AIOTED-digital\04_joe_lcd_20x32\2_main_dig5_20260907-005924.jpg,2,2,0.999993,0.000000,0.000000,0.999993,0.000003,0.000000,0.000000,0.000000,0.000003,0.000001,0.000000,0.000000,5,20260907-005924,kwh,58.741
C:\Users\josep\source\repos\AIOTED-digital\04_joe_lcd_20x32\2_main_dig5_20260907-010724.jpg,2,2,0.999999,0.000000,0.000000,0.999999,0.000001,0.000000,0.000000,0.000000,0.000001,0.000000,0.000000,0.000000,5,20260907-010724,kwh,58.542
C:\Users\josep\source\repos\AIOTED-digital\04_joe_lcd_20x32\2_main_dig5_20260907-011124.jpg,2,2,1.000000,0.000000,0.000000,1.000000,0.000000,0.000000,0.000000,0.000000,0.000000,0.000000,0.000000,0.000000,5,20260907-011124,kwh,58.879
C:\Users\josep\source\repos\AIOTED-digital\04_joe_lcd_20x32\2_main_dig5_20260907-011924.jpg,2,2,0.999998,0.000000,0.000000,0.999998,0.000001,0.000000,0.000000,0.000000,0.000001,0.000000,0.000000,0.000000,5,20260907-011924,kwh,58.317
C:\Users\josep\source\repos\AIOTED-digital\04_joe_lcd_20x32\2_main_dig5_20260907-012724.jpg,2,2,0.999997,0.000000,0.000000,0.999997,0.000001,0.000000,0.000000,0.000000,0.000001,0.000000,0.000000,0.000000,5,20260907-012724,kwh,59.118
C:\Users\josep\source\repos\AIOTED-digital\04_joe_lcd_20x32\2_main_dig5_20260907-013124.jpg,2,2,0.999993,0.000000,0.000000,0.999993,0.000004,0.000000,0.000000,0.000000,0.000002,0.000000,0.000000,0.000000,5,20260907-013124,kwh,57.142
C:\Users\josep\source\repos\AIOTED-digital\04_joe_lcd_20x32\2_main_dig6_20260802-082644.jpg,2,2,0.998770,0.000000,0.000000,0.998770,0.000863,0.000000,0.000000,0.000000,0.000083,0.000007,0.000000,0.000275,6,20260802-082644,kwh,69.245
C:\Users\josep\source\repos\AIOTED-digital\04_joe_lcd_20x32\2_main_dig6_20260802-142644.jpg,2,2,1.000000,0.000000,0.000000,1.000000,0.000000,0.000000,0.000000,0.000000,0.000000,0.000000,0.000000,0.000000,6,20260802-142644,kwh,132.059
C:\Users\josep\source\repos\AIOTED-digital\04_joe_lcd_20x32\2_main_dig6_20260819-133356.jpg,2,2,1.000000,0.000000,0.000000,1.000000,0.000000,0.000000,0.000000,0.000000,0.000000,0.000000,0.000000,0.000000,6,20260819-133356,kwh,72.208
C:\Users\josep\source\repos\AIOTED-digital\04_joe_lcd_20x32\2_main_dig6_20260819-134556.jpg,2,2,1.000000,0.000000,0.000000,1.000000,0.000000,0.000000,0.000000,0.000000,0.000000,0.000000,0.000000,0.000000,6,20260819-134556,kwh,68.526
C:\Users\josep\source\repos\AIOTED-digital\04_joe_lcd_20x32\2_main_dig6_20260819-172155.jpg,2,2,1.000000,0.000000,0.000000,1.000000,0.000000,0.000000,0.000000,0.000000,0.000000,0.000000,0.000000,0.000000,6,20260819-172155,kwh,40.904
C:\Users\josep\source\repos\AIOTED-digital\04_joe_lcd_20x32\2_main_dig6_20260819-173355.jpg,2,2,1.000000,0.000000,0.000000,1.000000,0.000000,0.000000,0.000000,0.000000,0.000000,0.000000,0.000000,0.000000,6,20260819-173355,kwh,39.122
C:\Users\josep\source\repos\AIOTED-digital\04_joe_lcd_20x32\2_main_dig6_20260827-000142.jpg,2,2,0.983969,0.000007,0.000027,0.983969,0.004585,0.000000,0.000000,0.000001,0.007125,0.000012,0.000002,0.004271,6,20260827-000142,kwh,29.821
C:\Users\josep\source\repos\AIOTED-digital\04_joe_lcd_20x32\2_main_dig6_20260827-000942.jpg,2,2,0.984946,0.000006,0.000027,0.984946,0.007430,0.000000,0.000000,0.000001,0.006579,0.000017,0.000001,0.000992,6,20260827-000942,kwh,30.812
C:\Users\josep\source\repos\AIOTED-digital\04_joe_lcd_20x32\2_main_dig6_20260827-103741.jpg,2,2,1.000000,0.000000,0.000000,1.000000,0.000000,0.000000,0.000000,0.000000,0.000000,0.000000,0.000000,0.000000,6,20260827-103741,kwh,89.843
C:\Users\josep\source\repos\AIOTED-digital\04_joe_lcd_20x32\2_main_dig6_20260827-145741.jpg,2,2,1.000000,0.000000,0.000000,1.000000,0.000000,0.000000,0.000000,0.000000,0.000000,0.000000,0.000000,0.000000,6,20260827-145741,kwh,63.188
C:\Users\josep\source\repos\AIOTED-digital\04_joe_lcd_20x32\2_main_dig6_20260827-182541.jpg,2,2,1.000000,0.000000,0.000000,1.000000,0.000000,0.000000,0.000000,0.000000,0.000000,0.000000,0.000000,0.000000,6,20260827-182541,kwh,38.621
C:\Users\josep\source\repos\AIOTED-digital\04_joe_lcd_20x32\2_main_dig6_20260906-083456.jpg,2,2,1.000000,0.000000,0.000000,1.000000,0.000000,0.000000,0.000000,0.000000,0.000000,0.000000,0.000000,0.000000,6,20260906-083456,kwh,68.640
C:\Users\josep\source\repos\AIOTED-digital\04_joe_lcd_20x32\2_main_dig6_20260906-181925.jpg,2,2,1.000000,0.000000,0.000000,1.000000,0.000000,0.000000,0.000000,0.000000,0.000000,0.000000,0.000000,0.000000,6,20260906-181925,kwh,24.093
C:\Users\josep\source\repos\AIOTED-digital\04_joe_lcd_20x32\2_main_dig6_20260906-183925.jpg,2,2,1.000000,0.000000,0.000000,1.000000,0.000000,0.000000,0.000000,0.000000,0.000000,0.000000,0.000000,0.000000,6,20260906-183925,kwh,23.783
C:\Users\josep\source\repos\AIOTED-digital\04_joe_lcd_20x32\2_main_dig6_20260906-185125.jpg,2,3,0.987673,0.000000,0.000003,0.000157,0.987673,0.000000,0.000000,0.000000,0.012123,0.000006,0.000038,0.000001,6,20260906-185125,kwh,21.876
C:\Users\josep\source\repos\AIOTED-digital\04_joe_lcd_20x32\2_main_dig6_20260906-185925.jpg,2,3,0.965856,0.000001,0.000005,0.000127,0.965856,0.000000,0.000000,0.000000,0.033959,0.000005,0.000046,0.000001,6,20260906-185925,kwh,19.979
C:\Users\josep\source\repos\AIOTED-digital\04_joe_lcd_20x32\2_main_dig6_20260907-044724.jpg,2,2,0.984969,0.000236,0.000399,0.984969,0.006257,0.000000,0.000003,0.000024,0.007448,0.000424,0.000004,0.000236,6,20260907-044724,kwh,25.570
C:\Users\josep\source\repos\AIOTED-digital\04_joe_lcd_20x32\2_main_dig6_20260907-045924.jpg,2,2,0.986682,0.000112,0.000467,0.986682,0.006711,0.000001,0.000002,0.000012,0.005523,0.000177,0.000006,0.000308,6,20260907-045924,kwh,25.868
C:\Users\josep\source\repos\AIOTED-digital\04_joe_lcd_20x32\2_main_dig6_20260907-064724.jpg,2,3,0.994652,0.000000,0.000001,0.000376,0.994652,0.000000,0.000000,0.000000,0.004936,0.000011,0.000023,0.000000,6,20260907-064724,kwh,21.224
C:\Users\josep\source\repos\AIOTED-digital\04_joe_lcd_20x32\2_main_dig6_20260907-120723.jpg,2,2,1.000000,0.000000,0.000000,1.000000,0.000000,0.000000,0.000000,0.000000,0.000000,0.000000,0.000000,0.000000,6,20260907-120723,kwh,59.938
C:\Users\josep\source\repos\AIOTED-digital\04_joe_lcd_20x32\2_main_dig6_20260907-161523.jpg,2,2,1.000000,0.000000,0.000000,1.000000,0.000000,0.000000,0.000000,0.000000,0.000000,0.000000,0.000000,0.000000,6,20260907-161523,kwh,57.804
C:\Users\josep\source\repos\AIOTED-digital\04_joe_lcd_20x32\2_main_dig6_20260907-200323.jpg,2,2,0.992160,0.000032,0.000017,0.992160,0.004999,0.000000,0.000000,0.000001,0.002589,0.000137,0.000004,0.000062,6,20260907-200323,kwh,21.008
C:\Users\josep\source\repos\AIOTED-digital\04_joe_lcd_20x32\2_main_dig6_20260911-034800.jpg,2,2,0.808779,0.001967,0.002769,0.808779,0.113253,0.000004,0.000034,0.000131,0.069271,0.003382,0.000115,0.000296,6,20260911-034800,kwh,26.169
C:\Users\josep\source\repos\AIOTED-digital\04_joe_lcd_20x32\2_main_dig6_20260911-035600.jpg,2,2,0.826745,0.002488,0.002711,0.826745,0.120444,0.000012,0.000104,0.000285,0.039233,0.006854,0.000431,0.000693,6,20260911-035600,kwh,26.847
C:\Users\josep\source\repos\AIOTED-digital\04_joe_lcd_20x32\2_main_dig6_20260911-042800.jpg,2,3,0.729522,0.000376,0.004052,0.024713,0.729522,0.000010,0.000059,0.000022,0.239750,0.000665,0.000684,0.000146,6,20260911-042800,kwh,27.338
C:\Users\josep\source\repos\AIOTED-digital\04_joe_lcd_20x32\2_main_dig6_20260911-120429.jpg,2,2,1.000000,0.000000,0.000000,1.000000,0.000000,0.000000,0.000000,0.000000,0.000000,0.000000,0.000000,0.000000,6,20260911-120429,kwh,70.795
C:\Users\josep\source\repos\AIOTED-digital\04_joe_lcd_20x32\2_main_dig6_20260915-032937.jpg,2,2,0.948572,0.000245,0.000453,0.948572,0.039538,0.000000,0.000003,0.000044,0.009460,0.001588,0.000008,0.000088,6,20260915-032937,kwh,25.963
C:\Users\josep\source\repos\AIOTED-digital\04_joe_lcd_20x32\2_main_dig6_20260915-040937.jpg,2,2,0.933478,0.000509,0.000909,0.933478,0.043529,0.000001,0.000005,0.000040,0.019624,0.001697,0.000021,0.000187,6,20260915-040937,kwh,25.163
C:\Users\josep\source\repos\AIOTED-digital\04_joe_lcd_20x32\2_main_dig6_20260915-142936.jpg,2,2,1.000000,0.000000,0.000000,1.000000,0.000000,0.000000,0.000000,0.000000,0.000000,0.000000,0.000000,0.000000,6,20260915-142936,kwh,69.661
C:\Users\josep\source\repos\AIOTED-digital\04_joe_lcd_20x32\2_main_dig6_20260915-194535.jpg,2,2,0.994760,0.000292,0.000033,0.994760,0.001473,0.000000,0.000000,0.000003,0.002912,0.000483,0.000002,0.000041,6,20260915-194535,kwh,22.060
C:\Users\josep\source\repos\AIOTED-digital\04_joe_lcd_20x32\2_main_dig6_20260928-025441.jpg,2,2,0.913375,0.000267,0.000940,0.913375,0.067059,0.000002,0.000005,0.000020,0.017339,0.000789,0.000030,0.000175,6,20260928-025441,kwh,24.865
C:\Users\josep\source\repos\AIOTED-digital\04_joe_lcd_20x32\2_main_dig6_20260928-031441.jpg,2,2,0.906989,0.000119,0.000215,0.906989,0.075577,0.000000,0.000002,0.000008,0.016469,0.000419,0.000019,0.000182,6,20260928-031441,kwh,24.762
C:\Users\josep\source\repos\AIOTED-digital\04_joe_lcd_20x32\2_main_dig6_20260928-134241.jpg,2,2,1.000000,0.000000,0.000000,1.000000,0.000000,0.000000,0.000000,0.000000,0.000000,0.000000,0.000000,0.000000,6,20260928-134241,kwh,65.297
C:\Users\josep\source\repos\AIOTED-digital\04_joe_lcd_20x32\3_main_dig4_20260928-012642.jpg,3,3,1.000000,0.000000,0.000000,0.000000,1.000000,0.000000,0.000000,0.000000,0.000000,0.000000,0.000000,0.000000,4,20260928-012642,kwh,59.614
C:\Users\josep\source\repos\AIOTED-digital\04_joe_lcd_20x32\3_main_dig4_20260928-020641.jpg,3,3,1.000000,0.000000,0.000000,0.000000,1.000000,0.000000,0.000000,0.000000,0.000000,0.000000,0.000000,0.000000,4,20260928-020641,kwh,60.270
C:\Users\josep\source\repos\AIOTED-digital\04_joe_lcd_20x32\3_main_dig4_20260928-025441.jpg,3,3,1.000000,0.000000,0.000000,0.000000,1.000000,0.000000,0.000000,0.000000,0.000000,0.000000,0.000000,0.000000,4,20260928-025441,kwh,59.563
C:\Users\josep\source\repos\AIOTED-digital\04_joe_lcd_20x32\3_main_dig4_20260928-072241.jpg,3,3,0.999999,0.000000,0.000000,0.000000,0.999999,0.000000,0.000000,0.000000,0.000000,0.000000,0.000000,0.000000,4,20260928-072241,kwh,58.448
C:\Users\josep\source\repos\AIOTED-digital\04_joe_lcd_20x32\3_main_dig4_20260928-073441.jpg,3,3,0.999999,0.000000,0.000000,0.000000,0.999999,0.000000,0.000000,0.000000,0.000000,0.000000,0.000000,0.000000,4,20260928-073441,kwh,58.288
C:\Users\josep\source\repos\AIOTED-digital\04_joe_lcd_20x32\3_main_dig4_20260928-074641.jpg,3,3,1.000000,0.000000,0.000000,0.000000,1.000000,0.000000,0.000000,0.000000,0.000000,0.000000,0.000000,0.000000,4,20260928-074641,kwh,59.806
C:\Users\josep\source\repos\AIOTED-digital\04_joe_lcd_20x32\3_main_dig4_20260928-092241.jpg,3,3,0.999996,0.000000,0.000000,0.000000,0.999996,0.000000,0.000000,0.000000,0.000001,0.000000,0.000003,0.000000,4,20260928-092241,kwh,84.050
C:\Users\josep\source\repos\AIOTED-digital\04_joe_lcd_20x32\3_main_dig4_20260928-101441.jpg,3,3,0.999990,0.000000,0.000000,0.000000,0.999990,0.000000,0.000000,0.000000,0.000003,0.000000,0.000007,0.000000,4,20260928-101441,kwh,79.915
C:\Users\josep\source\repos\AIOTED-digital\04_joe_lcd_20x32\3_main_dig4_20260928-111441.jpg,3,3,0.999998,0.000000,0.000000,0.000000,0.999998,0.000000,0.000000,0.000000,0.000001,0.000000,0.000001,0.000000,4,20260928-111441,kwh,105.061
C:\Users\josep\source\repos\AIOTED-digital\04_joe_lcd_20x32\3_main_dig4_20260928-135441.jpg,3,3,0.999972,0.000000,0.000000,0.000000,0.999972,0.000000,0.000000,0.000000,0.000003,0.000000,0.000025,0.000000,4,20260928-135441,kwh,89.003
C:\Users\josep\source\repos\AIOTED-digital\04_joe_lcd_20x32\3_main_dig4_20260928-144240.jpg,3,3,0.999996,0.000000,0.000000,0.000000,0.999996,0.000000,0.000000,0.000000,0.000001,0.000000,0.000003,0.000000,4,20260928-144240,kwh,80.008
C:\Users\josep\source\repos\AIOTED-digital\04_joe_lcd_20x32\3_main_dig4_20260928-150240.jpg,3,3,0.999985,0.000000,0.000000,0.000000,0.999985,0.000000,0.000000,0.000000,0.000010,0.000000,0.000006,0.000000,4,20260928-150240,kwh,82.177
C:\Users\josep\source\repos\AIOTED-digital\04_joe_lcd_20x32\3_main_dig4_20260928-151440.jpg,3,3,0.999987,0.000000,0.000000,0.000000,0.999987,0.000000,0.000000,0.000000,0.000008,0.000000,0.000005,0.000000,4,20260928-151440,kwh,79.061
C:\Users\josep\source\repos\AIOTED-digital\04_joe_lcd_20x32\3_main_dig4_20260928-152240.jpg,3,3,0.999983,0.000000,0.000000,0.000000,0.999983,0.000000,0.000000,0.000000,0.000009,0.000000,0.000008,0.000000,4,20260928-152240,kwh,83.593
C:\Users\josep\source\repos\AIOTED-digital\04_joe_lcd_20x32\3_main_dig4_20260928-154240.jpg,3,3,1.000000,0.000000,0.000000,0.000000,1.000000,0.000000,0.000000,0.000000,0.000000,0.000000,0.000000,0.000000,4,20260928-154240,kwh,62.432
C:\Users\josep\source\repos\AIOTED-digital\04_joe_lcd_20x32\3_main_dig4_20260928-155440.jpg,3,3,1.000000,0.000000,0.000000,0.000000,1.000000,0.000000,0.000000,0.000000,0.000000,0.000000,0.000000,0.000000,4,20260928-155440,kwh,61.778
C:\Users\josep\source\repos\AIOTED-digital\04_joe_lcd_20x32\3_main_dig4_20260928-160240.jpg,3,3,1.000000,0.000000,0.000000,0.000000,1.000000,0.000000,0.000000,0.000000,0.000000,0.000000,0.000000,0.000000,4,20260928-160240,kwh,63.042
C:\Users\josep\source\repos\AIOTED-digital\04_joe_lcd_20x32\3_main_dig4_20260928-161440.jpg,3,3,1.000000,0.000000,0.000000,0.000000,1.000000,0.000000,0.000000,0.000000,0.000000,0.000000,0.000000,0.000000,4,20260928-161440,kwh,60.927
C:\Users\josep\source\repos\AIOTED-digital\04_joe_lcd_20x32\3_main_dig4_20260928-165440.jpg,3,3,1.000000,0.000000,0.000000,0.000000,1.000000,0.000000,0.000000,0.000000,0.000000,0.000000,0.000000,0.000000,4,20260928-165440,kwh,59.186
C:\Users\josep\source\repos\AIOTED-digital\04_joe_lcd_20x32\3_main_dig4_20260928-175040.jpg,3,3,1.000000,0.000000,0.000000,0.000000,1.000000,0.000000,0.000000,0.000000,0.000000,0.000000,0.000000,0.000000,4,20260928-175040,kwh,60.241
C:\Users\josep\source\repos\AIOTED-digital\04_joe_lcd_20x32\3_main_dig4_20260928-190240.jpg,3,3,1.000000,0.000000,0.000000,0.000000,1.000000,0.000000,0.000000,0.000000,0.000000,0.000000,0.000000,0.000000,4,20260928-190240,kwh,60.653
C:\Users\josep\source\repos\AIOTED-digital\04_joe_lcd_20x32\3_main_dig4_20260928-201040.jpg,3,3,1.000000,0.000000,0.000000,0.000000,1.000000,0.000000,0.000000,0.000000,0.000000,0.000000,0.000000,0.000000,4,20260928-201040,kwh,62.582
C:\Users\josep\source\repos\AIOTED-digital\04_joe_lcd_20x32\3_main_dig4_20260928-221040.jpg,3,3,1.000000,0.000000,0.000000,0.000000,1.000000,0.000000,0.000000,0.000000,0.000000,0.000000,0.000000,0.000000,4,20260928-221040,kwh,62.823
C:\Users\josep\source\repos\AIOTED-digital\04_joe_lcd_20x32\3_main_dig4_20260928-222240.jpg,3,3,1.000000,0.000000,0.000000,0.000000,1.000000,0.000000,0.000000,0.000000,0.000000,0.000000,0.000000,0.000000,4,20260928-222240,kwh,59.494
C:\Users\josep\source\repos\AIOTED-digital\04_joe_lcd_20x32\3_main_dig4_20260928-224240.jpg,3,3,1.000000,0.000000,0.000000,0.000000,1.000000,0.000000,0.000000,0.000000,0.000000,0.000000,0.000000,0.000000,4,20260928-224240,kwh,62.025
C:\Users\josep\source\repos\AIOTED-digital\04_joe_lcd_20x32\3_main_dig4_20260928-225040.jpg,3,3,1.000000,0.000000,0.000000,0.000000,1.000000,0.000000,0.000000,0.000000,0.000000,0.000000,0.000000,0.000000,4,20260928-225040,kwh,60.912
C:\Users\josep\source\repos\AIOTED-digital\04_joe_lcd_20x32\3_main_dig4_20260928-230240.jpg,3,3,1.000000,0.000000,0.000000,0.000000,1.000000,0.000000,0.000000,0.000000,0.000000,0.000000,0.000000,0.000000,4,20260928-230240,kwh,62.192
C:\Users\josep\source\repos\AIOTED-digital\04_joe_lcd_20x32\3_main_dig4_20260928-233040.jpg,3,3,1.000000,0.000000,0.000000,0.000000,1.000000,0.000000,0.000000,0.000000,0.000000,0.000000,0.000000,0.000000,4,20260928-233040,kwh,60.891
C:\Users\josep\source\repos\AIOTED-digital\04_joe_lcd_20x32\3_main_dig4_20260928-235040.jpg,3,3,1.000000,0.000000,0.000000,0.000000,1.000000,0.000000,0.000000,0.000000,0.000000,0.000000,0.000000,0.000000,4,20260928-235040,kwh,60.706
C:\Users\josep\source\repos\AIOTED-digital\04_joe_lcd_20x32\3_main_dig5_20260802-212810.jpg,3,3,0.930911,0.000001,0.000012,0.000135,0.930911,0.000000,0.000001,0.000000,0.068915,0.000001,0.000021,0.000002,5,20260802-212810,kwh,49.106
C:\Users\josep\source\repos\AIOTED-digital\04_joe_lcd_20x32\3_main_dig5_20260802-213610.jpg,3,3,0.922809,0.000001,0.000019,0.000159,0.922809,0.000000,0.000002,0.000000,0.076971,0.000001,0.000034,0.000003,5,20260802-213610,kwh,49.681
C:\Users\josep\source\repos\AIOTED-digital\04_joe_lcd_20x32\3_main_dig5_20260802-214810.jpg,3,3,0.878643,0.000004,0.000067,0.000256,0.878643,0.000000,0.000003,0.000000,0.120945,0.000004,0.000069,0.000008,5,20260802-214810,kwh,48.979
C:\Users\josep\source\repos\AIOTED-digital\04_joe_lcd_20x32\3_main_dig5_20260802-215610.jpg,3,3,0.870643,0.000003,0.000029,0.000136,0.870643,0.000000,0.000002,0.000000,0.129139,0.000002,0.000043,0.000003,5,20260802-215610,kwh,48.980
C:\Users\josep\source\repos\AIOTED-digital\04_joe_lcd_20x32\3_main_dig5_20260802-220810.jpg,3,3,0.974211,0.000001,0.000006,0.000078,0.974211,0.000000,0.000003,0.000000,0.025671,0.000001,0.000027,0.000002,5,20260802-220810,kwh,48.665
C:\Users\josep\source\repos\AIOTED-digital\04_joe_lcd_20x32\3_main_dig5_20260802-221610.jpg,3,3,0.941718,0.000002,0.000014,0.000169,0.941718,0.000000,0.000005,0.000000,0.058023,0.000003,0.000061,0.000004,5,20260802-221610,kwh,48.856
C:\Users\josep\source\repos\AIOTED-digital\04_joe_lcd_20x32\3_main_dig5_20260802-222810.jpg,3,3,0.952324,0.000002,0.000036,0.000212,0.952324,0.000000,0.000005,0.000000,0.047368,0.000002,0.000042,0.000009,5,20260802-222810,kwh,49.301
C:\Users\josep\source\repos\AIOTED-digital\04_joe_lcd_20x32\3_main_dig5_20260802-223610.jpg,3,3,0.955802,0.000003,0.000052,0.000258,0.955802,0.000000,0.000009,0.000000,0.043768,0.000004,0.000092,0.000011,5,20260802-223610,kwh,45.056
C:\Users\josep\source\repos\AIOTED-digital\04_joe_lcd_20x32\3_main_dig5_20260802-224810.jpg,3,3,0.955360,0.000004,0.000036,0.000206,0.955360,0.000000,0.000008,0.000000,0.044253,0.000006,0.000119,0.000007,5,20260802-224810,kwh,45.093
C:\Users\josep\source\repos\AIOTED-digital\04_joe_lcd_20x32\3_main_dig5_20260802-225610.jpg,3,3,0.870729,0.000005,0.000055,0.000469,0.870729,0.000000,0.000002,0.000000,0.128673,0.000003,0.000059,0.000005,5,20260802-225610,kwh,44.876
C:\Users\josep\source\repos\AIOTED-digital\04_joe_lcd_20x32\3_main_dig5_20260802-230810.jpg,3,3,0.934084,0.000003,0.000039,0.000361,0.934084,0.000000,0.000004,0.000000,0.065435,0.000003,0.000062,0.000007,5,20260802-230810,kwh,45.112
C:\Users\josep\source\repos\AIOTED-digital\04_joe_lcd_20x32\3_main_dig5_20260802-231610.jpg,3,3,0.959062,0.000002,0.000017,0.000294,0.959062,0.000000,0.000002,0.000000,0.040551,0.000003,0.000065,0.000004,5,20260802-231610,kwh,45.792
C:\Users\josep\source\repos\AIOTED-digital\04_joe_lcd_20x32\3_main_dig5_20260802-232810.jpg,3,3,0.941419,0.000004,0.000053,0.000293,0.941419,0.000000,0.000009,0.000000,0.058118,0.000004,0.000089,0.000010,5,20260802-232810,kwh,45.696
C:\Users\josep\source\repos\AIOTED-digital\04_joe_lcd_20x32\3_main_dig5_20260802-233610.jpg,3,3,0.928567,0.000003,0.000033,0.000440,0.928567,0.000000,0.000002,0.000000,0.070876,0.000003,0.000071,0.000006,5,20260802-233610,kwh,45.162
C:\Users\josep\source\repos\AIOTED-digital\04_joe_lcd_20x32\3_main_dig5_20260802-234810.jpg,3,3,0.961486,0.000001,0.000028,0.000342,0.961486,0.000000,0.000003,0.000000,0.038079,0.000003,0.000049,0.000008,5,20260802-234810,kwh,45.506
C:\Users\josep\source\repos\AIOTED-digital\04_joe_lcd_20x32\3_main_dig5_20260802-235610.jpg,3,3,0.924884,0.000004,0.000045,0.000301,0.924884,0.000000,0.000003,0.000000,0.074668,0.000004,0.000084,0.000006,5,20260802-235610,kwh,45.736
C:\Users\josep\source\repos\AIOTED-digital\04_joe_lcd_20x32\3_main_dig5_20260819-063356.jpg,3,3,0.997154,0.000000,0.000000,0.000012,0.997154,0.000000,0.000000,0.000000,0.002835,0.000000,0.000000,0.000000,5,20260819-063356,kwh,57.730
C:\Users\josep\source\repos\AIOTED-digital\04_joe_lcd_20x32\3_main_dig5_20260819-065356.jpg,3,3,0.999778,0.000000,0.000000,0.000000,0.999778,0.000000,0.000000,0.000000,0.000221,0.000000,0.000000,0.000000,5,20260819-065356,kwh,54.803
C:\Users\josep\source\repos\AIOTED-digital\04_joe_lcd_20x32\3_main_dig5_20260819-071356.jpg,3,3,1.000000,0.000000,0.000000,0.000000,1.000000,0.000000,0.000000,0.000000,0.000000,0.000000,0.000000,0.000000,5,20260819-071356,kwh,52.719
C:\Users\josep\source\repos\AIOTED-digital\04_joe_lcd_20x32\3_main_dig5_20260819-072556.jpg,3,3,1.000000,0.000000,0.000000,0.000000,1.000000,0.000000,0.000000,0.000000,0.000000,0.000000,0.000000,0.000000,5,20260819-072556,kwh,52.772
C:\Users\josep\source\repos\AIOTED-digital\04_joe_lcd_20x32\3_main_dig5_20260827-160541.jpg,3,3,1.000000,0.000000,0.000000,0.000000,1.000000,0.000000,0.000000,0.000000,0.000000,0.000000,0.000000,0.000000,5,20260827-160541,kwh,80.117
C:\Users\josep\source\repos\AIOTED-digital\04_joe_lcd_20x32\3_main_dig5_20260827-161741.jpg,3,3,1.000000,0.000000,0.000000,0.000000,1.000000,0.000000,0.000000,0.000000,0.000000,0.000000,0.000000,0.000000,5,20260827-161741,kwh,63.395
C:\Users\josep\source\repos\AIOTED-digital\04_joe_lcd_20x32\3_main_dig5_20260827-162541.jpg,3,3,1.000000,0.000000,0.000000,0.000000,1.000000,0.000000,0.000000,0.000000,0.000000,0.000000,0.000000,0.000000,5,20260827-162541,kwh,60.733
C:\Users\josep\source\repos\AIOTED-digital\04_joe_lcd_20x32\3_main_dig5_20260827-163741.jpg,3,3,1.000000,0.000000,0.000000,0.000000,1.000000,0.000000,0.000000,0.000000,0.000000,0.000000,0.000000,0.000000,5,20260827-163741,kwh,59.025
C:\Users\josep\source\repos\AIOTED-digital\04_joe_lcd_20x32\3_main_dig5_20260827-171741.jpg,3,3,0.999990,0.000000,0.000000,0.000001,0.999990,0.000000,0.000000,0.000000,0.000010,0.000000,0.000000,0.000000,5,20260827-171741,kwh,59.125
C:\Users\josep\source\repos\AIOTED-digital\04_joe_lcd_20x32\3_main_dig5_20260827-172541.jpg,3,3,0.999986,0.000000,0.000000,0.000010,0.999986,0.000000,0.000000,0.000000,0.000004,0.000000,0.000000,0.000000,5,20260827-172541,kwh,57.490
C:\Users\josep\source\repos\AIOTED-digital\04_joe_lcd_20x32\3_main_dig5_20260907-064724.jpg,3,3,0.876923,0.000000,0.000007,0.000190,0.876923,0.000000,0.000000,0.000000,0.122842,0.000002,0.000035,0.000001,5,20260907-064724,kwh,50.984
C:\Users\josep\source\repos\AIOTED-digital\04_joe_lcd_20x32\3_main_dig5_20260907-065924.jpg,3,3,0.956267,0.000000,0.000005,0.000088,0.956267,0.000000,0.000000,0.000000,0.043622,0.000002,0.000015,0.000001,5,20260907-065924,kwh,49.793
C:\Users\josep\source\repos\AIOTED-digital\04_joe_lcd_20x32\3_main_dig5_20260907-070724.jpg,3,3,0.991277,0.000000,0.000001,0.000072,0.991277,0.000000,0.000000,0.000000,0.008639,0.000001,0.000010,0.000000,5,20260907-070724,kwh,47.443
C:\Users\josep\source\repos\AIOTED-digital\04_joe_lcd_20x32\3_main_dig5_20260907-071924.jpg,3,3,0.997446,0.000000,0.000000,0.000006,0.997446,0.000000,0.000000,0.000000,0.002544,0.000000,0.000004,0.000000,5,20260907-071924,kwh,49.064
C:\Users\josep\source\repos\AIOTED-digital\04_joe_lcd_20x32\3_main_dig5_20260907-072724.jpg,3,3,0.980953,0.000000,0.000000,0.000005,0.980953,0.000000,0.000000,0.000000,0.019039,0.000000,0.000004,0.000000,5,20260907-072724,kwh,48.252
C:\Users\josep\source\repos\AIOTED-digital\04_joe_lcd_20x32\3_main_dig5_20260907-073924.jpg,3,3,0.999400,0.000000,0.000000,0.000001,0.999400,0.000000,0.000000,0.000000,0.000598,0.000000,0.000001,0.000000,5,20260907-073924,kwh,49.708
C:\Users\josep\source\repos\AIOTED-digital\04_joe_lcd_20x32\3_main_dig5_20260907-084723.jpg,3,3,0.999997,0.000000,0.000000,0.000000,0.999997,0.000000,0.000000,0.000000,0.000002,0.000000,0.000000,0.000000,5,20260907-084723,kwh,59.925
C:\Users\josep\source\repos\AIOTED-digital\04_joe_lcd_20x32\3_main_dig5_20260907-101923.jpg,3,3,0.999987,0.000000,0.000000,0.000000,0.999987,0.000000,0.000000,0.000000,0.000013,0.000000,0.000000,0.000000,5,20260907-101923,kwh,56.961
C:\Users\josep\source\repos\AIOTED-digital\04_joe_lcd_20x32\3_main_dig5_20260907-105523.jpg,3,3,0.999994,0.000000,0.000000,0.000000,0.999994,0.000000,0.000000,0.000000,0.000006,0.000000,0.000000,0.000000,5,20260907-105523,kwh,53.957
C:\Users\josep\source\repos\AIOTED-digital\04_joe_lcd_20x32\3_main_dig5_20260907-110723.jpg,3,3,0.999985,0.000000,0.000000,0.000000,0.999985,0.000000,0.000000,0.000000,0.000015,0.000000,0.000000,0.000000,5,20260907-110723,kwh,52.305
C:\Users\josep\source\repos\AIOTED-digital\04_joe_lcd_20x32\3_main_dig5_20260907-111523.jpg,3,3,0.999997,0.000000,0.000000,0.000000,0.999997,0.000000,0.000000,0.000000,0.000002,0.000000,0.000000,0.000000,5,20260907-111523,kwh,57.949
C:\Users\josep\source\repos\AIOTED-digital\04_joe_lcd_20x32\3_main_dig6_19700101-120001.jpg,3,3,1.000000,0.000000,0.000000,0.000000,1.000000,0.000000,0.000000,0.000000,0.000000,0.000000,0.000000,0.000000,6,19700101-120001,kwh,73.634
C:\Users\josep\source\repos\AIOTED-digital\04_joe_lcd_20x32\3_main_dig6_19700101-120003.jpg,3,3,1.000000,0.000000,0.000000,0.000000,1.000000,0.000000,0.000000,0.000000,0.000000,0.000000,0.000000,0.000000,6,19700101-120003,kwh,77.269
C:\Users\josep\source\repos\AIOTED-digital\04_joe_lcd_20x32\3_main_dig6_19700101-120005.jpg,3,3,1.000000,0.000000,0.000000,0.000000,1.000000,0.000000,0.000000,0.000000,0.000000,0.000000,0.000000,0.000000,6,19700101-120005,kwh,63.561
C:\Users\josep\source\repos\AIOTED-digital\04_joe_lcd_20x32\3_main_dig6_20260802-090644.jpg,3,3,0.999199,0.000000,0.000002,0.000190,0.999199,0.000004,0.000016,0.000006,0.000210,0.000110,0.000116,0.000147,6,20260802-090644,kwh,58.652
C:\Users\josep\source\repos\AIOTED-digital\04_joe_lcd_20x32\3_main_dig6_20260819-000557.jpg,3,3,0.931485,0.000004,0.000160,0.002682,0.931485,0.000000,0.000002,0.000001,0.065614,0.000017,0.000019,0.000015,6,20260819-000557,kwh,30.037
C:\Users\josep\source\repos\AIOTED-digital\04_joe_lcd_20x32\3_main_dig6_20260819-001757.jpg,3,3,0.904639,0.000003,0.000179,0.002646,0.904639,0.000000,0.000001,0.000000,0.092506,0.000009,0.000010,0.000007,6,20260819-001757,kwh,27.533
C:\Users\josep\source\repos\AIOTED-digital\04_joe_lcd_20x32\3_main_dig6_20260819-093356.jpg,3,3,0.998377,0.000000,0.000000,0.000625,0.998377,0.000000,0.000000,0.000000,0.000982,0.000006,0.000002,0.000008,6,20260819-093356,kwh,91.218
C:\Users\josep\source\repos\AIOTED-digital\04_joe_lcd_20x32\3_main_dig6_20260819-181355.jpg,3,3,0.999998,0.000000,0.000000,0.000001,0.999998,0.000000,0.000000,0.000000,0.000001,0.000000,0.000000,0.000000,6,20260819-181355,kwh,33.110
C:\Users\josep\source\repos\AIOTED-digital\04_joe_lcd_20x32\3_main_dig6_20260827-004942.jpg,3,3,0.696946,0.000020,0.001830,0.013252,0.696946,0.000002,0.000007,0.000002,0.287593,0.000033,0.000047,0.000269,6,20260827-004942,kwh,30.810
C:\Users\josep\source\repos\AIOTED-digital\04_joe_lcd_20x32\3_main_dig6_20260827-012142.jpg,3,3,0.956720,0.000004,0.000122,0.011085,0.956720,0.000001,0.000005,0.000002,0.031772,0.000044,0.000067,0.000178,6,20260827-012142,kwh,32.399
C:\Users\josep\source\repos\AIOTED-digital\04_joe_lcd_20x32\3_main_dig6_20260827-012942.jpg,3,3,0.828896,0.000018,0.000982,0.016325,0.828896,0.000002,0.000007,0.000003,0.153457,0.000062,0.000070,0.000179,6,20260827-012942,kwh,31.115
C:\Users\josep\source\repos\AIOTED-digital\04_joe_lcd_20x32\3_main_dig6_20260827-184541.jpg,3,3,0.999985,0.000000,0.000000,0.000004,0.999985,0.000000,0.000000,0.000000,0.000011,0.000000,0.000000,0.000000,6,20260827-184541,kwh,30.651
C:\Users\josep\source\repos\AIOTED-digital\04_joe_lcd_20x32\3_main_dig6_20260906-092656.jpg,3,3,0.997739,0.000000,0.000006,0.000018,0.997739,0.000000,0.000000,0.000000,0.002187,0.000022,0.000028,0.000001,6,20260906-092656,kwh,77.185
C:\Users\josep\source\repos\AIOTED-digital\04_joe_lcd_20x32\3_main_dig6_20260906-143125.jpg,3,3,0.999969,0.000000,0.000000,0.000000,0.999969,0.000000,0.000000,0.000000,0.000030,0.000000,0.000000,0.000000,6,20260906-143125,kwh,64.336
C:\Users\josep\source\repos\AIOTED-digital\04_joe_lcd_20x32\3_main_dig6_20260906-191124.jpg,3,3,0.557256,0.000116,0.000545,0.003602,0.557256,0.000001,0.000005,0.000001,0.438087,0.000078,0.000286,0.000023,6,20260906-191124,kwh,18.713
C:\Users\josep\source\repos\AIOTED-digital\04_joe_lcd_20x32\3_main_dig6_20260907-060724.jpg,3,3,0.630739,0.000129,0.000802,0.005746,0.630739,0.000001,0.000004,0.000002,0.362283,0.000137,0.000143,0.000015,6,20260907-060724,kwh,21.935
C:\Users\josep\source\repos\AIOTED-digital\04_joe_lcd_20x32\3_main_dig6_20260907-065924.jpg,3,3,0.999646,0.000000,0.000000,0.000011,0.999646,0.000000,0.000000,0.000000,0.000340,0.000001,0.000003,0.000000,6,20260907-065924,kwh,23.865
C:\Users\josep\source\repos\AIOTED-digital\04_joe_lcd_20x32\3_main_dig6_20260907-070724.jpg,3,3,0.999951,0.000000,0.000000,0.000004,0.999951,0.000000,0.000000,0.000000,0.000039,0.000001,0.000005,0.000000,6,20260907-070724,kwh,26.089
C:\Users\josep\source\repos\AIOTED-digital\04_joe_lcd_20x32\3_main_dig6_20260907-123523.jpg,3,3,0.999999,0.000000,0.000000,0.000000,0.999999,0.000000,0.000000,0.000000,0.000001,0.000000,0.000000,0.000000,6,20260907-123523,kwh,60.204
C:\Users\josep\source\repos\AIOTED-digital\04_joe_lcd_20x32\3_main_dig6_20260907-124723.jpg,3,3,0.999999,0.000000,0.000000,0.000000,0.999999,0.000000,0.000000,0.000000,0.000001,0.000000,0.000000,0.000000,6,20260907-124723,kwh,67.577
C:\Users\josep\source\repos\AIOTED-digital\04_joe_lcd_20x32\3_main_dig6_20260907-213523.jpg,3,3,0.791901,0.000152,0.008612,0.022974,0.791901,0.000031,0.000044,0.000009,0.174950,0.000240,0.000737,0.000349,6,20260907-213523,kwh,25.784
C:\Users\josep\source\repos\AIOTED-digital\04_joe_lcd_20x32\3_main_dig6_20260907-214323.jpg,3,3,0.743335,0.000169,0.004810,0.015784,0.743335,0.000014,0.000041,0.000008,0.234912,0.000213,0.000543,0.000171,6,20260907-214323,kwh,25.805
C:\Users\josep\source\repos\AIOTED-digital\04_joe_lcd_20x32\3_main_dig6_20260911-045600.jpg,3,3,0.745454,0.000307,0.006821,0.013048,0.745454,0.000028,0.000203,0.000052,0.232487,0.000516,0.000853,0.000232,6,20260911-045600,kwh,26.574
C:\Users\josep\source\repos\AIOTED-digital\04_joe_lcd_20x32\3_main_dig6_20260911-163228.jpg,3,3,0.999999,0.000000,0.000000,0.000000,0.999999,0.000000,0.000000,0.000000,0.000001,0.000000,0.000000,0.000000,6,20260911-163228,kwh,44.988
C:\Users\josep\source\repos\AIOTED-digital\04_joe_lcd_20x32\3_main_dig6_20260911-164028.jpg,3,3,0.999997,0.000000,0.000000,0.000000,0.999997,0.000000,0.000000,0.000000,0.000003,0.000000,0.000000,0.000000,6,20260911-164028,kwh,42.925
C:\Users\josep\source\repos\AIOTED-digital\04_joe_lcd_20x32\3_main_dig6_20260911-204028.jpg,3,3,0.808128,0.000385,0.001993,0.002653,0.808128,0.000010,0.000080,0.000024,0.184059,0.001055,0.001587,0.000027,6,20260911-204028,kwh,22.873
C:\Users\josep\source\repos\AIOTED-digital\04_joe_lcd_20x32\3_main_dig6_20260911-211228.jpg,3,3,0.619119,0.000090,0.002058,0.008159,0.619119,0.000001,0.000009,0.000003,0.370297,0.000102,0.000112,0.000049,6,20260911-211228,kwh,20.984
C:\Users\josep\source\repos\AIOTED-digital\04_joe_lcd_20x32\3_main_dig6_20260915-050137.jpg,3,3,0.825578,0.000078,0.003051,0.019709,0.825578,0.000006,0.000018,0.000010,0.151023,0.000269,0.000175,0.000083,6,20260915-050137,kwh,25.259
C:\Users\josep\source\repos\AIOTED-digital\04_joe_lcd_20x32\3_main_dig6_20260915-144536.jpg,3,3,0.999981,0.000000,0.000000,0.000000,0.999981,0.000000,0.000000,0.000000,0.000019,0.000000,0.000000,0.000000,6,20260915-144536,kwh,71.326
C:\Users\josep\source\repos\AIOTED-digital\04_joe_lcd_20x32\3_main_dig6_20260915-195736.jpg,3,3,0.774364,0.000261,0.001184,0.003035,0.774364,0.000002,0.000014,0.000007,0.220216,0.000544,0.000357,0.000014,6,20260915-195736,kwh,22.808
C:\Users\josep\source\repos\AIOTED-digital\04_joe_lcd_20x32\3_main_dig6_20260915-203735.jpg,3,3,0.776269,0.000179,0.000407,0.005588,0.776269,0.000001,0.000011,0.000004,0.216974,0.000304,0.000244,0.000019,6,20260915-203735,kwh,22.462
C:\Users\josep\source\repos\AIOTED-digital\04_joe_lcd_20x32\3_main_dig6_20260928-050641.jpg,3,3,0.838725,0.000172,0.002953,0.020694,0.838725,0.000011,0.000052,0.000019,0.136414,0.000377,0.000412,0.000171,6,20260928-050641,kwh,25.153
C:\Users\josep\source\repos\AIOTED-digital\04_joe_lcd_20x32\3_main_dig6_20260928-052641.jpg,3,3,0.713356,0.000259,0.015164,0.019873,0.713356,0.000022,0.000033,0.000017,0.250231,0.000496,0.000419,0.000130,6,20260928-052641,kwh,25.115
C:\Users\josep\source\repos\AIOTED-digital\04_joe_lcd_20x32\3_main_dig6_20260928-053441.jpg,3,3,0.750792,0.000808,0.011439,0.022761,0.750792,0.000042,0.000143,0.000077,0.211417,0.001326,0.000996,0.000199,6,20260928-053441,kwh,25.112
C:\Users\josep\source\repos\AIOTED-digital\04_joe_lcd_20x32\3_main_dig6_20260928-140241.jpg,3,3,0.999994,0.000000,0.000000,0.000000,0.999994,0.000000,0.000000,0.000000,0.000006,0.000000,0.000000,0.000000,6,20260928-140241,kwh,65.674
C:\Users\josep\source\repos\AIOTED-digital\04_joe_lcd_20x32\3_main_dig6_20260928-142241.jpg,3,3,0.999977,0.000000,0.000000,0.000000,0.999977,0.000000,0.000000,0.000000,0.000023,0.000000,0.000000,0.000000,6,20260928-142241,kwh,62.891
C:\Users\josep\source\repos\AIOTED-digital\04_joe_lcd_20x32\4_main_dig4_20260827-012142.jpg,4,4,0.999957,0.000000,0.000000,0.000000,0.000000,0.999957,0.000000,0.000000,0.000000,0.000000,0.000043,0.000000,4,20260827-012142,kwh,67.137
C:\Users\josep\source\repos\AIOTED-digital\04_joe_lcd_20x32\4_main_dig4_20260827-014142.jpg,4,4,0.999812,0.000000,0.000000,0.000000,0.000000,0.999812,0.000000,0.000000,0.000000,0.000000,0.000188,0.000000,4,20260827-014142,kwh,66.886
C:\Users\josep\source\repos\AIOTED-digital\04_joe_lcd_20x32\4_main_dig4_20260827-032942.jpg,4,4,0.999895,0.000000,0.000000,0.000000,0.000000,0.999895,0.000000,0.000000,0.000000,0.000000,0.000105,0.000000,4,20260827-032942,kwh,67.674
C:\Users\josep\source\repos\AIOTED-digital\04_joe_lcd_20x32\4_main_dig4_20260827-040142.jpg,4,4,0.999878,0.000000,0.000000,0.000000,0.000000,0.999878,0.000000,0.000000,0.000000,0.000000,0.000122,0.000000,4,20260827-040142,kwh,67.868
C:\Users\josep\source\repos\AIOTED-digital\04_joe_lcd_20x32\4_main_dig4_20260827-050942.jpg,4,4,0.999833,0.000000,0.000000,0.000000,0.000000,0.999833,0.000000,0.000000,0.000000,0.000000,0.000167,0.000000,4,20260827-050942,kwh,67.315
C:\Users\josep\source\repos\AIOTED-digital\04_joe_lcd_20x32\4_main_dig4_20260827-062942.jpg,4,4,0.999949,0.000000,0.000000,0.000000,0.000000,0.999949,0.000000,0.000000,0.000000,0.000000,0.000051,0.000000,4,20260827-062942,kwh,65.759
C:\Users\josep\source\repos\AIOTED-digital\04_joe_lcd_20x32\4_main_dig4_20260827-064942.jpg,4,4,0.999902,0.000000,0.000000,0.000000,0.000000,0.999902,0.000000,0.000000,0.000000,0.000000,0.000098,0.000000,4,20260827-064942,kwh,65.546
C:\Users\josep\source\repos\AIOTED-digital\04_joe_lcd_20x32\4_main_dig4_20260827-070941.jpg,4,4,0.999934,0.000000,0.000000,0.000000,0.000000,0.999934,0.000000,0.000000,0.000000,0.000000,0.000066,0.000000,4,20260827-070941,kwh,63.894
C:\Users\josep\source\repos\AIOTED-digital\04_joe_lcd_20x32\4_main_dig4_20260827-071741.jpg,4,4,0.999903,0.000000,0.000000,0.000000,0.000000,0.999903,0.000000,0.000000,0.000000,0.000000,0.000097,0.000000,4,20260827-071741,kwh,64.788
C:\Users\josep\source\repos\AIOTED-digital\04_joe_lcd_20x32\4_main_dig4_20260827-083740.jpg,4,4,0.999978,0.000000,0.000000,0.000000,0.000000,0.999978,0.000000,0.000000,0.000000,0.000000,0.000022,0.000000,4,20260827-083740,kwh,85.182
C:\Users\josep\source\repos\AIOTED-digital\04_joe_lcd_20x32\4_main_dig4_20260827-102941.jpg,4,4,0.999970,0.000000,0.000000,0.000000,0.000000,0.999970,0.000000,0.000000,0.000000,0.000000,0.000030,0.000000,4,20260827-102941,kwh,70.869
C:\Users\josep\source\repos\AIOTED-digital\04_joe_lcd_20x32\4_main_dig4_20260827-103741.jpg,4,4,0.999999,0.000000,0.000000,0.000000,0.000000,0.999999,0.000000,0.000000,0.000000,0.000000,0.000001,0.000000,4,20260827-103741,kwh,91.846
C:\Users\josep\source\repos\AIOTED-digital\04_joe_lcd_20x32\4_main_dig4_20260827-112941.jpg,4,4,1.000000,0.000000,0.000000,0.000000,0.000000,1.000000,0.000000,0.000000,0.000000,0.000000,0.000000,0.000000,4,20260827-112941,kwh,86.284
C:\Users\josep\source\repos\AIOTED-digital\04_joe_lcd_20x32\4_main_dig4_20260827-154541.jpg,4,4,0.999993,0.000000,0.000000,0.000000,0.000000,0.999993,0.000000,0.000000,0.000000,0.000000,0.000007,0.000000,4,20260827-154541,kwh,78.112
C:\Users\josep\source\repos\AIOTED-digital\04_joe_lcd_20x32\4_main_dig4_20260827-161741.jpg,4,4,0.999994,0.000000,0.000000,0.000000,0.000000,0.999994,0.000000,0.000000,0.000000,0.000000,0.000006,0.000000,4,20260827-161741,kwh,78.370
C:\Users\josep\source\repos\AIOTED-digital\04_joe_lcd_20x32\4_main_dig4_20260827-162541.jpg,4,4,0.999994,0.000000,0.000000,0.000000,0.000000,0.999994,0.000000,0.000000,0.000000,0.000000,0.000006,0.000000,4,20260827-162541,kwh,74.262
C:\Users\josep\source\repos\AIOTED-digital\04_joe_lcd_20x32\4_main_dig4_20260827-164541.jpg,4,4,0.999992,0.000000,0.000000,0.000000,0.000000,0.999992,0.000000,0.000000,0.000000,0.000000,0.000008,0.000000,4,20260827-164541,kwh,73.288
C:\Users\josep\source\repos\AIOTED-digital\04_joe_lcd_20x32\4_main_dig4_20260827-170541.jpg,4,4,0.999834,0.000000,0.000000,0.000000,0.000000,0.999834,0.000000,0.000000,0.000000,0.000000,0.000166,0.000000,4,20260827-170541,kwh,71.039
C:\Users\josep\source\repos\AIOTED-digital\04_joe_lcd_20x32\4_main_dig4_20260827-174541.jpg,4,4,0.999987,0.000000,0.000000,0.000000,0.000000,0.999987,0.000000,0.000000,0.000000,0.000000,0.000012,0.000000,4,20260827-174541,kwh,67.809
C:\Users\josep\source\repos\AIOTED-digital\04_joe_lcd_20x32\4_main_dig4_20260827-181741.jpg,4,4,0.999943,0.000000,0.000000,0.000000,0.000000,0.999943,0.000000,0.000000,0.000000,0.000000,0.000057,0.000000,4,20260827-181741,kwh,66.330
C:\Users\josep\source\repos\AIOTED-digital\04_joe_lcd_20x32\4_main_dig4_20260827-182541.jpg,4,4,0.999990,0.000000,0.000000,0.000000,0.000000,0.999990,0.000000,0.000000,0.000000,0.000000,0.000010,0.000000,4,20260827-182541,kwh,66.370
C:\Users\josep\source\repos\AIOTED-digital\04_joe_lcd_20x32\4_main_dig4_20260827-185741.jpg,4,4,0.999995,0.000000,0.000000,0.000000,0.000000,0.999995,0.000000,0.000000,0.000000,0.000000,0.000005,0.000000,4,20260827-185741,kwh,68.029
C:\Users\josep\source\repos\AIOTED-digital\04_joe_lcd_20x32\4_main_dig4_20260827-191741.jpg,4,4,0.999936,0.000000,0.000000,0.000000,0.000000,0.999936,0.000000,0.000000,0.000000,0.000000,0.000064,0.000000,4,20260827-191741,kwh,69.115
C:\Users\josep\source\repos\AIOTED-digital\04_joe_lcd_20x32\4_main_dig4_20260827-201740.jpg,4,4,0.999862,0.000000,0.000000,0.000000,0.000000,0.999862,0.000000,0.000000,0.000000,0.000000,0.000138,0.000000,4,20260827-201740,kwh,69.844
C:\Users\josep\source\repos\AIOTED-digital\04_joe_lcd_20x32\4_main_dig4_20260827-205340.jpg,4,4,0.995358,0.000000,0.000000,0.000000,0.000000,0.995358,0.000000,0.000000,0.000000,0.000000,0.004642,0.000000,4,20260827-205340,kwh,67.523
C:\Users\josep\source\repos\AIOTED-digital\04_joe_lcd_20x32\4_main_dig4_20260827-213740.jpg,4,4,0.999960,0.000000,0.000000,0.000000,0.000000,0.999960,0.000000,0.000000,0.000000,0.000000,0.000040,0.000000,4,20260827-213740,kwh,68.174
C:\Users\josep\source\repos\AIOTED-digital\04_joe_lcd_20x32\4_main_dig4_20260827-215340.jpg,4,4,0.999917,0.000000,0.000000,0.000000,0.000000,0.999917,0.000000,0.000000,0.000000,0.000000,0.000083,0.000000,4,20260827-215340,kwh,67.915
C:\Users\josep\source\repos\AIOTED-digital\04_joe_lcd_20x32\4_main_dig4_20260827-222540.jpg,4,4,0.999791,0.000000,0.000000,0.000000,0.000000,0.999791,0.000000,0.000000,0.000000,0.000000,0.000209,0.000000,4,20260827-222540,kwh,68.292
C:\Users\josep\source\repos\AIOTED-digital\04_joe_lcd_20x32\4_main_dig4_20260827-230540.jpg,4,4,0.999849,0.000000,0.000000,0.000000,0.000000,0.999849,0.000000,0.000000,0.000000,0.000000,0.000151,0.000000,4,20260827-230540,kwh,68.577
C:\Users\josep\source\repos\AIOTED-digital\04_joe_lcd_20x32\4_main_dig4_20260827-231340.jpg,4,4,0.999918,0.000000,0.000000,0.000000,0.000000,0.999918,0.000000,0.000000,0.000000,0.000000,0.000082,0.000000,4,20260827-231340,kwh,68.939
C:\Users\josep\source\repos\AIOTED-digital\04_joe_lcd_20x32\4_main_dig5_20260819-074556.jpg,4,4,1.000000,0.000000,0.000000,0.000000,0.000000,1.000000,0.000000,0.000000,0.000000,0.000000,0.000000,0.000000,5,20260819-074556,kwh,55.047
C:\Users\josep\source\repos\AIOTED-digital\04_joe_lcd_20x32\4_main_dig5_20260819-075356.jpg,4,4,1.000000,0.000000,0.000000,0.000000,0.000000,1.000000,0.000000,0.000000,0.000000,0.000000,0.000000,0.000000,5,20260819-075356,kwh,58.008
C:\Users\josep\source\repos\AIOTED-digital\04_joe_lcd_20x32\4_main_dig5_20260819-084556.jpg,4,4,1.000000,0.000000,0.000000,0.000000,0.000000,1.000000,0.000000,0.000000,0.000000,0.000000,0.000000,0.000000,5,20260819-084556,kwh,73.968
C:\Users\josep\source\repos\AIOTED-digital\04_joe_lcd_20x32\4_main_dig5_20260819-111356.jpg,4,4,1.000000,0.000000,0.000000,0.000000,0.000000,1.000000,0.000000,0.000000,0.000000,0.000000,0.000000,0.000000,5,20260819-111356,kwh,67.865
C:\Users\josep\source\repos\AIOTED-digital\04_joe_lcd_20x32\4_main_dig5_20260827-173741.jpg,4,4,0.999995,0.000000,0.000000,0.000000,0.000000,0.999995,0.000000,0.000000,0.000000,0.000000,0.000005,0.000000,5,20260827-173741,kwh,57.914
C:\Users\josep\source\repos\AIOTED-digital\04_joe_lcd_20x32\4_main_dig5_20260827-175741.jpg,4,4,0.999997,0.000000,0.000000,0.000000,0.000000,0.999997,0.000000,0.000000,0.000000,0.000000,0.000003,0.000000,5,20260827-175741,kwh,59.022
C:\Users\josep\source\repos\AIOTED-digital\04_joe_lcd_20x32\4_main_dig5_20260827-183741.jpg,4,4,1.000000,0.000000,0.000000,0.000000,0.000000,1.000000,0.000000,0.000000,0.000000,0.000000,0.000000,0.000000,5,20260827-183741,kwh,60.088
C:\Users\josep\source\repos\AIOTED-digital\04_joe_lcd_20x32\4_main_dig5_20260827-205340.jpg,4,4,0.960739,0.000000,0.000000,0.000000,0.000000,0.960739,0.000001,0.000000,0.000000,0.000003,0.039258,0.000000,5,20260827-205340,kwh,65.289
C:\Users\josep\source\repos\AIOTED-digital\04_joe_lcd_20x32\4_main_dig5_20260827-211740.jpg,4,4,0.999268,0.000000,0.000000,0.000000,0.000000,0.999268,0.000000,0.000000,0.000000,0.000000,0.000732,0.000000,5,20260827-211740,kwh,63.275
C:\Users\josep\source\repos\AIOTED-digital\04_joe_lcd_20x32\4_main_dig5_20260907-115523.jpg,4,4,0.999961,0.000000,0.000014,0.000000,0.000000,0.999961,0.000000,0.000000,0.000000,0.000000,0.000013,0.000012,5,20260907-115523,kwh,71.842
C:\Users\josep\source\repos\AIOTED-digital\04_joe_lcd_20x32\4_main_dig5_20260907-122723.jpg,4,4,0.999981,0.000000,0.000000,0.000000,0.000000,0.999981,0.000000,0.000000,0.000000,0.000000,0.000019,0.000000,5,20260907-122723,kwh,54.103
C:\Users\josep\source\repos\AIOTED-digital\04_joe_lcd_20x32\4_main_dig5_20260907-131523.jpg,4,4,0.999998,0.000000,0.000000,0.000000,0.000000,0.999998,0.000000,0.000000,0.000000,0.000000,0.000002,0.000000,5,20260907-131523,kwh,68.648
C:\Users\josep\source\repos\AIOTED-digital\04_joe_lcd_20x32\4_main_dig6_20260802-093444.jpg,4,4,0.897289,0.000001,0.000161,0.000000,0.000625,0.897289,0.000018,0.000001,0.000003,0.000176,0.007003,0.094722,6,20260802-093444,kwh,52.712
C:\Users\josep\source\repos\AIOTED-digital\04_joe_lcd_20x32\4_main_dig6_20260802-184810.jpg,4,4,0.999998,0.000000,0.000000,0.000000,0.000000,0.999998,0.000000,0.000000,0.000000,0.000000,0.000002,0.000000,6,20260802-184810,kwh,45.822
C:\Users\josep\source\repos\AIOTED-digital\04_joe_lcd_20x32\4_main_dig6_20260802-190010.jpg,4,4,0.999536,0.000000,0.000000,0.000000,0.000000,0.999536,0.000000,0.000000,0.000000,0.000000,0.000464,0.000000,6,20260802-190010,kwh,61.777
C:\Users\josep\source\repos\AIOTED-digital\04_joe_lcd_20x32\4_main_dig6_20260807-002813.jpg,4,4,0.998637,0.000076,0.000037,0.000000,0.000000,0.998637,0.000015,0.000000,0.000000,0.000008,0.001201,0.000026,6,20260807-002813,kwh,32.121
C:\Users\josep\source\repos\AIOTED-digital\04_joe_lcd_20x32\4_main_dig6_20260807-004013.jpg,4,4,0.989617,0.000926,0.000120,0.000000,0.000000,0.989617,0.000102,0.000001,0.000001,0.000117,0.009082,0.000034,6,20260807-004013,kwh,31.784
C:\Users\josep\source\repos\AIOTED-digital\04_joe_lcd_20x32\4_main_dig6_20260807-004813.jpg,4,4,0.993660,0.000158,0.000060,0.000000,0.000000,0.993660,0.000088,0.000001,0.000000,0.000040,0.005849,0.000143,6,20260807-004813,kwh,32.153
C:\Users\josep\source\repos\AIOTED-digital\04_joe_lcd_20x32\4_main_dig6_20260807-010013.jpg,4,4,0.990179,0.000388,0.000072,0.000000,0.000000,0.990179,0.000095,0.000001,0.000001,0.000078,0.009116,0.000069,6,20260807-010013,kwh,32.153
C:\Users\josep\source\repos\AIOTED-digital\04_joe_lcd_20x32\4_main_dig6_20260819-004557.jpg,4,4,0.994909,0.000073,0.000570,0.000000,0.000001,0.994909,0.000191,0.000006,0.000001,0.000119,0.004125,0.000005,6,20260819-004557,kwh,30.227
C:\Users\josep\source\repos\AIOTED-digital\04_joe_lcd_20x32\4_main_dig6_20260819-013757.jpg,4,4,0.993219,0.000055,0.000451,0.000000,0.000001,0.993219,0.000572,0.000010,0.000001,0.000116,0.005568,0.000007,6,20260819-013757,kwh,29.940
C:\Users\josep\source\repos\AIOTED-digital\04_joe_lcd_20x32\4_main_dig6_20260819-014557.jpg,4,4,0.995280,0.000078,0.000875,0.000000,0.000001,0.995280,0.000182,0.000006,0.000001,0.000109,0.003460,0.000008,6,20260819-014557,kwh,31.133
C:\Users\josep\source\repos\AIOTED-digital\04_joe_lcd_20x32\4_main_dig6_20260819-103356.jpg,4,4,0.985474,0.000004,0.000030,0.000011,0.000050,0.985474,0.000021,0.000061,0.000001,0.001021,0.001746,0.011581,6,20260819-103356,kwh,85.270
C:\Users\josep\source\repos\AIOTED-digital\04_joe_lcd_20x32\4_main_dig6_20260819-183355.jpg,4,4,1.000000,0.000000,0.000000,0.000000,0.000000,1.000000,0.000000,0.000000,0.000000,0.000000,0.000000,0.000000,6,20260819-183355,kwh,33.123
C:\Users\josep\source\repos\AIOTED-digital\04_joe_lcd_20x32\4_main_dig6_20260819-184155.jpg,4,4,1.000000,0.000000,0.000000,0.000000,0.000000,1.000000,0.000000,0.000000,0.000000,0.000000,0.000000,0.000000,6,20260819-184155,kwh,31.584
C:\Users\josep\source\repos\AIOTED-digital\04_joe_lcd_20x32\4_main_dig6_20260827-112941.jpg,4,4,1.000000,0.000000,0.000000,0.000000,0.000000,1.000000,0.000000,0.000000,0.000000,0.000000,0.000000,0.000000,6,20260827-112941,kwh,77.989
C:\Users\josep\source\repos\AIOTED-digital\04_joe_lcd_20x32\4_main_dig6_20260827-154541.jpg,4,4,0.999999,0.000000,0.000000,0.000000,0.000000,0.999999,0.000000,0.000000,0.000000,0.000000,0.000001,0.000000,6,20260827-154541,kwh,55.602
C:\Users\josep\source\repos\AIOTED-digital\04_joe_lcd_20x32\4_main_dig6_20260906-095456.jpg,4,4,0.851143,0.000140,0.000071,0.000000,0.000042,0.851143,0.001080,0.000003,0.000007,0.000475,0.143348,0.003690,6,20260906-095456,kwh,90.295
C:\Users\josep\source\repos\AIOTED-digital\04_joe_lcd_20x32\4_main_dig6_20260906-145925.jpg,4,4,1.000000,0.000000,0.000000,0.000000,0.000000,1.000000,0.000000,0.000000,0.000000,0.000000,0.000000,0.000000,6,20260906-145925,kwh,69.319
C:\Users\josep\source\repos\AIOTED-digital\04_joe_lcd_20x32\4_main_dig6_20260907-071924.jpg,4,4,0.999885,0.000000,0.000000,0.000000,0.000000,0.999885,0.000000,0.000000,0.000000,0.000000,0.000114,0.000000,6,20260907-071924,kwh,34.103
C:\Users\josep\source\repos\AIOTED-digital\04_joe_lcd_20x32\4_main_dig6_20260907-072724.jpg,4,4,0.999592,0.000000,0.000000,0.000000,0.000000,0.999592,0.000001,0.000000,0.000000,0.000000,0.000408,0.000000,6,20260907-072724,kwh,34.175
C:\Users\josep\source\repos\AIOTED-digital\04_joe_lcd_20x32\4_main_dig6_20260907-125523.jpg,4,4,0.999999,0.000000,0.000000,0.000000,0.000000,0.999999,0.000000,0.000000,0.000000,0.000000,0.000001,0.000000,6,20260907-125523,kwh,63.617
C:\Users\josep\source\repos\AIOTED-digital\04_joe_lcd_20x32\4_main_dig6_20260911-125228.jpg,4,4,0.999996,0.000000,0.000000,0.000000,0.000000,0.999996,0.000000,0.000000,0.000000,0.000000,0.000004,0.000000,6,20260911-125228,kwh,71.198
C:\Users\josep\source\repos\AIOTED-digital\04_joe_lcd_20x32\4_main_dig6_20260911-130428.jpg,4,4,0.999998,0.000000,0.000000,0.000000,0.000000,0.999998,0.000000,0.000000,0.000000,0.000000,0.000002,0.000000,6,20260911-130428,kwh,70.241
C:\Users\josep\source\repos\AIOTED-digital\04_joe_lcd_20x32\4_main_dig6_20260911-165228.jpg,4,4,0.999999,0.000000,0.000000,0.000000,0.000000,0.999999,0.000000,0.000000,0.000000,0.000000,0.000001,0.000000,6,20260911-165228,kwh,43.960
C:\Users\josep\source\repos\AIOTED-digital\04_joe_lcd_20x32\4_main_dig6_20260911-170028.jpg,4,4,1.000000,0.000000,0.000000,0.000000,0.000000,1.000000,0.000000,0.000000,0.000000,0.000000,0.000000,0.000000,6,20260911-170028,kwh,41.331
C:\Users\josep\source\repos\AIOTED-digital\04_joe_lcd_20x32\4_main_dig6_20260915-151736.jpg,4,4,0.999945,0.000000,0.000001,0.000000,0.000000,0.999945,0.000001,0.000000,0.000000,0.000000,0.000044,0.000009,6,20260915-151736,kwh,57.826
C:\Users\josep\source\repos\AIOTED-digital\04_joe_lcd_20x32\4_main_dig6_20260915-152536.jpg,4,4,0.999981,0.000000,0.000000,0.000000,0.000000,0.999981,0.000000,0.000000,0.000000,0.000000,0.000015,0.000004,6,20260915-152536,kwh,71.053
C:\Users\josep\source\repos\AIOTED-digital\04_joe_lcd_20x32\4_main_dig6_20260928-055441.jpg,4,4,0.976249,0.000291,0.001784,0.000000,0.000024,0.976249,0.000959,0.000033,0.000020,0.000667,0.019956,0.000018,6,20260928-055441,kwh,22.781
C:\Users\josep\source\repos\AIOTED-digital\04_joe_lcd_20x32\4_main_dig6_20260928-061441.jpg,4,4,0.938892,0.003092,0.009148,0.000003,0.000094,0.938892,0.002179,0.000158,0.000165,0.004206,0.042008,0.000056,6,20260928-061441,kwh,22.727
C:\Users\josep\source\repos\AIOTED-digital\04_joe_lcd_20x32\4_main_dig6_20260928-062641.jpg,4,4,0.867071,0.000715,0.001412,0.000002,0.000352,0.867071,0.006438,0.000330,0.000067,0.007226,0.116336,0.000052,6,20260928-062641,kwh,22.747
C:\Users\josep\source\repos\AIOTED-digital\04_joe_lcd_20x32\4_main_dig6_20260928-064641.jpg,4,4,0.996548,0.000021,0.000102,0.000000,0.000000,0.996548,0.000173,0.000002,0.000000,0.000034,0.003118,0.000001,6,20260928-064641,kwh,22.734
C:\Users\josep\source\repos\AIOTED-digital\04_joe_lcd_20x32\4_main_dig6_20260928-065441.jpg,4,4,0.994007,0.000049,0.000217,0.000000,0.000001,0.994007,0.000286,0.000003,0.000001,0.000063,0.005368,0.000003,6,20260928-065441,kwh,21.395
C:\Users\josep\source\repos\AIOTED-digital\04_joe_lcd_20x32\4_main_dig6_20260928-152240.jpg,4,4,0.999997,0.000000,0.000000,0.000000,0.000000,0.999997,0.000000,0.000000,0.000000,0.000000,0.000002,0.000000,6,20260928-152240,kwh,64.794
C:\Users\josep\source\repos\AIOTED-digital\04_joe_lcd_20x32\5_main_dig2_20260802-072644.jpg,5,5,1.000000,0.000000,0.000000,0.000000,0.000000,0.000000,1.000000,0.000000,0.000000,0.000000,0.000000,0.000000,2,20260802-072644,kwh,110.850
C:\Users\josep\source\repos\AIOTED-digital\04_joe_lcd_20x32\5_main_dig2_20260802-190010.jpg,5,5,1.000000,0.000000,0.000000,0.000000,0.000000,0.000000,1.000000,0.000000,0.000000,0.000000,0.000000,0.000000,2,20260802-190010,kwh,115.086
C:\Users\josep\source\repos\AIOTED-digital\04_joe_lcd_20x32\5_main_dig2_20260802-194010.jpg,5,5,1.000000,0.000000,0.000000,0.000000,0.000000,0.000000,1.000000,0.000000,0.000000,0.000000,0.000000,0.000000,2,20260802-194010,kwh,126.978
C:\Users\josep\source\repos\AIOTED-digital\04_joe_lcd_20x32\5_main_dig2_20260802-202010.jpg,5,5,1.000000,0.000000,0.000000,0.000000,0.000000,0.000000,1.000000,0.000000,0.000000,0.000000,0.000000,0.000000,2,20260802-202010,kwh,143.723
C:\Users\josep\source\repos\AIOTED-digital\04_joe_lcd_20x32\5_main_dig2_20260802-202810.jpg,5,5,1.000000,0.000000,0.000000,0.000000,0.000000,0.000000,1.000000,0.000000,0.000000,0.000000,0.000000,0.000000,2,20260802-202810,kwh,145.723
C:\Users\josep\source\repos\AIOTED-digital\04_joe_lcd_20x32\5_main_dig2_20260802-203610.jpg,5,5,1.000000,0.000000,0.000000,0.000000,0.000000,0.000000,1.000000,0.000000,0.000000,0.000000,0.000000,0.000000,2,20260802-203610,kwh,146.036
C:\Users\josep\source\repos\AIOTED-digital\04_joe_lcd_20x32\5_main_dig2_20260802-204810.jpg,5,5,1.000000,0.000000,0.000000,0.000000,0.000000,0.000000,1.000000,0.000000,0.000000,0.000000,0.000000,0.000000,2,20260802-204810,kwh,143.985
C:\Users\josep\source\repos\AIOTED-digital\04_joe_lcd_20x32\5_main_dig2_20260802-210810.jpg,5,5,1.000000,0.000000,0.000000,0.000000,0.000000,0.000000,1.000000,0.000000,0.000000,0.000000,0.000000,0.000000,2,20260802-210810,kwh,144.370
C:\Users\josep\source\repos\AIOTED-digital\04_joe_lcd_20x32\5_main_dig2_20260802-212810.jpg,5,5,1.000000,0.000000,0.000000,0.000000,0.000000,0.000000,1.000000,0.000000,0.000000,0.000000,0.000000,0.000000,2,20260802-212810,kwh,144.173
C:\Users\josep\source\repos\AIOTED-digital\04_joe_lcd_20x32\5_main_dig2_20260802-213610.jpg,5,5,1.000000,0.000000,0.000000,0.000000,0.000000,0.000000,1.000000,0.000000,0.000000,0.000000,0.000000,0.000000,2,20260802-213610,kwh,144.203
C:\Users\josep\source\repos\AIOTED-digital\04_joe_lcd_20x32\5_main_dig2_20260802-214810.jpg,5,5,1.000000,0.000000,0.000000,0.000000,0.000000,0.000000,1.000000,0.000000,0.000000,0.000000,0.000000,0.000000,2,20260802-214810,kwh,143.125
C:\Users\josep\source\repos\AIOTED-digital\04_joe_lcd_20x32\5_main_dig2_20260802-215610.jpg,5,5,1.000000,0.000000,0.000000,0.000000,0.000000,0.000000,1.000000,0.000000,0.000000,0.000000,0.000000,0.000000,2,20260802-215610,kwh,142.407
C:\Users\josep\source\repos\AIOTED-digital\04_joe_lcd_20x32\5_main_dig2_20260802-220810.jpg,5,5,1.000000,0.000000,0.000000,0.000000,0.000000,0.000000,1.000000,0.000000,0.000000,0.000000,0.000000,0.000000,2,20260802-220810,kwh,144.895
C:\Users\josep\source\repos\AIOTED-digital\04_joe_lcd_20x32\5_main_dig2_20260802-221610.jpg,5,5,1.000000,0.000000,0.000000,0.000000,0.000000,0.000000,1.000000,0.000000,0.000000,0.000000,0.000000,0.000000,2,20260802-221610,kwh,145.263
C:\Users\josep\source\repos\AIOTED-digital\04_joe_lcd_20x32\5_main_dig2_20260802-230810.jpg,5,5,1.000000,0.000000,0.000000,0.000000,0.000000,0.000000,1.000000,0.000000,0.000000,0.000000,0.000000,0.000000,2,20260802-230810,kwh,144.086
C:\Users\josep\source\repos\AIOTED-digital\04_joe_lcd_20x32\5_main_dig2_20260802-234810.jpg,5,5,1.000000,0.000000,0.000000,0.000000,0.000000,0.000000,1.000000,0.000000,0.000000,0.000000,0.000000,0.000000,2,20260802-234810,kwh,144.262
C:\Users\josep\source\repos\AIOTED-digital\04_joe_lcd_20x32\5_main_dig2_20260807-000813.jpg,5,5,1.000000,0.000000,0.000000,0.000000,0.000000,0.000000,1.000000,0.000000,0.000000,0.000000,0.000000,0.000000,2,20260807-000813,kwh,106.059
C:\Users\josep\source\repos\AIOTED-digital\04_joe_lcd_20x32\5_main_dig2_20260807-004013.jpg,5,5,1.000000,0.000000,0.000000,0.000000,0.000000,0.000000,1.000000,0.000000,0.000000,0.000000,0.000000,0.000000,2,20260807-004013,kwh,106.185
C:\Users\josep\source\repos\AIOTED-digital\04_joe_lcd_20x32\5_main_dig2_20260807-010013.jpg,5,5,1.000000,0.000000,0.000000,0.000000,0.000000,0.000000,1.000000,0.000000,0.000000,0.000000,0.000000,0.000000,2,20260807-010013,kwh,106.070
C:\Users\josep\source\repos\AIOTED-digital\04_joe_lcd_20x32\5_main_dig2_20260807-012013.jpg,5,5,1.000000,0.000000,0.000000,0.000000,0.000000,0.000000,1.000000,0.000000,0.000000,0.000000,0.000000,0.000000,2,20260807-012013,kwh,105.799
C:\Users\josep\source\repos\AIOTED-digital\04_joe_lcd_20x32\5_main_dig2_20260807-012813.jpg,5,5,1.000000,0.000000,0.000000,0.000000,0.000000,0.000000,1.000000,0.000000,0.000000,0.000000,0.000000,0.000000,2,20260807-012813,kwh,106.282
C:\Users\josep\source\repos\AIOTED-digital\04_joe_lcd_20x32\5_main_dig2_20260807-014813.jpg,5,5,1.000000,0.000000,0.000000,0.000000,0.000000,0.000000,1.000000,0.000000,0.000000,0.000000,0.000000,0.000000,2,20260807-014813,kwh,107.378
C:\Users\josep\source\repos\AIOTED-digital\04_joe_lcd_20x32\5_main_dig2_20260807-022013.jpg,5,5,1.000000,0.000000,0.000000,0.000000,0.000000,0.000000,1.000000,0.000000,0.000000,0.000000,0.000000,0.000000,2,20260807-022013,kwh,106.396
C:\Users\josep\source\repos\AIOTED-digital\04_joe_lcd_20x32\5_main_dig2_20260807-024813.jpg,5,5,1.000000,0.000000,0.000000,0.000000,0.000000,0.000000,1.000000,0.000000,0.000000,0.000000,0.000000,0.000000,2,20260807-024813,kwh,105.842
C:\Users\josep\source\repos\AIOTED-digital\04_joe_lcd_20x32\5_main_dig2_20260807-030013.jpg,5,5,1.000000,0.000000,0.000000,0.000000,0.000000,0.000000,1.000000,0.000000,0.000000,0.000000,0.000000,0.000000,2,20260807-030013,kwh,106.093
C:\Users\josep\source\repos\AIOTED-digital\04_joe_lcd_20x32\5_main_dig2_20260807-034813.jpg,5,5,1.000000,0.000000,0.000000,0.000000,0.000000,0.000000,1.000000,0.000000,0.000000,0.000000,0.000000,0.000000,2,20260807-034813,kwh,105.775
C:\Users\josep\source\repos\AIOTED-digital\04_joe_lcd_20x32\5_main_dig2_20260807-040813.jpg,5,5,1.000000,0.000000,0.000000,0.000000,0.000000,0.000000,1.000000,0.000000,0.000000,0.000000,0.000000,0.000000,2,20260807-040813,kwh,105.364
C:\Users\josep\source\repos\AIOTED-digital\04_joe_lcd_20x32\5_main_dig2_20260807-051613.jpg,5,5,1.000000,0.000000,0.000000,0.000000,0.000000,0.000000,1.000000,0.000000,0.000000,0.000000,0.000000,0.000000,2,20260807-051613,kwh,106.112
C:\Users\josep\source\repos\AIOTED-digital\04_joe_lcd_20x32\5_main_dig2_20260807-053613.jpg,5,5,1.000000,0.000000,0.000000,0.000000,0.000000,0.000000,1.000000,0.000000,0.000000,0.000000,0.000000,0.000000,2,20260807-053613,kwh,105.469
C:\Users\josep\source\repos\AIOTED-digital\04_joe_lcd_20x32\5_main_dig2_20260807-060813.jpg,5,5,1.000000,0.000000,0.000000,0.000000,0.000000,0.000000,1.000000,0.000000,0.000000,0.000000,0.000000,0.000000,2,20260807-060813,kwh,103.228
C:\Users\josep\source\repos\AIOTED-digital\04_joe_lcd_20x32\5_main_dig2_20260807-061613.jpg,5,5,1.000000,0.000000,0.000000,0.000000,0.000000,0.000000,1.000000,0.000000,0.000000,0.000000,0.000000,0.000000,2,20260807-061613,kwh,101.607
C:\Users\josep\source\repos\AIOTED-digital\04_joe_lcd_20x32\5_main_dig2_20260807-062813.jpg,5,5,1.000000,0.000000,0.000000,0.000000,0.000000,0.000000,1.000000,0.000000,0.000000,0.000000,0.000000,0.000000,2,20260807-062813,kwh,97.377
C:\Users\josep\source\repos\AIOTED-digital\04_joe_lcd_20x32\5_main_dig2_20260807-063613.jpg,5,5,1.000000,0.000000,0.000000,0.000000,0.000000,0.000000,1.000000,0.000000,0.000000,0.000000,0.000000,0.000000,2,20260807-063613,kwh,97.819
C:\Users\josep\source\repos\AIOTED-digital\04_joe_lcd_20x32\5_main_dig2_20260819-094556.jpg,5,5,1.000000,0.000000,0.000000,0.000000,0.000000,0.000000,1.000000,0.000000,0.000000,0.000000,0.000000,0.000000,2,20260819-094556,kwh,72.154
C:\Users\josep\source\repos\AIOTED-digital\04_joe_lcd_20x32\5_main_dig2_20260827-142541.jpg,5,5,1.000000,0.000000,0.000000,0.000000,0.000000,0.000000,1.000000,0.000000,0.000000,0.000000,0.000000,0.000000,2,20260827-142541,kwh,75.120
C:\Users\josep\source\repos\AIOTED-digital\04_joe_lcd_20x32\5_main_dig2_20260906-151125.jpg,5,5,1.000000,0.000000,0.000000,0.000000,0.000000,0.000000,1.000000,0.000000,0.000000,0.000000,0.000000,0.000000,2,20260906-151125,kwh,78.009
C:\Users\josep\source\repos\AIOTED-digital\04_joe_lcd_20x32\5_main_dig2_20260906-171925.jpg,5,5,1.000000,0.000000,0.000000,0.000000,0.000000,0.000000,1.000000,0.000000,0.000000,0.000000,0.000000,0.000000,2,20260906-171925,kwh,88.581
C:\Users\josep\source\repos\AIOTED-digital\04_joe_lcd_20x32\5_main_dig2_20260907-084723.jpg,5,5,1.000000,0.000000,0.000000,0.000000,0.000000,0.000000,1.000000,0.000000,0.000000,0.000000,0.000000,0.000000,2,20260907-084723,kwh,74.890
C:\Users\josep\source\repos\AIOTED-digital\04_joe_lcd_20x32\5_main_dig2_20260911-085559.jpg,5,5,1.000000,0.000000,0.000000,0.000000,0.000000,0.000000,1.000000,0.000000,0.000000,0.000000,0.000000,0.000000,2,20260911-085559,kwh,73.198
C:\Users\josep\source\repos\AIOTED-digital\04_joe_lcd_20x32\5_main_dig2_20260911-184028.jpg,5,5,1.000000,0.000000,0.000000,0.000000,0.000000,0.000000,1.000000,0.000000,0.000000,0.000000,0.000000,0.000000,2,20260911-184028,kwh,93.243
C:\Users\josep\source\repos\AIOTED-digital\04_joe_lcd_20x32\5_main_dig2_20260915-151736.jpg,5,5,1.000000,0.000000,0.000000,0.000000,0.000000,0.000000,1.000000,0.000000,0.000000,0.000000,0.000000,0.000000,2,20260915-151736,kwh,78.634
C:\Users\josep\source\repos\AIOTED-digital\04_joe_lcd_20x32\5_main_dig2_20260928-145440.jpg,5,5,1.000000,0.000000,0.000000,0.000000,0.000000,0.000000,1.000000,0.000000,0.000000,0.000000,0.000000,0.000000,2,20260928-145440,kwh,66.037
C:\Users\josep\source\repos\AIOTED-digital\04_joe_lcd_20x32\5_main_dig4_20260802-072644.jpg,5,5,1.000000,0.000000,0.000000,0.000000,0.000000,0.000000,1.000000,0.000000,0.000000,0.000000,0.000000,0.000000,4,20260802-072644,kwh,89.790
C:\Users\josep\source\repos\AIOTED-digital\04_joe_lcd_20x32\5_main_dig4_20260802-135444.jpg,5,5,1.000000,0.000000,0.000000,0.000000,0.000000,0.000000,1.000000,0.000000,0.000000,0.000000,0.000000,0.000000,4,20260802-135444,kwh,150.923
C:\Users\josep\source\repos\AIOTED-digital\04_joe_lcd_20x32\5_main_dig4_20260802-201610.jpg,5,5,1.000000,0.000000,0.000000,0.000000,0.000000,0.000000,1.000000,0.000000,0.000000,0.000000,0.000000,0.000000,4,20260802-201610,kwh,100.403
C:\Users\josep\source\repos\AIOTED-digital\04_joe_lcd_20x32\5_main_dig4_20260802-202010.jpg,5,5,1.000000,0.000000,0.000000,0.000000,0.000000,0.000000,1.000000,0.000000,0.000000,0.000000,0.000000,0.000000,4,20260802-202010,kwh,95.986
C:\Users\josep\source\repos\AIOTED-digital\04_joe_lcd_20x32\5_main_dig4_20260802-202810.jpg,5,5,1.000000,0.000000,0.000000,0.000000,0.000000,0.000000,1.000000,0.000000,0.000000,0.000000,0.000000,0.000000,4,20260802-202810,kwh,102.351
C:\Users\josep\source\repos\AIOTED-digital\04_joe_lcd_20x32\5_main_dig4_20260802-203610.jpg,5,5,0.999998,0.000000,0.000000,0.000000,0.000000,0.000000,0.999998,0.000002,0.000000,0.000000,0.000000,0.000000,4,20260802-203610,kwh,97.983
C:\Users\josep\source\repos\AIOTED-digital\04_joe_lcd_20x32\5_main_dig4_20260802-204010.jpg,5,5,1.000000,0.000000,0.000000,0.000000,0.000000,0.000000,1.000000,0.000000,0.000000,0.000000,0.000000,0.000000,4,20260802-204010,kwh,102.239
C:\Users\josep\source\repos\AIOTED-digital\04_joe_lcd_20x32\5_main_dig4_20260802-204810.jpg,5,5,0.999998,0.000000,0.000000,0.000000,0.000000,0.000000,0.999998,0.000002,0.000000,0.000000,0.000000,0.000000,4,20260802-204810,kwh,101.451
C:\Users\josep\source\repos\AIOTED-digital\04_joe_lcd_20x32\5_main_dig4_20260802-205610.jpg,5,5,0.999999,0.000000,0.000000,0.000000,0.000000,0.000000,0.999999,0.000001,0.000000,0.000000,0.000000,0.000000,4,20260802-205610,kwh,101.877
C:\Users\josep\source\repos\AIOTED-digital\04_joe_lcd_20x32\5_main_dig4_20260802-210810.jpg,5,5,1.000000,0.000000,0.000000,0.000000,0.000000,0.000000,1.000000,0.000000,0.000000,0.000000,0.000000,0.000000,4,20260802-210810,kwh,98.271
C:\Users\josep\source\repos\AIOTED-digital\04_joe_lcd_20x32\5_main_dig4_20260802-211610.jpg,5,5,0.999999,0.000000,0.000000,0.000000,0.000000,0.000000,0.999999,0.000001,0.000000,0.000000,0.000000,0.000000,4,20260802-211610,kwh,102.927
C:\Users\josep\source\repos\AIOTED-digital\04_joe_lcd_20x32\5_main_dig4_20260802-212810.jpg,5,5,1.000000,0.000000,0.000000,0.000000,0.000000,0.000000,1.000000,0.000000,0.000000,0.000000,0.000000,0.000000,4,20260802-212810,kwh,100.218
C:\Users\josep\source\repos\AIOTED-digital\04_joe_lcd_20x32\5_main_dig4_20260802-213610.jpg,5,5,1.000000,0.000000,0.000000,0.000000,0.000000,0.000000,1.000000,0.000000,0.000000,0.000000,0.000000,0.000000,4,20260802-213610,kwh,99.087
C:\Users\josep\source\repos\AIOTED-digital\04_joe_lcd_20x32\5_main_dig4_20260802-214810.jpg,5,5,0.999999,0.000000,0.000000,0.000000,0.000000,0.000000,0.999999,0.000001,0.000000,0.000000,0.000000,0.000000,4,20260802-214810,kwh,101.377
C:\Users\josep\source\repos\AIOTED-digital\04_joe_lcd_20x32\5_main_dig4_20260802-215610.jpg,5,5,1.000000,0.000000,0.000000,0.000000,0.000000,0.000000,1.000000,0.000000,0.000000,0.000000,0.000000,0.000000,4,20260802-215610,kwh,103.291
C:\Users\josep\source\repos\AIOTED-digital\04_joe_lcd_20x32\5_main_dig4_20260802-220810.jpg,5,5,1.000000,0.000000,0.000000,0.000000,0.000000,0.000000,1.000000,0.000000,0.000000,0.000000,0.000000,0.000000,4,20260802-220810,kwh,98.644
C:\Users\josep\source\repos\AIOTED-digital\04_joe_lcd_20x32\5_main_dig4_20260802-221610.jpg,5,5,1.000000,0.000000,0.000000,0.000000,0.000000,0.000000,1.000000,0.000000,0.000000,0.000000,0.000000,0.000000,4,20260802-221610,kwh,103.226
C:\Users\josep\source\repos\AIOTED-digital\04_joe_lcd_20x32\5_main_dig4_20260802-222810.jpg,5,5,0.999998,0.000000,0.000000,0.000000,0.000000,0.000000,0.999998,0.000002,0.000000,0.000000,0.000000,0.000000,4,20260802-222810,kwh,101.696
C:\Users\josep\source\repos\AIOTED-digital\04_joe_lcd_20x32\5_main_dig4_20260802-223610.jpg,5,5,0.999999,0.000000,0.000000,0.000000,0.000000,0.000000,0.999999,0.000001,0.000000,0.000000,0.000000,0.000000,4,20260802-223610,kwh,104.159
C:\Users\josep\source\repos\AIOTED-digital\04_joe_lcd_20x32\5_main_dig4_20260802-224810.jpg,5,5,0.999999,0.000000,0.000000,0.000000,0.000000,0.000000,0.999999,0.000001,0.000000,0.000000,0.000000,0.000000,4,20260802-224810,kwh,103.403
C:\Users\josep\source\repos\AIOTED-digital\04_joe_lcd_20x32\5_main_dig4_20260802-225610.jpg,5,5,1.000000,0.000000,0.000000,0.000000,0.000000,0.000000,1.000000,0.000000,0.000000,0.000000,0.000000,0.000000,4,20260802-225610,kwh,98.030
C:\Users\josep\source\repos\AIOTED-digital\04_joe_lcd_20x32\5_main_dig4_20260802-230810.jpg,5,5,1.000000,0.000000,0.000000,0.000000,0.000000,0.000000,1.000000,0.000000,0.000000,0.000000,0.000000,0.000000,4,20260802-230810,kwh,101.706
C:\Users\josep\source\repos\AIOTED-digital\04_joe_lcd_20x32\5_main_dig4_20260802-231610.jpg,5,5,0.999999,0.000000,0.000000,0.000000,0.000000,0.000000,0.999999,0.000001,0.000000,0.000000,0.000000,0.000000,4,20260802-231610,kwh,100.970
C:\Users\josep\source\repos\AIOTED-digital\04_joe_lcd_20x32\5_main_dig4_20260802-232810.jpg,5,5,0.999998,0.000000,0.000000,0.000000,0.000000,0.000000,0.999998,0.000002,0.000000,0.000000,0.000000,0.000000,4,20260802-232810,kwh,99.914
C:\Users\josep\source\repos\AIOTED-digital\04_joe_lcd_20x32\5_main_dig4_20260802-233610.jpg,5,5,1.000000,0.000000,0.000000,0.000000,0.000000,0.000000,1.000000,0.000000,0.000000,0.000000,0.000000,0.000000,4,20260802-233610,kwh,101.301
C:\Users\josep\source\repos\AIOTED-digital\04_joe_lcd_20x32\5_main_dig4_20260802-234810.jpg,5,5,1.000000,0.000000,0.000000,0.000000,0.000000,0.000000,1.000000,0.000000,0.000000,0.000000,0.000000,0.000000,4,20260802-234810,kwh,97.720
C:\Users\josep\source\repos\AIOTED-digital\04_joe_lcd_20x32\5_main_dig4_20260802-235610.jpg,5,5,1.000000,0.000000,0.000000,0.000000,0.000000,0.000000,1.000000,0.000000,0.000000,0.000000,0.000000,0.000000,4,20260802-235610,kwh,97.737
C:\Users\josep\source\repos\AIOTED-digital\04_joe_lcd_20x32\5_main_dig5_20260819-124556.jpg,5,5,1.000000,0.000000,0.000000,0.000000,0.000000,0.000000,1.000000,0.000000,0.000000,0.000000,0.000000,0.000000,5,20260819-124556,kwh,72.858
C:\Users\josep\source\repos\AIOTED-digital\04_joe_lcd_20x32\5_main_dig5_20260819-133356.jpg,5,5,1.000000,0.000000,0.000000,0.000000,0.000000,0.000000,1.000000,0.000000,0.000000,0.000000,0.000000,0.000000,5,20260819-133356,kwh,65.156
C:\Users\josep\source\repos\AIOTED-digital\04_joe_lcd_20x32\5_main_dig5_20260819-162156.jpg,5,5,1.000000,0.000000,0.000000,0.000000,0.000000,0.000000,1.000000,0.000000,0.000000,0.000000,0.000000,0.000000,5,20260819-162156,kwh,59.010
C:\Users\josep\source\repos\AIOTED-digital\04_joe_lcd_20x32\5_main_dig5_20260827-234540.jpg,5,5,0.998894,0.000000,0.000000,0.000000,0.000000,0.000001,0.998894,0.000011,0.000000,0.000000,0.001093,0.000000,5,20260827-234540,kwh,64.737
C:\Users\josep\source\repos\AIOTED-digital\04_joe_lcd_20x32\5_main_dig5_20260827-235340.jpg,5,5,0.999799,0.000000,0.000000,0.000000,0.000000,0.000000,0.999799,0.000014,0.000000,0.000000,0.000188,0.000000,5,20260827-235340,kwh,63.214
C:\Users\josep\source\repos\AIOTED-digital\04_joe_lcd_20x32\5_main_dig5_20260907-152723.jpg,5,5,1.000000,0.000000,0.000000,0.000000,0.000000,0.000000,1.000000,0.000000,0.000000,0.000000,0.000000,0.000000,5,20260907-152723,kwh,62.374
C:\Users\josep\source\repos\AIOTED-digital\04_joe_lcd_20x32\5_main_dig5_20260907-153523.jpg,5,5,1.000000,0.000000,0.000000,0.000000,0.000000,0.000000,1.000000,0.000000,0.000000,0.000000,0.000000,0.000000,5,20260907-153523,kwh,62.366
C:\Users\josep\source\repos\AIOTED-digital\04_joe_lcd_20x32\5_main_dig5_20260907-154723.jpg,5,5,1.000000,0.000000,0.000000,0.000000,0.000000,0.000000,1.000000,0.000000,0.000000,0.000000,0.000000,0.000000,5,20260907-154723,kwh,54.191
C:\Users\josep\source\repos\AIOTED-digital\04_joe_lcd_20x32\5_main_dig5_20260907-155523.jpg,5,5,1.000000,0.000000,0.000000,0.000000,0.000000,0.000000,1.000000,0.000000,0.000000,0.000000,0.000000,0.000000,5,20260907-155523,kwh,53.775
C:\Users\josep\source\repos\AIOTED-digital\04_joe_lcd_20x32\5_main_dig5_20260907-171523.jpg,5,5,1.000000,0.000000,0.000000,0.000000,0.000000,0.000000,1.000000,0.000000,0.000000,0.000000,0.000000,0.000000,5,20260907-171523,kwh,52.361
C:\Users\josep\source\repos\AIOTED-digital\04_joe_lcd_20x32\5_main_dig5_20260907-174323.jpg,5,5,0.999989,0.000000,0.000000,0.000000,0.000000,0.000000,0.999989,0.000011,0.000000,0.000000,0.000000,0.000000,5,20260907-174323,kwh,51.370
C:\Users\josep\source\repos\AIOTED-digital\04_joe_lcd_20x32\5_main_dig5_20260907-175523.jpg,5,5,0.999999,0.000000,0.000000,0.000000,0.000000,0.000000,0.999999,0.000001,0.000000,0.000000,0.000000,0.000000,5,20260907-175523,kwh,50.961
C:\Users\josep\source\repos\AIOTED-digital\04_joe_lcd_20x32\5_main_dig5_20260907-182723.jpg,5,5,0.999997,0.000000,0.000000,0.000000,0.000000,0.000000,0.999997,0.000003,0.000000,0.000000,0.000000,0.000000,5,20260907-182723,kwh,50.964
C:\Users\josep\source\repos\AIOTED-digital\04_joe_lcd_20x32\5_main_dig5_20260907-183523.jpg,5,5,0.999989,0.000000,0.000000,0.000000,0.000000,0.000000,0.999989,0.000011,0.000000,0.000000,0.000000,0.000000,5,20260907-183523,kwh,52.135
C:\Users\josep\source\repos\AIOTED-digital\04_joe_lcd_20x32\5_main_dig5_20260907-185523.jpg,5,5,0.999976,0.000000,0.000000,0.000000,0.000000,0.000000,0.999976,0.000023,0.000000,0.000000,0.000001,0.000000,5,20260907-185523,kwh,53.432
C:\Users\josep\source\repos\AIOTED-digital\04_joe_lcd_20x32\5_main_dig6_20260802-101444.jpg,5,5,0.999999,0.000000,0.000000,0.000000,0.000000,0.000000,0.999999,0.000001,0.000000,0.000000,0.000000,0.000000,6,20260802-101444,kwh,58.330
C:\Users\josep\source\repos\AIOTED-digital\04_joe_lcd_20x32\5_main_dig6_20260802-110644.jpg,5,5,1.000000,0.000000,0.000000,0.000000,0.000000,0.000000,1.000000,0.000000,0.000000,0.000000,0.000000,0.000000,6,20260802-110644,kwh,62.333
C:\Users\josep\source\repos\AIOTED-digital\04_joe_lcd_20x32\5_main_dig6_20260802-190810.jpg,5,5,0.999995,0.000000,0.000000,0.000000,0.000000,0.000000,0.999995,0.000005,0.000000,0.000000,0.000000,0.000000,6,20260802-190810,kwh,58.122
C:\Users\josep\source\repos\AIOTED-digital\04_joe_lcd_20x32\5_main_dig6_20260819-030557.jpg,5,5,0.882600,0.003590,0.000194,0.000002,0.000184,0.004090,0.882600,0.031316,0.000122,0.010642,0.067238,0.000022,6,20260819-030557,kwh,29.198
C:\Users\josep\source\repos\AIOTED-digital\04_joe_lcd_20x32\5_main_dig6_20260819-110556.jpg,5,5,0.916970,0.000000,0.000000,0.000000,0.000000,0.000000,0.916970,0.083030,0.000000,0.000000,0.000000,0.000000,6,20260819-110556,kwh,86.345
C:\Users\josep\source\repos\AIOTED-digital\04_joe_lcd_20x32\5_main_dig6_20260819-191355.jpg,5,5,0.999824,0.000000,0.000000,0.000000,0.000000,0.000000,0.999824,0.000176,0.000000,0.000000,0.000000,0.000000,6,20260819-191355,kwh,30.795
C:\Users\josep\source\repos\AIOTED-digital\04_joe_lcd_20x32\5_main_dig6_20260827-034942.jpg,5,5,0.790251,0.004422,0.000147,0.000003,0.000306,0.015643,0.790251,0.031949,0.000205,0.014986,0.142019,0.000069,6,20260827-034942,kwh,32.951
C:\Users\josep\source\repos\AIOTED-digital\04_joe_lcd_20x32\5_main_dig6_20260827-035742.jpg,5,5,0.860695,0.001819,0.000046,0.000002,0.000294,0.005603,0.860695,0.041123,0.000097,0.011257,0.079017,0.000047,6,20260827-035742,kwh,32.895
C:\Users\josep\source\repos\AIOTED-digital\04_joe_lcd_20x32\5_main_dig6_20260827-115741.jpg,5,5,0.989523,0.000000,0.000000,0.000000,0.000000,0.000000,0.989523,0.010477,0.000000,0.000000,0.000000,0.000000,6,20260827-115741,kwh,92.865
C:\Users\josep\source\repos\AIOTED-digital\04_joe_lcd_20x32\5_main_dig6_20260906-104656.jpg,5,5,0.999543,0.000000,0.000000,0.000000,0.000000,0.000000,0.999543,0.000453,0.000000,0.000000,0.000003,0.000000,6,20260906-104656,kwh,95.146
C:\Users\josep\source\repos\AIOTED-digital\04_joe_lcd_20x32\5_main_dig6_20260906-195124.jpg,5,5,0.922168,0.000143,0.000000,0.000000,0.000001,0.000003,0.922168,0.076899,0.000001,0.000245,0.000538,0.000001,6,20260906-195124,kwh,23.866
C:\Users\josep\source\repos\AIOTED-digital\04_joe_lcd_20x32\5_main_dig6_20260906-195924.jpg,5,5,0.937354,0.000021,0.000000,0.000000,0.000000,0.000003,0.937354,0.062366,0.000000,0.000074,0.000182,0.000000,6,20260906-195924,kwh,23.189
C:\Users\josep\source\repos\AIOTED-digital\04_joe_lcd_20x32\5_main_dig6_20260907-131523.jpg,5,5,0.999977,0.000000,0.000000,0.000000,0.000000,0.000000,0.999977,0.000023,0.000000,0.000000,0.000000,0.000000,6,20260907-131523,kwh,72.052
C:\Users\josep\source\repos\AIOTED-digital\04_joe_lcd_20x32\5_main_dig6_20260907-171523.jpg,5,5,0.999973,0.000000,0.000000,0.000000,0.000000,0.000000,0.999973,0.000027,0.000000,0.000000,0.000000,0.000000,6,20260907-171523,kwh,54.822
C:\Users\josep\source\repos\AIOTED-digital\04_joe_lcd_20x32\5_main_dig6_20260907-232322.jpg,5,5,0.977530,0.000194,0.000007,0.000000,0.000012,0.000369,0.977530,0.014003,0.000007,0.000452,0.007415,0.000011,6,20260907-232322,kwh,25.787
C:\Users\josep\source\repos\AIOTED-digital\04_joe_lcd_20x32\5_main_dig6_20260907-234322.jpg,5,5,0.919014,0.002419,0.000113,0.000005,0.000152,0.002769,0.919014,0.028092,0.000135,0.004540,0.042679,0.000083,6,20260907-234322,kwh,26.240
C:\Users\josep\source\repos\AIOTED-digital\04_joe_lcd_20x32\5_main_dig6_20260911-070800.jpg,5,5,0.999617,0.000000,0.000000,0.000000,0.000000,0.000000,0.999617,0.000383,0.000000,0.000000,0.000000,0.000000,6,20260911-070800,kwh,28.982
C:\Users\josep\source\repos\AIOTED-digital\04_joe_lcd_20x32\5_main_dig6_20260911-071600.jpg,5,5,0.999808,0.000000,0.000000,0.000000,0.000000,0.000000,0.999808,0.000192,0.000000,0.000000,0.000000,0.000000,6,20260911-071600,kwh,34.833
C:\Users\josep\source\repos\AIOTED-digital\04_joe_lcd_20x32\5_main_dig6_20260911-072800.jpg,5,5,0.999838,0.000000,0.000000,0.000000,0.000000,0.000000,0.999838,0.000162,0.000000,0.000000,0.000000,0.000000,6,20260911-072800,kwh,36.366
C:\Users\josep\source\repos\AIOTED-digital\04_joe_lcd_20x32\5_main_dig6_20260911-132429.jpg,5,5,0.999990,0.000000,0.000000,0.000000,0.000000,0.000000,0.999990,0.000010,0.000000,0.000000,0.000000,0.000000,6,20260911-132429,kwh,64.261
C:\Users\josep\source\repos\AIOTED-digital\04_joe_lcd_20x32\5_main_dig6_20260911-133229.jpg,5,5,0.999977,0.000000,0.000000,0.000000,0.000000,0.000000,0.999977,0.000023,0.000000,0.000000,0.000000,0.000000,6,20260911-133229,kwh,66.921
C:\Users\josep\source\repos\AIOTED-digital\04_joe_lcd_20x32\5_main_dig6_20260911-171228.jpg,5,5,0.999637,0.000000,0.000000,0.000000,0.000000,0.000000,0.999637,0.000363,0.000000,0.000000,0.000000,0.000000,6,20260911-171228,kwh,42.927
C:\Users\josep\source\repos\AIOTED-digital\04_joe_lcd_20x32\5_main_dig6_20260911-222828.jpg,5,5,0.678655,0.024579,0.000397,0.000030,0.001243,0.004683,0.678655,0.039655,0.001055,0.048785,0.200803,0.000115,6,20260911-222828,kwh,26.797
C:\Users\josep\source\repos\AIOTED-digital\04_joe_lcd_20x32\5_main_dig6_20260911-232828.jpg,5,5,0.917422,0.000889,0.000137,0.000009,0.000541,0.002257,0.917422,0.047140,0.000156,0.004929,0.026360,0.000158,6,20260911-232828,kwh,25.506
C:\Users\josep\source\repos\AIOTED-digital\04_joe_lcd_20x32\5_main_dig6_20260915-072936.jpg,5,5,0.971581,0.000000,0.000000,0.000000,0.000000,0.000000,0.971581,0.028407,0.000000,0.000002,0.000009,0.000000,6,20260915-072936,kwh,22.876
C:\Users\josep\source\repos\AIOTED-digital\04_joe_lcd_20x32\5_main_dig6_20260915-073736.jpg,5,5,0.986099,0.000000,0.000000,0.000000,0.000000,0.000000,0.986099,0.013901,0.000000,0.000000,0.000000,0.000000,6,20260915-073736,kwh,25.104
C:\Users\josep\source\repos\AIOTED-digital\04_joe_lcd_20x32\5_main_dig6_20260915-074936.jpg,5,5,0.990748,0.000000,0.000000,0.000000,0.000000,0.000000,0.990748,0.009252,0.000000,0.000000,0.000000,0.000000,6,20260915-074936,kwh,25.438
C:\Users\josep\source\repos\AIOTED-digital\04_joe_lcd_20x32\5_main_dig6_20260915-154536.jpg,5,5,0.999602,0.000000,0.000000,0.000000,0.000000,0.000000,0.999602,0.000398,0.000000,0.000000,0.000000,0.000000,6,20260915-154536,kwh,61.826
C:\Users\josep\source\repos\AIOTED-digital\04_joe_lcd_20x32\5_main_dig6_20260915-155736.jpg,5,5,0.999358,0.000000,0.000000,0.000000,0.000000,0.000000,0.999358,0.000642,0.000000,0.000000,0.000000,0.000000,6,20260915-155736,kwh,60.429
C:\Users\josep\source\repos\AIOTED-digital\04_joe_lcd_20x32\5_main_dig6_20260915-224535.jpg,5,5,0.709600,0.016953,0.000071,0.000001,0.000065,0.003533,0.709600,0.046234,0.000094,0.046157,0.177285,0.000007,6,20260915-224535,kwh,27.108
C:\Users\josep\source\repos\AIOTED-digital\04_joe_lcd_20x32\5_main_dig6_20260915-230534.jpg,5,5,0.884303,0.000480,0.000004,0.000001,0.000025,0.000044,0.884303,0.110545,0.000009,0.002022,0.002559,0.000006,6,20260915-230534,kwh,24.645
C:\Users\josep\source\repos\AIOTED-digital\04_joe_lcd_20x32\5_main_dig6_20260928-070641.jpg,5,5,0.962632,0.000000,0.000000,0.000000,0.000000,0.000000,0.962632,0.037368,0.000000,0.000000,0.000000,0.000000,6,20260928-070641,kwh,23.358
C:\Users\josep\source\repos\AIOTED-digital\04_joe_lcd_20x32\5_main_dig6_20260928-072241.jpg,5,5,0.999201,0.000000,0.000000,0.000000,0.000000,0.000000,0.999201,0.000799,0.000000,0.000000,0.000000,0.000000,6,20260928-072241,kwh,29.566
C:\Users\josep\source\repos\AIOTED-digital\04_joe_lcd_20x32\5_main_dig6_20260928-072641.jpg,5,5,0.999950,0.000000,0.000000,0.000000,0.000000,0.000000,0.999950,0.000050,0.000000,0.000000,0.000000,0.000000,6,20260928-072641,kwh,31.580
C:\Users\josep\source\repos\AIOTED-digital\04_joe_lcd_20x32\5_main_dig6_20260928-075441.jpg,5,5,0.999807,0.000000,0.000000,0.000000,0.000000,0.000000,0.999807,0.000193,0.000000,0.000000,0.000000,0.000000,6,20260928-075441,kwh,77.759
C:\Users\josep\source\repos\AIOTED-digital\04_joe_lcd_20x32\5_main_dig6_20260928-154240.jpg,5,5,0.999577,0.000000,0.000000,0.000000,0.000000,0.000000,0.999577,0.000423,0.000000,0.000000,0.000000,0.000000,6,20260928-154240,kwh,39.269
C:\Users\josep\source\repos\AIOTED-digital\04_joe_lcd_20x32\5_main_dig6_20260928-155440.jpg,5,5,0.999942,0.000000,0.000000,0.000000,0.000000,0.000000,0.999942,0.000058,0.000000,0.000000,0.000000,0.000000,6,20260928-155440,kwh,48.964
C:\Users\josep\source\repos\AIOTED-digital\04_joe_lcd_20x32\5_main_dig6_20260928-162240.jpg,5,5,0.999768,0.000000,0.000000,0.000000,0.000000,0.000000,0.999768,0.000232,0.000000,0.000000,0.000000,0.000000,6,20260928-162240,kwh,41.524
C:\Users\josep\source\repos\AIOTED-digital\04_joe_lcd_20x32\6_main_dig4_20260807-000013.jpg,6,6,0.999997,0.000000,0.000000,0.000000,0.000000,0.000000,0.000003,0.999997,0.000000,0.000000,0.000000,0.000000,4,20260807-000013,kwh,79.863
C:\Users\josep\source\repos\AIOTED-digital\04_joe_lcd_20x32\6_main_dig4_20260807-002813.jpg,6,6,0.999992,0.000000,0.000000,0.000000,0.000000,0.000000,0.000007,0.999992,0.000000,0.000000,0.000000,0.000000,4,20260807-002813,kwh,79.564
C:\Users\josep\source\repos\AIOTED-digital\04_joe_lcd_20x32\6_main_dig4_20260807-004013.jpg,6,6,0.999996,0.000000,0.000000,0.000000,0.000000,0.000000,0.000004,0.999996,0.000000,0.000000,0.000000,0.000000,4,20260807-004013,kwh,79.863
C:\Users\josep\source\repos\AIOTED-digital\04_joe_lcd_20x32\6_main_dig4_20260807-004813.jpg,6,6,0.999984,0.000000,0.000000,0.000000,0.000000,0.000000,0.000016,0.999984,0.000000,0.000000,0.000000,0.000000,4,20260807-004813,kwh,80.115
C:\Users\josep\source\repos\AIOTED-digital\04_joe_lcd_20x32\6_main_dig4_20260807-010013.jpg,6,6,0.999997,0.000000,0.000000,0.000000,0.000000,0.000000,0.000003,0.999997,0.000000,0.000000,0.000000,0.000000,4,20260807-010013,kwh,79.103
C:\Users\josep\source\repos\AIOTED-digital\04_joe_lcd_20x32\6_main_dig4_20260807-012013.jpg,6,6,0.999996,0.000000,0.000000,0.000000,0.000000,0.000000,0.000004,0.999996,0.000000,0.000000,0.000000,0.000000,4,20260807-012013,kwh,79.072
C:\Users\josep\source\repos\AIOTED-digital\04_joe_lcd_20x32\6_main_dig4_20260807-012813.jpg,6,6,0.999995,0.000000,0.000000,0.000000,0.000000,0.000000,0.000005,0.999995,0.000000,0.000000,0.000000,0.000000,4,20260807-012813,kwh,80.098
C:\Users\josep\source\repos\AIOTED-digital\04_joe_lcd_20x32\6_main_dig4_20260807-014813.jpg,6,6,0.999987,0.000000,0.000000,0.000000,0.000000,0.000000,0.000013,0.999987,0.000000,0.000000,0.000000,0.000000,4,20260807-014813,kwh,81.873
C:\Users\josep\source\repos\AIOTED-digital\04_joe_lcd_20x32\6_main_dig4_20260807-020013.jpg,6,6,0.999997,0.000000,0.000000,0.000000,0.000000,0.000000,0.000003,0.999997,0.000000,0.000000,0.000000,0.000000,4,20260807-020013,kwh,78.151
C:\Users\josep\source\repos\AIOTED-digital\04_joe_lcd_20x32\6_main_dig4_20260807-020813.jpg,6,6,0.999997,0.000000,0.000000,0.000000,0.000000,0.000000,0.000003,0.999997,0.000000,0.000000,0.000000,0.000000,4,20260807-020813,kwh,81.852
C:\Users\josep\source\repos\AIOTED-digital\04_joe_lcd_20x32\6_main_dig4_20260807-022013.jpg,6,6,0.999995,0.000000,0.000000,0.000000,0.000000,0.000000,0.000005,0.999995,0.000000,0.000000,0.000000,0.000000,4,20260807-022013,kwh,81.123
C:\Users\josep\source\repos\AIOTED-digital\04_joe_lcd_20x32\6_main_dig4_20260807-024013.jpg,6,6,0.999996,0.000000,0.000000,0.000000,0.000000,0.000000,0.000004,0.999996,0.000000,0.000000,0.000000,0.000000,4,20260807-024013,kwh,78.866
C:\Users\josep\source\repos\AIOTED-digital\04_joe_lcd_20x32\6_main_dig4_20260807-030813.jpg,6,6,0.999999,0.000000,0.000000,0.000000,0.000000,0.000000,0.000001,0.999999,0.000000,0.000000,0.000000,0.000000,4,20260807-030813,kwh,80.784
C:\Users\josep\source\repos\AIOTED-digital\04_joe_lcd_20x32\6_main_dig4_20260807-032013.jpg,6,6,0.999996,0.000000,0.000000,0.000000,0.000000,0.000000,0.000004,0.999996,0.000000,0.000000,0.000000,0.000000,4,20260807-032013,kwh,79.854
C:\Users\josep\source\repos\AIOTED-digital\04_joe_lcd_20x32\6_main_dig4_20260807-032813.jpg,6,6,1.000000,0.000000,0.000000,0.000000,0.000000,0.000000,0.000000,1.000000,0.000000,0.000000,0.000000,0.000000,4,20260807-032813,kwh,80.125
C:\Users\josep\source\repos\AIOTED-digital\04_joe_lcd_20x32\6_main_dig4_20260807-034013.jpg,6,6,0.999998,0.000000,0.000000,0.000000,0.000000,0.000000,0.000002,0.999998,0.000000,0.000000,0.000000,0.000000,4,20260807-034013,kwh,81.073
C:\Users\josep\source\repos\AIOTED-digital\04_joe_lcd_20x32\6_main_dig4_20260807-042813.jpg,6,6,0.999999,0.000000,0.000000,0.000000,0.000000,0.000000,0.000001,0.999999,0.000000,0.000000,0.000000,0.000000,4,20260807-042813,kwh,81.383
C:\Users\josep\source\repos\AIOTED-digital\04_joe_lcd_20x32\6_main_dig4_20260807-044813.jpg,6,6,0.999996,0.000000,0.000000,0.000000,0.000000,0.000000,0.000004,0.999996,0.000000,0.000000,0.000000,0.000000,4,20260807-044813,kwh,79.880
C:\Users\josep\source\repos\AIOTED-digital\04_joe_lcd_20x32\6_main_dig4_20260807-053613.jpg,6,6,0.999998,0.000000,0.000000,0.000000,0.000000,0.000000,0.000002,0.999998,0.000000,0.000000,0.000000,0.000000,4,20260807-053613,kwh,81.157
C:\Users\josep\source\repos\AIOTED-digital\04_joe_lcd_20x32\6_main_dig4_20260807-054013.jpg,6,6,0.999999,0.000000,0.000000,0.000000,0.000000,0.000000,0.000001,0.999999,0.000000,0.000000,0.000000,0.000000,4,20260807-054013,kwh,79.904
C:\Users\josep\source\repos\AIOTED-digital\04_joe_lcd_20x32\6_main_dig4_20260807-055613.jpg,6,6,1.000000,0.000000,0.000000,0.000000,0.000000,0.000000,0.000000,1.000000,0.000000,0.000000,0.000000,0.000000,4,20260807-055613,kwh,80.190
C:\Users\josep\source\repos\AIOTED-digital\04_joe_lcd_20x32\6_main_dig4_20260807-060813.jpg,6,6,0.999997,0.000000,0.000000,0.000000,0.000000,0.000000,0.000003,0.999997,0.000000,0.000000,0.000000,0.000000,4,20260807-060813,kwh,77.822
C:\Users\josep\source\repos\AIOTED-digital\04_joe_lcd_20x32\6_main_dig4_20260807-061613.jpg,6,6,0.999996,0.000000,0.000000,0.000000,0.000000,0.000000,0.000004,0.999996,0.000000,0.000000,0.000000,0.000000,4,20260807-061613,kwh,75.128
C:\Users\josep\source\repos\AIOTED-digital\04_joe_lcd_20x32\6_main_dig4_20260807-062813.jpg,6,6,0.999997,0.000000,0.000000,0.000000,0.000000,0.000000,0.000002,0.999997,0.000000,0.000000,0.000000,0.000000,4,20260807-062813,kwh,74.171
C:\Users\josep\source\repos\AIOTED-digital\04_joe_lcd_20x32\6_main_dig4_20260807-063613.jpg,6,6,1.000000,0.000000,0.000000,0.000000,0.000000,0.000000,0.000000,1.000000,0.000000,0.000000,0.000000,0.000000,4,20260807-063613,kwh,76.701
C:\Users\josep\source\repos\AIOTED-digital\04_joe_lcd_20x32\6_main_dig5_20260819-163356.jpg,6,6,0.999998,0.000000,0.000000,0.000000,0.000000,0.000000,0.000002,0.999998,0.000000,0.000000,0.000000,0.000000,5,20260819-163356,kwh,55.780
C:\Users\josep\source\repos\AIOTED-digital\04_joe_lcd_20x32\6_main_dig5_20260819-164156.jpg,6,6,0.999999,0.000000,0.000000,0.000000,0.000000,0.000000,0.000001,0.999999,0.000000,0.000000,0.000000,0.000000,5,20260819-164156,kwh,56.553
C:\Users\josep\source\repos\AIOTED-digital\04_joe_lcd_20x32\6_main_dig5_20260819-165355.jpg,6,6,0.999998,0.000000,0.000000,0.000000,0.000000,0.000000,0.000002,0.999998,0.000000,0.000000,0.000000,0.000000,5,20260819-165355,kwh,56.099
C:\Users\josep\source\repos\AIOTED-digital\04_joe_lcd_20x32\6_main_dig5_20260819-170155.jpg,6,6,0.999999,0.000000,0.000000,0.000000,0.000000,0.000000,0.000001,0.999999,0.000000,0.000000,0.000000,0.000000,5,20260819-170155,kwh,56.950
C:\Users\josep\source\repos\AIOTED-digital\04_joe_lcd_20x32\6_main_dig5_20260819-171355.jpg,6,6,0.999999,0.000000,0.000000,0.000000,0.000000,0.000000,0.000001,0.999999,0.000000,0.000000,0.000000,0.000000,5,20260819-171355,kwh,55.391
C:\Users\josep\source\repos\AIOTED-digital\04_joe_lcd_20x32\6_main_dig5_20260819-175355.jpg,6,6,0.999971,0.000000,0.000000,0.000000,0.000000,0.000000,0.000029,0.999971,0.000000,0.000000,0.000000,0.000000,5,20260819-175355,kwh,55.874
C:\Users\josep\source\repos\AIOTED-digital\04_joe_lcd_20x32\6_main_dig5_20260819-181355.jpg,6,6,0.999982,0.000000,0.000000,0.000000,0.000000,0.000000,0.000018,0.999982,0.000000,0.000000,0.000000,0.000000,5,20260819-181355,kwh,56.155
C:\Users\josep\source\repos\AIOTED-digital\04_joe_lcd_20x32\6_main_dig5_20260819-184155.jpg,6,6,0.999921,0.000000,0.000000,0.000000,0.000000,0.000000,0.000079,0.999921,0.000000,0.000000,0.000000,0.000000,5,20260819-184155,kwh,58.260
C:\Users\josep\source\repos\AIOTED-digital\04_joe_lcd_20x32\6_main_dig5_20260819-185355.jpg,6,6,0.999961,0.000000,0.000000,0.000000,0.000000,0.000000,0.000039,0.999961,0.000000,0.000000,0.000000,0.000000,5,20260819-185355,kwh,58.131
C:\Users\josep\source\repos\AIOTED-digital\04_joe_lcd_20x32\6_main_dig5_20260819-191355.jpg,6,6,0.999696,0.000000,0.000000,0.000000,0.000000,0.000000,0.000303,0.999696,0.000000,0.000000,0.000000,0.000000,5,20260819-191355,kwh,59.876
C:\Users\josep\source\repos\AIOTED-digital\04_joe_lcd_20x32\6_main_dig5_20260819-194155.jpg,6,6,0.999794,0.000000,0.000000,0.000000,0.000000,0.000000,0.000205,0.999794,0.000000,0.000001,0.000000,0.000000,5,20260819-194155,kwh,62.776
C:\Users\josep\source\repos\AIOTED-digital\04_joe_lcd_20x32\6_main_dig5_20260819-200155.jpg,6,6,0.999804,0.000000,0.000000,0.000000,0.000000,0.000000,0.000193,0.999804,0.000000,0.000004,0.000000,0.000000,5,20260819-200155,kwh,66.852
C:\Users\josep\source\repos\AIOTED-digital\04_joe_lcd_20x32\6_main_dig5_20260819-201355.jpg,6,6,0.999122,0.000000,0.000000,0.000000,0.000000,0.000000,0.000863,0.999122,0.000000,0.000016,0.000000,0.000000,5,20260819-201355,kwh,65.236
C:\Users\josep\source\repos\AIOTED-digital\04_joe_lcd_20x32\6_main_dig5_20260819-205355.jpg,6,6,0.999772,0.000000,0.000000,0.000000,0.000000,0.000000,0.000224,0.999772,0.000000,0.000003,0.000000,0.000000,5,20260819-205355,kwh,64.841
C:\Users\josep\source\repos\AIOTED-digital\04_joe_lcd_20x32\6_main_dig5_20260819-210155.jpg,6,6,0.999503,0.000000,0.000000,0.000000,0.000000,0.000000,0.000486,0.999503,0.000000,0.000010,0.000000,0.000000,5,20260819-210155,kwh,64.844
C:\Users\josep\source\repos\AIOTED-digital\04_joe_lcd_20x32\6_main_dig5_20260819-211355.jpg,6,6,0.999900,0.000000,0.000000,0.000000,0.000000,0.000000,0.000081,0.999900,0.000000,0.000019,0.000000,0.000000,5,20260819-211355,kwh,64.424
C:\Users\josep\source\repos\AIOTED-digital\04_joe_lcd_20x32\6_main_dig5_20260907-190723.jpg,6,6,0.999135,0.000002,0.000000,0.000000,0.000000,0.000000,0.000839,0.999135,0.000000,0.000024,0.000000,0.000000,5,20260907-190723,kwh,57.554
C:\Users\josep\source\repos\AIOTED-digital\04_joe_lcd_20x32\6_main_dig5_20260907-193523.jpg,6,6,0.999317,0.000001,0.000000,0.000000,0.000000,0.000000,0.000668,0.999317,0.000000,0.000015,0.000000,0.000000,5,20260907-193523,kwh,57.009
C:\Users\josep\source\repos\AIOTED-digital\04_joe_lcd_20x32\6_main_dig5_20260907-195523.jpg,6,6,0.999204,0.000001,0.000000,0.000000,0.000000,0.000000,0.000776,0.999204,0.000000,0.000019,0.000000,0.000000,5,20260907-195523,kwh,57.403
C:\Users\josep\source\repos\AIOTED-digital\04_joe_lcd_20x32\6_main_dig5_20260907-202323.jpg,6,6,0.999627,0.000000,0.000000,0.000000,0.000000,0.000000,0.000369,0.999627,0.000000,0.000004,0.000000,0.000000,5,20260907-202323,kwh,56.872
C:\Users\josep\source\repos\AIOTED-digital\04_joe_lcd_20x32\6_main_dig5_20260907-205523.jpg,6,6,0.999687,0.000000,0.000000,0.000000,0.000000,0.000000,0.000293,0.999687,0.000000,0.000020,0.000000,0.000000,5,20260907-205523,kwh,57.124
C:\Users\josep\source\repos\AIOTED-digital\04_joe_lcd_20x32\6_main_dig5_20260907-220322.jpg,6,6,0.999421,0.000000,0.000000,0.000000,0.000000,0.000000,0.000566,0.999421,0.000000,0.000012,0.000000,0.000000,5,20260907-220322,kwh,57.597
C:\Users\josep\source\repos\AIOTED-digital\04_joe_lcd_20x32\6_main_dig5_20260907-223522.jpg,6,6,0.999678,0.000000,0.000000,0.000000,0.000000,0.000000,0.000307,0.999678,0.000000,0.000015,0.000000,0.000000,5,20260907-223522,kwh,58.007
C:\Users\josep\source\repos\AIOTED-digital\04_joe_lcd_20x32\6_main_dig5_20260907-235522.jpg,6,6,0.998633,0.000000,0.000000,0.000000,0.000000,0.000000,0.001355,0.998633,0.000000,0.000012,0.000000,0.000000,5,20260907-235522,kwh,56.872
C:\Users\josep\source\repos\AIOTED-digital\04_joe_lcd_20x32\6_main_dig5_20260911-000000.jpg,6,6,0.999455,0.000000,0.000000,0.000000,0.000000,0.000000,0.000529,0.999455,0.000000,0.000015,0.000000,0.000000,5,20260911-000000,kwh,57.669
C:\Users\josep\source\repos\AIOTED-digital\04_joe_lcd_20x32\6_main_dig5_20260911-000800.jpg,6,6,0.999239,0.000000,0.000000,0.000000,0.000000,0.000000,0.000742,0.999239,0.000000,0.000019,0.000000,0.000000,5,20260911-000800,kwh,58.107
C:\Users\josep\source\repos\AIOTED-digital\04_joe_lcd_20x32\6_main_dig5_20260928-001442.jpg,6,6,0.999913,0.000003,0.000000,0.000000,0.000000,0.000000,0.000066,0.999913,0.000000,0.000018,0.000000,0.000000,5,20260928-001442,kwh,54.895
C:\Users\josep\source\repos\AIOTED-digital\04_joe_lcd_20x32\6_main_dig5_20260928-001842.jpg,6,6,0.999894,0.000003,0.000000,0.000000,0.000000,0.000000,0.000079,0.999894,0.000000,0.000024,0.000000,0.000000,5,20260928-001842,kwh,55.486
C:\Users\josep\source\repos\AIOTED-digital\04_joe_lcd_20x32\6_main_dig5_20260928-002642.jpg,6,6,0.999911,0.000001,0.000000,0.000000,0.000000,0.000000,0.000077,0.999911,0.000000,0.000012,0.000000,0.000000,5,20260928-002642,kwh,56.811
C:\Users\josep\source\repos\AIOTED-digital\04_joe_lcd_20x32\6_main_dig5_20260928-003442.jpg,6,6,0.999904,0.000000,0.000000,0.000000,0.000000,0.000000,0.000093,0.999904,0.000000,0.000002,0.000000,0.000000,5,20260928-003442,kwh,56.273
C:\Users\josep\source\repos\AIOTED-digital\04_joe_lcd_20x32\6_main_dig5_20260928-005442.jpg,6,6,0.999937,0.000000,0.000000,0.000000,0.000000,0.000000,0.000055,0.999937,0.000000,0.000007,0.000000,0.000000,5,20260928-005442,kwh,57.267
C:\Users\josep\source\repos\AIOTED-digital\04_joe_lcd_20x32\6_main_dig5_20260928-020641.jpg,6,6,0.999956,0.000000,0.000000,0.000000,0.000000,0.000000,0.000040,0.999956,0.000000,0.000004,0.000000,0.000000,5,20260928-020641,kwh,54.298
C:\Users\josep\source\repos\AIOTED-digital\04_joe_lcd_20x32\6_main_dig5_20260928-023441.jpg,6,6,0.999955,0.000000,0.000000,0.000000,0.000000,0.000000,0.000038,0.999955,0.000000,0.000007,0.000000,0.000000,5,20260928-023441,kwh,54.137
C:\Users\josep\source\repos\AIOTED-digital\04_joe_lcd_20x32\6_main_dig5_20260928-033441.jpg,6,6,0.999932,0.000001,0.000000,0.000000,0.000000,0.000000,0.000039,0.999932,0.000000,0.000028,0.000000,0.000000,5,20260928-033441,kwh,56.387
C:\Users\josep\source\repos\AIOTED-digital\04_joe_lcd_20x32\6_main_dig5_20260928-070641.jpg,6,6,0.999991,0.000000,0.000000,0.000000,0.000000,0.000000,0.000009,0.999991,0.000000,0.000000,0.000000,0.000000,5,20260928-070641,kwh,51.102
C:\Users\josep\source\repos\AIOTED-digital\04_joe_lcd_20x32\6_main_dig5_20260928-072241.jpg,6,6,0.999998,0.000000,0.000000,0.000000,0.000000,0.000000,0.000002,0.999998,0.000000,0.000000,0.000000,0.000000,5,20260928-072241,kwh,49.050
C:\Users\josep\source\repos\AIOTED-digital\04_joe_lcd_20x32\6_main_dig5_20260928-072641.jpg,6,6,0.999998,0.000000,0.000000,0.000000,0.000000,0.000000,0.000002,0.999998,0.000000,0.000000,0.000000,0.000000,5,20260928-072641,kwh,48.789
C:\Users\josep\source\repos\AIOTED-digital\04_joe_lcd_20x32\6_main_dig5_20260928-073441.jpg,6,6,0.999983,0.000000,0.000000,0.000000,0.000000,0.000000,0.000017,0.999983,0.000000,0.000000,0.000000,0.000000,5,20260928-073441,kwh,46.926
C:\Users\josep\source\repos\AIOTED-digital\04_joe_lcd_20x32\6_main_dig5_20260928-074241.jpg,6,6,0.999990,0.000000,0.000000,0.000000,0.000000,0.000000,0.000010,0.999990,0.000000,0.000000,0.000000,0.000000,5,20260928-074241,kwh,47.332
C:\Users\josep\source\repos\AIOTED-digital\04_joe_lcd_20x32\6_main_dig5_20260928-075441.jpg,6,6,1.000000,0.000000,0.000000,0.000000,0.000000,0.000000,0.000001,1.000000,0.000000,0.000000,0.000000,0.000000,5,20260928-075441,kwh,55.932
C:\Users\josep\source\repos\AIOTED-digital\04_joe_lcd_20x32\6_main_dig5_20260928-081441.jpg,6,6,0.999999,0.000000,0.000000,0.000000,0.000000,0.000000,0.000001,0.999999,0.000000,0.000000,0.000000,0.000000,5,20260928-081441,kwh,60.202
C:\Users\josep\source\repos\AIOTED-digital\04_joe_lcd_20x32\6_main_dig5_20260928-093441.jpg,6,6,0.999994,0.000000,0.000000,0.000000,0.000000,0.000000,0.000006,0.999994,0.000000,0.000000,0.000000,0.000000,5,20260928-093441,kwh,70.213
C:\Users\josep\source\repos\AIOTED-digital\04_joe_lcd_20x32\6_main_dig5_20260928-095441.jpg,6,6,0.999971,0.000000,0.000000,0.000000,0.000000,0.000000,0.000029,0.999971,0.000000,0.000001,0.000000,0.000000,5,20260928-095441,kwh,71.089
C:\Users\josep\source\repos\AIOTED-digital\04_joe_lcd_20x32\6_main_dig5_20260928-101441.jpg,6,6,0.999996,0.000000,0.000000,0.000000,0.000000,0.000000,0.000004,0.999996,0.000000,0.000000,0.000000,0.000000,5,20260928-101441,kwh,65.926
C:\Users\josep\source\repos\AIOTED-digital\04_joe_lcd_20x32\6_main_dig5_20260928-110241.jpg,6,6,0.999997,0.000000,0.000000,0.000000,0.000000,0.000000,0.000003,0.999997,0.000000,0.000000,0.000000,0.000000,5,20260928-110241,kwh,77.950
C:\Users\josep\source\repos\AIOTED-digital\04_joe_lcd_20x32\6_main_dig5_20260928-111441.jpg,6,6,0.999999,0.000000,0.000000,0.000000,0.000000,0.000000,0.000001,0.999999,0.000000,0.000000,0.000000,0.000000,5,20260928-111441,kwh,82.378
C:\Users\josep\source\repos\AIOTED-digital\04_joe_lcd_20x32\6_main_dig6_20260802-112644.jpg,6,6,0.999995,0.000000,0.000000,0.000000,0.000000,0.000000,0.000005,0.999995,0.000000,0.000000,0.000000,0.000000,6,20260802-112644,kwh,67.484
C:\Users\josep\source\repos\AIOTED-digital\04_joe_lcd_20x32\6_main_dig6_20260802-192810.jpg,6,6,0.993814,0.000001,0.000000,0.000000,0.000000,0.000000,0.006140,0.993814,0.000000,0.000045,0.000000,0.000000,6,20260802-192810,kwh,33.311
C:\Users\josep\source\repos\AIOTED-digital\04_joe_lcd_20x32\6_main_dig6_20260802-193610.jpg,6,6,0.947351,0.000018,0.000000,0.000000,0.000000,0.000000,0.052430,0.947351,0.000000,0.000200,0.000000,0.000000,6,20260802-193610,kwh,29.321
C:\Users\josep\source\repos\AIOTED-digital\04_joe_lcd_20x32\6_main_dig6_20260802-194010.jpg,6,6,0.955496,0.000004,0.000000,0.000000,0.000000,0.000000,0.044445,0.955496,0.000000,0.000055,0.000000,0.000000,6,20260802-194010,kwh,29.040
C:\Users\josep\source\repos\AIOTED-digital\04_joe_lcd_20x32\6_main_dig6_20260802-194810.jpg,6,6,0.959113,0.000001,0.000000,0.000000,0.000000,0.000000,0.040875,0.959113,0.000000,0.000011,0.000000,0.000000,6,20260802-194810,kwh,26.357
C:\Users\josep\source\repos\AIOTED-digital\04_joe_lcd_20x32\6_main_dig6_20260819-055356.jpg,6,8,0.955974,0.029418,0.000000,0.000004,0.000025,0.000003,0.000008,0.000085,0.000012,0.955974,0.014470,0.000000,6,20260819-055356,kwh,27.512
C:\Users\josep\source\repos\AIOTED-digital\04_joe_lcd_20x32\6_main_dig6_20260819-192155.jpg,6,6,0.999873,0.000000,0.000000,0.000000,0.000000,0.000000,0.000126,0.999873,0.000000,0.000000,0.000000,0.000000,6,20260819-192155,kwh,30.816
C:\Users\josep\source\repos\AIOTED-digital\04_joe_lcd_20x32\6_main_dig6_20260827-053742.jpg,6,6,0.948152,0.000164,0.000000,0.000000,0.000002,0.000030,0.042640,0.948152,0.000000,0.008884,0.000122,0.000005,6,20260827-053742,kwh,28.927
C:\Users\josep\source\repos\AIOTED-digital\04_joe_lcd_20x32\6_main_dig6_20260827-161741.jpg,6,6,0.999990,0.000000,0.000000,0.000000,0.000000,0.000000,0.000010,0.999990,0.000000,0.000000,0.000000,0.000000,6,20260827-161741,kwh,70.908
C:\Users\josep\source\repos\AIOTED-digital\04_joe_lcd_20x32\6_main_dig6_20260827-162541.jpg,6,6,0.999989,0.000000,0.000000,0.000000,0.000000,0.000000,0.000011,0.999989,0.000000,0.000000,0.000000,0.000000,6,20260827-162541,kwh,78.199
C:\Users\josep\source\repos\AIOTED-digital\04_joe_lcd_20x32\6_main_dig6_20260906-112656.jpg,6,6,0.998046,0.000000,0.000000,0.000000,0.000000,0.000000,0.001953,0.998046,0.000000,0.000001,0.000000,0.000000,6,20260906-112656,kwh,92.846
C:\Users\josep\source\repos\AIOTED-digital\04_joe_lcd_20x32\6_main_dig6_20260906-155125.jpg,6,6,0.999999,0.000000,0.000000,0.000000,0.000000,0.000000,0.000001,0.999999,0.000000,0.000000,0.000000,0.000000,6,20260906-155125,kwh,82.225
C:\Users\josep\source\repos\AIOTED-digital\04_joe_lcd_20x32\6_main_dig6_20260906-203124.jpg,6,6,0.887374,0.011629,0.000032,0.000001,0.000004,0.000006,0.088390,0.887374,0.000018,0.012356,0.000185,0.000004,6,20260906-203124,kwh,25.531
C:\Users\josep\source\repos\AIOTED-digital\04_joe_lcd_20x32\6_main_dig6_20260907-090723.jpg,6,6,0.995437,0.000000,0.000000,0.000000,0.000000,0.000000,0.004560,0.995437,0.000000,0.000003,0.000000,0.000000,6,20260907-090723,kwh,104.654
C:\Users\josep\source\repos\AIOTED-digital\04_joe_lcd_20x32\6_main_dig6_20260907-091923.jpg,6,6,0.996751,0.000000,0.000000,0.000000,0.000000,0.000000,0.003217,0.996751,0.000000,0.000032,0.000000,0.000000,6,20260907-091923,kwh,108.399
C:\Users\josep\source\repos\AIOTED-digital\04_joe_lcd_20x32\6_main_dig6_20260915-080936.jpg,6,6,0.998439,0.000000,0.000000,0.000000,0.000000,0.000000,0.001554,0.998439,0.000000,0.000008,0.000000,0.000000,6,20260915-080936,kwh,22.826
C:\Users\josep\source\repos\AIOTED-digital\04_joe_lcd_20x32\6_main_dig6_20260915-082936.jpg,6,6,0.999849,0.000000,0.000000,0.000000,0.000000,0.000000,0.000149,0.999849,0.000000,0.000001,0.000000,0.000000,6,20260915-082936,kwh,24.489
C:\Users\josep\source\repos\AIOTED-digital\04_joe_lcd_20x32\6_main_dig6_20260915-083736.jpg,6,6,0.999936,0.000000,0.000000,0.000000,0.000000,0.000000,0.000064,0.999936,0.000000,0.000000,0.000000,0.000000,6,20260915-083736,kwh,25.104
C:\Users\josep\source\repos\AIOTED-digital\04_joe_lcd_20x32\6_main_dig6_20260915-084936.jpg,6,6,0.999989,0.000000,0.000000,0.000000,0.000000,0.000000,0.000011,0.999989,0.000000,0.000000,0.000000,0.000000,6,20260915-084936,kwh,36.188
C:\Users\josep\source\repos\AIOTED-digital\04_joe_lcd_20x32\6_main_dig6_20260915-221335.jpg,6,5,0.902792,0.000389,0.000005,0.000001,0.000132,0.000461,0.902792,0.063096,0.000014,0.007418,0.025680,0.000012,6,20260915-221335,kwh,26.213
C:\Users\josep\source\repos\AIOTED-digital\04_joe_lcd_20x32\6_main_dig6_20260928-082641.jpg,6,6,0.990222,0.000000,0.000000,0.000000,0.000000,0.000000,0.009674,0.990222,0.000000,0.000101,0.000000,0.000002,6,20260928-082641,kwh,104.769
C:\Users\josep\source\repos\AIOTED-digital\04_joe_lcd_20x32\7_main_dig3_20260802-072644.jpg,7,7,0.999998,0.000000,0.000000,0.000000,0.000002,0.000000,0.000000,0.000000,0.999998,0.000000,0.000000,0.000000,3,20260802-072644,kwh,138.538
C:\Users\josep\source\repos\AIOTED-digital\04_joe_lcd_20x32\7_main_dig3_20260802-190010.jpg,7,7,0.962336,0.000362,0.037295,0.000002,0.000003,0.000000,0.000000,0.000000,0.962336,0.000001,0.000000,0.000001,3,20260802-190010,kwh,128.640
C:\Users\josep\source\repos\AIOTED-digital\04_joe_lcd_20x32\7_main_dig3_20260802-194010.jpg,7,7,0.990085,0.004697,0.005135,0.000019,0.000002,0.000000,0.000000,0.000000,0.990085,0.000056,0.000000,0.000005,3,20260802-194010,kwh,139.811
C:\Users\josep\source\repos\AIOTED-digital\04_joe_lcd_20x32\7_main_dig3_20260802-202010.jpg,7,7,0.999831,0.000139,0.000026,0.000000,0.000004,0.000000,0.000000,0.000000,0.999831,0.000001,0.000000,0.000000,3,20260802-202010,kwh,158.995
C:\Users\josep\source\repos\AIOTED-digital\04_joe_lcd_20x32\7_main_dig3_20260802-202810.jpg,7,7,0.999172,0.000559,0.000181,0.000000,0.000058,0.000000,0.000000,0.000000,0.999172,0.000021,0.000008,0.000002,3,20260802-202810,kwh,165.225
C:\Users\josep\source\repos\AIOTED-digital\04_joe_lcd_20x32\7_main_dig3_20260802-203610.jpg,7,7,0.999738,0.000178,0.000059,0.000000,0.000019,0.000000,0.000000,0.000000,0.999738,0.000004,0.000002,0.000001,3,20260802-203610,kwh,165.304
C:\Users\josep\source\repos\AIOTED-digital\04_joe_lcd_20x32\7_main_dig3_20260802-204810.jpg,7,7,0.999786,0.000119,0.000073,0.000000,0.000018,0.000000,0.000000,0.000000,0.999786,0.000002,0.000001,0.000001,3,20260802-204810,kwh,161.168
C:\Users\josep\source\repos\AIOTED-digital\04_joe_lcd_20x32\7_main_dig3_20260802-210810.jpg,7,7,0.999619,0.000325,0.000032,0.000000,0.000016,0.000000,0.000000,0.000000,0.999619,0.000004,0.000002,0.000001,3,20260802-210810,kwh,165.545
C:\Users\josep\source\repos\AIOTED-digital\04_joe_lcd_20x32\7_main_dig3_20260802-211610.jpg,7,7,0.999920,0.000051,0.000020,0.000000,0.000007,0.000000,0.000000,0.000000,0.999920,0.000001,0.000000,0.000000,3,20260802-211610,kwh,160.296
C:\Users\josep\source\repos\AIOTED-digital\04_joe_lcd_20x32\7_main_dig3_20260802-215610.jpg,7,7,0.999502,0.000412,0.000069,0.000000,0.000010,0.000000,0.000000,0.000000,0.999502,0.000005,0.000002,0.000001,3,20260802-215610,kwh,160.860
C:\Users\josep\source\repos\AIOTED-digital\04_joe_lcd_20x32\7_main_dig3_20260802-221610.jpg,7,7,0.999716,0.000207,0.000034,0.000000,0.000035,0.000000,0.000001,0.000000,0.999716,0.000005,0.000002,0.000001,3,20260802-221610,kwh,165.001
C:\Users\josep\source\repos\AIOTED-digital\04_joe_lcd_20x32\7_main_dig3_20260802-223610.jpg,7,7,0.999298,0.000579,0.000080,0.000000,0.000020,0.000000,0.000001,0.000000,0.999298,0.000013,0.000007,0.000002,3,20260802-223610,kwh,164.517
C:\Users\josep\source\repos\AIOTED-digital\04_joe_lcd_20x32\7_main_dig3_20260802-224810.jpg,7,7,0.999714,0.000181,0.000048,0.000000,0.000047,0.000000,0.000000,0.000000,0.999714,0.000006,0.000003,0.000001,3,20260802-224810,kwh,164.256
C:\Users\josep\source\repos\AIOTED-digital\04_joe_lcd_20x32\7_main_dig3_20260802-230810.jpg,7,7,0.999243,0.000586,0.000117,0.000000,0.000025,0.000000,0.000002,0.000000,0.999243,0.000016,0.000006,0.000005,3,20260802-230810,kwh,163.846
C:\Users\josep\source\repos\AIOTED-digital\04_joe_lcd_20x32\7_main_dig3_20260802-231610.jpg,7,7,0.999101,0.000745,0.000055,0.000000,0.000057,0.000000,0.000001,0.000000,0.999101,0.000027,0.000012,0.000002,3,20260802-231610,kwh,164.177
C:\Users\josep\source\repos\AIOTED-digital\04_joe_lcd_20x32\7_main_dig3_20260802-232810.jpg,7,7,0.999534,0.000331,0.000093,0.000000,0.000026,0.000000,0.000001,0.000000,0.999534,0.000008,0.000004,0.000002,3,20260802-232810,kwh,164.647
C:\Users\josep\source\repos\AIOTED-digital\04_joe_lcd_20x32\7_main_dig3_20260807-002813.jpg,7,7,0.999817,0.000042,0.000000,0.000003,0.000131,0.000000,0.000000,0.000000,0.999817,0.000002,0.000006,0.000000,3,20260807-002813,kwh,124.771
C:\Users\josep\source\repos\AIOTED-digital\04_joe_lcd_20x32\7_main_dig3_20260807-004013.jpg,7,7,0.999826,0.000087,0.000000,0.000001,0.000073,0.000000,0.000000,0.000000,0.999826,0.000004,0.000009,0.000000,3,20260807-004013,kwh,126.232
C:\Users\josep\source\repos\AIOTED-digital\04_joe_lcd_20x32\7_main_dig3_20260807-014013.jpg,7,7,0.999820,0.000148,0.000000,0.000000,0.000021,0.000000,0.000000,0.000000,0.999820,0.000003,0.000008,0.000000,3,20260807-014013,kwh,125.056
C:\Users\josep\source\repos\AIOTED-digital\04_joe_lcd_20x32\7_main_dig3_20260807-014813.jpg,7,7,0.999879,0.000017,0.000000,0.000001,0.000100,0.000000,0.000000,0.000000,0.999879,0.000001,0.000002,0.000000,3,20260807-014813,kwh,127.221
C:\Users\josep\source\repos\AIOTED-digital\04_joe_lcd_20x32\7_main_dig3_20260807-020013.jpg,7,7,0.999511,0.000093,0.000000,0.000002,0.000317,0.000000,0.000000,0.000000,0.999511,0.000011,0.000067,0.000000,3,20260807-020013,kwh,124.119
C:\Users\josep\source\repos\AIOTED-digital\04_joe_lcd_20x32\7_main_dig3_20260807-020813.jpg,7,7,0.999878,0.000055,0.000000,0.000001,0.000056,0.000000,0.000000,0.000000,0.999878,0.000002,0.000008,0.000000,3,20260807-020813,kwh,126.517
C:\Users\josep\source\repos\AIOTED-digital\04_joe_lcd_20x32\7_main_dig3_20260807-024813.jpg,7,7,0.999807,0.000066,0.000000,0.000001,0.000112,0.000000,0.000000,0.000000,0.999807,0.000004,0.000010,0.000000,3,20260807-024813,kwh,123.811
C:\Users\josep\source\repos\AIOTED-digital\04_joe_lcd_20x32\7_main_dig3_20260807-030813.jpg,7,7,0.999799,0.000092,0.000000,0.000001,0.000083,0.000000,0.000000,0.000000,0.999799,0.000006,0.000020,0.000000,3,20260807-030813,kwh,124.391
C:\Users\josep\source\repos\AIOTED-digital\04_joe_lcd_20x32\7_main_dig3_20260807-032813.jpg,7,7,0.999837,0.000056,0.000000,0.000002,0.000100,0.000000,0.000000,0.000000,0.999837,0.000002,0.000004,0.000000,3,20260807-032813,kwh,124.731
C:\Users\josep\source\repos\AIOTED-digital\04_joe_lcd_20x32\7_main_dig3_20260807-034013.jpg,7,7,0.999910,0.000045,0.000000,0.000000,0.000040,0.000000,0.000000,0.000000,0.999910,0.000001,0.000003,0.000000,3,20260807-034013,kwh,126.479
C:\Users\josep\source\repos\AIOTED-digital\04_joe_lcd_20x32\7_main_dig3_20260807-040013.jpg,7,7,0.999391,0.000561,0.000000,0.000000,0.000010,0.000000,0.000000,0.000000,0.999391,0.000008,0.000029,0.000000,3,20260807-040013,kwh,125.244
C:\Users\josep\source\repos\AIOTED-digital\04_joe_lcd_20x32\7_main_dig3_20260807-044813.jpg,7,7,0.999749,0.000079,0.000000,0.000001,0.000134,0.000000,0.000000,0.000000,0.999749,0.000005,0.000032,0.000000,3,20260807-044813,kwh,127.015
C:\Users\josep\source\repos\AIOTED-digital\04_joe_lcd_20x32\7_main_dig3_20260807-054013.jpg,7,7,0.999907,0.000020,0.000000,0.000000,0.000070,0.000000,0.000000,0.000000,0.999907,0.000001,0.000002,0.000000,3,20260807-054013,kwh,126.221
C:\Users\josep\source\repos\AIOTED-digital\04_joe_lcd_20x32\7_main_dig3_20260807-060813.jpg,7,7,0.999839,0.000015,0.000000,0.000001,0.000142,0.000000,0.000000,0.000000,0.999839,0.000001,0.000003,0.000000,3,20260807-060813,kwh,120.291
C:\Users\josep\source\repos\AIOTED-digital\04_joe_lcd_20x32\7_main_dig3_20260807-061613.jpg,7,7,0.999940,0.000005,0.000000,0.000000,0.000054,0.000000,0.000000,0.000000,0.999940,0.000000,0.000001,0.000000,3,20260807-061613,kwh,121.602
C:\Users\josep\source\repos\AIOTED-digital\04_joe_lcd_20x32\7_main_dig3_20260807-062813.jpg,7,7,0.999979,0.000008,0.000000,0.000000,0.000012,0.000000,0.000000,0.000000,0.999979,0.000000,0.000000,0.000000,3,20260807-062813,kwh,118.535
C:\Users\josep\source\repos\AIOTED-digital\04_joe_lcd_20x32\7_main_dig3_20260807-063613.jpg,7,7,0.999987,0.000003,0.000000,0.000000,0.000010,0.000000,0.000000,0.000000,0.999987,0.000000,0.000000,0.000000,3,20260807-063613,kwh,119.366
C:\Users\josep\source\repos\AIOTED-digital\04_joe_lcd_20x32\7_main_dig4_20260906-002657.jpg,7,7,0.999943,0.000001,0.000051,0.000000,0.000005,0.000000,0.000000,0.000000,0.999943,0.000000,0.000000,0.000000,4,20260906-002657,kwh,59.796
C:\Users\josep\source\repos\AIOTED-digital\04_joe_lcd_20x32\7_main_dig4_20260906-004656.jpg,7,7,0.999953,0.000000,0.000046,0.000000,0.000001,0.000000,0.000000,0.000000,0.999953,0.000000,0.000000,0.000000,4,20260906-004656,kwh,62.058
C:\Users\josep\source\repos\AIOTED-digital\04_joe_lcd_20x32\7_main_dig4_20260906-015856.jpg,7,7,0.999896,0.000001,0.000103,0.000000,0.000001,0.000000,0.000000,0.000000,0.999896,0.000000,0.000000,0.000000,4,20260906-015856,kwh,61.803
C:\Users\josep\source\repos\AIOTED-digital\04_joe_lcd_20x32\7_main_dig4_20260906-021856.jpg,7,7,0.999918,0.000002,0.000077,0.000000,0.000004,0.000000,0.000000,0.000000,0.999918,0.000000,0.000000,0.000000,4,20260906-021856,kwh,61.239
C:\Users\josep\source\repos\AIOTED-digital\04_joe_lcd_20x32\7_main_dig4_20260906-023856.jpg,7,7,0.999974,0.000000,0.000024,0.000000,0.000002,0.000000,0.000000,0.000000,0.999974,0.000000,0.000000,0.000000,4,20260906-023856,kwh,61.514
C:\Users\josep\source\repos\AIOTED-digital\04_joe_lcd_20x32\7_main_dig4_20260906-024656.jpg,7,7,0.999930,0.000001,0.000066,0.000000,0.000003,0.000000,0.000000,0.000000,0.999930,0.000000,0.000000,0.000000,4,20260906-024656,kwh,60.308
C:\Users\josep\source\repos\AIOTED-digital\04_joe_lcd_20x32\7_main_dig4_20260906-025456.jpg,7,0,0.939294,0.939294,0.000288,0.000000,0.000000,0.000000,0.000000,0.000000,0.060051,0.000349,0.000018,0.000000,4,20260906-025456,kwh,62.048
C:\Users\josep\source\repos\AIOTED-digital\04_joe_lcd_20x32\7_main_dig4_20260906-025856.jpg,7,7,0.999940,0.000000,0.000059,0.000000,0.000001,0.000000,0.000000,0.000000,0.999940,0.000000,0.000000,0.000000,4,20260906-025856,kwh,62.204
C:\Users\josep\source\repos\AIOTED-digital\04_joe_lcd_20x32\7_main_dig4_20260906-031456.jpg,7,7,0.999940,0.000000,0.000059,0.000000,0.000001,0.000000,0.000000,0.000000,0.999940,0.000000,0.000000,0.000000,4,20260906-031456,kwh,61.453
C:\Users\josep\source\repos\AIOTED-digital\04_joe_lcd_20x32\7_main_dig4_20260906-031856.jpg,7,7,0.999967,0.000001,0.000028,0.000000,0.000004,0.000000,0.000000,0.000000,0.999967,0.000000,0.000000,0.000000,4,20260906-031856,kwh,60.180
C:\Users\josep\source\repos\AIOTED-digital\04_joe_lcd_20x32\7_main_dig4_20260906-032656.jpg,7,7,0.999973,0.000000,0.000027,0.000000,0.000000,0.000000,0.000000,0.000000,0.999973,0.000000,0.000000,0.000000,4,20260906-032656,kwh,62.101
C:\Users\josep\source\repos\AIOTED-digital\04_joe_lcd_20x32\7_main_dig4_20260906-033456.jpg,7,7,0.999974,0.000000,0.000025,0.000000,0.000001,0.000000,0.000000,0.000000,0.999974,0.000000,0.000000,0.000000,4,20260906-033456,kwh,61.869
C:\Users\josep\source\repos\AIOTED-digital\04_joe_lcd_20x32\7_main_dig4_20260906-033856.jpg,7,7,0.999972,0.000000,0.000027,0.000000,0.000001,0.000000,0.000000,0.000000,0.999972,0.000000,0.000000,0.000000,4,20260906-033856,kwh,61.108
C:\Users\josep\source\repos\AIOTED-digital\04_joe_lcd_20x32\7_main_dig4_20260906-035456.jpg,7,7,0.999966,0.000001,0.000031,0.000000,0.000002,0.000000,0.000000,0.000000,0.999966,0.000000,0.000000,0.000000,4,20260906-035456,kwh,61.595
C:\Users\josep\source\repos\AIOTED-digital\04_joe_lcd_20x32\7_main_dig4_20260906-035856.jpg,7,7,0.999946,0.000001,0.000053,0.000000,0.000001,0.000000,0.000000,0.000000,0.999946,0.000000,0.000000,0.000000,4,20260906-035856,kwh,61.173
C:\Users\josep\source\repos\AIOTED-digital\04_joe_lcd_20x32\7_main_dig4_20260906-045456.jpg,7,7,0.999969,0.000000,0.000030,0.000000,0.000000,0.000000,0.000000,0.000000,0.999969,0.000000,0.000000,0.000000,4,20260906-045456,kwh,61.745
C:\Users\josep\source\repos\AIOTED-digital\04_joe_lcd_20x32\7_main_dig4_20260906-051456.jpg,7,7,0.999934,0.000001,0.000065,0.000000,0.000001,0.000000,0.000000,0.000000,0.999934,0.000000,0.000000,0.000000,4,20260906-051456,kwh,61.064
C:\Users\josep\source\repos\AIOTED-digital\04_joe_lcd_20x32\7_main_dig4_20260906-053456.jpg,7,7,0.999935,0.000001,0.000064,0.000000,0.000000,0.000000,0.000000,0.000000,0.999935,0.000000,0.000000,0.000000,4,20260906-053456,kwh,61.064
C:\Users\josep\source\repos\AIOTED-digital\04_joe_lcd_20x32\7_main_dig4_20260906-054656.jpg,7,7,0.999970,0.000001,0.000028,0.000000,0.000001,0.000000,0.000000,0.000000,0.999970,0.000000,0.000000,0.000000,4,20260906-054656,kwh,60.915
C:\Users\josep\source\repos\AIOTED-digital\04_joe_lcd_20x32\7_main_dig4_20260906-055456.jpg,7,7,0.999945,0.000001,0.000054,0.000000,0.000000,0.000000,0.000000,0.000000,0.999945,0.000000,0.000000,0.000000,4,20260906-055456,kwh,62.188
C:\Users\josep\source\repos\AIOTED-digital\04_joe_lcd_20x32\7_main_dig5_20260819-222955.jpg,7,7,0.991209,0.000000,0.000004,0.000000,0.008787,0.000000,0.000000,0.000000,0.991209,0.000000,0.000000,0.000000,5,20260819-222955,kwh,65.380
C:\Users\josep\source\repos\AIOTED-digital\04_joe_lcd_20x32\7_main_dig5_20260819-225355.jpg,7,7,0.992743,0.000000,0.000002,0.000000,0.007255,0.000000,0.000000,0.000000,0.992743,0.000000,0.000000,0.000000,5,20260819-225355,kwh,64.165
C:\Users\josep\source\repos\AIOTED-digital\04_joe_lcd_20x32\7_main_dig5_20260819-230955.jpg,7,7,0.983008,0.000000,0.000003,0.000000,0.016989,0.000000,0.000000,0.000000,0.983008,0.000000,0.000000,0.000000,5,20260819-230955,kwh,61.964
C:\Users\josep\source\repos\AIOTED-digital\04_joe_lcd_20x32\7_main_dig5_20260819-232155.jpg,7,7,0.995091,0.000000,0.000002,0.000000,0.004907,0.000000,0.000000,0.000000,0.995091,0.000000,0.000000,0.000000,5,20260819-232155,kwh,63.952
C:\Users\josep\source\repos\AIOTED-digital\04_joe_lcd_20x32\7_main_dig5_20260819-233355.jpg,7,7,0.991185,0.000000,0.000001,0.000000,0.008813,0.000000,0.000000,0.000000,0.991185,0.000000,0.000000,0.000000,5,20260819-233355,kwh,65.097
C:\Users\josep\source\repos\AIOTED-digital\04_joe_lcd_20x32\7_main_dig5_20260819-234955.jpg,7,7,0.982733,0.000000,0.000003,0.000001,0.017263,0.000000,0.000000,0.000000,0.982733,0.000000,0.000000,0.000000,5,20260819-234955,kwh,62.938
C:\Users\josep\source\repos\AIOTED-digital\04_joe_lcd_20x32\7_main_dig5_20260911-041600.jpg,7,7,0.989662,0.000012,0.000233,0.000005,0.010080,0.000000,0.000000,0.000000,0.989662,0.000000,0.000007,0.000000,5,20260911-041600,kwh,58.591
C:\Users\josep\source\repos\AIOTED-digital\04_joe_lcd_20x32\7_main_dig5_20260911-060800.jpg,7,7,0.985568,0.000027,0.000601,0.000010,0.013776,0.000000,0.000000,0.000000,0.985568,0.000001,0.000016,0.000000,5,20260911-060800,kwh,58.687
C:\Users\josep\source\repos\AIOTED-digital\04_joe_lcd_20x32\7_main_dig5_20260911-062800.jpg,7,7,0.996112,0.000004,0.000106,0.000001,0.003775,0.000000,0.000000,0.000000,0.996112,0.000000,0.000002,0.000000,5,20260911-062800,kwh,57.799
C:\Users\josep\source\repos\AIOTED-digital\04_joe_lcd_20x32\7_main_dig5_20260911-070800.jpg,7,7,0.997243,0.000001,0.000109,0.000002,0.002645,0.000000,0.000000,0.000000,0.997243,0.000000,0.000000,0.000000,5,20260911-070800,kwh,52.081
C:\Users\josep\source\repos\AIOTED-digital\04_joe_lcd_20x32\7_main_dig5_20260911-072800.jpg,7,7,0.999495,0.000000,0.000011,0.000000,0.000494,0.000000,0.000000,0.000000,0.999495,0.000000,0.000000,0.000000,5,20260911-072800,kwh,51.023
C:\Users\josep\source\repos\AIOTED-digital\04_joe_lcd_20x32\7_main_dig5_20260911-073559.jpg,7,7,0.999803,0.000000,0.000014,0.000000,0.000183,0.000000,0.000000,0.000000,0.999803,0.000000,0.000000,0.000000,5,20260911-073559,kwh,49.944
C:\Users\josep\source\repos\AIOTED-digital\04_joe_lcd_20x32\7_main_dig5_20260911-074759.jpg,7,7,0.999994,0.000000,0.000000,0.000000,0.000006,0.000000,0.000000,0.000000,0.999994,0.000000,0.000000,0.000000,5,20260911-074759,kwh,55.929
C:\Users\josep\source\repos\AIOTED-digital\04_joe_lcd_20x32\7_main_dig5_20260911-075559.jpg,7,7,0.999995,0.000000,0.000000,0.000000,0.000005,0.000000,0.000000,0.000000,0.999995,0.000000,0.000000,0.000000,5,20260911-075559,kwh,57.676
C:\Users\josep\source\repos\AIOTED-digital\04_joe_lcd_20x32\7_main_dig5_20260911-080759.jpg,7,7,0.999995,0.000000,0.000000,0.000000,0.000005,0.000000,0.000000,0.000000,0.999995,0.000000,0.000000,0.000000,5,20260911-080759,kwh,58.473
C:\Users\josep\source\repos\AIOTED-digital\04_joe_lcd_20x32\7_main_dig5_20260911-084759.jpg,7,7,0.999995,0.000000,0.000000,0.000000,0.000004,0.000000,0.000000,0.000000,0.999995,0.000000,0.000000,0.000000,5,20260911-084759,kwh,59.493
C:\Users\josep\source\repos\AIOTED-digital\04_joe_lcd_20x32\7_main_dig5_20260911-095229.jpg,7,7,0.999964,0.000000,0.000001,0.000000,0.000036,0.000000,0.000000,0.000000,0.999964,0.000000,0.000000,0.000000,5,20260911-095229,kwh,55.348
C:\Users\josep\source\repos\AIOTED-digital\04_joe_lcd_20x32\7_main_dig5_20260911-101229.jpg,7,7,0.999959,0.000000,0.000001,0.000000,0.000041,0.000000,0.000000,0.000000,0.999959,0.000000,0.000000,0.000000,5,20260911-101229,kwh,51.877
C:\Users\josep\source\repos\AIOTED-digital\04_joe_lcd_20x32\7_main_dig5_20260911-103229.jpg,7,7,0.999964,0.000000,0.000000,0.000000,0.000035,0.000000,0.000000,0.000000,0.999964,0.000000,0.000000,0.000000,5,20260911-103229,kwh,58.925
C:\Users\josep\source\repos\AIOTED-digital\04_joe_lcd_20x32\7_main_dig5_20260915-000137.jpg,7,7,0.988213,0.000010,0.001584,0.000007,0.010176,0.000000,0.000000,0.000000,0.988213,0.000000,0.000009,0.000001,5,20260915-000137,kwh,56.148
C:\Users\josep\source\repos\AIOTED-digital\04_joe_lcd_20x32\7_main_dig5_20260915-000937.jpg,7,7,0.979429,0.000030,0.001753,0.000017,0.018730,0.000000,0.000001,0.000000,0.979429,0.000002,0.000037,0.000002,5,20260915-000937,kwh,56.253
C:\Users\josep\source\repos\AIOTED-digital\04_joe_lcd_20x32\7_main_dig5_20260928-143440.jpg,7,7,0.999954,0.000001,0.000005,0.000000,0.000041,0.000000,0.000000,0.000000,0.999954,0.000000,0.000000,0.000000,5,20260928-143440,kwh,67.901
C:\Users\josep\source\repos\AIOTED-digital\04_joe_lcd_20x32\7_main_dig5_20260928-145440.jpg,7,7,0.999915,0.000000,0.000003,0.000000,0.000082,0.000000,0.000000,0.000000,0.999915,0.000000,0.000000,0.000000,5,20260928-145440,kwh,62.890
C:\Users\josep\source\repos\AIOTED-digital\04_joe_lcd_20x32\7_main_dig5_20260928-150240.jpg,7,7,0.999895,0.000000,0.000002,0.000000,0.000103,0.000000,0.000000,0.000000,0.999895,0.000000,0.000000,0.000000,5,20260928-150240,kwh,65.086
C:\Users\josep\source\repos\AIOTED-digital\04_joe_lcd_20x32\7_main_dig5_20260928-153440.jpg,7,7,0.999966,0.000000,0.000000,0.000000,0.000034,0.000000,0.000000,0.000000,0.999966,0.000000,0.000000,0.000000,5,20260928-153440,kwh,54.779
C:\Users\josep\source\repos\AIOTED-digital\04_joe_lcd_20x32\7_main_dig5_20260928-155440.jpg,7,7,0.999940,0.000000,0.000006,0.000000,0.000054,0.000000,0.000000,0.000000,0.999940,0.000000,0.000000,0.000000,5,20260928-155440,kwh,50.544
C:\Users\josep\source\repos\AIOTED-digital\04_joe_lcd_20x32\7_main_dig5_20260928-160240.jpg,7,7,0.999934,0.000000,0.000004,0.000000,0.000062,0.000000,0.000000,0.000000,0.999934,0.000000,0.000000,0.000000,5,20260928-160240,kwh,50.112
C:\Users\josep\source\repos\AIOTED-digital\04_joe_lcd_20x32\7_main_dig5_20260928-164240.jpg,7,7,0.999862,0.000000,0.000019,0.000000,0.000119,0.000000,0.000000,0.000000,0.999862,0.000000,0.000000,0.000000,5,20260928-164240,kwh,49.985
C:\Users\josep\source\repos\AIOTED-digital\04_joe_lcd_20x32\7_main_dig5_20260928-173440.jpg,7,7,0.999632,0.000000,0.000073,0.000000,0.000295,0.000000,0.000000,0.000000,0.999632,0.000000,0.000000,0.000000,5,20260928-173440,kwh,53.935
C:\Users\josep\source\repos\AIOTED-digital\04_joe_lcd_20x32\7_main_dig5_20260928-175040.jpg,7,7,0.999642,0.000001,0.000019,0.000000,0.000337,0.000000,0.000000,0.000000,0.999642,0.000000,0.000000,0.000000,5,20260928-175040,kwh,51.993
C:\Users\josep\source\repos\AIOTED-digital\04_joe_lcd_20x32\7_main_dig5_20260928-191040.jpg,7,7,0.983469,0.000026,0.000622,0.000047,0.015826,0.000000,0.000000,0.000000,0.983469,0.000001,0.000008,0.000001,5,20260928-191040,kwh,60.251
C:\Users\josep\source\repos\AIOTED-digital\04_joe_lcd_20x32\7_main_dig5_20260928-210240.jpg,7,7,0.984118,0.000056,0.001088,0.000030,0.014678,0.000000,0.000001,0.000000,0.984118,0.000003,0.000026,0.000001,5,20260928-210240,kwh,58.587
C:\Users\josep\source\repos\AIOTED-digital\04_joe_lcd_20x32\7_main_dig5_20260928-214240.jpg,7,7,0.987747,0.000032,0.001383,0.000011,0.010810,0.000000,0.000000,0.000000,0.987747,0.000001,0.000016,0.000001,5,20260928-214240,kwh,58.271
C:\Users\josep\source\repos\AIOTED-digital\04_joe_lcd_20x32\7_main_dig5_20260928-215040.jpg,7,7,0.984018,0.000028,0.000735,0.000019,0.015182,0.000000,0.000000,0.000000,0.984018,0.000002,0.000015,0.000001,5,20260928-215040,kwh,60.230
C:\Users\josep\source\repos\AIOTED-digital\04_joe_lcd_20x32\7_main_dig5_20260928-220240.jpg,7,7,0.979292,0.000084,0.001973,0.000079,0.018540,0.000000,0.000000,0.000000,0.979292,0.000006,0.000025,0.000002,5,20260928-220240,kwh,57.834
C:\Users\josep\source\repos\AIOTED-digital\04_joe_lcd_20x32\7_main_dig5_20260928-221040.jpg,7,7,0.980229,0.000101,0.002964,0.000039,0.016597,0.000001,0.000001,0.000000,0.980229,0.000006,0.000060,0.000002,5,20260928-221040,kwh,59.390
C:\Users\josep\source\repos\AIOTED-digital\04_joe_lcd_20x32\7_main_dig6_20260802-115444.jpg,7,7,0.999955,0.000001,0.000001,0.000000,0.000042,0.000000,0.000000,0.000000,0.999955,0.000000,0.000000,0.000000,6,20260802-115444,kwh,57.526
C:\Users\josep\source\repos\AIOTED-digital\04_joe_lcd_20x32\7_main_dig6_20260802-201610.jpg,7,7,0.591208,0.001751,0.002898,0.122030,0.273963,0.000012,0.000141,0.000048,0.591208,0.001316,0.000696,0.005937,6,20260802-201610,kwh,21.243
C:\Users\josep\source\repos\AIOTED-digital\04_joe_lcd_20x32\7_main_dig6_20260802-202010.jpg,7,7,0.519718,0.002433,0.002963,0.223823,0.238133,0.000013,0.000169,0.000051,0.519718,0.001732,0.001010,0.009954,6,20260802-202010,kwh,24.015
C:\Users\josep\source\repos\AIOTED-digital\04_joe_lcd_20x32\7_main_dig6_20260802-202810.jpg,7,2,0.418408,0.001198,0.008856,0.418408,0.191081,0.000058,0.000968,0.000382,0.248146,0.001257,0.000597,0.129049,6,20260802-202810,kwh,31.023
C:\Users\josep\source\repos\AIOTED-digital\04_joe_lcd_20x32\7_main_dig6_20260802-203610.jpg,7,3,0.467321,0.000691,0.001816,0.123597,0.467321,0.000003,0.000056,0.000016,0.404127,0.000463,0.000316,0.001593,6,20260802-203610,kwh,26.761
C:\Users\josep\source\repos\AIOTED-digital\04_joe_lcd_20x32\7_main_dig6_20260802-204010.jpg,7,7,0.630391,0.000603,0.002500,0.041415,0.323552,0.000003,0.000038,0.000009,0.630391,0.000256,0.000206,0.001028,6,20260802-204010,kwh,27.251
C:\Users\josep\source\repos\AIOTED-digital\04_joe_lcd_20x32\7_main_dig6_20260807-040013.jpg,7,7,0.779236,0.000039,0.000235,0.019502,0.200708,0.000000,0.000001,0.000000,0.779236,0.000007,0.000035,0.000237,6,20260807-040013,kwh,31.169
C:\Users\josep\source\repos\AIOTED-digital\04_joe_lcd_20x32\7_main_dig6_20260807-040813.jpg,7,7,0.768646,0.000012,0.000319,0.019228,0.211720,0.000000,0.000000,0.000000,0.768646,0.000003,0.000006,0.000068,6,20260807-040813,kwh,30.122
C:\Users\josep\source\repos\AIOTED-digital\04_joe_lcd_20x32\7_main_dig6_20260807-042013.jpg,7,7,0.731629,0.000027,0.000276,0.015869,0.252067,0.000000,0.000001,0.000000,0.731629,0.000006,0.000017,0.000107,6,20260807-042013,kwh,30.824
C:\Users\josep\source\repos\AIOTED-digital\04_joe_lcd_20x32\7_main_dig6_20260807-042813.jpg,7,7,0.718846,0.000080,0.000489,0.030604,0.249602,0.000000,0.000005,0.000001,0.718846,0.000020,0.000054,0.000300,6,20260807-042813,kwh,31.624
C:\Users\josep\source\repos\AIOTED-digital\04_joe_lcd_20x32\7_main_dig6_20260807-043613.jpg,7,7,0.683041,0.000050,0.000387,0.065668,0.250286,0.000000,0.000002,0.000000,0.683041,0.000013,0.000026,0.000526,6,20260807-043613,kwh,31.381
C:\Users\josep\source\repos\AIOTED-digital\04_joe_lcd_20x32\7_main_dig6_20260807-044013.jpg,7,7,0.572422,0.000069,0.000501,0.056141,0.370247,0.000001,0.000005,0.000001,0.572422,0.000026,0.000093,0.000494,6,20260807-044013,kwh,31.787
C:\Users\josep\source\repos\AIOTED-digital\04_joe_lcd_20x32\7_main_dig6_20260819-051756.jpg,7,7,0.925353,0.000002,0.000112,0.000281,0.074251,0.000000,0.000000,0.000000,0.925353,0.000000,0.000000,0.000000,6,20260819-051756,kwh,25.192
C:\Users\josep\source\repos\AIOTED-digital\04_joe_lcd_20x32\7_main_dig6_20260819-114556.jpg,7,7,0.998939,0.000002,0.000285,0.000348,0.000415,0.000000,0.000000,0.000000,0.998939,0.000000,0.000000,0.000011,6,20260819-114556,kwh,72.820
C:\Users\josep\source\repos\AIOTED-digital\04_joe_lcd_20x32\7_main_dig6_20260827-064942.jpg,7,7,0.999865,0.000000,0.000001,0.000000,0.000134,0.000000,0.000000,0.000000,0.999865,0.000000,0.000000,0.000000,6,20260827-064942,kwh,30.259
C:\Users\josep\source\repos\AIOTED-digital\04_joe_lcd_20x32\7_main_dig6_20260827-130941.jpg,7,7,0.999993,0.000000,0.000000,0.000000,0.000007,0.000000,0.000000,0.000000,0.999993,0.000000,0.000000,0.000000,6,20260827-130941,kwh,74.986
C:\Users\josep\source\repos\AIOTED-digital\04_joe_lcd_20x32\7_main_dig6_20260827-163741.jpg,7,7,0.999861,0.000000,0.000000,0.000000,0.000139,0.000000,0.000000,0.000000,0.999861,0.000000,0.000000,0.000000,6,20260827-163741,kwh,64.234
C:\Users\josep\source\repos\AIOTED-digital\04_joe_lcd_20x32\7_main_dig6_20260827-205740.jpg,7,7,0.950063,0.000013,0.002822,0.001524,0.045566,0.000000,0.000000,0.000000,0.950063,0.000002,0.000001,0.000008,6,20260827-205740,kwh,29.349
C:\Users\josep\source\repos\AIOTED-digital\04_joe_lcd_20x32\7_main_dig6_20260906-113125.jpg,7,7,0.999276,0.000018,0.000700,0.000000,0.000006,0.000000,0.000000,0.000000,0.999276,0.000000,0.000000,0.000000,6,20260906-113125,kwh,63.181
C:\Users\josep\source\repos\AIOTED-digital\04_joe_lcd_20x32\7_main_dig6_20260906-115125.jpg,7,7,0.999879,0.000001,0.000119,0.000000,0.000001,0.000000,0.000000,0.000000,0.999879,0.000000,0.000000,0.000000,6,20260906-115125,kwh,67.374
C:\Users\josep\source\repos\AIOTED-digital\04_joe_lcd_20x32\7_main_dig6_20260906-213924.jpg,7,7,0.616221,0.000683,0.002833,0.005463,0.373814,0.000002,0.000028,0.000003,0.616221,0.000205,0.000691,0.000056,6,20260906-213924,kwh,26.802
C:\Users\josep\source\repos\AIOTED-digital\04_joe_lcd_20x32\7_main_dig6_20260906-215924.jpg,7,3,0.508931,0.000969,0.013231,0.020118,0.508931,0.000039,0.000087,0.000013,0.453901,0.000517,0.001842,0.000351,6,20260906-215924,kwh,25.780
C:\Users\josep\source\repos\AIOTED-digital\04_joe_lcd_20x32\7_main_dig6_20260907-141523.jpg,7,7,0.999992,0.000000,0.000007,0.000000,0.000001,0.000000,0.000000,0.000000,0.999992,0.000000,0.000000,0.000000,6,20260907-141523,kwh,65.224
C:\Users\josep\source\repos\AIOTED-digital\04_joe_lcd_20x32\7_main_dig6_20260907-174323.jpg,7,7,0.999967,0.000024,0.000008,0.000000,0.000001,0.000000,0.000000,0.000000,0.999967,0.000000,0.000000,0.000000,6,20260907-174323,kwh,39.043
C:\Users\josep\source\repos\AIOTED-digital\04_joe_lcd_20x32\7_main_dig6_20260907-175523.jpg,7,7,0.999990,0.000002,0.000007,0.000000,0.000001,0.000000,0.000000,0.000000,0.999990,0.000000,0.000000,0.000000,6,20260907-175523,kwh,36.053
C:\Users\josep\source\repos\AIOTED-digital\04_joe_lcd_20x32\7_main_dig6_20260911-142428.jpg,7,7,0.999999,0.000000,0.000000,0.000000,0.000000,0.000000,0.000000,0.000000,0.999999,0.000000,0.000000,0.000000,6,20260911-142428,kwh,63.911
C:\Users\josep\source\repos\AIOTED-digital\04_joe_lcd_20x32\7_main_dig6_20260911-143228.jpg,7,7,0.999999,0.000000,0.000001,0.000000,0.000000,0.000000,0.000000,0.000000,0.999999,0.000000,0.000000,0.000000,6,20260911-143228,kwh,62.146
C:\Users\josep\source\repos\AIOTED-digital\04_joe_lcd_20x32\7_main_dig6_20260911-181228.jpg,7,7,0.999899,0.000006,0.000040,0.000000,0.000055,0.000000,0.000000,0.000000,0.999899,0.000000,0.000000,0.000000,6,20260911-181228,kwh,23.784
C:\Users\josep\source\repos\AIOTED-digital\04_joe_lcd_20x32\7_main_dig6_20260915-093736.jpg,7,7,0.999976,0.000008,0.000006,0.000000,0.000011,0.000000,0.000000,0.000000,0.999976,0.000000,0.000000,0.000000,6,20260915-093736,kwh,30.968
C:\Users\josep\source\repos\AIOTED-digital\04_joe_lcd_20x32\7_main_dig6_20260915-164536.jpg,7,7,0.999999,0.000000,0.000001,0.000000,0.000000,0.000000,0.000000,0.000000,0.999999,0.000000,0.000000,0.000000,6,20260915-164536,kwh,43.564
C:\Users\josep\source\repos\AIOTED-digital\04_joe_lcd_20x32\7_main_dig6_20260928-092241.jpg,7,7,0.914188,0.000003,0.072793,0.000135,0.012811,0.000003,0.000000,0.000000,0.914188,0.000000,0.000001,0.000066,6,20260928-092241,kwh,78.076
C:\Users\josep\source\repos\AIOTED-digital\04_joe_lcd_20x32\7_main_dig6_20260928-180240.jpg,7,7,0.999878,0.000002,0.000029,0.000000,0.000092,0.000000,0.000000,0.000000,0.999878,0.000000,0.000000,0.000000,6,20260928-180240,kwh,22.245
C:\Users\josep\source\repos\AIOTED-digital\04_joe_lcd_20x32\7_main_dig6_20260928-181040.jpg,7,7,0.998482,0.000025,0.000331,0.000003,0.001159,0.000000,0.000000,0.000000,0.998482,0.000000,0.000000,0.000000,6,20260928-181040,kwh,21.533
C:\Users\josep\source\repos\AIOTED-digital\04_joe_lcd_20x32\7_main_dig6_20260928-184240.jpg,7,7,0.604562,0.000061,0.005591,0.002030,0.387660,0.000001,0.000004,0.000001,0.604562,0.000028,0.000047,0.000016,6,20260928-184240,kwh,23.819
C:\Users\josep\source\repos\AIOTED-digital\04_joe_lcd_20x32\7_main_dig6_20260928-185040.jpg,7,7,0.666240,0.000210,0.006736,0.002221,0.324369,0.000001,0.000009,0.000002,0.666240,0.000105,0.000096,0.000013,6,20260928-185040,kwh,27.336
C:\Users\josep\source\repos\AIOTED-digital\04_joe_lcd_20x32\8_main_dig2_20260802-202410.jpg,8,8,0.999897,0.000040,0.000000,0.000001,0.000011,0.000000,0.000000,0.000042,0.000000,0.999897,0.000010,0.000000,2,20260802-202410,test8,141.581
C:\Users\josep\source\repos\AIOTED-digital\04_joe_lcd_20x32\8_main_dig2_20260802-204410.jpg,8,8,0.999738,0.000079,0.000000,0.000001,0.000004,0.000001,0.000000,0.000166,0.000000,0.999738,0.000010,0.000000,2,20260802-204410,test8,142.161
C:\Users\josep\source\repos\AIOTED-digital\04_joe_lcd_20x32\8_main_dig2_20260802-210410.jpg,8,8,0.999880,0.000065,0.000000,0.000001,0.000003,0.000000,0.000000,0.000035,0.000000,0.999880,0.000015,0.000000,2,20260802-210410,test8,141.976
C:\Users\josep\source\repos\AIOTED-digital\04_joe_lcd_20x32\8_main_dig2_20260802-214410.jpg,8,8,0.999826,0.000047,0.000000,0.000000,0.000006,0.000001,0.000000,0.000109,0.000000,0.999826,0.000011,0.000000,2,20260802-214410,test8,141.183
C:\Users\josep\source\repos\AIOTED-digital\04_joe_lcd_20x32\8_main_dig2_20260802-220410.jpg,8,8,0.999777,0.000086,0.000000,0.000000,0.000005,0.000001,0.000000,0.000120,0.000000,0.999777,0.000010,0.000000,2,20260802-220410,test8,139.477
C:\Users\josep\source\repos\AIOTED-digital\04_joe_lcd_20x32\8_main_dig2_20260802-222410.jpg,8,8,0.999792,0.000079,0.000000,0.000001,0.000007,0.000002,0.000000,0.000102,0.000000,0.999792,0.000016,0.000000,2,20260802-222410,test8,139.869
C:\Users\josep\source\repos\AIOTED-digital\04_joe_lcd_20x32\8_main_dig2_20260802-224410.jpg,8,8,0.999832,0.000109,0.000000,0.000000,0.000004,0.000000,0.000000,0.000039,0.000000,0.999832,0.000015,0.000000,2,20260802-224410,test8,139.839
C:\Users\josep\source\repos\AIOTED-digital\04_joe_lcd_20x32\8_main_dig2_20260802-230410.jpg,8,8,0.999872,0.000058,0.000000,0.000000,0.000004,0.000001,0.000000,0.000054,0.000000,0.999872,0.000010,0.000000,2,20260802-230410,test8,141.906
C:\Users\josep\source\repos\AIOTED-digital\04_joe_lcd_20x32\8_main_dig2_20260802-232410.jpg,8,8,0.999826,0.000099,0.000000,0.000001,0.000009,0.000001,0.000000,0.000045,0.000000,0.999826,0.000019,0.000000,2,20260802-232410,test8,141.135
C:\Users\josep\source\repos\AIOTED-digital\04_joe_lcd_20x32\8_main_dig2_20260802-234410.jpg,8,8,0.999773,0.000132,0.000000,0.000001,0.000006,0.000001,0.000000,0.000072,0.000000,0.999773,0.000015,0.000000,2,20260802-234410,test8,141.536
C:\Users\josep\source\repos\AIOTED-digital\04_joe_lcd_20x32\8_main_dig2_20260807-003613.jpg,8,8,0.999944,0.000053,0.000000,0.000000,0.000000,0.000000,0.000000,0.000002,0.000000,0.999944,0.000000,0.000000,2,20260807-003613,test8,100.512
C:\Users\josep\source\repos\AIOTED-digital\04_joe_lcd_20x32\8_main_dig2_20260807-005613.jpg,8,8,0.999969,0.000030,0.000000,0.000000,0.000000,0.000000,0.000000,0.000001,0.000000,0.999969,0.000000,0.000000,2,20260807-005613,test8,101.465
C:\Users\josep\source\repos\AIOTED-digital\04_joe_lcd_20x32\8_main_dig2_20260807-011613.jpg,8,8,0.999943,0.000053,0.000000,0.000000,0.000000,0.000000,0.000000,0.000004,0.000000,0.999943,0.000000,0.000000,2,20260807-011613,test8,102.464
C:\Users\josep\source\repos\AIOTED-digital\04_joe_lcd_20x32\8_main_dig2_20260807-015613.jpg,8,8,0.999883,0.000116,0.000000,0.000000,0.000000,0.000000,0.000000,0.000001,0.000000,0.999883,0.000000,0.000000,2,20260807-015613,test8,102.973
C:\Users\josep\source\repos\AIOTED-digital\04_joe_lcd_20x32\8_main_dig2_20260807-021613.jpg,8,8,0.999984,0.000012,0.000000,0.000000,0.000000,0.000000,0.000000,0.000005,0.000000,0.999984,0.000000,0.000000,2,20260807-021613,test8,101.054
C:\Users\josep\source\repos\AIOTED-digital\04_joe_lcd_20x32\8_main_dig2_20260807-025613.jpg,8,8,0.999991,0.000006,0.000000,0.000000,0.000000,0.000000,0.000000,0.000002,0.000000,0.999991,0.000000,0.000000,2,20260807-025613,test8,102.483
C:\Users\josep\source\repos\AIOTED-digital\04_joe_lcd_20x32\8_main_dig2_20260807-031613.jpg,8,8,0.999984,0.000013,0.000000,0.000000,0.000000,0.000000,0.000000,0.000003,0.000000,0.999984,0.000000,0.000000,2,20260807-031613,test8,102.446
C:\Users\josep\source\repos\AIOTED-digital\04_joe_lcd_20x32\8_main_dig2_20260807-033613.jpg,8,8,0.999933,0.000064,0.000000,0.000000,0.000000,0.000000,0.000000,0.000003,0.000000,0.999933,0.000000,0.000000,2,20260807-033613,test8,102.872
C:\Users\josep\source\repos\AIOTED-digital\04_joe_lcd_20x32\8_main_dig2_20260807-034413.jpg,8,8,0.999977,0.000017,0.000000,0.000000,0.000000,0.000000,0.000000,0.000005,0.000000,0.999977,0.000000,0.000000,2,20260807-034413,test8,99.925
C:\Users\josep\source\repos\AIOTED-digital\04_joe_lcd_20x32\8_main_dig2_20260807-035613.jpg,8,8,0.999950,0.000047,0.000000,0.000000,0.000000,0.000000,0.000000,0.000003,0.000000,0.999950,0.000000,0.000000,2,20260807-035613,test8,102.239
C:\Users\josep\source\repos\AIOTED-digital\04_joe_lcd_20x32\8_main_dig2_20260807-040413.jpg,8,8,0.999900,0.000096,0.000000,0.000000,0.000000,0.000000,0.000000,0.000005,0.000000,0.999900,0.000000,0.000000,2,20260807-040413,test8,101.114
C:\Users\josep\source\repos\AIOTED-digital\04_joe_lcd_20x32\8_main_dig2_20260807-041613.jpg,8,8,0.999989,0.000010,0.000000,0.000000,0.000000,0.000000,0.000000,0.000001,0.000000,0.999989,0.000000,0.000000,2,20260807-041613,test8,101.491
C:\Users\josep\source\repos\AIOTED-digital\04_joe_lcd_20x32\8_main_dig2_20260807-042413.jpg,8,8,0.999974,0.000021,0.000000,0.000000,0.000000,0.000000,0.000000,0.000004,0.000000,0.999974,0.000000,0.000000,2,20260807-042413,test8,102.270
C:\Users\josep\source\repos\AIOTED-digital\04_joe_lcd_20x32\8_main_dig2_20260807-044413.jpg,8,8,0.999977,0.000019,0.000000,0.000000,0.000000,0.000000,0.000000,0.000004,0.000000,0.999977,0.000000,0.000000,2,20260807-044413,test8,102.424
C:\Users\josep\source\repos\AIOTED-digital\04_joe_lcd_20x32\8_main_dig2_20260819-114156.jpg,8,8,1.000000,0.000000,0.000000,0.000000,0.000000,0.000000,0.000000,0.000000,0.000000,1.000000,0.000000,0.000000,2,20260819-114156,test8,69.302
C:\Users\josep\source\repos\AIOTED-digital\04_joe_lcd_20x32\8_main_dig2_20260819-180955.jpg,8,8,0.998970,0.001030,0.000000,0.000000,0.000000,0.000000,0.000000,0.000000,0.000000,0.998970,0.000000,0.000000,2,20260819-180955,test8,86.494
C:\Users\josep\source\repos\AIOTED-digital\04_joe_lcd_20x32\8_main_dig2_20260827-072541.jpg,8,8,0.999972,0.000028,0.000000,0.000000,0.000000,0.000000,0.000000,0.000000,0.000000,0.999972,0.000000,0.000000,2,20260827-072541,test8,83.515
C:\Users\josep\source\repos\AIOTED-digital\04_joe_lcd_20x32\8_main_dig2_20260827-121341.jpg,8,8,1.000000,0.000000,0.000000,0.000000,0.000000,0.000000,0.000000,0.000000,0.000000,1.000000,0.000000,0.000000,2,20260827-121341,test8,70.889
C:\Users\josep\source\repos\AIOTED-digital\04_joe_lcd_20x32\8_main_dig2_20260906-104256.jpg,8,8,0.999928,0.000034,0.000000,0.000000,0.000000,0.000000,0.000000,0.000025,0.000000,0.999928,0.000013,0.000000,2,20260906-104256,test8,69.654
C:\Users\josep\source\repos\AIOTED-digital\04_joe_lcd_20x32\8_main_dig2_20260906-105056.jpg,8,8,0.999932,0.000050,0.000000,0.000000,0.000000,0.000000,0.000000,0.000011,0.000000,0.999932,0.000007,0.000000,2,20260906-105056,test8,73.142
C:\Users\josep\source\repos\AIOTED-digital\04_joe_lcd_20x32\8_main_dig2_20260906-170725.jpg,8,8,0.999938,0.000061,0.000000,0.000000,0.000000,0.000000,0.000000,0.000001,0.000000,0.999938,0.000000,0.000000,2,20260906-170725,test8,87.316
C:\Users\josep\source\repos\AIOTED-digital\04_joe_lcd_20x32\8_main_dig2_20260907-084323.jpg,8,8,0.999986,0.000010,0.000000,0.000000,0.000000,0.000000,0.000000,0.000003,0.000000,0.999986,0.000001,0.000000,2,20260907-084323,test8,80.763
C:\Users\josep\source\repos\AIOTED-digital\04_joe_lcd_20x32\8_main_dig2_20260907-085523.jpg,8,8,0.999996,0.000003,0.000000,0.000000,0.000000,0.000000,0.000000,0.000001,0.000000,0.999996,0.000000,0.000000,2,20260907-085523,test8,78.112
C:\Users\josep\source\repos\AIOTED-digital\04_joe_lcd_20x32\8_main_dig2_20260907-175123.jpg,8,8,0.999997,0.000002,0.000000,0.000000,0.000000,0.000000,0.000000,0.000001,0.000000,0.999997,0.000000,0.000000,2,20260907-175123,test8,86.966
C:\Users\josep\source\repos\AIOTED-digital\04_joe_lcd_20x32\8_main_dig2_20260911-094029.jpg,8,8,0.999979,0.000010,0.000000,0.000000,0.000000,0.000000,0.000000,0.000010,0.000000,0.999979,0.000000,0.000000,2,20260911-094029,test8,71.160
C:\Users\josep\source\repos\AIOTED-digital\04_joe_lcd_20x32\8_main_dig2_20260911-150828.jpg,8,8,0.999921,0.000076,0.000000,0.000000,0.000000,0.000000,0.000000,0.000001,0.000000,0.999921,0.000002,0.000000,2,20260911-150828,test8,77.035
C:\Users\josep\source\repos\AIOTED-digital\04_joe_lcd_20x32\8_main_dig2_20260911-180828.jpg,8,8,0.999988,0.000011,0.000000,0.000000,0.000000,0.000000,0.000000,0.000001,0.000000,0.999988,0.000000,0.000000,2,20260911-180828,test8,89.014
C:\Users\josep\source\repos\AIOTED-digital\04_joe_lcd_20x32\8_main_dig2_20260915-122536.jpg,8,8,0.999969,0.000010,0.000000,0.000000,0.000000,0.000000,0.000000,0.000020,0.000000,0.999969,0.000000,0.000000,2,20260915-122536,test8,73.035
C:\Users\josep\source\repos\AIOTED-digital\04_joe_lcd_20x32\8_main_dig2_20260915-163336.jpg,8,8,0.999998,0.000000,0.000000,0.000000,0.000000,0.000000,0.000000,0.000001,0.000000,0.999998,0.000000,0.000000,2,20260915-163336,test8,82.214
C:\Users\josep\source\repos\AIOTED-digital\04_joe_lcd_20x32\8_main_dig2_20260915-171336.jpg,8,8,0.999991,0.000000,0.000000,0.000000,0.000000,0.000000,0.000000,0.000009,0.000000,0.999991,0.000000,0.000000,2,20260915-171336,test8,85.828
C:\Users\josep\source\repos\AIOTED-digital\04_joe_lcd_20x32\8_main_dig2_20260928-073041.jpg,8,8,0.999795,0.000194,0.000000,0.000000,0.000000,0.000000,0.000000,0.000011,0.000000,0.999795,0.000000,0.000000,2,20260928-073041,test8,89.970
C:\Users\josep\source\repos\AIOTED-digital\04_joe_lcd_20x32\8_main_dig2_20260928-151040.jpg,8,8,0.999779,0.000130,0.000000,0.000000,0.000000,0.000000,0.000000,0.000045,0.000000,0.999779,0.000045,0.000000,2,20260928-151040,test8,79.975
C:\Users\josep\source\repos\AIOTED-digital\04_joe_lcd_20x32\8_main_dig3_20260802-204410.jpg,8,8,0.998675,0.000295,0.000000,0.000000,0.000001,0.000000,0.000001,0.001027,0.000000,0.998675,0.000000,0.000000,3,20260802-204410,test8,160.094
C:\Users\josep\source\repos\AIOTED-digital\04_joe_lcd_20x32\8_main_dig3_20260802-210410.jpg,8,8,0.999311,0.000296,0.000000,0.000000,0.000003,0.000000,0.000001,0.000389,0.000000,0.999311,0.000000,0.000000,3,20260802-210410,test8,161.546
C:\Users\josep\source\repos\AIOTED-digital\04_joe_lcd_20x32\8_main_dig3_20260802-220410.jpg,8,8,0.999571,0.000267,0.000000,0.000000,0.000002,0.000000,0.000000,0.000160,0.000000,0.999571,0.000000,0.000000,3,20260802-220410,test8,158.852
C:\Users\josep\source\repos\AIOTED-digital\04_joe_lcd_20x32\8_main_dig3_20260802-230410.jpg,8,8,0.997420,0.000509,0.000000,0.000000,0.000001,0.000000,0.000002,0.002068,0.000000,0.997420,0.000000,0.000000,3,20260802-230410,test8,162.527
C:\Users\josep\source\repos\AIOTED-digital\04_joe_lcd_20x32\8_main_dig3_20260807-021613.jpg,8,8,0.938466,0.061533,0.000000,0.000000,0.000000,0.000000,0.000000,0.000000,0.000000,0.938466,0.000001,0.000000,3,20260807-021613,test8,126.496
C:\Users\josep\source\repos\AIOTED-digital\04_joe_lcd_20x32\8_main_dig3_20260807-034413.jpg,8,8,0.902100,0.097892,0.000000,0.000000,0.000000,0.000000,0.000000,0.000000,0.000001,0.902100,0.000008,0.000000,3,20260807-034413,test8,122.879
C:\Users\josep\source\repos\AIOTED-digital\04_joe_lcd_20x32\8_main_dig3_20260807-040413.jpg,8,8,0.784932,0.215067,0.000000,0.000000,0.000000,0.000000,0.000000,0.000000,0.000000,0.784932,0.000002,0.000000,3,20260807-040413,test8,126.117
C:\Users\josep\source\repos\AIOTED-digital\04_joe_lcd_20x32\8_main_dig3_20260807-042413.jpg,8,8,0.912022,0.087975,0.000000,0.000000,0.000000,0.000000,0.000000,0.000000,0.000000,0.912022,0.000004,0.000000,3,20260807-042413,test8,126.394
C:\Users\josep\source\repos\AIOTED-digital\04_joe_lcd_20x32\8_main_dig3_20260819-042556.jpg,8,8,0.579976,0.420023,0.000000,0.000000,0.000000,0.000000,0.000000,0.000000,0.000000,0.579976,0.000001,0.000000,3,20260819-042556,test8,114.497
C:\Users\josep\source\repos\AIOTED-digital\04_joe_lcd_20x32\8_main_dig3_20260819-120556.jpg,8,8,1.000000,0.000000,0.000000,0.000000,0.000000,0.000000,0.000000,0.000000,0.000000,1.000000,0.000000,0.000000,3,20260819-120556,test8,82.863
C:\Users\josep\source\repos\AIOTED-digital\04_joe_lcd_20x32\8_main_dig3_20260819-171355.jpg,8,8,0.999060,0.000940,0.000000,0.000000,0.000000,0.000000,0.000000,0.000000,0.000000,0.999060,0.000000,0.000000,3,20260819-171355,kwh,107.869
C:\Users\josep\source\repos\AIOTED-digital\04_joe_lcd_20x32\8_main_dig3_20260819-185355.jpg,8,8,0.993771,0.006228,0.000000,0.000000,0.000000,0.000000,0.000000,0.000000,0.000000,0.993771,0.000000,0.000000,3,20260819-185355,kwh,110.019
C:\Users\josep\source\repos\AIOTED-digital\04_joe_lcd_20x32\8_main_dig3_20260819-191355.jpg,8,8,0.996239,0.003761,0.000000,0.000000,0.000000,0.000000,0.000000,0.000000,0.000000,0.996239,0.000000,0.000000,3,20260819-191355,kwh,110.842
C:\Users\josep\source\repos\AIOTED-digital\04_joe_lcd_20x32\8_main_dig3_20260819-224155.jpg,8,8,0.904522,0.095477,0.000000,0.000000,0.000000,0.000000,0.000000,0.000000,0.000000,0.904522,0.000001,0.000000,3,20260819-224155,kwh,111.961
C:\Users\josep\source\repos\AIOTED-digital\04_joe_lcd_20x32\8_main_dig3_20260827-040142.jpg,8,8,0.915080,0.084784,0.000000,0.000000,0.000000,0.000000,0.000000,0.000000,0.000000,0.915080,0.000136,0.000000,3,20260827-040142,kwh,101.231
C:\Users\josep\source\repos\AIOTED-digital\04_joe_lcd_20x32\8_main_dig3_20260827-111741.jpg,8,8,1.000000,0.000000,0.000000,0.000000,0.000000,0.000000,0.000000,0.000000,0.000000,1.000000,0.000000,0.000000,3,20260827-111741,kwh,97.824
C:\Users\josep\source\repos\AIOTED-digital\04_joe_lcd_20x32\8_main_dig3_20260827-122941.jpg,8,8,1.000000,0.000000,0.000000,0.000000,0.000000,0.000000,0.000000,0.000000,0.000000,1.000000,0.000000,0.000000,3,20260827-122941,test8,76.785
C:\Users\josep\source\repos\AIOTED-digital\04_joe_lcd_20x32\8_main_dig3_20260827-174541.jpg,8,8,0.999005,0.000995,0.000000,0.000000,0.000000,0.000000,0.000000,0.000000,0.000000,0.999005,0.000000,0.000000,3,20260827-174541,kwh,98.004
C:\Users\josep\source\repos\AIOTED-digital\04_joe_lcd_20x32\8_main_dig3_20260827-205740.jpg,8,8,0.996495,0.003457,0.000000,0.000000,0.000000,0.000000,0.000000,0.000000,0.000000,0.996495,0.000048,0.000000,3,20260827-205740,kwh,103.774
C:\Users\josep\source\repos\AIOTED-digital\04_joe_lcd_20x32\8_main_dig3_20260827-212540.jpg,8,8,0.989454,0.010537,0.000000,0.000000,0.000000,0.000000,0.000000,0.000000,0.000000,0.989454,0.000009,0.000000,3,20260827-212540,test8,101.426
C:\Users\josep\source\repos\AIOTED-digital\04_joe_lcd_20x32\8_main_dig3_20260906-063456.jpg,8,8,0.998891,0.001108,0.000000,0.000000,0.000000,0.000000,0.000000,0.000000,0.000000,0.998891,0.000001,0.000000,3,20260906-063456,test8,116.229
C:\Users\josep\source\repos\AIOTED-digital\04_joe_lcd_20x32\8_main_dig3_20260906-074656.jpg,8,8,0.999998,0.000002,0.000000,0.000000,0.000000,0.000000,0.000000,0.000000,0.000000,0.999998,0.000000,0.000000,3,20260906-074656,test8,100.777
C:\Users\josep\source\repos\AIOTED-digital\04_joe_lcd_20x32\8_main_dig3_20260906-110656.jpg,8,8,1.000000,0.000000,0.000000,0.000000,0.000000,0.000000,0.000000,0.000000,0.000000,1.000000,0.000000,0.000000,3,20260906-110656,test8,77.884
C:\Users\josep\source\repos\AIOTED-digital\04_joe_lcd_20x32\8_main_dig3_20260906-134325.jpg,8,8,1.000000,0.000000,0.000000,0.000000,0.000000,0.000000,0.000000,0.000000,0.000000,1.000000,0.000000,0.000000,3,20260906-134325,kwh,87.672
C:\Users\josep\source\repos\AIOTED-digital\04_joe_lcd_20x32\8_main_dig3_20260906-171125.jpg,8,8,0.998743,0.001257,0.000000,0.000000,0.000000,0.000000,0.000000,0.000000,0.000000,0.998743,0.000000,0.000000,3,20260906-171125,kwh,100.571
C:\Users\josep\source\repos\AIOTED-digital\04_joe_lcd_20x32\8_main_dig3_20260906-181125.jpg,8,8,0.996928,0.003072,0.000000,0.000000,0.000000,0.000000,0.000000,0.000000,0.000000,0.996928,0.000001,0.000000,3,20260906-181125,kwh,103.939
C:\Users\josep\source\repos\AIOTED-digital\04_joe_lcd_20x32\8_main_dig3_20260906-221124.jpg,8,8,0.992717,0.007281,0.000000,0.000000,0.000000,0.000000,0.000000,0.000000,0.000000,0.992717,0.000002,0.000000,3,20260906-221124,test8,105.879
C:\Users\josep\source\repos\AIOTED-digital\04_joe_lcd_20x32\8_main_dig3_20260906-235924.jpg,8,8,0.991844,0.008154,0.000000,0.000000,0.000000,0.000000,0.000000,0.000000,0.000000,0.991844,0.000002,0.000000,3,20260906-235924,test8,109.531
C:\Users\josep\source\repos\AIOTED-digital\04_joe_lcd_20x32\8_main_dig3_20260907-011124.jpg,8,8,0.988348,0.011643,0.000000,0.000000,0.000000,0.000000,0.000000,0.000000,0.000000,0.988348,0.000010,0.000000,3,20260907-011124,kwh,107.884
C:\Users\josep\source\repos\AIOTED-digital\04_joe_lcd_20x32\8_main_dig3_20260907-064724.jpg,8,8,0.993015,0.006977,0.000000,0.000000,0.000000,0.000000,0.000000,0.000000,0.000000,0.993015,0.000008,0.000000,3,20260907-064724,kwh,106.862
C:\Users\josep\source\repos\AIOTED-digital\04_joe_lcd_20x32\8_main_dig3_20260907-072724.jpg,8,8,0.997682,0.002317,0.000000,0.000000,0.000000,0.000000,0.000000,0.000000,0.000000,0.997682,0.000000,0.000000,3,20260907-072724,kwh,101.780
C:\Users\josep\source\repos\AIOTED-digital\04_joe_lcd_20x32\8_main_dig3_20260907-110723.jpg,8,8,0.999974,0.000026,0.000000,0.000000,0.000000,0.000000,0.000000,0.000000,0.000000,0.999974,0.000000,0.000000,3,20260907-110723,kwh,97.371
C:\Users\josep\source\repos\AIOTED-digital\04_joe_lcd_20x32\8_main_dig3_20260907-143523.jpg,8,8,0.999998,0.000000,0.000000,0.000000,0.000000,0.000000,0.000000,0.000000,0.000000,0.999998,0.000001,0.000000,3,20260907-143523,test8,81.823
C:\Users\josep\source\repos\AIOTED-digital\04_joe_lcd_20x32\8_main_dig3_20260907-235522.jpg,8,8,0.984395,0.015598,0.000000,0.000000,0.000000,0.000000,0.000000,0.000000,0.000000,0.984395,0.000007,0.000000,3,20260907-235522,kwh,106.748
C:\Users\josep\source\repos\AIOTED-digital\04_joe_lcd_20x32\8_main_dig3_20260911-022800.jpg,8,8,0.944483,0.055504,0.000000,0.000000,0.000000,0.000000,0.000000,0.000000,0.000000,0.944483,0.000013,0.000000,3,20260911-022800,kwh,104.172
C:\Users\josep\source\repos\AIOTED-digital\04_joe_lcd_20x32\8_main_dig3_20260911-040800.jpg,8,8,0.922053,0.077873,0.000000,0.000000,0.000000,0.000000,0.000000,0.000000,0.000000,0.922053,0.000074,0.000000,3,20260911-040800,kwh,108.468
C:\Users\josep\source\repos\AIOTED-digital\04_joe_lcd_20x32\8_main_dig3_20260911-065600.jpg,8,8,0.985546,0.014450,0.000000,0.000000,0.000000,0.000000,0.000000,0.000000,0.000000,0.985546,0.000004,0.000000,3,20260911-065600,kwh,102.164
C:\Users\josep\source\repos\AIOTED-digital\04_joe_lcd_20x32\8_main_dig3_20260911-144028.jpg,8,8,0.999998,0.000001,0.000000,0.000000,0.000000,0.000000,0.000000,0.000001,0.000000,0.999998,0.000000,0.000000,3,20260911-144028,kwh,81.084
C:\Users\josep\source\repos\AIOTED-digital\04_joe_lcd_20x32\8_main_dig3_20260911-161228.jpg,8,8,0.999925,0.000075,0.000000,0.000000,0.000000,0.000000,0.000000,0.000000,0.000000,0.999925,0.000000,0.000000,3,20260911-161228,kwh,91.381
C:\Users\josep\source\repos\AIOTED-digital\04_joe_lcd_20x32\8_main_dig3_20260911-163228.jpg,8,8,0.999744,0.000256,0.000000,0.000000,0.000000,0.000000,0.000000,0.000000,0.000000,0.999744,0.000000,0.000000,3,20260911-163228,kwh,93.280
C:\Users\josep\source\repos\AIOTED-digital\04_joe_lcd_20x32\8_main_dig3_20260911-175228.jpg,8,8,0.997866,0.002133,0.000000,0.000000,0.000000,0.000000,0.000000,0.000000,0.000000,0.997866,0.000001,0.000000,3,20260911-175228,kwh,97.982
C:\Users\josep\source\repos\AIOTED-digital\04_joe_lcd_20x32\8_main_dig4_20260802-202410.jpg,8,8,0.999192,0.000247,0.000000,0.000000,0.000000,0.000000,0.000000,0.000000,0.000000,0.999192,0.000561,0.000000,4,20260802-202410,test8,99.734
C:\Users\josep\source\repos\AIOTED-digital\04_joe_lcd_20x32\8_main_dig4_20260802-230410.jpg,8,8,0.997781,0.001413,0.000000,0.000000,0.000000,0.000000,0.000000,0.000000,0.000000,0.997781,0.000805,0.000000,4,20260802-230410,test8,95.318
C:\Users\josep\source\repos\AIOTED-digital\04_joe_lcd_20x32\8_main_dig4_20260802-232410.jpg,8,8,0.999539,0.000224,0.000000,0.000000,0.000000,0.000000,0.000000,0.000000,0.000000,0.999539,0.000237,0.000000,4,20260802-232410,test8,94.874
C:\Users\josep\source\repos\AIOTED-digital\04_joe_lcd_20x32\8_main_dig4_20260802-234410.jpg,8,8,0.999362,0.000484,0.000000,0.000000,0.000000,0.000000,0.000000,0.000001,0.000000,0.999362,0.000153,0.000000,4,20260802-234410,test8,100.126
C:\Users\josep\source\repos\AIOTED-digital\04_joe_lcd_20x32\8_main_dig4_20260807-021613.jpg,8,8,0.999312,0.000001,0.000000,0.000000,0.000001,0.000000,0.000000,0.000002,0.000000,0.999312,0.000684,0.000000,4,20260807-021613,test8,81.755
C:\Users\josep\source\repos\AIOTED-digital\04_joe_lcd_20x32\8_main_dig4_20260807-025613.jpg,8,8,0.999454,0.000001,0.000000,0.000000,0.000001,0.000000,0.000000,0.000001,0.000000,0.999454,0.000543,0.000000,4,20260807-025613,test8,82.371
C:\Users\josep\source\repos\AIOTED-digital\04_joe_lcd_20x32\8_main_dig4_20260807-031613.jpg,8,8,0.999533,0.000000,0.000000,0.000000,0.000003,0.000000,0.000000,0.000002,0.000000,0.999533,0.000462,0.000000,4,20260807-031613,test8,79.842
C:\Users\josep\source\repos\AIOTED-digital\04_joe_lcd_20x32\8_main_dig4_20260807-042413.jpg,8,8,0.999579,0.000000,0.000000,0.000000,0.000002,0.000000,0.000000,0.000001,0.000000,0.999579,0.000417,0.000000,4,20260807-042413,test8,82.418
C:\Users\josep\source\repos\AIOTED-digital\04_joe_lcd_20x32\8_main_dig4_20260906-062656.jpg,8,8,0.999991,0.000004,0.000000,0.000000,0.000000,0.000000,0.000000,0.000000,0.000000,0.999991,0.000005,0.000000,4,20260906-062656,kwh,62.400
C:\Users\josep\source\repos\AIOTED-digital\04_joe_lcd_20x32\8_main_dig4_20260906-065456.jpg,8,8,0.999995,0.000005,0.000000,0.000000,0.000000,0.000000,0.000000,0.000000,0.000000,0.999995,0.000001,0.000000,4,20260906-065456,kwh,60.316
C:\Users\josep\source\repos\AIOTED-digital\04_joe_lcd_20x32\8_main_dig4_20260906-070656.jpg,8,8,0.999990,0.000006,0.000000,0.000000,0.000000,0.000000,0.000000,0.000000,0.000000,0.999990,0.000003,0.000000,4,20260906-070656,kwh,58.900
C:\Users\josep\source\repos\AIOTED-digital\04_joe_lcd_20x32\8_main_dig4_20260906-071456.jpg,8,8,0.999990,0.000007,0.000000,0.000000,0.000000,0.000000,0.000000,0.000000,0.000000,0.999990,0.000002,0.000000,4,20260906-071456,test8,60.160
C:\Users\josep\source\repos\AIOTED-digital\04_joe_lcd_20x32\8_main_dig4_20260906-072656.jpg,8,8,0.999994,0.000001,0.000000,0.000000,0.000000,0.000000,0.000000,0.000000,0.000000,0.999994,0.000005,0.000000,4,20260906-072656,test8,58.712
C:\Users\josep\source\repos\AIOTED-digital\04_joe_lcd_20x32\8_main_dig4_20260906-074656.jpg,8,8,0.999993,0.000003,0.000000,0.000000,0.000000,0.000000,0.000000,0.000000,0.000000,0.999993,0.000004,0.000000,4,20260906-074656,test8,68.256
C:\Users\josep\source\repos\AIOTED-digital\04_joe_lcd_20x32\8_main_dig4_20260906-081456.jpg,8,8,0.999991,0.000008,0.000000,0.000000,0.000000,0.000000,0.000000,0.000000,0.000000,0.999991,0.000001,0.000000,4,20260906-081456,test8,71.204
C:\Users\josep\source\repos\AIOTED-digital\04_joe_lcd_20x32\8_main_dig4_20260906-085456.jpg,8,8,0.999989,0.000001,0.000000,0.000000,0.000000,0.000000,0.000000,0.000000,0.000000,0.999989,0.000009,0.000000,4,20260906-085456,test8,70.212
C:\Users\josep\source\repos\AIOTED-digital\04_joe_lcd_20x32\8_main_dig4_20260906-091456.jpg,8,8,0.999994,0.000005,0.000000,0.000000,0.000000,0.000000,0.000000,0.000000,0.000000,0.999994,0.000001,0.000000,4,20260906-091456,test8,75.910
C:\Users\josep\source\repos\AIOTED-digital\04_joe_lcd_20x32\8_main_dig4_20260906-101456.jpg,8,8,0.999981,0.000017,0.000000,0.000000,0.000000,0.000000,0.000000,0.000000,0.000000,0.999981,0.000001,0.000000,4,20260906-101456,test8,85.131
C:\Users\josep\source\repos\AIOTED-digital\04_joe_lcd_20x32\8_main_dig4_20260906-120325.jpg,8,8,0.999972,0.000028,0.000000,0.000000,0.000000,0.000000,0.000000,0.000000,0.000000,0.999972,0.000000,0.000000,4,20260906-120325,test8,96.211
C:\Users\josep\source\repos\AIOTED-digital\04_joe_lcd_20x32\8_main_dig4_20260906-122325.jpg,8,8,0.999996,0.000004,0.000000,0.000000,0.000000,0.000000,0.000000,0.000000,0.000000,0.999996,0.000000,0.000000,4,20260906-122325,test8,92.826
C:\Users\josep\source\repos\AIOTED-digital\04_joe_lcd_20x32\8_main_dig4_20260906-131125.jpg,8,8,0.999961,0.000039,0.000000,0.000000,0.000000,0.000000,0.000000,0.000000,0.000000,0.999961,0.000000,0.000000,4,20260906-131125,kwh,90.810
C:\Users\josep\source\repos\AIOTED-digital\04_joe_lcd_20x32\8_main_dig4_20260906-140325.jpg,8,8,0.999948,0.000052,0.000000,0.000000,0.000000,0.000000,0.000000,0.000000,0.000000,0.999948,0.000000,0.000000,4,20260906-140325,kwh,89.879
C:\Users\josep\source\repos\AIOTED-digital\04_joe_lcd_20x32\8_main_dig4_20260906-142325.jpg,8,8,0.999994,0.000006,0.000000,0.000000,0.000000,0.000000,0.000000,0.000000,0.000000,0.999994,0.000000,0.000000,4,20260906-142325,test8,84.166
C:\Users\josep\source\repos\AIOTED-digital\04_joe_lcd_20x32\8_main_dig4_20260906-151125.jpg,8,8,0.999994,0.000006,0.000000,0.000000,0.000000,0.000000,0.000000,0.000000,0.000000,0.999994,0.000000,0.000000,4,20260906-151125,kwh,86.880
C:\Users\josep\source\repos\AIOTED-digital\04_joe_lcd_20x32\8_main_dig4_20260906-152325.jpg,8,8,0.999999,0.000001,0.000000,0.000000,0.000000,0.000000,0.000000,0.000000,0.000000,0.999999,0.000000,0.000000,4,20260906-152325,test8,73.979
C:\Users\josep\source\repos\AIOTED-digital\04_joe_lcd_20x32\8_main_dig4_20260906-155125.jpg,8,8,0.999983,0.000017,0.000000,0.000000,0.000000,0.000000,0.000000,0.000000,0.000000,0.999983,0.000000,0.000000,4,20260906-155125,kwh,85.894
C:\Users\josep\source\repos\AIOTED-digital\04_joe_lcd_20x32\8_main_dig4_20260906-162325.jpg,8,8,0.999991,0.000009,0.000000,0.000000,0.000000,0.000000,0.000000,0.000000,0.000000,0.999991,0.000000,0.000000,4,20260906-162325,test8,64.042
C:\Users\josep\source\repos\AIOTED-digital\04_joe_lcd_20x32\8_main_dig4_20260906-163125.jpg,8,8,0.999996,0.000003,0.000000,0.000000,0.000000,0.000000,0.000000,0.000000,0.000000,0.999996,0.000001,0.000000,4,20260906-163125,kwh,63.302
C:\Users\josep\source\repos\AIOTED-digital\04_joe_lcd_20x32\8_main_dig4_20260906-165125.jpg,8,8,0.999986,0.000014,0.000000,0.000000,0.000000,0.000000,0.000000,0.000000,0.000000,0.999986,0.000000,0.000000,4,20260906-165125,kwh,61.623
C:\Users\josep\source\repos\AIOTED-digital\04_joe_lcd_20x32\8_main_dig4_20260906-165925.jpg,8,8,0.999990,0.000010,0.000000,0.000000,0.000000,0.000000,0.000000,0.000000,0.000000,0.999990,0.000000,0.000000,4,20260906-165925,kwh,62.297
C:\Users\josep\source\repos\AIOTED-digital\04_joe_lcd_20x32\8_main_dig4_20260906-171125.jpg,8,8,0.999979,0.000021,0.000000,0.000000,0.000000,0.000000,0.000000,0.000000,0.000000,0.999979,0.000000,0.000000,4,20260906-171125,kwh,61.641
C:\Users\josep\source\repos\AIOTED-digital\04_joe_lcd_20x32\8_main_dig4_20260906-171925.jpg,8,8,0.999982,0.000017,0.000000,0.000000,0.000000,0.000000,0.000000,0.000000,0.000000,0.999982,0.000001,0.000000,4,20260906-171925,kwh,60.852
C:\Users\josep\source\repos\AIOTED-digital\04_joe_lcd_20x32\8_main_dig4_20260906-172325.jpg,8,8,0.999973,0.000027,0.000000,0.000000,0.000000,0.000000,0.000000,0.000000,0.000000,0.999973,0.000000,0.000000,4,20260906-172325,kwh,60.328
C:\Users\josep\source\repos\AIOTED-digital\04_joe_lcd_20x32\8_main_dig4_20260906-173125.jpg,8,8,0.999989,0.000010,0.000000,0.000000,0.000000,0.000000,0.000000,0.000000,0.000000,0.999989,0.000001,0.000000,4,20260906-173125,kwh,59.324
C:\Users\josep\source\repos\AIOTED-digital\04_joe_lcd_20x32\8_main_dig4_20260906-174325.jpg,8,8,0.999973,0.000026,0.000000,0.000000,0.000000,0.000000,0.000000,0.000000,0.000000,0.999973,0.000000,0.000000,4,20260906-174325,kwh,61.024
C:\Users\josep\source\repos\AIOTED-digital\04_joe_lcd_20x32\8_main_dig4_20260906-175925.jpg,8,8,0.999998,0.000001,0.000000,0.000000,0.000000,0.000000,0.000000,0.000000,0.000000,0.999998,0.000001,0.000000,4,20260906-175925,kwh,61.999
C:\Users\josep\source\repos\AIOTED-digital\04_joe_lcd_20x32\8_main_dig4_20260906-180325.jpg,8,8,0.999987,0.000007,0.000000,0.000000,0.000000,0.000000,0.000000,0.000000,0.000000,0.999987,0.000005,0.000000,4,20260906-180325,test8,62.084
C:\Users\josep\source\repos\AIOTED-digital\04_joe_lcd_20x32\8_main_dig4_20260906-181925.jpg,8,8,0.999994,0.000000,0.000000,0.000000,0.000000,0.000000,0.000000,0.000000,0.000000,0.999994,0.000006,0.000000,4,20260906-181925,kwh,61.703
C:\Users\josep\source\repos\AIOTED-digital\04_joe_lcd_20x32\8_main_dig4_20260906-183925.jpg,8,8,0.999994,0.000002,0.000000,0.000000,0.000000,0.000000,0.000000,0.000000,0.000000,0.999994,0.000004,0.000000,4,20260906-183925,kwh,61.366
C:\Users\josep\source\repos\AIOTED-digital\04_joe_lcd_20x32\8_main_dig4_20260906-185125.jpg,8,8,0.999976,0.000003,0.000000,0.000000,0.000000,0.000000,0.000000,0.000000,0.000000,0.999976,0.000021,0.000000,4,20260906-185125,kwh,62.199
C:\Users\josep\source\repos\AIOTED-digital\04_joe_lcd_20x32\8_main_dig4_20260906-193924.jpg,8,8,0.999976,0.000000,0.000000,0.000000,0.000000,0.000000,0.000000,0.000000,0.000000,0.999976,0.000023,0.000000,4,20260906-193924,test8,63.880
C:\Users\josep\source\repos\AIOTED-digital\04_joe_lcd_20x32\8_main_dig4_20260906-195924.jpg,8,8,0.999986,0.000001,0.000000,0.000000,0.000000,0.000000,0.000000,0.000000,0.000000,0.999986,0.000012,0.000000,4,20260906-195924,kwh,63.096
C:\Users\josep\source\repos\AIOTED-digital\04_joe_lcd_20x32\8_main_dig4_20260906-201124.jpg,8,8,0.999994,0.000001,0.000000,0.000000,0.000000,0.000000,0.000000,0.000000,0.000000,0.999994,0.000005,0.000000,4,20260906-201124,test8,63.016
C:\Users\josep\source\repos\AIOTED-digital\04_joe_lcd_20x32\8_main_dig4_20260906-201924.jpg,8,8,0.999960,0.000001,0.000000,0.000000,0.000000,0.000000,0.000000,0.000000,0.000000,0.999960,0.000039,0.000000,4,20260906-201924,kwh,63.363
C:\Users\josep\source\repos\AIOTED-digital\04_joe_lcd_20x32\8_main_dig4_20260906-203124.jpg,8,8,0.999986,0.000000,0.000000,0.000000,0.000000,0.000000,0.000000,0.000000,0.000000,0.999986,0.000014,0.000000,4,20260906-203124,kwh,63.968
C:\Users\josep\source\repos\AIOTED-digital\04_joe_lcd_20x32\8_main_dig4_20260906-203924.jpg,8,8,0.999958,0.000004,0.000000,0.000000,0.000000,0.000000,0.000000,0.000000,0.000000,0.999958,0.000038,0.000000,4,20260906-203924,test8,63.172
C:\Users\josep\source\repos\AIOTED-digital\04_joe_lcd_20x32\8_main_dig4_20260906-205124.jpg,8,8,0.999994,0.000001,0.000000,0.000000,0.000000,0.000000,0.000000,0.000000,0.000000,0.999994,0.000005,0.000000,4,20260906-205124,test8,62.612
C:\Users\josep\source\repos\AIOTED-digital\04_joe_lcd_20x32\8_main_dig4_20260906-211124.jpg,8,8,0.999989,0.000000,0.000000,0.000000,0.000000,0.000000,0.000000,0.000000,0.000000,0.999989,0.000011,0.000000,4,20260906-211124,test8,62.877
C:\Users\josep\source\repos\AIOTED-digital\04_joe_lcd_20x32\8_main_dig4_20260906-213124.jpg,8,8,0.999994,0.000001,0.000000,0.000000,0.000000,0.000000,0.000000,0.000000,0.000000,0.999994,0.000005,0.000000,4,20260906-213124,test8,64.090
C:\Users\josep\source\repos\AIOTED-digital\04_joe_lcd_20x32\8_main_dig4_20260906-215124.jpg,8,8,0.999991,0.000001,0.000000,0.000000,0.000000,0.000000,0.000000,0.000000,0.000000,0.999991,0.000008,0.000000,4,20260906-215124,test8,63.660
C:\Users\josep\source\repos\AIOTED-digital\04_joe_lcd_20x32\8_main_dig4_20260906-215924.jpg,8,8,0.999983,0.000001,0.000000,0.000000,0.000000,0.000000,0.000000,0.000000,0.000000,0.999983,0.000016,0.000000,4,20260906-215924,kwh,63.664
C:\Users\josep\source\repos\AIOTED-digital\04_joe_lcd_20x32\8_main_dig4_20260906-221124.jpg,8,8,0.999995,0.000001,0.000000,0.000000,0.000000,0.000000,0.000000,0.000000,0.000000,0.999995,0.000004,0.000000,4,20260906-221124,test8,62.300
C:\Users\josep\source\repos\AIOTED-digital\04_joe_lcd_20x32\8_main_dig4_20260906-223124.jpg,8,8,0.999972,0.000000,0.000000,0.000000,0.000000,0.000000,0.000000,0.000000,0.000000,0.999972,0.000028,0.000000,4,20260906-223124,test8,62.560
C:\Users\josep\source\repos\AIOTED-digital\04_joe_lcd_20x32\8_main_dig4_20260906-231124.jpg,8,8,0.999966,0.000002,0.000000,0.000000,0.000000,0.000000,0.000000,0.000000,0.000000,0.999966,0.000031,0.000000,4,20260906-231124,test8,62.722
C:\Users\josep\source\repos\AIOTED-digital\04_joe_lcd_20x32\8_main_dig4_20260906-231924.jpg,8,8,0.999986,0.000002,0.000000,0.000000,0.000000,0.000000,0.000000,0.000000,0.000000,0.999986,0.000012,0.000000,4,20260906-231924,test8,62.876
C:\Users\josep\source\repos\AIOTED-digital\04_joe_lcd_20x32\8_main_dig4_20260906-233124.jpg,8,8,0.999992,0.000003,0.000000,0.000000,0.000000,0.000000,0.000000,0.000000,0.000000,0.999992,0.000005,0.000000,4,20260906-233124,test8,63.864
C:\Users\josep\source\repos\AIOTED-digital\04_joe_lcd_20x32\8_main_dig4_20260906-235924.jpg,8,8,0.999992,0.000001,0.000000,0.000000,0.000000,0.000000,0.000000,0.000000,0.000000,0.999992,0.000007,0.000000,4,20260906-235924,test8,63.035
C:\Users\josep\source\repos\AIOTED-digital\04_joe_lcd_20x32\8_main_dig4_20260907-003124.jpg,8,8,0.999994,0.000001,0.000000,0.000000,0.000000,0.000000,0.000000,0.000000,0.000000,0.999994,0.000004,0.000000,4,20260907-003124,kwh,63.179
C:\Users\josep\source\repos\AIOTED-digital\04_joe_lcd_20x32\8_main_dig4_20260907-011124.jpg,8,8,0.999939,0.000005,0.000000,0.000000,0.000000,0.000000,0.000000,0.000000,0.000000,0.999939,0.000055,0.000000,4,20260907-011124,kwh,61.210
C:\Users\josep\source\repos\AIOTED-digital\04_joe_lcd_20x32\8_main_dig4_20260907-012724.jpg,8,8,0.999990,0.000003,0.000000,0.000000,0.000000,0.000000,0.000000,0.000000,0.000000,0.999990,0.000008,0.000000,4,20260907-012724,kwh,63.930
C:\Users\josep\source\repos\AIOTED-digital\04_joe_lcd_20x32\8_main_dig4_20260907-023924.jpg,8,8,0.999992,0.000002,0.000000,0.000000,0.000000,0.000000,0.000000,0.000000,0.000000,0.999992,0.000006,0.000000,4,20260907-023924,test8,63.286
C:\Users\josep\source\repos\AIOTED-digital\04_joe_lcd_20x32\8_main_dig4_20260907-030724.jpg,8,8,0.999919,0.000004,0.000000,0.000000,0.000000,0.000001,0.000000,0.000000,0.000000,0.999919,0.000075,0.000000,4,20260907-030724,test8,63.837
C:\Users\josep\source\repos\AIOTED-digital\04_joe_lcd_20x32\8_main_dig4_20260907-042723.jpg,8,8,0.999991,0.000001,0.000000,0.000000,0.000000,0.000000,0.000000,0.000000,0.000000,0.999991,0.000007,0.000000,4,20260907-042723,test8,61.448
C:\Users\josep\source\repos\AIOTED-digital\04_joe_lcd_20x32\8_main_dig4_20260907-044724.jpg,8,8,0.999993,0.000002,0.000000,0.000000,0.000000,0.000000,0.000000,0.000000,0.000000,0.999993,0.000004,0.000000,4,20260907-044724,kwh,63.327
C:\Users\josep\source\repos\AIOTED-digital\04_joe_lcd_20x32\8_main_dig4_20260907-050724.jpg,8,8,0.999986,0.000003,0.000000,0.000000,0.000000,0.000000,0.000000,0.000000,0.000000,0.999986,0.000011,0.000000,4,20260907-050724,test8,63.472
C:\Users\josep\source\repos\AIOTED-digital\04_joe_lcd_20x32\8_main_dig4_20260907-064724.jpg,8,8,0.999991,0.000008,0.000000,0.000000,0.000000,0.000000,0.000000,0.000000,0.000000,0.999991,0.000001,0.000000,4,20260907-064724,kwh,61.351
C:\Users\josep\source\repos\AIOTED-digital\04_joe_lcd_20x32\8_main_dig4_20260907-065924.jpg,8,8,0.999993,0.000005,0.000000,0.000000,0.000000,0.000000,0.000000,0.000000,0.000000,0.999993,0.000002,0.000000,4,20260907-065924,kwh,61.409
C:\Users\josep\source\repos\AIOTED-digital\04_joe_lcd_20x32\8_main_dig4_20260907-070724.jpg,8,8,0.999997,0.000002,0.000000,0.000000,0.000000,0.000000,0.000000,0.000000,0.000000,0.999997,0.000001,0.000000,4,20260907-070724,kwh,61.009
C:\Users\josep\source\repos\AIOTED-digital\04_joe_lcd_20x32\8_main_dig4_20260907-071924.jpg,8,8,0.999995,0.000005,0.000000,0.000000,0.000000,0.000000,0.000000,0.000000,0.000000,0.999995,0.000000,0.000000,4,20260907-071924,kwh,60.355
C:\Users\josep\source\repos\AIOTED-digital\04_joe_lcd_20x32\8_main_dig4_20260907-072724.jpg,8,8,0.999982,0.000017,0.000000,0.000000,0.000000,0.000000,0.000000,0.000000,0.000000,0.999982,0.000001,0.000000,4,20260907-072724,kwh,59.020
C:\Users\josep\source\repos\AIOTED-digital\04_joe_lcd_20x32\8_main_dig4_20260907-073924.jpg,8,8,0.999997,0.000002,0.000000,0.000000,0.000000,0.000000,0.000000,0.000000,0.000000,0.999997,0.000001,0.000000,4,20260907-073924,kwh,61.295
C:\Users\josep\source\repos\AIOTED-digital\04_joe_lcd_20x32\8_main_dig4_20260907-081923.jpg,8,8,0.999995,0.000004,0.000000,0.000000,0.000000,0.000000,0.000000,0.000000,0.000000,0.999995,0.000000,0.000000,4,20260907-081923,test8,86.763
C:\Users\josep\source\repos\AIOTED-digital\04_joe_lcd_20x32\8_main_dig4_20260907-084723.jpg,8,8,0.999992,0.000008,0.000000,0.000000,0.000000,0.000000,0.000000,0.000000,0.000000,0.999992,0.000000,0.000000,4,20260907-084723,kwh,89.022
C:\Users\josep\source\repos\AIOTED-digital\04_joe_lcd_20x32\8_main_dig4_20260907-091523.jpg,8,8,0.999998,0.000001,0.000000,0.000000,0.000000,0.000000,0.000000,0.000000,0.000000,0.999998,0.000000,0.000000,4,20260907-091523,test8,95.706
C:\Users\josep\source\repos\AIOTED-digital\04_joe_lcd_20x32\8_main_dig4_20260907-092723.jpg,8,8,0.999999,0.000001,0.000000,0.000000,0.000000,0.000000,0.000000,0.000000,0.000000,0.999999,0.000000,0.000000,4,20260907-092723,test8,91.872
C:\Users\josep\source\repos\AIOTED-digital\04_joe_lcd_20x32\8_main_dig4_20260907-095923.jpg,8,8,0.999995,0.000005,0.000000,0.000000,0.000000,0.000000,0.000000,0.000000,0.000000,0.999995,0.000000,0.000000,4,20260907-095923,test8,84.659
C:\Users\josep\source\repos\AIOTED-digital\04_joe_lcd_20x32\8_main_dig4_20260907-100723.jpg,8,8,0.999996,0.000003,0.000000,0.000000,0.000000,0.000000,0.000000,0.000000,0.000000,0.999996,0.000000,0.000000,4,20260907-100723,test8,84.627
C:\Users\josep\source\repos\AIOTED-digital\04_joe_lcd_20x32\8_main_dig4_20260907-120723.jpg,8,8,0.999995,0.000005,0.000000,0.000000,0.000000,0.000000,0.000000,0.000000,0.000000,0.999995,0.000000,0.000000,4,20260907-120723,kwh,75.605
C:\Users\josep\source\repos\AIOTED-digital\04_joe_lcd_20x32\8_main_dig4_20260907-130723.jpg,8,8,0.999996,0.000004,0.000000,0.000000,0.000000,0.000000,0.000000,0.000000,0.000000,0.999996,0.000000,0.000000,4,20260907-130723,test8,76.776
C:\Users\josep\source\repos\AIOTED-digital\04_joe_lcd_20x32\8_main_dig4_20260907-133523.jpg,8,8,1.000000,0.000000,0.000000,0.000000,0.000000,0.000000,0.000000,0.000000,0.000000,1.000000,0.000000,0.000000,4,20260907-133523,test8,70.536
C:\Users\josep\source\repos\AIOTED-digital\04_joe_lcd_20x32\8_main_dig4_20260907-150723.jpg,8,8,0.999999,0.000001,0.000000,0.000000,0.000000,0.000000,0.000000,0.000000,0.000000,0.999999,0.000000,0.000000,4,20260907-150723,test8,86.193
C:\Users\josep\source\repos\AIOTED-digital\04_joe_lcd_20x32\8_main_dig4_20260907-152723.jpg,8,8,0.999978,0.000022,0.000000,0.000000,0.000000,0.000000,0.000000,0.000000,0.000000,0.999978,0.000000,0.000000,4,20260907-152723,kwh,81.918
C:\Users\josep\source\repos\AIOTED-digital\04_joe_lcd_20x32\8_main_dig4_20260907-162723.jpg,8,8,0.999999,0.000001,0.000000,0.000000,0.000000,0.000000,0.000000,0.000000,0.000000,0.999999,0.000000,0.000000,4,20260907-162723,test8,66.262
C:\Users\josep\source\repos\AIOTED-digital\04_joe_lcd_20x32\8_main_dig4_20260907-165523.jpg,8,8,0.999999,0.000001,0.000000,0.000000,0.000000,0.000000,0.000000,0.000000,0.000000,0.999999,0.000000,0.000000,4,20260907-165523,test8,63.744
C:\Users\josep\source\repos\AIOTED-digital\04_joe_lcd_20x32\8_main_dig4_20260907-170723.jpg,8,8,0.999998,0.000002,0.000000,0.000000,0.000000,0.000000,0.000000,0.000000,0.000000,0.999998,0.000000,0.000000,4,20260907-170723,test8,64.317
C:\Users\josep\source\repos\AIOTED-digital\04_joe_lcd_20x32\8_main_dig4_20260907-172723.jpg,8,8,0.999999,0.000001,0.000000,0.000000,0.000000,0.000000,0.000000,0.000000,0.000000,0.999999,0.000000,0.000000,4,20260907-172723,test8,63.449
C:\Users\josep\source\repos\AIOTED-digital\04_joe_lcd_20x32\8_main_dig4_20260907-173523.jpg,8,8,0.999999,0.000000,0.000000,0.000000,0.000000,0.000000,0.000000,0.000000,0.000000,0.999999,0.000000,0.000000,4,20260907-173523,test8,61.519
C:\Users\josep\source\repos\AIOTED-digital\04_joe_lcd_20x32\8_main_dig4_20260907-175523.jpg,8,8,0.999999,0.000001,0.000000,0.000000,0.000000,0.000000,0.000000,0.000000,0.000000,0.999999,0.000000,0.000000,4,20260907-175523,kwh,60.787
C:\Users\josep\source\repos\AIOTED-digital\04_joe_lcd_20x32\8_main_dig4_20260907-180323.jpg,8,8,0.999998,0.000001,0.000000,0.000000,0.000000,0.000000,0.000000,0.000000,0.000000,0.999998,0.000000,0.000000,4,20260907-180323,test8,60.772
C:\Users\josep\source\repos\AIOTED-digital\04_joe_lcd_20x32\8_main_dig4_20260907-180723.jpg,8,8,0.999999,0.000001,0.000000,0.000000,0.000000,0.000000,0.000000,0.000000,0.000000,0.999999,0.000001,0.000000,4,20260907-180723,test8,60.498
C:\Users\josep\source\repos\AIOTED-digital\04_joe_lcd_20x32\8_main_dig4_20260907-181523.jpg,8,8,0.999998,0.000000,0.000000,0.000000,0.000000,0.000000,0.000000,0.000000,0.000000,0.999998,0.000001,0.000000,4,20260907-181523,test8,60.462
C:\Users\josep\source\repos\AIOTED-digital\04_joe_lcd_20x32\8_main_dig4_20260907-182723.jpg,8,8,0.999998,0.000001,0.000000,0.000000,0.000000,0.000000,0.000000,0.000000,0.000000,0.999998,0.000001,0.000000,4,20260907-182723,kwh,61.372
C:\Users\josep\source\repos\AIOTED-digital\04_joe_lcd_20x32\8_main_dig4_20260907-183523.jpg,8,8,0.999996,0.000001,0.000000,0.000000,0.000000,0.000000,0.000000,0.000000,0.000000,0.999996,0.000003,0.000000,4,20260907-183523,kwh,61.099
C:\Users\josep\source\repos\AIOTED-digital\04_joe_lcd_20x32\8_main_dig4_20260907-184723.jpg,8,8,0.999998,0.000000,0.000000,0.000000,0.000000,0.000000,0.000000,0.000000,0.000000,0.999998,0.000002,0.000000,4,20260907-184723,test8,62.627
C:\Users\josep\source\repos\AIOTED-digital\04_joe_lcd_20x32\8_main_dig4_20260907-185523.jpg,8,8,0.999997,0.000000,0.000000,0.000000,0.000000,0.000000,0.000000,0.000000,0.000000,0.999997,0.000003,0.000000,4,20260907-185523,kwh,63.886
C:\Users\josep\source\repos\AIOTED-digital\04_joe_lcd_20x32\8_main_dig4_20260907-190723.jpg,8,8,0.999594,0.000389,0.000000,0.000000,0.000000,0.000000,0.000000,0.000000,0.000000,0.999594,0.000017,0.000000,4,20260907-190723,kwh,64.830
C:\Users\josep\source\repos\AIOTED-digital\04_joe_lcd_20x32\8_main_dig4_20260907-192323.jpg,8,8,0.999994,0.000000,0.000000,0.000000,0.000000,0.000000,0.000000,0.000000,0.000000,0.999994,0.000006,0.000000,4,20260907-192323,kwh,62.644
C:\Users\josep\source\repos\AIOTED-digital\04_joe_lcd_20x32\8_main_dig4_20260907-193523.jpg,8,8,0.999995,0.000000,0.000000,0.000000,0.000000,0.000000,0.000000,0.000000,0.000000,0.999995,0.000005,0.000000,4,20260907-193523,kwh,62.994
C:\Users\josep\source\repos\AIOTED-digital\04_joe_lcd_20x32\8_main_dig4_20260907-194323.jpg,8,8,0.999997,0.000000,0.000000,0.000000,0.000000,0.000000,0.000000,0.000000,0.000000,0.999997,0.000003,0.000000,4,20260907-194323,kwh,63.073
C:\Users\josep\source\repos\AIOTED-digital\04_joe_lcd_20x32\8_main_dig4_20260907-203523.jpg,8,8,0.999995,0.000000,0.000000,0.000000,0.000000,0.000000,0.000000,0.000000,0.000000,0.999995,0.000005,0.000000,4,20260907-203523,test8,63.153
C:\Users\josep\source\repos\AIOTED-digital\04_joe_lcd_20x32\8_main_dig4_20260907-204323.jpg,8,8,0.999998,0.000001,0.000000,0.000000,0.000000,0.000000,0.000000,0.000000,0.000000,0.999998,0.000001,0.000000,4,20260907-204323,test8,63.241
C:\Users\josep\source\repos\AIOTED-digital\04_joe_lcd_20x32\8_main_dig4_20260907-224322.jpg,8,8,0.999999,0.000000,0.000000,0.000000,0.000000,0.000000,0.000000,0.000000,0.000000,0.999999,0.000001,0.000000,4,20260907-224322,test8,62.151
C:\Users\josep\source\repos\AIOTED-digital\04_joe_lcd_20x32\8_main_dig4_20260907-234322.jpg,8,8,0.999998,0.000000,0.000000,0.000000,0.000000,0.000000,0.000000,0.000000,0.000000,0.999998,0.000002,0.000000,4,20260907-234322,kwh,63.675
C:\Users\josep\source\repos\AIOTED-digital\04_joe_lcd_20x32\8_main_dig4_20260907-235522.jpg,8,8,0.999998,0.000000,0.000000,0.000000,0.000000,0.000000,0.000000,0.000000,0.000000,0.999998,0.000002,0.000000,4,20260907-235522,kwh,61.304
C:\Users\josep\source\repos\AIOTED-digital\04_joe_lcd_20x32\8_main_dig5_20260807-000013.jpg,8,8,0.895165,0.104432,0.000000,0.000000,0.000000,0.000000,0.000000,0.000000,0.000000,0.895165,0.000402,0.000000,5,20260807-000013,kwh,64.203
C:\Users\josep\source\repos\AIOTED-digital\04_joe_lcd_20x32\8_main_dig5_20260807-000813.jpg,8,8,0.941767,0.057767,0.000000,0.000000,0.000000,0.000000,0.000000,0.000000,0.000000,0.941767,0.000466,0.000000,5,20260807-000813,kwh,64.312
C:\Users\josep\source\repos\AIOTED-digital\04_joe_lcd_20x32\8_main_dig5_20260807-002013.jpg,8,8,0.861257,0.138208,0.000000,0.000000,0.000000,0.000000,0.000000,0.000000,0.000000,0.861257,0.000536,0.000000,5,20260807-002013,test8,63.875
C:\Users\josep\source\repos\AIOTED-digital\04_joe_lcd_20x32\8_main_dig5_20260807-002813.jpg,8,8,0.845626,0.154228,0.000000,0.000000,0.000000,0.000000,0.000000,0.000000,0.000000,0.845626,0.000145,0.000000,5,20260807-002813,kwh,64.086
C:\Users\josep\source\repos\AIOTED-digital\04_joe_lcd_20x32\8_main_dig5_20260807-003613.jpg,8,8,0.973274,0.026437,0.000000,0.000000,0.000000,0.000000,0.000000,0.000000,0.000000,0.973274,0.000290,0.000000,5,20260807-003613,test8,63.232
C:\Users\josep\source\repos\AIOTED-digital\04_joe_lcd_20x32\8_main_dig5_20260807-004013.jpg,8,8,0.814767,0.185113,0.000000,0.000000,0.000000,0.000000,0.000000,0.000000,0.000000,0.814767,0.000120,0.000000,5,20260807-004013,kwh,63.381
C:\Users\josep\source\repos\AIOTED-digital\04_joe_lcd_20x32\8_main_dig5_20260807-004813.jpg,8,8,0.839345,0.160231,0.000000,0.000000,0.000000,0.000000,0.000000,0.000000,0.000000,0.839345,0.000423,0.000000,5,20260807-004813,kwh,63.342
C:\Users\josep\source\repos\AIOTED-digital\04_joe_lcd_20x32\8_main_dig5_20260807-005613.jpg,8,8,0.940068,0.059115,0.000000,0.000000,0.000000,0.000000,0.000000,0.000000,0.000000,0.940068,0.000816,0.000000,5,20260807-005613,test8,64.714
C:\Users\josep\source\repos\AIOTED-digital\04_joe_lcd_20x32\8_main_dig5_20260807-010013.jpg,8,8,0.840467,0.159096,0.000000,0.000000,0.000000,0.000000,0.000000,0.000001,0.000000,0.840467,0.000437,0.000000,5,20260807-010013,kwh,63.637
C:\Users\josep\source\repos\AIOTED-digital\04_joe_lcd_20x32\8_main_dig5_20260807-010813.jpg,8,8,0.931299,0.068258,0.000000,0.000000,0.000000,0.000000,0.000000,0.000000,0.000000,0.931299,0.000442,0.000000,5,20260807-010813,test8,64.294
C:\Users\josep\source\repos\AIOTED-digital\04_joe_lcd_20x32\8_main_dig5_20260807-011613.jpg,8,8,0.871392,0.128133,0.000000,0.000000,0.000000,0.000000,0.000000,0.000000,0.000000,0.871392,0.000474,0.000000,5,20260807-011613,test8,64.228
C:\Users\josep\source\repos\AIOTED-digital\04_joe_lcd_20x32\8_main_dig5_20260807-012013.jpg,8,8,0.891978,0.107261,0.000000,0.000000,0.000000,0.000000,0.000000,0.000000,0.000000,0.891978,0.000761,0.000000,5,20260807-012013,kwh,65.471
C:\Users\josep\source\repos\AIOTED-digital\04_joe_lcd_20x32\8_main_dig5_20260807-012813.jpg,8,8,0.729476,0.270243,0.000000,0.000000,0.000000,0.000000,0.000000,0.000000,0.000000,0.729476,0.000280,0.000000,5,20260807-012813,kwh,63.823
C:\Users\josep\source\repos\AIOTED-digital\04_joe_lcd_20x32\8_main_dig5_20260807-014013.jpg,8,8,0.987289,0.012593,0.000000,0.000000,0.000000,0.000000,0.000000,0.000001,0.000000,0.987289,0.000118,0.000000,5,20260807-014013,kwh,63.015
C:\Users\josep\source\repos\AIOTED-digital\04_joe_lcd_20x32\8_main_dig5_20260807-014813.jpg,8,8,0.878310,0.121242,0.000000,0.000000,0.000000,0.000000,0.000000,0.000000,0.000000,0.878310,0.000447,0.000000,5,20260807-014813,kwh,65.193
C:\Users\josep\source\repos\AIOTED-digital\04_joe_lcd_20x32\8_main_dig5_20260807-015613.jpg,8,8,0.762232,0.237588,0.000000,0.000000,0.000000,0.000000,0.000000,0.000000,0.000000,0.762232,0.000179,0.000000,5,20260807-015613,test8,63.073
C:\Users\josep\source\repos\AIOTED-digital\04_joe_lcd_20x32\8_main_dig5_20260807-020013.jpg,8,8,0.833803,0.166017,0.000000,0.000000,0.000000,0.000000,0.000000,0.000000,0.000000,0.833803,0.000180,0.000000,5,20260807-020013,kwh,63.854
C:\Users\josep\source\repos\AIOTED-digital\04_joe_lcd_20x32\8_main_dig5_20260807-020813.jpg,8,8,0.852006,0.147784,0.000000,0.000000,0.000000,0.000000,0.000000,0.000000,0.000000,0.852006,0.000209,0.000000,5,20260807-020813,kwh,63.267
C:\Users\josep\source\repos\AIOTED-digital\04_joe_lcd_20x32\8_main_dig5_20260807-022013.jpg,8,8,0.912016,0.087831,0.000000,0.000000,0.000000,0.000000,0.000000,0.000000,0.000000,0.912016,0.000152,0.000000,5,20260807-022013,kwh,64.049
C:\Users\josep\source\repos\AIOTED-digital\04_joe_lcd_20x32\8_main_dig5_20260807-022813.jpg,8,8,0.969839,0.030037,0.000000,0.000000,0.000000,0.000000,0.000000,0.000000,0.000000,0.969839,0.000124,0.000000,5,20260807-022813,test8,64.647
C:\Users\josep\source\repos\AIOTED-digital\04_joe_lcd_20x32\8_main_dig5_20260807-024013.jpg,8,0,0.510084,0.510084,0.000000,0.000000,0.000000,0.000000,0.000000,0.000000,0.000001,0.489552,0.000363,0.000000,5,20260807-024013,kwh,64.360
C:\Users\josep\source\repos\AIOTED-digital\04_joe_lcd_20x32\8_main_dig5_20260807-030013.jpg,8,8,0.761047,0.238832,0.000000,0.000000,0.000000,0.000000,0.000000,0.000000,0.000000,0.761047,0.000121,0.000000,5,20260807-030013,kwh,63.196
C:\Users\josep\source\repos\AIOTED-digital\04_joe_lcd_20x32\8_main_dig5_20260807-030813.jpg,8,8,0.619882,0.380000,0.000000,0.000000,0.000000,0.000000,0.000000,0.000000,0.000000,0.619882,0.000116,0.000000,5,20260807-030813,kwh,64.206
C:\Users\josep\source\repos\AIOTED-digital\04_joe_lcd_20x32\8_main_dig5_20260807-032013.jpg,8,8,0.759054,0.240832,0.000000,0.000000,0.000000,0.000000,0.000000,0.000000,0.000000,0.759054,0.000113,0.000000,5,20260807-032013,kwh,64.279
C:\Users\josep\source\repos\AIOTED-digital\04_joe_lcd_20x32\8_main_dig5_20260807-032813.jpg,8,8,0.865526,0.133710,0.000000,0.000000,0.000000,0.000000,0.000000,0.000001,0.000000,0.865526,0.000763,0.000000,5,20260807-032813,kwh,62.498
C:\Users\josep\source\repos\AIOTED-digital\04_joe_lcd_20x32\8_main_dig5_20260807-034013.jpg,8,8,0.867028,0.132590,0.000000,0.000000,0.000000,0.000000,0.000000,0.000000,0.000000,0.867028,0.000381,0.000000,5,20260807-034013,kwh,63.322
C:\Users\josep\source\repos\AIOTED-digital\04_joe_lcd_20x32\8_main_dig5_20260807-034813.jpg,8,8,0.875752,0.123933,0.000000,0.000000,0.000000,0.000000,0.000000,0.000001,0.000000,0.875752,0.000314,0.000000,5,20260807-034813,kwh,64.093
C:\Users\josep\source\repos\AIOTED-digital\04_joe_lcd_20x32\8_main_dig5_20260807-040013.jpg,8,8,0.875564,0.124131,0.000000,0.000000,0.000000,0.000000,0.000000,0.000001,0.000000,0.875564,0.000304,0.000000,5,20260807-040013,kwh,63.885
C:\Users\josep\source\repos\AIOTED-digital\04_joe_lcd_20x32\8_main_dig5_20260807-040413.jpg,8,8,0.940124,0.059068,0.000000,0.000000,0.000000,0.000000,0.000000,0.000001,0.000000,0.940124,0.000807,0.000000,5,20260807-040413,test8,64.238
C:\Users\josep\source\repos\AIOTED-digital\04_joe_lcd_20x32\8_main_dig5_20260807-040813.jpg,8,8,0.918644,0.081273,0.000000,0.000000,0.000000,0.000000,0.000000,0.000000,0.000000,0.918644,0.000082,0.000000,5,20260807-040813,kwh,63.283
C:\Users\josep\source\repos\AIOTED-digital\04_joe_lcd_20x32\8_main_dig5_20260807-042013.jpg,8,8,0.940635,0.058665,0.000000,0.000000,0.000000,0.000000,0.000000,0.000000,0.000000,0.940635,0.000700,0.000000,5,20260807-042013,kwh,63.776
C:\Users\josep\source\repos\AIOTED-digital\04_joe_lcd_20x32\8_main_dig5_20260807-042813.jpg,8,8,0.717844,0.281951,0.000000,0.000000,0.000000,0.000000,0.000000,0.000000,0.000000,0.717844,0.000204,0.000000,5,20260807-042813,kwh,63.796
C:\Users\josep\source\repos\AIOTED-digital\04_joe_lcd_20x32\8_main_dig5_20260807-043613.jpg,8,8,0.737412,0.262471,0.000000,0.000000,0.000000,0.000000,0.000000,0.000000,0.000000,0.737412,0.000117,0.000000,5,20260807-043613,kwh,63.239
C:\Users\josep\source\repos\AIOTED-digital\04_joe_lcd_20x32\8_main_dig5_20260807-044013.jpg,8,8,0.737183,0.262618,0.000000,0.000000,0.000000,0.000000,0.000000,0.000000,0.000000,0.737183,0.000198,0.000000,5,20260807-044013,kwh,63.914
C:\Users\josep\source\repos\AIOTED-digital\04_joe_lcd_20x32\8_main_dig5_20260807-044813.jpg,8,8,0.730602,0.269188,0.000000,0.000000,0.000000,0.000000,0.000000,0.000000,0.000000,0.730602,0.000209,0.000000,5,20260807-044813,kwh,64.229
C:\Users\josep\source\repos\AIOTED-digital\04_joe_lcd_20x32\8_main_dig5_20260807-050813.jpg,8,8,0.824247,0.175561,0.000000,0.000000,0.000000,0.000000,0.000000,0.000000,0.000000,0.824247,0.000192,0.000000,5,20260807-050813,test8,64.183
C:\Users\josep\source\repos\AIOTED-digital\04_joe_lcd_20x32\8_main_dig5_20260807-051613.jpg,8,8,0.823656,0.176065,0.000000,0.000000,0.000000,0.000000,0.000000,0.000000,0.000000,0.823656,0.000279,0.000000,5,20260807-051613,kwh,63.757
C:\Users\josep\source\repos\AIOTED-digital\04_joe_lcd_20x32\8_main_dig5_20260807-052013.jpg,8,8,0.915825,0.084112,0.000000,0.000000,0.000000,0.000000,0.000000,0.000000,0.000000,0.915825,0.000062,0.000000,5,20260807-052013,test8,63.981
C:\Users\josep\source\repos\AIOTED-digital\04_joe_lcd_20x32\8_main_dig5_20260807-052813.jpg,8,8,0.850148,0.149535,0.000000,0.000000,0.000000,0.000000,0.000000,0.000000,0.000000,0.850148,0.000317,0.000000,5,20260807-052813,test8,64.151
C:\Users\josep\source\repos\AIOTED-digital\04_joe_lcd_20x32\8_main_dig5_20260807-053613.jpg,8,8,0.928979,0.070924,0.000000,0.000000,0.000000,0.000000,0.000000,0.000000,0.000000,0.928979,0.000097,0.000000,5,20260807-053613,kwh,62.757
C:\Users\josep\source\repos\AIOTED-digital\04_joe_lcd_20x32\8_main_dig5_20260807-054013.jpg,8,8,0.794705,0.204871,0.000000,0.000000,0.000000,0.000000,0.000000,0.000000,0.000000,0.794705,0.000423,0.000000,5,20260807-054013,kwh,63.091
C:\Users\josep\source\repos\AIOTED-digital\04_joe_lcd_20x32\8_main_dig5_20260807-055613.jpg,8,8,0.940913,0.058918,0.000000,0.000000,0.000000,0.000000,0.000000,0.000000,0.000000,0.940913,0.000169,0.000000,5,20260807-055613,kwh,62.239
C:\Users\josep\source\repos\AIOTED-digital\04_joe_lcd_20x32\8_main_dig5_20260807-060813.jpg,8,8,0.992764,0.007218,0.000000,0.000000,0.000000,0.000000,0.000000,0.000000,0.000000,0.992764,0.000018,0.000000,5,20260807-060813,kwh,57.993
C:\Users\josep\source\repos\AIOTED-digital\04_joe_lcd_20x32\8_main_dig5_20260807-061613.jpg,8,8,0.986681,0.013268,0.000000,0.000000,0.000000,0.000000,0.000000,0.000000,0.000000,0.986681,0.000052,0.000000,5,20260807-061613,kwh,56.990
C:\Users\josep\source\repos\AIOTED-digital\04_joe_lcd_20x32\8_main_dig5_20260807-062813.jpg,8,8,0.995270,0.004723,0.000000,0.000000,0.000000,0.000000,0.000000,0.000000,0.000000,0.995270,0.000008,0.000000,5,20260807-062813,kwh,53.856
C:\Users\josep\source\repos\AIOTED-digital\04_joe_lcd_20x32\8_main_dig5_20260807-063613.jpg,8,8,0.999639,0.000361,0.000000,0.000000,0.000000,0.000000,0.000000,0.000000,0.000000,0.999639,0.000000,0.000000,5,20260807-063613,kwh,54.574
C:\Users\josep\source\repos\AIOTED-digital\04_joe_lcd_20x32\8_main_dig5_20260906-115925.jpg,8,8,0.600287,0.399682,0.000000,0.000000,0.000000,0.000000,0.000000,0.000005,0.000000,0.600287,0.000026,0.000000,5,20260906-115925,test8,68.059
C:\Users\josep\source\repos\AIOTED-digital\04_joe_lcd_20x32\8_main_dig5_20260911-104429.jpg,8,8,0.999986,0.000010,0.000000,0.000000,0.000000,0.000000,0.000000,0.000001,0.000000,0.999986,0.000004,0.000000,5,20260911-104429,test8,67.272
C:\Users\josep\source\repos\AIOTED-digital\04_joe_lcd_20x32\8_main_dig5_20260911-120429.jpg,8,8,0.999771,0.000166,0.000000,0.000000,0.000000,0.000000,0.000000,0.000057,0.000000,0.999771,0.000006,0.000000,5,20260911-120429,kwh,72.595
C:\Users\josep\source\repos\AIOTED-digital\04_joe_lcd_20x32\8_main_dig5_20260911-121229.jpg,8,8,0.999972,0.000018,0.000000,0.000000,0.000000,0.000000,0.000000,0.000001,0.000000,0.999972,0.000009,0.000000,5,20260911-121229,kwh,75.363
C:\Users\josep\source\repos\AIOTED-digital\04_joe_lcd_20x32\8_main_dig5_20260911-143228.jpg,8,8,0.999994,0.000004,0.000000,0.000000,0.000000,0.000000,0.000000,0.000000,0.000000,0.999994,0.000002,0.000000,5,20260911-143228,kwh,62.975
C:\Users\josep\source\repos\AIOTED-digital\04_joe_lcd_20x32\8_main_dig5_20260911-144028.jpg,8,8,0.999986,0.000009,0.000000,0.000000,0.000000,0.000000,0.000000,0.000004,0.000000,0.999986,0.000001,0.000000,5,20260911-144028,kwh,61.962
C:\Users\josep\source\repos\AIOTED-digital\04_joe_lcd_20x32\8_main_dig5_20260911-163628.jpg,8,0,0.999894,0.999894,0.000000,0.000000,0.000000,0.000000,0.000000,0.000000,0.000000,0.000106,0.000000,0.000000,5,20260911-163628,blank09,49.338
C:\Users\josep\source\repos\AIOTED-digital\04_joe_lcd_20x32\8_main_dig5_20260915-072936.jpg,8,8,0.883598,0.116371,0.000000,0.000000,0.000000,0.000000,0.000000,0.000011,0.000000,0.883598,0.000019,0.000000,5,20260915-072936,kwh,51.121
C:\Users\josep\source\repos\AIOTED-digital\04_joe_lcd_20x32\8_main_dig5_20260915-074936.jpg,8,8,0.987036,0.012960,0.000000,0.000000,0.000000,0.000000,0.000000,0.000002,0.000000,0.987036,0.000002,0.000000,5,20260915-074936,kwh,51.708
C:\Users\josep\source\repos\AIOTED-digital\04_joe_lcd_20x32\8_main_dig5_20260915-080936.jpg,8,8,0.926201,0.073775,0.000000,0.000000,0.000000,0.000000,0.000000,0.000015,0.000000,0.926201,0.000009,0.000000,5,20260915-080936,kwh,51.038
C:\Users\josep\source\repos\AIOTED-digital\04_joe_lcd_20x32\8_main_dig5_20260915-091736.jpg,8,8,0.992564,0.007434,0.000000,0.000000,0.000000,0.000000,0.000000,0.000002,0.000000,0.992564,0.000001,0.000000,5,20260915-091736,test8,49.681
C:\Users\josep\source\repos\AIOTED-digital\04_joe_lcd_20x32\8_main_dig5_20260915-094936.jpg,8,8,0.986493,0.013503,0.000000,0.000000,0.000000,0.000000,0.000000,0.000002,0.000000,0.986493,0.000002,0.000000,5,20260915-094936,kwh,46.718
C:\Users\josep\source\repos\AIOTED-digital\04_joe_lcd_20x32\8_main_dig5_20260915-095736.jpg,8,8,0.996436,0.003560,0.000000,0.000000,0.000000,0.000000,0.000000,0.000002,0.000000,0.996436,0.000002,0.000000,5,20260915-095736,test8,48.022
C:\Users\josep\source\repos\AIOTED-digital\04_joe_lcd_20x32\8_main_dig5_20260915-103736.jpg,8,8,0.999457,0.000502,0.000000,0.000000,0.000001,0.000000,0.000000,0.000017,0.000000,0.999457,0.000023,0.000000,5,20260915-103736,test8,51.161
C:\Users\josep\source\repos\AIOTED-digital\04_joe_lcd_20x32\8_main_dig5_20260915-104936.jpg,8,8,0.999751,0.000179,0.000000,0.000000,0.000001,0.000000,0.000000,0.000028,0.000000,0.999751,0.000041,0.000000,5,20260915-104936,test8,53.057
C:\Users\josep\source\repos\AIOTED-digital\04_joe_lcd_20x32\8_main_dig5_20260915-105736.jpg,8,8,0.999732,0.000257,0.000000,0.000000,0.000000,0.000000,0.000000,0.000001,0.000000,0.999732,0.000010,0.000000,5,20260915-105736,test8,51.107
C:\Users\josep\source\repos\AIOTED-digital\04_joe_lcd_20x32\8_main_dig5_20260915-113736.jpg,8,8,0.997347,0.002544,0.000000,0.000000,0.000000,0.000000,0.000000,0.000001,0.000000,0.997347,0.000108,0.000000,5,20260915-113736,test8,61.360
C:\Users\josep\source\repos\AIOTED-digital\04_joe_lcd_20x32\8_main_dig5_20260915-114936.jpg,8,8,0.999926,0.000065,0.000000,0.000000,0.000000,0.000000,0.000000,0.000001,0.000000,0.999926,0.000008,0.000000,5,20260915-114936,test8,53.412
C:\Users\josep\source\repos\AIOTED-digital\04_joe_lcd_20x32\8_main_dig6_20260807-013613.jpg,8,0,0.583503,0.583503,0.000018,0.000016,0.000021,0.000340,0.001123,0.000279,0.000506,0.212806,0.201370,0.000017,6,20260807-013613,test8,31.383
C:\Users\josep\source\repos\AIOTED-digital\04_joe_lcd_20x32\8_main_dig6_20260807-023613.jpg,8,0,0.720273,0.720273,0.000006,0.000002,0.000003,0.000215,0.000305,0.000070,0.000175,0.136010,0.142939,0.000004,6,20260807-023613,test8,31.132
C:\Users\josep\source\repos\AIOTED-digital\04_joe_lcd_20x32\8_main_dig6_20260807-052413.jpg,8,0,0.717475,0.717475,0.000002,0.000001,0.000002,0.000031,0.000020,0.000008,0.000152,0.169167,0.113142,0.000001,6,20260807-052413,test8,29.041
C:\Users\josep\source\repos\AIOTED-digital\04_joe_lcd_20x32\8_main_dig6_20260819-062556.jpg,8,8,0.991773,0.007523,0.000000,0.000000,0.000001,0.000000,0.000000,0.000001,0.000001,0.991773,0.000701,0.000000,6,20260819-062556,test8,28.094
C:\Users\josep\source\repos\AIOTED-digital\04_joe_lcd_20x32\8_main_dig6_20260819-063356.jpg,8,8,0.985665,0.012218,0.000000,0.000000,0.000006,0.000000,0.000000,0.000001,0.000003,0.985665,0.002107,0.000000,6,20260819-063356,kwh,28.726
C:\Users\josep\source\repos\AIOTED-digital\04_joe_lcd_20x32\8_main_dig6_20260819-064556.jpg,8,8,0.998370,0.000707,0.000000,0.000000,0.000001,0.000000,0.000000,0.000000,0.000000,0.998370,0.000922,0.000000,6,20260819-064556,test8,32.657
C:\Users\josep\source\repos\AIOTED-digital\04_joe_lcd_20x32\8_main_dig6_20260819-202155.jpg,8,8,0.976310,0.014873,0.000000,0.000009,0.000087,0.000003,0.000055,0.000864,0.000010,0.976310,0.007788,0.000000,6,20260819-202155,test8,28.223
C:\Users\josep\source\repos\AIOTED-digital\04_joe_lcd_20x32\8_main_dig6_20260819-203355.jpg,8,8,0.985642,0.007267,0.000000,0.000010,0.000112,0.000001,0.000027,0.000539,0.000006,0.985642,0.006394,0.000000,6,20260819-203355,test8,29.351
C:\Users\josep\source\repos\AIOTED-digital\04_joe_lcd_20x32\8_main_dig6_20260827-065742.jpg,8,8,0.999354,0.000050,0.000000,0.000000,0.000000,0.000000,0.000000,0.000000,0.000000,0.999354,0.000596,0.000000,6,20260827-065742,kwh,39.655
C:\Users\josep\source\repos\AIOTED-digital\04_joe_lcd_20x32\8_main_dig6_20260827-070941.jpg,8,8,0.999678,0.000027,0.000000,0.000000,0.000000,0.000000,0.000000,0.000000,0.000000,0.999678,0.000294,0.000000,6,20260827-070941,kwh,43.966
C:\Users\josep\source\repos\AIOTED-digital\04_joe_lcd_20x32\8_main_dig6_20260827-071741.jpg,8,8,0.999709,0.000010,0.000000,0.000000,0.000000,0.000000,0.000000,0.000000,0.000000,0.999709,0.000281,0.000000,6,20260827-071741,kwh,48.310
C:\Users\josep\source\repos\AIOTED-digital\04_joe_lcd_20x32\8_main_dig6_20260827-073741.jpg,8,8,0.999925,0.000007,0.000000,0.000000,0.000000,0.000000,0.000000,0.000000,0.000000,0.999925,0.000067,0.000000,6,20260827-073741,kwh,55.778
C:\Users\josep\source\repos\AIOTED-digital\04_joe_lcd_20x32\8_main_dig6_20260827-211740.jpg,8,8,0.963858,0.018890,0.000000,0.000025,0.000071,0.000041,0.000028,0.000374,0.000016,0.963858,0.016695,0.000002,6,20260827-211740,kwh,30.242
C:\Users\josep\source\repos\AIOTED-digital\04_joe_lcd_20x32\8_main_dig6_20260906-120325.jpg,8,8,0.995417,0.003956,0.000000,0.000000,0.000001,0.000002,0.000001,0.000036,0.000000,0.995417,0.000588,0.000000,6,20260906-120325,test8,81.196
C:\Users\josep\source\repos\AIOTED-digital\04_joe_lcd_20x32\8_main_dig6_20260906-122325.jpg,8,8,0.998959,0.000883,0.000000,0.000000,0.000000,0.000000,0.000000,0.000005,0.000000,0.998959,0.000153,0.000000,6,20260906-122325,test8,70.936
C:\Users\josep\source\repos\AIOTED-digital\04_joe_lcd_20x32\8_main_dig6_20260906-231124.jpg,8,8,0.499828,0.474893,0.002263,0.000067,0.000066,0.000911,0.001029,0.003664,0.000726,0.499828,0.016535,0.000019,6,20260906-231124,test8,27.082
C:\Users\josep\source\repos\AIOTED-digital\04_joe_lcd_20x32\8_main_dig6_20260906-233124.jpg,8,8,0.472638,0.432816,0.003264,0.000123,0.000212,0.004640,0.005521,0.007137,0.001488,0.472638,0.072113,0.000048,6,20260906-233124,test8,26.055
C:\Users\josep\source\repos\AIOTED-digital\04_joe_lcd_20x32\8_main_dig6_20260907-001924.jpg,8,9,0.850358,0.027819,0.000219,0.000007,0.000322,0.017623,0.048929,0.001211,0.000371,0.053092,0.850358,0.000049,6,20260907-001924,kwh,27.382
C:\Users\josep\source\repos\AIOTED-digital\04_joe_lcd_20x32\8_main_dig6_20260907-003124.jpg,8,9,0.753877,0.048867,0.000198,0.000002,0.000105,0.017023,0.119806,0.003318,0.000274,0.056511,0.753877,0.000020,6,20260907-003124,kwh,26.656
C:\Users\josep\source\repos\AIOTED-digital\04_joe_lcd_20x32\8_main_dig6_20260907-092323.jpg,8,0,0.515063,0.515063,0.000233,0.000000,0.000028,0.000717,0.000112,0.000204,0.000603,0.472686,0.010322,0.000033,6,20260907-092323,test8,104.306
C:\Users\josep\source\repos\AIOTED-digital\04_joe_lcd_20x32\8_main_dig6_20260907-105523.jpg,8,8,0.896064,0.100912,0.000010,0.000000,0.000005,0.000074,0.000021,0.000134,0.000015,0.896064,0.002762,0.000003,6,20260907-105523,kwh,94.785
C:\Users\josep\source\repos\AIOTED-digital\04_joe_lcd_20x32\8_main_dig6_20260907-181523.jpg,8,8,0.999258,0.000714,0.000000,0.000000,0.000000,0.000000,0.000000,0.000005,0.000000,0.999258,0.000023,0.000000,6,20260907-181523,test8,35.646
C:\Users\josep\source\repos\AIOTED-digital\04_joe_lcd_20x32\8_main_dig6_20260911-182028.jpg,8,8,0.999575,0.000392,0.000000,0.000000,0.000000,0.000000,0.000000,0.000007,0.000000,0.999575,0.000026,0.000000,6,20260911-182028,kwh,29.200
C:\Users\josep\source\repos\AIOTED-digital\04_joe_lcd_20x32\8_main_dig6_20260911-183228.jpg,8,8,0.990576,0.009219,0.000000,0.000000,0.000000,0.000000,0.000000,0.000023,0.000000,0.990576,0.000182,0.000000,6,20260911-183228,kwh,27.171
C:\Users\josep\source\repos\AIOTED-digital\04_joe_lcd_20x32\8_main_dig6_20260911-184028.jpg,8,8,0.996517,0.003176,0.000000,0.000000,0.000000,0.000001,0.000000,0.000034,0.000000,0.996517,0.000272,0.000000,6,20260911-184028,kwh,25.471
C:\Users\josep\source\repos\AIOTED-digital\04_joe_lcd_20x32\8_main_dig6_20260928-100241.jpg,8,8,0.695829,0.024253,0.011565,0.000173,0.009151,0.092003,0.031670,0.038902,0.004934,0.695829,0.073647,0.017873,6,20260928-100241,test8,103.153
C:\Users\josep\source\repos\AIOTED-digital\04_joe_lcd_20x32\8_main_dig6_20260928-192240.jpg,8,8,0.801766,0.179898,0.000088,0.000013,0.000096,0.000098,0.000404,0.001621,0.000334,0.801766,0.015680,0.000002,6,20260928-192240,test8,24.880
C:\Users\josep\source\repos\AIOTED-digital\04_joe_lcd_20x32\8_main_dig6_20260928-211040.jpg,8,9,0.779879,0.050672,0.000024,0.000001,0.000107,0.001473,0.077148,0.001742,0.000299,0.088654,0.779879,0.000002,6,20260928-211040,test8,25.304
C:\Users\josep\source\repos\AIOTED-digital\04_joe_lcd_20x32\9_main_dig3_20260911-213228.jpg,9,9,0.999869,0.000009,0.000000,0.000000,0.000000,0.000000,0.000000,0.000000,0.000000,0.000121,0.999869,0.000000,3,20260911-213228,kwh,103.032
C:\Users\josep\source\repos\AIOTED-digital\04_joe_lcd_20x32\9_main_dig3_20260911-215228.jpg,9,9,0.999693,0.000038,0.000000,0.000000,0.000000,0.000000,0.000000,0.000000,0.000000,0.000268,0.999693,0.000000,3,20260911-215228,kwh,103.245
C:\Users\josep\source\repos\AIOTED-digital\04_joe_lcd_20x32\9_main_dig3_20260911-230028.jpg,9,9,0.999724,0.000018,0.000000,0.000000,0.000000,0.000000,0.000000,0.000000,0.000000,0.000258,0.999724,0.000000,3,20260911-230028,kwh,102.266
C:\Users\josep\source\repos\AIOTED-digital\04_joe_lcd_20x32\9_main_dig3_20260911-232828.jpg,9,9,0.999554,0.000021,0.000000,0.000000,0.000000,0.000000,0.000000,0.000000,0.000000,0.000424,0.999554,0.000000,3,20260911-232828,kwh,101.769
C:\Users\josep\source\repos\AIOTED-digital\04_joe_lcd_20x32\9_main_dig3_20260915-054937.jpg,9,9,0.999905,0.000005,0.000000,0.000000,0.000000,0.000001,0.000000,0.000000,0.000000,0.000089,0.999905,0.000000,3,20260915-054937,kwh,103.098
C:\Users\josep\source\repos\AIOTED-digital\04_joe_lcd_20x32\9_main_dig3_20260915-080936.jpg,9,9,0.999981,0.000000,0.000000,0.000000,0.000000,0.000000,0.000000,0.000000,0.000000,0.000018,0.999981,0.000000,3,20260915-080936,kwh,100.509
C:\Users\josep\source\repos\AIOTED-digital\04_joe_lcd_20x32\9_main_dig3_20260915-102936.jpg,9,9,0.999999,0.000000,0.000000,0.000000,0.000000,0.000000,0.000000,0.000000,0.000000,0.000000,0.999999,0.000000,3,20260915-102936,kwh,91.004
C:\Users\josep\source\repos\AIOTED-digital\04_joe_lcd_20x32\9_main_dig3_20260915-120936.jpg,9,9,0.999998,0.000000,0.000000,0.000000,0.000000,0.000001,0.000001,0.000000,0.000000,0.000000,0.999998,0.000000,3,20260915-120936,kwh,75.513
C:\Users\josep\source\repos\AIOTED-digital\04_joe_lcd_20x32\9_main_dig3_20260915-165736.jpg,9,9,0.999999,0.000000,0.000000,0.000000,0.000000,0.000000,0.000000,0.000000,0.000000,0.000001,0.999999,0.000000,3,20260915-165736,kwh,88.601
C:\Users\josep\source\repos\AIOTED-digital\04_joe_lcd_20x32\9_main_dig3_20260915-174536.jpg,9,9,0.999993,0.000000,0.000000,0.000000,0.000000,0.000000,0.000000,0.000000,0.000000,0.000006,0.999993,0.000000,3,20260915-174536,kwh,94.207
C:\Users\josep\source\repos\AIOTED-digital\04_joe_lcd_20x32\9_main_dig3_20260915-183735.jpg,9,9,0.999991,0.000000,0.000000,0.000000,0.000000,0.000000,0.000000,0.000000,0.000000,0.000008,0.999991,0.000000,3,20260915-183735,kwh,99.997
C:\Users\josep\source\repos\AIOTED-digital\04_joe_lcd_20x32\9_main_dig3_20260915-190536.jpg,9,9,0.999966,0.000000,0.000000,0.000000,0.000000,0.000000,0.000000,0.000000,0.000000,0.000033,0.999966,0.000000,3,20260915-190536,kwh,100.582
C:\Users\josep\source\repos\AIOTED-digital\04_joe_lcd_20x32\9_main_dig3_20260915-191736.jpg,9,9,0.999993,0.000000,0.000000,0.000000,0.000000,0.000000,0.000000,0.000000,0.000000,0.000007,0.999993,0.000000,3,20260915-191736,kwh,102.056
C:\Users\josep\source\repos\AIOTED-digital\04_joe_lcd_20x32\9_main_dig3_20260915-194535.jpg,9,9,0.999950,0.000001,0.000000,0.000000,0.000000,0.000000,0.000000,0.000000,0.000000,0.000049,0.999950,0.000000,3,20260915-194535,kwh,101.052
C:\Users\josep\source\repos\AIOTED-digital\04_joe_lcd_20x32\9_main_dig3_20260915-215335.jpg,9,9,0.999963,0.000000,0.000000,0.000000,0.000000,0.000000,0.000000,0.000000,0.000000,0.000037,0.999963,0.000000,3,20260915-215335,kwh,99.730
C:\Users\josep\source\repos\AIOTED-digital\04_joe_lcd_20x32\9_main_dig3_20260928-013442.jpg,9,9,0.999954,0.000002,0.000000,0.000000,0.000000,0.000000,0.000000,0.000000,0.000000,0.000043,0.999954,0.000000,3,20260928-013442,kwh,102.909
C:\Users\josep\source\repos\AIOTED-digital\04_joe_lcd_20x32\9_main_dig3_20260928-015442.jpg,9,9,0.999914,0.000002,0.000000,0.000000,0.000000,0.000001,0.000000,0.000000,0.000000,0.000083,0.999914,0.000000,3,20260928-015442,kwh,104.783
C:\Users\josep\source\repos\AIOTED-digital\04_joe_lcd_20x32\9_main_dig3_20260928-053441.jpg,9,9,0.999944,0.000001,0.000000,0.000000,0.000000,0.000000,0.000000,0.000000,0.000000,0.000055,0.999944,0.000000,3,20260928-053441,kwh,102.879
C:\Users\josep\source\repos\AIOTED-digital\04_joe_lcd_20x32\9_main_dig3_20260928-070641.jpg,9,9,0.999911,0.000001,0.000000,0.000000,0.000000,0.000000,0.000000,0.000000,0.000000,0.000087,0.999911,0.000000,3,20260928-070641,kwh,102.267
C:\Users\josep\source\repos\AIOTED-digital\04_joe_lcd_20x32\9_main_dig3_20260928-072641.jpg,9,9,0.999972,0.000001,0.000000,0.000000,0.000000,0.000001,0.000000,0.000000,0.000000,0.000026,0.999972,0.000000,3,20260928-072641,kwh,100.551
C:\Users\josep\source\repos\AIOTED-digital\04_joe_lcd_20x32\9_main_dig3_20260928-075441.jpg,9,9,0.999997,0.000000,0.000000,0.000000,0.000000,0.000002,0.000000,0.000000,0.000000,0.000001,0.999997,0.000000,3,20260928-075441,kwh,88.363
C:\Users\josep\source\repos\AIOTED-digital\04_joe_lcd_20x32\9_main_dig3_20260928-143440.jpg,9,9,0.999973,0.000000,0.000000,0.000000,0.000000,0.000021,0.000005,0.000000,0.000000,0.000000,0.999973,0.000000,3,20260928-143440,kwh,82.648
C:\Users\josep\source\repos\AIOTED-digital\04_joe_lcd_20x32\9_main_dig3_20260928-161440.jpg,9,9,0.999998,0.000000,0.000000,0.000000,0.000000,0.000001,0.000000,0.000000,0.000000,0.000001,0.999998,0.000000,3,20260928-161440,kwh,92.894
C:\Users\josep\source\repos\AIOTED-digital\04_joe_lcd_20x32\9_main_dig3_20260928-210240.jpg,9,9,0.999954,0.000005,0.000000,0.000000,0.000000,0.000000,0.000000,0.000000,0.000000,0.000042,0.999954,0.000000,3,20260928-210240,kwh,103.848
C:\Users\josep\source\repos\AIOTED-digital\04_joe_lcd_20x32\9_main_dig4_20260911-000000.jpg,9,9,0.999995,0.000000,0.000000,0.000000,0.000000,0.000005,0.000000,0.000000,0.000000,0.000000,0.999995,0.000000,4,20260911-000000,kwh,64.209
C:\Users\josep\source\repos\AIOTED-digital\04_joe_lcd_20x32\9_main_dig4_20260911-000800.jpg,9,9,0.999980,0.000000,0.000000,0.000000,0.000000,0.000020,0.000000,0.000000,0.000000,0.000000,0.999980,0.000000,4,20260911-000800,kwh,63.088
C:\Users\josep\source\repos\AIOTED-digital\04_joe_lcd_20x32\9_main_dig4_20260911-002800.jpg,9,9,0.999990,0.000000,0.000000,0.000000,0.000000,0.000009,0.000000,0.000000,0.000000,0.000000,0.999990,0.000000,4,20260911-002800,kwh,64.603
C:\Users\josep\source\repos\AIOTED-digital\04_joe_lcd_20x32\9_main_dig4_20260911-004000.jpg,9,9,0.999955,0.000000,0.000000,0.000000,0.000000,0.000044,0.000000,0.000000,0.000000,0.000000,0.999955,0.000000,4,20260911-004000,kwh,64.703
C:\Users\josep\source\repos\AIOTED-digital\04_joe_lcd_20x32\9_main_dig4_20260911-010000.jpg,9,9,0.999949,0.000000,0.000000,0.000000,0.000000,0.000050,0.000000,0.000000,0.000000,0.000000,0.999949,0.000000,4,20260911-010000,kwh,64.113
C:\Users\josep\source\repos\AIOTED-digital\04_joe_lcd_20x32\9_main_dig4_20260911-010800.jpg,9,9,0.999986,0.000000,0.000000,0.000000,0.000000,0.000014,0.000000,0.000000,0.000000,0.000000,0.999986,0.000000,4,20260911-010800,kwh,64.288
C:\Users\josep\source\repos\AIOTED-digital\04_joe_lcd_20x32\9_main_dig4_20260911-011600.jpg,9,9,0.999997,0.000000,0.000000,0.000000,0.000000,0.000003,0.000000,0.000000,0.000000,0.000000,0.999997,0.000000,4,20260911-011600,kwh,65.103
C:\Users\josep\source\repos\AIOTED-digital\04_joe_lcd_20x32\9_main_dig4_20260911-012000.jpg,9,9,0.999984,0.000000,0.000000,0.000000,0.000000,0.000016,0.000000,0.000000,0.000000,0.000000,0.999984,0.000000,4,20260911-012000,kwh,64.699
C:\Users\josep\source\repos\AIOTED-digital\04_joe_lcd_20x32\9_main_dig4_20260911-012800.jpg,9,9,0.999991,0.000000,0.000000,0.000000,0.000000,0.000009,0.000000,0.000000,0.000000,0.000000,0.999991,0.000000,4,20260911-012800,kwh,65.044
C:\Users\josep\source\repos\AIOTED-digital\04_joe_lcd_20x32\9_main_dig4_20260911-013600.jpg,9,9,0.999997,0.000000,0.000000,0.000000,0.000000,0.000002,0.000000,0.000000,0.000000,0.000000,0.999997,0.000000,4,20260911-013600,kwh,64.336
C:\Users\josep\source\repos\AIOTED-digital\04_joe_lcd_20x32\9_main_dig4_20260911-014000.jpg,9,9,0.999964,0.000000,0.000000,0.000000,0.000000,0.000036,0.000000,0.000000,0.000000,0.000000,0.999964,0.000000,4,20260911-014000,kwh,64.139
C:\Users\josep\source\repos\AIOTED-digital\04_joe_lcd_20x32\9_main_dig4_20260911-014800.jpg,9,9,0.999997,0.000000,0.000000,0.000000,0.000000,0.000003,0.000000,0.000000,0.000000,0.000000,0.999997,0.000000,4,20260911-014800,kwh,64.808
C:\Users\josep\source\repos\AIOTED-digital\04_joe_lcd_20x32\9_main_dig4_20260911-015600.jpg,9,9,0.999954,0.000000,0.000000,0.000000,0.000000,0.000045,0.000000,0.000000,0.000000,0.000000,0.999954,0.000000,4,20260911-015600,kwh,63.105
C:\Users\josep\source\repos\AIOTED-digital\04_joe_lcd_20x32\9_main_dig4_20260911-020000.jpg,9,9,0.999996,0.000000,0.000000,0.000000,0.000000,0.000004,0.000000,0.000000,0.000000,0.000000,0.999996,0.000000,4,20260911-020000,kwh,64.347
C:\Users\josep\source\repos\AIOTED-digital\04_joe_lcd_20x32\9_main_dig4_20260911-020800.jpg,9,9,0.999987,0.000000,0.000000,0.000000,0.000000,0.000013,0.000000,0.000000,0.000000,0.000000,0.999987,0.000000,4,20260911-020800,kwh,64.784
C:\Users\josep\source\repos\AIOTED-digital\04_joe_lcd_20x32\9_main_dig4_20260911-021600.jpg,9,9,0.999995,0.000000,0.000000,0.000000,0.000000,0.000005,0.000000,0.000000,0.000000,0.000000,0.999995,0.000000,4,20260911-021600,kwh,64.861
C:\Users\josep\source\repos\AIOTED-digital\04_joe_lcd_20x32\9_main_dig4_20260911-022800.jpg,9,9,0.999932,0.000000,0.000000,0.000000,0.000000,0.000067,0.000000,0.000000,0.000000,0.000000,0.999932,0.000000,4,20260911-022800,kwh,64.102
C:\Users\josep\source\repos\AIOTED-digital\04_joe_lcd_20x32\9_main_dig4_20260911-023600.jpg,9,9,0.999987,0.000000,0.000000,0.000000,0.000000,0.000012,0.000000,0.000000,0.000000,0.000000,0.999987,0.000000,4,20260911-023600,kwh,63.746
C:\Users\josep\source\repos\AIOTED-digital\04_joe_lcd_20x32\9_main_dig4_20260911-024800.jpg,9,9,0.999989,0.000000,0.000000,0.000000,0.000000,0.000011,0.000000,0.000000,0.000000,0.000000,0.999989,0.000000,4,20260911-024800,kwh,63.984
C:\Users\josep\source\repos\AIOTED-digital\04_joe_lcd_20x32\9_main_dig4_20260911-025600.jpg,9,9,0.999983,0.000000,0.000000,0.000000,0.000000,0.000017,0.000000,0.000000,0.000000,0.000000,0.999983,0.000000,4,20260911-025600,kwh,64.117
C:\Users\josep\source\repos\AIOTED-digital\04_joe_lcd_20x32\9_main_dig4_20260911-030800.jpg,9,9,0.999991,0.000000,0.000000,0.000000,0.000000,0.000009,0.000000,0.000000,0.000000,0.000000,0.999991,0.000000,4,20260911-030800,kwh,64.134
C:\Users\josep\source\repos\AIOTED-digital\04_joe_lcd_20x32\9_main_dig4_20260911-031600.jpg,9,9,0.999912,0.000000,0.000000,0.000000,0.000000,0.000086,0.000000,0.000000,0.000000,0.000001,0.999912,0.000000,4,20260911-031600,kwh,63.170
C:\Users\josep\source\repos\AIOTED-digital\04_joe_lcd_20x32\9_main_dig4_20260911-032800.jpg,9,9,0.999970,0.000000,0.000000,0.000000,0.000000,0.000027,0.000000,0.000000,0.000000,0.000002,0.999970,0.000000,4,20260911-032800,kwh,64.824
C:\Users\josep\source\repos\AIOTED-digital\04_joe_lcd_20x32\9_main_dig4_20260911-033600.jpg,9,9,0.999951,0.000000,0.000000,0.000000,0.000000,0.000047,0.000000,0.000000,0.000000,0.000001,0.999951,0.000000,4,20260911-033600,kwh,63.650
C:\Users\josep\source\repos\AIOTED-digital\04_joe_lcd_20x32\9_main_dig4_20260911-034800.jpg,9,9,0.999990,0.000000,0.000000,0.000000,0.000000,0.000010,0.000000,0.000000,0.000000,0.000000,0.999990,0.000000,4,20260911-034800,kwh,64.149
C:\Users\josep\source\repos\AIOTED-digital\04_joe_lcd_20x32\9_main_dig4_20260911-035600.jpg,9,9,0.999990,0.000000,0.000000,0.000000,0.000000,0.000010,0.000000,0.000000,0.000000,0.000000,0.999990,0.000000,4,20260911-035600,kwh,64.338
C:\Users\josep\source\repos\AIOTED-digital\04_joe_lcd_20x32\9_main_dig4_20260911-040800.jpg,9,9,0.999987,0.000000,0.000000,0.000000,0.000000,0.000012,0.000000,0.000000,0.000000,0.000001,0.999987,0.000000,4,20260911-040800,kwh,64.611
C:\Users\josep\source\repos\AIOTED-digital\04_joe_lcd_20x32\9_main_dig4_20260911-041600.jpg,9,9,0.999981,0.000000,0.000000,0.000000,0.000000,0.000019,0.000000,0.000000,0.000000,0.000001,0.999981,0.000000,4,20260911-041600,kwh,64.080
C:\Users\josep\source\repos\AIOTED-digital\04_joe_lcd_20x32\9_main_dig4_20260911-042800.jpg,9,9,0.999967,0.000000,0.000000,0.000000,0.000000,0.000033,0.000000,0.000000,0.000000,0.000000,0.999967,0.000000,4,20260911-042800,kwh,63.986
C:\Users\josep\source\repos\AIOTED-digital\04_joe_lcd_20x32\9_main_dig4_20260911-043600.jpg,9,9,0.999988,0.000000,0.000000,0.000000,0.000000,0.000011,0.000000,0.000000,0.000000,0.000000,0.999988,0.000000,4,20260911-043600,kwh,64.578
C:\Users\josep\source\repos\AIOTED-digital\04_joe_lcd_20x32\9_main_dig4_20260911-044800.jpg,9,9,0.999873,0.000000,0.000000,0.000000,0.000000,0.000125,0.000000,0.000000,0.000000,0.000001,0.999873,0.000000,4,20260911-044800,kwh,64.475
C:\Users\josep\source\repos\AIOTED-digital\04_joe_lcd_20x32\9_main_dig4_20260911-045600.jpg,9,9,0.999952,0.000000,0.000000,0.000000,0.000000,0.000048,0.000000,0.000000,0.000000,0.000000,0.999952,0.000000,4,20260911-045600,kwh,64.105
C:\Users\josep\source\repos\AIOTED-digital\04_joe_lcd_20x32\9_main_dig4_20260911-050800.jpg,9,9,0.999990,0.000000,0.000000,0.000000,0.000000,0.000010,0.000000,0.000000,0.000000,0.000000,0.999990,0.000000,4,20260911-050800,kwh,65.132
C:\Users\josep\source\repos\AIOTED-digital\04_joe_lcd_20x32\9_main_dig4_20260911-051600.jpg,9,9,0.999997,0.000000,0.000000,0.000000,0.000000,0.000002,0.000000,0.000000,0.000000,0.000000,0.999997,0.000000,4,20260911-051600,kwh,64.101
C:\Users\josep\source\repos\AIOTED-digital\04_joe_lcd_20x32\9_main_dig4_20260911-053600.jpg,9,9,0.999981,0.000000,0.000000,0.000000,0.000000,0.000018,0.000000,0.000000,0.000000,0.000000,0.999981,0.000000,4,20260911-053600,kwh,64.733
C:\Users\josep\source\repos\AIOTED-digital\04_joe_lcd_20x32\9_main_dig4_20260911-054800.jpg,9,9,0.999991,0.000000,0.000000,0.000000,0.000000,0.000009,0.000000,0.000000,0.000000,0.000000,0.999991,0.000000,4,20260911-054800,kwh,64.555
C:\Users\josep\source\repos\AIOTED-digital\04_joe_lcd_20x32\9_main_dig4_20260911-062800.jpg,9,9,0.999958,0.000000,0.000000,0.000000,0.000000,0.000042,0.000000,0.000000,0.000000,0.000000,0.999958,0.000000,4,20260911-062800,kwh,64.386
C:\Users\josep\source\repos\AIOTED-digital\04_joe_lcd_20x32\9_main_dig4_20260911-063600.jpg,9,9,0.999986,0.000000,0.000000,0.000000,0.000000,0.000013,0.000000,0.000000,0.000000,0.000000,0.999986,0.000000,4,20260911-063600,kwh,62.847
C:\Users\josep\source\repos\AIOTED-digital\04_joe_lcd_20x32\9_main_dig4_20260911-064800.jpg,9,9,0.999993,0.000000,0.000000,0.000000,0.000000,0.000006,0.000000,0.000000,0.000000,0.000000,0.999993,0.000000,4,20260911-064800,kwh,63.065
C:\Users\josep\source\repos\AIOTED-digital\04_joe_lcd_20x32\9_main_dig4_20260911-065600.jpg,9,9,0.999957,0.000000,0.000000,0.000000,0.000000,0.000042,0.000000,0.000000,0.000000,0.000000,0.999957,0.000000,4,20260911-065600,kwh,63.060
C:\Users\josep\source\repos\AIOTED-digital\04_joe_lcd_20x32\9_main_dig4_20260911-070800.jpg,9,9,0.999971,0.000000,0.000000,0.000000,0.000000,0.000029,0.000000,0.000000,0.000000,0.000000,0.999971,0.000000,4,20260911-070800,kwh,61.125
C:\Users\josep\source\repos\AIOTED-digital\04_joe_lcd_20x32\9_main_dig4_20260911-071600.jpg,9,9,0.999958,0.000000,0.000000,0.000000,0.000000,0.000042,0.000000,0.000000,0.000000,0.000000,0.999958,0.000000,4,20260911-071600,kwh,60.780
C:\Users\josep\source\repos\AIOTED-digital\04_joe_lcd_20x32\9_main_dig4_20260911-072800.jpg,9,9,0.999972,0.000000,0.000000,0.000000,0.000000,0.000028,0.000000,0.000000,0.000000,0.000000,0.999972,0.000000,4,20260911-072800,kwh,60.893
C:\Users\josep\source\repos\AIOTED-digital\04_joe_lcd_20x32\9_main_dig4_20260911-073559.jpg,9,9,0.999997,0.000000,0.000000,0.000000,0.000000,0.000003,0.000000,0.000000,0.000000,0.000000,0.999997,0.000000,4,20260911-073559,kwh,61.028
C:\Users\josep\source\repos\AIOTED-digital\04_joe_lcd_20x32\9_main_dig4_20260911-075559.jpg,9,9,0.999999,0.000000,0.000000,0.000000,0.000000,0.000001,0.000000,0.000000,0.000000,0.000000,0.999999,0.000000,4,20260911-075559,kwh,78.079
C:\Users\josep\source\repos\AIOTED-digital\04_joe_lcd_20x32\9_main_dig4_20260911-080759.jpg,9,9,0.999999,0.000000,0.000000,0.000000,0.000000,0.000000,0.000000,0.000000,0.000000,0.000000,0.999999,0.000000,4,20260911-080759,kwh,82.953
C:\Users\josep\source\repos\AIOTED-digital\04_joe_lcd_20x32\9_main_dig4_20260911-083559.jpg,9,9,0.999995,0.000000,0.000000,0.000000,0.000000,0.000005,0.000000,0.000000,0.000000,0.000000,0.999995,0.000000,4,20260911-083559,kwh,85.682
C:\Users\josep\source\repos\AIOTED-digital\04_joe_lcd_20x32\9_main_dig4_20260911-090759.jpg,9,9,0.999992,0.000000,0.000000,0.000000,0.000000,0.000006,0.000001,0.000000,0.000000,0.000000,0.999992,0.000000,4,20260911-090759,kwh,93.907
C:\Users\josep\source\repos\AIOTED-digital\04_joe_lcd_20x32\9_main_dig4_20260911-105229.jpg,9,9,0.999996,0.000000,0.000000,0.000000,0.000000,0.000001,0.000003,0.000000,0.000000,0.000000,0.999996,0.000000,4,20260911-105229,kwh,85.851
C:\Users\josep\source\repos\AIOTED-digital\04_joe_lcd_20x32\9_main_dig4_20260911-112429.jpg,9,9,0.999988,0.000000,0.000000,0.000000,0.000000,0.000004,0.000006,0.000000,0.000000,0.000002,0.999988,0.000000,4,20260911-112429,kwh,87.311
C:\Users\josep\source\repos\AIOTED-digital\04_joe_lcd_20x32\9_main_dig4_20260911-121229.jpg,9,9,0.999999,0.000000,0.000000,0.000000,0.000000,0.000000,0.000000,0.000000,0.000000,0.000000,0.999999,0.000000,4,20260911-121229,kwh,92.546
C:\Users\josep\source\repos\AIOTED-digital\04_joe_lcd_20x32\9_main_dig4_20260911-122429.jpg,9,9,0.999996,0.000000,0.000000,0.000000,0.000000,0.000002,0.000003,0.000000,0.000000,0.000000,0.999996,0.000000,4,20260911-122429,kwh,92.310
C:\Users\josep\source\repos\AIOTED-digital\04_joe_lcd_20x32\9_main_dig4_20260911-123229.jpg,9,9,0.999999,0.000000,0.000000,0.000000,0.000000,0.000000,0.000000,0.000000,0.000000,0.000000,0.999999,0.000000,4,20260911-123229,kwh,93.081
C:\Users\josep\source\repos\AIOTED-digital\04_joe_lcd_20x32\9_main_dig4_20260911-125228.jpg,9,9,0.999998,0.000000,0.000000,0.000000,0.000000,0.000000,0.000001,0.000000,0.000000,0.000000,0.999998,0.000000,4,20260911-125228,kwh,97.608
C:\Users\josep\source\repos\AIOTED-digital\04_joe_lcd_20x32\9_main_dig4_20260911-132429.jpg,9,9,0.999998,0.000000,0.000000,0.000000,0.000000,0.000001,0.000001,0.000000,0.000000,0.000000,0.999998,0.000000,4,20260911-132429,kwh,81.748
C:\Users\josep\source\repos\AIOTED-digital\04_joe_lcd_20x32\9_main_dig4_20260911-133229.jpg,9,9,0.999999,0.000000,0.000000,0.000000,0.000000,0.000000,0.000001,0.000000,0.000000,0.000000,0.999999,0.000000,4,20260911-133229,kwh,85.513
C:\Users\josep\source\repos\AIOTED-digital\04_joe_lcd_20x32\9_main_dig4_20260911-141228.jpg,9,9,0.999991,0.000000,0.000000,0.000000,0.000000,0.000003,0.000006,0.000000,0.000000,0.000000,0.999991,0.000000,4,20260911-141228,kwh,84.943
C:\Users\josep\source\repos\AIOTED-digital\04_joe_lcd_20x32\9_main_dig4_20260911-142028.jpg,9,9,0.999995,0.000000,0.000000,0.000000,0.000000,0.000002,0.000003,0.000000,0.000000,0.000000,0.999995,0.000000,4,20260911-142028,kwh,88.546
C:\Users\josep\source\repos\AIOTED-digital\04_joe_lcd_20x32\9_main_dig4_20260911-144028.jpg,9,9,0.999996,0.000000,0.000000,0.000000,0.000000,0.000002,0.000003,0.000000,0.000000,0.000000,0.999996,0.000000,4,20260911-144028,kwh,82.997
C:\Users\josep\source\repos\AIOTED-digital\04_joe_lcd_20x32\9_main_dig4_20260911-144428.jpg,9,9,0.999996,0.000000,0.000000,0.000000,0.000000,0.000002,0.000002,0.000000,0.000000,0.000000,0.999996,0.000000,4,20260911-144428,kwh,82.852
C:\Users\josep\source\repos\AIOTED-digital\04_joe_lcd_20x32\9_main_dig4_20260911-151228.jpg,9,9,0.999995,0.000000,0.000000,0.000000,0.000000,0.000002,0.000003,0.000000,0.000000,0.000000,0.999995,0.000000,4,20260911-151228,kwh,85.996
C:\Users\josep\source\repos\AIOTED-digital\04_joe_lcd_20x32\9_main_dig4_20260911-160028.jpg,9,9,0.999992,0.000000,0.000000,0.000000,0.000000,0.000007,0.000000,0.000000,0.000000,0.000000,0.999992,0.000000,4,20260911-160028,kwh,62.486
C:\Users\josep\source\repos\AIOTED-digital\04_joe_lcd_20x32\9_main_dig4_20260911-161228.jpg,9,9,0.999996,0.000000,0.000000,0.000000,0.000000,0.000004,0.000000,0.000000,0.000000,0.000000,0.999996,0.000000,4,20260911-161228,kwh,62.434
C:\Users\josep\source\repos\AIOTED-digital\04_joe_lcd_20x32\9_main_dig4_20260911-162028.jpg,9,9,0.999993,0.000000,0.000000,0.000000,0.000000,0.000006,0.000000,0.000000,0.000000,0.000000,0.999993,0.000000,4,20260911-162028,kwh,62.740
C:\Users\josep\source\repos\AIOTED-digital\04_joe_lcd_20x32\9_main_dig4_20260911-163228.jpg,9,9,0.999992,0.000000,0.000000,0.000000,0.000000,0.000008,0.000000,0.000000,0.000000,0.000000,0.999992,0.000000,4,20260911-163228,kwh,62.161
C:\Users\josep\source\repos\AIOTED-digital\04_joe_lcd_20x32\9_main_dig4_20260911-164028.jpg,9,9,0.999988,0.000000,0.000000,0.000000,0.000000,0.000012,0.000000,0.000000,0.000000,0.000000,0.999988,0.000000,4,20260911-164028,kwh,61.975
C:\Users\josep\source\repos\AIOTED-digital\04_joe_lcd_20x32\9_main_dig4_20260911-165228.jpg,9,9,0.999990,0.000000,0.000000,0.000000,0.000000,0.000009,0.000000,0.000000,0.000000,0.000000,0.999990,0.000000,4,20260911-165228,kwh,61.605
C:\Users\josep\source\repos\AIOTED-digital\04_joe_lcd_20x32\9_main_dig4_20260911-170028.jpg,9,9,0.999986,0.000000,0.000000,0.000000,0.000000,0.000014,0.000000,0.000000,0.000000,0.000000,0.999986,0.000000,4,20260911-170028,kwh,60.367
C:\Users\josep\source\repos\AIOTED-digital\04_joe_lcd_20x32\9_main_dig4_20260911-171228.jpg,9,9,0.999981,0.000000,0.000000,0.000000,0.000000,0.000019,0.000000,0.000000,0.000000,0.000000,0.999981,0.000000,4,20260911-171228,kwh,60.450
C:\Users\josep\source\repos\AIOTED-digital\04_joe_lcd_20x32\9_main_dig4_20260911-172028.jpg,9,9,0.999971,0.000000,0.000000,0.000000,0.000000,0.000029,0.000000,0.000000,0.000000,0.000000,0.999971,0.000000,4,20260911-172028,kwh,60.102
C:\Users\josep\source\repos\AIOTED-digital\04_joe_lcd_20x32\9_main_dig4_20260911-173228.jpg,9,9,0.999981,0.000000,0.000000,0.000000,0.000000,0.000018,0.000000,0.000000,0.000000,0.000000,0.999981,0.000000,4,20260911-173228,kwh,61.081
C:\Users\josep\source\repos\AIOTED-digital\04_joe_lcd_20x32\9_main_dig4_20260911-174028.jpg,9,9,0.999985,0.000000,0.000000,0.000000,0.000000,0.000015,0.000000,0.000000,0.000000,0.000000,0.999985,0.000000,4,20260911-174028,kwh,60.336
C:\Users\josep\source\repos\AIOTED-digital\04_joe_lcd_20x32\9_main_dig4_20260911-175228.jpg,9,9,0.999959,0.000000,0.000000,0.000000,0.000000,0.000040,0.000000,0.000000,0.000000,0.000000,0.999959,0.000000,4,20260911-175228,kwh,61.331
C:\Users\josep\source\repos\AIOTED-digital\04_joe_lcd_20x32\9_main_dig4_20260911-180028.jpg,9,9,0.999989,0.000000,0.000000,0.000000,0.000000,0.000011,0.000000,0.000000,0.000000,0.000000,0.999989,0.000000,4,20260911-180028,kwh,60.367
C:\Users\josep\source\repos\AIOTED-digital\04_joe_lcd_20x32\9_main_dig4_20260911-181228.jpg,9,9,0.999948,0.000000,0.000000,0.000000,0.000000,0.000052,0.000000,0.000000,0.000000,0.000000,0.999948,0.000000,4,20260911-181228,kwh,60.929
C:\Users\josep\source\repos\AIOTED-digital\04_joe_lcd_20x32\9_main_dig4_20260911-182028.jpg,9,9,0.999914,0.000000,0.000000,0.000000,0.000000,0.000085,0.000000,0.000000,0.000000,0.000000,0.999914,0.000000,4,20260911-182028,kwh,61.882
C:\Users\josep\source\repos\AIOTED-digital\04_joe_lcd_20x32\9_main_dig4_20260911-183228.jpg,9,9,0.999934,0.000000,0.000000,0.000000,0.000000,0.000066,0.000000,0.000000,0.000000,0.000000,0.999934,0.000000,4,20260911-183228,kwh,60.489
C:\Users\josep\source\repos\AIOTED-digital\04_joe_lcd_20x32\9_main_dig4_20260911-184028.jpg,9,9,0.999957,0.000000,0.000000,0.000000,0.000000,0.000042,0.000000,0.000000,0.000000,0.000000,0.999957,0.000000,4,20260911-184028,kwh,61.066
C:\Users\josep\source\repos\AIOTED-digital\04_joe_lcd_20x32\9_main_dig4_20260911-191228.jpg,9,9,0.999940,0.000000,0.000000,0.000000,0.000000,0.000059,0.000000,0.000000,0.000000,0.000000,0.999940,0.000000,4,20260911-191228,kwh,63.393
C:\Users\josep\source\repos\AIOTED-digital\04_joe_lcd_20x32\9_main_dig5_20260906-000657.jpg,9,9,0.996254,0.000002,0.000000,0.000000,0.000000,0.003592,0.000147,0.000000,0.000000,0.000005,0.996254,0.000000,5,20260906-000657,kwh,58.015
C:\Users\josep\source\repos\AIOTED-digital\04_joe_lcd_20x32\9_main_dig5_20260906-011856.jpg,9,9,0.992127,0.000002,0.000000,0.000000,0.000000,0.007515,0.000352,0.000000,0.000000,0.000004,0.992127,0.000000,5,20260906-011856,kwh,59.284
C:\Users\josep\source\repos\AIOTED-digital\04_joe_lcd_20x32\9_main_dig5_20260906-022656.jpg,9,9,0.997355,0.000003,0.000000,0.000000,0.000000,0.002528,0.000102,0.000000,0.000000,0.000012,0.997355,0.000000,5,20260906-022656,kwh,57.339
C:\Users\josep\source\repos\AIOTED-digital\04_joe_lcd_20x32\9_main_dig5_20260906-025456.jpg,9,9,0.983359,0.002132,0.000000,0.000000,0.000000,0.006683,0.000358,0.000001,0.000000,0.007465,0.983359,0.000000,5,20260906-025456,kwh,56.785
C:\Users\josep\source\repos\AIOTED-digital\04_joe_lcd_20x32\9_main_dig5_20260906-033456.jpg,9,9,0.997310,0.000003,0.000000,0.000000,0.000000,0.002563,0.000119,0.000000,0.000000,0.000005,0.997310,0.000000,5,20260906-033456,kwh,59.523
C:\Users\josep\source\repos\AIOTED-digital\04_joe_lcd_20x32\9_main_dig5_20260906-034656.jpg,9,9,0.994365,0.000009,0.000000,0.000000,0.000000,0.005152,0.000466,0.000000,0.000000,0.000007,0.994365,0.000000,5,20260906-034656,kwh,58.670
C:\Users\josep\source\repos\AIOTED-digital\04_joe_lcd_20x32\9_main_dig5_20260906-051456.jpg,9,9,0.996171,0.000004,0.000000,0.000000,0.000000,0.003684,0.000134,0.000000,0.000000,0.000006,0.996171,0.000000,5,20260906-051456,kwh,58.369
C:\Users\josep\source\repos\AIOTED-digital\04_joe_lcd_20x32\9_main_dig5_20260906-053456.jpg,9,9,0.994597,0.000014,0.000000,0.000000,0.000000,0.004493,0.000868,0.000000,0.000000,0.000029,0.994597,0.000000,5,20260906-053456,kwh,58.819
C:\Users\josep\source\repos\AIOTED-digital\04_joe_lcd_20x32\9_main_dig5_20260906-054656.jpg,9,9,0.991026,0.000004,0.000000,0.000000,0.000000,0.008796,0.000165,0.000000,0.000000,0.000009,0.991026,0.000000,5,20260906-054656,kwh,58.440
C:\Users\josep\source\repos\AIOTED-digital\04_joe_lcd_20x32\9_main_dig5_20260911-152028.jpg,9,9,0.999993,0.000000,0.000000,0.000000,0.000000,0.000003,0.000003,0.000000,0.000000,0.000000,0.999993,0.000000,5,20260911-152028,kwh,65.200
C:\Users\josep\source\repos\AIOTED-digital\04_joe_lcd_20x32\9_main_dig5_20260911-152428.jpg,9,9,0.999996,0.000000,0.000000,0.000000,0.000000,0.000001,0.000003,0.000000,0.000000,0.000000,0.999996,0.000000,5,20260911-152428,kwh,66.121
C:\Users\josep\source\repos\AIOTED-digital\04_joe_lcd_20x32\9_main_dig5_20260911-153228.jpg,9,9,0.999994,0.000000,0.000000,0.000000,0.000000,0.000003,0.000003,0.000000,0.000000,0.000000,0.999994,0.000000,5,20260911-153228,kwh,65.427
C:\Users\josep\source\repos\AIOTED-digital\04_joe_lcd_20x32\9_main_dig5_20260911-154428.jpg,9,9,0.999999,0.000000,0.000000,0.000000,0.000000,0.000000,0.000001,0.000000,0.000000,0.000000,0.999999,0.000000,5,20260911-154428,kwh,63.141
C:\Users\josep\source\repos\AIOTED-digital\04_joe_lcd_20x32\9_main_dig5_20260911-160028.jpg,9,9,0.999998,0.000000,0.000000,0.000000,0.000000,0.000001,0.000000,0.000000,0.000000,0.000000,0.999998,0.000000,5,20260911-160028,kwh,51.163
C:\Users\josep\source\repos\AIOTED-digital\04_joe_lcd_20x32\9_main_dig5_20260911-163228.jpg,9,9,0.999998,0.000000,0.000000,0.000000,0.000000,0.000001,0.000001,0.000000,0.000000,0.000000,0.999998,0.000000,5,20260911-163228,kwh,51.189
C:\Users\josep\source\repos\AIOTED-digital\04_joe_lcd_20x32\9_main_dig5_20260911-165228.jpg,9,9,0.999987,0.000000,0.000000,0.000000,0.000000,0.000011,0.000002,0.000000,0.000000,0.000000,0.999987,0.000000,5,20260911-165228,kwh,51.050
C:\Users\josep\source\repos\AIOTED-digital\04_joe_lcd_20x32\9_main_dig5_20260911-170028.jpg,9,9,0.999983,0.000000,0.000000,0.000000,0.000000,0.000014,0.000003,0.000000,0.000000,0.000000,0.999983,0.000000,5,20260911-170028,kwh,51.251
C:\Users\josep\source\repos\AIOTED-digital\04_joe_lcd_20x32\9_main_dig5_20260911-172028.jpg,9,9,0.999983,0.000000,0.000000,0.000000,0.000000,0.000015,0.000003,0.000000,0.000000,0.000000,0.999983,0.000000,5,20260911-172028,kwh,51.512
C:\Users\josep\source\repos\AIOTED-digital\04_joe_lcd_20x32\9_main_dig5_20260911-175228.jpg,9,9,0.999651,0.000000,0.000000,0.000000,0.000000,0.000333,0.000012,0.000000,0.000000,0.000004,0.999651,0.000000,5,20260911-175228,kwh,51.957
C:\Users\josep\source\repos\AIOTED-digital\04_joe_lcd_20x32\9_main_dig5_20260911-181228.jpg,9,9,0.999824,0.000000,0.000000,0.000000,0.000000,0.000170,0.000003,0.000000,0.000000,0.000003,0.999824,0.000000,5,20260911-181228,kwh,51.174
C:\Users\josep\source\repos\AIOTED-digital\04_joe_lcd_20x32\9_main_dig5_20260911-182028.jpg,9,9,0.999834,0.000000,0.000000,0.000000,0.000000,0.000148,0.000016,0.000000,0.000000,0.000002,0.999834,0.000000,5,20260911-182028,kwh,53.158
C:\Users\josep\source\repos\AIOTED-digital\04_joe_lcd_20x32\9_main_dig5_20260911-183228.jpg,9,9,0.999100,0.000001,0.000000,0.000000,0.000000,0.000872,0.000023,0.000000,0.000000,0.000004,0.999100,0.000000,5,20260911-183228,kwh,53.265
C:\Users\josep\source\repos\AIOTED-digital\04_joe_lcd_20x32\9_main_dig5_20260911-184028.jpg,9,9,0.998109,0.000001,0.000000,0.000000,0.000000,0.001850,0.000035,0.000000,0.000000,0.000005,0.998109,0.000000,5,20260911-184028,kwh,54.421
C:\Users\josep\source\repos\AIOTED-digital\04_joe_lcd_20x32\9_main_dig5_20260911-185228.jpg,9,9,0.995524,0.000004,0.000000,0.000000,0.000000,0.004452,0.000012,0.000000,0.000000,0.000008,0.995524,0.000000,5,20260911-185228,kwh,55.138
C:\Users\josep\source\repos\AIOTED-digital\04_joe_lcd_20x32\9_main_dig5_20260911-190028.jpg,9,9,0.986125,0.000003,0.000000,0.000000,0.000000,0.013756,0.000097,0.000000,0.000000,0.000018,0.986125,0.000000,5,20260911-190028,kwh,57.406
C:\Users\josep\source\repos\AIOTED-digital\04_joe_lcd_20x32\9_main_dig5_20260911-191228.jpg,9,9,0.990101,0.000002,0.000000,0.000000,0.000000,0.009787,0.000104,0.000000,0.000000,0.000006,0.990101,0.000000,5,20260911-191228,kwh,59.864
C:\Users\josep\source\repos\AIOTED-digital\04_joe_lcd_20x32\9_main_dig5_20260915-120936.jpg,9,9,0.999981,0.000000,0.000000,0.000000,0.000000,0.000001,0.000015,0.000000,0.000000,0.000002,0.999981,0.000000,5,20260915-120936,kwh,75.066
C:\Users\josep\source\repos\AIOTED-digital\04_joe_lcd_20x32\9_main_dig5_20260915-121736.jpg,9,9,0.999997,0.000000,0.000000,0.000000,0.000000,0.000000,0.000002,0.000000,0.000000,0.000000,0.999997,0.000000,5,20260915-121736,kwh,78.249
C:\Users\josep\source\repos\AIOTED-digital\04_joe_lcd_20x32\9_main_dig5_20260915-122936.jpg,9,9,0.999995,0.000000,0.000000,0.000000,0.000000,0.000001,0.000004,0.000000,0.000000,0.000000,0.999995,0.000000,5,20260915-122936,kwh,69.124
C:\Users\josep\source\repos\AIOTED-digital\04_joe_lcd_20x32\9_main_dig5_20260915-135736.jpg,9,9,0.999999,0.000000,0.000000,0.000000,0.000000,0.000000,0.000000,0.000000,0.000000,0.000001,0.999999,0.000000,5,20260915-135736,kwh,59.026
C:\Users\josep\source\repos\AIOTED-digital\04_joe_lcd_20x32\9_main_dig5_20260915-144536.jpg,9,9,0.999999,0.000000,0.000000,0.000000,0.000000,0.000000,0.000000,0.000000,0.000000,0.000000,0.999999,0.000000,5,20260915-144536,kwh,65.839
C:\Users\josep\source\repos\AIOTED-digital\04_joe_lcd_20x32\9_main_dig5_20260915-153736.jpg,9,9,0.999985,0.000000,0.000000,0.000000,0.000000,0.000004,0.000007,0.000000,0.000000,0.000004,0.999985,0.000000,5,20260915-153736,kwh,53.076
C:\Users\josep\source\repos\AIOTED-digital\04_joe_lcd_20x32\9_main_dig5_20260915-162536.jpg,9,9,0.999995,0.000000,0.000000,0.000000,0.000000,0.000003,0.000001,0.000000,0.000000,0.000001,0.999995,0.000000,5,20260915-162536,kwh,47.881
C:\Users\josep\source\repos\AIOTED-digital\04_joe_lcd_20x32\9_main_dig5_20260915-171736.jpg,9,9,0.999956,0.000000,0.000000,0.000000,0.000000,0.000041,0.000002,0.000000,0.000000,0.000001,0.999956,0.000000,5,20260915-171736,kwh,49.035
C:\Users\josep\source\repos\AIOTED-digital\04_joe_lcd_20x32\9_main_dig5_20260915-172536.jpg,9,9,0.999975,0.000000,0.000000,0.000000,0.000000,0.000021,0.000003,0.000000,0.000000,0.000001,0.999975,0.000000,5,20260915-172536,kwh,49.060
C:\Users\josep\source\repos\AIOTED-digital\04_joe_lcd_20x32\9_main_dig5_20260915-173736.jpg,9,9,0.999953,0.000000,0.000000,0.000000,0.000000,0.000043,0.000003,0.000000,0.000000,0.000001,0.999953,0.000000,5,20260915-173736,kwh,49.847
C:\Users\josep\source\repos\AIOTED-digital\04_joe_lcd_20x32\9_main_dig6_20260802-111044.jpg,9,9,0.999999,0.000000,0.000000,0.000000,0.000000,0.000000,0.000001,0.000000,0.000000,0.000000,0.999999,0.000000,6,20260802-111044,kwh,64.715
C:\Users\josep\source\repos\AIOTED-digital\04_joe_lcd_20x32\9_main_dig6_20260802-121044.jpg,9,9,0.999989,0.000000,0.000000,0.000000,0.000000,0.000000,0.000008,0.000000,0.000000,0.000002,0.999989,0.000000,6,20260802-121044,kwh,95.964
C:\Users\josep\source\repos\AIOTED-digital\04_joe_lcd_20x32\9_main_dig6_20260802-125444.jpg,9,9,0.999937,0.000000,0.000000,0.000000,0.000000,0.000061,0.000001,0.000000,0.000000,0.000001,0.999937,0.000000,6,20260802-125444,kwh,99.377
C:\Users\josep\source\repos\AIOTED-digital\04_joe_lcd_20x32\9_main_dig6_20260802-141044.jpg,9,9,0.999834,0.000000,0.000000,0.000000,0.000000,0.000165,0.000001,0.000000,0.000000,0.000000,0.999834,0.000000,6,20260802-141044,kwh,121.589
C:\Users\josep\source\repos\AIOTED-digital\04_joe_lcd_20x32\9_main_dig6_20260802-172010.jpg,9,9,0.999886,0.000000,0.000000,0.000000,0.000000,0.000113,0.000001,0.000000,0.000000,0.000000,0.999886,0.000000,6,20260802-172010,kwh,77.082
C:\Users\josep\source\repos\AIOTED-digital\04_joe_lcd_20x32\9_main_dig6_20260807-000413.jpg,9,9,0.930488,0.058716,0.000000,0.000000,0.000001,0.000247,0.001035,0.000004,0.000026,0.009480,0.930488,0.000002,6,20260807-000413,blank09,32.072
C:\Users\josep\source\repos\AIOTED-digital\04_joe_lcd_20x32\9_main_dig6_20260807-002413.jpg,9,9,0.977213,0.017170,0.000001,0.000000,0.000002,0.000417,0.001701,0.000003,0.000025,0.003466,0.977213,0.000002,6,20260807-002413,blank09,32.389
C:\Users\josep\source\repos\AIOTED-digital\04_joe_lcd_20x32\9_main_dig6_20260807-004413.jpg,9,9,0.944010,0.037007,0.000003,0.000001,0.000007,0.000954,0.002899,0.000023,0.000052,0.015035,0.944010,0.000008,6,20260807-004413,blank09,31.222
C:\Users\josep\source\repos\AIOTED-digital\04_joe_lcd_20x32\9_main_dig6_20260807-010413.jpg,9,9,0.979608,0.015918,0.000000,0.000000,0.000000,0.000144,0.000482,0.000001,0.000004,0.003842,0.979608,0.000001,6,20260807-010413,blank09,32.054
C:\Users\josep\source\repos\AIOTED-digital\04_joe_lcd_20x32\9_main_dig6_20260807-012413.jpg,9,9,0.931893,0.056497,0.000001,0.000000,0.000002,0.000395,0.000907,0.000004,0.000052,0.010244,0.931893,0.000004,6,20260807-012413,blank09,32.499
C:\Users\josep\source\repos\AIOTED-digital\04_joe_lcd_20x32\9_main_dig6_20260807-014413.jpg,9,9,0.952895,0.033245,0.000001,0.000000,0.000004,0.000518,0.000948,0.000006,0.000031,0.012345,0.952895,0.000006,6,20260807-014413,blank09,32.350
C:\Users\josep\source\repos\AIOTED-digital\04_joe_lcd_20x32\9_main_dig6_20260807-020413.jpg,9,9,0.955861,0.037420,0.000001,0.000000,0.000001,0.000252,0.001137,0.000002,0.000025,0.005300,0.955861,0.000001,6,20260807-020413,blank09,31.747
C:\Users\josep\source\repos\AIOTED-digital\04_joe_lcd_20x32\9_main_dig6_20260807-022413.jpg,9,9,0.975892,0.015122,0.000000,0.000000,0.000002,0.000351,0.000781,0.000004,0.000013,0.007829,0.975892,0.000004,6,20260807-022413,blank09,32.134
C:\Users\josep\source\repos\AIOTED-digital\04_joe_lcd_20x32\9_main_dig6_20260807-032413.jpg,9,9,0.956362,0.038037,0.000001,0.000000,0.000001,0.000242,0.001324,0.000002,0.000030,0.003999,0.956362,0.000002,6,20260807-032413,blank09,32.232
C:\Users\josep\source\repos\AIOTED-digital\04_joe_lcd_20x32\9_main_dig6_20260807-054013.jpg,9,9,0.995224,0.002513,0.000000,0.000000,0.000000,0.000025,0.000043,0.000000,0.000003,0.002192,0.995224,0.000000,6,20260807-054013,kwh,29.750
C:\Users\josep\source\repos\AIOTED-digital\04_joe_lcd_20x32\9_main_dig6_20260807-055613.jpg,9,9,0.999132,0.000445,0.000000,0.000000,0.000000,0.000034,0.000003,0.000000,0.000001,0.000384,0.999132,0.000000,6,20260807-055613,kwh,26.976
C:\Users\josep\source\repos\AIOTED-digital\04_joe_lcd_20x32\9_main_dig6_20260807-060813.jpg,9,9,0.999873,0.000020,0.000000,0.000000,0.000000,0.000011,0.000002,0.000000,0.000000,0.000094,0.999873,0.000000,6,20260807-060813,kwh,25.990
C:\Users\josep\source\repos\AIOTED-digital\04_joe_lcd_20x32\9_main_dig6_20260807-061613.jpg,9,9,0.999964,0.000019,0.000000,0.000000,0.000000,0.000001,0.000000,0.000000,0.000000,0.000016,0.999964,0.000000,6,20260807-061613,kwh,28.498
C:\Users\josep\source\repos\AIOTED-digital\04_joe_lcd_20x32\9_main_dig6_20260807-062813.jpg,9,9,0.999979,0.000001,0.000000,0.000000,0.000000,0.000001,0.000000,0.000000,0.000000,0.000018,0.999979,0.000000,6,20260807-062813,kwh,30.100
C:\Users\josep\source\repos\AIOTED-digital\04_joe_lcd_20x32\9_main_dig6_20260807-063613.jpg,9,9,0.999988,0.000000,0.000000,0.000000,0.000000,0.000003,0.000000,0.000000,0.000000,0.000009,0.999988,0.000000,6,20260807-063613,kwh,31.793
C:\Users\josep\source\repos\AIOTED-digital\04_joe_lcd_20x32\9_main_dig6_20260807-065213.jpg,9,9,0.999989,0.000000,0.000000,0.000000,0.000000,0.000000,0.000000,0.000000,0.000000,0.000010,0.999989,0.000000,6,20260807-065213,kwh,35.351
C:\Users\josep\source\repos\AIOTED-digital\04_joe_lcd_20x32\9_main_dig6_20260807-071213.jpg,9,9,0.999985,0.000000,0.000000,0.000000,0.000000,0.000000,0.000000,0.000000,0.000000,0.000015,0.999985,0.000000,6,20260807-071213,kwh,44.925
C:\Users\josep\source\repos\AIOTED-digital\04_joe_lcd_20x32\9_main_dig6_20260807-085213.jpg,9,9,0.999760,0.000000,0.000000,0.000000,0.000000,0.000000,0.000000,0.000000,0.000000,0.000240,0.999760,0.000000,6,20260807-085213,kwh,52.895
C:\Users\josep\source\repos\AIOTED-digital\04_joe_lcd_20x32\9_main_dig6_20260819-065356.jpg,9,9,0.999964,0.000000,0.000000,0.000000,0.000000,0.000000,0.000000,0.000000,0.000000,0.000035,0.999964,0.000000,6,20260819-065356,kwh,34.904
C:\Users\josep\source\repos\AIOTED-digital\04_joe_lcd_20x32\9_main_dig6_20260906-063056.jpg,9,9,0.987713,0.002059,0.000000,0.000000,0.000001,0.001380,0.000407,0.000001,0.000002,0.008437,0.987713,0.000000,6,20260906-063056,blank09,22.271
C:\Users\josep\source\repos\AIOTED-digital\04_joe_lcd_20x32\9_main_dig6_20260906-130725.jpg,9,9,0.999832,0.000001,0.000000,0.000000,0.000001,0.000033,0.000008,0.000000,0.000000,0.000125,0.999832,0.000000,6,20260906-130725,kwh,72.097
C:\Users\josep\source\repos\AIOTED-digital\04_joe_lcd_20x32\9_main_dig6_20260906-172325.jpg,9,9,0.999608,0.000000,0.000000,0.000000,0.000001,0.000185,0.000045,0.000000,0.000000,0.000162,0.999608,0.000000,6,20260906-172325,kwh,37.806
C:\Users\josep\source\repos\AIOTED-digital\04_joe_lcd_20x32\9_main_dig6_20260906-193524.jpg,9,9,0.824075,0.047332,0.000066,0.000001,0.000061,0.010667,0.053099,0.001221,0.000150,0.063318,0.824075,0.000010,6,20260906-193524,kwh,25.798
C:\Users\josep\source\repos\AIOTED-digital\04_joe_lcd_20x32\9_main_dig6_20260907-011124.jpg,9,9,0.718951,0.035736,0.000061,0.000002,0.000080,0.013168,0.156953,0.004432,0.000120,0.070483,0.718951,0.000013,6,20260907-011124,kwh,27.134
C:\Users\josep\source\repos\AIOTED-digital\04_joe_lcd_20x32\9_main_dig6_20260907-151523.jpg,9,9,0.999990,0.000000,0.000000,0.000000,0.000000,0.000004,0.000001,0.000000,0.000000,0.000004,0.999990,0.000000,6,20260907-151523,kwh,70.236
C:\Users\josep\source\repos\AIOTED-digital\04_joe_lcd_20x32\9_main_dig6_20260907-182323.jpg,9,9,0.999850,0.000001,0.000000,0.000000,0.000000,0.000032,0.000015,0.000000,0.000000,0.000103,0.999850,0.000000,6,20260907-182323,kwh,31.828
C:\Users\josep\source\repos\AIOTED-digital\04_joe_lcd_20x32\9_main_dig6_20260907-183523.jpg,9,9,0.999570,0.000003,0.000000,0.000000,0.000000,0.000053,0.000011,0.000000,0.000000,0.000364,0.999570,0.000000,6,20260907-183523,kwh,28.593
C:\Users\josep\source\repos\AIOTED-digital\04_joe_lcd_20x32\9_main_dig6_20260907-185523.jpg,9,9,0.996433,0.000409,0.000000,0.000000,0.000000,0.001001,0.000153,0.000000,0.000000,0.002004,0.996433,0.000000,6,20260907-185523,kwh,24.737
C:\Users\josep\source\repos\AIOTED-digital\04_joe_lcd_20x32\9_main_dig6_20260911-000800.jpg,9,9,0.740297,0.007126,0.000181,0.000002,0.000300,0.050728,0.165106,0.002664,0.000181,0.033370,0.740297,0.000044,6,20260911-000800,kwh,26.798
C:\Users\josep\source\repos\AIOTED-digital\04_joe_lcd_20x32\9_main_dig6_20260911-033200.jpg,9,9,0.675197,0.037047,0.000340,0.000017,0.001149,0.014869,0.110671,0.007125,0.000825,0.152728,0.675197,0.000033,6,20260911-033200,kwh,27.858
C:\Users\josep\source\repos\AIOTED-digital\04_joe_lcd_20x32\9_main_dig6_20260911-151228.jpg,9,9,0.999808,0.000000,0.000000,0.000000,0.000002,0.000043,0.000073,0.000000,0.000000,0.000074,0.999808,0.000000,6,20260911-151228,kwh,71.171
C:\Users\josep\source\repos\AIOTED-digital\04_joe_lcd_20x32\9_main_dig6_20260911-185628.jpg,9,9,0.965267,0.003552,0.000000,0.000000,0.000010,0.000684,0.006021,0.000031,0.000009,0.024427,0.965267,0.000000,6,20260911-185628,kwh,24.300
C:\Users\josep\source\repos\AIOTED-digital\04_joe_lcd_20x32\9_main_dig6_20260915-000937.jpg,9,9,0.835051,0.035971,0.000246,0.000012,0.000996,0.007383,0.039047,0.001226,0.001161,0.078887,0.835051,0.000019,6,20260915-000937,kwh,26.401
C:\Users\josep\source\repos\AIOTED-digital\04_joe_lcd_20x32\9_main_dig6_20260915-123336.jpg,9,9,0.998999,0.000003,0.000000,0.000000,0.000011,0.000012,0.000014,0.000000,0.000000,0.000961,0.998999,0.000000,6,20260915-123336,kwh,83.452
C:\Users\josep\source\repos\AIOTED-digital\04_joe_lcd_20x32\9_main_dig6_20260915-174136.jpg,9,9,0.997970,0.000148,0.000000,0.000000,0.000001,0.000087,0.000232,0.000000,0.000001,0.001561,0.997970,0.000000,6,20260915-174136,blank09,35.123
C:\Users\josep\source\repos\AIOTED-digital\04_joe_lcd_20x32\9_main_dig6_20260915-234934.jpg,9,9,0.726277,0.029165,0.000117,0.000038,0.001830,0.007265,0.030229,0.002333,0.000664,0.202057,0.726277,0.000025,6,20260915-234934,kwh,26.854
C:\Users\josep\source\repos\AIOTED-digital\04_joe_lcd_20x32\9_main_dig6_20260928-131841.jpg,9,9,0.999867,0.000000,0.000000,0.000000,0.000001,0.000005,0.000004,0.000000,0.000000,0.000123,0.999867,0.000000,6,20260928-131841,kwh,68.976
C:\Users\josep\source\repos\AIOTED-digital\04_joe_lcd_20x32\9_main_dig6_20260928-220240.jpg,9,9,0.818776,0.051307,0.000798,0.000009,0.000812,0.016215,0.059184,0.001152,0.002249,0.049466,0.818776,0.000032,6,20260928-220240,kwh,25.195
C:\Users\josep\source\repos\AIOTED-digital\04_joe_lcd_20x32\N_main_dig2_20260802-103044.jpg,N,N,1.000000,0.000000,0.000000,0.000000,0.000000,0.000000,0.000000,0.000000,0.000000,0.000000,0.000000,1.000000,2,20260802-103044,blank09,43.885
C:\Users\josep\source\repos\AIOTED-digital\04_joe_lcd_20x32\N_main_dig2_20260802-213210.jpg,N,N,0.999999,0.000000,0.000000,0.000000,0.000000,0.000000,0.000001,0.000000,0.000000,0.000000,0.000000,0.999999,2,20260802-213210,blank09,143.727
C:\Users\josep\source\repos\AIOTED-digital\04_joe_lcd_20x32\N_main_dig2_20260802-233210.jpg,N,N,1.000000,0.000000,0.000000,0.000000,0.000000,0.000000,0.000000,0.000000,0.000000,0.000000,0.000000,1.000000,2,20260802-233210,blank09,143.200
C:\Users\josep\source\repos\AIOTED-digital\04_joe_lcd_20x32\N_main_dig2_20260807-000413.jpg,N,N,0.999996,0.000000,0.000000,0.000004,0.000000,0.000000,0.000000,0.000000,0.000000,0.000000,0.000000,0.999996,2,20260807-000413,blank09,107.228
C:\Users\josep\source\repos\AIOTED-digital\04_joe_lcd_20x32\N_main_dig2_20260807-002413.jpg,N,N,0.999996,0.000000,0.000000,0.000004,0.000000,0.000000,0.000000,0.000000,0.000000,0.000000,0.000000,0.999996,2,20260807-002413,blank09,108.200
C:\Users\josep\source\repos\AIOTED-digital\04_joe_lcd_20x32\N_main_dig2_20260807-004413.jpg,N,N,0.999994,0.000000,0.000000,0.000006,0.000000,0.000000,0.000000,0.000000,0.000000,0.000000,0.000000,0.999994,2,20260807-004413,blank09,108.219
C:\Users\josep\source\repos\AIOTED-digital\04_joe_lcd_20x32\N_main_dig2_20260807-010413.jpg,N,N,0.999995,0.000000,0.000000,0.000005,0.000000,0.000000,0.000000,0.000000,0.000000,0.000000,0.000000,0.999995,2,20260807-010413,blank09,106.120
C:\Users\josep\source\repos\AIOTED-digital\04_joe_lcd_20x32\N_main_dig2_20260807-012413.jpg,N,N,0.999999,0.000000,0.000000,0.000001,0.000000,0.000000,0.000000,0.000000,0.000000,0.000000,0.000000,0.999999,2,20260807-012413,blank09,107.066
C:\Users\josep\source\repos\AIOTED-digital\04_joe_lcd_20x32\N_main_dig2_20260807-014413.jpg,N,N,0.999999,0.000000,0.000000,0.000001,0.000000,0.000000,0.000000,0.000000,0.000000,0.000000,0.000000,0.999999,2,20260807-014413,blank09,107.946
C:\Users\josep\source\repos\AIOTED-digital\04_joe_lcd_20x32\N_main_dig2_20260807-020413.jpg,N,N,0.999993,0.000000,0.000000,0.000006,0.000000,0.000000,0.000000,0.000000,0.000000,0.000000,0.000000,0.999993,2,20260807-020413,blank09,106.289
C:\Users\josep\source\repos\AIOTED-digital\04_joe_lcd_20x32\N_main_dig2_20260807-022413.jpg,N,N,0.999998,0.000000,0.000000,0.000002,0.000000,0.000000,0.000000,0.000000,0.000000,0.000000,0.000000,0.999998,2,20260807-022413,blank09,107.647
C:\Users\josep\source\repos\AIOTED-digital\04_joe_lcd_20x32\N_main_dig2_20260807-032413.jpg,N,N,0.999999,0.000000,0.000000,0.000001,0.000000,0.000000,0.000000,0.000000,0.000000,0.000000,0.000000,0.999999,2,20260807-032413,blank09,105.727
C:\Users\josep\source\repos\AIOTED-digital\04_joe_lcd_20x32\N_main_dig2_20260819-191755.jpg,N,N,1.000000,0.000000,0.000000,0.000000,0.000000,0.000000,0.000000,0.000000,0.000000,0.000000,0.000000,1.000000,2,20260819-191755,blank09,97.857
C:\Users\josep\source\repos\AIOTED-digital\04_joe_lcd_20x32\N_main_dig2_20260819-193755.jpg,N,N,0.999999,0.000000,0.000000,0.000000,0.000000,0.000000,0.000001,0.000000,0.000000,0.000000,0.000000,0.999999,2,20260819-193755,blank09,98.966
C:\Users\josep\source\repos\AIOTED-digital\04_joe_lcd_20x32\N_main_dig2_20260827-063342.jpg,N,N,1.000000,0.000000,0.000000,0.000000,0.000000,0.000000,0.000000,0.000000,0.000000,0.000000,0.000000,1.000000,2,20260827-063342,blank09,92.748
C:\Users\josep\source\repos\AIOTED-digital\04_joe_lcd_20x32\N_main_dig2_20260827-170141.jpg,N,N,1.000000,0.000000,0.000000,0.000000,0.000000,0.000000,0.000000,0.000000,0.000000,0.000000,0.000000,1.000000,2,20260827-170141,blank09,72.414
C:\Users\josep\source\repos\AIOTED-digital\04_joe_lcd_20x32\N_main_dig2_20260906-065056.jpg,N,N,1.000000,0.000000,0.000000,0.000000,0.000000,0.000000,0.000000,0.000000,0.000000,0.000000,0.000000,1.000000,2,20260906-065056,blank09,97.340
C:\Users\josep\source\repos\AIOTED-digital\04_joe_lcd_20x32\N_main_dig2_20260906-122725.jpg,N,N,1.000000,0.000000,0.000000,0.000000,0.000000,0.000000,0.000000,0.000000,0.000000,0.000000,0.000000,1.000000,2,20260906-122725,blank09,51.258
C:\Users\josep\source\repos\AIOTED-digital\04_joe_lcd_20x32\N_main_dig2_20260906-211524.jpg,N,N,1.000000,0.000000,0.000000,0.000000,0.000000,0.000000,0.000000,0.000000,0.000000,0.000000,0.000000,1.000000,2,20260906-211524,blank09,96.678
C:\Users\josep\source\repos\AIOTED-digital\04_joe_lcd_20x32\N_main_dig2_20260907-072324.jpg,N,N,1.000000,0.000000,0.000000,0.000000,0.000000,0.000000,0.000000,0.000000,0.000000,0.000000,0.000000,1.000000,2,20260907-072324,blank09,87.901
C:\Users\josep\source\repos\AIOTED-digital\04_joe_lcd_20x32\N_main_dig2_20260907-123123.jpg,N,N,0.999999,0.000000,0.000000,0.000000,0.000000,0.000000,0.000001,0.000000,0.000000,0.000000,0.000000,0.999999,2,20260907-123123,blank09,43.716
C:\Users\josep\source\repos\AIOTED-digital\04_joe_lcd_20x32\N_main_dig2_20260907-205923.jpg,N,N,1.000000,0.000000,0.000000,0.000000,0.000000,0.000000,0.000000,0.000000,0.000000,0.000000,0.000000,1.000000,2,20260907-205923,blank09,96.252
C:\Users\josep\source\repos\AIOTED-digital\04_joe_lcd_20x32\N_main_dig2_20260911-092829.jpg,N,N,0.999999,0.000000,0.000000,0.000000,0.000000,0.000000,0.000001,0.000000,0.000000,0.000000,0.000000,0.999999,2,20260911-092829,blank09,54.943
C:\Users\josep\source\repos\AIOTED-digital\04_joe_lcd_20x32\N_main_dig2_20260911-173628.jpg,N,N,1.000000,0.000000,0.000000,0.000000,0.000000,0.000000,0.000000,0.000000,0.000000,0.000000,0.000000,1.000000,2,20260911-173628,blank09,86.665
C:\Users\josep\source\repos\AIOTED-digital\04_joe_lcd_20x32\N_main_dig2_20260911-191628.jpg,N,N,1.000000,0.000000,0.000000,0.000000,0.000000,0.000000,0.000000,0.000000,0.000000,0.000000,0.000000,1.000000,2,20260911-191628,blank09,97.131
C:\Users\josep\source\repos\AIOTED-digital\04_joe_lcd_20x32\N_main_dig2_20260915-083336.jpg,N,N,1.000000,0.000000,0.000000,0.000000,0.000000,0.000000,0.000000,0.000000,0.000000,0.000000,0.000000,1.000000,2,20260915-083336,blank09,91.239
C:\Users\josep\source\repos\AIOTED-digital\04_joe_lcd_20x32\N_main_dig2_20260915-121336.jpg,N,N,0.999999,0.000000,0.000000,0.000000,0.000000,0.000000,0.000000,0.000000,0.000000,0.000000,0.000000,0.999999,2,20260915-121336,blank09,47.577
C:\Users\josep\source\repos\AIOTED-digital\04_joe_lcd_20x32\N_main_dig2_20260915-192136.jpg,N,N,1.000000,0.000000,0.000000,0.000000,0.000000,0.000000,0.000000,0.000000,0.000000,0.000000,0.000000,1.000000,2,20260915-192136,blank09,95.908
C:\Users\josep\source\repos\AIOTED-digital\04_joe_lcd_20x32\N_main_dig2_20260928-081841.jpg,N,N,0.999932,0.000000,0.000000,0.000001,0.000007,0.000000,0.000053,0.000001,0.000000,0.000001,0.000006,0.999932,2,20260928-081841,blank09,64.252
C:\Users\josep\source\repos\AIOTED-digital\04_joe_lcd_20x32\N_main_dig2_20260928-093841.jpg,N,N,0.999999,0.000000,0.000000,0.000000,0.000000,0.000000,0.000001,0.000000,0.000000,0.000000,0.000000,0.999999,2,20260928-093841,blank09,51.848
C:\Users\josep\source\repos\AIOTED-digital\04_joe_lcd_20x32\N_main_dig3_20260802-103044.jpg,N,N,1.000000,0.000000,0.000000,0.000000,0.000000,0.000000,0.000000,0.000000,0.000000,0.000000,0.000000,1.000000,3,20260802-103044,blank09,45.956
C:\Users\josep\source\repos\AIOTED-digital\04_joe_lcd_20x32\N_main_dig3_20260802-213210.jpg,N,N,0.999996,0.000000,0.000000,0.000000,0.000000,0.000000,0.000002,0.000000,0.000001,0.000000,0.000000,0.999996,3,20260802-213210,blank09,160.744
C:\Users\josep\source\repos\AIOTED-digital\04_joe_lcd_20x32\N_main_dig3_20260802-233210.jpg,N,N,0.999996,0.000000,0.000000,0.000002,0.000000,0.000000,0.000001,0.000000,0.000001,0.000000,0.000000,0.999996,3,20260802-233210,blank09,157.519
C:\Users\josep\source\repos\AIOTED-digital\04_joe_lcd_20x32\N_main_dig3_20260807-000413.jpg,N,N,0.997659,0.000036,0.000000,0.000000,0.000000,0.000002,0.000696,0.000000,0.000078,0.000022,0.001505,0.997659,3,20260807-000413,blank09,117.018
C:\Users\josep\source\repos\AIOTED-digital\04_joe_lcd_20x32\N_main_dig3_20260807-002413.jpg,N,N,0.991132,0.000141,0.000001,0.000000,0.000000,0.000008,0.004562,0.000001,0.000092,0.000074,0.003988,0.991132,3,20260807-002413,blank09,117.223
C:\Users\josep\source\repos\AIOTED-digital\04_joe_lcd_20x32\N_main_dig3_20260807-004413.jpg,N,N,0.994143,0.000030,0.000000,0.000000,0.000000,0.000008,0.003901,0.000001,0.000036,0.000034,0.001847,0.994143,3,20260807-004413,blank09,116.731
C:\Users\josep\source\repos\AIOTED-digital\04_joe_lcd_20x32\N_main_dig3_20260807-010413.jpg,N,N,0.999308,0.000007,0.000000,0.000000,0.000000,0.000000,0.000531,0.000000,0.000029,0.000005,0.000121,0.999308,3,20260807-010413,blank09,118.028
C:\Users\josep\source\repos\AIOTED-digital\04_joe_lcd_20x32\N_main_dig3_20260807-012413.jpg,N,N,0.998729,0.000017,0.000000,0.000000,0.000000,0.000003,0.000359,0.000000,0.000057,0.000016,0.000818,0.998729,3,20260807-012413,blank09,115.961
C:\Users\josep\source\repos\AIOTED-digital\04_joe_lcd_20x32\N_main_dig3_20260807-014413.jpg,N,N,0.993840,0.000088,0.000002,0.000000,0.000001,0.000019,0.002093,0.000001,0.000130,0.000068,0.003757,0.993840,3,20260807-014413,blank09,116.497
C:\Users\josep\source\repos\AIOTED-digital\04_joe_lcd_20x32\N_main_dig3_20260807-020413.jpg,N,N,0.999278,0.000017,0.000000,0.000000,0.000000,0.000001,0.000350,0.000000,0.000065,0.000008,0.000280,0.999278,3,20260807-020413,blank09,118.001
C:\Users\josep\source\repos\AIOTED-digital\04_joe_lcd_20x32\N_main_dig3_20260807-022413.jpg,N,N,0.995457,0.000041,0.000001,0.000000,0.000000,0.000006,0.002246,0.000000,0.000069,0.000031,0.002148,0.995457,3,20260807-022413,blank09,117.931
C:\Users\josep\source\repos\AIOTED-digital\04_joe_lcd_20x32\N_main_dig3_20260807-032413.jpg,N,N,0.999893,0.000000,0.000000,0.000000,0.000000,0.000000,0.000089,0.000000,0.000001,0.000001,0.000016,0.999893,3,20260807-032413,blank09,118.699
C:\Users\josep\source\repos\AIOTED-digital\04_joe_lcd_20x32\N_main_dig3_20260819-004157.jpg,N,N,0.999116,0.000040,0.000001,0.000002,0.000001,0.000001,0.000412,0.000002,0.000117,0.000053,0.000255,0.999116,3,20260819-004157,blank09,105.112
C:\Users\josep\source\repos\AIOTED-digital\04_joe_lcd_20x32\N_main_dig3_20260819-114956.jpg,N,N,1.000000,0.000000,0.000000,0.000000,0.000000,0.000000,0.000000,0.000000,0.000000,0.000000,0.000000,1.000000,3,20260819-114956,blank09,52.797
C:\Users\josep\source\repos\AIOTED-digital\04_joe_lcd_20x32\N_main_dig3_20260819-171755.jpg,N,N,1.000000,0.000000,0.000000,0.000000,0.000000,0.000000,0.000000,0.000000,0.000000,0.000000,0.000000,1.000000,3,20260819-171755,blank09,94.875
C:\Users\josep\source\repos\AIOTED-digital\04_joe_lcd_20x32\N_main_dig3_20260827-014542.jpg,N,N,0.999715,0.000001,0.000000,0.000000,0.000000,0.000000,0.000137,0.000000,0.000014,0.000001,0.000132,0.999715,3,20260827-014542,blank09,91.229
C:\Users\josep\source\repos\AIOTED-digital\04_joe_lcd_20x32\N_main_dig3_20260827-071341.jpg,N,N,0.999999,0.000000,0.000000,0.000000,0.000000,0.000000,0.000001,0.000000,0.000000,0.000000,0.000000,0.999999,3,20260827-071341,blank09,84.256
C:\Users\josep\source\repos\AIOTED-digital\04_joe_lcd_20x32\N_main_dig3_20260827-091340.jpg,N,N,1.000000,0.000000,0.000000,0.000000,0.000000,0.000000,0.000000,0.000000,0.000000,0.000000,0.000000,1.000000,3,20260827-091340,blank09,60.748
C:\Users\josep\source\repos\AIOTED-digital\04_joe_lcd_20x32\N_main_dig3_20260906-073056.jpg,N,N,0.999999,0.000000,0.000000,0.000000,0.000000,0.000000,0.000000,0.000000,0.000000,0.000000,0.000000,0.999999,3,20260906-073056,blank09,95.854
C:\Users\josep\source\repos\AIOTED-digital\04_joe_lcd_20x32\N_main_dig3_20260906-075056.jpg,N,N,1.000000,0.000000,0.000000,0.000000,0.000000,0.000000,0.000000,0.000000,0.000000,0.000000,0.000000,1.000000,3,20260906-075056,blank09,89.167
C:\Users\josep\source\repos\AIOTED-digital\04_joe_lcd_20x32\N_main_dig3_20260906-203524.jpg,N,N,0.999986,0.000000,0.000000,0.000000,0.000000,0.000000,0.000003,0.000000,0.000008,0.000000,0.000003,0.999986,3,20260906-203524,blank09,102.202
C:\Users\josep\source\repos\AIOTED-digital\04_joe_lcd_20x32\N_main_dig3_20260907-070324.jpg,N,N,0.999999,0.000000,0.000000,0.000000,0.000000,0.000000,0.000001,0.000000,0.000000,0.000000,0.000000,0.999999,3,20260907-070324,blank09,97.036
C:\Users\josep\source\repos\AIOTED-digital\04_joe_lcd_20x32\N_main_dig3_20260907-121123.jpg,N,N,1.000000,0.000000,0.000000,0.000000,0.000000,0.000000,0.000000,0.000000,0.000000,0.000000,0.000000,1.000000,3,20260907-121123,blank09,63.114
C:\Users\josep\source\repos\AIOTED-digital\04_joe_lcd_20x32\N_main_dig3_20260907-201923.jpg,N,N,0.999999,0.000000,0.000000,0.000000,0.000000,0.000000,0.000000,0.000000,0.000000,0.000000,0.000000,0.999999,3,20260907-201923,blank09,100.028
C:\Users\josep\source\repos\AIOTED-digital\04_joe_lcd_20x32\N_main_dig3_20260911-071200.jpg,N,N,1.000000,0.000000,0.000000,0.000000,0.000000,0.000000,0.000000,0.000000,0.000000,0.000000,0.000000,1.000000,3,20260911-071200,blank09,91.086
C:\Users\josep\source\repos\AIOTED-digital\04_joe_lcd_20x32\N_main_dig3_20260911-120829.jpg,N,N,1.000000,0.000000,0.000000,0.000000,0.000000,0.000000,0.000000,0.000000,0.000000,0.000000,0.000000,1.000000,3,20260911-120829,blank09,51.313
C:\Users\josep\source\repos\AIOTED-digital\04_joe_lcd_20x32\N_main_dig3_20260911-163628.jpg,N,9,0.521676,0.010517,0.000000,0.002252,0.000059,0.000052,0.000211,0.000011,0.000730,0.164169,0.521676,0.300322,3,20260911-163628,blank09,84.701
C:\Users\josep\source\repos\AIOTED-digital\04_joe_lcd_20x32\N_main_dig3_20260911-205628.jpg,N,N,0.999975,0.000000,0.000000,0.000001,0.000000,0.000000,0.000005,0.000000,0.000012,0.000000,0.000007,0.999975,3,20260911-205628,blank09,94.659
C:\Users\josep\source\repos\AIOTED-digital\04_joe_lcd_20x32\N_main_dig3_20260915-093336.jpg,N,N,1.000000,0.000000,0.000000,0.000000,0.000000,0.000000,0.000000,0.000000,0.000000,0.000000,0.000000,1.000000,3,20260915-093336,blank09,85.132
C:\Users\josep\source\repos\AIOTED-digital\04_joe_lcd_20x32\N_main_dig3_20260915-121336.jpg,N,N,1.000000,0.000000,0.000000,0.000000,0.000000,0.000000,0.000000,0.000000,0.000000,0.000000,0.000000,1.000000,3,20260915-121336,blank09,49.814
C:\Users\josep\source\repos\AIOTED-digital\04_joe_lcd_20x32\N_main_dig3_20260915-200136.jpg,N,N,0.999999,0.000000,0.000000,0.000000,0.000000,0.000000,0.000000,0.000000,0.000000,0.000000,0.000000,0.999999,3,20260915-200136,blank09,90.839
C:\Users\josep\source\repos\AIOTED-digital\04_joe_lcd_20x32\N_main_dig3_20260928-133841.jpg,N,N,1.000000,0.000000,0.000000,0.000000,0.000000,0.000000,0.000000,0.000000,0.000000,0.000000,0.000000,1.000000,3,20260928-133841,blank09,53.807
C:\Users\josep\source\repos\AIOTED-digital\04_joe_lcd_20x32\N_main_dig3_20260928-182640.jpg,N,N,0.999999,0.000000,0.000000,0.000000,0.000000,0.000000,0.000001,0.000000,0.000000,0.000000,0.000000,0.999999,3,20260928-182640,blank09,91.612
C:\Users\josep\source\repos\AIOTED-digital\04_joe_lcd_20x32\N_main_dig4_20260802-103044.jpg,N,N,1.000000,0.000000,0.000000,0.000000,0.000000,0.000000,0.000000,0.000000,0.000000,0.000000,0.000000,1.000000,4,20260802-103044,blank09,80.726
C:\Users\josep\source\repos\AIOTED-digital\04_joe_lcd_20x32\N_main_dig4_20260802-213210.jpg,N,N,0.997467,0.000001,0.000000,0.000014,0.000051,0.000010,0.001330,0.000010,0.000005,0.000035,0.001077,0.997467,4,20260802-213210,blank09,98.426
C:\Users\josep\source\repos\AIOTED-digital\04_joe_lcd_20x32\N_main_dig4_20260802-233210.jpg,N,N,0.999879,0.000000,0.000000,0.000002,0.000003,0.000000,0.000089,0.000000,0.000000,0.000000,0.000025,0.999879,4,20260802-233210,blank09,95.739
C:\Users\josep\source\repos\AIOTED-digital\04_joe_lcd_20x32\N_main_dig4_20260807-000413.jpg,N,N,1.000000,0.000000,0.000000,0.000000,0.000000,0.000000,0.000000,0.000000,0.000000,0.000000,0.000000,1.000000,4,20260807-000413,blank09,66.805
C:\Users\josep\source\repos\AIOTED-digital\04_joe_lcd_20x32\N_main_dig4_20260807-002413.jpg,N,N,1.000000,0.000000,0.000000,0.000000,0.000000,0.000000,0.000000,0.000000,0.000000,0.000000,0.000000,1.000000,4,20260807-002413,blank09,68.093
C:\Users\josep\source\repos\AIOTED-digital\04_joe_lcd_20x32\N_main_dig4_20260807-004413.jpg,N,N,1.000000,0.000000,0.000000,0.000000,0.000000,0.000000,0.000000,0.000000,0.000000,0.000000,0.000000,1.000000,4,20260807-004413,blank09,68.564
C:\Users\josep\source\repos\AIOTED-digital\04_joe_lcd_20x32\N_main_dig4_20260807-010413.jpg,N,N,1.000000,0.000000,0.000000,0.000000,0.000000,0.000000,0.000000,0.000000,0.000000,0.000000,0.000000,1.000000,4,20260807-010413,blank09,67.602
C:\Users\josep\source\repos\AIOTED-digital\04_joe_lcd_20x32\N_main_dig4_20260807-012413.jpg,N,N,1.000000,0.000000,0.000000,0.000000,0.000000,0.000000,0.000000,0.000000,0.000000,0.000000,0.000000,1.000000,4,20260807-012413,blank09,67.798
C:\Users\josep\source\repos\AIOTED-digital\04_joe_lcd_20x32\N_main_dig4_20260807-014413.jpg,N,N,1.000000,0.000000,0.000000,0.000000,0.000000,0.000000,0.000000,0.000000,0.000000,0.000000,0.000000,1.000000,4,20260807-014413,blank09,67.310
C:\Users\josep\source\repos\AIOTED-digital\04_joe_lcd_20x32\N_main_dig4_20260807-020413.jpg,N,N,1.000000,0.000000,0.000000,0.000000,0.000000,0.000000,0.000000,0.000000,0.000000,0.000000,0.000000,1.000000,4,20260807-020413,blank09,67.731
C:\Users\josep\source\repos\AIOTED-digital\04_joe_lcd_20x32\N_main_dig4_20260807-022413.jpg,N,N,1.000000,0.000000,0.000000,0.000000,0.000000,0.000000,0.000000,0.000000,0.000000,0.000000,0.000000,1.000000,4,20260807-022413,blank09,68.652
C:\Users\josep\source\repos\AIOTED-digital\04_joe_lcd_20x32\N_main_dig4_20260807-032413.jpg,N,N,1.000000,0.000000,0.000000,0.000000,0.000000,0.000000,0.000000,0.000000,0.000000,0.000000,0.000000,1.000000,4,20260807-032413,blank09,69.780
C:\Users\josep\source\repos\AIOTED-digital\04_joe_lcd_20x32\N_main_dig4_20260819-022157.jpg,N,N,1.000000,0.000000,0.000000,0.000000,0.000000,0.000000,0.000000,0.000000,0.000000,0.000000,0.000000,1.000000,4,20260819-022157,blank09,54.279
C:\Users\josep\source\repos\AIOTED-digital\04_joe_lcd_20x32\N_main_dig4_20260819-151756.jpg,N,N,1.000000,0.000000,0.000000,0.000000,0.000000,0.000000,0.000000,0.000000,0.000000,0.000000,0.000000,1.000000,4,20260819-151756,blank09,53.911
C:\Users\josep\source\repos\AIOTED-digital\04_joe_lcd_20x32\N_main_dig4_20260819-185755.jpg,N,N,1.000000,0.000000,0.000000,0.000000,0.000000,0.000000,0.000000,0.000000,0.000000,0.000000,0.000000,1.000000,4,20260819-185755,blank09,48.962
C:\Users\josep\source\repos\AIOTED-digital\04_joe_lcd_20x32\N_main_dig4_20260827-091340.jpg,N,N,1.000000,0.000000,0.000000,0.000000,0.000000,0.000000,0.000000,0.000000,0.000000,0.000000,0.000000,1.000000,4,20260827-091340,blank09,48.680
C:\Users\josep\source\repos\AIOTED-digital\04_joe_lcd_20x32\N_main_dig4_20260827-192141.jpg,N,N,1.000000,0.000000,0.000000,0.000000,0.000000,0.000000,0.000000,0.000000,0.000000,0.000000,0.000000,1.000000,4,20260827-192141,blank09,52.691
C:\Users\josep\source\repos\AIOTED-digital\04_joe_lcd_20x32\N_main_dig4_20260906-061056.jpg,N,N,1.000000,0.000000,0.000000,0.000000,0.000000,0.000000,0.000000,0.000000,0.000000,0.000000,0.000000,1.000000,4,20260906-061056,blank09,50.879
C:\Users\josep\source\repos\AIOTED-digital\04_joe_lcd_20x32\N_main_dig4_20260906-063056.jpg,N,N,1.000000,0.000000,0.000000,0.000000,0.000000,0.000000,0.000000,0.000000,0.000000,0.000000,0.000000,1.000000,4,20260906-063056,blank09,49.830
C:\Users\josep\source\repos\AIOTED-digital\04_joe_lcd_20x32\N_main_dig4_20260906-160725.jpg,N,N,1.000000,0.000000,0.000000,0.000000,0.000000,0.000000,0.000000,0.000000,0.000000,0.000000,0.000000,1.000000,4,20260906-160725,blank09,48.652
C:\Users\josep\source\repos\AIOTED-digital\04_joe_lcd_20x32\N_main_dig4_20260907-070324.jpg,N,N,1.000000,0.000000,0.000000,0.000000,0.000000,0.000000,0.000000,0.000000,0.000000,0.000000,0.000000,1.000000,4,20260907-070324,blank09,49.009
C:\Users\josep\source\repos\AIOTED-digital\04_joe_lcd_20x32\N_main_dig4_20260907-153123.jpg,N,N,1.000000,0.000000,0.000000,0.000000,0.000000,0.000000,0.000000,0.000000,0.000000,0.000000,0.000000,1.000000,4,20260907-153123,blank09,58.560
C:\Users\josep\source\repos\AIOTED-digital\04_joe_lcd_20x32\N_main_dig4_20260911-065200.jpg,N,N,1.000000,0.000000,0.000000,0.000000,0.000000,0.000000,0.000000,0.000000,0.000000,0.000000,0.000000,1.000000,4,20260911-065200,blank09,51.050
C:\Users\josep\source\repos\AIOTED-digital\04_joe_lcd_20x32\N_main_dig4_20260911-124829.jpg,N,N,1.000000,0.000000,0.000000,0.000000,0.000000,0.000000,0.000000,0.000000,0.000000,0.000000,0.000000,1.000000,4,20260911-124829,blank09,73.684
C:\Users\josep\source\repos\AIOTED-digital\04_joe_lcd_20x32\N_main_dig4_20260911-211628.jpg,N,N,1.000000,0.000000,0.000000,0.000000,0.000000,0.000000,0.000000,0.000000,0.000000,0.000000,0.000000,1.000000,4,20260911-211628,blank09,51.703
C:\Users\josep\source\repos\AIOTED-digital\04_joe_lcd_20x32\N_main_dig4_20260915-042537.jpg,N,N,1.000000,0.000000,0.000000,0.000000,0.000000,0.000000,0.000000,0.000000,0.000000,0.000000,0.000000,1.000000,4,20260915-042537,blank09,51.153
C:\Users\josep\source\repos\AIOTED-digital\04_joe_lcd_20x32\N_main_dig4_20260915-111336.jpg,N,N,1.000000,0.000000,0.000000,0.000000,0.000000,0.000000,0.000000,0.000000,0.000000,0.000000,0.000000,1.000000,4,20260915-111336,blank09,59.588
C:\Users\josep\source\repos\AIOTED-digital\04_joe_lcd_20x32\N_main_dig4_20260915-174136.jpg,N,N,1.000000,0.000000,0.000000,0.000000,0.000000,0.000000,0.000000,0.000000,0.000000,0.000000,0.000000,1.000000,4,20260915-174136,blank09,47.309
C:\Users\josep\source\repos\AIOTED-digital\04_joe_lcd_20x32\N_main_dig4_20260928-081841.jpg,N,N,0.997068,0.000000,0.000000,0.000037,0.000036,0.000001,0.000013,0.000000,0.000000,0.000024,0.002822,0.997068,4,20260928-081841,blank09,64.848
C:\Users\josep\source\repos\AIOTED-digital\04_joe_lcd_20x32\N_main_dig4_20260928-182640.jpg,N,N,1.000000,0.000000,0.000000,0.000000,0.000000,0.000000,0.000000,0.000000,0.000000,0.000000,0.000000,1.000000,4,20260928-182640,blank09,53.080
C:\Users\josep\source\repos\AIOTED-digital\04_joe_lcd_20x32\N_main_dig4_20260928-212640.jpg,N,N,1.000000,0.000000,0.000000,0.000000,0.000000,0.000000,0.000000,0.000000,0.000000,0.000000,0.000000,1.000000,4,20260928-212640,blank09,52.937
