path,label,pred,conf,p0,p1,p2,p3,p4,p5,p6,p7,p8,p9,pN,position,frame,screen,contrast
C:\Users\josep\source\repos\AIOTED-digital\04_joe_lcd_20x32\0_main_dig2_20260805-045216.jpg,0,0,0.999926,0.999926,0.000000,0.000000,0.000000,0.000000,0.000000,0.000000,0.000000,0.000074,0.000000,0.000000,2,20260805-045216,zeros,120.803
C:\Users\josep\source\repos\AIOTED-digital\04_joe_lcd_20x32\0_main_dig2_20260827-052142.jpg,0,0,0.999999,0.999999,0.000000,0.000000,0.000000,0.000000,0.000000,0.000000,0.000000,0.000001,0.000000,0.000000,2,20260827-052142,zeros,97.984
C:\Users\josep\source\repos\AIOTED-digital\04_joe_lcd_20x32\0_main_dig2_20260827-172941.jpg,0,0,1.000000,1.000000,0.000000,0.000000,0.000000,0.000000,0.000000,0.000000,0.000000,0.000000,0.000000,0.000000,2,20260827-172941,zeros,85.944
C:\Users\josep\source\repos\AIOTED-digital\04_joe_lcd_20x32\0_main_dig2_20260829-110937.jpg,0,0,1.000000,1.000000,0.000000,0.000000,0.000000,0.000000,0.000000,0.000000,0.000000,0.000000,0.000000,0.000000,2,20260829-110937,zeros,82.638
C:\Users\josep\source\repos\AIOTED-digital\04_joe_lcd_20x32\0_main_dig2_20260829-112937.jpg,0,0,1.000000,1.000000,0.000000,0.000000,0.000000,0.000000,0.000000,0.000000,0.000000,0.000000,0.000000,0.000000,2,20260829-112937,zeros,84.203
C:\Users\josep\source\repos\AIOTED-digital\04_joe_lcd_20x32\0_main_dig2_20260829-130937.jpg,0,0,1.000000,1.000000,0.000000,0.000000,0.000000,0.000000,0.000000,0.000000,0.000000,0.000000,0.000000,0.000000,2,20260829-130937,zeros,83.167
C:\Users\josep\source\repos\AIOTED-digital\04_joe_lcd_20x32\0_main_dig2_20260829-181737.jpg,0,0,0.999999,0.999999,0.000000,0.000000,0.000000,0.000000,0.000000,0.000000,0.000000,0.000001,0.000000,0.000000,2,20260829-181737,zeros,92.829
C:\Users\josep\source\repos\AIOTED-digital\04_joe_lcd_20x32\0_main_dig2_20260829-205737.jpg,0,0,0.999994,0.999994,0.000000,0.000000,0.000000,0.000000,0.000000,0.000000,0.000000,0.000006,0.000000,0.000000,2,20260829-205737,zeros,96.913
C:\Users\josep\source\repos\AIOTED-digital\04_joe_lcd_20x32\0_main_dig2_20260830-064536.jpg,0,0,0.999998,0.999998,0.000000,0.000000,0.000000,0.000000,0.000000,0.000000,0.000000,0.000002,0.000000,0.000000,2,20260830-064536,zeros,92.902
C:\Users\josep\source\repos\AIOTED-digital\04_joe_lcd_20x32\0_main_dig2_20260830-135335.jpg,0,0,1.000000,1.000000,0.000000,0.000000,0.000000,0.000000,0.000000,0.000000,0.000000,0.000000,0.000000,0.000000,2,20260830-135335,zeros,81.012
C:\Users\josep\source\repos\AIOTED-digital\04_joe_lcd_20x32\0_main_dig2_20260830-174135.jpg,0,0,1.000000,1.000000,0.000000,0.000000,0.000000,0.000000,0.000000,0.000000,0.000000,0.000000,0.000000,0.000000,2,20260830-174135,zeros,87.982
C:\Users\josep\source\repos\AIOTED-digital\04_joe_lcd_20x32\0_main_dig2_20260831-002135.jpg,0,0,1.000000,1.000000,0.000000,0.000000,0.000000,0.000000,0.000000,0.000000,0.000000,0.000000,0.000000,0.000000,2,20260831-002135,zeros,97.415
C:\Users\josep\source\repos\AIOTED-digital\04_joe_lcd_20x32\0_main_dig2_20260831-070934.jpg,0,0,0.999999,0.999999,0.000000,0.000000,0.000000,0.000000,0.000000,0.000000,0.000000,0.000001,0.000000,0.000000,2,20260831-070934,zeros,90.771
C:\Users\josep\source\repos\AIOTED-digital\04_joe_lcd_20x32\0_main_dig2_20260831-163733.jpg,0,0,1.000000,1.000000,0.000000,0.000000,0.000000,0.000000,0.000000,0.000000,0.000000,0.000000,0.000000,0.000000,2,20260831-163733,zeros,84.256
C:\Users\josep\source\repos\AIOTED-digital\04_joe_lcd_20x32\0_main_dig2_20260902-101910.jpg,0,0,1.000000,1.000000,0.000000,0.000000,0.000000,0.000000,0.000000,0.000000,0.000000,0.000000,0.000000,0.000000,2,20260902-101910,zeros,84.648
C:\Users\josep\source\repos\AIOTED-digital\04_joe_lcd_20x32\0_main_dig2_20260902-164709.jpg,0,0,1.000000,1.000000,0.000000,0.000000,0.000000,0.000000,0.000000,0.000000,0.000000,0.000000,0.000000,0.000000,2,20260902-164709,zeros,84.952
C:\Users\josep\source\repos\AIOTED-digital\04_joe_lcd_20x32\0_main_dig2_20260902-190709.jpg,0,0,0.999999,0.999999,0.000000,0.000000,0.000000,0.000000,0.000000,0.000000,0.000000,0.000001,0.000000,0.000000,2,20260902-190709,zeros,97.891
C:\Users\josep\source\repos\AIOTED-digital\04_joe_lcd_20x32\0_main_dig2_20260905-041458.jpg,0,0,0.960228,0.960228,0.000000,0.000000,0.000000,0.000000,0.000000,0.000000,0.000000,0.039772,0.000000,0.000000,2,20260905-041458,zeros,95.111
C:\Users\josep\source\repos\AIOTED-digital\04_joe_lcd_20x32\0_main_dig2_20260905-081458.jpg,0,0,0.999996,0.999996,0.000000,0.000000,0.000000,0.000000,0.000000,0.000000,0.000000,0.000004,0.000000,0.000000,2,20260905-081458,zeros,87.910
C:\Users\josep\source\repos\AIOTED-digital\04_joe_lcd_20x32\0_main_dig2_20260905-113457.jpg,0,0,0.999977,0.999977,0.000000,0.000000,0.000000,0.000000,0.000000,0.000000,0.000000,0.000023,0.000000,0.000000,2,20260905-113457,zeros,78.647
C:\Users\josep\source\repos\AIOTED-digital\04_joe_lcd_20x32\0_main_dig2_20260905-152257.jpg,0,0,1.000000,1.000000,0.000000,0.000000,0.000000,0.000000,0.000000,0.000000,0.000000,0.000000,0.000000,0.000000,2,20260905-152257,zeros,91.663
C:\Users\josep\source\repos\AIOTED-digital\04_joe_lcd_20x32\0_main_dig2_20260905-223057.jpg,0,0,1.000000,1.000000,0.000000,0.000000,0.000000,0.000000,0.000000,0.000000,0.000000,0.000000,0.000000,0.000000,2,20260905-223057,zeros,102.577
C:\Users\josep\source\repos\AIOTED-digital\04_joe_lcd_20x32\0_main_dig2_20260908-045522.jpg,0,0,1.000000,1.000000,0.000000,0.000000,0.000000,0.000000,0.000000,0.000000,0.000000,0.000000,0.000000,0.000000,2,20260908-045522,zeros,99.482
C:\Users\josep\source\repos\AIOTED-digital\04_joe_lcd_20x32\0_main_dig2_20260908-122321.jpg,0,0,1.000000,1.000000,0.000000,0.000000,0.000000,0.000000,0.000000,0.000000,0.000000,0.000000,0.000000,0.000000,2,20260908-122321,zeros,88.239
C:\Users\josep\source\repos\AIOTED-digital\04_joe_lcd_20x32\0_main_dig2_20260908-142321.jpg,0,0,1.000000,1.000000,0.000000,0.000000,0.000000,0.000000,0.000000,0.000000,0.000000,0.000000,0.000000,0.000000,2,20260908-142321,zeros,81.325
C:\Users\josep\source\repos\AIOTED-digital\04_joe_lcd_20x32\0_main_dig2_20260908-164321.jpg,0,0,1.000000,1.000000,0.000000,0.000000,0.000000,0.000000,0.000000,0.000000,0.000000,0.000000,0.000000,0.000000,2,20260908-164321,zeros,90.455
C:\Users\josep\source\repos\AIOTED-digital\04_joe_lcd_20x32\0_main_dig2_20260908-190321.jpg,0,0,1.000000,1.000000,0.000000,0.000000,0.000000,0.000000,0.000000,0.000000,0.000000,0.000000,0.000000,0.000000,2,20260908-190321,zeros,97.217
C:\Users\josep\source\repos\AIOTED-digital\04_joe_lcd_20x32\0_main_dig2_20260917-102933.jpg,0,0,1.000000,1.000000,0.000000,0.000000,0.000000,0.000000,0.000000,0.000000,0.000000,0.000000,0.000000,0.000000,2,20260917-102933,zeros,84.987
C:\Users\josep\source\repos\AIOTED-digital\04_joe_lcd_20x32\0_main_dig2_20260917-110932.jpg,0,0,0.999999,0.999999,0.000000,0.000000,0.000000,0.000000,0.000000,0.000000,0.000000,0.000001,0.000000,0.000000,2,20260917-110932,zeros,81.876
C:\Users\josep\source\repos\AIOTED-digital\04_joe_lcd_20x32\0_main_dig2_20260917-195732.jpg,0,0,0.999998,0.999998,0.000000,0.000000,0.000000,0.000000,0.000000,0.000000,0.000000,0.000002,0.000000,0.000000,2,20260917-195732,zeros,98.429
C:\Users\josep\source\repos\AIOTED-digital\04_joe_lcd_20x32\0_main_dig2_20260930-062637.jpg,0,0,0.999996,0.999996,0.000000,0.000000,0.000000,0.000000,0.000000,0.000000,0.000000,0.000004,0.000000,0.000000,2,20260930-062637,zeros,98.131
C:\Users\josep\source\repos\AIOTED-digital\04_joe_lcd_20x32\0_main_dig2_20260930-082637.jpg,0,0,1.000000,1.000000,0.000000,0.000000,0.000000,0.000000,0.000000,0.000000,0.000000,0.000000,0.000000,0.000000,2,20260930-082637,zeros,89.103
C:\Users\josep\source\repos\AIOTED-digital\04_joe_lcd_20x32\0_main_dig2_20260930-094637.jpg,0,0,0.999994,0.999994,0.000000,0.000000,0.000000,0.000000,0.000000,0.000000,0.000000,0.000006,0.000000,0.000000,2,20260930-094637,zeros,82.437
C:\Users\josep\source\repos\AIOTED-digital\04_joe_lcd_20x32\0_main_dig3_20260805-192015.jpg,0,0,0.999679,0.999679,0.000000,0.000000,0.000000,0.000000,0.000000,0.000000,0.000000,0.000321,0.000000,0.000000,3,20260805-192015,zeros,126.808
C:\Users\josep\source\repos\AIOTED-digital\04_joe_lcd_20x32\0_main_dig3_20260827-001342.jpg,0,0,0.993619,0.993619,0.000000,0.000000,0.000000,0.000000,0.000000,0.000000,0.000000,0.006381,0.000000,0.000000,3,20260827-001342,zeros,100.213
C:\Users\josep\source\repos\AIOTED-digital\04_joe_lcd_20x32\0_main_dig3_20260827-220940.jpg,0,0,0.976641,0.976641,0.000000,0.000000,0.000000,0.000000,0.000000,0.000000,0.000000,0.023359,0.000000,0.000000,3,20260827-220940,zeros,100.677
C:\Users\josep\source\repos\AIOTED-digital\04_joe_lcd_20x32\0_main_dig3_20260829-110937.jpg,0,0,0.999988,0.999988,0.000000,0.000000,0.000000,0.000000,0.000000,0.000000,0.000000,0.000012,0.000000,0.000000,3,20260829-110937,zeros,91.458
C:\Users\josep\source\repos\AIOTED-digital\04_joe_lcd_20x32\0_main_dig3_20260829-112937.jpg,0,0,0.999967,0.999967,0.000000,0.000000,0.000000,0.000000,0.000000,0.000000,0.000000,0.000033,0.000000,0.000000,3,20260829-112937,zeros,92.221
C:\Users\josep\source\repos\AIOTED-digital\04_joe_lcd_20x32\0_main_dig3_20260829-195737.jpg,0,0,0.981006,0.981006,0.000000,0.000000,0.000000,0.000000,0.000000,0.000000,0.000000,0.018994,0.000000,0.000000,3,20260829-195737,zeros,102.521
C:\Users\josep\source\repos\AIOTED-digital\04_joe_lcd_20x32\0_main_dig3_20260830-204135.jpg,0,0,0.966929,0.966929,0.000000,0.000000,0.000000,0.000000,0.000000,0.000000,0.000000,0.033071,0.000000,0.000000,3,20260830-204135,zeros,105.878
C:\Users\josep\source\repos\AIOTED-digital\04_joe_lcd_20x32\0_main_dig3_20260830-220135.jpg,0,0,0.987094,0.987094,0.000000,0.000000,0.000000,0.000000,0.000000,0.000000,0.000000,0.012906,0.000000,0.000000,3,20260830-220135,zeros,105.837
C:\Users\josep\source\repos\AIOTED-digital\04_joe_lcd_20x32\0_main_dig3_20260831-155733.jpg,0,0,0.999999,0.999999,0.000000,0.000000,0.000000,0.000000,0.000000,0.000000,0.000000,0.000001,0.000000,0.000000,3,20260831-155733,zeros,96.886
C:\Users\josep\source\repos\AIOTED-digital\04_joe_lcd_20x32\0_main_dig3_20260831-210533.jpg,0,0,0.998218,0.998218,0.000000,0.000000,0.000000,0.000000,0.000000,0.000000,0.000000,0.001782,0.000000,0.000000,3,20260831-210533,zeros,109.305
C:\Users\josep\source\repos\AIOTED-digital\04_joe_lcd_20x32\0_main_dig3_20260831-224533.jpg,0,0,0.999714,0.999714,0.000000,0.000000,0.000000,0.000000,0.000000,0.000000,0.000000,0.000286,0.000000,0.000000,3,20260831-224533,zeros,109.065
C:\Users\josep\source\repos\AIOTED-digital\04_joe_lcd_20x32\0_main_dig3_20260902-014931.jpg,0,0,0.999596,0.999596,0.000000,0.000000,0.000000,0.000000,0.000000,0.000000,0.000000,0.000404,0.000000,0.000000,3,20260902-014931,zeros,112.438
C:\Users\josep\source\repos\AIOTED-digital\04_joe_lcd_20x32\0_main_dig3_20260902-174709.jpg,0,0,0.999308,0.999308,0.000000,0.000000,0.000000,0.000000,0.000000,0.000000,0.000000,0.000692,0.000000,0.000000,3,20260902-174709,zeros,103.877
C:\Users\josep\source\repos\AIOTED-digital\04_joe_lcd_20x32\0_main_dig3_20260902-194709.jpg,0,0,0.996939,0.996939,0.000000,0.000000,0.000000,0.000000,0.000000,0.000000,0.000000,0.003061,0.000000,0.000000,3,20260902-194709,zeros,111.218
C:\Users\josep\source\repos\AIOTED-digital\04_joe_lcd_20x32\0_main_dig3_20260902-214709.jpg,0,0,0.995162,0.995162,0.000000,0.000000,0.000000,0.000000,0.000000,0.000000,0.000000,0.004838,0.000000,0.000000,3,20260902-214709,zeros,113.071
C:\Users\josep\source\repos\AIOTED-digital\04_joe_lcd_20x32\0_main_dig3_20260905-081458.jpg,0,0,0.986881,0.986881,0.000000,0.000000,0.000000,0.000000,0.000000,0.000000,0.000000,0.013119,0.000000,0.000000,3,20260905-081458,zeros,95.066
C:\Users\josep\source\repos\AIOTED-digital\04_joe_lcd_20x32\0_main_dig3_20260905-122257.jpg,0,0,0.999873,0.999873,0.000000,0.000000,0.000000,0.000000,0.000000,0.000000,0.000000,0.000127,0.000000,0.000000,3,20260905-122257,zeros,83.451
C:\Users\josep\source\repos\AIOTED-digital\04_joe_lcd_20x32\0_main_dig3_20260905-160257.jpg,0,0,0.999933,0.999933,0.000000,0.000000,0.000000,0.000000,0.000000,0.000000,0.000000,0.000067,0.000000,0.000000,3,20260905-160257,zeros,104.133
C:\Users\josep\source\repos\AIOTED-digital\04_joe_lcd_20x32\0_main_dig3_20260905-194257.jpg,0,0,0.997273,0.997273,0.000000,0.000000,0.000000,0.000000,0.000000,0.000000,0.000000,0.002727,0.000000,0.000000,3,20260905-194257,zeros,117.946
C:\Users\josep\source\repos\AIOTED-digital\04_joe_lcd_20x32\0_main_dig3_20260908-032722.jpg,0,0,0.989946,0.989946,0.000000,0.000000,0.000000,0.000000,0.000000,0.000000,0.000000,0.010054,0.000000,0.000000,3,20260908-032722,zeros,107.898
C:\Users\josep\source\repos\AIOTED-digital\04_joe_lcd_20x32\0_main_dig3_20260908-035522.jpg,0,0,0.994237,0.994237,0.000000,0.000000,0.000000,0.000000,0.000000,0.000000,0.000000,0.005763,0.000000,0.000000,3,20260908-035522,zeros,106.162
C:\Users\josep\source\repos\AIOTED-digital\04_joe_lcd_20x32\0_main_dig3_20260908-144321.jpg,0,0,0.999995,0.999995,0.000000,0.000000,0.000000,0.000000,0.000000,0.000000,0.000000,0.000005,0.000000,0.000000,3,20260908-144321,zeros,95.157
C:\Users\josep\source\repos\AIOTED-digital\04_joe_lcd_20x32\0_main_dig3_20260917-000133.jpg,0,0,0.997680,0.997680,0.000000,0.000000,0.000000,0.000000,0.000000,0.000000,0.000000,0.002320,0.000000,0.000000,3,20260917-000133,zeros,97.095
C:\Users\josep\source\repos\AIOTED-digital\04_joe_lcd_20x32\0_main_dig3_20260917-114932.jpg,0,0,0.999994,0.999994,0.000000,0.000000,0.000000,0.000000,0.000000,0.000000,0.000000,0.000006,0.000000,0.000000,3,20260917-114932,zeros,84.244
C:\Users\josep\source\repos\AIOTED-digital\04_joe_lcd_20x32\0_main_dig3_20260917-152932.jpg,0,0,0.999998,0.999998,0.000000,0.000000,0.000000,0.000000,0.000000,0.000000,0.000000,0.000002,0.000000,0.000000,3,20260917-152932,zeros,88.119
C:\Users\josep\source\repos\AIOTED-digital\04_joe_lcd_20x32\0_main_dig3_20260917-175732.jpg,0,0,0.990974,0.990974,0.000000,0.000000,0.000000,0.000000,0.000000,0.000000,0.000000,0.009026,0.000000,0.000000,3,20260917-175732,zeros,98.680
C:\Users\josep\source\repos\AIOTED-digital\04_joe_lcd_20x32\0_main_dig3_20260930-022638.jpg,0,0,0.998674,0.998674,0.000000,0.000000,0.000000,0.000000,0.000000,0.000000,0.000000,0.001326,0.000000,0.000000,3,20260930-022638,zeros,100.226
C:\Users\josep\source\repos\AIOTED-digital\04_joe_lcd_20x32\0_main_dig3_20260930-092637.jpg,0,0,0.999998,0.999998,0.000000,0.000000,0.000000,0.000000,0.000000,0.000000,0.000000,0.000002,0.000000,0.000000,3,20260930-092637,zeros,88.230
C:\Users\josep\source\repos\AIOTED-digital\04_joe_lcd_20x32\0_main_dig3_20260930-100637.jpg,0,0,0.999997,0.999997,0.000000,0.000000,0.000000,0.000000,0.000000,0.000000,0.000000,0.000002,0.000000,0.000000,3,20260930-100637,zeros,85.511
C:\Users\josep\source\repos\AIOTED-digital\04_joe_lcd_20x32\0_main_dig4_20260805-045216.jpg,0,0,0.999997,0.999997,0.000000,0.000000,0.000000,0.000000,0.000000,0.000000,0.000000,0.000002,0.000000,0.000000,4,20260805-045216,zeros,87.302
C:\Users\josep\source\repos\AIOTED-digital\04_joe_lcd_20x32\0_main_dig4_20260805-063216.jpg,0,0,1.000000,1.000000,0.000000,0.000000,0.000000,0.000000,0.000000,0.000000,0.000000,0.000000,0.000000,0.000000,4,20260805-063216,zeros,80.523
C:\Users\josep\source\repos\AIOTED-digital\04_joe_lcd_20x32\0_main_dig4_20260805-192015.jpg,0,0,1.000000,1.000000,0.000000,0.000000,0.000000,0.000000,0.000000,0.000000,0.000000,0.000000,0.000000,0.000000,4,20260805-192015,zeros,79.915
C:\Users\josep\source\repos\AIOTED-digital\04_joe_lcd_20x32\0_main_dig5_20260805-044416.jpg,0,0,0.760092,0.760092,0.000000,0.000000,0.000000,0.000000,0.000000,0.000000,0.000000,0.239908,0.000000,0.000000,5,20260805-044416,zeros,62.766
C:\Users\josep\source\repos\AIOTED-digital\04_joe_lcd_20x32\0_main_dig5_20260805-045216.jpg,0,0,0.878481,0.878481,0.000000,0.000000,0.000000,0.000000,0.000000,0.000000,0.000000,0.121520,0.000000,0.000000,5,20260805-045216,zeros,60.432
C:\Users\josep\source\repos\AIOTED-digital\04_joe_lcd_20x32\0_main_dig5_20260805-053216.jpg,0,0,0.954032,0.954032,0.000000,0.000000,0.000000,0.000000,0.000000,0.000000,0.000000,0.045968,0.000000,0.000000,5,20260805-053216,zeros,61.552
C:\Users\josep\source\repos\AIOTED-digital\04_joe_lcd_20x32\0_main_dig5_20260805-054416.jpg,0,0,0.996190,0.996190,0.000000,0.000000,0.000000,0.000000,0.000000,0.000000,0.000000,0.003810,0.000000,0.000000,5,20260805-054416,kwh,64.987
C:\Users\josep\source\repos\AIOTED-digital\04_joe_lcd_20x32\0_main_dig5_20260805-100416.jpg,0,0,0.999941,0.999941,0.000000,0.000000,0.000000,0.000000,0.000000,0.000000,0.000000,0.000059,0.000000,0.000000,5,20260805-100416,zeros,59.456
C:\Users\josep\source\repos\AIOTED-digital\04_joe_lcd_20x32\0_main_dig5_20260805-131216.jpg,0,0,0.999817,0.999817,0.000000,0.000000,0.000000,0.000000,0.000000,0.000000,0.000000,0.000183,0.000000,0.000000,5,20260805-131216,zeros,57.267
C:\Users\josep\source\repos\AIOTED-digital\04_joe_lcd_20x32\0_main_dig5_20260805-135216.jpg,0,0,0.999838,0.999838,0.000000,0.000000,0.000000,0.000000,0.000000,0.000000,0.000000,0.000162,0.000000,0.000000,5,20260805-135216,zeros,60.461
C:\Users\josep\source\repos\AIOTED-digital\04_joe_lcd_20x32\0_main_dig5_20260805-145216.jpg,0,0,0.999474,0.999474,0.000000,0.000000,0.000000,0.000000,0.000000,0.000000,0.000000,0.000526,0.000000,0.000000,5,20260805-145216,zeros,60.024
C:\Users\josep\source\repos\AIOTED-digital\04_joe_lcd_20x32\0_main_dig5_20260805-161216.jpg,0,0,0.999781,0.999781,0.000000,0.000000,0.000000,0.000000,0.000000,0.000000,0.000000,0.000219,0.000000,0.000000,5,20260805-161216,zeros,54.072
C:\Users\josep\source\repos\AIOTED-digital\04_joe_lcd_20x32\0_main_dig5_20260805-165216.jpg,0,0,0.998075,0.998075,0.000000,0.000000,0.000000,0.000000,0.000000,0.000000,0.000000,0.001925,0.000000,0.000000,5,20260805-165216,zeros,56.775
C:\Users\josep\source\repos\AIOTED-digital\04_joe_lcd_20x32\0_main_dig5_20260805-224015.jpg,0,0,0.989433,0.989433,0.000000,0.000000,0.000000,0.000000,0.000000,0.000000,0.000000,0.010567,0.000000,0.000000,5,20260805-224015,zeros,64.264
C:\Users\josep\source\repos\AIOTED-digital\04_joe_lcd_20x32\0_main_dig5_20260805-230815.jpg,0,0,0.791194,0.791194,0.000000,0.000000,0.000000,0.000000,0.000000,0.000000,0.000000,0.208806,0.000000,0.000000,5,20260805-230815,zeros,61.048
C:\Users\josep\source\repos\AIOTED-digital\04_joe_lcd_20x32\0_main_dig5_20260805-234815.jpg,0,0,0.973604,0.973604,0.000000,0.000000,0.000000,0.000000,0.000000,0.000000,0.000000,0.026396,0.000000,0.000000,5,20260805-234815,zeros,61.346
C:\Users\josep\source\repos\AIOTED-digital\04_joe_lcd_20x32\0_main_dig5_20260829-120537.jpg,0,0,1.000000,1.000000,0.000000,0.000000,0.000000,0.000000,0.000000,0.000000,0.000000,0.000000,0.000000,0.000000,5,20260829-120537,kwh,54.381
C:\Users\josep\source\repos\AIOTED-digital\04_joe_lcd_20x32\0_main_dig5_20260829-121737.jpg,0,0,1.000000,1.000000,0.000000,0.000000,0.000000,0.000000,0.000000,0.000000,0.000000,0.000000,0.000000,0.000000,5,20260829-121737,kwh,53.934
C:\Users\josep\source\repos\AIOTED-digital\04_joe_lcd_20x32\0_main_dig5_20260829-130537.jpg,0,0,1.000000,1.000000,0.000000,0.000000,0.000000,0.000000,0.000000,0.000000,0.000000,0.000000,0.000000,0.000000,5,20260829-130537,kwh,54.262
C:\Users\josep\source\repos\AIOTED-digital\04_joe_lcd_20x32\0_main_dig5_20260829-131737.jpg,0,0,0.999967,0.999967,0.000000,0.000000,0.000000,0.000000,0.000000,0.000000,0.000000,0.000033,0.000000,0.000000,5,20260829-131737,kwh,55.234
C:\Users\josep\source\repos\AIOTED-digital\04_joe_lcd_20x32\0_main_dig5_20260829-134537.jpg,0,0,0.999938,0.999938,0.000000,0.000000,0.000000,0.000000,0.000000,0.000000,0.000000,0.000062,0.000000,0.000000,5,20260829-134537,zeros,56.783
C:\Users\josep\source\repos\AIOTED-digital\04_joe_lcd_20x32\0_main_dig5_20260829-172537.jpg,0,0,0.984802,0.984802,0.000000,0.000000,0.000000,0.000000,0.000000,0.000000,0.000000,0.015198,0.000000,0.000000,5,20260829-172537,zeros,60.113
C:\Users\josep\source\repos\AIOTED-digital\04_joe_lcd_20x32\0_main_dig5_20260829-194537.jpg,0,0,0.953773,0.953773,0.000000,0.000000,0.000000,0.000000,0.000000,0.000000,0.000000,0.046227,0.000000,0.000000,5,20260829-194537,kwh,64.847
C:\Users\josep\source\repos\AIOTED-digital\04_joe_lcd_20x32\0_main_dig5_20260902-121909.jpg,0,0,0.999712,0.999712,0.000000,0.000000,0.000000,0.000000,0.000000,0.000000,0.000000,0.000288,0.000000,0.000000,5,20260902-121909,zeros,78.935
C:\Users\josep\source\repos\AIOTED-digital\04_joe_lcd_20x32\0_main_dig5_20260908-084722.jpg,0,0,0.999373,0.999373,0.000000,0.000000,0.000000,0.000000,0.000000,0.000000,0.000000,0.000627,0.000000,0.000000,5,20260908-084722,zeros,50.488
C:\Users\josep\source\repos\AIOTED-digital\04_joe_lcd_20x32\0_main_dig5_20260917-112132.jpg,0,0,0.999844,0.999844,0.000000,0.000000,0.000000,0.000000,0.000000,0.000000,0.000000,0.000156,0.000000,0.000000,5,20260917-112132,blank09,49.164
C:\Users\josep\source\repos\AIOTED-digital\04_joe_lcd_20x32\0_main_dig5_20260917-172932.jpg,0,0,0.998670,0.998670,0.000000,0.000000,0.000000,0.000000,0.000000,0.000000,0.000000,0.001330,0.000000,0.000000,5,20260917-172932,zeros,50.432
C:\Users\josep\source\repos\AIOTED-digital\04_joe_lcd_20x32\0_main_dig5_20260930-004238.jpg,0,0,0.996612,0.996612,0.000000,0.000000,0.000000,0.000000,0.000000,0.000000,0.000000,0.003387,0.000000,0.000000,5,20260930-004238,zeros,58.123
C:\Users\josep\source\repos\AIOTED-digital\04_joe_lcd_20x32\0_main_dig5_20260930-045438.jpg,0,0,0.986771,0.986771,0.000000,0.000000,0.000000,0.000000,0.000000,0.000000,0.000000,0.013229,0.000001,0.000000,5,20260930-045438,zeros,56.132
C:\Users\josep\source\repos\AIOTED-digital\04_joe_lcd_20x32\0_main_dig5_20260930-075437.jpg,0,0,0.998777,0.998777,0.000000,0.000000,0.000000,0.000000,0.000000,0.000000,0.000000,0.001223,0.000000,0.000000,5,20260930-075437,kwh,51.020
C:\Users\josep\source\repos\AIOTED-digital\04_joe_lcd_20x32\0_main_dig5_20260930-085037.jpg,0,0,0.999020,0.999020,0.000000,0.000000,0.000000,0.000000,0.000000,0.000000,0.000000,0.000980,0.000000,0.000000,5,20260930-085037,kwh,49.087
C:\Users\josep\source\repos\AIOTED-digital\04_joe_lcd_20x32\0_main_dig5_20260930-091037.jpg,0,0,0.999301,0.999301,0.000000,0.000000,0.000000,0.000000,0.000000,0.000000,0.000000,0.000699,0.000000,0.000000,5,20260930-091037,kwh,44.628
C:\Users\josep\source\repos\AIOTED-digital\04_joe_lcd_20x32\0_main_dig5_20260930-095037.jpg,0,0,0.999659,0.999659,0.000000,0.000000,0.000000,0.000000,0.000000,0.000000,0.000000,0.000341,0.000000,0.000000,5,20260930-095037,kwh,46.064
C:\Users\josep\source\repos\AIOTED-digital\04_joe_lcd_20x32\0_main_dig5_20260930-100237.jpg,0,0,0.999515,0.999515,0.000000,0.000000,0.000000,0.000000,0.000000,0.000000,0.000000,0.000485,0.000000,0.000000,5,20260930-100237,kwh,47.567
C:\Users\josep\source\repos\AIOTED-digital\04_joe_lcd_20x32\0_main_dig6_20260805-004417.jpg,0,0,0.886222,0.886222,0.000000,0.000000,0.000000,0.000048,0.000513,0.000021,0.000000,0.062726,0.050470,0.000000,6,20260805-004417,zeros,30.121
C:\Users\josep\source\repos\AIOTED-digital\04_joe_lcd_20x32\0_main_dig6_20260805-022417.jpg,0,0,0.898378,0.898378,0.000000,0.000000,0.000000,0.000004,0.000013,0.000001,0.000000,0.069075,0.032529,0.000000,6,20260805-022417,zeros,30.054
C:\Users\josep\source\repos\AIOTED-digital\04_joe_lcd_20x32\0_main_dig6_20260805-040417.jpg,0,0,0.775823,0.775823,0.000000,0.000000,0.000000,0.000018,0.000080,0.000001,0.000000,0.080451,0.143627,0.000000,6,20260805-040417,zeros,30.071
C:\Users\josep\source\repos\AIOTED-digital\04_joe_lcd_20x32\0_main_dig6_20260805-055216.jpg,0,0,0.996030,0.996030,0.000000,0.000000,0.000000,0.000000,0.000000,0.000000,0.000000,0.003936,0.000034,0.000000,6,20260805-055216,zeros,28.289
C:\Users\josep\source\repos\AIOTED-digital\04_joe_lcd_20x32\0_main_dig6_20260805-174815.jpg,0,0,1.000000,1.000000,0.000000,0.000000,0.000000,0.000000,0.000000,0.000000,0.000000,0.000000,0.000000,0.000000,6,20260805-174815,kwh,63.447
C:\Users\josep\source\repos\AIOTED-digital\04_joe_lcd_20x32\0_main_dig6_20260805-175615.jpg,0,0,1.000000,1.000000,0.000000,0.000000,0.000000,0.000000,0.000000,0.000000,0.000000,0.000000,0.000000,0.000000,6,20260805-175615,kwh,62.918
C:\Users\josep\source\repos\AIOTED-digital\04_joe_lcd_20x32\0_main_dig6_20260805-180815.jpg,0,0,0.999999,0.999999,0.000000,0.000000,0.000000,0.000000,0.000000,0.000000,0.000000,0.000001,0.000000,0.000000,6,20260805-180815,kwh,68.528
C:\Users\josep\source\repos\AIOTED-digital\04_joe_lcd_20x32\0_main_dig6_20260805-181615.jpg,0,0,1.000000,1.000000,0.000000,0.000000,0.000000,0.000000,0.000000,0.000000,0.000000,0.000000,0.000000,0.000000,6,20260805-181615,kwh,59.919
C:\Users\josep\source\repos\AIOTED-digital\04_joe_lcd_20x32\0_main_dig6_20260805-204815.jpg,0,0,0.759650,0.759650,0.000000,0.000000,0.000000,0.000063,0.000106,0.000005,0.000000,0.116609,0.123567,0.000000,6,20260805-204815,zeros,28.302
C:\Users\josep\source\repos\AIOTED-digital\04_joe_lcd_20x32\0_main_dig6_20260805-210015.jpg,0,0,0.781990,0.781990,0.000000,0.000000,0.000000,0.000001,0.000003,0.000000,0.000000,0.128015,0.089990,0.000000,6,20260805-210015,zeros,28.420
C:\Users\josep\source\repos\AIOTED-digital\04_joe_lcd_20x32\0_main_dig6_20260805-220815.jpg,0,0,0.788016,0.788016,0.000000,0.000000,0.000000,0.000281,0.000148,0.000008,0.000001,0.115755,0.095790,0.000000,6,20260805-220815,zeros,31.783
C:\Users\josep\source\repos\AIOTED-digital\04_joe_lcd_20x32\0_main_dig6_20260805-234815.jpg,0,0,0.895068,0.895068,0.000000,0.000000,0.000000,0.000010,0.000065,0.000002,0.000000,0.051137,0.053719,0.000000,6,20260805-234815,zeros,32.027
C:\Users\josep\source\repos\AIOTED-digital\04_joe_lcd_20x32\0_main_dig6_20260827-085740.jpg,0,0,0.995175,0.995175,0.000000,0.000000,0.000000,0.000000,0.000000,0.000000,0.000004,0.004717,0.000103,0.000000,6,20260827-085740,zeros,83.838
C:\Users\josep\source\repos\AIOTED-digital\04_joe_lcd_20x32\0_main_dig6_20260827-173741.jpg,0,0,1.000000,1.000000,0.000000,0.000000,0.000000,0.000000,0.000000,0.000000,0.000000,0.000000,0.000000,0.000000,6,20260827-173741,kwh,43.895
C:\Users\josep\source\repos\AIOTED-digital\04_joe_lcd_20x32\0_main_dig6_20260827-174541.jpg,0,0,1.000000,1.000000,0.000000,0.000000,0.000000,0.000000,0.000000,0.000000,0.000000,0.000000,0.000000,0.000000,6,20260827-174541,kwh,43.182
C:\Users\josep\source\repos\AIOTED-digital\04_joe_lcd_20x32\0_main_dig6_20260827-234540.jpg,0,8,0.604172,0.394094,0.000003,0.000179,0.000048,0.000006,0.000003,0.000438,0.000079,0.604172,0.000977,0.000000,6,20260827-234540,kwh,31.527
C:\Users\josep\source\repos\AIOTED-digital\04_joe_lcd_20x32\0_main_dig6_20260827-235340.jpg,0,0,0.784826,0.784826,0.000052,0.000186,0.000036,0.000031,0.000007,0.000538,0.000230,0.212973,0.001121,0.000000,6,20260827-235340,kwh,30.890
C:\Users\josep\source\repos\AIOTED-digital\04_joe_lcd_20x32\0_main_dig6_20260829-032938.jpg,0,0,0.588458,0.588458,0.000001,0.000041,0.000011,0.000003,0.000023,0.001033,0.000024,0.408921,0.001486,0.000000,6,20260829-032938,kwh,28.399
C:\Users\josep\source\repos\AIOTED-digital\04_joe_lcd_20x32\0_main_dig6_20260829-040938.jpg,0,0,0.592995,0.592995,0.000001,0.000008,0.000001,0.000009,0.000007,0.000236,0.000006,0.404437,0.002302,0.000000,6,20260829-040938,zeros,28.122
C:\Users\josep\source\repos\AIOTED-digital\04_joe_lcd_20x32\0_main_dig6_20260829-121737.jpg,0,0,1.000000,1.000000,0.000000,0.000000,0.000000,0.000000,0.000000,0.000000,0.000000,0.000000,0.000000,0.000000,6,20260829-121737,kwh,62.174
C:\Users\josep\source\repos\AIOTED-digital\04_joe_lcd_20x32\0_main_dig6_20260829-123737.jpg,0,0,1.000000,1.000000,0.000000,0.000000,0.000000,0.000000,0.000000,0.000000,0.000000,0.000000,0.000000,0.000000,6,20260829-123737,zeros,48.538
C:\Users\josep\source\repos\AIOTED-digital\04_joe_lcd_20x32\0_main_dig6_20260829-204537.jpg,0,0,0.738210,0.738210,0.000000,0.000000,0.000000,0.000000,0.000000,0.000016,0.000001,0.261232,0.000541,0.000000,6,20260829-204537,zeros,27.893
C:\Users\josep\source\repos\AIOTED-digital\04_joe_lcd_20x32\0_main_dig6_20260829-211336.jpg,0,0,0.866056,0.866056,0.000000,0.000000,0.000000,0.000000,0.000000,0.000001,0.000001,0.133854,0.000088,0.000000,6,20260829-211336,zeros,28.153
C:\Users\josep\source\repos\AIOTED-digital\04_joe_lcd_20x32\0_main_dig6_20260830-092936.jpg,0,0,0.999748,0.999748,0.000000,0.000000,0.000000,0.000000,0.000000,0.000000,0.000000,0.000250,0.000002,0.000000,6,20260830-092936,kwh,99.314
C:\Users\josep\source\repos\AIOTED-digital\04_joe_lcd_20x32\0_main_dig6_20260830-140935.jpg,0,0,0.999947,0.999947,0.000000,0.000000,0.000000,0.000000,0.000000,0.000000,0.000000,0.000053,0.000000,0.000000,6,20260830-140935,kwh,82.829
C:\Users\josep\source\repos\AIOTED-digital\04_joe_lcd_20x32\0_main_dig6_20260830-174935.jpg,0,0,1.000000,1.000000,0.000000,0.000000,0.000000,0.000000,0.000000,0.000000,0.000000,0.000000,0.000000,0.000000,6,20260830-174935,kwh,43.094
C:\Users\josep\source\repos\AIOTED-digital\04_joe_lcd_20x32\0_main_dig6_20260830-175735.jpg,0,0,1.000000,1.000000,0.000000,0.000000,0.000000,0.000000,0.000000,0.000000,0.000000,0.000000,0.000000,0.000000,6,20260830-175735,kwh,41.956
C:\Users\josep\source\repos\AIOTED-digital\04_joe_lcd_20x32\0_main_dig6_20260831-024534.jpg,0,0,0.843843,0.843843,0.000000,0.000000,0.000000,0.000002,0.000004,0.000078,0.000003,0.155090,0.000979,0.000000,6,20260831-024534,zeros,28.669
C:\Users\josep\source\repos\AIOTED-digital\04_joe_lcd_20x32\0_main_dig6_20260831-164533.jpg,0,0,0.999997,0.999997,0.000000,0.000000,0.000000,0.000000,0.000000,0.000000,0.000000,0.000002,0.000000,0.000000,6,20260831-164533,kwh,48.626
C:\Users\josep\source\repos\AIOTED-digital\04_joe_lcd_20x32\0_main_dig6_20260902-073510.jpg,0,0,0.999881,0.999881,0.000000,0.000000,0.000000,0.000000,0.000000,0.000000,0.000000,0.000119,0.000000,0.000000,6,20260902-073510,zeros,28.104
C:\Users\josep\source\repos\AIOTED-digital\04_joe_lcd_20x32\0_main_dig6_20260902-174309.jpg,0,0,0.999992,0.999992,0.000000,0.000000,0.000000,0.000000,0.000000,0.000000,0.000000,0.000008,0.000000,0.000000,6,20260902-174309,kwh,38.877
C:\Users\josep\source\repos\AIOTED-digital\04_joe_lcd_20x32\0_main_dig6_20260902-221509.jpg,0,0,0.703261,0.703261,0.000003,0.000005,0.000001,0.000126,0.000089,0.000876,0.000011,0.291363,0.004264,0.000000,6,20260902-221509,zeros,27.355
C:\Users\josep\source\repos\AIOTED-digital\04_joe_lcd_20x32\0_main_dig6_20260905-073058.jpg,0,0,0.944088,0.944088,0.000000,0.000000,0.000000,0.000000,0.000000,0.000000,0.000000,0.051126,0.004785,0.000000,6,20260905-073058,kwh,23.124
C:\Users\josep\source\repos\AIOTED-digital\04_joe_lcd_20x32\0_main_dig6_20260905-185057.jpg,0,0,0.997789,0.997789,0.000000,0.000000,0.000000,0.000000,0.000000,0.000000,0.000000,0.002211,0.000000,0.000000,6,20260905-185057,kwh,25.314
C:\Users\josep\source\repos\AIOTED-digital\04_joe_lcd_20x32\0_main_dig6_20260908-072322.jpg,0,0,0.999673,0.999673,0.000000,0.000000,0.000000,0.000000,0.000000,0.000000,0.000000,0.000327,0.000000,0.000000,6,20260908-072322,kwh,24.748
C:\Users\josep\source\repos\AIOTED-digital\04_joe_lcd_20x32\0_main_dig6_20260908-141921.jpg,0,0,0.999998,0.999998,0.000000,0.000000,0.000000,0.000000,0.000000,0.000000,0.000000,0.000002,0.000000,0.000000,6,20260908-141921,kwh,81.933
C:\Users\josep\source\repos\AIOTED-digital\04_joe_lcd_20x32\0_main_dig6_20260908-145121.jpg,0,0,1.000000,1.000000,0.000000,0.000000,0.000000,0.000000,0.000000,0.000000,0.000000,0.000001,0.000000,0.000000,6,20260908-145121,kwh,62.399
C:\Users\josep\source\repos\AIOTED-digital\04_joe_lcd_20x32\0_main_dig6_20260917-124532.jpg,0,0,1.000000,1.000000,0.000000,0.000000,0.000000,0.000000,0.000000,0.000000,0.000000,0.000000,0.000000,0.000000,6,20260917-124532,zeros,58.631
C:\Users\josep\source\repos\AIOTED-digital\04_joe_lcd_20x32\0_main_dig6_20260917-131732.jpg,0,0,1.000000,1.000000,0.000000,0.000000,0.000000,0.000000,0.000000,0.000000,0.000000,0.000000,0.000000,0.000000,6,20260917-131732,kwh,71.054
C:\Users\josep\source\repos\AIOTED-digital\04_joe_lcd_20x32\1_main_dig4_20260917-021733.jpg,1,1,1.000000,0.000000,1.000000,0.000000,0.000000,0.000000,0.000000,0.000000,0.000000,0.000000,0.000000,0.000000,4,20260917-021733,kwh,57.110
C:\Users\josep\source\repos\AIOTED-digital\04_joe_lcd_20x32\1_main_dig4_20260917-023733.jpg,1,1,1.000000,0.000000,1.000000,0.000000,0.000000,0.000000,0.000000,0.000000,0.000000,0.000000,0.000000,0.000000,4,20260917-023733,kwh,55.561
C:\Users\josep\source\repos\AIOTED-digital\04_joe_lcd_20x32\1_main_dig4_20260917-030933.jpg,1,1,1.000000,0.000000,1.000000,0.000000,0.000000,0.000000,0.000000,0.000000,0.000000,0.000000,0.000000,0.000000,4,20260917-030933,kwh,56.801
C:\Users\josep\source\repos\AIOTED-digital\04_joe_lcd_20x32\1_main_dig4_20260917-035733.jpg,1,1,0.999999,0.000000,0.999999,0.000000,0.000000,0.000000,0.000000,0.000000,0.000001,0.000000,0.000000,0.000000,4,20260917-035733,kwh,56.241
C:\Users\josep\source\repos\AIOTED-digital\04_joe_lcd_20x32\1_main_dig4_20260917-042933.jpg,1,1,0.999999,0.000000,0.999999,0.000000,0.000000,0.000000,0.000000,0.000000,0.000001,0.000000,0.000000,0.000000,4,20260917-042933,kwh,55.444
C:\Users\josep\source\repos\AIOTED-digital\04_joe_lcd_20x32\1_main_dig4_20260917-070933.jpg,1,1,1.000000,0.000000,1.000000,0.000000,0.000000,0.000000,0.000000,0.000000,0.000001,0.000000,0.000000,0.000000,4,20260917-070933,kwh,54.937
C:\Users\josep\source\repos\AIOTED-digital\04_joe_lcd_20x32\1_main_dig4_20260917-071733.jpg,1,1,1.000000,0.000000,1.000000,0.000000,0.000000,0.000000,0.000000,0.000000,0.000000,0.000000,0.000000,0.000000,4,20260917-071733,kwh,54.858
C:\Users\josep\source\repos\AIOTED-digital\04_joe_lcd_20x32\1_main_dig4_20260917-095733.jpg,1,1,0.999960,0.000000,0.999960,0.000000,0.000000,0.000000,0.000000,0.000000,0.000040,0.000000,0.000000,0.000000,4,20260917-095733,kwh,56.859
C:\Users\josep\source\repos\AIOTED-digital\04_joe_lcd_20x32\1_main_dig4_20260917-113732.jpg,1,1,0.999871,0.000000,0.999871,0.000000,0.000000,0.000000,0.000000,0.000000,0.000129,0.000000,0.000000,0.000000,4,20260917-113732,kwh,64.854
C:\Users\josep\source\repos\AIOTED-digital\04_joe_lcd_20x32\1_main_dig4_20260917-114532.jpg,1,1,0.999880,0.000000,0.999880,0.000000,0.000000,0.000000,0.000000,0.000000,0.000120,0.000000,0.000000,0.000000,4,20260917-114532,kwh,81.904
C:\Users\josep\source\repos\AIOTED-digital\04_joe_lcd_20x32\1_main_dig4_20260917-115732.jpg,1,1,0.999840,0.000000,0.999840,0.000000,0.000000,0.000000,0.000000,0.000000,0.000160,0.000000,0.000000,0.000000,4,20260917-115732,kwh,67.857
C:\Users\josep\source\repos\AIOTED-digital\04_joe_lcd_20x32\1_main_dig4_20260917-120532.jpg,1,1,0.999683,0.000000,0.999683,0.000000,0.000000,0.000000,0.000000,0.000000,0.000317,0.000000,0.000000,0.000000,4,20260917-120532,kwh,69.674
C:\Users\josep\source\repos\AIOTED-digital\04_joe_lcd_20x32\1_main_dig4_20260917-125732.jpg,1,1,0.999977,0.000000,0.999977,0.000000,0.000000,0.000000,0.000000,0.000000,0.000023,0.000000,0.000000,0.000000,4,20260917-125732,kwh,61.451
C:\Users\josep\source\repos\AIOTED-digital\04_joe_lcd_20x32\1_main_dig4_20260917-130532.jpg,1,1,0.999778,0.000000,0.999778,0.000000,0.000000,0.000000,0.000000,0.000000,0.000222,0.000000,0.000000,0.000000,4,20260917-130532,kwh,59.835
C:\Users\josep\source\repos\AIOTED-digital\04_joe_lcd_20x32\1_main_dig4_20260917-131732.jpg,1,1,0.999904,0.000000,0.999904,0.000000,0.000000,0.000000,0.000000,0.000000,0.000096,0.000000,0.000000,0.000000,4,20260917-131732,kwh,71.881
C:\Users\josep\source\repos\AIOTED-digital\04_joe_lcd_20x32\1_main_dig4_20260917-132532.jpg,1,1,0.999981,0.000000,0.999981,0.000000,0.000000,0.000000,0.000000,0.000000,0.000019,0.000000,0.000000,0.000000,4,20260917-132532,kwh,68.870
C:\Users\josep\source\repos\AIOTED-digital\04_joe_lcd_20x32\1_main_dig4_20260917-142532.jpg,1,1,0.999859,0.000000,0.999859,0.000000,0.000000,0.000000,0.000000,0.000000,0.000141,0.000000,0.000000,0.000000,4,20260917-142532,kwh,62.049
C:\Users\josep\source\repos\AIOTED-digital\04_joe_lcd_20x32\1_main_dig4_20260917-143732.jpg,1,1,0.999964,0.000000,0.999964,0.000000,0.000000,0.000000,0.000000,0.000000,0.000036,0.000000,0.000000,0.000000,4,20260917-143732,kwh,59.163
C:\Users\josep\source\repos\AIOTED-digital\04_joe_lcd_20x32\1_main_dig4_20260917-144532.jpg,1,1,0.999247,0.000000,0.999247,0.000000,0.000000,0.000000,0.000000,0.000000,0.000753,0.000000,0.000000,0.000000,4,20260917-144532,kwh,58.350
C:\Users\josep\source\repos\AIOTED-digital\04_joe_lcd_20x32\1_main_dig4_20260917-145732.jpg,1,1,0.999592,0.000000,0.999592,0.000000,0.000000,0.000000,0.000000,0.000000,0.000408,0.000000,0.000000,0.000000,4,20260917-145732,kwh,59.022
C:\Users\josep\source\repos\AIOTED-digital\04_joe_lcd_20x32\1_main_dig4_20260917-155332.jpg,1,1,0.998708,0.000000,0.998708,0.000000,0.000000,0.000000,0.000000,0.000000,0.001292,0.000000,0.000000,0.000000,4,20260917-155332,kwh,59.052
C:\Users\josep\source\repos\AIOTED-digital\04_joe_lcd_20x32\1_main_dig4_20260917-161332.jpg,1,1,0.999708,0.000000,0.999708,0.000000,0.000000,0.000000,0.000000,0.000000,0.000292,0.000000,0.000000,0.000000,4,20260917-161332,kwh,57.991
C:\Users\josep\source\repos\AIOTED-digital\04_joe_lcd_20x32\1_main_dig4_20260917-164532.jpg,1,1,0.999993,0.000000,0.999993,0.000000,0.000000,0.000000,0.000000,0.000000,0.000007,0.000000,0.000000,0.000000,4,20260917-164532,kwh,55.787
C:\Users\josep\source\repos\AIOTED-digital\04_joe_lcd_20x32\1_main_dig4_20260917-165332.jpg,1,1,0.999243,0.000000,0.999243,0.000000,0.000000,0.000000,0.000000,0.000000,0.000757,0.000000,0.000000,0.000000,4,20260917-165332,kwh,57.071
C:\Users\josep\source\repos\AIOTED-digital\04_joe_lcd_20x32\1_main_dig4_20260917-182532.jpg,1,1,0.999997,0.000000,0.999997,0.000000,0.000000,0.000000,0.000000,0.000000,0.000003,0.000000,0.000000,0.000000,4,20260917-182532,kwh,56.658
C:\Users\josep\source\repos\AIOTED-digital\04_joe_lcd_20x32\1_main_dig4_20260917-191332.jpg,1,1,0.999999,0.000000,0.999999,0.000000,0.000000,0.000000,0.000000,0.000000,0.000001,0.000000,0.000000,0.000000,4,20260917-191332,kwh,57.109
C:\Users\josep\source\repos\AIOTED-digital\04_joe_lcd_20x32\1_main_dig4_20260917-193332.jpg,1,1,0.999999,0.000000,0.999999,0.000000,0.000000,0.000000,0.000000,0.000000,0.000001,0.000000,0.000000,0.000000,4,20260917-193332,kwh,58.071
C:\Users\josep\source\repos\AIOTED-digital\04_joe_lcd_20x32\1_main_dig4_20260917-195332.jpg,1,1,0.999997,0.000000,0.999997,0.000000,0.000000,0.000000,0.000000,0.000000,0.000003,0.000000,0.000000,0.000000,4,20260917-195332,kwh,57.661
C:\Users\josep\source\repos\AIOTED-digital\04_joe_lcd_20x32\1_main_dig4_20260917-205332.jpg,1,1,1.000000,0.000000,1.000000,0.000000,0.000000,0.000000,0.000000,0.000000,0.000000,0.000000,0.000000,0.000000,4,20260917-205332,kwh,56.006
C:\Users\josep\source\repos\AIOTED-digital\04_joe_lcd_20x32\1_main_dig4_20260917-222532.jpg,1,1,0.999999,0.000000,0.999999,0.000000,0.000000,0.000000,0.000000,0.000000,0.000001,0.000000,0.000000,0.000000,4,20260917-222532,kwh,56.086
C:\Users\josep\source\repos\AIOTED-digital\04_joe_lcd_20x32\1_main_dig5_20260805-000017.jpg,1,1,0.997771,0.000012,0.997771,0.000178,0.000158,0.000167,0.000000,0.000000,0.001613,0.000054,0.000003,0.000043,5,20260805-000017,kwh,58.931
C:\Users\josep\source\repos\AIOTED-digital\04_joe_lcd_20x32\1_main_dig5_20260805-002017.jpg,1,1,0.998014,0.000005,0.998014,0.000224,0.000093,0.000151,0.000000,0.000000,0.001454,0.000019,0.000001,0.000039,5,20260805-002017,kwh,57.484
C:\Users\josep\source\repos\AIOTED-digital\04_joe_lcd_20x32\1_main_dig5_20260805-003217.jpg,1,1,0.995249,0.000020,0.995249,0.000524,0.000423,0.000250,0.000000,0.000001,0.003325,0.000123,0.000007,0.000078,5,20260805-003217,kwh,57.627
C:\Users\josep\source\repos\AIOTED-digital\04_joe_lcd_20x32\1_main_dig5_20260805-005217.jpg,1,1,0.995855,0.000015,0.995855,0.000541,0.000457,0.000401,0.000000,0.000001,0.002515,0.000080,0.000006,0.000128,5,20260805-005217,kwh,59.999
C:\Users\josep\source\repos\AIOTED-digital\04_joe_lcd_20x32\1_main_dig5_20260805-011217.jpg,1,1,0.998046,0.000004,0.998046,0.000113,0.000125,0.000077,0.000000,0.000000,0.001599,0.000018,0.000001,0.000016,5,20260805-011217,kwh,57.304
C:\Users\josep\source\repos\AIOTED-digital\04_joe_lcd_20x32\1_main_dig5_20260805-012017.jpg,1,1,0.996131,0.000028,0.996131,0.000088,0.000319,0.000299,0.000000,0.000001,0.003024,0.000062,0.000014,0.000033,5,20260805-012017,kwh,58.504
C:\Users\josep\source\repos\AIOTED-digital\04_joe_lcd_20x32\1_main_dig5_20260805-014017.jpg,1,1,0.998183,0.000005,0.998183,0.000063,0.000129,0.000274,0.000000,0.000000,0.001298,0.000012,0.000003,0.000034,5,20260805-014017,kwh,59.912
C:\Users\josep\source\repos\AIOTED-digital\04_joe_lcd_20x32\1_main_dig5_20260805-015217.jpg,1,1,0.997349,0.000008,0.997349,0.000166,0.000263,0.000270,0.000000,0.000000,0.001879,0.000033,0.000005,0.000027,5,20260805-015217,kwh,60.041
C:\Users\josep\source\repos\AIOTED-digital\04_joe_lcd_20x32\1_main_dig5_20260805-021217.jpg,1,1,0.996629,0.000008,0.996629,0.000117,0.000298,0.000162,0.000000,0.000000,0.002731,0.000030,0.000006,0.000019,5,20260805-021217,kwh,60.164
C:\Users\josep\source\repos\AIOTED-digital\04_joe_lcd_20x32\1_main_dig5_20260805-022017.jpg,1,1,0.995991,0.000010,0.995991,0.000299,0.000506,0.000425,0.000000,0.000001,0.002596,0.000054,0.000008,0.000109,5,20260805-022017,kwh,59.293
C:\Users\josep\source\repos\AIOTED-digital\04_joe_lcd_20x32\1_main_dig5_20260805-024017.jpg,1,1,0.998350,0.000013,0.998350,0.000073,0.000120,0.000376,0.000000,0.000000,0.000990,0.000044,0.000007,0.000027,5,20260805-024017,kwh,58.990
C:\Users\josep\source\repos\AIOTED-digital\04_joe_lcd_20x32\1_main_dig5_20260805-030017.jpg,1,1,0.998603,0.000004,0.998603,0.000108,0.000150,0.000238,0.000000,0.000000,0.000862,0.000011,0.000002,0.000022,5,20260805-030017,kwh,58.729
C:\Users\josep\source\repos\AIOTED-digital\04_joe_lcd_20x32\1_main_dig5_20260805-030817.jpg,1,1,0.995830,0.000045,0.995830,0.000113,0.000331,0.000528,0.000000,0.000001,0.002931,0.000131,0.000025,0.000064,5,20260805-030817,kwh,59.507
C:\Users\josep\source\repos\AIOTED-digital\04_joe_lcd_20x32\1_main_dig5_20260805-031217.jpg,1,1,0.998829,0.000005,0.998829,0.000033,0.000079,0.000081,0.000000,0.000000,0.000955,0.000010,0.000001,0.000006,5,20260805-031217,kwh,59.113
C:\Users\josep\source\repos\AIOTED-digital\04_joe_lcd_20x32\1_main_dig5_20260805-032017.jpg,1,1,0.997666,0.000010,0.997666,0.000108,0.000250,0.000224,0.000000,0.000000,0.001663,0.000041,0.000005,0.000032,5,20260805-032017,kwh,58.700
C:\Users\josep\source\repos\AIOTED-digital\04_joe_lcd_20x32\1_main_dig5_20260805-033217.jpg,1,1,0.987000,0.000102,0.987000,0.001517,0.001671,0.000954,0.000001,0.000005,0.007804,0.000633,0.000061,0.000253,5,20260805-033217,kwh,58.366
C:\Users\josep\source\repos\AIOTED-digital\04_joe_lcd_20x32\1_main_dig5_20260805-034817.jpg,1,1,0.996467,0.000021,0.996467,0.000226,0.000176,0.000119,0.000000,0.000000,0.002893,0.000062,0.000003,0.000033,5,20260805-034817,kwh,58.618
C:\Users\josep\source\repos\AIOTED-digital\04_joe_lcd_20x32\1_main_dig5_20260805-035217.jpg,1,1,0.990751,0.000035,0.990751,0.001225,0.000977,0.000180,0.000000,0.000002,0.006538,0.000204,0.000008,0.000081,5,20260805-035217,kwh,57.887
C:\Users\josep\source\repos\AIOTED-digital\04_joe_lcd_20x32\1_main_dig5_20260805-040017.jpg,1,1,0.995523,0.000027,0.995523,0.000247,0.000331,0.000395,0.000000,0.000000,0.003294,0.000090,0.000014,0.000079,5,20260805-040017,kwh,59.440
C:\Users\josep\source\repos\AIOTED-digital\04_joe_lcd_20x32\1_main_dig5_20260805-040817.jpg,1,1,0.995444,0.000030,0.995444,0.000143,0.000374,0.000257,0.000000,0.000001,0.003608,0.000083,0.000011,0.000050,5,20260805-040817,kwh,59.645
C:\Users\josep\source\repos\AIOTED-digital\04_joe_lcd_20x32\1_main_dig5_20260805-042017.jpg,1,1,0.992823,0.000085,0.992823,0.000531,0.000328,0.000183,0.000000,0.000003,0.005677,0.000252,0.000010,0.000106,5,20260805-042017,kwh,59.148
C:\Users\josep\source\repos\AIOTED-digital\04_joe_lcd_20x32\1_main_dig5_20260805-044816.jpg,1,1,0.974290,0.000070,0.974290,0.003119,0.002569,0.000271,0.000000,0.000002,0.019245,0.000327,0.000021,0.000087,5,20260805-044816,kwh,58.332
C:\Users\josep\source\repos\AIOTED-digital\04_joe_lcd_20x32\1_main_dig5_20260805-050016.jpg,1,1,0.998029,0.000003,0.998029,0.000054,0.000112,0.000038,0.000000,0.000000,0.001749,0.000007,0.000001,0.000007,5,20260805-050016,kwh,61.769
C:\Users\josep\source\repos\AIOTED-digital\04_joe_lcd_20x32\1_main_dig5_20260805-050816.jpg,1,1,0.997998,0.000004,0.997998,0.000098,0.000125,0.000066,0.000000,0.000000,0.001676,0.000015,0.000001,0.000016,5,20260805-050816,kwh,59.047
C:\Users\josep\source\repos\AIOTED-digital\04_joe_lcd_20x32\1_main_dig5_20260827-032142.jpg,1,1,0.997159,0.000050,0.997159,0.000024,0.000044,0.002302,0.000000,0.000001,0.000248,0.000115,0.000031,0.000028,5,20260827-032142,kwh,63.121
C:\Users\josep\source\repos\AIOTED-digital\04_joe_lcd_20x32\1_main_dig5_20260827-042942.jpg,1,1,0.997668,0.000137,0.997668,0.000054,0.000042,0.001498,0.000000,0.000001,0.000344,0.000212,0.000021,0.000023,5,20260827-042942,kwh,63.411
C:\Users\josep\source\repos\AIOTED-digital\04_joe_lcd_20x32\1_main_dig5_20260827-063742.jpg,1,1,0.998751,0.000007,0.998751,0.000039,0.000160,0.000147,0.000000,0.000000,0.000798,0.000074,0.000005,0.000020,5,20260827-063742,kwh,57.349
C:\Users\josep\source\repos\AIOTED-digital\04_joe_lcd_20x32\1_main_dig5_20260827-064942.jpg,1,1,0.999873,0.000000,0.999873,0.000000,0.000001,0.000082,0.000000,0.000000,0.000039,0.000002,0.000001,0.000001,5,20260827-064942,kwh,56.037
C:\Users\josep\source\repos\AIOTED-digital\04_joe_lcd_20x32\1_main_dig5_20260827-065742.jpg,1,1,0.999932,0.000000,0.999932,0.000000,0.000001,0.000009,0.000000,0.000000,0.000057,0.000000,0.000000,0.000000,5,20260827-065742,kwh,55.806
C:\Users\josep\source\repos\AIOTED-digital\04_joe_lcd_20x32\1_main_dig5_20260827-070941.jpg,1,1,0.999997,0.000000,0.999997,0.000000,0.000000,0.000000,0.000000,0.000000,0.000003,0.000000,0.000000,0.000000,5,20260827-070941,kwh,57.832
C:\Users\josep\source\repos\AIOTED-digital\04_joe_lcd_20x32\1_main_dig5_20260827-071741.jpg,1,1,0.999998,0.000000,0.999998,0.000000,0.000000,0.000001,0.000000,0.000000,0.000002,0.000000,0.000000,0.000000,5,20260827-071741,kwh,56.979
C:\Users\josep\source\repos\AIOTED-digital\04_joe_lcd_20x32\1_main_dig5_20260827-072941.jpg,1,1,1.000000,0.000000,1.000000,0.000000,0.000000,0.000000,0.000000,0.000000,0.000000,0.000000,0.000000,0.000000,5,20260827-072941,kwh,58.646
C:\Users\josep\source\repos\AIOTED-digital\04_joe_lcd_20x32\1_main_dig5_20260827-073741.jpg,1,1,0.999999,0.000000,0.999999,0.000000,0.000000,0.000000,0.000000,0.000000,0.000001,0.000000,0.000000,0.000000,5,20260827-073741,kwh,58.990
C:\Users\josep\source\repos\AIOTED-digital\04_joe_lcd_20x32\1_main_dig5_20260827-074941.jpg,1,1,1.000000,0.000000,1.000000,0.000000,0.000000,0.000000,0.000000,0.000000,0.000000,0.000000,0.000000,0.000000,5,20260827-074941,kwh,68.230
C:\Users\josep\source\repos\AIOTED-digital\04_joe_lcd_20x32\1_main_dig5_20260827-075741.jpg,1,1,1.000000,0.000000,1.000000,0.000000,0.000000,0.000000,0.000000,0.000000,0.000000,0.000000,0.000000,0.000000,5,20260827-075741,kwh,69.361
C:\Users\josep\source\repos\AIOTED-digital\04_joe_lcd_20x32\1_main_dig5_20260827-080941.jpg,1,1,1.000000,0.000000,1.000000,0.000000,0.000000,0.000000,0.000000,0.000000,0.000000,0.000000,0.000000,0.000000,5,20260827-080941,kwh,69.945
C:\Users\josep\source\repos\AIOTED-digital\04_joe_lcd_20x32\1_main_dig5_20260827-081740.jpg,1,1,1.000000,0.000000,1.000000,0.000000,0.000000,0.000000,0.000000,0.000000,0.000000,0.000000,0.000000,0.000000,5,20260827-081740,kwh,70.891
C:\Users\josep\source\repos\AIOTED-digital\04_joe_lcd_20x32\1_main_dig5_20260827-082940.jpg,1,1,0.999999,0.000000,0.999999,0.000000,0.000000,0.000000,0.000000,0.000000,0.000001,0.000000,0.000000,0.000000,5,20260827-082940,kwh,69.872
C:\Users\josep\source\repos\AIOTED-digital\04_joe_lcd_20x32\1_main_dig5_20260827-083740.jpg,1,1,1.000000,0.000000,1.000000,0.000000,0.000000,0.000000,0.000000,0.000000,0.000000,0.000000,0.000000,0.000000,5,20260827-083740,kwh,72.579
C:\Users\josep\source\repos\AIOTED-digital\04_joe_lcd_20x32\1_main_dig5_20260827-084940.jpg,1,1,1.000000,0.000000,1.000000,0.000000,0.000000,0.000000,0.000000,0.000000,0.000000,0.000000,0.000000,0.000000,5,20260827-084940,kwh,70.940
C:\Users\josep\source\repos\AIOTED-digital\04_joe_lcd_20x32\1_main_dig5_20260829-220536.jpg,1,1,0.989661,0.000130,0.989661,0.001234,0.000863,0.005628,0.000001,0.000010,0.001565,0.000713,0.000104,0.000090,5,20260829-220536,kwh,64.204
C:\Users\josep\source\repos\AIOTED-digital\04_joe_lcd_20x32\1_main_dig5_20260829-224137.jpg,1,1,0.979052,0.000100,0.979052,0.004948,0.005506,0.005607,0.000001,0.000018,0.002816,0.001568,0.000219,0.000165,5,20260829-224137,kwh,64.870
C:\Users\josep\source\repos\AIOTED-digital\04_joe_lcd_20x32\1_main_dig5_20260829-235336.jpg,1,1,0.995522,0.000041,0.995522,0.000291,0.000742,0.002012,0.000000,0.000002,0.001021,0.000249,0.000058,0.000061,5,20260829-235336,kwh,64.225
C:\Users\josep\source\repos\AIOTED-digital\04_joe_lcd_20x32\1_main_dig5_20260830-011336.jpg,1,1,0.990182,0.000098,0.990182,0.001093,0.001896,0.001664,0.000001,0.000003,0.004565,0.000361,0.000088,0.000050,5,20260830-011336,kwh,64.919
C:\Users\josep\source\repos\AIOTED-digital\04_joe_lcd_20x32\1_main_dig5_20260830-035336.jpg,1,1,0.989165,0.000125,0.989165,0.003822,0.001891,0.001031,0.000001,0.000016,0.002908,0.000912,0.000036,0.000093,5,20260830-035336,kwh,65.035
C:\Users\josep\source\repos\AIOTED-digital\04_joe_lcd_20x32\1_main_dig5_20260830-063336.jpg,1,1,0.996384,0.000010,0.996384,0.001453,0.000430,0.000241,0.000000,0.000000,0.001309,0.000107,0.000003,0.000063,5,20260830-063336,kwh,58.024
C:\Users\josep\source\repos\AIOTED-digital\04_joe_lcd_20x32\1_main_dig5_20260830-065336.jpg,1,1,0.999990,0.000000,0.999990,0.000000,0.000000,0.000002,0.000000,0.000000,0.000007,0.000000,0.000000,0.000000,5,20260830-065336,kwh,56.155
C:\Users\josep\source\repos\AIOTED-digital\04_joe_lcd_20x32\1_main_dig5_20260830-070136.jpg,1,1,0.999998,0.000000,0.999998,0.000000,0.000000,0.000000,0.000000,0.000000,0.000001,0.000000,0.000000,0.000000,5,20260830-070136,kwh,55.087
C:\Users\josep\source\repos\AIOTED-digital\04_joe_lcd_20x32\1_main_dig5_20260830-070936.jpg,1,1,1.000000,0.000000,1.000000,0.000000,0.000000,0.000000,0.000000,0.000000,0.000000,0.000000,0.000000,0.000000,5,20260830-070936,kwh,53.426
C:\Users\josep\source\repos\AIOTED-digital\04_joe_lcd_20x32\1_main_dig5_20260830-072136.jpg,1,1,1.000000,0.000000,1.000000,0.000000,0.000000,0.000000,0.000000,0.000000,0.000000,0.000000,0.000000,0.000000,5,20260830-072136,kwh,52.089
C:\Users\josep\source\repos\AIOTED-digital\04_joe_lcd_20x32\1_main_dig5_20260830-072936.jpg,1,1,1.000000,0.000000,1.000000,0.000000,0.000000,0.000000,0.000000,0.000000,0.000000,0.000000,0.000000,0.000000,5,20260830-072936,kwh,52.999
C:\Users\josep\source\repos\AIOTED-digital\04_joe_lcd_20x32\1_main_dig5_20260830-074136.jpg,1,1,1.000000,0.000000,1.000000,0.000000,0.000000,0.000000,0.000000,0.000000,0.000000,0.000000,0.000000,0.000000,5,20260830-074136,kwh,53.705
C:\Users\josep\source\repos\AIOTED-digital\04_joe_lcd_20x32\1_main_dig5_20260830-074936.jpg,1,1,1.000000,0.000000,1.000000,0.000000,0.000000,0.000000,0.000000,0.000000,0.000000,0.000000,0.000000,0.000000,5,20260830-074936,kwh,53.734
C:\Users\josep\source\repos\AIOTED-digital\04_joe_lcd_20x32\1_main_dig5_20260830-080136.jpg,1,1,1.000000,0.000000,1.000000,0.000000,0.000000,0.000000,0.000000,0.000000,0.000000,0.000000,0.000000,0.000000,5,20260830-080136,kwh,54.787
C:\Users\josep\source\repos\AIOTED-digital\04_joe_lcd_20x32\1_main_dig5_20260830-080936.jpg,1,1,1.000000,0.000000,1.000000,0.000000,0.000000,0.000000,0.000000,0.000000,0.000000,0.000000,0.000000,0.000000,5,20260830-080936,kwh,58.445
C:\Users\josep\source\repos\AIOTED-digital\04_joe_lcd_20x32\1_main_dig5_20260830-082136.jpg,1,1,1.000000,0.000000,1.000000,0.000000,0.000000,0.000000,0.000000,0.000000,0.000000,0.000000,0.000000,0.000000,5,20260830-082136,kwh,59.510
C:\Users\josep\source\repos\AIOTED-digital\04_joe_lcd_20x32\1_main_dig5_20260830-082936.jpg,1,1,1.000000,0.000000,1.000000,0.000000,0.000000,0.000000,0.000000,0.000000,0.000000,0.000000,0.000000,0.000000,5,20260830-082936,kwh,60.094
C:\Users\josep\source\repos\AIOTED-digital\04_joe_lcd_20x32\1_main_dig5_20260830-084136.jpg,1,1,0.999999,0.000000,0.999999,0.000000,0.000000,0.000000,0.000000,0.000000,0.000001,0.000000,0.000000,0.000000,5,20260830-084136,kwh,64.801
C:\Users\josep\source\repos\AIOTED-digital\04_joe_lcd_20x32\1_main_dig6_20260805-064016.jpg,1,1,0.999999,0.000000,0.999999,0.000000,0.000000,0.000000,0.000000,0.000000,0.000000,0.000000,0.000000,0.000000,6,20260805-064016,kwh,28.962
C:\Users\josep\source\repos\AIOTED-digital\04_joe_lcd_20x32\1_main_dig6_20260805-064816.jpg,1,1,0.999999,0.000000,0.999999,0.000000,0.000000,0.000000,0.000000,0.000000,0.000001,0.000000,0.000000,0.000000,6,20260805-064816,kwh,30.335
C:\Users\josep\source\repos\AIOTED-digital\04_joe_lcd_20x32\1_main_dig6_20260805-072016.jpg,1,1,0.999999,0.000000,0.999999,0.000000,0.000000,0.000000,0.000000,0.000000,0.000001,0.000000,0.000000,0.000000,6,20260805-072016,kwh,42.310
C:\Users\josep\source\repos\AIOTED-digital\04_joe_lcd_20x32\1_main_dig6_20260805-182415.jpg,1,1,0.999981,0.000002,0.999981,0.000000,0.000000,0.000017,0.000000,0.000000,0.000000,0.000000,0.000000,0.000000,6,20260805-182415,kwh,46.866
C:\Users\josep\source\repos\AIOTED-digital\04_joe_lcd_20x32\1_main_dig6_20260805-182815.jpg,1,1,0.999999,0.000000,0.999999,0.000000,0.000000,0.000000,0.000000,0.000000,0.000001,0.000000,0.000000,0.000000,6,20260805-182815,kwh,44.089
C:\Users\josep\source\repos\AIOTED-digital\04_joe_lcd_20x32\1_main_dig6_20260805-183615.jpg,1,1,0.999999,0.000000,0.999999,0.000000,0.000000,0.000000,0.000000,0.000000,0.000001,0.000000,0.000000,0.000000,6,20260805-183615,kwh,43.128
C:\Users\josep\source\repos\AIOTED-digital\04_joe_lcd_20x32\1_main_dig6_20260827-094941.jpg,1,1,0.999639,0.000005,0.999639,0.000000,0.000000,0.000148,0.000000,0.000000,0.000205,0.000000,0.000000,0.000002,6,20260827-094941,kwh,79.918
C:\Users\josep\source\repos\AIOTED-digital\04_joe_lcd_20x32\1_main_dig6_20260827-180541.jpg,1,1,1.000000,0.000000,1.000000,0.000000,0.000000,0.000000,0.000000,0.000000,0.000000,0.000000,0.000000,0.000000,6,20260827-180541,kwh,33.952
C:\Users\josep\source\repos\AIOTED-digital\04_joe_lcd_20x32\1_main_dig6_20260829-125737.jpg,1,1,1.000000,0.000000,1.000000,0.000000,0.000000,0.000000,0.000000,0.000000,0.000000,0.000000,0.000000,0.000000,6,20260829-125737,kwh,37.794
C:\Users\josep\source\repos\AIOTED-digital\04_joe_lcd_20x32\1_main_dig6_20260829-130537.jpg,1,1,1.000000,0.000000,1.000000,0.000000,0.000000,0.000000,0.000000,0.000000,0.000000,0.000000,0.000000,0.000000,6,20260829-130537,kwh,48.165
C:\Users\josep\source\repos\AIOTED-digital\04_joe_lcd_20x32\1_main_dig6_20260829-132537.jpg,1,1,1.000000,0.000000,1.000000,0.000000,0.000000,0.000000,0.000000,0.000000,0.000000,0.000000,0.000000,0.000000,6,20260829-132537,kwh,34.886
C:\Users\josep\source\repos\AIOTED-digital\04_joe_lcd_20x32\1_main_dig6_20260829-220136.jpg,1,1,0.957009,0.001446,0.957009,0.000951,0.007993,0.012006,0.000001,0.000001,0.018558,0.000606,0.001399,0.000028,6,20260829-220136,kwh,28.100
C:\Users\josep\source\repos\AIOTED-digital\04_joe_lcd_20x32\1_main_dig6_20260829-220536.jpg,1,1,0.963999,0.003422,0.963999,0.000252,0.004408,0.014762,0.000004,0.000009,0.009325,0.001110,0.002699,0.000011,6,20260829-220536,kwh,27.611
C:\Users\josep\source\repos\AIOTED-digital\04_joe_lcd_20x32\1_main_dig6_20260830-102136.jpg,1,1,0.999426,0.000013,0.999426,0.000000,0.000000,0.000333,0.000000,0.000000,0.000220,0.000000,0.000000,0.000006,6,20260830-102136,kwh,74.147
C:\Users\josep\source\repos\AIOTED-digital\04_joe_lcd_20x32\1_main_dig6_20260830-180935.jpg,1,1,1.000000,0.000000,1.000000,0.000000,0.000000,0.000000,0.000000,0.000000,0.000000,0.000000,0.000000,0.000000,6,20260830-180935,kwh,42.865
C:\Users\josep\source\repos\AIOTED-digital\04_joe_lcd_20x32\1_main_dig6_20260831-040534.jpg,1,1,0.773858,0.035130,0.773858,0.000057,0.000888,0.145385,0.000079,0.000093,0.002913,0.009612,0.031978,0.000007,6,20260831-040534,kwh,26.255
C:\Users\josep\source\repos\AIOTED-digital\04_joe_lcd_20x32\1_main_dig6_20260831-135334.jpg,1,1,0.999264,0.000000,0.999264,0.000000,0.000000,0.000000,0.000000,0.000000,0.000736,0.000000,0.000000,0.000000,6,20260831-135334,kwh,52.540
C:\Users\josep\source\repos\AIOTED-digital\04_joe_lcd_20x32\1_main_dig6_20260831-210133.jpg,1,1,0.990492,0.000063,0.990492,0.000000,0.000000,0.009436,0.000000,0.000000,0.000004,0.000001,0.000004,0.000000,6,20260831-210133,kwh,23.126
C:\Users\josep\source\repos\AIOTED-digital\04_joe_lcd_20x32\1_main_dig6_20260902-084710.jpg,1,1,1.000000,0.000000,1.000000,0.000000,0.000000,0.000000,0.000000,0.000000,0.000000,0.000000,0.000000,0.000000,6,20260902-084710,kwh,31.390
C:\Users\josep\source\repos\AIOTED-digital\04_joe_lcd_20x32\1_main_dig6_20260902-175509.jpg,1,1,1.000000,0.000000,1.000000,0.000000,0.000000,0.000000,0.000000,0.000000,0.000000,0.000000,0.000000,0.000000,6,20260902-175509,kwh,28.047
C:\Users\josep\source\repos\AIOTED-digital\04_joe_lcd_20x32\1_main_dig6_20260902-225509.jpg,1,1,0.984147,0.002693,0.984147,0.000119,0.001006,0.005866,0.000000,0.000001,0.005309,0.000218,0.000635,0.000006,6,20260902-225509,kwh,25.196
C:\Users\josep\source\repos\AIOTED-digital\04_joe_lcd_20x32\1_main_dig6_20260902-232308.jpg,1,1,0.994356,0.000754,0.994356,0.000022,0.000163,0.002772,0.000000,0.000000,0.001714,0.000048,0.000167,0.000004,6,20260902-232308,kwh,24.780
C:\Users\josep\source\repos\AIOTED-digital\04_joe_lcd_20x32\1_main_dig6_20260905-000258.jpg,1,1,0.931788,0.000154,0.931788,0.001283,0.023174,0.014409,0.000035,0.000016,0.025441,0.000234,0.001657,0.001809,6,20260905-000258,kwh,27.313
C:\Users\josep\source\repos\AIOTED-digital\04_joe_lcd_20x32\1_main_dig6_20260905-081058.jpg,1,1,0.999999,0.000000,0.999999,0.000000,0.000000,0.000000,0.000000,0.000000,0.000001,0.000000,0.000000,0.000000,6,20260905-081058,kwh,23.044
C:\Users\josep\source\repos\AIOTED-digital\04_joe_lcd_20x32\1_main_dig6_20260905-083058.jpg,1,1,1.000000,0.000000,1.000000,0.000000,0.000000,0.000000,0.000000,0.000000,0.000000,0.000000,0.000000,0.000000,6,20260905-083058,kwh,29.039
C:\Users\josep\source\repos\AIOTED-digital\04_joe_lcd_20x32\1_main_dig6_20260905-084258.jpg,1,1,1.000000,0.000000,1.000000,0.000000,0.000000,0.000000,0.000000,0.000000,0.000000,0.000000,0.000000,0.000000,6,20260905-084258,kwh,36.179
C:\Users\josep\source\repos\AIOTED-digital\04_joe_lcd_20x32\1_main_dig6_20260908-073122.jpg,1,1,0.999650,0.000137,0.999650,0.000000,0.000000,0.000006,0.000000,0.000000,0.000206,0.000000,0.000001,0.000000,6,20260908-073122,kwh,19.301
C:\Users\josep\source\repos\AIOTED-digital\04_joe_lcd_20x32\1_main_dig6_20260908-151921.jpg,1,1,0.999987,0.000008,0.999987,0.000000,0.000000,0.000000,0.000000,0.000000,0.000005,0.000000,0.000000,0.000000,6,20260908-151921,kwh,45.206
C:\Users\josep\source\repos\AIOTED-digital\04_joe_lcd_20x32\1_main_dig6_20260908-195921.jpg,1,1,0.996836,0.000071,0.996836,0.000010,0.000214,0.000294,0.000000,0.000000,0.002503,0.000033,0.000037,0.000001,6,20260908-195921,kwh,23.196
C:\Users\josep\source\repos\AIOTED-digital\04_joe_lcd_20x32\1_main_dig6_20260917-031733.jpg,1,1,0.952012,0.000247,0.952012,0.003893,0.011922,0.003134,0.000006,0.000015,0.027985,0.000237,0.000301,0.000247,6,20260917-031733,kwh,23.936
C:\Users\josep\source\repos\AIOTED-digital\04_joe_lcd_20x32\1_main_dig6_20260917-033733.jpg,1,1,0.932935,0.000466,0.932935,0.004654,0.024345,0.001265,0.000025,0.000096,0.034861,0.000708,0.000419,0.000226,6,20260917-033733,kwh,24.753
C:\Users\josep\source\repos\AIOTED-digital\04_joe_lcd_20x32\1_main_dig6_20260917-034933.jpg,1,1,0.974396,0.000643,0.974396,0.001707,0.005371,0.004853,0.000012,0.000035,0.011656,0.000616,0.000604,0.000108,6,20260917-034933,kwh,24.072
C:\Users\josep\source\repos\AIOTED-digital\04_joe_lcd_20x32\1_main_dig6_20260917-035733.jpg,1,1,0.958879,0.000671,0.958879,0.002349,0.013469,0.007028,0.000011,0.000031,0.015690,0.000795,0.000988,0.000088,6,20260917-035733,kwh,26.189
C:\Users\josep\source\repos\AIOTED-digital\04_joe_lcd_20x32\1_main_dig6_20260917-141732.jpg,1,1,0.999763,0.000159,0.999763,0.000000,0.000000,0.000001,0.000000,0.000000,0.000077,0.000000,0.000000,0.000000,6,20260917-141732,kwh,48.381
C:\Users\josep\source\repos\AIOTED-digital\04_joe_lcd_20x32\1_main_dig6_20260930-011438.jpg,1,1,0.958943,0.000241,0.958943,0.000728,0.010316,0.000487,0.000004,0.000013,0.028870,0.000200,0.000136,0.000061,6,20260930-011438,kwh,25.589
C:\Users\josep\source\repos\AIOTED-digital\04_joe_lcd_20x32\1_main_dig6_20260930-012238.jpg,1,1,0.992086,0.000012,0.992086,0.000528,0.001568,0.000262,0.000000,0.000001,0.005456,0.000017,0.000014,0.000057,6,20260930-012238,kwh,25.209
C:\Users\josep\source\repos\AIOTED-digital\04_joe_lcd_20x32\1_main_dig6_20260930-013438.jpg,1,1,0.982324,0.000067,0.982324,0.002445,0.004246,0.000307,0.000001,0.000003,0.010353,0.000113,0.000035,0.000107,6,20260930-013438,kwh,25.577
C:\Users\josep\source\repos\AIOTED-digital\04_joe_lcd_20x32\1_main_dig6_20260930-014238.jpg,1,1,0.988183,0.000026,0.988183,0.000446,0.003358,0.000786,0.000000,0.000001,0.007087,0.000028,0.000050,0.000035,6,20260930-014238,kwh,26.576
C:\Users\josep\source\repos\AIOTED-digital\04_joe_lcd_20x32\2_main_dig5_20260805-060016.jpg,2,2,1.000000,0.000000,0.000000,1.000000,0.000000,0.000000,0.000000,0.000000,0.000000,0.000000,0.000000,0.000000,5,20260805-060016,kwh,55.870
C:\Users\josep\source\repos\AIOTED-digital\04_joe_lcd_20x32\2_main_dig5_20260805-060816.jpg,2,2,1.000000,0.000000,0.000000,1.000000,0.000000,0.000000,0.000000,0.000000,0.000000,0.000000,0.000000,0.000000,5,20260805-060816,kwh,52.415
C:\Users\josep\source\repos\AIOTED-digital\04_joe_lcd_20x32\2_main_dig5_20260805-064016.jpg,2,2,1.000000,0.000000,0.000000,1.000000,0.000000,0.000000,0.000000,0.000000,0.000000,0.000000,0.000000,0.000000,5,20260805-064016,kwh,49.074
C:\Users\josep\source\repos\AIOTED-digital\04_joe_lcd_20x32\2_main_dig5_20260805-064816.jpg,2,2,1.000000,0.000000,0.000000,1.000000,0.000000,0.000000,0.000000,0.000000,0.000000,0.000000,0.000000,0.000000,5,20260805-064816,kwh,50.272
C:\Users\josep\source\repos\AIOTED-digital\04_joe_lcd_20x32\2_main_dig5_20260805-070816.jpg,2,2,1.000000,0.000000,0.000000,1.000000,0.000000,0.000000,0.000000,0.000000,0.000000,0.000000,0.000000,0.000000,5,20260805-070816,kwh,49.045
C:\Users\josep\source\repos\AIOTED-digital\04_joe_lcd_20x32\2_main_dig5_20260805-084016.jpg,2,2,1.000000,0.000000,0.000000,1.000000,0.000000,0.000000,0.000000,0.000000,0.000000,0.000000,0.000000,0.000000,5,20260805-084016,kwh,49.056
C:\Users\josep\source\repos\AIOTED-digital\04_joe_lcd_20x32\2_main_dig5_20260805-100816.jpg,2,2,1.000000,0.000000,0.000000,1.000000,0.000000,0.000000,0.000000,0.000000,0.000000,0.000000,0.000000,0.000000,5,20260805-100816,kwh,54.705
C:\Users\josep\source\repos\AIOTED-digital\04_joe_lcd_20x32\2_main_dig5_20260805-112016.jpg,2,2,1.000000,0.000000,0.000000,1.000000,0.000000,0.000000,0.000000,0.000000,0.000000,0.000000,0.000000,0.000000,5,20260805-112016,kwh,52.226
C:\Users\josep\source\repos\AIOTED-digital\04_joe_lcd_20x32\2_main_dig5_20260827-093741.jpg,2,2,1.000000,0.000000,0.000000,1.000000,0.000000,0.000000,0.000000,0.000000,0.000000,0.000000,0.000000,0.000000,5,20260827-093741,kwh,74.804
C:\Users\josep\source\repos\AIOTED-digital\04_joe_lcd_20x32\2_main_dig5_20260827-100941.jpg,2,2,1.000000,0.000000,0.000000,1.000000,0.000000,0.000000,0.000000,0.000000,0.000000,0.000000,0.000000,0.000000,5,20260827-100941,kwh,74.396
C:\Users\josep\source\repos\AIOTED-digital\04_joe_lcd_20x32\2_main_dig5_20260827-102941.jpg,2,2,1.000000,0.000000,0.000000,1.000000,0.000000,0.000000,0.000000,0.000000,0.000000,0.000000,0.000000,0.000000,5,20260827-102941,kwh,70.429
C:\Users\josep\source\repos\AIOTED-digital\04_joe_lcd_20x32\2_main_dig5_20260827-111741.jpg,2,2,1.000000,0.000000,0.000000,1.000000,0.000000,0.000000,0.000000,0.000000,0.000000,0.000000,0.000000,0.000000,5,20260827-111741,kwh,71.848
C:\Users\josep\source\repos\AIOTED-digital\04_joe_lcd_20x32\2_main_dig5_20260827-115741.jpg,2,2,1.000000,0.000000,0.000000,1.000000,0.000000,0.000000,0.000000,0.000000,0.000000,0.000000,0.000000,0.000000,5,20260827-115741,kwh,75.878
C:\Users\josep\source\repos\AIOTED-digital\04_joe_lcd_20x32\2_main_dig5_20260827-133741.jpg,2,2,1.000000,0.000000,0.000000,1.000000,0.000000,0.000000,0.000000,0.000000,0.000000,0.000000,0.000000,0.000000,5,20260827-133741,kwh,67.847
C:\Users\josep\source\repos\AIOTED-digital\04_joe_lcd_20x32\2_main_dig5_20260827-134541.jpg,2,2,1.000000,0.000000,0.000000,1.000000,0.000000,0.000000,0.000000,0.000000,0.000000,0.000000,0.000000,0.000000,5,20260827-134541,kwh,86.316
C:\Users\josep\source\repos\AIOTED-digital\04_joe_lcd_20x32\2_main_dig5_20260830-094136.jpg,2,2,1.000000,0.000000,0.000000,1.000000,0.000000,0.000000,0.000000,0.000000,0.000000,0.000000,0.000000,0.000000,5,20260830-094136,kwh,67.602
C:\Users\josep\source\repos\AIOTED-digital\04_joe_lcd_20x32\2_main_dig5_20260830-100136.jpg,2,2,1.000000,0.000000,0.000000,1.000000,0.000000,0.000000,0.000000,0.000000,0.000000,0.000000,0.000000,0.000000,5,20260830-100136,kwh,72.807
C:\Users\josep\source\repos\AIOTED-digital\04_joe_lcd_20x32\2_main_dig5_20260830-130935.jpg,2,2,1.000000,0.000000,0.000000,1.000000,0.000000,0.000000,0.000000,0.000000,0.000000,0.000000,0.000000,0.000000,5,20260830-130935,kwh,57.025
C:\Users\josep\source\repos\AIOTED-digital\04_joe_lcd_20x32\2_main_dig5_20260830-132135.jpg,2,2,1.000000,0.000000,0.000000,1.000000,0.000000,0.000000,0.000000,0.000000,0.000000,0.000000,0.000000,0.000000,5,20260830-132135,kwh,54.842
C:\Users\josep\source\repos\AIOTED-digital\04_joe_lcd_20x32\2_main_dig5_20260830-132935.jpg,2,2,1.000000,0.000000,0.000000,1.000000,0.000000,0.000000,0.000000,0.000000,0.000000,0.000000,0.000000,0.000000,5,20260830-132935,kwh,52.990
C:\Users\josep\source\repos\AIOTED-digital\04_joe_lcd_20x32\2_main_dig5_20260830-134135.jpg,2,2,1.000000,0.000000,0.000000,1.000000,0.000000,0.000000,0.000000,0.000000,0.000000,0.000000,0.000000,0.000000,5,20260830-134135,kwh,54.007
C:\Users\josep\source\repos\AIOTED-digital\04_joe_lcd_20x32\2_main_dig5_20260917-000933.jpg,2,2,1.000000,0.000000,0.000000,1.000000,0.000000,0.000000,0.000000,0.000000,0.000000,0.000000,0.000000,0.000000,5,20260917-000933,kwh,54.743
C:\Users\josep\source\repos\AIOTED-digital\04_joe_lcd_20x32\2_main_dig5_20260917-001733.jpg,2,2,1.000000,0.000000,0.000000,1.000000,0.000000,0.000000,0.000000,0.000000,0.000000,0.000000,0.000000,0.000000,5,20260917-001733,kwh,57.159
C:\Users\josep\source\repos\AIOTED-digital\04_joe_lcd_20x32\2_main_dig5_20260917-002933.jpg,2,2,1.000000,0.000000,0.000000,1.000000,0.000000,0.000000,0.000000,0.000000,0.000000,0.000000,0.000000,0.000000,5,20260917-002933,kwh,57.061
C:\Users\josep\source\repos\AIOTED-digital\04_joe_lcd_20x32\2_main_dig5_20260917-003733.jpg,2,2,1.000000,0.000000,0.000000,1.000000,0.000000,0.000000,0.000000,0.000000,0.000000,0.000000,0.000000,0.000000,5,20260917-003733,kwh,56.102
C:\Users\josep\source\repos\AIOTED-digital\04_joe_lcd_20x32\2_main_dig5_20260917-004933.jpg,2,2,1.000000,0.000000,0.000000,1.000000,0.000000,0.000000,0.000000,0.000000,0.000000,0.000000,0.000000,0.000000,5,20260917-004933,kwh,56.895
C:\Users\josep\source\repos\AIOTED-digital\04_joe_lcd_20x32\2_main_dig5_20260917-005733.jpg,2,2,1.000000,0.000000,0.000000,1.000000,0.000000,0.000000,0.000000,0.000000,0.000000,0.000000,0.000000,0.000000,5,20260917-005733,kwh,56.129
C:\Users\josep\source\repos\AIOTED-digital\04_joe_lcd_20x32\2_main_dig5_20260917-010933.jpg,2,2,1.000000,0.000000,0.000000,1.000000,0.000000,0.000000,0.000000,0.000000,0.000000,0.000000,0.000000,0.000000,5,20260917-010933,kwh,58.119
C:\Users\josep\source\repos\AIOTED-digital\04_joe_lcd_20x32\2_main_dig5_20260917-011733.jpg,2,2,1.000000,0.000000,0.000000,1.000000,0.000000,0.000000,0.000000,0.000000,0.000000,0.000000,0.000000,0.000000,5,20260917-011733,kwh,55.977
C:\Users\josep\source\repos\AIOTED-digital\04_joe_lcd_20x32\2_main_dig5_20260917-012933.jpg,2,2,1.000000,0.000000,0.000000,1.000000,0.000000,0.000000,0.000000,0.000000,0.000000,0.000000,0.000000,0.000000,5,20260917-012933,kwh,55.414
C:\Users\josep\source\repos\AIOTED-digital\04_joe_lcd_20x32\2_main_dig6_20260805-135616.jpg,2,2,1.000000,0.000000,0.000000,1.000000,0.000000,0.000000,0.000000,0.000000,0.000000,0.000000,0.000000,0.000000,6,20260805-135616,kwh,73.063
C:\Users\josep\source\repos\AIOTED-digital\04_joe_lcd_20x32\2_main_dig6_20260805-185615.jpg,2,2,1.000000,0.000000,0.000000,1.000000,0.000000,0.000000,0.000000,0.000000,0.000000,0.000000,0.000000,0.000000,6,20260805-185615,kwh,44.342
C:\Users\josep\source\repos\AIOTED-digital\04_joe_lcd_20x32\2_main_dig6_20260827-000142.jpg,2,2,0.999446,0.000000,0.000000,0.999446,0.000345,0.000000,0.000000,0.000000,0.000203,0.000005,0.000000,0.000000,6,20260827-000142,kwh,29.821
C:\Users\josep\source\repos\AIOTED-digital\04_joe_lcd_20x32\2_main_dig6_20260827-000942.jpg,2,2,0.999727,0.000000,0.000000,0.999727,0.000170,0.000000,0.000000,0.000000,0.000098,0.000005,0.000000,0.000000,6,20260827-000942,kwh,30.812
C:\Users\josep\source\repos\AIOTED-digital\04_joe_lcd_20x32\2_main_dig6_20260827-103741.jpg,2,2,1.000000,0.000000,0.000000,1.000000,0.000000,0.000000,0.000000,0.000000,0.000000,0.000000,0.000000,0.000000,6,20260827-103741,kwh,89.843
C:\Users\josep\source\repos\AIOTED-digital\04_joe_lcd_20x32\2_main_dig6_20260827-145741.jpg,2,2,1.000000,0.000000,0.000000,1.000000,0.000000,0.000000,0.000000,0.000000,0.000000,0.000000,0.000000,0.000000,6,20260827-145741,kwh,63.188
C:\Users\josep\source\repos\AIOTED-digital\04_joe_lcd_20x32\2_main_dig6_20260827-182541.jpg,2,2,1.000000,0.000000,0.000000,1.000000,0.000000,0.000000,0.000000,0.000000,0.000000,0.000000,0.000000,0.000000,6,20260827-182541,kwh,38.621
C:\Users\josep\source\repos\AIOTED-digital\04_joe_lcd_20x32\2_main_dig6_20260829-054938.jpg,2,2,0.999999,0.000000,0.000000,0.999999,0.000000,0.000000,0.000000,0.000000,0.000001,0.000000,0.000000,0.000000,6,20260829-054938,kwh,22.403
C:\Users\josep\source\repos\AIOTED-digital\04_joe_lcd_20x32\2_main_dig6_20260829-135737.jpg,2,2,1.000000,0.000000,0.000000,1.000000,0.000000,0.000000,0.000000,0.000000,0.000000,0.000000,0.000000,0.000000,6,20260829-135737,kwh,48.964
C:\Users\josep\source\repos\AIOTED-digital\04_joe_lcd_20x32\2_main_dig6_20260829-143337.jpg,2,2,1.000000,0.000000,0.000000,1.000000,0.000000,0.000000,0.000000,0.000000,0.000000,0.000000,0.000000,0.000000,6,20260829-143337,kwh,34.053
C:\Users\josep\source\repos\AIOTED-digital\04_joe_lcd_20x32\2_main_dig6_20260829-233336.jpg,2,2,0.999511,0.000000,0.000000,0.999511,0.000217,0.000000,0.000000,0.000000,0.000271,0.000001,0.000000,0.000000,6,20260829-233336,kwh,30.559
C:\Users\josep\source\repos\AIOTED-digital\04_joe_lcd_20x32\2_main_dig6_20260830-110936.jpg,2,2,0.999598,0.000000,0.000000,0.999598,0.000001,0.000000,0.000000,0.000000,0.000402,0.000000,0.000000,0.000000,6,20260830-110936,kwh,76.899
C:\Users\josep\source\repos\AIOTED-digital\04_joe_lcd_20x32\2_main_dig6_20260830-144135.jpg,2,2,1.000000,0.000000,0.000000,1.000000,0.000000,0.000000,0.000000,0.000000,0.000000,0.000000,0.000000,0.000000,6,20260830-144135,kwh,45.398
C:\Users\josep\source\repos\AIOTED-digital\04_joe_lcd_20x32\2_main_dig6_20260830-183735.jpg,2,2,1.000000,0.000000,0.000000,1.000000,0.000000,0.000000,0.000000,0.000000,0.000000,0.000000,0.000000,0.000000,6,20260830-183735,kwh,25.816
C:\Users\josep\source\repos\AIOTED-digital\04_joe_lcd_20x32\2_main_dig6_20260830-185735.jpg,2,2,1.000000,0.000000,0.000000,1.000000,0.000000,0.000000,0.000000,0.000000,0.000000,0.000000,0.000000,0.000000,6,20260830-185735,kwh,26.110
C:\Users\josep\source\repos\AIOTED-digital\04_joe_lcd_20x32\2_main_dig6_20260831-050534.jpg,2,2,0.999975,0.000000,0.000000,0.999975,0.000014,0.000000,0.000000,0.000000,0.000011,0.000000,0.000000,0.000000,6,20260831-050534,kwh,26.913
C:\Users\josep\source\repos\AIOTED-digital\04_joe_lcd_20x32\2_main_dig6_20260831-110534.jpg,2,2,1.000000,0.000000,0.000000,1.000000,0.000000,0.000000,0.000000,0.000000,0.000000,0.000000,0.000000,0.000000,6,20260831-110534,kwh,60.174
C:\Users\josep\source\repos\AIOTED-digital\04_joe_lcd_20x32\2_main_dig6_20260831-111334.jpg,2,2,1.000000,0.000000,0.000000,1.000000,0.000000,0.000000,0.000000,0.000000,0.000000,0.000000,0.000000,0.000000,6,20260831-111334,kwh,57.029
C:\Users\josep\source\repos\AIOTED-digital\04_joe_lcd_20x32\2_main_dig6_20260831-173333.jpg,2,2,1.000000,0.000000,0.000000,1.000000,0.000000,0.000000,0.000000,0.000000,0.000000,0.000000,0.000000,0.000000,6,20260831-173333,kwh,36.634
C:\Users\josep\source\repos\AIOTED-digital\04_joe_lcd_20x32\2_main_dig6_20260831-212133.jpg,2,2,0.998421,0.000001,0.000000,0.998421,0.000363,0.000000,0.000000,0.000000,0.001212,0.000004,0.000000,0.000000,6,20260831-212133,kwh,24.043
C:\Users\josep\source\repos\AIOTED-digital\04_joe_lcd_20x32\2_main_dig6_20260902-091510.jpg,2,2,1.000000,0.000000,0.000000,1.000000,0.000000,0.000000,0.000000,0.000000,0.000000,0.000000,0.000000,0.000000,6,20260902-091510,kwh,33.133
C:\Users\josep\source\repos\AIOTED-digital\04_joe_lcd_20x32\2_main_dig6_20260902-092310.jpg,2,2,1.000000,0.000000,0.000000,1.000000,0.000000,0.000000,0.000000,0.000000,0.000000,0.000000,0.000000,0.000000,6,20260902-092310,kwh,41.223
C:\Users\josep\source\repos\AIOTED-digital\04_joe_lcd_20x32\2_main_dig6_20260902-181509.jpg,2,2,1.000000,0.000000,0.000000,1.000000,0.000000,0.000000,0.000000,0.000000,0.000000,0.000000,0.000000,0.000000,6,20260902-181509,kwh,27.880
C:\Users\josep\source\repos\AIOTED-digital\04_joe_lcd_20x32\2_main_dig6_20260902-234308.jpg,2,2,0.990279,0.000010,0.000103,0.990279,0.003228,0.000000,0.000000,0.000000,0.006344,0.000032,0.000000,0.000003,6,20260902-234308,kwh,25.812
C:\Users\josep\source\repos\AIOTED-digital\04_joe_lcd_20x32\2_main_dig6_20260902-235108.jpg,2,2,0.994596,0.000103,0.000099,0.994596,0.001390,0.000001,0.000000,0.000002,0.003586,0.000209,0.000002,0.000011,6,20260902-235108,kwh,26.574
C:\Users\josep\source\repos\AIOTED-digital\04_joe_lcd_20x32\2_main_dig6_20260905-002258.jpg,2,2,0.977756,0.000001,0.000009,0.977756,0.015092,0.000000,0.000000,0.000000,0.007106,0.000028,0.000002,0.000005,6,20260905-002258,kwh,25.844
C:\Users\josep\source\repos\AIOTED-digital\04_joe_lcd_20x32\2_main_dig6_20260905-085058.jpg,2,2,1.000000,0.000000,0.000000,1.000000,0.000000,0.000000,0.000000,0.000000,0.000000,0.000000,0.000000,0.000000,6,20260905-085058,kwh,38.146
C:\Users\josep\source\repos\AIOTED-digital\04_joe_lcd_20x32\2_main_dig6_20260905-090258.jpg,2,2,1.000000,0.000000,0.000000,1.000000,0.000000,0.000000,0.000000,0.000000,0.000000,0.000000,0.000000,0.000000,6,20260905-090258,kwh,37.140
C:\Users\josep\source\repos\AIOTED-digital\04_joe_lcd_20x32\2_main_dig6_20260905-200657.jpg,2,2,0.999827,0.000001,0.000000,0.999827,0.000006,0.000000,0.000000,0.000000,0.000026,0.000140,0.000000,0.000000,6,20260905-200657,kwh,21.252
C:\Users\josep\source\repos\AIOTED-digital\04_joe_lcd_20x32\2_main_dig6_20260908-090322.jpg,2,2,1.000000,0.000000,0.000000,1.000000,0.000000,0.000000,0.000000,0.000000,0.000000,0.000000,0.000000,0.000000,6,20260908-090322,kwh,27.002
C:\Users\josep\source\repos\AIOTED-digital\04_joe_lcd_20x32\2_main_dig6_20260908-153921.jpg,2,2,1.000000,0.000000,0.000000,1.000000,0.000000,0.000000,0.000000,0.000000,0.000000,0.000000,0.000000,0.000000,6,20260908-153921,kwh,50.823
C:\Users\josep\source\repos\AIOTED-digital\04_joe_lcd_20x32\2_main_dig6_20260917-042933.jpg,2,2,0.999154,0.000005,0.000009,0.999154,0.000235,0.000000,0.000000,0.000000,0.000456,0.000140,0.000000,0.000001,6,20260917-042933,kwh,25.179
C:\Users\josep\source\repos\AIOTED-digital\04_joe_lcd_20x32\2_main_dig6_20260917-052933.jpg,2,2,0.994907,0.000065,0.000041,0.994907,0.001843,0.000000,0.000000,0.000073,0.001500,0.001550,0.000003,0.000016,6,20260917-052933,kwh,26.043
C:\Users\josep\source\repos\AIOTED-digital\04_joe_lcd_20x32\2_main_dig6_20260917-143732.jpg,2,2,1.000000,0.000000,0.000000,1.000000,0.000000,0.000000,0.000000,0.000000,0.000000,0.000000,0.000000,0.000000,6,20260917-143732,kwh,45.060
C:\Users\josep\source\repos\AIOTED-digital\04_joe_lcd_20x32\2_main_dig6_20260917-145332.jpg,2,2,1.000000,0.000000,0.000000,1.000000,0.000000,0.000000,0.000000,0.000000,0.000000,0.000000,0.000000,0.000000,6,20260917-145332,kwh,39.284
C:\Users\josep\source\repos\AIOTED-digital\04_joe_lcd_20x32\2_main_dig6_20260917-145732.jpg,2,2,1.000000,0.000000,0.000000,1.000000,0.000000,0.000000,0.000000,0.000000,0.000000,0.000000,0.000000,0.000000,6,20260917-145732,kwh,47.113
C:\Users\josep\source\repos\AIOTED-digital\04_joe_lcd_20x32\2_main_dig6_20260930-035438.jpg,2,2,0.993250,0.000009,0.000032,0.993250,0.003539,0.000000,0.000000,0.000001,0.002768,0.000394,0.000001,0.000005,6,20260930-035438,kwh,25.120
C:\Users\josep\source\repos\AIOTED-digital\04_joe_lcd_20x32\2_main_dig6_20260930-041438.jpg,2,2,0.998038,0.000016,0.000020,0.998038,0.000643,0.000000,0.000000,0.000001,0.001023,0.000250,0.000001,0.000007,6,20260930-041438,kwh,24.465
C:\Users\josep\source\repos\AIOTED-digital\04_joe_lcd_20x32\2_main_dig6_20260930-042238.jpg,2,2,0.997935,0.000005,0.000011,0.997935,0.000951,0.000000,0.000000,0.000003,0.000976,0.000108,0.000000,0.000012,6,20260930-042238,kwh,25.495
C:\Users\josep\source\repos\AIOTED-digital\04_joe_lcd_20x32\3_main_dig5_20260805-131616.jpg,3,3,1.000000,0.000000,0.000000,0.000000,1.000000,0.000000,0.000000,0.000000,0.000000,0.000000,0.000000,0.000000,5,20260805-131616,kwh,59.902
C:\Users\josep\source\repos\AIOTED-digital\04_joe_lcd_20x32\3_main_dig5_20260805-143616.jpg,3,3,1.000000,0.000000,0.000000,0.000000,1.000000,0.000000,0.000000,0.000000,0.000000,0.000000,0.000000,0.000000,5,20260805-143616,kwh,53.874
C:\Users\josep\source\repos\AIOTED-digital\04_joe_lcd_20x32\3_main_dig5_20260805-160816.jpg,3,3,1.000000,0.000000,0.000000,0.000000,1.000000,0.000000,0.000000,0.000000,0.000000,0.000000,0.000000,0.000000,5,20260805-160816,kwh,51.640
C:\Users\josep\source\repos\AIOTED-digital\04_joe_lcd_20x32\3_main_dig5_20260827-160541.jpg,3,3,1.000000,0.000000,0.000000,0.000000,1.000000,0.000000,0.000000,0.000000,0.000000,0.000000,0.000000,0.000000,5,20260827-160541,kwh,80.117
C:\Users\josep\source\repos\AIOTED-digital\04_joe_lcd_20x32\3_main_dig5_20260827-161741.jpg,3,3,1.000000,0.000000,0.000000,0.000000,1.000000,0.000000,0.000000,0.000000,0.000000,0.000000,0.000000,0.000000,5,20260827-161741,kwh,63.395
C:\Users\josep\source\repos\AIOTED-digital\04_joe_lcd_20x32\3_main_dig5_20260827-162541.jpg,3,3,1.000000,0.000000,0.000000,0.000000,1.000000,0.000000,0.000000,0.000000,0.000000,0.000000,0.000000,0.000000,5,20260827-162541,kwh,60.733
C:\Users\josep\source\repos\AIOTED-digital\04_joe_lcd_20x32\3_main_dig5_20260827-163741.jpg,3,3,1.000000,0.000000,0.000000,0.000000,1.000000,0.000000,0.000000,0.000000,0.000000,0.000000,0.000000,0.000000,5,20260827-163741,kwh,59.025
C:\Users\josep\source\repos\AIOTED-digital\04_joe_lcd_20x32\3_main_dig5_20260827-171741.jpg,3,3,0.999992,0.000000,0.000000,0.000008,0.999992,0.000000,0.000000,0.000000,0.000000,0.000000,0.000000,0.000000,5,20260827-171741,kwh,59.125
C:\Users\josep\source\repos\AIOTED-digital\04_joe_lcd_20x32\3_main_dig5_20260827-172541.jpg,3,3,0.999897,0.000000,0.000000,0.000103,0.999897,0.000000,0.000000,0.000000,0.000001,0.000000,0.000000,0.000000,5,20260827-172541,kwh,57.490
C:\Users\josep\source\repos\AIOTED-digital\04_joe_lcd_20x32\3_main_dig5_20260830-140135.jpg,3,3,1.000000,0.000000,0.000000,0.000000,1.000000,0.000000,0.000000,0.000000,0.000000,0.000000,0.000000,0.000000,5,20260830-140135,kwh,55.004
C:\Users\josep\source\repos\AIOTED-digital\04_joe_lcd_20x32\3_main_dig5_20260830-140935.jpg,3,3,1.000000,0.000000,0.000000,0.000000,1.000000,0.000000,0.000000,0.000000,0.000000,0.000000,0.000000,0.000000,5,20260830-140935,kwh,54.811
C:\Users\josep\source\repos\AIOTED-digital\04_joe_lcd_20x32\3_main_dig5_20260830-150135.jpg,3,3,1.000000,0.000000,0.000000,0.000000,1.000000,0.000000,0.000000,0.000000,0.000000,0.000000,0.000000,0.000000,5,20260830-150135,kwh,59.086
C:\Users\josep\source\repos\AIOTED-digital\04_joe_lcd_20x32\3_main_dig5_20260830-152135.jpg,3,3,1.000000,0.000000,0.000000,0.000000,1.000000,0.000000,0.000000,0.000000,0.000000,0.000000,0.000000,0.000000,5,20260830-152135,kwh,55.735
C:\Users\josep\source\repos\AIOTED-digital\04_joe_lcd_20x32\3_main_dig5_20260830-154935.jpg,3,3,1.000000,0.000000,0.000000,0.000000,1.000000,0.000000,0.000000,0.000000,0.000000,0.000000,0.000000,0.000000,5,20260830-154935,kwh,57.011
C:\Users\josep\source\repos\AIOTED-digital\04_joe_lcd_20x32\3_main_dig5_20260830-173735.jpg,3,3,0.999997,0.000000,0.000000,0.000003,0.999997,0.000000,0.000000,0.000000,0.000000,0.000000,0.000000,0.000000,5,20260830-173735,kwh,56.337
C:\Users\josep\source\repos\AIOTED-digital\04_joe_lcd_20x32\3_main_dig5_20260917-072533.jpg,3,3,0.995248,0.000000,0.000001,0.000575,0.995248,0.000000,0.000000,0.000000,0.004161,0.000005,0.000010,0.000000,5,20260917-072533,kwh,52.548
C:\Users\josep\source\repos\AIOTED-digital\04_joe_lcd_20x32\3_main_dig5_20260917-072933.jpg,3,3,0.611800,0.000090,0.000084,0.094388,0.611800,0.000000,0.000000,0.000000,0.285998,0.007484,0.000153,0.000002,5,20260917-072933,kwh,51.950
C:\Users\josep\source\repos\AIOTED-digital\04_joe_lcd_20x32\3_main_dig5_20260917-073733.jpg,3,3,0.994944,0.000000,0.000001,0.000378,0.994944,0.000000,0.000000,0.000000,0.004659,0.000007,0.000011,0.000000,5,20260917-073733,kwh,52.020
C:\Users\josep\source\repos\AIOTED-digital\04_joe_lcd_20x32\3_main_dig5_20260917-085733.jpg,3,3,0.997654,0.000000,0.000000,0.000200,0.997654,0.000000,0.000000,0.000000,0.002145,0.000000,0.000000,0.000000,5,20260917-085733,kwh,50.882
C:\Users\josep\source\repos\AIOTED-digital\04_joe_lcd_20x32\3_main_dig5_20260917-095733.jpg,3,3,0.999974,0.000000,0.000000,0.000000,0.999974,0.000000,0.000000,0.000000,0.000025,0.000000,0.000000,0.000000,5,20260917-095733,kwh,49.049
C:\Users\josep\source\repos\AIOTED-digital\04_joe_lcd_20x32\3_main_dig5_20260917-101733.jpg,3,3,0.999997,0.000000,0.000000,0.000002,0.999997,0.000000,0.000000,0.000000,0.000001,0.000000,0.000000,0.000000,5,20260917-101733,kwh,46.261
C:\Users\josep\source\repos\AIOTED-digital\04_joe_lcd_20x32\3_main_dig5_20260917-103733.jpg,3,3,0.999998,0.000000,0.000000,0.000000,0.999998,0.000000,0.000000,0.000000,0.000002,0.000000,0.000000,0.000000,5,20260917-103733,kwh,44.164
C:\Users\josep\source\repos\AIOTED-digital\04_joe_lcd_20x32\3_main_dig5_20260917-110532.jpg,3,3,1.000000,0.000000,0.000000,0.000000,1.000000,0.000000,0.000000,0.000000,0.000000,0.000000,0.000000,0.000000,5,20260917-110532,kwh,45.497
C:\Users\josep\source\repos\AIOTED-digital\04_joe_lcd_20x32\3_main_dig5_20260917-114532.jpg,3,3,1.000000,0.000000,0.000000,0.000000,1.000000,0.000000,0.000000,0.000000,0.000000,0.000000,0.000000,0.000000,5,20260917-114532,kwh,57.759
C:\Users\josep\source\repos\AIOTED-digital\04_joe_lcd_20x32\3_main_dig5_20260917-115732.jpg,3,3,0.999989,0.000000,0.000000,0.000000,0.999989,0.000000,0.000000,0.000000,0.000011,0.000000,0.000000,0.000000,5,20260917-115732,kwh,47.122
C:\Users\josep\source\repos\AIOTED-digital\04_joe_lcd_20x32\3_main_dig5_20260917-120532.jpg,3,3,0.999997,0.000000,0.000000,0.000000,0.999997,0.000000,0.000000,0.000000,0.000003,0.000000,0.000000,0.000000,5,20260917-120532,kwh,46.299
C:\Users\josep\source\repos\AIOTED-digital\04_joe_lcd_20x32\3_main_dig5_20260917-121732.jpg,3,3,0.999998,0.000000,0.000000,0.000000,0.999998,0.000000,0.000000,0.000000,0.000002,0.000000,0.000000,0.000000,5,20260917-121732,kwh,45.505
C:\Users\josep\source\repos\AIOTED-digital\04_joe_lcd_20x32\3_main_dig5_20260917-122532.jpg,3,3,0.999995,0.000000,0.000000,0.000000,0.999995,0.000000,0.000000,0.000000,0.000005,0.000000,0.000000,0.000000,5,20260917-122532,kwh,45.576
C:\Users\josep\source\repos\AIOTED-digital\04_joe_lcd_20x32\3_main_dig6_20260805-082016.jpg,3,3,0.999999,0.000000,0.000000,0.000000,0.999999,0.000000,0.000000,0.000000,0.000000,0.000000,0.000000,0.000000,6,20260805-082016,kwh,37.796
C:\Users\josep\source\repos\AIOTED-digital\04_joe_lcd_20x32\3_main_dig6_20260805-191615.jpg,3,3,0.999998,0.000000,0.000000,0.000000,0.999998,0.000000,0.000000,0.000000,0.000000,0.000001,0.000000,0.000000,6,20260805-191615,kwh,38.110
C:\Users\josep\source\repos\AIOTED-digital\04_joe_lcd_20x32\3_main_dig6_20260805-192415.jpg,3,3,0.999491,0.000000,0.000000,0.000026,0.999491,0.000000,0.000000,0.000000,0.000001,0.000478,0.000005,0.000000,6,20260805-192415,kwh,29.028
C:\Users\josep\source\repos\AIOTED-digital\04_joe_lcd_20x32\3_main_dig6_20260805-192815.jpg,3,3,0.998572,0.000000,0.000000,0.000080,0.998572,0.000000,0.000000,0.000000,0.000001,0.001313,0.000034,0.000000,6,20260805-192815,kwh,27.730
C:\Users\josep\source\repos\AIOTED-digital\04_joe_lcd_20x32\3_main_dig6_20260805-193615.jpg,3,3,0.999941,0.000000,0.000000,0.000013,0.999941,0.000000,0.000000,0.000000,0.000001,0.000026,0.000019,0.000000,6,20260805-193615,kwh,27.000
C:\Users\josep\source\repos\AIOTED-digital\04_joe_lcd_20x32\3_main_dig6_20260827-004942.jpg,3,3,0.968767,0.000012,0.000007,0.003238,0.968767,0.000000,0.000000,0.000001,0.027658,0.000219,0.000097,0.000000,6,20260827-004942,kwh,30.810
C:\Users\josep\source\repos\AIOTED-digital\04_joe_lcd_20x32\3_main_dig6_20260827-012142.jpg,3,3,0.994165,0.000001,0.000000,0.003780,0.994165,0.000000,0.000000,0.000000,0.001892,0.000141,0.000020,0.000000,6,20260827-012142,kwh,32.399
C:\Users\josep\source\repos\AIOTED-digital\04_joe_lcd_20x32\3_main_dig6_20260827-012942.jpg,3,3,0.959851,0.000036,0.000012,0.009772,0.959851,0.000001,0.000003,0.000006,0.029575,0.000530,0.000214,0.000001,6,20260827-012942,kwh,31.115
C:\Users\josep\source\repos\AIOTED-digital\04_joe_lcd_20x32\3_main_dig6_20260827-184541.jpg,3,3,1.000000,0.000000,0.000000,0.000000,1.000000,0.000000,0.000000,0.000000,0.000000,0.000000,0.000000,0.000000,6,20260827-184541,kwh,30.651
C:\Users\josep\source\repos\AIOTED-digital\04_joe_lcd_20x32\3_main_dig6_20260829-062938.jpg,3,3,0.999994,0.000000,0.000000,0.000004,0.999994,0.000000,0.000000,0.000000,0.000002,0.000000,0.000000,0.000000,6,20260829-062938,kwh,23.094
C:\Users\josep\source\repos\AIOTED-digital\04_joe_lcd_20x32\3_main_dig6_20260829-064938.jpg,3,3,1.000000,0.000000,0.000000,0.000000,1.000000,0.000000,0.000000,0.000000,0.000000,0.000000,0.000000,0.000000,6,20260829-064938,kwh,28.331
C:\Users\josep\source\repos\AIOTED-digital\04_joe_lcd_20x32\3_main_dig6_20260829-065738.jpg,3,3,1.000000,0.000000,0.000000,0.000000,1.000000,0.000000,0.000000,0.000000,0.000000,0.000000,0.000000,0.000000,6,20260829-065738,kwh,31.450
C:\Users\josep\source\repos\AIOTED-digital\04_joe_lcd_20x32\3_main_dig6_20260830-014136.jpg,3,3,0.951963,0.000002,0.000009,0.016828,0.951963,0.000000,0.000000,0.000000,0.031118,0.000053,0.000027,0.000000,6,20260830-014136,kwh,29.854
C:\Users\josep\source\repos\AIOTED-digital\04_joe_lcd_20x32\3_main_dig6_20260830-022136.jpg,3,3,0.905049,0.000013,0.000078,0.039063,0.905049,0.000001,0.000000,0.000001,0.055485,0.000207,0.000100,0.000003,6,20260830-022136,kwh,28.823
C:\Users\josep\source\repos\AIOTED-digital\04_joe_lcd_20x32\3_main_dig6_20260830-152135.jpg,3,3,1.000000,0.000000,0.000000,0.000000,1.000000,0.000000,0.000000,0.000000,0.000000,0.000000,0.000000,0.000000,6,20260830-152135,kwh,68.911
C:\Users\josep\source\repos\AIOTED-digital\04_joe_lcd_20x32\3_main_dig6_20260830-152935.jpg,3,3,1.000000,0.000000,0.000000,0.000000,1.000000,0.000000,0.000000,0.000000,0.000000,0.000000,0.000000,0.000000,6,20260830-152935,kwh,63.938
C:\Users\josep\source\repos\AIOTED-digital\04_joe_lcd_20x32\3_main_dig6_20260830-191735.jpg,3,3,0.999981,0.000000,0.000000,0.000009,0.999981,0.000000,0.000000,0.000000,0.000010,0.000000,0.000000,0.000000,6,20260830-191735,kwh,22.539
C:\Users\josep\source\repos\AIOTED-digital\04_joe_lcd_20x32\3_main_dig6_20260831-053734.jpg,3,3,0.981682,0.000005,0.000000,0.010610,0.981682,0.000000,0.000000,0.000001,0.002760,0.004863,0.000080,0.000000,6,20260831-053734,kwh,23.794
C:\Users\josep\source\repos\AIOTED-digital\04_joe_lcd_20x32\3_main_dig6_20260831-145333.jpg,3,3,1.000000,0.000000,0.000000,0.000000,1.000000,0.000000,0.000000,0.000000,0.000000,0.000000,0.000000,0.000000,6,20260831-145333,kwh,47.940
C:\Users\josep\source\repos\AIOTED-digital\04_joe_lcd_20x32\3_main_dig6_20260831-175333.jpg,3,3,1.000000,0.000000,0.000000,0.000000,1.000000,0.000000,0.000000,0.000000,0.000000,0.000000,0.000000,0.000000,6,20260831-175333,kwh,34.639
C:\Users\josep\source\repos\AIOTED-digital\04_joe_lcd_20x32\3_main_dig6_20260831-222133.jpg,3,3,0.773563,0.000205,0.000445,0.020143,0.773563,0.000020,0.000000,0.000000,0.202808,0.000745,0.002067,0.000001,6,20260831-222133,kwh,28.502
C:\Users\josep\source\repos\AIOTED-digital\04_joe_lcd_20x32\3_main_dig6_20260902-000531.jpg,3,3,0.682479,0.000484,0.002461,0.024346,0.682479,0.000095,0.000003,0.000004,0.286996,0.000883,0.002240,0.000009,6,20260902-000531,kwh,28.278
C:\Users\josep\source\repos\AIOTED-digital\04_joe_lcd_20x32\3_main_dig6_20260902-092710.jpg,3,3,1.000000,0.000000,0.000000,0.000000,1.000000,0.000000,0.000000,0.000000,0.000000,0.000000,0.000000,0.000000,6,20260902-092710,kwh,44.867
C:\Users\josep\source\repos\AIOTED-digital\04_joe_lcd_20x32\3_main_dig6_20260902-100310.jpg,3,3,1.000000,0.000000,0.000000,0.000000,1.000000,0.000000,0.000000,0.000000,0.000000,0.000000,0.000000,0.000000,6,20260902-100310,kwh,25.816
C:\Users\josep\source\repos\AIOTED-digital\04_joe_lcd_20x32\3_main_dig6_20260902-184309.jpg,3,3,1.000000,0.000000,0.000000,0.000000,1.000000,0.000000,0.000000,0.000000,0.000000,0.000000,0.000000,0.000000,6,20260902-184309,kwh,25.015
C:\Users\josep\source\repos\AIOTED-digital\04_joe_lcd_20x32\3_main_dig6_20260905-012258.jpg,3,3,0.928146,0.000001,0.000092,0.015499,0.928146,0.000003,0.000000,0.000000,0.056094,0.000037,0.000120,0.000007,6,20260905-012258,kwh,27.509
C:\Users\josep\source\repos\AIOTED-digital\04_joe_lcd_20x32\3_main_dig6_20260905-092258.jpg,3,3,1.000000,0.000000,0.000000,0.000000,1.000000,0.000000,0.000000,0.000000,0.000000,0.000000,0.000000,0.000000,6,20260905-092258,kwh,31.107
C:\Users\josep\source\repos\AIOTED-digital\04_joe_lcd_20x32\3_main_dig6_20260905-093058.jpg,3,3,1.000000,0.000000,0.000000,0.000000,1.000000,0.000000,0.000000,0.000000,0.000000,0.000000,0.000000,0.000000,6,20260905-093058,kwh,31.418
C:\Users\josep\source\repos\AIOTED-digital\04_joe_lcd_20x32\3_main_dig6_20260905-100258.jpg,3,3,1.000000,0.000000,0.000000,0.000000,1.000000,0.000000,0.000000,0.000000,0.000000,0.000000,0.000000,0.000000,6,20260905-100258,kwh,42.927
C:\Users\josep\source\repos\AIOTED-digital\04_joe_lcd_20x32\3_main_dig6_20260908-163121.jpg,3,3,1.000000,0.000000,0.000000,0.000000,1.000000,0.000000,0.000000,0.000000,0.000000,0.000000,0.000000,0.000000,6,20260908-163121,kwh,48.879
C:\Users\josep\source\repos\AIOTED-digital\04_joe_lcd_20x32\3_main_dig6_20260908-165121.jpg,3,3,1.000000,0.000000,0.000000,0.000000,1.000000,0.000000,0.000000,0.000000,0.000000,0.000000,0.000000,0.000000,6,20260908-165121,kwh,34.354
C:\Users\josep\source\repos\AIOTED-digital\04_joe_lcd_20x32\3_main_dig6_20260917-061733.jpg,3,3,0.824581,0.000495,0.006454,0.012009,0.824581,0.000149,0.000010,0.000047,0.145876,0.007153,0.003186,0.000039,6,20260917-061733,kwh,20.947
C:\Users\josep\source\repos\AIOTED-digital\04_joe_lcd_20x32\3_main_dig6_20260917-062533.jpg,3,3,0.903293,0.000264,0.000516,0.008472,0.903293,0.000008,0.000001,0.000007,0.078951,0.007173,0.001311,0.000004,6,20260917-062533,kwh,21.022
C:\Users\josep\source\repos\AIOTED-digital\04_joe_lcd_20x32\3_main_dig6_20260917-063733.jpg,3,3,0.970211,0.000026,0.000326,0.001184,0.970211,0.000025,0.000000,0.000001,0.024545,0.001799,0.001881,0.000002,6,20260917-063733,kwh,21.392
C:\Users\josep\source\repos\AIOTED-digital\04_joe_lcd_20x32\3_main_dig6_20260917-153332.jpg,3,3,1.000000,0.000000,0.000000,0.000000,1.000000,0.000000,0.000000,0.000000,0.000000,0.000000,0.000000,0.000000,6,20260917-153332,kwh,44.139
C:\Users\josep\source\repos\AIOTED-digital\04_joe_lcd_20x32\3_main_dig6_20260917-160532.jpg,3,3,1.000000,0.000000,0.000000,0.000000,1.000000,0.000000,0.000000,0.000000,0.000000,0.000000,0.000000,0.000000,6,20260917-160532,kwh,33.363
C:\Users\josep\source\repos\AIOTED-digital\04_joe_lcd_20x32\3_main_dig6_20260930-044238.jpg,3,3,0.787330,0.000101,0.000891,0.103801,0.787330,0.000012,0.000001,0.000006,0.106012,0.001386,0.000404,0.000055,6,20260930-044238,kwh,25.012
C:\Users\josep\source\repos\AIOTED-digital\04_joe_lcd_20x32\3_main_dig6_20260930-055437.jpg,3,3,0.933292,0.000025,0.000101,0.003817,0.933292,0.000003,0.000000,0.000000,0.061313,0.000672,0.000775,0.000002,6,20260930-055437,kwh,20.649
C:\Users\josep\source\repos\AIOTED-digital\04_joe_lcd_20x32\3_main_dig6_20260930-060237.jpg,3,3,0.917750,0.000122,0.001408,0.007847,0.917750,0.000018,0.000001,0.000008,0.068443,0.003275,0.001119,0.000010,6,20260930-060237,kwh,21.232
C:\Users\josep\source\repos\AIOTED-digital\04_joe_lcd_20x32\4_main_dig4_20260827-012142.jpg,4,4,1.000000,0.000000,0.000000,0.000000,0.000000,1.000000,0.000000,0.000000,0.000000,0.000000,0.000000,0.000000,4,20260827-012142,kwh,67.137
C:\Users\josep\source\repos\AIOTED-digital\04_joe_lcd_20x32\4_main_dig4_20260827-014142.jpg,4,4,1.000000,0.000000,0.000000,0.000000,0.000000,1.000000,0.000000,0.000000,0.000000,0.000000,0.000000,0.000000,4,20260827-014142,kwh,66.886
C:\Users\josep\source\repos\AIOTED-digital\04_joe_lcd_20x32\4_main_dig4_20260827-032942.jpg,4,4,1.000000,0.000000,0.000000,0.000000,0.000000,1.000000,0.000000,0.000000,0.000000,0.000000,0.000000,0.000000,4,20260827-032942,kwh,67.674
C:\Users\josep\source\repos\AIOTED-digital\04_joe_lcd_20x32\4_main_dig4_20260827-040142.jpg,4,4,1.000000,0.000000,0.000000,0.000000,0.000000,1.000000,0.000000,0.000000,0.000000,0.000000,0.000000,0.000000,4,20260827-040142,kwh,67.868
C:\Users\josep\source\repos\AIOTED-digital\04_joe_lcd_20x32\4_main_dig4_20260827-050942.jpg,4,4,1.000000,0.000000,0.000000,0.000000,0.000000,1.000000,0.000000,0.000000,0.000000,0.000000,0.000000,0.000000,4,20260827-050942,kwh,67.315
C:\Users\josep\source\repos\AIOTED-digital\04_joe_lcd_20x32\4_main_dig4_20260827-062942.jpg,4,4,1.000000,0.000000,0.000000,0.000000,0.000000,1.000000,0.000000,0.000000,0.000000,0.000000,0.000000,0.000000,4,20260827-062942,kwh,65.759
C:\Users\josep\source\repos\AIOTED-digital\04_joe_lcd_20x32\4_main_dig4_20260827-064942.jpg,4,4,1.000000,0.000000,0.000000,0.000000,0.000000,1.000000,0.000000,0.000000,0.000000,0.000000,0.000000,0.000000,4,20260827-064942,kwh,65.546
C:\Users\josep\source\repos\AIOTED-digital\04_joe_lcd_20x32\4_main_dig4_20260827-070941.jpg,4,4,1.000000,0.000000,0.000000,0.000000,0.000000,1.000000,0.000000,0.000000,0.000000,0.000000,0.000000,0.000000,4,20260827-070941,kwh,63.894
C:\Users\josep\source\repos\AIOTED-digital\04_joe_lcd_20x32\4_main_dig4_20260827-071741.jpg,4,4,0.999999,0.000000,0.000000,0.000000,0.000000,0.999999,0.000000,0.000000,0.000000,0.000000,0.000001,0.000000,4,20260827-071741,kwh,64.788
C:\Users\josep\source\repos\AIOTED-digital\04_joe_lcd_20x32\4_main_dig4_20260827-083740.jpg,4,4,1.000000,0.000000,0.000000,0.000000,0.000000,1.000000,0.000000,0.000000,0.000000,0.000000,0.000000,0.000000,4,20260827-083740,kwh,85.182
C:\Users\josep\source\repos\AIOTED-digital\04_joe_lcd_20x32\4_main_dig4_20260827-102941.jpg,4,4,1.000000,0.000000,0.000000,0.000000,0.000000,1.000000,0.000000,0.000000,0.000000,0.000000,0.000000,0.000000,4,20260827-102941,kwh,70.869
C:\Users\josep\source\repos\AIOTED-digital\04_joe_lcd_20x32\4_main_dig4_20260827-103741.jpg,4,4,1.000000,0.000000,0.000000,0.000000,0.000000,1.000000,0.000000,0.000000,0.000000,0.000000,0.000000,0.000000,4,20260827-103741,kwh,91.846
C:\Users\josep\source\repos\AIOTED-digital\04_joe_lcd_20x32\4_main_dig4_20260827-112941.jpg,4,4,1.000000,0.000000,0.000000,0.000000,0.000000,1.000000,0.000000,0.000000,0.000000,0.000000,0.000000,0.000000,4,20260827-112941,kwh,86.284
C:\Users\josep\source\repos\AIOTED-digital\04_joe_lcd_20x32\4_main_dig4_20260827-154541.jpg,4,4,1.000000,0.000000,0.000000,0.000000,0.000000,1.000000,0.000000,0.000000,0.000000,0.000000,0.000000,0.000000,4,20260827-154541,kwh,78.112
C:\Users\josep\source\repos\AIOTED-digital\04_joe_lcd_20x32\4_main_dig4_20260827-161741.jpg,4,4,1.000000,0.000000,0.000000,0.000000,0.000000,1.000000,0.000000,0.000000,0.000000,0.000000,0.000000,0.000000,4,20260827-161741,kwh,78.370
C:\Users\josep\source\repos\AIOTED-digital\04_joe_lcd_20x32\4_main_dig4_20260827-162541.jpg,4,4,1.000000,0.000000,0.000000,0.000000,0.000000,1.000000,0.000000,0.000000,0.000000,0.000000,0.000000,0.000000,4,20260827-162541,kwh,74.262
C:\Users\josep\source\repos\AIOTED-digital\04_joe_lcd_20x32\4_main_dig4_20260827-164541.jpg,4,4,1.000000,0.000000,0.000000,0.000000,0.000000,1.000000,0.000000,0.000000,0.000000,0.000000,0.000000,0.000000,4,20260827-164541,kwh,73.288
C:\Users\josep\source\repos\AIOTED-digital\04_joe_lcd_20x32\4_main_dig4_20260827-170541.jpg,4,4,1.000000,0.000000,0.000000,0.000000,0.000000,1.000000,0.000000,0.000000,0.000000,0.000000,0.000000,0.000000,4,20260827-170541,kwh,71.039
C:\Users\josep\source\repos\AIOTED-digital\04_joe_lcd_20x32\4_main_dig4_20260827-174541.jpg,4,4,1.000000,0.000000,0.000000,0.000000,0.000000,1.000000,0.000000,0.000000,0.000000,0.000000,0.000000,0.000000,4,20260827-174541,kwh,67.809
C:\Users\josep\source\repos\AIOTED-digital\04_joe_lcd_20x32\4_main_dig4_20260827-181741.jpg,4,4,1.000000,0.000000,0.000000,0.000000,0.000000,1.000000,0.000000,0.000000,0.000000,0.000000,0.000000,0.000000,4,20260827-181741,kwh,66.330
C:\Users\josep\source\repos\AIOTED-digital\04_joe_lcd_20x32\4_main_dig4_20260827-182541.jpg,4,4,1.000000,0.000000,0.000000,0.000000,0.000000,1.000000,0.000000,0.000000,0.000000,0.000000,0.000000,0.000000,4,20260827-182541,kwh,66.370
C:\Users\josep\source\repos\AIOTED-digital\04_joe_lcd_20x32\4_main_dig4_20260827-185741.jpg,4,4,1.000000,0.000000,0.000000,0.000000,0.000000,1.000000,0.000000,0.000000,0.000000,0.000000,0.000000,0.000000,4,20260827-185741,kwh,68.029
C:\Users\josep\source\repos\AIOTED-digital\04_joe_lcd_20x32\4_main_dig4_20260827-191741.jpg,4,4,1.000000,0.000000,0.000000,0.000000,0.000000,1.000000,0.000000,0.000000,0.000000,0.000000,0.000000,0.000000,4,20260827-191741,kwh,69.115
C:\Users\josep\source\repos\AIOTED-digital\04_joe_lcd_20x32\4_main_dig4_20260827-201740.jpg,4,4,1.000000,0.000000,0.000000,0.000000,0.000000,1.000000,0.000000,0.000000,0.000000,0.000000,0.000000,0.000000,4,20260827-201740,kwh,69.844
C:\Users\josep\source\repos\AIOTED-digital\04_joe_lcd_20x32\4_main_dig4_20260827-205340.jpg,4,4,0.999809,0.000000,0.000000,0.000000,0.000000,0.999809,0.000000,0.000000,0.000000,0.000000,0.000191,0.000000,4,20260827-205340,kwh,67.523
C:\Users\josep\source\repos\AIOTED-digital\04_joe_lcd_20x32\4_main_dig4_20260827-213740.jpg,4,4,1.000000,0.000000,0.000000,0.000000,0.000000,1.000000,0.000000,0.000000,0.000000,0.000000,0.000000,0.000000,4,20260827-213740,kwh,68.174
C:\Users\josep\source\repos\AIOTED-digital\04_joe_lcd_20x32\4_main_dig4_20260827-215340.jpg,4,4,1.000000,0.000000,0.000000,0.000000,0.000000,1.000000,0.000000,0.000000,0.000000,0.000000,0.000000,0.000000,4,20260827-215340,kwh,67.915
C:\Users\josep\source\repos\AIOTED-digital\04_joe_lcd_20x32\4_main_dig4_20260827-222540.jpg,4,4,1.000000,0.000000,0.000000,0.000000,0.000000,1.000000,0.000000,0.000000,0.000000,0.000000,0.000000,0.000000,4,20260827-222540,kwh,68.292
C:\Users\josep\source\repos\AIOTED-digital\04_joe_lcd_20x32\4_main_dig4_20260827-230540.jpg,4,4,1.000000,0.000000,0.000000,0.000000,0.000000,1.000000,0.000000,0.000000,0.000000,0.000000,0.000000,0.000000,4,20260827-230540,kwh,68.577
C:\Users\josep\source\repos\AIOTED-digital\04_joe_lcd_20x32\4_main_dig4_20260827-231340.jpg,4,4,1.000000,0.000000,0.000000,0.000000,0.000000,1.000000,0.000000,0.000000,0.000000,0.000000,0.000000,0.000000,4,20260827-231340,kwh,68.939
C:\Users\josep\source\repos\AIOTED-digital\04_joe_lcd_20x32\4_main_dig4_20260829-001738.jpg,4,4,1.000000,0.000000,0.000000,0.000000,0.000000,1.000000,0.000000,0.000000,0.000000,0.000000,0.000000,0.000000,4,20260829-001738,kwh,68.804
C:\Users\josep\source\repos\AIOTED-digital\04_joe_lcd_20x32\4_main_dig4_20260829-004938.jpg,4,4,1.000000,0.000000,0.000000,0.000000,0.000000,1.000000,0.000000,0.000000,0.000000,0.000000,0.000000,0.000000,4,20260829-004938,kwh,68.990
C:\Users\josep\source\repos\AIOTED-digital\04_joe_lcd_20x32\4_main_dig4_20260829-011738.jpg,4,4,1.000000,0.000000,0.000000,0.000000,0.000000,1.000000,0.000000,0.000000,0.000000,0.000000,0.000000,0.000000,4,20260829-011738,kwh,69.421
C:\Users\josep\source\repos\AIOTED-digital\04_joe_lcd_20x32\4_main_dig4_20260829-014938.jpg,4,4,1.000000,0.000000,0.000000,0.000000,0.000000,1.000000,0.000000,0.000000,0.000000,0.000000,0.000000,0.000000,4,20260829-014938,kwh,67.665
C:\Users\josep\source\repos\AIOTED-digital\04_joe_lcd_20x32\4_main_dig4_20260829-021738.jpg,4,4,1.000000,0.000000,0.000000,0.000000,0.000000,1.000000,0.000000,0.000000,0.000000,0.000000,0.000000,0.000000,4,20260829-021738,kwh,68.786
C:\Users\josep\source\repos\AIOTED-digital\04_joe_lcd_20x32\4_main_dig4_20260829-023738.jpg,4,4,1.000000,0.000000,0.000000,0.000000,0.000000,1.000000,0.000000,0.000000,0.000000,0.000000,0.000000,0.000000,4,20260829-023738,kwh,68.593
C:\Users\josep\source\repos\AIOTED-digital\04_joe_lcd_20x32\4_main_dig4_20260829-032938.jpg,4,4,1.000000,0.000000,0.000000,0.000000,0.000000,1.000000,0.000000,0.000000,0.000000,0.000000,0.000000,0.000000,4,20260829-032938,kwh,68.380
C:\Users\josep\source\repos\AIOTED-digital\04_joe_lcd_20x32\4_main_dig4_20260829-033738.jpg,4,4,1.000000,0.000000,0.000000,0.000000,0.000000,1.000000,0.000000,0.000000,0.000000,0.000000,0.000000,0.000000,4,20260829-033738,kwh,67.997
C:\Users\josep\source\repos\AIOTED-digital\04_joe_lcd_20x32\4_main_dig4_20260829-034938.jpg,4,4,1.000000,0.000000,0.000000,0.000000,0.000000,1.000000,0.000000,0.000000,0.000000,0.000000,0.000000,0.000000,4,20260829-034938,kwh,67.904
C:\Users\josep\source\repos\AIOTED-digital\04_joe_lcd_20x32\4_main_dig4_20260829-042938.jpg,4,4,1.000000,0.000000,0.000000,0.000000,0.000000,1.000000,0.000000,0.000000,0.000000,0.000000,0.000000,0.000000,4,20260829-042938,kwh,68.210
C:\Users\josep\source\repos\AIOTED-digital\04_joe_lcd_20x32\4_main_dig4_20260829-045738.jpg,4,4,1.000000,0.000000,0.000000,0.000000,0.000000,1.000000,0.000000,0.000000,0.000000,0.000000,0.000000,0.000000,4,20260829-045738,kwh,68.484
C:\Users\josep\source\repos\AIOTED-digital\04_joe_lcd_20x32\4_main_dig4_20260829-051738.jpg,4,4,1.000000,0.000000,0.000000,0.000000,0.000000,1.000000,0.000000,0.000000,0.000000,0.000000,0.000000,0.000000,4,20260829-051738,kwh,68.082
C:\Users\josep\source\repos\AIOTED-digital\04_joe_lcd_20x32\4_main_dig4_20260829-052938.jpg,4,4,1.000000,0.000000,0.000000,0.000000,0.000000,1.000000,0.000000,0.000000,0.000000,0.000000,0.000000,0.000000,4,20260829-052938,kwh,68.143
C:\Users\josep\source\repos\AIOTED-digital\04_joe_lcd_20x32\4_main_dig4_20260829-060938.jpg,4,4,1.000000,0.000000,0.000000,0.000000,0.000000,1.000000,0.000000,0.000000,0.000000,0.000000,0.000000,0.000000,4,20260829-060938,kwh,67.223
C:\Users\josep\source\repos\AIOTED-digital\04_joe_lcd_20x32\4_main_dig4_20260829-062938.jpg,4,4,1.000000,0.000000,0.000000,0.000000,0.000000,1.000000,0.000000,0.000000,0.000000,0.000000,0.000000,0.000000,4,20260829-062938,kwh,66.255
C:\Users\josep\source\repos\AIOTED-digital\04_joe_lcd_20x32\4_main_dig4_20260829-063738.jpg,4,4,1.000000,0.000000,0.000000,0.000000,0.000000,1.000000,0.000000,0.000000,0.000000,0.000000,0.000000,0.000000,4,20260829-063738,kwh,66.833
C:\Users\josep\source\repos\AIOTED-digital\04_joe_lcd_20x32\4_main_dig4_20260829-080537.jpg,4,4,1.000000,0.000000,0.000000,0.000000,0.000000,1.000000,0.000000,0.000000,0.000000,0.000000,0.000000,0.000000,4,20260829-080537,kwh,66.065
C:\Users\josep\source\repos\AIOTED-digital\04_joe_lcd_20x32\4_main_dig4_20260829-082537.jpg,4,4,1.000000,0.000000,0.000000,0.000000,0.000000,1.000000,0.000000,0.000000,0.000000,0.000000,0.000000,0.000000,4,20260829-082537,kwh,64.428
C:\Users\josep\source\repos\AIOTED-digital\04_joe_lcd_20x32\4_main_dig4_20260829-085737.jpg,4,4,0.999998,0.000000,0.000000,0.000000,0.000000,0.999998,0.000000,0.000000,0.000000,0.000000,0.000002,0.000000,4,20260829-085737,kwh,65.815
C:\Users\josep\source\repos\AIOTED-digital\04_joe_lcd_20x32\4_main_dig4_20260829-093737.jpg,4,4,1.000000,0.000000,0.000000,0.000000,0.000000,1.000000,0.000000,0.000000,0.000000,0.000000,0.000000,0.000000,4,20260829-093737,kwh,65.028
C:\Users\josep\source\repos\AIOTED-digital\04_joe_lcd_20x32\4_main_dig4_20260829-095737.jpg,4,4,1.000000,0.000000,0.000000,0.000000,0.000000,1.000000,0.000000,0.000000,0.000000,0.000000,0.000000,0.000000,4,20260829-095737,kwh,66.796
C:\Users\josep\source\repos\AIOTED-digital\04_joe_lcd_20x32\4_main_dig4_20260829-103737.jpg,4,4,1.000000,0.000000,0.000000,0.000000,0.000000,1.000000,0.000000,0.000000,0.000000,0.000000,0.000000,0.000000,4,20260829-103737,kwh,65.707
C:\Users\josep\source\repos\AIOTED-digital\04_joe_lcd_20x32\4_main_dig4_20260829-104537.jpg,4,4,1.000000,0.000000,0.000000,0.000000,0.000000,1.000000,0.000000,0.000000,0.000000,0.000000,0.000000,0.000000,4,20260829-104537,kwh,65.725
C:\Users\josep\source\repos\AIOTED-digital\04_joe_lcd_20x32\4_main_dig4_20260829-105737.jpg,4,4,1.000000,0.000000,0.000000,0.000000,0.000000,1.000000,0.000000,0.000000,0.000000,0.000000,0.000000,0.000000,4,20260829-105737,kwh,67.392
C:\Users\josep\source\repos\AIOTED-digital\04_joe_lcd_20x32\4_main_dig4_20260829-110537.jpg,4,4,1.000000,0.000000,0.000000,0.000000,0.000000,1.000000,0.000000,0.000000,0.000000,0.000000,0.000000,0.000000,4,20260829-110537,kwh,70.240
C:\Users\josep\source\repos\AIOTED-digital\04_joe_lcd_20x32\4_main_dig4_20260829-111737.jpg,4,4,1.000000,0.000000,0.000000,0.000000,0.000000,1.000000,0.000000,0.000000,0.000000,0.000000,0.000000,0.000000,4,20260829-111737,kwh,69.483
C:\Users\josep\source\repos\AIOTED-digital\04_joe_lcd_20x32\4_main_dig4_20260829-112537.jpg,4,4,1.000000,0.000000,0.000000,0.000000,0.000000,1.000000,0.000000,0.000000,0.000000,0.000000,0.000000,0.000000,4,20260829-112537,kwh,67.677
C:\Users\josep\source\repos\AIOTED-digital\04_joe_lcd_20x32\4_main_dig4_20260829-113737.jpg,4,4,1.000000,0.000000,0.000000,0.000000,0.000000,1.000000,0.000000,0.000000,0.000000,0.000000,0.000000,0.000000,4,20260829-113737,kwh,66.791
C:\Users\josep\source\repos\AIOTED-digital\04_joe_lcd_20x32\4_main_dig4_20260829-114537.jpg,4,4,1.000000,0.000000,0.000000,0.000000,0.000000,1.000000,0.000000,0.000000,0.000000,0.000000,0.000000,0.000000,4,20260829-114537,kwh,67.827
C:\Users\josep\source\repos\AIOTED-digital\04_joe_lcd_20x32\4_main_dig4_20260829-115737.jpg,4,4,1.000000,0.000000,0.000000,0.000000,0.000000,1.000000,0.000000,0.000000,0.000000,0.000000,0.000000,0.000000,4,20260829-115737,kwh,69.708
C:\Users\josep\source\repos\AIOTED-digital\04_joe_lcd_20x32\4_main_dig4_20260930-001438.jpg,4,4,0.999999,0.000000,0.000000,0.000000,0.000000,0.999999,0.000000,0.000000,0.000000,0.000000,0.000001,0.000000,4,20260930-001438,kwh,61.185
C:\Users\josep\source\repos\AIOTED-digital\04_joe_lcd_20x32\4_main_dig4_20260930-012638.jpg,4,4,1.000000,0.000000,0.000000,0.000000,0.000000,1.000000,0.000000,0.000000,0.000000,0.000000,0.000000,0.000000,4,20260930-012638,kwh,61.732
C:\Users\josep\source\repos\AIOTED-digital\04_joe_lcd_20x32\4_main_dig4_20260930-014638.jpg,4,4,0.999996,0.000000,0.000000,0.000000,0.000000,0.999996,0.000000,0.000000,0.000000,0.000000,0.000004,0.000000,4,20260930-014638,kwh,61.096
C:\Users\josep\source\repos\AIOTED-digital\04_joe_lcd_20x32\4_main_dig4_20260930-015438.jpg,4,4,0.999994,0.000000,0.000000,0.000000,0.000000,0.999994,0.000000,0.000000,0.000000,0.000000,0.000006,0.000000,4,20260930-015438,kwh,61.213
C:\Users\josep\source\repos\AIOTED-digital\04_joe_lcd_20x32\4_main_dig4_20260930-020238.jpg,4,4,0.999995,0.000000,0.000000,0.000000,0.000000,0.999995,0.000000,0.000000,0.000000,0.000000,0.000005,0.000000,4,20260930-020238,kwh,60.247
C:\Users\josep\source\repos\AIOTED-digital\04_joe_lcd_20x32\4_main_dig4_20260930-022238.jpg,4,4,0.999999,0.000000,0.000000,0.000000,0.000000,0.999999,0.000000,0.000000,0.000000,0.000000,0.000001,0.000000,4,20260930-022238,kwh,60.549
C:\Users\josep\source\repos\AIOTED-digital\04_joe_lcd_20x32\4_main_dig4_20260930-023438.jpg,4,4,0.999993,0.000000,0.000000,0.000000,0.000000,0.999993,0.000000,0.000000,0.000000,0.000000,0.000007,0.000000,4,20260930-023438,kwh,61.143
C:\Users\josep\source\repos\AIOTED-digital\04_joe_lcd_20x32\4_main_dig4_20260930-024238.jpg,4,4,0.999965,0.000000,0.000000,0.000000,0.000000,0.999965,0.000000,0.000000,0.000000,0.000000,0.000035,0.000000,4,20260930-024238,kwh,61.023
C:\Users\josep\source\repos\AIOTED-digital\04_joe_lcd_20x32\4_main_dig4_20260930-040238.jpg,4,4,0.999999,0.000000,0.000000,0.000000,0.000000,0.999999,0.000000,0.000000,0.000000,0.000000,0.000001,0.000000,4,20260930-040238,kwh,61.188
C:\Users\josep\source\repos\AIOTED-digital\04_joe_lcd_20x32\4_main_dig4_20260930-042238.jpg,4,4,0.999999,0.000000,0.000000,0.000000,0.000000,0.999999,0.000000,0.000000,0.000000,0.000000,0.000001,0.000000,4,20260930-042238,kwh,61.228
C:\Users\josep\source\repos\AIOTED-digital\04_joe_lcd_20x32\4_main_dig4_20260930-053437.jpg,4,4,0.999998,0.000000,0.000000,0.000000,0.000000,0.999998,0.000000,0.000000,0.000000,0.000000,0.000002,0.000000,4,20260930-053437,kwh,61.435
C:\Users\josep\source\repos\AIOTED-digital\04_joe_lcd_20x32\4_main_dig4_20260930-062237.jpg,4,4,0.999997,0.000000,0.000000,0.000000,0.000000,0.999997,0.000000,0.000000,0.000000,0.000000,0.000002,0.000000,4,20260930-062237,kwh,61.377
C:\Users\josep\source\repos\AIOTED-digital\04_joe_lcd_20x32\4_main_dig4_20260930-065437.jpg,4,4,0.999998,0.000000,0.000000,0.000000,0.000000,0.999998,0.000000,0.000000,0.000000,0.000000,0.000002,0.000000,4,20260930-065437,kwh,61.701
C:\Users\josep\source\repos\AIOTED-digital\04_joe_lcd_20x32\4_main_dig4_20260930-071437.jpg,4,4,0.999999,0.000000,0.000000,0.000000,0.000000,0.999999,0.000000,0.000000,0.000000,0.000000,0.000001,0.000000,4,20260930-071437,kwh,60.983
C:\Users\josep\source\repos\AIOTED-digital\04_joe_lcd_20x32\4_main_dig4_20260930-072237.jpg,4,4,0.999999,0.000000,0.000000,0.000000,0.000000,0.999999,0.000000,0.000000,0.000000,0.000000,0.000001,0.000000,4,20260930-072237,kwh,61.517
C:\Users\josep\source\repos\AIOTED-digital\04_joe_lcd_20x32\4_main_dig4_20260930-073437.jpg,4,4,0.999998,0.000000,0.000000,0.000000,0.000000,0.999998,0.000000,0.000000,0.000000,0.000000,0.000002,0.000000,4,20260930-073437,kwh,61.646
C:\Users\josep\source\repos\AIOTED-digital\04_joe_lcd_20x32\4_main_dig4_20260930-074237.jpg,4,4,0.999996,0.000000,0.000000,0.000000,0.000000,0.999996,0.000000,0.000000,0.000000,0.000000,0.000004,0.000000,4,20260930-074237,kwh,61.234
C:\Users\josep\source\repos\AIOTED-digital\04_joe_lcd_20x32\4_main_dig4_20260930-075437.jpg,4,4,0.999963,0.000000,0.000000,0.000000,0.000000,0.999963,0.000000,0.000000,0.000000,0.000000,0.000037,0.000000,4,20260930-075437,kwh,61.146
C:\Users\josep\source\repos\AIOTED-digital\04_joe_lcd_20x32\4_main_dig4_20260930-081437.jpg,4,4,0.999957,0.000000,0.000000,0.000000,0.000000,0.999957,0.000000,0.000000,0.000000,0.000000,0.000043,0.000000,4,20260930-081437,kwh,61.781
C:\Users\josep\source\repos\AIOTED-digital\04_joe_lcd_20x32\4_main_dig4_20260930-083437.jpg,4,4,0.999903,0.000000,0.000000,0.000000,0.000000,0.999903,0.000000,0.000000,0.000000,0.000000,0.000097,0.000000,4,20260930-083437,kwh,61.185
C:\Users\josep\source\repos\AIOTED-digital\04_joe_lcd_20x32\4_main_dig4_20260930-084237.jpg,4,4,0.999979,0.000000,0.000000,0.000000,0.000000,0.999979,0.000000,0.000000,0.000000,0.000000,0.000021,0.000000,4,20260930-084237,kwh,62.004
C:\Users\josep\source\repos\AIOTED-digital\04_joe_lcd_20x32\4_main_dig4_20260930-085037.jpg,4,4,0.999599,0.000000,0.000000,0.000000,0.000000,0.999599,0.000000,0.000000,0.000000,0.000000,0.000401,0.000000,4,20260930-085037,kwh,62.733
C:\Users\josep\source\repos\AIOTED-digital\04_joe_lcd_20x32\4_main_dig4_20260930-090237.jpg,4,4,0.999761,0.000000,0.000000,0.000000,0.000000,0.999761,0.000000,0.000000,0.000000,0.000000,0.000239,0.000000,4,20260930-090237,kwh,61.156
C:\Users\josep\source\repos\AIOTED-digital\04_joe_lcd_20x32\4_main_dig4_20260930-091037.jpg,4,4,0.999876,0.000000,0.000000,0.000000,0.000000,0.999876,0.000000,0.000000,0.000000,0.000000,0.000124,0.000000,4,20260930-091037,kwh,67.787
C:\Users\josep\source\repos\AIOTED-digital\04_joe_lcd_20x32\4_main_dig4_20260930-091437.jpg,4,4,0.999777,0.000000,0.000000,0.000000,0.000000,0.999777,0.000000,0.000000,0.000000,0.000000,0.000223,0.000000,4,20260930-091437,kwh,72.119
C:\Users\josep\source\repos\AIOTED-digital\04_joe_lcd_20x32\4_main_dig4_20260930-092237.jpg,4,4,0.999895,0.000000,0.000000,0.000000,0.000000,0.999895,0.000000,0.000000,0.000000,0.000000,0.000105,0.000000,4,20260930-092237,kwh,70.039
C:\Users\josep\source\repos\AIOTED-digital\04_joe_lcd_20x32\4_main_dig4_20260930-093037.jpg,4,4,0.999934,0.000000,0.000000,0.000000,0.000000,0.999934,0.000000,0.000000,0.000000,0.000000,0.000066,0.000000,4,20260930-093037,kwh,69.309
C:\Users\josep\source\repos\AIOTED-digital\04_joe_lcd_20x32\4_main_dig4_20260930-093437.jpg,4,4,0.999898,0.000000,0.000000,0.000000,0.000000,0.999898,0.000000,0.000000,0.000000,0.000000,0.000102,0.000000,4,20260930-093437,kwh,68.096
C:\Users\josep\source\repos\AIOTED-digital\04_joe_lcd_20x32\4_main_dig4_20260930-094237.jpg,4,4,0.997079,0.000000,0.000000,0.000000,0.000000,0.997079,0.000000,0.000000,0.000000,0.000000,0.002921,0.000000,4,20260930-094237,kwh,72.642
C:\Users\josep\source\repos\AIOTED-digital\04_joe_lcd_20x32\4_main_dig4_20260930-095037.jpg,4,4,0.999746,0.000000,0.000000,0.000000,0.000000,0.999746,0.000000,0.000000,0.000000,0.000000,0.000254,0.000000,4,20260930-095037,kwh,69.324
C:\Users\josep\source\repos\AIOTED-digital\04_joe_lcd_20x32\4_main_dig4_20260930-095437.jpg,4,4,0.999972,0.000000,0.000000,0.000000,0.000000,0.999972,0.000000,0.000000,0.000000,0.000000,0.000029,0.000000,4,20260930-095437,kwh,72.118
C:\Users\josep\source\repos\AIOTED-digital\04_joe_lcd_20x32\4_main_dig4_20260930-100237.jpg,4,4,0.998650,0.000000,0.000000,0.000000,0.000000,0.998650,0.000000,0.000000,0.000000,0.000000,0.001350,0.000000,4,20260930-100237,kwh,69.737
C:\Users\josep\source\repos\AIOTED-digital\04_joe_lcd_20x32\4_main_dig5_20260805-174815.jpg,4,4,1.000000,0.000000,0.000000,0.000000,0.000000,1.000000,0.000000,0.000000,0.000000,0.000000,0.000000,0.000000,5,20260805-174815,kwh,53.821
C:\Users\josep\source\repos\AIOTED-digital\04_joe_lcd_20x32\4_main_dig5_20260805-175615.jpg,4,4,1.000000,0.000000,0.000000,0.000000,0.000000,1.000000,0.000000,0.000000,0.000000,0.000000,0.000000,0.000000,5,20260805-175615,kwh,54.821
C:\Users\josep\source\repos\AIOTED-digital\04_joe_lcd_20x32\4_main_dig5_20260805-180815.jpg,4,4,1.000000,0.000000,0.000000,0.000000,0.000000,1.000000,0.000000,0.000000,0.000000,0.000000,0.000000,0.000000,5,20260805-180815,kwh,58.859
C:\Users\josep\source\repos\AIOTED-digital\04_joe_lcd_20x32\4_main_dig5_20260805-181615.jpg,4,4,1.000000,0.000000,0.000000,0.000000,0.000000,1.000000,0.000000,0.000000,0.000000,0.000000,0.000000,0.000000,5,20260805-181615,kwh,54.105
C:\Users\josep\source\repos\AIOTED-digital\04_joe_lcd_20x32\4_main_dig5_20260805-182415.jpg,4,4,0.999988,0.000000,0.000000,0.000000,0.000000,0.999988,0.000000,0.000000,0.000000,0.000000,0.000012,0.000000,5,20260805-182415,kwh,52.705
C:\Users\josep\source\repos\AIOTED-digital\04_joe_lcd_20x32\4_main_dig5_20260805-182815.jpg,4,4,1.000000,0.000000,0.000000,0.000000,0.000000,1.000000,0.000000,0.000000,0.000000,0.000000,0.000000,0.000000,5,20260805-182815,kwh,51.936
C:\Users\josep\source\repos\AIOTED-digital\04_joe_lcd_20x32\4_main_dig5_20260805-183615.jpg,4,4,1.000000,0.000000,0.000000,0.000000,0.000000,1.000000,0.000000,0.000000,0.000000,0.000000,0.000000,0.000000,5,20260805-183615,kwh,51.171
C:\Users\josep\source\repos\AIOTED-digital\04_joe_lcd_20x32\4_main_dig5_20260805-185615.jpg,4,4,1.000000,0.000000,0.000000,0.000000,0.000000,1.000000,0.000000,0.000000,0.000000,0.000000,0.000000,0.000000,5,20260805-185615,kwh,51.900
C:\Users\josep\source\repos\AIOTED-digital\04_joe_lcd_20x32\4_main_dig5_20260805-191615.jpg,4,4,1.000000,0.000000,0.000000,0.000000,0.000000,1.000000,0.000000,0.000000,0.000000,0.000000,0.000000,0.000000,5,20260805-191615,kwh,51.086
C:\Users\josep\source\repos\AIOTED-digital\04_joe_lcd_20x32\4_main_dig5_20260805-192415.jpg,4,4,1.000000,0.000000,0.000000,0.000000,0.000000,1.000000,0.000000,0.000000,0.000000,0.000000,0.000000,0.000000,5,20260805-192415,kwh,51.021
C:\Users\josep\source\repos\AIOTED-digital\04_joe_lcd_20x32\4_main_dig5_20260805-192815.jpg,4,4,0.999999,0.000000,0.000000,0.000000,0.000000,0.999999,0.000000,0.000000,0.000000,0.000000,0.000001,0.000000,5,20260805-192815,kwh,51.129
C:\Users\josep\source\repos\AIOTED-digital\04_joe_lcd_20x32\4_main_dig5_20260805-193615.jpg,4,4,0.999990,0.000000,0.000000,0.000000,0.000000,0.999990,0.000000,0.000000,0.000000,0.000000,0.000010,0.000000,5,20260805-193615,kwh,50.739
C:\Users\josep\source\repos\AIOTED-digital\04_joe_lcd_20x32\4_main_dig5_20260805-194415.jpg,4,4,0.999998,0.000000,0.000000,0.000000,0.000000,0.999998,0.000000,0.000000,0.000000,0.000000,0.000002,0.000000,5,20260805-194415,kwh,51.135
C:\Users\josep\source\repos\AIOTED-digital\04_joe_lcd_20x32\4_main_dig5_20260805-194815.jpg,4,4,0.999966,0.000000,0.000000,0.000000,0.000000,0.999966,0.000000,0.000000,0.000000,0.000000,0.000034,0.000000,5,20260805-194815,kwh,51.774
C:\Users\josep\source\repos\AIOTED-digital\04_joe_lcd_20x32\4_main_dig5_20260805-195615.jpg,4,4,0.999744,0.000000,0.000000,0.000000,0.000000,0.999744,0.000000,0.000000,0.000000,0.000002,0.000255,0.000000,5,20260805-195615,kwh,52.806
C:\Users\josep\source\repos\AIOTED-digital\04_joe_lcd_20x32\4_main_dig5_20260805-200415.jpg,4,4,0.999992,0.000000,0.000000,0.000000,0.000000,0.999992,0.000000,0.000000,0.000000,0.000000,0.000009,0.000000,5,20260805-200415,kwh,55.327
C:\Users\josep\source\repos\AIOTED-digital\04_joe_lcd_20x32\4_main_dig5_20260805-200815.jpg,4,4,0.999982,0.000000,0.000000,0.000000,0.000000,0.999982,0.000000,0.000000,0.000000,0.000000,0.000018,0.000000,5,20260805-200815,kwh,57.119
C:\Users\josep\source\repos\AIOTED-digital\04_joe_lcd_20x32\4_main_dig5_20260805-201615.jpg,4,4,0.999981,0.000000,0.000000,0.000000,0.000000,0.999981,0.000000,0.000000,0.000000,0.000000,0.000019,0.000000,5,20260805-201615,kwh,58.962
C:\Users\josep\source\repos\AIOTED-digital\04_joe_lcd_20x32\4_main_dig5_20260805-202415.jpg,4,4,0.999930,0.000000,0.000000,0.000000,0.000000,0.999930,0.000000,0.000000,0.000000,0.000001,0.000070,0.000000,5,20260805-202415,kwh,60.983
C:\Users\josep\source\repos\AIOTED-digital\04_joe_lcd_20x32\4_main_dig5_20260805-202815.jpg,4,4,0.999987,0.000000,0.000000,0.000000,0.000000,0.999987,0.000000,0.000000,0.000000,0.000000,0.000013,0.000000,5,20260805-202815,kwh,61.352
C:\Users\josep\source\repos\AIOTED-digital\04_joe_lcd_20x32\4_main_dig5_20260805-203615.jpg,4,4,0.999533,0.000000,0.000000,0.000000,0.000000,0.999533,0.000000,0.000000,0.000000,0.000007,0.000459,0.000000,5,20260805-203615,kwh,60.221
C:\Users\josep\source\repos\AIOTED-digital\04_joe_lcd_20x32\4_main_dig5_20260805-204415.jpg,4,4,1.000000,0.000000,0.000000,0.000000,0.000000,1.000000,0.000000,0.000000,0.000000,0.000000,0.000000,0.000000,5,20260805-204415,kwh,61.715
C:\Users\josep\source\repos\AIOTED-digital\04_joe_lcd_20x32\4_main_dig5_20260805-205615.jpg,4,4,0.999971,0.000000,0.000000,0.000000,0.000000,0.999971,0.000000,0.000000,0.000000,0.000000,0.000029,0.000000,5,20260805-205615,kwh,59.861
C:\Users\josep\source\repos\AIOTED-digital\04_joe_lcd_20x32\4_main_dig5_20260805-210415.jpg,4,4,0.999992,0.000000,0.000000,0.000000,0.000000,0.999992,0.000000,0.000000,0.000000,0.000000,0.000008,0.000000,5,20260805-210415,kwh,59.204
C:\Users\josep\source\repos\AIOTED-digital\04_joe_lcd_20x32\4_main_dig5_20260805-211615.jpg,4,4,0.999964,0.000000,0.000000,0.000000,0.000000,0.999964,0.000000,0.000000,0.000000,0.000001,0.000035,0.000000,5,20260805-211615,kwh,60.014
C:\Users\josep\source\repos\AIOTED-digital\04_joe_lcd_20x32\4_main_dig5_20260805-212415.jpg,4,4,0.999933,0.000000,0.000000,0.000000,0.000000,0.999933,0.000001,0.000000,0.000000,0.000000,0.000066,0.000000,5,20260805-212415,kwh,60.754
C:\Users\josep\source\repos\AIOTED-digital\04_joe_lcd_20x32\4_main_dig5_20260805-213615.jpg,4,4,0.999983,0.000000,0.000000,0.000000,0.000000,0.999983,0.000000,0.000000,0.000000,0.000000,0.000017,0.000000,5,20260805-213615,kwh,60.063
C:\Users\josep\source\repos\AIOTED-digital\04_joe_lcd_20x32\4_main_dig5_20260805-214415.jpg,4,4,0.999861,0.000000,0.000000,0.000000,0.000000,0.999861,0.000001,0.000000,0.000000,0.000007,0.000132,0.000000,5,20260805-214415,kwh,59.594
C:\Users\josep\source\repos\AIOTED-digital\04_joe_lcd_20x32\4_main_dig5_20260805-215615.jpg,4,4,0.999967,0.000000,0.000000,0.000000,0.000000,0.999967,0.000000,0.000000,0.000000,0.000000,0.000033,0.000000,5,20260805-215615,kwh,59.595
C:\Users\josep\source\repos\AIOTED-digital\04_joe_lcd_20x32\4_main_dig5_20260805-220415.jpg,4,4,0.999960,0.000000,0.000000,0.000000,0.000000,0.999960,0.000000,0.000000,0.000000,0.000000,0.000040,0.000000,5,20260805-220415,kwh,59.959
C:\Users\josep\source\repos\AIOTED-digital\04_joe_lcd_20x32\4_main_dig5_20260805-221615.jpg,4,4,0.999979,0.000000,0.000000,0.000000,0.000000,0.999979,0.000000,0.000000,0.000000,0.000000,0.000021,0.000000,5,20260805-221615,kwh,59.762
C:\Users\josep\source\repos\AIOTED-digital\04_joe_lcd_20x32\4_main_dig5_20260805-222415.jpg,4,4,0.999989,0.000000,0.000000,0.000000,0.000000,0.999989,0.000000,0.000000,0.000000,0.000000,0.000011,0.000000,5,20260805-222415,kwh,60.876
C:\Users\josep\source\repos\AIOTED-digital\04_joe_lcd_20x32\4_main_dig5_20260805-223615.jpg,4,4,0.999975,0.000000,0.000000,0.000000,0.000000,0.999975,0.000000,0.000000,0.000000,0.000001,0.000024,0.000000,5,20260805-223615,kwh,59.689
C:\Users\josep\source\repos\AIOTED-digital\04_joe_lcd_20x32\4_main_dig5_20260805-224415.jpg,4,4,0.999990,0.000000,0.000000,0.000000,0.000000,0.999990,0.000000,0.000000,0.000000,0.000000,0.000010,0.000000,5,20260805-224415,kwh,61.041
C:\Users\josep\source\repos\AIOTED-digital\04_joe_lcd_20x32\4_main_dig5_20260805-225615.jpg,4,4,0.999966,0.000000,0.000000,0.000000,0.000000,0.999966,0.000000,0.000000,0.000000,0.000000,0.000034,0.000000,5,20260805-225615,kwh,60.218
C:\Users\josep\source\repos\AIOTED-digital\04_joe_lcd_20x32\4_main_dig5_20260805-230415.jpg,4,4,0.999923,0.000000,0.000000,0.000000,0.000000,0.999923,0.000000,0.000000,0.000000,0.000000,0.000076,0.000000,5,20260805-230415,kwh,60.174
C:\Users\josep\source\repos\AIOTED-digital\04_joe_lcd_20x32\4_main_dig5_20260805-231615.jpg,4,4,0.999993,0.000000,0.000000,0.000000,0.000000,0.999993,0.000000,0.000000,0.000000,0.000000,0.000007,0.000000,5,20260805-231615,kwh,59.185
C:\Users\josep\source\repos\AIOTED-digital\04_joe_lcd_20x32\4_main_dig5_20260805-232415.jpg,4,4,0.999981,0.000000,0.000000,0.000000,0.000000,0.999981,0.000000,0.000000,0.000000,0.000000,0.000019,0.000000,5,20260805-232415,kwh,59.472
C:\Users\josep\source\repos\AIOTED-digital\04_joe_lcd_20x32\4_main_dig5_20260805-233615.jpg,4,4,0.999992,0.000000,0.000000,0.000000,0.000000,0.999992,0.000000,0.000000,0.000000,0.000000,0.000008,0.000000,5,20260805-233615,kwh,60.302
C:\Users\josep\source\repos\AIOTED-digital\04_joe_lcd_20x32\4_main_dig5_20260805-234415.jpg,4,4,0.999962,0.000000,0.000000,0.000000,0.000000,0.999962,0.000000,0.000000,0.000000,0.000000,0.000038,0.000000,5,20260805-234415,kwh,59.899
C:\Users\josep\source\repos\AIOTED-digital\04_joe_lcd_20x32\4_main_dig5_20260805-235615.jpg,4,4,0.999994,0.000000,0.000000,0.000000,0.000000,0.999994,0.000000,0.000000,0.000000,0.000000,0.000006,0.000000,5,20260805-235615,kwh,59.271
C:\Users\josep\source\repos\AIOTED-digital\04_joe_lcd_20x32\4_main_dig5_20260827-173741.jpg,4,4,1.000000,0.000000,0.000000,0.000000,0.000000,1.000000,0.000000,0.000000,0.000000,0.000000,0.000000,0.000000,5,20260827-173741,kwh,57.914
C:\Users\josep\source\repos\AIOTED-digital\04_joe_lcd_20x32\4_main_dig5_20260827-175741.jpg,4,4,1.000000,0.000000,0.000000,0.000000,0.000000,1.000000,0.000000,0.000000,0.000000,0.000000,0.000000,0.000000,5,20260827-175741,kwh,59.022
C:\Users\josep\source\repos\AIOTED-digital\04_joe_lcd_20x32\4_main_dig5_20260827-183741.jpg,4,4,1.000000,0.000000,0.000000,0.000000,0.000000,1.000000,0.000000,0.000000,0.000000,0.000000,0.000000,0.000000,5,20260827-183741,kwh,60.088
C:\Users\josep\source\repos\AIOTED-digital\04_joe_lcd_20x32\4_main_dig5_20260827-205340.jpg,4,4,0.999912,0.000000,0.000000,0.000000,0.000000,0.999912,0.000000,0.000000,0.000000,0.000000,0.000088,0.000000,5,20260827-205340,kwh,65.289
C:\Users\josep\source\repos\AIOTED-digital\04_joe_lcd_20x32\4_main_dig5_20260827-211740.jpg,4,4,0.999999,0.000000,0.000000,0.000000,0.000000,0.999999,0.000000,0.000000,0.000000,0.000000,0.000001,0.000000,5,20260827-211740,kwh,63.275
C:\Users\josep\source\repos\AIOTED-digital\04_joe_lcd_20x32\4_main_dig5_20260830-174935.jpg,4,4,1.000000,0.000000,0.000000,0.000000,0.000000,1.000000,0.000000,0.000000,0.000000,0.000000,0.000000,0.000000,5,20260830-174935,kwh,58.131
C:\Users\josep\source\repos\AIOTED-digital\04_joe_lcd_20x32\4_main_dig5_20260830-175735.jpg,4,4,1.000000,0.000000,0.000000,0.000000,0.000000,1.000000,0.000000,0.000000,0.000000,0.000000,0.000000,0.000000,5,20260830-175735,kwh,58.932
C:\Users\josep\source\repos\AIOTED-digital\04_joe_lcd_20x32\4_main_dig5_20260830-180935.jpg,4,4,1.000000,0.000000,0.000000,0.000000,0.000000,1.000000,0.000000,0.000000,0.000000,0.000000,0.000000,0.000000,5,20260830-180935,kwh,58.542
C:\Users\josep\source\repos\AIOTED-digital\04_joe_lcd_20x32\4_main_dig5_20260830-181735.jpg,4,4,1.000000,0.000000,0.000000,0.000000,0.000000,1.000000,0.000000,0.000000,0.000000,0.000000,0.000000,0.000000,5,20260830-181735,kwh,58.087
C:\Users\josep\source\repos\AIOTED-digital\04_joe_lcd_20x32\4_main_dig5_20260830-184935.jpg,4,4,1.000000,0.000000,0.000000,0.000000,0.000000,1.000000,0.000000,0.000000,0.000000,0.000000,0.000000,0.000000,5,20260830-184935,kwh,63.111
C:\Users\josep\source\repos\AIOTED-digital\04_joe_lcd_20x32\4_main_dig5_20260830-224935.jpg,4,4,1.000000,0.000000,0.000000,0.000000,0.000000,1.000000,0.000000,0.000000,0.000000,0.000000,0.000000,0.000000,5,20260830-224935,kwh,65.438
C:\Users\josep\source\repos\AIOTED-digital\04_joe_lcd_20x32\4_main_dig5_20260831-000535.jpg,4,4,0.999998,0.000000,0.000000,0.000000,0.000000,0.999998,0.000000,0.000000,0.000000,0.000000,0.000002,0.000000,5,20260831-000535,kwh,66.796
C:\Users\josep\source\repos\AIOTED-digital\04_joe_lcd_20x32\4_main_dig5_20260831-003735.jpg,4,4,0.999998,0.000000,0.000000,0.000000,0.000000,0.999998,0.000000,0.000000,0.000000,0.000000,0.000002,0.000000,5,20260831-003735,kwh,67.043
C:\Users\josep\source\repos\AIOTED-digital\04_joe_lcd_20x32\4_main_dig5_20260902-002531.jpg,4,4,0.996735,0.000000,0.000000,0.000000,0.000000,0.996735,0.000000,0.000000,0.000000,0.000000,0.003265,0.000000,5,20260902-002531,kwh,68.025
C:\Users\josep\source\repos\AIOTED-digital\04_joe_lcd_20x32\4_main_dig5_20260902-011731.jpg,4,4,0.996898,0.000000,0.000000,0.000000,0.000000,0.996898,0.000000,0.000000,0.000000,0.000000,0.003102,0.000000,5,20260902-011731,kwh,66.171
C:\Users\josep\source\repos\AIOTED-digital\04_joe_lcd_20x32\4_main_dig5_20260902-064710.jpg,4,4,0.993220,0.000000,0.000000,0.000000,0.000000,0.993220,0.000001,0.000000,0.000000,0.000001,0.006779,0.000000,5,20260902-064710,kwh,59.111
C:\Users\josep\source\repos\AIOTED-digital\04_joe_lcd_20x32\4_main_dig5_20260902-071510.jpg,4,4,1.000000,0.000000,0.000000,0.000000,0.000000,1.000000,0.000000,0.000000,0.000000,0.000000,0.000000,0.000000,5,20260902-071510,kwh,60.906
C:\Users\josep\source\repos\AIOTED-digital\04_joe_lcd_20x32\4_main_dig5_20260917-134532.jpg,4,4,1.000000,0.000000,0.000000,0.000000,0.000000,1.000000,0.000000,0.000000,0.000000,0.000000,0.000000,0.000000,5,20260917-134532,kwh,48.136
C:\Users\josep\source\repos\AIOTED-digital\04_joe_lcd_20x32\4_main_dig5_20260917-150532.jpg,4,4,1.000000,0.000000,0.000000,0.000000,0.000000,1.000000,0.000000,0.000000,0.000000,0.000000,0.000000,0.000000,5,20260917-150532,kwh,50.762
C:\Users\josep\source\repos\AIOTED-digital\04_joe_lcd_20x32\4_main_dig5_20260917-151732.jpg,4,4,1.000000,0.000000,0.000000,0.000000,0.000000,1.000000,0.000000,0.000000,0.000000,0.000000,0.000000,0.000000,5,20260917-151732,kwh,49.156
C:\Users\josep\source\repos\AIOTED-digital\04_joe_lcd_20x32\4_main_dig5_20260917-160532.jpg,4,4,0.999999,0.000000,0.000000,0.000000,0.000000,0.999999,0.000000,0.000000,0.000000,0.000000,0.000001,0.000000,5,20260917-160532,kwh,50.292
C:\Users\josep\source\repos\AIOTED-digital\04_joe_lcd_20x32\4_main_dig5_20260917-170532.jpg,4,4,0.999972,0.000000,0.000000,0.000000,0.000000,0.999972,0.000000,0.000000,0.000000,0.000000,0.000028,0.000000,5,20260917-170532,kwh,53.316
C:\Users\josep\source\repos\AIOTED-digital\04_joe_lcd_20x32\4_main_dig5_20260917-172532.jpg,4,4,0.999943,0.000000,0.000000,0.000000,0.000000,0.999943,0.000000,0.000000,0.000000,0.000000,0.000057,0.000000,5,20260917-172532,kwh,53.133
C:\Users\josep\source\repos\AIOTED-digital\04_joe_lcd_20x32\4_main_dig5_20260917-180532.jpg,4,4,0.999927,0.000000,0.000000,0.000000,0.000000,0.999927,0.000000,0.000000,0.000000,0.000000,0.000073,0.000000,5,20260917-180532,kwh,55.110
C:\Users\josep\source\repos\AIOTED-digital\04_joe_lcd_20x32\4_main_dig5_20260917-205332.jpg,4,4,0.988009,0.000000,0.000000,0.000000,0.000000,0.988009,0.000000,0.000000,0.000000,0.000000,0.011991,0.000000,5,20260917-205332,kwh,57.420
C:\Users\josep\source\repos\AIOTED-digital\04_joe_lcd_20x32\4_main_dig5_20260917-213332.jpg,4,4,0.995737,0.000000,0.000000,0.000000,0.000000,0.995737,0.000000,0.000000,0.000000,0.000000,0.004263,0.000000,5,20260917-213332,kwh,60.723
C:\Users\josep\source\repos\AIOTED-digital\04_joe_lcd_20x32\4_main_dig6_20260805-000017.jpg,4,4,0.999233,0.000001,0.000000,0.000000,0.000000,0.999233,0.000000,0.000000,0.000000,0.000001,0.000766,0.000000,6,20260805-000017,kwh,33.070
C:\Users\josep\source\repos\AIOTED-digital\04_joe_lcd_20x32\4_main_dig6_20260805-001217.jpg,4,4,0.999961,0.000000,0.000000,0.000000,0.000000,0.999961,0.000000,0.000000,0.000000,0.000000,0.000039,0.000000,6,20260805-001217,kwh,32.134
C:\Users\josep\source\repos\AIOTED-digital\04_joe_lcd_20x32\4_main_dig6_20260805-002017.jpg,4,4,0.997823,0.000014,0.000000,0.000000,0.000000,0.997823,0.000002,0.000000,0.000000,0.000004,0.002157,0.000000,6,20260805-002017,kwh,31.097
C:\Users\josep\source\repos\AIOTED-digital\04_joe_lcd_20x32\4_main_dig6_20260805-003217.jpg,4,4,0.999702,0.000000,0.000000,0.000000,0.000000,0.999702,0.000000,0.000000,0.000000,0.000000,0.000298,0.000000,6,20260805-003217,kwh,31.795
C:\Users\josep\source\repos\AIOTED-digital\04_joe_lcd_20x32\4_main_dig6_20260805-145616.jpg,4,4,1.000000,0.000000,0.000000,0.000000,0.000000,1.000000,0.000000,0.000000,0.000000,0.000000,0.000000,0.000000,6,20260805-145616,kwh,63.832
C:\Users\josep\source\repos\AIOTED-digital\04_joe_lcd_20x32\4_main_dig6_20260805-194415.jpg,4,4,0.999997,0.000000,0.000000,0.000000,0.000000,0.999997,0.000000,0.000000,0.000000,0.000000,0.000003,0.000000,6,20260805-194415,kwh,28.587
C:\Users\josep\source\repos\AIOTED-digital\04_joe_lcd_20x32\4_main_dig6_20260805-194815.jpg,4,4,0.999916,0.000000,0.000000,0.000000,0.000000,0.999916,0.000000,0.000000,0.000000,0.000000,0.000084,0.000000,6,20260805-194815,kwh,27.873
C:\Users\josep\source\repos\AIOTED-digital\04_joe_lcd_20x32\4_main_dig6_20260805-195615.jpg,4,4,0.999817,0.000000,0.000000,0.000000,0.000000,0.999817,0.000000,0.000000,0.000000,0.000000,0.000183,0.000000,6,20260805-195615,kwh,26.114
C:\Users\josep\source\repos\AIOTED-digital\04_joe_lcd_20x32\4_main_dig6_20260805-200415.jpg,4,4,0.999576,0.000000,0.000000,0.000000,0.000000,0.999576,0.000000,0.000000,0.000000,0.000000,0.000424,0.000000,6,20260805-200415,kwh,26.357
C:\Users\josep\source\repos\AIOTED-digital\04_joe_lcd_20x32\4_main_dig6_20260805-200815.jpg,4,4,0.999431,0.000000,0.000000,0.000000,0.000000,0.999431,0.000000,0.000000,0.000000,0.000000,0.000569,0.000000,6,20260805-200815,kwh,27.093
C:\Users\josep\source\repos\AIOTED-digital\04_joe_lcd_20x32\4_main_dig6_20260805-201615.jpg,4,4,0.998462,0.000000,0.000000,0.000000,0.000000,0.998462,0.000000,0.000000,0.000000,0.000001,0.001537,0.000000,6,20260805-201615,kwh,29.448
C:\Users\josep\source\repos\AIOTED-digital\04_joe_lcd_20x32\4_main_dig6_20260805-202415.jpg,4,4,0.972142,0.000039,0.000000,0.000000,0.000000,0.972142,0.000000,0.000000,0.000000,0.000067,0.027752,0.000000,6,20260805-202415,kwh,32.353
C:\Users\josep\source\repos\AIOTED-digital\04_joe_lcd_20x32\4_main_dig6_20260805-202815.jpg,4,4,0.996701,0.000007,0.000000,0.000000,0.000000,0.996701,0.000001,0.000000,0.000000,0.000003,0.003289,0.000000,6,20260805-202815,kwh,33.797
C:\Users\josep\source\repos\AIOTED-digital\04_joe_lcd_20x32\4_main_dig6_20260805-203615.jpg,4,4,0.999927,0.000000,0.000000,0.000000,0.000000,0.999927,0.000000,0.000000,0.000000,0.000000,0.000073,0.000000,6,20260805-203615,kwh,30.024
C:\Users\josep\source\repos\AIOTED-digital\04_joe_lcd_20x32\4_main_dig6_20260827-112941.jpg,4,4,1.000000,0.000000,0.000000,0.000000,0.000000,1.000000,0.000000,0.000000,0.000000,0.000000,0.000000,0.000000,6,20260827-112941,kwh,77.989
C:\Users\josep\source\repos\AIOTED-digital\04_joe_lcd_20x32\4_main_dig6_20260827-154541.jpg,4,4,1.000000,0.000000,0.000000,0.000000,0.000000,1.000000,0.000000,0.000000,0.000000,0.000000,0.000000,0.000000,6,20260827-154541,kwh,55.602
C:\Users\josep\source\repos\AIOTED-digital\04_joe_lcd_20x32\4_main_dig6_20260829-152537.jpg,4,4,1.000000,0.000000,0.000000,0.000000,0.000000,1.000000,0.000000,0.000000,0.000000,0.000000,0.000000,0.000000,6,20260829-152537,kwh,30.173
C:\Users\josep\source\repos\AIOTED-digital\04_joe_lcd_20x32\4_main_dig6_20260829-153337.jpg,4,4,1.000000,0.000000,0.000000,0.000000,0.000000,1.000000,0.000000,0.000000,0.000000,0.000000,0.000000,0.000000,6,20260829-153337,kwh,40.148
C:\Users\josep\source\repos\AIOTED-digital\04_joe_lcd_20x32\4_main_dig6_20260830-154935.jpg,4,4,1.000000,0.000000,0.000000,0.000000,0.000000,1.000000,0.000000,0.000000,0.000000,0.000000,0.000000,0.000000,6,20260830-154935,kwh,77.205
C:\Users\josep\source\repos\AIOTED-digital\04_joe_lcd_20x32\4_main_dig6_20260831-150533.jpg,4,4,1.000000,0.000000,0.000000,0.000000,0.000000,1.000000,0.000000,0.000000,0.000000,0.000000,0.000000,0.000000,6,20260831-150533,kwh,46.011
C:\Users\josep\source\repos\AIOTED-digital\04_joe_lcd_20x32\4_main_dig6_20260831-180133.jpg,4,4,1.000000,0.000000,0.000000,0.000000,0.000000,1.000000,0.000000,0.000000,0.000000,0.000000,0.000000,0.000000,6,20260831-180133,kwh,37.824
C:\Users\josep\source\repos\AIOTED-digital\04_joe_lcd_20x32\4_main_dig6_20260831-181333.jpg,4,4,1.000000,0.000000,0.000000,0.000000,0.000000,1.000000,0.000000,0.000000,0.000000,0.000000,0.000000,0.000000,6,20260831-181333,kwh,33.762
C:\Users\josep\source\repos\AIOTED-digital\04_joe_lcd_20x32\4_main_dig6_20260831-231333.jpg,4,4,0.998332,0.000001,0.000000,0.000000,0.000000,0.998332,0.000020,0.000000,0.000000,0.000003,0.001644,0.000000,6,20260831-231333,kwh,29.017
C:\Users\josep\source\repos\AIOTED-digital\04_joe_lcd_20x32\4_main_dig6_20260831-232133.jpg,4,4,0.997410,0.000003,0.000002,0.000000,0.000000,0.997410,0.000056,0.000000,0.000000,0.000011,0.002517,0.000000,6,20260831-232133,kwh,29.313
C:\Users\josep\source\repos\AIOTED-digital\04_joe_lcd_20x32\4_main_dig6_20260905-101058.jpg,4,4,1.000000,0.000000,0.000000,0.000000,0.000000,1.000000,0.000000,0.000000,0.000000,0.000000,0.000000,0.000000,6,20260905-101058,kwh,56.048
C:\Users\josep\source\repos\AIOTED-digital\04_joe_lcd_20x32\4_main_dig6_20260905-102258.jpg,4,4,1.000000,0.000000,0.000000,0.000000,0.000000,1.000000,0.000000,0.000000,0.000000,0.000000,0.000000,0.000000,6,20260905-102258,kwh,59.170
C:\Users\josep\source\repos\AIOTED-digital\04_joe_lcd_20x32\4_main_dig6_20260905-155057.jpg,4,4,1.000000,0.000000,0.000000,0.000000,0.000000,1.000000,0.000000,0.000000,0.000000,0.000000,0.000000,0.000000,6,20260905-155057,kwh,33.099
C:\Users\josep\source\repos\AIOTED-digital\04_joe_lcd_20x32\4_main_dig6_20260908-100322.jpg,4,4,0.999999,0.000000,0.000000,0.000000,0.000000,0.999999,0.000000,0.000000,0.000000,0.000000,0.000001,0.000000,6,20260908-100322,kwh,24.925
C:\Users\josep\source\repos\AIOTED-digital\04_joe_lcd_20x32\4_main_dig6_20260908-101921.jpg,4,4,1.000000,0.000000,0.000000,0.000000,0.000000,1.000000,0.000000,0.000000,0.000000,0.000000,0.000000,0.000000,6,20260908-101921,kwh,37.127
C:\Users\josep\source\repos\AIOTED-digital\04_joe_lcd_20x32\4_main_dig6_20260908-171121.jpg,4,4,1.000000,0.000000,0.000000,0.000000,0.000000,1.000000,0.000000,0.000000,0.000000,0.000000,0.000000,0.000000,6,20260908-171121,kwh,50.118
C:\Users\josep\source\repos\AIOTED-digital\04_joe_lcd_20x32\4_main_dig6_20260917-072533.jpg,4,4,0.999996,0.000000,0.000000,0.000000,0.000000,0.999996,0.000000,0.000000,0.000000,0.000000,0.000004,0.000000,6,20260917-072533,kwh,21.808
C:\Users\josep\source\repos\AIOTED-digital\04_joe_lcd_20x32\4_main_dig6_20260917-164532.jpg,4,4,1.000000,0.000000,0.000000,0.000000,0.000000,1.000000,0.000000,0.000000,0.000000,0.000000,0.000000,0.000000,6,20260917-164532,kwh,30.813
C:\Users\josep\source\repos\AIOTED-digital\04_joe_lcd_20x32\5_main_dig2_20260805-015217.jpg,5,5,1.000000,0.000000,0.000000,0.000000,0.000000,0.000000,1.000000,0.000000,0.000000,0.000000,0.000000,0.000000,2,20260805-015217,kwh,118.190
C:\Users\josep\source\repos\AIOTED-digital\04_joe_lcd_20x32\5_main_dig2_20260805-030017.jpg,5,5,1.000000,0.000000,0.000000,0.000000,0.000000,0.000000,1.000000,0.000000,0.000000,0.000000,0.000000,0.000000,2,20260805-030017,kwh,118.682
C:\Users\josep\source\repos\AIOTED-digital\04_joe_lcd_20x32\5_main_dig2_20260805-050016.jpg,5,5,1.000000,0.000000,0.000000,0.000000,0.000000,0.000000,1.000000,0.000000,0.000000,0.000000,0.000000,0.000000,2,20260805-050016,kwh,120.837
C:\Users\josep\source\repos\AIOTED-digital\04_joe_lcd_20x32\5_main_dig2_20260805-052816.jpg,5,5,1.000000,0.000000,0.000000,0.000000,0.000000,0.000000,1.000000,0.000000,0.000000,0.000000,0.000000,0.000000,2,20260805-052816,kwh,121.089
C:\Users\josep\source\repos\AIOTED-digital\04_joe_lcd_20x32\5_main_dig2_20260805-060816.jpg,5,5,1.000000,0.000000,0.000000,0.000000,0.000000,0.000000,1.000000,0.000000,0.000000,0.000000,0.000000,0.000000,2,20260805-060816,kwh,111.602
C:\Users\josep\source\repos\AIOTED-digital\04_joe_lcd_20x32\5_main_dig2_20260805-064016.jpg,5,5,1.000000,0.000000,0.000000,0.000000,0.000000,0.000000,1.000000,0.000000,0.000000,0.000000,0.000000,0.000000,2,20260805-064016,kwh,104.842
C:\Users\josep\source\repos\AIOTED-digital\04_joe_lcd_20x32\5_main_dig2_20260805-064816.jpg,5,5,1.000000,0.000000,0.000000,0.000000,0.000000,0.000000,1.000000,0.000000,0.000000,0.000000,0.000000,0.000000,2,20260805-064816,kwh,107.773
C:\Users\josep\source\repos\AIOTED-digital\04_joe_lcd_20x32\5_main_dig2_20260805-080816.jpg,5,5,1.000000,0.000000,0.000000,0.000000,0.000000,0.000000,1.000000,0.000000,0.000000,0.000000,0.000000,0.000000,2,20260805-080816,kwh,96.803
C:\Users\josep\source\repos\AIOTED-digital\04_joe_lcd_20x32\5_main_dig2_20260805-191615.jpg,5,5,1.000000,0.000000,0.000000,0.000000,0.000000,0.000000,1.000000,0.000000,0.000000,0.000000,0.000000,0.000000,2,20260805-191615,kwh,101.132
C:\Users\josep\source\repos\AIOTED-digital\04_joe_lcd_20x32\5_main_dig2_20260805-192415.jpg,5,5,1.000000,0.000000,0.000000,0.000000,0.000000,0.000000,1.000000,0.000000,0.000000,0.000000,0.000000,0.000000,2,20260805-192415,kwh,104.925
C:\Users\josep\source\repos\AIOTED-digital\04_joe_lcd_20x32\5_main_dig2_20260805-192815.jpg,5,5,1.000000,0.000000,0.000000,0.000000,0.000000,0.000000,1.000000,0.000000,0.000000,0.000000,0.000000,0.000000,2,20260805-192815,kwh,104.872
C:\Users\josep\source\repos\AIOTED-digital\04_joe_lcd_20x32\5_main_dig2_20260805-193615.jpg,5,5,1.000000,0.000000,0.000000,0.000000,0.000000,0.000000,1.000000,0.000000,0.000000,0.000000,0.000000,0.000000,2,20260805-193615,kwh,106.288
C:\Users\josep\source\repos\AIOTED-digital\04_joe_lcd_20x32\5_main_dig2_20260805-194415.jpg,5,5,1.000000,0.000000,0.000000,0.000000,0.000000,0.000000,1.000000,0.000000,0.000000,0.000000,0.000000,0.000000,2,20260805-194415,kwh,108.697
C:\Users\josep\source\repos\AIOTED-digital\04_joe_lcd_20x32\5_main_dig2_20260805-194815.jpg,5,5,1.000000,0.000000,0.000000,0.000000,0.000000,0.000000,1.000000,0.000000,0.000000,0.000000,0.000000,0.000000,2,20260805-194815,kwh,109.112
C:\Users\josep\source\repos\AIOTED-digital\04_joe_lcd_20x32\5_main_dig2_20260805-195615.jpg,5,5,1.000000,0.000000,0.000000,0.000000,0.000000,0.000000,1.000000,0.000000,0.000000,0.000000,0.000000,0.000000,2,20260805-195615,kwh,112.890
C:\Users\josep\source\repos\AIOTED-digital\04_joe_lcd_20x32\5_main_dig2_20260805-202815.jpg,5,5,1.000000,0.000000,0.000000,0.000000,0.000000,0.000000,1.000000,0.000000,0.000000,0.000000,0.000000,0.000000,2,20260805-202815,kwh,119.279
C:\Users\josep\source\repos\AIOTED-digital\04_joe_lcd_20x32\5_main_dig2_20260805-203615.jpg,5,5,1.000000,0.000000,0.000000,0.000000,0.000000,0.000000,1.000000,0.000000,0.000000,0.000000,0.000000,0.000000,2,20260805-203615,kwh,117.787
C:\Users\josep\source\repos\AIOTED-digital\04_joe_lcd_20x32\5_main_dig2_20260805-210415.jpg,5,5,1.000000,0.000000,0.000000,0.000000,0.000000,0.000000,1.000000,0.000000,0.000000,0.000000,0.000000,0.000000,2,20260805-210415,kwh,118.237
C:\Users\josep\source\repos\AIOTED-digital\04_joe_lcd_20x32\5_main_dig2_20260805-211615.jpg,5,5,1.000000,0.000000,0.000000,0.000000,0.000000,0.000000,1.000000,0.000000,0.000000,0.000000,0.000000,0.000000,2,20260805-211615,kwh,118.305
C:\Users\josep\source\repos\AIOTED-digital\04_joe_lcd_20x32\5_main_dig2_20260805-212415.jpg,5,5,1.000000,0.000000,0.000000,0.000000,0.000000,0.000000,1.000000,0.000000,0.000000,0.000000,0.000000,0.000000,2,20260805-212415,kwh,119.150
C:\Users\josep\source\repos\AIOTED-digital\04_joe_lcd_20x32\5_main_dig2_20260805-220415.jpg,5,5,1.000000,0.000000,0.000000,0.000000,0.000000,0.000000,1.000000,0.000000,0.000000,0.000000,0.000000,0.000000,2,20260805-220415,kwh,118.807
C:\Users\josep\source\repos\AIOTED-digital\04_joe_lcd_20x32\5_main_dig2_20260805-222415.jpg,5,5,1.000000,0.000000,0.000000,0.000000,0.000000,0.000000,1.000000,0.000000,0.000000,0.000000,0.000000,0.000000,2,20260805-222415,kwh,118.399
C:\Users\josep\source\repos\AIOTED-digital\04_joe_lcd_20x32\5_main_dig2_20260805-223615.jpg,5,5,1.000000,0.000000,0.000000,0.000000,0.000000,0.000000,1.000000,0.000000,0.000000,0.000000,0.000000,0.000000,2,20260805-223615,kwh,118.844
C:\Users\josep\source\repos\AIOTED-digital\04_joe_lcd_20x32\5_main_dig2_20260805-234415.jpg,5,5,1.000000,0.000000,0.000000,0.000000,0.000000,0.000000,1.000000,0.000000,0.000000,0.000000,0.000000,0.000000,2,20260805-234415,kwh,117.230
C:\Users\josep\source\repos\AIOTED-digital\04_joe_lcd_20x32\5_main_dig2_20260827-142541.jpg,5,5,1.000000,0.000000,0.000000,0.000000,0.000000,0.000000,1.000000,0.000000,0.000000,0.000000,0.000000,0.000000,2,20260827-142541,kwh,75.120
C:\Users\josep\source\repos\AIOTED-digital\04_joe_lcd_20x32\5_main_dig2_20260829-084537.jpg,5,5,1.000000,0.000000,0.000000,0.000000,0.000000,0.000000,1.000000,0.000000,0.000000,0.000000,0.000000,0.000000,2,20260829-084537,kwh,82.885
C:\Users\josep\source\repos\AIOTED-digital\04_joe_lcd_20x32\5_main_dig2_20260829-095737.jpg,5,5,1.000000,0.000000,0.000000,0.000000,0.000000,0.000000,1.000000,0.000000,0.000000,0.000000,0.000000,0.000000,2,20260829-095737,kwh,82.245
C:\Users\josep\source\repos\AIOTED-digital\04_joe_lcd_20x32\5_main_dig2_20260830-132135.jpg,5,5,1.000000,0.000000,0.000000,0.000000,0.000000,0.000000,1.000000,0.000000,0.000000,0.000000,0.000000,0.000000,2,20260830-132135,kwh,81.161
C:\Users\josep\source\repos\AIOTED-digital\04_joe_lcd_20x32\5_main_dig2_20260831-161333.jpg,5,5,1.000000,0.000000,0.000000,0.000000,0.000000,0.000000,1.000000,0.000000,0.000000,0.000000,0.000000,0.000000,2,20260831-161333,kwh,81.956
C:\Users\josep\source\repos\AIOTED-digital\04_joe_lcd_20x32\5_main_dig2_20260831-175333.jpg,5,5,1.000000,0.000000,0.000000,0.000000,0.000000,0.000000,1.000000,0.000000,0.000000,0.000000,0.000000,0.000000,2,20260831-175333,kwh,85.633
C:\Users\josep\source\repos\AIOTED-digital\04_joe_lcd_20x32\5_main_dig2_20260905-114257.jpg,5,5,1.000000,0.000000,0.000000,0.000000,0.000000,0.000000,1.000000,0.000000,0.000000,0.000000,0.000000,0.000000,2,20260905-114257,kwh,54.266
C:\Users\josep\source\repos\AIOTED-digital\04_joe_lcd_20x32\5_main_dig2_20260908-141121.jpg,5,5,1.000000,0.000000,0.000000,0.000000,0.000000,0.000000,1.000000,0.000000,0.000000,0.000000,0.000000,0.000000,2,20260908-141121,kwh,80.059
C:\Users\josep\source\repos\AIOTED-digital\04_joe_lcd_20x32\5_main_dig2_20260917-114532.jpg,5,5,1.000000,0.000000,0.000000,0.000000,0.000000,0.000000,1.000000,0.000000,0.000000,0.000000,0.000000,0.000000,2,20260917-114532,kwh,74.235
C:\Users\josep\source\repos\AIOTED-digital\04_joe_lcd_20x32\5_main_dig2_20260930-091437.jpg,5,5,1.000000,0.000000,0.000000,0.000000,0.000000,0.000000,1.000000,0.000000,0.000000,0.000000,0.000000,0.000000,2,20260930-091437,kwh,80.745
C:\Users\josep\source\repos\AIOTED-digital\04_joe_lcd_20x32\5_main_dig4_20260829-120537.jpg,5,5,1.000000,0.000000,0.000000,0.000000,0.000000,0.000000,1.000000,0.000000,0.000000,0.000000,0.000000,0.000000,4,20260829-120537,kwh,67.163
C:\Users\josep\source\repos\AIOTED-digital\04_joe_lcd_20x32\5_main_dig4_20260829-121737.jpg,5,5,1.000000,0.000000,0.000000,0.000000,0.000000,0.000000,1.000000,0.000000,0.000000,0.000000,0.000000,0.000000,4,20260829-121737,kwh,64.283
C:\Users\josep\source\repos\AIOTED-digital\04_joe_lcd_20x32\5_main_dig4_20260829-122537.jpg,5,5,1.000000,0.000000,0.000000,0.000000,0.000000,0.000000,1.000000,0.000000,0.000000,0.000000,0.000000,0.000000,4,20260829-122537,kwh,66.291
C:\Users\josep\source\repos\AIOTED-digital\04_joe_lcd_20x32\5_main_dig4_20260829-124537.jpg,5,5,1.000000,0.000000,0.000000,0.000000,0.000000,0.000000,1.000000,0.000000,0.000000,0.000000,0.000000,0.000000,4,20260829-124537,kwh,65.492
C:\Users\josep\source\repos\AIOTED-digital\04_joe_lcd_20x32\5_main_dig4_20260829-125737.jpg,5,5,1.000000,0.000000,0.000000,0.000000,0.000000,0.000000,1.000000,0.000000,0.000000,0.000000,0.000000,0.000000,4,20260829-125737,kwh,65.760
C:\Users\josep\source\repos\AIOTED-digital\04_joe_lcd_20x32\5_main_dig4_20260829-130537.jpg,5,5,1.000000,0.000000,0.000000,0.000000,0.000000,0.000000,1.000000,0.000000,0.000000,0.000000,0.000000,0.000000,4,20260829-130537,kwh,64.793
C:\Users\josep\source\repos\AIOTED-digital\04_joe_lcd_20x32\5_main_dig4_20260829-131737.jpg,5,5,1.000000,0.000000,0.000000,0.000000,0.000000,0.000000,1.000000,0.000000,0.000000,0.000000,0.000000,0.000000,4,20260829-131737,kwh,65.000
C:\Users\josep\source\repos\AIOTED-digital\04_joe_lcd_20x32\5_main_dig4_20260829-135737.jpg,5,5,1.000000,0.000000,0.000000,0.000000,0.000000,0.000000,1.000000,0.000000,0.000000,0.000000,0.000000,0.000000,4,20260829-135737,kwh,63.970
C:\Users\josep\source\repos\AIOTED-digital\04_joe_lcd_20x32\5_main_dig4_20260829-140537.jpg,5,5,1.000000,0.000000,0.000000,0.000000,0.000000,0.000000,1.000000,0.000000,0.000000,0.000000,0.000000,0.000000,4,20260829-140537,kwh,70.222
C:\Users\josep\source\repos\AIOTED-digital\04_joe_lcd_20x32\5_main_dig4_20260829-141737.jpg,5,5,1.000000,0.000000,0.000000,0.000000,0.000000,0.000000,1.000000,0.000000,0.000000,0.000000,0.000000,0.000000,4,20260829-141737,kwh,64.617
C:\Users\josep\source\repos\AIOTED-digital\04_joe_lcd_20x32\5_main_dig4_20260829-144537.jpg,5,5,1.000000,0.000000,0.000000,0.000000,0.000000,0.000000,1.000000,0.000000,0.000000,0.000000,0.000000,0.000000,4,20260829-144537,kwh,64.960
C:\Users\josep\source\repos\AIOTED-digital\04_joe_lcd_20x32\5_main_dig4_20260829-150537.jpg,5,5,1.000000,0.000000,0.000000,0.000000,0.000000,0.000000,1.000000,0.000000,0.000000,0.000000,0.000000,0.000000,4,20260829-150537,kwh,63.881
C:\Users\josep\source\repos\AIOTED-digital\04_joe_lcd_20x32\5_main_dig4_20260829-151337.jpg,5,5,1.000000,0.000000,0.000000,0.000000,0.000000,0.000000,1.000000,0.000000,0.000000,0.000000,0.000000,0.000000,4,20260829-151337,kwh,64.456
C:\Users\josep\source\repos\AIOTED-digital\04_joe_lcd_20x32\5_main_dig4_20260829-153337.jpg,5,5,1.000000,0.000000,0.000000,0.000000,0.000000,0.000000,1.000000,0.000000,0.000000,0.000000,0.000000,0.000000,4,20260829-153337,kwh,64.558
C:\Users\josep\source\repos\AIOTED-digital\04_joe_lcd_20x32\5_main_dig4_20260829-154537.jpg,5,5,1.000000,0.000000,0.000000,0.000000,0.000000,0.000000,1.000000,0.000000,0.000000,0.000000,0.000000,0.000000,4,20260829-154537,kwh,64.021
C:\Users\josep\source\repos\AIOTED-digital\04_joe_lcd_20x32\5_main_dig4_20260829-155337.jpg,5,5,1.000000,0.000000,0.000000,0.000000,0.000000,0.000000,1.000000,0.000000,0.000000,0.000000,0.000000,0.000000,4,20260829-155337,kwh,64.329
C:\Users\josep\source\repos\AIOTED-digital\04_joe_lcd_20x32\5_main_dig4_20260829-170537.jpg,5,5,1.000000,0.000000,0.000000,0.000000,0.000000,0.000000,1.000000,0.000000,0.000000,0.000000,0.000000,0.000000,4,20260829-170537,kwh,65.773
C:\Users\josep\source\repos\AIOTED-digital\04_joe_lcd_20x32\5_main_dig4_20260830-065336.jpg,5,5,1.000000,0.000000,0.000000,0.000000,0.000000,0.000000,1.000000,0.000000,0.000000,0.000000,0.000000,0.000000,4,20260830-065336,kwh,65.260
C:\Users\josep\source\repos\AIOTED-digital\04_joe_lcd_20x32\5_main_dig4_20260830-070136.jpg,5,5,1.000000,0.000000,0.000000,0.000000,0.000000,0.000000,1.000000,0.000000,0.000000,0.000000,0.000000,0.000000,4,20260830-070136,kwh,65.009
C:\Users\josep\source\repos\AIOTED-digital\04_joe_lcd_20x32\5_main_dig4_20260830-070936.jpg,5,5,1.000000,0.000000,0.000000,0.000000,0.000000,0.000000,1.000000,0.000000,0.000000,0.000000,0.000000,0.000000,4,20260830-070936,kwh,64.032
C:\Users\josep\source\repos\AIOTED-digital\04_joe_lcd_20x32\5_main_dig4_20260830-071336.jpg,5,0,0.974424,0.974424,0.000000,0.000000,0.000000,0.000000,0.001298,0.000165,0.000000,0.023957,0.000155,0.000000,4,20260830-071336,kwh,63.995
C:\Users\josep\source\repos\AIOTED-digital\04_joe_lcd_20x32\5_main_dig4_20260830-072136.jpg,5,5,1.000000,0.000000,0.000000,0.000000,0.000000,0.000000,1.000000,0.000000,0.000000,0.000000,0.000000,0.000000,4,20260830-072136,kwh,64.923
C:\Users\josep\source\repos\AIOTED-digital\04_joe_lcd_20x32\5_main_dig4_20260830-072936.jpg,5,5,1.000000,0.000000,0.000000,0.000000,0.000000,0.000000,1.000000,0.000000,0.000000,0.000000,0.000000,0.000000,4,20260830-072936,kwh,65.775
C:\Users\josep\source\repos\AIOTED-digital\04_joe_lcd_20x32\5_main_dig4_20260830-074136.jpg,5,5,1.000000,0.000000,0.000000,0.000000,0.000000,0.000000,1.000000,0.000000,0.000000,0.000000,0.000000,0.000000,4,20260830-074136,kwh,69.816
C:\Users\josep\source\repos\AIOTED-digital\04_joe_lcd_20x32\5_main_dig4_20260830-074936.jpg,5,5,1.000000,0.000000,0.000000,0.000000,0.000000,0.000000,1.000000,0.000000,0.000000,0.000000,0.000000,0.000000,4,20260830-074936,kwh,73.291
C:\Users\josep\source\repos\AIOTED-digital\04_joe_lcd_20x32\5_main_dig4_20260830-080936.jpg,5,5,1.000000,0.000000,0.000000,0.000000,0.000000,0.000000,1.000000,0.000000,0.000000,0.000000,0.000000,0.000000,4,20260830-080936,kwh,76.042
C:\Users\josep\source\repos\AIOTED-digital\04_joe_lcd_20x32\5_main_dig4_20260830-082936.jpg,5,5,1.000000,0.000000,0.000000,0.000000,0.000000,0.000000,1.000000,0.000000,0.000000,0.000000,0.000000,0.000000,4,20260830-082936,kwh,74.828
C:\Users\josep\source\repos\AIOTED-digital\04_joe_lcd_20x32\5_main_dig4_20260830-084136.jpg,5,5,1.000000,0.000000,0.000000,0.000000,0.000000,0.000000,1.000000,0.000000,0.000000,0.000000,0.000000,0.000000,4,20260830-084136,kwh,79.194
C:\Users\josep\source\repos\AIOTED-digital\04_joe_lcd_20x32\5_main_dig4_20260830-090136.jpg,5,5,1.000000,0.000000,0.000000,0.000000,0.000000,0.000000,1.000000,0.000000,0.000000,0.000000,0.000000,0.000000,4,20260830-090136,kwh,79.917
C:\Users\josep\source\repos\AIOTED-digital\04_joe_lcd_20x32\5_main_dig4_20260830-092936.jpg,5,5,1.000000,0.000000,0.000000,0.000000,0.000000,0.000000,1.000000,0.000000,0.000000,0.000000,0.000000,0.000000,4,20260830-092936,kwh,87.085
C:\Users\josep\source\repos\AIOTED-digital\04_joe_lcd_20x32\5_main_dig4_20260830-094136.jpg,5,5,1.000000,0.000000,0.000000,0.000000,0.000000,0.000000,1.000000,0.000000,0.000000,0.000000,0.000000,0.000000,4,20260830-094136,kwh,82.283
C:\Users\josep\source\repos\AIOTED-digital\04_joe_lcd_20x32\5_main_dig4_20260830-112136.jpg,5,5,1.000000,0.000000,0.000000,0.000000,0.000000,0.000000,1.000000,0.000000,0.000000,0.000000,0.000000,0.000000,4,20260830-112136,kwh,70.895
C:\Users\josep\source\repos\AIOTED-digital\04_joe_lcd_20x32\5_main_dig4_20260830-112936.jpg,5,5,1.000000,0.000000,0.000000,0.000000,0.000000,0.000000,1.000000,0.000000,0.000000,0.000000,0.000000,0.000000,4,20260830-112936,kwh,70.770
C:\Users\josep\source\repos\AIOTED-digital\04_joe_lcd_20x32\5_main_dig4_20260830-114136.jpg,5,5,1.000000,0.000000,0.000000,0.000000,0.000000,0.000000,1.000000,0.000000,0.000000,0.000000,0.000000,0.000000,4,20260830-114136,kwh,70.018
C:\Users\josep\source\repos\AIOTED-digital\04_joe_lcd_20x32\5_main_dig4_20260830-114936.jpg,5,5,1.000000,0.000000,0.000000,0.000000,0.000000,0.000000,1.000000,0.000000,0.000000,0.000000,0.000000,0.000000,4,20260830-114936,kwh,71.950
C:\Users\josep\source\repos\AIOTED-digital\04_joe_lcd_20x32\5_main_dig4_20260830-142935.jpg,5,5,1.000000,0.000000,0.000000,0.000000,0.000000,0.000000,1.000000,0.000000,0.000000,0.000000,0.000000,0.000000,4,20260830-142935,kwh,65.389
C:\Users\josep\source\repos\AIOTED-digital\04_joe_lcd_20x32\5_main_dig4_20260830-144135.jpg,5,5,1.000000,0.000000,0.000000,0.000000,0.000000,0.000000,1.000000,0.000000,0.000000,0.000000,0.000000,0.000000,4,20260830-144135,kwh,65.981
C:\Users\josep\source\repos\AIOTED-digital\04_joe_lcd_20x32\5_main_dig4_20260830-150935.jpg,5,5,1.000000,0.000000,0.000000,0.000000,0.000000,0.000000,1.000000,0.000000,0.000000,0.000000,0.000000,0.000000,4,20260830-150935,kwh,71.835
C:\Users\josep\source\repos\AIOTED-digital\04_joe_lcd_20x32\5_main_dig4_20260830-151735.jpg,5,5,1.000000,0.000000,0.000000,0.000000,0.000000,0.000000,1.000000,0.000000,0.000000,0.000000,0.000000,0.000000,4,20260830-151735,kwh,70.779
C:\Users\josep\source\repos\AIOTED-digital\04_joe_lcd_20x32\5_main_dig4_20260830-152135.jpg,5,5,1.000000,0.000000,0.000000,0.000000,0.000000,0.000000,1.000000,0.000000,0.000000,0.000000,0.000000,0.000000,4,20260830-152135,kwh,72.875
C:\Users\josep\source\repos\AIOTED-digital\04_joe_lcd_20x32\5_main_dig4_20260830-154135.jpg,5,5,1.000000,0.000000,0.000000,0.000000,0.000000,0.000000,1.000000,0.000000,0.000000,0.000000,0.000000,0.000000,4,20260830-154135,kwh,73.171
C:\Users\josep\source\repos\AIOTED-digital\04_joe_lcd_20x32\5_main_dig4_20260830-161735.jpg,5,5,1.000000,0.000000,0.000000,0.000000,0.000000,0.000000,1.000000,0.000000,0.000000,0.000000,0.000000,0.000000,4,20260830-161735,kwh,69.105
C:\Users\josep\source\repos\AIOTED-digital\04_joe_lcd_20x32\5_main_dig4_20260830-163735.jpg,5,5,1.000000,0.000000,0.000000,0.000000,0.000000,0.000000,1.000000,0.000000,0.000000,0.000000,0.000000,0.000000,4,20260830-163735,kwh,67.393
C:\Users\josep\source\repos\AIOTED-digital\04_joe_lcd_20x32\5_main_dig4_20260830-165735.jpg,5,5,1.000000,0.000000,0.000000,0.000000,0.000000,0.000000,1.000000,0.000000,0.000000,0.000000,0.000000,0.000000,4,20260830-165735,kwh,68.077
C:\Users\josep\source\repos\AIOTED-digital\04_joe_lcd_20x32\5_main_dig4_20260830-170935.jpg,5,5,1.000000,0.000000,0.000000,0.000000,0.000000,0.000000,1.000000,0.000000,0.000000,0.000000,0.000000,0.000000,4,20260830-170935,kwh,68.230
C:\Users\josep\source\repos\AIOTED-digital\04_joe_lcd_20x32\5_main_dig4_20260830-171735.jpg,5,5,1.000000,0.000000,0.000000,0.000000,0.000000,0.000000,1.000000,0.000000,0.000000,0.000000,0.000000,0.000000,4,20260830-171735,kwh,68.036
C:\Users\josep\source\repos\AIOTED-digital\04_joe_lcd_20x32\5_main_dig4_20260830-172935.jpg,5,5,1.000000,0.000000,0.000000,0.000000,0.000000,0.000000,1.000000,0.000000,0.000000,0.000000,0.000000,0.000000,4,20260830-172935,kwh,67.219
C:\Users\josep\source\repos\AIOTED-digital\04_joe_lcd_20x32\5_main_dig4_20260830-173735.jpg,5,5,1.000000,0.000000,0.000000,0.000000,0.000000,0.000000,1.000000,0.000000,0.000000,0.000000,0.000000,0.000000,4,20260830-173735,kwh,65.780
C:\Users\josep\source\repos\AIOTED-digital\04_joe_lcd_20x32\5_main_dig4_20260830-174935.jpg,5,5,1.000000,0.000000,0.000000,0.000000,0.000000,0.000000,1.000000,0.000000,0.000000,0.000000,0.000000,0.000000,4,20260830-174935,kwh,65.755
C:\Users\josep\source\repos\AIOTED-digital\04_joe_lcd_20x32\5_main_dig4_20260830-175735.jpg,5,5,1.000000,0.000000,0.000000,0.000000,0.000000,0.000000,1.000000,0.000000,0.000000,0.000000,0.000000,0.000000,4,20260830-175735,kwh,65.935
C:\Users\josep\source\repos\AIOTED-digital\04_joe_lcd_20x32\5_main_dig4_20260830-180935.jpg,5,5,1.000000,0.000000,0.000000,0.000000,0.000000,0.000000,1.000000,0.000000,0.000000,0.000000,0.000000,0.000000,4,20260830-180935,kwh,68.025
C:\Users\josep\source\repos\AIOTED-digital\04_joe_lcd_20x32\5_main_dig4_20260830-181735.jpg,5,5,1.000000,0.000000,0.000000,0.000000,0.000000,0.000000,1.000000,0.000000,0.000000,0.000000,0.000000,0.000000,4,20260830-181735,kwh,65.779
C:\Users\josep\source\repos\AIOTED-digital\04_joe_lcd_20x32\5_main_dig4_20260831-071334.jpg,5,5,1.000000,0.000000,0.000000,0.000000,0.000000,0.000000,1.000000,0.000000,0.000000,0.000000,0.000000,0.000000,4,20260831-071334,kwh,65.623
C:\Users\josep\source\repos\AIOTED-digital\04_joe_lcd_20x32\5_main_dig4_20260831-071734.jpg,5,5,1.000000,0.000000,0.000000,0.000000,0.000000,0.000000,1.000000,0.000000,0.000000,0.000000,0.000000,0.000000,4,20260831-071734,kwh,64.951
C:\Users\josep\source\repos\AIOTED-digital\04_joe_lcd_20x32\5_main_dig4_20260831-072534.jpg,5,5,1.000000,0.000000,0.000000,0.000000,0.000000,0.000000,1.000000,0.000000,0.000000,0.000000,0.000000,0.000000,4,20260831-072534,kwh,66.835
C:\Users\josep\source\repos\AIOTED-digital\04_joe_lcd_20x32\5_main_dig4_20260831-073334.jpg,5,5,1.000000,0.000000,0.000000,0.000000,0.000000,0.000000,1.000000,0.000000,0.000000,0.000000,0.000000,0.000000,4,20260831-073334,kwh,66.490
C:\Users\josep\source\repos\AIOTED-digital\04_joe_lcd_20x32\5_main_dig4_20260831-073734.jpg,5,5,1.000000,0.000000,0.000000,0.000000,0.000000,0.000000,1.000000,0.000000,0.000000,0.000000,0.000000,0.000000,4,20260831-073734,kwh,66.336
C:\Users\josep\source\repos\AIOTED-digital\04_joe_lcd_20x32\5_main_dig4_20260831-075334.jpg,5,5,1.000000,0.000000,0.000000,0.000000,0.000000,0.000000,1.000000,0.000000,0.000000,0.000000,0.000000,0.000000,4,20260831-075334,kwh,68.229
C:\Users\josep\source\repos\AIOTED-digital\04_joe_lcd_20x32\5_main_dig4_20260831-075734.jpg,5,5,1.000000,0.000000,0.000000,0.000000,0.000000,0.000000,1.000000,0.000000,0.000000,0.000000,0.000000,0.000000,4,20260831-075734,kwh,72.368
C:\Users\josep\source\repos\AIOTED-digital\04_joe_lcd_20x32\5_main_dig4_20260831-080534.jpg,5,5,1.000000,0.000000,0.000000,0.000000,0.000000,0.000000,1.000000,0.000000,0.000000,0.000000,0.000000,0.000000,4,20260831-080534,kwh,79.701
C:\Users\josep\source\repos\AIOTED-digital\04_joe_lcd_20x32\5_main_dig4_20260831-081334.jpg,5,5,1.000000,0.000000,0.000000,0.000000,0.000000,0.000000,1.000000,0.000000,0.000000,0.000000,0.000000,0.000000,4,20260831-081334,kwh,76.592
C:\Users\josep\source\repos\AIOTED-digital\04_joe_lcd_20x32\5_main_dig4_20260831-083334.jpg,5,5,1.000000,0.000000,0.000000,0.000000,0.000000,0.000000,1.000000,0.000000,0.000000,0.000000,0.000000,0.000000,4,20260831-083334,kwh,77.877
C:\Users\josep\source\repos\AIOTED-digital\04_joe_lcd_20x32\5_main_dig4_20260831-100534.jpg,5,5,1.000000,0.000000,0.000000,0.000000,0.000000,0.000000,1.000000,0.000000,0.000000,0.000000,0.000000,0.000000,4,20260831-100534,kwh,78.648
C:\Users\josep\source\repos\AIOTED-digital\04_joe_lcd_20x32\5_main_dig4_20260831-110534.jpg,5,5,1.000000,0.000000,0.000000,0.000000,0.000000,0.000000,1.000000,0.000000,0.000000,0.000000,0.000000,0.000000,4,20260831-110534,kwh,83.146
C:\Users\josep\source\repos\AIOTED-digital\04_joe_lcd_20x32\5_main_dig4_20260831-111334.jpg,5,5,1.000000,0.000000,0.000000,0.000000,0.000000,0.000000,1.000000,0.000000,0.000000,0.000000,0.000000,0.000000,4,20260831-111334,kwh,75.174
C:\Users\josep\source\repos\AIOTED-digital\04_joe_lcd_20x32\5_main_dig4_20260831-112534.jpg,5,5,1.000000,0.000000,0.000000,0.000000,0.000000,0.000000,1.000000,0.000000,0.000000,0.000000,0.000000,0.000000,4,20260831-112534,kwh,66.324
C:\Users\josep\source\repos\AIOTED-digital\04_joe_lcd_20x32\5_main_dig4_20260831-113334.jpg,5,5,1.000000,0.000000,0.000000,0.000000,0.000000,0.000000,1.000000,0.000000,0.000000,0.000000,0.000000,0.000000,4,20260831-113334,kwh,67.797
C:\Users\josep\source\repos\AIOTED-digital\04_joe_lcd_20x32\5_main_dig4_20260831-115334.jpg,5,5,1.000000,0.000000,0.000000,0.000000,0.000000,0.000000,1.000000,0.000000,0.000000,0.000000,0.000000,0.000000,4,20260831-115334,kwh,68.727
C:\Users\josep\source\repos\AIOTED-digital\04_joe_lcd_20x32\5_main_dig4_20260831-121334.jpg,5,5,1.000000,0.000000,0.000000,0.000000,0.000000,0.000000,1.000000,0.000000,0.000000,0.000000,0.000000,0.000000,4,20260831-121334,kwh,68.728
C:\Users\josep\source\repos\AIOTED-digital\04_joe_lcd_20x32\5_main_dig4_20260831-122534.jpg,5,5,1.000000,0.000000,0.000000,0.000000,0.000000,0.000000,1.000000,0.000000,0.000000,0.000000,0.000000,0.000000,4,20260831-122534,kwh,79.714
C:\Users\josep\source\repos\AIOTED-digital\04_joe_lcd_20x32\5_main_dig4_20260831-130534.jpg,5,5,1.000000,0.000000,0.000000,0.000000,0.000000,0.000000,1.000000,0.000000,0.000000,0.000000,0.000000,0.000000,4,20260831-130534,kwh,70.773
C:\Users\josep\source\repos\AIOTED-digital\04_joe_lcd_20x32\5_main_dig4_20260831-133334.jpg,5,5,1.000000,0.000000,0.000000,0.000000,0.000000,0.000000,1.000000,0.000000,0.000000,0.000000,0.000000,0.000000,4,20260831-133334,kwh,57.221
C:\Users\josep\source\repos\AIOTED-digital\04_joe_lcd_20x32\5_main_dig4_20260831-135334.jpg,5,5,1.000000,0.000000,0.000000,0.000000,0.000000,0.000000,1.000000,0.000000,0.000000,0.000000,0.000000,0.000000,4,20260831-135334,kwh,55.481
C:\Users\josep\source\repos\AIOTED-digital\04_joe_lcd_20x32\5_main_dig4_20260831-141334.jpg,5,5,1.000000,0.000000,0.000000,0.000000,0.000000,0.000000,1.000000,0.000000,0.000000,0.000000,0.000000,0.000000,4,20260831-141334,kwh,49.934
C:\Users\josep\source\repos\AIOTED-digital\04_joe_lcd_20x32\5_main_dig4_20260831-143333.jpg,5,5,1.000000,0.000000,0.000000,0.000000,0.000000,0.000000,1.000000,0.000000,0.000000,0.000000,0.000000,0.000000,4,20260831-143333,kwh,47.946
C:\Users\josep\source\repos\AIOTED-digital\04_joe_lcd_20x32\5_main_dig4_20260831-145333.jpg,5,5,1.000000,0.000000,0.000000,0.000000,0.000000,0.000000,1.000000,0.000000,0.000000,0.000000,0.000000,0.000000,4,20260831-145333,kwh,49.103
C:\Users\josep\source\repos\AIOTED-digital\04_joe_lcd_20x32\5_main_dig4_20260831-160533.jpg,5,5,1.000000,0.000000,0.000000,0.000000,0.000000,0.000000,1.000000,0.000000,0.000000,0.000000,0.000000,0.000000,4,20260831-160533,kwh,75.861
C:\Users\josep\source\repos\AIOTED-digital\04_joe_lcd_20x32\5_main_dig4_20260831-161333.jpg,5,5,1.000000,0.000000,0.000000,0.000000,0.000000,0.000000,1.000000,0.000000,0.000000,0.000000,0.000000,0.000000,4,20260831-161333,kwh,70.979
C:\Users\josep\source\repos\AIOTED-digital\04_joe_lcd_20x32\5_main_dig4_20260831-162133.jpg,5,5,1.000000,0.000000,0.000000,0.000000,0.000000,0.000000,1.000000,0.000000,0.000000,0.000000,0.000000,0.000000,4,20260831-162133,kwh,72.853
C:\Users\josep\source\repos\AIOTED-digital\04_joe_lcd_20x32\5_main_dig4_20260831-163333.jpg,5,5,1.000000,0.000000,0.000000,0.000000,0.000000,0.000000,1.000000,0.000000,0.000000,0.000000,0.000000,0.000000,4,20260831-163333,kwh,73.327
C:\Users\josep\source\repos\AIOTED-digital\04_joe_lcd_20x32\5_main_dig4_20260831-164133.jpg,5,5,1.000000,0.000000,0.000000,0.000000,0.000000,0.000000,1.000000,0.000000,0.000000,0.000000,0.000000,0.000000,4,20260831-164133,kwh,70.077
C:\Users\josep\source\repos\AIOTED-digital\04_joe_lcd_20x32\5_main_dig4_20260831-164533.jpg,5,5,1.000000,0.000000,0.000000,0.000000,0.000000,0.000000,1.000000,0.000000,0.000000,0.000000,0.000000,0.000000,4,20260831-164533,kwh,69.203
C:\Users\josep\source\repos\AIOTED-digital\04_joe_lcd_20x32\5_main_dig4_20260831-173333.jpg,5,5,1.000000,0.000000,0.000000,0.000000,0.000000,0.000000,1.000000,0.000000,0.000000,0.000000,0.000000,0.000000,4,20260831-173333,kwh,67.013
C:\Users\josep\source\repos\AIOTED-digital\04_joe_lcd_20x32\5_main_dig4_20260831-174133.jpg,5,5,1.000000,0.000000,0.000000,0.000000,0.000000,0.000000,1.000000,0.000000,0.000000,0.000000,0.000000,0.000000,4,20260831-174133,kwh,68.027
C:\Users\josep\source\repos\AIOTED-digital\04_joe_lcd_20x32\5_main_dig4_20260831-174533.jpg,5,5,1.000000,0.000000,0.000000,0.000000,0.000000,0.000000,1.000000,0.000000,0.000000,0.000000,0.000000,0.000000,4,20260831-174533,kwh,66.525
C:\Users\josep\source\repos\AIOTED-digital\04_joe_lcd_20x32\5_main_dig4_20260831-175333.jpg,5,5,1.000000,0.000000,0.000000,0.000000,0.000000,0.000000,1.000000,0.000000,0.000000,0.000000,0.000000,0.000000,4,20260831-175333,kwh,66.322
C:\Users\josep\source\repos\AIOTED-digital\04_joe_lcd_20x32\5_main_dig4_20260831-180133.jpg,5,5,1.000000,0.000000,0.000000,0.000000,0.000000,0.000000,1.000000,0.000000,0.000000,0.000000,0.000000,0.000000,4,20260831-180133,kwh,68.439
C:\Users\josep\source\repos\AIOTED-digital\04_joe_lcd_20x32\5_main_dig5_20260827-234540.jpg,5,5,0.999997,0.000000,0.000000,0.000000,0.000000,0.000000,0.999997,0.000003,0.000000,0.000000,0.000000,0.000000,5,20260827-234540,kwh,64.737
C:\Users\josep\source\repos\AIOTED-digital\04_joe_lcd_20x32\5_main_dig5_20260827-235340.jpg,5,5,0.999995,0.000000,0.000000,0.000000,0.000000,0.000000,0.999995,0.000005,0.000000,0.000000,0.000000,0.000000,5,20260827-235340,kwh,63.214
C:\Users\josep\source\repos\AIOTED-digital\04_joe_lcd_20x32\5_main_dig5_20260831-011734.jpg,5,5,0.999999,0.000000,0.000000,0.000000,0.000000,0.000000,0.999999,0.000001,0.000000,0.000000,0.000000,0.000000,5,20260831-011734,kwh,64.773
C:\Users\josep\source\repos\AIOTED-digital\04_joe_lcd_20x32\5_main_dig5_20260831-013734.jpg,5,5,1.000000,0.000000,0.000000,0.000000,0.000000,0.000000,1.000000,0.000000,0.000000,0.000000,0.000000,0.000000,5,20260831-013734,kwh,64.787
C:\Users\josep\source\repos\AIOTED-digital\04_joe_lcd_20x32\5_main_dig5_20260831-015734.jpg,5,5,0.999999,0.000000,0.000000,0.000000,0.000000,0.000000,0.999999,0.000001,0.000000,0.000000,0.000000,0.000000,5,20260831-015734,kwh,64.923
C:\Users\josep\source\repos\AIOTED-digital\04_joe_lcd_20x32\5_main_dig5_20260831-022534.jpg,5,5,1.000000,0.000000,0.000000,0.000000,0.000000,0.000000,1.000000,0.000000,0.000000,0.000000,0.000000,0.000000,5,20260831-022534,kwh,65.141
C:\Users\josep\source\repos\AIOTED-digital\04_joe_lcd_20x32\5_main_dig5_20260831-062534.jpg,5,5,0.999981,0.000000,0.000000,0.000000,0.000000,0.000000,0.999981,0.000019,0.000000,0.000000,0.000000,0.000000,5,20260831-062534,kwh,62.282
C:\Users\josep\source\repos\AIOTED-digital\04_joe_lcd_20x32\5_main_dig5_20260831-063734.jpg,5,5,0.999992,0.000000,0.000000,0.000000,0.000000,0.000000,0.999992,0.000007,0.000000,0.000000,0.000000,0.000000,5,20260831-063734,kwh,62.365
C:\Users\josep\source\repos\AIOTED-digital\04_joe_lcd_20x32\5_main_dig5_20260831-070534.jpg,5,5,0.999998,0.000000,0.000000,0.000000,0.000000,0.000000,0.999998,0.000001,0.000000,0.000000,0.000000,0.000000,5,20260831-070534,kwh,58.359
C:\Users\josep\source\repos\AIOTED-digital\04_joe_lcd_20x32\5_main_dig5_20260831-071734.jpg,5,5,0.999999,0.000000,0.000000,0.000000,0.000000,0.000000,0.999999,0.000001,0.000000,0.000000,0.000000,0.000000,5,20260831-071734,kwh,57.394
C:\Users\josep\source\repos\AIOTED-digital\04_joe_lcd_20x32\5_main_dig5_20260831-072534.jpg,5,5,0.999999,0.000000,0.000000,0.000000,0.000000,0.000000,0.999999,0.000001,0.000000,0.000000,0.000000,0.000000,5,20260831-072534,kwh,58.074
C:\Users\josep\source\repos\AIOTED-digital\04_joe_lcd_20x32\5_main_dig5_20260831-073734.jpg,5,5,1.000000,0.000000,0.000000,0.000000,0.000000,0.000000,1.000000,0.000000,0.000000,0.000000,0.000000,0.000000,5,20260831-073734,kwh,58.001
C:\Users\josep\source\repos\AIOTED-digital\04_joe_lcd_20x32\5_main_dig5_20260831-074534.jpg,5,5,1.000000,0.000000,0.000000,0.000000,0.000000,0.000000,1.000000,0.000000,0.000000,0.000000,0.000000,0.000000,5,20260831-074534,kwh,56.489
C:\Users\josep\source\repos\AIOTED-digital\04_joe_lcd_20x32\5_main_dig5_20260831-075334.jpg,5,5,1.000000,0.000000,0.000000,0.000000,0.000000,0.000000,1.000000,0.000000,0.000000,0.000000,0.000000,0.000000,5,20260831-075334,kwh,56.852
C:\Users\josep\source\repos\AIOTED-digital\04_joe_lcd_20x32\5_main_dig5_20260831-081734.jpg,5,5,0.999250,0.000000,0.000000,0.000000,0.000000,0.000000,0.999250,0.000750,0.000000,0.000000,0.000000,0.000000,5,20260831-081734,kwh,64.088
C:\Users\josep\source\repos\AIOTED-digital\04_joe_lcd_20x32\5_main_dig5_20260831-083334.jpg,5,5,1.000000,0.000000,0.000000,0.000000,0.000000,0.000000,1.000000,0.000000,0.000000,0.000000,0.000000,0.000000,5,20260831-083334,kwh,65.936
C:\Users\josep\source\repos\AIOTED-digital\04_joe_lcd_20x32\5_main_dig5_20260831-085334.jpg,5,5,1.000000,0.000000,0.000000,0.000000,0.000000,0.000000,1.000000,0.000000,0.000000,0.000000,0.000000,0.000000,5,20260831-085334,kwh,72.939
C:\Users\josep\source\repos\AIOTED-digital\04_joe_lcd_20x32\5_main_dig5_20260902-074710.jpg,5,5,1.000000,0.000000,0.000000,0.000000,0.000000,0.000000,1.000000,0.000000,0.000000,0.000000,0.000000,0.000000,5,20260902-074710,kwh,58.000
C:\Users\josep\source\repos\AIOTED-digital\04_joe_lcd_20x32\5_main_dig5_20260902-083510.jpg,5,5,1.000000,0.000000,0.000000,0.000000,0.000000,0.000000,1.000000,0.000000,0.000000,0.000000,0.000000,0.000000,5,20260902-083510,kwh,59.925
C:\Users\josep\source\repos\AIOTED-digital\04_joe_lcd_20x32\5_main_dig5_20260902-084710.jpg,5,5,1.000000,0.000000,0.000000,0.000000,0.000000,0.000000,1.000000,0.000000,0.000000,0.000000,0.000000,0.000000,5,20260902-084710,kwh,57.786
C:\Users\josep\source\repos\AIOTED-digital\04_joe_lcd_20x32\5_main_dig5_20260902-092710.jpg,5,5,1.000000,0.000000,0.000000,0.000000,0.000000,0.000000,1.000000,0.000000,0.000000,0.000000,0.000000,0.000000,5,20260902-092710,kwh,60.684
C:\Users\josep\source\repos\AIOTED-digital\04_joe_lcd_20x32\5_main_dig5_20260902-093510.jpg,5,5,1.000000,0.000000,0.000000,0.000000,0.000000,0.000000,1.000000,0.000000,0.000000,0.000000,0.000000,0.000000,5,20260902-093510,kwh,61.857
C:\Users\josep\source\repos\AIOTED-digital\04_joe_lcd_20x32\5_main_dig5_20260902-095510.jpg,5,5,1.000000,0.000000,0.000000,0.000000,0.000000,0.000000,1.000000,0.000000,0.000000,0.000000,0.000000,0.000000,5,20260902-095510,kwh,58.843
C:\Users\josep\source\repos\AIOTED-digital\04_joe_lcd_20x32\5_main_dig6_20260805-092816.jpg,5,5,1.000000,0.000000,0.000000,0.000000,0.000000,0.000000,1.000000,0.000000,0.000000,0.000000,0.000000,0.000000,6,20260805-092816,kwh,69.753
C:\Users\josep\source\repos\AIOTED-digital\04_joe_lcd_20x32\5_main_dig6_20260827-034942.jpg,5,5,0.871033,0.001128,0.000000,0.000009,0.000181,0.000625,0.871033,0.083911,0.000010,0.020258,0.022843,0.000002,6,20260827-034942,kwh,32.951
C:\Users\josep\source\repos\AIOTED-digital\04_joe_lcd_20x32\5_main_dig6_20260827-042942.jpg,5,5,0.982976,0.000016,0.000000,0.000000,0.000009,0.000680,0.982976,0.010492,0.000000,0.000372,0.005455,0.000000,6,20260827-042942,kwh,32.268
C:\Users\josep\source\repos\AIOTED-digital\04_joe_lcd_20x32\5_main_dig6_20260827-115741.jpg,5,5,0.997973,0.000000,0.000000,0.000000,0.000000,0.000000,0.997973,0.002026,0.000000,0.000000,0.000000,0.000000,6,20260827-115741,kwh,92.865
C:\Users\josep\source\repos\AIOTED-digital\04_joe_lcd_20x32\5_main_dig6_20260829-171337.jpg,5,5,0.996225,0.000000,0.000000,0.000000,0.000000,0.000000,0.996225,0.003775,0.000000,0.000000,0.000000,0.000000,6,20260829-171337,kwh,28.168
C:\Users\josep\source\repos\AIOTED-digital\04_joe_lcd_20x32\5_main_dig6_20260829-174537.jpg,5,5,0.999856,0.000000,0.000000,0.000000,0.000000,0.000000,0.999856,0.000144,0.000000,0.000000,0.000000,0.000000,6,20260829-174537,kwh,26.806
C:\Users\josep\source\repos\AIOTED-digital\04_joe_lcd_20x32\5_main_dig6_20260830-160135.jpg,5,5,0.701755,0.000000,0.000000,0.000000,0.000000,0.000000,0.701755,0.298245,0.000000,0.000000,0.000000,0.000000,6,20260830-160135,kwh,69.894
C:\Users\josep\source\repos\AIOTED-digital\04_joe_lcd_20x32\5_main_dig6_20260830-160935.jpg,5,5,0.999695,0.000000,0.000000,0.000000,0.000000,0.000000,0.999695,0.000305,0.000000,0.000000,0.000000,0.000000,6,20260830-160935,kwh,72.429
C:\Users\josep\source\repos\AIOTED-digital\04_joe_lcd_20x32\5_main_dig6_20260830-202935.jpg,5,5,0.923951,0.000000,0.000000,0.000000,0.000000,0.000000,0.923951,0.076044,0.000000,0.000002,0.000002,0.000000,6,20260830-202935,kwh,27.882
C:\Users\josep\source\repos\AIOTED-digital\04_joe_lcd_20x32\5_main_dig6_20260830-204935.jpg,5,5,0.557665,0.000000,0.000000,0.000000,0.000000,0.000000,0.557665,0.442329,0.000000,0.000005,0.000001,0.000000,6,20260830-204935,kwh,27.301
C:\Users\josep\source\repos\AIOTED-digital\04_joe_lcd_20x32\5_main_dig6_20260831-233333.jpg,5,5,0.973280,0.000513,0.000000,0.000000,0.000000,0.000398,0.973280,0.010416,0.000000,0.000996,0.014397,0.000000,6,20260831-233333,kwh,28.862
C:\Users\josep\source\repos\AIOTED-digital\04_joe_lcd_20x32\5_main_dig6_20260831-235333.jpg,5,5,0.959306,0.000647,0.000000,0.000000,0.000001,0.001738,0.959306,0.017429,0.000000,0.001539,0.019338,0.000000,6,20260831-235333,kwh,28.147
C:\Users\josep\source\repos\AIOTED-digital\04_joe_lcd_20x32\5_main_dig6_20260902-010531.jpg,5,5,0.993312,0.000019,0.000000,0.000000,0.000000,0.000322,0.993312,0.003092,0.000000,0.000057,0.003199,0.000000,6,20260902-010531,kwh,27.907
C:\Users\josep\source\repos\AIOTED-digital\04_joe_lcd_20x32\5_main_dig6_20260902-014531.jpg,5,5,0.969505,0.000614,0.000000,0.000000,0.000000,0.001456,0.969505,0.013418,0.000000,0.000942,0.014064,0.000000,6,20260902-014531,kwh,28.762
C:\Users\josep\source\repos\AIOTED-digital\04_joe_lcd_20x32\5_main_dig6_20260902-191509.jpg,5,5,0.999995,0.000000,0.000000,0.000000,0.000000,0.000000,0.999995,0.000005,0.000000,0.000000,0.000000,0.000000,6,20260902-191509,kwh,27.258
C:\Users\josep\source\repos\AIOTED-digital\04_joe_lcd_20x32\5_main_dig6_20260905-033058.jpg,5,5,0.909855,0.000100,0.000000,0.000000,0.000022,0.000180,0.909855,0.003216,0.000001,0.002784,0.083840,0.000003,6,20260905-033058,kwh,27.352
C:\Users\josep\source\repos\AIOTED-digital\04_joe_lcd_20x32\5_main_dig6_20260905-225857.jpg,5,5,0.850153,0.000870,0.000000,0.000000,0.000000,0.000008,0.850153,0.146693,0.000000,0.001875,0.000401,0.000000,6,20260905-225857,kwh,25.973
C:\Users\josep\source\repos\AIOTED-digital\04_joe_lcd_20x32\5_main_dig6_20260908-001522.jpg,5,5,0.701580,0.003889,0.000000,0.000004,0.000033,0.000068,0.701580,0.227693,0.000009,0.055756,0.010960,0.000007,6,20260908-001522,kwh,26.865
C:\Users\josep\source\repos\AIOTED-digital\04_joe_lcd_20x32\5_main_dig6_20260908-002322.jpg,5,5,0.769770,0.001570,0.000000,0.000002,0.000020,0.000011,0.769770,0.210257,0.000007,0.015870,0.002488,0.000006,6,20260908-002322,kwh,25.948
C:\Users\josep\source\repos\AIOTED-digital\04_joe_lcd_20x32\5_main_dig6_20260908-104321.jpg,5,5,0.997150,0.000000,0.000000,0.000000,0.000000,0.000000,0.997150,0.002850,0.000000,0.000000,0.000000,0.000000,6,20260908-104321,kwh,45.103
C:\Users\josep\source\repos\AIOTED-digital\04_joe_lcd_20x32\5_main_dig6_20260908-111121.jpg,5,5,0.996229,0.000000,0.000000,0.000000,0.000000,0.000000,0.996229,0.003771,0.000000,0.000000,0.000000,0.000000,6,20260908-111121,kwh,40.124
C:\Users\josep\source\repos\AIOTED-digital\04_joe_lcd_20x32\5_main_dig6_20260908-171921.jpg,5,5,0.999413,0.000000,0.000000,0.000000,0.000000,0.000000,0.999413,0.000587,0.000000,0.000000,0.000000,0.000000,6,20260908-171921,kwh,55.964
C:\Users\josep\source\repos\AIOTED-digital\04_joe_lcd_20x32\5_main_dig6_20260908-235921.jpg,5,5,0.792696,0.000281,0.000000,0.000000,0.000000,0.000014,0.792696,0.200237,0.000000,0.005791,0.000980,0.000000,6,20260908-235921,kwh,27.457
C:\Users\josep\source\repos\AIOTED-digital\04_joe_lcd_20x32\5_main_dig6_20260917-081733.jpg,5,5,0.967512,0.000000,0.000000,0.000000,0.000000,0.000000,0.967512,0.032488,0.000000,0.000000,0.000000,0.000000,6,20260917-081733,kwh,25.773
C:\Users\josep\source\repos\AIOTED-digital\04_joe_lcd_20x32\5_main_dig6_20260917-173332.jpg,5,5,0.868381,0.000000,0.000000,0.000000,0.000000,0.000000,0.868381,0.131619,0.000000,0.000000,0.000000,0.000000,6,20260917-173332,kwh,30.968
C:\Users\josep\source\repos\AIOTED-digital\04_joe_lcd_20x32\5_main_dig6_20260917-174532.jpg,5,5,0.978133,0.000000,0.000000,0.000000,0.000000,0.000000,0.978133,0.021867,0.000000,0.000000,0.000000,0.000000,6,20260917-174532,kwh,25.794
C:\Users\josep\source\repos\AIOTED-digital\04_joe_lcd_20x32\5_main_dig6_20260917-175332.jpg,5,5,0.909373,0.000000,0.000000,0.000000,0.000000,0.000000,0.909373,0.090627,0.000000,0.000000,0.000000,0.000000,6,20260917-175332,kwh,24.843
C:\Users\josep\source\repos\AIOTED-digital\04_joe_lcd_20x32\5_main_dig6_20260930-072237.jpg,5,5,0.995191,0.000000,0.000000,0.000000,0.000000,0.000000,0.995191,0.004810,0.000000,0.000000,0.000000,0.000000,6,20260930-072237,kwh,24.527
C:\Users\josep\source\repos\AIOTED-digital\04_joe_lcd_20x32\5_main_dig6_20260930-073437.jpg,5,5,0.924426,0.000000,0.000000,0.000000,0.000000,0.000000,0.924426,0.075574,0.000000,0.000000,0.000000,0.000000,6,20260930-073437,kwh,25.175
C:\Users\josep\source\repos\AIOTED-digital\04_joe_lcd_20x32\5_main_dig6_20260930-074237.jpg,5,5,0.732287,0.000000,0.000000,0.000000,0.000000,0.000000,0.732287,0.267713,0.000000,0.000000,0.000000,0.000000,6,20260930-074237,kwh,24.502
C:\Users\josep\source\repos\AIOTED-digital\04_joe_lcd_20x32\5_main_dig6_20260930-080237.jpg,5,6,0.719612,0.000000,0.000000,0.000000,0.000000,0.000000,0.280389,0.719612,0.000000,0.000000,0.000000,0.000000,6,20260930-080237,kwh,31.093
C:\Users\josep\source\repos\AIOTED-digital\04_joe_lcd_20x32\5_main_dig6_20260930-081437.jpg,5,5,0.771550,0.000000,0.000000,0.000000,0.000000,0.000000,0.771550,0.228450,0.000000,0.000000,0.000000,0.000000,6,20260930-081437,kwh,31.729
C:\Users\josep\source\repos\AIOTED-digital\04_joe_lcd_20x32\6_main_dig4_20260805-002017.jpg,6,6,1.000000,0.000000,0.000000,0.000000,0.000000,0.000000,0.000000,1.000000,0.000000,0.000000,0.000000,0.000000,4,20260805-002017,kwh,79.752
C:\Users\josep\source\repos\AIOTED-digital\04_joe_lcd_20x32\6_main_dig4_20260805-003217.jpg,6,6,1.000000,0.000000,0.000000,0.000000,0.000000,0.000000,0.000000,1.000000,0.000000,0.000000,0.000000,0.000000,4,20260805-003217,kwh,81.005
C:\Users\josep\source\repos\AIOTED-digital\04_joe_lcd_20x32\6_main_dig4_20260805-010017.jpg,6,6,1.000000,0.000000,0.000000,0.000000,0.000000,0.000000,0.000000,1.000000,0.000000,0.000000,0.000000,0.000000,4,20260805-010017,kwh,81.230
C:\Users\josep\source\repos\AIOTED-digital\04_joe_lcd_20x32\6_main_dig4_20260805-015217.jpg,6,6,1.000000,0.000000,0.000000,0.000000,0.000000,0.000000,0.000000,1.000000,0.000000,0.000000,0.000000,0.000000,4,20260805-015217,kwh,82.229
C:\Users\josep\source\repos\AIOTED-digital\04_joe_lcd_20x32\6_main_dig4_20260805-030817.jpg,6,6,1.000000,0.000000,0.000000,0.000000,0.000000,0.000000,0.000000,1.000000,0.000000,0.000000,0.000000,0.000000,4,20260805-030817,kwh,83.432
C:\Users\josep\source\repos\AIOTED-digital\04_joe_lcd_20x32\6_main_dig4_20260805-050016.jpg,6,6,1.000000,0.000000,0.000000,0.000000,0.000000,0.000000,0.000000,1.000000,0.000000,0.000000,0.000000,0.000000,4,20260805-050016,kwh,85.477
C:\Users\josep\source\repos\AIOTED-digital\04_joe_lcd_20x32\6_main_dig4_20260805-050816.jpg,6,6,1.000000,0.000000,0.000000,0.000000,0.000000,0.000000,0.000000,1.000000,0.000000,0.000000,0.000000,0.000000,4,20260805-050816,kwh,82.900
C:\Users\josep\source\repos\AIOTED-digital\04_joe_lcd_20x32\6_main_dig4_20260805-054016.jpg,6,6,1.000000,0.000000,0.000000,0.000000,0.000000,0.000000,0.000000,1.000000,0.000000,0.000000,0.000000,0.000000,4,20260805-054016,kwh,85.148
C:\Users\josep\source\repos\AIOTED-digital\04_joe_lcd_20x32\6_main_dig4_20260805-060816.jpg,6,6,1.000000,0.000000,0.000000,0.000000,0.000000,0.000000,0.000000,1.000000,0.000000,0.000000,0.000000,0.000000,4,20260805-060816,kwh,80.256
C:\Users\josep\source\repos\AIOTED-digital\04_joe_lcd_20x32\6_main_dig4_20260805-062816.jpg,6,6,1.000000,0.000000,0.000000,0.000000,0.000000,0.000000,0.000000,1.000000,0.000000,0.000000,0.000000,0.000000,4,20260805-062816,kwh,77.892
C:\Users\josep\source\repos\AIOTED-digital\04_joe_lcd_20x32\6_main_dig4_20260805-064016.jpg,6,6,1.000000,0.000000,0.000000,0.000000,0.000000,0.000000,0.000000,1.000000,0.000000,0.000000,0.000000,0.000000,4,20260805-064016,kwh,78.477
C:\Users\josep\source\repos\AIOTED-digital\04_joe_lcd_20x32\6_main_dig4_20260805-064816.jpg,6,6,1.000000,0.000000,0.000000,0.000000,0.000000,0.000000,0.000000,1.000000,0.000000,0.000000,0.000000,0.000000,4,20260805-064816,kwh,78.857
C:\Users\josep\source\repos\AIOTED-digital\04_joe_lcd_20x32\6_main_dig4_20260805-104816.jpg,6,6,1.000000,0.000000,0.000000,0.000000,0.000000,0.000000,0.000000,1.000000,0.000000,0.000000,0.000000,0.000000,4,20260805-104816,kwh,72.937
C:\Users\josep\source\repos\AIOTED-digital\04_joe_lcd_20x32\6_main_dig4_20260805-153616.jpg,6,6,1.000000,0.000000,0.000000,0.000000,0.000000,0.000000,0.000000,1.000000,0.000000,0.000000,0.000000,0.000000,4,20260805-153616,kwh,79.723
C:\Users\josep\source\repos\AIOTED-digital\04_joe_lcd_20x32\6_main_dig4_20260805-191615.jpg,6,6,1.000000,0.000000,0.000000,0.000000,0.000000,0.000000,0.000000,1.000000,0.000000,0.000000,0.000000,0.000000,4,20260805-191615,kwh,79.244
C:\Users\josep\source\repos\AIOTED-digital\04_joe_lcd_20x32\6_main_dig4_20260805-192415.jpg,6,6,1.000000,0.000000,0.000000,0.000000,0.000000,0.000000,0.000000,1.000000,0.000000,0.000000,0.000000,0.000000,4,20260805-192415,kwh,78.160
C:\Users\josep\source\repos\AIOTED-digital\04_joe_lcd_20x32\6_main_dig4_20260805-192815.jpg,6,6,1.000000,0.000000,0.000000,0.000000,0.000000,0.000000,0.000000,1.000000,0.000000,0.000000,0.000000,0.000000,4,20260805-192815,kwh,77.805
C:\Users\josep\source\repos\AIOTED-digital\04_joe_lcd_20x32\6_main_dig4_20260805-193615.jpg,6,6,1.000000,0.000000,0.000000,0.000000,0.000000,0.000000,0.000000,1.000000,0.000000,0.000000,0.000000,0.000000,4,20260805-193615,kwh,76.185
C:\Users\josep\source\repos\AIOTED-digital\04_joe_lcd_20x32\6_main_dig4_20260805-194415.jpg,6,6,1.000000,0.000000,0.000000,0.000000,0.000000,0.000000,0.000000,1.000000,0.000000,0.000000,0.000000,0.000000,4,20260805-194415,kwh,78.277
C:\Users\josep\source\repos\AIOTED-digital\04_joe_lcd_20x32\6_main_dig4_20260805-194815.jpg,6,6,1.000000,0.000000,0.000000,0.000000,0.000000,0.000000,0.000000,1.000000,0.000000,0.000000,0.000000,0.000000,4,20260805-194815,kwh,78.736
C:\Users\josep\source\repos\AIOTED-digital\04_joe_lcd_20x32\6_main_dig4_20260805-195615.jpg,6,6,1.000000,0.000000,0.000000,0.000000,0.000000,0.000000,0.000000,1.000000,0.000000,0.000000,0.000000,0.000000,4,20260805-195615,kwh,82.915
C:\Users\josep\source\repos\AIOTED-digital\04_joe_lcd_20x32\6_main_dig4_20260805-202415.jpg,6,6,1.000000,0.000000,0.000000,0.000000,0.000000,0.000000,0.000000,1.000000,0.000000,0.000000,0.000000,0.000000,4,20260805-202415,kwh,82.760
C:\Users\josep\source\repos\AIOTED-digital\04_joe_lcd_20x32\6_main_dig4_20260805-202815.jpg,6,6,1.000000,0.000000,0.000000,0.000000,0.000000,0.000000,0.000000,1.000000,0.000000,0.000000,0.000000,0.000000,4,20260805-202815,kwh,86.646
C:\Users\josep\source\repos\AIOTED-digital\04_joe_lcd_20x32\6_main_dig4_20260805-203615.jpg,6,6,1.000000,0.000000,0.000000,0.000000,0.000000,0.000000,0.000000,1.000000,0.000000,0.000000,0.000000,0.000000,4,20260805-203615,kwh,83.262
C:\Users\josep\source\repos\AIOTED-digital\04_joe_lcd_20x32\6_main_dig4_20260805-205615.jpg,6,6,1.000000,0.000000,0.000000,0.000000,0.000000,0.000000,0.000000,1.000000,0.000000,0.000000,0.000000,0.000000,4,20260805-205615,kwh,82.146
C:\Users\josep\source\repos\AIOTED-digital\04_joe_lcd_20x32\6_main_dig4_20260805-212415.jpg,6,6,1.000000,0.000000,0.000000,0.000000,0.000000,0.000000,0.000000,1.000000,0.000000,0.000000,0.000000,0.000000,4,20260805-212415,kwh,82.501
C:\Users\josep\source\repos\AIOTED-digital\04_joe_lcd_20x32\6_main_dig4_20260805-213615.jpg,6,6,1.000000,0.000000,0.000000,0.000000,0.000000,0.000000,0.000000,1.000000,0.000000,0.000000,0.000000,0.000000,4,20260805-213615,kwh,82.816
C:\Users\josep\source\repos\AIOTED-digital\04_joe_lcd_20x32\6_main_dig4_20260805-220415.jpg,6,6,1.000000,0.000000,0.000000,0.000000,0.000000,0.000000,0.000000,1.000000,0.000000,0.000000,0.000000,0.000000,4,20260805-220415,kwh,82.620
C:\Users\josep\source\repos\AIOTED-digital\04_joe_lcd_20x32\6_main_dig4_20260805-221615.jpg,6,6,1.000000,0.000000,0.000000,0.000000,0.000000,0.000000,0.000000,1.000000,0.000000,0.000000,0.000000,0.000000,4,20260805-221615,kwh,82.725
C:\Users\josep\source\repos\AIOTED-digital\04_joe_lcd_20x32\6_main_dig4_20260805-223615.jpg,6,6,1.000000,0.000000,0.000000,0.000000,0.000000,0.000000,0.000000,1.000000,0.000000,0.000000,0.000000,0.000000,4,20260805-223615,kwh,84.175
C:\Users\josep\source\repos\AIOTED-digital\04_joe_lcd_20x32\6_main_dig4_20260805-231615.jpg,6,6,1.000000,0.000000,0.000000,0.000000,0.000000,0.000000,0.000000,1.000000,0.000000,0.000000,0.000000,0.000000,4,20260805-231615,kwh,82.902
C:\Users\josep\source\repos\AIOTED-digital\04_joe_lcd_20x32\6_main_dig4_20260805-232415.jpg,6,6,1.000000,0.000000,0.000000,0.000000,0.000000,0.000000,0.000000,1.000000,0.000000,0.000000,0.000000,0.000000,4,20260805-232415,kwh,84.139
C:\Users\josep\source\repos\AIOTED-digital\04_joe_lcd_20x32\6_main_dig4_20260805-234415.jpg,6,6,1.000000,0.000000,0.000000,0.000000,0.000000,0.000000,0.000000,1.000000,0.000000,0.000000,0.000000,0.000000,4,20260805-234415,kwh,85.269
C:\Users\josep\source\repos\AIOTED-digital\04_joe_lcd_20x32\6_main_dig4_20260805-235615.jpg,6,6,1.000000,0.000000,0.000000,0.000000,0.000000,0.000000,0.000000,1.000000,0.000000,0.000000,0.000000,0.000000,4,20260805-235615,kwh,82.880
C:\Users\josep\source\repos\AIOTED-digital\04_joe_lcd_20x32\6_main_dig4_20260902-071510.jpg,6,6,1.000000,0.000000,0.000000,0.000000,0.000000,0.000000,0.000000,1.000000,0.000000,0.000000,0.000000,0.000000,4,20260902-071510,kwh,69.913
C:\Users\josep\source\repos\AIOTED-digital\04_joe_lcd_20x32\6_main_dig4_20260902-092310.jpg,6,6,1.000000,0.000000,0.000000,0.000000,0.000000,0.000000,0.000000,1.000000,0.000000,0.000000,0.000000,0.000000,4,20260902-092310,kwh,70.096
C:\Users\josep\source\repos\AIOTED-digital\04_joe_lcd_20x32\6_main_dig4_20260902-092710.jpg,6,6,1.000000,0.000000,0.000000,0.000000,0.000000,0.000000,0.000000,1.000000,0.000000,0.000000,0.000000,0.000000,4,20260902-092710,kwh,77.896
C:\Users\josep\source\repos\AIOTED-digital\04_joe_lcd_20x32\6_main_dig4_20260902-093510.jpg,6,6,1.000000,0.000000,0.000000,0.000000,0.000000,0.000000,0.000000,1.000000,0.000000,0.000000,0.000000,0.000000,4,20260902-093510,kwh,77.061
C:\Users\josep\source\repos\AIOTED-digital\04_joe_lcd_20x32\6_main_dig4_20260902-095510.jpg,6,6,1.000000,0.000000,0.000000,0.000000,0.000000,0.000000,0.000000,1.000000,0.000000,0.000000,0.000000,0.000000,4,20260902-095510,kwh,68.827
C:\Users\josep\source\repos\AIOTED-digital\04_joe_lcd_20x32\6_main_dig4_20260902-161509.jpg,6,6,1.000000,0.000000,0.000000,0.000000,0.000000,0.000000,0.000000,1.000000,0.000000,0.000000,0.000000,0.000000,4,20260902-161509,kwh,77.631
C:\Users\josep\source\repos\AIOTED-digital\04_joe_lcd_20x32\6_main_dig4_20260902-162309.jpg,6,6,1.000000,0.000000,0.000000,0.000000,0.000000,0.000000,0.000000,1.000000,0.000000,0.000000,0.000000,0.000000,4,20260902-162309,kwh,72.177
C:\Users\josep\source\repos\AIOTED-digital\04_joe_lcd_20x32\6_main_dig4_20260902-163509.jpg,6,6,1.000000,0.000000,0.000000,0.000000,0.000000,0.000000,0.000000,1.000000,0.000000,0.000000,0.000000,0.000000,4,20260902-163509,kwh,70.284
C:\Users\josep\source\repos\AIOTED-digital\04_joe_lcd_20x32\6_main_dig4_20260902-170309.jpg,6,6,1.000000,0.000000,0.000000,0.000000,0.000000,0.000000,0.000000,1.000000,0.000000,0.000000,0.000000,0.000000,4,20260902-170309,kwh,67.018
C:\Users\josep\source\repos\AIOTED-digital\04_joe_lcd_20x32\6_main_dig4_20260902-171509.jpg,6,6,1.000000,0.000000,0.000000,0.000000,0.000000,0.000000,0.000000,1.000000,0.000000,0.000000,0.000000,0.000000,4,20260902-171509,kwh,66.692
C:\Users\josep\source\repos\AIOTED-digital\04_joe_lcd_20x32\6_main_dig4_20260902-172309.jpg,6,6,1.000000,0.000000,0.000000,0.000000,0.000000,0.000000,0.000000,1.000000,0.000000,0.000000,0.000000,0.000000,4,20260902-172309,kwh,67.016
C:\Users\josep\source\repos\AIOTED-digital\04_joe_lcd_20x32\6_main_dig4_20260902-173509.jpg,6,6,1.000000,0.000000,0.000000,0.000000,0.000000,0.000000,0.000000,1.000000,0.000000,0.000000,0.000000,0.000000,4,20260902-173509,kwh,65.617
C:\Users\josep\source\repos\AIOTED-digital\04_joe_lcd_20x32\6_main_dig4_20260902-174309.jpg,6,6,1.000000,0.000000,0.000000,0.000000,0.000000,0.000000,0.000000,1.000000,0.000000,0.000000,0.000000,0.000000,4,20260902-174309,kwh,66.800
C:\Users\josep\source\repos\AIOTED-digital\04_joe_lcd_20x32\6_main_dig4_20260902-175509.jpg,6,6,1.000000,0.000000,0.000000,0.000000,0.000000,0.000000,0.000000,1.000000,0.000000,0.000000,0.000000,0.000000,4,20260902-175509,kwh,65.868
C:\Users\josep\source\repos\AIOTED-digital\04_joe_lcd_20x32\6_main_dig4_20260902-182309.jpg,6,6,1.000000,0.000000,0.000000,0.000000,0.000000,0.000000,0.000000,1.000000,0.000000,0.000000,0.000000,0.000000,4,20260902-182309,kwh,67.878
C:\Users\josep\source\repos\AIOTED-digital\04_joe_lcd_20x32\6_main_dig5_20260831-110534.jpg,6,6,1.000000,0.000000,0.000000,0.000000,0.000000,0.000000,0.000000,1.000000,0.000000,0.000000,0.000000,0.000000,5,20260831-110534,kwh,98.915
C:\Users\josep\source\repos\AIOTED-digital\04_joe_lcd_20x32\6_main_dig5_20260831-114534.jpg,6,6,1.000000,0.000000,0.000000,0.000000,0.000000,0.000000,0.000000,1.000000,0.000000,0.000000,0.000000,0.000000,5,20260831-114534,kwh,93.872
C:\Users\josep\source\repos\AIOTED-digital\04_joe_lcd_20x32\6_main_dig5_20260831-115334.jpg,6,6,1.000000,0.000000,0.000000,0.000000,0.000000,0.000000,0.000000,1.000000,0.000000,0.000000,0.000000,0.000000,5,20260831-115334,kwh,92.751
C:\Users\josep\source\repos\AIOTED-digital\04_joe_lcd_20x32\6_main_dig5_20260831-121334.jpg,6,6,1.000000,0.000000,0.000000,0.000000,0.000000,0.000000,0.000000,1.000000,0.000000,0.000000,0.000000,0.000000,5,20260831-121334,kwh,75.018
C:\Users\josep\source\repos\AIOTED-digital\04_joe_lcd_20x32\6_main_dig5_20260831-123334.jpg,6,6,1.000000,0.000000,0.000000,0.000000,0.000000,0.000000,0.000000,1.000000,0.000000,0.000000,0.000000,0.000000,5,20260831-123334,kwh,73.148
C:\Users\josep\source\repos\AIOTED-digital\04_joe_lcd_20x32\6_main_dig5_20260831-124534.jpg,6,6,1.000000,0.000000,0.000000,0.000000,0.000000,0.000000,0.000000,1.000000,0.000000,0.000000,0.000000,0.000000,5,20260831-124534,kwh,79.243
C:\Users\josep\source\repos\AIOTED-digital\04_joe_lcd_20x32\6_main_dig5_20260831-133334.jpg,6,6,1.000000,0.000000,0.000000,0.000000,0.000000,0.000000,0.000000,1.000000,0.000000,0.000000,0.000000,0.000000,5,20260831-133334,kwh,73.350
C:\Users\josep\source\repos\AIOTED-digital\04_joe_lcd_20x32\6_main_dig5_20260902-161509.jpg,6,6,1.000000,0.000000,0.000000,0.000000,0.000000,0.000000,0.000000,1.000000,0.000000,0.000000,0.000000,0.000000,5,20260902-161509,kwh,62.511
C:\Users\josep\source\repos\AIOTED-digital\04_joe_lcd_20x32\6_main_dig5_20260902-162309.jpg,6,6,1.000000,0.000000,0.000000,0.000000,0.000000,0.000000,0.000000,1.000000,0.000000,0.000000,0.000000,0.000000,5,20260902-162309,kwh,59.845
C:\Users\josep\source\repos\AIOTED-digital\04_joe_lcd_20x32\6_main_dig5_20260902-163509.jpg,6,6,1.000000,0.000000,0.000000,0.000000,0.000000,0.000000,0.000000,1.000000,0.000000,0.000000,0.000000,0.000000,5,20260902-163509,kwh,56.904
C:\Users\josep\source\repos\AIOTED-digital\04_joe_lcd_20x32\6_main_dig5_20260902-164309.jpg,6,6,1.000000,0.000000,0.000000,0.000000,0.000000,0.000000,0.000000,1.000000,0.000000,0.000000,0.000000,0.000000,5,20260902-164309,kwh,55.159
C:\Users\josep\source\repos\AIOTED-digital\04_joe_lcd_20x32\6_main_dig5_20260902-165509.jpg,6,6,1.000000,0.000000,0.000000,0.000000,0.000000,0.000000,0.000000,1.000000,0.000000,0.000000,0.000000,0.000000,5,20260902-165509,kwh,56.561
C:\Users\josep\source\repos\AIOTED-digital\04_joe_lcd_20x32\6_main_dig5_20260902-170309.jpg,6,6,1.000000,0.000000,0.000000,0.000000,0.000000,0.000000,0.000000,1.000000,0.000000,0.000000,0.000000,0.000000,5,20260902-170309,kwh,54.969
C:\Users\josep\source\repos\AIOTED-digital\04_joe_lcd_20x32\6_main_dig5_20260902-171509.jpg,6,6,1.000000,0.000000,0.000000,0.000000,0.000000,0.000000,0.000000,1.000000,0.000000,0.000000,0.000000,0.000000,5,20260902-171509,kwh,56.840
C:\Users\josep\source\repos\AIOTED-digital\04_joe_lcd_20x32\6_main_dig5_20260902-172309.jpg,6,6,1.000000,0.000000,0.000000,0.000000,0.000000,0.000000,0.000000,1.000000,0.000000,0.000000,0.000000,0.000000,5,20260902-172309,kwh,56.696
C:\Users\josep\source\repos\AIOTED-digital\04_joe_lcd_20x32\6_main_dig5_20260905-015458.jpg,6,6,0.999752,0.000000,0.000000,0.000000,0.000000,0.000000,0.000248,0.999752,0.000000,0.000000,0.000000,0.000000,5,20260905-015458,kwh,59.099
C:\Users\josep\source\repos\AIOTED-digital\04_joe_lcd_20x32\6_main_dig5_20260905-044258.jpg,6,6,0.999996,0.000000,0.000000,0.000000,0.000000,0.000000,0.000004,0.999996,0.000000,0.000000,0.000000,0.000000,5,20260905-044258,kwh,58.133
C:\Users\josep\source\repos\AIOTED-digital\04_joe_lcd_20x32\6_main_dig5_20260905-050258.jpg,6,6,0.999990,0.000000,0.000000,0.000000,0.000000,0.000000,0.000010,0.999990,0.000000,0.000000,0.000000,0.000000,5,20260905-050258,kwh,58.827
C:\Users\josep\source\repos\AIOTED-digital\04_joe_lcd_20x32\6_main_dig5_20260905-051058.jpg,6,6,0.999619,0.000000,0.000000,0.000000,0.000000,0.000000,0.000381,0.999619,0.000000,0.000000,0.000000,0.000000,5,20260905-051058,kwh,57.359
C:\Users\josep\source\repos\AIOTED-digital\04_joe_lcd_20x32\6_main_dig5_20260905-060258.jpg,6,6,0.999998,0.000000,0.000000,0.000000,0.000000,0.000000,0.000002,0.999998,0.000000,0.000000,0.000000,0.000000,5,20260905-060258,kwh,56.527
C:\Users\josep\source\repos\AIOTED-digital\04_joe_lcd_20x32\6_main_dig5_20260905-064258.jpg,6,6,0.999891,0.000000,0.000000,0.000000,0.000000,0.000000,0.000109,0.999891,0.000000,0.000000,0.000000,0.000000,5,20260905-064258,kwh,55.533
C:\Users\josep\source\repos\AIOTED-digital\04_joe_lcd_20x32\6_main_dig5_20260905-065058.jpg,6,6,0.999992,0.000000,0.000000,0.000000,0.000000,0.000000,0.000008,0.999992,0.000000,0.000000,0.000000,0.000000,5,20260905-065058,kwh,56.031
C:\Users\josep\source\repos\AIOTED-digital\04_joe_lcd_20x32\6_main_dig5_20260908-015122.jpg,6,6,1.000000,0.000000,0.000000,0.000000,0.000000,0.000000,0.000000,1.000000,0.000000,0.000000,0.000000,0.000000,5,20260908-015122,kwh,57.974
C:\Users\josep\source\repos\AIOTED-digital\04_joe_lcd_20x32\6_main_dig5_20260908-022322.jpg,6,6,1.000000,0.000000,0.000000,0.000000,0.000000,0.000000,0.000000,1.000000,0.000000,0.000000,0.000000,0.000000,5,20260908-022322,kwh,58.042
C:\Users\josep\source\repos\AIOTED-digital\04_joe_lcd_20x32\6_main_dig5_20260908-023522.jpg,6,6,1.000000,0.000000,0.000000,0.000000,0.000000,0.000000,0.000000,1.000000,0.000000,0.000000,0.000000,0.000000,5,20260908-023522,kwh,57.118
C:\Users\josep\source\repos\AIOTED-digital\04_joe_lcd_20x32\6_main_dig5_20260908-030322.jpg,6,6,1.000000,0.000000,0.000000,0.000000,0.000000,0.000000,0.000000,1.000000,0.000000,0.000000,0.000000,0.000000,5,20260908-030322,kwh,56.972
C:\Users\josep\source\repos\AIOTED-digital\04_joe_lcd_20x32\6_main_dig5_20260908-033122.jpg,6,6,1.000000,0.000000,0.000000,0.000000,0.000000,0.000000,0.000000,1.000000,0.000000,0.000000,0.000000,0.000000,5,20260908-033122,kwh,57.260
C:\Users\josep\source\repos\AIOTED-digital\04_joe_lcd_20x32\6_main_dig5_20260908-054322.jpg,6,6,1.000000,0.000000,0.000000,0.000000,0.000000,0.000000,0.000000,1.000000,0.000000,0.000000,0.000000,0.000000,5,20260908-054322,kwh,58.049
C:\Users\josep\source\repos\AIOTED-digital\04_joe_lcd_20x32\6_main_dig5_20260908-061122.jpg,6,6,1.000000,0.000000,0.000000,0.000000,0.000000,0.000000,0.000000,1.000000,0.000000,0.000000,0.000000,0.000000,5,20260908-061122,kwh,58.526
C:\Users\josep\source\repos\AIOTED-digital\04_joe_lcd_20x32\6_main_dig6_20260805-155616.jpg,6,6,1.000000,0.000000,0.000000,0.000000,0.000000,0.000000,0.000000,1.000000,0.000000,0.000000,0.000000,0.000000,6,20260805-155616,kwh,43.806
C:\Users\josep\source\repos\AIOTED-digital\04_joe_lcd_20x32\6_main_dig6_20260827-053742.jpg,6,6,0.998023,0.000000,0.000000,0.000000,0.000000,0.000000,0.001738,0.998023,0.000000,0.000239,0.000000,0.000000,6,20260827-053742,kwh,28.927
C:\Users\josep\source\repos\AIOTED-digital\04_joe_lcd_20x32\6_main_dig6_20260827-161741.jpg,6,6,1.000000,0.000000,0.000000,0.000000,0.000000,0.000000,0.000000,1.000000,0.000000,0.000000,0.000000,0.000000,6,20260827-161741,kwh,70.908
C:\Users\josep\source\repos\AIOTED-digital\04_joe_lcd_20x32\6_main_dig6_20260827-162541.jpg,6,6,1.000000,0.000000,0.000000,0.000000,0.000000,0.000000,0.000000,1.000000,0.000000,0.000000,0.000000,0.000000,6,20260827-162541,kwh,78.199
C:\Users\josep\source\repos\AIOTED-digital\04_joe_lcd_20x32\6_main_dig6_20260829-084537.jpg,6,6,1.000000,0.000000,0.000000,0.000000,0.000000,0.000000,0.000000,1.000000,0.000000,0.000000,0.000000,0.000000,6,20260829-084537,kwh,48.181
C:\Users\josep\source\repos\AIOTED-digital\04_joe_lcd_20x32\6_main_dig6_20260829-085737.jpg,6,6,1.000000,0.000000,0.000000,0.000000,0.000000,0.000000,0.000000,1.000000,0.000000,0.000000,0.000000,0.000000,6,20260829-085737,kwh,49.149
C:\Users\josep\source\repos\AIOTED-digital\04_joe_lcd_20x32\6_main_dig6_20260829-090537.jpg,6,6,1.000000,0.000000,0.000000,0.000000,0.000000,0.000000,0.000000,1.000000,0.000000,0.000000,0.000000,0.000000,6,20260829-090537,kwh,45.822
C:\Users\josep\source\repos\AIOTED-digital\04_joe_lcd_20x32\6_main_dig6_20260829-091737.jpg,6,6,1.000000,0.000000,0.000000,0.000000,0.000000,0.000000,0.000000,1.000000,0.000000,0.000000,0.000000,0.000000,6,20260829-091737,kwh,45.043
C:\Users\josep\source\repos\AIOTED-digital\04_joe_lcd_20x32\6_main_dig6_20260829-181337.jpg,6,6,1.000000,0.000000,0.000000,0.000000,0.000000,0.000000,0.000000,1.000000,0.000000,0.000000,0.000000,0.000000,6,20260829-181337,kwh,28.894
C:\Users\josep\source\repos\AIOTED-digital\04_joe_lcd_20x32\6_main_dig6_20260829-182537.jpg,6,6,1.000000,0.000000,0.000000,0.000000,0.000000,0.000000,0.000000,1.000000,0.000000,0.000000,0.000000,0.000000,6,20260829-182537,kwh,29.187
C:\Users\josep\source\repos\AIOTED-digital\04_joe_lcd_20x32\6_main_dig6_20260830-052136.jpg,6,6,0.998271,0.000000,0.000000,0.000000,0.000000,0.000000,0.001726,0.998271,0.000000,0.000004,0.000000,0.000000,6,20260830-052136,kwh,27.595
C:\Users\josep\source\repos\AIOTED-digital\04_joe_lcd_20x32\6_main_dig6_20260830-063336.jpg,6,6,1.000000,0.000000,0.000000,0.000000,0.000000,0.000000,0.000000,1.000000,0.000000,0.000000,0.000000,0.000000,6,20260830-063336,kwh,26.617
C:\Users\josep\source\repos\AIOTED-digital\04_joe_lcd_20x32\6_main_dig6_20260830-122135.jpg,6,6,1.000000,0.000000,0.000000,0.000000,0.000000,0.000000,0.000000,1.000000,0.000000,0.000000,0.000000,0.000000,6,20260830-122135,kwh,80.687
C:\Users\josep\source\repos\AIOTED-digital\04_joe_lcd_20x32\6_main_dig6_20260831-072534.jpg,6,6,1.000000,0.000000,0.000000,0.000000,0.000000,0.000000,0.000000,1.000000,0.000000,0.000000,0.000000,0.000000,6,20260831-072534,kwh,42.822
C:\Users\josep\source\repos\AIOTED-digital\04_joe_lcd_20x32\6_main_dig6_20260831-073334.jpg,6,6,1.000000,0.000000,0.000000,0.000000,0.000000,0.000000,0.000000,1.000000,0.000000,0.000000,0.000000,0.000000,6,20260831-073334,kwh,47.744
C:\Users\josep\source\repos\AIOTED-digital\04_joe_lcd_20x32\6_main_dig6_20260831-073734.jpg,6,6,1.000000,0.000000,0.000000,0.000000,0.000000,0.000000,0.000000,1.000000,0.000000,0.000000,0.000000,0.000000,6,20260831-073734,kwh,48.043
C:\Users\josep\source\repos\AIOTED-digital\04_joe_lcd_20x32\6_main_dig6_20260831-074534.jpg,6,6,1.000000,0.000000,0.000000,0.000000,0.000000,0.000000,0.000000,1.000000,0.000000,0.000000,0.000000,0.000000,6,20260831-074534,kwh,52.099
C:\Users\josep\source\repos\AIOTED-digital\04_joe_lcd_20x32\6_main_dig6_20260831-075334.jpg,6,6,1.000000,0.000000,0.000000,0.000000,0.000000,0.000000,0.000000,1.000000,0.000000,0.000000,0.000000,0.000000,6,20260831-075334,kwh,58.822
C:\Users\josep\source\repos\AIOTED-digital\04_joe_lcd_20x32\6_main_dig6_20260831-154133.jpg,6,6,1.000000,0.000000,0.000000,0.000000,0.000000,0.000000,0.000000,1.000000,0.000000,0.000000,0.000000,0.000000,6,20260831-154133,kwh,84.871
C:\Users\josep\source\repos\AIOTED-digital\04_joe_lcd_20x32\6_main_dig6_20260831-183333.jpg,6,6,1.000000,0.000000,0.000000,0.000000,0.000000,0.000000,0.000000,1.000000,0.000000,0.000000,0.000000,0.000000,6,20260831-183333,kwh,31.235
C:\Users\josep\source\repos\AIOTED-digital\04_joe_lcd_20x32\6_main_dig6_20260902-162309.jpg,6,6,1.000000,0.000000,0.000000,0.000000,0.000000,0.000000,0.000000,1.000000,0.000000,0.000000,0.000000,0.000000,6,20260902-162309,kwh,67.319
C:\Users\josep\source\repos\AIOTED-digital\04_joe_lcd_20x32\6_main_dig6_20260902-201509.jpg,6,6,0.989090,0.000044,0.000000,0.000000,0.000000,0.000001,0.010574,0.989090,0.000000,0.000291,0.000001,0.000000,6,20260902-201509,kwh,28.817
C:\Users\josep\source\repos\AIOTED-digital\04_joe_lcd_20x32\6_main_dig6_20260905-041058.jpg,6,6,0.441953,0.007862,0.000021,0.000333,0.001990,0.000159,0.336548,0.441953,0.000171,0.196400,0.013428,0.001136,6,20260905-041058,kwh,27.310
C:\Users\josep\source\repos\AIOTED-digital\04_joe_lcd_20x32\6_main_dig6_20260905-042258.jpg,6,5,0.527061,0.001642,0.000001,0.000065,0.001283,0.000209,0.527061,0.312643,0.000024,0.125002,0.031519,0.000549,6,20260905-042258,kwh,28.732
C:\Users\josep\source\repos\AIOTED-digital\04_joe_lcd_20x32\6_main_dig6_20260905-110258.jpg,6,6,1.000000,0.000000,0.000000,0.000000,0.000000,0.000000,0.000000,1.000000,0.000000,0.000000,0.000000,0.000000,6,20260905-110258,kwh,62.181
C:\Users\josep\source\repos\AIOTED-digital\04_joe_lcd_20x32\6_main_dig6_20260905-111857.jpg,6,6,1.000000,0.000000,0.000000,0.000000,0.000000,0.000000,0.000000,1.000000,0.000000,0.000000,0.000000,0.000000,6,20260905-111857,kwh,74.622
C:\Users\josep\source\repos\AIOTED-digital\04_joe_lcd_20x32\6_main_dig6_20260905-113057.jpg,6,6,1.000000,0.000000,0.000000,0.000000,0.000000,0.000000,0.000000,1.000000,0.000000,0.000000,0.000000,0.000000,6,20260905-113057,kwh,88.635
C:\Users\josep\source\repos\AIOTED-digital\04_joe_lcd_20x32\6_main_dig6_20260908-174721.jpg,6,6,1.000000,0.000000,0.000000,0.000000,0.000000,0.000000,0.000000,1.000000,0.000000,0.000000,0.000000,0.000000,6,20260908-174721,kwh,41.523
C:\Users\josep\source\repos\AIOTED-digital\04_joe_lcd_20x32\6_main_dig6_20260908-175921.jpg,6,6,1.000000,0.000000,0.000000,0.000000,0.000000,0.000000,0.000000,1.000000,0.000000,0.000000,0.000000,0.000000,6,20260908-175921,kwh,35.106
C:\Users\josep\source\repos\AIOTED-digital\04_joe_lcd_20x32\6_main_dig6_20260908-180721.jpg,6,6,1.000000,0.000000,0.000000,0.000000,0.000000,0.000000,0.000000,1.000000,0.000000,0.000000,0.000000,0.000000,6,20260908-180721,kwh,30.070
C:\Users\josep\source\repos\AIOTED-digital\04_joe_lcd_20x32\6_main_dig6_20260908-181121.jpg,6,6,1.000000,0.000000,0.000000,0.000000,0.000000,0.000000,0.000000,1.000000,0.000000,0.000000,0.000000,0.000000,6,20260908-181121,kwh,28.794
C:\Users\josep\source\repos\AIOTED-digital\04_joe_lcd_20x32\6_main_dig6_20260917-190532.jpg,6,6,0.874041,0.001455,0.000000,0.000001,0.000001,0.000000,0.004478,0.874041,0.000000,0.119998,0.000025,0.000001,6,20260917-190532,kwh,26.035
C:\Users\josep\source\repos\AIOTED-digital\04_joe_lcd_20x32\6_main_dig6_20260917-191332.jpg,6,6,0.941254,0.000511,0.000000,0.000000,0.000000,0.000000,0.032237,0.941254,0.000000,0.025957,0.000039,0.000000,6,20260917-191332,kwh,26.734
C:\Users\josep\source\repos\AIOTED-digital\04_joe_lcd_20x32\6_main_dig6_20260930-082237.jpg,6,6,1.000000,0.000000,0.000000,0.000000,0.000000,0.000000,0.000000,1.000000,0.000000,0.000000,0.000000,0.000000,6,20260930-082237,kwh,31.166
C:\Users\josep\source\repos\AIOTED-digital\04_joe_lcd_20x32\6_main_dig6_20260930-091037.jpg,6,6,1.000000,0.000000,0.000000,0.000000,0.000000,0.000000,0.000000,1.000000,0.000000,0.000000,0.000000,0.000000,6,20260930-091037,kwh,63.191
C:\Users\josep\source\repos\AIOTED-digital\04_joe_lcd_20x32\7_main_dig3_20260805-011217.jpg,7,7,1.000000,0.000000,0.000000,0.000000,0.000000,0.000000,0.000000,0.000000,1.000000,0.000000,0.000000,0.000000,3,20260805-011217,kwh,136.798
C:\Users\josep\source\repos\AIOTED-digital\04_joe_lcd_20x32\7_main_dig3_20260805-022017.jpg,7,7,0.999999,0.000000,0.000000,0.000000,0.000000,0.000000,0.000000,0.000000,0.999999,0.000000,0.000001,0.000000,3,20260805-022017,kwh,135.247
C:\Users\josep\source\repos\AIOTED-digital\04_joe_lcd_20x32\7_main_dig3_20260805-035217.jpg,7,7,1.000000,0.000000,0.000000,0.000000,0.000000,0.000000,0.000000,0.000000,1.000000,0.000000,0.000000,0.000000,3,20260805-035217,kwh,135.270
C:\Users\josep\source\repos\AIOTED-digital\04_joe_lcd_20x32\7_main_dig3_20260805-044816.jpg,7,7,0.999997,0.000000,0.000000,0.000000,0.000000,0.000000,0.000000,0.000000,0.999997,0.000000,0.000002,0.000000,3,20260805-044816,kwh,138.484
C:\Users\josep\source\repos\AIOTED-digital\04_joe_lcd_20x32\7_main_dig3_20260805-050016.jpg,7,7,1.000000,0.000000,0.000000,0.000000,0.000000,0.000000,0.000000,0.000000,1.000000,0.000000,0.000000,0.000000,3,20260805-050016,kwh,139.366
C:\Users\josep\source\repos\AIOTED-digital\04_joe_lcd_20x32\7_main_dig3_20260805-060816.jpg,7,7,1.000000,0.000000,0.000000,0.000000,0.000000,0.000000,0.000000,0.000000,1.000000,0.000000,0.000000,0.000000,3,20260805-060816,kwh,133.887
C:\Users\josep\source\repos\AIOTED-digital\04_joe_lcd_20x32\7_main_dig3_20260805-064016.jpg,7,7,1.000000,0.000000,0.000000,0.000000,0.000000,0.000000,0.000000,0.000000,1.000000,0.000000,0.000000,0.000000,3,20260805-064016,kwh,127.680
C:\Users\josep\source\repos\AIOTED-digital\04_joe_lcd_20x32\7_main_dig3_20260805-064816.jpg,7,7,1.000000,0.000000,0.000000,0.000000,0.000000,0.000000,0.000000,0.000000,1.000000,0.000000,0.000000,0.000000,3,20260805-064816,kwh,127.702
C:\Users\josep\source\repos\AIOTED-digital\04_joe_lcd_20x32\7_main_dig3_20260805-080816.jpg,7,7,1.000000,0.000000,0.000000,0.000000,0.000000,0.000000,0.000000,0.000000,1.000000,0.000000,0.000000,0.000000,3,20260805-080816,kwh,119.507
C:\Users\josep\source\repos\AIOTED-digital\04_joe_lcd_20x32\7_main_dig3_20260805-191615.jpg,7,7,1.000000,0.000000,0.000000,0.000000,0.000000,0.000000,0.000000,0.000000,1.000000,0.000000,0.000000,0.000000,3,20260805-191615,kwh,123.336
C:\Users\josep\source\repos\AIOTED-digital\04_joe_lcd_20x32\7_main_dig3_20260805-192415.jpg,7,7,1.000000,0.000000,0.000000,0.000000,0.000000,0.000000,0.000000,0.000000,1.000000,0.000000,0.000000,0.000000,3,20260805-192415,kwh,127.158
C:\Users\josep\source\repos\AIOTED-digital\04_joe_lcd_20x32\7_main_dig3_20260805-192815.jpg,7,7,1.000000,0.000000,0.000000,0.000000,0.000000,0.000000,0.000000,0.000000,1.000000,0.000000,0.000000,0.000000,3,20260805-192815,kwh,128.267
C:\Users\josep\source\repos\AIOTED-digital\04_joe_lcd_20x32\7_main_dig3_20260805-193615.jpg,7,7,1.000000,0.000000,0.000000,0.000000,0.000000,0.000000,0.000000,0.000000,1.000000,0.000000,0.000000,0.000000,3,20260805-193615,kwh,129.856
C:\Users\josep\source\repos\AIOTED-digital\04_joe_lcd_20x32\7_main_dig3_20260805-194415.jpg,7,7,1.000000,0.000000,0.000000,0.000000,0.000000,0.000000,0.000000,0.000000,1.000000,0.000000,0.000000,0.000000,3,20260805-194415,kwh,130.421
C:\Users\josep\source\repos\AIOTED-digital\04_joe_lcd_20x32\7_main_dig3_20260805-194815.jpg,7,7,1.000000,0.000000,0.000000,0.000000,0.000000,0.000000,0.000000,0.000000,1.000000,0.000000,0.000000,0.000000,3,20260805-194815,kwh,131.636
C:\Users\josep\source\repos\AIOTED-digital\04_joe_lcd_20x32\7_main_dig3_20260805-195615.jpg,7,7,1.000000,0.000000,0.000000,0.000000,0.000000,0.000000,0.000000,0.000000,1.000000,0.000000,0.000000,0.000000,3,20260805-195615,kwh,132.791
C:\Users\josep\source\repos\AIOTED-digital\04_joe_lcd_20x32\7_main_dig3_20260805-200415.jpg,7,7,1.000000,0.000000,0.000000,0.000000,0.000000,0.000000,0.000000,0.000000,1.000000,0.000000,0.000000,0.000000,3,20260805-200415,kwh,135.936
C:\Users\josep\source\repos\AIOTED-digital\04_joe_lcd_20x32\7_main_dig3_20260805-201615.jpg,7,7,0.999999,0.000000,0.000000,0.000000,0.000000,0.000000,0.000000,0.000000,0.999999,0.000000,0.000001,0.000000,3,20260805-201615,kwh,139.119
C:\Users\josep\source\repos\AIOTED-digital\04_joe_lcd_20x32\7_main_dig3_20260805-215615.jpg,7,7,1.000000,0.000000,0.000000,0.000000,0.000000,0.000000,0.000000,0.000000,1.000000,0.000000,0.000000,0.000000,3,20260805-215615,kwh,135.932
C:\Users\josep\source\repos\AIOTED-digital\04_joe_lcd_20x32\7_main_dig3_20260805-220415.jpg,7,7,1.000000,0.000000,0.000000,0.000000,0.000000,0.000000,0.000000,0.000000,1.000000,0.000000,0.000000,0.000000,3,20260805-220415,kwh,137.216
C:\Users\josep\source\repos\AIOTED-digital\04_joe_lcd_20x32\7_main_dig3_20260805-223615.jpg,7,7,0.999998,0.000000,0.000000,0.000000,0.000000,0.000000,0.000000,0.000000,0.999998,0.000000,0.000002,0.000000,3,20260805-223615,kwh,137.115
C:\Users\josep\source\repos\AIOTED-digital\04_joe_lcd_20x32\7_main_dig3_20260805-224415.jpg,7,7,0.999998,0.000000,0.000000,0.000000,0.000000,0.000000,0.000000,0.000000,0.999998,0.000000,0.000002,0.000000,3,20260805-224415,kwh,135.431
C:\Users\josep\source\repos\AIOTED-digital\04_joe_lcd_20x32\7_main_dig3_20260805-225615.jpg,7,7,1.000000,0.000000,0.000000,0.000000,0.000000,0.000000,0.000000,0.000000,1.000000,0.000000,0.000000,0.000000,3,20260805-225615,kwh,137.204
C:\Users\josep\source\repos\AIOTED-digital\04_joe_lcd_20x32\7_main_dig3_20260805-230415.jpg,7,7,0.999999,0.000000,0.000000,0.000000,0.000000,0.000000,0.000000,0.000000,0.999999,0.000000,0.000001,0.000000,3,20260805-230415,kwh,135.822
C:\Users\josep\source\repos\AIOTED-digital\04_joe_lcd_20x32\7_main_dig3_20260805-232415.jpg,7,7,0.999998,0.000000,0.000000,0.000000,0.000000,0.000000,0.000000,0.000000,0.999998,0.000000,0.000002,0.000000,3,20260805-232415,kwh,134.214
C:\Users\josep\source\repos\AIOTED-digital\04_joe_lcd_20x32\7_main_dig4_20260905-012258.jpg,7,7,1.000000,0.000000,0.000000,0.000000,0.000000,0.000000,0.000000,0.000000,1.000000,0.000000,0.000000,0.000000,4,20260905-012258,kwh,63.141
C:\Users\josep\source\repos\AIOTED-digital\04_joe_lcd_20x32\7_main_dig4_20260905-020258.jpg,7,7,1.000000,0.000000,0.000000,0.000000,0.000000,0.000000,0.000000,0.000000,1.000000,0.000000,0.000000,0.000000,4,20260905-020258,kwh,63.992
C:\Users\josep\source\repos\AIOTED-digital\04_joe_lcd_20x32\7_main_dig4_20260905-021458.jpg,7,7,1.000000,0.000000,0.000000,0.000000,0.000000,0.000000,0.000000,0.000000,1.000000,0.000000,0.000000,0.000000,4,20260905-021458,kwh,64.108
C:\Users\josep\source\repos\AIOTED-digital\04_joe_lcd_20x32\7_main_dig4_20260905-022258.jpg,7,7,1.000000,0.000000,0.000000,0.000000,0.000000,0.000000,0.000000,0.000000,1.000000,0.000000,0.000000,0.000000,4,20260905-022258,kwh,64.109
C:\Users\josep\source\repos\AIOTED-digital\04_joe_lcd_20x32\7_main_dig4_20260905-024258.jpg,7,7,1.000000,0.000000,0.000000,0.000000,0.000000,0.000000,0.000000,0.000000,1.000000,0.000000,0.000000,0.000000,4,20260905-024258,kwh,63.965
C:\Users\josep\source\repos\AIOTED-digital\04_joe_lcd_20x32\7_main_dig4_20260905-030258.jpg,7,7,1.000000,0.000000,0.000000,0.000000,0.000000,0.000000,0.000000,0.000000,1.000000,0.000000,0.000000,0.000000,4,20260905-030258,kwh,64.596
C:\Users\josep\source\repos\AIOTED-digital\04_joe_lcd_20x32\7_main_dig4_20260905-031058.jpg,7,7,1.000000,0.000000,0.000000,0.000000,0.000000,0.000000,0.000000,0.000000,1.000000,0.000000,0.000000,0.000000,4,20260905-031058,kwh,64.235
C:\Users\josep\source\repos\AIOTED-digital\04_joe_lcd_20x32\7_main_dig4_20260905-033058.jpg,7,7,0.999996,0.000000,0.000001,0.000000,0.000002,0.000000,0.000000,0.000000,0.999996,0.000000,0.000000,0.000000,4,20260905-033058,kwh,62.942
C:\Users\josep\source\repos\AIOTED-digital\04_joe_lcd_20x32\7_main_dig4_20260905-043058.jpg,7,7,0.999998,0.000000,0.000000,0.000000,0.000002,0.000000,0.000000,0.000000,0.999998,0.000000,0.000000,0.000000,4,20260905-043058,kwh,63.924
C:\Users\josep\source\repos\AIOTED-digital\04_joe_lcd_20x32\7_main_dig4_20260905-045058.jpg,7,7,1.000000,0.000000,0.000000,0.000000,0.000000,0.000000,0.000000,0.000000,1.000000,0.000000,0.000000,0.000000,4,20260905-045058,kwh,63.096
C:\Users\josep\source\repos\AIOTED-digital\04_joe_lcd_20x32\7_main_dig4_20260905-050258.jpg,7,7,1.000000,0.000000,0.000000,0.000000,0.000000,0.000000,0.000000,0.000000,1.000000,0.000000,0.000000,0.000000,4,20260905-050258,kwh,63.626
C:\Users\josep\source\repos\AIOTED-digital\04_joe_lcd_20x32\7_main_dig4_20260905-060258.jpg,7,7,0.999999,0.000000,0.000000,0.000000,0.000000,0.000000,0.000000,0.000000,0.999999,0.000000,0.000000,0.000000,4,20260905-060258,kwh,63.134
C:\Users\josep\source\repos\AIOTED-digital\04_joe_lcd_20x32\7_main_dig4_20260905-063058.jpg,7,7,1.000000,0.000000,0.000000,0.000000,0.000000,0.000000,0.000000,0.000000,1.000000,0.000000,0.000000,0.000000,4,20260905-063058,kwh,64.175
C:\Users\josep\source\repos\AIOTED-digital\04_joe_lcd_20x32\7_main_dig4_20260905-073058.jpg,7,7,0.999999,0.000000,0.000001,0.000000,0.000000,0.000000,0.000000,0.000000,0.999999,0.000000,0.000000,0.000000,4,20260905-073058,kwh,60.538
C:\Users\josep\source\repos\AIOTED-digital\04_joe_lcd_20x32\7_main_dig4_20260905-074258.jpg,7,7,1.000000,0.000000,0.000000,0.000000,0.000000,0.000000,0.000000,0.000000,1.000000,0.000000,0.000000,0.000000,4,20260905-074258,kwh,61.662
C:\Users\josep\source\repos\AIOTED-digital\04_joe_lcd_20x32\7_main_dig4_20260905-075058.jpg,7,7,1.000000,0.000000,0.000000,0.000000,0.000000,0.000000,0.000000,0.000000,1.000000,0.000000,0.000000,0.000000,4,20260905-075058,kwh,59.320
C:\Users\josep\source\repos\AIOTED-digital\04_joe_lcd_20x32\7_main_dig4_20260905-080258.jpg,7,7,1.000000,0.000000,0.000000,0.000000,0.000000,0.000000,0.000000,0.000000,1.000000,0.000000,0.000000,0.000000,4,20260905-080258,kwh,61.615
C:\Users\josep\source\repos\AIOTED-digital\04_joe_lcd_20x32\7_main_dig4_20260905-081058.jpg,7,7,0.999997,0.000000,0.000003,0.000000,0.000000,0.000000,0.000000,0.000000,0.999997,0.000000,0.000000,0.000000,4,20260905-081058,kwh,59.621
C:\Users\josep\source\repos\AIOTED-digital\04_joe_lcd_20x32\7_main_dig4_20260905-082258.jpg,7,7,0.999997,0.000000,0.000002,0.000000,0.000000,0.000000,0.000000,0.000000,0.999997,0.000000,0.000000,0.000000,4,20260905-082258,kwh,59.281
C:\Users\josep\source\repos\AIOTED-digital\04_joe_lcd_20x32\7_main_dig4_20260905-085058.jpg,7,7,0.999985,0.000000,0.000015,0.000000,0.000000,0.000000,0.000000,0.000000,0.999985,0.000000,0.000000,0.000000,4,20260905-085058,kwh,58.824
C:\Users\josep\source\repos\AIOTED-digital\04_joe_lcd_20x32\7_main_dig4_20260905-090258.jpg,7,7,0.999992,0.000000,0.000008,0.000000,0.000000,0.000000,0.000000,0.000000,0.999992,0.000000,0.000000,0.000000,4,20260905-090258,kwh,59.787
C:\Users\josep\source\repos\AIOTED-digital\04_joe_lcd_20x32\7_main_dig4_20260905-092258.jpg,7,7,0.999982,0.000000,0.000018,0.000000,0.000000,0.000000,0.000000,0.000000,0.999982,0.000000,0.000000,0.000000,4,20260905-092258,kwh,58.411
C:\Users\josep\source\repos\AIOTED-digital\04_joe_lcd_20x32\7_main_dig4_20260905-093058.jpg,7,7,0.999994,0.000000,0.000006,0.000000,0.000000,0.000000,0.000000,0.000000,0.999994,0.000000,0.000000,0.000000,4,20260905-093058,kwh,59.846
C:\Users\josep\source\repos\AIOTED-digital\04_joe_lcd_20x32\7_main_dig4_20260905-100258.jpg,7,7,1.000000,0.000000,0.000000,0.000000,0.000000,0.000000,0.000000,0.000000,1.000000,0.000000,0.000000,0.000000,4,20260905-100258,kwh,61.167
C:\Users\josep\source\repos\AIOTED-digital\04_joe_lcd_20x32\7_main_dig4_20260905-102258.jpg,7,7,1.000000,0.000000,0.000000,0.000000,0.000000,0.000000,0.000000,0.000000,1.000000,0.000000,0.000000,0.000000,4,20260905-102258,kwh,65.066
C:\Users\josep\source\repos\AIOTED-digital\04_joe_lcd_20x32\7_main_dig4_20260905-105858.jpg,7,7,0.999999,0.000000,0.000001,0.000000,0.000000,0.000000,0.000000,0.000000,0.999999,0.000000,0.000000,0.000000,4,20260905-105858,kwh,61.392
C:\Users\josep\source\repos\AIOTED-digital\04_joe_lcd_20x32\7_main_dig4_20260905-112257.jpg,7,7,1.000000,0.000000,0.000000,0.000000,0.000000,0.000000,0.000000,0.000000,1.000000,0.000000,0.000000,0.000000,4,20260905-112257,kwh,66.857
C:\Users\josep\source\repos\AIOTED-digital\04_joe_lcd_20x32\7_main_dig4_20260905-113057.jpg,7,7,0.999998,0.000000,0.000000,0.000000,0.000002,0.000000,0.000000,0.000000,0.999998,0.000000,0.000000,0.000000,4,20260905-113057,kwh,76.400
C:\Users\josep\source\repos\AIOTED-digital\04_joe_lcd_20x32\7_main_dig4_20260905-113857.jpg,7,7,0.999998,0.000000,0.000000,0.000000,0.000002,0.000000,0.000000,0.000000,0.999998,0.000000,0.000000,0.000000,4,20260905-113857,kwh,83.836
C:\Users\josep\source\repos\AIOTED-digital\04_joe_lcd_20x32\7_main_dig4_20260905-115057.jpg,7,7,1.000000,0.000000,0.000000,0.000000,0.000000,0.000000,0.000000,0.000000,1.000000,0.000000,0.000000,0.000000,4,20260905-115057,kwh,70.237
C:\Users\josep\source\repos\AIOTED-digital\04_joe_lcd_20x32\7_main_dig4_20260905-120257.jpg,7,7,1.000000,0.000000,0.000000,0.000000,0.000000,0.000000,0.000000,0.000000,1.000000,0.000000,0.000000,0.000000,4,20260905-120257,kwh,70.123
C:\Users\josep\source\repos\AIOTED-digital\04_joe_lcd_20x32\7_main_dig4_20260905-121857.jpg,7,7,1.000000,0.000000,0.000000,0.000000,0.000000,0.000000,0.000000,0.000000,1.000000,0.000000,0.000000,0.000000,4,20260905-121857,kwh,73.130
C:\Users\josep\source\repos\AIOTED-digital\04_joe_lcd_20x32\7_main_dig4_20260905-123857.jpg,7,7,0.999995,0.000000,0.000000,0.000000,0.000005,0.000000,0.000000,0.000000,0.999995,0.000000,0.000000,0.000000,4,20260905-123857,kwh,79.709
C:\Users\josep\source\repos\AIOTED-digital\04_joe_lcd_20x32\7_main_dig4_20260905-125057.jpg,7,7,0.999999,0.000000,0.000000,0.000000,0.000001,0.000000,0.000000,0.000000,0.999999,0.000000,0.000000,0.000000,4,20260905-125057,kwh,74.940
C:\Users\josep\source\repos\AIOTED-digital\04_joe_lcd_20x32\7_main_dig4_20260905-125857.jpg,7,7,0.999999,0.000000,0.000000,0.000000,0.000001,0.000000,0.000000,0.000000,0.999999,0.000000,0.000000,0.000000,4,20260905-125857,kwh,74.655
C:\Users\josep\source\repos\AIOTED-digital\04_joe_lcd_20x32\7_main_dig4_20260905-131057.jpg,7,7,0.999999,0.000000,0.000000,0.000000,0.000001,0.000000,0.000000,0.000000,0.999999,0.000000,0.000000,0.000000,4,20260905-131057,kwh,70.826
C:\Users\josep\source\repos\AIOTED-digital\04_joe_lcd_20x32\7_main_dig4_20260905-133857.jpg,7,7,0.999975,0.000016,0.000005,0.000000,0.000004,0.000000,0.000000,0.000000,0.999975,0.000000,0.000000,0.000000,4,20260905-133857,kwh,78.362
C:\Users\josep\source\repos\AIOTED-digital\04_joe_lcd_20x32\7_main_dig4_20260905-135057.jpg,7,7,0.999936,0.000005,0.000043,0.000000,0.000016,0.000000,0.000000,0.000000,0.999936,0.000000,0.000000,0.000000,4,20260905-135057,kwh,78.149
C:\Users\josep\source\repos\AIOTED-digital\04_joe_lcd_20x32\7_main_dig4_20260905-151057.jpg,7,7,0.999997,0.000000,0.000003,0.000000,0.000000,0.000000,0.000000,0.000000,0.999997,0.000000,0.000000,0.000000,4,20260905-151057,kwh,59.636
C:\Users\josep\source\repos\AIOTED-digital\04_joe_lcd_20x32\7_main_dig4_20260905-171057.jpg,7,7,0.999993,0.000000,0.000005,0.000000,0.000002,0.000000,0.000000,0.000000,0.999993,0.000000,0.000000,0.000000,4,20260905-171057,kwh,57.590
C:\Users\josep\source\repos\AIOTED-digital\04_joe_lcd_20x32\7_main_dig4_20260905-171857.jpg,7,7,0.999992,0.000000,0.000005,0.000000,0.000002,0.000000,0.000000,0.000000,0.999992,0.000000,0.000000,0.000000,4,20260905-171857,kwh,57.414
C:\Users\josep\source\repos\AIOTED-digital\04_joe_lcd_20x32\7_main_dig4_20260905-173857.jpg,7,7,0.999992,0.000000,0.000007,0.000000,0.000001,0.000000,0.000000,0.000000,0.999992,0.000000,0.000000,0.000000,4,20260905-173857,kwh,58.904
C:\Users\josep\source\repos\AIOTED-digital\04_joe_lcd_20x32\7_main_dig4_20260905-175057.jpg,7,7,0.999972,0.000000,0.000027,0.000000,0.000000,0.000000,0.000000,0.000000,0.999972,0.000000,0.000000,0.000000,4,20260905-175057,kwh,57.322
C:\Users\josep\source\repos\AIOTED-digital\04_joe_lcd_20x32\7_main_dig4_20260905-175857.jpg,7,7,0.999987,0.000000,0.000013,0.000000,0.000000,0.000000,0.000000,0.000000,0.999987,0.000000,0.000000,0.000000,4,20260905-175857,kwh,57.827
C:\Users\josep\source\repos\AIOTED-digital\04_joe_lcd_20x32\7_main_dig4_20260905-181057.jpg,7,7,0.999988,0.000000,0.000011,0.000000,0.000000,0.000000,0.000000,0.000000,0.999988,0.000000,0.000000,0.000000,4,20260905-181057,kwh,58.192
C:\Users\josep\source\repos\AIOTED-digital\04_joe_lcd_20x32\7_main_dig4_20260905-181857.jpg,7,7,0.999996,0.000000,0.000003,0.000000,0.000000,0.000000,0.000000,0.000000,0.999996,0.000000,0.000000,0.000000,4,20260905-181857,kwh,59.201
C:\Users\josep\source\repos\AIOTED-digital\04_joe_lcd_20x32\7_main_dig4_20260905-183857.jpg,7,7,0.999994,0.000000,0.000004,0.000000,0.000002,0.000000,0.000000,0.000000,0.999994,0.000000,0.000000,0.000000,4,20260905-183857,kwh,60.006
C:\Users\josep\source\repos\AIOTED-digital\04_joe_lcd_20x32\7_main_dig4_20260905-185057.jpg,7,7,0.999998,0.000000,0.000001,0.000000,0.000001,0.000000,0.000000,0.000000,0.999998,0.000000,0.000000,0.000000,4,20260905-185057,kwh,59.861
C:\Users\josep\source\repos\AIOTED-digital\04_joe_lcd_20x32\7_main_dig4_20260905-194657.jpg,7,7,0.999999,0.000000,0.000000,0.000000,0.000001,0.000000,0.000000,0.000000,0.999999,0.000000,0.000000,0.000000,4,20260905-194657,kwh,61.801
C:\Users\josep\source\repos\AIOTED-digital\04_joe_lcd_20x32\7_main_dig4_20260905-200657.jpg,7,7,0.999999,0.000000,0.000000,0.000000,0.000001,0.000000,0.000000,0.000000,0.999999,0.000000,0.000000,0.000000,4,20260905-200657,kwh,61.272
C:\Users\josep\source\repos\AIOTED-digital\04_joe_lcd_20x32\7_main_dig4_20260905-201857.jpg,7,7,0.999999,0.000000,0.000001,0.000000,0.000000,0.000000,0.000000,0.000000,0.999999,0.000000,0.000000,0.000000,4,20260905-201857,kwh,60.305
C:\Users\josep\source\repos\AIOTED-digital\04_joe_lcd_20x32\7_main_dig4_20260905-210657.jpg,7,7,0.999998,0.000000,0.000001,0.000000,0.000001,0.000000,0.000000,0.000000,0.999998,0.000000,0.000000,0.000000,4,20260905-210657,kwh,61.133
C:\Users\josep\source\repos\AIOTED-digital\04_joe_lcd_20x32\7_main_dig4_20260905-212657.jpg,7,7,0.999999,0.000000,0.000000,0.000000,0.000000,0.000000,0.000000,0.000000,0.999999,0.000000,0.000000,0.000000,4,20260905-212657,kwh,60.149
C:\Users\josep\source\repos\AIOTED-digital\04_joe_lcd_20x32\7_main_dig4_20260905-222657.jpg,7,7,0.999999,0.000000,0.000001,0.000000,0.000000,0.000000,0.000000,0.000000,0.999999,0.000000,0.000000,0.000000,4,20260905-222657,kwh,60.148
C:\Users\josep\source\repos\AIOTED-digital\04_joe_lcd_20x32\7_main_dig4_20260905-233856.jpg,7,7,0.999999,0.000000,0.000001,0.000000,0.000001,0.000000,0.000000,0.000000,0.999999,0.000000,0.000000,0.000000,4,20260905-233856,kwh,61.252
C:\Users\josep\source\repos\AIOTED-digital\04_joe_lcd_20x32\7_main_dig5_20260831-134534.jpg,7,7,1.000000,0.000000,0.000000,0.000000,0.000000,0.000000,0.000000,0.000000,1.000000,0.000000,0.000000,0.000000,5,20260831-134534,kwh,57.807
C:\Users\josep\source\repos\AIOTED-digital\04_joe_lcd_20x32\7_main_dig5_20260831-142534.jpg,7,7,1.000000,0.000000,0.000000,0.000000,0.000000,0.000000,0.000000,0.000000,1.000000,0.000000,0.000000,0.000000,5,20260831-142534,kwh,58.102
C:\Users\josep\source\repos\AIOTED-digital\04_joe_lcd_20x32\7_main_dig5_20260831-144533.jpg,7,7,1.000000,0.000000,0.000000,0.000000,0.000000,0.000000,0.000000,0.000000,1.000000,0.000000,0.000000,0.000000,5,20260831-144533,kwh,47.762
C:\Users\josep\source\repos\AIOTED-digital\04_joe_lcd_20x32\7_main_dig5_20260831-151333.jpg,7,7,1.000000,0.000000,0.000000,0.000000,0.000000,0.000000,0.000000,0.000000,1.000000,0.000000,0.000000,0.000000,5,20260831-151333,kwh,51.929
C:\Users\josep\source\repos\AIOTED-digital\04_joe_lcd_20x32\7_main_dig5_20260831-155333.jpg,7,7,1.000000,0.000000,0.000000,0.000000,0.000000,0.000000,0.000000,0.000000,1.000000,0.000000,0.000000,0.000000,5,20260831-155333,kwh,59.316
C:\Users\josep\source\repos\AIOTED-digital\04_joe_lcd_20x32\7_main_dig5_20260902-173509.jpg,7,7,1.000000,0.000000,0.000000,0.000000,0.000000,0.000000,0.000000,0.000000,1.000000,0.000000,0.000000,0.000000,5,20260902-173509,kwh,56.897
C:\Users\josep\source\repos\AIOTED-digital\04_joe_lcd_20x32\7_main_dig5_20260902-180309.jpg,7,7,0.999992,0.000000,0.000000,0.000000,0.000008,0.000000,0.000000,0.000000,0.999992,0.000000,0.000000,0.000000,5,20260902-180309,kwh,56.983
C:\Users\josep\source\repos\AIOTED-digital\04_joe_lcd_20x32\7_main_dig5_20260902-182309.jpg,7,7,0.999996,0.000000,0.000000,0.000000,0.000004,0.000000,0.000000,0.000000,0.999996,0.000000,0.000000,0.000000,5,20260902-182309,kwh,59.123
C:\Users\josep\source\repos\AIOTED-digital\04_joe_lcd_20x32\7_main_dig5_20260902-193509.jpg,7,7,0.999020,0.000000,0.000000,0.000006,0.000974,0.000000,0.000000,0.000000,0.999020,0.000000,0.000000,0.000000,5,20260902-193509,kwh,66.384
C:\Users\josep\source\repos\AIOTED-digital\04_joe_lcd_20x32\7_main_dig5_20260902-195509.jpg,7,7,0.989310,0.000000,0.000000,0.000025,0.010665,0.000000,0.000000,0.000000,0.989310,0.000000,0.000000,0.000000,5,20260902-195509,kwh,66.331
C:\Users\josep\source\repos\AIOTED-digital\04_joe_lcd_20x32\7_main_dig5_20260902-201509.jpg,7,7,0.997338,0.000000,0.000000,0.000046,0.002616,0.000000,0.000000,0.000000,0.997338,0.000000,0.000000,0.000000,5,20260902-201509,kwh,66.520
C:\Users\josep\source\repos\AIOTED-digital\04_joe_lcd_20x32\7_main_dig5_20260902-202309.jpg,7,7,0.945193,0.000000,0.000004,0.000128,0.054671,0.000000,0.000000,0.000000,0.945193,0.000002,0.000002,0.000000,5,20260902-202309,kwh,66.522
C:\Users\josep\source\repos\AIOTED-digital\04_joe_lcd_20x32\7_main_dig5_20260902-204309.jpg,7,7,0.978944,0.000000,0.000001,0.000817,0.020238,0.000000,0.000000,0.000000,0.978944,0.000000,0.000000,0.000000,5,20260902-204309,kwh,66.022
C:\Users\josep\source\repos\AIOTED-digital\04_joe_lcd_20x32\7_main_dig5_20260902-210309.jpg,7,7,0.989451,0.000000,0.000001,0.000100,0.010447,0.000000,0.000000,0.000000,0.989451,0.000000,0.000000,0.000000,5,20260902-210309,kwh,65.008
C:\Users\josep\source\repos\AIOTED-digital\04_joe_lcd_20x32\7_main_dig5_20260902-211509.jpg,7,7,0.977405,0.000000,0.000001,0.000233,0.022361,0.000000,0.000000,0.000000,0.977405,0.000000,0.000000,0.000000,5,20260902-211509,kwh,65.851
C:\Users\josep\source\repos\AIOTED-digital\04_joe_lcd_20x32\7_main_dig5_20260902-213109.jpg,7,7,0.994396,0.000000,0.000001,0.000125,0.005479,0.000000,0.000000,0.000000,0.994396,0.000000,0.000000,0.000000,5,20260902-213109,kwh,66.065
C:\Users\josep\source\repos\AIOTED-digital\04_joe_lcd_20x32\7_main_dig5_20260905-080258.jpg,7,7,0.996984,0.000000,0.000038,0.000014,0.002962,0.000000,0.000000,0.000000,0.996984,0.000000,0.000002,0.000000,5,20260905-080258,kwh,53.167
C:\Users\josep\source\repos\AIOTED-digital\04_joe_lcd_20x32\7_main_dig5_20260905-092258.jpg,7,7,0.999601,0.000000,0.000001,0.000000,0.000398,0.000000,0.000000,0.000000,0.999601,0.000000,0.000000,0.000000,5,20260905-092258,kwh,51.813
C:\Users\josep\source\repos\AIOTED-digital\04_joe_lcd_20x32\7_main_dig5_20260905-094257.jpg,7,7,0.999972,0.000000,0.000000,0.000000,0.000028,0.000000,0.000000,0.000000,0.999972,0.000000,0.000000,0.000000,5,20260905-094257,kwh,51.141
C:\Users\josep\source\repos\AIOTED-digital\04_joe_lcd_20x32\7_main_dig5_20260905-111857.jpg,7,7,1.000000,0.000000,0.000000,0.000000,0.000000,0.000000,0.000000,0.000000,1.000000,0.000000,0.000000,0.000000,5,20260905-111857,kwh,50.519
C:\Users\josep\source\repos\AIOTED-digital\04_joe_lcd_20x32\7_main_dig5_20260905-112257.jpg,7,7,1.000000,0.000000,0.000000,0.000000,0.000000,0.000000,0.000000,0.000000,1.000000,0.000000,0.000000,0.000000,5,20260905-112257,kwh,49.775
C:\Users\josep\source\repos\AIOTED-digital\04_joe_lcd_20x32\7_main_dig5_20260905-113057.jpg,7,7,1.000000,0.000000,0.000000,0.000000,0.000000,0.000000,0.000000,0.000000,1.000000,0.000000,0.000000,0.000000,5,20260905-113057,kwh,57.626
C:\Users\josep\source\repos\AIOTED-digital\04_joe_lcd_20x32\7_main_dig5_20260905-115857.jpg,7,7,1.000000,0.000000,0.000000,0.000000,0.000000,0.000000,0.000000,0.000000,1.000000,0.000000,0.000000,0.000000,5,20260905-115857,kwh,49.119
C:\Users\josep\source\repos\AIOTED-digital\04_joe_lcd_20x32\7_main_dig5_20260905-121857.jpg,7,7,1.000000,0.000000,0.000000,0.000000,0.000000,0.000000,0.000000,0.000000,1.000000,0.000000,0.000000,0.000000,5,20260905-121857,kwh,53.578
C:\Users\josep\source\repos\AIOTED-digital\04_joe_lcd_20x32\7_main_dig5_20260905-125857.jpg,7,7,1.000000,0.000000,0.000000,0.000000,0.000000,0.000000,0.000000,0.000000,1.000000,0.000000,0.000000,0.000000,5,20260905-125857,kwh,59.824
C:\Users\josep\source\repos\AIOTED-digital\04_joe_lcd_20x32\7_main_dig5_20260905-131057.jpg,7,7,1.000000,0.000000,0.000000,0.000000,0.000000,0.000000,0.000000,0.000000,1.000000,0.000000,0.000000,0.000000,5,20260905-131057,kwh,51.833
C:\Users\josep\source\repos\AIOTED-digital\04_joe_lcd_20x32\7_main_dig5_20260908-064322.jpg,7,7,0.995299,0.000000,0.000005,0.000001,0.004695,0.000000,0.000000,0.000000,0.995299,0.000000,0.000000,0.000000,5,20260908-064322,kwh,57.354
C:\Users\josep\source\repos\AIOTED-digital\04_joe_lcd_20x32\7_main_dig5_20260908-072322.jpg,7,7,0.994101,0.000001,0.000170,0.000020,0.005708,0.000000,0.000000,0.000000,0.994101,0.000000,0.000001,0.000000,5,20260908-072322,kwh,53.901
C:\Users\josep\source\repos\AIOTED-digital\04_joe_lcd_20x32\7_main_dig5_20260908-073122.jpg,7,7,0.996253,0.000000,0.000088,0.000004,0.003655,0.000000,0.000000,0.000000,0.996253,0.000000,0.000000,0.000000,5,20260908-073122,kwh,51.211
C:\Users\josep\source\repos\AIOTED-digital\04_joe_lcd_20x32\7_main_dig5_20260908-085122.jpg,7,7,0.999804,0.000000,0.000002,0.000000,0.000194,0.000000,0.000000,0.000000,0.999804,0.000000,0.000000,0.000000,5,20260908-085122,kwh,52.305
C:\Users\josep\source\repos\AIOTED-digital\04_joe_lcd_20x32\7_main_dig5_20260908-103921.jpg,7,7,1.000000,0.000000,0.000000,0.000000,0.000000,0.000000,0.000000,0.000000,1.000000,0.000000,0.000000,0.000000,5,20260908-103921,kwh,49.121
C:\Users\josep\source\repos\AIOTED-digital\04_joe_lcd_20x32\7_main_dig5_20260908-104321.jpg,7,7,0.999999,0.000000,0.000000,0.000000,0.000001,0.000000,0.000000,0.000000,0.999999,0.000000,0.000000,0.000000,5,20260908-104321,kwh,49.765
C:\Users\josep\source\repos\AIOTED-digital\04_joe_lcd_20x32\7_main_dig5_20260908-113121.jpg,7,7,0.999980,0.000000,0.000000,0.000000,0.000019,0.000000,0.000000,0.000000,0.999980,0.000000,0.000000,0.000000,5,20260908-113121,kwh,50.773
C:\Users\josep\source\repos\AIOTED-digital\04_joe_lcd_20x32\7_main_dig5_20260908-115121.jpg,7,7,0.999653,0.000000,0.000001,0.000000,0.000346,0.000000,0.000000,0.000000,0.999653,0.000000,0.000000,0.000000,5,20260908-115121,kwh,50.036
C:\Users\josep\source\repos\AIOTED-digital\04_joe_lcd_20x32\7_main_dig5_20260908-121921.jpg,7,7,1.000000,0.000000,0.000000,0.000000,0.000000,0.000000,0.000000,0.000000,1.000000,0.000000,0.000000,0.000000,5,20260908-121921,kwh,47.144
C:\Users\josep\source\repos\AIOTED-digital\04_joe_lcd_20x32\7_main_dig5_20260908-131921.jpg,7,7,0.999994,0.000000,0.000000,0.000000,0.000006,0.000000,0.000000,0.000000,0.999994,0.000000,0.000000,0.000000,5,20260908-131921,kwh,48.902
C:\Users\josep\source\repos\AIOTED-digital\04_joe_lcd_20x32\7_main_dig5_20260908-133121.jpg,7,7,0.999957,0.000000,0.000001,0.000000,0.000042,0.000000,0.000000,0.000000,0.999957,0.000000,0.000000,0.000000,5,20260908-133121,kwh,50.100
C:\Users\josep\source\repos\AIOTED-digital\04_joe_lcd_20x32\7_main_dig5_20260908-135921.jpg,7,7,0.999999,0.000000,0.000000,0.000000,0.000001,0.000000,0.000000,0.000000,0.999999,0.000000,0.000000,0.000000,5,20260908-135921,kwh,54.461
C:\Users\josep\source\repos\AIOTED-digital\04_joe_lcd_20x32\7_main_dig6_20260805-030817.jpg,7,7,0.543536,0.000748,0.000591,0.024668,0.427600,0.000004,0.000001,0.000001,0.543536,0.001973,0.000856,0.000021,6,20260805-030817,kwh,30.094
C:\Users\josep\source\repos\AIOTED-digital\04_joe_lcd_20x32\7_main_dig6_20260805-031217.jpg,7,7,0.920390,0.000928,0.000566,0.001105,0.076222,0.000000,0.000000,0.000000,0.920390,0.000566,0.000221,0.000001,6,20260805-031217,kwh,30.023
C:\Users\josep\source\repos\AIOTED-digital\04_joe_lcd_20x32\7_main_dig6_20260805-032017.jpg,7,7,0.755456,0.001164,0.000264,0.001732,0.236330,0.000004,0.000000,0.000000,0.755456,0.002071,0.002974,0.000004,6,20260805-032017,kwh,29.890
C:\Users\josep\source\repos\AIOTED-digital\04_joe_lcd_20x32\7_main_dig6_20260805-033217.jpg,7,7,0.697889,0.000577,0.000674,0.009309,0.288243,0.000010,0.000001,0.000001,0.697889,0.001220,0.002062,0.000015,6,20260805-033217,kwh,30.132
C:\Users\josep\source\repos\AIOTED-digital\04_joe_lcd_20x32\7_main_dig6_20260805-034017.jpg,7,7,0.651795,0.000496,0.000111,0.002491,0.341924,0.000002,0.000000,0.000000,0.651795,0.001165,0.002013,0.000002,6,20260805-034017,kwh,30.893
C:\Users\josep\source\repos\AIOTED-digital\04_joe_lcd_20x32\7_main_dig6_20260805-034817.jpg,7,7,0.869207,0.000205,0.000088,0.001560,0.128634,0.000000,0.000000,0.000000,0.869207,0.000231,0.000074,0.000000,6,20260805-034817,kwh,30.084
C:\Users\josep\source\repos\AIOTED-digital\04_joe_lcd_20x32\7_main_dig6_20260805-035217.jpg,7,7,0.716292,0.000329,0.000430,0.002941,0.279106,0.000001,0.000000,0.000000,0.716292,0.000596,0.000303,0.000001,6,20260805-035217,kwh,30.866
C:\Users\josep\source\repos\AIOTED-digital\04_joe_lcd_20x32\7_main_dig6_20260805-040017.jpg,7,7,0.844687,0.000172,0.000116,0.012063,0.142650,0.000000,0.000000,0.000000,0.844687,0.000256,0.000055,0.000001,6,20260805-040017,kwh,30.336
C:\Users\josep\source\repos\AIOTED-digital\04_joe_lcd_20x32\7_main_dig6_20260805-040817.jpg,7,7,0.876335,0.000863,0.000573,0.000689,0.120284,0.000001,0.000001,0.000000,0.876335,0.000522,0.000730,0.000002,6,20260805-040817,kwh,31.118
C:\Users\josep\source\repos\AIOTED-digital\04_joe_lcd_20x32\7_main_dig6_20260805-041217.jpg,7,7,0.591138,0.000468,0.000042,0.005767,0.400530,0.000001,0.000000,0.000000,0.591138,0.001048,0.001005,0.000001,6,20260805-041217,kwh,31.227
C:\Users\josep\source\repos\AIOTED-digital\04_joe_lcd_20x32\7_main_dig6_20260805-110816.jpg,7,7,1.000000,0.000000,0.000000,0.000000,0.000000,0.000000,0.000000,0.000000,1.000000,0.000000,0.000000,0.000000,6,20260805-110816,kwh,58.810
C:\Users\josep\source\repos\AIOTED-digital\04_joe_lcd_20x32\7_main_dig6_20260805-223615.jpg,7,7,0.949350,0.000024,0.000006,0.000463,0.050118,0.000000,0.000000,0.000000,0.949350,0.000016,0.000024,0.000000,6,20260805-223615,kwh,31.881
C:\Users\josep\source\repos\AIOTED-digital\04_joe_lcd_20x32\7_main_dig6_20260805-224415.jpg,7,7,0.719667,0.000109,0.000056,0.003685,0.276214,0.000000,0.000000,0.000000,0.719667,0.000170,0.000099,0.000000,6,20260805-224415,kwh,32.045
C:\Users\josep\source\repos\AIOTED-digital\04_joe_lcd_20x32\7_main_dig6_20260805-225615.jpg,7,7,0.862742,0.000313,0.000040,0.002217,0.134347,0.000000,0.000000,0.000000,0.862742,0.000227,0.000113,0.000000,6,20260805-225615,kwh,31.798
C:\Users\josep\source\repos\AIOTED-digital\04_joe_lcd_20x32\7_main_dig6_20260805-230415.jpg,7,7,0.680361,0.000215,0.000016,0.001224,0.317297,0.000000,0.000000,0.000000,0.680361,0.000302,0.000584,0.000000,6,20260805-230415,kwh,32.204
C:\Users\josep\source\repos\AIOTED-digital\04_joe_lcd_20x32\7_main_dig6_20260805-231615.jpg,7,7,0.937519,0.000288,0.000284,0.001009,0.060666,0.000000,0.000000,0.000000,0.937519,0.000097,0.000135,0.000001,6,20260805-231615,kwh,30.928
C:\Users\josep\source\repos\AIOTED-digital\04_joe_lcd_20x32\7_main_dig6_20260805-232415.jpg,7,7,0.658200,0.000196,0.000119,0.004331,0.336679,0.000000,0.000000,0.000000,0.658200,0.000210,0.000264,0.000001,6,20260805-232415,kwh,32.740
C:\Users\josep\source\repos\AIOTED-digital\04_joe_lcd_20x32\7_main_dig6_20260805-233615.jpg,7,7,0.801997,0.001153,0.000106,0.004927,0.189973,0.000001,0.000000,0.000000,0.801997,0.000879,0.000964,0.000001,6,20260805-233615,kwh,32.563
C:\Users\josep\source\repos\AIOTED-digital\04_joe_lcd_20x32\7_main_dig6_20260805-234415.jpg,7,7,0.966983,0.000374,0.000200,0.001964,0.030319,0.000000,0.000000,0.000000,0.966983,0.000098,0.000062,0.000001,6,20260805-234415,kwh,33.023
C:\Users\josep\source\repos\AIOTED-digital\04_joe_lcd_20x32\7_main_dig6_20260805-235615.jpg,7,7,0.867680,0.000193,0.000118,0.002281,0.129457,0.000000,0.000000,0.000000,0.867680,0.000119,0.000150,0.000001,6,20260805-235615,kwh,31.893
C:\Users\josep\source\repos\AIOTED-digital\04_joe_lcd_20x32\7_main_dig6_20260827-064942.jpg,7,7,0.999980,0.000000,0.000000,0.000000,0.000020,0.000000,0.000000,0.000000,0.999980,0.000000,0.000000,0.000000,6,20260827-064942,kwh,30.259
C:\Users\josep\source\repos\AIOTED-digital\04_joe_lcd_20x32\7_main_dig6_20260827-130941.jpg,7,7,0.999994,0.000000,0.000001,0.000000,0.000004,0.000000,0.000000,0.000000,0.999994,0.000000,0.000000,0.000000,6,20260827-130941,kwh,74.986
C:\Users\josep\source\repos\AIOTED-digital\04_joe_lcd_20x32\7_main_dig6_20260827-163741.jpg,7,7,1.000000,0.000000,0.000000,0.000000,0.000000,0.000000,0.000000,0.000000,1.000000,0.000000,0.000000,0.000000,6,20260827-163741,kwh,64.234
C:\Users\josep\source\repos\AIOTED-digital\04_joe_lcd_20x32\7_main_dig6_20260827-205740.jpg,7,7,0.891694,0.000057,0.000251,0.000450,0.107527,0.000000,0.000000,0.000000,0.891694,0.000012,0.000008,0.000000,6,20260827-205740,kwh,29.349
C:\Users\josep\source\repos\AIOTED-digital\04_joe_lcd_20x32\7_main_dig6_20260829-092537.jpg,7,7,1.000000,0.000000,0.000000,0.000000,0.000000,0.000000,0.000000,0.000000,1.000000,0.000000,0.000000,0.000000,6,20260829-092537,kwh,35.473
C:\Users\josep\source\repos\AIOTED-digital\04_joe_lcd_20x32\7_main_dig6_20260829-095737.jpg,7,7,1.000000,0.000000,0.000000,0.000000,0.000000,0.000000,0.000000,0.000000,1.000000,0.000000,0.000000,0.000000,6,20260829-095737,kwh,44.897
C:\Users\josep\source\repos\AIOTED-digital\04_joe_lcd_20x32\7_main_dig6_20260829-191337.jpg,7,7,0.999144,0.000000,0.000002,0.000000,0.000854,0.000000,0.000000,0.000000,0.999144,0.000000,0.000000,0.000000,6,20260829-191337,kwh,23.617
C:\Users\josep\source\repos\AIOTED-digital\04_joe_lcd_20x32\7_main_dig6_20260830-070936.jpg,7,7,1.000000,0.000000,0.000000,0.000000,0.000000,0.000000,0.000000,0.000000,1.000000,0.000000,0.000000,0.000000,6,20260830-070936,kwh,34.351
C:\Users\josep\source\repos\AIOTED-digital\04_joe_lcd_20x32\7_main_dig6_20260830-164935.jpg,7,7,1.000000,0.000000,0.000000,0.000000,0.000000,0.000000,0.000000,0.000000,1.000000,0.000000,0.000000,0.000000,6,20260830-164935,kwh,54.928
C:\Users\josep\source\repos\AIOTED-digital\04_joe_lcd_20x32\7_main_dig6_20260830-225735.jpg,7,7,0.518841,0.000326,0.000158,0.016646,0.463485,0.000000,0.000000,0.000000,0.518841,0.000413,0.000131,0.000000,6,20260830-225735,kwh,28.300
C:\Users\josep\source\repos\AIOTED-digital\04_joe_lcd_20x32\7_main_dig6_20260830-230535.jpg,7,7,0.617841,0.000493,0.000416,0.007282,0.373130,0.000001,0.000000,0.000000,0.617841,0.000427,0.000409,0.000000,6,20260830-230535,kwh,28.266
C:\Users\josep\source\repos\AIOTED-digital\04_joe_lcd_20x32\7_main_dig6_20260831-123334.jpg,7,7,0.999763,0.000000,0.000002,0.000000,0.000235,0.000000,0.000000,0.000000,0.999763,0.000000,0.000000,0.000000,6,20260831-123334,kwh,56.937
C:\Users\josep\source\repos\AIOTED-digital\04_joe_lcd_20x32\7_main_dig6_20260831-190133.jpg,7,7,1.000000,0.000000,0.000000,0.000000,0.000000,0.000000,0.000000,0.000000,1.000000,0.000000,0.000000,0.000000,6,20260831-190133,kwh,25.026
C:\Users\josep\source\repos\AIOTED-digital\04_joe_lcd_20x32\7_main_dig6_20260902-024531.jpg,7,7,0.732593,0.000217,0.001076,0.008011,0.257761,0.000002,0.000000,0.000000,0.732593,0.000106,0.000233,0.000001,6,20260902-024531,kwh,27.731
C:\Users\josep\source\repos\AIOTED-digital\04_joe_lcd_20x32\7_main_dig6_20260902-163509.jpg,7,7,1.000000,0.000000,0.000000,0.000000,0.000000,0.000000,0.000000,0.000000,1.000000,0.000000,0.000000,0.000000,6,20260902-163509,kwh,46.822
C:\Users\josep\source\repos\AIOTED-digital\04_joe_lcd_20x32\7_main_dig6_20260902-164309.jpg,7,7,1.000000,0.000000,0.000000,0.000000,0.000000,0.000000,0.000000,0.000000,1.000000,0.000000,0.000000,0.000000,6,20260902-164309,kwh,44.252
C:\Users\josep\source\repos\AIOTED-digital\04_joe_lcd_20x32\7_main_dig6_20260905-045058.jpg,7,3,0.794855,0.000009,0.000115,0.011304,0.794855,0.000001,0.000000,0.000000,0.193526,0.000042,0.000143,0.000005,6,20260905-045058,kwh,27.364
C:\Users\josep\source\repos\AIOTED-digital\04_joe_lcd_20x32\7_main_dig6_20260905-053058.jpg,7,7,0.551983,0.001529,0.000981,0.005191,0.431130,0.000093,0.000158,0.000029,0.551983,0.001680,0.007097,0.000129,6,20260905-053058,kwh,22.315
C:\Users\josep\source\repos\AIOTED-digital\04_joe_lcd_20x32\7_main_dig6_20260905-113857.jpg,7,7,1.000000,0.000000,0.000000,0.000000,0.000000,0.000000,0.000000,0.000000,1.000000,0.000000,0.000000,0.000000,6,20260905-113857,kwh,71.970
C:\Users\josep\source\repos\AIOTED-digital\04_joe_lcd_20x32\7_main_dig6_20260905-114257.jpg,7,7,0.999998,0.000000,0.000002,0.000000,0.000000,0.000000,0.000000,0.000000,0.999998,0.000000,0.000000,0.000000,6,20260905-114257,kwh,72.839
C:\Users\josep\source\repos\AIOTED-digital\04_joe_lcd_20x32\7_main_dig6_20260908-123121.jpg,7,7,1.000000,0.000000,0.000000,0.000000,0.000000,0.000000,0.000000,0.000000,1.000000,0.000000,0.000000,0.000000,6,20260908-123121,kwh,54.882
C:\Users\josep\source\repos\AIOTED-digital\04_joe_lcd_20x32\7_main_dig6_20260908-123921.jpg,7,7,1.000000,0.000000,0.000000,0.000000,0.000000,0.000000,0.000000,0.000000,1.000000,0.000000,0.000000,0.000000,6,20260908-123921,kwh,43.886
C:\Users\josep\source\repos\AIOTED-digital\04_joe_lcd_20x32\7_main_dig6_20260908-181921.jpg,7,7,0.999982,0.000000,0.000002,0.000000,0.000015,0.000000,0.000000,0.000000,0.999982,0.000000,0.000000,0.000000,6,20260908-181921,kwh,23.495
C:\Users\josep\source\repos\AIOTED-digital\04_joe_lcd_20x32\7_main_dig6_20260908-182721.jpg,7,7,0.999853,0.000002,0.000012,0.000000,0.000134,0.000000,0.000000,0.000000,0.999853,0.000000,0.000000,0.000000,6,20260908-182721,kwh,20.817
C:\Users\josep\source\repos\AIOTED-digital\04_joe_lcd_20x32\7_main_dig6_20260908-183921.jpg,7,7,0.998684,0.000004,0.000093,0.000003,0.001216,0.000000,0.000000,0.000000,0.998684,0.000000,0.000000,0.000000,6,20260908-183921,kwh,20.865
C:\Users\josep\source\repos\AIOTED-digital\04_joe_lcd_20x32\7_main_dig6_20260917-101733.jpg,7,7,1.000000,0.000000,0.000000,0.000000,0.000000,0.000000,0.000000,0.000000,1.000000,0.000000,0.000000,0.000000,6,20260917-101733,kwh,35.802
C:\Users\josep\source\repos\AIOTED-digital\04_joe_lcd_20x32\7_main_dig6_20260917-110532.jpg,7,7,1.000000,0.000000,0.000000,0.000000,0.000000,0.000000,0.000000,0.000000,1.000000,0.000000,0.000000,0.000000,6,20260917-110532,kwh,54.211
C:\Users\josep\source\repos\AIOTED-digital\04_joe_lcd_20x32\7_main_dig6_20260917-193332.jpg,7,7,0.902730,0.001824,0.023080,0.000648,0.070692,0.000007,0.000001,0.000003,0.902730,0.000540,0.000468,0.000007,6,20260917-193332,kwh,22.314
C:\Users\josep\source\repos\AIOTED-digital\04_joe_lcd_20x32\7_main_dig6_20260930-093437.jpg,7,7,0.999999,0.000001,0.000000,0.000000,0.000000,0.000000,0.000000,0.000000,0.999999,0.000000,0.000000,0.000000,6,20260930-093437,kwh,51.672
C:\Users\josep\source\repos\AIOTED-digital\04_joe_lcd_20x32\8_main_dig2_20260805-000817.jpg,8,8,1.000000,0.000000,0.000000,0.000000,0.000000,0.000000,0.000000,0.000000,0.000000,1.000000,0.000000,0.000000,2,20260805-000817,test8,113.577
C:\Users\josep\source\repos\AIOTED-digital\04_joe_lcd_20x32\8_main_dig2_20260805-002817.jpg,8,8,1.000000,0.000000,0.000000,0.000000,0.000000,0.000000,0.000000,0.000000,0.000000,1.000000,0.000000,0.000000,2,20260805-002817,test8,113.175
C:\Users\josep\source\repos\AIOTED-digital\04_joe_lcd_20x32\8_main_dig2_20260805-022817.jpg,8,8,1.000000,0.000000,0.000000,0.000000,0.000000,0.000000,0.000000,0.000000,0.000000,1.000000,0.000000,0.000000,2,20260805-022817,test8,110.873
C:\Users\josep\source\repos\AIOTED-digital\04_joe_lcd_20x32\8_main_dig2_20260805-024817.jpg,8,8,1.000000,0.000000,0.000000,0.000000,0.000000,0.000000,0.000000,0.000000,0.000000,1.000000,0.000000,0.000000,2,20260805-024817,test8,112.532
C:\Users\josep\source\repos\AIOTED-digital\04_joe_lcd_20x32\8_main_dig2_20260805-041617.jpg,8,8,1.000000,0.000000,0.000000,0.000000,0.000000,0.000000,0.000000,0.000000,0.000000,1.000000,0.000000,0.000000,2,20260805-041617,test8,115.346
C:\Users\josep\source\repos\AIOTED-digital\04_joe_lcd_20x32\8_main_dig2_20260805-205215.jpg,8,8,1.000000,0.000000,0.000000,0.000000,0.000000,0.000000,0.000000,0.000000,0.000000,1.000000,0.000000,0.000000,2,20260805-205215,test8,115.183
C:\Users\josep\source\repos\AIOTED-digital\04_joe_lcd_20x32\8_main_dig2_20260805-213215.jpg,8,8,1.000000,0.000000,0.000000,0.000000,0.000000,0.000000,0.000000,0.000000,0.000000,1.000000,0.000000,0.000000,2,20260805-213215,test8,112.975
C:\Users\josep\source\repos\AIOTED-digital\04_joe_lcd_20x32\8_main_dig2_20260805-215215.jpg,8,8,1.000000,0.000000,0.000000,0.000000,0.000000,0.000000,0.000000,0.000000,0.000000,1.000000,0.000000,0.000000,2,20260805-215215,test8,111.402
C:\Users\josep\source\repos\AIOTED-digital\04_joe_lcd_20x32\8_main_dig2_20260805-221215.jpg,8,8,1.000000,0.000000,0.000000,0.000000,0.000000,0.000000,0.000000,0.000000,0.000000,1.000000,0.000000,0.000000,2,20260805-221215,test8,113.226
C:\Users\josep\source\repos\AIOTED-digital\04_joe_lcd_20x32\8_main_dig2_20260805-223215.jpg,8,8,1.000000,0.000000,0.000000,0.000000,0.000000,0.000000,0.000000,0.000000,0.000000,1.000000,0.000000,0.000000,2,20260805-223215,test8,110.465
C:\Users\josep\source\repos\AIOTED-digital\04_joe_lcd_20x32\8_main_dig2_20260805-225215.jpg,8,8,1.000000,0.000000,0.000000,0.000000,0.000000,0.000000,0.000000,0.000000,0.000000,1.000000,0.000000,0.000000,2,20260805-225215,test8,112.016
C:\Users\josep\source\repos\AIOTED-digital\04_joe_lcd_20x32\8_main_dig2_20260805-231215.jpg,8,8,1.000000,0.000000,0.000000,0.000000,0.000000,0.000000,0.000000,0.000000,0.000000,1.000000,0.000000,0.000000,2,20260805-231215,test8,113.157
C:\Users\josep\source\repos\AIOTED-digital\04_joe_lcd_20x32\8_main_dig2_20260805-233215.jpg,8,8,1.000000,0.000000,0.000000,0.000000,0.000000,0.000000,0.000000,0.000000,0.000000,1.000000,0.000000,0.000000,2,20260805-233215,test8,111.721
C:\Users\josep\source\repos\AIOTED-digital\04_joe_lcd_20x32\8_main_dig2_20260805-235215.jpg,8,8,1.000000,0.000000,0.000000,0.000000,0.000000,0.000000,0.000000,0.000000,0.000000,1.000000,0.000000,0.000000,2,20260805-235215,test8,112.386
C:\Users\josep\source\repos\AIOTED-digital\04_joe_lcd_20x32\8_main_dig2_20260827-072541.jpg,8,8,1.000000,0.000000,0.000000,0.000000,0.000000,0.000000,0.000000,0.000000,0.000000,1.000000,0.000000,0.000000,2,20260827-072541,test8,83.515
C:\Users\josep\source\repos\AIOTED-digital\04_joe_lcd_20x32\8_main_dig2_20260827-121341.jpg,8,8,1.000000,0.000000,0.000000,0.000000,0.000000,0.000000,0.000000,0.000000,0.000000,1.000000,0.000000,0.000000,2,20260827-121341,test8,70.889
C:\Users\josep\source\repos\AIOTED-digital\04_joe_lcd_20x32\8_main_dig2_20260829-073338.jpg,8,8,1.000000,0.000000,0.000000,0.000000,0.000000,0.000000,0.000000,0.000000,0.000000,1.000000,0.000000,0.000000,2,20260829-073338,test8,83.043
C:\Users\josep\source\repos\AIOTED-digital\04_joe_lcd_20x32\8_main_dig2_20260829-130137.jpg,8,8,1.000000,0.000000,0.000000,0.000000,0.000000,0.000000,0.000000,0.000000,0.000000,1.000000,0.000000,0.000000,2,20260829-130137,test8,80.929
C:\Users\josep\source\repos\AIOTED-digital\04_joe_lcd_20x32\8_main_dig2_20260829-140137.jpg,8,8,1.000000,0.000000,0.000000,0.000000,0.000000,0.000000,0.000000,0.000000,0.000000,1.000000,0.000000,0.000000,2,20260829-140137,test8,80.785
C:\Users\josep\source\repos\AIOTED-digital\04_joe_lcd_20x32\8_main_dig2_20260830-085736.jpg,8,8,1.000000,0.000000,0.000000,0.000000,0.000000,0.000000,0.000000,0.000000,0.000000,1.000000,0.000000,0.000000,2,20260830-085736,test8,76.222
C:\Users\josep\source\repos\AIOTED-digital\04_joe_lcd_20x32\8_main_dig2_20260830-141735.jpg,8,8,1.000000,0.000000,0.000000,0.000000,0.000000,0.000000,0.000000,0.000000,0.000000,1.000000,0.000000,0.000000,2,20260830-141735,test8,79.533
C:\Users\josep\source\repos\AIOTED-digital\04_joe_lcd_20x32\8_main_dig2_20260830-170535.jpg,8,8,1.000000,0.000000,0.000000,0.000000,0.000000,0.000000,0.000000,0.000000,0.000000,1.000000,0.000000,0.000000,2,20260830-170535,test8,83.709
C:\Users\josep\source\repos\AIOTED-digital\04_joe_lcd_20x32\8_main_dig2_20260831-152933.jpg,8,8,1.000000,0.000000,0.000000,0.000000,0.000000,0.000000,0.000000,0.000000,0.000000,1.000000,0.000000,0.000000,2,20260831-152933,test8,84.901
C:\Users\josep\source\repos\AIOTED-digital\04_joe_lcd_20x32\8_main_dig2_20260831-180933.jpg,8,8,1.000000,0.000000,0.000000,0.000000,0.000000,0.000000,0.000000,0.000000,0.000000,1.000000,0.000000,0.000000,2,20260831-180933,test8,86.189
C:\Users\josep\source\repos\AIOTED-digital\04_joe_lcd_20x32\8_main_dig2_20260902-072310.jpg,8,8,1.000000,0.000000,0.000000,0.000000,0.000000,0.000000,0.000000,0.000000,0.000000,1.000000,0.000000,0.000000,2,20260902-072310,test8,91.646
C:\Users\josep\source\repos\AIOTED-digital\04_joe_lcd_20x32\8_main_dig2_20260902-131109.jpg,8,8,0.999979,0.000000,0.000000,0.000000,0.000000,0.000000,0.000000,0.000021,0.000000,0.999979,0.000000,0.000000,2,20260902-131109,test8,73.091
C:\Users\josep\source\repos\AIOTED-digital\04_joe_lcd_20x32\8_main_dig2_20260905-114657.jpg,8,8,1.000000,0.000000,0.000000,0.000000,0.000000,0.000000,0.000000,0.000000,0.000000,1.000000,0.000000,0.000000,2,20260905-114657,test8,75.808
C:\Users\josep\source\repos\AIOTED-digital\04_joe_lcd_20x32\8_main_dig2_20260908-092722.jpg,8,8,1.000000,0.000000,0.000000,0.000000,0.000000,0.000000,0.000000,0.000000,0.000000,1.000000,0.000000,0.000000,2,20260908-092722,test8,91.639
C:\Users\josep\source\repos\AIOTED-digital\04_joe_lcd_20x32\8_main_dig2_20260908-140721.jpg,8,8,1.000000,0.000000,0.000000,0.000000,0.000000,0.000000,0.000000,0.000000,0.000000,1.000000,0.000000,0.000000,2,20260908-140721,test8,80.231
C:\Users\josep\source\repos\AIOTED-digital\04_joe_lcd_20x32\8_main_dig2_20260917-083333.jpg,8,8,1.000000,0.000000,0.000000,0.000000,0.000000,0.000000,0.000000,0.000000,0.000000,1.000000,0.000000,0.000000,2,20260917-083333,test8,86.274
C:\Users\josep\source\repos\AIOTED-digital\04_joe_lcd_20x32\8_main_dig2_20260917-111332.jpg,8,8,1.000000,0.000000,0.000000,0.000000,0.000000,0.000000,0.000000,0.000000,0.000000,1.000000,0.000000,0.000000,2,20260917-111332,test8,79.943
C:\Users\josep\source\repos\AIOTED-digital\04_joe_lcd_20x32\8_main_dig2_20260917-154132.jpg,8,8,1.000000,0.000000,0.000000,0.000000,0.000000,0.000000,0.000000,0.000000,0.000000,1.000000,0.000000,0.000000,2,20260917-154132,test8,83.952
C:\Users\josep\source\repos\AIOTED-digital\04_joe_lcd_20x32\8_main_dig2_20260930-083037.jpg,8,8,1.000000,0.000000,0.000000,0.000000,0.000000,0.000000,0.000000,0.000000,0.000000,1.000000,0.000000,0.000000,2,20260930-083037,test8,85.851
C:\Users\josep\source\repos\AIOTED-digital\04_joe_lcd_20x32\8_main_dig2_20260930-095837.jpg,8,8,1.000000,0.000000,0.000000,0.000000,0.000000,0.000000,0.000000,0.000000,0.000000,1.000000,0.000000,0.000000,2,20260930-095837,test8,82.089
C:\Users\josep\source\repos\AIOTED-digital\04_joe_lcd_20x32\8_main_dig3_20260805-014817.jpg,8,8,0.999931,0.000069,0.000000,0.000000,0.000000,0.000000,0.000000,0.000000,0.000000,0.999931,0.000000,0.000000,3,20260805-014817,test8,138.737
C:\Users\josep\source\repos\AIOTED-digital\04_joe_lcd_20x32\8_main_dig3_20260805-020817.jpg,8,8,0.999817,0.000183,0.000000,0.000000,0.000000,0.000000,0.000000,0.000000,0.000000,0.999817,0.000000,0.000000,3,20260805-020817,test8,137.716
C:\Users\josep\source\repos\AIOTED-digital\04_joe_lcd_20x32\8_main_dig3_20260805-203215.jpg,8,8,0.999996,0.000004,0.000000,0.000000,0.000000,0.000000,0.000000,0.000000,0.000000,0.999996,0.000000,0.000000,3,20260805-203215,test8,138.585
C:\Users\josep\source\repos\AIOTED-digital\04_joe_lcd_20x32\8_main_dig3_20260805-225215.jpg,8,8,0.999993,0.000007,0.000000,0.000000,0.000000,0.000000,0.000000,0.000000,0.000000,0.999993,0.000000,0.000000,3,20260805-225215,test8,135.428
C:\Users\josep\source\repos\AIOTED-digital\04_joe_lcd_20x32\8_main_dig3_20260827-040142.jpg,8,8,0.995886,0.004114,0.000000,0.000000,0.000000,0.000000,0.000000,0.000000,0.000000,0.995886,0.000000,0.000000,3,20260827-040142,kwh,101.231
C:\Users\josep\source\repos\AIOTED-digital\04_joe_lcd_20x32\8_main_dig3_20260827-111741.jpg,8,8,1.000000,0.000000,0.000000,0.000000,0.000000,0.000000,0.000000,0.000000,0.000000,1.000000,0.000000,0.000000,3,20260827-111741,kwh,97.824
C:\Users\josep\source\repos\AIOTED-digital\04_joe_lcd_20x32\8_main_dig3_20260827-122941.jpg,8,8,1.000000,0.000000,0.000000,0.000000,0.000000,0.000000,0.000000,0.000000,0.000000,1.000000,0.000000,0.000000,3,20260827-122941,test8,76.785
C:\Users\josep\source\repos\AIOTED-digital\04_joe_lcd_20x32\8_main_dig3_20260827-174541.jpg,8,8,1.000000,0.000000,0.000000,0.000000,0.000000,0.000000,0.000000,0.000000,0.000000,1.000000,0.000000,0.000000,3,20260827-174541,kwh,98.004
C:\Users\josep\source\repos\AIOTED-digital\04_joe_lcd_20x32\8_main_dig3_20260827-205740.jpg,8,8,0.999906,0.000094,0.000000,0.000000,0.000000,0.000000,0.000000,0.000000,0.000000,0.999906,0.000000,0.000000,3,20260827-205740,kwh,103.774
C:\Users\josep\source\repos\AIOTED-digital\04_joe_lcd_20x32\8_main_dig3_20260827-212540.jpg,8,8,0.999849,0.000151,0.000000,0.000000,0.000000,0.000000,0.000000,0.000000,0.000000,0.999849,0.000000,0.000000,3,20260827-212540,test8,101.426
C:\Users\josep\source\repos\AIOTED-digital\04_joe_lcd_20x32\8_main_dig3_20260829-095737.jpg,8,8,1.000000,0.000000,0.000000,0.000000,0.000000,0.000000,0.000000,0.000000,0.000000,1.000000,0.000000,0.000000,3,20260829-095737,kwh,93.110
C:\Users\josep\source\repos\AIOTED-digital\04_joe_lcd_20x32\8_main_dig3_20260829-112537.jpg,8,8,1.000000,0.000000,0.000000,0.000000,0.000000,0.000000,0.000000,0.000000,0.000000,1.000000,0.000000,0.000000,3,20260829-112537,kwh,92.977
C:\Users\josep\source\repos\AIOTED-digital\04_joe_lcd_20x32\8_main_dig3_20260829-113737.jpg,8,8,1.000000,0.000000,0.000000,0.000000,0.000000,0.000000,0.000000,0.000000,0.000000,1.000000,0.000000,0.000000,3,20260829-113737,kwh,92.866
C:\Users\josep\source\repos\AIOTED-digital\04_joe_lcd_20x32\8_main_dig3_20260829-150537.jpg,8,8,0.999999,0.000001,0.000000,0.000000,0.000000,0.000000,0.000000,0.000000,0.000000,0.999999,0.000000,0.000000,3,20260829-150537,kwh,96.086
C:\Users\josep\source\repos\AIOTED-digital\04_joe_lcd_20x32\8_main_dig3_20260829-194537.jpg,8,8,0.999952,0.000048,0.000000,0.000000,0.000000,0.000000,0.000000,0.000000,0.000000,0.999952,0.000000,0.000000,3,20260829-194537,kwh,102.483
C:\Users\josep\source\repos\AIOTED-digital\04_joe_lcd_20x32\8_main_dig3_20260829-202537.jpg,8,8,0.999865,0.000135,0.000000,0.000000,0.000000,0.000000,0.000000,0.000000,0.000000,0.999865,0.000000,0.000000,3,20260829-202537,test8,102.924
C:\Users\josep\source\repos\AIOTED-digital\04_joe_lcd_20x32\8_main_dig3_20260830-045336.jpg,8,8,0.999945,0.000055,0.000000,0.000000,0.000000,0.000000,0.000000,0.000000,0.000000,0.999945,0.000000,0.000000,3,20260830-045336,test8,102.708
C:\Users\josep\source\repos\AIOTED-digital\04_joe_lcd_20x32\8_main_dig3_20260830-070136.jpg,8,8,0.999816,0.000184,0.000000,0.000000,0.000000,0.000000,0.000000,0.000000,0.000000,0.999816,0.000000,0.000000,3,20260830-070136,kwh,99.428
C:\Users\josep\source\repos\AIOTED-digital\04_joe_lcd_20x32\8_main_dig3_20260830-114936.jpg,8,8,1.000000,0.000000,0.000000,0.000000,0.000000,0.000000,0.000000,0.000000,0.000000,1.000000,0.000000,0.000000,3,20260830-114936,kwh,75.882
C:\Users\josep\source\repos\AIOTED-digital\04_joe_lcd_20x32\8_main_dig3_20260830-132935.jpg,8,8,1.000000,0.000000,0.000000,0.000000,0.000000,0.000000,0.000000,0.000000,0.000000,1.000000,0.000000,0.000000,3,20260830-132935,kwh,91.071
C:\Users\josep\source\repos\AIOTED-digital\04_joe_lcd_20x32\8_main_dig3_20260830-165735.jpg,8,8,1.000000,0.000000,0.000000,0.000000,0.000000,0.000000,0.000000,0.000000,0.000000,1.000000,0.000000,0.000000,3,20260830-165735,kwh,96.413
C:\Users\josep\source\repos\AIOTED-digital\04_joe_lcd_20x32\8_main_dig3_20260830-180935.jpg,8,8,1.000000,0.000000,0.000000,0.000000,0.000000,0.000000,0.000000,0.000000,0.000000,1.000000,0.000000,0.000000,3,20260830-180935,kwh,96.746
C:\Users\josep\source\repos\AIOTED-digital\04_joe_lcd_20x32\8_main_dig3_20260830-183735.jpg,8,8,1.000000,0.000001,0.000000,0.000000,0.000000,0.000000,0.000000,0.000000,0.000000,1.000000,0.000000,0.000000,3,20260830-183735,kwh,100.624
C:\Users\josep\source\repos\AIOTED-digital\04_joe_lcd_20x32\8_main_dig3_20260830-215735.jpg,8,8,0.998326,0.001674,0.000000,0.000000,0.000000,0.000000,0.000000,0.000000,0.000000,0.998326,0.000000,0.000000,3,20260830-215735,test8,106.243
C:\Users\josep\source\repos\AIOTED-digital\04_joe_lcd_20x32\8_main_dig3_20260831-065734.jpg,8,8,0.999992,0.000008,0.000000,0.000000,0.000000,0.000000,0.000000,0.000000,0.000000,0.999992,0.000000,0.000000,3,20260831-065734,test8,103.030
C:\Users\josep\source\repos\AIOTED-digital\04_joe_lcd_20x32\8_main_dig3_20260831-073734.jpg,8,8,1.000000,0.000000,0.000000,0.000000,0.000000,0.000000,0.000000,0.000000,0.000000,1.000000,0.000000,0.000000,3,20260831-073734,kwh,95.818
C:\Users\josep\source\repos\AIOTED-digital\04_joe_lcd_20x32\8_main_dig3_20260831-081734.jpg,8,8,0.984211,0.015789,0.000000,0.000000,0.000000,0.000000,0.000000,0.000000,0.000000,0.984211,0.000000,0.000000,3,20260831-081734,kwh,91.094
C:\Users\josep\source\repos\AIOTED-digital\04_joe_lcd_20x32\8_main_dig3_20260831-145333.jpg,8,8,1.000000,0.000000,0.000000,0.000000,0.000000,0.000000,0.000000,0.000000,0.000000,1.000000,0.000000,0.000000,3,20260831-145333,kwh,59.596
C:\Users\josep\source\repos\AIOTED-digital\04_joe_lcd_20x32\8_main_dig3_20260831-155333.jpg,8,8,1.000000,0.000000,0.000000,0.000000,0.000000,0.000000,0.000000,0.000000,0.000000,1.000000,0.000000,0.000000,3,20260831-155333,kwh,95.356
C:\Users\josep\source\repos\AIOTED-digital\04_joe_lcd_20x32\8_main_dig3_20260831-203333.jpg,8,8,0.961434,0.038566,0.000000,0.000000,0.000000,0.000000,0.000000,0.000000,0.000000,0.961434,0.000000,0.000000,3,20260831-203333,kwh,108.291
C:\Users\josep\source\repos\AIOTED-digital\04_joe_lcd_20x32\8_main_dig3_20260902-024531.jpg,8,8,0.736753,0.263247,0.000000,0.000000,0.000000,0.000000,0.000000,0.000000,0.000000,0.736753,0.000000,0.000000,3,20260902-024531,kwh,109.955
C:\Users\josep\source\repos\AIOTED-digital\04_joe_lcd_20x32\8_main_dig3_20260902-083510.jpg,8,8,1.000000,0.000000,0.000000,0.000000,0.000000,0.000000,0.000000,0.000000,0.000000,1.000000,0.000000,0.000000,3,20260902-083510,kwh,108.793
C:\Users\josep\source\repos\AIOTED-digital\04_joe_lcd_20x32\8_main_dig3_20260902-161509.jpg,8,8,1.000000,0.000000,0.000000,0.000000,0.000000,0.000000,0.000000,0.000000,0.000000,1.000000,0.000000,0.000000,3,20260902-161509,kwh,99.793
C:\Users\josep\source\repos\AIOTED-digital\04_joe_lcd_20x32\8_main_dig3_20260902-223508.jpg,8,8,0.997103,0.002897,0.000000,0.000000,0.000000,0.000000,0.000000,0.000000,0.000000,0.997103,0.000000,0.000000,3,20260902-223508,test8,112.376
C:\Users\josep\source\repos\AIOTED-digital\04_joe_lcd_20x32\8_main_dig3_20260905-075058.jpg,8,8,0.999813,0.000187,0.000000,0.000000,0.000000,0.000000,0.000000,0.000000,0.000000,0.999813,0.000000,0.000000,3,20260905-075058,kwh,94.106
C:\Users\josep\source\repos\AIOTED-digital\04_joe_lcd_20x32\8_main_dig3_20260905-103057.jpg,8,8,1.000000,0.000000,0.000000,0.000000,0.000000,0.000000,0.000000,0.000000,0.000000,1.000000,0.000000,0.000000,3,20260905-103057,test8,84.874
C:\Users\josep\source\repos\AIOTED-digital\04_joe_lcd_20x32\8_main_dig3_20260905-123057.jpg,8,8,1.000000,0.000000,0.000000,0.000000,0.000000,0.000000,0.000000,0.000000,0.000000,1.000000,0.000000,0.000000,3,20260905-123057,test8,83.903
C:\Users\josep\source\repos\AIOTED-digital\04_joe_lcd_20x32\8_main_dig3_20260905-155057.jpg,8,8,1.000000,0.000000,0.000000,0.000000,0.000000,0.000000,0.000000,0.000000,0.000000,1.000000,0.000000,0.000000,3,20260905-155057,kwh,105.003
C:\Users\josep\source\repos\AIOTED-digital\04_joe_lcd_20x32\8_main_dig3_20260905-224657.jpg,8,8,0.999993,0.000007,0.000000,0.000000,0.000000,0.000000,0.000000,0.000000,0.000000,0.999993,0.000000,0.000000,3,20260905-224657,test8,115.483
C:\Users\josep\source\repos\AIOTED-digital\04_joe_lcd_20x32\8_main_dig3_20260905-235857.jpg,8,8,0.999999,0.000001,0.000000,0.000000,0.000000,0.000000,0.000000,0.000000,0.000000,0.999999,0.000000,0.000000,3,20260905-235857,kwh,111.525
C:\Users\josep\source\repos\AIOTED-digital\04_joe_lcd_20x32\8_main_dig3_20260908-025522.jpg,8,8,0.999668,0.000332,0.000000,0.000000,0.000000,0.000000,0.000000,0.000000,0.000000,0.999668,0.000000,0.000000,3,20260908-025522,test8,108.173
C:\Users\josep\source\repos\AIOTED-digital\04_joe_lcd_20x32\8_main_dig3_20260908-082322.jpg,8,8,1.000000,0.000000,0.000000,0.000000,0.000000,0.000000,0.000000,0.000000,0.000000,1.000000,0.000000,0.000000,3,20260908-082322,test8,94.079
C:\Users\josep\source\repos\AIOTED-digital\04_joe_lcd_20x32\8_main_dig3_20260908-111121.jpg,8,8,1.000000,0.000000,0.000000,0.000000,0.000000,0.000000,0.000000,0.000000,0.000000,1.000000,0.000000,0.000000,3,20260908-111121,kwh,98.886
C:\Users\josep\source\repos\AIOTED-digital\04_joe_lcd_20x32\8_main_dig3_20260908-113121.jpg,8,8,1.000000,0.000000,0.000000,0.000000,0.000000,0.000000,0.000000,0.000000,0.000000,1.000000,0.000000,0.000000,3,20260908-113121,kwh,97.984
C:\Users\josep\source\repos\AIOTED-digital\04_joe_lcd_20x32\8_main_dig3_20260908-151121.jpg,8,8,1.000000,0.000000,0.000000,0.000000,0.000000,0.000000,0.000000,0.000000,0.000000,1.000000,0.000000,0.000000,3,20260908-151121,test8,90.027
C:\Users\josep\source\repos\AIOTED-digital\04_joe_lcd_20x32\8_main_dig3_20260908-171921.jpg,8,8,1.000000,0.000000,0.000000,0.000000,0.000000,0.000000,0.000000,0.000000,0.000000,1.000000,0.000000,0.000000,3,20260908-171921,kwh,96.176
C:\Users\josep\source\repos\AIOTED-digital\04_joe_lcd_20x32\8_main_dig3_20260908-183921.jpg,8,8,0.999965,0.000035,0.000000,0.000000,0.000000,0.000000,0.000000,0.000000,0.000000,0.999965,0.000000,0.000000,3,20260908-183921,kwh,105.855
C:\Users\josep\source\repos\AIOTED-digital\04_joe_lcd_20x32\8_main_dig3_20260908-232721.jpg,8,8,0.999745,0.000255,0.000000,0.000000,0.000000,0.000000,0.000000,0.000000,0.000000,0.999745,0.000000,0.000000,3,20260908-232721,test8,110.245
C:\Users\josep\source\repos\AIOTED-digital\04_joe_lcd_20x32\8_main_dig4_20260805-041617.jpg,8,8,1.000000,0.000000,0.000000,0.000000,0.000000,0.000000,0.000000,0.000000,0.000000,1.000000,0.000000,0.000000,4,20260805-041617,test8,84.151
C:\Users\josep\source\repos\AIOTED-digital\04_joe_lcd_20x32\8_main_dig4_20260805-203215.jpg,8,8,1.000000,0.000000,0.000000,0.000000,0.000000,0.000000,0.000000,0.000000,0.000000,1.000000,0.000000,0.000000,4,20260805-203215,test8,86.040
C:\Users\josep\source\repos\AIOTED-digital\04_joe_lcd_20x32\8_main_dig4_20260805-215215.jpg,8,8,1.000000,0.000000,0.000000,0.000000,0.000000,0.000000,0.000000,0.000000,0.000000,1.000000,0.000000,0.000000,4,20260805-215215,test8,83.971
C:\Users\josep\source\repos\AIOTED-digital\04_joe_lcd_20x32\8_main_dig4_20260805-233215.jpg,8,8,1.000000,0.000000,0.000000,0.000000,0.000000,0.000000,0.000000,0.000000,0.000000,1.000000,0.000000,0.000000,4,20260805-233215,test8,82.929
C:\Users\josep\source\repos\AIOTED-digital\04_joe_lcd_20x32\8_main_dig4_20260908-011522.jpg,8,8,1.000000,0.000000,0.000000,0.000000,0.000000,0.000000,0.000000,0.000000,0.000000,1.000000,0.000000,0.000000,4,20260908-011522,test8,62.833
C:\Users\josep\source\repos\AIOTED-digital\04_joe_lcd_20x32\8_main_dig4_20260908-015122.jpg,8,8,1.000000,0.000000,0.000000,0.000000,0.000000,0.000000,0.000000,0.000000,0.000000,1.000000,0.000000,0.000000,4,20260908-015122,kwh,62.945
C:\Users\josep\source\repos\AIOTED-digital\04_joe_lcd_20x32\8_main_dig4_20260908-022322.jpg,8,8,1.000000,0.000000,0.000000,0.000000,0.000000,0.000000,0.000000,0.000000,0.000000,1.000000,0.000000,0.000000,4,20260908-022322,kwh,62.708
C:\Users\josep\source\repos\AIOTED-digital\04_joe_lcd_20x32\8_main_dig4_20260908-025122.jpg,8,8,1.000000,0.000000,0.000000,0.000000,0.000000,0.000000,0.000000,0.000000,0.000000,1.000000,0.000000,0.000000,4,20260908-025122,test8,62.268
C:\Users\josep\source\repos\AIOTED-digital\04_joe_lcd_20x32\8_main_dig4_20260908-031122.jpg,8,8,1.000000,0.000000,0.000000,0.000000,0.000000,0.000000,0.000000,0.000000,0.000000,1.000000,0.000000,0.000000,4,20260908-031122,test8,63.760
C:\Users\josep\source\repos\AIOTED-digital\04_joe_lcd_20x32\8_main_dig4_20260908-042322.jpg,8,8,1.000000,0.000000,0.000000,0.000000,0.000000,0.000000,0.000000,0.000000,0.000000,1.000000,0.000000,0.000000,4,20260908-042322,test8,62.855
C:\Users\josep\source\repos\AIOTED-digital\04_joe_lcd_20x32\8_main_dig4_20260908-045122.jpg,8,8,1.000000,0.000000,0.000000,0.000000,0.000000,0.000000,0.000000,0.000000,0.000000,1.000000,0.000000,0.000000,4,20260908-045122,test8,62.685
C:\Users\josep\source\repos\AIOTED-digital\04_joe_lcd_20x32\8_main_dig4_20260908-054322.jpg,8,8,1.000000,0.000000,0.000000,0.000000,0.000000,0.000000,0.000000,0.000000,0.000000,1.000000,0.000000,0.000000,4,20260908-054322,kwh,63.036
C:\Users\josep\source\repos\AIOTED-digital\04_joe_lcd_20x32\8_main_dig4_20260908-060322.jpg,8,8,1.000000,0.000000,0.000000,0.000000,0.000000,0.000000,0.000000,0.000000,0.000000,1.000000,0.000000,0.000000,4,20260908-060322,test8,62.981
C:\Users\josep\source\repos\AIOTED-digital\04_joe_lcd_20x32\8_main_dig4_20260908-065122.jpg,8,8,1.000000,0.000000,0.000000,0.000000,0.000000,0.000000,0.000000,0.000000,0.000000,1.000000,0.000000,0.000000,4,20260908-065122,test8,62.860
C:\Users\josep\source\repos\AIOTED-digital\04_joe_lcd_20x32\8_main_dig4_20260908-070322.jpg,8,8,1.000000,0.000000,0.000000,0.000000,0.000000,0.000000,0.000000,0.000000,0.000000,1.000000,0.000000,0.000000,4,20260908-070322,test8,62.182
C:\Users\josep\source\repos\AIOTED-digital\04_joe_lcd_20x32\8_main_dig4_20260908-080322.jpg,8,8,1.000000,0.000000,0.000000,0.000000,0.000000,0.000000,0.000000,0.000000,0.000000,1.000000,0.000000,0.000000,4,20260908-080322,test8,60.949
C:\Users\josep\source\repos\AIOTED-digital\04_joe_lcd_20x32\8_main_dig4_20260908-082322.jpg,8,8,1.000000,0.000000,0.000000,0.000000,0.000000,0.000000,0.000000,0.000000,0.000000,1.000000,0.000000,0.000000,4,20260908-082322,test8,59.982
C:\Users\josep\source\repos\AIOTED-digital\04_joe_lcd_20x32\8_main_dig4_20260908-084322.jpg,8,8,1.000000,0.000000,0.000000,0.000000,0.000000,0.000000,0.000000,0.000000,0.000000,1.000000,0.000000,0.000000,4,20260908-084322,test8,60.289
C:\Users\josep\source\repos\AIOTED-digital\04_joe_lcd_20x32\8_main_dig4_20260908-085122.jpg,8,8,1.000000,0.000000,0.000000,0.000000,0.000000,0.000000,0.000000,0.000000,0.000000,1.000000,0.000000,0.000000,4,20260908-085122,kwh,60.765
C:\Users\josep\source\repos\AIOTED-digital\04_joe_lcd_20x32\8_main_dig4_20260908-090322.jpg,8,8,1.000000,0.000000,0.000000,0.000000,0.000000,0.000000,0.000000,0.000000,0.000000,1.000000,0.000000,0.000000,4,20260908-090322,kwh,60.672
C:\Users\josep\source\repos\AIOTED-digital\04_joe_lcd_20x32\8_main_dig4_20260908-095922.jpg,8,8,1.000000,0.000000,0.000000,0.000000,0.000000,0.000000,0.000000,0.000000,0.000000,1.000000,0.000000,0.000000,4,20260908-095922,test8,61.905
C:\Users\josep\source\repos\AIOTED-digital\04_joe_lcd_20x32\8_main_dig4_20260908-100322.jpg,8,8,1.000000,0.000000,0.000000,0.000000,0.000000,0.000000,0.000000,0.000000,0.000000,1.000000,0.000000,0.000000,4,20260908-100322,kwh,61.953
C:\Users\josep\source\repos\AIOTED-digital\04_joe_lcd_20x32\8_main_dig4_20260908-101921.jpg,8,8,1.000000,0.000000,0.000000,0.000000,0.000000,0.000000,0.000000,0.000000,0.000000,1.000000,0.000000,0.000000,4,20260908-101921,kwh,60.682
C:\Users\josep\source\repos\AIOTED-digital\04_joe_lcd_20x32\8_main_dig4_20260908-103921.jpg,8,8,1.000000,0.000000,0.000000,0.000000,0.000000,0.000000,0.000000,0.000000,0.000000,1.000000,0.000000,0.000000,4,20260908-103921,kwh,61.852
C:\Users\josep\source\repos\AIOTED-digital\04_joe_lcd_20x32\8_main_dig4_20260908-113121.jpg,8,8,1.000000,0.000000,0.000000,0.000000,0.000000,0.000000,0.000000,0.000000,0.000000,1.000000,0.000000,0.000000,4,20260908-113121,kwh,62.224
C:\Users\josep\source\repos\AIOTED-digital\04_joe_lcd_20x32\8_main_dig4_20260908-121121.jpg,8,8,1.000000,0.000000,0.000000,0.000000,0.000000,0.000000,0.000000,0.000000,0.000000,1.000000,0.000000,0.000000,4,20260908-121121,test8,60.890
C:\Users\josep\source\repos\AIOTED-digital\04_joe_lcd_20x32\8_main_dig4_20260908-125121.jpg,8,8,1.000000,0.000000,0.000000,0.000000,0.000000,0.000000,0.000000,0.000000,0.000000,1.000000,0.000000,0.000000,4,20260908-125121,test8,66.337
C:\Users\josep\source\repos\AIOTED-digital\04_joe_lcd_20x32\8_main_dig4_20260908-125921.jpg,8,8,1.000000,0.000000,0.000000,0.000000,0.000000,0.000000,0.000000,0.000000,0.000000,1.000000,0.000000,0.000000,4,20260908-125921,test8,66.249
C:\Users\josep\source\repos\AIOTED-digital\04_joe_lcd_20x32\8_main_dig4_20260908-131121.jpg,8,8,1.000000,0.000000,0.000000,0.000000,0.000000,0.000000,0.000000,0.000000,0.000000,1.000000,0.000000,0.000000,4,20260908-131121,test8,65.201
C:\Users\josep\source\repos\AIOTED-digital\04_joe_lcd_20x32\8_main_dig4_20260908-135121.jpg,8,8,1.000000,0.000000,0.000000,0.000000,0.000000,0.000000,0.000000,0.000000,0.000000,1.000000,0.000000,0.000000,4,20260908-135121,test8,70.374
C:\Users\josep\source\repos\AIOTED-digital\04_joe_lcd_20x32\8_main_dig4_20260908-135921.jpg,8,8,1.000000,0.000000,0.000000,0.000000,0.000000,0.000000,0.000000,0.000000,0.000000,1.000000,0.000000,0.000000,4,20260908-135921,kwh,75.993
C:\Users\josep\source\repos\AIOTED-digital\04_joe_lcd_20x32\8_main_dig4_20260908-141121.jpg,8,8,1.000000,0.000000,0.000000,0.000000,0.000000,0.000000,0.000000,0.000000,0.000000,1.000000,0.000000,0.000000,4,20260908-141121,kwh,74.677
C:\Users\josep\source\repos\AIOTED-digital\04_joe_lcd_20x32\8_main_dig4_20260908-141921.jpg,8,8,1.000000,0.000000,0.000000,0.000000,0.000000,0.000000,0.000000,0.000000,0.000000,1.000000,0.000000,0.000000,4,20260908-141921,kwh,77.358
C:\Users\josep\source\repos\AIOTED-digital\04_joe_lcd_20x32\8_main_dig4_20260908-143121.jpg,8,8,1.000000,0.000000,0.000000,0.000000,0.000000,0.000000,0.000000,0.000000,0.000000,1.000000,0.000000,0.000000,4,20260908-143121,test8,69.780
C:\Users\josep\source\repos\AIOTED-digital\04_joe_lcd_20x32\8_main_dig4_20260908-143921.jpg,8,8,1.000000,0.000000,0.000000,0.000000,0.000000,0.000000,0.000000,0.000000,0.000000,1.000000,0.000000,0.000000,4,20260908-143921,test8,68.780
C:\Users\josep\source\repos\AIOTED-digital\04_joe_lcd_20x32\8_main_dig4_20260908-151121.jpg,8,8,1.000000,0.000000,0.000000,0.000000,0.000000,0.000000,0.000000,0.000000,0.000000,1.000000,0.000000,0.000000,4,20260908-151121,test8,71.404
C:\Users\josep\source\repos\AIOTED-digital\04_joe_lcd_20x32\8_main_dig4_20260908-153921.jpg,8,8,1.000000,0.000000,0.000000,0.000000,0.000000,0.000000,0.000000,0.000000,0.000000,1.000000,0.000000,0.000000,4,20260908-153921,kwh,62.667
C:\Users\josep\source\repos\AIOTED-digital\04_joe_lcd_20x32\8_main_dig4_20260908-161121.jpg,8,8,1.000000,0.000000,0.000000,0.000000,0.000000,0.000000,0.000000,0.000000,0.000000,1.000000,0.000000,0.000000,4,20260908-161121,test8,61.958
C:\Users\josep\source\repos\AIOTED-digital\04_joe_lcd_20x32\8_main_dig4_20260908-161921.jpg,8,8,1.000000,0.000000,0.000000,0.000000,0.000000,0.000000,0.000000,0.000000,0.000000,1.000000,0.000000,0.000000,4,20260908-161921,test8,64.976
C:\Users\josep\source\repos\AIOTED-digital\04_joe_lcd_20x32\8_main_dig4_20260908-163921.jpg,8,8,1.000000,0.000000,0.000000,0.000000,0.000000,0.000000,0.000000,0.000000,0.000000,1.000000,0.000000,0.000000,4,20260908-163921,test8,62.262
C:\Users\josep\source\repos\AIOTED-digital\04_joe_lcd_20x32\8_main_dig4_20260908-173121.jpg,8,8,1.000000,0.000000,0.000000,0.000000,0.000000,0.000000,0.000000,0.000000,0.000000,1.000000,0.000000,0.000000,4,20260908-173121,test8,60.060
C:\Users\josep\source\repos\AIOTED-digital\04_joe_lcd_20x32\8_main_dig4_20260908-173921.jpg,8,8,1.000000,0.000000,0.000000,0.000000,0.000000,0.000000,0.000000,0.000000,0.000000,1.000000,0.000000,0.000000,4,20260908-173921,test8,61.668
C:\Users\josep\source\repos\AIOTED-digital\04_joe_lcd_20x32\8_main_dig4_20260908-180721.jpg,8,8,1.000000,0.000000,0.000000,0.000000,0.000000,0.000000,0.000000,0.000000,0.000000,1.000000,0.000000,0.000000,4,20260908-180721,kwh,60.628
C:\Users\josep\source\repos\AIOTED-digital\04_joe_lcd_20x32\8_main_dig4_20260908-181921.jpg,8,8,1.000000,0.000000,0.000000,0.000000,0.000000,0.000000,0.000000,0.000000,0.000000,1.000000,0.000000,0.000000,4,20260908-181921,kwh,62.013
C:\Users\josep\source\repos\AIOTED-digital\04_joe_lcd_20x32\8_main_dig4_20260908-184721.jpg,8,8,1.000000,0.000000,0.000000,0.000000,0.000000,0.000000,0.000000,0.000000,0.000000,1.000000,0.000000,0.000000,4,20260908-184721,test8,62.863
C:\Users\josep\source\repos\AIOTED-digital\04_joe_lcd_20x32\8_main_dig4_20260908-185921.jpg,8,8,1.000000,0.000000,0.000000,0.000000,0.000000,0.000000,0.000000,0.000000,0.000000,1.000000,0.000000,0.000000,4,20260908-185921,test8,63.111
C:\Users\josep\source\repos\AIOTED-digital\04_joe_lcd_20x32\8_main_dig4_20260908-190721.jpg,8,8,1.000000,0.000000,0.000000,0.000000,0.000000,0.000000,0.000000,0.000000,0.000000,1.000000,0.000000,0.000000,4,20260908-190721,test8,63.687
C:\Users\josep\source\repos\AIOTED-digital\04_joe_lcd_20x32\8_main_dig4_20260908-195921.jpg,8,8,1.000000,0.000000,0.000000,0.000000,0.000000,0.000000,0.000000,0.000000,0.000000,1.000000,0.000000,0.000000,4,20260908-195921,kwh,64.826
C:\Users\josep\source\repos\AIOTED-digital\04_joe_lcd_20x32\8_main_dig4_20260908-200721.jpg,8,8,1.000000,0.000000,0.000000,0.000000,0.000000,0.000000,0.000000,0.000000,0.000000,1.000000,0.000000,0.000000,4,20260908-200721,test8,65.234
C:\Users\josep\source\repos\AIOTED-digital\04_joe_lcd_20x32\8_main_dig4_20260908-201921.jpg,8,8,1.000000,0.000000,0.000000,0.000000,0.000000,0.000000,0.000000,0.000000,0.000000,1.000000,0.000000,0.000000,4,20260908-201921,kwh,66.214
C:\Users\josep\source\repos\AIOTED-digital\04_joe_lcd_20x32\8_main_dig4_20260908-232721.jpg,8,8,1.000000,0.000000,0.000000,0.000000,0.000000,0.000000,0.000000,0.000000,0.000000,1.000000,0.000000,0.000000,4,20260908-232721,test8,66.074
C:\Users\josep\source\repos\AIOTED-digital\04_joe_lcd_20x32\8_main_dig5_20260805-002817.jpg,8,8,0.997302,0.002698,0.000000,0.000000,0.000000,0.000000,0.000000,0.000000,0.000000,0.997302,0.000000,0.000000,5,20260805-002817,test8,59.456
C:\Users\josep\source\repos\AIOTED-digital\04_joe_lcd_20x32\8_main_dig5_20260805-014817.jpg,8,8,0.999955,0.000045,0.000000,0.000000,0.000000,0.000000,0.000000,0.000000,0.000000,0.999955,0.000000,0.000000,5,20260805-014817,test8,60.199
C:\Users\josep\source\repos\AIOTED-digital\04_joe_lcd_20x32\8_main_dig5_20260805-215215.jpg,8,8,0.999426,0.000574,0.000000,0.000000,0.000000,0.000000,0.000000,0.000000,0.000000,0.999426,0.000000,0.000000,5,20260805-215215,test8,60.127
C:\Users\josep\source\repos\AIOTED-digital\04_joe_lcd_20x32\8_main_dig5_20260805-225215.jpg,8,8,0.999303,0.000697,0.000000,0.000000,0.000000,0.000000,0.000000,0.000000,0.000000,0.999303,0.000000,0.000000,5,20260805-225215,test8,60.341
C:\Users\josep\source\repos\AIOTED-digital\04_joe_lcd_20x32\8_main_dig5_20260905-081858.jpg,8,8,0.999974,0.000026,0.000000,0.000000,0.000000,0.000000,0.000000,0.000000,0.000000,0.999974,0.000000,0.000000,5,20260905-081858,test8,50.053
C:\Users\josep\source\repos\AIOTED-digital\04_joe_lcd_20x32\8_main_dig5_20260905-143057.jpg,8,8,1.000000,0.000000,0.000000,0.000000,0.000000,0.000000,0.000000,0.000000,0.000000,1.000000,0.000000,0.000000,5,20260905-143057,test8,57.641
C:\Users\josep\source\repos\AIOTED-digital\04_joe_lcd_20x32\8_main_dig5_20260905-145857.jpg,8,8,1.000000,0.000000,0.000000,0.000000,0.000000,0.000000,0.000000,0.000000,0.000000,1.000000,0.000000,0.000000,5,20260905-145857,test8,53.472
C:\Users\josep\source\repos\AIOTED-digital\04_joe_lcd_20x32\8_main_dig5_20260905-155857.jpg,8,8,1.000000,0.000000,0.000000,0.000000,0.000000,0.000000,0.000000,0.000000,0.000000,1.000000,0.000000,0.000000,5,20260905-155857,test8,49.174
C:\Users\josep\source\repos\AIOTED-digital\04_joe_lcd_20x32\8_main_dig5_20260905-163057.jpg,8,8,1.000000,0.000000,0.000000,0.000000,0.000000,0.000000,0.000000,0.000000,0.000000,1.000000,0.000000,0.000000,5,20260905-163057,test8,49.401
C:\Users\josep\source\repos\AIOTED-digital\04_joe_lcd_20x32\8_main_dig5_20260905-181857.jpg,8,8,0.999998,0.000002,0.000000,0.000000,0.000000,0.000000,0.000000,0.000000,0.000000,0.999998,0.000000,0.000000,5,20260905-181857,kwh,48.796
C:\Users\josep\source\repos\AIOTED-digital\04_joe_lcd_20x32\8_main_dig5_20260905-183057.jpg,8,8,1.000000,0.000000,0.000000,0.000000,0.000000,0.000000,0.000000,0.000000,0.000000,1.000000,0.000000,0.000000,5,20260905-183057,test8,50.052
C:\Users\josep\source\repos\AIOTED-digital\04_joe_lcd_20x32\8_main_dig5_20260905-183857.jpg,8,8,0.999975,0.000025,0.000000,0.000000,0.000000,0.000000,0.000000,0.000000,0.000000,0.999975,0.000000,0.000000,5,20260905-183857,kwh,51.029
C:\Users\josep\source\repos\AIOTED-digital\04_joe_lcd_20x32\8_main_dig5_20260908-090722.jpg,8,8,1.000000,0.000000,0.000000,0.000000,0.000000,0.000000,0.000000,0.000000,0.000000,1.000000,0.000000,0.000000,5,20260908-090722,test8,46.248
C:\Users\josep\source\repos\AIOTED-digital\04_joe_lcd_20x32\8_main_dig5_20260908-141121.jpg,8,8,1.000000,0.000000,0.000000,0.000000,0.000000,0.000000,0.000000,0.000000,0.000000,1.000000,0.000000,0.000000,5,20260908-141121,kwh,53.822
C:\Users\josep\source\repos\AIOTED-digital\04_joe_lcd_20x32\8_main_dig5_20260908-141921.jpg,8,8,1.000000,0.000000,0.000000,0.000000,0.000000,0.000000,0.000000,0.000000,0.000000,1.000000,0.000000,0.000000,5,20260908-141921,kwh,58.579
C:\Users\josep\source\repos\AIOTED-digital\04_joe_lcd_20x32\8_main_dig5_20260908-145121.jpg,8,8,1.000000,0.000000,0.000000,0.000000,0.000000,0.000000,0.000000,0.000000,0.000000,1.000000,0.000000,0.000000,5,20260908-145121,kwh,51.089
C:\Users\josep\source\repos\AIOTED-digital\04_joe_lcd_20x32\8_main_dig5_20260908-153121.jpg,8,8,1.000000,0.000000,0.000000,0.000000,0.000000,0.000000,0.000000,0.000000,0.000000,1.000000,0.000000,0.000000,5,20260908-153121,test8,52.128
C:\Users\josep\source\repos\AIOTED-digital\04_joe_lcd_20x32\8_main_dig5_20260908-161121.jpg,8,8,1.000000,0.000000,0.000000,0.000000,0.000000,0.000000,0.000000,0.000000,0.000000,1.000000,0.000000,0.000000,5,20260908-161121,test8,48.207
C:\Users\josep\source\repos\AIOTED-digital\04_joe_lcd_20x32\8_main_dig5_20260908-163921.jpg,8,8,1.000000,0.000000,0.000000,0.000000,0.000000,0.000000,0.000000,0.000000,0.000000,1.000000,0.000000,0.000000,5,20260908-163921,test8,52.451
C:\Users\josep\source\repos\AIOTED-digital\04_joe_lcd_20x32\8_main_dig5_20260908-165921.jpg,8,8,1.000000,0.000000,0.000000,0.000000,0.000000,0.000000,0.000000,0.000000,0.000000,1.000000,0.000000,0.000000,5,20260908-165921,test8,51.634
C:\Users\josep\source\repos\AIOTED-digital\04_joe_lcd_20x32\8_main_dig5_20260908-175921.jpg,8,8,1.000000,0.000000,0.000000,0.000000,0.000000,0.000000,0.000000,0.000000,0.000000,1.000000,0.000000,0.000000,5,20260908-175921,kwh,52.234
C:\Users\josep\source\repos\AIOTED-digital\04_joe_lcd_20x32\8_main_dig5_20260908-180721.jpg,8,8,0.999997,0.000003,0.000000,0.000000,0.000000,0.000000,0.000000,0.000000,0.000000,0.999997,0.000000,0.000000,5,20260908-180721,kwh,51.840
C:\Users\josep\source\repos\AIOTED-digital\04_joe_lcd_20x32\8_main_dig5_20260908-181121.jpg,8,8,0.999999,0.000001,0.000000,0.000000,0.000000,0.000000,0.000000,0.000000,0.000000,0.999999,0.000000,0.000000,5,20260908-181121,kwh,52.762
C:\Users\josep\source\repos\AIOTED-digital\04_joe_lcd_20x32\8_main_dig5_20260908-181921.jpg,8,8,1.000000,0.000000,0.000000,0.000000,0.000000,0.000000,0.000000,0.000000,0.000000,1.000000,0.000000,0.000000,5,20260908-181921,kwh,52.402
C:\Users\josep\source\repos\AIOTED-digital\04_joe_lcd_20x32\8_main_dig5_20260908-182721.jpg,8,8,0.999999,0.000000,0.000000,0.000000,0.000000,0.000000,0.000000,0.000000,0.000000,0.999999,0.000000,0.000000,5,20260908-182721,kwh,53.198
C:\Users\josep\source\repos\AIOTED-digital\04_joe_lcd_20x32\8_main_dig5_20260917-091333.jpg,8,8,0.999943,0.000057,0.000000,0.000000,0.000000,0.000000,0.000000,0.000000,0.000000,0.999943,0.000000,0.000000,5,20260917-091333,test8,44.868
C:\Users\josep\source\repos\AIOTED-digital\04_joe_lcd_20x32\8_main_dig6_20260805-010817.jpg,8,9,0.498857,0.421891,0.000000,0.000000,0.000000,0.000221,0.000538,0.000004,0.000000,0.078490,0.498857,0.000000,6,20260805-010817,test8,30.670
C:\Users\josep\source\repos\AIOTED-digital\04_joe_lcd_20x32\8_main_dig6_20260805-022817.jpg,8,9,0.610079,0.210960,0.000000,0.000000,0.000000,0.000467,0.000120,0.000002,0.000000,0.178371,0.610079,0.000000,6,20260805-022817,test8,30.815
C:\Users\josep\source\repos\AIOTED-digital\04_joe_lcd_20x32\8_main_dig6_20260805-043616.jpg,8,0,0.772703,0.772703,0.000000,0.000000,0.000000,0.000049,0.000037,0.000001,0.000001,0.076304,0.150904,0.000000,6,20260805-043616,test8,33.098
C:\Users\josep\source\repos\AIOTED-digital\04_joe_lcd_20x32\8_main_dig6_20260805-053616.jpg,8,8,0.415638,0.308048,0.000000,0.000000,0.000000,0.000005,0.000000,0.000000,0.000000,0.415638,0.276309,0.000000,6,20260805-053616,test8,30.122
C:\Users\josep\source\repos\AIOTED-digital\04_joe_lcd_20x32\8_main_dig6_20260805-055616.jpg,8,8,0.908436,0.082784,0.000000,0.000000,0.000000,0.000000,0.000000,0.000000,0.000000,0.908436,0.008780,0.000000,6,20260805-055616,test8,26.819
C:\Users\josep\source\repos\AIOTED-digital\04_joe_lcd_20x32\8_main_dig6_20260805-170816.jpg,8,8,1.000000,0.000000,0.000000,0.000000,0.000000,0.000000,0.000000,0.000000,0.000000,1.000000,0.000000,0.000000,6,20260805-170816,test8,72.696
C:\Users\josep\source\repos\AIOTED-digital\04_joe_lcd_20x32\8_main_dig6_20260805-171616.jpg,8,8,1.000000,0.000000,0.000000,0.000000,0.000000,0.000000,0.000000,0.000000,0.000000,1.000000,0.000000,0.000000,6,20260805-171616,test8,62.900
C:\Users\josep\source\repos\AIOTED-digital\04_joe_lcd_20x32\8_main_dig6_20260805-201215.jpg,8,0,0.520224,0.520224,0.000000,0.000000,0.000000,0.000040,0.000001,0.000000,0.000000,0.191065,0.288670,0.000000,6,20260805-201215,test8,26.839
C:\Users\josep\source\repos\AIOTED-digital\04_joe_lcd_20x32\8_main_dig6_20260805-205215.jpg,8,9,0.739500,0.083962,0.000000,0.000000,0.000000,0.000104,0.000003,0.000000,0.000000,0.176431,0.739500,0.000000,6,20260805-205215,test8,29.805
C:\Users\josep\source\repos\AIOTED-digital\04_joe_lcd_20x32\8_main_dig6_20260805-211215.jpg,8,9,0.582963,0.201461,0.000000,0.000000,0.000000,0.000035,0.000001,0.000000,0.000000,0.215540,0.582963,0.000000,6,20260805-211215,test8,28.014
C:\Users\josep\source\repos\AIOTED-digital\04_joe_lcd_20x32\8_main_dig6_20260827-065742.jpg,8,8,1.000000,0.000000,0.000000,0.000000,0.000000,0.000000,0.000000,0.000000,0.000000,1.000000,0.000000,0.000000,6,20260827-065742,kwh,39.655
C:\Users\josep\source\repos\AIOTED-digital\04_joe_lcd_20x32\8_main_dig6_20260827-070941.jpg,8,8,1.000000,0.000000,0.000000,0.000000,0.000000,0.000000,0.000000,0.000000,0.000000,1.000000,0.000000,0.000000,6,20260827-070941,kwh,43.966
C:\Users\josep\source\repos\AIOTED-digital\04_joe_lcd_20x32\8_main_dig6_20260827-071741.jpg,8,8,1.000000,0.000000,0.000000,0.000000,0.000000,0.000000,0.000000,0.000000,0.000000,1.000000,0.000000,0.000000,6,20260827-071741,kwh,48.310
C:\Users\josep\source\repos\AIOTED-digital\04_joe_lcd_20x32\8_main_dig6_20260827-073741.jpg,8,8,1.000000,0.000000,0.000000,0.000000,0.000000,0.000000,0.000000,0.000000,0.000000,1.000000,0.000000,0.000000,6,20260827-073741,kwh,55.778
C:\Users\josep\source\repos\AIOTED-digital\04_joe_lcd_20x32\8_main_dig6_20260827-211740.jpg,8,8,0.996044,0.003773,0.000000,0.000000,0.000000,0.000000,0.000000,0.000172,0.000000,0.996044,0.000011,0.000000,6,20260827-211740,kwh,30.242
C:\Users\josep\source\repos\AIOTED-digital\04_joe_lcd_20x32\8_main_dig6_20260829-002938.jpg,8,8,0.982223,0.013378,0.000000,0.000025,0.000000,0.000001,0.000002,0.004316,0.000000,0.982223,0.000054,0.000000,6,20260829-002938,test8,30.751
C:\Users\josep\source\repos\AIOTED-digital\04_joe_lcd_20x32\8_main_dig6_20260829-102537.jpg,8,8,1.000000,0.000000,0.000000,0.000000,0.000000,0.000000,0.000000,0.000000,0.000000,1.000000,0.000000,0.000000,6,20260829-102537,test8,44.327
C:\Users\josep\source\repos\AIOTED-digital\04_joe_lcd_20x32\8_main_dig6_20260829-103737.jpg,8,8,1.000000,0.000000,0.000000,0.000000,0.000000,0.000000,0.000000,0.000000,0.000000,1.000000,0.000000,0.000000,6,20260829-103737,kwh,45.153
C:\Users\josep\source\repos\AIOTED-digital\04_joe_lcd_20x32\8_main_dig6_20260829-104537.jpg,8,8,1.000000,0.000000,0.000000,0.000000,0.000000,0.000000,0.000000,0.000000,0.000000,1.000000,0.000000,0.000000,6,20260829-104537,kwh,39.127
C:\Users\josep\source\repos\AIOTED-digital\04_joe_lcd_20x32\8_main_dig6_20260829-105737.jpg,8,8,1.000000,0.000000,0.000000,0.000000,0.000000,0.000000,0.000000,0.000000,0.000000,1.000000,0.000000,0.000000,6,20260829-105737,kwh,52.138
C:\Users\josep\source\repos\AIOTED-digital\04_joe_lcd_20x32\8_main_dig6_20260829-193337.jpg,8,8,0.999835,0.000080,0.000000,0.000000,0.000000,0.000000,0.000000,0.000084,0.000000,0.999835,0.000001,0.000000,6,20260829-193337,test8,28.763
C:\Users\josep\source\repos\AIOTED-digital\04_joe_lcd_20x32\8_main_dig6_20260830-082136.jpg,8,8,1.000000,0.000000,0.000000,0.000000,0.000000,0.000000,0.000000,0.000000,0.000000,1.000000,0.000000,0.000000,6,20260830-082136,kwh,83.080
C:\Users\josep\source\repos\AIOTED-digital\04_joe_lcd_20x32\8_main_dig6_20260830-130935.jpg,8,8,1.000000,0.000000,0.000000,0.000000,0.000000,0.000000,0.000000,0.000000,0.000000,1.000000,0.000000,0.000000,6,20260830-130935,kwh,76.794
C:\Users\josep\source\repos\AIOTED-digital\04_joe_lcd_20x32\8_main_dig6_20260831-084534.jpg,8,8,0.999999,0.000001,0.000000,0.000000,0.000000,0.000000,0.000000,0.000000,0.000000,0.999999,0.000000,0.000000,6,20260831-084534,test8,86.374
C:\Users\josep\source\repos\AIOTED-digital\04_joe_lcd_20x32\8_main_dig6_20260831-161333.jpg,8,8,1.000000,0.000000,0.000000,0.000000,0.000000,0.000000,0.000000,0.000000,0.000000,1.000000,0.000000,0.000000,6,20260831-161333,kwh,59.738
C:\Users\josep\source\repos\AIOTED-digital\04_joe_lcd_20x32\8_main_dig6_20260831-193333.jpg,8,8,0.966897,0.026335,0.000000,0.000000,0.000000,0.000009,0.000089,0.001085,0.000000,0.966897,0.005585,0.000000,6,20260831-193333,test8,28.534
C:\Users\josep\source\repos\AIOTED-digital\04_joe_lcd_20x32\8_main_dig6_20260831-200133.jpg,8,8,0.977251,0.019500,0.000000,0.000000,0.000000,0.000002,0.000010,0.000250,0.000000,0.977251,0.002986,0.000000,6,20260831-200133,test8,29.036
C:\Users\josep\source\repos\AIOTED-digital\04_joe_lcd_20x32\8_main_dig6_20260902-042530.jpg,8,0,0.725976,0.725976,0.000001,0.000005,0.000001,0.000108,0.000121,0.000159,0.000013,0.240518,0.033097,0.000000,6,20260902-042530,test8,27.787
C:\Users\josep\source\repos\AIOTED-digital\04_joe_lcd_20x32\8_main_dig6_20260902-165509.jpg,8,8,1.000000,0.000000,0.000000,0.000000,0.000000,0.000000,0.000000,0.000000,0.000000,1.000000,0.000000,0.000000,6,20260902-165509,kwh,52.159
C:\Users\josep\source\repos\AIOTED-digital\04_joe_lcd_20x32\8_main_dig6_20260902-170309.jpg,8,8,1.000000,0.000000,0.000000,0.000000,0.000000,0.000000,0.000000,0.000000,0.000000,1.000000,0.000000,0.000000,6,20260902-170309,kwh,49.077
C:\Users\josep\source\repos\AIOTED-digital\04_joe_lcd_20x32\8_main_dig6_20260902-204309.jpg,8,8,0.898744,0.098800,0.000000,0.000000,0.000000,0.000000,0.000055,0.000635,0.000000,0.898744,0.001765,0.000000,6,20260902-204309,kwh,27.954
C:\Users\josep\source\repos\AIOTED-digital\04_joe_lcd_20x32\8_main_dig6_20260905-063058.jpg,8,8,0.945169,0.002450,0.000000,0.000000,0.000002,0.000008,0.000004,0.000011,0.000000,0.945169,0.052356,0.000000,6,20260905-063058,kwh,25.940
C:\Users\josep\source\repos\AIOTED-digital\04_joe_lcd_20x32\8_main_dig6_20260905-121057.jpg,8,8,1.000000,0.000000,0.000000,0.000000,0.000000,0.000000,0.000000,0.000000,0.000000,1.000000,0.000000,0.000000,6,20260905-121057,test8,80.352
C:\Users\josep\source\repos\AIOTED-digital\04_joe_lcd_20x32\8_main_dig6_20260908-041122.jpg,8,8,0.901614,0.096023,0.000012,0.000047,0.000009,0.000025,0.000004,0.000332,0.000042,0.901614,0.001893,0.000000,6,20260908-041122,test8,26.730
C:\Users\josep\source\repos\AIOTED-digital\04_joe_lcd_20x32\8_main_dig6_20260908-050322.jpg,8,8,0.728020,0.266987,0.000010,0.000013,0.000008,0.000017,0.000018,0.000335,0.000080,0.728020,0.004511,0.000000,6,20260908-050322,test8,26.023
C:\Users\josep\source\repos\AIOTED-digital\04_joe_lcd_20x32\8_main_dig6_20260917-205332.jpg,8,8,0.981684,0.017249,0.000000,0.000000,0.000000,0.000000,0.000001,0.000025,0.000000,0.981684,0.001041,0.000000,6,20260917-205332,kwh,22.087
C:\Users\josep\source\repos\AIOTED-digital\04_joe_lcd_20x32\8_main_dig6_20260917-214532.jpg,8,8,0.986134,0.008162,0.000001,0.000013,0.000010,0.000015,0.000054,0.003985,0.000003,0.986134,0.001623,0.000001,6,20260917-214532,test8,27.560
C:\Users\josep\source\repos\AIOTED-digital\04_joe_lcd_20x32\8_main_dig6_20260917-221332.jpg,8,8,0.955233,0.031864,0.000001,0.000011,0.000005,0.000012,0.000257,0.010710,0.000004,0.955233,0.001904,0.000000,6,20260917-221332,test8,25.784
C:\Users\josep\source\repos\AIOTED-digital\04_joe_lcd_20x32\9_main_dig3_20260917-000933.jpg,9,9,1.000000,0.000000,0.000000,0.000000,0.000000,0.000000,0.000000,0.000000,0.000000,0.000000,1.000000,0.000000,3,20260917-000933,kwh,99.238
C:\Users\josep\source\repos\AIOTED-digital\04_joe_lcd_20x32\9_main_dig3_20260917-072933.jpg,9,9,1.000000,0.000000,0.000000,0.000000,0.000000,0.000000,0.000000,0.000000,0.000000,0.000000,1.000000,0.000000,3,20260917-072933,kwh,96.951
C:\Users\josep\source\repos\AIOTED-digital\04_joe_lcd_20x32\9_main_dig3_20260917-082533.jpg,9,9,1.000000,0.000000,0.000000,0.000000,0.000000,0.000000,0.000000,0.000000,0.000000,0.000000,1.000000,0.000000,3,20260917-082533,kwh,97.238
C:\Users\josep\source\repos\AIOTED-digital\04_joe_lcd_20x32\9_main_dig3_20260917-103733.jpg,9,9,1.000000,0.000000,0.000000,0.000000,0.000000,0.000000,0.000000,0.000000,0.000000,0.000000,1.000000,0.000000,3,20260917-103733,kwh,90.359
C:\Users\josep\source\repos\AIOTED-digital\04_joe_lcd_20x32\9_main_dig3_20260917-112532.jpg,9,9,1.000000,0.000000,0.000000,0.000000,0.000000,0.000000,0.000000,0.000000,0.000000,0.000000,1.000000,0.000000,3,20260917-112532,kwh,86.787
C:\Users\josep\source\repos\AIOTED-digital\04_joe_lcd_20x32\9_main_dig3_20260917-150532.jpg,9,9,1.000000,0.000000,0.000000,0.000000,0.000000,0.000000,0.000000,0.000000,0.000000,0.000000,1.000000,0.000000,3,20260917-150532,kwh,88.547
C:\Users\josep\source\repos\AIOTED-digital\04_joe_lcd_20x32\9_main_dig3_20260917-171332.jpg,9,9,1.000000,0.000000,0.000000,0.000000,0.000000,0.000000,0.000000,0.000000,0.000000,0.000000,1.000000,0.000000,3,20260917-171332,kwh,98.356
C:\Users\josep\source\repos\AIOTED-digital\04_joe_lcd_20x32\9_main_dig3_20260917-183332.jpg,9,9,1.000000,0.000000,0.000000,0.000000,0.000000,0.000000,0.000000,0.000000,0.000000,0.000000,1.000000,0.000000,3,20260917-183332,kwh,101.316
C:\Users\josep\source\repos\AIOTED-digital\04_joe_lcd_20x32\9_main_dig3_20260917-195332.jpg,9,9,1.000000,0.000000,0.000000,0.000000,0.000000,0.000000,0.000000,0.000000,0.000000,0.000000,1.000000,0.000000,3,20260917-195332,kwh,102.466
C:\Users\josep\source\repos\AIOTED-digital\04_joe_lcd_20x32\9_main_dig3_20260917-203332.jpg,9,9,1.000000,0.000000,0.000000,0.000000,0.000000,0.000000,0.000000,0.000000,0.000000,0.000000,1.000000,0.000000,3,20260917-203332,kwh,99.963
C:\Users\josep\source\repos\AIOTED-digital\04_joe_lcd_20x32\9_main_dig3_20260917-212532.jpg,9,9,1.000000,0.000000,0.000000,0.000000,0.000000,0.000000,0.000000,0.000000,0.000000,0.000000,1.000000,0.000000,3,20260917-212532,kwh,104.064
C:\Users\josep\source\repos\AIOTED-digital\04_joe_lcd_20x32\9_main_dig3_20260930-001438.jpg,9,9,1.000000,0.000000,0.000000,0.000000,0.000000,0.000000,0.000000,0.000000,0.000000,0.000000,1.000000,0.000000,3,20260930-001438,kwh,100.605
C:\Users\josep\source\repos\AIOTED-digital\04_joe_lcd_20x32\9_main_dig3_20260930-002638.jpg,9,9,1.000000,0.000000,0.000000,0.000000,0.000000,0.000000,0.000000,0.000000,0.000000,0.000000,1.000000,0.000000,3,20260930-002638,kwh,102.060
C:\Users\josep\source\repos\AIOTED-digital\04_joe_lcd_20x32\9_main_dig3_20260930-015438.jpg,9,9,1.000000,0.000000,0.000000,0.000000,0.000000,0.000000,0.000000,0.000000,0.000000,0.000000,1.000000,0.000000,3,20260930-015438,kwh,101.925
C:\Users\josep\source\repos\AIOTED-digital\04_joe_lcd_20x32\9_main_dig3_20260930-025438.jpg,9,9,1.000000,0.000000,0.000000,0.000000,0.000000,0.000000,0.000000,0.000000,0.000000,0.000000,1.000000,0.000000,3,20260930-025438,kwh,102.883
C:\Users\josep\source\repos\AIOTED-digital\04_joe_lcd_20x32\9_main_dig3_20260930-041438.jpg,9,9,1.000000,0.000000,0.000000,0.000000,0.000000,0.000000,0.000000,0.000000,0.000000,0.000000,1.000000,0.000000,3,20260930-041438,kwh,101.658
C:\Users\josep\source\repos\AIOTED-digital\04_joe_lcd_20x32\9_main_dig3_20260930-084237.jpg,9,9,1.000000,0.000000,0.000000,0.000000,0.000000,0.000000,0.000000,0.000000,0.000000,0.000000,1.000000,0.000000,3,20260930-084237,kwh,95.595
C:\Users\josep\source\repos\AIOTED-digital\04_joe_lcd_20x32\9_main_dig3_20260930-091437.jpg,9,9,1.000000,0.000000,0.000000,0.000000,0.000000,0.000000,0.000000,0.000000,0.000000,0.000000,1.000000,0.000000,3,20260930-091437,kwh,89.107
C:\Users\josep\source\repos\AIOTED-digital\04_joe_lcd_20x32\9_main_dig3_20260930-093037.jpg,9,9,1.000000,0.000000,0.000000,0.000000,0.000000,0.000000,0.000000,0.000000,0.000000,0.000000,1.000000,0.000000,3,20260930-093037,kwh,88.257
C:\Users\josep\source\repos\AIOTED-digital\04_joe_lcd_20x32\9_main_dig3_20260930-093437.jpg,9,9,1.000000,0.000000,0.000000,0.000000,0.000000,0.000000,0.000000,0.000000,0.000000,0.000000,1.000000,0.000000,3,20260930-093437,kwh,89.855
C:\Users\josep\source\repos\AIOTED-digital\04_joe_lcd_20x32\9_main_dig3_20260930-100237.jpg,9,9,1.000000,0.000000,0.000000,0.000000,0.000000,0.000000,0.000000,0.000000,0.000000,0.000000,1.000000,0.000000,3,20260930-100237,kwh,87.377
C:\Users\josep\source\repos\AIOTED-digital\04_joe_lcd_20x32\9_main_dig5_20260829-024938.jpg,9,9,0.999989,0.000000,0.000000,0.000000,0.000000,0.000001,0.000000,0.000000,0.000000,0.000009,0.999989,0.000000,5,20260829-024938,kwh,64.056
C:\Users\josep\source\repos\AIOTED-digital\04_joe_lcd_20x32\9_main_dig5_20260829-050938.jpg,9,9,0.999986,0.000000,0.000000,0.000000,0.000000,0.000001,0.000003,0.000000,0.000000,0.000010,0.999986,0.000000,5,20260829-050938,kwh,64.437
C:\Users\josep\source\repos\AIOTED-digital\04_joe_lcd_20x32\9_main_dig5_20260829-062938.jpg,9,9,0.999969,0.000000,0.000000,0.000000,0.000000,0.000000,0.000000,0.000000,0.000000,0.000031,0.999969,0.000000,5,20260829-062938,kwh,58.996
C:\Users\josep\source\repos\AIOTED-digital\04_joe_lcd_20x32\9_main_dig5_20260829-063738.jpg,9,9,0.999868,0.000000,0.000000,0.000000,0.000000,0.000000,0.000000,0.000000,0.000000,0.000132,0.999868,0.000000,5,20260829-063738,kwh,58.141
C:\Users\josep\source\repos\AIOTED-digital\04_joe_lcd_20x32\9_main_dig5_20260829-081737.jpg,9,9,0.999986,0.000000,0.000000,0.000000,0.000000,0.000000,0.000000,0.000000,0.000000,0.000014,0.999986,0.000000,5,20260829-081737,kwh,57.117
C:\Users\josep\source\repos\AIOTED-digital\04_joe_lcd_20x32\9_main_dig5_20260829-085737.jpg,9,9,1.000000,0.000000,0.000000,0.000000,0.000000,0.000000,0.000000,0.000000,0.000000,0.000000,1.000000,0.000000,5,20260829-085737,kwh,55.124
C:\Users\josep\source\repos\AIOTED-digital\04_joe_lcd_20x32\9_main_dig5_20260829-094537.jpg,9,9,1.000000,0.000000,0.000000,0.000000,0.000000,0.000000,0.000000,0.000000,0.000000,0.000000,1.000000,0.000000,5,20260829-094537,kwh,55.120
C:\Users\josep\source\repos\AIOTED-digital\04_joe_lcd_20x32\9_main_dig5_20260829-095737.jpg,9,9,1.000000,0.000000,0.000000,0.000000,0.000000,0.000000,0.000000,0.000000,0.000000,0.000000,1.000000,0.000000,5,20260829-095737,kwh,55.305
C:\Users\josep\source\repos\AIOTED-digital\04_joe_lcd_20x32\9_main_dig5_20260829-104537.jpg,9,9,0.999956,0.000000,0.000000,0.000000,0.000000,0.000000,0.000000,0.000000,0.000000,0.000044,0.999956,0.000000,5,20260829-104537,kwh,57.394
C:\Users\josep\source\repos\AIOTED-digital\04_joe_lcd_20x32\9_main_dig5_20260829-105737.jpg,9,9,1.000000,0.000000,0.000000,0.000000,0.000000,0.000000,0.000000,0.000000,0.000000,0.000000,1.000000,0.000000,5,20260829-105737,kwh,56.178
C:\Users\josep\source\repos\AIOTED-digital\04_joe_lcd_20x32\9_main_dig5_20260829-110537.jpg,9,9,1.000000,0.000000,0.000000,0.000000,0.000000,0.000000,0.000000,0.000000,0.000000,0.000000,1.000000,0.000000,5,20260829-110537,kwh,56.017
C:\Users\josep\source\repos\AIOTED-digital\04_joe_lcd_20x32\9_main_dig5_20260829-112537.jpg,9,9,1.000000,0.000000,0.000000,0.000000,0.000000,0.000000,0.000000,0.000000,0.000000,0.000000,1.000000,0.000000,5,20260829-112537,kwh,55.160
C:\Users\josep\source\repos\AIOTED-digital\04_joe_lcd_20x32\9_main_dig5_20260829-113737.jpg,9,9,1.000000,0.000000,0.000000,0.000000,0.000000,0.000000,0.000000,0.000000,0.000000,0.000000,1.000000,0.000000,5,20260829-113737,kwh,54.015
C:\Users\josep\source\repos\AIOTED-digital\04_joe_lcd_20x32\9_main_dig5_20260829-114537.jpg,9,9,1.000000,0.000000,0.000000,0.000000,0.000000,0.000000,0.000000,0.000000,0.000000,0.000000,1.000000,0.000000,5,20260829-114537,kwh,55.751
C:\Users\josep\source\repos\AIOTED-digital\04_joe_lcd_20x32\9_main_dig5_20260829-115737.jpg,9,9,1.000000,0.000000,0.000000,0.000000,0.000000,0.000000,0.000000,0.000000,0.000000,0.000000,1.000000,0.000000,5,20260829-115737,kwh,55.131
C:\Users\josep\source\repos\AIOTED-digital\04_joe_lcd_20x32\9_main_dig5_20260831-203333.jpg,9,9,0.999998,0.000000,0.000000,0.000000,0.000000,0.000002,0.000000,0.000000,0.000000,0.000000,0.999998,0.000000,5,20260831-203333,kwh,65.062
C:\Users\josep\source\repos\AIOTED-digital\04_joe_lcd_20x32\9_main_dig5_20260831-204133.jpg,9,9,0.999999,0.000000,0.000000,0.000000,0.000000,0.000000,0.000000,0.000000,0.000000,0.000000,0.999999,0.000000,5,20260831-204133,kwh,66.997
C:\Users\josep\source\repos\AIOTED-digital\04_joe_lcd_20x32\9_main_dig5_20260831-210133.jpg,9,9,0.999998,0.000000,0.000000,0.000000,0.000000,0.000001,0.000000,0.000000,0.000000,0.000000,0.999998,0.000000,5,20260831-210133,kwh,66.962
C:\Users\josep\source\repos\AIOTED-digital\04_joe_lcd_20x32\9_main_dig5_20260831-212133.jpg,9,9,0.999999,0.000000,0.000000,0.000000,0.000000,0.000001,0.000000,0.000000,0.000000,0.000000,0.999999,0.000000,5,20260831-212133,kwh,68.029
C:\Users\josep\source\repos\AIOTED-digital\04_joe_lcd_20x32\9_main_dig5_20260831-214133.jpg,9,9,0.999999,0.000000,0.000000,0.000000,0.000000,0.000001,0.000000,0.000000,0.000000,0.000000,0.999999,0.000000,5,20260831-214133,kwh,67.257
C:\Users\josep\source\repos\AIOTED-digital\04_joe_lcd_20x32\9_main_dig5_20260831-215333.jpg,9,9,0.999992,0.000000,0.000000,0.000000,0.000000,0.000008,0.000000,0.000000,0.000000,0.000000,0.999992,0.000000,5,20260831-215333,kwh,67.890
C:\Users\josep\source\repos\AIOTED-digital\04_joe_lcd_20x32\9_main_dig5_20260831-220133.jpg,9,9,0.999999,0.000000,0.000000,0.000000,0.000000,0.000001,0.000000,0.000000,0.000000,0.000000,0.999999,0.000000,5,20260831-220133,kwh,67.600
C:\Users\josep\source\repos\AIOTED-digital\04_joe_lcd_20x32\9_main_dig5_20260831-223333.jpg,9,9,1.000000,0.000000,0.000000,0.000000,0.000000,0.000000,0.000000,0.000000,0.000000,0.000000,1.000000,0.000000,5,20260831-223333,kwh,67.038
C:\Users\josep\source\repos\AIOTED-digital\04_joe_lcd_20x32\9_main_dig5_20260831-224133.jpg,9,9,0.999999,0.000000,0.000000,0.000000,0.000000,0.000001,0.000000,0.000000,0.000000,0.000000,0.999999,0.000000,5,20260831-224133,kwh,67.032
C:\Users\josep\source\repos\AIOTED-digital\04_joe_lcd_20x32\9_main_dig5_20260831-230133.jpg,9,9,0.999999,0.000000,0.000000,0.000000,0.000000,0.000000,0.000000,0.000000,0.000000,0.000000,0.999999,0.000000,5,20260831-230133,kwh,66.495
C:\Users\josep\source\repos\AIOTED-digital\04_joe_lcd_20x32\9_main_dig5_20260831-232133.jpg,9,9,0.999999,0.000000,0.000000,0.000000,0.000000,0.000001,0.000000,0.000000,0.000000,0.000000,0.999999,0.000000,5,20260831-232133,kwh,67.759
C:\Users\josep\source\repos\AIOTED-digital\04_joe_lcd_20x32\9_main_dig5_20260905-185057.jpg,9,9,0.999976,0.000000,0.000000,0.000000,0.000000,0.000024,0.000000,0.000000,0.000000,0.000000,0.999976,0.000000,5,20260905-185057,kwh,56.394
C:\Users\josep\source\repos\AIOTED-digital\04_joe_lcd_20x32\9_main_dig5_20260905-192657.jpg,9,9,0.999993,0.000000,0.000000,0.000000,0.000000,0.000007,0.000000,0.000000,0.000000,0.000000,0.999993,0.000000,5,20260905-192657,kwh,57.893
C:\Users\josep\source\repos\AIOTED-digital\04_joe_lcd_20x32\9_main_dig5_20260905-193857.jpg,9,9,0.999983,0.000000,0.000000,0.000000,0.000000,0.000017,0.000000,0.000000,0.000000,0.000000,0.999983,0.000000,5,20260905-193857,kwh,59.932
C:\Users\josep\source\repos\AIOTED-digital\04_joe_lcd_20x32\9_main_dig5_20260905-201057.jpg,9,9,0.999981,0.000000,0.000000,0.000000,0.000000,0.000018,0.000001,0.000000,0.000000,0.000000,0.999981,0.000000,5,20260905-201057,kwh,57.950
C:\Users\josep\source\repos\AIOTED-digital\04_joe_lcd_20x32\9_main_dig5_20260905-205857.jpg,9,9,0.999993,0.000000,0.000000,0.000000,0.000000,0.000007,0.000000,0.000000,0.000000,0.000000,0.999993,0.000000,5,20260905-205857,kwh,59.391
C:\Users\josep\source\repos\AIOTED-digital\04_joe_lcd_20x32\9_main_dig5_20260905-213857.jpg,9,9,0.999984,0.000000,0.000000,0.000000,0.000000,0.000014,0.000000,0.000000,0.000000,0.000001,0.999984,0.000000,5,20260905-213857,kwh,58.545
C:\Users\josep\source\repos\AIOTED-digital\04_joe_lcd_20x32\9_main_dig5_20260905-220657.jpg,9,9,0.999963,0.000000,0.000000,0.000000,0.000000,0.000036,0.000000,0.000000,0.000000,0.000001,0.999963,0.000000,5,20260905-220657,kwh,59.123
C:\Users\josep\source\repos\AIOTED-digital\04_joe_lcd_20x32\9_main_dig5_20260905-223857.jpg,9,9,0.999991,0.000000,0.000000,0.000000,0.000000,0.000008,0.000001,0.000000,0.000000,0.000000,0.999991,0.000000,5,20260905-223857,kwh,57.936
C:\Users\josep\source\repos\AIOTED-digital\04_joe_lcd_20x32\9_main_dig5_20260905-234656.jpg,9,9,0.999987,0.000000,0.000000,0.000000,0.000000,0.000013,0.000000,0.000000,0.000000,0.000000,0.999987,0.000000,5,20260905-234656,kwh,58.534
C:\Users\josep\source\repos\AIOTED-digital\04_joe_lcd_20x32\9_main_dig5_20260905-235857.jpg,9,9,0.999958,0.000000,0.000000,0.000000,0.000000,0.000041,0.000001,0.000000,0.000000,0.000000,0.999958,0.000000,5,20260905-235857,kwh,57.975
C:\Users\josep\source\repos\AIOTED-digital\04_joe_lcd_20x32\9_main_dig5_20260908-194721.jpg,9,9,0.999882,0.000000,0.000000,0.000000,0.000000,0.000114,0.000000,0.000000,0.000000,0.000003,0.999882,0.000000,5,20260908-194721,kwh,58.376
C:\Users\josep\source\repos\AIOTED-digital\04_joe_lcd_20x32\9_main_dig5_20260908-195921.jpg,9,9,0.999971,0.000000,0.000000,0.000000,0.000000,0.000028,0.000000,0.000000,0.000000,0.000001,0.999971,0.000000,5,20260908-195921,kwh,59.334
C:\Users\josep\source\repos\AIOTED-digital\04_joe_lcd_20x32\9_main_dig5_20260908-201921.jpg,9,9,0.999983,0.000000,0.000000,0.000000,0.000000,0.000017,0.000000,0.000000,0.000000,0.000000,0.999983,0.000000,5,20260908-201921,kwh,60.104
C:\Users\josep\source\repos\AIOTED-digital\04_joe_lcd_20x32\9_main_dig5_20260908-213921.jpg,9,9,0.999983,0.000000,0.000000,0.000000,0.000000,0.000016,0.000000,0.000000,0.000000,0.000001,0.999983,0.000000,5,20260908-213921,kwh,60.166
C:\Users\josep\source\repos\AIOTED-digital\04_joe_lcd_20x32\9_main_dig5_20260908-231921.jpg,9,9,0.999988,0.000000,0.000000,0.000000,0.000000,0.000011,0.000000,0.000000,0.000000,0.000000,0.999988,0.000000,5,20260908-231921,kwh,62.103
C:\Users\josep\source\repos\AIOTED-digital\04_joe_lcd_20x32\9_main_dig6_20260805-050816.jpg,9,9,0.998768,0.000186,0.000000,0.000000,0.000000,0.000003,0.000001,0.000000,0.000000,0.001043,0.998768,0.000000,6,20260805-050816,kwh,29.415
C:\Users\josep\source\repos\AIOTED-digital\04_joe_lcd_20x32\9_main_dig6_20260805-052016.jpg,9,9,0.999426,0.000152,0.000000,0.000000,0.000000,0.000007,0.000004,0.000000,0.000000,0.000410,0.999426,0.000000,6,20260805-052016,kwh,29.890
C:\Users\josep\source\repos\AIOTED-digital\04_joe_lcd_20x32\9_main_dig6_20260805-052816.jpg,9,9,0.996284,0.001480,0.000000,0.000000,0.000000,0.000011,0.000003,0.000000,0.000000,0.002222,0.996284,0.000000,6,20260805-052816,kwh,30.763
C:\Users\josep\source\repos\AIOTED-digital\04_joe_lcd_20x32\9_main_dig6_20260805-054016.jpg,9,9,0.998609,0.000158,0.000000,0.000000,0.000000,0.000014,0.000004,0.000000,0.000000,0.001215,0.998609,0.000000,6,20260805-054016,kwh,30.987
C:\Users\josep\source\repos\AIOTED-digital\04_joe_lcd_20x32\9_main_dig6_20260805-054416.jpg,9,9,0.998223,0.000104,0.000000,0.000000,0.000000,0.000038,0.000000,0.000000,0.000000,0.001635,0.998223,0.000000,6,20260805-054416,kwh,30.126
C:\Users\josep\source\repos\AIOTED-digital\04_joe_lcd_20x32\9_main_dig6_20260805-054816.jpg,9,9,0.997276,0.000260,0.000000,0.000000,0.000000,0.000004,0.000000,0.000000,0.000000,0.002459,0.997276,0.000000,6,20260805-054816,kwh,29.780
C:\Users\josep\source\repos\AIOTED-digital\04_joe_lcd_20x32\9_main_dig6_20260805-062416.jpg,9,9,0.999925,0.000000,0.000000,0.000000,0.000000,0.000000,0.000000,0.000000,0.000000,0.000075,0.999925,0.000000,6,20260805-062416,blank09,27.730
C:\Users\josep\source\repos\AIOTED-digital\04_joe_lcd_20x32\9_main_dig6_20260805-064416.jpg,9,9,1.000000,0.000000,0.000000,0.000000,0.000000,0.000000,0.000000,0.000000,0.000000,0.000000,1.000000,0.000000,6,20260805-064416,kwh,36.730
C:\Users\josep\source\repos\AIOTED-digital\04_joe_lcd_20x32\9_main_dig6_20260805-070416.jpg,9,9,0.999984,0.000000,0.000000,0.000000,0.000000,0.000000,0.000000,0.000000,0.000000,0.000016,0.999984,0.000000,6,20260805-070416,kwh,29.627
C:\Users\josep\source\repos\AIOTED-digital\04_joe_lcd_20x32\9_main_dig6_20260805-082416.jpg,9,9,1.000000,0.000000,0.000000,0.000000,0.000000,0.000000,0.000000,0.000000,0.000000,0.000000,1.000000,0.000000,6,20260805-082416,kwh,39.976
C:\Users\josep\source\repos\AIOTED-digital\04_joe_lcd_20x32\9_main_dig6_20260805-115616.jpg,9,9,1.000000,0.000000,0.000000,0.000000,0.000000,0.000000,0.000000,0.000000,0.000000,0.000000,1.000000,0.000000,6,20260805-115616,kwh,66.934
C:\Users\josep\source\repos\AIOTED-digital\04_joe_lcd_20x32\9_main_dig6_20260805-133216.jpg,9,9,1.000000,0.000000,0.000000,0.000000,0.000000,0.000000,0.000000,0.000000,0.000000,0.000000,1.000000,0.000000,6,20260805-133216,kwh,62.327
C:\Users\josep\source\repos\AIOTED-digital\04_joe_lcd_20x32\9_main_dig6_20260805-172816.jpg,9,9,0.999999,0.000000,0.000000,0.000000,0.000000,0.000000,0.000000,0.000000,0.000000,0.000001,0.999999,0.000000,6,20260805-172816,kwh,62.340
C:\Users\josep\source\repos\AIOTED-digital\04_joe_lcd_20x32\9_main_dig6_20260805-173616.jpg,9,9,1.000000,0.000000,0.000000,0.000000,0.000000,0.000000,0.000000,0.000000,0.000000,0.000000,1.000000,0.000000,6,20260805-173616,kwh,56.205
C:\Users\josep\source\repos\AIOTED-digital\04_joe_lcd_20x32\9_main_dig6_20260902-212309.jpg,9,9,0.982067,0.000956,0.000000,0.000000,0.000000,0.000381,0.001523,0.000002,0.000000,0.015071,0.982067,0.000000,6,20260902-212309,kwh,28.732
C:\Users\josep\source\repos\AIOTED-digital\04_joe_lcd_20x32\9_main_dig6_20260902-214309.jpg,9,9,0.940573,0.005987,0.000000,0.000003,0.000011,0.009568,0.015745,0.000103,0.000003,0.028007,0.940573,0.000000,6,20260902-214309,kwh,29.729
C:\Users\josep\source\repos\AIOTED-digital\04_joe_lcd_20x32\9_main_dig6_20260905-062658.jpg,9,9,0.948214,0.000191,0.000000,0.000000,0.000014,0.000096,0.000035,0.000001,0.000000,0.051449,0.948214,0.000000,6,20260905-062658,kwh,25.723
C:\Users\josep\source\repos\AIOTED-digital\04_joe_lcd_20x32\9_main_dig6_20260908-054322.jpg,9,8,0.528480,0.022543,0.000000,0.000000,0.000003,0.000009,0.000002,0.000000,0.000006,0.528480,0.448957,0.000000,6,20260908-054322,kwh,25.314
C:\Users\josep\source\repos\AIOTED-digital\04_joe_lcd_20x32\9_main_dig6_20260908-080722.jpg,9,9,0.999983,0.000000,0.000000,0.000000,0.000000,0.000002,0.000000,0.000000,0.000000,0.000015,0.999983,0.000000,6,20260908-080722,kwh,28.465
C:\Users\josep\source\repos\AIOTED-digital\04_joe_lcd_20x32\9_main_dig6_20260908-163521.jpg,9,9,0.994080,0.000000,0.000000,0.000000,0.000000,0.000000,0.000000,0.000000,0.000000,0.005919,0.994080,0.000000,6,20260908-163521,kwh,50.813
C:\Users\josep\source\repos\AIOTED-digital\04_joe_lcd_20x32\9_main_dig6_20260917-004933.jpg,9,8,0.470132,0.020819,0.000006,0.000004,0.000153,0.004382,0.122443,0.026010,0.000038,0.470132,0.356005,0.000007,6,20260917-004933,kwh,26.506
C:\Users\josep\source\repos\AIOTED-digital\04_joe_lcd_20x32\9_main_dig6_20260917-084133.jpg,9,9,0.726523,0.000002,0.000000,0.000000,0.000000,0.000002,0.000000,0.000000,0.000000,0.273473,0.726523,0.000000,6,20260917-084133,kwh,24.504
C:\Users\josep\source\repos\AIOTED-digital\04_joe_lcd_20x32\9_main_dig6_20260917-132132.jpg,9,8,0.721418,0.000000,0.000000,0.000000,0.000001,0.000000,0.000000,0.000000,0.000000,0.721418,0.278581,0.000000,6,20260917-132132,kwh,68.946
C:\Users\josep\source\repos\AIOTED-digital\04_joe_lcd_20x32\9_main_dig6_20260917-225331.jpg,9,9,0.530038,0.033390,0.000006,0.000013,0.000243,0.005150,0.006434,0.001193,0.000110,0.423419,0.530038,0.000003,6,20260917-225331,kwh,26.556
C:\Users\josep\source\repos\AIOTED-digital\04_joe_lcd_20x32\N_main_dig2_20260805-001617.jpg,N,N,1.000000,0.000000,0.000000,0.000000,0.000000,0.000000,0.000000,0.000000,0.000000,0.000000,0.000000,1.000000,2,20260805-001617,blank09,116.224
C:\Users\josep\source\repos\AIOTED-digital\04_joe_lcd_20x32\N_main_dig2_20260805-021617.jpg,N,N,1.000000,0.000000,0.000000,0.000000,0.000000,0.000000,0.000000,0.000000,0.000000,0.000000,0.000000,1.000000,2,20260805-021617,blank09,116.648
C:\Users\josep\source\repos\AIOTED-digital\04_joe_lcd_20x32\N_main_dig2_20260805-062416.jpg,N,N,1.000000,0.000000,0.000000,0.000000,0.000000,0.000000,0.000000,0.000000,0.000000,0.000000,0.000000,1.000000,2,20260805-062416,blank09,106.435
C:\Users\josep\source\repos\AIOTED-digital\04_joe_lcd_20x32\N_main_dig2_20260805-094416.jpg,N,N,1.000000,0.000000,0.000000,0.000000,0.000000,0.000000,0.000000,0.000000,0.000000,0.000000,0.000000,1.000000,2,20260805-094416,blank09,53.008
C:\Users\josep\source\repos\AIOTED-digital\04_joe_lcd_20x32\N_main_dig2_20260805-222015.jpg,N,N,1.000000,0.000000,0.000000,0.000000,0.000000,0.000000,0.000000,0.000000,0.000000,0.000000,0.000000,1.000000,2,20260805-222015,blank09,117.905
C:\Users\josep\source\repos\AIOTED-digital\04_joe_lcd_20x32\N_main_dig2_20260827-063342.jpg,N,N,1.000000,0.000000,0.000000,0.000000,0.000000,0.000000,0.000000,0.000000,0.000000,0.000000,0.000000,1.000000,2,20260827-063342,blank09,92.748
C:\Users\josep\source\repos\AIOTED-digital\04_joe_lcd_20x32\N_main_dig2_20260827-170141.jpg,N,N,1.000000,0.000000,0.000000,0.000000,0.000000,0.000000,0.000000,0.000000,0.000000,0.000000,0.000000,1.000000,2,20260827-170141,blank09,72.414
C:\Users\josep\source\repos\AIOTED-digital\04_joe_lcd_20x32\N_main_dig2_20260829-120137.jpg,N,N,1.000000,0.000000,0.000000,0.000000,0.000000,0.000000,0.000000,0.000000,0.000000,0.000000,0.000000,1.000000,2,20260829-120137,blank09,71.716
C:\Users\josep\source\repos\AIOTED-digital\04_joe_lcd_20x32\N_main_dig2_20260829-160937.jpg,N,N,1.000000,0.000000,0.000000,0.000000,0.000000,0.000000,0.000000,0.000000,0.000000,0.000000,0.000000,1.000000,2,20260829-160937,blank09,92.262
C:\Users\josep\source\repos\AIOTED-digital\04_joe_lcd_20x32\N_main_dig2_20260830-023736.jpg,N,N,1.000000,0.000000,0.000000,0.000000,0.000000,0.000000,0.000000,0.000000,0.000000,0.000000,0.000000,1.000000,2,20260830-023736,blank09,97.990
C:\Users\josep\source\repos\AIOTED-digital\04_joe_lcd_20x32\N_main_dig2_20260830-183335.jpg,N,N,1.000000,0.000000,0.000000,0.000000,0.000000,0.000000,0.000000,0.000000,0.000000,0.000000,0.000000,1.000000,2,20260830-183335,blank09,88.644
C:\Users\josep\source\repos\AIOTED-digital\04_joe_lcd_20x32\N_main_dig2_20260831-030134.jpg,N,N,1.000000,0.000000,0.000000,0.000000,0.000000,0.000000,0.000000,0.000000,0.000000,0.000000,0.000000,1.000000,2,20260831-030134,blank09,95.435
C:\Users\josep\source\repos\AIOTED-digital\04_joe_lcd_20x32\N_main_dig2_20260831-102934.jpg,N,N,1.000000,0.000000,0.000000,0.000000,0.000000,0.000000,0.000000,0.000000,0.000000,0.000000,0.000000,1.000000,2,20260831-102934,blank09,50.291
C:\Users\josep\source\repos\AIOTED-digital\04_joe_lcd_20x32\N_main_dig2_20260902-161909.jpg,N,N,0.999997,0.000000,0.000000,0.000000,0.000000,0.000000,0.000003,0.000000,0.000000,0.000000,0.000000,0.999997,2,20260902-161909,blank09,73.852
C:\Users\josep\source\repos\AIOTED-digital\04_joe_lcd_20x32\N_main_dig2_20260902-185909.jpg,N,N,0.999999,0.000000,0.000000,0.000000,0.000000,0.000000,0.000001,0.000000,0.000000,0.000000,0.000000,0.999999,2,20260902-185909,blank09,91.018
C:\Users\josep\source\repos\AIOTED-digital\04_joe_lcd_20x32\N_main_dig2_20260905-092658.jpg,N,N,1.000000,0.000000,0.000000,0.000000,0.000000,0.000000,0.000000,0.000000,0.000000,0.000000,0.000000,1.000000,2,20260905-092658,blank09,79.171
C:\Users\josep\source\repos\AIOTED-digital\04_joe_lcd_20x32\N_main_dig2_20260905-133457.jpg,N,N,1.000000,0.000000,0.000000,0.000000,0.000000,0.000000,0.000000,0.000000,0.000000,0.000000,0.000000,1.000000,2,20260905-133457,blank09,66.878
C:\Users\josep\source\repos\AIOTED-digital\04_joe_lcd_20x32\N_main_dig2_20260905-220257.jpg,N,N,1.000000,0.000000,0.000000,0.000000,0.000000,0.000000,0.000000,0.000000,0.000000,0.000000,0.000000,1.000000,2,20260905-220257,blank09,101.429
C:\Users\josep\source\repos\AIOTED-digital\04_joe_lcd_20x32\N_main_dig2_20260908-074722.jpg,N,N,1.000000,0.000000,0.000000,0.000000,0.000000,0.000000,0.000000,0.000000,0.000000,0.000000,0.000000,1.000000,2,20260908-074722,blank09,91.879
C:\Users\josep\source\repos\AIOTED-digital\04_joe_lcd_20x32\N_main_dig2_20260908-172321.jpg,N,N,0.999704,0.000000,0.000000,0.000000,0.000000,0.000000,0.000000,0.000000,0.000000,0.000295,0.000000,0.999704,2,20260908-172321,blank09,80.202
C:\Users\josep\source\repos\AIOTED-digital\04_joe_lcd_20x32\N_main_dig2_20260917-124132.jpg,N,N,1.000000,0.000000,0.000000,0.000000,0.000000,0.000000,0.000000,0.000000,0.000000,0.000000,0.000000,1.000000,2,20260917-124132,blank09,74.184
C:\Users\josep\source\repos\AIOTED-digital\04_joe_lcd_20x32\N_main_dig2_20260917-180932.jpg,N,N,1.000000,0.000000,0.000000,0.000000,0.000000,0.000000,0.000000,0.000000,0.000000,0.000000,0.000000,1.000000,2,20260917-180932,blank09,95.457
C:\Users\josep\source\repos\AIOTED-digital\04_joe_lcd_20x32\N_main_dig2_20260930-075837.jpg,N,N,0.999672,0.000000,0.000000,0.000000,0.000000,0.000000,0.000000,0.000000,0.000000,0.000328,0.000000,0.999672,2,20260930-075837,blank09,83.860
C:\Users\josep\source\repos\AIOTED-digital\04_joe_lcd_20x32\N_main_dig3_20260805-001617.jpg,N,N,0.999993,0.000000,0.000000,0.000000,0.000000,0.000000,0.000000,0.000000,0.000007,0.000000,0.000000,0.999993,3,20260805-001617,blank09,127.922
C:\Users\josep\source\repos\AIOTED-digital\04_joe_lcd_20x32\N_main_dig3_20260805-094416.jpg,N,N,1.000000,0.000000,0.000000,0.000000,0.000000,0.000000,0.000000,0.000000,0.000000,0.000000,0.000000,1.000000,3,20260805-094416,blank09,64.869
C:\Users\josep\source\repos\AIOTED-digital\04_joe_lcd_20x32\N_main_dig3_20260805-222015.jpg,N,N,0.999988,0.000000,0.000000,0.000000,0.000000,0.000000,0.000003,0.000000,0.000007,0.000000,0.000001,0.999988,3,20260805-222015,blank09,130.181
C:\Users\josep\source\repos\AIOTED-digital\04_joe_lcd_20x32\N_main_dig3_20260827-014542.jpg,N,N,0.999787,0.000000,0.000000,0.000000,0.000000,0.000000,0.000212,0.000000,0.000000,0.000000,0.000000,0.999787,3,20260827-014542,blank09,91.229
C:\Users\josep\source\repos\AIOTED-digital\04_joe_lcd_20x32\N_main_dig3_20260827-071341.jpg,N,N,1.000000,0.000000,0.000000,0.000000,0.000000,0.000000,0.000000,0.000000,0.000000,0.000000,0.000000,1.000000,3,20260827-071341,blank09,84.256
C:\Users\josep\source\repos\AIOTED-digital\04_joe_lcd_20x32\N_main_dig3_20260827-091340.jpg,N,N,1.000000,0.000000,0.000000,0.000000,0.000000,0.000000,0.000000,0.000000,0.000000,0.000000,0.000000,1.000000,3,20260827-091340,blank09,60.748
C:\Users\josep\source\repos\AIOTED-digital\04_joe_lcd_20x32\N_main_dig3_20260829-031338.jpg,N,N,0.999995,0.000000,0.000000,0.000000,0.000000,0.000000,0.000005,0.000000,0.000000,0.000000,0.000000,0.999995,3,20260829-031338,blank09,91.929
C:\Users\josep\source\repos\AIOTED-digital\04_joe_lcd_20x32\N_main_dig3_20260829-120137.jpg,N,N,1.000000,0.000000,0.000000,0.000000,0.000000,0.000000,0.000000,0.000000,0.000000,0.000000,0.000000,1.000000,3,20260829-120137,blank09,76.360
C:\Users\josep\source\repos\AIOTED-digital\04_joe_lcd_20x32\N_main_dig3_20260829-160937.jpg,N,N,0.999995,0.000000,0.000000,0.000000,0.000000,0.000000,0.000005,0.000000,0.000000,0.000000,0.000000,0.999995,3,20260829-160937,blank09,92.389
C:\Users\josep\source\repos\AIOTED-digital\04_joe_lcd_20x32\N_main_dig3_20260830-104536.jpg,N,N,1.000000,0.000000,0.000000,0.000000,0.000000,0.000000,0.000000,0.000000,0.000000,0.000000,0.000000,1.000000,3,20260830-104536,blank09,52.945
C:\Users\josep\source\repos\AIOTED-digital\04_joe_lcd_20x32\N_main_dig3_20260830-185335.jpg,N,N,1.000000,0.000000,0.000000,0.000000,0.000000,0.000000,0.000000,0.000000,0.000000,0.000000,0.000000,1.000000,3,20260830-185335,blank09,91.590
C:\Users\josep\source\repos\AIOTED-digital\04_joe_lcd_20x32\N_main_dig3_20260831-092934.jpg,N,N,1.000000,0.000000,0.000000,0.000000,0.000000,0.000000,0.000000,0.000000,0.000000,0.000000,0.000000,1.000000,3,20260831-092934,blank09,64.414
C:\Users\josep\source\repos\AIOTED-digital\04_joe_lcd_20x32\N_main_dig3_20260831-183733.jpg,N,N,1.000000,0.000000,0.000000,0.000000,0.000000,0.000000,0.000000,0.000000,0.000000,0.000000,0.000000,1.000000,3,20260831-183733,blank09,92.905
C:\Users\josep\source\repos\AIOTED-digital\04_joe_lcd_20x32\N_main_dig3_20260902-171909.jpg,N,N,1.000000,0.000000,0.000000,0.000000,0.000000,0.000000,0.000000,0.000000,0.000000,0.000000,0.000000,1.000000,3,20260902-171909,blank09,90.860
C:\Users\josep\source\repos\AIOTED-digital\04_joe_lcd_20x32\N_main_dig3_20260902-191909.jpg,N,N,0.999993,0.000000,0.000000,0.000000,0.000000,0.000000,0.000007,0.000000,0.000000,0.000000,0.000000,0.999993,3,20260902-191909,blank09,98.299
C:\Users\josep\source\repos\AIOTED-digital\04_joe_lcd_20x32\N_main_dig3_20260905-080658.jpg,N,N,1.000000,0.000000,0.000000,0.000000,0.000000,0.000000,0.000000,0.000000,0.000000,0.000000,0.000000,1.000000,3,20260905-080658,blank09,85.171
C:\Users\josep\source\repos\AIOTED-digital\04_joe_lcd_20x32\N_main_dig3_20260905-094657.jpg,N,N,1.000000,0.000000,0.000000,0.000000,0.000000,0.000000,0.000000,0.000000,0.000000,0.000000,0.000000,1.000000,3,20260905-094657,blank09,78.500
C:\Users\josep\source\repos\AIOTED-digital\04_joe_lcd_20x32\N_main_dig3_20260905-230257.jpg,N,N,1.000000,0.000000,0.000000,0.000000,0.000000,0.000000,0.000000,0.000000,0.000000,0.000000,0.000000,1.000000,3,20260905-230257,blank09,106.956
C:\Users\josep\source\repos\AIOTED-digital\04_joe_lcd_20x32\N_main_dig3_20260908-141521.jpg,N,N,1.000000,0.000000,0.000000,0.000000,0.000000,0.000000,0.000000,0.000000,0.000000,0.000000,0.000000,1.000000,3,20260908-141521,blank09,77.146
C:\Users\josep\source\repos\AIOTED-digital\04_joe_lcd_20x32\N_main_dig3_20260908-202321.jpg,N,N,1.000000,0.000000,0.000000,0.000000,0.000000,0.000000,0.000000,0.000000,0.000000,0.000000,0.000000,1.000000,3,20260908-202321,blank09,99.531
C:\Users\josep\source\repos\AIOTED-digital\04_joe_lcd_20x32\N_main_dig3_20260917-102133.jpg,N,N,1.000000,0.000000,0.000000,0.000000,0.000000,0.000000,0.000000,0.000000,0.000000,0.000000,0.000000,1.000000,3,20260917-102133,blank09,81.896
C:\Users\josep\source\repos\AIOTED-digital\04_joe_lcd_20x32\N_main_dig3_20260917-104133.jpg,N,N,1.000000,0.000000,0.000000,0.000000,0.000000,0.000000,0.000000,0.000000,0.000000,0.000000,0.000000,1.000000,3,20260917-104133,blank09,72.845
C:\Users\josep\source\repos\AIOTED-digital\04_joe_lcd_20x32\N_main_dig3_20260917-212932.jpg,N,N,1.000000,0.000000,0.000000,0.000000,0.000000,0.000000,0.000000,0.000000,0.000000,0.000000,0.000000,1.000000,3,20260917-212932,blank09,92.009
C:\Users\josep\source\repos\AIOTED-digital\04_joe_lcd_20x32\N_main_dig3_20260930-071837.jpg,N,N,1.000000,0.000000,0.000000,0.000000,0.000000,0.000000,0.000000,0.000000,0.000000,0.000000,0.000000,1.000000,3,20260930-071837,blank09,92.085
C:\Users\josep\source\repos\AIOTED-digital\04_joe_lcd_20x32\N_main_dig4_20260805-021617.jpg,N,N,1.000000,0.000000,0.000000,0.000000,0.000000,0.000000,0.000000,0.000000,0.000000,0.000000,0.000000,1.000000,4,20260805-021617,blank09,69.095
C:\Users\josep\source\repos\AIOTED-digital\04_joe_lcd_20x32\N_main_dig4_20260805-062416.jpg,N,N,1.000000,0.000000,0.000000,0.000000,0.000000,0.000000,0.000000,0.000000,0.000000,0.000000,0.000000,1.000000,4,20260805-062416,blank09,63.365
C:\Users\josep\source\repos\AIOTED-digital\04_joe_lcd_20x32\N_main_dig4_20260805-094416.jpg,N,N,1.000000,0.000000,0.000000,0.000000,0.000000,0.000000,0.000000,0.000000,0.000000,0.000000,0.000000,1.000000,4,20260805-094416,blank09,43.154
C:\Users\josep\source\repos\AIOTED-digital\04_joe_lcd_20x32\N_main_dig4_20260805-222015.jpg,N,N,1.000000,0.000000,0.000000,0.000000,0.000000,0.000000,0.000000,0.000000,0.000000,0.000000,0.000000,1.000000,4,20260805-222015,blank09,71.150
C:\Users\josep\source\repos\AIOTED-digital\04_joe_lcd_20x32\N_main_dig4_20260827-091340.jpg,N,N,1.000000,0.000000,0.000000,0.000000,0.000000,0.000000,0.000000,0.000000,0.000000,0.000000,0.000000,1.000000,4,20260827-091340,blank09,48.680
C:\Users\josep\source\repos\AIOTED-digital\04_joe_lcd_20x32\N_main_dig4_20260827-192141.jpg,N,N,1.000000,0.000000,0.000000,0.000000,0.000000,0.000000,0.000000,0.000000,0.000000,0.000000,0.000000,1.000000,4,20260827-192141,blank09,52.691
C:\Users\josep\source\repos\AIOTED-digital\04_joe_lcd_20x32\N_main_dig4_20260829-051338.jpg,N,N,1.000000,0.000000,0.000000,0.000000,0.000000,0.000000,0.000000,0.000000,0.000000,0.000000,0.000000,1.000000,4,20260829-051338,blank09,54.702
C:\Users\josep\source\repos\AIOTED-digital\04_joe_lcd_20x32\N_main_dig4_20260829-120137.jpg,N,N,1.000000,0.000000,0.000000,0.000000,0.000000,0.000000,0.000000,0.000000,0.000000,0.000000,0.000000,1.000000,4,20260829-120137,blank09,49.772
C:\Users\josep\source\repos\AIOTED-digital\04_joe_lcd_20x32\N_main_dig4_20260829-162937.jpg,N,N,1.000000,0.000000,0.000000,0.000000,0.000000,0.000000,0.000000,0.000000,0.000000,0.000000,0.000000,1.000000,4,20260829-162937,blank09,52.690
C:\Users\josep\source\repos\AIOTED-digital\04_joe_lcd_20x32\N_main_dig4_20260830-104536.jpg,N,N,1.000000,0.000000,0.000000,0.000000,0.000000,0.000000,0.000000,0.000000,0.000000,0.000000,0.000000,1.000000,4,20260830-104536,blank09,47.770
C:\Users\josep\source\repos\AIOTED-digital\04_joe_lcd_20x32\N_main_dig4_20260830-175335.jpg,N,N,1.000000,0.000000,0.000000,0.000000,0.000000,0.000000,0.000000,0.000000,0.000000,0.000000,0.000000,1.000000,4,20260830-175335,blank09,49.971
C:\Users\josep\source\repos\AIOTED-digital\04_joe_lcd_20x32\N_main_dig4_20260831-054134.jpg,N,N,1.000000,0.000000,0.000000,0.000000,0.000000,0.000000,0.000000,0.000000,0.000000,0.000000,0.000000,1.000000,4,20260831-054134,blank09,56.701
C:\Users\josep\source\repos\AIOTED-digital\04_joe_lcd_20x32\N_main_dig4_20260831-100934.jpg,N,N,1.000000,0.000000,0.000000,0.000000,0.000000,0.000000,0.000000,0.000000,0.000000,0.000000,0.000000,1.000000,4,20260831-100934,blank09,50.075
C:\Users\josep\source\repos\AIOTED-digital\04_joe_lcd_20x32\N_main_dig4_20260831-183733.jpg,N,N,1.000000,0.000000,0.000000,0.000000,0.000000,0.000000,0.000000,0.000000,0.000000,0.000000,0.000000,1.000000,4,20260831-183733,blank09,53.822
C:\Users\josep\source\repos\AIOTED-digital\04_joe_lcd_20x32\N_main_dig4_20260902-044931.jpg,N,N,1.000000,0.000000,0.000000,0.000000,0.000000,0.000000,0.000000,0.000000,0.000000,0.000000,0.000000,1.000000,4,20260902-044931,blank09,58.478
C:\Users\josep\source\repos\AIOTED-digital\04_joe_lcd_20x32\N_main_dig4_20260902-071110.jpg,N,N,1.000000,0.000000,0.000000,0.000000,0.000000,0.000000,0.000000,0.000000,0.000000,0.000000,0.000000,1.000000,4,20260902-071110,blank09,59.233
C:\Users\josep\source\repos\AIOTED-digital\04_joe_lcd_20x32\N_main_dig4_20260902-125909.jpg,N,N,1.000000,0.000000,0.000000,0.000000,0.000000,0.000000,0.000000,0.000000,0.000000,0.000000,0.000000,1.000000,4,20260902-125909,blank09,59.762
C:\Users\josep\source\repos\AIOTED-digital\04_joe_lcd_20x32\N_main_dig4_20260905-133457.jpg,N,N,1.000000,0.000000,0.000000,0.000000,0.000000,0.000000,0.000000,0.000000,0.000000,0.000000,0.000000,1.000000,4,20260905-133457,blank09,70.144
C:\Users\josep\source\repos\AIOTED-digital\04_joe_lcd_20x32\N_main_dig4_20260905-173457.jpg,N,N,1.000000,0.000000,0.000000,0.000000,0.000000,0.000000,0.000000,0.000000,0.000000,0.000000,0.000000,1.000000,4,20260905-173457,blank09,48.996
C:\Users\josep\source\repos\AIOTED-digital\04_joe_lcd_20x32\N_main_dig4_20260905-222257.jpg,N,N,1.000000,0.000000,0.000000,0.000000,0.000000,0.000000,0.000000,0.000000,0.000000,0.000000,0.000000,1.000000,4,20260905-222257,blank09,49.965
C:\Users\josep\source\repos\AIOTED-digital\04_joe_lcd_20x32\N_main_dig4_20260908-082722.jpg,N,N,1.000000,0.000000,0.000000,0.000000,0.000000,0.000000,0.000000,0.000000,0.000000,0.000000,0.000000,1.000000,4,20260908-082722,blank09,49.164
C:\Users\josep\source\repos\AIOTED-digital\04_joe_lcd_20x32\N_main_dig4_20260908-165521.jpg,N,N,1.000000,0.000000,0.000000,0.000000,0.000000,0.000000,0.000000,0.000000,0.000000,0.000000,0.000000,1.000000,4,20260908-165521,blank09,47.786
C:\Users\josep\source\repos\AIOTED-digital\04_joe_lcd_20x32\N_main_dig4_20260908-230321.jpg,N,N,1.000000,0.000000,0.000000,0.000000,0.000000,0.000000,0.000000,0.000000,0.000000,0.000000,0.000000,1.000000,4,20260908-230321,blank09,52.292
C:\Users\josep\source\repos\AIOTED-digital\04_joe_lcd_20x32\N_main_dig4_20260917-090133.jpg,N,N,1.000000,0.000000,0.000000,0.000000,0.000000,0.000000,0.000000,0.000000,0.000000,0.000000,0.000000,1.000000,4,20260917-090133,blank09,47.918
C:\Users\josep\source\repos\AIOTED-digital\04_joe_lcd_20x32\N_main_dig4_20260917-112132.jpg,N,N,1.000000,0.000000,0.000000,0.000000,0.000000,0.000000,0.000000,0.000000,0.000000,0.000000,0.000000,1.000000,4,20260917-112132,blank09,51.502
C:\Users\josep\source\repos\AIOTED-digital\04_joe_lcd_20x32\N_main_dig4_20260917-194932.jpg,N,N,1.000000,0.000000,0.000000,0.000000,0.000000,0.000000,0.000000,0.000000,0.000000,0.000000,0.000000,1.000000,4,20260917-194932,blank09,51.806
C:\Users\josep\source\repos\AIOTED-digital\04_joe_lcd_20x32\N_main_dig4_20260930-075837.jpg,N,N,0.998738,0.000000,0.000000,0.000002,0.000521,0.000001,0.000000,0.000000,0.000000,0.000721,0.000017,0.998738,4,20260930-075837,blank09,49.139
