path,label,pred,conf,p0,p1,p2,p3,p4,p5,p6,p7,p8,p9,pN,position,frame,screen,contrast
C:\Users\josep\source\repos\AIOTED-digital\04_joe_lcd_20x32\0_main_dig2_20260731-090855.jpg,0,0,1.000000,1.000000,0.000000,0.000000,0.000000,0.000000,0.000000,0.000000,0.000000,0.000000,0.000000,0.000000,2,20260731-090855,zeros,55.238
C:\Users\josep\source\repos\AIOTED-digital\04_joe_lcd_20x32\0_main_dig2_20260731-092025.jpg,0,0,1.000000,1.000000,0.000000,0.000000,0.000000,0.000000,0.000000,0.000000,0.000000,0.000000,0.000000,0.000000,2,20260731-092025,zeros,53.708
C:\Users\josep\source\repos\AIOTED-digital\04_joe_lcd_20x32\0_main_dig2_20260802-203210.jpg,0,0,0.999984,0.999984,0.000000,0.000000,0.000000,0.000000,0.000000,0.000000,0.000000,0.000016,0.000000,0.000000,2,20260802-203210,zeros,143.359
C:\Users\josep\source\repos\AIOTED-digital\04_joe_lcd_20x32\0_main_dig2_20260802-205210.jpg,0,0,0.999996,0.999996,0.000000,0.000000,0.000000,0.000000,0.000000,0.000000,0.000000,0.000004,0.000000,0.000000,2,20260802-205210,zeros,143.200
C:\Users\josep\source\repos\AIOTED-digital\04_joe_lcd_20x32\0_main_dig2_20260802-210010.jpg,0,0,0.999993,0.999993,0.000000,0.000000,0.000000,0.000000,0.000000,0.000000,0.000000,0.000007,0.000000,0.000000,2,20260802-210010,zeros,142.239
C:\Users\josep\source\repos\AIOTED-digital\04_joe_lcd_20x32\0_main_dig2_20260802-211210.jpg,0,0,0.999998,0.999998,0.000000,0.000000,0.000000,0.000000,0.000000,0.000000,0.000000,0.000002,0.000000,0.000000,2,20260802-211210,zeros,145.053
C:\Users\josep\source\repos\AIOTED-digital\04_joe_lcd_20x32\0_main_dig2_20260802-212010.jpg,0,0,0.999984,0.999984,0.000000,0.000000,0.000000,0.000000,0.000000,0.000000,0.000000,0.000016,0.000000,0.000000,2,20260802-212010,zeros,143.132
C:\Users\josep\source\repos\AIOTED-digital\04_joe_lcd_20x32\0_main_dig2_20260802-214010.jpg,0,0,0.999992,0.999992,0.000000,0.000000,0.000000,0.000000,0.000000,0.000000,0.000000,0.000008,0.000000,0.000000,2,20260802-214010,zeros,144.819
C:\Users\josep\source\repos\AIOTED-digital\04_joe_lcd_20x32\0_main_dig2_20260802-222010.jpg,0,0,0.999988,0.999988,0.000000,0.000000,0.000000,0.000000,0.000000,0.000000,0.000000,0.000012,0.000000,0.000000,2,20260802-222010,zeros,141.229
C:\Users\josep\source\repos\AIOTED-digital\04_joe_lcd_20x32\0_main_dig2_20260802-234010.jpg,0,0,0.999993,0.999993,0.000000,0.000000,0.000000,0.000000,0.000000,0.000000,0.000000,0.000007,0.000000,0.000000,2,20260802-234010,zeros,141.223
C:\Users\josep\source\repos\AIOTED-digital\04_joe_lcd_20x32\0_main_dig2_20260804-001125.jpg,0,0,1.000000,1.000000,0.000000,0.000000,0.000000,0.000000,0.000000,0.000000,0.000000,0.000000,0.000000,0.000000,2,20260804-001125,zeros,137.148
C:\Users\josep\source\repos\AIOTED-digital\04_joe_lcd_20x32\0_main_dig2_20260816-021802.jpg,0,0,0.999992,0.999992,0.000000,0.000000,0.000000,0.000000,0.000000,0.000000,0.000000,0.000008,0.000000,0.000000,2,20260816-021802,zeros,99.218
C:\Users\josep\source\repos\AIOTED-digital\04_joe_lcd_20x32\0_main_dig2_20260816-114602.jpg,0,0,1.000000,1.000000,0.000000,0.000000,0.000000,0.000000,0.000000,0.000000,0.000000,0.000000,0.000000,0.000000,2,20260816-114602,zeros,85.068
C:\Users\josep\source\repos\AIOTED-digital\04_joe_lcd_20x32\0_main_dig2_20260816-133402.jpg,0,0,0.999999,0.999999,0.000000,0.000000,0.000000,0.000000,0.000000,0.000000,0.000000,0.000001,0.000000,0.000000,2,20260816-133402,zeros,71.037
C:\Users\josep\source\repos\AIOTED-digital\04_joe_lcd_20x32\0_main_dig2_20260816-185401.jpg,0,0,0.999996,0.999996,0.000000,0.000000,0.000000,0.000000,0.000000,0.000000,0.000000,0.000004,0.000000,0.000000,2,20260816-185401,zeros,104.363
C:\Users\josep\source\repos\AIOTED-digital\04_joe_lcd_20x32\0_main_dig2_20260816-193401.jpg,0,0,0.999996,0.999996,0.000000,0.000000,0.000000,0.000000,0.000000,0.000000,0.000000,0.000004,0.000000,0.000000,2,20260816-193401,zeros,108.449
C:\Users\josep\source\repos\AIOTED-digital\04_joe_lcd_20x32\0_main_dig2_20260819-060956.jpg,0,0,1.000000,1.000000,0.000000,0.000000,0.000000,0.000000,0.000000,0.000000,0.000000,0.000000,0.000000,0.000000,2,20260819-060956,zeros,99.770
C:\Users\josep\source\repos\AIOTED-digital\04_joe_lcd_20x32\0_main_dig2_20260819-172555.jpg,0,0,1.000000,1.000000,0.000000,0.000000,0.000000,0.000000,0.000000,0.000000,0.000000,0.000000,0.000000,0.000000,2,20260819-172555,zeros,90.599
C:\Users\josep\source\repos\AIOTED-digital\04_joe_lcd_20x32\0_main_dig2_20260823-040549.jpg,0,0,0.999969,0.999969,0.000000,0.000000,0.000000,0.000000,0.000000,0.000000,0.000000,0.000031,0.000000,0.000000,2,20260823-040549,zeros,98.125
C:\Users\josep\source\repos\AIOTED-digital\04_joe_lcd_20x32\0_main_dig2_20260823-062549.jpg,0,0,0.999997,0.999997,0.000000,0.000000,0.000000,0.000000,0.000000,0.000000,0.000000,0.000003,0.000000,0.000000,2,20260823-062549,zeros,95.687
C:\Users\josep\source\repos\AIOTED-digital\04_joe_lcd_20x32\0_main_dig2_20260823-161348.jpg,0,0,1.000000,1.000000,0.000000,0.000000,0.000000,0.000000,0.000000,0.000000,0.000000,0.000000,0.000000,0.000000,2,20260823-161348,zeros,80.087
C:\Users\josep\source\repos\AIOTED-digital\04_joe_lcd_20x32\0_main_dig2_20260823-183348.jpg,0,0,0.999999,0.999999,0.000000,0.000000,0.000000,0.000000,0.000000,0.000000,0.000000,0.000001,0.000000,0.000000,2,20260823-183348,zeros,91.331
C:\Users\josep\source\repos\AIOTED-digital\04_joe_lcd_20x32\0_main_dig2_20260910-102318.jpg,0,0,0.999991,0.999991,0.000000,0.000000,0.000000,0.000000,0.000000,0.000000,0.000000,0.000009,0.000000,0.000000,2,20260910-102318,zeros,79.091
C:\Users\josep\source\repos\AIOTED-digital\04_joe_lcd_20x32\0_main_dig2_20260910-110318.jpg,0,0,0.999999,0.999999,0.000000,0.000000,0.000000,0.000000,0.000000,0.000000,0.000000,0.000001,0.000000,0.000000,2,20260910-110318,zeros,81.430
C:\Users\josep\source\repos\AIOTED-digital\04_joe_lcd_20x32\0_main_dig2_20260910-183201.jpg,0,0,0.999823,0.999823,0.000000,0.000000,0.000000,0.000000,0.000000,0.000000,0.000000,0.000177,0.000000,0.000000,2,20260910-183201,zeros,95.989
C:\Users\josep\source\repos\AIOTED-digital\04_joe_lcd_20x32\0_main_dig2_20260910-201200.jpg,0,0,0.999804,0.999804,0.000000,0.000000,0.000000,0.000000,0.000000,0.000000,0.000000,0.000196,0.000000,0.000000,2,20260910-201200,zeros,99.966
C:\Users\josep\source\repos\AIOTED-digital\04_joe_lcd_20x32\0_main_dig2_20260910-235200.jpg,0,0,0.999879,0.999879,0.000000,0.000000,0.000000,0.000000,0.000000,0.000000,0.000000,0.000121,0.000000,0.000000,2,20260910-235200,zeros,99.258
C:\Users\josep\source\repos\AIOTED-digital\04_joe_lcd_20x32\0_main_dig2_20260913-035257.jpg,0,0,0.989100,0.989100,0.000000,0.000000,0.000000,0.000000,0.000000,0.000000,0.000000,0.010900,0.000000,0.000000,2,20260913-035257,zeros,96.121
C:\Users\josep\source\repos\AIOTED-digital\04_joe_lcd_20x32\0_main_dig2_20260913-113340.jpg,0,0,0.999919,0.999919,0.000000,0.000000,0.000000,0.000000,0.000000,0.000000,0.000000,0.000081,0.000000,0.000000,2,20260913-113340,zeros,84.799
C:\Users\josep\source\repos\AIOTED-digital\04_joe_lcd_20x32\0_main_dig2_20260913-172139.jpg,0,0,0.999703,0.999703,0.000000,0.000000,0.000000,0.000000,0.000000,0.000000,0.000000,0.000297,0.000000,0.000000,2,20260913-172139,zeros,87.909
C:\Users\josep\source\repos\AIOTED-digital\04_joe_lcd_20x32\0_main_dig2_20260914-060938.jpg,0,0,0.984363,0.984363,0.000000,0.000000,0.000000,0.000000,0.000000,0.000000,0.000000,0.015637,0.000000,0.000000,2,20260914-060938,zeros,96.267
C:\Users\josep\source\repos\AIOTED-digital\04_joe_lcd_20x32\0_main_dig2_20260914-150538.jpg,0,0,0.999772,0.999772,0.000000,0.000000,0.000000,0.000000,0.000000,0.000000,0.000000,0.000228,0.000000,0.000000,2,20260914-150538,zeros,84.091
C:\Users\josep\source\repos\AIOTED-digital\04_joe_lcd_20x32\0_main_dig2_20260914-151738.jpg,0,0,0.997035,0.997035,0.000000,0.000000,0.000000,0.000000,0.000000,0.000000,0.000000,0.002965,0.000000,0.000000,2,20260914-151738,zeros,87.879
C:\Users\josep\source\repos\AIOTED-digital\04_joe_lcd_20x32\0_main_dig2_20260927-040614.jpg,0,0,0.995506,0.995506,0.000000,0.000000,0.000000,0.000000,0.000000,0.000000,0.000000,0.004494,0.000000,0.000000,2,20260927-040614,zeros,96.982
C:\Users\josep\source\repos\AIOTED-digital\04_joe_lcd_20x32\0_main_dig2_20260927-084614.jpg,0,0,0.999986,0.999986,0.000000,0.000000,0.000000,0.000000,0.000000,0.000000,0.000000,0.000014,0.000000,0.000000,2,20260927-084614,zeros,74.632
C:\Users\josep\source\repos\AIOTED-digital\04_joe_lcd_20x32\0_main_dig2_20260927-120243.jpg,0,0,1.000000,1.000000,0.000000,0.000000,0.000000,0.000000,0.000000,0.000000,0.000000,0.000000,0.000000,0.000000,2,20260927-120243,zeros,66.164
C:\Users\josep\source\repos\AIOTED-digital\04_joe_lcd_20x32\0_main_dig2_20260927-175042.jpg,0,0,0.999382,0.999382,0.000000,0.000000,0.000000,0.000000,0.000000,0.000000,0.000000,0.000618,0.000000,0.000000,2,20260927-175042,zeros,91.802
C:\Users\josep\source\repos\AIOTED-digital\04_joe_lcd_20x32\0_main_dig3_20260731-090855.jpg,0,0,1.000000,1.000000,0.000000,0.000000,0.000000,0.000000,0.000000,0.000000,0.000000,0.000000,0.000000,0.000000,3,20260731-090855,zeros,61.651
C:\Users\josep\source\repos\AIOTED-digital\04_joe_lcd_20x32\0_main_dig3_20260731-092025.jpg,0,0,1.000000,1.000000,0.000000,0.000000,0.000000,0.000000,0.000000,0.000000,0.000000,0.000000,0.000000,0.000000,3,20260731-092025,zeros,62.630
C:\Users\josep\source\repos\AIOTED-digital\04_joe_lcd_20x32\0_main_dig3_20260816-015802.jpg,0,0,0.999846,0.999846,0.000000,0.000000,0.000000,0.000000,0.000000,0.000000,0.000000,0.000154,0.000000,0.000000,3,20260816-015802,zeros,111.919
C:\Users\josep\source\repos\AIOTED-digital\04_joe_lcd_20x32\0_main_dig3_20260816-090602.jpg,0,0,0.999997,0.999997,0.000000,0.000000,0.000000,0.000000,0.000000,0.000000,0.000000,0.000003,0.000000,0.000000,3,20260816-090602,zeros,97.218
C:\Users\josep\source\repos\AIOTED-digital\04_joe_lcd_20x32\0_main_dig3_20260816-122601.jpg,0,0,0.990441,0.990441,0.000000,0.000000,0.000000,0.000000,0.000000,0.000000,0.000000,0.009559,0.000000,0.000000,3,20260816-122601,zeros,92.940
C:\Users\josep\source\repos\AIOTED-digital\04_joe_lcd_20x32\0_main_dig3_20260816-181401.jpg,0,0,0.999918,0.999918,0.000000,0.000000,0.000000,0.000000,0.000000,0.000000,0.000000,0.000082,0.000000,0.000000,3,20260816-181401,zeros,118.198
C:\Users\josep\source\repos\AIOTED-digital\04_joe_lcd_20x32\0_main_dig3_20260816-183401.jpg,0,0,0.999390,0.999390,0.000000,0.000000,0.000000,0.000000,0.000000,0.000000,0.000000,0.000610,0.000000,0.000000,3,20260816-183401,zeros,119.220
C:\Users\josep\source\repos\AIOTED-digital\04_joe_lcd_20x32\0_main_dig3_20260816-185401.jpg,0,0,0.999318,0.999318,0.000000,0.000000,0.000000,0.000000,0.000000,0.000000,0.000000,0.000682,0.000000,0.000000,3,20260816-185401,zeros,122.706
C:\Users\josep\source\repos\AIOTED-digital\04_joe_lcd_20x32\0_main_dig3_20260816-234201.jpg,0,0,0.984442,0.984442,0.000000,0.000000,0.000000,0.000000,0.000000,0.000000,0.000000,0.015558,0.000000,0.000000,3,20260816-234201,zeros,123.973
C:\Users\josep\source\repos\AIOTED-digital\04_joe_lcd_20x32\0_main_dig3_20260819-063756.jpg,0,0,0.998943,0.998943,0.000000,0.000000,0.000000,0.000000,0.000000,0.000000,0.000000,0.001057,0.000000,0.000000,3,20260819-063756,zeros,112.855
C:\Users\josep\source\repos\AIOTED-digital\04_joe_lcd_20x32\0_main_dig3_20260819-065756.jpg,0,0,0.999292,0.999292,0.000000,0.000000,0.000000,0.000000,0.000000,0.000000,0.000000,0.000708,0.000000,0.000000,3,20260819-065756,zeros,110.407
C:\Users\josep\source\repos\AIOTED-digital\04_joe_lcd_20x32\0_main_dig3_20260819-172555.jpg,0,0,0.999999,0.999999,0.000000,0.000000,0.000000,0.000000,0.000000,0.000000,0.000000,0.000001,0.000000,0.000000,3,20260819-172555,zeros,106.505
C:\Users\josep\source\repos\AIOTED-digital\04_joe_lcd_20x32\0_main_dig3_20260819-174555.jpg,0,0,0.999983,0.999983,0.000000,0.000000,0.000000,0.000000,0.000000,0.000000,0.000000,0.000017,0.000000,0.000000,3,20260819-174555,zeros,107.146
C:\Users\josep\source\repos\AIOTED-digital\04_joe_lcd_20x32\0_main_dig3_20260819-180555.jpg,0,0,0.999995,0.999995,0.000000,0.000000,0.000000,0.000000,0.000000,0.000000,0.000000,0.000005,0.000000,0.000000,3,20260819-180555,zeros,109.659
C:\Users\josep\source\repos\AIOTED-digital\04_joe_lcd_20x32\0_main_dig3_20260819-182555.jpg,0,0,0.999973,0.999973,0.000000,0.000000,0.000000,0.000000,0.000000,0.000000,0.000000,0.000027,0.000000,0.000000,3,20260819-182555,zeros,111.220
C:\Users\josep\source\repos\AIOTED-digital\04_joe_lcd_20x32\0_main_dig3_20260819-190555.jpg,0,0,0.999923,0.999923,0.000000,0.000000,0.000000,0.000000,0.000000,0.000000,0.000000,0.000077,0.000000,0.000000,3,20260819-190555,zeros,112.873
C:\Users\josep\source\repos\AIOTED-digital\04_joe_lcd_20x32\0_main_dig3_20260819-222555.jpg,0,0,0.999196,0.999196,0.000000,0.000000,0.000000,0.000000,0.000000,0.000000,0.000000,0.000804,0.000000,0.000000,3,20260819-222555,zeros,113.976
C:\Users\josep\source\repos\AIOTED-digital\04_joe_lcd_20x32\0_main_dig3_20260819-234555.jpg,0,0,0.999697,0.999697,0.000000,0.000000,0.000000,0.000000,0.000000,0.000000,0.000000,0.000303,0.000000,0.000000,3,20260819-234555,zeros,112.828
C:\Users\josep\source\repos\AIOTED-digital\04_joe_lcd_20x32\0_main_dig3_20260823-020549.jpg,0,0,0.998725,0.998725,0.000000,0.000000,0.000000,0.000000,0.000000,0.000000,0.000000,0.001274,0.000000,0.000000,3,20260823-020549,zeros,107.508
C:\Users\josep\source\repos\AIOTED-digital\04_joe_lcd_20x32\0_main_dig3_20260823-062549.jpg,0,0,0.999792,0.999792,0.000000,0.000000,0.000000,0.000000,0.000000,0.000000,0.000000,0.000208,0.000000,0.000000,3,20260823-062549,zeros,104.722
C:\Users\josep\source\repos\AIOTED-digital\04_joe_lcd_20x32\0_main_dig3_20260823-181348.jpg,0,0,0.999997,0.999997,0.000000,0.000000,0.000000,0.000000,0.000000,0.000000,0.000000,0.000003,0.000000,0.000000,3,20260823-181348,zeros,102.115
C:\Users\josep\source\repos\AIOTED-digital\04_joe_lcd_20x32\0_main_dig3_20260910-054318.jpg,0,0,0.987802,0.987802,0.000000,0.000000,0.000000,0.000000,0.000000,0.000000,0.000000,0.012198,0.000000,0.000000,3,20260910-054318,zeros,105.107
C:\Users\josep\source\repos\AIOTED-digital\04_joe_lcd_20x32\0_main_dig3_20260910-114318.jpg,0,0,1.000000,1.000000,0.000000,0.000000,0.000000,0.000000,0.000000,0.000000,0.000000,0.000000,0.000000,0.000000,3,20260910-114318,zeros,77.769
C:\Users\josep\source\repos\AIOTED-digital\04_joe_lcd_20x32\0_main_dig3_20260910-150401.jpg,0,0,0.999999,0.999999,0.000000,0.000000,0.000000,0.000000,0.000000,0.000000,0.000000,0.000001,0.000000,0.000000,3,20260910-150401,zeros,82.936
C:\Users\josep\source\repos\AIOTED-digital\04_joe_lcd_20x32\0_main_dig3_20260910-190401.jpg,0,0,0.933709,0.933709,0.000000,0.000000,0.000000,0.000000,0.000000,0.000000,0.000001,0.065424,0.000866,0.000000,3,20260910-190401,zeros,104.492
C:\Users\josep\source\repos\AIOTED-digital\04_joe_lcd_20x32\0_main_dig3_20260913-002457.jpg,0,0,0.995896,0.995896,0.000000,0.000000,0.000000,0.000000,0.000000,0.000000,0.000000,0.004104,0.000000,0.000000,3,20260913-002457,zeros,103.258
C:\Users\josep\source\repos\AIOTED-digital\04_joe_lcd_20x32\0_main_dig3_20260913-083257.jpg,0,0,0.999999,0.999999,0.000000,0.000000,0.000000,0.000000,0.000000,0.000000,0.000000,0.000001,0.000000,0.000000,3,20260913-083257,zeros,86.081
C:\Users\josep\source\repos\AIOTED-digital\04_joe_lcd_20x32\0_main_dig3_20260913-224139.jpg,0,0,0.854483,0.854483,0.000000,0.000000,0.000000,0.000000,0.000000,0.000000,0.000000,0.145517,0.000000,0.000000,3,20260913-224139,zeros,98.146
C:\Users\josep\source\repos\AIOTED-digital\04_joe_lcd_20x32\0_main_dig3_20260913-224939.jpg,0,0,0.967743,0.967743,0.000000,0.000000,0.000000,0.000000,0.000000,0.000000,0.000000,0.032258,0.000000,0.000000,3,20260913-224939,zeros,97.067
C:\Users\josep\source\repos\AIOTED-digital\04_joe_lcd_20x32\0_main_dig3_20260914-042939.jpg,0,0,0.892126,0.892126,0.000000,0.000000,0.000000,0.000000,0.000000,0.000000,0.000000,0.107874,0.000000,0.000000,3,20260914-042939,zeros,98.218
C:\Users\josep\source\repos\AIOTED-digital\04_joe_lcd_20x32\0_main_dig3_20260914-054938.jpg,0,0,0.938482,0.938482,0.000000,0.000000,0.000000,0.000000,0.000000,0.000000,0.000000,0.061518,0.000000,0.000000,3,20260914-054938,zeros,99.245
C:\Users\josep\source\repos\AIOTED-digital\04_joe_lcd_20x32\0_main_dig3_20260914-101738.jpg,0,0,1.000000,1.000000,0.000000,0.000000,0.000000,0.000000,0.000000,0.000000,0.000000,0.000000,0.000000,0.000000,3,20260914-101738,zeros,75.052
C:\Users\josep\source\repos\AIOTED-digital\04_joe_lcd_20x32\0_main_dig3_20260914-154538.jpg,0,0,0.997079,0.997079,0.000000,0.000000,0.000000,0.000000,0.000000,0.000000,0.000000,0.002921,0.000000,0.000000,3,20260914-154538,zeros,86.843
C:\Users\josep\source\repos\AIOTED-digital\04_joe_lcd_20x32\0_main_dig3_20260927-054614.jpg,0,0,0.893867,0.893867,0.000000,0.000000,0.000000,0.000000,0.000000,0.000000,0.000000,0.106132,0.000002,0.000000,3,20260927-054614,zeros,102.478
C:\Users\josep\source\repos\AIOTED-digital\04_joe_lcd_20x32\0_main_dig3_20260927-103043.jpg,0,0,1.000000,1.000000,0.000000,0.000000,0.000000,0.000000,0.000000,0.000000,0.000000,0.000000,0.000000,0.000000,3,20260927-103043,zeros,72.893
C:\Users\josep\source\repos\AIOTED-digital\04_joe_lcd_20x32\0_main_dig3_20260927-181042.jpg,0,0,0.968501,0.968501,0.000000,0.000000,0.000000,0.000000,0.000000,0.000000,0.000000,0.031499,0.000000,0.000000,3,20260927-181042,zeros,100.229
C:\Users\josep\source\repos\AIOTED-digital\04_joe_lcd_20x32\0_main_dig3_20260927-185042.jpg,0,0,0.857233,0.857233,0.000000,0.000000,0.000000,0.000000,0.000000,0.000000,0.000000,0.142767,0.000000,0.000000,3,20260927-185042,zeros,100.038
C:\Users\josep\source\repos\AIOTED-digital\04_joe_lcd_20x32\0_main_dig3_20260927-235042.jpg,0,0,0.982194,0.982194,0.000000,0.000000,0.000000,0.000000,0.000000,0.000000,0.000000,0.017806,0.000000,0.000000,3,20260927-235042,zeros,100.424
C:\Users\josep\source\repos\AIOTED-digital\04_joe_lcd_20x32\0_main_dig4_20260731-064335.jpg,0,0,1.000000,1.000000,0.000000,0.000000,0.000000,0.000000,0.000000,0.000000,0.000000,0.000000,0.000000,0.000000,4,20260731-064335,zeros,48.347
C:\Users\josep\source\repos\AIOTED-digital\04_joe_lcd_20x32\0_main_dig4_20260731-065505.jpg,0,0,1.000000,1.000000,0.000000,0.000000,0.000000,0.000000,0.000000,0.000000,0.000000,0.000000,0.000000,0.000000,4,20260731-065505,zeros,50.856
C:\Users\josep\source\repos\AIOTED-digital\04_joe_lcd_20x32\0_main_dig4_20260731-090855.jpg,0,0,1.000000,1.000000,0.000000,0.000000,0.000000,0.000000,0.000000,0.000000,0.000000,0.000000,0.000000,0.000000,4,20260731-090855,zeros,55.565
C:\Users\josep\source\repos\AIOTED-digital\04_joe_lcd_20x32\0_main_dig4_20260731-092025.jpg,0,0,1.000000,1.000000,0.000000,0.000000,0.000000,0.000000,0.000000,0.000000,0.000000,0.000000,0.000000,0.000000,4,20260731-092025,zeros,57.944
C:\Users\josep\source\repos\AIOTED-digital\04_joe_lcd_20x32\0_main_dig4_20260816-004603.jpg,0,0,1.000000,1.000000,0.000000,0.000000,0.000000,0.000000,0.000000,0.000000,0.000000,0.000000,0.000000,0.000000,4,20260816-004603,zeros,69.329
C:\Users\josep\source\repos\AIOTED-digital\04_joe_lcd_20x32\0_main_dig4_20260816-005403.jpg,0,0,1.000000,1.000000,0.000000,0.000000,0.000000,0.000000,0.000000,0.000000,0.000000,0.000000,0.000000,0.000000,4,20260816-005403,kwh,68.814
C:\Users\josep\source\repos\AIOTED-digital\04_joe_lcd_20x32\0_main_dig4_20260816-010603.jpg,0,0,1.000000,1.000000,0.000000,0.000000,0.000000,0.000000,0.000000,0.000000,0.000000,0.000000,0.000000,0.000000,4,20260816-010603,zeros,69.043
C:\Users\josep\source\repos\AIOTED-digital\04_joe_lcd_20x32\0_main_dig4_20260816-014602.jpg,0,0,1.000000,1.000000,0.000000,0.000000,0.000000,0.000000,0.000000,0.000000,0.000000,0.000000,0.000000,0.000000,4,20260816-014602,zeros,69.003
C:\Users\josep\source\repos\AIOTED-digital\04_joe_lcd_20x32\0_main_dig4_20260816-020602.jpg,0,0,1.000000,1.000000,0.000000,0.000000,0.000000,0.000000,0.000000,0.000000,0.000000,0.000000,0.000000,0.000000,4,20260816-020602,zeros,70.050
C:\Users\josep\source\repos\AIOTED-digital\04_joe_lcd_20x32\0_main_dig4_20260816-022602.jpg,0,0,1.000000,1.000000,0.000000,0.000000,0.000000,0.000000,0.000000,0.000000,0.000000,0.000000,0.000000,0.000000,4,20260816-022602,zeros,68.882
C:\Users\josep\source\repos\AIOTED-digital\04_joe_lcd_20x32\0_main_dig4_20260816-030602.jpg,0,0,1.000000,1.000000,0.000000,0.000000,0.000000,0.000000,0.000000,0.000000,0.000000,0.000000,0.000000,0.000000,4,20260816-030602,kwh,69.895
C:\Users\josep\source\repos\AIOTED-digital\04_joe_lcd_20x32\0_main_dig4_20260816-041402.jpg,0,0,1.000000,1.000000,0.000000,0.000000,0.000000,0.000000,0.000000,0.000000,0.000000,0.000000,0.000000,0.000000,4,20260816-041402,zeros,69.110
C:\Users\josep\source\repos\AIOTED-digital\04_joe_lcd_20x32\0_main_dig4_20260816-050202.jpg,0,0,1.000000,1.000000,0.000000,0.000000,0.000000,0.000000,0.000000,0.000000,0.000000,0.000000,0.000000,0.000000,4,20260816-050202,kwh,68.939
C:\Users\josep\source\repos\AIOTED-digital\04_joe_lcd_20x32\0_main_dig4_20260816-065402.jpg,0,0,1.000000,1.000000,0.000000,0.000000,0.000000,0.000000,0.000000,0.000000,0.000000,0.000000,0.000000,0.000000,4,20260816-065402,kwh,65.089
C:\Users\josep\source\repos\AIOTED-digital\04_joe_lcd_20x32\0_main_dig4_20260816-071402.jpg,0,0,1.000000,1.000000,0.000000,0.000000,0.000000,0.000000,0.000000,0.000000,0.000000,0.000000,0.000000,0.000000,4,20260816-071402,kwh,63.448
C:\Users\josep\source\repos\AIOTED-digital\04_joe_lcd_20x32\0_main_dig4_20260816-085402.jpg,0,0,1.000000,1.000000,0.000000,0.000000,0.000000,0.000000,0.000000,0.000000,0.000000,0.000000,0.000000,0.000000,4,20260816-085402,kwh,64.809
C:\Users\josep\source\repos\AIOTED-digital\04_joe_lcd_20x32\0_main_dig4_20260816-091402.jpg,0,0,1.000000,1.000000,0.000000,0.000000,0.000000,0.000000,0.000000,0.000000,0.000000,0.000000,0.000000,0.000000,4,20260816-091402,kwh,68.784
C:\Users\josep\source\repos\AIOTED-digital\04_joe_lcd_20x32\0_main_dig4_20260816-113402.jpg,0,0,1.000000,1.000000,0.000000,0.000000,0.000000,0.000000,0.000000,0.000000,0.000000,0.000000,0.000000,0.000000,4,20260816-113402,zeros,74.008
C:\Users\josep\source\repos\AIOTED-digital\04_joe_lcd_20x32\0_main_dig4_20260816-132201.jpg,0,0,1.000000,1.000000,0.000000,0.000000,0.000000,0.000000,0.000000,0.000000,0.000000,0.000000,0.000000,0.000000,4,20260816-132201,zeros,75.866
C:\Users\josep\source\repos\AIOTED-digital\04_joe_lcd_20x32\0_main_dig4_20260816-162201.jpg,0,0,1.000000,1.000000,0.000000,0.000000,0.000000,0.000000,0.000000,0.000000,0.000000,0.000000,0.000000,0.000000,4,20260816-162201,kwh,75.865
C:\Users\josep\source\repos\AIOTED-digital\04_joe_lcd_20x32\0_main_dig4_20260816-181001.jpg,0,0,1.000000,1.000000,0.000000,0.000000,0.000000,0.000000,0.000000,0.000000,0.000000,0.000000,0.000000,0.000000,4,20260816-181001,kwh,66.652
C:\Users\josep\source\repos\AIOTED-digital\04_joe_lcd_20x32\0_main_dig4_20260816-190201.jpg,0,0,1.000000,1.000000,0.000000,0.000000,0.000000,0.000000,0.000000,0.000000,0.000000,0.000000,0.000000,0.000000,4,20260816-190201,zeros,71.023
C:\Users\josep\source\repos\AIOTED-digital\04_joe_lcd_20x32\0_main_dig4_20260816-235001.jpg,0,0,1.000000,1.000000,0.000000,0.000000,0.000000,0.000000,0.000000,0.000000,0.000000,0.000000,0.000000,0.000000,4,20260816-235001,zeros,70.151
C:\Users\josep\source\repos\AIOTED-digital\04_joe_lcd_20x32\0_main_dig4_20260913-011257.jpg,0,0,1.000000,1.000000,0.000000,0.000000,0.000000,0.000000,0.000000,0.000000,0.000000,0.000000,0.000000,0.000000,4,20260913-011257,zeros,63.220
C:\Users\josep\source\repos\AIOTED-digital\04_joe_lcd_20x32\0_main_dig4_20260913-020057.jpg,0,0,1.000000,1.000000,0.000000,0.000000,0.000000,0.000000,0.000000,0.000000,0.000000,0.000000,0.000000,0.000000,4,20260913-020057,zeros,63.743
C:\Users\josep\source\repos\AIOTED-digital\04_joe_lcd_20x32\0_main_dig4_20260913-024057.jpg,0,0,1.000000,1.000000,0.000000,0.000000,0.000000,0.000000,0.000000,0.000000,0.000000,0.000000,0.000000,0.000000,4,20260913-024057,zeros,62.848
C:\Users\josep\source\repos\AIOTED-digital\04_joe_lcd_20x32\0_main_dig4_20260913-024857.jpg,0,0,1.000000,1.000000,0.000000,0.000000,0.000000,0.000000,0.000000,0.000000,0.000000,0.000000,0.000000,0.000000,4,20260913-024857,zeros,63.738
C:\Users\josep\source\repos\AIOTED-digital\04_joe_lcd_20x32\0_main_dig4_20260913-030857.jpg,0,0,1.000000,1.000000,0.000000,0.000000,0.000000,0.000000,0.000000,0.000000,0.000000,0.000000,0.000000,0.000000,4,20260913-030857,zeros,63.391
C:\Users\josep\source\repos\AIOTED-digital\04_joe_lcd_20x32\0_main_dig4_20260913-040057.jpg,0,0,1.000000,1.000000,0.000000,0.000000,0.000000,0.000000,0.000000,0.000000,0.000000,0.000000,0.000000,0.000000,4,20260913-040057,zeros,63.082
C:\Users\josep\source\repos\AIOTED-digital\04_joe_lcd_20x32\0_main_dig4_20260913-052857.jpg,0,0,1.000000,1.000000,0.000000,0.000000,0.000000,0.000000,0.000000,0.000000,0.000000,0.000000,0.000000,0.000000,4,20260913-052857,zeros,63.811
C:\Users\josep\source\repos\AIOTED-digital\04_joe_lcd_20x32\0_main_dig4_20260913-064857.jpg,0,0,1.000000,1.000000,0.000000,0.000000,0.000000,0.000000,0.000000,0.000000,0.000000,0.000000,0.000000,0.000000,4,20260913-064857,kwh,61.638
C:\Users\josep\source\repos\AIOTED-digital\04_joe_lcd_20x32\0_main_dig4_20260913-070857.jpg,0,0,1.000000,1.000000,0.000000,0.000000,0.000000,0.000000,0.000000,0.000000,0.000000,0.000000,0.000000,0.000000,4,20260913-070857,zeros,61.529
C:\Users\josep\source\repos\AIOTED-digital\04_joe_lcd_20x32\0_main_dig4_20260913-080857.jpg,0,0,1.000000,1.000000,0.000000,0.000000,0.000000,0.000000,0.000000,0.000000,0.000000,0.000000,0.000000,0.000000,4,20260913-080857,kwh,69.729
C:\Users\josep\source\repos\AIOTED-digital\04_joe_lcd_20x32\0_main_dig4_20260913-082057.jpg,0,0,1.000000,1.000000,0.000000,0.000000,0.000000,0.000000,0.000000,0.000000,0.000000,0.000000,0.000000,0.000000,4,20260913-082057,zeros,84.180
C:\Users\josep\source\repos\AIOTED-digital\04_joe_lcd_20x32\0_main_dig4_20260913-100140.jpg,0,0,1.000000,1.000000,0.000000,0.000000,0.000000,0.000000,0.000000,0.000000,0.000000,0.000000,0.000000,0.000000,4,20260913-100140,kwh,62.797
C:\Users\josep\source\repos\AIOTED-digital\04_joe_lcd_20x32\0_main_dig4_20260913-110140.jpg,0,0,1.000000,1.000000,0.000000,0.000000,0.000000,0.000000,0.000000,0.000000,0.000000,0.000000,0.000000,0.000000,4,20260913-110140,zeros,61.561
C:\Users\josep\source\repos\AIOTED-digital\04_joe_lcd_20x32\0_main_dig4_20260913-120940.jpg,0,0,1.000000,1.000000,0.000000,0.000000,0.000000,0.000000,0.000000,0.000000,0.000000,0.000000,0.000000,0.000000,4,20260913-120940,zeros,75.053
C:\Users\josep\source\repos\AIOTED-digital\04_joe_lcd_20x32\0_main_dig4_20260913-132940.jpg,0,0,1.000000,1.000000,0.000000,0.000000,0.000000,0.000000,0.000000,0.000000,0.000000,0.000000,0.000000,0.000000,4,20260913-132940,zeros,88.049
C:\Users\josep\source\repos\AIOTED-digital\04_joe_lcd_20x32\0_main_dig4_20260913-134940.jpg,0,0,1.000000,1.000000,0.000000,0.000000,0.000000,0.000000,0.000000,0.000000,0.000000,0.000000,0.000000,0.000000,4,20260913-134940,zeros,82.669
C:\Users\josep\source\repos\AIOTED-digital\04_joe_lcd_20x32\0_main_dig4_20260913-144940.jpg,0,0,1.000000,1.000000,0.000000,0.000000,0.000000,0.000000,0.000000,0.000000,0.000000,0.000000,0.000000,0.000000,4,20260913-144940,zeros,82.800
C:\Users\josep\source\repos\AIOTED-digital\04_joe_lcd_20x32\0_main_dig4_20260913-154939.jpg,0,0,1.000000,1.000000,0.000000,0.000000,0.000000,0.000000,0.000000,0.000000,0.000000,0.000000,0.000000,0.000000,4,20260913-154939,kwh,76.362
C:\Users\josep\source\repos\AIOTED-digital\04_joe_lcd_20x32\0_main_dig4_20260913-164939.jpg,0,0,1.000000,1.000000,0.000000,0.000000,0.000000,0.000000,0.000000,0.000000,0.000000,0.000000,0.000000,0.000000,4,20260913-164939,kwh,59.368
C:\Users\josep\source\repos\AIOTED-digital\04_joe_lcd_20x32\0_main_dig4_20260913-175739.jpg,0,0,1.000000,1.000000,0.000000,0.000000,0.000000,0.000000,0.000000,0.000000,0.000000,0.000000,0.000000,0.000000,4,20260913-175739,kwh,59.297
C:\Users\josep\source\repos\AIOTED-digital\04_joe_lcd_20x32\0_main_dig4_20260913-201739.jpg,0,0,1.000000,1.000000,0.000000,0.000000,0.000000,0.000000,0.000000,0.000000,0.000000,0.000000,0.000000,0.000000,4,20260913-201739,zeros,60.141
C:\Users\josep\source\repos\AIOTED-digital\04_joe_lcd_20x32\0_main_dig4_20260913-211739.jpg,0,0,1.000000,1.000000,0.000000,0.000000,0.000000,0.000000,0.000000,0.000000,0.000000,0.000000,0.000000,0.000000,4,20260913-211739,zeros,59.062
C:\Users\josep\source\repos\AIOTED-digital\04_joe_lcd_20x32\0_main_dig4_20260913-213739.jpg,0,0,1.000000,1.000000,0.000000,0.000000,0.000000,0.000000,0.000000,0.000000,0.000000,0.000000,0.000000,0.000000,4,20260913-213739,zeros,59.950
C:\Users\josep\source\repos\AIOTED-digital\04_joe_lcd_20x32\0_main_dig4_20260914-025739.jpg,0,0,1.000000,1.000000,0.000000,0.000000,0.000000,0.000000,0.000000,0.000000,0.000000,0.000000,0.000000,0.000000,4,20260914-025739,kwh,60.004
C:\Users\josep\source\repos\AIOTED-digital\04_joe_lcd_20x32\0_main_dig4_20260914-061338.jpg,0,0,1.000000,1.000000,0.000000,0.000000,0.000000,0.000000,0.000000,0.000000,0.000000,0.000000,0.000000,0.000000,4,20260914-061338,zeros,59.491
C:\Users\josep\source\repos\AIOTED-digital\04_joe_lcd_20x32\0_main_dig4_20260914-062538.jpg,0,0,1.000000,1.000000,0.000000,0.000000,0.000000,0.000000,0.000000,0.000000,0.000000,0.000000,0.000000,0.000000,4,20260914-062538,kwh,60.389
C:\Users\josep\source\repos\AIOTED-digital\04_joe_lcd_20x32\0_main_dig4_20260914-100538.jpg,0,0,1.000000,1.000000,0.000000,0.000000,0.000000,0.000000,0.000000,0.000000,0.000000,0.000000,0.000000,0.000000,4,20260914-100538,zeros,81.046
C:\Users\josep\source\repos\AIOTED-digital\04_joe_lcd_20x32\0_main_dig4_20260914-103338.jpg,0,0,1.000000,1.000000,0.000000,0.000000,0.000000,0.000000,0.000000,0.000000,0.000000,0.000000,0.000000,0.000000,4,20260914-103338,kwh,84.484
C:\Users\josep\source\repos\AIOTED-digital\04_joe_lcd_20x32\0_main_dig4_20260914-115338.jpg,0,0,1.000000,1.000000,0.000000,0.000000,0.000000,0.000000,0.000000,0.000000,0.000000,0.000000,0.000000,0.000000,4,20260914-115338,kwh,79.076
C:\Users\josep\source\repos\AIOTED-digital\04_joe_lcd_20x32\0_main_dig4_20260914-122538.jpg,0,0,1.000000,1.000000,0.000000,0.000000,0.000000,0.000000,0.000000,0.000000,0.000000,0.000000,0.000000,0.000000,4,20260914-122538,zeros,94.383
C:\Users\josep\source\repos\AIOTED-digital\04_joe_lcd_20x32\0_main_dig4_20260914-125338.jpg,0,0,1.000000,1.000000,0.000000,0.000000,0.000000,0.000000,0.000000,0.000000,0.000000,0.000000,0.000000,0.000000,4,20260914-125338,zeros,79.935
C:\Users\josep\source\repos\AIOTED-digital\04_joe_lcd_20x32\0_main_dig4_20260914-141338.jpg,0,0,1.000000,1.000000,0.000000,0.000000,0.000000,0.000000,0.000000,0.000000,0.000000,0.000000,0.000000,0.000000,4,20260914-141338,kwh,71.384
C:\Users\josep\source\repos\AIOTED-digital\04_joe_lcd_20x32\0_main_dig4_20260914-152138.jpg,0,0,1.000000,1.000000,0.000000,0.000000,0.000000,0.000000,0.000000,0.000000,0.000000,0.000000,0.000000,0.000000,4,20260914-152138,kwh,60.095
C:\Users\josep\source\repos\AIOTED-digital\04_joe_lcd_20x32\0_main_dig4_20260914-153338.jpg,0,0,1.000000,1.000000,0.000000,0.000000,0.000000,0.000000,0.000000,0.000000,0.000000,0.000000,0.000000,0.000000,4,20260914-153338,zeros,60.125
C:\Users\josep\source\repos\AIOTED-digital\04_joe_lcd_20x32\0_main_dig4_20260914-155338.jpg,0,0,1.000000,1.000000,0.000000,0.000000,0.000000,0.000000,0.000000,0.000000,0.000000,0.000000,0.000000,0.000000,4,20260914-155338,zeros,61.060
C:\Users\josep\source\repos\AIOTED-digital\04_joe_lcd_20x32\0_main_dig4_20260914-160138.jpg,0,0,1.000000,1.000000,0.000000,0.000000,0.000000,0.000000,0.000000,0.000000,0.000000,0.000000,0.000000,0.000000,4,20260914-160138,zeros,60.976
C:\Users\josep\source\repos\AIOTED-digital\04_joe_lcd_20x32\0_main_dig4_20260914-164138.jpg,0,0,1.000000,1.000000,0.000000,0.000000,0.000000,0.000000,0.000000,0.000000,0.000000,0.000000,0.000000,0.000000,4,20260914-164138,zeros,59.059
C:\Users\josep\source\repos\AIOTED-digital\04_joe_lcd_20x32\0_main_dig4_20260914-165338.jpg,0,0,1.000000,1.000000,0.000000,0.000000,0.000000,0.000000,0.000000,0.000000,0.000000,0.000000,0.000000,0.000000,4,20260914-165338,kwh,60.460
C:\Users\josep\source\repos\AIOTED-digital\04_joe_lcd_20x32\0_main_dig4_20260914-172137.jpg,0,0,1.000000,1.000000,0.000000,0.000000,0.000000,0.000000,0.000000,0.000000,0.000000,0.000000,0.000000,0.000000,4,20260914-172137,kwh,59.743
C:\Users\josep\source\repos\AIOTED-digital\04_joe_lcd_20x32\0_main_dig4_20260914-195337.jpg,0,0,1.000000,1.000000,0.000000,0.000000,0.000000,0.000000,0.000000,0.000000,0.000000,0.000000,0.000000,0.000000,4,20260914-195337,zeros,59.920
C:\Users\josep\source\repos\AIOTED-digital\04_joe_lcd_20x32\0_main_dig4_20260914-202137.jpg,0,0,1.000000,1.000000,0.000000,0.000000,0.000000,0.000000,0.000000,0.000000,0.000000,0.000000,0.000000,0.000000,4,20260914-202137,zeros,61.093
C:\Users\josep\source\repos\AIOTED-digital\04_joe_lcd_20x32\0_main_dig4_20260914-211337.jpg,0,0,1.000000,1.000000,0.000000,0.000000,0.000000,0.000000,0.000000,0.000000,0.000000,0.000000,0.000000,0.000000,4,20260914-211337,zeros,60.950
C:\Users\josep\source\repos\AIOTED-digital\04_joe_lcd_20x32\0_main_dig4_20260914-220937.jpg,0,0,1.000000,1.000000,0.000000,0.000000,0.000000,0.000000,0.000000,0.000000,0.000000,0.000000,0.000000,0.000000,4,20260914-220937,zeros,60.553
C:\Users\josep\source\repos\AIOTED-digital\04_joe_lcd_20x32\0_main_dig4_20260914-221337.jpg,0,0,1.000000,1.000000,0.000000,0.000000,0.000000,0.000000,0.000000,0.000000,0.000000,0.000000,0.000000,0.000000,4,20260914-221337,zeros,61.122
C:\Users\josep\source\repos\AIOTED-digital\04_joe_lcd_20x32\0_main_dig4_20260914-232137.jpg,0,0,1.000000,1.000000,0.000000,0.000000,0.000000,0.000000,0.000000,0.000000,0.000000,0.000000,0.000000,0.000000,4,20260914-232137,zeros,61.063
C:\Users\josep\source\repos\AIOTED-digital\04_joe_lcd_20x32\0_main_dig4_20260914-234137.jpg,0,0,1.000000,1.000000,0.000000,0.000000,0.000000,0.000000,0.000000,0.000000,0.000000,0.000000,0.000000,0.000000,4,20260914-234137,kwh,60.920
C:\Users\josep\source\repos\AIOTED-digital\04_joe_lcd_20x32\0_main_dig5_20260731-063205.jpg,0,0,1.000000,1.000000,0.000000,0.000000,0.000000,0.000000,0.000000,0.000000,0.000000,0.000000,0.000000,0.000000,5,20260731-063205,blank09,57.537
C:\Users\josep\source\repos\AIOTED-digital\04_joe_lcd_20x32\0_main_dig5_20260731-064335.jpg,0,0,1.000000,1.000000,0.000000,0.000000,0.000000,0.000000,0.000000,0.000000,0.000000,0.000000,0.000000,0.000000,5,20260731-064335,zeros,70.456
C:\Users\josep\source\repos\AIOTED-digital\04_joe_lcd_20x32\0_main_dig5_20260731-084555.jpg,0,0,1.000000,1.000000,0.000000,0.000000,0.000000,0.000000,0.000000,0.000000,0.000000,0.000000,0.000000,0.000000,5,20260731-084555,blank09,65.743
C:\Users\josep\source\repos\AIOTED-digital\04_joe_lcd_20x32\0_main_dig5_20260731-085725.jpg,0,0,1.000000,1.000000,0.000000,0.000000,0.000000,0.000000,0.000000,0.000000,0.000000,0.000000,0.000000,0.000000,5,20260731-085725,blank09,64.734
C:\Users\josep\source\repos\AIOTED-digital\04_joe_lcd_20x32\0_main_dig5_20260731-090855.jpg,0,0,1.000000,1.000000,0.000000,0.000000,0.000000,0.000000,0.000000,0.000000,0.000000,0.000000,0.000000,0.000000,5,20260731-090855,zeros,61.135
C:\Users\josep\source\repos\AIOTED-digital\04_joe_lcd_20x32\0_main_dig5_20260731-092025.jpg,0,0,1.000000,1.000000,0.000000,0.000000,0.000000,0.000000,0.000000,0.000000,0.000000,0.000000,0.000000,0.000000,5,20260731-092025,zeros,63.581
C:\Users\josep\source\repos\AIOTED-digital\04_joe_lcd_20x32\0_main_dig5_20260731-114835.jpg,0,0,1.000000,1.000000,0.000000,0.000000,0.000000,0.000000,0.000000,0.000000,0.000000,0.000000,0.000000,0.000000,5,20260731-114835,blank09,62.925
C:\Users\josep\source\repos\AIOTED-digital\04_joe_lcd_20x32\0_main_dig5_20260731-120005.jpg,0,0,1.000000,1.000000,0.000000,0.000000,0.000000,0.000000,0.000000,0.000000,0.000000,0.000000,0.000000,0.000000,5,20260731-120005,blank09,69.774
C:\Users\josep\source\repos\AIOTED-digital\04_joe_lcd_20x32\0_main_dig5_20260802-105044.jpg,0,0,0.999998,0.999998,0.000000,0.000000,0.000000,0.000000,0.000000,0.000000,0.000000,0.000002,0.000000,0.000000,5,20260802-105044,zeros,100.365
C:\Users\josep\source\repos\AIOTED-digital\04_joe_lcd_20x32\0_main_dig5_20260802-121444.jpg,0,0,0.999999,0.999999,0.000000,0.000000,0.000000,0.000000,0.000000,0.000000,0.000000,0.000001,0.000000,0.000000,5,20260802-121444,zeros,133.698
C:\Users\josep\source\repos\AIOTED-digital\04_joe_lcd_20x32\0_main_dig5_20260802-125044.jpg,0,0,0.999999,0.999999,0.000000,0.000000,0.000000,0.000000,0.000000,0.000000,0.000000,0.000001,0.000000,0.000000,5,20260802-125044,zeros,139.077
C:\Users\josep\source\repos\AIOTED-digital\04_joe_lcd_20x32\0_main_dig5_20260802-143044.jpg,0,0,1.000000,1.000000,0.000000,0.000000,0.000000,0.000000,0.000000,0.000000,0.000000,0.000000,0.000000,0.000000,5,20260802-143044,zeros,149.968
C:\Users\josep\source\repos\AIOTED-digital\04_joe_lcd_20x32\0_main_dig5_20260802-151044.jpg,0,0,1.000000,1.000000,0.000000,0.000000,0.000000,0.000000,0.000000,0.000000,0.000000,0.000000,0.000000,0.000000,5,20260802-151044,zeros,148.100
C:\Users\josep\source\repos\AIOTED-digital\04_joe_lcd_20x32\0_main_dig5_20260802-191210.jpg,0,0,1.000000,1.000000,0.000000,0.000000,0.000000,0.000000,0.000000,0.000000,0.000000,0.000000,0.000000,0.000000,5,20260802-191210,zeros,61.584
C:\Users\josep\source\repos\AIOTED-digital\04_joe_lcd_20x32\0_main_dig5_20260804-020325.jpg,0,0,0.973355,0.973355,0.000000,0.000000,0.000000,0.000000,0.000000,0.000068,0.000000,0.026576,0.000000,0.000000,5,20260804-020325,zeros,52.968
C:\Users\josep\source\repos\AIOTED-digital\04_joe_lcd_20x32\0_main_dig5_20260804-032325.jpg,0,0,0.972812,0.972812,0.000000,0.000000,0.000000,0.000000,0.000000,0.000127,0.000000,0.027060,0.000001,0.000000,5,20260804-032325,zeros,53.109
C:\Users\josep\source\repos\AIOTED-digital\04_joe_lcd_20x32\0_main_dig5_20260804-035125.jpg,0,0,0.818846,0.818846,0.000000,0.000000,0.000000,0.000000,0.000001,0.000414,0.000000,0.180738,0.000001,0.000000,5,20260804-035125,kwh,51.152
C:\Users\josep\source\repos\AIOTED-digital\04_joe_lcd_20x32\0_main_dig5_20260804-090018.jpg,0,0,1.000000,1.000000,0.000000,0.000000,0.000000,0.000000,0.000000,0.000000,0.000000,0.000000,0.000000,0.000000,5,20260804-090018,zeros,55.772
C:\Users\josep\source\repos\AIOTED-digital\04_joe_lcd_20x32\0_main_dig5_20260804-164817.jpg,0,0,0.999999,0.999999,0.000000,0.000000,0.000000,0.000000,0.000000,0.000000,0.000000,0.000001,0.000000,0.000000,5,20260804-164817,zeros,61.311
C:\Users\josep\source\repos\AIOTED-digital\04_joe_lcd_20x32\0_main_dig5_20260804-165217.jpg,0,0,0.999999,0.999999,0.000000,0.000000,0.000000,0.000000,0.000000,0.000000,0.000000,0.000001,0.000000,0.000000,5,20260804-165217,zeros,56.495
C:\Users\josep\source\repos\AIOTED-digital\04_joe_lcd_20x32\0_main_dig5_20260804-190417.jpg,0,0,0.998869,0.998869,0.000000,0.000000,0.000000,0.000000,0.000000,0.000000,0.000000,0.001131,0.000000,0.000000,5,20260804-190417,kwh,52.843
C:\Users\josep\source\repos\AIOTED-digital\04_joe_lcd_20x32\0_main_dig5_20260804-192417.jpg,0,0,0.997343,0.997343,0.000000,0.000000,0.000000,0.000000,0.000000,0.000000,0.000000,0.002657,0.000000,0.000000,5,20260804-192417,kwh,51.103
C:\Users\josep\source\repos\AIOTED-digital\04_joe_lcd_20x32\0_main_dig5_20260804-203217.jpg,0,0,0.594507,0.594507,0.000000,0.000000,0.000000,0.000000,0.000000,0.000000,0.000000,0.405493,0.000000,0.000000,5,20260804-203217,kwh,61.442
C:\Users\josep\source\repos\AIOTED-digital\04_joe_lcd_20x32\0_main_dig5_20260804-204017.jpg,0,0,0.795668,0.795668,0.000000,0.000000,0.000000,0.000000,0.000000,0.000000,0.000000,0.204332,0.000000,0.000000,5,20260804-204017,kwh,62.751
C:\Users\josep\source\repos\AIOTED-digital\04_joe_lcd_20x32\0_main_dig5_20260804-205217.jpg,0,0,0.706551,0.706551,0.000000,0.000000,0.000000,0.000000,0.000000,0.000000,0.000000,0.293449,0.000000,0.000000,5,20260804-205217,kwh,61.829
C:\Users\josep\source\repos\AIOTED-digital\04_joe_lcd_20x32\0_main_dig5_20260804-212417.jpg,0,0,0.595820,0.595820,0.000000,0.000000,0.000000,0.000000,0.000000,0.000000,0.000000,0.404180,0.000000,0.000000,5,20260804-212417,zeros,61.063
C:\Users\josep\source\repos\AIOTED-digital\04_joe_lcd_20x32\0_main_dig5_20260804-214417.jpg,0,0,0.615178,0.615178,0.000000,0.000000,0.000000,0.000000,0.000000,0.000000,0.000000,0.384822,0.000000,0.000000,5,20260804-214417,zeros,62.911
C:\Users\josep\source\repos\AIOTED-digital\04_joe_lcd_20x32\0_main_dig5_20260804-215617.jpg,0,0,0.944373,0.944373,0.000000,0.000000,0.000000,0.000000,0.000000,0.000000,0.000000,0.055627,0.000000,0.000000,5,20260804-215617,zeros,65.066
C:\Users\josep\source\repos\AIOTED-digital\04_joe_lcd_20x32\0_main_dig5_20260804-220417.jpg,0,0,0.915287,0.915287,0.000000,0.000000,0.000000,0.000000,0.000000,0.000000,0.000000,0.084713,0.000000,0.000000,5,20260804-220417,zeros,61.543
C:\Users\josep\source\repos\AIOTED-digital\04_joe_lcd_20x32\0_main_dig5_20260804-231617.jpg,0,0,0.750782,0.750782,0.000000,0.000000,0.000000,0.000000,0.000000,0.000000,0.000000,0.249217,0.000001,0.000000,5,20260804-231617,zeros,63.618
C:\Users\josep\source\repos\AIOTED-digital\04_joe_lcd_20x32\0_main_dig5_20260804-233617.jpg,0,0,0.809051,0.809051,0.000000,0.000000,0.000000,0.000000,0.000000,0.000000,0.000000,0.190948,0.000001,0.000000,5,20260804-233617,zeros,64.004
C:\Users\josep\source\repos\AIOTED-digital\04_joe_lcd_20x32\0_main_dig5_20260816-073802.jpg,0,0,0.999999,0.999999,0.000000,0.000000,0.000000,0.000000,0.000000,0.000000,0.000000,0.000001,0.000000,0.000000,5,20260816-073802,zeros,56.131
C:\Users\josep\source\repos\AIOTED-digital\04_joe_lcd_20x32\0_main_dig5_20260819-175755.jpg,0,0,0.999996,0.999996,0.000000,0.000000,0.000000,0.000000,0.000000,0.000000,0.000000,0.000004,0.000000,0.000000,5,20260819-175755,zeros,60.131
C:\Users\josep\source\repos\AIOTED-digital\04_joe_lcd_20x32\0_main_dig5_20260823-162548.jpg,0,0,1.000000,1.000000,0.000000,0.000000,0.000000,0.000000,0.000000,0.000000,0.000000,0.000000,0.000000,0.000000,5,20260823-162548,zeros,58.521
C:\Users\josep\source\repos\AIOTED-digital\04_joe_lcd_20x32\0_main_dig5_20260823-174948.jpg,0,0,0.999998,0.999998,0.000000,0.000000,0.000000,0.000000,0.000000,0.000000,0.000000,0.000002,0.000000,0.000000,5,20260823-174948,zeros,56.498
C:\Users\josep\source\repos\AIOTED-digital\04_joe_lcd_20x32\0_main_dig5_20260823-180148.jpg,0,0,0.999767,0.999767,0.000000,0.000000,0.000000,0.000000,0.000000,0.000000,0.000000,0.000233,0.000000,0.000000,5,20260823-180148,kwh,56.362
C:\Users\josep\source\repos\AIOTED-digital\04_joe_lcd_20x32\0_main_dig5_20260823-182148.jpg,0,0,0.999854,0.999854,0.000000,0.000000,0.000000,0.000000,0.000000,0.000000,0.000000,0.000146,0.000000,0.000000,5,20260823-182148,kwh,58.832
C:\Users\josep\source\repos\AIOTED-digital\04_joe_lcd_20x32\0_main_dig5_20260823-213748.jpg,0,0,0.966604,0.966604,0.000000,0.000000,0.000000,0.000000,0.000000,0.000000,0.000000,0.033396,0.000000,0.000000,5,20260823-213748,zeros,65.991
C:\Users\josep\source\repos\AIOTED-digital\04_joe_lcd_20x32\0_main_dig5_20260823-232948.jpg,0,0,0.553230,0.553230,0.000000,0.000000,0.000000,0.000000,0.000000,0.000001,0.000000,0.446770,0.000000,0.000000,5,20260823-232948,kwh,63.625
C:\Users\josep\source\repos\AIOTED-digital\04_joe_lcd_20x32\0_main_dig5_20260910-222400.jpg,0,0,0.842477,0.842477,0.000000,0.000001,0.000000,0.000000,0.000000,0.000301,0.000000,0.157214,0.000007,0.000000,5,20260910-222400,blank09,59.638
C:\Users\josep\source\repos\AIOTED-digital\04_joe_lcd_20x32\0_main_dig6_20260731-074105.jpg,0,0,1.000000,1.000000,0.000000,0.000000,0.000000,0.000000,0.000000,0.000000,0.000000,0.000000,0.000000,0.000000,6,20260731-074105,kwh,133.727
C:\Users\josep\source\repos\AIOTED-digital\04_joe_lcd_20x32\0_main_dig6_20260731-075235.jpg,0,0,1.000000,1.000000,0.000000,0.000000,0.000000,0.000000,0.000000,0.000000,0.000000,0.000000,0.000000,0.000000,6,20260731-075235,kwh,135.819
C:\Users\josep\source\repos\AIOTED-digital\04_joe_lcd_20x32\0_main_dig6_20260731-090855.jpg,0,0,1.000000,1.000000,0.000000,0.000000,0.000000,0.000000,0.000000,0.000000,0.000000,0.000000,0.000000,0.000000,6,20260731-090855,zeros,79.192
C:\Users\josep\source\repos\AIOTED-digital\04_joe_lcd_20x32\0_main_dig6_20260731-092025.jpg,0,0,1.000000,1.000000,0.000000,0.000000,0.000000,0.000000,0.000000,0.000000,0.000000,0.000000,0.000000,0.000000,6,20260731-092025,zeros,81.187
C:\Users\josep\source\repos\AIOTED-digital\04_joe_lcd_20x32\0_main_dig6_20260804-053125.jpg,0,0,0.745041,0.745041,0.000080,0.000003,0.000027,0.000565,0.000141,0.000007,0.003439,0.090699,0.159993,0.000005,6,20260804-053125,zeros,27.827
C:\Users\josep\source\repos\AIOTED-digital\04_joe_lcd_20x32\0_main_dig6_20260804-193617.jpg,0,0,0.999992,0.999992,0.000000,0.000000,0.000000,0.000000,0.000000,0.000000,0.000000,0.000008,0.000000,0.000000,6,20260804-193617,zeros,26.015
C:\Users\josep\source\repos\AIOTED-digital\04_joe_lcd_20x32\0_main_dig6_20260804-203617.jpg,0,0,0.971739,0.971739,0.000001,0.000000,0.000000,0.000002,0.000000,0.000000,0.000012,0.025704,0.002541,0.000000,6,20260804-203617,zeros,31.669
C:\Users\josep\source\repos\AIOTED-digital\04_joe_lcd_20x32\0_main_dig6_20260804-210417.jpg,0,0,0.960131,0.960131,0.000003,0.000000,0.000000,0.000004,0.000000,0.000001,0.000029,0.038249,0.001583,0.000000,6,20260804-210417,zeros,30.007
C:\Users\josep\source\repos\AIOTED-digital\04_joe_lcd_20x32\0_main_dig6_20260804-212417.jpg,0,0,0.915907,0.915907,0.000001,0.000000,0.000000,0.000003,0.000001,0.000001,0.000023,0.076729,0.007335,0.000000,6,20260804-212417,zeros,29.171
C:\Users\josep\source\repos\AIOTED-digital\04_joe_lcd_20x32\0_main_dig6_20260804-220417.jpg,0,0,0.953379,0.953379,0.000001,0.000000,0.000000,0.000004,0.000002,0.000003,0.000026,0.041575,0.005010,0.000000,6,20260804-220417,zeros,33.078
C:\Users\josep\source\repos\AIOTED-digital\04_joe_lcd_20x32\0_main_dig6_20260816-022202.jpg,0,8,0.728128,0.258768,0.000001,0.000341,0.000099,0.000003,0.000107,0.000479,0.000127,0.728128,0.011948,0.000000,6,20260816-022202,kwh,29.917
C:\Users\josep\source\repos\AIOTED-digital\04_joe_lcd_20x32\0_main_dig6_20260816-022602.jpg,0,0,0.533101,0.533101,0.000009,0.000271,0.000171,0.000033,0.000350,0.000697,0.000619,0.435403,0.029344,0.000000,6,20260816-022602,zeros,30.395
C:\Users\josep\source\repos\AIOTED-digital\04_joe_lcd_20x32\0_main_dig6_20260816-024202.jpg,0,0,0.490020,0.490020,0.000003,0.000057,0.000032,0.000014,0.000823,0.002233,0.000145,0.485210,0.021462,0.000000,6,20260816-024202,zeros,30.032
C:\Users\josep\source\repos\AIOTED-digital\04_joe_lcd_20x32\0_main_dig6_20260816-024602.jpg,0,8,0.677938,0.302370,0.000002,0.000273,0.000152,0.000013,0.000357,0.001773,0.000160,0.677938,0.016962,0.000000,6,20260816-024602,kwh,30.801
C:\Users\josep\source\repos\AIOTED-digital\04_joe_lcd_20x32\0_main_dig6_20260816-102202.jpg,0,0,1.000000,1.000000,0.000000,0.000000,0.000000,0.000000,0.000000,0.000000,0.000000,0.000000,0.000000,0.000000,6,20260816-102202,zeros,76.145
C:\Users\josep\source\repos\AIOTED-digital\04_joe_lcd_20x32\0_main_dig6_20260816-103402.jpg,0,0,1.000000,1.000000,0.000000,0.000000,0.000000,0.000000,0.000000,0.000000,0.000000,0.000000,0.000000,0.000000,6,20260816-103402,zeros,59.878
C:\Users\josep\source\repos\AIOTED-digital\04_joe_lcd_20x32\0_main_dig6_20260819-163356.jpg,0,0,1.000000,1.000000,0.000000,0.000000,0.000000,0.000000,0.000000,0.000000,0.000000,0.000000,0.000000,0.000000,6,20260819-163356,kwh,55.034
C:\Users\josep\source\repos\AIOTED-digital\04_joe_lcd_20x32\0_main_dig6_20260819-214155.jpg,0,0,0.724364,0.724364,0.000000,0.000018,0.000012,0.000002,0.000929,0.001111,0.000093,0.249205,0.024266,0.000000,6,20260819-214155,zeros,30.628
C:\Users\josep\source\repos\AIOTED-digital\04_joe_lcd_20x32\0_main_dig6_20260819-224155.jpg,0,8,0.501162,0.449126,0.000001,0.000037,0.000056,0.000007,0.002603,0.004617,0.000102,0.501162,0.042290,0.000000,6,20260819-224155,kwh,30.402
C:\Users\josep\source\repos\AIOTED-digital\04_joe_lcd_20x32\0_main_dig6_20260819-224955.jpg,0,8,0.549722,0.418848,0.000001,0.000148,0.000063,0.000018,0.000405,0.001145,0.000113,0.549722,0.029537,0.000000,6,20260819-224955,zeros,30.083
C:\Users\josep\source\repos\AIOTED-digital\04_joe_lcd_20x32\0_main_dig6_20260819-225355.jpg,0,0,0.531056,0.531056,0.000001,0.000093,0.000045,0.000011,0.000434,0.001177,0.000128,0.438093,0.028961,0.000000,6,20260819-225355,kwh,29.110
C:\Users\josep\source\repos\AIOTED-digital\04_joe_lcd_20x32\0_main_dig6_20260823-172948.jpg,0,0,1.000000,1.000000,0.000000,0.000000,0.000000,0.000000,0.000000,0.000000,0.000000,0.000000,0.000000,0.000000,6,20260823-172948,kwh,46.231
C:\Users\josep\source\repos\AIOTED-digital\04_joe_lcd_20x32\0_main_dig6_20260910-125201.jpg,0,0,1.000000,1.000000,0.000000,0.000000,0.000000,0.000000,0.000000,0.000000,0.000000,0.000000,0.000000,0.000000,6,20260910-125201,kwh,75.880
C:\Users\josep\source\repos\AIOTED-digital\04_joe_lcd_20x32\0_main_dig6_20260910-170801.jpg,0,0,1.000000,1.000000,0.000000,0.000000,0.000000,0.000000,0.000000,0.000000,0.000000,0.000000,0.000000,0.000000,6,20260910-170801,kwh,41.155
C:\Users\josep\source\repos\AIOTED-digital\04_joe_lcd_20x32\0_main_dig6_20260910-172001.jpg,0,0,1.000000,1.000000,0.000000,0.000000,0.000000,0.000000,0.000000,0.000000,0.000000,0.000000,0.000000,0.000000,6,20260910-172001,kwh,42.835
C:\Users\josep\source\repos\AIOTED-digital\04_joe_lcd_20x32\0_main_dig6_20260913-154939.jpg,0,0,1.000000,1.000000,0.000000,0.000000,0.000000,0.000000,0.000000,0.000000,0.000000,0.000000,0.000000,0.000000,6,20260913-154939,kwh,75.187
C:\Users\josep\source\repos\AIOTED-digital\04_joe_lcd_20x32\0_main_dig6_20260913-155740.jpg,0,0,1.000000,1.000000,0.000000,0.000000,0.000000,0.000000,0.000000,0.000000,0.000000,0.000000,0.000000,0.000000,6,20260913-155740,kwh,53.528
C:\Users\josep\source\repos\AIOTED-digital\04_joe_lcd_20x32\0_main_dig6_20260913-161739.jpg,0,0,1.000000,1.000000,0.000000,0.000000,0.000000,0.000000,0.000000,0.000000,0.000000,0.000000,0.000000,0.000000,6,20260913-161739,kwh,51.142
C:\Users\josep\source\repos\AIOTED-digital\04_joe_lcd_20x32\0_main_dig6_20260913-163739.jpg,0,0,1.000000,1.000000,0.000000,0.000000,0.000000,0.000000,0.000000,0.000000,0.000000,0.000000,0.000000,0.000000,6,20260913-163739,zeros,49.836
C:\Users\josep\source\repos\AIOTED-digital\04_joe_lcd_20x32\0_main_dig6_20260914-133338.jpg,0,0,1.000000,1.000000,0.000000,0.000000,0.000000,0.000000,0.000000,0.000000,0.000000,0.000000,0.000000,0.000000,6,20260914-133338,kwh,88.293
C:\Users\josep\source\repos\AIOTED-digital\04_joe_lcd_20x32\0_main_dig6_20260927-111843.jpg,0,0,0.999999,0.999999,0.000000,0.000000,0.000000,0.000000,0.000000,0.000000,0.000000,0.000001,0.000000,0.000000,6,20260927-111843,kwh,85.091
C:\Users\josep\source\repos\AIOTED-digital\04_joe_lcd_20x32\0_main_dig6_20260927-113843.jpg,0,0,1.000000,1.000000,0.000000,0.000000,0.000000,0.000000,0.000000,0.000000,0.000000,0.000000,0.000000,0.000000,6,20260927-113843,kwh,90.486
C:\Users\josep\source\repos\AIOTED-digital\04_joe_lcd_20x32\1_main_dig4_20260819-003757.jpg,1,1,1.000000,0.000000,1.000000,0.000000,0.000000,0.000000,0.000000,0.000000,0.000000,0.000000,0.000000,0.000000,4,20260819-003757,kwh,62.087
C:\Users\josep\source\repos\AIOTED-digital\04_joe_lcd_20x32\1_main_dig4_20260819-015757.jpg,1,1,1.000000,0.000000,1.000000,0.000000,0.000000,0.000000,0.000000,0.000000,0.000000,0.000000,0.000000,0.000000,4,20260819-015757,kwh,61.986
C:\Users\josep\source\repos\AIOTED-digital\04_joe_lcd_20x32\1_main_dig4_20260819-021757.jpg,1,1,0.999998,0.000000,0.999998,0.000000,0.000000,0.000000,0.000000,0.000000,0.000002,0.000000,0.000000,0.000000,4,20260819-021757,kwh,60.689
C:\Users\josep\source\repos\AIOTED-digital\04_joe_lcd_20x32\1_main_dig4_20260819-035757.jpg,1,1,0.999999,0.000000,0.999999,0.000000,0.000000,0.000000,0.000000,0.000000,0.000001,0.000000,0.000000,0.000000,4,20260819-035757,kwh,59.739
C:\Users\josep\source\repos\AIOTED-digital\04_joe_lcd_20x32\1_main_dig4_20260819-044557.jpg,1,1,0.999999,0.000000,0.999999,0.000000,0.000000,0.000000,0.000000,0.000000,0.000001,0.000000,0.000000,0.000000,4,20260819-044557,kwh,60.341
C:\Users\josep\source\repos\AIOTED-digital\04_joe_lcd_20x32\1_main_dig4_20260819-053356.jpg,1,1,0.999997,0.000000,0.999997,0.000000,0.000000,0.000000,0.000000,0.000000,0.000003,0.000000,0.000000,0.000000,4,20260819-053356,kwh,60.880
C:\Users\josep\source\repos\AIOTED-digital\04_joe_lcd_20x32\1_main_dig4_20260819-065356.jpg,1,1,0.999999,0.000000,0.999999,0.000000,0.000000,0.000000,0.000000,0.000000,0.000001,0.000000,0.000000,0.000000,4,20260819-065356,kwh,59.013
C:\Users\josep\source\repos\AIOTED-digital\04_joe_lcd_20x32\1_main_dig4_20260819-070556.jpg,1,1,0.999994,0.000000,0.999994,0.000000,0.000000,0.000000,0.000000,0.000000,0.000006,0.000000,0.000000,0.000000,4,20260819-070556,kwh,58.100
C:\Users\josep\source\repos\AIOTED-digital\04_joe_lcd_20x32\1_main_dig4_20260819-071356.jpg,1,1,0.999987,0.000000,0.999987,0.000000,0.000000,0.000000,0.000000,0.000000,0.000014,0.000000,0.000000,0.000000,4,20260819-071356,kwh,60.704
C:\Users\josep\source\repos\AIOTED-digital\04_joe_lcd_20x32\1_main_dig4_20260819-073356.jpg,1,1,0.999987,0.000000,0.999987,0.000000,0.000000,0.000000,0.000000,0.000000,0.000013,0.000000,0.000000,0.000000,4,20260819-073356,kwh,60.165
C:\Users\josep\source\repos\AIOTED-digital\04_joe_lcd_20x32\1_main_dig4_20260819-164156.jpg,1,1,0.999973,0.000000,0.999973,0.000000,0.000000,0.000000,0.000000,0.000000,0.000027,0.000000,0.000000,0.000000,4,20260819-164156,kwh,62.920
C:\Users\josep\source\repos\AIOTED-digital\04_joe_lcd_20x32\1_main_dig4_20260819-170155.jpg,1,1,0.999997,0.000000,0.999997,0.000000,0.000000,0.000000,0.000000,0.000000,0.000003,0.000000,0.000000,0.000000,4,20260819-170155,kwh,60.888
C:\Users\josep\source\repos\AIOTED-digital\04_joe_lcd_20x32\1_main_dig4_20260819-171355.jpg,1,1,0.999997,0.000000,0.999997,0.000000,0.000000,0.000000,0.000000,0.000000,0.000003,0.000000,0.000000,0.000000,4,20260819-171355,kwh,60.927
C:\Users\josep\source\repos\AIOTED-digital\04_joe_lcd_20x32\1_main_dig4_20260819-172155.jpg,1,1,0.999990,0.000000,0.999990,0.000000,0.000000,0.000000,0.000000,0.000000,0.000010,0.000000,0.000000,0.000000,4,20260819-172155,kwh,60.571
C:\Users\josep\source\repos\AIOTED-digital\04_joe_lcd_20x32\1_main_dig4_20260819-173355.jpg,1,1,0.999999,0.000000,0.999999,0.000000,0.000000,0.000000,0.000000,0.000000,0.000001,0.000000,0.000000,0.000000,4,20260819-173355,kwh,61.278
C:\Users\josep\source\repos\AIOTED-digital\04_joe_lcd_20x32\1_main_dig4_20260819-185355.jpg,1,1,0.999999,0.000000,0.999999,0.000000,0.000000,0.000000,0.000000,0.000000,0.000001,0.000000,0.000000,0.000000,4,20260819-185355,kwh,60.842
C:\Users\josep\source\repos\AIOTED-digital\04_joe_lcd_20x32\1_main_dig4_20260819-192155.jpg,1,1,1.000000,0.000000,1.000000,0.000000,0.000000,0.000000,0.000000,0.000000,0.000000,0.000000,0.000000,0.000000,4,20260819-192155,kwh,61.953
C:\Users\josep\source\repos\AIOTED-digital\04_joe_lcd_20x32\1_main_dig4_20260819-212155.jpg,1,1,1.000000,0.000000,1.000000,0.000000,0.000000,0.000000,0.000000,0.000000,0.000000,0.000000,0.000000,0.000000,4,20260819-212155,kwh,62.322
C:\Users\josep\source\repos\AIOTED-digital\04_joe_lcd_20x32\1_main_dig4_20260819-213355.jpg,1,1,0.999999,0.000000,0.999999,0.000000,0.000000,0.000000,0.000000,0.000000,0.000001,0.000000,0.000000,0.000000,4,20260819-213355,kwh,60.882
C:\Users\josep\source\repos\AIOTED-digital\04_joe_lcd_20x32\1_main_dig4_20260819-220155.jpg,1,1,1.000000,0.000000,1.000000,0.000000,0.000000,0.000000,0.000000,0.000000,0.000000,0.000000,0.000000,0.000000,4,20260819-220155,kwh,61.160
C:\Users\josep\source\repos\AIOTED-digital\04_joe_lcd_20x32\1_main_dig4_20260819-230955.jpg,1,1,1.000000,0.000000,1.000000,0.000000,0.000000,0.000000,0.000000,0.000000,0.000000,0.000000,0.000000,0.000000,4,20260819-230955,kwh,60.865
C:\Users\josep\source\repos\AIOTED-digital\04_joe_lcd_20x32\1_main_dig4_20260819-233355.jpg,1,1,1.000000,0.000000,1.000000,0.000000,0.000000,0.000000,0.000000,0.000000,0.000000,0.000000,0.000000,0.000000,4,20260819-233355,kwh,61.837
C:\Users\josep\source\repos\AIOTED-digital\04_joe_lcd_20x32\1_main_dig5_20260802-132644.jpg,1,1,0.999961,0.000000,0.999961,0.000000,0.000000,0.000000,0.000000,0.000000,0.000039,0.000000,0.000000,0.000000,5,20260802-132644,kwh,132.515
C:\Users\josep\source\repos\AIOTED-digital\04_joe_lcd_20x32\1_main_dig5_20260802-140644.jpg,1,1,0.998468,0.000000,0.998468,0.000000,0.000000,0.000024,0.000000,0.000000,0.001507,0.000000,0.000000,0.000000,5,20260802-140644,kwh,132.734
C:\Users\josep\source\repos\AIOTED-digital\04_joe_lcd_20x32\1_main_dig5_20260802-144644.jpg,1,1,0.996134,0.000001,0.996134,0.000000,0.000000,0.000008,0.000000,0.000000,0.003857,0.000000,0.000000,0.000000,5,20260802-144644,kwh,139.530
C:\Users\josep\source\repos\AIOTED-digital\04_joe_lcd_20x32\1_main_dig5_20260802-152644.jpg,1,1,0.999434,0.000000,0.999434,0.000000,0.000000,0.000016,0.000000,0.000000,0.000550,0.000000,0.000000,0.000000,5,20260802-152644,kwh,135.461
C:\Users\josep\source\repos\AIOTED-digital\04_joe_lcd_20x32\1_main_dig5_20260802-160644.jpg,1,1,0.999777,0.000000,0.999777,0.000000,0.000000,0.000011,0.000000,0.000000,0.000213,0.000000,0.000000,0.000000,5,20260802-160644,kwh,132.491
C:\Users\josep\source\repos\AIOTED-digital\04_joe_lcd_20x32\1_main_dig5_20260804-212017.jpg,1,1,0.999998,0.000000,0.999998,0.000000,0.000000,0.000000,0.000000,0.000000,0.000002,0.000000,0.000000,0.000000,5,20260804-212017,kwh,60.043
C:\Users\josep\source\repos\AIOTED-digital\04_joe_lcd_20x32\1_main_dig5_20260804-213217.jpg,1,1,0.999996,0.000000,0.999996,0.000000,0.000000,0.000000,0.000000,0.000000,0.000004,0.000000,0.000000,0.000000,5,20260804-213217,kwh,60.891
C:\Users\josep\source\repos\AIOTED-digital\04_joe_lcd_20x32\1_main_dig5_20260804-214017.jpg,1,1,1.000000,0.000000,1.000000,0.000000,0.000000,0.000000,0.000000,0.000000,0.000000,0.000000,0.000000,0.000000,5,20260804-214017,kwh,60.192
C:\Users\josep\source\repos\AIOTED-digital\04_joe_lcd_20x32\1_main_dig5_20260804-215217.jpg,1,1,0.999996,0.000000,0.999996,0.000000,0.000000,0.000000,0.000000,0.000000,0.000004,0.000000,0.000000,0.000000,5,20260804-215217,kwh,58.019
C:\Users\josep\source\repos\AIOTED-digital\04_joe_lcd_20x32\1_main_dig5_20260804-221217.jpg,1,1,0.999995,0.000000,0.999995,0.000000,0.000000,0.000000,0.000000,0.000000,0.000005,0.000000,0.000000,0.000000,5,20260804-221217,kwh,58.584
C:\Users\josep\source\repos\AIOTED-digital\04_joe_lcd_20x32\1_main_dig5_20260804-222017.jpg,1,1,0.999998,0.000000,0.999998,0.000000,0.000000,0.000000,0.000000,0.000000,0.000002,0.000000,0.000000,0.000000,5,20260804-222017,kwh,61.043
C:\Users\josep\source\repos\AIOTED-digital\04_joe_lcd_20x32\1_main_dig5_20260804-223217.jpg,1,1,0.999999,0.000000,0.999999,0.000000,0.000000,0.000000,0.000000,0.000000,0.000001,0.000000,0.000000,0.000000,5,20260804-223217,kwh,60.240
C:\Users\josep\source\repos\AIOTED-digital\04_joe_lcd_20x32\1_main_dig5_20260804-224017.jpg,1,1,0.999999,0.000000,0.999999,0.000000,0.000000,0.000000,0.000000,0.000000,0.000001,0.000000,0.000000,0.000000,5,20260804-224017,kwh,58.456
C:\Users\josep\source\repos\AIOTED-digital\04_joe_lcd_20x32\1_main_dig5_20260804-225217.jpg,1,1,0.999997,0.000000,0.999997,0.000000,0.000000,0.000000,0.000000,0.000000,0.000003,0.000000,0.000000,0.000000,5,20260804-225217,kwh,57.107
C:\Users\josep\source\repos\AIOTED-digital\04_joe_lcd_20x32\1_main_dig5_20260804-230017.jpg,1,1,0.999998,0.000000,0.999998,0.000000,0.000000,0.000000,0.000000,0.000000,0.000002,0.000000,0.000000,0.000000,5,20260804-230017,kwh,59.100
C:\Users\josep\source\repos\AIOTED-digital\04_joe_lcd_20x32\1_main_dig5_20260804-231217.jpg,1,1,0.999991,0.000000,0.999991,0.000000,0.000000,0.000000,0.000000,0.000000,0.000009,0.000000,0.000000,0.000000,5,20260804-231217,kwh,58.090
C:\Users\josep\source\repos\AIOTED-digital\04_joe_lcd_20x32\1_main_dig5_20260804-232017.jpg,1,1,0.999999,0.000000,0.999999,0.000000,0.000000,0.000000,0.000000,0.000000,0.000001,0.000000,0.000000,0.000000,5,20260804-232017,kwh,58.007
C:\Users\josep\source\repos\AIOTED-digital\04_joe_lcd_20x32\1_main_dig5_20260804-233217.jpg,1,1,0.999998,0.000000,0.999998,0.000000,0.000000,0.000000,0.000000,0.000000,0.000002,0.000000,0.000000,0.000000,5,20260804-233217,kwh,58.236
C:\Users\josep\source\repos\AIOTED-digital\04_joe_lcd_20x32\1_main_dig5_20260804-234017.jpg,1,1,0.999999,0.000000,0.999999,0.000000,0.000000,0.000000,0.000000,0.000000,0.000001,0.000000,0.000000,0.000000,5,20260804-234017,kwh,57.875
C:\Users\josep\source\repos\AIOTED-digital\04_joe_lcd_20x32\1_main_dig5_20260804-235217.jpg,1,1,0.999999,0.000000,0.999999,0.000000,0.000000,0.000000,0.000000,0.000000,0.000001,0.000000,0.000000,0.000000,5,20260804-235217,kwh,57.477
C:\Users\josep\source\repos\AIOTED-digital\04_joe_lcd_20x32\1_main_dig5_20260816-001403.jpg,1,1,1.000000,0.000000,1.000000,0.000000,0.000000,0.000000,0.000000,0.000000,0.000000,0.000000,0.000000,0.000000,5,20260816-001403,kwh,65.619
C:\Users\josep\source\repos\AIOTED-digital\04_joe_lcd_20x32\1_main_dig5_20260816-003403.jpg,1,1,0.999999,0.000000,0.999999,0.000000,0.000000,0.000000,0.000000,0.000000,0.000001,0.000000,0.000000,0.000000,5,20260816-003403,kwh,64.228
C:\Users\josep\source\repos\AIOTED-digital\04_joe_lcd_20x32\1_main_dig5_20260816-005403.jpg,1,1,0.999999,0.000000,0.999999,0.000000,0.000000,0.000000,0.000000,0.000000,0.000001,0.000000,0.000000,0.000000,5,20260816-005403,kwh,64.622
C:\Users\josep\source\repos\AIOTED-digital\04_joe_lcd_20x32\1_main_dig6_20260802-075844.jpg,1,1,0.999993,0.000000,0.999993,0.000000,0.000000,0.000000,0.000000,0.000000,0.000007,0.000000,0.000000,0.000000,6,20260802-075844,kwh,67.893
C:\Users\josep\source\repos\AIOTED-digital\04_joe_lcd_20x32\1_main_dig6_20260802-180010.jpg,1,1,0.999993,0.000000,0.999993,0.000000,0.000000,0.000000,0.000000,0.000000,0.000007,0.000000,0.000000,0.000000,6,20260802-180010,kwh,62.635
C:\Users\josep\source\repos\AIOTED-digital\04_joe_lcd_20x32\1_main_dig6_20260804-124418.jpg,1,1,0.999997,0.000000,0.999997,0.000000,0.000000,0.000000,0.000000,0.000000,0.000003,0.000000,0.000000,0.000000,6,20260804-124418,kwh,59.787
C:\Users\josep\source\repos\AIOTED-digital\04_joe_lcd_20x32\1_main_dig6_20260804-214017.jpg,1,1,0.792035,0.019298,0.792035,0.015730,0.007541,0.019082,0.000068,0.000059,0.133033,0.006509,0.005662,0.000983,6,20260804-214017,kwh,33.193
C:\Users\josep\source\repos\AIOTED-digital\04_joe_lcd_20x32\1_main_dig6_20260804-215217.jpg,1,1,0.867175,0.005458,0.867175,0.011291,0.008590,0.011149,0.000026,0.000024,0.090647,0.002630,0.002406,0.000603,6,20260804-215217,kwh,30.291
C:\Users\josep\source\repos\AIOTED-digital\04_joe_lcd_20x32\1_main_dig6_20260804-221217.jpg,1,1,0.868390,0.004408,0.868390,0.010548,0.008021,0.004640,0.000020,0.000018,0.099583,0.001861,0.001463,0.001048,6,20260804-221217,kwh,32.441
C:\Users\josep\source\repos\AIOTED-digital\04_joe_lcd_20x32\1_main_dig6_20260816-032202.jpg,1,1,0.981731,0.000285,0.981731,0.000376,0.001284,0.009503,0.000005,0.000007,0.006404,0.000207,0.000185,0.000013,6,20260816-032202,kwh,29.797
C:\Users\josep\source\repos\AIOTED-digital\04_joe_lcd_20x32\1_main_dig6_20260816-033402.jpg,1,1,0.868006,0.007762,0.868006,0.012513,0.016672,0.041310,0.000070,0.000097,0.041425,0.007481,0.004473,0.000191,6,20260816-033402,kwh,28.926
C:\Users\josep\source\repos\AIOTED-digital\04_joe_lcd_20x32\1_main_dig6_20260816-110202.jpg,1,1,1.000000,0.000000,1.000000,0.000000,0.000000,0.000000,0.000000,0.000000,0.000000,0.000000,0.000000,0.000000,6,20260816-110202,kwh,76.028
C:\Users\josep\source\repos\AIOTED-digital\04_joe_lcd_20x32\1_main_dig6_20260816-201801.jpg,1,1,0.968889,0.000183,0.968889,0.000001,0.000002,0.030659,0.000001,0.000001,0.000232,0.000017,0.000016,0.000000,6,20260816-201801,kwh,27.855
C:\Users\josep\source\repos\AIOTED-digital\04_joe_lcd_20x32\1_main_dig6_20260819-081356.jpg,1,1,1.000000,0.000000,1.000000,0.000000,0.000000,0.000000,0.000000,0.000000,0.000000,0.000000,0.000000,0.000000,6,20260819-081356,kwh,72.918
C:\Users\josep\source\repos\AIOTED-digital\04_joe_lcd_20x32\1_main_dig6_20260819-082556.jpg,1,1,1.000000,0.000000,1.000000,0.000000,0.000000,0.000000,0.000000,0.000000,0.000000,0.000000,0.000000,0.000000,6,20260819-082556,kwh,75.795
C:\Users\josep\source\repos\AIOTED-digital\04_joe_lcd_20x32\1_main_dig6_20260819-171355.jpg,1,1,1.000000,0.000000,1.000000,0.000000,0.000000,0.000000,0.000000,0.000000,0.000000,0.000000,0.000000,0.000000,6,20260819-171355,kwh,39.343
C:\Users\josep\source\repos\AIOTED-digital\04_joe_lcd_20x32\1_main_dig6_20260819-230955.jpg,1,1,0.937899,0.001567,0.937899,0.007006,0.012223,0.012566,0.000007,0.000016,0.025516,0.002265,0.000875,0.000061,6,20260819-230955,kwh,26.212
C:\Users\josep\source\repos\AIOTED-digital\04_joe_lcd_20x32\1_main_dig6_20260819-231355.jpg,1,1,0.918451,0.003894,0.918451,0.010024,0.013156,0.021955,0.000013,0.000026,0.027219,0.003698,0.001444,0.000118,6,20260819-231355,kwh,28.903
C:\Users\josep\source\repos\AIOTED-digital\04_joe_lcd_20x32\1_main_dig6_20260819-232155.jpg,1,1,0.984356,0.000199,0.984356,0.001501,0.002230,0.006331,0.000002,0.000004,0.004975,0.000234,0.000140,0.000029,6,20260819-232155,kwh,29.286
C:\Users\josep\source\repos\AIOTED-digital\04_joe_lcd_20x32\1_main_dig6_20260823-071349.jpg,1,1,1.000000,0.000000,1.000000,0.000000,0.000000,0.000000,0.000000,0.000000,0.000000,0.000000,0.000000,0.000000,6,20260823-071349,kwh,41.880
C:\Users\josep\source\repos\AIOTED-digital\04_joe_lcd_20x32\1_main_dig6_20260823-072149.jpg,1,1,1.000000,0.000000,1.000000,0.000000,0.000000,0.000000,0.000000,0.000000,0.000000,0.000000,0.000000,0.000000,6,20260823-072149,kwh,53.768
C:\Users\josep\source\repos\AIOTED-digital\04_joe_lcd_20x32\1_main_dig6_20260823-074149.jpg,1,1,1.000000,0.000000,1.000000,0.000000,0.000000,0.000000,0.000000,0.000000,0.000000,0.000000,0.000000,0.000000,6,20260823-074149,kwh,50.804
C:\Users\josep\source\repos\AIOTED-digital\04_joe_lcd_20x32\1_main_dig6_20260823-175748.jpg,1,1,1.000000,0.000000,1.000000,0.000000,0.000000,0.000000,0.000000,0.000000,0.000000,0.000000,0.000000,0.000000,6,20260823-175748,kwh,34.883
C:\Users\josep\source\repos\AIOTED-digital\04_joe_lcd_20x32\1_main_dig6_20260910-055118.jpg,1,1,0.999988,0.000000,0.999988,0.000000,0.000000,0.000002,0.000000,0.000000,0.000010,0.000000,0.000000,0.000000,6,20260910-055118,kwh,21.000
C:\Users\josep\source\repos\AIOTED-digital\04_joe_lcd_20x32\1_main_dig6_20260910-135201.jpg,1,1,1.000000,0.000000,1.000000,0.000000,0.000000,0.000000,0.000000,0.000000,0.000000,0.000000,0.000000,0.000000,6,20260910-135201,kwh,60.178
C:\Users\josep\source\repos\AIOTED-digital\04_joe_lcd_20x32\1_main_dig6_20260910-172801.jpg,1,1,1.000000,0.000000,1.000000,0.000000,0.000000,0.000000,0.000000,0.000000,0.000000,0.000000,0.000000,0.000000,6,20260910-172801,kwh,32.015
C:\Users\josep\source\repos\AIOTED-digital\04_joe_lcd_20x32\1_main_dig6_20260910-174801.jpg,1,1,1.000000,0.000000,1.000000,0.000000,0.000000,0.000000,0.000000,0.000000,0.000000,0.000000,0.000000,0.000000,6,20260910-174801,kwh,27.912
C:\Users\josep\source\repos\AIOTED-digital\04_joe_lcd_20x32\1_main_dig6_20260913-064057.jpg,1,1,0.999994,0.000000,0.999994,0.000000,0.000000,0.000000,0.000000,0.000000,0.000006,0.000000,0.000000,0.000000,6,20260913-064057,kwh,17.576
C:\Users\josep\source\repos\AIOTED-digital\04_joe_lcd_20x32\1_main_dig6_20260913-164939.jpg,1,1,1.000000,0.000000,1.000000,0.000000,0.000000,0.000000,0.000000,0.000000,0.000000,0.000000,0.000000,0.000000,6,20260913-164939,kwh,39.103
C:\Users\josep\source\repos\AIOTED-digital\04_joe_lcd_20x32\1_main_dig6_20260914-051739.jpg,1,1,0.998029,0.000001,0.998029,0.000030,0.000220,0.000027,0.000000,0.000000,0.001690,0.000001,0.000001,0.000001,6,20260914-051739,kwh,24.925
C:\Users\josep\source\repos\AIOTED-digital\04_joe_lcd_20x32\1_main_dig6_20260914-053738.jpg,1,1,0.999676,0.000002,0.999676,0.000001,0.000002,0.000008,0.000000,0.000000,0.000310,0.000000,0.000000,0.000000,6,20260914-053738,kwh,20.723
C:\Users\josep\source\repos\AIOTED-digital\04_joe_lcd_20x32\1_main_dig6_20260914-055738.jpg,1,1,0.998615,0.000007,0.998615,0.000034,0.000074,0.000115,0.000000,0.000000,0.001150,0.000003,0.000002,0.000001,6,20260914-055738,kwh,20.033
C:\Users\josep\source\repos\AIOTED-digital\04_joe_lcd_20x32\1_main_dig6_20260914-060538.jpg,1,1,0.993709,0.000008,0.993709,0.000037,0.000143,0.000026,0.000000,0.000000,0.006074,0.000002,0.000001,0.000001,6,20260914-060538,kwh,19.872
C:\Users\josep\source\repos\AIOTED-digital\04_joe_lcd_20x32\1_main_dig6_20260914-141338.jpg,1,1,1.000000,0.000000,1.000000,0.000000,0.000000,0.000000,0.000000,0.000000,0.000000,0.000000,0.000000,0.000000,6,20260914-141338,kwh,60.992
C:\Users\josep\source\repos\AIOTED-digital\04_joe_lcd_20x32\1_main_dig6_20260914-150138.jpg,1,1,1.000000,0.000000,1.000000,0.000000,0.000000,0.000000,0.000000,0.000000,0.000000,0.000000,0.000000,0.000000,6,20260914-150138,kwh,49.227
C:\Users\josep\source\repos\AIOTED-digital\04_joe_lcd_20x32\1_main_dig6_20260927-121043.jpg,1,1,1.000000,0.000000,1.000000,0.000000,0.000000,0.000000,0.000000,0.000000,0.000000,0.000000,0.000000,0.000000,6,20260927-121043,kwh,70.353
C:\Users\josep\source\repos\AIOTED-digital\04_joe_lcd_20x32\2_main_dig4_20260823-001349.jpg,2,2,1.000000,0.000000,0.000000,1.000000,0.000000,0.000000,0.000000,0.000000,0.000000,0.000000,0.000000,0.000000,4,20260823-001349,kwh,67.843
C:\Users\josep\source\repos\AIOTED-digital\04_joe_lcd_20x32\2_main_dig4_20260823-005349.jpg,2,2,1.000000,0.000000,0.000000,1.000000,0.000000,0.000000,0.000000,0.000000,0.000000,0.000000,0.000000,0.000000,4,20260823-005349,kwh,68.062
C:\Users\josep\source\repos\AIOTED-digital\04_joe_lcd_20x32\2_main_dig4_20260823-022149.jpg,2,2,1.000000,0.000000,0.000000,1.000000,0.000000,0.000000,0.000000,0.000000,0.000000,0.000000,0.000000,0.000000,4,20260823-022149,kwh,67.156
C:\Users\josep\source\repos\AIOTED-digital\04_joe_lcd_20x32\2_main_dig4_20260823-030149.jpg,2,2,1.000000,0.000000,0.000000,1.000000,0.000000,0.000000,0.000000,0.000000,0.000000,0.000000,0.000000,0.000000,4,20260823-030149,kwh,65.836
C:\Users\josep\source\repos\AIOTED-digital\04_joe_lcd_20x32\2_main_dig4_20260823-035349.jpg,2,2,1.000000,0.000000,0.000000,1.000000,0.000000,0.000000,0.000000,0.000000,0.000000,0.000000,0.000000,0.000000,4,20260823-035349,kwh,66.034
C:\Users\josep\source\repos\AIOTED-digital\04_joe_lcd_20x32\2_main_dig4_20260823-043349.jpg,2,2,1.000000,0.000000,0.000000,1.000000,0.000000,0.000000,0.000000,0.000000,0.000000,0.000000,0.000000,0.000000,4,20260823-043349,kwh,67.746
C:\Users\josep\source\repos\AIOTED-digital\04_joe_lcd_20x32\2_main_dig4_20260823-044149.jpg,2,2,1.000000,0.000000,0.000000,1.000000,0.000000,0.000000,0.000000,0.000000,0.000000,0.000000,0.000000,0.000000,4,20260823-044149,kwh,65.854
C:\Users\josep\source\repos\AIOTED-digital\04_joe_lcd_20x32\2_main_dig4_20260823-050149.jpg,2,2,1.000000,0.000000,0.000000,1.000000,0.000000,0.000000,0.000000,0.000000,0.000000,0.000000,0.000000,0.000000,4,20260823-050149,kwh,65.852
C:\Users\josep\source\repos\AIOTED-digital\04_joe_lcd_20x32\2_main_dig4_20260823-063349.jpg,2,2,1.000000,0.000000,0.000000,1.000000,0.000000,0.000000,0.000000,0.000000,0.000000,0.000000,0.000000,0.000000,4,20260823-063349,kwh,63.821
C:\Users\josep\source\repos\AIOTED-digital\04_joe_lcd_20x32\2_main_dig4_20260823-064149.jpg,2,2,1.000000,0.000000,0.000000,1.000000,0.000000,0.000000,0.000000,0.000000,0.000000,0.000000,0.000000,0.000000,4,20260823-064149,kwh,62.933
C:\Users\josep\source\repos\AIOTED-digital\04_joe_lcd_20x32\2_main_dig4_20260823-071349.jpg,2,2,1.000000,0.000000,0.000000,1.000000,0.000000,0.000000,0.000000,0.000000,0.000000,0.000000,0.000000,0.000000,4,20260823-071349,kwh,61.320
C:\Users\josep\source\repos\AIOTED-digital\04_joe_lcd_20x32\2_main_dig4_20260823-081349.jpg,2,2,1.000000,0.000000,0.000000,1.000000,0.000000,0.000000,0.000000,0.000000,0.000000,0.000000,0.000000,0.000000,4,20260823-081349,kwh,83.098
C:\Users\josep\source\repos\AIOTED-digital\04_joe_lcd_20x32\2_main_dig4_20260823-104148.jpg,2,2,1.000000,0.000000,0.000000,1.000000,0.000000,0.000000,0.000000,0.000000,0.000000,0.000000,0.000000,0.000000,4,20260823-104148,kwh,79.088
C:\Users\josep\source\repos\AIOTED-digital\04_joe_lcd_20x32\2_main_dig4_20260823-162148.jpg,2,2,1.000000,0.000000,0.000000,1.000000,0.000000,0.000000,0.000000,0.000000,0.000000,0.000000,0.000000,0.000000,4,20260823-162148,kwh,67.384
C:\Users\josep\source\repos\AIOTED-digital\04_joe_lcd_20x32\2_main_dig4_20260823-164148.jpg,2,2,1.000000,0.000000,0.000000,1.000000,0.000000,0.000000,0.000000,0.000000,0.000000,0.000000,0.000000,0.000000,4,20260823-164148,kwh,64.708
C:\Users\josep\source\repos\AIOTED-digital\04_joe_lcd_20x32\2_main_dig4_20260823-170148.jpg,2,2,1.000000,0.000000,0.000000,1.000000,0.000000,0.000000,0.000000,0.000000,0.000000,0.000000,0.000000,0.000000,4,20260823-170148,kwh,65.090
C:\Users\josep\source\repos\AIOTED-digital\04_joe_lcd_20x32\2_main_dig4_20260823-171748.jpg,2,2,1.000000,0.000000,0.000000,1.000000,0.000000,0.000000,0.000000,0.000000,0.000000,0.000000,0.000000,0.000000,4,20260823-171748,kwh,64.041
C:\Users\josep\source\repos\AIOTED-digital\04_joe_lcd_20x32\2_main_dig4_20260823-172148.jpg,2,2,1.000000,0.000000,0.000000,1.000000,0.000000,0.000000,0.000000,0.000000,0.000000,0.000000,0.000000,0.000000,4,20260823-172148,kwh,64.049
C:\Users\josep\source\repos\AIOTED-digital\04_joe_lcd_20x32\2_main_dig5_20260802-172810.jpg,2,2,1.000000,0.000000,0.000000,1.000000,0.000000,0.000000,0.000000,0.000000,0.000000,0.000000,0.000000,0.000000,5,20260802-172810,kwh,102.806
C:\Users\josep\source\repos\AIOTED-digital\04_joe_lcd_20x32\2_main_dig5_20260802-201610.jpg,2,2,0.999980,0.000000,0.000000,0.999980,0.000019,0.000000,0.000000,0.000000,0.000000,0.000001,0.000000,0.000000,5,20260802-201610,kwh,40.296
C:\Users\josep\source\repos\AIOTED-digital\04_joe_lcd_20x32\2_main_dig5_20260802-202010.jpg,2,2,0.999987,0.000000,0.000000,0.999987,0.000013,0.000000,0.000000,0.000000,0.000000,0.000000,0.000000,0.000000,5,20260802-202010,kwh,39.858
C:\Users\josep\source\repos\AIOTED-digital\04_joe_lcd_20x32\2_main_dig5_20260802-202810.jpg,2,2,0.999972,0.000000,0.000000,0.999972,0.000025,0.000000,0.000000,0.000000,0.000003,0.000001,0.000000,0.000000,5,20260802-202810,kwh,43.300
C:\Users\josep\source\repos\AIOTED-digital\04_joe_lcd_20x32\2_main_dig5_20260802-203610.jpg,2,2,0.999245,0.000000,0.000000,0.999245,0.000739,0.000000,0.000000,0.000000,0.000012,0.000004,0.000000,0.000000,5,20260802-203610,kwh,42.287
C:\Users\josep\source\repos\AIOTED-digital\04_joe_lcd_20x32\2_main_dig5_20260802-204010.jpg,2,2,0.999922,0.000000,0.000000,0.999922,0.000074,0.000000,0.000000,0.000000,0.000003,0.000001,0.000000,0.000000,5,20260802-204010,kwh,43.177
C:\Users\josep\source\repos\AIOTED-digital\04_joe_lcd_20x32\2_main_dig5_20260802-204810.jpg,2,2,0.999976,0.000000,0.000000,0.999976,0.000022,0.000000,0.000000,0.000000,0.000002,0.000000,0.000000,0.000000,5,20260802-204810,kwh,47.781
C:\Users\josep\source\repos\AIOTED-digital\04_joe_lcd_20x32\2_main_dig5_20260802-205610.jpg,2,2,0.999976,0.000000,0.000000,0.999976,0.000023,0.000000,0.000000,0.000000,0.000001,0.000000,0.000000,0.000000,5,20260802-205610,kwh,48.072
C:\Users\josep\source\repos\AIOTED-digital\04_joe_lcd_20x32\2_main_dig5_20260802-210810.jpg,2,2,0.995625,0.000000,0.000002,0.995625,0.004126,0.000000,0.000000,0.000000,0.000245,0.000001,0.000000,0.000000,5,20260802-210810,kwh,48.189
C:\Users\josep\source\repos\AIOTED-digital\04_joe_lcd_20x32\2_main_dig5_20260802-211610.jpg,2,2,0.999723,0.000000,0.000000,0.999723,0.000272,0.000000,0.000000,0.000000,0.000004,0.000001,0.000000,0.000000,5,20260802-211610,kwh,48.448
C:\Users\josep\source\repos\AIOTED-digital\04_joe_lcd_20x32\2_main_dig5_20260816-022202.jpg,2,2,1.000000,0.000000,0.000000,1.000000,0.000000,0.000000,0.000000,0.000000,0.000000,0.000000,0.000000,0.000000,5,20260816-022202,kwh,64.153
C:\Users\josep\source\repos\AIOTED-digital\04_joe_lcd_20x32\2_main_dig5_20260816-023402.jpg,2,2,1.000000,0.000000,0.000000,1.000000,0.000000,0.000000,0.000000,0.000000,0.000000,0.000000,0.000000,0.000000,5,20260816-023402,kwh,65.648
C:\Users\josep\source\repos\AIOTED-digital\04_joe_lcd_20x32\2_main_dig5_20260816-030602.jpg,2,2,1.000000,0.000000,0.000000,1.000000,0.000000,0.000000,0.000000,0.000000,0.000000,0.000000,0.000000,0.000000,5,20260816-030602,kwh,64.637
C:\Users\josep\source\repos\AIOTED-digital\04_joe_lcd_20x32\2_main_dig5_20260816-032202.jpg,2,2,1.000000,0.000000,0.000000,1.000000,0.000000,0.000000,0.000000,0.000000,0.000000,0.000000,0.000000,0.000000,5,20260816-032202,kwh,65.187
C:\Users\josep\source\repos\AIOTED-digital\04_joe_lcd_20x32\2_main_dig5_20260816-033402.jpg,2,2,1.000000,0.000000,0.000000,1.000000,0.000000,0.000000,0.000000,0.000000,0.000000,0.000000,0.000000,0.000000,5,20260816-033402,kwh,65.197
C:\Users\josep\source\repos\AIOTED-digital\04_joe_lcd_20x32\2_main_dig5_20260816-042202.jpg,2,2,1.000000,0.000000,0.000000,1.000000,0.000000,0.000000,0.000000,0.000000,0.000000,0.000000,0.000000,0.000000,5,20260816-042202,kwh,66.216
C:\Users\josep\source\repos\AIOTED-digital\04_joe_lcd_20x32\2_main_dig5_20260816-045402.jpg,2,2,1.000000,0.000000,0.000000,1.000000,0.000000,0.000000,0.000000,0.000000,0.000000,0.000000,0.000000,0.000000,5,20260816-045402,kwh,65.122
C:\Users\josep\source\repos\AIOTED-digital\04_joe_lcd_20x32\2_main_dig5_20260816-053402.jpg,2,2,1.000000,0.000000,0.000000,1.000000,0.000000,0.000000,0.000000,0.000000,0.000000,0.000000,0.000000,0.000000,5,20260816-053402,kwh,64.680
C:\Users\josep\source\repos\AIOTED-digital\04_joe_lcd_20x32\2_main_dig5_20260816-055402.jpg,2,2,1.000000,0.000000,0.000000,1.000000,0.000000,0.000000,0.000000,0.000000,0.000000,0.000000,0.000000,0.000000,5,20260816-055402,kwh,64.302
C:\Users\josep\source\repos\AIOTED-digital\04_joe_lcd_20x32\2_main_dig5_20260816-064202.jpg,2,2,1.000000,0.000000,0.000000,1.000000,0.000000,0.000000,0.000000,0.000000,0.000000,0.000000,0.000000,0.000000,5,20260816-064202,kwh,57.004
C:\Users\josep\source\repos\AIOTED-digital\04_joe_lcd_20x32\2_main_dig5_20260816-065402.jpg,2,2,1.000000,0.000000,0.000000,1.000000,0.000000,0.000000,0.000000,0.000000,0.000000,0.000000,0.000000,0.000000,5,20260816-065402,kwh,54.832
C:\Users\josep\source\repos\AIOTED-digital\04_joe_lcd_20x32\2_main_dig5_20260816-070202.jpg,2,2,1.000000,0.000000,0.000000,1.000000,0.000000,0.000000,0.000000,0.000000,0.000000,0.000000,0.000000,0.000000,5,20260816-070202,kwh,53.110
C:\Users\josep\source\repos\AIOTED-digital\04_joe_lcd_20x32\2_main_dig5_20260816-071402.jpg,2,2,1.000000,0.000000,0.000000,1.000000,0.000000,0.000000,0.000000,0.000000,0.000000,0.000000,0.000000,0.000000,5,20260816-071402,kwh,52.137
C:\Users\josep\source\repos\AIOTED-digital\04_joe_lcd_20x32\2_main_dig5_20260816-072202.jpg,2,2,1.000000,0.000000,0.000000,1.000000,0.000000,0.000000,0.000000,0.000000,0.000000,0.000000,0.000000,0.000000,5,20260816-072202,kwh,52.278
C:\Users\josep\source\repos\AIOTED-digital\04_joe_lcd_20x32\2_main_dig5_20260816-073402.jpg,2,2,1.000000,0.000000,0.000000,1.000000,0.000000,0.000000,0.000000,0.000000,0.000000,0.000000,0.000000,0.000000,5,20260816-073402,kwh,51.290
C:\Users\josep\source\repos\AIOTED-digital\04_joe_lcd_20x32\2_main_dig5_20260816-080202.jpg,2,2,1.000000,0.000000,0.000000,1.000000,0.000000,0.000000,0.000000,0.000000,0.000000,0.000000,0.000000,0.000000,5,20260816-080202,kwh,62.979
C:\Users\josep\source\repos\AIOTED-digital\04_joe_lcd_20x32\2_main_dig5_20260816-082202.jpg,2,2,1.000000,0.000000,0.000000,1.000000,0.000000,0.000000,0.000000,0.000000,0.000000,0.000000,0.000000,0.000000,5,20260816-082202,kwh,57.352
C:\Users\josep\source\repos\AIOTED-digital\04_joe_lcd_20x32\2_main_dig5_20260816-083402.jpg,2,2,1.000000,0.000000,0.000000,1.000000,0.000000,0.000000,0.000000,0.000000,0.000000,0.000000,0.000000,0.000000,5,20260816-083402,kwh,63.160
C:\Users\josep\source\repos\AIOTED-digital\04_joe_lcd_20x32\2_main_dig5_20260816-084202.jpg,2,2,1.000000,0.000000,0.000000,1.000000,0.000000,0.000000,0.000000,0.000000,0.000000,0.000000,0.000000,0.000000,5,20260816-084202,kwh,54.651
C:\Users\josep\source\repos\AIOTED-digital\04_joe_lcd_20x32\2_main_dig5_20260816-085402.jpg,2,2,1.000000,0.000000,0.000000,1.000000,0.000000,0.000000,0.000000,0.000000,0.000000,0.000000,0.000000,0.000000,5,20260816-085402,kwh,51.762
C:\Users\josep\source\repos\AIOTED-digital\04_joe_lcd_20x32\2_main_dig5_20260816-090202.jpg,2,2,1.000000,0.000000,0.000000,1.000000,0.000000,0.000000,0.000000,0.000000,0.000000,0.000000,0.000000,0.000000,5,20260816-090202,kwh,51.969
C:\Users\josep\source\repos\AIOTED-digital\04_joe_lcd_20x32\2_main_dig5_20260816-091402.jpg,2,2,1.000000,0.000000,0.000000,1.000000,0.000000,0.000000,0.000000,0.000000,0.000000,0.000000,0.000000,0.000000,5,20260816-091402,kwh,52.401
C:\Users\josep\source\repos\AIOTED-digital\04_joe_lcd_20x32\2_main_dig5_20260816-093402.jpg,2,2,1.000000,0.000000,0.000000,1.000000,0.000000,0.000000,0.000000,0.000000,0.000000,0.000000,0.000000,0.000000,5,20260816-093402,kwh,53.899
C:\Users\josep\source\repos\AIOTED-digital\04_joe_lcd_20x32\2_main_dig6_20260802-082644.jpg,2,2,0.999951,0.000000,0.000000,0.999951,0.000001,0.000000,0.000000,0.000000,0.000000,0.000048,0.000000,0.000000,6,20260802-082644,kwh,69.245
C:\Users\josep\source\repos\AIOTED-digital\04_joe_lcd_20x32\2_main_dig6_20260802-142644.jpg,2,2,1.000000,0.000000,0.000000,1.000000,0.000000,0.000000,0.000000,0.000000,0.000000,0.000000,0.000000,0.000000,6,20260802-142644,kwh,132.059
C:\Users\josep\source\repos\AIOTED-digital\04_joe_lcd_20x32\2_main_dig6_20260804-132417.jpg,2,2,1.000000,0.000000,0.000000,1.000000,0.000000,0.000000,0.000000,0.000000,0.000000,0.000000,0.000000,0.000000,6,20260804-132417,kwh,43.657
C:\Users\josep\source\repos\AIOTED-digital\04_joe_lcd_20x32\2_main_dig6_20260816-043402.jpg,2,2,0.999984,0.000000,0.000000,0.999984,0.000016,0.000000,0.000000,0.000000,0.000001,0.000000,0.000000,0.000000,6,20260816-043402,kwh,30.121
C:\Users\josep\source\repos\AIOTED-digital\04_joe_lcd_20x32\2_main_dig6_20260816-044202.jpg,2,2,0.999772,0.000000,0.000000,0.999772,0.000215,0.000000,0.000000,0.000000,0.000009,0.000004,0.000000,0.000000,6,20260816-044202,kwh,29.084
C:\Users\josep\source\repos\AIOTED-digital\04_joe_lcd_20x32\2_main_dig6_20260816-050202.jpg,2,2,1.000000,0.000000,0.000000,1.000000,0.000000,0.000000,0.000000,0.000000,0.000000,0.000000,0.000000,0.000000,6,20260816-050202,kwh,25.242
C:\Users\josep\source\repos\AIOTED-digital\04_joe_lcd_20x32\2_main_dig6_20260816-163001.jpg,2,2,1.000000,0.000000,0.000000,1.000000,0.000000,0.000000,0.000000,0.000000,0.000000,0.000000,0.000000,0.000000,6,20260816-163001,kwh,62.936
C:\Users\josep\source\repos\AIOTED-digital\04_joe_lcd_20x32\2_main_dig6_20260819-133356.jpg,2,2,1.000000,0.000000,0.000000,1.000000,0.000000,0.000000,0.000000,0.000000,0.000000,0.000000,0.000000,0.000000,6,20260819-133356,kwh,72.208
C:\Users\josep\source\repos\AIOTED-digital\04_joe_lcd_20x32\2_main_dig6_20260819-134556.jpg,2,2,1.000000,0.000000,0.000000,1.000000,0.000000,0.000000,0.000000,0.000000,0.000000,0.000000,0.000000,0.000000,6,20260819-134556,kwh,68.526
C:\Users\josep\source\repos\AIOTED-digital\04_joe_lcd_20x32\2_main_dig6_20260819-172155.jpg,2,2,1.000000,0.000000,0.000000,1.000000,0.000000,0.000000,0.000000,0.000000,0.000000,0.000000,0.000000,0.000000,6,20260819-172155,kwh,40.904
C:\Users\josep\source\repos\AIOTED-digital\04_joe_lcd_20x32\2_main_dig6_20260819-173355.jpg,2,2,1.000000,0.000000,0.000000,1.000000,0.000000,0.000000,0.000000,0.000000,0.000000,0.000000,0.000000,0.000000,6,20260819-173355,kwh,39.122
C:\Users\josep\source\repos\AIOTED-digital\04_joe_lcd_20x32\2_main_dig6_20260823-142148.jpg,2,2,1.000000,0.000000,0.000000,1.000000,0.000000,0.000000,0.000000,0.000000,0.000000,0.000000,0.000000,0.000000,6,20260823-142148,kwh,75.658
C:\Users\josep\source\repos\AIOTED-digital\04_joe_lcd_20x32\2_main_dig6_20260823-142948.jpg,2,2,1.000000,0.000000,0.000000,1.000000,0.000000,0.000000,0.000000,0.000000,0.000000,0.000000,0.000000,0.000000,6,20260823-142948,kwh,60.200
C:\Users\josep\source\repos\AIOTED-digital\04_joe_lcd_20x32\2_main_dig6_20260823-181748.jpg,2,2,1.000000,0.000000,0.000000,1.000000,0.000000,0.000000,0.000000,0.000000,0.000000,0.000000,0.000000,0.000000,6,20260823-181748,kwh,32.235
C:\Users\josep\source\repos\AIOTED-digital\04_joe_lcd_20x32\2_main_dig6_20260910-061918.jpg,2,2,0.999997,0.000000,0.000000,0.999997,0.000002,0.000000,0.000000,0.000000,0.000000,0.000000,0.000000,0.000000,6,20260910-061918,kwh,20.985
C:\Users\josep\source\repos\AIOTED-digital\04_joe_lcd_20x32\2_main_dig6_20260910-141201.jpg,2,2,1.000000,0.000000,0.000000,1.000000,0.000000,0.000000,0.000000,0.000000,0.000000,0.000000,0.000000,0.000000,6,20260910-141201,kwh,67.749
C:\Users\josep\source\repos\AIOTED-digital\04_joe_lcd_20x32\2_main_dig6_20260910-175201.jpg,2,2,1.000000,0.000000,0.000000,1.000000,0.000000,0.000000,0.000000,0.000000,0.000000,0.000000,0.000000,0.000000,6,20260910-175201,kwh,32.095
C:\Users\josep\source\repos\AIOTED-digital\04_joe_lcd_20x32\2_main_dig6_20260913-080857.jpg,2,2,1.000000,0.000000,0.000000,1.000000,0.000000,0.000000,0.000000,0.000000,0.000000,0.000000,0.000000,0.000000,6,20260913-080857,kwh,55.033
C:\Users\josep\source\repos\AIOTED-digital\04_joe_lcd_20x32\2_main_dig6_20260913-174939.jpg,2,2,1.000000,0.000000,0.000000,1.000000,0.000000,0.000000,0.000000,0.000000,0.000000,0.000000,0.000000,0.000000,6,20260913-174939,kwh,29.371
C:\Users\josep\source\repos\AIOTED-digital\04_joe_lcd_20x32\2_main_dig6_20260913-180939.jpg,2,2,1.000000,0.000000,0.000000,1.000000,0.000000,0.000000,0.000000,0.000000,0.000000,0.000000,0.000000,0.000000,6,20260913-180939,kwh,26.043
C:\Users\josep\source\repos\AIOTED-digital\04_joe_lcd_20x32\2_main_dig6_20260914-063338.jpg,2,2,0.999996,0.000000,0.000000,0.999996,0.000004,0.000000,0.000000,0.000000,0.000000,0.000000,0.000000,0.000000,6,20260914-063338,kwh,18.117
C:\Users\josep\source\repos\AIOTED-digital\04_joe_lcd_20x32\2_main_dig6_20260914-151338.jpg,2,2,1.000000,0.000000,0.000000,1.000000,0.000000,0.000000,0.000000,0.000000,0.000000,0.000000,0.000000,0.000000,6,20260914-151338,kwh,45.067
C:\Users\josep\source\repos\AIOTED-digital\04_joe_lcd_20x32\2_main_dig6_20260914-162138.jpg,2,2,1.000000,0.000000,0.000000,1.000000,0.000000,0.000000,0.000000,0.000000,0.000000,0.000000,0.000000,0.000000,6,20260914-162138,kwh,37.308
C:\Users\josep\source\repos\AIOTED-digital\04_joe_lcd_20x32\2_main_dig6_20260927-003414.jpg,2,2,0.999534,0.000000,0.000000,0.999534,0.000442,0.000000,0.000000,0.000000,0.000016,0.000007,0.000000,0.000000,6,20260927-003414,kwh,25.741
C:\Users\josep\source\repos\AIOTED-digital\04_joe_lcd_20x32\2_main_dig6_20260927-010614.jpg,2,2,0.999975,0.000000,0.000000,0.999975,0.000022,0.000000,0.000000,0.000000,0.000002,0.000001,0.000000,0.000000,6,20260927-010614,kwh,26.695
C:\Users\josep\source\repos\AIOTED-digital\04_joe_lcd_20x32\2_main_dig6_20260927-012614.jpg,2,2,0.999915,0.000000,0.000000,0.999915,0.000082,0.000000,0.000000,0.000000,0.000002,0.000001,0.000000,0.000000,6,20260927-012614,kwh,27.035
C:\Users\josep\source\repos\AIOTED-digital\04_joe_lcd_20x32\2_main_dig6_20260927-131042.jpg,2,2,1.000000,0.000000,0.000000,1.000000,0.000000,0.000000,0.000000,0.000000,0.000000,0.000000,0.000000,0.000000,6,20260927-131042,kwh,72.337
C:\Users\josep\source\repos\AIOTED-digital\04_joe_lcd_20x32\2_main_dig6_20260927-131843.jpg,2,2,1.000000,0.000000,0.000000,1.000000,0.000000,0.000000,0.000000,0.000000,0.000000,0.000000,0.000000,0.000000,6,20260927-131843,kwh,65.122
C:\Users\josep\source\repos\AIOTED-digital\04_joe_lcd_20x32\3_main_dig4_20260823-172948.jpg,3,3,1.000000,0.000000,0.000000,0.000000,1.000000,0.000000,0.000000,0.000000,0.000000,0.000000,0.000000,0.000000,4,20260823-172948,kwh,62.153
C:\Users\josep\source\repos\AIOTED-digital\04_joe_lcd_20x32\3_main_dig4_20260823-175748.jpg,3,3,1.000000,0.000000,0.000000,0.000000,1.000000,0.000000,0.000000,0.000000,0.000000,0.000000,0.000000,0.000000,4,20260823-175748,kwh,61.195
C:\Users\josep\source\repos\AIOTED-digital\04_joe_lcd_20x32\3_main_dig4_20260823-180148.jpg,3,3,1.000000,0.000000,0.000000,0.000000,1.000000,0.000000,0.000000,0.000000,0.000000,0.000000,0.000000,0.000000,4,20260823-180148,kwh,61.641
C:\Users\josep\source\repos\AIOTED-digital\04_joe_lcd_20x32\3_main_dig4_20260823-181748.jpg,3,3,1.000000,0.000000,0.000000,0.000000,1.000000,0.000000,0.000000,0.000000,0.000000,0.000000,0.000000,0.000000,4,20260823-181748,kwh,62.627
C:\Users\josep\source\repos\AIOTED-digital\04_joe_lcd_20x32\3_main_dig4_20260823-182148.jpg,3,3,1.000000,0.000000,0.000000,0.000000,1.000000,0.000000,0.000000,0.000000,0.000000,0.000000,0.000000,0.000000,4,20260823-182148,kwh,62.813
C:\Users\josep\source\repos\AIOTED-digital\04_joe_lcd_20x32\3_main_dig4_20260823-185748.jpg,3,3,1.000000,0.000000,0.000000,0.000000,1.000000,0.000000,0.000000,0.000000,0.000000,0.000000,0.000000,0.000000,4,20260823-185748,kwh,62.875
C:\Users\josep\source\repos\AIOTED-digital\04_joe_lcd_20x32\3_main_dig4_20260823-190948.jpg,3,3,1.000000,0.000000,0.000000,0.000000,1.000000,0.000000,0.000000,0.000000,0.000000,0.000000,0.000000,0.000000,4,20260823-190948,kwh,63.750
C:\Users\josep\source\repos\AIOTED-digital\04_joe_lcd_20x32\3_main_dig4_20260823-195748.jpg,3,3,1.000000,0.000000,0.000000,0.000000,1.000000,0.000000,0.000000,0.000000,0.000000,0.000000,0.000000,0.000000,4,20260823-195748,kwh,66.875
C:\Users\josep\source\repos\AIOTED-digital\04_joe_lcd_20x32\3_main_dig4_20260823-200948.jpg,3,3,1.000000,0.000000,0.000000,0.000000,1.000000,0.000000,0.000000,0.000000,0.000000,0.000000,0.000000,0.000000,4,20260823-200948,kwh,65.484
C:\Users\josep\source\repos\AIOTED-digital\04_joe_lcd_20x32\3_main_dig4_20260823-202948.jpg,3,3,1.000000,0.000000,0.000000,0.000000,1.000000,0.000000,0.000000,0.000000,0.000000,0.000000,0.000000,0.000000,4,20260823-202948,kwh,65.153
C:\Users\josep\source\repos\AIOTED-digital\04_joe_lcd_20x32\3_main_dig4_20260823-204948.jpg,3,3,1.000000,0.000000,0.000000,0.000000,1.000000,0.000000,0.000000,0.000000,0.000000,0.000000,0.000000,0.000000,4,20260823-204948,kwh,65.846
C:\Users\josep\source\repos\AIOTED-digital\04_joe_lcd_20x32\3_main_dig4_20260823-212948.jpg,3,3,1.000000,0.000000,0.000000,0.000000,1.000000,0.000000,0.000000,0.000000,0.000000,0.000000,0.000000,0.000000,4,20260823-212948,kwh,65.099
C:\Users\josep\source\repos\AIOTED-digital\04_joe_lcd_20x32\3_main_dig4_20260823-214948.jpg,3,3,1.000000,0.000000,0.000000,0.000000,1.000000,0.000000,0.000000,0.000000,0.000000,0.000000,0.000000,0.000000,4,20260823-214948,kwh,65.125
C:\Users\josep\source\repos\AIOTED-digital\04_joe_lcd_20x32\3_main_dig4_20260823-221748.jpg,3,3,1.000000,0.000000,0.000000,0.000000,1.000000,0.000000,0.000000,0.000000,0.000000,0.000000,0.000000,0.000000,4,20260823-221748,kwh,64.845
C:\Users\josep\source\repos\AIOTED-digital\04_joe_lcd_20x32\3_main_dig4_20260823-225748.jpg,3,3,1.000000,0.000000,0.000000,0.000000,1.000000,0.000000,0.000000,0.000000,0.000000,0.000000,0.000000,0.000000,4,20260823-225748,kwh,65.105
C:\Users\josep\source\repos\AIOTED-digital\04_joe_lcd_20x32\3_main_dig4_20260823-230948.jpg,3,3,1.000000,0.000000,0.000000,0.000000,1.000000,0.000000,0.000000,0.000000,0.000000,0.000000,0.000000,0.000000,4,20260823-230948,kwh,65.645
C:\Users\josep\source\repos\AIOTED-digital\04_joe_lcd_20x32\3_main_dig4_20260823-232948.jpg,3,3,1.000000,0.000000,0.000000,0.000000,1.000000,0.000000,0.000000,0.000000,0.000000,0.000000,0.000000,0.000000,4,20260823-232948,kwh,64.091
C:\Users\josep\source\repos\AIOTED-digital\04_joe_lcd_20x32\3_main_dig4_20260823-235747.jpg,3,3,1.000000,0.000000,0.000000,0.000000,1.000000,0.000000,0.000000,0.000000,0.000000,0.000000,0.000000,0.000000,4,20260823-235747,kwh,63.996
C:\Users\josep\source\repos\AIOTED-digital\04_joe_lcd_20x32\3_main_dig4_20260927-004614.jpg,3,3,1.000000,0.000000,0.000000,0.000000,1.000000,0.000000,0.000000,0.000000,0.000000,0.000000,0.000000,0.000000,4,20260927-004614,kwh,62.749
C:\Users\josep\source\repos\AIOTED-digital\04_joe_lcd_20x32\3_main_dig4_20260927-014214.jpg,3,3,1.000000,0.000000,0.000000,0.000000,1.000000,0.000000,0.000000,0.000000,0.000000,0.000000,0.000000,0.000000,4,20260927-014214,kwh,62.112
C:\Users\josep\source\repos\AIOTED-digital\04_joe_lcd_20x32\3_main_dig4_20260927-041414.jpg,3,3,0.999999,0.000000,0.000000,0.000000,0.999999,0.000000,0.000000,0.000000,0.000000,0.000001,0.000000,0.000000,4,20260927-041414,kwh,61.674
C:\Users\josep\source\repos\AIOTED-digital\04_joe_lcd_20x32\3_main_dig4_20260927-054214.jpg,3,3,1.000000,0.000000,0.000000,0.000000,1.000000,0.000000,0.000000,0.000000,0.000000,0.000000,0.000000,0.000000,4,20260927-054214,kwh,60.537
C:\Users\josep\source\repos\AIOTED-digital\04_joe_lcd_20x32\3_main_dig4_20260927-055414.jpg,3,3,1.000000,0.000000,0.000000,0.000000,1.000000,0.000000,0.000000,0.000000,0.000000,0.000000,0.000000,0.000000,4,20260927-055414,kwh,60.910
C:\Users\josep\source\repos\AIOTED-digital\04_joe_lcd_20x32\3_main_dig4_20260927-060214.jpg,3,3,1.000000,0.000000,0.000000,0.000000,1.000000,0.000000,0.000000,0.000000,0.000000,0.000000,0.000000,0.000000,4,20260927-060214,kwh,59.952
C:\Users\josep\source\repos\AIOTED-digital\04_joe_lcd_20x32\3_main_dig4_20260927-081414.jpg,3,3,1.000000,0.000000,0.000000,0.000000,1.000000,0.000000,0.000000,0.000000,0.000000,0.000000,0.000000,0.000000,4,20260927-081414,kwh,81.380
C:\Users\josep\source\repos\AIOTED-digital\04_joe_lcd_20x32\3_main_dig4_20260927-093413.jpg,3,3,1.000000,0.000000,0.000000,0.000000,1.000000,0.000000,0.000000,0.000000,0.000000,0.000000,0.000000,0.000000,4,20260927-093413,kwh,82.650
C:\Users\josep\source\repos\AIOTED-digital\04_joe_lcd_20x32\3_main_dig4_20260927-100213.jpg,3,3,1.000000,0.000000,0.000000,0.000000,1.000000,0.000000,0.000000,0.000000,0.000000,0.000000,0.000000,0.000000,4,20260927-100213,kwh,81.250
C:\Users\josep\source\repos\AIOTED-digital\04_joe_lcd_20x32\3_main_dig4_20260927-103843.jpg,3,3,1.000000,0.000000,0.000000,0.000000,1.000000,0.000000,0.000000,0.000000,0.000000,0.000000,0.000000,0.000000,4,20260927-103843,kwh,88.822
C:\Users\josep\source\repos\AIOTED-digital\04_joe_lcd_20x32\3_main_dig4_20260927-105843.jpg,3,3,1.000000,0.000000,0.000000,0.000000,1.000000,0.000000,0.000000,0.000000,0.000000,0.000000,0.000000,0.000000,4,20260927-105843,kwh,105.348
C:\Users\josep\source\repos\AIOTED-digital\04_joe_lcd_20x32\3_main_dig4_20260927-123042.jpg,3,3,1.000000,0.000000,0.000000,0.000000,1.000000,0.000000,0.000000,0.000000,0.000000,0.000000,0.000000,0.000000,4,20260927-123042,kwh,96.217
C:\Users\josep\source\repos\AIOTED-digital\04_joe_lcd_20x32\3_main_dig4_20260927-131843.jpg,3,3,1.000000,0.000000,0.000000,0.000000,1.000000,0.000000,0.000000,0.000000,0.000000,0.000000,0.000000,0.000000,4,20260927-131843,kwh,81.118
C:\Users\josep\source\repos\AIOTED-digital\04_joe_lcd_20x32\3_main_dig4_20260927-153042.jpg,3,3,1.000000,0.000000,0.000000,0.000000,1.000000,0.000000,0.000000,0.000000,0.000000,0.000000,0.000000,0.000000,4,20260927-153042,kwh,77.828
C:\Users\josep\source\repos\AIOTED-digital\04_joe_lcd_20x32\3_main_dig4_20260927-154642.jpg,3,3,1.000000,0.000000,0.000000,0.000000,1.000000,0.000000,0.000000,0.000000,0.000000,0.000000,0.000000,0.000000,4,20260927-154642,kwh,67.753
C:\Users\josep\source\repos\AIOTED-digital\04_joe_lcd_20x32\3_main_dig4_20260927-161842.jpg,3,3,1.000000,0.000000,0.000000,0.000000,1.000000,0.000000,0.000000,0.000000,0.000000,0.000000,0.000000,0.000000,4,20260927-161842,kwh,62.962
C:\Users\josep\source\repos\AIOTED-digital\04_joe_lcd_20x32\3_main_dig4_20260927-164642.jpg,3,3,1.000000,0.000000,0.000000,0.000000,1.000000,0.000000,0.000000,0.000000,0.000000,0.000000,0.000000,0.000000,4,20260927-164642,kwh,61.017
C:\Users\josep\source\repos\AIOTED-digital\04_joe_lcd_20x32\3_main_dig4_20260927-165842.jpg,3,3,1.000000,0.000000,0.000000,0.000000,1.000000,0.000000,0.000000,0.000000,0.000000,0.000000,0.000000,0.000000,4,20260927-165842,kwh,60.676
C:\Users\josep\source\repos\AIOTED-digital\04_joe_lcd_20x32\3_main_dig4_20260927-172642.jpg,3,3,0.999999,0.000000,0.000000,0.000000,0.999999,0.000000,0.000000,0.000000,0.000000,0.000001,0.000000,0.000000,4,20260927-172642,kwh,57.851
C:\Users\josep\source\repos\AIOTED-digital\04_joe_lcd_20x32\3_main_dig4_20260927-173842.jpg,3,3,1.000000,0.000000,0.000000,0.000000,1.000000,0.000000,0.000000,0.000000,0.000000,0.000000,0.000000,0.000000,4,20260927-173842,kwh,58.328
C:\Users\josep\source\repos\AIOTED-digital\04_joe_lcd_20x32\3_main_dig4_20260927-174642.jpg,3,3,1.000000,0.000000,0.000000,0.000000,1.000000,0.000000,0.000000,0.000000,0.000000,0.000000,0.000000,0.000000,4,20260927-174642,kwh,59.028
C:\Users\josep\source\repos\AIOTED-digital\04_joe_lcd_20x32\3_main_dig4_20260927-181842.jpg,3,3,1.000000,0.000000,0.000000,0.000000,1.000000,0.000000,0.000000,0.000000,0.000000,0.000000,0.000000,0.000000,4,20260927-181842,kwh,58.606
C:\Users\josep\source\repos\AIOTED-digital\04_joe_lcd_20x32\3_main_dig4_20260927-190642.jpg,3,3,1.000000,0.000000,0.000000,0.000000,1.000000,0.000000,0.000000,0.000000,0.000000,0.000000,0.000000,0.000000,4,20260927-190642,kwh,59.476
C:\Users\josep\source\repos\AIOTED-digital\04_joe_lcd_20x32\3_main_dig4_20260927-191842.jpg,3,3,1.000000,0.000000,0.000000,0.000000,1.000000,0.000000,0.000000,0.000000,0.000000,0.000000,0.000000,0.000000,4,20260927-191842,kwh,59.174
C:\Users\josep\source\repos\AIOTED-digital\04_joe_lcd_20x32\3_main_dig4_20260927-215842.jpg,3,3,1.000000,0.000000,0.000000,0.000000,1.000000,0.000000,0.000000,0.000000,0.000000,0.000000,0.000000,0.000000,4,20260927-215842,kwh,60.063
C:\Users\josep\source\repos\AIOTED-digital\04_joe_lcd_20x32\3_main_dig4_20260927-225842.jpg,3,3,1.000000,0.000000,0.000000,0.000000,1.000000,0.000000,0.000000,0.000000,0.000000,0.000000,0.000000,0.000000,4,20260927-225842,kwh,60.739
C:\Users\josep\source\repos\AIOTED-digital\04_joe_lcd_20x32\3_main_dig4_20260927-230642.jpg,3,3,1.000000,0.000000,0.000000,0.000000,1.000000,0.000000,0.000000,0.000000,0.000000,0.000000,0.000000,0.000000,4,20260927-230642,kwh,59.985
C:\Users\josep\source\repos\AIOTED-digital\04_joe_lcd_20x32\3_main_dig4_20260927-234642.jpg,3,3,1.000000,0.000000,0.000000,0.000000,1.000000,0.000000,0.000000,0.000000,0.000000,0.000000,0.000000,0.000000,4,20260927-234642,kwh,61.091
C:\Users\josep\source\repos\AIOTED-digital\04_joe_lcd_20x32\3_main_dig5_20260731-055303.jpg,3,3,1.000000,0.000000,0.000000,0.000000,1.000000,0.000000,0.000000,0.000000,0.000000,0.000000,0.000000,0.000000,5,20260731-055303,kwh,33.664
C:\Users\josep\source\repos\AIOTED-digital\04_joe_lcd_20x32\3_main_dig5_20260731-060433.jpg,3,3,1.000000,0.000000,0.000000,0.000000,1.000000,0.000000,0.000000,0.000000,0.000000,0.000000,0.000000,0.000000,5,20260731-060433,kwh,34.974
C:\Users\josep\source\repos\AIOTED-digital\04_joe_lcd_20x32\3_main_dig5_20260731-070635.jpg,3,3,1.000000,0.000000,0.000000,0.000000,1.000000,0.000000,0.000000,0.000000,0.000000,0.000000,0.000000,0.000000,5,20260731-070635,kwh,104.269
C:\Users\josep\source\repos\AIOTED-digital\04_joe_lcd_20x32\3_main_dig5_20260731-071805.jpg,3,3,1.000000,0.000000,0.000000,0.000000,1.000000,0.000000,0.000000,0.000000,0.000000,0.000000,0.000000,0.000000,5,20260731-071805,kwh,88.131
C:\Users\josep\source\repos\AIOTED-digital\04_joe_lcd_20x32\3_main_dig5_20260731-072935.jpg,3,3,1.000000,0.000000,0.000000,0.000000,1.000000,0.000000,0.000000,0.000000,0.000000,0.000000,0.000000,0.000000,5,20260731-072935,kwh,95.331
C:\Users\josep\source\repos\AIOTED-digital\04_joe_lcd_20x32\3_main_dig5_20260802-212810.jpg,3,3,0.996980,0.000000,0.000001,0.000001,0.996980,0.000000,0.000000,0.000000,0.003016,0.000000,0.000001,0.000000,5,20260802-212810,kwh,49.106
C:\Users\josep\source\repos\AIOTED-digital\04_joe_lcd_20x32\3_main_dig5_20260802-213610.jpg,3,3,0.997798,0.000000,0.000001,0.000002,0.997798,0.000000,0.000000,0.000000,0.002197,0.000000,0.000002,0.000000,5,20260802-213610,kwh,49.681
C:\Users\josep\source\repos\AIOTED-digital\04_joe_lcd_20x32\3_main_dig5_20260802-214810.jpg,3,3,0.996428,0.000000,0.000003,0.000004,0.996428,0.000000,0.000000,0.000000,0.003560,0.000000,0.000004,0.000000,5,20260802-214810,kwh,48.979
C:\Users\josep\source\repos\AIOTED-digital\04_joe_lcd_20x32\3_main_dig5_20260802-215610.jpg,3,3,0.995828,0.000000,0.000002,0.000002,0.995828,0.000000,0.000000,0.000000,0.004162,0.000000,0.000007,0.000000,5,20260802-215610,kwh,48.980
C:\Users\josep\source\repos\AIOTED-digital\04_joe_lcd_20x32\3_main_dig5_20260802-220810.jpg,3,3,0.999126,0.000000,0.000000,0.000000,0.999126,0.000000,0.000000,0.000000,0.000872,0.000000,0.000001,0.000000,5,20260802-220810,kwh,48.665
C:\Users\josep\source\repos\AIOTED-digital\04_joe_lcd_20x32\3_main_dig5_20260802-221610.jpg,3,3,0.998064,0.000000,0.000001,0.000002,0.998064,0.000000,0.000000,0.000000,0.001930,0.000000,0.000002,0.000000,5,20260802-221610,kwh,48.856
C:\Users\josep\source\repos\AIOTED-digital\04_joe_lcd_20x32\3_main_dig5_20260802-222810.jpg,3,3,0.995850,0.000000,0.000003,0.000003,0.995850,0.000000,0.000000,0.000000,0.004142,0.000000,0.000002,0.000000,5,20260802-222810,kwh,49.301
C:\Users\josep\source\repos\AIOTED-digital\04_joe_lcd_20x32\3_main_dig5_20260802-223610.jpg,3,3,0.997033,0.000000,0.000002,0.000002,0.997033,0.000000,0.000000,0.000000,0.002957,0.000000,0.000006,0.000000,5,20260802-223610,kwh,45.056
C:\Users\josep\source\repos\AIOTED-digital\04_joe_lcd_20x32\3_main_dig5_20260802-224810.jpg,3,3,0.998416,0.000000,0.000001,0.000003,0.998416,0.000000,0.000000,0.000000,0.001570,0.000000,0.000009,0.000000,5,20260802-224810,kwh,45.093
C:\Users\josep\source\repos\AIOTED-digital\04_joe_lcd_20x32\3_main_dig5_20260802-225610.jpg,3,3,0.997011,0.000000,0.000001,0.000002,0.997011,0.000000,0.000000,0.000000,0.002982,0.000000,0.000004,0.000000,5,20260802-225610,kwh,44.876
C:\Users\josep\source\repos\AIOTED-digital\04_joe_lcd_20x32\3_main_dig5_20260802-230810.jpg,3,3,0.998578,0.000000,0.000001,0.000002,0.998578,0.000000,0.000000,0.000000,0.001415,0.000000,0.000004,0.000000,5,20260802-230810,kwh,45.112
C:\Users\josep\source\repos\AIOTED-digital\04_joe_lcd_20x32\3_main_dig5_20260802-231610.jpg,3,3,0.995524,0.000000,0.000004,0.000004,0.995524,0.000000,0.000001,0.000000,0.004396,0.000000,0.000071,0.000000,5,20260802-231610,kwh,45.792
C:\Users\josep\source\repos\AIOTED-digital\04_joe_lcd_20x32\3_main_dig5_20260802-232810.jpg,3,3,0.991994,0.000000,0.000006,0.000007,0.991994,0.000000,0.000000,0.000000,0.007981,0.000000,0.000013,0.000000,5,20260802-232810,kwh,45.696
C:\Users\josep\source\repos\AIOTED-digital\04_joe_lcd_20x32\3_main_dig5_20260802-233610.jpg,3,3,0.997301,0.000000,0.000002,0.000002,0.997301,0.000000,0.000000,0.000000,0.002678,0.000000,0.000016,0.000000,5,20260802-233610,kwh,45.162
C:\Users\josep\source\repos\AIOTED-digital\04_joe_lcd_20x32\3_main_dig5_20260802-234810.jpg,3,3,0.997438,0.000000,0.000002,0.000001,0.997438,0.000000,0.000000,0.000000,0.002555,0.000000,0.000003,0.000000,5,20260802-234810,kwh,45.506
C:\Users\josep\source\repos\AIOTED-digital\04_joe_lcd_20x32\3_main_dig5_20260802-235610.jpg,3,3,0.984100,0.000000,0.000007,0.000005,0.984100,0.000000,0.000000,0.000000,0.015859,0.000000,0.000029,0.000000,5,20260802-235610,kwh,45.736
C:\Users\josep\source\repos\AIOTED-digital\04_joe_lcd_20x32\3_main_dig5_20260804-000725.jpg,3,3,0.637084,0.000000,0.000075,0.000000,0.637084,0.000000,0.000000,0.000000,0.362839,0.000000,0.000002,0.000000,5,20260804-000725,kwh,51.424
C:\Users\josep\source\repos\AIOTED-digital\04_joe_lcd_20x32\3_main_dig5_20260804-001925.jpg,3,7,0.569063,0.000000,0.000193,0.000000,0.430739,0.000000,0.000000,0.000000,0.569063,0.000000,0.000006,0.000000,5,20260804-001925,kwh,51.853
C:\Users\josep\source\repos\AIOTED-digital\04_joe_lcd_20x32\3_main_dig5_20260804-002725.jpg,3,7,0.754523,0.000000,0.000171,0.000000,0.245304,0.000000,0.000000,0.000000,0.754523,0.000000,0.000002,0.000000,5,20260804-002725,kwh,51.865
C:\Users\josep\source\repos\AIOTED-digital\04_joe_lcd_20x32\3_main_dig5_20260804-003925.jpg,3,3,0.630559,0.000000,0.000075,0.000000,0.630559,0.000000,0.000000,0.000000,0.369365,0.000000,0.000001,0.000000,5,20260804-003925,kwh,51.779
C:\Users\josep\source\repos\AIOTED-digital\04_joe_lcd_20x32\3_main_dig5_20260804-004725.jpg,3,7,0.568429,0.000000,0.000087,0.000000,0.431482,0.000000,0.000000,0.000000,0.568429,0.000000,0.000002,0.000000,5,20260804-004725,kwh,52.665
C:\Users\josep\source\repos\AIOTED-digital\04_joe_lcd_20x32\3_main_dig5_20260804-005925.jpg,3,7,0.634598,0.000000,0.000050,0.000000,0.365352,0.000000,0.000000,0.000000,0.634598,0.000000,0.000001,0.000000,5,20260804-005925,kwh,52.127
C:\Users\josep\source\repos\AIOTED-digital\04_joe_lcd_20x32\3_main_dig5_20260804-010725.jpg,3,7,0.750768,0.000000,0.000142,0.000000,0.249089,0.000000,0.000000,0.000000,0.750768,0.000000,0.000001,0.000000,5,20260804-010725,kwh,51.192
C:\Users\josep\source\repos\AIOTED-digital\04_joe_lcd_20x32\3_main_dig5_20260804-011925.jpg,3,3,0.590469,0.000000,0.000062,0.000000,0.590469,0.000000,0.000000,0.000000,0.409468,0.000000,0.000002,0.000000,5,20260804-011925,kwh,52.075
C:\Users\josep\source\repos\AIOTED-digital\04_joe_lcd_20x32\3_main_dig5_20260804-012725.jpg,3,7,0.636857,0.000000,0.000118,0.000000,0.363022,0.000000,0.000000,0.000000,0.636857,0.000000,0.000003,0.000000,5,20260804-012725,kwh,52.684
C:\Users\josep\source\repos\AIOTED-digital\04_joe_lcd_20x32\3_main_dig5_20260804-013925.jpg,3,7,0.649632,0.000000,0.000122,0.000000,0.350245,0.000000,0.000000,0.000000,0.649632,0.000000,0.000001,0.000000,5,20260804-013925,kwh,52.697
C:\Users\josep\source\repos\AIOTED-digital\04_joe_lcd_20x32\3_main_dig5_20260804-014725.jpg,3,3,0.601441,0.000000,0.000121,0.000000,0.601441,0.000000,0.000000,0.000000,0.398427,0.000000,0.000010,0.000000,5,20260804-014725,kwh,51.118
C:\Users\josep\source\repos\AIOTED-digital\04_joe_lcd_20x32\3_main_dig5_20260804-015925.jpg,3,7,0.604047,0.000000,0.000050,0.000000,0.395902,0.000000,0.000000,0.000000,0.604047,0.000000,0.000001,0.000000,5,20260804-015925,kwh,53.069
C:\Users\josep\source\repos\AIOTED-digital\04_joe_lcd_20x32\3_main_dig5_20260804-020725.jpg,3,7,0.785766,0.000000,0.000116,0.000000,0.214118,0.000000,0.000000,0.000000,0.785766,0.000000,0.000001,0.000000,5,20260804-020725,kwh,52.086
C:\Users\josep\source\repos\AIOTED-digital\04_joe_lcd_20x32\3_main_dig5_20260804-022725.jpg,3,3,0.633744,0.000000,0.000071,0.000000,0.633744,0.000000,0.000000,0.000000,0.366145,0.000000,0.000040,0.000000,5,20260804-022725,kwh,51.984
C:\Users\josep\source\repos\AIOTED-digital\04_joe_lcd_20x32\3_main_dig5_20260804-023925.jpg,3,7,0.638920,0.000000,0.000065,0.000000,0.361014,0.000000,0.000000,0.000000,0.638920,0.000000,0.000001,0.000000,5,20260804-023925,kwh,51.761
C:\Users\josep\source\repos\AIOTED-digital\04_joe_lcd_20x32\3_main_dig5_20260804-024725.jpg,3,3,0.505240,0.000000,0.000043,0.000000,0.505240,0.000000,0.000000,0.000000,0.494716,0.000000,0.000002,0.000000,5,20260804-024725,kwh,51.140
C:\Users\josep\source\repos\AIOTED-digital\04_joe_lcd_20x32\3_main_dig5_20260804-025925.jpg,3,7,0.688045,0.000000,0.000033,0.000000,0.311920,0.000000,0.000000,0.000000,0.688045,0.000000,0.000001,0.000000,5,20260804-025925,kwh,52.132
C:\Users\josep\source\repos\AIOTED-digital\04_joe_lcd_20x32\3_main_dig5_20260804-030725.jpg,3,3,0.712584,0.000000,0.000015,0.000000,0.712584,0.000000,0.000000,0.000000,0.287401,0.000000,0.000001,0.000000,5,20260804-030725,kwh,51.876
C:\Users\josep\source\repos\AIOTED-digital\04_joe_lcd_20x32\3_main_dig5_20260804-031925.jpg,3,7,0.667552,0.000000,0.000058,0.000000,0.332389,0.000000,0.000000,0.000000,0.667552,0.000000,0.000002,0.000000,5,20260804-031925,kwh,51.172
C:\Users\josep\source\repos\AIOTED-digital\04_joe_lcd_20x32\3_main_dig5_20260804-032725.jpg,3,3,0.693144,0.000000,0.000082,0.000000,0.693144,0.000000,0.000000,0.000000,0.306765,0.000000,0.000009,0.000000,5,20260804-032725,kwh,51.232
C:\Users\josep\source\repos\AIOTED-digital\04_joe_lcd_20x32\3_main_dig5_20260804-033925.jpg,3,3,0.580059,0.000000,0.000041,0.000000,0.580059,0.000000,0.000000,0.000000,0.419897,0.000000,0.000002,0.000000,5,20260804-033925,kwh,52.123
C:\Users\josep\source\repos\AIOTED-digital\04_joe_lcd_20x32\3_main_dig5_20260804-034725.jpg,3,3,0.607793,0.000000,0.000019,0.000000,0.607793,0.000000,0.000000,0.000000,0.392187,0.000000,0.000001,0.000000,5,20260804-034725,kwh,51.400
C:\Users\josep\source\repos\AIOTED-digital\04_joe_lcd_20x32\3_main_dig5_20260804-035925.jpg,3,3,0.650632,0.000000,0.000057,0.000000,0.650632,0.000000,0.000000,0.000000,0.349304,0.000000,0.000006,0.000000,5,20260804-035925,kwh,52.986
C:\Users\josep\source\repos\AIOTED-digital\04_joe_lcd_20x32\3_main_dig5_20260804-040725.jpg,3,3,0.564337,0.000000,0.000033,0.000000,0.564337,0.000000,0.000000,0.000000,0.435627,0.000000,0.000003,0.000000,5,20260804-040725,kwh,52.658
C:\Users\josep\source\repos\AIOTED-digital\04_joe_lcd_20x32\3_main_dig5_20260804-041925.jpg,3,7,0.569703,0.000000,0.000068,0.000000,0.430225,0.000000,0.000000,0.000000,0.569703,0.000000,0.000003,0.000000,5,20260804-041925,kwh,52.767
C:\Users\josep\source\repos\AIOTED-digital\04_joe_lcd_20x32\3_main_dig5_20260804-042725.jpg,3,3,0.823721,0.000000,0.000029,0.000000,0.823721,0.000000,0.000000,0.000000,0.176213,0.000000,0.000037,0.000000,5,20260804-042725,kwh,52.063
C:\Users\josep\source\repos\AIOTED-digital\04_joe_lcd_20x32\3_main_dig5_20260804-043925.jpg,3,3,0.783401,0.000000,0.000009,0.000000,0.783401,0.000000,0.000000,0.000000,0.216589,0.000000,0.000001,0.000000,5,20260804-043925,kwh,52.398
C:\Users\josep\source\repos\AIOTED-digital\04_joe_lcd_20x32\3_main_dig5_20260804-044725.jpg,3,3,0.603410,0.000000,0.000033,0.000000,0.603410,0.000000,0.000000,0.000000,0.396554,0.000000,0.000004,0.000000,5,20260804-044725,kwh,51.410
C:\Users\josep\source\repos\AIOTED-digital\04_joe_lcd_20x32\3_main_dig5_20260804-045925.jpg,3,3,0.647433,0.000000,0.000025,0.000000,0.647433,0.000000,0.000000,0.000000,0.352538,0.000000,0.000004,0.000000,5,20260804-045925,kwh,50.682
C:\Users\josep\source\repos\AIOTED-digital\04_joe_lcd_20x32\3_main_dig5_20260816-103002.jpg,3,3,1.000000,0.000000,0.000000,0.000000,1.000000,0.000000,0.000000,0.000000,0.000000,0.000000,0.000000,0.000000,5,20260816-103002,kwh,67.088
C:\Users\josep\source\repos\AIOTED-digital\04_joe_lcd_20x32\3_main_dig5_20260816-105402.jpg,3,3,1.000000,0.000000,0.000000,0.000000,1.000000,0.000000,0.000000,0.000000,0.000000,0.000000,0.000000,0.000000,5,20260816-105402,kwh,53.815
C:\Users\josep\source\repos\AIOTED-digital\04_joe_lcd_20x32\3_main_dig5_20260816-133001.jpg,3,3,1.000000,0.000000,0.000000,0.000000,1.000000,0.000000,0.000000,0.000000,0.000000,0.000000,0.000000,0.000000,5,20260816-133001,kwh,58.772
C:\Users\josep\source\repos\AIOTED-digital\04_joe_lcd_20x32\3_main_dig5_20260816-135001.jpg,3,3,1.000000,0.000000,0.000000,0.000000,1.000000,0.000000,0.000000,0.000000,0.000000,0.000000,0.000000,0.000000,5,20260816-135001,kwh,57.783
C:\Users\josep\source\repos\AIOTED-digital\04_joe_lcd_20x32\3_main_dig5_20260819-063356.jpg,3,3,0.996347,0.000000,0.000000,0.000000,0.996347,0.000000,0.000000,0.000000,0.003652,0.000000,0.000000,0.000000,5,20260819-063356,kwh,57.730
C:\Users\josep\source\repos\AIOTED-digital\04_joe_lcd_20x32\3_main_dig5_20260819-065356.jpg,3,3,0.999953,0.000000,0.000000,0.000000,0.999953,0.000000,0.000000,0.000000,0.000047,0.000000,0.000000,0.000000,5,20260819-065356,kwh,54.803
C:\Users\josep\source\repos\AIOTED-digital\04_joe_lcd_20x32\3_main_dig5_20260819-071356.jpg,3,3,1.000000,0.000000,0.000000,0.000000,1.000000,0.000000,0.000000,0.000000,0.000000,0.000000,0.000000,0.000000,5,20260819-071356,kwh,52.719
C:\Users\josep\source\repos\AIOTED-digital\04_joe_lcd_20x32\3_main_dig5_20260819-072556.jpg,3,3,1.000000,0.000000,0.000000,0.000000,1.000000,0.000000,0.000000,0.000000,0.000000,0.000000,0.000000,0.000000,5,20260819-072556,kwh,52.772
C:\Users\josep\source\repos\AIOTED-digital\04_joe_lcd_20x32\3_main_dig6_20260731-093155.jpg,3,3,1.000000,0.000000,0.000000,0.000000,1.000000,0.000000,0.000000,0.000000,0.000000,0.000000,0.000000,0.000000,6,20260731-093155,kwh,78.198
C:\Users\josep\source\repos\AIOTED-digital\04_joe_lcd_20x32\3_main_dig6_20260731-094325.jpg,3,3,1.000000,0.000000,0.000000,0.000000,1.000000,0.000000,0.000000,0.000000,0.000000,0.000000,0.000000,0.000000,6,20260731-094325,kwh,80.738
C:\Users\josep\source\repos\AIOTED-digital\04_joe_lcd_20x32\3_main_dig6_20260731-095455.jpg,3,3,1.000000,0.000000,0.000000,0.000000,1.000000,0.000000,0.000000,0.000000,0.000000,0.000000,0.000000,0.000000,6,20260731-095455,kwh,79.447
C:\Users\josep\source\repos\AIOTED-digital\04_joe_lcd_20x32\3_main_dig6_20260802-090644.jpg,3,3,0.999875,0.000000,0.000000,0.000000,0.999875,0.000000,0.000000,0.000000,0.000000,0.000117,0.000007,0.000000,6,20260802-090644,kwh,58.652
C:\Users\josep\source\repos\AIOTED-digital\04_joe_lcd_20x32\3_main_dig6_20260804-092418.jpg,3,3,0.995610,0.000000,0.000000,0.000000,0.995610,0.000047,0.000000,0.000000,0.000000,0.000186,0.004156,0.000000,6,20260804-092418,kwh,57.498
C:\Users\josep\source\repos\AIOTED-digital\04_joe_lcd_20x32\3_main_dig6_20260816-115002.jpg,3,3,1.000000,0.000000,0.000000,0.000000,1.000000,0.000000,0.000000,0.000000,0.000000,0.000000,0.000000,0.000000,6,20260816-115002,kwh,59.528
C:\Users\josep\source\repos\AIOTED-digital\04_joe_lcd_20x32\3_main_dig6_20260816-165001.jpg,3,3,1.000000,0.000000,0.000000,0.000000,1.000000,0.000000,0.000000,0.000000,0.000000,0.000000,0.000000,0.000000,6,20260816-165001,kwh,42.869
C:\Users\josep\source\repos\AIOTED-digital\04_joe_lcd_20x32\3_main_dig6_20260816-215801.jpg,3,3,0.715181,0.000957,0.000068,0.015632,0.715181,0.000002,0.000010,0.000001,0.264618,0.001851,0.001676,0.000002,6,20260816-215801,kwh,32.041
C:\Users\josep\source\repos\AIOTED-digital\04_joe_lcd_20x32\3_main_dig6_20260816-221001.jpg,3,3,0.939977,0.000039,0.000008,0.013625,0.939977,0.000000,0.000001,0.000000,0.045876,0.000321,0.000154,0.000000,6,20260816-221001,kwh,30.793
C:\Users\josep\source\repos\AIOTED-digital\04_joe_lcd_20x32\3_main_dig6_20260816-221801.jpg,3,3,0.754829,0.002500,0.000057,0.066516,0.754829,0.000002,0.000023,0.000008,0.167561,0.006913,0.001589,0.000003,6,20260816-221801,kwh,30.155
C:\Users\josep\source\repos\AIOTED-digital\04_joe_lcd_20x32\3_main_dig6_20260819-000557.jpg,3,3,0.940393,0.000002,0.000000,0.055616,0.940393,0.000000,0.000000,0.000000,0.003833,0.000143,0.000013,0.000000,6,20260819-000557,kwh,30.037
C:\Users\josep\source\repos\AIOTED-digital\04_joe_lcd_20x32\3_main_dig6_20260819-001757.jpg,3,3,0.921398,0.000003,0.000003,0.054417,0.921398,0.000000,0.000000,0.000000,0.024106,0.000057,0.000016,0.000000,6,20260819-001757,kwh,27.533
C:\Users\josep\source\repos\AIOTED-digital\04_joe_lcd_20x32\3_main_dig6_20260819-093356.jpg,3,3,1.000000,0.000000,0.000000,0.000000,1.000000,0.000000,0.000000,0.000000,0.000000,0.000000,0.000000,0.000000,6,20260819-093356,kwh,91.218
C:\Users\josep\source\repos\AIOTED-digital\04_joe_lcd_20x32\3_main_dig6_20260819-181355.jpg,3,3,1.000000,0.000000,0.000000,0.000000,1.000000,0.000000,0.000000,0.000000,0.000000,0.000000,0.000000,0.000000,6,20260819-181355,kwh,33.110
C:\Users\josep\source\repos\AIOTED-digital\04_joe_lcd_20x32\3_main_dig6_20260823-090149.jpg,3,3,1.000000,0.000000,0.000000,0.000000,1.000000,0.000000,0.000000,0.000000,0.000000,0.000000,0.000000,0.000000,6,20260823-090149,kwh,82.169
C:\Users\josep\source\repos\AIOTED-digital\04_joe_lcd_20x32\3_main_dig6_20260823-185748.jpg,3,3,1.000000,0.000000,0.000000,0.000000,1.000000,0.000000,0.000000,0.000000,0.000000,0.000000,0.000000,0.000000,6,20260823-185748,kwh,28.585
C:\Users\josep\source\repos\AIOTED-digital\04_joe_lcd_20x32\3_main_dig6_20260910-071918.jpg,3,3,0.999996,0.000000,0.000000,0.000001,0.999996,0.000000,0.000000,0.000000,0.000000,0.000003,0.000000,0.000000,6,20260910-071918,kwh,26.202
C:\Users\josep\source\repos\AIOTED-digital\04_joe_lcd_20x32\3_main_dig6_20260910-073118.jpg,3,3,1.000000,0.000000,0.000000,0.000000,1.000000,0.000000,0.000000,0.000000,0.000000,0.000000,0.000000,0.000000,6,20260910-073118,kwh,33.739
C:\Users\josep\source\repos\AIOTED-digital\04_joe_lcd_20x32\3_main_dig6_20260910-143201.jpg,3,3,0.999999,0.000000,0.000000,0.000000,0.999999,0.000000,0.000000,0.000000,0.000000,0.000001,0.000000,0.000000,6,20260910-143201,kwh,66.875
C:\Users\josep\source\repos\AIOTED-digital\04_joe_lcd_20x32\3_main_dig6_20260910-184800.jpg,3,3,0.999707,0.000000,0.000000,0.000025,0.999707,0.000000,0.000000,0.000000,0.000266,0.000001,0.000000,0.000000,6,20260910-184800,kwh,21.865
C:\Users\josep\source\repos\AIOTED-digital\04_joe_lcd_20x32\3_main_dig6_20260913-082857.jpg,3,3,0.999998,0.000000,0.000000,0.000001,0.999998,0.000000,0.000000,0.000000,0.000001,0.000000,0.000000,0.000000,6,20260913-082857,kwh,72.854
C:\Users\josep\source\repos\AIOTED-digital\04_joe_lcd_20x32\3_main_dig6_20260913-083657.jpg,3,3,0.999991,0.000000,0.000000,0.000004,0.999991,0.000000,0.000000,0.000000,0.000004,0.000001,0.000000,0.000000,6,20260913-083657,kwh,80.331
C:\Users\josep\source\repos\AIOTED-digital\04_joe_lcd_20x32\3_main_dig6_20260913-183739.jpg,3,3,0.993870,0.000000,0.000000,0.000441,0.993870,0.000000,0.000000,0.000000,0.005685,0.000003,0.000000,0.000000,6,20260913-183739,kwh,20.731
C:\Users\josep\source\repos\AIOTED-digital\04_joe_lcd_20x32\3_main_dig6_20260913-185739.jpg,3,3,0.962475,0.000000,0.000004,0.002418,0.962475,0.000000,0.000000,0.000000,0.035085,0.000014,0.000002,0.000000,6,20260913-185739,kwh,16.573
C:\Users\josep\source\repos\AIOTED-digital\04_joe_lcd_20x32\3_main_dig6_20260914-082538.jpg,3,3,1.000000,0.000000,0.000000,0.000000,1.000000,0.000000,0.000000,0.000000,0.000000,0.000000,0.000000,0.000000,6,20260914-082538,kwh,64.046
C:\Users\josep\source\repos\AIOTED-digital\04_joe_lcd_20x32\3_main_dig6_20260914-083338.jpg,3,3,0.999997,0.000000,0.000000,0.000001,0.999997,0.000000,0.000000,0.000000,0.000000,0.000002,0.000000,0.000000,6,20260914-083338,kwh,79.135
C:\Users\josep\source\repos\AIOTED-digital\04_joe_lcd_20x32\3_main_dig6_20260914-163338.jpg,3,3,1.000000,0.000000,0.000000,0.000000,1.000000,0.000000,0.000000,0.000000,0.000000,0.000000,0.000000,0.000000,6,20260914-163338,kwh,34.544
C:\Users\josep\source\repos\AIOTED-digital\04_joe_lcd_20x32\3_main_dig6_20260914-165338.jpg,3,3,0.999989,0.000000,0.000000,0.000006,0.999989,0.000000,0.000000,0.000000,0.000006,0.000000,0.000000,0.000000,6,20260914-165338,kwh,27.811
C:\Users\josep\source\repos\AIOTED-digital\04_joe_lcd_20x32\3_main_dig6_20260927-041414.jpg,3,3,0.952048,0.000000,0.001596,0.027552,0.952048,0.000001,0.000000,0.000000,0.018790,0.000010,0.000003,0.000001,6,20260927-041414,kwh,26.887
C:\Users\josep\source\repos\AIOTED-digital\04_joe_lcd_20x32\3_main_dig6_20260927-145842.jpg,3,3,1.000000,0.000000,0.000000,0.000000,1.000000,0.000000,0.000000,0.000000,0.000000,0.000000,0.000000,0.000000,6,20260927-145842,kwh,58.899
C:\Users\josep\source\repos\AIOTED-digital\04_joe_lcd_20x32\4_main_dig4_20260731-055303.jpg,4,4,1.000000,0.000000,0.000000,0.000000,0.000000,1.000000,0.000000,0.000000,0.000000,0.000000,0.000000,0.000000,4,20260731-055303,kwh,33.865
C:\Users\josep\source\repos\AIOTED-digital\04_joe_lcd_20x32\4_main_dig4_20260731-060433.jpg,4,4,0.999992,0.000000,0.000000,0.000000,0.000000,0.999992,0.000000,0.000000,0.000000,0.000000,0.000009,0.000000,4,20260731-060433,kwh,32.047
C:\Users\josep\source\repos\AIOTED-digital\04_joe_lcd_20x32\4_main_dig4_20260731-070635.jpg,4,4,1.000000,0.000000,0.000000,0.000000,0.000000,1.000000,0.000000,0.000000,0.000000,0.000000,0.000000,0.000000,4,20260731-070635,kwh,57.325
C:\Users\josep\source\repos\AIOTED-digital\04_joe_lcd_20x32\4_main_dig4_20260731-071805.jpg,4,4,1.000000,0.000000,0.000000,0.000000,0.000000,1.000000,0.000000,0.000000,0.000000,0.000000,0.000000,0.000000,4,20260731-071805,kwh,60.069
C:\Users\josep\source\repos\AIOTED-digital\04_joe_lcd_20x32\4_main_dig4_20260731-072935.jpg,4,4,1.000000,0.000000,0.000000,0.000000,0.000000,1.000000,0.000000,0.000000,0.000000,0.000000,0.000000,0.000000,4,20260731-072935,kwh,65.837
C:\Users\josep\source\repos\AIOTED-digital\04_joe_lcd_20x32\4_main_dig4_20260731-074105.jpg,4,4,1.000000,0.000000,0.000000,0.000000,0.000000,1.000000,0.000000,0.000000,0.000000,0.000000,0.000000,0.000000,4,20260731-074105,kwh,57.045
C:\Users\josep\source\repos\AIOTED-digital\04_joe_lcd_20x32\4_main_dig4_20260731-075235.jpg,4,4,1.000000,0.000000,0.000000,0.000000,0.000000,1.000000,0.000000,0.000000,0.000000,0.000000,0.000000,0.000000,4,20260731-075235,kwh,56.808
C:\Users\josep\source\repos\AIOTED-digital\04_joe_lcd_20x32\4_main_dig4_20260731-093155.jpg,4,4,1.000000,0.000000,0.000000,0.000000,0.000000,1.000000,0.000000,0.000000,0.000000,0.000000,0.000000,0.000000,4,20260731-093155,kwh,55.575
C:\Users\josep\source\repos\AIOTED-digital\04_joe_lcd_20x32\4_main_dig4_20260731-094325.jpg,4,4,1.000000,0.000000,0.000000,0.000000,0.000000,1.000000,0.000000,0.000000,0.000000,0.000000,0.000000,0.000000,4,20260731-094325,kwh,55.774
C:\Users\josep\source\repos\AIOTED-digital\04_joe_lcd_20x32\4_main_dig4_20260731-095455.jpg,4,4,1.000000,0.000000,0.000000,0.000000,0.000000,1.000000,0.000000,0.000000,0.000000,0.000000,0.000000,0.000000,4,20260731-095455,kwh,56.048
C:\Users\josep\source\repos\AIOTED-digital\04_joe_lcd_20x32\4_main_dig4_20260731-100018.jpg,4,4,1.000000,0.000000,0.000000,0.000000,0.000000,1.000000,0.000000,0.000000,0.000000,0.000000,0.000000,0.000000,4,20260731-100018,kwh,60.847
C:\Users\josep\source\repos\AIOTED-digital\04_joe_lcd_20x32\4_main_dig4_20260731-101148.jpg,4,4,1.000000,0.000000,0.000000,0.000000,0.000000,1.000000,0.000000,0.000000,0.000000,0.000000,0.000000,0.000000,4,20260731-101148,kwh,59.071
C:\Users\josep\source\repos\AIOTED-digital\04_joe_lcd_20x32\4_main_dig4_20260731-103935.jpg,4,4,1.000000,0.000000,0.000000,0.000000,0.000000,1.000000,0.000000,0.000000,0.000000,0.000000,0.000000,0.000000,4,20260731-103935,kwh,57.106
C:\Users\josep\source\repos\AIOTED-digital\04_joe_lcd_20x32\4_main_dig4_20260731-105105.jpg,4,4,1.000000,0.000000,0.000000,0.000000,0.000000,1.000000,0.000000,0.000000,0.000000,0.000000,0.000000,0.000000,4,20260731-105105,kwh,58.042
C:\Users\josep\source\repos\AIOTED-digital\04_joe_lcd_20x32\4_main_dig4_20260731-110235.jpg,4,4,1.000000,0.000000,0.000000,0.000000,0.000000,1.000000,0.000000,0.000000,0.000000,0.000000,0.000000,0.000000,4,20260731-110235,kwh,58.104
C:\Users\josep\source\repos\AIOTED-digital\04_joe_lcd_20x32\4_main_dig4_20260731-111405.jpg,4,4,1.000000,0.000000,0.000000,0.000000,0.000000,1.000000,0.000000,0.000000,0.000000,0.000000,0.000000,0.000000,4,20260731-111405,kwh,58.402
C:\Users\josep\source\repos\AIOTED-digital\04_joe_lcd_20x32\4_main_dig5_20260731-074105.jpg,4,4,0.999999,0.000000,0.000000,0.000000,0.000000,0.999999,0.000000,0.000000,0.000000,0.000000,0.000001,0.000000,5,20260731-074105,kwh,85.791
C:\Users\josep\source\repos\AIOTED-digital\04_joe_lcd_20x32\4_main_dig5_20260731-075235.jpg,4,4,1.000000,0.000000,0.000000,0.000000,0.000000,1.000000,0.000000,0.000000,0.000000,0.000000,0.000000,0.000000,5,20260731-075235,kwh,117.229
C:\Users\josep\source\repos\AIOTED-digital\04_joe_lcd_20x32\4_main_dig5_20260731-093155.jpg,4,4,1.000000,0.000000,0.000000,0.000000,0.000000,1.000000,0.000000,0.000000,0.000000,0.000000,0.000000,0.000000,5,20260731-093155,kwh,63.894
C:\Users\josep\source\repos\AIOTED-digital\04_joe_lcd_20x32\4_main_dig5_20260731-094325.jpg,4,4,1.000000,0.000000,0.000000,0.000000,0.000000,1.000000,0.000000,0.000000,0.000000,0.000000,0.000000,0.000000,5,20260731-094325,kwh,66.113
C:\Users\josep\source\repos\AIOTED-digital\04_joe_lcd_20x32\4_main_dig5_20260731-095455.jpg,4,4,1.000000,0.000000,0.000000,0.000000,0.000000,1.000000,0.000000,0.000000,0.000000,0.000000,0.000000,0.000000,5,20260731-095455,kwh,64.357
C:\Users\josep\source\repos\AIOTED-digital\04_joe_lcd_20x32\4_main_dig5_20260731-100018.jpg,4,4,1.000000,0.000000,0.000000,0.000000,0.000000,1.000000,0.000000,0.000000,0.000000,0.000000,0.000000,0.000000,5,20260731-100018,kwh,65.172
C:\Users\josep\source\repos\AIOTED-digital\04_joe_lcd_20x32\4_main_dig5_20260731-101148.jpg,4,4,1.000000,0.000000,0.000000,0.000000,0.000000,1.000000,0.000000,0.000000,0.000000,0.000000,0.000000,0.000000,5,20260731-101148,kwh,64.089
C:\Users\josep\source\repos\AIOTED-digital\04_joe_lcd_20x32\4_main_dig5_20260731-103935.jpg,4,4,1.000000,0.000000,0.000000,0.000000,0.000000,1.000000,0.000000,0.000000,0.000000,0.000000,0.000000,0.000000,5,20260731-103935,kwh,64.224
C:\Users\josep\source\repos\AIOTED-digital\04_joe_lcd_20x32\4_main_dig5_20260731-105105.jpg,4,4,1.000000,0.000000,0.000000,0.000000,0.000000,1.000000,0.000000,0.000000,0.000000,0.000000,0.000000,0.000000,5,20260731-105105,kwh,62.110
C:\Users\josep\source\repos\AIOTED-digital\04_joe_lcd_20x32\4_main_dig5_20260731-110235.jpg,4,4,1.000000,0.000000,0.000000,0.000000,0.000000,1.000000,0.000000,0.000000,0.000000,0.000000,0.000000,0.000000,5,20260731-110235,kwh,61.876
C:\Users\josep\source\repos\AIOTED-digital\04_joe_lcd_20x32\4_main_dig5_20260731-111405.jpg,4,4,1.000000,0.000000,0.000000,0.000000,0.000000,1.000000,0.000000,0.000000,0.000000,0.000000,0.000000,0.000000,5,20260731-111405,kwh,62.311
C:\Users\josep\source\repos\AIOTED-digital\04_joe_lcd_20x32\4_main_dig5_20260816-160201.jpg,4,4,1.000000,0.000000,0.000000,0.000000,0.000000,1.000000,0.000000,0.000000,0.000000,0.000000,0.000000,0.000000,5,20260816-160201,kwh,73.790
C:\Users\josep\source\repos\AIOTED-digital\04_joe_lcd_20x32\4_main_dig5_20260816-161001.jpg,4,4,1.000000,0.000000,0.000000,0.000000,0.000000,1.000000,0.000000,0.000000,0.000000,0.000000,0.000000,0.000000,5,20260816-161001,kwh,73.888
C:\Users\josep\source\repos\AIOTED-digital\04_joe_lcd_20x32\4_main_dig5_20260816-162201.jpg,4,4,1.000000,0.000000,0.000000,0.000000,0.000000,1.000000,0.000000,0.000000,0.000000,0.000000,0.000000,0.000000,5,20260816-162201,kwh,66.868
C:\Users\josep\source\repos\AIOTED-digital\04_joe_lcd_20x32\4_main_dig5_20260816-165001.jpg,4,4,1.000000,0.000000,0.000000,0.000000,0.000000,1.000000,0.000000,0.000000,0.000000,0.000000,0.000000,0.000000,5,20260816-165001,kwh,59.082
C:\Users\josep\source\repos\AIOTED-digital\04_joe_lcd_20x32\4_main_dig5_20260816-170201.jpg,4,4,1.000000,0.000000,0.000000,0.000000,0.000000,1.000000,0.000000,0.000000,0.000000,0.000000,0.000000,0.000000,5,20260816-170201,kwh,59.775
C:\Users\josep\source\repos\AIOTED-digital\04_joe_lcd_20x32\4_main_dig5_20260816-172201.jpg,4,4,1.000000,0.000000,0.000000,0.000000,0.000000,1.000000,0.000000,0.000000,0.000000,0.000000,0.000000,0.000000,5,20260816-172201,kwh,57.583
C:\Users\josep\source\repos\AIOTED-digital\04_joe_lcd_20x32\4_main_dig5_20260816-180201.jpg,4,4,1.000000,0.000000,0.000000,0.000000,0.000000,1.000000,0.000000,0.000000,0.000000,0.000000,0.000000,0.000000,5,20260816-180201,kwh,55.290
C:\Users\josep\source\repos\AIOTED-digital\04_joe_lcd_20x32\4_main_dig5_20260816-182201.jpg,4,4,1.000000,0.000000,0.000000,0.000000,0.000000,1.000000,0.000000,0.000000,0.000000,0.000000,0.000000,0.000000,5,20260816-182201,kwh,56.791
C:\Users\josep\source\repos\AIOTED-digital\04_joe_lcd_20x32\4_main_dig5_20260816-191001.jpg,4,4,1.000000,0.000000,0.000000,0.000000,0.000000,1.000000,0.000000,0.000000,0.000000,0.000000,0.000000,0.000000,5,20260816-191001,kwh,60.709
C:\Users\josep\source\repos\AIOTED-digital\04_joe_lcd_20x32\4_main_dig5_20260819-074556.jpg,4,4,1.000000,0.000000,0.000000,0.000000,0.000000,1.000000,0.000000,0.000000,0.000000,0.000000,0.000000,0.000000,5,20260819-074556,kwh,55.047
C:\Users\josep\source\repos\AIOTED-digital\04_joe_lcd_20x32\4_main_dig5_20260819-075356.jpg,4,4,1.000000,0.000000,0.000000,0.000000,0.000000,1.000000,0.000000,0.000000,0.000000,0.000000,0.000000,0.000000,5,20260819-075356,kwh,58.008
C:\Users\josep\source\repos\AIOTED-digital\04_joe_lcd_20x32\4_main_dig5_20260819-084556.jpg,4,4,1.000000,0.000000,0.000000,0.000000,0.000000,1.000000,0.000000,0.000000,0.000000,0.000000,0.000000,0.000000,5,20260819-084556,kwh,73.968
C:\Users\josep\source\repos\AIOTED-digital\04_joe_lcd_20x32\4_main_dig5_20260819-111356.jpg,4,4,1.000000,0.000000,0.000000,0.000000,0.000000,1.000000,0.000000,0.000000,0.000000,0.000000,0.000000,0.000000,5,20260819-111356,kwh,67.865
C:\Users\josep\source\repos\AIOTED-digital\04_joe_lcd_20x32\4_main_dig5_20260910-055118.jpg,4,4,0.561421,0.000000,0.000000,0.000000,0.000000,0.561421,0.000168,0.000000,0.000000,0.000000,0.438411,0.000000,5,20260910-055118,kwh,59.039
C:\Users\josep\source\repos\AIOTED-digital\04_joe_lcd_20x32\4_main_dig5_20260910-063118.jpg,4,4,0.999341,0.000000,0.000000,0.000000,0.000000,0.999341,0.000000,0.000000,0.000000,0.000000,0.000658,0.000000,5,20260910-063118,kwh,57.501
C:\Users\josep\source\repos\AIOTED-digital\04_joe_lcd_20x32\4_main_dig5_20260910-065118.jpg,4,4,0.999676,0.000000,0.000000,0.000000,0.000000,0.999676,0.000001,0.000000,0.000000,0.000000,0.000323,0.000000,5,20260910-065118,kwh,54.850
C:\Users\josep\source\repos\AIOTED-digital\04_joe_lcd_20x32\4_main_dig5_20260910-065918.jpg,4,4,0.998902,0.000000,0.000000,0.000000,0.000000,0.998902,0.000004,0.000000,0.000000,0.000000,0.001094,0.000000,5,20260910-065918,kwh,54.017
C:\Users\josep\source\repos\AIOTED-digital\04_joe_lcd_20x32\4_main_dig5_20260910-073918.jpg,4,4,0.999909,0.000000,0.000000,0.000000,0.000000,0.999909,0.000000,0.000000,0.000000,0.000000,0.000091,0.000000,5,20260910-073918,kwh,51.003
C:\Users\josep\source\repos\AIOTED-digital\04_joe_lcd_20x32\4_main_dig5_20260910-105118.jpg,4,4,0.999997,0.000000,0.000000,0.000000,0.000000,0.999997,0.000000,0.000000,0.000000,0.000000,0.000003,0.000000,5,20260910-105118,kwh,63.585
C:\Users\josep\source\repos\AIOTED-digital\04_joe_lcd_20x32\4_main_dig5_20260910-111118.jpg,4,4,0.999996,0.000000,0.000000,0.000000,0.000000,0.999996,0.000000,0.000000,0.000000,0.000000,0.000004,0.000000,5,20260910-111118,kwh,65.327
C:\Users\josep\source\repos\AIOTED-digital\04_joe_lcd_20x32\4_main_dig5_20260910-120001.jpg,4,4,0.999965,0.000000,0.000000,0.000000,0.000000,0.999965,0.000010,0.000000,0.000000,0.000000,0.000024,0.000000,5,20260910-120001,kwh,74.546
C:\Users\josep\source\repos\AIOTED-digital\04_joe_lcd_20x32\4_main_dig5_20260913-054857.jpg,4,4,0.941236,0.000000,0.000000,0.000000,0.000000,0.941236,0.000193,0.000000,0.000000,0.000000,0.058571,0.000000,5,20260913-054857,kwh,59.085
C:\Users\josep\source\repos\AIOTED-digital\04_joe_lcd_20x32\4_main_dig5_20260913-060857.jpg,4,4,0.921528,0.000000,0.000000,0.000000,0.000000,0.921528,0.000115,0.000000,0.000000,0.000000,0.078357,0.000000,5,20260913-060857,kwh,57.295
C:\Users\josep\source\repos\AIOTED-digital\04_joe_lcd_20x32\4_main_dig5_20260913-062857.jpg,4,4,0.994374,0.000000,0.000000,0.000000,0.000000,0.994374,0.000002,0.000000,0.000000,0.000000,0.005623,0.000000,5,20260913-062857,kwh,56.359
C:\Users\josep\source\repos\AIOTED-digital\04_joe_lcd_20x32\4_main_dig5_20260913-064857.jpg,4,4,0.998205,0.000000,0.000000,0.000000,0.000000,0.998205,0.000001,0.000000,0.000000,0.000000,0.001794,0.000000,5,20260913-064857,kwh,52.138
C:\Users\josep\source\repos\AIOTED-digital\04_joe_lcd_20x32\4_main_dig5_20260913-070057.jpg,4,4,0.999614,0.000000,0.000000,0.000000,0.000000,0.999614,0.000000,0.000000,0.000000,0.000000,0.000386,0.000000,5,20260913-070057,kwh,51.355
C:\Users\josep\source\repos\AIOTED-digital\04_joe_lcd_20x32\4_main_dig5_20260913-072857.jpg,4,4,0.999476,0.000000,0.000000,0.000000,0.000000,0.999476,0.000000,0.000000,0.000000,0.000000,0.000524,0.000000,5,20260913-072857,kwh,51.772
C:\Users\josep\source\repos\AIOTED-digital\04_joe_lcd_20x32\4_main_dig5_20260913-084057.jpg,4,4,0.999999,0.000000,0.000000,0.000000,0.000000,0.999999,0.000000,0.000000,0.000000,0.000000,0.000001,0.000000,5,20260913-084057,kwh,61.109
C:\Users\josep\source\repos\AIOTED-digital\04_joe_lcd_20x32\4_main_dig5_20260913-114940.jpg,4,4,1.000000,0.000000,0.000000,0.000000,0.000000,1.000000,0.000000,0.000000,0.000000,0.000000,0.000000,0.000000,5,20260913-114940,kwh,51.812
C:\Users\josep\source\repos\AIOTED-digital\04_joe_lcd_20x32\4_main_dig5_20260913-122140.jpg,4,4,1.000000,0.000000,0.000000,0.000000,0.000000,1.000000,0.000000,0.000000,0.000000,0.000000,0.000000,0.000000,5,20260913-122140,kwh,71.578
C:\Users\josep\source\repos\AIOTED-digital\04_joe_lcd_20x32\4_main_dig5_20260913-142140.jpg,4,4,1.000000,0.000000,0.000000,0.000000,0.000000,1.000000,0.000000,0.000000,0.000000,0.000000,0.000000,0.000000,5,20260913-142140,kwh,64.833
C:\Users\josep\source\repos\AIOTED-digital\04_joe_lcd_20x32\4_main_dig5_20260927-014214.jpg,4,4,0.995666,0.000000,0.000000,0.000000,0.000000,0.995666,0.000003,0.000000,0.000000,0.000000,0.004331,0.000000,5,20260927-014214,kwh,58.081
C:\Users\josep\source\repos\AIOTED-digital\04_joe_lcd_20x32\4_main_dig5_20260927-020214.jpg,4,4,0.947950,0.000000,0.000000,0.000000,0.000000,0.947950,0.000021,0.000000,0.000000,0.000000,0.052029,0.000000,5,20260927-020214,kwh,59.202
C:\Users\josep\source\repos\AIOTED-digital\04_joe_lcd_20x32\4_main_dig5_20260927-044214.jpg,4,4,0.941647,0.000000,0.000000,0.000000,0.000000,0.941647,0.000175,0.000000,0.000000,0.000000,0.058179,0.000000,5,20260927-044214,kwh,58.153
C:\Users\josep\source\repos\AIOTED-digital\04_joe_lcd_20x32\4_main_dig5_20260927-070214.jpg,4,4,0.999946,0.000000,0.000000,0.000000,0.000000,0.999946,0.000000,0.000000,0.000000,0.000000,0.000054,0.000000,5,20260927-070214,kwh,52.295
C:\Users\josep\source\repos\AIOTED-digital\04_joe_lcd_20x32\4_main_dig5_20260927-072214.jpg,4,4,0.999876,0.000000,0.000000,0.000000,0.000000,0.999876,0.000000,0.000000,0.000000,0.000000,0.000124,0.000000,5,20260927-072214,kwh,52.412
C:\Users\josep\source\repos\AIOTED-digital\04_joe_lcd_20x32\4_main_dig5_20260927-073414.jpg,4,4,0.999803,0.000000,0.000000,0.000000,0.000000,0.999803,0.000000,0.000000,0.000000,0.000000,0.000197,0.000000,5,20260927-073414,kwh,50.099
C:\Users\josep\source\repos\AIOTED-digital\04_joe_lcd_20x32\4_main_dig5_20260927-074214.jpg,4,4,0.999881,0.000000,0.000000,0.000000,0.000000,0.999881,0.000000,0.000000,0.000000,0.000000,0.000119,0.000000,5,20260927-074214,kwh,51.071
C:\Users\josep\source\repos\AIOTED-digital\04_joe_lcd_20x32\4_main_dig5_20260927-082213.jpg,4,4,1.000000,0.000000,0.000000,0.000000,0.000000,1.000000,0.000000,0.000000,0.000000,0.000000,0.000000,0.000000,5,20260927-082213,kwh,51.796
C:\Users\josep\source\repos\AIOTED-digital\04_joe_lcd_20x32\4_main_dig5_20260927-085414.jpg,4,4,0.999999,0.000000,0.000000,0.000000,0.000000,0.999999,0.000000,0.000000,0.000000,0.000000,0.000001,0.000000,5,20260927-085414,kwh,69.192
C:\Users\josep\source\repos\AIOTED-digital\04_joe_lcd_20x32\4_main_dig5_20260927-101043.jpg,4,4,1.000000,0.000000,0.000000,0.000000,0.000000,1.000000,0.000000,0.000000,0.000000,0.000000,0.000000,0.000000,5,20260927-101043,kwh,64.967
C:\Users\josep\source\repos\AIOTED-digital\04_joe_lcd_20x32\4_main_dig6_20260731-100018.jpg,4,4,1.000000,0.000000,0.000000,0.000000,0.000000,1.000000,0.000000,0.000000,0.000000,0.000000,0.000000,0.000000,6,20260731-100018,kwh,88.142
C:\Users\josep\source\repos\AIOTED-digital\04_joe_lcd_20x32\4_main_dig6_20260731-101148.jpg,4,4,1.000000,0.000000,0.000000,0.000000,0.000000,1.000000,0.000000,0.000000,0.000000,0.000000,0.000000,0.000000,6,20260731-101148,kwh,85.433
C:\Users\josep\source\repos\AIOTED-digital\04_joe_lcd_20x32\4_main_dig6_20260731-103935.jpg,4,4,1.000000,0.000000,0.000000,0.000000,0.000000,1.000000,0.000000,0.000000,0.000000,0.000000,0.000000,0.000000,6,20260731-103935,kwh,85.138
C:\Users\josep\source\repos\AIOTED-digital\04_joe_lcd_20x32\4_main_dig6_20260802-093444.jpg,4,4,0.997853,0.000000,0.000000,0.000000,0.000000,0.997853,0.000002,0.000000,0.000000,0.000055,0.002086,0.000005,6,20260802-093444,kwh,52.712
C:\Users\josep\source\repos\AIOTED-digital\04_joe_lcd_20x32\4_main_dig6_20260802-184810.jpg,4,4,1.000000,0.000000,0.000000,0.000000,0.000000,1.000000,0.000000,0.000000,0.000000,0.000000,0.000000,0.000000,6,20260802-184810,kwh,45.822
C:\Users\josep\source\repos\AIOTED-digital\04_joe_lcd_20x32\4_main_dig6_20260802-190010.jpg,4,4,1.000000,0.000000,0.000000,0.000000,0.000000,1.000000,0.000000,0.000000,0.000000,0.000000,0.000000,0.000000,6,20260802-190010,kwh,61.777
C:\Users\josep\source\repos\AIOTED-digital\04_joe_lcd_20x32\4_main_dig6_20260804-005925.jpg,4,4,0.901775,0.007308,0.035073,0.001531,0.000609,0.901775,0.001052,0.000310,0.003715,0.009872,0.017953,0.020802,6,20260804-005925,kwh,33.039
C:\Users\josep\source\repos\AIOTED-digital\04_joe_lcd_20x32\4_main_dig6_20260804-010725.jpg,4,4,0.833960,0.010112,0.108680,0.002083,0.001062,0.833960,0.000453,0.000150,0.008415,0.009488,0.014427,0.011171,6,20260804-010725,kwh,33.142
C:\Users\josep\source\repos\AIOTED-digital\04_joe_lcd_20x32\4_main_dig6_20260804-011925.jpg,4,4,0.953126,0.004729,0.009057,0.000394,0.000143,0.953126,0.001556,0.000395,0.000796,0.007273,0.015171,0.007360,6,20260804-011925,kwh,33.743
C:\Users\josep\source\repos\AIOTED-digital\04_joe_lcd_20x32\4_main_dig6_20260804-012725.jpg,4,4,0.926863,0.007181,0.017438,0.000423,0.000105,0.926863,0.000180,0.000024,0.001563,0.009424,0.030005,0.006793,6,20260804-012725,kwh,33.030
C:\Users\josep\source\repos\AIOTED-digital\04_joe_lcd_20x32\4_main_dig6_20260804-013925.jpg,4,4,0.973375,0.001573,0.002273,0.000143,0.000049,0.973375,0.000657,0.000107,0.000194,0.003219,0.012001,0.006409,6,20260804-013925,kwh,33.184
C:\Users\josep\source\repos\AIOTED-digital\04_joe_lcd_20x32\4_main_dig6_20260804-014725.jpg,4,4,0.947155,0.004470,0.007995,0.000282,0.000122,0.947155,0.000726,0.000108,0.000772,0.007730,0.027371,0.003268,6,20260804-014725,kwh,33.106
C:\Users\josep\source\repos\AIOTED-digital\04_joe_lcd_20x32\4_main_dig6_20260804-015925.jpg,4,4,0.926414,0.005815,0.020573,0.001082,0.000571,0.926414,0.000676,0.000147,0.002981,0.008328,0.023531,0.009882,6,20260804-015925,kwh,33.937
C:\Users\josep\source\repos\AIOTED-digital\04_joe_lcd_20x32\4_main_dig6_20260804-094418.jpg,4,4,0.999993,0.000000,0.000000,0.000000,0.000000,0.999993,0.000000,0.000000,0.000000,0.000000,0.000007,0.000000,6,20260804-094418,kwh,48.854
C:\Users\josep\source\repos\AIOTED-digital\04_joe_lcd_20x32\4_main_dig6_20260804-183217.jpg,4,4,1.000000,0.000000,0.000000,0.000000,0.000000,1.000000,0.000000,0.000000,0.000000,0.000000,0.000000,0.000000,6,20260804-183217,kwh,40.807
C:\Users\josep\source\repos\AIOTED-digital\04_joe_lcd_20x32\4_main_dig6_20260804-190017.jpg,4,4,1.000000,0.000000,0.000000,0.000000,0.000000,1.000000,0.000000,0.000000,0.000000,0.000000,0.000000,0.000000,6,20260804-190017,kwh,33.036
C:\Users\josep\source\repos\AIOTED-digital\04_joe_lcd_20x32\4_main_dig6_20260804-190417.jpg,4,4,1.000000,0.000000,0.000000,0.000000,0.000000,1.000000,0.000000,0.000000,0.000000,0.000000,0.000000,0.000000,6,20260804-190417,kwh,34.000
C:\Users\josep\source\repos\AIOTED-digital\04_joe_lcd_20x32\4_main_dig6_20260804-234017.jpg,4,4,0.842037,0.007147,0.000089,0.000002,0.000006,0.842037,0.000232,0.000009,0.000037,0.018218,0.132150,0.000074,6,20260804-234017,kwh,31.742
C:\Users\josep\source\repos\AIOTED-digital\04_joe_lcd_20x32\4_main_dig6_20260804-235217.jpg,4,4,0.928516,0.011345,0.000412,0.000009,0.000006,0.928516,0.000180,0.000015,0.000134,0.008616,0.050621,0.000145,6,20260804-235217,kwh,31.340
C:\Users\josep\source\repos\AIOTED-digital\04_joe_lcd_20x32\4_main_dig6_20260816-124202.jpg,4,4,1.000000,0.000000,0.000000,0.000000,0.000000,1.000000,0.000000,0.000000,0.000000,0.000000,0.000000,0.000000,6,20260816-124202,kwh,72.733
C:\Users\josep\source\repos\AIOTED-digital\04_joe_lcd_20x32\4_main_dig6_20260816-225801.jpg,4,4,0.996933,0.000005,0.000014,0.000000,0.000000,0.996933,0.000674,0.000012,0.000000,0.000066,0.002295,0.000000,6,20260816-225801,kwh,30.746
C:\Users\josep\source\repos\AIOTED-digital\04_joe_lcd_20x32\4_main_dig6_20260816-231001.jpg,4,4,0.998869,0.000002,0.000013,0.000000,0.000000,0.998869,0.000040,0.000001,0.000000,0.000027,0.001047,0.000000,6,20260816-231001,kwh,31.154
C:\Users\josep\source\repos\AIOTED-digital\04_joe_lcd_20x32\4_main_dig6_20260816-233801.jpg,4,4,0.995641,0.000037,0.000053,0.000000,0.000001,0.995641,0.000246,0.000009,0.000001,0.000282,0.003729,0.000001,6,20260816-233801,kwh,30.907
C:\Users\josep\source\repos\AIOTED-digital\04_joe_lcd_20x32\4_main_dig6_20260819-004557.jpg,4,4,0.999450,0.000003,0.000030,0.000000,0.000000,0.999450,0.000025,0.000001,0.000000,0.000032,0.000457,0.000000,6,20260819-004557,kwh,30.227
C:\Users\josep\source\repos\AIOTED-digital\04_joe_lcd_20x32\4_main_dig6_20260819-013757.jpg,4,4,0.998233,0.000009,0.000036,0.000000,0.000001,0.998233,0.000228,0.000009,0.000000,0.000074,0.001410,0.000001,6,20260819-013757,kwh,29.940
C:\Users\josep\source\repos\AIOTED-digital\04_joe_lcd_20x32\4_main_dig6_20260819-014557.jpg,4,4,0.998735,0.000008,0.000045,0.000000,0.000000,0.998735,0.000029,0.000002,0.000000,0.000073,0.001107,0.000001,6,20260819-014557,kwh,31.133
C:\Users\josep\source\repos\AIOTED-digital\04_joe_lcd_20x32\4_main_dig6_20260819-103356.jpg,4,4,1.000000,0.000000,0.000000,0.000000,0.000000,1.000000,0.000000,0.000000,0.000000,0.000000,0.000000,0.000000,6,20260819-103356,kwh,85.270
C:\Users\josep\source\repos\AIOTED-digital\04_joe_lcd_20x32\4_main_dig6_20260819-183355.jpg,4,4,1.000000,0.000000,0.000000,0.000000,0.000000,1.000000,0.000000,0.000000,0.000000,0.000000,0.000000,0.000000,6,20260819-183355,kwh,33.123
C:\Users\josep\source\repos\AIOTED-digital\04_joe_lcd_20x32\4_main_dig6_20260819-184155.jpg,4,4,1.000000,0.000000,0.000000,0.000000,0.000000,1.000000,0.000000,0.000000,0.000000,0.000000,0.000000,0.000000,6,20260819-184155,kwh,31.584
C:\Users\josep\source\repos\AIOTED-digital\04_joe_lcd_20x32\4_main_dig6_20260823-150948.jpg,4,4,1.000000,0.000000,0.000000,0.000000,0.000000,1.000000,0.000000,0.000000,0.000000,0.000000,0.000000,0.000000,6,20260823-150948,kwh,80.645
C:\Users\josep\source\repos\AIOTED-digital\04_joe_lcd_20x32\4_main_dig6_20260910-073918.jpg,4,4,1.000000,0.000000,0.000000,0.000000,0.000000,1.000000,0.000000,0.000000,0.000000,0.000000,0.000000,0.000000,6,20260910-073918,kwh,35.968
C:\Users\josep\source\repos\AIOTED-digital\04_joe_lcd_20x32\4_main_dig6_20260910-081118.jpg,4,4,1.000000,0.000000,0.000000,0.000000,0.000000,1.000000,0.000000,0.000000,0.000000,0.000000,0.000000,0.000000,6,20260910-081118,kwh,68.344
C:\Users\josep\source\repos\AIOTED-digital\04_joe_lcd_20x32\4_main_dig6_20260910-145201.jpg,4,4,1.000000,0.000000,0.000000,0.000000,0.000000,1.000000,0.000000,0.000000,0.000000,0.000000,0.000000,0.000000,6,20260910-145201,kwh,41.835
C:\Users\josep\source\repos\AIOTED-digital\04_joe_lcd_20x32\4_main_dig6_20260910-190001.jpg,4,4,0.999997,0.000000,0.000000,0.000000,0.000000,0.999997,0.000000,0.000000,0.000000,0.000000,0.000003,0.000000,6,20260910-190001,kwh,22.906
C:\Users\josep\source\repos\AIOTED-digital\04_joe_lcd_20x32\4_main_dig6_20260913-100140.jpg,4,4,1.000000,0.000000,0.000000,0.000000,0.000000,1.000000,0.000000,0.000000,0.000000,0.000000,0.000000,0.000000,6,20260913-100140,kwh,55.536
C:\Users\josep\source\repos\AIOTED-digital\04_joe_lcd_20x32\4_main_dig6_20260914-084538.jpg,4,4,0.999394,0.000000,0.000000,0.000000,0.000000,0.999394,0.000080,0.000007,0.000000,0.000093,0.000425,0.000000,6,20260914-084538,kwh,90.732
C:\Users\josep\source\repos\AIOTED-digital\04_joe_lcd_20x32\4_main_dig6_20260914-085338.jpg,4,4,0.999879,0.000000,0.000000,0.000000,0.000000,0.999879,0.000022,0.000001,0.000000,0.000009,0.000089,0.000000,6,20260914-085338,kwh,87.861
C:\Users\josep\source\repos\AIOTED-digital\04_joe_lcd_20x32\4_main_dig6_20260914-171337.jpg,4,4,1.000000,0.000000,0.000000,0.000000,0.000000,1.000000,0.000000,0.000000,0.000000,0.000000,0.000000,0.000000,6,20260914-171337,kwh,30.327
C:\Users\josep\source\repos\AIOTED-digital\04_joe_lcd_20x32\4_main_dig6_20260914-172137.jpg,4,4,1.000000,0.000000,0.000000,0.000000,0.000000,1.000000,0.000000,0.000000,0.000000,0.000000,0.000000,0.000000,6,20260914-172137,kwh,23.840
C:\Users\josep\source\repos\AIOTED-digital\04_joe_lcd_20x32\4_main_dig6_20260927-042214.jpg,4,4,0.992891,0.000012,0.000058,0.000007,0.000010,0.992891,0.002208,0.000324,0.000001,0.000677,0.003811,0.000003,6,20260927-042214,kwh,26.310
C:\Users\josep\source\repos\AIOTED-digital\04_joe_lcd_20x32\4_main_dig6_20260927-043414.jpg,4,4,0.997081,0.000013,0.000040,0.000001,0.000001,0.997081,0.000489,0.000026,0.000000,0.000109,0.002241,0.000001,6,20260927-043414,kwh,27.484
C:\Users\josep\source\repos\AIOTED-digital\04_joe_lcd_20x32\4_main_dig6_20260927-045414.jpg,4,4,0.990739,0.000078,0.000249,0.000005,0.000006,0.990739,0.001441,0.000323,0.000003,0.001569,0.005585,0.000002,6,20260927-045414,kwh,27.566
C:\Users\josep\source\repos\AIOTED-digital\04_joe_lcd_20x32\4_main_dig6_20260927-055414.jpg,4,4,0.999628,0.000001,0.000042,0.000000,0.000000,0.999628,0.000036,0.000003,0.000000,0.000022,0.000268,0.000000,6,20260927-055414,kwh,24.753
C:\Users\josep\source\repos\AIOTED-digital\04_joe_lcd_20x32\4_main_dig6_20260927-153042.jpg,4,4,1.000000,0.000000,0.000000,0.000000,0.000000,1.000000,0.000000,0.000000,0.000000,0.000000,0.000000,0.000000,6,20260927-153042,kwh,66.032
C:\Users\josep\source\repos\AIOTED-digital\04_joe_lcd_20x32\4_main_dig6_20260927-154642.jpg,4,4,1.000000,0.000000,0.000000,0.000000,0.000000,1.000000,0.000000,0.000000,0.000000,0.000000,0.000000,0.000000,6,20260927-154642,kwh,56.046
C:\Users\josep\source\repos\AIOTED-digital\04_joe_lcd_20x32\5_main_dig2_20260731-055303.jpg,5,5,0.999999,0.000000,0.000000,0.000000,0.000000,0.000000,0.999999,0.000001,0.000000,0.000000,0.000000,0.000000,2,20260731-055303,kwh,50.112
C:\Users\josep\source\repos\AIOTED-digital\04_joe_lcd_20x32\5_main_dig2_20260731-060433.jpg,5,5,1.000000,0.000000,0.000000,0.000000,0.000000,0.000000,1.000000,0.000000,0.000000,0.000000,0.000000,0.000000,2,20260731-060433,kwh,34.517
C:\Users\josep\source\repos\AIOTED-digital\04_joe_lcd_20x32\5_main_dig2_20260731-070635.jpg,5,5,1.000000,0.000000,0.000000,0.000000,0.000000,0.000000,1.000000,0.000000,0.000000,0.000000,0.000000,0.000000,2,20260731-070635,kwh,32.839
C:\Users\josep\source\repos\AIOTED-digital\04_joe_lcd_20x32\5_main_dig2_20260731-071805.jpg,5,5,1.000000,0.000000,0.000000,0.000000,0.000000,0.000000,1.000000,0.000000,0.000000,0.000000,0.000000,0.000000,2,20260731-071805,kwh,38.940
C:\Users\josep\source\repos\AIOTED-digital\04_joe_lcd_20x32\5_main_dig2_20260731-072935.jpg,5,5,1.000000,0.000000,0.000000,0.000000,0.000000,0.000000,1.000000,0.000000,0.000000,0.000000,0.000000,0.000000,2,20260731-072935,kwh,42.431
C:\Users\josep\source\repos\AIOTED-digital\04_joe_lcd_20x32\5_main_dig2_20260731-074105.jpg,5,5,1.000000,0.000000,0.000000,0.000000,0.000000,0.000000,1.000000,0.000000,0.000000,0.000000,0.000000,0.000000,2,20260731-074105,kwh,34.580
C:\Users\josep\source\repos\AIOTED-digital\04_joe_lcd_20x32\5_main_dig2_20260731-075235.jpg,5,5,1.000000,0.000000,0.000000,0.000000,0.000000,0.000000,1.000000,0.000000,0.000000,0.000000,0.000000,0.000000,2,20260731-075235,kwh,34.787
C:\Users\josep\source\repos\AIOTED-digital\04_joe_lcd_20x32\5_main_dig2_20260731-093155.jpg,5,5,1.000000,0.000000,0.000000,0.000000,0.000000,0.000000,1.000000,0.000000,0.000000,0.000000,0.000000,0.000000,2,20260731-093155,kwh,50.834
C:\Users\josep\source\repos\AIOTED-digital\04_joe_lcd_20x32\5_main_dig2_20260731-094325.jpg,5,5,1.000000,0.000000,0.000000,0.000000,0.000000,0.000000,1.000000,0.000000,0.000000,0.000000,0.000000,0.000000,2,20260731-094325,kwh,50.207
C:\Users\josep\source\repos\AIOTED-digital\04_joe_lcd_20x32\5_main_dig2_20260731-095455.jpg,5,5,1.000000,0.000000,0.000000,0.000000,0.000000,0.000000,1.000000,0.000000,0.000000,0.000000,0.000000,0.000000,2,20260731-095455,kwh,52.085
C:\Users\josep\source\repos\AIOTED-digital\04_joe_lcd_20x32\5_main_dig2_20260731-100018.jpg,5,5,1.000000,0.000000,0.000000,0.000000,0.000000,0.000000,1.000000,0.000000,0.000000,0.000000,0.000000,0.000000,2,20260731-100018,kwh,56.069
C:\Users\josep\source\repos\AIOTED-digital\04_joe_lcd_20x32\5_main_dig2_20260731-101148.jpg,5,5,1.000000,0.000000,0.000000,0.000000,0.000000,0.000000,1.000000,0.000000,0.000000,0.000000,0.000000,0.000000,2,20260731-101148,kwh,59.985
C:\Users\josep\source\repos\AIOTED-digital\04_joe_lcd_20x32\5_main_dig2_20260731-103935.jpg,5,5,1.000000,0.000000,0.000000,0.000000,0.000000,0.000000,1.000000,0.000000,0.000000,0.000000,0.000000,0.000000,2,20260731-103935,kwh,42.404
C:\Users\josep\source\repos\AIOTED-digital\04_joe_lcd_20x32\5_main_dig2_20260731-105105.jpg,5,5,1.000000,0.000000,0.000000,0.000000,0.000000,0.000000,1.000000,0.000000,0.000000,0.000000,0.000000,0.000000,2,20260731-105105,kwh,57.956
C:\Users\josep\source\repos\AIOTED-digital\04_joe_lcd_20x32\5_main_dig2_20260731-110235.jpg,5,5,1.000000,0.000000,0.000000,0.000000,0.000000,0.000000,1.000000,0.000000,0.000000,0.000000,0.000000,0.000000,2,20260731-110235,kwh,58.121
C:\Users\josep\source\repos\AIOTED-digital\04_joe_lcd_20x32\5_main_dig2_20260731-111405.jpg,5,5,1.000000,0.000000,0.000000,0.000000,0.000000,0.000000,1.000000,0.000000,0.000000,0.000000,0.000000,0.000000,2,20260731-111405,kwh,55.938
C:\Users\josep\source\repos\AIOTED-digital\04_joe_lcd_20x32\5_main_dig2_20260802-072644.jpg,5,5,1.000000,0.000000,0.000000,0.000000,0.000000,0.000000,1.000000,0.000000,0.000000,0.000000,0.000000,0.000000,2,20260802-072644,kwh,110.850
C:\Users\josep\source\repos\AIOTED-digital\04_joe_lcd_20x32\5_main_dig2_20260802-190010.jpg,5,5,1.000000,0.000000,0.000000,0.000000,0.000000,0.000000,1.000000,0.000000,0.000000,0.000000,0.000000,0.000000,2,20260802-190010,kwh,115.086
C:\Users\josep\source\repos\AIOTED-digital\04_joe_lcd_20x32\5_main_dig2_20260802-194010.jpg,5,5,1.000000,0.000000,0.000000,0.000000,0.000000,0.000000,1.000000,0.000000,0.000000,0.000000,0.000000,0.000000,2,20260802-194010,kwh,126.978
C:\Users\josep\source\repos\AIOTED-digital\04_joe_lcd_20x32\5_main_dig2_20260802-202010.jpg,5,5,0.999999,0.000000,0.000000,0.000000,0.000000,0.000000,0.999999,0.000001,0.000000,0.000000,0.000000,0.000000,2,20260802-202010,kwh,143.723
C:\Users\josep\source\repos\AIOTED-digital\04_joe_lcd_20x32\5_main_dig2_20260802-202810.jpg,5,5,0.999999,0.000000,0.000000,0.000000,0.000000,0.000000,0.999999,0.000001,0.000000,0.000000,0.000000,0.000000,2,20260802-202810,kwh,145.723
C:\Users\josep\source\repos\AIOTED-digital\04_joe_lcd_20x32\5_main_dig2_20260802-203610.jpg,5,5,0.999999,0.000000,0.000000,0.000000,0.000000,0.000000,0.999999,0.000001,0.000000,0.000000,0.000000,0.000000,2,20260802-203610,kwh,146.036
C:\Users\josep\source\repos\AIOTED-digital\04_joe_lcd_20x32\5_main_dig2_20260802-204810.jpg,5,5,0.999998,0.000000,0.000000,0.000000,0.000000,0.000000,0.999998,0.000002,0.000000,0.000000,0.000000,0.000000,2,20260802-204810,kwh,143.985
C:\Users\josep\source\repos\AIOTED-digital\04_joe_lcd_20x32\5_main_dig2_20260802-210810.jpg,5,5,0.999997,0.000000,0.000000,0.000000,0.000000,0.000000,0.999997,0.000003,0.000000,0.000000,0.000000,0.000000,2,20260802-210810,kwh,144.370
C:\Users\josep\source\repos\AIOTED-digital\04_joe_lcd_20x32\5_main_dig2_20260802-212810.jpg,5,5,0.999996,0.000000,0.000000,0.000000,0.000000,0.000000,0.999996,0.000004,0.000000,0.000000,0.000000,0.000000,2,20260802-212810,kwh,144.173
C:\Users\josep\source\repos\AIOTED-digital\04_joe_lcd_20x32\5_main_dig2_20260802-213610.jpg,5,5,0.999988,0.000000,0.000000,0.000000,0.000000,0.000000,0.999988,0.000012,0.000000,0.000000,0.000000,0.000000,2,20260802-213610,kwh,144.203
C:\Users\josep\source\repos\AIOTED-digital\04_joe_lcd_20x32\5_main_dig2_20260802-214810.jpg,5,5,0.999999,0.000000,0.000000,0.000000,0.000000,0.000000,0.999999,0.000001,0.000000,0.000000,0.000000,0.000000,2,20260802-214810,kwh,143.125
C:\Users\josep\source\repos\AIOTED-digital\04_joe_lcd_20x32\5_main_dig2_20260802-215610.jpg,5,5,0.999998,0.000000,0.000000,0.000000,0.000000,0.000000,0.999998,0.000002,0.000000,0.000000,0.000000,0.000000,2,20260802-215610,kwh,142.407
C:\Users\josep\source\repos\AIOTED-digital\04_joe_lcd_20x32\5_main_dig2_20260802-220810.jpg,5,5,0.999997,0.000000,0.000000,0.000000,0.000000,0.000000,0.999997,0.000003,0.000000,0.000000,0.000000,0.000000,2,20260802-220810,kwh,144.895
C:\Users\josep\source\repos\AIOTED-digital\04_joe_lcd_20x32\5_main_dig2_20260802-221610.jpg,5,5,0.999998,0.000000,0.000000,0.000000,0.000000,0.000000,0.999998,0.000002,0.000000,0.000000,0.000000,0.000000,2,20260802-221610,kwh,145.263
C:\Users\josep\source\repos\AIOTED-digital\04_joe_lcd_20x32\5_main_dig2_20260802-230810.jpg,5,5,0.999999,0.000000,0.000000,0.000000,0.000000,0.000000,0.999999,0.000001,0.000000,0.000000,0.000000,0.000000,2,20260802-230810,kwh,144.086
C:\Users\josep\source\repos\AIOTED-digital\04_joe_lcd_20x32\5_main_dig2_20260802-234810.jpg,5,5,0.999998,0.000000,0.000000,0.000000,0.000000,0.000000,0.999998,0.000002,0.000000,0.000000,0.000000,0.000000,2,20260802-234810,kwh,144.262
C:\Users\josep\source\repos\AIOTED-digital\04_joe_lcd_20x32\5_main_dig2_20260804-011925.jpg,5,5,1.000000,0.000000,0.000000,0.000000,0.000000,0.000000,1.000000,0.000000,0.000000,0.000000,0.000000,0.000000,2,20260804-011925,kwh,133.170
C:\Users\josep\source\repos\AIOTED-digital\04_joe_lcd_20x32\5_main_dig2_20260804-013925.jpg,5,5,1.000000,0.000000,0.000000,0.000000,0.000000,0.000000,1.000000,0.000000,0.000000,0.000000,0.000000,0.000000,2,20260804-013925,kwh,133.826
C:\Users\josep\source\repos\AIOTED-digital\04_joe_lcd_20x32\5_main_dig2_20260804-033925.jpg,5,5,0.999999,0.000000,0.000000,0.000000,0.000000,0.000000,0.999999,0.000001,0.000000,0.000000,0.000000,0.000000,2,20260804-033925,kwh,132.117
C:\Users\josep\source\repos\AIOTED-digital\04_joe_lcd_20x32\5_main_dig2_20260804-042725.jpg,5,5,1.000000,0.000000,0.000000,0.000000,0.000000,0.000000,1.000000,0.000000,0.000000,0.000000,0.000000,0.000000,2,20260804-042725,kwh,134.438
C:\Users\josep\source\repos\AIOTED-digital\04_joe_lcd_20x32\5_main_dig2_20260804-045925.jpg,5,5,1.000000,0.000000,0.000000,0.000000,0.000000,0.000000,1.000000,0.000000,0.000000,0.000000,0.000000,0.000000,2,20260804-045925,kwh,134.906
C:\Users\josep\source\repos\AIOTED-digital\04_joe_lcd_20x32\5_main_dig2_20260804-071618.jpg,5,5,1.000000,0.000000,0.000000,0.000000,0.000000,0.000000,1.000000,0.000000,0.000000,0.000000,0.000000,0.000000,2,20260804-071618,kwh,97.415
C:\Users\josep\source\repos\AIOTED-digital\04_joe_lcd_20x32\5_main_dig2_20260804-190017.jpg,5,5,0.999997,0.000000,0.000000,0.000000,0.000000,0.000000,0.999997,0.000003,0.000000,0.000000,0.000000,0.000000,2,20260804-190017,kwh,101.941
C:\Users\josep\source\repos\AIOTED-digital\04_joe_lcd_20x32\5_main_dig2_20260804-192417.jpg,5,5,1.000000,0.000000,0.000000,0.000000,0.000000,0.000000,1.000000,0.000000,0.000000,0.000000,0.000000,0.000000,2,20260804-192417,kwh,109.081
C:\Users\josep\source\repos\AIOTED-digital\04_joe_lcd_20x32\5_main_dig2_20260804-200417.jpg,5,5,1.000000,0.000000,0.000000,0.000000,0.000000,0.000000,1.000000,0.000000,0.000000,0.000000,0.000000,0.000000,2,20260804-200417,kwh,119.020
C:\Users\josep\source\repos\AIOTED-digital\04_joe_lcd_20x32\5_main_dig2_20260804-203217.jpg,5,5,1.000000,0.000000,0.000000,0.000000,0.000000,0.000000,1.000000,0.000000,0.000000,0.000000,0.000000,0.000000,2,20260804-203217,kwh,121.497
C:\Users\josep\source\repos\AIOTED-digital\04_joe_lcd_20x32\5_main_dig2_20260804-221217.jpg,5,5,1.000000,0.000000,0.000000,0.000000,0.000000,0.000000,1.000000,0.000000,0.000000,0.000000,0.000000,0.000000,2,20260804-221217,kwh,117.618
C:\Users\josep\source\repos\AIOTED-digital\04_joe_lcd_20x32\5_main_dig2_20260804-222017.jpg,5,5,1.000000,0.000000,0.000000,0.000000,0.000000,0.000000,1.000000,0.000000,0.000000,0.000000,0.000000,0.000000,2,20260804-222017,kwh,118.239
C:\Users\josep\source\repos\AIOTED-digital\04_joe_lcd_20x32\5_main_dig2_20260804-223217.jpg,5,5,1.000000,0.000000,0.000000,0.000000,0.000000,0.000000,1.000000,0.000000,0.000000,0.000000,0.000000,0.000000,2,20260804-223217,kwh,120.228
C:\Users\josep\source\repos\AIOTED-digital\04_joe_lcd_20x32\5_main_dig2_20260804-224017.jpg,5,5,1.000000,0.000000,0.000000,0.000000,0.000000,0.000000,1.000000,0.000000,0.000000,0.000000,0.000000,0.000000,2,20260804-224017,kwh,119.130
C:\Users\josep\source\repos\AIOTED-digital\04_joe_lcd_20x32\5_main_dig2_20260804-225217.jpg,5,5,1.000000,0.000000,0.000000,0.000000,0.000000,0.000000,1.000000,0.000000,0.000000,0.000000,0.000000,0.000000,2,20260804-225217,kwh,116.829
C:\Users\josep\source\repos\AIOTED-digital\04_joe_lcd_20x32\5_main_dig2_20260804-231217.jpg,5,5,1.000000,0.000000,0.000000,0.000000,0.000000,0.000000,1.000000,0.000000,0.000000,0.000000,0.000000,0.000000,2,20260804-231217,kwh,118.125
C:\Users\josep\source\repos\AIOTED-digital\04_joe_lcd_20x32\5_main_dig2_20260816-083402.jpg,5,5,1.000000,0.000000,0.000000,0.000000,0.000000,0.000000,1.000000,0.000000,0.000000,0.000000,0.000000,0.000000,2,20260816-083402,kwh,84.046
C:\Users\josep\source\repos\AIOTED-digital\04_joe_lcd_20x32\5_main_dig2_20260816-165001.jpg,5,5,1.000000,0.000000,0.000000,0.000000,0.000000,0.000000,1.000000,0.000000,0.000000,0.000000,0.000000,0.000000,2,20260816-165001,kwh,85.898
C:\Users\josep\source\repos\AIOTED-digital\04_joe_lcd_20x32\5_main_dig2_20260819-094556.jpg,5,5,1.000000,0.000000,0.000000,0.000000,0.000000,0.000000,1.000000,0.000000,0.000000,0.000000,0.000000,0.000000,2,20260819-094556,kwh,72.154
C:\Users\josep\source\repos\AIOTED-digital\04_joe_lcd_20x32\5_main_dig2_20260823-071349.jpg,5,5,1.000000,0.000000,0.000000,0.000000,0.000000,0.000000,1.000000,0.000000,0.000000,0.000000,0.000000,0.000000,2,20260823-071349,kwh,85.315
C:\Users\josep\source\repos\AIOTED-digital\04_joe_lcd_20x32\5_main_dig2_20260823-084149.jpg,5,5,1.000000,0.000000,0.000000,0.000000,0.000000,0.000000,1.000000,0.000000,0.000000,0.000000,0.000000,0.000000,2,20260823-084149,kwh,76.919
C:\Users\josep\source\repos\AIOTED-digital\04_joe_lcd_20x32\5_main_dig2_20260910-081918.jpg,5,5,1.000000,0.000000,0.000000,0.000000,0.000000,0.000000,1.000000,0.000000,0.000000,0.000000,0.000000,0.000000,2,20260910-081918,kwh,79.939
C:\Users\josep\source\repos\AIOTED-digital\04_joe_lcd_20x32\5_main_dig2_20260913-104940.jpg,5,5,1.000000,0.000000,0.000000,0.000000,0.000000,0.000000,1.000000,0.000000,0.000000,0.000000,0.000000,0.000000,2,20260913-104940,kwh,81.215
C:\Users\josep\source\repos\AIOTED-digital\04_joe_lcd_20x32\5_main_dig2_20260914-105338.jpg,5,5,1.000000,0.000000,0.000000,0.000000,0.000000,0.000000,1.000000,0.000000,0.000000,0.000000,0.000000,0.000000,2,20260914-105338,kwh,59.199
C:\Users\josep\source\repos\AIOTED-digital\04_joe_lcd_20x32\5_main_dig2_20260927-092214.jpg,5,5,1.000000,0.000000,0.000000,0.000000,0.000000,0.000000,1.000000,0.000000,0.000000,0.000000,0.000000,0.000000,2,20260927-092214,kwh,64.882
C:\Users\josep\source\repos\AIOTED-digital\04_joe_lcd_20x32\5_main_dig4_20260802-072644.jpg,5,5,1.000000,0.000000,0.000000,0.000000,0.000000,0.000000,1.000000,0.000000,0.000000,0.000000,0.000000,0.000000,4,20260802-072644,kwh,89.790
C:\Users\josep\source\repos\AIOTED-digital\04_joe_lcd_20x32\5_main_dig4_20260802-135444.jpg,5,5,1.000000,0.000000,0.000000,0.000000,0.000000,0.000000,1.000000,0.000000,0.000000,0.000000,0.000000,0.000000,4,20260802-135444,kwh,150.923
C:\Users\josep\source\repos\AIOTED-digital\04_joe_lcd_20x32\5_main_dig4_20260802-201610.jpg,5,5,1.000000,0.000000,0.000000,0.000000,0.000000,0.000000,1.000000,0.000000,0.000000,0.000000,0.000000,0.000000,4,20260802-201610,kwh,100.403
C:\Users\josep\source\repos\AIOTED-digital\04_joe_lcd_20x32\5_main_dig4_20260802-202010.jpg,5,5,1.000000,0.000000,0.000000,0.000000,0.000000,0.000000,1.000000,0.000000,0.000000,0.000000,0.000000,0.000000,4,20260802-202010,kwh,95.986
C:\Users\josep\source\repos\AIOTED-digital\04_joe_lcd_20x32\5_main_dig4_20260802-202810.jpg,5,5,1.000000,0.000000,0.000000,0.000000,0.000000,0.000000,1.000000,0.000000,0.000000,0.000000,0.000000,0.000000,4,20260802-202810,kwh,102.351
C:\Users\josep\source\repos\AIOTED-digital\04_joe_lcd_20x32\5_main_dig4_20260802-203610.jpg,5,5,1.000000,0.000000,0.000000,0.000000,0.000000,0.000000,1.000000,0.000000,0.000000,0.000000,0.000000,0.000000,4,20260802-203610,kwh,97.983
C:\Users\josep\source\repos\AIOTED-digital\04_joe_lcd_20x32\5_main_dig4_20260802-204010.jpg,5,5,1.000000,0.000000,0.000000,0.000000,0.000000,0.000000,1.000000,0.000000,0.000000,0.000000,0.000000,0.000000,4,20260802-204010,kwh,102.239
C:\Users\josep\source\repos\AIOTED-digital\04_joe_lcd_20x32\5_main_dig4_20260802-204810.jpg,5,5,0.999993,0.000000,0.000000,0.000000,0.000000,0.000000,0.999993,0.000007,0.000000,0.000000,0.000000,0.000000,4,20260802-204810,kwh,101.451
C:\Users\josep\source\repos\AIOTED-digital\04_joe_lcd_20x32\5_main_dig4_20260802-205610.jpg,5,5,0.999999,0.000000,0.000000,0.000000,0.000000,0.000000,0.999999,0.000001,0.000000,0.000000,0.000000,0.000000,4,20260802-205610,kwh,101.877
C:\Users\josep\source\repos\AIOTED-digital\04_joe_lcd_20x32\5_main_dig4_20260802-210810.jpg,5,5,1.000000,0.000000,0.000000,0.000000,0.000000,0.000000,1.000000,0.000000,0.000000,0.000000,0.000000,0.000000,4,20260802-210810,kwh,98.271
C:\Users\josep\source\repos\AIOTED-digital\04_joe_lcd_20x32\5_main_dig4_20260802-211610.jpg,5,5,0.999993,0.000000,0.000000,0.000000,0.000000,0.000000,0.999993,0.000007,0.000000,0.000000,0.000000,0.000000,4,20260802-211610,kwh,102.927
C:\Users\josep\source\repos\AIOTED-digital\04_joe_lcd_20x32\5_main_dig4_20260802-212810.jpg,5,5,0.999997,0.000000,0.000000,0.000000,0.000000,0.000000,0.999997,0.000003,0.000000,0.000000,0.000000,0.000000,4,20260802-212810,kwh,100.218
C:\Users\josep\source\repos\AIOTED-digital\04_joe_lcd_20x32\5_main_dig4_20260802-213610.jpg,5,5,1.000000,0.000000,0.000000,0.000000,0.000000,0.000000,1.000000,0.000000,0.000000,0.000000,0.000000,0.000000,4,20260802-213610,kwh,99.087
C:\Users\josep\source\repos\AIOTED-digital\04_joe_lcd_20x32\5_main_dig4_20260802-214810.jpg,5,5,0.999999,0.000000,0.000000,0.000000,0.000000,0.000000,0.999999,0.000001,0.000000,0.000000,0.000000,0.000000,4,20260802-214810,kwh,101.377
C:\Users\josep\source\repos\AIOTED-digital\04_joe_lcd_20x32\5_main_dig4_20260802-215610.jpg,5,5,0.999999,0.000000,0.000000,0.000000,0.000000,0.000000,0.999999,0.000001,0.000000,0.000000,0.000000,0.000000,4,20260802-215610,kwh,103.291
C:\Users\josep\source\repos\AIOTED-digital\04_joe_lcd_20x32\5_main_dig4_20260802-220810.jpg,5,5,1.000000,0.000000,0.000000,0.000000,0.000000,0.000000,1.000000,0.000000,0.000000,0.000000,0.000000,0.000000,4,20260802-220810,kwh,98.644
C:\Users\josep\source\repos\AIOTED-digital\04_joe_lcd_20x32\5_main_dig4_20260802-221610.jpg,5,5,0.999999,0.000000,0.000000,0.000000,0.000000,0.000000,0.999999,0.000001,0.000000,0.000000,0.000000,0.000000,4,20260802-221610,kwh,103.226
C:\Users\josep\source\repos\AIOTED-digital\04_joe_lcd_20x32\5_main_dig4_20260802-222810.jpg,5,5,0.999983,0.000000,0.000000,0.000000,0.000000,0.000000,0.999983,0.000017,0.000000,0.000000,0.000000,0.000000,4,20260802-222810,kwh,101.696
C:\Users\josep\source\repos\AIOTED-digital\04_joe_lcd_20x32\5_main_dig4_20260802-223610.jpg,5,5,0.999997,0.000000,0.000000,0.000000,0.000000,0.000000,0.999997,0.000003,0.000000,0.000000,0.000000,0.000000,4,20260802-223610,kwh,104.159
C:\Users\josep\source\repos\AIOTED-digital\04_joe_lcd_20x32\5_main_dig4_20260802-224810.jpg,5,5,1.000000,0.000000,0.000000,0.000000,0.000000,0.000000,1.000000,0.000000,0.000000,0.000000,0.000000,0.000000,4,20260802-224810,kwh,103.403
C:\Users\josep\source\repos\AIOTED-digital\04_joe_lcd_20x32\5_main_dig4_20260802-225610.jpg,5,5,0.999999,0.000000,0.000000,0.000000,0.000000,0.000000,0.999999,0.000001,0.000000,0.000000,0.000000,0.000000,4,20260802-225610,kwh,98.030
C:\Users\josep\source\repos\AIOTED-digital\04_joe_lcd_20x32\5_main_dig4_20260802-230810.jpg,5,5,0.999998,0.000000,0.000000,0.000000,0.000000,0.000000,0.999998,0.000002,0.000000,0.000000,0.000000,0.000000,4,20260802-230810,kwh,101.706
C:\Users\josep\source\repos\AIOTED-digital\04_joe_lcd_20x32\5_main_dig4_20260802-231610.jpg,5,5,0.999996,0.000000,0.000000,0.000000,0.000000,0.000000,0.999996,0.000004,0.000000,0.000000,0.000000,0.000000,4,20260802-231610,kwh,100.970
C:\Users\josep\source\repos\AIOTED-digital\04_joe_lcd_20x32\5_main_dig4_20260802-232810.jpg,5,5,0.999998,0.000000,0.000000,0.000000,0.000000,0.000000,0.999998,0.000002,0.000000,0.000000,0.000000,0.000000,4,20260802-232810,kwh,99.914
C:\Users\josep\source\repos\AIOTED-digital\04_joe_lcd_20x32\5_main_dig4_20260802-233610.jpg,5,5,0.999999,0.000000,0.000000,0.000000,0.000000,0.000000,0.999999,0.000001,0.000000,0.000000,0.000000,0.000000,4,20260802-233610,kwh,101.301
C:\Users\josep\source\repos\AIOTED-digital\04_joe_lcd_20x32\5_main_dig4_20260802-234810.jpg,5,5,1.000000,0.000000,0.000000,0.000000,0.000000,0.000000,1.000000,0.000000,0.000000,0.000000,0.000000,0.000000,4,20260802-234810,kwh,97.720
C:\Users\josep\source\repos\AIOTED-digital\04_joe_lcd_20x32\5_main_dig4_20260802-235610.jpg,5,5,1.000000,0.000000,0.000000,0.000000,0.000000,0.000000,1.000000,0.000000,0.000000,0.000000,0.000000,0.000000,4,20260802-235610,kwh,97.737
C:\Users\josep\source\repos\AIOTED-digital\04_joe_lcd_20x32\5_main_dig4_20260804-000725.jpg,5,5,1.000000,0.000000,0.000000,0.000000,0.000000,0.000000,1.000000,0.000000,0.000000,0.000000,0.000000,0.000000,4,20260804-000725,kwh,113.955
C:\Users\josep\source\repos\AIOTED-digital\04_joe_lcd_20x32\5_main_dig4_20260804-001925.jpg,5,5,1.000000,0.000000,0.000000,0.000000,0.000000,0.000000,1.000000,0.000000,0.000000,0.000000,0.000000,0.000000,4,20260804-001925,kwh,113.012
C:\Users\josep\source\repos\AIOTED-digital\04_joe_lcd_20x32\5_main_dig4_20260804-002725.jpg,5,5,1.000000,0.000000,0.000000,0.000000,0.000000,0.000000,1.000000,0.000000,0.000000,0.000000,0.000000,0.000000,4,20260804-002725,kwh,112.083
C:\Users\josep\source\repos\AIOTED-digital\04_joe_lcd_20x32\5_main_dig4_20260804-003925.jpg,5,5,1.000000,0.000000,0.000000,0.000000,0.000000,0.000000,1.000000,0.000000,0.000000,0.000000,0.000000,0.000000,4,20260804-003925,kwh,112.437
C:\Users\josep\source\repos\AIOTED-digital\04_joe_lcd_20x32\5_main_dig4_20260804-004725.jpg,5,5,1.000000,0.000000,0.000000,0.000000,0.000000,0.000000,1.000000,0.000000,0.000000,0.000000,0.000000,0.000000,4,20260804-004725,kwh,111.305
C:\Users\josep\source\repos\AIOTED-digital\04_joe_lcd_20x32\5_main_dig4_20260804-005925.jpg,5,5,1.000000,0.000000,0.000000,0.000000,0.000000,0.000000,1.000000,0.000000,0.000000,0.000000,0.000000,0.000000,4,20260804-005925,kwh,110.120
C:\Users\josep\source\repos\AIOTED-digital\04_joe_lcd_20x32\5_main_dig4_20260804-010725.jpg,5,5,1.000000,0.000000,0.000000,0.000000,0.000000,0.000000,1.000000,0.000000,0.000000,0.000000,0.000000,0.000000,4,20260804-010725,kwh,105.526
C:\Users\josep\source\repos\AIOTED-digital\04_joe_lcd_20x32\5_main_dig4_20260804-011925.jpg,5,5,1.000000,0.000000,0.000000,0.000000,0.000000,0.000000,1.000000,0.000000,0.000000,0.000000,0.000000,0.000000,4,20260804-011925,kwh,110.051
C:\Users\josep\source\repos\AIOTED-digital\04_joe_lcd_20x32\5_main_dig4_20260804-012725.jpg,5,5,1.000000,0.000000,0.000000,0.000000,0.000000,0.000000,1.000000,0.000000,0.000000,0.000000,0.000000,0.000000,4,20260804-012725,kwh,112.213
C:\Users\josep\source\repos\AIOTED-digital\04_joe_lcd_20x32\5_main_dig4_20260804-013925.jpg,5,5,1.000000,0.000000,0.000000,0.000000,0.000000,0.000000,1.000000,0.000000,0.000000,0.000000,0.000000,0.000000,4,20260804-013925,kwh,110.083
C:\Users\josep\source\repos\AIOTED-digital\04_joe_lcd_20x32\5_main_dig4_20260804-014725.jpg,5,5,1.000000,0.000000,0.000000,0.000000,0.000000,0.000000,1.000000,0.000000,0.000000,0.000000,0.000000,0.000000,4,20260804-014725,kwh,105.122
C:\Users\josep\source\repos\AIOTED-digital\04_joe_lcd_20x32\5_main_dig4_20260804-015925.jpg,5,5,1.000000,0.000000,0.000000,0.000000,0.000000,0.000000,1.000000,0.000000,0.000000,0.000000,0.000000,0.000000,4,20260804-015925,kwh,110.515
C:\Users\josep\source\repos\AIOTED-digital\04_joe_lcd_20x32\5_main_dig4_20260804-020725.jpg,5,5,1.000000,0.000000,0.000000,0.000000,0.000000,0.000000,1.000000,0.000000,0.000000,0.000000,0.000000,0.000000,4,20260804-020725,kwh,111.000
C:\Users\josep\source\repos\AIOTED-digital\04_joe_lcd_20x32\5_main_dig4_20260804-022725.jpg,5,5,1.000000,0.000000,0.000000,0.000000,0.000000,0.000000,1.000000,0.000000,0.000000,0.000000,0.000000,0.000000,4,20260804-022725,kwh,105.092
C:\Users\josep\source\repos\AIOTED-digital\04_joe_lcd_20x32\5_main_dig4_20260804-023925.jpg,5,5,1.000000,0.000000,0.000000,0.000000,0.000000,0.000000,1.000000,0.000000,0.000000,0.000000,0.000000,0.000000,4,20260804-023925,kwh,104.227
C:\Users\josep\source\repos\AIOTED-digital\04_joe_lcd_20x32\5_main_dig4_20260804-024725.jpg,5,5,1.000000,0.000000,0.000000,0.000000,0.000000,0.000000,1.000000,0.000000,0.000000,0.000000,0.000000,0.000000,4,20260804-024725,kwh,110.238
C:\Users\josep\source\repos\AIOTED-digital\04_joe_lcd_20x32\5_main_dig4_20260804-025925.jpg,5,5,1.000000,0.000000,0.000000,0.000000,0.000000,0.000000,1.000000,0.000000,0.000000,0.000000,0.000000,0.000000,4,20260804-025925,kwh,112.001
C:\Users\josep\source\repos\AIOTED-digital\04_joe_lcd_20x32\5_main_dig4_20260804-030725.jpg,5,5,1.000000,0.000000,0.000000,0.000000,0.000000,0.000000,1.000000,0.000000,0.000000,0.000000,0.000000,0.000000,4,20260804-030725,kwh,111.805
C:\Users\josep\source\repos\AIOTED-digital\04_joe_lcd_20x32\5_main_dig4_20260804-031925.jpg,5,5,1.000000,0.000000,0.000000,0.000000,0.000000,0.000000,1.000000,0.000000,0.000000,0.000000,0.000000,0.000000,4,20260804-031925,kwh,111.257
C:\Users\josep\source\repos\AIOTED-digital\04_joe_lcd_20x32\5_main_dig4_20260804-032725.jpg,5,5,1.000000,0.000000,0.000000,0.000000,0.000000,0.000000,1.000000,0.000000,0.000000,0.000000,0.000000,0.000000,4,20260804-032725,kwh,104.622
C:\Users\josep\source\repos\AIOTED-digital\04_joe_lcd_20x32\5_main_dig4_20260804-033925.jpg,5,5,1.000000,0.000000,0.000000,0.000000,0.000000,0.000000,1.000000,0.000000,0.000000,0.000000,0.000000,0.000000,4,20260804-033925,kwh,109.596
C:\Users\josep\source\repos\AIOTED-digital\04_joe_lcd_20x32\5_main_dig4_20260804-034725.jpg,5,5,1.000000,0.000000,0.000000,0.000000,0.000000,0.000000,1.000000,0.000000,0.000000,0.000000,0.000000,0.000000,4,20260804-034725,kwh,113.431
C:\Users\josep\source\repos\AIOTED-digital\04_joe_lcd_20x32\5_main_dig4_20260804-035925.jpg,5,5,1.000000,0.000000,0.000000,0.000000,0.000000,0.000000,1.000000,0.000000,0.000000,0.000000,0.000000,0.000000,4,20260804-035925,kwh,107.436
C:\Users\josep\source\repos\AIOTED-digital\04_joe_lcd_20x32\5_main_dig4_20260804-040725.jpg,5,5,1.000000,0.000000,0.000000,0.000000,0.000000,0.000000,1.000000,0.000000,0.000000,0.000000,0.000000,0.000000,4,20260804-040725,kwh,112.958
C:\Users\josep\source\repos\AIOTED-digital\04_joe_lcd_20x32\5_main_dig4_20260804-041925.jpg,5,5,1.000000,0.000000,0.000000,0.000000,0.000000,0.000000,1.000000,0.000000,0.000000,0.000000,0.000000,0.000000,4,20260804-041925,kwh,113.026
C:\Users\josep\source\repos\AIOTED-digital\04_joe_lcd_20x32\5_main_dig4_20260804-042725.jpg,5,5,1.000000,0.000000,0.000000,0.000000,0.000000,0.000000,1.000000,0.000000,0.000000,0.000000,0.000000,0.000000,4,20260804-042725,kwh,113.495
C:\Users\josep\source\repos\AIOTED-digital\04_joe_lcd_20x32\5_main_dig4_20260804-043925.jpg,5,5,1.000000,0.000000,0.000000,0.000000,0.000000,0.000000,1.000000,0.000000,0.000000,0.000000,0.000000,0.000000,4,20260804-043925,kwh,105.135
C:\Users\josep\source\repos\AIOTED-digital\04_joe_lcd_20x32\5_main_dig4_20260804-044725.jpg,5,5,1.000000,0.000000,0.000000,0.000000,0.000000,0.000000,1.000000,0.000000,0.000000,0.000000,0.000000,0.000000,4,20260804-044725,kwh,114.139
C:\Users\josep\source\repos\AIOTED-digital\04_joe_lcd_20x32\5_main_dig4_20260804-064418.jpg,5,5,1.000000,0.000000,0.000000,0.000000,0.000000,0.000000,1.000000,0.000000,0.000000,0.000000,0.000000,0.000000,4,20260804-064418,kwh,85.654
C:\Users\josep\source\repos\AIOTED-digital\04_joe_lcd_20x32\5_main_dig4_20260804-100418.jpg,5,5,1.000000,0.000000,0.000000,0.000000,0.000000,0.000000,1.000000,0.000000,0.000000,0.000000,0.000000,0.000000,4,20260804-100418,kwh,65.334
C:\Users\josep\source\repos\AIOTED-digital\04_joe_lcd_20x32\5_main_dig5_20260816-193001.jpg,5,5,1.000000,0.000000,0.000000,0.000000,0.000000,0.000000,1.000000,0.000000,0.000000,0.000000,0.000000,0.000000,5,20260816-193001,kwh,60.869
C:\Users\josep\source\repos\AIOTED-digital\04_joe_lcd_20x32\5_main_dig5_20260816-201801.jpg,5,5,1.000000,0.000000,0.000000,0.000000,0.000000,0.000000,1.000000,0.000000,0.000000,0.000000,0.000000,0.000000,5,20260816-201801,kwh,65.556
C:\Users\josep\source\repos\AIOTED-digital\04_joe_lcd_20x32\5_main_dig5_20260816-202201.jpg,5,5,1.000000,0.000000,0.000000,0.000000,0.000000,0.000000,1.000000,0.000000,0.000000,0.000000,0.000000,0.000000,5,20260816-202201,kwh,65.531
C:\Users\josep\source\repos\AIOTED-digital\04_joe_lcd_20x32\5_main_dig5_20260816-223801.jpg,5,5,1.000000,0.000000,0.000000,0.000000,0.000000,0.000000,1.000000,0.000000,0.000000,0.000000,0.000000,0.000000,5,20260816-223801,kwh,63.331
C:\Users\josep\source\repos\AIOTED-digital\04_joe_lcd_20x32\5_main_dig5_20260816-225001.jpg,5,5,1.000000,0.000000,0.000000,0.000000,0.000000,0.000000,1.000000,0.000000,0.000000,0.000000,0.000000,0.000000,5,20260816-225001,kwh,64.901
C:\Users\josep\source\repos\AIOTED-digital\04_joe_lcd_20x32\5_main_dig5_20260816-231001.jpg,5,5,1.000000,0.000000,0.000000,0.000000,0.000000,0.000000,1.000000,0.000000,0.000000,0.000000,0.000000,0.000000,5,20260816-231001,kwh,63.800
C:\Users\josep\source\repos\AIOTED-digital\04_joe_lcd_20x32\5_main_dig5_20260819-124556.jpg,5,5,1.000000,0.000000,0.000000,0.000000,0.000000,0.000000,1.000000,0.000000,0.000000,0.000000,0.000000,0.000000,5,20260819-124556,kwh,72.858
C:\Users\josep\source\repos\AIOTED-digital\04_joe_lcd_20x32\5_main_dig5_20260819-133356.jpg,5,5,1.000000,0.000000,0.000000,0.000000,0.000000,0.000000,1.000000,0.000000,0.000000,0.000000,0.000000,0.000000,5,20260819-133356,kwh,65.156
C:\Users\josep\source\repos\AIOTED-digital\04_joe_lcd_20x32\5_main_dig5_20260819-162156.jpg,5,5,1.000000,0.000000,0.000000,0.000000,0.000000,0.000000,1.000000,0.000000,0.000000,0.000000,0.000000,0.000000,5,20260819-162156,kwh,59.010
C:\Users\josep\source\repos\AIOTED-digital\04_joe_lcd_20x32\5_main_dig5_20260910-125201.jpg,5,5,0.999977,0.000000,0.000000,0.000000,0.000000,0.000000,0.999977,0.000023,0.000000,0.000000,0.000000,0.000000,5,20260910-125201,kwh,71.925
C:\Users\josep\source\repos\AIOTED-digital\04_joe_lcd_20x32\5_main_dig5_20260910-133201.jpg,5,5,0.999975,0.000000,0.000000,0.000000,0.000000,0.000000,0.999975,0.000025,0.000000,0.000000,0.000000,0.000000,5,20260910-133201,kwh,66.076
C:\Users\josep\source\repos\AIOTED-digital\04_joe_lcd_20x32\5_main_dig5_20260910-140001.jpg,5,5,0.999999,0.000000,0.000000,0.000000,0.000000,0.000000,0.999999,0.000001,0.000000,0.000000,0.000000,0.000000,5,20260910-140001,kwh,63.724
C:\Users\josep\source\repos\AIOTED-digital\04_joe_lcd_20x32\5_main_dig5_20260910-142001.jpg,5,5,1.000000,0.000000,0.000000,0.000000,0.000000,0.000000,1.000000,0.000000,0.000000,0.000000,0.000000,0.000000,5,20260910-142001,kwh,58.303
C:\Users\josep\source\repos\AIOTED-digital\04_joe_lcd_20x32\5_main_dig5_20260910-144001.jpg,5,5,0.999992,0.000000,0.000000,0.000000,0.000000,0.000000,0.999992,0.000008,0.000000,0.000000,0.000000,0.000000,5,20260910-144001,kwh,67.147
C:\Users\josep\source\repos\AIOTED-digital\04_joe_lcd_20x32\5_main_dig5_20260910-145201.jpg,5,5,1.000000,0.000000,0.000000,0.000000,0.000000,0.000000,1.000000,0.000000,0.000000,0.000000,0.000000,0.000000,5,20260910-145201,kwh,58.765
C:\Users\josep\source\repos\AIOTED-digital\04_joe_lcd_20x32\5_main_dig5_20260910-151201.jpg,5,5,1.000000,0.000000,0.000000,0.000000,0.000000,0.000000,1.000000,0.000000,0.000000,0.000000,0.000000,0.000000,5,20260910-151201,kwh,55.937
C:\Users\josep\source\repos\AIOTED-digital\04_joe_lcd_20x32\5_main_dig5_20260910-160001.jpg,5,5,1.000000,0.000000,0.000000,0.000000,0.000000,0.000000,1.000000,0.000000,0.000000,0.000000,0.000000,0.000000,5,20260910-160001,kwh,52.311
C:\Users\josep\source\repos\AIOTED-digital\04_joe_lcd_20x32\5_main_dig5_20260910-170001.jpg,5,5,1.000000,0.000000,0.000000,0.000000,0.000000,0.000000,1.000000,0.000000,0.000000,0.000000,0.000000,0.000000,5,20260910-170001,kwh,51.572
C:\Users\josep\source\repos\AIOTED-digital\04_joe_lcd_20x32\5_main_dig5_20260913-154939.jpg,5,5,1.000000,0.000000,0.000000,0.000000,0.000000,0.000000,1.000000,0.000000,0.000000,0.000000,0.000000,0.000000,5,20260913-154939,kwh,55.959
C:\Users\josep\source\repos\AIOTED-digital\04_joe_lcd_20x32\5_main_dig5_20260913-155740.jpg,5,5,1.000000,0.000000,0.000000,0.000000,0.000000,0.000000,1.000000,0.000000,0.000000,0.000000,0.000000,0.000000,5,20260913-155740,kwh,49.120
C:\Users\josep\source\repos\AIOTED-digital\04_joe_lcd_20x32\5_main_dig5_20260913-160940.jpg,5,5,1.000000,0.000000,0.000000,0.000000,0.000000,0.000000,1.000000,0.000000,0.000000,0.000000,0.000000,0.000000,5,20260913-160940,kwh,48.380
C:\Users\josep\source\repos\AIOTED-digital\04_joe_lcd_20x32\5_main_dig5_20260913-161739.jpg,5,5,1.000000,0.000000,0.000000,0.000000,0.000000,0.000000,1.000000,0.000000,0.000000,0.000000,0.000000,0.000000,5,20260913-161739,kwh,49.329
C:\Users\josep\source\repos\AIOTED-digital\04_joe_lcd_20x32\5_main_dig5_20260913-170939.jpg,5,5,1.000000,0.000000,0.000000,0.000000,0.000000,0.000000,1.000000,0.000000,0.000000,0.000000,0.000000,0.000000,5,20260913-170939,kwh,46.773
C:\Users\josep\source\repos\AIOTED-digital\04_joe_lcd_20x32\5_main_dig5_20260913-171739.jpg,5,5,1.000000,0.000000,0.000000,0.000000,0.000000,0.000000,1.000000,0.000000,0.000000,0.000000,0.000000,0.000000,5,20260913-171739,kwh,45.170
C:\Users\josep\source\repos\AIOTED-digital\04_joe_lcd_20x32\5_main_dig5_20260913-175739.jpg,5,5,1.000000,0.000000,0.000000,0.000000,0.000000,0.000000,1.000000,0.000000,0.000000,0.000000,0.000000,0.000000,5,20260913-175739,kwh,47.811
C:\Users\josep\source\repos\AIOTED-digital\04_joe_lcd_20x32\5_main_dig5_20260913-192939.jpg,5,5,1.000000,0.000000,0.000000,0.000000,0.000000,0.000000,1.000000,0.000000,0.000000,0.000000,0.000000,0.000000,5,20260913-192939,kwh,52.866
C:\Users\josep\source\repos\AIOTED-digital\04_joe_lcd_20x32\5_main_dig5_20260913-193739.jpg,5,5,1.000000,0.000000,0.000000,0.000000,0.000000,0.000000,1.000000,0.000000,0.000000,0.000000,0.000000,0.000000,5,20260913-193739,kwh,56.243
C:\Users\josep\source\repos\AIOTED-digital\04_joe_lcd_20x32\5_main_dig5_20260913-203739.jpg,5,5,1.000000,0.000000,0.000000,0.000000,0.000000,0.000000,1.000000,0.000000,0.000000,0.000000,0.000000,0.000000,5,20260913-203739,kwh,52.947
C:\Users\josep\source\repos\AIOTED-digital\04_joe_lcd_20x32\5_main_dig5_20260913-205739.jpg,5,5,1.000000,0.000000,0.000000,0.000000,0.000000,0.000000,1.000000,0.000000,0.000000,0.000000,0.000000,0.000000,5,20260913-205739,kwh,55.010
C:\Users\josep\source\repos\AIOTED-digital\04_joe_lcd_20x32\5_main_dig5_20260913-220539.jpg,5,5,1.000000,0.000000,0.000000,0.000000,0.000000,0.000000,1.000000,0.000000,0.000000,0.000000,0.000000,0.000000,5,20260913-220539,kwh,53.558
C:\Users\josep\source\repos\AIOTED-digital\04_joe_lcd_20x32\5_main_dig5_20260913-235739.jpg,5,5,1.000000,0.000000,0.000000,0.000000,0.000000,0.000000,1.000000,0.000000,0.000000,0.000000,0.000000,0.000000,5,20260913-235739,kwh,54.975
C:\Users\josep\source\repos\AIOTED-digital\04_joe_lcd_20x32\5_main_dig5_20260914-001739.jpg,5,5,1.000000,0.000000,0.000000,0.000000,0.000000,0.000000,1.000000,0.000000,0.000000,0.000000,0.000001,0.000000,5,20260914-001739,kwh,53.391
C:\Users\josep\source\repos\AIOTED-digital\04_joe_lcd_20x32\5_main_dig5_20260914-002539.jpg,5,5,1.000000,0.000000,0.000000,0.000000,0.000000,0.000000,1.000000,0.000000,0.000000,0.000000,0.000000,0.000000,5,20260914-002539,kwh,54.354
C:\Users\josep\source\repos\AIOTED-digital\04_joe_lcd_20x32\5_main_dig5_20260914-011739.jpg,5,5,1.000000,0.000000,0.000000,0.000000,0.000000,0.000000,1.000000,0.000000,0.000000,0.000000,0.000000,0.000000,5,20260914-011739,kwh,54.200
C:\Users\josep\source\repos\AIOTED-digital\04_joe_lcd_20x32\5_main_dig5_20260914-012539.jpg,5,5,1.000000,0.000000,0.000000,0.000000,0.000000,0.000000,1.000000,0.000000,0.000000,0.000000,0.000000,0.000000,5,20260914-012539,kwh,53.445
C:\Users\josep\source\repos\AIOTED-digital\04_joe_lcd_20x32\5_main_dig5_20260914-014539.jpg,5,5,1.000000,0.000000,0.000000,0.000000,0.000000,0.000000,1.000000,0.000000,0.000000,0.000000,0.000000,0.000000,5,20260914-014539,kwh,55.084
C:\Users\josep\source\repos\AIOTED-digital\04_joe_lcd_20x32\5_main_dig5_20260914-023739.jpg,5,5,1.000000,0.000000,0.000000,0.000000,0.000000,0.000000,1.000000,0.000000,0.000000,0.000000,0.000000,0.000000,5,20260914-023739,kwh,54.358
C:\Users\josep\source\repos\AIOTED-digital\04_joe_lcd_20x32\5_main_dig5_20260927-111043.jpg,5,5,1.000000,0.000000,0.000000,0.000000,0.000000,0.000000,1.000000,0.000000,0.000000,0.000000,0.000000,0.000000,5,20260927-111043,kwh,75.943
C:\Users\josep\source\repos\AIOTED-digital\04_joe_lcd_20x32\5_main_dig5_20260927-111843.jpg,5,5,0.999996,0.000000,0.000000,0.000000,0.000000,0.000000,0.999996,0.000004,0.000000,0.000000,0.000000,0.000000,5,20260927-111843,kwh,76.869
C:\Users\josep\source\repos\AIOTED-digital\04_joe_lcd_20x32\5_main_dig5_20260927-113843.jpg,5,5,0.999999,0.000000,0.000000,0.000000,0.000000,0.000000,0.999999,0.000001,0.000000,0.000000,0.000000,0.000000,5,20260927-113843,kwh,71.189
C:\Users\josep\source\repos\AIOTED-digital\04_joe_lcd_20x32\5_main_dig5_20260927-123842.jpg,5,5,0.999998,0.000000,0.000000,0.000000,0.000000,0.000000,0.999998,0.000002,0.000000,0.000000,0.000000,0.000000,5,20260927-123842,kwh,72.067
C:\Users\josep\source\repos\AIOTED-digital\04_joe_lcd_20x32\5_main_dig5_20260927-143042.jpg,5,5,1.000000,0.000000,0.000000,0.000000,0.000000,0.000000,1.000000,0.000000,0.000000,0.000000,0.000000,0.000000,5,20260927-143042,kwh,59.040
C:\Users\josep\source\repos\AIOTED-digital\04_joe_lcd_20x32\5_main_dig5_20260927-145842.jpg,5,5,1.000000,0.000000,0.000000,0.000000,0.000000,0.000000,1.000000,0.000000,0.000000,0.000000,0.000000,0.000000,5,20260927-145842,kwh,59.044
C:\Users\josep\source\repos\AIOTED-digital\04_joe_lcd_20x32\5_main_dig5_20260927-163842.jpg,5,5,1.000000,0.000000,0.000000,0.000000,0.000000,0.000000,1.000000,0.000000,0.000000,0.000000,0.000000,0.000000,5,20260927-163842,kwh,49.131
C:\Users\josep\source\repos\AIOTED-digital\04_joe_lcd_20x32\5_main_dig5_20260927-171842.jpg,5,5,1.000000,0.000000,0.000000,0.000000,0.000000,0.000000,1.000000,0.000000,0.000000,0.000000,0.000000,0.000000,5,20260927-171842,kwh,50.772
C:\Users\josep\source\repos\AIOTED-digital\04_joe_lcd_20x32\5_main_dig5_20260927-175842.jpg,5,5,1.000000,0.000000,0.000000,0.000000,0.000000,0.000000,1.000000,0.000000,0.000000,0.000000,0.000000,0.000000,5,20260927-175842,kwh,51.869
C:\Users\josep\source\repos\AIOTED-digital\04_joe_lcd_20x32\5_main_dig5_20260927-181842.jpg,5,5,1.000000,0.000000,0.000000,0.000000,0.000000,0.000000,1.000000,0.000000,0.000000,0.000000,0.000000,0.000000,5,20260927-181842,kwh,53.106
C:\Users\josep\source\repos\AIOTED-digital\04_joe_lcd_20x32\5_main_dig5_20260927-191842.jpg,5,5,0.999999,0.000000,0.000000,0.000000,0.000000,0.000000,0.999999,0.000001,0.000000,0.000000,0.000000,0.000000,5,20260927-191842,kwh,55.071
C:\Users\josep\source\repos\AIOTED-digital\04_joe_lcd_20x32\5_main_dig5_20260927-200642.jpg,5,5,1.000000,0.000000,0.000000,0.000000,0.000000,0.000000,1.000000,0.000000,0.000000,0.000000,0.000000,0.000000,5,20260927-200642,kwh,57.412
C:\Users\josep\source\repos\AIOTED-digital\04_joe_lcd_20x32\5_main_dig5_20260927-203842.jpg,5,5,1.000000,0.000000,0.000000,0.000000,0.000000,0.000000,1.000000,0.000000,0.000000,0.000000,0.000000,0.000000,5,20260927-203842,kwh,56.007
C:\Users\josep\source\repos\AIOTED-digital\04_joe_lcd_20x32\5_main_dig5_20260927-205842.jpg,5,5,0.999999,0.000000,0.000000,0.000000,0.000000,0.000000,0.999999,0.000001,0.000000,0.000000,0.000000,0.000000,5,20260927-205842,kwh,55.800
C:\Users\josep\source\repos\AIOTED-digital\04_joe_lcd_20x32\5_main_dig5_20260927-221842.jpg,5,5,1.000000,0.000000,0.000000,0.000000,0.000000,0.000000,1.000000,0.000000,0.000000,0.000000,0.000000,0.000000,5,20260927-221842,kwh,56.442
C:\Users\josep\source\repos\AIOTED-digital\04_joe_lcd_20x32\5_main_dig5_20260927-222642.jpg,5,5,0.999999,0.000000,0.000000,0.000000,0.000000,0.000000,0.999999,0.000001,0.000000,0.000000,0.000001,0.000000,5,20260927-222642,kwh,57.605
C:\Users\josep\source\repos\AIOTED-digital\04_joe_lcd_20x32\5_main_dig6_20260731-105105.jpg,5,5,1.000000,0.000000,0.000000,0.000000,0.000000,0.000000,1.000000,0.000000,0.000000,0.000000,0.000000,0.000000,6,20260731-105105,kwh,83.088
C:\Users\josep\source\repos\AIOTED-digital\04_joe_lcd_20x32\5_main_dig6_20260731-110235.jpg,5,5,1.000000,0.000000,0.000000,0.000000,0.000000,0.000000,1.000000,0.000000,0.000000,0.000000,0.000000,0.000000,6,20260731-110235,kwh,82.926
C:\Users\josep\source\repos\AIOTED-digital\04_joe_lcd_20x32\5_main_dig6_20260731-111405.jpg,5,5,1.000000,0.000000,0.000000,0.000000,0.000000,0.000000,1.000000,0.000000,0.000000,0.000000,0.000000,0.000000,6,20260731-111405,kwh,82.829
C:\Users\josep\source\repos\AIOTED-digital\04_joe_lcd_20x32\5_main_dig6_20260802-101444.jpg,5,5,0.999995,0.000000,0.000000,0.000000,0.000000,0.000000,0.999995,0.000005,0.000000,0.000000,0.000000,0.000000,6,20260802-101444,kwh,58.330
C:\Users\josep\source\repos\AIOTED-digital\04_joe_lcd_20x32\5_main_dig6_20260802-110644.jpg,5,5,0.999999,0.000000,0.000000,0.000000,0.000000,0.000000,0.999999,0.000001,0.000000,0.000000,0.000000,0.000000,6,20260802-110644,kwh,62.333
C:\Users\josep\source\repos\AIOTED-digital\04_joe_lcd_20x32\5_main_dig6_20260802-190810.jpg,5,5,1.000000,0.000000,0.000000,0.000000,0.000000,0.000000,1.000000,0.000000,0.000000,0.000000,0.000000,0.000000,6,20260802-190810,kwh,58.122
C:\Users\josep\source\repos\AIOTED-digital\04_joe_lcd_20x32\5_main_dig6_20260804-020725.jpg,5,5,0.835906,0.000188,0.000003,0.000001,0.000002,0.000081,0.835906,0.163127,0.000004,0.000310,0.000249,0.000129,6,20260804-020725,kwh,32.381
C:\Users\josep\source\repos\AIOTED-digital\04_joe_lcd_20x32\5_main_dig6_20260804-022725.jpg,5,5,0.899475,0.000227,0.000003,0.000001,0.000002,0.000278,0.899475,0.098708,0.000004,0.000551,0.000626,0.000125,6,20260804-022725,kwh,33.745
C:\Users\josep\source\repos\AIOTED-digital\04_joe_lcd_20x32\5_main_dig6_20260804-023125.jpg,5,9,0.527734,0.135783,0.003075,0.002754,0.002385,0.122090,0.004674,0.000430,0.007644,0.191389,0.527734,0.002042,6,20260804-023125,kwh,32.796
C:\Users\josep\source\repos\AIOTED-digital\04_joe_lcd_20x32\5_main_dig6_20260804-023925.jpg,5,5,0.826493,0.000419,0.000005,0.000001,0.000002,0.000133,0.826493,0.171950,0.000008,0.000481,0.000416,0.000091,6,20260804-023925,kwh,32.925
C:\Users\josep\source\repos\AIOTED-digital\04_joe_lcd_20x32\5_main_dig6_20260804-025925.jpg,5,5,0.858820,0.001222,0.000018,0.000010,0.000021,0.000439,0.858820,0.135371,0.000042,0.001892,0.001639,0.000526,6,20260804-025925,kwh,32.433
C:\Users\josep\source\repos\AIOTED-digital\04_joe_lcd_20x32\5_main_dig6_20260804-030725.jpg,5,5,0.887523,0.000293,0.000008,0.000005,0.000006,0.000310,0.887523,0.110175,0.000009,0.000539,0.000881,0.000251,6,20260804-030725,kwh,31.936
C:\Users\josep\source\repos\AIOTED-digital\04_joe_lcd_20x32\5_main_dig6_20260804-102418.jpg,5,5,1.000000,0.000000,0.000000,0.000000,0.000000,0.000000,1.000000,0.000000,0.000000,0.000000,0.000000,0.000000,6,20260804-102418,kwh,50.520
C:\Users\josep\source\repos\AIOTED-digital\04_joe_lcd_20x32\5_main_dig6_20260804-191217.jpg,5,5,1.000000,0.000000,0.000000,0.000000,0.000000,0.000000,1.000000,0.000000,0.000000,0.000000,0.000000,0.000000,6,20260804-191217,kwh,34.161
C:\Users\josep\source\repos\AIOTED-digital\04_joe_lcd_20x32\5_main_dig6_20260804-192017.jpg,5,5,1.000000,0.000000,0.000000,0.000000,0.000000,0.000000,1.000000,0.000000,0.000000,0.000000,0.000000,0.000000,6,20260804-192017,kwh,31.586
C:\Users\josep\source\repos\AIOTED-digital\04_joe_lcd_20x32\5_main_dig6_20260804-192417.jpg,5,5,1.000000,0.000000,0.000000,0.000000,0.000000,0.000000,1.000000,0.000000,0.000000,0.000000,0.000000,0.000000,6,20260804-192417,kwh,28.878
C:\Users\josep\source\repos\AIOTED-digital\04_joe_lcd_20x32\5_main_dig6_20260816-064202.jpg,5,5,0.999724,0.000000,0.000000,0.000000,0.000000,0.000000,0.999724,0.000276,0.000000,0.000000,0.000000,0.000000,6,20260816-064202,kwh,27.806
C:\Users\josep\source\repos\AIOTED-digital\04_joe_lcd_20x32\5_main_dig6_20260816-235801.jpg,5,5,0.996903,0.000000,0.000000,0.000000,0.000000,0.000000,0.996903,0.003079,0.000000,0.000001,0.000017,0.000000,6,20260816-235801,kwh,30.073
C:\Users\josep\source\repos\AIOTED-digital\04_joe_lcd_20x32\5_main_dig6_20260819-021757.jpg,5,5,0.997311,0.000000,0.000000,0.000000,0.000000,0.000000,0.997311,0.002654,0.000000,0.000002,0.000033,0.000000,6,20260819-021757,kwh,28.968
C:\Users\josep\source\repos\AIOTED-digital\04_joe_lcd_20x32\5_main_dig6_20260819-030557.jpg,5,5,0.979274,0.000002,0.000000,0.000000,0.000000,0.000006,0.979274,0.020517,0.000000,0.000039,0.000162,0.000000,6,20260819-030557,kwh,29.198
C:\Users\josep\source\repos\AIOTED-digital\04_joe_lcd_20x32\5_main_dig6_20260819-110556.jpg,5,5,1.000000,0.000000,0.000000,0.000000,0.000000,0.000000,1.000000,0.000000,0.000000,0.000000,0.000000,0.000000,6,20260819-110556,kwh,86.345
C:\Users\josep\source\repos\AIOTED-digital\04_joe_lcd_20x32\5_main_dig6_20260819-191355.jpg,5,5,0.999962,0.000000,0.000000,0.000000,0.000000,0.000000,0.999962,0.000038,0.000000,0.000000,0.000000,0.000000,6,20260819-191355,kwh,30.795
C:\Users\josep\source\repos\AIOTED-digital\04_joe_lcd_20x32\5_main_dig6_20260823-193748.jpg,5,5,0.999989,0.000000,0.000000,0.000000,0.000000,0.000000,0.999989,0.000011,0.000000,0.000000,0.000000,0.000000,6,20260823-193748,kwh,28.115
C:\Users\josep\source\repos\AIOTED-digital\04_joe_lcd_20x32\5_main_dig6_20260910-093118.jpg,5,5,0.999996,0.000000,0.000000,0.000000,0.000000,0.000000,0.999996,0.000004,0.000000,0.000000,0.000000,0.000000,6,20260910-093118,kwh,98.583
C:\Users\josep\source\repos\AIOTED-digital\04_joe_lcd_20x32\5_main_dig6_20260910-150001.jpg,5,5,0.999996,0.000000,0.000000,0.000000,0.000000,0.000000,0.999996,0.000004,0.000000,0.000000,0.000000,0.000000,6,20260910-150001,kwh,64.943
C:\Users\josep\source\repos\AIOTED-digital\04_joe_lcd_20x32\5_main_dig6_20260910-192800.jpg,5,5,0.936819,0.000015,0.000000,0.000000,0.000001,0.000013,0.936819,0.062482,0.000000,0.000298,0.000372,0.000000,6,20260910-192800,kwh,27.349
C:\Users\josep\source\repos\AIOTED-digital\04_joe_lcd_20x32\5_main_dig6_20260913-104940.jpg,5,5,0.999479,0.000000,0.000000,0.000000,0.000000,0.000000,0.999479,0.000521,0.000000,0.000000,0.000000,0.000000,6,20260913-104940,kwh,60.127
C:\Users\josep\source\repos\AIOTED-digital\04_joe_lcd_20x32\5_main_dig6_20260913-195739.jpg,5,5,0.965384,0.000002,0.000000,0.000000,0.000000,0.000000,0.965384,0.034571,0.000000,0.000013,0.000030,0.000000,6,20260913-195739,kwh,22.716
C:\Users\josep\source\repos\AIOTED-digital\04_joe_lcd_20x32\5_main_dig6_20260913-203739.jpg,5,5,0.958187,0.000000,0.000000,0.000000,0.000000,0.000000,0.958187,0.041782,0.000000,0.000011,0.000020,0.000000,6,20260913-203739,kwh,22.026
C:\Users\josep\source\repos\AIOTED-digital\04_joe_lcd_20x32\5_main_dig6_20260914-094538.jpg,5,5,0.997854,0.000000,0.000000,0.000000,0.000000,0.000000,0.997854,0.002146,0.000000,0.000000,0.000000,0.000000,6,20260914-094538,kwh,100.825
C:\Users\josep\source\repos\AIOTED-digital\04_joe_lcd_20x32\5_main_dig6_20260914-101338.jpg,5,5,0.994445,0.000000,0.000000,0.000000,0.000000,0.000000,0.994445,0.005555,0.000000,0.000000,0.000000,0.000000,6,20260914-101338,kwh,100.243
C:\Users\josep\source\repos\AIOTED-digital\04_joe_lcd_20x32\5_main_dig6_20260914-174137.jpg,5,5,0.993761,0.000000,0.000000,0.000000,0.000000,0.000000,0.993761,0.006238,0.000000,0.000000,0.000001,0.000000,6,20260914-174137,kwh,20.787
C:\Users\josep\source\repos\AIOTED-digital\04_joe_lcd_20x32\5_main_dig6_20260914-181338.jpg,5,5,0.998313,0.000000,0.000000,0.000000,0.000000,0.000000,0.998313,0.001664,0.000000,0.000001,0.000022,0.000000,6,20260914-181338,kwh,23.989
C:\Users\josep\source\repos\AIOTED-digital\04_joe_lcd_20x32\5_main_dig6_20260927-061414.jpg,5,5,0.990494,0.000000,0.000000,0.000000,0.000000,0.000000,0.990494,0.009505,0.000000,0.000000,0.000001,0.000000,6,20260927-061414,kwh,24.670
C:\Users\josep\source\repos\AIOTED-digital\04_joe_lcd_20x32\5_main_dig6_20260927-065414.jpg,5,5,0.999057,0.000000,0.000000,0.000000,0.000000,0.000000,0.999057,0.000943,0.000000,0.000000,0.000000,0.000000,6,20260927-065414,kwh,22.896
C:\Users\josep\source\repos\AIOTED-digital\04_joe_lcd_20x32\5_main_dig6_20260927-070214.jpg,5,5,0.959291,0.000000,0.000000,0.000000,0.000000,0.000000,0.959291,0.040709,0.000000,0.000000,0.000000,0.000000,6,20260927-070214,kwh,23.114
C:\Users\josep\source\repos\AIOTED-digital\04_joe_lcd_20x32\5_main_dig6_20260927-164642.jpg,5,5,0.999251,0.000000,0.000000,0.000000,0.000000,0.000000,0.999251,0.000749,0.000000,0.000000,0.000000,0.000000,6,20260927-164642,kwh,45.896
C:\Users\josep\source\repos\AIOTED-digital\04_joe_lcd_20x32\6_main_dig4_20260804-164417.jpg,6,6,1.000000,0.000000,0.000000,0.000000,0.000000,0.000000,0.000000,1.000000,0.000000,0.000000,0.000000,0.000000,4,20260804-164417,kwh,74.880
C:\Users\josep\source\repos\AIOTED-digital\04_joe_lcd_20x32\6_main_dig4_20260804-190017.jpg,6,6,1.000000,0.000000,0.000000,0.000000,0.000000,0.000000,0.000000,1.000000,0.000000,0.000000,0.000000,0.000000,4,20260804-190017,kwh,78.962
C:\Users\josep\source\repos\AIOTED-digital\04_joe_lcd_20x32\6_main_dig4_20260804-191217.jpg,6,6,1.000000,0.000000,0.000000,0.000000,0.000000,0.000000,0.000000,1.000000,0.000000,0.000000,0.000000,0.000000,4,20260804-191217,kwh,78.812
C:\Users\josep\source\repos\AIOTED-digital\04_joe_lcd_20x32\6_main_dig4_20260804-192417.jpg,6,6,1.000000,0.000000,0.000000,0.000000,0.000000,0.000000,0.000000,1.000000,0.000000,0.000000,0.000000,0.000000,4,20260804-192417,kwh,79.958
C:\Users\josep\source\repos\AIOTED-digital\04_joe_lcd_20x32\6_main_dig4_20260804-195217.jpg,6,6,1.000000,0.000000,0.000000,0.000000,0.000000,0.000000,0.000000,1.000000,0.000000,0.000000,0.000000,0.000000,4,20260804-195217,kwh,83.196
C:\Users\josep\source\repos\AIOTED-digital\04_joe_lcd_20x32\6_main_dig4_20260804-200017.jpg,6,6,1.000000,0.000000,0.000000,0.000000,0.000000,0.000000,0.000000,1.000000,0.000000,0.000000,0.000000,0.000000,4,20260804-200017,kwh,83.005
C:\Users\josep\source\repos\AIOTED-digital\04_joe_lcd_20x32\6_main_dig4_20260804-203217.jpg,6,6,1.000000,0.000000,0.000000,0.000000,0.000000,0.000000,0.000000,1.000000,0.000000,0.000000,0.000000,0.000000,4,20260804-203217,kwh,82.095
C:\Users\josep\source\repos\AIOTED-digital\04_joe_lcd_20x32\6_main_dig4_20260804-204017.jpg,6,6,1.000000,0.000000,0.000000,0.000000,0.000000,0.000000,0.000000,1.000000,0.000000,0.000000,0.000000,0.000000,4,20260804-204017,kwh,84.920
C:\Users\josep\source\repos\AIOTED-digital\04_joe_lcd_20x32\6_main_dig4_20260804-205217.jpg,6,6,1.000000,0.000000,0.000000,0.000000,0.000000,0.000000,0.000000,1.000000,0.000000,0.000000,0.000000,0.000000,4,20260804-205217,kwh,83.370
C:\Users\josep\source\repos\AIOTED-digital\04_joe_lcd_20x32\6_main_dig4_20260804-210017.jpg,6,6,1.000000,0.000000,0.000000,0.000000,0.000000,0.000000,0.000000,1.000000,0.000000,0.000000,0.000000,0.000000,4,20260804-210017,kwh,84.958
C:\Users\josep\source\repos\AIOTED-digital\04_joe_lcd_20x32\6_main_dig4_20260804-214017.jpg,6,6,1.000000,0.000000,0.000000,0.000000,0.000000,0.000000,0.000000,1.000000,0.000000,0.000000,0.000000,0.000000,4,20260804-214017,kwh,83.747
C:\Users\josep\source\repos\AIOTED-digital\04_joe_lcd_20x32\6_main_dig4_20260804-215217.jpg,6,6,1.000000,0.000000,0.000000,0.000000,0.000000,0.000000,0.000000,1.000000,0.000000,0.000000,0.000000,0.000000,4,20260804-215217,kwh,83.284
C:\Users\josep\source\repos\AIOTED-digital\04_joe_lcd_20x32\6_main_dig4_20260804-221217.jpg,6,6,1.000000,0.000000,0.000000,0.000000,0.000000,0.000000,0.000000,1.000000,0.000000,0.000000,0.000000,0.000000,4,20260804-221217,kwh,83.656
C:\Users\josep\source\repos\AIOTED-digital\04_joe_lcd_20x32\6_main_dig4_20260804-222017.jpg,6,6,1.000000,0.000000,0.000000,0.000000,0.000000,0.000000,0.000000,1.000000,0.000000,0.000000,0.000000,0.000000,4,20260804-222017,kwh,85.121
C:\Users\josep\source\repos\AIOTED-digital\04_joe_lcd_20x32\6_main_dig4_20260804-223217.jpg,6,6,1.000000,0.000000,0.000000,0.000000,0.000000,0.000000,0.000000,1.000000,0.000000,0.000000,0.000000,0.000000,4,20260804-223217,kwh,83.097
C:\Users\josep\source\repos\AIOTED-digital\04_joe_lcd_20x32\6_main_dig4_20260804-224017.jpg,6,6,1.000000,0.000000,0.000000,0.000000,0.000000,0.000000,0.000000,1.000000,0.000000,0.000000,0.000000,0.000000,4,20260804-224017,kwh,83.658
C:\Users\josep\source\repos\AIOTED-digital\04_joe_lcd_20x32\6_main_dig4_20260804-230017.jpg,6,6,1.000000,0.000000,0.000000,0.000000,0.000000,0.000000,0.000000,1.000000,0.000000,0.000000,0.000000,0.000000,4,20260804-230017,kwh,82.225
C:\Users\josep\source\repos\AIOTED-digital\04_joe_lcd_20x32\6_main_dig4_20260804-231217.jpg,6,6,1.000000,0.000000,0.000000,0.000000,0.000000,0.000000,0.000000,1.000000,0.000000,0.000000,0.000000,0.000000,4,20260804-231217,kwh,81.125
C:\Users\josep\source\repos\AIOTED-digital\04_joe_lcd_20x32\6_main_dig4_20260804-232017.jpg,6,6,1.000000,0.000000,0.000000,0.000000,0.000000,0.000000,0.000000,1.000000,0.000000,0.000000,0.000000,0.000000,4,20260804-232017,kwh,82.741
C:\Users\josep\source\repos\AIOTED-digital\04_joe_lcd_20x32\6_main_dig4_20260804-233217.jpg,6,6,1.000000,0.000000,0.000000,0.000000,0.000000,0.000000,0.000000,1.000000,0.000000,0.000000,0.000000,0.000000,4,20260804-233217,kwh,83.107
C:\Users\josep\source\repos\AIOTED-digital\04_joe_lcd_20x32\6_main_dig4_20260804-234017.jpg,6,6,1.000000,0.000000,0.000000,0.000000,0.000000,0.000000,0.000000,1.000000,0.000000,0.000000,0.000000,0.000000,4,20260804-234017,kwh,82.862
C:\Users\josep\source\repos\AIOTED-digital\04_joe_lcd_20x32\6_main_dig4_20260804-235217.jpg,6,6,1.000000,0.000000,0.000000,0.000000,0.000000,0.000000,0.000000,1.000000,0.000000,0.000000,0.000000,0.000000,4,20260804-235217,kwh,81.487
C:\Users\josep\source\repos\AIOTED-digital\04_joe_lcd_20x32\6_main_dig5_20260819-163356.jpg,6,6,1.000000,0.000000,0.000000,0.000000,0.000000,0.000000,0.000000,1.000000,0.000000,0.000000,0.000000,0.000000,5,20260819-163356,kwh,55.780
C:\Users\josep\source\repos\AIOTED-digital\04_joe_lcd_20x32\6_main_dig5_20260819-164156.jpg,6,6,1.000000,0.000000,0.000000,0.000000,0.000000,0.000000,0.000000,1.000000,0.000000,0.000000,0.000000,0.000000,5,20260819-164156,kwh,56.553
C:\Users\josep\source\repos\AIOTED-digital\04_joe_lcd_20x32\6_main_dig5_20260819-165355.jpg,6,6,1.000000,0.000000,0.000000,0.000000,0.000000,0.000000,0.000000,1.000000,0.000000,0.000000,0.000000,0.000000,5,20260819-165355,kwh,56.099
C:\Users\josep\source\repos\AIOTED-digital\04_joe_lcd_20x32\6_main_dig5_20260819-170155.jpg,6,6,1.000000,0.000000,0.000000,0.000000,0.000000,0.000000,0.000000,1.000000,0.000000,0.000000,0.000000,0.000000,5,20260819-170155,kwh,56.950
C:\Users\josep\source\repos\AIOTED-digital\04_joe_lcd_20x32\6_main_dig5_20260819-171355.jpg,6,6,1.000000,0.000000,0.000000,0.000000,0.000000,0.000000,0.000000,1.000000,0.000000,0.000000,0.000000,0.000000,5,20260819-171355,kwh,55.391
C:\Users\josep\source\repos\AIOTED-digital\04_joe_lcd_20x32\6_main_dig5_20260819-175355.jpg,6,6,1.000000,0.000000,0.000000,0.000000,0.000000,0.000000,0.000000,1.000000,0.000000,0.000000,0.000000,0.000000,5,20260819-175355,kwh,55.874
C:\Users\josep\source\repos\AIOTED-digital\04_joe_lcd_20x32\6_main_dig5_20260819-181355.jpg,6,6,1.000000,0.000000,0.000000,0.000000,0.000000,0.000000,0.000000,1.000000,0.000000,0.000000,0.000000,0.000000,5,20260819-181355,kwh,56.155
C:\Users\josep\source\repos\AIOTED-digital\04_joe_lcd_20x32\6_main_dig5_20260819-184155.jpg,6,6,1.000000,0.000000,0.000000,0.000000,0.000000,0.000000,0.000000,1.000000,0.000000,0.000000,0.000000,0.000000,5,20260819-184155,kwh,58.260
C:\Users\josep\source\repos\AIOTED-digital\04_joe_lcd_20x32\6_main_dig5_20260819-185355.jpg,6,6,1.000000,0.000000,0.000000,0.000000,0.000000,0.000000,0.000000,1.000000,0.000000,0.000000,0.000000,0.000000,5,20260819-185355,kwh,58.131
C:\Users\josep\source\repos\AIOTED-digital\04_joe_lcd_20x32\6_main_dig5_20260819-191355.jpg,6,6,1.000000,0.000000,0.000000,0.000000,0.000000,0.000000,0.000000,1.000000,0.000000,0.000000,0.000000,0.000000,5,20260819-191355,kwh,59.876
C:\Users\josep\source\repos\AIOTED-digital\04_joe_lcd_20x32\6_main_dig5_20260819-194155.jpg,6,6,1.000000,0.000000,0.000000,0.000000,0.000000,0.000000,0.000000,1.000000,0.000000,0.000000,0.000000,0.000000,5,20260819-194155,kwh,62.776
C:\Users\josep\source\repos\AIOTED-digital\04_joe_lcd_20x32\6_main_dig5_20260819-200155.jpg,6,6,1.000000,0.000000,0.000000,0.000000,0.000000,0.000000,0.000000,1.000000,0.000000,0.000000,0.000000,0.000000,5,20260819-200155,kwh,66.852
C:\Users\josep\source\repos\AIOTED-digital\04_joe_lcd_20x32\6_main_dig5_20260819-201355.jpg,6,6,1.000000,0.000000,0.000000,0.000000,0.000000,0.000000,0.000000,1.000000,0.000000,0.000000,0.000000,0.000000,5,20260819-201355,kwh,65.236
C:\Users\josep\source\repos\AIOTED-digital\04_joe_lcd_20x32\6_main_dig5_20260819-205355.jpg,6,6,1.000000,0.000000,0.000000,0.000000,0.000000,0.000000,0.000000,1.000000,0.000000,0.000000,0.000000,0.000000,5,20260819-205355,kwh,64.841
C:\Users\josep\source\repos\AIOTED-digital\04_joe_lcd_20x32\6_main_dig5_20260819-210155.jpg,6,6,1.000000,0.000000,0.000000,0.000000,0.000000,0.000000,0.000000,1.000000,0.000000,0.000000,0.000000,0.000000,5,20260819-210155,kwh,64.844
C:\Users\josep\source\repos\AIOTED-digital\04_joe_lcd_20x32\6_main_dig5_20260819-211355.jpg,6,6,1.000000,0.000000,0.000000,0.000000,0.000000,0.000000,0.000000,1.000000,0.000000,0.000000,0.000000,0.000000,5,20260819-211355,kwh,64.424
C:\Users\josep\source\repos\AIOTED-digital\04_joe_lcd_20x32\6_main_dig5_20260910-170801.jpg,6,6,1.000000,0.000000,0.000000,0.000000,0.000000,0.000000,0.000000,1.000000,0.000000,0.000000,0.000000,0.000000,5,20260910-170801,kwh,51.935
C:\Users\josep\source\repos\AIOTED-digital\04_joe_lcd_20x32\6_main_dig5_20260910-171201.jpg,6,6,1.000000,0.000000,0.000000,0.000000,0.000000,0.000000,0.000000,1.000000,0.000000,0.000000,0.000000,0.000000,5,20260910-171201,kwh,52.103
C:\Users\josep\source\repos\AIOTED-digital\04_joe_lcd_20x32\6_main_dig5_20260910-174001.jpg,6,6,1.000000,0.000000,0.000000,0.000000,0.000000,0.000000,0.000000,1.000000,0.000000,0.000000,0.000000,0.000000,5,20260910-174001,kwh,51.598
C:\Users\josep\source\repos\AIOTED-digital\04_joe_lcd_20x32\6_main_dig5_20260910-184000.jpg,6,6,1.000000,0.000000,0.000000,0.000000,0.000000,0.000000,0.000000,1.000000,0.000000,0.000000,0.000000,0.000000,5,20260910-184000,kwh,54.102
C:\Users\josep\source\repos\AIOTED-digital\04_joe_lcd_20x32\6_main_dig5_20260910-184800.jpg,6,6,1.000000,0.000000,0.000000,0.000000,0.000000,0.000000,0.000000,1.000000,0.000000,0.000000,0.000000,0.000000,5,20260910-184800,kwh,55.901
C:\Users\josep\source\repos\AIOTED-digital\04_joe_lcd_20x32\6_main_dig5_20260910-190001.jpg,6,6,1.000000,0.000000,0.000000,0.000000,0.000000,0.000000,0.000000,1.000000,0.000000,0.000000,0.000000,0.000000,5,20260910-190001,kwh,58.416
C:\Users\josep\source\repos\AIOTED-digital\04_joe_lcd_20x32\6_main_dig5_20260910-202800.jpg,6,6,0.999973,0.000000,0.000000,0.000000,0.000000,0.000000,0.000026,0.999973,0.000000,0.000000,0.000000,0.000000,5,20260910-202800,kwh,59.896
C:\Users\josep\source\repos\AIOTED-digital\04_joe_lcd_20x32\6_main_dig5_20260910-204000.jpg,6,6,0.999998,0.000000,0.000000,0.000000,0.000000,0.000000,0.000002,0.999998,0.000000,0.000000,0.000000,0.000000,5,20260910-204000,kwh,59.187
C:\Users\josep\source\repos\AIOTED-digital\04_joe_lcd_20x32\6_main_dig5_20260910-204800.jpg,6,6,0.999997,0.000000,0.000000,0.000000,0.000000,0.000000,0.000003,0.999997,0.000000,0.000000,0.000000,0.000000,5,20260910-204800,kwh,57.136
C:\Users\josep\source\repos\AIOTED-digital\04_joe_lcd_20x32\6_main_dig5_20260910-212000.jpg,6,6,0.999975,0.000000,0.000000,0.000000,0.000000,0.000000,0.000025,0.999975,0.000000,0.000001,0.000000,0.000000,5,20260910-212000,kwh,57.239
C:\Users\josep\source\repos\AIOTED-digital\04_joe_lcd_20x32\6_main_dig5_20260910-212800.jpg,6,6,0.999996,0.000000,0.000000,0.000000,0.000000,0.000000,0.000003,0.999996,0.000000,0.000001,0.000000,0.000000,5,20260910-212800,kwh,57.007
C:\Users\josep\source\repos\AIOTED-digital\04_joe_lcd_20x32\6_main_dig5_20260914-025739.jpg,6,6,0.999999,0.000000,0.000000,0.000000,0.000000,0.000000,0.000000,0.999999,0.000000,0.000000,0.000000,0.000000,5,20260914-025739,kwh,53.577
C:\Users\josep\source\repos\AIOTED-digital\04_joe_lcd_20x32\6_main_dig5_20260914-032539.jpg,6,6,1.000000,0.000000,0.000000,0.000000,0.000000,0.000000,0.000000,1.000000,0.000000,0.000000,0.000000,0.000000,5,20260914-032539,kwh,54.338
C:\Users\josep\source\repos\AIOTED-digital\04_joe_lcd_20x32\6_main_dig5_20260914-042539.jpg,6,6,1.000000,0.000000,0.000000,0.000000,0.000000,0.000000,0.000000,1.000000,0.000000,0.000000,0.000000,0.000000,5,20260914-042539,kwh,53.652
C:\Users\josep\source\repos\AIOTED-digital\04_joe_lcd_20x32\6_main_dig5_20260914-043739.jpg,6,6,1.000000,0.000000,0.000000,0.000000,0.000000,0.000000,0.000000,1.000000,0.000000,0.000000,0.000000,0.000000,5,20260914-043739,kwh,53.578
C:\Users\josep\source\repos\AIOTED-digital\04_joe_lcd_20x32\6_main_dig5_20260914-060538.jpg,6,6,1.000000,0.000000,0.000000,0.000000,0.000000,0.000000,0.000000,1.000000,0.000000,0.000000,0.000000,0.000000,5,20260914-060538,kwh,52.601
C:\Users\josep\source\repos\AIOTED-digital\04_joe_lcd_20x32\6_main_dig5_20260914-062538.jpg,6,6,1.000000,0.000000,0.000000,0.000000,0.000000,0.000000,0.000000,1.000000,0.000000,0.000000,0.000000,0.000000,5,20260914-062538,kwh,51.975
C:\Users\josep\source\repos\AIOTED-digital\04_joe_lcd_20x32\6_main_dig5_20260914-063338.jpg,6,6,1.000000,0.000000,0.000000,0.000000,0.000000,0.000000,0.000000,1.000000,0.000000,0.000000,0.000000,0.000000,5,20260914-063338,kwh,48.455
C:\Users\josep\source\repos\AIOTED-digital\04_joe_lcd_20x32\6_main_dig5_20260914-065338.jpg,6,6,1.000000,0.000000,0.000000,0.000000,0.000000,0.000000,0.000000,1.000000,0.000000,0.000000,0.000000,0.000000,5,20260914-065338,kwh,45.826
C:\Users\josep\source\repos\AIOTED-digital\04_joe_lcd_20x32\6_main_dig5_20260914-070538.jpg,6,6,1.000000,0.000000,0.000000,0.000000,0.000000,0.000000,0.000000,1.000000,0.000000,0.000000,0.000000,0.000000,5,20260914-070538,kwh,46.982
C:\Users\josep\source\repos\AIOTED-digital\04_joe_lcd_20x32\6_main_dig5_20260914-071338.jpg,6,6,1.000000,0.000000,0.000000,0.000000,0.000000,0.000000,0.000000,1.000000,0.000000,0.000000,0.000000,0.000000,5,20260914-071338,kwh,45.134
C:\Users\josep\source\repos\AIOTED-digital\04_joe_lcd_20x32\6_main_dig5_20260914-072538.jpg,6,6,1.000000,0.000000,0.000000,0.000000,0.000000,0.000000,0.000000,1.000000,0.000000,0.000000,0.000000,0.000000,5,20260914-072538,kwh,42.972
C:\Users\josep\source\repos\AIOTED-digital\04_joe_lcd_20x32\6_main_dig5_20260914-073338.jpg,6,6,1.000000,0.000000,0.000000,0.000000,0.000000,0.000000,0.000000,1.000000,0.000000,0.000000,0.000000,0.000000,5,20260914-073338,kwh,43.088
C:\Users\josep\source\repos\AIOTED-digital\04_joe_lcd_20x32\6_main_dig5_20260914-083338.jpg,6,6,1.000000,0.000000,0.000000,0.000000,0.000000,0.000000,0.000000,1.000000,0.000000,0.000000,0.000000,0.000000,5,20260914-083338,kwh,65.982
C:\Users\josep\source\repos\AIOTED-digital\04_joe_lcd_20x32\6_main_dig5_20260914-090538.jpg,6,6,1.000000,0.000000,0.000000,0.000000,0.000000,0.000000,0.000000,1.000000,0.000000,0.000000,0.000000,0.000000,5,20260914-090538,kwh,68.962
C:\Users\josep\source\repos\AIOTED-digital\04_joe_lcd_20x32\6_main_dig5_20260914-092538.jpg,6,6,1.000000,0.000000,0.000000,0.000000,0.000000,0.000000,0.000000,1.000000,0.000000,0.000000,0.000000,0.000000,5,20260914-092538,kwh,67.929
C:\Users\josep\source\repos\AIOTED-digital\04_joe_lcd_20x32\6_main_dig5_20260914-103338.jpg,6,6,1.000000,0.000000,0.000000,0.000000,0.000000,0.000000,0.000000,1.000000,0.000000,0.000000,0.000000,0.000000,5,20260914-103338,kwh,63.797
C:\Users\josep\source\repos\AIOTED-digital\04_joe_lcd_20x32\6_main_dig5_20260914-111338.jpg,6,6,1.000000,0.000000,0.000000,0.000000,0.000000,0.000000,0.000000,1.000000,0.000000,0.000000,0.000000,0.000000,5,20260914-111338,kwh,53.549
C:\Users\josep\source\repos\AIOTED-digital\04_joe_lcd_20x32\6_main_dig5_20260914-123338.jpg,6,6,1.000000,0.000000,0.000000,0.000000,0.000000,0.000000,0.000000,1.000000,0.000000,0.000000,0.000000,0.000000,5,20260914-123338,kwh,68.402
C:\Users\josep\source\repos\AIOTED-digital\04_joe_lcd_20x32\6_main_dig5_20260914-124538.jpg,6,6,1.000000,0.000000,0.000000,0.000000,0.000000,0.000000,0.000000,1.000000,0.000000,0.000000,0.000000,0.000000,5,20260914-124538,kwh,56.310
C:\Users\josep\source\repos\AIOTED-digital\04_joe_lcd_20x32\6_main_dig5_20260927-223842.jpg,6,6,1.000000,0.000000,0.000000,0.000000,0.000000,0.000000,0.000000,1.000000,0.000000,0.000000,0.000000,0.000000,5,20260927-223842,kwh,53.653
C:\Users\josep\source\repos\AIOTED-digital\04_joe_lcd_20x32\6_main_dig5_20260927-224642.jpg,6,6,0.999998,0.000000,0.000000,0.000000,0.000000,0.000000,0.000000,0.999998,0.000000,0.000002,0.000000,0.000000,5,20260927-224642,kwh,54.056
C:\Users\josep\source\repos\AIOTED-digital\04_joe_lcd_20x32\6_main_dig5_20260927-230642.jpg,6,6,0.999999,0.000000,0.000000,0.000000,0.000000,0.000000,0.000001,0.999999,0.000000,0.000000,0.000000,0.000000,5,20260927-230642,kwh,54.453
C:\Users\josep\source\repos\AIOTED-digital\04_joe_lcd_20x32\6_main_dig5_20260927-231442.jpg,6,6,1.000000,0.000000,0.000000,0.000000,0.000000,0.000000,0.000000,1.000000,0.000000,0.000000,0.000000,0.000000,5,20260927-231442,kwh,56.887
C:\Users\josep\source\repos\AIOTED-digital\04_joe_lcd_20x32\6_main_dig5_20260927-231842.jpg,6,6,1.000000,0.000000,0.000000,0.000000,0.000000,0.000000,0.000000,1.000000,0.000000,0.000000,0.000000,0.000000,5,20260927-231842,kwh,55.870
C:\Users\josep\source\repos\AIOTED-digital\04_joe_lcd_20x32\6_main_dig5_20260927-233842.jpg,6,6,1.000000,0.000000,0.000000,0.000000,0.000000,0.000000,0.000000,1.000000,0.000000,0.000000,0.000000,0.000000,5,20260927-233842,kwh,57.201
C:\Users\josep\source\repos\AIOTED-digital\04_joe_lcd_20x32\6_main_dig5_20260927-234642.jpg,6,6,0.999999,0.000000,0.000000,0.000000,0.000000,0.000000,0.000000,0.999999,0.000000,0.000000,0.000000,0.000000,5,20260927-234642,kwh,57.185
C:\Users\josep\source\repos\AIOTED-digital\04_joe_lcd_20x32\6_main_dig5_20260927-235442.jpg,6,6,1.000000,0.000000,0.000000,0.000000,0.000000,0.000000,0.000000,1.000000,0.000000,0.000000,0.000000,0.000000,5,20260927-235442,kwh,56.794
C:\Users\josep\source\repos\AIOTED-digital\04_joe_lcd_20x32\6_main_dig5_20260927-235842.jpg,6,6,1.000000,0.000000,0.000000,0.000000,0.000000,0.000000,0.000000,1.000000,0.000000,0.000000,0.000000,0.000000,5,20260927-235842,kwh,54.611
C:\Users\josep\source\repos\AIOTED-digital\04_joe_lcd_20x32\6_main_dig6_20260802-112644.jpg,6,6,1.000000,0.000000,0.000000,0.000000,0.000000,0.000000,0.000000,1.000000,0.000000,0.000000,0.000000,0.000000,6,20260802-112644,kwh,67.484
C:\Users\josep\source\repos\AIOTED-digital\04_joe_lcd_20x32\6_main_dig6_20260802-192810.jpg,6,6,0.999885,0.000000,0.000000,0.000000,0.000000,0.000000,0.000115,0.999885,0.000000,0.000000,0.000000,0.000000,6,20260802-192810,kwh,33.311
C:\Users\josep\source\repos\AIOTED-digital\04_joe_lcd_20x32\6_main_dig6_20260802-193610.jpg,6,6,0.998329,0.000000,0.000000,0.000000,0.000000,0.000000,0.001671,0.998329,0.000000,0.000000,0.000000,0.000000,6,20260802-193610,kwh,29.321
C:\Users\josep\source\repos\AIOTED-digital\04_joe_lcd_20x32\6_main_dig6_20260802-194010.jpg,6,6,0.998225,0.000000,0.000000,0.000000,0.000000,0.000000,0.001775,0.998225,0.000000,0.000000,0.000000,0.000000,6,20260802-194010,kwh,29.040
C:\Users\josep\source\repos\AIOTED-digital\04_joe_lcd_20x32\6_main_dig6_20260802-194810.jpg,6,6,0.996929,0.000000,0.000000,0.000000,0.000000,0.000000,0.003071,0.996929,0.000000,0.000000,0.000000,0.000000,6,20260802-194810,kwh,26.357
C:\Users\josep\source\repos\AIOTED-digital\04_joe_lcd_20x32\6_main_dig6_20260804-105618.jpg,6,6,1.000000,0.000000,0.000000,0.000000,0.000000,0.000000,0.000000,1.000000,0.000000,0.000000,0.000000,0.000000,6,20260804-105618,kwh,59.556
C:\Users\josep\source\repos\AIOTED-digital\04_joe_lcd_20x32\6_main_dig6_20260804-151217.jpg,6,6,1.000000,0.000000,0.000000,0.000000,0.000000,0.000000,0.000000,1.000000,0.000000,0.000000,0.000000,0.000000,6,20260804-151217,kwh,77.426
C:\Users\josep\source\repos\AIOTED-digital\04_joe_lcd_20x32\6_main_dig6_20260804-193217.jpg,6,6,0.992513,0.000000,0.000000,0.000000,0.000000,0.000000,0.007487,0.992513,0.000000,0.000000,0.000000,0.000000,6,20260804-193217,kwh,27.199
C:\Users\josep\source\repos\AIOTED-digital\04_joe_lcd_20x32\6_main_dig6_20260816-071402.jpg,6,6,0.999999,0.000000,0.000000,0.000000,0.000000,0.000000,0.000001,0.999999,0.000000,0.000000,0.000000,0.000000,6,20260816-071402,kwh,39.781
C:\Users\josep\source\repos\AIOTED-digital\04_joe_lcd_20x32\6_main_dig6_20260816-072202.jpg,6,6,0.999994,0.000000,0.000000,0.000000,0.000000,0.000000,0.000006,0.999994,0.000000,0.000000,0.000000,0.000000,6,20260816-072202,kwh,36.895
C:\Users\josep\source\repos\AIOTED-digital\04_joe_lcd_20x32\6_main_dig6_20260816-135001.jpg,6,6,1.000000,0.000000,0.000000,0.000000,0.000000,0.000000,0.000000,1.000000,0.000000,0.000000,0.000000,0.000000,6,20260816-135001,kwh,68.971
C:\Users\josep\source\repos\AIOTED-digital\04_joe_lcd_20x32\6_main_dig6_20260816-175001.jpg,6,6,1.000000,0.000000,0.000000,0.000000,0.000000,0.000000,0.000000,1.000000,0.000000,0.000000,0.000000,0.000000,6,20260816-175001,kwh,49.026
C:\Users\josep\source\repos\AIOTED-digital\04_joe_lcd_20x32\6_main_dig6_20260816-180201.jpg,6,6,1.000000,0.000000,0.000000,0.000000,0.000000,0.000000,0.000000,1.000000,0.000000,0.000000,0.000000,0.000000,6,20260816-180201,kwh,47.807
C:\Users\josep\source\repos\AIOTED-digital\04_joe_lcd_20x32\6_main_dig6_20260819-192155.jpg,6,6,0.999987,0.000000,0.000000,0.000000,0.000000,0.000000,0.000013,0.999987,0.000000,0.000000,0.000000,0.000000,6,20260819-192155,kwh,30.816
C:\Users\josep\source\repos\AIOTED-digital\04_joe_lcd_20x32\6_main_dig6_20260823-001349.jpg,6,6,0.811749,0.000328,0.000000,0.000005,0.000002,0.000164,0.178730,0.811749,0.000000,0.008614,0.000407,0.000001,6,20260823-001349,kwh,30.805
C:\Users\josep\source\repos\AIOTED-digital\04_joe_lcd_20x32\6_main_dig6_20260823-112148.jpg,6,6,1.000000,0.000000,0.000000,0.000000,0.000000,0.000000,0.000000,1.000000,0.000000,0.000000,0.000000,0.000000,6,20260823-112148,kwh,97.836
C:\Users\josep\source\repos\AIOTED-digital\04_joe_lcd_20x32\6_main_dig6_20260823-200948.jpg,6,6,0.952256,0.000000,0.000000,0.000000,0.000000,0.000000,0.047609,0.952256,0.000000,0.000135,0.000001,0.000000,6,20260823-200948,kwh,26.403
C:\Users\josep\source\repos\AIOTED-digital\04_joe_lcd_20x32\6_main_dig6_20260910-194800.jpg,6,6,0.997669,0.000000,0.000000,0.000000,0.000000,0.000000,0.002047,0.997669,0.000000,0.000284,0.000000,0.000000,6,20260910-194800,kwh,24.153
C:\Users\josep\source\repos\AIOTED-digital\04_joe_lcd_20x32\6_main_dig6_20260910-200000.jpg,6,6,0.992235,0.000001,0.000000,0.000000,0.000000,0.000000,0.007051,0.992235,0.000000,0.000712,0.000000,0.000000,6,20260910-200000,kwh,24.734
C:\Users\josep\source\repos\AIOTED-digital\04_joe_lcd_20x32\6_main_dig6_20260913-204939.jpg,6,6,0.996920,0.000002,0.000000,0.000000,0.000000,0.000000,0.002218,0.996920,0.000000,0.000860,0.000000,0.000000,6,20260913-204939,kwh,24.310
C:\Users\josep\source\repos\AIOTED-digital\04_joe_lcd_20x32\6_main_dig6_20260927-072214.jpg,6,6,1.000000,0.000000,0.000000,0.000000,0.000000,0.000000,0.000000,1.000000,0.000000,0.000000,0.000000,0.000000,6,20260927-072214,kwh,28.655
C:\Users\josep\source\repos\AIOTED-digital\04_joe_lcd_20x32\6_main_dig6_20260927-073414.jpg,6,6,1.000000,0.000000,0.000000,0.000000,0.000000,0.000000,0.000000,1.000000,0.000000,0.000000,0.000000,0.000000,6,20260927-073414,kwh,36.384
C:\Users\josep\source\repos\AIOTED-digital\04_joe_lcd_20x32\6_main_dig6_20260927-074214.jpg,6,6,1.000000,0.000000,0.000000,0.000000,0.000000,0.000000,0.000000,1.000000,0.000000,0.000000,0.000000,0.000000,6,20260927-074214,kwh,34.567
C:\Users\josep\source\repos\AIOTED-digital\04_joe_lcd_20x32\6_main_dig6_20260927-075414.jpg,6,6,1.000000,0.000000,0.000000,0.000000,0.000000,0.000000,0.000000,1.000000,0.000000,0.000000,0.000000,0.000000,6,20260927-075414,kwh,70.704
C:\Users\josep\source\repos\AIOTED-digital\04_joe_lcd_20x32\6_main_dig6_20260927-081414.jpg,6,6,0.999989,0.000000,0.000000,0.000000,0.000000,0.000000,0.000009,0.999989,0.000000,0.000003,0.000000,0.000000,6,20260927-081414,kwh,98.780
C:\Users\josep\source\repos\AIOTED-digital\04_joe_lcd_20x32\6_main_dig6_20260927-082213.jpg,6,6,1.000000,0.000000,0.000000,0.000000,0.000000,0.000000,0.000000,1.000000,0.000000,0.000000,0.000000,0.000000,6,20260927-082213,kwh,70.252
C:\Users\josep\source\repos\AIOTED-digital\04_joe_lcd_20x32\7_main_dig3_20260731-055303.jpg,7,7,0.975679,0.000000,0.012464,0.000000,0.011838,0.000001,0.000000,0.000000,0.975679,0.000000,0.000019,0.000000,3,20260731-055303,kwh,48.221
C:\Users\josep\source\repos\AIOTED-digital\04_joe_lcd_20x32\7_main_dig3_20260731-070635.jpg,7,7,0.999028,0.000000,0.000970,0.000000,0.000002,0.000000,0.000000,0.000000,0.999028,0.000000,0.000000,0.000000,3,20260731-070635,kwh,41.163
C:\Users\josep\source\repos\AIOTED-digital\04_joe_lcd_20x32\7_main_dig3_20260731-071805.jpg,7,7,0.999873,0.000000,0.000127,0.000000,0.000000,0.000000,0.000000,0.000000,0.999873,0.000000,0.000000,0.000000,3,20260731-071805,kwh,44.811
C:\Users\josep\source\repos\AIOTED-digital\04_joe_lcd_20x32\7_main_dig3_20260731-072935.jpg,7,7,0.999714,0.000000,0.000285,0.000000,0.000000,0.000000,0.000000,0.000000,0.999714,0.000000,0.000000,0.000000,3,20260731-072935,kwh,49.854
C:\Users\josep\source\repos\AIOTED-digital\04_joe_lcd_20x32\7_main_dig3_20260731-074105.jpg,7,7,0.999847,0.000000,0.000151,0.000000,0.000002,0.000000,0.000000,0.000000,0.999847,0.000000,0.000000,0.000000,3,20260731-074105,kwh,43.060
C:\Users\josep\source\repos\AIOTED-digital\04_joe_lcd_20x32\7_main_dig3_20260731-075235.jpg,7,7,0.999470,0.000000,0.000530,0.000000,0.000000,0.000000,0.000000,0.000000,0.999470,0.000000,0.000000,0.000000,3,20260731-075235,kwh,41.672
C:\Users\josep\source\repos\AIOTED-digital\04_joe_lcd_20x32\7_main_dig3_20260731-093155.jpg,7,7,0.999992,0.000000,0.000000,0.000000,0.000008,0.000000,0.000000,0.000000,0.999992,0.000000,0.000000,0.000000,3,20260731-093155,kwh,57.022
C:\Users\josep\source\repos\AIOTED-digital\04_joe_lcd_20x32\7_main_dig3_20260731-094325.jpg,7,7,0.999998,0.000000,0.000000,0.000000,0.000002,0.000000,0.000000,0.000000,0.999998,0.000000,0.000000,0.000000,3,20260731-094325,kwh,57.046
C:\Users\josep\source\repos\AIOTED-digital\04_joe_lcd_20x32\7_main_dig3_20260731-095455.jpg,7,7,0.999975,0.000000,0.000001,0.000000,0.000024,0.000000,0.000000,0.000000,0.999975,0.000000,0.000000,0.000000,3,20260731-095455,kwh,56.833
C:\Users\josep\source\repos\AIOTED-digital\04_joe_lcd_20x32\7_main_dig3_20260731-100018.jpg,7,7,0.999999,0.000000,0.000000,0.000000,0.000000,0.000000,0.000000,0.000000,0.999999,0.000000,0.000000,0.000000,3,20260731-100018,kwh,64.941
C:\Users\josep\source\repos\AIOTED-digital\04_joe_lcd_20x32\7_main_dig3_20260731-101148.jpg,7,7,0.999999,0.000000,0.000000,0.000000,0.000001,0.000000,0.000000,0.000000,0.999999,0.000000,0.000000,0.000000,3,20260731-101148,kwh,63.961
C:\Users\josep\source\repos\AIOTED-digital\04_joe_lcd_20x32\7_main_dig3_20260731-103935.jpg,7,7,0.999999,0.000000,0.000001,0.000000,0.000000,0.000000,0.000000,0.000000,0.999999,0.000000,0.000000,0.000000,3,20260731-103935,kwh,45.276
C:\Users\josep\source\repos\AIOTED-digital\04_joe_lcd_20x32\7_main_dig3_20260731-105105.jpg,7,7,0.999999,0.000000,0.000001,0.000000,0.000000,0.000000,0.000000,0.000000,0.999999,0.000000,0.000000,0.000000,3,20260731-105105,kwh,62.256
C:\Users\josep\source\repos\AIOTED-digital\04_joe_lcd_20x32\7_main_dig3_20260731-110235.jpg,7,7,0.999999,0.000000,0.000001,0.000000,0.000000,0.000000,0.000000,0.000000,0.999999,0.000000,0.000000,0.000000,3,20260731-110235,kwh,59.786
C:\Users\josep\source\repos\AIOTED-digital\04_joe_lcd_20x32\7_main_dig3_20260731-111405.jpg,7,7,1.000000,0.000000,0.000000,0.000000,0.000000,0.000000,0.000000,0.000000,1.000000,0.000000,0.000000,0.000000,3,20260731-111405,kwh,60.685
C:\Users\josep\source\repos\AIOTED-digital\04_joe_lcd_20x32\7_main_dig3_20260802-072644.jpg,7,7,1.000000,0.000000,0.000000,0.000000,0.000000,0.000000,0.000000,0.000000,1.000000,0.000000,0.000000,0.000000,3,20260802-072644,kwh,138.538
C:\Users\josep\source\repos\AIOTED-digital\04_joe_lcd_20x32\7_main_dig3_20260802-190010.jpg,7,7,0.999965,0.000000,0.000003,0.000001,0.000032,0.000000,0.000000,0.000000,0.999965,0.000000,0.000000,0.000000,3,20260802-190010,kwh,128.640
C:\Users\josep\source\repos\AIOTED-digital\04_joe_lcd_20x32\7_main_dig3_20260802-194010.jpg,7,7,0.999904,0.000014,0.000028,0.000000,0.000002,0.000000,0.000000,0.000000,0.999904,0.000039,0.000001,0.000012,3,20260802-194010,kwh,139.811
C:\Users\josep\source\repos\AIOTED-digital\04_joe_lcd_20x32\7_main_dig3_20260802-202010.jpg,7,7,0.980241,0.000000,0.019449,0.000000,0.000309,0.000000,0.000000,0.000000,0.980241,0.000001,0.000000,0.000000,3,20260802-202010,kwh,158.995
C:\Users\josep\source\repos\AIOTED-digital\04_joe_lcd_20x32\7_main_dig3_20260802-202810.jpg,7,7,0.940790,0.000000,0.056284,0.000000,0.002921,0.000000,0.000000,0.000000,0.940790,0.000002,0.000002,0.000000,3,20260802-202810,kwh,165.225
C:\Users\josep\source\repos\AIOTED-digital\04_joe_lcd_20x32\7_main_dig3_20260802-203610.jpg,7,7,0.958345,0.000000,0.038533,0.000000,0.003106,0.000001,0.000001,0.000000,0.958345,0.000009,0.000005,0.000000,3,20260802-203610,kwh,165.304
C:\Users\josep\source\repos\AIOTED-digital\04_joe_lcd_20x32\7_main_dig3_20260802-204810.jpg,7,7,0.949758,0.000000,0.048089,0.000000,0.002151,0.000000,0.000000,0.000000,0.949758,0.000001,0.000000,0.000000,3,20260802-204810,kwh,161.168
C:\Users\josep\source\repos\AIOTED-digital\04_joe_lcd_20x32\7_main_dig3_20260802-210810.jpg,7,7,0.995400,0.000000,0.004310,0.000000,0.000290,0.000000,0.000000,0.000000,0.995400,0.000000,0.000000,0.000000,3,20260802-210810,kwh,165.545
C:\Users\josep\source\repos\AIOTED-digital\04_joe_lcd_20x32\7_main_dig3_20260802-211610.jpg,7,7,0.988801,0.000000,0.010205,0.000000,0.000989,0.000000,0.000000,0.000000,0.988801,0.000003,0.000001,0.000000,3,20260802-211610,kwh,160.296
C:\Users\josep\source\repos\AIOTED-digital\04_joe_lcd_20x32\7_main_dig3_20260802-215610.jpg,7,7,0.942426,0.000000,0.054707,0.000000,0.002851,0.000001,0.000000,0.000000,0.942426,0.000007,0.000006,0.000001,3,20260802-215610,kwh,160.860
C:\Users\josep\source\repos\AIOTED-digital\04_joe_lcd_20x32\7_main_dig3_20260802-221610.jpg,7,7,0.996108,0.000000,0.000688,0.000000,0.003203,0.000000,0.000000,0.000000,0.996108,0.000001,0.000000,0.000000,3,20260802-221610,kwh,165.001
C:\Users\josep\source\repos\AIOTED-digital\04_joe_lcd_20x32\7_main_dig3_20260802-223610.jpg,7,7,0.937960,0.000000,0.061332,0.000000,0.000706,0.000000,0.000000,0.000000,0.937960,0.000001,0.000001,0.000000,3,20260802-223610,kwh,164.517
C:\Users\josep\source\repos\AIOTED-digital\04_joe_lcd_20x32\7_main_dig3_20260802-224810.jpg,7,7,0.985932,0.000000,0.013213,0.000000,0.000854,0.000000,0.000000,0.000000,0.985932,0.000001,0.000000,0.000000,3,20260802-224810,kwh,164.256
C:\Users\josep\source\repos\AIOTED-digital\04_joe_lcd_20x32\7_main_dig3_20260802-230810.jpg,7,7,0.938686,0.000000,0.060204,0.000000,0.001106,0.000000,0.000001,0.000000,0.938686,0.000002,0.000001,0.000000,3,20260802-230810,kwh,163.846
C:\Users\josep\source\repos\AIOTED-digital\04_joe_lcd_20x32\7_main_dig3_20260802-231610.jpg,7,7,0.977410,0.000000,0.020837,0.000000,0.001748,0.000000,0.000000,0.000000,0.977410,0.000002,0.000003,0.000000,3,20260802-231610,kwh,164.177
C:\Users\josep\source\repos\AIOTED-digital\04_joe_lcd_20x32\7_main_dig3_20260802-232810.jpg,7,7,0.981209,0.000000,0.018510,0.000000,0.000279,0.000000,0.000000,0.000000,0.981209,0.000001,0.000001,0.000000,3,20260802-232810,kwh,164.647
C:\Users\josep\source\repos\AIOTED-digital\04_joe_lcd_20x32\7_main_dig3_20260804-000725.jpg,7,7,1.000000,0.000000,0.000000,0.000000,0.000000,0.000000,0.000000,0.000000,1.000000,0.000000,0.000000,0.000000,3,20260804-000725,kwh,170.536
C:\Users\josep\source\repos\AIOTED-digital\04_joe_lcd_20x32\7_main_dig3_20260804-011925.jpg,7,7,0.999999,0.000000,0.000001,0.000000,0.000000,0.000000,0.000000,0.000000,0.999999,0.000000,0.000000,0.000000,3,20260804-011925,kwh,166.374
C:\Users\josep\source\repos\AIOTED-digital\04_joe_lcd_20x32\7_main_dig3_20260804-012725.jpg,7,7,1.000000,0.000000,0.000000,0.000000,0.000000,0.000000,0.000000,0.000000,1.000000,0.000000,0.000000,0.000000,3,20260804-012725,kwh,168.190
C:\Users\josep\source\repos\AIOTED-digital\04_joe_lcd_20x32\7_main_dig3_20260804-013925.jpg,7,7,0.999999,0.000000,0.000001,0.000000,0.000000,0.000000,0.000000,0.000000,0.999999,0.000000,0.000000,0.000000,3,20260804-013925,kwh,168.598
C:\Users\josep\source\repos\AIOTED-digital\04_joe_lcd_20x32\7_main_dig3_20260804-020725.jpg,7,7,0.999999,0.000000,0.000001,0.000000,0.000000,0.000000,0.000000,0.000000,0.999999,0.000000,0.000000,0.000000,3,20260804-020725,kwh,165.922
C:\Users\josep\source\repos\AIOTED-digital\04_joe_lcd_20x32\7_main_dig3_20260804-024725.jpg,7,7,0.999999,0.000000,0.000001,0.000000,0.000000,0.000000,0.000000,0.000000,0.999999,0.000000,0.000000,0.000000,3,20260804-024725,kwh,168.184
C:\Users\josep\source\repos\AIOTED-digital\04_joe_lcd_20x32\7_main_dig3_20260804-030725.jpg,7,7,0.999998,0.000000,0.000002,0.000000,0.000000,0.000000,0.000000,0.000000,0.999998,0.000000,0.000000,0.000000,3,20260804-030725,kwh,170.372
C:\Users\josep\source\repos\AIOTED-digital\04_joe_lcd_20x32\7_main_dig3_20260804-033925.jpg,7,7,0.999999,0.000000,0.000001,0.000000,0.000000,0.000000,0.000000,0.000000,0.999999,0.000000,0.000000,0.000000,3,20260804-033925,kwh,165.355
C:\Users\josep\source\repos\AIOTED-digital\04_joe_lcd_20x32\7_main_dig3_20260804-040725.jpg,7,7,0.999992,0.000000,0.000008,0.000000,0.000000,0.000000,0.000000,0.000000,0.999992,0.000000,0.000000,0.000000,3,20260804-040725,kwh,169.553
C:\Users\josep\source\repos\AIOTED-digital\04_joe_lcd_20x32\7_main_dig3_20260804-051925.jpg,7,7,0.999645,0.000000,0.000353,0.000000,0.000001,0.000000,0.000000,0.000000,0.999645,0.000000,0.000000,0.000000,3,20260804-051925,kwh,168.326
C:\Users\josep\source\repos\AIOTED-digital\04_joe_lcd_20x32\7_main_dig3_20260804-071618.jpg,7,7,1.000000,0.000000,0.000000,0.000000,0.000000,0.000000,0.000000,0.000000,1.000000,0.000000,0.000000,0.000000,3,20260804-071618,kwh,121.709
C:\Users\josep\source\repos\AIOTED-digital\04_joe_lcd_20x32\7_main_dig3_20260804-190017.jpg,7,7,1.000000,0.000000,0.000000,0.000000,0.000000,0.000000,0.000000,0.000000,1.000000,0.000000,0.000000,0.000000,3,20260804-190017,kwh,126.003
C:\Users\josep\source\repos\AIOTED-digital\04_joe_lcd_20x32\7_main_dig3_20260804-192417.jpg,7,7,1.000000,0.000000,0.000000,0.000000,0.000000,0.000000,0.000000,0.000000,1.000000,0.000000,0.000000,0.000000,3,20260804-192417,kwh,131.488
C:\Users\josep\source\repos\AIOTED-digital\04_joe_lcd_20x32\7_main_dig3_20260804-204017.jpg,7,7,1.000000,0.000000,0.000000,0.000000,0.000000,0.000000,0.000000,0.000000,1.000000,0.000000,0.000000,0.000000,3,20260804-204017,kwh,138.815
C:\Users\josep\source\repos\AIOTED-digital\04_joe_lcd_20x32\7_main_dig3_20260804-205217.jpg,7,7,1.000000,0.000000,0.000000,0.000000,0.000000,0.000000,0.000000,0.000000,1.000000,0.000000,0.000000,0.000000,3,20260804-205217,kwh,137.280
C:\Users\josep\source\repos\AIOTED-digital\04_joe_lcd_20x32\7_main_dig3_20260804-230017.jpg,7,7,1.000000,0.000000,0.000000,0.000000,0.000000,0.000000,0.000000,0.000000,1.000000,0.000000,0.000000,0.000000,3,20260804-230017,kwh,137.264
C:\Users\josep\source\repos\AIOTED-digital\04_joe_lcd_20x32\7_main_dig5_20260804-052725.jpg,7,7,0.561409,0.000000,0.000050,0.000000,0.438539,0.000000,0.000000,0.000000,0.561409,0.000000,0.000002,0.000000,5,20260804-052725,kwh,49.312
C:\Users\josep\source\repos\AIOTED-digital\04_joe_lcd_20x32\7_main_dig5_20260804-063618.jpg,7,7,0.999823,0.000000,0.000000,0.000000,0.000177,0.000000,0.000000,0.000000,0.999823,0.000000,0.000000,0.000000,5,20260804-063618,kwh,49.237
C:\Users\josep\source\repos\AIOTED-digital\04_joe_lcd_20x32\7_main_dig5_20260804-064418.jpg,7,7,0.999489,0.000000,0.000000,0.000000,0.000511,0.000000,0.000000,0.000000,0.999489,0.000000,0.000000,0.000000,5,20260804-064418,kwh,49.773
C:\Users\josep\source\repos\AIOTED-digital\04_joe_lcd_20x32\7_main_dig5_20260804-065618.jpg,7,7,0.999913,0.000000,0.000000,0.000000,0.000087,0.000000,0.000000,0.000000,0.999913,0.000000,0.000000,0.000000,5,20260804-065618,kwh,49.907
C:\Users\josep\source\repos\AIOTED-digital\04_joe_lcd_20x32\7_main_dig5_20260804-070418.jpg,7,7,0.999995,0.000000,0.000001,0.000000,0.000004,0.000000,0.000000,0.000000,0.999995,0.000000,0.000000,0.000000,5,20260804-070418,kwh,49.096
C:\Users\josep\source\repos\AIOTED-digital\04_joe_lcd_20x32\7_main_dig5_20260819-222955.jpg,7,7,1.000000,0.000000,0.000000,0.000000,0.000000,0.000000,0.000000,0.000000,1.000000,0.000000,0.000000,0.000000,5,20260819-222955,kwh,65.380
C:\Users\josep\source\repos\AIOTED-digital\04_joe_lcd_20x32\7_main_dig5_20260819-225355.jpg,7,7,0.999998,0.000000,0.000000,0.000000,0.000002,0.000000,0.000000,0.000000,0.999998,0.000000,0.000000,0.000000,5,20260819-225355,kwh,64.165
C:\Users\josep\source\repos\AIOTED-digital\04_joe_lcd_20x32\7_main_dig5_20260819-230955.jpg,7,7,0.999999,0.000000,0.000000,0.000000,0.000001,0.000000,0.000000,0.000000,0.999999,0.000000,0.000000,0.000000,5,20260819-230955,kwh,61.964
C:\Users\josep\source\repos\AIOTED-digital\04_joe_lcd_20x32\7_main_dig5_20260819-232155.jpg,7,7,0.999999,0.000000,0.000000,0.000000,0.000001,0.000000,0.000000,0.000000,0.999999,0.000000,0.000000,0.000000,5,20260819-232155,kwh,63.952
C:\Users\josep\source\repos\AIOTED-digital\04_joe_lcd_20x32\7_main_dig5_20260819-233355.jpg,7,7,0.999995,0.000000,0.000000,0.000000,0.000005,0.000000,0.000000,0.000000,0.999995,0.000000,0.000000,0.000000,5,20260819-233355,kwh,65.097
C:\Users\josep\source\repos\AIOTED-digital\04_joe_lcd_20x32\7_main_dig5_20260819-234955.jpg,7,7,0.999994,0.000000,0.000000,0.000000,0.000006,0.000000,0.000000,0.000000,0.999994,0.000000,0.000000,0.000000,5,20260819-234955,kwh,62.938
C:\Users\josep\source\repos\AIOTED-digital\04_joe_lcd_20x32\7_main_dig5_20260823-010149.jpg,7,7,0.999985,0.000000,0.000000,0.000000,0.000015,0.000000,0.000000,0.000000,0.999985,0.000000,0.000000,0.000000,5,20260823-010149,kwh,67.620
C:\Users\josep\source\repos\AIOTED-digital\04_joe_lcd_20x32\7_main_dig5_20260823-022149.jpg,7,7,0.999996,0.000000,0.000000,0.000000,0.000004,0.000000,0.000000,0.000000,0.999996,0.000000,0.000000,0.000000,5,20260823-022149,kwh,65.222
C:\Users\josep\source\repos\AIOTED-digital\04_joe_lcd_20x32\7_main_dig5_20260823-043349.jpg,7,7,0.999928,0.000000,0.000000,0.000000,0.000072,0.000000,0.000000,0.000000,0.999928,0.000000,0.000000,0.000000,5,20260823-043349,kwh,66.627
C:\Users\josep\source\repos\AIOTED-digital\04_joe_lcd_20x32\7_main_dig5_20260823-051349.jpg,7,7,0.999677,0.000000,0.000000,0.000000,0.000323,0.000000,0.000000,0.000000,0.999677,0.000000,0.000000,0.000000,5,20260823-051349,kwh,63.990
C:\Users\josep\source\repos\AIOTED-digital\04_joe_lcd_20x32\7_main_dig5_20260914-132538.jpg,7,7,1.000000,0.000000,0.000000,0.000000,0.000000,0.000000,0.000000,0.000000,1.000000,0.000000,0.000000,0.000000,5,20260914-132538,kwh,62.476
C:\Users\josep\source\repos\AIOTED-digital\04_joe_lcd_20x32\7_main_dig5_20260914-133338.jpg,7,7,1.000000,0.000000,0.000000,0.000000,0.000000,0.000000,0.000000,0.000000,1.000000,0.000000,0.000000,0.000000,5,20260914-133338,kwh,64.979
C:\Users\josep\source\repos\AIOTED-digital\04_joe_lcd_20x32\7_main_dig5_20260914-134138.jpg,7,7,1.000000,0.000000,0.000000,0.000000,0.000000,0.000000,0.000000,0.000000,1.000000,0.000000,0.000000,0.000000,5,20260914-134138,kwh,53.116
C:\Users\josep\source\repos\AIOTED-digital\04_joe_lcd_20x32\7_main_dig5_20260914-134538.jpg,7,7,1.000000,0.000000,0.000000,0.000000,0.000000,0.000000,0.000000,0.000000,1.000000,0.000000,0.000000,0.000000,5,20260914-134538,kwh,56.046
C:\Users\josep\source\repos\AIOTED-digital\04_joe_lcd_20x32\7_main_dig5_20260914-143338.jpg,7,7,1.000000,0.000000,0.000000,0.000000,0.000000,0.000000,0.000000,0.000000,1.000000,0.000000,0.000000,0.000000,5,20260914-143338,kwh,47.185
C:\Users\josep\source\repos\AIOTED-digital\04_joe_lcd_20x32\7_main_dig5_20260914-145338.jpg,7,7,1.000000,0.000000,0.000000,0.000000,0.000000,0.000000,0.000000,0.000000,1.000000,0.000000,0.000000,0.000000,5,20260914-145338,kwh,44.954
C:\Users\josep\source\repos\AIOTED-digital\04_joe_lcd_20x32\7_main_dig5_20260914-152138.jpg,7,7,0.999977,0.000000,0.000005,0.000000,0.000017,0.000000,0.000000,0.000000,0.999977,0.000000,0.000000,0.000000,5,20260914-152138,kwh,49.004
C:\Users\josep\source\repos\AIOTED-digital\04_joe_lcd_20x32\7_main_dig5_20260914-165338.jpg,7,7,0.999955,0.000000,0.000020,0.000000,0.000024,0.000000,0.000000,0.000000,0.999955,0.000000,0.000000,0.000000,5,20260914-165338,kwh,47.791
C:\Users\josep\source\repos\AIOTED-digital\04_joe_lcd_20x32\7_main_dig5_20260914-172137.jpg,7,7,0.999615,0.000000,0.000034,0.000000,0.000350,0.000000,0.000000,0.000000,0.999615,0.000000,0.000000,0.000000,5,20260914-172137,kwh,49.804
C:\Users\josep\source\repos\AIOTED-digital\04_joe_lcd_20x32\7_main_dig5_20260914-175338.jpg,7,7,0.998389,0.000000,0.000193,0.000000,0.001418,0.000000,0.000000,0.000000,0.998389,0.000000,0.000000,0.000000,5,20260914-175338,kwh,52.946
C:\Users\josep\source\repos\AIOTED-digital\04_joe_lcd_20x32\7_main_dig5_20260914-193337.jpg,7,7,0.999135,0.000000,0.000289,0.000000,0.000576,0.000000,0.000000,0.000000,0.999135,0.000000,0.000000,0.000000,5,20260914-193337,kwh,56.139
C:\Users\josep\source\repos\AIOTED-digital\04_joe_lcd_20x32\7_main_dig5_20260914-205337.jpg,7,7,0.999121,0.000000,0.000118,0.000000,0.000761,0.000000,0.000000,0.000000,0.999121,0.000000,0.000000,0.000000,5,20260914-205337,kwh,54.160
C:\Users\josep\source\repos\AIOTED-digital\04_joe_lcd_20x32\7_main_dig5_20260914-220137.jpg,7,7,0.999627,0.000000,0.000187,0.000000,0.000186,0.000000,0.000000,0.000000,0.999627,0.000000,0.000000,0.000000,5,20260914-220137,kwh,57.765
C:\Users\josep\source\repos\AIOTED-digital\04_joe_lcd_20x32\7_main_dig5_20260914-223337.jpg,7,7,0.998596,0.000000,0.000124,0.000000,0.001280,0.000000,0.000000,0.000000,0.998596,0.000000,0.000000,0.000000,5,20260914-223337,kwh,57.346
C:\Users\josep\source\repos\AIOTED-digital\04_joe_lcd_20x32\7_main_dig5_20260914-230137.jpg,7,7,0.998497,0.000000,0.001067,0.000000,0.000435,0.000000,0.000000,0.000000,0.998497,0.000000,0.000000,0.000000,5,20260914-230137,kwh,55.825
C:\Users\josep\source\repos\AIOTED-digital\04_joe_lcd_20x32\7_main_dig5_20260914-230937.jpg,7,7,0.999731,0.000000,0.000073,0.000000,0.000195,0.000000,0.000000,0.000000,0.999731,0.000000,0.000000,0.000000,5,20260914-230937,kwh,56.327
C:\Users\josep\source\repos\AIOTED-digital\04_joe_lcd_20x32\7_main_dig5_20260914-232937.jpg,7,7,0.999403,0.000000,0.000088,0.000000,0.000509,0.000000,0.000000,0.000000,0.999403,0.000000,0.000000,0.000000,5,20260914-232937,kwh,55.647
C:\Users\josep\source\repos\AIOTED-digital\04_joe_lcd_20x32\7_main_dig6_20260731-055303.jpg,7,7,1.000000,0.000000,0.000000,0.000000,0.000000,0.000000,0.000000,0.000000,1.000000,0.000000,0.000000,0.000000,6,20260731-055303,kwh,32.678
C:\Users\josep\source\repos\AIOTED-digital\04_joe_lcd_20x32\7_main_dig6_20260731-060433.jpg,7,7,1.000000,0.000000,0.000000,0.000000,0.000000,0.000000,0.000000,0.000000,1.000000,0.000000,0.000000,0.000000,6,20260731-060433,kwh,38.197
C:\Users\josep\source\repos\AIOTED-digital\04_joe_lcd_20x32\7_main_dig6_20260802-115444.jpg,7,7,0.999990,0.000000,0.000010,0.000000,0.000000,0.000000,0.000000,0.000000,0.999990,0.000000,0.000000,0.000000,6,20260802-115444,kwh,57.526
C:\Users\josep\source\repos\AIOTED-digital\04_joe_lcd_20x32\7_main_dig6_20260802-201610.jpg,7,7,0.900108,0.000404,0.000678,0.024385,0.074141,0.000001,0.000002,0.000000,0.900108,0.000104,0.000157,0.000021,6,20260802-201610,kwh,21.243
C:\Users\josep\source\repos\AIOTED-digital\04_joe_lcd_20x32\7_main_dig6_20260802-202010.jpg,7,7,0.700361,0.002662,0.002738,0.126313,0.165740,0.000010,0.000025,0.000007,0.700361,0.000807,0.001062,0.000274,6,20260802-202010,kwh,24.015
C:\Users\josep\source\repos\AIOTED-digital\04_joe_lcd_20x32\7_main_dig6_20260802-204010.jpg,7,7,0.904983,0.001360,0.000982,0.029645,0.062272,0.000002,0.000002,0.000001,0.904983,0.000282,0.000459,0.000013,6,20260802-204010,kwh,27.251
C:\Users\josep\source\repos\AIOTED-digital\04_joe_lcd_20x32\7_main_dig6_20260804-045925.jpg,7,7,0.894611,0.016035,0.033356,0.013604,0.036897,0.000265,0.000008,0.000003,0.894611,0.003282,0.001719,0.000219,6,20260804-045925,kwh,27.024
C:\Users\josep\source\repos\AIOTED-digital\04_joe_lcd_20x32\7_main_dig6_20260804-050725.jpg,7,7,0.843858,0.025868,0.030604,0.053127,0.041404,0.000098,0.000002,0.000003,0.843858,0.004308,0.000579,0.000149,6,20260804-050725,kwh,27.805
C:\Users\josep\source\repos\AIOTED-digital\04_joe_lcd_20x32\7_main_dig6_20260804-051925.jpg,7,7,0.811065,0.011181,0.012667,0.020525,0.135880,0.000200,0.000010,0.000003,0.811065,0.004776,0.003341,0.000350,6,20260804-051925,kwh,27.805
C:\Users\josep\source\repos\AIOTED-digital\04_joe_lcd_20x32\7_main_dig6_20260804-052725.jpg,7,7,0.787474,0.005475,0.015644,0.061369,0.126115,0.000072,0.000002,0.000002,0.787474,0.002851,0.000778,0.000217,6,20260804-052725,kwh,26.643
C:\Users\josep\source\repos\AIOTED-digital\04_joe_lcd_20x32\7_main_dig6_20260804-053925.jpg,7,7,0.973787,0.003200,0.006469,0.000774,0.015460,0.000004,0.000000,0.000000,0.973787,0.000230,0.000071,0.000004,6,20260804-053925,kwh,23.734
C:\Users\josep\source\repos\AIOTED-digital\04_joe_lcd_20x32\7_main_dig6_20260804-152417.jpg,7,7,1.000000,0.000000,0.000000,0.000000,0.000000,0.000000,0.000000,0.000000,1.000000,0.000000,0.000000,0.000000,6,20260804-152417,kwh,61.811
C:\Users\josep\source\repos\AIOTED-digital\04_joe_lcd_20x32\7_main_dig6_20260804-195217.jpg,7,7,0.980430,0.000005,0.000218,0.000055,0.019288,0.000000,0.000000,0.000000,0.980430,0.000002,0.000003,0.000000,6,20260804-195217,kwh,25.175
C:\Users\josep\source\repos\AIOTED-digital\04_joe_lcd_20x32\7_main_dig6_20260804-200017.jpg,7,7,0.991512,0.000001,0.000069,0.000191,0.008226,0.000000,0.000000,0.000000,0.991512,0.000000,0.000000,0.000000,6,20260804-200017,kwh,26.991
C:\Users\josep\source\repos\AIOTED-digital\04_joe_lcd_20x32\7_main_dig6_20260804-200417.jpg,7,7,0.976493,0.000018,0.000547,0.000506,0.022425,0.000000,0.000000,0.000000,0.976493,0.000005,0.000006,0.000000,6,20260804-200417,kwh,26.765
C:\Users\josep\source\repos\AIOTED-digital\04_joe_lcd_20x32\7_main_dig6_20260804-201217.jpg,7,7,0.977319,0.000119,0.001240,0.001082,0.020184,0.000000,0.000000,0.000000,0.977319,0.000025,0.000029,0.000001,6,20260804-201217,kwh,30.132
C:\Users\josep\source\repos\AIOTED-digital\04_joe_lcd_20x32\7_main_dig6_20260804-202017.jpg,7,7,0.960059,0.000077,0.000356,0.003825,0.035648,0.000000,0.000000,0.000000,0.960059,0.000017,0.000017,0.000000,6,20260804-202017,kwh,30.314
C:\Users\josep\source\repos\AIOTED-digital\04_joe_lcd_20x32\7_main_dig6_20260816-084202.jpg,7,7,1.000000,0.000000,0.000000,0.000000,0.000000,0.000000,0.000000,0.000000,1.000000,0.000000,0.000000,0.000000,6,20260816-084202,kwh,57.798
C:\Users\josep\source\repos\AIOTED-digital\04_joe_lcd_20x32\7_main_dig6_20260816-143001.jpg,7,7,1.000000,0.000000,0.000000,0.000000,0.000000,0.000000,0.000000,0.000000,1.000000,0.000000,0.000000,0.000000,6,20260816-143001,kwh,70.385
C:\Users\josep\source\repos\AIOTED-digital\04_joe_lcd_20x32\7_main_dig6_20260816-181001.jpg,7,7,1.000000,0.000000,0.000000,0.000000,0.000000,0.000000,0.000000,0.000000,1.000000,0.000000,0.000000,0.000000,6,20260816-181001,kwh,37.103
C:\Users\josep\source\repos\AIOTED-digital\04_joe_lcd_20x32\7_main_dig6_20260816-183001.jpg,7,7,1.000000,0.000000,0.000000,0.000000,0.000000,0.000000,0.000000,0.000000,1.000000,0.000000,0.000000,0.000000,6,20260816-183001,kwh,32.168
C:\Users\josep\source\repos\AIOTED-digital\04_joe_lcd_20x32\7_main_dig6_20260819-051756.jpg,7,7,0.953560,0.000007,0.000002,0.000543,0.045888,0.000000,0.000000,0.000000,0.953560,0.000001,0.000000,0.000000,6,20260819-051756,kwh,25.192
C:\Users\josep\source\repos\AIOTED-digital\04_joe_lcd_20x32\7_main_dig6_20260819-114556.jpg,7,7,0.999999,0.000000,0.000001,0.000000,0.000000,0.000000,0.000000,0.000000,0.999999,0.000000,0.000000,0.000000,6,20260819-114556,kwh,72.820
C:\Users\josep\source\repos\AIOTED-digital\04_joe_lcd_20x32\7_main_dig6_20260823-162148.jpg,7,7,1.000000,0.000000,0.000000,0.000000,0.000000,0.000000,0.000000,0.000000,1.000000,0.000000,0.000000,0.000000,6,20260823-162148,kwh,52.298
C:\Users\josep\source\repos\AIOTED-digital\04_joe_lcd_20x32\7_main_dig6_20260823-164148.jpg,7,7,1.000000,0.000000,0.000000,0.000000,0.000000,0.000000,0.000000,0.000000,1.000000,0.000000,0.000000,0.000000,6,20260823-164148,kwh,33.310
C:\Users\josep\source\repos\AIOTED-digital\04_joe_lcd_20x32\7_main_dig6_20260823-210948.jpg,7,7,0.927416,0.000092,0.000049,0.002905,0.069526,0.000000,0.000000,0.000000,0.927416,0.000009,0.000003,0.000000,6,20260823-210948,kwh,24.339
C:\Users\josep\source\repos\AIOTED-digital\04_joe_lcd_20x32\7_main_dig6_20260910-111918.jpg,7,7,0.999972,0.000000,0.000007,0.000000,0.000021,0.000000,0.000000,0.000000,0.999972,0.000000,0.000000,0.000000,6,20260910-111918,kwh,68.276
C:\Users\josep\source\repos\AIOTED-digital\04_joe_lcd_20x32\7_main_dig6_20260910-160001.jpg,7,7,1.000000,0.000000,0.000000,0.000000,0.000000,0.000000,0.000000,0.000000,1.000000,0.000000,0.000000,0.000000,6,20260910-160001,kwh,59.372
C:\Users\josep\source\repos\AIOTED-digital\04_joe_lcd_20x32\7_main_dig6_20260910-204000.jpg,7,7,0.971910,0.000006,0.001074,0.000031,0.026970,0.000000,0.000000,0.000000,0.971910,0.000001,0.000008,0.000000,6,20260910-204000,kwh,24.299
C:\Users\josep\source\repos\AIOTED-digital\04_joe_lcd_20x32\7_main_dig6_20260913-131740.jpg,7,7,1.000000,0.000000,0.000000,0.000000,0.000000,0.000000,0.000000,0.000000,1.000000,0.000000,0.000000,0.000000,6,20260913-131740,kwh,59.875
C:\Users\josep\source\repos\AIOTED-digital\04_joe_lcd_20x32\7_main_dig6_20260913-221739.jpg,7,7,0.731559,0.000005,0.006298,0.014976,0.247156,0.000000,0.000000,0.000000,0.731559,0.000005,0.000001,0.000000,6,20260913-221739,kwh,24.925
C:\Users\josep\source\repos\AIOTED-digital\04_joe_lcd_20x32\7_main_dig6_20260914-112538.jpg,7,7,1.000000,0.000000,0.000000,0.000000,0.000000,0.000000,0.000000,0.000000,1.000000,0.000000,0.000000,0.000000,6,20260914-112538,kwh,71.918
C:\Users\josep\source\repos\AIOTED-digital\04_joe_lcd_20x32\7_main_dig6_20260914-115338.jpg,7,7,1.000000,0.000000,0.000000,0.000000,0.000000,0.000000,0.000000,0.000000,1.000000,0.000000,0.000000,0.000000,6,20260914-115338,kwh,59.684
C:\Users\josep\source\repos\AIOTED-digital\04_joe_lcd_20x32\7_main_dig6_20260927-084214.jpg,7,7,0.999930,0.000000,0.000005,0.000000,0.000065,0.000000,0.000000,0.000000,0.999930,0.000000,0.000000,0.000000,6,20260927-084214,kwh,80.789
C:\Users\josep\source\repos\AIOTED-digital\04_joe_lcd_20x32\7_main_dig6_20260927-182642.jpg,7,7,0.999458,0.000000,0.000011,0.000000,0.000531,0.000000,0.000000,0.000000,0.999458,0.000000,0.000000,0.000000,6,20260927-182642,kwh,19.568
C:\Users\josep\source\repos\AIOTED-digital\04_joe_lcd_20x32\7_main_dig6_20260927-184642.jpg,7,7,0.710284,0.000000,0.000976,0.000127,0.288612,0.000000,0.000000,0.000000,0.710284,0.000000,0.000001,0.000000,6,20260927-184642,kwh,25.764
C:\Users\josep\source\repos\AIOTED-digital\04_joe_lcd_20x32\8_main_dig2_20260731-061603.jpg,8,8,0.999980,0.000000,0.000000,0.000000,0.000000,0.000000,0.000000,0.000000,0.000000,0.999980,0.000020,0.000000,2,20260731-061603,test8,37.255
C:\Users\josep\source\repos\AIOTED-digital\04_joe_lcd_20x32\8_main_dig2_20260731-102318.jpg,8,8,1.000000,0.000000,0.000000,0.000000,0.000000,0.000000,0.000000,0.000000,0.000000,1.000000,0.000000,0.000000,2,20260731-102318,test8,62.915
C:\Users\josep\source\repos\AIOTED-digital\04_joe_lcd_20x32\8_main_dig2_20260731-103448.jpg,8,8,1.000000,0.000000,0.000000,0.000000,0.000000,0.000000,0.000000,0.000000,0.000000,1.000000,0.000000,0.000000,2,20260731-103448,test8,64.205
C:\Users\josep\source\repos\AIOTED-digital\04_joe_lcd_20x32\8_main_dig2_20260731-112535.jpg,8,8,1.000000,0.000000,0.000000,0.000000,0.000000,0.000000,0.000000,0.000000,0.000000,1.000000,0.000000,0.000000,2,20260731-112535,test8,59.050
C:\Users\josep\source\repos\AIOTED-digital\04_joe_lcd_20x32\8_main_dig2_20260731-113705.jpg,8,8,1.000000,0.000000,0.000000,0.000000,0.000000,0.000000,0.000000,0.000000,0.000000,1.000000,0.000000,0.000000,2,20260731-113705,test8,61.944
C:\Users\josep\source\repos\AIOTED-digital\04_joe_lcd_20x32\8_main_dig2_20260802-202410.jpg,8,8,0.999909,0.000000,0.000000,0.000000,0.000000,0.000000,0.000000,0.000091,0.000000,0.999909,0.000000,0.000000,2,20260802-202410,test8,141.581
C:\Users\josep\source\repos\AIOTED-digital\04_joe_lcd_20x32\8_main_dig2_20260802-204410.jpg,8,8,0.999865,0.000000,0.000000,0.000000,0.000000,0.000000,0.000000,0.000135,0.000000,0.999865,0.000000,0.000000,2,20260802-204410,test8,142.161
C:\Users\josep\source\repos\AIOTED-digital\04_joe_lcd_20x32\8_main_dig2_20260802-210410.jpg,8,8,0.999975,0.000000,0.000000,0.000000,0.000000,0.000000,0.000000,0.000025,0.000000,0.999975,0.000000,0.000000,2,20260802-210410,test8,141.976
C:\Users\josep\source\repos\AIOTED-digital\04_joe_lcd_20x32\8_main_dig2_20260802-214410.jpg,8,8,0.999955,0.000000,0.000000,0.000000,0.000000,0.000000,0.000000,0.000045,0.000000,0.999955,0.000000,0.000000,2,20260802-214410,test8,141.183
C:\Users\josep\source\repos\AIOTED-digital\04_joe_lcd_20x32\8_main_dig2_20260802-220410.jpg,8,8,0.999944,0.000000,0.000000,0.000000,0.000000,0.000000,0.000000,0.000056,0.000000,0.999944,0.000000,0.000000,2,20260802-220410,test8,139.477
C:\Users\josep\source\repos\AIOTED-digital\04_joe_lcd_20x32\8_main_dig2_20260802-222410.jpg,8,8,0.999939,0.000000,0.000000,0.000000,0.000000,0.000000,0.000000,0.000061,0.000000,0.999939,0.000000,0.000000,2,20260802-222410,test8,139.869
C:\Users\josep\source\repos\AIOTED-digital\04_joe_lcd_20x32\8_main_dig2_20260802-224410.jpg,8,8,0.999934,0.000000,0.000000,0.000000,0.000000,0.000000,0.000000,0.000066,0.000000,0.999934,0.000000,0.000000,2,20260802-224410,test8,139.839
C:\Users\josep\source\repos\AIOTED-digital\04_joe_lcd_20x32\8_main_dig2_20260802-230410.jpg,8,8,0.999934,0.000000,0.000000,0.000000,0.000000,0.000000,0.000000,0.000066,0.000000,0.999934,0.000000,0.000000,2,20260802-230410,test8,141.906
C:\Users\josep\source\repos\AIOTED-digital\04_joe_lcd_20x32\8_main_dig2_20260802-232410.jpg,8,8,0.999985,0.000000,0.000000,0.000000,0.000000,0.000000,0.000000,0.000015,0.000000,0.999985,0.000000,0.000000,2,20260802-232410,test8,141.135
C:\Users\josep\source\repos\AIOTED-digital\04_joe_lcd_20x32\8_main_dig2_20260802-234410.jpg,8,8,0.999946,0.000000,0.000000,0.000000,0.000000,0.000000,0.000000,0.000054,0.000000,0.999946,0.000000,0.000000,2,20260802-234410,test8,141.536
C:\Users\josep\source\repos\AIOTED-digital\04_joe_lcd_20x32\8_main_dig2_20260804-003525.jpg,8,8,0.999825,0.000000,0.000000,0.000000,0.000000,0.000000,0.000000,0.000175,0.000000,0.999825,0.000000,0.000000,2,20260804-003525,test8,136.201
C:\Users\josep\source\repos\AIOTED-digital\04_joe_lcd_20x32\8_main_dig2_20260804-011525.jpg,8,8,0.999963,0.000000,0.000000,0.000000,0.000000,0.000000,0.000000,0.000037,0.000000,0.999963,0.000000,0.000000,2,20260804-011525,test8,134.180
C:\Users\josep\source\repos\AIOTED-digital\04_joe_lcd_20x32\8_main_dig2_20260804-015525.jpg,8,8,0.999885,0.000000,0.000000,0.000000,0.000000,0.000000,0.000000,0.000115,0.000000,0.999885,0.000000,0.000000,2,20260804-015525,test8,136.160
C:\Users\josep\source\repos\AIOTED-digital\04_joe_lcd_20x32\8_main_dig2_20260804-023525.jpg,8,8,0.999825,0.000000,0.000000,0.000000,0.000000,0.000000,0.000000,0.000175,0.000000,0.999825,0.000000,0.000000,2,20260804-023525,test8,129.642
C:\Users\josep\source\repos\AIOTED-digital\04_joe_lcd_20x32\8_main_dig2_20260804-025525.jpg,8,8,0.999082,0.000000,0.000000,0.000000,0.000000,0.000000,0.000000,0.000918,0.000000,0.999082,0.000000,0.000000,2,20260804-025525,test8,135.536
C:\Users\josep\source\repos\AIOTED-digital\04_joe_lcd_20x32\8_main_dig2_20260804-041525.jpg,8,8,0.999962,0.000000,0.000000,0.000000,0.000000,0.000000,0.000000,0.000038,0.000000,0.999962,0.000000,0.000000,2,20260804-041525,test8,136.226
C:\Users\josep\source\repos\AIOTED-digital\04_joe_lcd_20x32\8_main_dig2_20260804-043525.jpg,8,8,0.999988,0.000000,0.000000,0.000000,0.000000,0.000000,0.000000,0.000012,0.000000,0.999988,0.000000,0.000000,2,20260804-043525,test8,134.379
C:\Users\josep\source\repos\AIOTED-digital\04_joe_lcd_20x32\8_main_dig2_20260804-045525.jpg,8,8,0.999960,0.000000,0.000000,0.000000,0.000000,0.000000,0.000000,0.000040,0.000000,0.999960,0.000000,0.000000,2,20260804-045525,test8,135.332
C:\Users\josep\source\repos\AIOTED-digital\04_joe_lcd_20x32\8_main_dig2_20260804-051525.jpg,8,8,0.999872,0.000000,0.000000,0.000000,0.000000,0.000000,0.000000,0.000128,0.000000,0.999872,0.000000,0.000000,2,20260804-051525,test8,130.136
C:\Users\josep\source\repos\AIOTED-digital\04_joe_lcd_20x32\8_main_dig2_20260804-053525.jpg,8,8,0.999945,0.000000,0.000000,0.000000,0.000000,0.000000,0.000000,0.000055,0.000000,0.999945,0.000000,0.000000,2,20260804-053525,test8,134.059
C:\Users\josep\source\repos\AIOTED-digital\04_joe_lcd_20x32\8_main_dig2_20260804-192817.jpg,8,8,1.000000,0.000000,0.000000,0.000000,0.000000,0.000000,0.000000,0.000000,0.000000,1.000000,0.000000,0.000000,2,20260804-192817,test8,107.463
C:\Users\josep\source\repos\AIOTED-digital\04_joe_lcd_20x32\8_main_dig2_20260804-214817.jpg,8,8,1.000000,0.000000,0.000000,0.000000,0.000000,0.000000,0.000000,0.000000,0.000000,1.000000,0.000000,0.000000,2,20260804-214817,test8,114.291
C:\Users\josep\source\repos\AIOTED-digital\04_joe_lcd_20x32\8_main_dig2_20260804-222817.jpg,8,8,1.000000,0.000000,0.000000,0.000000,0.000000,0.000000,0.000000,0.000000,0.000000,1.000000,0.000000,0.000000,2,20260804-222817,test8,114.103
C:\Users\josep\source\repos\AIOTED-digital\04_joe_lcd_20x32\8_main_dig2_20260804-230817.jpg,8,8,1.000000,0.000000,0.000000,0.000000,0.000000,0.000000,0.000000,0.000000,0.000000,1.000000,0.000000,0.000000,2,20260804-230817,test8,112.527
C:\Users\josep\source\repos\AIOTED-digital\04_joe_lcd_20x32\8_main_dig2_20260804-232817.jpg,8,8,1.000000,0.000000,0.000000,0.000000,0.000000,0.000000,0.000000,0.000000,0.000000,1.000000,0.000000,0.000000,2,20260804-232817,test8,114.325
C:\Users\josep\source\repos\AIOTED-digital\04_joe_lcd_20x32\8_main_dig2_20260816-085002.jpg,8,8,1.000000,0.000000,0.000000,0.000000,0.000000,0.000000,0.000000,0.000000,0.000000,1.000000,0.000000,0.000000,2,20260816-085002,test8,82.214
C:\Users\josep\source\repos\AIOTED-digital\04_joe_lcd_20x32\8_main_dig2_20260816-133802.jpg,8,8,1.000000,0.000000,0.000000,0.000000,0.000000,0.000000,0.000000,0.000000,0.000000,1.000000,0.000000,0.000000,2,20260816-133802,test8,86.223
C:\Users\josep\source\repos\AIOTED-digital\04_joe_lcd_20x32\8_main_dig2_20260819-114156.jpg,8,8,1.000000,0.000000,0.000000,0.000000,0.000000,0.000000,0.000000,0.000000,0.000000,1.000000,0.000000,0.000000,2,20260819-114156,test8,69.302
C:\Users\josep\source\repos\AIOTED-digital\04_joe_lcd_20x32\8_main_dig2_20260819-180955.jpg,8,8,1.000000,0.000000,0.000000,0.000000,0.000000,0.000000,0.000000,0.000000,0.000000,1.000000,0.000000,0.000000,2,20260819-180955,test8,86.494
C:\Users\josep\source\repos\AIOTED-digital\04_joe_lcd_20x32\8_main_dig2_20260823-081749.jpg,8,8,1.000000,0.000000,0.000000,0.000000,0.000000,0.000000,0.000000,0.000000,0.000000,1.000000,0.000000,0.000000,2,20260823-081749,test8,79.109
C:\Users\josep\source\repos\AIOTED-digital\04_joe_lcd_20x32\8_main_dig2_20260823-121748.jpg,8,8,1.000000,0.000000,0.000000,0.000000,0.000000,0.000000,0.000000,0.000000,0.000000,1.000000,0.000000,0.000000,2,20260823-121748,test8,82.381
C:\Users\josep\source\repos\AIOTED-digital\04_joe_lcd_20x32\8_main_dig2_20260823-163748.jpg,8,8,1.000000,0.000000,0.000000,0.000000,0.000000,0.000000,0.000000,0.000000,0.000000,1.000000,0.000000,0.000000,2,20260823-163748,test8,85.027
C:\Users\josep\source\repos\AIOTED-digital\04_joe_lcd_20x32\8_main_dig2_20260910-090718.jpg,8,8,1.000000,0.000000,0.000000,0.000000,0.000000,0.000000,0.000000,0.000000,0.000000,1.000000,0.000000,0.000000,2,20260910-090718,test8,76.128
C:\Users\josep\source\repos\AIOTED-digital\04_joe_lcd_20x32\8_main_dig2_20260910-164801.jpg,8,8,1.000000,0.000000,0.000000,0.000000,0.000000,0.000000,0.000000,0.000000,0.000000,1.000000,0.000000,0.000000,2,20260910-164801,test8,84.989
C:\Users\josep\source\repos\AIOTED-digital\04_joe_lcd_20x32\8_main_dig2_20260913-074457.jpg,8,8,1.000000,0.000000,0.000000,0.000000,0.000000,0.000000,0.000000,0.000000,0.000000,1.000000,0.000000,0.000000,2,20260913-074457,test8,83.634
C:\Users\josep\source\repos\AIOTED-digital\04_joe_lcd_20x32\8_main_dig2_20260913-142540.jpg,8,8,1.000000,0.000000,0.000000,0.000000,0.000000,0.000000,0.000000,0.000000,0.000000,1.000000,0.000000,0.000000,2,20260913-142540,test8,68.565
C:\Users\josep\source\repos\AIOTED-digital\04_joe_lcd_20x32\8_main_dig2_20260913-162539.jpg,8,8,1.000000,0.000000,0.000000,0.000000,0.000000,0.000000,0.000000,0.000000,0.000000,1.000000,0.000000,0.000000,2,20260913-162539,test8,83.918
C:\Users\josep\source\repos\AIOTED-digital\04_joe_lcd_20x32\8_main_dig2_20260914-134938.jpg,8,8,1.000000,0.000000,0.000000,0.000000,0.000000,0.000000,0.000000,0.000000,0.000000,1.000000,0.000000,0.000000,2,20260914-134938,test8,79.128
C:\Users\josep\source\repos\AIOTED-digital\04_joe_lcd_20x32\8_main_dig2_20260914-160938.jpg,8,8,0.999999,0.000000,0.000000,0.000000,0.000000,0.000000,0.000000,0.000001,0.000000,0.999999,0.000000,0.000000,2,20260914-160938,test8,82.588
C:\Users\josep\source\repos\AIOTED-digital\04_joe_lcd_20x32\8_main_dig2_20260927-075014.jpg,8,8,1.000000,0.000000,0.000000,0.000000,0.000000,0.000000,0.000000,0.000000,0.000000,1.000000,0.000000,0.000000,2,20260927-075014,test8,85.214
C:\Users\josep\source\repos\AIOTED-digital\04_joe_lcd_20x32\8_main_dig2_20260927-142642.jpg,8,8,1.000000,0.000000,0.000000,0.000000,0.000000,0.000000,0.000000,0.000000,0.000000,1.000000,0.000000,0.000000,2,20260927-142642,test8,81.526
C:\Users\josep\source\repos\AIOTED-digital\04_joe_lcd_20x32\8_main_dig2_20260927-163442.jpg,8,8,1.000000,0.000000,0.000000,0.000000,0.000000,0.000000,0.000000,0.000000,0.000000,1.000000,0.000000,0.000000,2,20260927-163442,test8,84.775
C:\Users\josep\source\repos\AIOTED-digital\04_joe_lcd_20x32\8_main_dig3_20260731-102318.jpg,8,8,1.000000,0.000000,0.000000,0.000000,0.000000,0.000000,0.000000,0.000000,0.000000,1.000000,0.000000,0.000000,3,20260731-102318,test8,66.394
C:\Users\josep\source\repos\AIOTED-digital\04_joe_lcd_20x32\8_main_dig3_20260731-103448.jpg,8,8,1.000000,0.000000,0.000000,0.000000,0.000000,0.000000,0.000000,0.000000,0.000000,1.000000,0.000000,0.000000,3,20260731-103448,test8,68.165
C:\Users\josep\source\repos\AIOTED-digital\04_joe_lcd_20x32\8_main_dig3_20260731-112535.jpg,8,8,1.000000,0.000000,0.000000,0.000000,0.000000,0.000000,0.000000,0.000000,0.000000,1.000000,0.000000,0.000000,3,20260731-112535,test8,64.012
C:\Users\josep\source\repos\AIOTED-digital\04_joe_lcd_20x32\8_main_dig3_20260731-113705.jpg,8,8,1.000000,0.000000,0.000000,0.000000,0.000000,0.000000,0.000000,0.000000,0.000000,1.000000,0.000000,0.000000,3,20260731-113705,test8,65.886
C:\Users\josep\source\repos\AIOTED-digital\04_joe_lcd_20x32\8_main_dig3_20260802-204410.jpg,8,8,0.968808,0.000000,0.000000,0.000000,0.000000,0.000000,0.000000,0.031192,0.000000,0.968808,0.000000,0.000000,3,20260802-204410,test8,160.094
C:\Users\josep\source\repos\AIOTED-digital\04_joe_lcd_20x32\8_main_dig3_20260802-210410.jpg,8,8,0.989490,0.000000,0.000000,0.000000,0.000000,0.000000,0.000000,0.010510,0.000000,0.989490,0.000000,0.000000,3,20260802-210410,test8,161.546
C:\Users\josep\source\repos\AIOTED-digital\04_joe_lcd_20x32\8_main_dig3_20260802-220410.jpg,8,8,0.998584,0.000000,0.000000,0.000000,0.000000,0.000000,0.000000,0.001416,0.000000,0.998584,0.000000,0.000000,3,20260802-220410,test8,158.852
C:\Users\josep\source\repos\AIOTED-digital\04_joe_lcd_20x32\8_main_dig3_20260802-230410.jpg,8,8,0.989179,0.000001,0.000000,0.000000,0.000000,0.000000,0.000000,0.010821,0.000000,0.989179,0.000000,0.000000,3,20260802-230410,test8,162.527
C:\Users\josep\source\repos\AIOTED-digital\04_joe_lcd_20x32\8_main_dig3_20260804-005525.jpg,8,8,0.998799,0.001200,0.000000,0.000000,0.000000,0.000000,0.000000,0.000001,0.000000,0.998799,0.000000,0.000000,3,20260804-005525,test8,169.078
C:\Users\josep\source\repos\AIOTED-digital\04_joe_lcd_20x32\8_main_dig3_20260804-041525.jpg,8,8,0.999868,0.000130,0.000000,0.000000,0.000000,0.000000,0.000000,0.000002,0.000000,0.999868,0.000000,0.000000,3,20260804-041525,test8,172.816
C:\Users\josep\source\repos\AIOTED-digital\04_joe_lcd_20x32\8_main_dig3_20260804-051525.jpg,8,8,0.999954,0.000044,0.000000,0.000000,0.000000,0.000000,0.000000,0.000002,0.000000,0.999954,0.000000,0.000000,3,20260804-051525,test8,167.185
C:\Users\josep\source\repos\AIOTED-digital\04_joe_lcd_20x32\8_main_dig3_20260804-212817.jpg,8,8,0.999999,0.000001,0.000000,0.000000,0.000000,0.000000,0.000000,0.000000,0.000000,0.999999,0.000000,0.000000,3,20260804-212817,test8,139.754
C:\Users\josep\source\repos\AIOTED-digital\04_joe_lcd_20x32\8_main_dig3_20260804-214817.jpg,8,8,0.999999,0.000001,0.000000,0.000000,0.000000,0.000000,0.000000,0.000000,0.000000,0.999999,0.000000,0.000000,3,20260804-214817,test8,137.706
C:\Users\josep\source\repos\AIOTED-digital\04_joe_lcd_20x32\8_main_dig3_20260816-024602.jpg,8,8,0.988587,0.011413,0.000000,0.000000,0.000000,0.000000,0.000000,0.000000,0.000000,0.988587,0.000000,0.000000,3,20260816-024602,kwh,111.684
C:\Users\josep\source\repos\AIOTED-digital\04_joe_lcd_20x32\8_main_dig3_20260816-064202.jpg,8,8,0.999937,0.000063,0.000000,0.000000,0.000000,0.000000,0.000000,0.000000,0.000000,0.999937,0.000000,0.000000,3,20260816-064202,kwh,107.402
C:\Users\josep\source\repos\AIOTED-digital\04_joe_lcd_20x32\8_main_dig3_20260816-065402.jpg,8,8,0.999876,0.000123,0.000000,0.000000,0.000000,0.000000,0.000000,0.000000,0.000000,0.999876,0.000000,0.000000,3,20260816-065402,kwh,104.758
C:\Users\josep\source\repos\AIOTED-digital\04_joe_lcd_20x32\8_main_dig3_20260816-112202.jpg,8,8,1.000000,0.000000,0.000000,0.000000,0.000000,0.000000,0.000000,0.000000,0.000000,1.000000,0.000000,0.000000,3,20260816-112202,test8,87.293
C:\Users\josep\source\repos\AIOTED-digital\04_joe_lcd_20x32\8_main_dig3_20260816-143001.jpg,8,8,1.000000,0.000000,0.000000,0.000000,0.000000,0.000000,0.000000,0.000000,0.000000,1.000000,0.000000,0.000000,3,20260816-143001,kwh,93.328
C:\Users\josep\source\repos\AIOTED-digital\04_joe_lcd_20x32\8_main_dig3_20260819-042556.jpg,8,0,0.551049,0.551049,0.000000,0.000000,0.000000,0.000000,0.000000,0.000000,0.000000,0.448951,0.000000,0.000000,3,20260819-042556,test8,114.497
C:\Users\josep\source\repos\AIOTED-digital\04_joe_lcd_20x32\8_main_dig3_20260819-120556.jpg,8,8,1.000000,0.000000,0.000000,0.000000,0.000000,0.000000,0.000000,0.000000,0.000000,1.000000,0.000000,0.000000,3,20260819-120556,test8,82.863
C:\Users\josep\source\repos\AIOTED-digital\04_joe_lcd_20x32\8_main_dig3_20260819-171355.jpg,8,8,0.999998,0.000002,0.000000,0.000000,0.000000,0.000000,0.000000,0.000000,0.000000,0.999998,0.000000,0.000000,3,20260819-171355,kwh,107.869
C:\Users\josep\source\repos\AIOTED-digital\04_joe_lcd_20x32\8_main_dig3_20260819-185355.jpg,8,8,0.999830,0.000170,0.000000,0.000000,0.000000,0.000000,0.000000,0.000000,0.000000,0.999830,0.000000,0.000000,3,20260819-185355,kwh,110.019
C:\Users\josep\source\repos\AIOTED-digital\04_joe_lcd_20x32\8_main_dig3_20260819-191355.jpg,8,8,0.999915,0.000085,0.000000,0.000000,0.000000,0.000000,0.000000,0.000000,0.000000,0.999915,0.000000,0.000000,3,20260819-191355,kwh,110.842
C:\Users\josep\source\repos\AIOTED-digital\04_joe_lcd_20x32\8_main_dig3_20260819-224155.jpg,8,8,0.977343,0.022657,0.000000,0.000000,0.000000,0.000000,0.000000,0.000000,0.000000,0.977343,0.000000,0.000000,3,20260819-224155,kwh,111.961
C:\Users\josep\source\repos\AIOTED-digital\04_joe_lcd_20x32\8_main_dig3_20260823-014149.jpg,8,8,0.969483,0.030517,0.000000,0.000000,0.000000,0.000000,0.000000,0.000000,0.000000,0.969483,0.000000,0.000000,3,20260823-014149,test8,106.571
C:\Users\josep\source\repos\AIOTED-digital\04_joe_lcd_20x32\8_main_dig3_20260823-130148.jpg,8,8,1.000000,0.000000,0.000000,0.000000,0.000000,0.000000,0.000000,0.000000,0.000000,1.000000,0.000000,0.000000,3,20260823-130148,test8,95.561
C:\Users\josep\source\repos\AIOTED-digital\04_joe_lcd_20x32\8_main_dig3_20260823-164948.jpg,8,8,0.999999,0.000001,0.000000,0.000000,0.000000,0.000000,0.000000,0.000000,0.000000,0.999999,0.000000,0.000000,3,20260823-164948,test8,98.810
C:\Users\josep\source\repos\AIOTED-digital\04_joe_lcd_20x32\8_main_dig3_20260823-183748.jpg,8,8,0.999991,0.000009,0.000000,0.000000,0.000000,0.000000,0.000000,0.000000,0.000000,0.999991,0.000000,0.000000,3,20260823-183748,test8,102.946
C:\Users\josep\source\repos\AIOTED-digital\04_joe_lcd_20x32\8_main_dig3_20260823-185748.jpg,8,8,0.999521,0.000479,0.000000,0.000000,0.000000,0.000000,0.000000,0.000000,0.000000,0.999521,0.000000,0.000000,3,20260823-185748,kwh,106.879
C:\Users\josep\source\repos\AIOTED-digital\04_joe_lcd_20x32\8_main_dig3_20260823-214948.jpg,8,8,0.987840,0.012160,0.000000,0.000000,0.000000,0.000000,0.000000,0.000000,0.000000,0.987840,0.000000,0.000000,3,20260823-214948,kwh,107.365
C:\Users\josep\source\repos\AIOTED-digital\04_joe_lcd_20x32\8_main_dig3_20260823-235747.jpg,8,8,0.972749,0.027251,0.000000,0.000000,0.000000,0.000000,0.000000,0.000000,0.000000,0.972749,0.000000,0.000000,3,20260823-235747,kwh,109.153
C:\Users\josep\source\repos\AIOTED-digital\04_joe_lcd_20x32\8_main_dig3_20260910-012318.jpg,8,8,0.999955,0.000045,0.000000,0.000000,0.000000,0.000000,0.000000,0.000000,0.000000,0.999955,0.000000,0.000000,3,20260910-012318,test8,108.389
C:\Users\josep\source\repos\AIOTED-digital\04_joe_lcd_20x32\8_main_dig3_20260910-053918.jpg,8,8,0.999047,0.000952,0.000000,0.000000,0.000000,0.000000,0.000000,0.000000,0.000000,0.999047,0.000001,0.000000,3,20260910-053918,test8,105.116
C:\Users\josep\source\repos\AIOTED-digital\04_joe_lcd_20x32\8_main_dig3_20260910-065918.jpg,8,8,0.999735,0.000265,0.000000,0.000000,0.000000,0.000000,0.000000,0.000000,0.000000,0.999735,0.000000,0.000000,3,20260910-065918,kwh,103.018
C:\Users\josep\source\repos\AIOTED-digital\04_joe_lcd_20x32\8_main_dig3_20260910-091118.jpg,8,8,1.000000,0.000000,0.000000,0.000000,0.000000,0.000000,0.000000,0.000000,0.000000,1.000000,0.000000,0.000000,3,20260910-091118,test8,88.071
C:\Users\josep\source\repos\AIOTED-digital\04_joe_lcd_20x32\8_main_dig3_20260910-094718.jpg,8,8,1.000000,0.000000,0.000000,0.000000,0.000000,0.000000,0.000000,0.000000,0.000000,1.000000,0.000000,0.000000,3,20260910-094718,kwh,78.900
C:\Users\josep\source\repos\AIOTED-digital\04_joe_lcd_20x32\8_main_dig3_20260910-162001.jpg,8,8,1.000000,0.000000,0.000000,0.000000,0.000000,0.000000,0.000000,0.000000,0.000000,1.000000,0.000000,0.000000,3,20260910-162001,kwh,94.064
C:\Users\josep\source\repos\AIOTED-digital\04_joe_lcd_20x32\8_main_dig3_20260910-181201.jpg,8,8,1.000000,0.000000,0.000000,0.000000,0.000000,0.000000,0.000000,0.000000,0.000000,1.000000,0.000000,0.000000,3,20260910-181201,test8,98.363
C:\Users\josep\source\repos\AIOTED-digital\04_joe_lcd_20x32\8_main_dig4_20260731-061603.jpg,8,8,1.000000,0.000000,0.000000,0.000000,0.000000,0.000000,0.000000,0.000000,0.000000,1.000000,0.000000,0.000000,4,20260731-061603,test8,32.863
C:\Users\josep\source\repos\AIOTED-digital\04_joe_lcd_20x32\8_main_dig4_20260731-062035.jpg,8,8,1.000000,0.000000,0.000000,0.000000,0.000000,0.000000,0.000000,0.000000,0.000000,1.000000,0.000000,0.000000,4,20260731-062035,test8,36.082
C:\Users\josep\source\repos\AIOTED-digital\04_joe_lcd_20x32\8_main_dig4_20260731-080405.jpg,8,8,1.000000,0.000000,0.000000,0.000000,0.000000,0.000000,0.000000,0.000000,0.000000,1.000000,0.000000,0.000000,4,20260731-080405,test8,51.892
C:\Users\josep\source\repos\AIOTED-digital\04_joe_lcd_20x32\8_main_dig4_20260731-081535.jpg,8,8,1.000000,0.000000,0.000000,0.000000,0.000000,0.000000,0.000000,0.000000,0.000000,1.000000,0.000000,0.000000,4,20260731-081535,test8,53.811
C:\Users\josep\source\repos\AIOTED-digital\04_joe_lcd_20x32\8_main_dig4_20260731-102318.jpg,8,8,1.000000,0.000000,0.000000,0.000000,0.000000,0.000000,0.000000,0.000000,0.000000,1.000000,0.000000,0.000000,4,20260731-102318,test8,60.594
C:\Users\josep\source\repos\AIOTED-digital\04_joe_lcd_20x32\8_main_dig4_20260731-103448.jpg,8,8,1.000000,0.000000,0.000000,0.000000,0.000000,0.000000,0.000000,0.000000,0.000000,1.000000,0.000000,0.000000,4,20260731-103448,test8,60.025
C:\Users\josep\source\repos\AIOTED-digital\04_joe_lcd_20x32\8_main_dig4_20260731-112535.jpg,8,8,1.000000,0.000000,0.000000,0.000000,0.000000,0.000000,0.000000,0.000000,0.000000,1.000000,0.000000,0.000000,4,20260731-112535,test8,58.441
C:\Users\josep\source\repos\AIOTED-digital\04_joe_lcd_20x32\8_main_dig4_20260731-113705.jpg,8,8,1.000000,0.000000,0.000000,0.000000,0.000000,0.000000,0.000000,0.000000,0.000000,1.000000,0.000000,0.000000,4,20260731-113705,test8,57.715
C:\Users\josep\source\repos\AIOTED-digital\04_joe_lcd_20x32\8_main_dig4_20260802-202410.jpg,8,8,0.999998,0.000000,0.000000,0.000000,0.000000,0.000000,0.000000,0.000000,0.000000,0.999998,0.000002,0.000000,4,20260802-202410,test8,99.734
C:\Users\josep\source\repos\AIOTED-digital\04_joe_lcd_20x32\8_main_dig4_20260802-230410.jpg,8,8,0.999942,0.000002,0.000000,0.000000,0.000000,0.000000,0.000000,0.000000,0.000000,0.999942,0.000055,0.000000,4,20260802-230410,test8,95.318
C:\Users\josep\source\repos\AIOTED-digital\04_joe_lcd_20x32\8_main_dig4_20260802-232410.jpg,8,8,0.999997,0.000000,0.000000,0.000000,0.000000,0.000000,0.000000,0.000000,0.000000,0.999997,0.000003,0.000000,4,20260802-232410,test8,94.874
C:\Users\josep\source\repos\AIOTED-digital\04_joe_lcd_20x32\8_main_dig4_20260802-234410.jpg,8,8,0.999995,0.000001,0.000000,0.000000,0.000000,0.000000,0.000000,0.000000,0.000000,0.999995,0.000004,0.000000,4,20260802-234410,test8,100.126
C:\Users\josep\source\repos\AIOTED-digital\04_joe_lcd_20x32\8_main_dig4_20260804-045525.jpg,8,8,0.996694,0.000000,0.000000,0.000000,0.000000,0.000000,0.000000,0.000000,0.000000,0.996694,0.003305,0.000000,4,20260804-045525,test8,115.563
C:\Users\josep\source\repos\AIOTED-digital\04_joe_lcd_20x32\8_main_dig4_20260804-053525.jpg,8,8,0.999449,0.000000,0.000000,0.000000,0.000000,0.000000,0.000000,0.000000,0.000000,0.999449,0.000551,0.000000,4,20260804-053525,test8,102.914
C:\Users\josep\source\repos\AIOTED-digital\04_joe_lcd_20x32\8_main_dig4_20260804-202817.jpg,8,8,1.000000,0.000000,0.000000,0.000000,0.000000,0.000000,0.000000,0.000000,0.000000,1.000000,0.000000,0.000000,4,20260804-202817,test8,82.914
C:\Users\josep\source\repos\AIOTED-digital\04_joe_lcd_20x32\8_main_dig4_20260804-230817.jpg,8,8,1.000000,0.000000,0.000000,0.000000,0.000000,0.000000,0.000000,0.000000,0.000000,1.000000,0.000000,0.000000,4,20260804-230817,test8,83.114
C:\Users\josep\source\repos\AIOTED-digital\04_joe_lcd_20x32\8_main_dig5_20260731-061603.jpg,8,8,1.000000,0.000000,0.000000,0.000000,0.000000,0.000000,0.000000,0.000000,0.000000,1.000000,0.000000,0.000000,5,20260731-061603,test8,39.374
C:\Users\josep\source\repos\AIOTED-digital\04_joe_lcd_20x32\8_main_dig5_20260731-062035.jpg,8,8,1.000000,0.000000,0.000000,0.000000,0.000000,0.000000,0.000000,0.000000,0.000000,1.000000,0.000000,0.000000,5,20260731-062035,test8,43.333
C:\Users\josep\source\repos\AIOTED-digital\04_joe_lcd_20x32\8_main_dig5_20260731-080405.jpg,8,8,1.000000,0.000000,0.000000,0.000000,0.000000,0.000000,0.000000,0.000000,0.000000,1.000000,0.000000,0.000000,5,20260731-080405,test8,88.894
C:\Users\josep\source\repos\AIOTED-digital\04_joe_lcd_20x32\8_main_dig5_20260731-081535.jpg,8,8,1.000000,0.000000,0.000000,0.000000,0.000000,0.000000,0.000000,0.000000,0.000000,1.000000,0.000000,0.000000,5,20260731-081535,test8,89.724
C:\Users\josep\source\repos\AIOTED-digital\04_joe_lcd_20x32\8_main_dig5_20260731-102318.jpg,8,8,1.000000,0.000000,0.000000,0.000000,0.000000,0.000000,0.000000,0.000000,0.000000,1.000000,0.000000,0.000000,5,20260731-102318,test8,65.441
C:\Users\josep\source\repos\AIOTED-digital\04_joe_lcd_20x32\8_main_dig5_20260731-103448.jpg,8,8,1.000000,0.000000,0.000000,0.000000,0.000000,0.000000,0.000000,0.000000,0.000000,1.000000,0.000000,0.000000,5,20260731-103448,test8,64.077
C:\Users\josep\source\repos\AIOTED-digital\04_joe_lcd_20x32\8_main_dig5_20260731-112535.jpg,8,8,1.000000,0.000000,0.000000,0.000000,0.000000,0.000000,0.000000,0.000000,0.000000,1.000000,0.000000,0.000000,5,20260731-112535,test8,61.104
C:\Users\josep\source\repos\AIOTED-digital\04_joe_lcd_20x32\8_main_dig5_20260731-113705.jpg,8,8,1.000000,0.000000,0.000000,0.000000,0.000000,0.000000,0.000000,0.000000,0.000000,1.000000,0.000000,0.000000,5,20260731-113705,test8,63.441
C:\Users\josep\source\repos\AIOTED-digital\04_joe_lcd_20x32\8_main_dig5_20260804-005525.jpg,8,8,0.995906,0.000159,0.000000,0.000000,0.000000,0.000000,0.000000,0.003934,0.000000,0.995906,0.000000,0.000000,5,20260804-005525,test8,52.792
C:\Users\josep\source\repos\AIOTED-digital\04_joe_lcd_20x32\8_main_dig5_20260804-015525.jpg,8,8,0.997199,0.000085,0.000000,0.000000,0.000000,0.000000,0.000000,0.002716,0.000000,0.997199,0.000000,0.000000,5,20260804-015525,test8,52.985
C:\Users\josep\source\repos\AIOTED-digital\04_joe_lcd_20x32\8_main_dig5_20260804-043525.jpg,8,8,0.995632,0.000933,0.000000,0.000000,0.000000,0.000000,0.000000,0.003435,0.000000,0.995632,0.000000,0.000000,5,20260804-043525,test8,50.361
C:\Users\josep\source\repos\AIOTED-digital\04_joe_lcd_20x32\8_main_dig5_20260804-053525.jpg,8,8,0.994812,0.000165,0.000000,0.000000,0.000000,0.000000,0.000005,0.005014,0.000000,0.994812,0.000004,0.000000,5,20260804-053525,test8,50.058
C:\Users\josep\source\repos\AIOTED-digital\04_joe_lcd_20x32\8_main_dig5_20260804-202817.jpg,8,8,0.999993,0.000007,0.000000,0.000000,0.000000,0.000000,0.000000,0.000000,0.000000,0.999993,0.000000,0.000000,5,20260804-202817,test8,61.751
C:\Users\josep\source\repos\AIOTED-digital\04_joe_lcd_20x32\8_main_dig5_20260823-074149.jpg,8,8,1.000000,0.000000,0.000000,0.000000,0.000000,0.000000,0.000000,0.000000,0.000000,1.000000,0.000000,0.000000,5,20260823-074149,kwh,59.062
C:\Users\josep\source\repos\AIOTED-digital\04_joe_lcd_20x32\8_main_dig5_20260823-130148.jpg,8,8,1.000000,0.000000,0.000000,0.000000,0.000000,0.000000,0.000000,0.000000,0.000000,1.000000,0.000000,0.000000,5,20260823-130148,test8,65.110
C:\Users\josep\source\repos\AIOTED-digital\04_joe_lcd_20x32\8_main_dig5_20260910-070718.jpg,8,8,0.999985,0.000000,0.000000,0.000000,0.000000,0.000000,0.000000,0.000015,0.000000,0.999985,0.000000,0.000000,5,20260910-070718,test8,48.155
C:\Users\josep\source\repos\AIOTED-digital\04_joe_lcd_20x32\8_main_dig5_20260927-071014.jpg,8,8,0.999909,0.000006,0.000000,0.000000,0.000000,0.000000,0.000000,0.000085,0.000000,0.999909,0.000000,0.000000,5,20260927-071014,test8,47.065
C:\Users\josep\source\repos\AIOTED-digital\04_joe_lcd_20x32\8_main_dig5_20260927-083814.jpg,8,8,0.945317,0.054683,0.000000,0.000000,0.000000,0.000000,0.000000,0.000000,0.000000,0.945317,0.000000,0.000000,5,20260927-083814,test8,50.096
C:\Users\josep\source\repos\AIOTED-digital\04_joe_lcd_20x32\8_main_dig6_20260731-061603.jpg,8,8,1.000000,0.000000,0.000000,0.000000,0.000000,0.000000,0.000000,0.000000,0.000000,1.000000,0.000000,0.000000,6,20260731-061603,test8,50.773
C:\Users\josep\source\repos\AIOTED-digital\04_joe_lcd_20x32\8_main_dig6_20260731-062035.jpg,8,8,1.000000,0.000000,0.000000,0.000000,0.000000,0.000000,0.000000,0.000000,0.000000,1.000000,0.000000,0.000000,6,20260731-062035,test8,57.818
C:\Users\josep\source\repos\AIOTED-digital\04_joe_lcd_20x32\8_main_dig6_20260731-070635.jpg,8,8,1.000000,0.000000,0.000000,0.000000,0.000000,0.000000,0.000000,0.000000,0.000000,1.000000,0.000000,0.000000,6,20260731-070635,kwh,138.082
C:\Users\josep\source\repos\AIOTED-digital\04_joe_lcd_20x32\8_main_dig6_20260731-102318.jpg,8,8,1.000000,0.000000,0.000000,0.000000,0.000000,0.000000,0.000000,0.000000,0.000000,1.000000,0.000000,0.000000,6,20260731-102318,test8,83.678
C:\Users\josep\source\repos\AIOTED-digital\04_joe_lcd_20x32\8_main_dig6_20260731-103448.jpg,8,8,1.000000,0.000000,0.000000,0.000000,0.000000,0.000000,0.000000,0.000000,0.000000,1.000000,0.000000,0.000000,6,20260731-103448,test8,82.199
C:\Users\josep\source\repos\AIOTED-digital\04_joe_lcd_20x32\8_main_dig6_20260731-112535.jpg,8,8,1.000000,0.000000,0.000000,0.000000,0.000000,0.000000,0.000000,0.000000,0.000000,1.000000,0.000000,0.000000,6,20260731-112535,test8,79.223
C:\Users\josep\source\repos\AIOTED-digital\04_joe_lcd_20x32\8_main_dig6_20260731-113705.jpg,8,8,1.000000,0.000000,0.000000,0.000000,0.000000,0.000000,0.000000,0.000000,0.000000,1.000000,0.000000,0.000000,6,20260731-113705,test8,81.919
C:\Users\josep\source\repos\AIOTED-digital\04_joe_lcd_20x32\8_main_dig6_20260804-180017.jpg,8,8,1.000000,0.000000,0.000000,0.000000,0.000000,0.000000,0.000000,0.000000,0.000000,1.000000,0.000000,0.000000,6,20260804-180017,test8,55.914
C:\Users\josep\source\repos\AIOTED-digital\04_joe_lcd_20x32\8_main_dig6_20260804-190817.jpg,8,8,0.999996,0.000000,0.000000,0.000000,0.000000,0.000000,0.000000,0.000000,0.000000,0.999996,0.000003,0.000000,6,20260804-190817,test8,34.127
C:\Users\josep\source\repos\AIOTED-digital\04_joe_lcd_20x32\8_main_dig6_20260804-204817.jpg,8,8,0.515926,0.353170,0.000001,0.000001,0.000001,0.000152,0.000010,0.000006,0.000046,0.515926,0.130687,0.000000,6,20260804-204817,test8,31.027
C:\Users\josep\source\repos\AIOTED-digital\04_joe_lcd_20x32\8_main_dig6_20260804-224817.jpg,8,0,0.620832,0.620832,0.000045,0.000003,0.000003,0.003515,0.000137,0.000042,0.000328,0.225444,0.149645,0.000005,6,20260804-224817,test8,31.660
C:\Users\josep\source\repos\AIOTED-digital\04_joe_lcd_20x32\8_main_dig6_20260804-234817.jpg,8,0,0.652655,0.652655,0.000016,0.000002,0.000002,0.001816,0.000120,0.000035,0.000230,0.199015,0.146107,0.000002,6,20260804-234817,test8,30.512
C:\Users\josep\source\repos\AIOTED-digital\04_joe_lcd_20x32\8_main_dig6_20260816-001403.jpg,8,8,0.963774,0.021292,0.000000,0.001171,0.000161,0.000016,0.000120,0.000775,0.000010,0.963774,0.012681,0.000000,6,20260816-001403,kwh,30.567
C:\Users\josep\source\repos\AIOTED-digital\04_joe_lcd_20x32\8_main_dig6_20260816-003403.jpg,8,8,0.936094,0.051530,0.000000,0.000065,0.000032,0.000008,0.000353,0.003322,0.000005,0.936094,0.008590,0.000000,6,20260816-003403,kwh,30.099
C:\Users\josep\source\repos\AIOTED-digital\04_joe_lcd_20x32\8_main_dig6_20260816-085402.jpg,8,8,1.000000,0.000000,0.000000,0.000000,0.000000,0.000000,0.000000,0.000000,0.000000,1.000000,0.000000,0.000000,6,20260816-085402,kwh,48.933
C:\Users\josep\source\repos\AIOTED-digital\04_joe_lcd_20x32\8_main_dig6_20260816-090202.jpg,8,8,1.000000,0.000000,0.000000,0.000000,0.000000,0.000000,0.000000,0.000000,0.000000,1.000000,0.000000,0.000000,6,20260816-090202,kwh,49.967
C:\Users\josep\source\repos\AIOTED-digital\04_joe_lcd_20x32\8_main_dig6_20260816-150201.jpg,8,8,1.000000,0.000000,0.000000,0.000000,0.000000,0.000000,0.000000,0.000000,0.000000,1.000000,0.000000,0.000000,6,20260816-150201,test8,83.509
C:\Users\josep\source\repos\AIOTED-digital\04_joe_lcd_20x32\8_main_dig6_20260816-151001.jpg,8,8,1.000000,0.000000,0.000000,0.000000,0.000000,0.000000,0.000000,0.000000,0.000000,1.000000,0.000000,0.000000,6,20260816-151001,test8,76.775
C:\Users\josep\source\repos\AIOTED-digital\04_joe_lcd_20x32\8_main_dig6_20260816-185001.jpg,8,8,0.999999,0.000000,0.000000,0.000000,0.000000,0.000000,0.000000,0.000000,0.000000,0.999999,0.000001,0.000000,6,20260816-185001,test8,33.086
C:\Users\josep\source\repos\AIOTED-digital\04_joe_lcd_20x32\8_main_dig6_20260819-062556.jpg,8,8,0.999996,0.000003,0.000000,0.000000,0.000000,0.000000,0.000000,0.000000,0.000000,0.999996,0.000001,0.000000,6,20260819-062556,test8,28.094
C:\Users\josep\source\repos\AIOTED-digital\04_joe_lcd_20x32\8_main_dig6_20260819-063356.jpg,8,8,0.999998,0.000001,0.000000,0.000000,0.000000,0.000000,0.000000,0.000000,0.000000,0.999998,0.000001,0.000000,6,20260819-063356,kwh,28.726
C:\Users\josep\source\repos\AIOTED-digital\04_joe_lcd_20x32\8_main_dig6_20260819-064556.jpg,8,8,1.000000,0.000000,0.000000,0.000000,0.000000,0.000000,0.000000,0.000000,0.000000,1.000000,0.000000,0.000000,6,20260819-064556,test8,32.657
C:\Users\josep\source\repos\AIOTED-digital\04_joe_lcd_20x32\8_main_dig6_20260819-202155.jpg,8,8,0.990162,0.007867,0.000000,0.000005,0.000004,0.000000,0.000001,0.000018,0.000000,0.990162,0.001943,0.000000,6,20260819-202155,test8,28.223
C:\Users\josep\source\repos\AIOTED-digital\04_joe_lcd_20x32\8_main_dig6_20260819-203355.jpg,8,8,0.993618,0.005659,0.000000,0.000005,0.000002,0.000000,0.000000,0.000015,0.000000,0.993618,0.000701,0.000000,6,20260819-203355,test8,29.351
C:\Users\josep\source\repos\AIOTED-digital\04_joe_lcd_20x32\8_main_dig6_20260823-030149.jpg,8,8,0.922357,0.034966,0.000000,0.000193,0.000130,0.000017,0.004160,0.008195,0.000008,0.922357,0.029974,0.000000,6,20260823-030149,kwh,31.082
C:\Users\josep\source\repos\AIOTED-digital\04_joe_lcd_20x32\8_main_dig6_20260823-224948.jpg,8,8,0.954817,0.015631,0.000000,0.000154,0.000021,0.000013,0.001167,0.008500,0.000001,0.954817,0.019696,0.000000,6,20260823-224948,test8,28.911
C:\Users\josep\source\repos\AIOTED-digital\04_joe_lcd_20x32\8_main_dig6_20260910-214000.jpg,8,8,0.920089,0.019574,0.000158,0.019259,0.004980,0.002055,0.001916,0.007587,0.000370,0.920089,0.023978,0.000034,6,20260910-214000,test8,26.858
C:\Users\josep\source\repos\AIOTED-digital\04_joe_lcd_20x32\8_main_dig6_20260910-220000.jpg,8,8,0.835832,0.005201,0.000107,0.156402,0.000397,0.000139,0.000018,0.001095,0.000042,0.835832,0.000745,0.000023,6,20260910-220000,kwh,25.812
C:\Users\josep\source\repos\AIOTED-digital\04_joe_lcd_20x32\8_main_dig6_20260910-222800.jpg,8,8,0.947639,0.024616,0.000016,0.002579,0.000275,0.000286,0.001003,0.002230,0.000083,0.947639,0.021268,0.000004,6,20260910-222800,test8,26.716
C:\Users\josep\source\repos\AIOTED-digital\04_joe_lcd_20x32\8_main_dig6_20260913-020857.jpg,8,8,0.981208,0.011032,0.000008,0.000820,0.000028,0.000115,0.000125,0.005316,0.000005,0.981208,0.001340,0.000001,6,20260913-020857,test8,27.153
C:\Users\josep\source\repos\AIOTED-digital\04_joe_lcd_20x32\8_main_dig6_20260913-034857.jpg,8,9,0.686810,0.004625,0.000007,0.000033,0.000398,0.014158,0.165803,0.003621,0.000043,0.124499,0.686810,0.000002,6,20260913-034857,test8,26.876
C:\Users\josep\source\repos\AIOTED-digital\04_joe_lcd_20x32\8_main_dig6_20260914-004539.jpg,8,8,0.919173,0.014359,0.000025,0.006446,0.000257,0.000017,0.002238,0.055804,0.000070,0.919173,0.001604,0.000006,6,20260914-004539,test8,26.556
C:\Users\josep\source\repos\AIOTED-digital\04_joe_lcd_20x32\8_main_dig6_20260914-222937.jpg,8,8,0.878263,0.005245,0.000006,0.003293,0.000058,0.000004,0.001582,0.111100,0.000008,0.878263,0.000440,0.000002,6,20260914-222937,test8,25.086
C:\Users\josep\source\repos\AIOTED-digital\04_joe_lcd_20x32\8_main_dig6_20260927-085014.jpg,8,8,0.996497,0.000368,0.000000,0.000000,0.000000,0.000002,0.000001,0.000029,0.000000,0.996497,0.003104,0.000000,6,20260927-085014,test8,100.925
C:\Users\josep\source\repos\AIOTED-digital\04_joe_lcd_20x32\8_main_dig6_20260927-092214.jpg,8,8,0.977993,0.000764,0.000000,0.000000,0.000003,0.000018,0.000112,0.000744,0.000000,0.977993,0.020366,0.000000,6,20260927-092214,kwh,106.659
C:\Users\josep\source\repos\AIOTED-digital\04_joe_lcd_20x32\8_main_dig6_20260927-093014.jpg,8,8,0.989513,0.000358,0.000000,0.000000,0.000003,0.000032,0.000033,0.000470,0.000000,0.989513,0.009591,0.000000,6,20260927-093014,test8,103.551
C:\Users\josep\source\repos\AIOTED-digital\04_joe_lcd_20x32\8_main_dig6_20260927-094213.jpg,8,8,0.999937,0.000050,0.000000,0.000000,0.000000,0.000000,0.000000,0.000008,0.000000,0.999937,0.000005,0.000000,6,20260927-094213,test8,78.691
C:\Users\josep\source\repos\AIOTED-digital\04_joe_lcd_20x32\8_main_dig6_20260927-101043.jpg,8,8,0.993623,0.000497,0.000000,0.000000,0.000009,0.000037,0.000004,0.000136,0.000000,0.993623,0.005692,0.000000,6,20260927-101043,kwh,107.070
C:\Users\josep\source\repos\AIOTED-digital\04_joe_lcd_20x32\8_main_dig6_20260927-192642.jpg,8,8,0.944388,0.007222,0.000000,0.000026,0.000083,0.000023,0.000896,0.000981,0.000007,0.944388,0.046373,0.000000,6,20260927-192642,test8,25.001
C:\Users\josep\source\repos\AIOTED-digital\04_joe_lcd_20x32\8_main_dig6_20260927-201842.jpg,8,8,0.963154,0.003926,0.000001,0.000166,0.000317,0.000062,0.000086,0.000131,0.000015,0.963154,0.032143,0.000000,6,20260927-201842,test8,24.310
C:\Users\josep\source\repos\AIOTED-digital\04_joe_lcd_20x32\9_main_dig3_20260913-014857.jpg,9,9,1.000000,0.000000,0.000000,0.000000,0.000000,0.000000,0.000000,0.000000,0.000000,0.000000,1.000000,0.000000,3,20260913-014857,kwh,104.548
C:\Users\josep\source\repos\AIOTED-digital\04_joe_lcd_20x32\9_main_dig3_20260913-040857.jpg,9,9,1.000000,0.000000,0.000000,0.000000,0.000000,0.000000,0.000000,0.000000,0.000000,0.000000,1.000000,0.000000,3,20260913-040857,kwh,101.919
C:\Users\josep\source\repos\AIOTED-digital\04_joe_lcd_20x32\9_main_dig3_20260913-064857.jpg,9,9,0.999999,0.000000,0.000000,0.000000,0.000000,0.000000,0.000000,0.000000,0.000000,0.000001,0.999999,0.000000,3,20260913-064857,kwh,100.961
C:\Users\josep\source\repos\AIOTED-digital\04_joe_lcd_20x32\9_main_dig3_20260913-072057.jpg,9,9,1.000000,0.000000,0.000000,0.000000,0.000000,0.000000,0.000000,0.000000,0.000000,0.000000,1.000000,0.000000,3,20260913-072057,kwh,99.087
C:\Users\josep\source\repos\AIOTED-digital\04_joe_lcd_20x32\9_main_dig3_20260913-074057.jpg,9,9,1.000000,0.000000,0.000000,0.000000,0.000000,0.000000,0.000000,0.000000,0.000000,0.000000,1.000000,0.000000,3,20260913-074057,kwh,96.077
C:\Users\josep\source\repos\AIOTED-digital\04_joe_lcd_20x32\9_main_dig3_20260913-092857.jpg,9,9,1.000000,0.000000,0.000000,0.000000,0.000000,0.000000,0.000000,0.000000,0.000000,0.000000,1.000000,0.000000,3,20260913-092857,kwh,91.258
C:\Users\josep\source\repos\AIOTED-digital\04_joe_lcd_20x32\9_main_dig3_20260913-120140.jpg,9,9,1.000000,0.000000,0.000000,0.000000,0.000000,0.000000,0.000000,0.000000,0.000000,0.000000,1.000000,0.000000,3,20260913-120140,kwh,87.206
C:\Users\josep\source\repos\AIOTED-digital\04_joe_lcd_20x32\9_main_dig3_20260913-134140.jpg,9,9,1.000000,0.000000,0.000000,0.000000,0.000000,0.000000,0.000000,0.000000,0.000000,0.000000,1.000000,0.000000,3,20260913-134140,kwh,70.772
C:\Users\josep\source\repos\AIOTED-digital\04_joe_lcd_20x32\9_main_dig3_20260913-172939.jpg,9,9,1.000000,0.000000,0.000000,0.000000,0.000000,0.000000,0.000000,0.000000,0.000000,0.000000,1.000000,0.000000,3,20260913-172939,kwh,92.669
C:\Users\josep\source\repos\AIOTED-digital\04_joe_lcd_20x32\9_main_dig3_20260913-185739.jpg,9,9,1.000000,0.000000,0.000000,0.000000,0.000000,0.000000,0.000000,0.000000,0.000000,0.000000,1.000000,0.000000,3,20260913-185739,kwh,99.214
C:\Users\josep\source\repos\AIOTED-digital\04_joe_lcd_20x32\9_main_dig3_20260913-212539.jpg,9,9,1.000000,0.000000,0.000000,0.000000,0.000000,0.000000,0.000000,0.000000,0.000000,0.000000,1.000000,0.000000,3,20260913-212539,kwh,101.176
C:\Users\josep\source\repos\AIOTED-digital\04_joe_lcd_20x32\9_main_dig3_20260914-021739.jpg,9,9,1.000000,0.000000,0.000000,0.000000,0.000000,0.000000,0.000000,0.000000,0.000000,0.000000,1.000000,0.000000,3,20260914-021739,kwh,99.059
C:\Users\josep\source\repos\AIOTED-digital\04_joe_lcd_20x32\9_main_dig3_20260914-042539.jpg,9,9,1.000000,0.000000,0.000000,0.000000,0.000000,0.000000,0.000000,0.000000,0.000000,0.000000,1.000000,0.000000,3,20260914-042539,kwh,100.796
C:\Users\josep\source\repos\AIOTED-digital\04_joe_lcd_20x32\9_main_dig3_20260914-070538.jpg,9,9,1.000000,0.000000,0.000000,0.000000,0.000000,0.000000,0.000000,0.000000,0.000000,0.000000,1.000000,0.000000,3,20260914-070538,kwh,98.864
C:\Users\josep\source\repos\AIOTED-digital\04_joe_lcd_20x32\9_main_dig3_20260914-071338.jpg,9,9,1.000000,0.000000,0.000000,0.000000,0.000000,0.000000,0.000000,0.000000,0.000000,0.000000,1.000000,0.000000,3,20260914-071338,kwh,94.894
C:\Users\josep\source\repos\AIOTED-digital\04_joe_lcd_20x32\9_main_dig3_20260914-094538.jpg,9,9,0.999999,0.000000,0.000000,0.000000,0.000000,0.000001,0.000000,0.000000,0.000000,0.000000,0.999999,0.000000,3,20260914-094538,kwh,75.077
C:\Users\josep\source\repos\AIOTED-digital\04_joe_lcd_20x32\9_main_dig3_20260914-110538.jpg,9,9,1.000000,0.000000,0.000000,0.000000,0.000000,0.000000,0.000000,0.000000,0.000000,0.000000,1.000000,0.000000,3,20260914-110538,kwh,88.030
C:\Users\josep\source\repos\AIOTED-digital\04_joe_lcd_20x32\9_main_dig3_20260914-132138.jpg,9,9,0.532448,0.000000,0.000000,0.000000,0.000000,0.000000,0.000000,0.000000,0.000000,0.467552,0.532448,0.000000,3,20260914-132138,kwh,86.187
C:\Users\josep\source\repos\AIOTED-digital\04_joe_lcd_20x32\9_main_dig3_20260914-150138.jpg,9,9,1.000000,0.000000,0.000000,0.000000,0.000000,0.000000,0.000000,0.000000,0.000000,0.000000,1.000000,0.000000,3,20260914-150138,kwh,89.782
C:\Users\josep\source\repos\AIOTED-digital\04_joe_lcd_20x32\9_main_dig3_20260914-171337.jpg,9,9,1.000000,0.000000,0.000000,0.000000,0.000000,0.000000,0.000000,0.000000,0.000000,0.000000,1.000000,0.000000,3,20260914-171337,kwh,94.956
C:\Users\josep\source\repos\AIOTED-digital\04_joe_lcd_20x32\9_main_dig3_20260914-173337.jpg,9,9,1.000000,0.000000,0.000000,0.000000,0.000000,0.000000,0.000000,0.000000,0.000000,0.000000,1.000000,0.000000,3,20260914-173337,kwh,100.214
C:\Users\josep\source\repos\AIOTED-digital\04_joe_lcd_20x32\9_main_dig3_20260914-212937.jpg,9,9,1.000000,0.000000,0.000000,0.000000,0.000000,0.000000,0.000000,0.000000,0.000000,0.000000,1.000000,0.000000,3,20260914-212937,kwh,100.445
C:\Users\josep\source\repos\AIOTED-digital\04_joe_lcd_20x32\9_main_dig3_20260914-234137.jpg,9,9,1.000000,0.000000,0.000000,0.000000,0.000000,0.000000,0.000000,0.000000,0.000000,0.000000,1.000000,0.000000,3,20260914-234137,kwh,102.430
C:\Users\josep\source\repos\AIOTED-digital\04_joe_lcd_20x32\9_main_dig3_20260927-070214.jpg,9,9,1.000000,0.000000,0.000000,0.000000,0.000000,0.000000,0.000000,0.000000,0.000000,0.000000,1.000000,0.000000,3,20260927-070214,kwh,101.176
C:\Users\josep\source\repos\AIOTED-digital\04_joe_lcd_20x32\9_main_dig3_20260927-072214.jpg,9,9,1.000000,0.000000,0.000000,0.000000,0.000000,0.000000,0.000000,0.000000,0.000000,0.000000,1.000000,0.000000,3,20260927-072214,kwh,101.117
C:\Users\josep\source\repos\AIOTED-digital\04_joe_lcd_20x32\9_main_dig3_20260927-083414.jpg,9,9,1.000000,0.000000,0.000000,0.000000,0.000000,0.000000,0.000000,0.000000,0.000000,0.000000,1.000000,0.000000,3,20260927-083414,kwh,91.232
C:\Users\josep\source\repos\AIOTED-digital\04_joe_lcd_20x32\9_main_dig3_20260927-141842.jpg,9,9,1.000000,0.000000,0.000000,0.000000,0.000000,0.000000,0.000000,0.000000,0.000000,0.000000,1.000000,0.000000,3,20260927-141842,kwh,86.096
C:\Users\josep\source\repos\AIOTED-digital\04_joe_lcd_20x32\9_main_dig3_20260927-143042.jpg,9,9,1.000000,0.000000,0.000000,0.000000,0.000000,0.000000,0.000000,0.000000,0.000000,0.000000,1.000000,0.000000,3,20260927-143042,kwh,88.096
C:\Users\josep\source\repos\AIOTED-digital\04_joe_lcd_20x32\9_main_dig3_20260927-163042.jpg,9,9,0.998313,0.000062,0.000000,0.000000,0.000000,0.000000,0.000000,0.000000,0.000000,0.001625,0.998313,0.000000,3,20260927-163042,kwh,89.526
C:\Users\josep\source\repos\AIOTED-digital\04_joe_lcd_20x32\9_main_dig3_20260927-172642.jpg,9,9,1.000000,0.000000,0.000000,0.000000,0.000000,0.000000,0.000000,0.000000,0.000000,0.000000,1.000000,0.000000,3,20260927-172642,kwh,96.662
C:\Users\josep\source\repos\AIOTED-digital\04_joe_lcd_20x32\9_main_dig3_20260927-184642.jpg,9,9,1.000000,0.000000,0.000000,0.000000,0.000000,0.000000,0.000000,0.000000,0.000000,0.000000,1.000000,0.000000,3,20260927-184642,kwh,102.931
C:\Users\josep\source\repos\AIOTED-digital\04_joe_lcd_20x32\9_main_dig3_20260927-190642.jpg,9,9,1.000000,0.000000,0.000000,0.000000,0.000000,0.000000,0.000000,0.000000,0.000000,0.000000,1.000000,0.000000,3,20260927-190642,kwh,104.501
C:\Users\josep\source\repos\AIOTED-digital\04_joe_lcd_20x32\9_main_dig3_20260927-193842.jpg,9,9,1.000000,0.000000,0.000000,0.000000,0.000000,0.000000,0.000000,0.000000,0.000000,0.000000,1.000000,0.000000,3,20260927-193842,kwh,102.712
C:\Users\josep\source\repos\AIOTED-digital\04_joe_lcd_20x32\9_main_dig3_20260927-215842.jpg,9,9,1.000000,0.000000,0.000000,0.000000,0.000000,0.000000,0.000000,0.000000,0.000000,0.000000,1.000000,0.000000,3,20260927-215842,kwh,101.540
C:\Users\josep\source\repos\AIOTED-digital\04_joe_lcd_20x32\9_main_dig3_20260927-231442.jpg,9,9,1.000000,0.000000,0.000000,0.000000,0.000000,0.000000,0.000000,0.000000,0.000000,0.000000,1.000000,0.000000,3,20260927-231442,kwh,105.322
C:\Users\josep\source\repos\AIOTED-digital\04_joe_lcd_20x32\9_main_dig4_20260910-001119.jpg,9,9,0.999999,0.000000,0.000000,0.000000,0.000000,0.000001,0.000000,0.000000,0.000000,0.000000,0.999999,0.000000,4,20260910-001119,kwh,63.982
C:\Users\josep\source\repos\AIOTED-digital\04_joe_lcd_20x32\9_main_dig4_20260910-002318.jpg,9,9,0.999992,0.000000,0.000000,0.000000,0.000000,0.000008,0.000000,0.000000,0.000000,0.000000,0.999992,0.000000,4,20260910-002318,kwh,63.975
C:\Users\josep\source\repos\AIOTED-digital\04_joe_lcd_20x32\9_main_dig4_20260910-003118.jpg,9,9,0.999839,0.000000,0.000000,0.000000,0.000000,0.000161,0.000000,0.000000,0.000000,0.000000,0.999839,0.000000,4,20260910-003118,kwh,65.388
C:\Users\josep\source\repos\AIOTED-digital\04_joe_lcd_20x32\9_main_dig4_20260910-010318.jpg,9,9,0.999994,0.000000,0.000000,0.000000,0.000000,0.000006,0.000000,0.000000,0.000000,0.000000,0.999994,0.000000,4,20260910-010318,kwh,64.485
C:\Users\josep\source\repos\AIOTED-digital\04_joe_lcd_20x32\9_main_dig4_20260910-013118.jpg,9,9,0.999997,0.000000,0.000000,0.000000,0.000000,0.000003,0.000000,0.000000,0.000000,0.000000,0.999997,0.000000,4,20260910-013118,kwh,63.719
C:\Users\josep\source\repos\AIOTED-digital\04_joe_lcd_20x32\9_main_dig4_20260910-014318.jpg,9,9,0.999999,0.000000,0.000000,0.000000,0.000000,0.000001,0.000000,0.000000,0.000000,0.000000,0.999999,0.000000,4,20260910-014318,kwh,64.088
C:\Users\josep\source\repos\AIOTED-digital\04_joe_lcd_20x32\9_main_dig4_20260910-015118.jpg,9,9,0.999996,0.000000,0.000000,0.000000,0.000000,0.000004,0.000000,0.000000,0.000000,0.000000,0.999996,0.000000,4,20260910-015118,kwh,64.329
C:\Users\josep\source\repos\AIOTED-digital\04_joe_lcd_20x32\9_main_dig4_20260910-024318.jpg,9,9,0.999838,0.000000,0.000000,0.000000,0.000000,0.000162,0.000000,0.000000,0.000000,0.000000,0.999838,0.000000,4,20260910-024318,kwh,64.149
C:\Users\josep\source\repos\AIOTED-digital\04_joe_lcd_20x32\9_main_dig4_20260910-025118.jpg,9,9,0.999997,0.000000,0.000000,0.000000,0.000000,0.000003,0.000000,0.000000,0.000000,0.000000,0.999997,0.000000,4,20260910-025118,kwh,64.807
C:\Users\josep\source\repos\AIOTED-digital\04_joe_lcd_20x32\9_main_dig4_20260910-030318.jpg,9,9,0.999984,0.000000,0.000000,0.000000,0.000000,0.000016,0.000000,0.000000,0.000000,0.000000,0.999984,0.000000,4,20260910-030318,kwh,64.207
C:\Users\josep\source\repos\AIOTED-digital\04_joe_lcd_20x32\9_main_dig4_20260910-032318.jpg,9,9,0.999999,0.000000,0.000000,0.000000,0.000000,0.000001,0.000000,0.000000,0.000000,0.000000,0.999999,0.000000,4,20260910-032318,kwh,64.630
C:\Users\josep\source\repos\AIOTED-digital\04_joe_lcd_20x32\9_main_dig4_20260910-033918.jpg,9,9,0.999998,0.000000,0.000000,0.000000,0.000000,0.000002,0.000000,0.000000,0.000000,0.000000,0.999998,0.000000,4,20260910-033918,kwh,64.308
C:\Users\josep\source\repos\AIOTED-digital\04_joe_lcd_20x32\9_main_dig4_20260910-034318.jpg,9,9,0.999995,0.000000,0.000000,0.000000,0.000000,0.000005,0.000000,0.000000,0.000000,0.000000,0.999995,0.000000,4,20260910-034318,kwh,65.364
C:\Users\josep\source\repos\AIOTED-digital\04_joe_lcd_20x32\9_main_dig4_20260910-035118.jpg,9,9,0.999996,0.000000,0.000000,0.000000,0.000000,0.000003,0.000000,0.000000,0.000000,0.000000,0.999996,0.000000,4,20260910-035118,kwh,64.104
C:\Users\josep\source\repos\AIOTED-digital\04_joe_lcd_20x32\9_main_dig4_20260910-035918.jpg,9,9,0.999996,0.000000,0.000000,0.000000,0.000000,0.000004,0.000000,0.000000,0.000000,0.000000,0.999996,0.000000,4,20260910-035918,kwh,65.292
C:\Users\josep\source\repos\AIOTED-digital\04_joe_lcd_20x32\9_main_dig4_20260910-040318.jpg,9,9,0.999997,0.000000,0.000000,0.000000,0.000000,0.000003,0.000000,0.000000,0.000000,0.000000,0.999997,0.000000,4,20260910-040318,kwh,64.324
C:\Users\josep\source\repos\AIOTED-digital\04_joe_lcd_20x32\9_main_dig4_20260910-041118.jpg,9,9,0.999998,0.000000,0.000000,0.000000,0.000000,0.000002,0.000000,0.000000,0.000000,0.000000,0.999998,0.000000,4,20260910-041118,kwh,63.972
C:\Users\josep\source\repos\AIOTED-digital\04_joe_lcd_20x32\9_main_dig4_20260910-042318.jpg,9,9,0.999996,0.000000,0.000000,0.000000,0.000000,0.000004,0.000000,0.000000,0.000000,0.000000,0.999996,0.000000,4,20260910-042318,kwh,64.606
C:\Users\josep\source\repos\AIOTED-digital\04_joe_lcd_20x32\9_main_dig4_20260910-045918.jpg,9,9,0.999997,0.000000,0.000000,0.000000,0.000000,0.000002,0.000000,0.000000,0.000000,0.000000,0.999997,0.000000,4,20260910-045918,kwh,64.140
C:\Users\josep\source\repos\AIOTED-digital\04_joe_lcd_20x32\9_main_dig4_20260910-051918.jpg,9,9,0.999989,0.000000,0.000000,0.000000,0.000000,0.000011,0.000000,0.000000,0.000000,0.000000,0.999989,0.000000,4,20260910-051918,kwh,64.095
C:\Users\josep\source\repos\AIOTED-digital\04_joe_lcd_20x32\9_main_dig4_20260910-055118.jpg,9,9,0.999997,0.000000,0.000000,0.000000,0.000000,0.000003,0.000000,0.000000,0.000000,0.000000,0.999997,0.000000,4,20260910-055118,kwh,65.553
C:\Users\josep\source\repos\AIOTED-digital\04_joe_lcd_20x32\9_main_dig4_20260910-061118.jpg,9,9,0.999994,0.000000,0.000000,0.000000,0.000000,0.000006,0.000000,0.000000,0.000000,0.000000,0.999994,0.000000,4,20260910-061118,kwh,65.330
C:\Users\josep\source\repos\AIOTED-digital\04_joe_lcd_20x32\9_main_dig4_20260910-063118.jpg,9,9,0.999997,0.000000,0.000000,0.000000,0.000000,0.000003,0.000000,0.000000,0.000000,0.000000,0.999997,0.000000,4,20260910-063118,kwh,64.041
C:\Users\josep\source\repos\AIOTED-digital\04_joe_lcd_20x32\9_main_dig4_20260910-063918.jpg,9,9,0.999997,0.000000,0.000000,0.000000,0.000000,0.000003,0.000000,0.000000,0.000000,0.000000,0.999997,0.000000,4,20260910-063918,kwh,63.235
C:\Users\josep\source\repos\AIOTED-digital\04_joe_lcd_20x32\9_main_dig4_20260910-065118.jpg,9,9,0.999999,0.000000,0.000000,0.000000,0.000000,0.000001,0.000000,0.000000,0.000000,0.000000,0.999999,0.000000,4,20260910-065118,kwh,62.874
C:\Users\josep\source\repos\AIOTED-digital\04_joe_lcd_20x32\9_main_dig4_20260910-065918.jpg,9,9,0.999995,0.000000,0.000000,0.000000,0.000000,0.000005,0.000000,0.000000,0.000000,0.000000,0.999995,0.000000,4,20260910-065918,kwh,62.927
C:\Users\josep\source\repos\AIOTED-digital\04_joe_lcd_20x32\9_main_dig4_20260910-071118.jpg,9,9,0.999999,0.000000,0.000000,0.000000,0.000000,0.000001,0.000000,0.000000,0.000000,0.000000,0.999999,0.000000,4,20260910-071118,kwh,62.076
C:\Users\josep\source\repos\AIOTED-digital\04_joe_lcd_20x32\9_main_dig4_20260910-071918.jpg,9,9,0.999999,0.000000,0.000000,0.000000,0.000000,0.000001,0.000000,0.000000,0.000000,0.000000,0.999999,0.000000,4,20260910-071918,kwh,61.611
C:\Users\josep\source\repos\AIOTED-digital\04_joe_lcd_20x32\9_main_dig4_20260910-073118.jpg,9,9,0.999995,0.000000,0.000000,0.000000,0.000000,0.000005,0.000000,0.000000,0.000000,0.000000,0.999995,0.000000,4,20260910-073118,kwh,61.009
C:\Users\josep\source\repos\AIOTED-digital\04_joe_lcd_20x32\9_main_dig4_20260910-073918.jpg,9,9,1.000000,0.000000,0.000000,0.000000,0.000000,0.000000,0.000000,0.000000,0.000000,0.000000,1.000000,0.000000,4,20260910-073918,kwh,60.966
C:\Users\josep\source\repos\AIOTED-digital\04_joe_lcd_20x32\9_main_dig4_20260910-075918.jpg,9,9,1.000000,0.000000,0.000000,0.000000,0.000000,0.000000,0.000000,0.000000,0.000000,0.000000,1.000000,0.000000,4,20260910-075918,kwh,82.120
C:\Users\josep\source\repos\AIOTED-digital\04_joe_lcd_20x32\9_main_dig4_20260910-081118.jpg,9,9,1.000000,0.000000,0.000000,0.000000,0.000000,0.000000,0.000000,0.000000,0.000000,0.000000,1.000000,0.000000,4,20260910-081118,kwh,83.907
C:\Users\josep\source\repos\AIOTED-digital\04_joe_lcd_20x32\9_main_dig4_20260910-081918.jpg,9,9,1.000000,0.000000,0.000000,0.000000,0.000000,0.000000,0.000000,0.000000,0.000000,0.000000,1.000000,0.000000,4,20260910-081918,kwh,75.214
C:\Users\josep\source\repos\AIOTED-digital\04_joe_lcd_20x32\9_main_dig4_20260910-083118.jpg,9,9,1.000000,0.000000,0.000000,0.000000,0.000000,0.000000,0.000000,0.000000,0.000000,0.000000,1.000000,0.000000,4,20260910-083118,kwh,72.962
C:\Users\josep\source\repos\AIOTED-digital\04_joe_lcd_20x32\9_main_dig4_20260910-083918.jpg,9,9,1.000000,0.000000,0.000000,0.000000,0.000000,0.000000,0.000000,0.000000,0.000000,0.000000,1.000000,0.000000,4,20260910-083918,kwh,85.944
C:\Users\josep\source\repos\AIOTED-digital\04_joe_lcd_20x32\9_main_dig4_20260910-085118.jpg,9,9,1.000000,0.000000,0.000000,0.000000,0.000000,0.000000,0.000000,0.000000,0.000000,0.000000,1.000000,0.000000,4,20260910-085118,kwh,84.037
C:\Users\josep\source\repos\AIOTED-digital\04_joe_lcd_20x32\9_main_dig4_20260910-093918.jpg,9,9,1.000000,0.000000,0.000000,0.000000,0.000000,0.000000,0.000000,0.000000,0.000000,0.000000,1.000000,0.000000,4,20260910-093918,kwh,87.285
C:\Users\josep\source\repos\AIOTED-digital\04_joe_lcd_20x32\9_main_dig4_20260910-094718.jpg,9,9,1.000000,0.000000,0.000000,0.000000,0.000000,0.000000,0.000000,0.000000,0.000000,0.000000,1.000000,0.000000,4,20260910-094718,kwh,83.243
C:\Users\josep\source\repos\AIOTED-digital\04_joe_lcd_20x32\9_main_dig4_20260910-095118.jpg,9,9,1.000000,0.000000,0.000000,0.000000,0.000000,0.000000,0.000000,0.000000,0.000000,0.000000,1.000000,0.000000,4,20260910-095118,kwh,86.264
C:\Users\josep\source\repos\AIOTED-digital\04_joe_lcd_20x32\9_main_dig4_20260910-095918.jpg,9,9,1.000000,0.000000,0.000000,0.000000,0.000000,0.000000,0.000000,0.000000,0.000000,0.000000,1.000000,0.000000,4,20260910-095918,kwh,83.462
C:\Users\josep\source\repos\AIOTED-digital\04_joe_lcd_20x32\9_main_dig4_20260910-101118.jpg,9,9,1.000000,0.000000,0.000000,0.000000,0.000000,0.000000,0.000000,0.000000,0.000000,0.000000,1.000000,0.000000,4,20260910-101118,kwh,84.267
C:\Users\josep\source\repos\AIOTED-digital\04_joe_lcd_20x32\9_main_dig4_20260910-105118.jpg,9,9,1.000000,0.000000,0.000000,0.000000,0.000000,0.000000,0.000000,0.000000,0.000000,0.000000,1.000000,0.000000,4,20260910-105118,kwh,87.131
C:\Users\josep\source\repos\AIOTED-digital\04_joe_lcd_20x32\9_main_dig4_20260910-114718.jpg,9,9,1.000000,0.000000,0.000000,0.000000,0.000000,0.000000,0.000000,0.000000,0.000000,0.000000,1.000000,0.000000,4,20260910-114718,kwh,94.071
C:\Users\josep\source\repos\AIOTED-digital\04_joe_lcd_20x32\9_main_dig4_20260910-115118.jpg,9,9,1.000000,0.000000,0.000000,0.000000,0.000000,0.000000,0.000000,0.000000,0.000000,0.000000,1.000000,0.000000,4,20260910-115118,kwh,95.413
C:\Users\josep\source\repos\AIOTED-digital\04_joe_lcd_20x32\9_main_dig4_20260910-122001.jpg,9,9,1.000000,0.000000,0.000000,0.000000,0.000000,0.000000,0.000000,0.000000,0.000000,0.000000,1.000000,0.000000,4,20260910-122001,kwh,94.610
C:\Users\josep\source\repos\AIOTED-digital\04_joe_lcd_20x32\9_main_dig4_20260910-125201.jpg,9,9,1.000000,0.000000,0.000000,0.000000,0.000000,0.000000,0.000000,0.000000,0.000000,0.000000,1.000000,0.000000,4,20260910-125201,kwh,97.080
C:\Users\josep\source\repos\AIOTED-digital\04_joe_lcd_20x32\9_main_dig4_20260910-134001.jpg,9,9,1.000000,0.000000,0.000000,0.000000,0.000000,0.000000,0.000000,0.000000,0.000000,0.000000,1.000000,0.000000,4,20260910-134001,kwh,84.158
C:\Users\josep\source\repos\AIOTED-digital\04_joe_lcd_20x32\9_main_dig4_20260910-142001.jpg,9,9,1.000000,0.000000,0.000000,0.000000,0.000000,0.000000,0.000000,0.000000,0.000000,0.000000,1.000000,0.000000,4,20260910-142001,kwh,71.133
C:\Users\josep\source\repos\AIOTED-digital\04_joe_lcd_20x32\9_main_dig4_20260910-143201.jpg,9,9,0.999999,0.000000,0.000000,0.000000,0.000000,0.000001,0.000000,0.000000,0.000000,0.000000,0.999999,0.000000,4,20260910-143201,kwh,87.021
C:\Users\josep\source\repos\AIOTED-digital\04_joe_lcd_20x32\9_main_dig4_20260910-145201.jpg,9,9,1.000000,0.000000,0.000000,0.000000,0.000000,0.000000,0.000000,0.000000,0.000000,0.000000,1.000000,0.000000,4,20260910-145201,kwh,69.143
C:\Users\josep\source\repos\AIOTED-digital\04_joe_lcd_20x32\9_main_dig4_20260910-151201.jpg,9,9,1.000000,0.000000,0.000000,0.000000,0.000000,0.000000,0.000000,0.000000,0.000000,0.000000,1.000000,0.000000,4,20260910-151201,kwh,74.374
C:\Users\josep\source\repos\AIOTED-digital\04_joe_lcd_20x32\9_main_dig4_20260910-160001.jpg,9,9,1.000000,0.000000,0.000000,0.000000,0.000000,0.000000,0.000000,0.000000,0.000000,0.000000,1.000000,0.000000,4,20260910-160001,kwh,68.352
C:\Users\josep\source\repos\AIOTED-digital\04_joe_lcd_20x32\9_main_dig4_20260910-162001.jpg,9,9,0.999999,0.000000,0.000000,0.000000,0.000000,0.000001,0.000000,0.000000,0.000000,0.000000,0.999999,0.000000,4,20260910-162001,kwh,63.969
C:\Users\josep\source\repos\AIOTED-digital\04_joe_lcd_20x32\9_main_dig4_20260910-163201.jpg,9,9,1.000000,0.000000,0.000000,0.000000,0.000000,0.000000,0.000000,0.000000,0.000000,0.000000,1.000000,0.000000,4,20260910-163201,kwh,62.497
C:\Users\josep\source\repos\AIOTED-digital\04_joe_lcd_20x32\9_main_dig4_20260910-164001.jpg,9,9,0.999999,0.000000,0.000000,0.000000,0.000000,0.000001,0.000000,0.000000,0.000000,0.000000,0.999999,0.000000,4,20260910-164001,kwh,63.258
C:\Users\josep\source\repos\AIOTED-digital\04_joe_lcd_20x32\9_main_dig4_20260910-165201.jpg,9,9,0.999997,0.000000,0.000000,0.000000,0.000000,0.000003,0.000000,0.000000,0.000000,0.000000,0.999997,0.000000,4,20260910-165201,kwh,62.177
C:\Users\josep\source\repos\AIOTED-digital\04_joe_lcd_20x32\9_main_dig4_20260910-170001.jpg,9,9,0.999980,0.000000,0.000000,0.000000,0.000000,0.000020,0.000000,0.000000,0.000000,0.000000,0.999980,0.000000,4,20260910-170001,kwh,62.177
C:\Users\josep\source\repos\AIOTED-digital\04_joe_lcd_20x32\9_main_dig4_20260910-170801.jpg,9,9,0.999997,0.000000,0.000000,0.000000,0.000000,0.000003,0.000000,0.000000,0.000000,0.000000,0.999997,0.000000,4,20260910-170801,kwh,62.465
C:\Users\josep\source\repos\AIOTED-digital\04_joe_lcd_20x32\9_main_dig4_20260910-171201.jpg,9,9,1.000000,0.000000,0.000000,0.000000,0.000000,0.000000,0.000000,0.000000,0.000000,0.000000,1.000000,0.000000,4,20260910-171201,kwh,62.061
C:\Users\josep\source\repos\AIOTED-digital\04_joe_lcd_20x32\9_main_dig4_20260910-172001.jpg,9,9,0.999991,0.000000,0.000000,0.000000,0.000000,0.000009,0.000000,0.000000,0.000000,0.000000,0.999991,0.000000,4,20260910-172001,kwh,61.326
C:\Users\josep\source\repos\AIOTED-digital\04_joe_lcd_20x32\9_main_dig4_20260910-172801.jpg,9,9,0.999994,0.000000,0.000000,0.000000,0.000000,0.000006,0.000000,0.000000,0.000000,0.000000,0.999994,0.000000,4,20260910-172801,kwh,62.136
C:\Users\josep\source\repos\AIOTED-digital\04_joe_lcd_20x32\9_main_dig4_20260910-174801.jpg,9,9,0.999999,0.000000,0.000000,0.000000,0.000000,0.000001,0.000000,0.000000,0.000000,0.000000,0.999999,0.000000,4,20260910-174801,kwh,62.102
C:\Users\josep\source\repos\AIOTED-digital\04_joe_lcd_20x32\9_main_dig4_20260910-180001.jpg,9,9,1.000000,0.000000,0.000000,0.000000,0.000000,0.000000,0.000000,0.000000,0.000000,0.000000,1.000000,0.000000,4,20260910-180001,kwh,61.830
C:\Users\josep\source\repos\AIOTED-digital\04_joe_lcd_20x32\9_main_dig4_20260910-180801.jpg,9,9,0.999995,0.000000,0.000000,0.000000,0.000000,0.000005,0.000000,0.000000,0.000000,0.000000,0.999995,0.000000,4,20260910-180801,kwh,62.525
C:\Users\josep\source\repos\AIOTED-digital\04_joe_lcd_20x32\9_main_dig4_20260910-182001.jpg,9,9,0.999991,0.000000,0.000000,0.000000,0.000000,0.000009,0.000000,0.000000,0.000000,0.000000,0.999991,0.000000,4,20260910-182001,kwh,62.838
C:\Users\josep\source\repos\AIOTED-digital\04_joe_lcd_20x32\9_main_dig4_20260910-182801.jpg,9,9,0.999998,0.000000,0.000000,0.000000,0.000000,0.000002,0.000000,0.000000,0.000000,0.000000,0.999998,0.000000,4,20260910-182801,kwh,62.244
C:\Users\josep\source\repos\AIOTED-digital\04_joe_lcd_20x32\9_main_dig4_20260910-184000.jpg,9,9,0.999999,0.000000,0.000000,0.000000,0.000000,0.000001,0.000000,0.000000,0.000000,0.000000,0.999999,0.000000,4,20260910-184000,kwh,63.921
C:\Users\josep\source\repos\AIOTED-digital\04_joe_lcd_20x32\9_main_dig4_20260910-184800.jpg,9,9,1.000000,0.000000,0.000000,0.000000,0.000000,0.000000,0.000000,0.000000,0.000000,0.000000,1.000000,0.000000,4,20260910-184800,kwh,64.911
C:\Users\josep\source\repos\AIOTED-digital\04_joe_lcd_20x32\9_main_dig4_20260910-190801.jpg,9,9,0.999998,0.000000,0.000000,0.000000,0.000000,0.000002,0.000000,0.000000,0.000000,0.000000,0.999998,0.000000,4,20260910-190801,kwh,65.466
C:\Users\josep\source\repos\AIOTED-digital\04_joe_lcd_20x32\9_main_dig4_20260910-192000.jpg,9,9,0.999979,0.000000,0.000000,0.000000,0.000000,0.000021,0.000000,0.000000,0.000000,0.000000,0.999979,0.000000,4,20260910-192000,kwh,65.843
C:\Users\josep\source\repos\AIOTED-digital\04_joe_lcd_20x32\9_main_dig4_20260910-194000.jpg,9,9,0.999990,0.000000,0.000000,0.000000,0.000000,0.000010,0.000000,0.000000,0.000000,0.000000,0.999990,0.000000,4,20260910-194000,kwh,64.919
C:\Users\josep\source\repos\AIOTED-digital\04_joe_lcd_20x32\9_main_dig4_20260910-200800.jpg,9,9,0.999997,0.000000,0.000000,0.000000,0.000000,0.000003,0.000000,0.000000,0.000000,0.000000,0.999997,0.000000,4,20260910-200800,kwh,64.851
C:\Users\josep\source\repos\AIOTED-digital\04_joe_lcd_20x32\9_main_dig4_20260910-204000.jpg,9,9,0.999996,0.000000,0.000000,0.000000,0.000000,0.000004,0.000000,0.000000,0.000000,0.000000,0.999996,0.000000,4,20260910-204000,kwh,64.661
C:\Users\josep\source\repos\AIOTED-digital\04_joe_lcd_20x32\9_main_dig4_20260910-212000.jpg,9,9,0.999991,0.000000,0.000000,0.000000,0.000000,0.000009,0.000000,0.000000,0.000000,0.000000,0.999991,0.000000,4,20260910-212000,kwh,64.553
C:\Users\josep\source\repos\AIOTED-digital\04_joe_lcd_20x32\9_main_dig4_20260910-212800.jpg,9,9,0.999987,0.000000,0.000000,0.000000,0.000000,0.000012,0.000000,0.000000,0.000000,0.000000,0.999987,0.000000,4,20260910-212800,kwh,63.834
C:\Users\josep\source\repos\AIOTED-digital\04_joe_lcd_20x32\9_main_dig4_20260910-214800.jpg,9,9,0.999986,0.000000,0.000000,0.000000,0.000000,0.000014,0.000000,0.000000,0.000000,0.000000,0.999986,0.000000,4,20260910-214800,kwh,64.279
C:\Users\josep\source\repos\AIOTED-digital\04_joe_lcd_20x32\9_main_dig4_20260910-220000.jpg,9,9,0.999999,0.000000,0.000000,0.000000,0.000000,0.000001,0.000000,0.000000,0.000000,0.000000,0.999999,0.000000,4,20260910-220000,kwh,63.515
C:\Users\josep\source\repos\AIOTED-digital\04_joe_lcd_20x32\9_main_dig4_20260910-224000.jpg,9,9,0.999988,0.000000,0.000000,0.000000,0.000000,0.000012,0.000000,0.000000,0.000000,0.000000,0.999988,0.000000,4,20260910-224000,kwh,64.060
C:\Users\josep\source\repos\AIOTED-digital\04_joe_lcd_20x32\9_main_dig4_20260910-224800.jpg,9,9,0.999994,0.000000,0.000000,0.000000,0.000000,0.000006,0.000000,0.000000,0.000000,0.000000,0.999994,0.000000,4,20260910-224800,kwh,63.289
C:\Users\josep\source\repos\AIOTED-digital\04_joe_lcd_20x32\9_main_dig4_20260910-230800.jpg,9,9,0.999991,0.000000,0.000000,0.000000,0.000000,0.000009,0.000000,0.000000,0.000000,0.000000,0.999991,0.000000,4,20260910-230800,kwh,64.473
C:\Users\josep\source\repos\AIOTED-digital\04_joe_lcd_20x32\9_main_dig4_20260910-232800.jpg,9,9,0.999998,0.000000,0.000000,0.000000,0.000000,0.000002,0.000000,0.000000,0.000000,0.000000,0.999998,0.000000,4,20260910-232800,kwh,63.703
C:\Users\josep\source\repos\AIOTED-digital\04_joe_lcd_20x32\9_main_dig4_20260910-234000.jpg,9,9,0.999992,0.000000,0.000000,0.000000,0.000000,0.000008,0.000000,0.000000,0.000000,0.000000,0.999992,0.000000,4,20260910-234000,kwh,64.210
C:\Users\josep\source\repos\AIOTED-digital\04_joe_lcd_20x32\9_main_dig4_20260910-234800.jpg,9,9,0.999991,0.000000,0.000000,0.000000,0.000000,0.000009,0.000000,0.000000,0.000000,0.000000,0.999991,0.000000,4,20260910-234800,kwh,63.988
C:\Users\josep\source\repos\AIOTED-digital\04_joe_lcd_20x32\9_main_dig5_20260804-123218.jpg,9,9,1.000000,0.000000,0.000000,0.000000,0.000000,0.000000,0.000000,0.000000,0.000000,0.000000,1.000000,0.000000,5,20260804-123218,kwh,89.873
C:\Users\josep\source\repos\AIOTED-digital\04_joe_lcd_20x32\9_main_dig5_20260804-133217.jpg,9,9,1.000000,0.000000,0.000000,0.000000,0.000000,0.000000,0.000000,0.000000,0.000000,0.000000,1.000000,0.000000,5,20260804-133217,kwh,59.802
C:\Users\josep\source\repos\AIOTED-digital\04_joe_lcd_20x32\9_main_dig5_20260804-143217.jpg,9,9,1.000000,0.000000,0.000000,0.000000,0.000000,0.000000,0.000000,0.000000,0.000000,0.000000,1.000000,0.000000,5,20260804-143217,kwh,66.177
C:\Users\josep\source\repos\AIOTED-digital\04_joe_lcd_20x32\9_main_dig5_20260804-153217.jpg,9,9,1.000000,0.000000,0.000000,0.000000,0.000000,0.000000,0.000000,0.000000,0.000000,0.000000,1.000000,0.000000,5,20260804-153217,kwh,57.727
C:\Users\josep\source\repos\AIOTED-digital\04_joe_lcd_20x32\9_main_dig5_20260804-163217.jpg,9,9,1.000000,0.000000,0.000000,0.000000,0.000000,0.000000,0.000000,0.000000,0.000000,0.000000,1.000000,0.000000,5,20260804-163217,kwh,55.093
C:\Users\josep\source\repos\AIOTED-digital\04_joe_lcd_20x32\9_main_dig5_20260823-142148.jpg,9,9,1.000000,0.000000,0.000000,0.000000,0.000000,0.000000,0.000000,0.000000,0.000000,0.000000,1.000000,0.000000,5,20260823-142148,kwh,67.153
C:\Users\josep\source\repos\AIOTED-digital\04_joe_lcd_20x32\9_main_dig5_20260823-142948.jpg,9,9,1.000000,0.000000,0.000000,0.000000,0.000000,0.000000,0.000000,0.000000,0.000000,0.000000,1.000000,0.000000,5,20260823-142948,kwh,63.569
C:\Users\josep\source\repos\AIOTED-digital\04_joe_lcd_20x32\9_main_dig5_20260823-164148.jpg,9,9,1.000000,0.000000,0.000000,0.000000,0.000000,0.000000,0.000000,0.000000,0.000000,0.000000,1.000000,0.000000,5,20260823-164148,kwh,60.928
C:\Users\josep\source\repos\AIOTED-digital\04_joe_lcd_20x32\9_main_dig5_20260823-170148.jpg,9,9,1.000000,0.000000,0.000000,0.000000,0.000000,0.000000,0.000000,0.000000,0.000000,0.000000,1.000000,0.000000,5,20260823-170148,kwh,61.091
C:\Users\josep\source\repos\AIOTED-digital\04_joe_lcd_20x32\9_main_dig5_20260823-170948.jpg,9,9,1.000000,0.000000,0.000000,0.000000,0.000000,0.000000,0.000000,0.000000,0.000000,0.000000,1.000000,0.000000,5,20260823-170948,kwh,57.845
C:\Users\josep\source\repos\AIOTED-digital\04_joe_lcd_20x32\9_main_dig5_20260823-171748.jpg,9,9,1.000000,0.000000,0.000000,0.000000,0.000000,0.000000,0.000000,0.000000,0.000000,0.000000,1.000000,0.000000,5,20260823-171748,kwh,59.370
C:\Users\josep\source\repos\AIOTED-digital\04_joe_lcd_20x32\9_main_dig5_20260823-172148.jpg,9,9,1.000000,0.000000,0.000000,0.000000,0.000000,0.000000,0.000000,0.000000,0.000000,0.000000,1.000000,0.000000,5,20260823-172148,kwh,59.419
C:\Users\josep\source\repos\AIOTED-digital\04_joe_lcd_20x32\9_main_dig6_20260731-063205.jpg,9,9,1.000000,0.000000,0.000000,0.000000,0.000000,0.000000,0.000000,0.000000,0.000000,0.000000,1.000000,0.000000,6,20260731-063205,blank09,70.096
C:\Users\josep\source\repos\AIOTED-digital\04_joe_lcd_20x32\9_main_dig6_20260731-071805.jpg,9,9,1.000000,0.000000,0.000000,0.000000,0.000000,0.000000,0.000000,0.000000,0.000000,0.000000,1.000000,0.000000,6,20260731-071805,kwh,122.556
C:\Users\josep\source\repos\AIOTED-digital\04_joe_lcd_20x32\9_main_dig6_20260731-072935.jpg,9,9,1.000000,0.000000,0.000000,0.000000,0.000000,0.000000,0.000000,0.000000,0.000000,0.000000,1.000000,0.000000,6,20260731-072935,kwh,118.562
C:\Users\josep\source\repos\AIOTED-digital\04_joe_lcd_20x32\9_main_dig6_20260731-084555.jpg,9,9,1.000000,0.000000,0.000000,0.000000,0.000000,0.000000,0.000000,0.000000,0.000000,0.000000,1.000000,0.000000,6,20260731-084555,blank09,77.097
C:\Users\josep\source\repos\AIOTED-digital\04_joe_lcd_20x32\9_main_dig6_20260731-085725.jpg,9,9,1.000000,0.000000,0.000000,0.000000,0.000000,0.000000,0.000000,0.000000,0.000000,0.000000,1.000000,0.000000,6,20260731-085725,blank09,77.438
C:\Users\josep\source\repos\AIOTED-digital\04_joe_lcd_20x32\9_main_dig6_20260731-114835.jpg,9,9,1.000000,0.000000,0.000000,0.000000,0.000000,0.000000,0.000000,0.000000,0.000000,0.000000,1.000000,0.000000,6,20260731-114835,blank09,78.758
C:\Users\josep\source\repos\AIOTED-digital\04_joe_lcd_20x32\9_main_dig6_20260731-120005.jpg,9,9,1.000000,0.000000,0.000000,0.000000,0.000000,0.000000,0.000000,0.000000,0.000000,0.000000,1.000000,0.000000,6,20260731-120005,blank09,89.067
C:\Users\josep\source\repos\AIOTED-digital\04_joe_lcd_20x32\9_main_dig6_20260802-111044.jpg,9,9,1.000000,0.000000,0.000000,0.000000,0.000000,0.000000,0.000000,0.000000,0.000000,0.000000,1.000000,0.000000,6,20260802-111044,kwh,64.715
C:\Users\josep\source\repos\AIOTED-digital\04_joe_lcd_20x32\9_main_dig6_20260802-121044.jpg,9,9,0.999999,0.000000,0.000000,0.000000,0.000000,0.000001,0.000000,0.000000,0.000000,0.000000,0.999999,0.000000,6,20260802-121044,kwh,95.964
C:\Users\josep\source\repos\AIOTED-digital\04_joe_lcd_20x32\9_main_dig6_20260802-125444.jpg,9,9,0.998713,0.000000,0.000000,0.000000,0.000000,0.001287,0.000000,0.000000,0.000000,0.000000,0.998713,0.000000,6,20260802-125444,kwh,99.377
C:\Users\josep\source\repos\AIOTED-digital\04_joe_lcd_20x32\9_main_dig6_20260802-141044.jpg,9,9,0.999293,0.000000,0.000000,0.000000,0.000000,0.000707,0.000000,0.000000,0.000000,0.000000,0.999293,0.000000,6,20260802-141044,kwh,121.589
C:\Users\josep\source\repos\AIOTED-digital\04_joe_lcd_20x32\9_main_dig6_20260802-172010.jpg,9,9,1.000000,0.000000,0.000000,0.000000,0.000000,0.000000,0.000000,0.000000,0.000000,0.000000,1.000000,0.000000,6,20260802-172010,kwh,77.082
C:\Users\josep\source\repos\AIOTED-digital\04_joe_lcd_20x32\9_main_dig6_20260804-035125.jpg,9,9,0.514258,0.225860,0.001403,0.000293,0.000734,0.076428,0.013170,0.000615,0.007788,0.158442,0.514258,0.001009,6,20260804-035125,kwh,31.144
C:\Users\josep\source\repos\AIOTED-digital\04_joe_lcd_20x32\9_main_dig6_20260804-063618.jpg,9,9,1.000000,0.000000,0.000000,0.000000,0.000000,0.000000,0.000000,0.000000,0.000000,0.000000,1.000000,0.000000,6,20260804-063618,kwh,42.710
C:\Users\josep\source\repos\AIOTED-digital\04_joe_lcd_20x32\9_main_dig6_20260804-064418.jpg,9,9,1.000000,0.000000,0.000000,0.000000,0.000000,0.000000,0.000000,0.000000,0.000000,0.000000,1.000000,0.000000,6,20260804-064418,kwh,49.820
C:\Users\josep\source\repos\AIOTED-digital\04_joe_lcd_20x32\9_main_dig6_20260804-065618.jpg,9,9,1.000000,0.000000,0.000000,0.000000,0.000000,0.000000,0.000000,0.000000,0.000000,0.000000,1.000000,0.000000,6,20260804-065618,kwh,57.055
C:\Users\josep\source\repos\AIOTED-digital\04_joe_lcd_20x32\9_main_dig6_20260804-070018.jpg,9,9,1.000000,0.000000,0.000000,0.000000,0.000000,0.000000,0.000000,0.000000,0.000000,0.000000,1.000000,0.000000,6,20260804-070018,kwh,60.287
C:\Users\josep\source\repos\AIOTED-digital\04_joe_lcd_20x32\9_main_dig6_20260804-070418.jpg,9,9,1.000000,0.000000,0.000000,0.000000,0.000000,0.000000,0.000000,0.000000,0.000000,0.000000,1.000000,0.000000,6,20260804-070418,kwh,62.783
C:\Users\josep\source\repos\AIOTED-digital\04_joe_lcd_20x32\9_main_dig6_20260804-120418.jpg,9,4,0.724566,0.000000,0.000000,0.000000,0.000000,0.724566,0.000000,0.000000,0.000000,0.000000,0.275434,0.000000,6,20260804-120418,kwh,63.212
C:\Users\josep\source\repos\AIOTED-digital\04_joe_lcd_20x32\9_main_dig6_20260804-122418.jpg,9,9,1.000000,0.000000,0.000000,0.000000,0.000000,0.000000,0.000000,0.000000,0.000000,0.000000,1.000000,0.000000,6,20260804-122418,kwh,65.391
C:\Users\josep\source\repos\AIOTED-digital\04_joe_lcd_20x32\9_main_dig6_20260804-130817.jpg,9,9,0.999770,0.000000,0.000000,0.000000,0.000000,0.000230,0.000000,0.000000,0.000000,0.000000,0.999770,0.000000,6,20260804-130817,blank09,50.359
C:\Users\josep\source\repos\AIOTED-digital\04_joe_lcd_20x32\9_main_dig6_20260804-142817.jpg,9,9,0.999999,0.000000,0.000000,0.000000,0.000000,0.000001,0.000000,0.000000,0.000000,0.000000,0.999999,0.000000,6,20260804-142817,kwh,69.811
C:\Users\josep\source\repos\AIOTED-digital\04_joe_lcd_20x32\9_main_dig6_20260804-144817.jpg,9,9,1.000000,0.000000,0.000000,0.000000,0.000000,0.000000,0.000000,0.000000,0.000000,0.000000,1.000000,0.000000,6,20260804-144817,kwh,63.084
C:\Users\josep\source\repos\AIOTED-digital\04_joe_lcd_20x32\9_main_dig6_20260804-180817.jpg,9,9,1.000000,0.000000,0.000000,0.000000,0.000000,0.000000,0.000000,0.000000,0.000000,0.000000,1.000000,0.000000,6,20260804-180817,kwh,54.209
C:\Users\josep\source\repos\AIOTED-digital\04_joe_lcd_20x32\9_main_dig6_20260804-205217.jpg,9,9,0.936262,0.029209,0.000000,0.000000,0.000000,0.000279,0.000016,0.000000,0.000004,0.034230,0.936262,0.000000,6,20260804-205217,kwh,30.735
C:\Users\josep\source\repos\AIOTED-digital\04_joe_lcd_20x32\9_main_dig6_20260804-210017.jpg,9,9,0.911439,0.025902,0.000000,0.000000,0.000000,0.000716,0.000020,0.000000,0.000007,0.061915,0.911439,0.000000,6,20260804-210017,kwh,30.788
C:\Users\josep\source\repos\AIOTED-digital\04_joe_lcd_20x32\9_main_dig6_20260819-065356.jpg,9,9,0.999998,0.000000,0.000000,0.000000,0.000000,0.000000,0.000000,0.000000,0.000000,0.000002,0.999998,0.000000,6,20260819-065356,kwh,34.904
C:\Users\josep\source\repos\AIOTED-digital\04_joe_lcd_20x32\9_main_dig6_20260823-172148.jpg,9,9,1.000000,0.000000,0.000000,0.000000,0.000000,0.000000,0.000000,0.000000,0.000000,0.000000,1.000000,0.000000,6,20260823-172148,kwh,48.968
C:\Users\josep\source\repos\AIOTED-digital\04_joe_lcd_20x32\9_main_dig6_20260910-023118.jpg,9,9,0.683646,0.013055,0.000033,0.000300,0.006728,0.004076,0.015776,0.000605,0.000999,0.274778,0.683646,0.000003,6,20260910-023118,kwh,27.036
C:\Users\josep\source\repos\AIOTED-digital\04_joe_lcd_20x32\9_main_dig6_20260910-073518.jpg,9,9,0.999577,0.000000,0.000000,0.000000,0.000000,0.000004,0.000000,0.000000,0.000000,0.000420,0.999577,0.000000,6,20260910-073518,blank09,38.063
C:\Users\josep\source\repos\AIOTED-digital\04_joe_lcd_20x32\9_main_dig6_20260910-124001.jpg,9,9,0.999999,0.000000,0.000000,0.000000,0.000000,0.000001,0.000000,0.000000,0.000000,0.000000,0.999999,0.000000,6,20260910-124001,kwh,66.717
C:\Users\josep\source\repos\AIOTED-digital\04_joe_lcd_20x32\9_main_dig6_20260910-232800.jpg,9,9,0.692191,0.016386,0.000038,0.000553,0.004444,0.004707,0.014937,0.000740,0.000797,0.265203,0.692191,0.000004,6,20260910-232800,kwh,27.394
C:\Users\josep\source\repos\AIOTED-digital\04_joe_lcd_20x32\9_main_dig6_20260913-042857.jpg,9,9,0.426393,0.021770,0.000117,0.000320,0.002029,0.011037,0.201031,0.017393,0.000426,0.319473,0.426393,0.000010,6,20260913-042857,kwh,26.801
C:\Users\josep\source\repos\AIOTED-digital\04_joe_lcd_20x32\9_main_dig6_20260913-044057.jpg,9,9,0.503436,0.012755,0.000063,0.000368,0.002496,0.012933,0.202564,0.013377,0.000302,0.251701,0.503436,0.000007,6,20260913-044057,kwh,26.658
C:\Users\josep\source\repos\AIOTED-digital\04_joe_lcd_20x32\9_main_dig6_20260913-104540.jpg,9,9,0.999948,0.000000,0.000000,0.000000,0.000000,0.000003,0.000000,0.000000,0.000000,0.000049,0.999948,0.000000,6,20260913-104540,kwh,67.046
C:\Users\josep\source\repos\AIOTED-digital\04_joe_lcd_20x32\9_main_dig6_20260913-175339.jpg,9,9,0.994792,0.000000,0.000000,0.000000,0.000000,0.000004,0.000000,0.000000,0.000000,0.005204,0.994792,0.000000,6,20260913-175339,kwh,32.662
C:\Users\josep\source\repos\AIOTED-digital\04_joe_lcd_20x32\9_main_dig6_20260914-023739.jpg,9,9,0.372756,0.025875,0.000141,0.000508,0.003070,0.004798,0.221240,0.027588,0.000674,0.343347,0.372756,0.000003,6,20260914-023739,kwh,25.936
C:\Users\josep\source\repos\AIOTED-digital\04_joe_lcd_20x32\9_main_dig6_20260914-131338.jpg,9,9,0.999997,0.000000,0.000000,0.000000,0.000000,0.000000,0.000000,0.000000,0.000000,0.000003,0.999997,0.000000,6,20260914-131338,kwh,74.075
C:\Users\josep\source\repos\AIOTED-digital\04_joe_lcd_20x32\9_main_dig6_20260914-232937.jpg,9,9,0.488453,0.018190,0.000252,0.000336,0.001158,0.033286,0.175018,0.013532,0.000318,0.269445,0.488453,0.000012,6,20260914-232937,kwh,26.102
C:\Users\josep\source\repos\AIOTED-digital\04_joe_lcd_20x32\9_main_dig6_20260927-115443.jpg,9,9,0.999994,0.000000,0.000000,0.000000,0.000000,0.000002,0.000000,0.000000,0.000000,0.000004,0.999994,0.000000,6,20260927-115443,blank09,90.230
C:\Users\josep\source\repos\AIOTED-digital\04_joe_lcd_20x32\9_main_dig6_20260927-213842.jpg,9,9,0.679339,0.010765,0.000201,0.000202,0.002733,0.025891,0.082656,0.002955,0.000685,0.194562,0.679339,0.000010,6,20260927-213842,kwh,27.001
C:\Users\josep\source\repos\AIOTED-digital\04_joe_lcd_20x32\9_main_dig6_20260927-214642.jpg,9,8,0.398441,0.001160,0.000048,0.000417,0.013105,0.009418,0.251108,0.056942,0.000114,0.398441,0.269237,0.000010,6,20260927-214642,kwh,28.768
C:\Users\josep\source\repos\AIOTED-digital\04_joe_lcd_20x32\N_main_dig2_20260731-063205.jpg,N,N,1.000000,0.000000,0.000000,0.000000,0.000000,0.000000,0.000000,0.000000,0.000000,0.000000,0.000000,1.000000,2,20260731-063205,blank09,14.943
C:\Users\josep\source\repos\AIOTED-digital\04_joe_lcd_20x32\N_main_dig2_20260731-084555.jpg,N,N,1.000000,0.000000,0.000000,0.000000,0.000000,0.000000,0.000000,0.000000,0.000000,0.000000,0.000000,1.000000,2,20260731-084555,blank09,29.631
C:\Users\josep\source\repos\AIOTED-digital\04_joe_lcd_20x32\N_main_dig2_20260731-085725.jpg,N,N,1.000000,0.000000,0.000000,0.000000,0.000000,0.000000,0.000000,0.000000,0.000000,0.000000,0.000000,1.000000,2,20260731-085725,blank09,31.851
C:\Users\josep\source\repos\AIOTED-digital\04_joe_lcd_20x32\N_main_dig2_20260731-114835.jpg,N,N,1.000000,0.000000,0.000000,0.000000,0.000000,0.000000,0.000000,0.000000,0.000000,0.000000,0.000000,1.000000,2,20260731-114835,blank09,35.224
C:\Users\josep\source\repos\AIOTED-digital\04_joe_lcd_20x32\N_main_dig2_20260731-120005.jpg,N,N,1.000000,0.000000,0.000000,0.000000,0.000000,0.000000,0.000000,0.000000,0.000000,0.000000,0.000000,1.000000,2,20260731-120005,blank09,35.020
C:\Users\josep\source\repos\AIOTED-digital\04_joe_lcd_20x32\N_main_dig2_20260802-103044.jpg,N,N,0.999999,0.000000,0.000000,0.000001,0.000000,0.000000,0.000000,0.000000,0.000000,0.000000,0.000000,0.999999,2,20260802-103044,blank09,43.885
C:\Users\josep\source\repos\AIOTED-digital\04_joe_lcd_20x32\N_main_dig2_20260802-213210.jpg,N,N,1.000000,0.000000,0.000000,0.000000,0.000000,0.000000,0.000000,0.000000,0.000000,0.000000,0.000000,1.000000,2,20260802-213210,blank09,143.727
C:\Users\josep\source\repos\AIOTED-digital\04_joe_lcd_20x32\N_main_dig2_20260802-233210.jpg,N,N,1.000000,0.000000,0.000000,0.000000,0.000000,0.000000,0.000000,0.000000,0.000000,0.000000,0.000000,1.000000,2,20260802-233210,blank09,143.200
C:\Users\josep\source\repos\AIOTED-digital\04_joe_lcd_20x32\N_main_dig2_20260804-010325.jpg,N,N,1.000000,0.000000,0.000000,0.000000,0.000000,0.000000,0.000000,0.000000,0.000000,0.000000,0.000000,1.000000,2,20260804-010325,blank09,132.467
C:\Users\josep\source\repos\AIOTED-digital\04_joe_lcd_20x32\N_main_dig2_20260804-050325.jpg,N,N,1.000000,0.000000,0.000000,0.000000,0.000000,0.000000,0.000000,0.000000,0.000000,0.000000,0.000000,1.000000,2,20260804-050325,blank09,130.217
C:\Users\josep\source\repos\AIOTED-digital\04_joe_lcd_20x32\N_main_dig2_20260804-064018.jpg,N,N,1.000000,0.000000,0.000000,0.000000,0.000000,0.000000,0.000000,0.000000,0.000000,0.000000,0.000000,1.000000,2,20260804-064018,blank09,92.259
C:\Users\josep\source\repos\AIOTED-digital\04_joe_lcd_20x32\N_main_dig2_20260804-221617.jpg,N,N,1.000000,0.000000,0.000000,0.000000,0.000000,0.000000,0.000000,0.000000,0.000000,0.000000,0.000000,1.000000,2,20260804-221617,blank09,118.577
C:\Users\josep\source\repos\AIOTED-digital\04_joe_lcd_20x32\N_main_dig2_20260816-041802.jpg,N,N,0.999986,0.000000,0.000000,0.000000,0.000004,0.000000,0.000000,0.000000,0.000000,0.000000,0.000010,0.999986,2,20260816-041802,blank09,103.402
C:\Users\josep\source\repos\AIOTED-digital\04_joe_lcd_20x32\N_main_dig2_20260816-063802.jpg,N,N,1.000000,0.000000,0.000000,0.000000,0.000000,0.000000,0.000000,0.000000,0.000000,0.000000,0.000000,1.000000,2,20260816-063802,blank09,96.928
C:\Users\josep\source\repos\AIOTED-digital\04_joe_lcd_20x32\N_main_dig2_20260816-180601.jpg,N,N,1.000000,0.000000,0.000000,0.000000,0.000000,0.000000,0.000000,0.000000,0.000000,0.000000,0.000000,1.000000,2,20260816-180601,blank09,94.194
C:\Users\josep\source\repos\AIOTED-digital\04_joe_lcd_20x32\N_main_dig2_20260819-191755.jpg,N,N,1.000000,0.000000,0.000000,0.000000,0.000000,0.000000,0.000000,0.000000,0.000000,0.000000,0.000000,1.000000,2,20260819-191755,blank09,97.857
C:\Users\josep\source\repos\AIOTED-digital\04_joe_lcd_20x32\N_main_dig2_20260819-193755.jpg,N,N,1.000000,0.000000,0.000000,0.000000,0.000000,0.000000,0.000000,0.000000,0.000000,0.000000,0.000000,1.000000,2,20260819-193755,blank09,98.966
C:\Users\josep\source\repos\AIOTED-digital\04_joe_lcd_20x32\N_main_dig2_20260823-160548.jpg,N,N,1.000000,0.000000,0.000000,0.000000,0.000000,0.000000,0.000000,0.000000,0.000000,0.000000,0.000000,1.000000,2,20260823-160548,blank09,73.185
C:\Users\josep\source\repos\AIOTED-digital\04_joe_lcd_20x32\N_main_dig2_20260910-012718.jpg,N,N,1.000000,0.000000,0.000000,0.000000,0.000000,0.000000,0.000000,0.000000,0.000000,0.000000,0.000000,1.000000,2,20260910-012718,blank09,98.655
C:\Users\josep\source\repos\AIOTED-digital\04_joe_lcd_20x32\N_main_dig2_20260910-065518.jpg,N,N,1.000000,0.000000,0.000000,0.000000,0.000000,0.000000,0.000000,0.000000,0.000000,0.000000,0.000000,1.000000,2,20260910-065518,blank09,92.302
C:\Users\josep\source\repos\AIOTED-digital\04_joe_lcd_20x32\N_main_dig2_20260910-125601.jpg,N,N,1.000000,0.000000,0.000000,0.000000,0.000000,0.000000,0.000000,0.000000,0.000000,0.000000,0.000000,1.000000,2,20260910-125601,blank09,48.822
C:\Users\josep\source\repos\AIOTED-digital\04_joe_lcd_20x32\N_main_dig2_20260913-122540.jpg,N,N,1.000000,0.000000,0.000000,0.000000,0.000000,0.000000,0.000000,0.000000,0.000000,0.000000,0.000000,1.000000,2,20260913-122540,blank09,56.517
C:\Users\josep\source\repos\AIOTED-digital\04_joe_lcd_20x32\N_main_dig2_20260913-185339.jpg,N,N,1.000000,0.000000,0.000000,0.000000,0.000000,0.000000,0.000000,0.000000,0.000000,0.000000,0.000000,1.000000,2,20260913-185339,blank09,92.668
C:\Users\josep\source\repos\AIOTED-digital\04_joe_lcd_20x32\N_main_dig2_20260914-161738.jpg,N,N,1.000000,0.000000,0.000000,0.000000,0.000000,0.000000,0.000000,0.000000,0.000000,0.000000,0.000000,1.000000,2,20260914-161738,blank09,81.853
C:\Users\josep\source\repos\AIOTED-digital\04_joe_lcd_20x32\N_main_dig2_20260914-163738.jpg,N,N,1.000000,0.000000,0.000000,0.000000,0.000000,0.000000,0.000000,0.000000,0.000000,0.000000,0.000000,1.000000,2,20260914-163738,blank09,82.634
C:\Users\josep\source\repos\AIOTED-digital\04_joe_lcd_20x32\N_main_dig2_20260927-033814.jpg,N,N,1.000000,0.000000,0.000000,0.000000,0.000000,0.000000,0.000000,0.000000,0.000000,0.000000,0.000000,1.000000,2,20260927-033814,blank09,99.423
C:\Users\josep\source\repos\AIOTED-digital\04_joe_lcd_20x32\N_main_dig2_20260927-123442.jpg,N,N,1.000000,0.000000,0.000000,0.000000,0.000000,0.000000,0.000000,0.000000,0.000000,0.000000,0.000000,1.000000,2,20260927-123442,blank09,55.047
C:\Users\josep\source\repos\AIOTED-digital\04_joe_lcd_20x32\N_main_dig2_20260927-222242.jpg,N,N,0.999999,0.000000,0.000000,0.000000,0.000000,0.000000,0.000000,0.000000,0.000000,0.000000,0.000000,0.999999,2,20260927-222242,blank09,94.697
C:\Users\josep\source\repos\AIOTED-digital\04_joe_lcd_20x32\N_main_dig3_20260731-063205.jpg,N,N,0.999954,0.000000,0.000000,0.000000,0.000000,0.000000,0.000044,0.000000,0.000000,0.000000,0.000000,0.999954,3,20260731-063205,blank09,19.200
C:\Users\josep\source\repos\AIOTED-digital\04_joe_lcd_20x32\N_main_dig3_20260731-084555.jpg,N,N,1.000000,0.000000,0.000000,0.000000,0.000000,0.000000,0.000000,0.000000,0.000000,0.000000,0.000000,1.000000,3,20260731-084555,blank09,31.439
C:\Users\josep\source\repos\AIOTED-digital\04_joe_lcd_20x32\N_main_dig3_20260731-085725.jpg,N,N,1.000000,0.000000,0.000000,0.000000,0.000000,0.000000,0.000000,0.000000,0.000000,0.000000,0.000000,1.000000,3,20260731-085725,blank09,31.124
C:\Users\josep\source\repos\AIOTED-digital\04_joe_lcd_20x32\N_main_dig3_20260731-114835.jpg,N,N,1.000000,0.000000,0.000000,0.000000,0.000000,0.000000,0.000000,0.000000,0.000000,0.000000,0.000000,1.000000,3,20260731-114835,blank09,35.687
C:\Users\josep\source\repos\AIOTED-digital\04_joe_lcd_20x32\N_main_dig3_20260731-120005.jpg,N,N,1.000000,0.000000,0.000000,0.000000,0.000000,0.000000,0.000000,0.000000,0.000000,0.000000,0.000000,1.000000,3,20260731-120005,blank09,34.566
C:\Users\josep\source\repos\AIOTED-digital\04_joe_lcd_20x32\N_main_dig3_20260802-103044.jpg,N,N,1.000000,0.000000,0.000000,0.000000,0.000000,0.000000,0.000000,0.000000,0.000000,0.000000,0.000000,1.000000,3,20260802-103044,blank09,45.956
C:\Users\josep\source\repos\AIOTED-digital\04_joe_lcd_20x32\N_main_dig3_20260802-213210.jpg,N,N,0.999999,0.000000,0.000000,0.000000,0.000000,0.000000,0.000001,0.000000,0.000000,0.000000,0.000000,0.999999,3,20260802-213210,blank09,160.744
C:\Users\josep\source\repos\AIOTED-digital\04_joe_lcd_20x32\N_main_dig3_20260802-233210.jpg,N,N,1.000000,0.000000,0.000000,0.000000,0.000000,0.000000,0.000000,0.000000,0.000000,0.000000,0.000000,1.000000,3,20260802-233210,blank09,157.519
C:\Users\josep\source\repos\AIOTED-digital\04_joe_lcd_20x32\N_main_dig3_20260804-010325.jpg,N,N,0.999997,0.000000,0.000000,0.000000,0.000000,0.000000,0.000000,0.000000,0.000002,0.000000,0.000000,0.999997,3,20260804-010325,blank09,161.552
C:\Users\josep\source\repos\AIOTED-digital\04_joe_lcd_20x32\N_main_dig3_20260804-064018.jpg,N,N,1.000000,0.000000,0.000000,0.000000,0.000000,0.000000,0.000000,0.000000,0.000000,0.000000,0.000000,1.000000,3,20260804-064018,blank09,112.986
C:\Users\josep\source\repos\AIOTED-digital\04_joe_lcd_20x32\N_main_dig3_20260804-130817.jpg,N,N,1.000000,0.000000,0.000000,0.000000,0.000000,0.000000,0.000000,0.000000,0.000000,0.000000,0.000000,1.000000,3,20260804-130817,blank09,31.178
C:\Users\josep\source\repos\AIOTED-digital\04_joe_lcd_20x32\N_main_dig3_20260816-063802.jpg,N,N,1.000000,0.000000,0.000000,0.000000,0.000000,0.000000,0.000000,0.000000,0.000000,0.000000,0.000000,1.000000,3,20260816-063802,blank09,96.546
C:\Users\josep\source\repos\AIOTED-digital\04_joe_lcd_20x32\N_main_dig3_20260816-144601.jpg,N,N,1.000000,0.000000,0.000000,0.000000,0.000000,0.000000,0.000000,0.000000,0.000000,0.000000,0.000000,1.000000,3,20260816-144601,blank09,63.494
C:\Users\josep\source\repos\AIOTED-digital\04_joe_lcd_20x32\N_main_dig3_20260816-174601.jpg,N,N,1.000000,0.000000,0.000000,0.000000,0.000000,0.000000,0.000000,0.000000,0.000000,0.000000,0.000000,1.000000,3,20260816-174601,blank09,88.853
C:\Users\josep\source\repos\AIOTED-digital\04_joe_lcd_20x32\N_main_dig3_20260819-004157.jpg,N,N,1.000000,0.000000,0.000000,0.000000,0.000000,0.000000,0.000000,0.000000,0.000000,0.000000,0.000000,1.000000,3,20260819-004157,blank09,105.112
C:\Users\josep\source\repos\AIOTED-digital\04_joe_lcd_20x32\N_main_dig3_20260819-114956.jpg,N,N,1.000000,0.000000,0.000000,0.000000,0.000000,0.000000,0.000000,0.000000,0.000000,0.000000,0.000000,1.000000,3,20260819-114956,blank09,52.797
C:\Users\josep\source\repos\AIOTED-digital\04_joe_lcd_20x32\N_main_dig3_20260819-171755.jpg,N,N,1.000000,0.000000,0.000000,0.000000,0.000000,0.000000,0.000000,0.000000,0.000000,0.000000,0.000000,1.000000,3,20260819-171755,blank09,94.875
C:\Users\josep\source\repos\AIOTED-digital\04_joe_lcd_20x32\N_main_dig3_20260823-025749.jpg,N,N,1.000000,0.000000,0.000000,0.000000,0.000000,0.000000,0.000000,0.000000,0.000000,0.000000,0.000000,1.000000,3,20260823-025749,blank09,98.065
C:\Users\josep\source\repos\AIOTED-digital\04_joe_lcd_20x32\N_main_dig3_20260823-065749.jpg,N,N,1.000000,0.000000,0.000000,0.000000,0.000000,0.000000,0.000000,0.000000,0.000000,0.000000,0.000000,1.000000,3,20260823-065749,blank09,90.270
C:\Users\josep\source\repos\AIOTED-digital\04_joe_lcd_20x32\N_main_dig3_20260823-130548.jpg,N,N,1.000000,0.000000,0.000000,0.000000,0.000000,0.000000,0.000000,0.000000,0.000000,0.000000,0.000000,1.000000,3,20260823-130548,blank09,65.245
C:\Users\josep\source\repos\AIOTED-digital\04_joe_lcd_20x32\N_main_dig3_20260910-073518.jpg,N,N,1.000000,0.000000,0.000000,0.000000,0.000000,0.000000,0.000000,0.000000,0.000000,0.000000,0.000000,1.000000,3,20260910-073518,blank09,85.452
C:\Users\josep\source\repos\AIOTED-digital\04_joe_lcd_20x32\N_main_dig3_20260910-135601.jpg,N,N,1.000000,0.000000,0.000000,0.000000,0.000000,0.000000,0.000000,0.000000,0.000000,0.000000,0.000000,1.000000,3,20260910-135601,blank09,53.478
C:\Users\josep\source\repos\AIOTED-digital\04_joe_lcd_20x32\N_main_dig3_20260910-222400.jpg,N,N,1.000000,0.000000,0.000000,0.000000,0.000000,0.000000,0.000000,0.000000,0.000000,0.000000,0.000000,1.000000,3,20260910-222400,blank09,95.358
C:\Users\josep\source\repos\AIOTED-digital\04_joe_lcd_20x32\N_main_dig3_20260913-161339.jpg,N,N,1.000000,0.000000,0.000000,0.000000,0.000000,0.000000,0.000000,0.000000,0.000000,0.000000,0.000000,1.000000,3,20260913-161339,blank09,81.612
C:\Users\josep\source\repos\AIOTED-digital\04_joe_lcd_20x32\N_main_dig3_20260913-173339.jpg,N,N,1.000000,0.000000,0.000000,0.000000,0.000000,0.000000,0.000000,0.000000,0.000000,0.000000,0.000000,1.000000,3,20260913-173339,blank09,84.808
C:\Users\josep\source\repos\AIOTED-digital\04_joe_lcd_20x32\N_main_dig3_20260914-100938.jpg,N,N,1.000000,0.000000,0.000000,0.000000,0.000000,0.000000,0.000000,0.000000,0.000000,0.000000,0.000000,1.000000,3,20260914-100938,blank09,51.483
C:\Users\josep\source\repos\AIOTED-digital\04_joe_lcd_20x32\N_main_dig3_20260914-165738.jpg,N,N,1.000000,0.000000,0.000000,0.000000,0.000000,0.000000,0.000000,0.000000,0.000000,0.000000,0.000000,1.000000,3,20260914-165738,blank09,85.890
C:\Users\josep\source\repos\AIOTED-digital\04_joe_lcd_20x32\N_main_dig3_20260914-195737.jpg,N,N,1.000000,0.000000,0.000000,0.000000,0.000000,0.000000,0.000000,0.000000,0.000000,0.000000,0.000000,1.000000,3,20260914-195737,blank09,92.945
C:\Users\josep\source\repos\AIOTED-digital\04_joe_lcd_20x32\N_main_dig3_20260927-073814.jpg,N,N,1.000000,0.000000,0.000000,0.000000,0.000000,0.000000,0.000000,0.000000,0.000000,0.000000,0.000000,1.000000,3,20260927-073814,blank09,86.710
C:\Users\josep\source\repos\AIOTED-digital\04_joe_lcd_20x32\N_main_dig3_20260927-115443.jpg,N,N,1.000000,0.000000,0.000000,0.000000,0.000000,0.000000,0.000000,0.000000,0.000000,0.000000,0.000000,1.000000,3,20260927-115443,blank09,51.257
C:\Users\josep\source\repos\AIOTED-digital\04_joe_lcd_20x32\N_main_dig4_20260731-063205.jpg,N,N,1.000000,0.000000,0.000000,0.000000,0.000000,0.000000,0.000000,0.000000,0.000000,0.000000,0.000000,1.000000,4,20260731-063205,blank09,24.940
C:\Users\josep\source\repos\AIOTED-digital\04_joe_lcd_20x32\N_main_dig4_20260731-084555.jpg,N,N,1.000000,0.000000,0.000000,0.000000,0.000000,0.000000,0.000000,0.000000,0.000000,0.000000,0.000000,1.000000,4,20260731-084555,blank09,24.983
C:\Users\josep\source\repos\AIOTED-digital\04_joe_lcd_20x32\N_main_dig4_20260731-085725.jpg,N,N,1.000000,0.000000,0.000000,0.000000,0.000000,0.000000,0.000000,0.000000,0.000000,0.000000,0.000000,1.000000,4,20260731-085725,blank09,26.028
C:\Users\josep\source\repos\AIOTED-digital\04_joe_lcd_20x32\N_main_dig4_20260731-114835.jpg,N,N,1.000000,0.000000,0.000000,0.000000,0.000000,0.000000,0.000000,0.000000,0.000000,0.000000,0.000000,1.000000,4,20260731-114835,blank09,27.960
C:\Users\josep\source\repos\AIOTED-digital\04_joe_lcd_20x32\N_main_dig4_20260731-120005.jpg,N,N,1.000000,0.000000,0.000000,0.000000,0.000000,0.000000,0.000000,0.000000,0.000000,0.000000,0.000000,1.000000,4,20260731-120005,blank09,27.942
C:\Users\josep\source\repos\AIOTED-digital\04_joe_lcd_20x32\N_main_dig4_20260802-103044.jpg,N,N,1.000000,0.000000,0.000000,0.000000,0.000000,0.000000,0.000000,0.000000,0.000000,0.000000,0.000000,1.000000,4,20260802-103044,blank09,80.726
C:\Users\josep\source\repos\AIOTED-digital\04_joe_lcd_20x32\N_main_dig4_20260802-213210.jpg,N,N,0.997258,0.000000,0.000000,0.000000,0.000000,0.000001,0.002518,0.000001,0.000000,0.000000,0.000221,0.997258,4,20260802-213210,blank09,98.426
C:\Users\josep\source\repos\AIOTED-digital\04_joe_lcd_20x32\N_main_dig4_20260802-233210.jpg,N,N,0.999410,0.000000,0.000000,0.000000,0.000000,0.000000,0.000587,0.000000,0.000000,0.000000,0.000003,0.999410,4,20260802-233210,blank09,95.739
C:\Users\josep\source\repos\AIOTED-digital\04_joe_lcd_20x32\N_main_dig4_20260804-010325.jpg,N,N,0.999977,0.000000,0.000000,0.000000,0.000000,0.000000,0.000023,0.000000,0.000000,0.000000,0.000000,0.999977,4,20260804-010325,blank09,99.673
C:\Users\josep\source\repos\AIOTED-digital\04_joe_lcd_20x32\N_main_dig4_20260804-050325.jpg,N,N,1.000000,0.000000,0.000000,0.000000,0.000000,0.000000,0.000000,0.000000,0.000000,0.000000,0.000000,1.000000,4,20260804-050325,blank09,107.121
C:\Users\josep\source\repos\AIOTED-digital\04_joe_lcd_20x32\N_main_dig4_20260804-130817.jpg,N,N,1.000000,0.000000,0.000000,0.000000,0.000000,0.000000,0.000000,0.000000,0.000000,0.000000,0.000000,1.000000,4,20260804-130817,blank09,33.295
C:\Users\josep\source\repos\AIOTED-digital\04_joe_lcd_20x32\N_main_dig4_20260804-221617.jpg,N,N,1.000000,0.000000,0.000000,0.000000,0.000000,0.000000,0.000000,0.000000,0.000000,0.000000,0.000000,1.000000,4,20260804-221617,blank09,68.812
C:\Users\josep\source\repos\AIOTED-digital\04_joe_lcd_20x32\N_main_dig4_20260816-075802.jpg,N,N,1.000000,0.000000,0.000000,0.000000,0.000000,0.000000,0.000000,0.000000,0.000000,0.000000,0.000000,1.000000,4,20260816-075802,blank09,55.836
C:\Users\josep\source\repos\AIOTED-digital\04_joe_lcd_20x32\N_main_dig4_20260816-174601.jpg,N,N,1.000000,0.000000,0.000000,0.000000,0.000000,0.000000,0.000000,0.000000,0.000000,0.000000,0.000000,1.000000,4,20260816-174601,blank09,47.324
C:\Users\josep\source\repos\AIOTED-digital\04_joe_lcd_20x32\N_main_dig4_20260816-211401.jpg,N,N,1.000000,0.000000,0.000000,0.000000,0.000000,0.000000,0.000000,0.000000,0.000000,0.000000,0.000000,1.000000,4,20260816-211401,blank09,53.929
C:\Users\josep\source\repos\AIOTED-digital\04_joe_lcd_20x32\N_main_dig4_20260819-022157.jpg,N,N,1.000000,0.000000,0.000000,0.000000,0.000000,0.000000,0.000000,0.000000,0.000000,0.000000,0.000000,1.000000,4,20260819-022157,blank09,54.279
C:\Users\josep\source\repos\AIOTED-digital\04_joe_lcd_20x32\N_main_dig4_20260819-151756.jpg,N,N,1.000000,0.000000,0.000000,0.000000,0.000000,0.000000,0.000000,0.000000,0.000000,0.000000,0.000000,1.000000,4,20260819-151756,blank09,53.911
C:\Users\josep\source\repos\AIOTED-digital\04_joe_lcd_20x32\N_main_dig4_20260819-185755.jpg,N,N,1.000000,0.000000,0.000000,0.000000,0.000000,0.000000,0.000000,0.000000,0.000000,0.000000,0.000000,1.000000,4,20260819-185755,blank09,48.962
C:\Users\josep\source\repos\AIOTED-digital\04_joe_lcd_20x32\N_main_dig4_20260823-051749.jpg,N,N,1.000000,0.000000,0.000000,0.000000,0.000000,0.000000,0.000000,0.000000,0.000000,0.000000,0.000000,1.000000,4,20260823-051749,blank09,52.112
C:\Users\josep\source\repos\AIOTED-digital\04_joe_lcd_20x32\N_main_dig4_20260823-122548.jpg,N,N,1.000000,0.000000,0.000000,0.000000,0.000000,0.000000,0.000000,0.000000,0.000000,0.000000,0.000000,1.000000,4,20260823-122548,blank09,38.265
C:\Users\josep\source\repos\AIOTED-digital\04_joe_lcd_20x32\N_main_dig4_20260910-000719.jpg,N,N,1.000000,0.000000,0.000000,0.000000,0.000000,0.000000,0.000000,0.000000,0.000000,0.000000,0.000000,1.000000,4,20260910-000719,blank09,52.162
C:\Users\josep\source\repos\AIOTED-digital\04_joe_lcd_20x32\N_main_dig4_20260910-065518.jpg,N,N,1.000000,0.000000,0.000000,0.000000,0.000000,0.000000,0.000000,0.000000,0.000000,0.000000,0.000000,1.000000,4,20260910-065518,blank09,49.985
C:\Users\josep\source\repos\AIOTED-digital\04_joe_lcd_20x32\N_main_dig4_20260910-145601.jpg,N,N,1.000000,0.000000,0.000000,0.000000,0.000000,0.000000,0.000000,0.000000,0.000000,0.000000,0.000000,1.000000,4,20260910-145601,blank09,55.904
C:\Users\josep\source\repos\AIOTED-digital\04_joe_lcd_20x32\N_main_dig4_20260913-060457.jpg,N,N,1.000000,0.000000,0.000000,0.000000,0.000000,0.000000,0.000000,0.000000,0.000000,0.000000,0.000000,1.000000,4,20260913-060457,blank09,52.735
C:\Users\josep\source\repos\AIOTED-digital\04_joe_lcd_20x32\N_main_dig4_20260913-112540.jpg,N,N,1.000000,0.000000,0.000000,0.000000,0.000000,0.000000,0.000000,0.000000,0.000000,0.000000,0.000000,1.000000,4,20260913-112540,blank09,48.990
C:\Users\josep\source\repos\AIOTED-digital\04_joe_lcd_20x32\N_main_dig4_20260913-185339.jpg,N,N,1.000000,0.000000,0.000000,0.000000,0.000000,0.000000,0.000000,0.000000,0.000000,0.000000,0.000000,1.000000,4,20260913-185339,blank09,48.387
C:\Users\josep\source\repos\AIOTED-digital\04_joe_lcd_20x32\N_main_dig4_20260914-042139.jpg,N,N,1.000000,0.000000,0.000000,0.000000,0.000000,0.000000,0.000000,0.000000,0.000000,0.000000,0.000000,1.000000,4,20260914-042139,blank09,51.148
C:\Users\josep\source\repos\AIOTED-digital\04_joe_lcd_20x32\N_main_dig4_20260914-080938.jpg,N,N,1.000000,0.000000,0.000000,0.000000,0.000000,0.000000,0.000000,0.000000,0.000000,0.000000,0.000000,1.000000,4,20260914-080938,blank09,60.684
C:\Users\josep\source\repos\AIOTED-digital\04_joe_lcd_20x32\N_main_dig4_20260914-163738.jpg,N,N,1.000000,0.000000,0.000000,0.000000,0.000000,0.000000,0.000000,0.000000,0.000000,0.000000,0.000000,1.000000,4,20260914-163738,blank09,48.140
C:\Users\josep\source\repos\AIOTED-digital\04_joe_lcd_20x32\N_main_dig4_20260927-123442.jpg,N,N,1.000000,0.000000,0.000000,0.000000,0.000000,0.000000,0.000000,0.000000,0.000000,0.000000,0.000000,1.000000,4,20260927-123442,blank09,77.171
C:\Users\josep\source\repos\AIOTED-digital\04_joe_lcd_20x32\N_main_dig4_20260927-180242.jpg,N,N,1.000000,0.000000,0.000000,0.000000,0.000000,0.000000,0.000000,0.000000,0.000000,0.000000,0.000000,1.000000,4,20260927-180242,blank09,50.111
C:\Users\josep\source\repos\AIOTED-digital\04_joe_lcd_20x32\N_main_dig4_20260927-184242.jpg,N,N,1.000000,0.000000,0.000000,0.000000,0.000000,0.000000,0.000000,0.000000,0.000000,0.000000,0.000000,1.000000,4,20260927-184242,blank09,52.146
