path,label,pred,conf,p0,p1,p2,p3,p4,p5,p6,p7,p8,p9,pN,position,frame,screen,contrast
C:\Users\josep\source\repos\AIOTED-digital\04_joe_lcd_20x32\0_main_dig2_20260806-014815.jpg,0,0,0.999909,0.999909,0.000000,0.000000,0.000000,0.000000,0.000000,0.000000,0.000000,0.000091,0.000000,0.000000,2,20260806-014815,zeros,120.134
C:\Users\josep\source\repos\AIOTED-digital\04_joe_lcd_20x32\0_main_dig2_20260806-073614.jpg,0,0,1.000000,1.000000,0.000000,0.000000,0.000000,0.000000,0.000000,0.000000,0.000000,0.000000,0.000000,0.000000,2,20260806-073614,zeros,94.160
C:\Users\josep\source\repos\AIOTED-digital\04_joe_lcd_20x32\0_main_dig2_20260820-033355.jpg,0,0,1.000000,1.000000,0.000000,0.000000,0.000000,0.000000,0.000000,0.000000,0.000000,0.000000,0.000000,0.000000,2,20260820-033355,zeros,103.075
C:\Users\josep\source\repos\AIOTED-digital\04_joe_lcd_20x32\0_main_dig2_20260820-063354.jpg,0,0,1.000000,1.000000,0.000000,0.000000,0.000000,0.000000,0.000000,0.000000,0.000000,0.000000,0.000000,0.000000,2,20260820-063354,zeros,96.060
C:\Users\josep\source\repos\AIOTED-digital\04_joe_lcd_20x32\0_main_dig2_20260821-100552.jpg,0,0,0.999999,0.999999,0.000000,0.000000,0.000000,0.000000,0.000000,0.000000,0.000000,0.000001,0.000000,0.000000,2,20260821-100552,zeros,96.139
C:\Users\josep\source\repos\AIOTED-digital\04_joe_lcd_20x32\0_main_dig2_20260821-124552.jpg,0,0,0.999999,0.999999,0.000000,0.000000,0.000000,0.000000,0.000000,0.000000,0.000000,0.000001,0.000000,0.000000,2,20260821-124552,zeros,83.392
C:\Users\josep\source\repos\AIOTED-digital\04_joe_lcd_20x32\0_main_dig2_20260904-053906.jpg,0,0,0.999994,0.999994,0.000000,0.000000,0.000000,0.000000,0.000000,0.000000,0.000000,0.000006,0.000000,0.000000,2,20260904-053906,zeros,101.657
C:\Users\josep\source\repos\AIOTED-digital\04_joe_lcd_20x32\0_main_dig2_20260904-092706.jpg,0,0,1.000000,1.000000,0.000000,0.000000,0.000000,0.000000,0.000000,0.000000,0.000000,0.000000,0.000000,0.000000,2,20260904-092706,zeros,93.214
C:\Users\josep\source\repos\AIOTED-digital\04_joe_lcd_20x32\0_main_dig2_20260904-102705.jpg,0,0,1.000000,1.000000,0.000000,0.000000,0.000000,0.000000,0.000000,0.000000,0.000000,0.000000,0.000000,0.000000,2,20260904-102705,zeros,79.649
C:\Users\josep\source\repos\AIOTED-digital\04_joe_lcd_20x32\0_main_dig2_20260904-230658.jpg,0,0,0.999984,0.999984,0.000000,0.000000,0.000000,0.000000,0.000000,0.000000,0.000000,0.000016,0.000000,0.000000,2,20260904-230658,zeros,94.265
C:\Users\josep\source\repos\AIOTED-digital\04_joe_lcd_20x32\0_main_dig2_20260912-063227.jpg,0,0,0.999999,0.999999,0.000000,0.000000,0.000000,0.000000,0.000000,0.000000,0.000000,0.000001,0.000000,0.000000,2,20260912-063227,zeros,100.709
C:\Users\josep\source\repos\AIOTED-digital\04_joe_lcd_20x32\0_main_dig2_20260912-092027.jpg,0,0,0.999972,0.999972,0.000000,0.000000,0.000000,0.000000,0.000000,0.000000,0.000000,0.000028,0.000000,0.000000,2,20260912-092027,zeros,80.914
C:\Users\josep\source\repos\AIOTED-digital\04_joe_lcd_20x32\0_main_dig2_20260912-171658.jpg,0,0,0.997544,0.997544,0.000000,0.000000,0.000000,0.000000,0.000000,0.000000,0.000000,0.002456,0.000000,0.000000,2,20260912-171658,zeros,88.676
C:\Users\josep\source\repos\AIOTED-digital\04_joe_lcd_20x32\0_main_dig2_20260920-015328.jpg,0,0,0.999928,0.999928,0.000000,0.000000,0.000000,0.000000,0.000000,0.000000,0.000000,0.000072,0.000000,0.000000,2,20260920-015328,zeros,97.972
C:\Users\josep\source\repos\AIOTED-digital\04_joe_lcd_20x32\0_main_dig2_20260920-150127.jpg,0,0,0.999993,0.999993,0.000000,0.000000,0.000000,0.000000,0.000000,0.000000,0.000000,0.000007,0.000000,0.000000,2,20260920-150127,zeros,83.174
C:\Users\josep\source\repos\AIOTED-digital\04_joe_lcd_20x32\0_main_dig2_20260920-162927.jpg,0,0,0.999450,0.999450,0.000000,0.000000,0.000000,0.000000,0.000000,0.000000,0.000000,0.000550,0.000000,0.000000,2,20260920-162927,zeros,86.955
C:\Users\josep\source\repos\AIOTED-digital\04_joe_lcd_20x32\0_main_dig2_20260921-043726.jpg,0,0,0.999958,0.999958,0.000000,0.000000,0.000000,0.000000,0.000000,0.000000,0.000000,0.000042,0.000000,0.000000,2,20260921-043726,zeros,98.510
C:\Users\josep\source\repos\AIOTED-digital\04_joe_lcd_20x32\0_main_dig2_20260921-065726.jpg,0,0,0.999951,0.999951,0.000000,0.000000,0.000000,0.000000,0.000000,0.000000,0.000000,0.000049,0.000000,0.000000,2,20260921-065726,zeros,94.918
C:\Users\josep\source\repos\AIOTED-digital\04_joe_lcd_20x32\0_main_dig2_20260921-082526.jpg,0,0,0.999998,0.999998,0.000000,0.000000,0.000000,0.000000,0.000000,0.000000,0.000000,0.000002,0.000000,0.000000,2,20260921-082526,zeros,83.323
C:\Users\josep\source\repos\AIOTED-digital\04_joe_lcd_20x32\0_main_dig2_20260921-155325.jpg,0,0,0.999933,0.999933,0.000000,0.000000,0.000000,0.000000,0.000000,0.000000,0.000000,0.000066,0.000000,0.000000,2,20260921-155325,zeros,83.826
C:\Users\josep\source\repos\AIOTED-digital\04_joe_lcd_20x32\0_main_dig2_20260924-054550.jpg,0,0,0.999909,0.999909,0.000000,0.000000,0.000000,0.000000,0.000000,0.000000,0.000000,0.000091,0.000000,0.000000,2,20260924-054550,zeros,95.705
C:\Users\josep\source\repos\AIOTED-digital\04_joe_lcd_20x32\0_main_dig2_20260924-080550.jpg,0,0,0.999899,0.999899,0.000000,0.000000,0.000000,0.000000,0.000000,0.000000,0.000000,0.000101,0.000000,0.000000,2,20260924-080550,zeros,80.719
C:\Users\josep\source\repos\AIOTED-digital\04_joe_lcd_20x32\0_main_dig2_20260924-160218.jpg,0,0,0.999996,0.999996,0.000000,0.000000,0.000000,0.000000,0.000000,0.000000,0.000000,0.000004,0.000000,0.000000,2,20260924-160218,zeros,84.897
C:\Users\josep\source\repos\AIOTED-digital\04_joe_lcd_20x32\0_main_dig2_20260924-180218.jpg,0,0,0.999830,0.999830,0.000000,0.000000,0.000000,0.000000,0.000000,0.000000,0.000000,0.000170,0.000000,0.000000,2,20260924-180218,zeros,90.581
C:\Users\josep\source\repos\AIOTED-digital\04_joe_lcd_20x32\0_main_dig2_20260928-015842.jpg,0,0,0.999951,0.999951,0.000000,0.000000,0.000000,0.000000,0.000000,0.000000,0.000000,0.000049,0.000000,0.000000,2,20260928-015842,zeros,96.428
C:\Users\josep\source\repos\AIOTED-digital\04_joe_lcd_20x32\0_main_dig2_20260928-090641.jpg,0,0,0.999985,0.999985,0.000000,0.000000,0.000000,0.000000,0.000000,0.000000,0.000000,0.000016,0.000000,0.000000,2,20260928-090641,zeros,72.448
C:\Users\josep\source\repos\AIOTED-digital\04_joe_lcd_20x32\0_main_dig2_20260928-110641.jpg,0,0,0.999997,0.999997,0.000000,0.000000,0.000000,0.000000,0.000000,0.000000,0.000000,0.000003,0.000000,0.000000,2,20260928-110641,zeros,66.846
C:\Users\josep\source\repos\AIOTED-digital\04_joe_lcd_20x32\0_main_dig2_20260928-172640.jpg,0,0,0.999996,0.999996,0.000000,0.000000,0.000000,0.000000,0.000000,0.000000,0.000000,0.000004,0.000000,0.000000,2,20260928-172640,zeros,91.039
C:\Users\josep\source\repos\AIOTED-digital\04_joe_lcd_20x32\0_main_dig3_20260806-024815.jpg,0,0,0.995789,0.995789,0.000000,0.000000,0.000000,0.000000,0.000000,0.000000,0.000000,0.004212,0.000000,0.000000,3,20260806-024815,zeros,136.481
C:\Users\josep\source\repos\AIOTED-digital\04_joe_lcd_20x32\0_main_dig3_20260806-050815.jpg,0,0,0.994212,0.994212,0.000000,0.000000,0.000000,0.000000,0.000000,0.000000,0.000000,0.005788,0.000000,0.000000,3,20260806-050815,zeros,135.874
C:\Users\josep\source\repos\AIOTED-digital\04_joe_lcd_20x32\0_main_dig3_20260820-011355.jpg,0,0,0.971661,0.971661,0.000000,0.000000,0.000000,0.000000,0.000000,0.000000,0.000000,0.028339,0.000000,0.000000,3,20260820-011355,zeros,112.012
C:\Users\josep\source\repos\AIOTED-digital\04_joe_lcd_20x32\0_main_dig3_20260820-055355.jpg,0,0,0.999269,0.999269,0.000000,0.000000,0.000000,0.000000,0.000000,0.000000,0.000000,0.000731,0.000000,0.000000,3,20260820-055355,zeros,113.234
C:\Users\josep\source\repos\AIOTED-digital\04_joe_lcd_20x32\0_main_dig3_20260820-071354.jpg,0,0,0.999910,0.999910,0.000000,0.000000,0.000000,0.000000,0.000000,0.000000,0.000000,0.000090,0.000000,0.000000,3,20260820-071354,zeros,104.107
C:\Users\josep\source\repos\AIOTED-digital\04_joe_lcd_20x32\0_main_dig3_20260820-075354.jpg,0,0,1.000000,1.000000,0.000000,0.000000,0.000000,0.000000,0.000000,0.000000,0.000000,0.000000,0.000000,0.000000,3,20260820-075354,zeros,97.057
C:\Users\josep\source\repos\AIOTED-digital\04_joe_lcd_20x32\0_main_dig3_20260820-180953.jpg,0,0,0.999618,0.999618,0.000000,0.000000,0.000000,0.000000,0.000000,0.000000,0.000000,0.000382,0.000000,0.000000,3,20260820-180953,zeros,105.360
C:\Users\josep\source\repos\AIOTED-digital\04_joe_lcd_20x32\0_main_dig3_20260821-051753.jpg,0,0,0.983393,0.983393,0.000000,0.000000,0.000000,0.000000,0.000000,0.000000,0.000000,0.016607,0.000000,0.000000,3,20260821-051753,zeros,111.315
C:\Users\josep\source\repos\AIOTED-digital\04_joe_lcd_20x32\0_main_dig3_20260821-100552.jpg,0,0,0.999522,0.999522,0.000000,0.000000,0.000000,0.000000,0.000000,0.000000,0.000000,0.000478,0.000000,0.000000,3,20260821-100552,zeros,106.545
C:\Users\josep\source\repos\AIOTED-digital\04_joe_lcd_20x32\0_main_dig3_20260821-114552.jpg,0,0,0.999991,0.999991,0.000000,0.000000,0.000000,0.000000,0.000000,0.000000,0.000000,0.000009,0.000000,0.000000,3,20260821-114552,zeros,100.464
C:\Users\josep\source\repos\AIOTED-digital\04_joe_lcd_20x32\0_main_dig3_20260821-164552.jpg,0,0,0.999927,0.999927,0.000000,0.000000,0.000000,0.000000,0.000000,0.000000,0.000000,0.000073,0.000000,0.000000,3,20260821-164552,zeros,104.139
C:\Users\josep\source\repos\AIOTED-digital\04_joe_lcd_20x32\0_main_dig3_20260821-165352.jpg,0,0,0.654357,0.654357,0.000000,0.000000,0.000000,0.000000,0.000000,0.000000,0.000000,0.345643,0.000000,0.000000,3,20260821-165352,zeros,102.367
C:\Users\josep\source\repos\AIOTED-digital\04_joe_lcd_20x32\0_main_dig3_20260904-084706.jpg,0,0,0.999036,0.999036,0.000000,0.000000,0.000000,0.000000,0.000000,0.000000,0.000000,0.000964,0.000000,0.000000,3,20260904-084706,zeros,110.435
C:\Users\josep\source\repos\AIOTED-digital\04_joe_lcd_20x32\0_main_dig3_20260904-092706.jpg,0,0,0.999966,0.999966,0.000000,0.000000,0.000000,0.000000,0.000000,0.000000,0.000000,0.000035,0.000000,0.000000,3,20260904-092706,zeros,108.997
C:\Users\josep\source\repos\AIOTED-digital\04_joe_lcd_20x32\0_main_dig3_20260904-153859.jpg,0,0,0.999976,0.999976,0.000000,0.000000,0.000000,0.000000,0.000000,0.000000,0.000000,0.000024,0.000000,0.000000,3,20260904-153859,zeros,83.611
C:\Users\josep\source\repos\AIOTED-digital\04_joe_lcd_20x32\0_main_dig3_20260904-173859.jpg,0,0,0.999974,0.999974,0.000000,0.000000,0.000000,0.000000,0.000000,0.000000,0.000000,0.000026,0.000000,0.000000,3,20260904-173859,zeros,87.495
C:\Users\josep\source\repos\AIOTED-digital\04_joe_lcd_20x32\0_main_dig3_20260904-214658.jpg,0,0,0.999694,0.999694,0.000000,0.000000,0.000000,0.000000,0.000000,0.000000,0.000000,0.000306,0.000000,0.000000,3,20260904-214658,zeros,100.461
C:\Users\josep\source\repos\AIOTED-digital\04_joe_lcd_20x32\0_main_dig3_20260912-031228.jpg,0,0,0.997467,0.997467,0.000000,0.000000,0.000000,0.000000,0.000000,0.000000,0.000000,0.002533,0.000000,0.000000,3,20260912-031228,zeros,103.255
C:\Users\josep\source\repos\AIOTED-digital\04_joe_lcd_20x32\0_main_dig3_20260912-045227.jpg,0,0,0.998477,0.998477,0.000000,0.000000,0.000000,0.000000,0.000000,0.000000,0.000000,0.001523,0.000000,0.000000,3,20260912-045227,zeros,103.100
C:\Users\josep\source\repos\AIOTED-digital\04_joe_lcd_20x32\0_main_dig3_20260912-071227.jpg,0,0,0.998862,0.998862,0.000000,0.000000,0.000000,0.000000,0.000000,0.000000,0.000000,0.001138,0.000000,0.000000,3,20260912-071227,zeros,100.900
C:\Users\josep\source\repos\AIOTED-digital\04_joe_lcd_20x32\0_main_dig3_20260912-084027.jpg,0,0,1.000000,1.000000,0.000000,0.000000,0.000000,0.000000,0.000000,0.000000,0.000000,0.000000,0.000000,0.000000,3,20260912-084027,zeros,89.470
C:\Users\josep\source\repos\AIOTED-digital\04_joe_lcd_20x32\0_main_dig3_20260912-171658.jpg,0,0,0.998106,0.998106,0.000000,0.000000,0.000000,0.000000,0.000000,0.000000,0.000000,0.001894,0.000000,0.000000,3,20260912-171658,zeros,92.424
C:\Users\josep\source\repos\AIOTED-digital\04_joe_lcd_20x32\0_main_dig3_20260912-182458.jpg,0,0,0.998798,0.998798,0.000000,0.000000,0.000000,0.000000,0.000000,0.000000,0.000000,0.001202,0.000000,0.000000,3,20260912-182458,zeros,97.060
C:\Users\josep\source\repos\AIOTED-digital\04_joe_lcd_20x32\0_main_dig3_20260920-031328.jpg,0,0,0.998101,0.998101,0.000000,0.000000,0.000000,0.000000,0.000000,0.000000,0.000000,0.001899,0.000000,0.000000,3,20260920-031328,zeros,102.367
C:\Users\josep\source\repos\AIOTED-digital\04_joe_lcd_20x32\0_main_dig3_20260920-063328.jpg,0,0,0.995040,0.995040,0.000000,0.000000,0.000000,0.000000,0.000000,0.000000,0.000000,0.004960,0.000000,0.000000,3,20260920-063328,zeros,99.127
C:\Users\josep\source\repos\AIOTED-digital\04_joe_lcd_20x32\0_main_dig3_20260920-120127.jpg,0,0,1.000000,1.000000,0.000000,0.000000,0.000000,0.000000,0.000000,0.000000,0.000000,0.000000,0.000000,0.000000,3,20260920-120127,zeros,73.867
C:\Users\josep\source\repos\AIOTED-digital\04_joe_lcd_20x32\0_main_dig3_20260921-061726.jpg,0,0,0.999059,0.999059,0.000000,0.000000,0.000000,0.000000,0.000000,0.000000,0.000000,0.000941,0.000000,0.000000,3,20260921-061726,zeros,99.618
C:\Users\josep\source\repos\AIOTED-digital\04_joe_lcd_20x32\0_main_dig3_20260921-142525.jpg,0,0,1.000000,1.000000,0.000000,0.000000,0.000000,0.000000,0.000000,0.000000,0.000000,0.000000,0.000000,0.000000,3,20260921-142525,zeros,72.618
C:\Users\josep\source\repos\AIOTED-digital\04_joe_lcd_20x32\0_main_dig3_20260921-155325.jpg,0,0,0.999991,0.999991,0.000000,0.000000,0.000000,0.000000,0.000000,0.000000,0.000000,0.000009,0.000000,0.000000,3,20260921-155325,zeros,87.918
C:\Users\josep\source\repos\AIOTED-digital\04_joe_lcd_20x32\0_main_dig3_20260924-044550.jpg,0,0,0.996524,0.996524,0.000000,0.000000,0.000000,0.000000,0.000000,0.000000,0.000000,0.003476,0.000000,0.000000,3,20260924-044550,zeros,98.599
C:\Users\josep\source\repos\AIOTED-digital\04_joe_lcd_20x32\0_main_dig3_20260924-054550.jpg,0,0,0.998764,0.998764,0.000000,0.000000,0.000000,0.000000,0.000000,0.000000,0.000000,0.001236,0.000000,0.000000,3,20260924-054550,zeros,99.211
C:\Users\josep\source\repos\AIOTED-digital\04_joe_lcd_20x32\0_main_dig3_20260924-100549.jpg,0,0,1.000000,1.000000,0.000000,0.000000,0.000000,0.000000,0.000000,0.000000,0.000000,0.000000,0.000000,0.000000,3,20260924-100549,zeros,73.580
C:\Users\josep\source\repos\AIOTED-digital\04_joe_lcd_20x32\0_main_dig3_20260928-005042.jpg,0,0,0.999720,0.999720,0.000000,0.000000,0.000000,0.000000,0.000000,0.000000,0.000000,0.000280,0.000000,0.000000,3,20260928-005042,zeros,101.333
C:\Users\josep\source\repos\AIOTED-digital\04_joe_lcd_20x32\0_main_dig3_20260928-031841.jpg,0,0,0.998894,0.998894,0.000000,0.000000,0.000000,0.000000,0.000000,0.000000,0.000000,0.001106,0.000000,0.000000,3,20260928-031841,zeros,102.523
C:\Users\josep\source\repos\AIOTED-digital\04_joe_lcd_20x32\0_main_dig3_20260928-083841.jpg,0,0,1.000000,1.000000,0.000000,0.000000,0.000000,0.000000,0.000000,0.000000,0.000000,0.000000,0.000000,0.000000,3,20260928-083841,zeros,89.358
C:\Users\josep\source\repos\AIOTED-digital\04_joe_lcd_20x32\0_main_dig3_20260928-100641.jpg,0,0,1.000000,1.000000,0.000000,0.000000,0.000000,0.000000,0.000000,0.000000,0.000000,0.000000,0.000000,0.000000,3,20260928-100641,zeros,78.004
C:\Users\josep\source\repos\AIOTED-digital\04_joe_lcd_20x32\0_main_dig4_20260912-004028.jpg,0,0,1.000000,1.000000,0.000000,0.000000,0.000000,0.000000,0.000000,0.000000,0.000000,0.000000,0.000000,0.000000,4,20260912-004028,zeros,63.658
C:\Users\josep\source\repos\AIOTED-digital\04_joe_lcd_20x32\0_main_dig4_20260912-004828.jpg,0,0,1.000000,1.000000,0.000000,0.000000,0.000000,0.000000,0.000000,0.000000,0.000000,0.000000,0.000000,0.000000,4,20260912-004828,zeros,61.857
C:\Users\josep\source\repos\AIOTED-digital\04_joe_lcd_20x32\0_main_dig4_20260912-030028.jpg,0,0,1.000000,1.000000,0.000000,0.000000,0.000000,0.000000,0.000000,0.000000,0.000000,0.000000,0.000000,0.000000,4,20260912-030028,zeros,63.821
C:\Users\josep\source\repos\AIOTED-digital\04_joe_lcd_20x32\0_main_dig4_20260912-032827.jpg,0,0,1.000000,1.000000,0.000000,0.000000,0.000000,0.000000,0.000000,0.000000,0.000000,0.000000,0.000000,0.000000,4,20260912-032827,kwh,63.236
C:\Users\josep\source\repos\AIOTED-digital\04_joe_lcd_20x32\0_main_dig4_20260912-044027.jpg,0,0,1.000000,1.000000,0.000000,0.000000,0.000000,0.000000,0.000000,0.000000,0.000000,0.000000,0.000000,0.000000,4,20260912-044027,kwh,64.691
C:\Users\josep\source\repos\AIOTED-digital\04_joe_lcd_20x32\0_main_dig4_20260912-050827.jpg,0,0,1.000000,1.000000,0.000000,0.000000,0.000000,0.000000,0.000000,0.000000,0.000000,0.000000,0.000000,0.000000,4,20260912-050827,zeros,64.585
C:\Users\josep\source\repos\AIOTED-digital\04_joe_lcd_20x32\0_main_dig4_20260912-062827.jpg,0,0,1.000000,1.000000,0.000000,0.000000,0.000000,0.000000,0.000000,0.000000,0.000000,0.000000,0.000000,0.000000,4,20260912-062827,kwh,63.499
C:\Users\josep\source\repos\AIOTED-digital\04_joe_lcd_20x32\0_main_dig4_20260912-064827.jpg,0,0,1.000000,1.000000,0.000000,0.000000,0.000000,0.000000,0.000000,0.000000,0.000000,0.000000,0.000000,0.000000,4,20260912-064827,kwh,62.105
C:\Users\josep\source\repos\AIOTED-digital\04_joe_lcd_20x32\0_main_dig4_20260912-072827.jpg,0,0,1.000000,1.000000,0.000000,0.000000,0.000000,0.000000,0.000000,0.000000,0.000000,0.000000,0.000000,0.000000,4,20260912-072827,zeros,61.241
C:\Users\josep\source\repos\AIOTED-digital\04_joe_lcd_20x32\0_main_dig4_20260912-092827.jpg,0,0,1.000000,1.000000,0.000000,0.000000,0.000000,0.000000,0.000000,0.000000,0.000000,0.000000,0.000000,0.000000,4,20260912-092827,kwh,85.849
C:\Users\josep\source\repos\AIOTED-digital\04_joe_lcd_20x32\0_main_dig4_20260912-093627.jpg,0,0,1.000000,1.000000,0.000000,0.000000,0.000000,0.000000,0.000000,0.000000,0.000000,0.000000,0.000000,0.000000,4,20260912-093627,kwh,90.840
C:\Users\josep\source\repos\AIOTED-digital\04_joe_lcd_20x32\0_main_dig4_20260912-095627.jpg,0,0,1.000000,1.000000,0.000000,0.000000,0.000000,0.000000,0.000000,0.000000,0.000000,0.000000,0.000000,0.000000,4,20260912-095627,kwh,73.901
C:\Users\josep\source\repos\AIOTED-digital\04_joe_lcd_20x32\0_main_dig4_20260912-100827.jpg,0,0,1.000000,1.000000,0.000000,0.000000,0.000000,0.000000,0.000000,0.000000,0.000000,0.000000,0.000000,0.000000,4,20260912-100827,kwh,70.084
C:\Users\josep\source\repos\AIOTED-digital\04_joe_lcd_20x32\0_main_dig4_20260912-101627.jpg,0,0,1.000000,1.000000,0.000000,0.000000,0.000000,0.000000,0.000000,0.000000,0.000000,0.000000,0.000000,0.000000,4,20260912-101627,kwh,69.696
C:\Users\josep\source\repos\AIOTED-digital\04_joe_lcd_20x32\0_main_dig4_20260912-121627.jpg,0,0,0.999999,0.999999,0.000000,0.000000,0.000000,0.000000,0.000000,0.000000,0.000000,0.000001,0.000000,0.000000,4,20260912-121627,zeros,60.804
C:\Users\josep\source\repos\AIOTED-digital\04_joe_lcd_20x32\0_main_dig4_20260912-132827.jpg,0,0,1.000000,1.000000,0.000000,0.000000,0.000000,0.000000,0.000000,0.000000,0.000000,0.000000,0.000000,0.000000,4,20260912-132827,zeros,65.676
C:\Users\josep\source\repos\AIOTED-digital\04_joe_lcd_20x32\0_main_dig4_20260912-154458.jpg,0,0,1.000000,1.000000,0.000000,0.000000,0.000000,0.000000,0.000000,0.000000,0.000000,0.000000,0.000000,0.000000,4,20260912-154458,kwh,81.205
C:\Users\josep\source\repos\AIOTED-digital\04_joe_lcd_20x32\0_main_dig4_20260912-155258.jpg,0,0,1.000000,1.000000,0.000000,0.000000,0.000000,0.000000,0.000000,0.000000,0.000000,0.000000,0.000000,0.000000,4,20260912-155258,zeros,77.103
C:\Users\josep\source\repos\AIOTED-digital\04_joe_lcd_20x32\0_main_dig4_20260912-160458.jpg,0,0,1.000000,1.000000,0.000000,0.000000,0.000000,0.000000,0.000000,0.000000,0.000000,0.000000,0.000000,0.000000,4,20260912-160458,zeros,61.641
C:\Users\josep\source\repos\AIOTED-digital\04_joe_lcd_20x32\0_main_dig4_20260912-162458.jpg,0,0,1.000000,1.000000,0.000000,0.000000,0.000000,0.000000,0.000000,0.000000,0.000000,0.000000,0.000000,0.000000,4,20260912-162458,zeros,60.780
C:\Users\josep\source\repos\AIOTED-digital\04_joe_lcd_20x32\0_main_dig4_20260912-171258.jpg,0,0,1.000000,1.000000,0.000000,0.000000,0.000000,0.000000,0.000000,0.000000,0.000000,0.000000,0.000000,0.000000,4,20260912-171258,zeros,59.792
C:\Users\josep\source\repos\AIOTED-digital\04_joe_lcd_20x32\0_main_dig4_20260912-182058.jpg,0,0,1.000000,1.000000,0.000000,0.000000,0.000000,0.000000,0.000000,0.000000,0.000000,0.000000,0.000000,0.000000,4,20260912-182058,kwh,59.335
C:\Users\josep\source\repos\AIOTED-digital\04_joe_lcd_20x32\0_main_dig4_20260912-184058.jpg,0,0,1.000000,1.000000,0.000000,0.000000,0.000000,0.000000,0.000000,0.000000,0.000000,0.000000,0.000000,0.000000,4,20260912-184058,kwh,60.358
C:\Users\josep\source\repos\AIOTED-digital\04_joe_lcd_20x32\0_main_dig4_20260912-203258.jpg,0,0,1.000000,1.000000,0.000000,0.000000,0.000000,0.000000,0.000000,0.000000,0.000000,0.000000,0.000000,0.000000,4,20260912-203258,kwh,62.467
C:\Users\josep\source\repos\AIOTED-digital\04_joe_lcd_20x32\0_main_dig4_20260912-210058.jpg,0,0,1.000000,1.000000,0.000000,0.000000,0.000000,0.000000,0.000000,0.000000,0.000000,0.000000,0.000000,0.000000,4,20260912-210058,zeros,62.217
C:\Users\josep\source\repos\AIOTED-digital\04_joe_lcd_20x32\0_main_dig5_20260806-002815.jpg,0,0,0.998089,0.998089,0.000000,0.000000,0.000000,0.000000,0.000000,0.000000,0.000000,0.001911,0.000000,0.000000,5,20260806-002815,zeros,61.255
C:\Users\josep\source\repos\AIOTED-digital\04_joe_lcd_20x32\0_main_dig5_20260806-010015.jpg,0,0,0.996105,0.996105,0.000000,0.000000,0.000000,0.000000,0.000000,0.000000,0.000000,0.003895,0.000000,0.000000,5,20260806-010015,zeros,64.933
C:\Users\josep\source\repos\AIOTED-digital\04_joe_lcd_20x32\0_main_dig5_20260806-022015.jpg,0,0,0.964519,0.964519,0.000000,0.000000,0.000000,0.000000,0.000000,0.000000,0.000000,0.035481,0.000000,0.000000,5,20260806-022015,zeros,65.039
C:\Users\josep\source\repos\AIOTED-digital\04_joe_lcd_20x32\0_main_dig5_20260806-022815.jpg,0,0,0.998965,0.998965,0.000000,0.000000,0.000000,0.000000,0.000000,0.000000,0.000000,0.001035,0.000000,0.000000,5,20260806-022815,zeros,61.079
C:\Users\josep\source\repos\AIOTED-digital\04_joe_lcd_20x32\0_main_dig5_20260806-024815.jpg,0,0,0.999480,0.999480,0.000000,0.000000,0.000000,0.000000,0.000000,0.000000,0.000000,0.000520,0.000000,0.000000,5,20260806-024815,zeros,60.021
C:\Users\josep\source\repos\AIOTED-digital\04_joe_lcd_20x32\0_main_dig5_20260806-030815.jpg,0,0,0.999621,0.999621,0.000000,0.000000,0.000000,0.000000,0.000000,0.000000,0.000000,0.000379,0.000000,0.000000,5,20260806-030815,zeros,61.179
C:\Users\josep\source\repos\AIOTED-digital\04_joe_lcd_20x32\0_main_dig5_20260806-143614.jpg,0,0,1.000000,1.000000,0.000000,0.000000,0.000000,0.000000,0.000000,0.000000,0.000000,0.000000,0.000000,0.000000,5,20260806-143614,zeros,60.215
C:\Users\josep\source\repos\AIOTED-digital\04_joe_lcd_20x32\0_main_dig5_20260806-151614.jpg,0,0,1.000000,1.000000,0.000000,0.000000,0.000000,0.000000,0.000000,0.000000,0.000000,0.000000,0.000000,0.000000,5,20260806-151614,zeros,53.345
C:\Users\josep\source\repos\AIOTED-digital\04_joe_lcd_20x32\0_main_dig5_20260806-161614.jpg,0,0,1.000000,1.000000,0.000000,0.000000,0.000000,0.000000,0.000000,0.000000,0.000000,0.000000,0.000000,0.000000,5,20260806-161614,zeros,62.416
C:\Users\josep\source\repos\AIOTED-digital\04_joe_lcd_20x32\0_main_dig5_20260806-183614.jpg,0,0,1.000000,1.000000,0.000000,0.000000,0.000000,0.000000,0.000000,0.000000,0.000000,0.000000,0.000000,0.000000,5,20260806-183614,zeros,58.067
C:\Users\josep\source\repos\AIOTED-digital\04_joe_lcd_20x32\0_main_dig5_20260806-221213.jpg,0,0,0.999861,0.999861,0.000000,0.000000,0.000000,0.000000,0.000000,0.000000,0.000000,0.000139,0.000000,0.000000,5,20260806-221213,zeros,64.814
C:\Users\josep\source\repos\AIOTED-digital\04_joe_lcd_20x32\0_main_dig5_20260806-224413.jpg,0,0,0.999704,0.999704,0.000000,0.000000,0.000000,0.000000,0.000000,0.000000,0.000000,0.000296,0.000000,0.000000,5,20260806-224413,blank09,68.462
C:\Users\josep\source\repos\AIOTED-digital\04_joe_lcd_20x32\0_main_dig5_20260806-232413.jpg,0,0,0.999661,0.999661,0.000000,0.000000,0.000000,0.000000,0.000000,0.000000,0.000000,0.000339,0.000000,0.000000,5,20260806-232413,blank09,68.133
C:\Users\josep\source\repos\AIOTED-digital\04_joe_lcd_20x32\0_main_dig5_20260806-234413.jpg,0,0,0.999676,0.999676,0.000000,0.000000,0.000000,0.000000,0.000000,0.000000,0.000000,0.000324,0.000000,0.000000,5,20260806-234413,blank09,67.627
C:\Users\josep\source\repos\AIOTED-digital\04_joe_lcd_20x32\0_main_dig5_20260820-081354.jpg,0,0,1.000000,1.000000,0.000000,0.000000,0.000000,0.000000,0.000000,0.000000,0.000000,0.000000,0.000000,0.000000,5,20260820-081354,zeros,62.160
C:\Users\josep\source\repos\AIOTED-digital\04_joe_lcd_20x32\0_main_dig5_20260820-173754.jpg,0,0,0.999989,0.999989,0.000000,0.000000,0.000000,0.000000,0.000000,0.000000,0.000000,0.000011,0.000000,0.000000,5,20260820-173754,kwh,59.000
C:\Users\josep\source\repos\AIOTED-digital\04_joe_lcd_20x32\0_main_dig5_20260820-181753.jpg,0,0,0.999958,0.999958,0.000000,0.000000,0.000000,0.000000,0.000000,0.000000,0.000000,0.000042,0.000000,0.000000,5,20260820-181753,kwh,60.680
C:\Users\josep\source\repos\AIOTED-digital\04_joe_lcd_20x32\0_main_dig5_20260820-190553.jpg,0,0,0.992251,0.992251,0.000000,0.000000,0.000000,0.000000,0.000000,0.000000,0.000000,0.007749,0.000000,0.000000,5,20260820-190553,kwh,62.902
C:\Users\josep\source\repos\AIOTED-digital\04_joe_lcd_20x32\0_main_dig5_20260820-195753.jpg,0,0,0.994748,0.994748,0.000000,0.000000,0.000000,0.000000,0.000000,0.000000,0.000000,0.005252,0.000000,0.000000,5,20260820-195753,zeros,69.121
C:\Users\josep\source\repos\AIOTED-digital\04_joe_lcd_20x32\0_main_dig5_20260821-000553.jpg,0,0,0.992893,0.992893,0.000000,0.000000,0.000000,0.000000,0.000000,0.000000,0.000000,0.007107,0.000000,0.000000,5,20260821-000553,zeros,68.534
C:\Users\josep\source\repos\AIOTED-digital\04_joe_lcd_20x32\0_main_dig5_20260904-133059.jpg,0,0,0.999927,0.999927,0.000000,0.000000,0.000000,0.000000,0.000000,0.000000,0.000000,0.000073,0.000000,0.000000,5,20260904-133059,blank09,62.465
C:\Users\josep\source\repos\AIOTED-digital\04_joe_lcd_20x32\0_main_dig5_20260912-022028.jpg,0,0,0.718907,0.718907,0.000000,0.000000,0.000000,0.000000,0.000000,0.000135,0.000000,0.280957,0.000000,0.000000,5,20260912-022028,kwh,58.025
C:\Users\josep\source\repos\AIOTED-digital\04_joe_lcd_20x32\0_main_dig5_20260912-042027.jpg,0,8,0.763917,0.236055,0.000000,0.000000,0.000000,0.000000,0.000000,0.000027,0.000000,0.763917,0.000000,0.000000,5,20260912-042027,zeros,58.795
C:\Users\josep\source\repos\AIOTED-digital\04_joe_lcd_20x32\0_main_dig5_20260920-111727.jpg,0,0,0.999905,0.999905,0.000000,0.000000,0.000000,0.000000,0.000000,0.000000,0.000001,0.000094,0.000000,0.000000,5,20260920-111727,kwh,68.667
C:\Users\josep\source\repos\AIOTED-digital\04_joe_lcd_20x32\0_main_dig5_20260920-112927.jpg,0,0,0.999962,0.999962,0.000000,0.000000,0.000000,0.000000,0.000000,0.000000,0.000000,0.000037,0.000000,0.000000,5,20260920-112927,zeros,67.387
C:\Users\josep\source\repos\AIOTED-digital\04_joe_lcd_20x32\0_main_dig5_20260920-155727.jpg,0,0,0.999989,0.999989,0.000000,0.000000,0.000000,0.000000,0.000000,0.000000,0.000000,0.000011,0.000000,0.000000,5,20260920-155727,zeros,49.106
C:\Users\josep\source\repos\AIOTED-digital\04_joe_lcd_20x32\0_main_dig5_20260920-161727.jpg,0,0,0.999994,0.999994,0.000000,0.000000,0.000000,0.000000,0.000000,0.000000,0.000000,0.000006,0.000000,0.000000,5,20260920-161727,zeros,47.786
C:\Users\josep\source\repos\AIOTED-digital\04_joe_lcd_20x32\0_main_dig5_20260920-184127.jpg,0,0,0.964769,0.964769,0.000000,0.000000,0.000000,0.000000,0.000000,0.000001,0.000000,0.035231,0.000000,0.000000,5,20260920-184127,blank09,54.941
C:\Users\josep\source\repos\AIOTED-digital\04_joe_lcd_20x32\0_main_dig5_20260920-191727.jpg,0,0,0.943813,0.943813,0.000000,0.000000,0.000000,0.000000,0.000000,0.000008,0.000000,0.056177,0.000001,0.000000,5,20260920-191727,zeros,58.010
C:\Users\josep\source\repos\AIOTED-digital\04_joe_lcd_20x32\0_main_dig5_20260920-192527.jpg,0,0,0.699958,0.699958,0.000000,0.000000,0.000000,0.000001,0.000000,0.000148,0.000000,0.299879,0.000013,0.000000,5,20260920-192527,kwh,59.309
C:\Users\josep\source\repos\AIOTED-digital\04_joe_lcd_20x32\0_main_dig5_20260921-162525.jpg,0,0,0.999803,0.999803,0.000000,0.000000,0.000000,0.000000,0.000000,0.000000,0.000000,0.000197,0.000000,0.000000,5,20260921-162525,zeros,48.306
C:\Users\josep\source\repos\AIOTED-digital\04_joe_lcd_20x32\0_main_dig5_20260924-133419.jpg,0,0,0.999824,0.999824,0.000001,0.000000,0.000000,0.000000,0.000000,0.000000,0.000000,0.000175,0.000000,0.000000,5,20260924-133419,zeros,67.214
C:\Users\josep\source\repos\AIOTED-digital\04_joe_lcd_20x32\0_main_dig5_20260928-031041.jpg,0,0,0.938366,0.938366,0.000000,0.000000,0.000000,0.000000,0.000000,0.000037,0.000000,0.061595,0.000001,0.000000,5,20260928-031041,zeros,56.512
C:\Users\josep\source\repos\AIOTED-digital\04_joe_lcd_20x32\0_main_dig6_20260806-004815.jpg,0,0,0.814968,0.814968,0.000007,0.000001,0.000001,0.000219,0.000318,0.001638,0.000092,0.170840,0.011907,0.000008,6,20260806-004815,zeros,32.648
C:\Users\josep\source\repos\AIOTED-digital\04_joe_lcd_20x32\0_main_dig6_20260806-010815.jpg,0,0,0.850931,0.850931,0.000011,0.000000,0.000001,0.000391,0.000260,0.001335,0.000042,0.136235,0.010786,0.000007,6,20260806-010815,zeros,32.570
C:\Users\josep\source\repos\AIOTED-digital\04_joe_lcd_20x32\0_main_dig6_20260806-014815.jpg,0,0,0.773251,0.773251,0.000013,0.000002,0.000002,0.000344,0.000171,0.000791,0.000086,0.214601,0.010719,0.000021,6,20260806-014815,zeros,32.393
C:\Users\josep\source\repos\AIOTED-digital\04_joe_lcd_20x32\0_main_dig6_20260806-022815.jpg,0,0,0.773783,0.773783,0.000003,0.000000,0.000000,0.000238,0.000540,0.002990,0.000014,0.206689,0.015737,0.000005,6,20260806-022815,zeros,32.037
C:\Users\josep\source\repos\AIOTED-digital\04_joe_lcd_20x32\0_main_dig6_20260806-030815.jpg,0,0,0.871463,0.871463,0.000006,0.000001,0.000000,0.000150,0.000135,0.000804,0.000031,0.121529,0.005878,0.000004,6,20260806-030815,zeros,32.022
C:\Users\josep\source\repos\AIOTED-digital\04_joe_lcd_20x32\0_main_dig6_20260806-044815.jpg,0,0,0.961083,0.961083,0.000001,0.000000,0.000000,0.000007,0.000000,0.000006,0.000006,0.038393,0.000505,0.000000,6,20260806-044815,zeros,28.141
C:\Users\josep\source\repos\AIOTED-digital\04_joe_lcd_20x32\0_main_dig6_20260806-055615.jpg,0,0,0.999277,0.999277,0.000000,0.000000,0.000000,0.000000,0.000000,0.000000,0.000000,0.000723,0.000000,0.000000,6,20260806-055615,zeros,24.941
C:\Users\josep\source\repos\AIOTED-digital\04_joe_lcd_20x32\0_main_dig6_20260806-061615.jpg,0,0,0.999999,0.999999,0.000000,0.000000,0.000000,0.000000,0.000000,0.000000,0.000000,0.000001,0.000000,0.000000,6,20260806-061615,zeros,29.147
C:\Users\josep\source\repos\AIOTED-digital\04_joe_lcd_20x32\0_main_dig6_20260806-202413.jpg,0,0,0.897120,0.897120,0.000000,0.000000,0.000000,0.000001,0.000000,0.000000,0.000002,0.095059,0.007817,0.000000,6,20260806-202413,zeros,30.870
C:\Users\josep\source\repos\AIOTED-digital\04_joe_lcd_20x32\0_main_dig6_20260806-220413.jpg,0,0,0.480771,0.480771,0.000000,0.000001,0.000000,0.000034,0.000059,0.000039,0.000004,0.411633,0.107460,0.000000,6,20260806-220413,zeros,32.541
C:\Users\josep\source\repos\AIOTED-digital\04_joe_lcd_20x32\0_main_dig6_20260806-225213.jpg,0,0,0.492097,0.492097,0.000000,0.000000,0.000000,0.000033,0.000699,0.000208,0.000000,0.329505,0.177458,0.000000,6,20260806-225213,zeros,33.349
C:\Users\josep\source\repos\AIOTED-digital\04_joe_lcd_20x32\0_main_dig6_20260806-235213.jpg,0,8,0.412050,0.407007,0.000000,0.000000,0.000000,0.000040,0.004573,0.001031,0.000004,0.412050,0.175295,0.000000,6,20260806-235213,zeros,32.055
C:\Users\josep\source\repos\AIOTED-digital\04_joe_lcd_20x32\0_main_dig6_20260820-173754.jpg,0,0,1.000000,1.000000,0.000000,0.000000,0.000000,0.000000,0.000000,0.000000,0.000000,0.000000,0.000000,0.000000,6,20260820-173754,kwh,43.093
C:\Users\josep\source\repos\AIOTED-digital\04_joe_lcd_20x32\0_main_dig6_20260820-174554.jpg,0,0,1.000000,1.000000,0.000000,0.000000,0.000000,0.000000,0.000000,0.000000,0.000000,0.000000,0.000000,0.000000,6,20260820-174554,kwh,42.345
C:\Users\josep\source\repos\AIOTED-digital\04_joe_lcd_20x32\0_main_dig6_20260821-005353.jpg,0,8,0.605401,0.384447,0.000001,0.000008,0.000005,0.000016,0.000064,0.000454,0.000028,0.605401,0.009576,0.000000,6,20260821-005353,zeros,29.812
C:\Users\josep\source\repos\AIOTED-digital\04_joe_lcd_20x32\0_main_dig6_20260821-012553.jpg,0,0,0.507393,0.507393,0.000015,0.000093,0.000090,0.000114,0.000593,0.002877,0.000609,0.470983,0.017228,0.000004,6,20260821-012553,zeros,29.784
C:\Users\josep\source\repos\AIOTED-digital\04_joe_lcd_20x32\0_main_dig6_20260821-101352.jpg,0,0,0.999999,0.999999,0.000000,0.000000,0.000000,0.000000,0.000000,0.000000,0.000000,0.000001,0.000000,0.000000,6,20260821-101352,kwh,29.768
C:\Users\josep\source\repos\AIOTED-digital\04_joe_lcd_20x32\0_main_dig6_20260821-103352.jpg,0,0,1.000000,1.000000,0.000000,0.000000,0.000000,0.000000,0.000000,0.000000,0.000000,0.000000,0.000000,0.000000,6,20260821-103352,kwh,41.899
C:\Users\josep\source\repos\AIOTED-digital\04_joe_lcd_20x32\0_main_dig6_20260821-154952.jpg,0,0,1.000000,1.000000,0.000000,0.000000,0.000000,0.000000,0.000000,0.000000,0.000000,0.000000,0.000000,0.000000,6,20260821-154952,kwh,83.937
C:\Users\josep\source\repos\AIOTED-digital\04_joe_lcd_20x32\0_main_dig6_20260821-155352.jpg,0,0,1.000000,1.000000,0.000000,0.000000,0.000000,0.000000,0.000000,0.000000,0.000000,0.000000,0.000000,0.000000,6,20260821-155352,kwh,68.111
C:\Users\josep\source\repos\AIOTED-digital\04_joe_lcd_20x32\0_main_dig6_20260821-222951.jpg,0,8,0.502224,0.472765,0.000004,0.000010,0.000013,0.000079,0.001725,0.007067,0.000092,0.502224,0.016019,0.000001,6,20260821-222951,zeros,30.226
C:\Users\josep\source\repos\AIOTED-digital\04_joe_lcd_20x32\0_main_dig6_20260904-002706.jpg,0,8,0.555355,0.311419,0.000313,0.000334,0.000855,0.003403,0.010243,0.010335,0.002139,0.555355,0.105502,0.000102,6,20260904-002706,zeros,29.000
C:\Users\josep\source\repos\AIOTED-digital\04_joe_lcd_20x32\0_main_dig6_20260904-003506.jpg,0,8,0.607414,0.236706,0.000073,0.000174,0.000335,0.004012,0.016841,0.016047,0.000841,0.607414,0.117493,0.000063,6,20260904-003506,kwh,25.388
C:\Users\josep\source\repos\AIOTED-digital\04_joe_lcd_20x32\0_main_dig6_20260904-005506.jpg,0,8,0.690339,0.134347,0.000177,0.000503,0.001249,0.005659,0.011037,0.014829,0.001297,0.690339,0.140437,0.000125,6,20260904-005506,kwh,27.897
C:\Users\josep\source\repos\AIOTED-digital\04_joe_lcd_20x32\0_main_dig6_20260904-084306.jpg,0,0,0.880329,0.880329,0.000000,0.000000,0.000000,0.000000,0.000000,0.000001,0.000000,0.119555,0.000115,0.000000,6,20260904-084306,zeros,24.805
C:\Users\josep\source\repos\AIOTED-digital\04_joe_lcd_20x32\0_main_dig6_20260904-085506.jpg,0,0,0.998603,0.998603,0.000000,0.000000,0.000000,0.000000,0.000000,0.000000,0.000000,0.001397,0.000000,0.000000,6,20260904-085506,zeros,23.988
C:\Users\josep\source\repos\AIOTED-digital\04_joe_lcd_20x32\0_main_dig6_20260904-134659.jpg,0,0,0.999999,0.999999,0.000000,0.000000,0.000000,0.000000,0.000000,0.000000,0.000000,0.000001,0.000000,0.000000,6,20260904-134659,kwh,75.075
C:\Users\josep\source\repos\AIOTED-digital\04_joe_lcd_20x32\0_main_dig6_20260904-173459.jpg,0,0,0.999987,0.999987,0.000000,0.000000,0.000000,0.000000,0.000000,0.000000,0.000000,0.000013,0.000000,0.000000,6,20260904-173459,kwh,53.114
C:\Users\josep\source\repos\AIOTED-digital\04_joe_lcd_20x32\0_main_dig6_20260904-175459.jpg,0,0,0.999978,0.999978,0.000000,0.000000,0.000000,0.000000,0.000000,0.000000,0.000000,0.000022,0.000000,0.000000,6,20260904-175459,kwh,36.858
C:\Users\josep\source\repos\AIOTED-digital\04_joe_lcd_20x32\0_main_dig6_20260912-133627.jpg,0,0,1.000000,1.000000,0.000000,0.000000,0.000000,0.000000,0.000000,0.000000,0.000000,0.000000,0.000000,0.000000,6,20260912-133627,kwh,46.883
C:\Users\josep\source\repos\AIOTED-digital\04_joe_lcd_20x32\0_main_dig6_20260912-134827.jpg,0,0,1.000000,1.000000,0.000000,0.000000,0.000000,0.000000,0.000000,0.000000,0.000000,0.000000,0.000000,0.000000,6,20260912-134827,kwh,52.894
C:\Users\josep\source\repos\AIOTED-digital\04_joe_lcd_20x32\0_main_dig6_20260920-071328.jpg,0,0,0.836681,0.836681,0.000000,0.000000,0.000000,0.000004,0.000000,0.000000,0.000005,0.149558,0.013751,0.000000,6,20260920-071328,zeros,25.854
C:\Users\josep\source\repos\AIOTED-digital\04_joe_lcd_20x32\0_main_dig6_20260920-101728.jpg,0,0,1.000000,1.000000,0.000000,0.000000,0.000000,0.000000,0.000000,0.000000,0.000000,0.000000,0.000000,0.000000,6,20260920-101728,kwh,63.894
C:\Users\josep\source\repos\AIOTED-digital\04_joe_lcd_20x32\0_main_dig6_20260921-085326.jpg,0,0,0.999914,0.999914,0.000000,0.000000,0.000000,0.000000,0.000000,0.000000,0.000001,0.000085,0.000000,0.000000,6,20260921-085326,zeros,82.296
C:\Users\josep\source\repos\AIOTED-digital\04_joe_lcd_20x32\0_main_dig6_20260924-143019.jpg,0,0,0.999998,0.999998,0.000000,0.000000,0.000000,0.000000,0.000000,0.000000,0.000000,0.000002,0.000000,0.000000,6,20260924-143019,kwh,66.697
C:\Users\josep\source\repos\AIOTED-digital\04_joe_lcd_20x32\0_main_dig6_20260928-115441.jpg,0,0,0.999998,0.999998,0.000000,0.000000,0.000000,0.000000,0.000000,0.000000,0.000000,0.000002,0.000000,0.000000,6,20260928-115441,zeros,83.381
C:\Users\josep\source\repos\AIOTED-digital\04_joe_lcd_20x32\1_main_dig4_20260820-002955.jpg,1,1,0.999995,0.000000,0.999995,0.000000,0.000000,0.000000,0.000000,0.000000,0.000005,0.000000,0.000000,0.000000,4,20260820-002955,kwh,60.665
C:\Users\josep\source\repos\AIOTED-digital\04_joe_lcd_20x32\1_main_dig4_20260820-030955.jpg,1,1,0.999996,0.000000,0.999996,0.000000,0.000000,0.000000,0.000000,0.000000,0.000004,0.000000,0.000000,0.000000,4,20260820-030955,kwh,60.209
C:\Users\josep\source\repos\AIOTED-digital\04_joe_lcd_20x32\1_main_dig4_20260820-032155.jpg,1,1,1.000000,0.000000,1.000000,0.000000,0.000000,0.000000,0.000000,0.000000,0.000000,0.000000,0.000000,0.000000,4,20260820-032155,kwh,60.120
C:\Users\josep\source\repos\AIOTED-digital\04_joe_lcd_20x32\1_main_dig4_20260820-040155.jpg,1,1,0.999999,0.000000,0.999999,0.000000,0.000000,0.000000,0.000000,0.000000,0.000001,0.000000,0.000000,0.000000,4,20260820-040155,kwh,59.808
C:\Users\josep\source\repos\AIOTED-digital\04_joe_lcd_20x32\1_main_dig4_20260820-042955.jpg,1,1,0.999999,0.000000,0.999999,0.000000,0.000000,0.000000,0.000000,0.000000,0.000001,0.000000,0.000000,0.000000,4,20260820-042955,kwh,59.944
C:\Users\josep\source\repos\AIOTED-digital\04_joe_lcd_20x32\1_main_dig4_20260820-044155.jpg,1,1,0.999999,0.000000,0.999999,0.000000,0.000000,0.000000,0.000000,0.000000,0.000001,0.000000,0.000000,0.000000,4,20260820-044155,kwh,60.407
C:\Users\josep\source\repos\AIOTED-digital\04_joe_lcd_20x32\1_main_dig4_20260820-050955.jpg,1,1,0.999998,0.000000,0.999998,0.000000,0.000000,0.000000,0.000000,0.000000,0.000002,0.000000,0.000000,0.000000,4,20260820-050955,kwh,60.928
C:\Users\josep\source\repos\AIOTED-digital\04_joe_lcd_20x32\1_main_dig4_20260820-052955.jpg,1,1,0.999998,0.000000,0.999998,0.000000,0.000000,0.000000,0.000000,0.000000,0.000002,0.000000,0.000000,0.000000,4,20260820-052955,kwh,58.943
C:\Users\josep\source\repos\AIOTED-digital\04_joe_lcd_20x32\1_main_dig4_20260820-054155.jpg,1,1,1.000000,0.000000,1.000000,0.000000,0.000000,0.000000,0.000000,0.000000,0.000000,0.000000,0.000000,0.000000,4,20260820-054155,kwh,60.292
C:\Users\josep\source\repos\AIOTED-digital\04_joe_lcd_20x32\1_main_dig4_20260820-060955.jpg,1,1,0.999998,0.000000,0.999998,0.000000,0.000000,0.000000,0.000000,0.000000,0.000002,0.000000,0.000000,0.000000,4,20260820-060955,kwh,60.031
C:\Users\josep\source\repos\AIOTED-digital\04_joe_lcd_20x32\1_main_dig4_20260820-062154.jpg,1,1,0.999998,0.000000,0.999998,0.000000,0.000000,0.000000,0.000000,0.000000,0.000002,0.000000,0.000000,0.000000,4,20260820-062154,kwh,60.003
C:\Users\josep\source\repos\AIOTED-digital\04_joe_lcd_20x32\1_main_dig4_20260820-063754.jpg,1,1,0.999987,0.000000,0.999987,0.000000,0.000000,0.000000,0.000000,0.000000,0.000013,0.000000,0.000000,0.000000,4,20260820-063754,kwh,58.527
C:\Users\josep\source\repos\AIOTED-digital\04_joe_lcd_20x32\1_main_dig4_20260820-064154.jpg,1,1,0.999989,0.000000,0.999989,0.000000,0.000000,0.000000,0.000000,0.000000,0.000011,0.000000,0.000000,0.000000,4,20260820-064154,kwh,59.086
C:\Users\josep\source\repos\AIOTED-digital\04_joe_lcd_20x32\1_main_dig4_20260820-064954.jpg,1,1,0.999994,0.000000,0.999994,0.000000,0.000000,0.000000,0.000000,0.000000,0.000006,0.000000,0.000000,0.000000,4,20260820-064954,kwh,57.558
C:\Users\josep\source\repos\AIOTED-digital\04_joe_lcd_20x32\1_main_dig4_20260820-065754.jpg,1,1,1.000000,0.000000,1.000000,0.000000,0.000000,0.000000,0.000000,0.000000,0.000000,0.000000,0.000000,0.000000,4,20260820-065754,kwh,57.627
C:\Users\josep\source\repos\AIOTED-digital\04_joe_lcd_20x32\1_main_dig4_20260820-070154.jpg,1,1,1.000000,0.000000,1.000000,0.000000,0.000000,0.000000,0.000000,0.000000,0.000000,0.000000,0.000000,0.000000,4,20260820-070154,kwh,58.077
C:\Users\josep\source\repos\AIOTED-digital\04_joe_lcd_20x32\1_main_dig4_20260820-071754.jpg,1,1,1.000000,0.000000,1.000000,0.000000,0.000000,0.000000,0.000000,0.000000,0.000000,0.000000,0.000000,0.000000,4,20260820-071754,kwh,58.930
C:\Users\josep\source\repos\AIOTED-digital\04_joe_lcd_20x32\1_main_dig4_20260820-072154.jpg,1,1,1.000000,0.000000,1.000000,0.000000,0.000000,0.000000,0.000000,0.000000,0.000000,0.000000,0.000000,0.000000,4,20260820-072154,kwh,60.228
C:\Users\josep\source\repos\AIOTED-digital\04_joe_lcd_20x32\1_main_dig4_20260820-073754.jpg,1,1,1.000000,0.000000,1.000000,0.000000,0.000000,0.000000,0.000000,0.000000,0.000000,0.000000,0.000000,0.000000,4,20260820-073754,kwh,62.206
C:\Users\josep\source\repos\AIOTED-digital\04_joe_lcd_20x32\1_main_dig4_20260820-075754.jpg,1,1,1.000000,0.000000,1.000000,0.000000,0.000000,0.000000,0.000000,0.000000,0.000000,0.000000,0.000000,0.000000,4,20260820-075754,kwh,69.525
C:\Users\josep\source\repos\AIOTED-digital\04_joe_lcd_20x32\1_main_dig4_20260820-165754.jpg,1,1,1.000000,0.000000,1.000000,0.000000,0.000000,0.000000,0.000000,0.000000,0.000000,0.000000,0.000000,0.000000,4,20260820-165754,kwh,62.602
C:\Users\josep\source\repos\AIOTED-digital\04_joe_lcd_20x32\1_main_dig4_20260820-171754.jpg,1,1,1.000000,0.000000,1.000000,0.000000,0.000000,0.000000,0.000000,0.000000,0.000000,0.000000,0.000000,0.000000,4,20260820-171754,kwh,61.295
C:\Users\josep\source\repos\AIOTED-digital\04_joe_lcd_20x32\1_main_dig4_20260820-172554.jpg,1,1,1.000000,0.000000,1.000000,0.000000,0.000000,0.000000,0.000000,0.000000,0.000000,0.000000,0.000000,0.000000,4,20260820-172554,kwh,61.086
C:\Users\josep\source\repos\AIOTED-digital\04_joe_lcd_20x32\1_main_dig4_20260920-000928.jpg,1,1,1.000000,0.000000,1.000000,0.000000,0.000000,0.000000,0.000000,0.000000,0.000000,0.000000,0.000000,0.000000,4,20260920-000928,kwh,56.472
C:\Users\josep\source\repos\AIOTED-digital\04_joe_lcd_20x32\1_main_dig4_20260920-002928.jpg,1,1,1.000000,0.000000,1.000000,0.000000,0.000000,0.000000,0.000000,0.000000,0.000000,0.000000,0.000000,0.000000,4,20260920-002928,kwh,57.701
C:\Users\josep\source\repos\AIOTED-digital\04_joe_lcd_20x32\1_main_dig4_20260920-004928.jpg,1,1,1.000000,0.000000,1.000000,0.000000,0.000000,0.000000,0.000000,0.000000,0.000000,0.000000,0.000000,0.000000,4,20260920-004928,kwh,55.580
C:\Users\josep\source\repos\AIOTED-digital\04_joe_lcd_20x32\1_main_dig4_20260920-010128.jpg,1,1,1.000000,0.000000,1.000000,0.000000,0.000000,0.000000,0.000000,0.000000,0.000000,0.000000,0.000000,0.000000,4,20260920-010128,kwh,56.961
C:\Users\josep\source\repos\AIOTED-digital\04_joe_lcd_20x32\1_main_dig4_20260920-012128.jpg,1,1,1.000000,0.000000,1.000000,0.000000,0.000000,0.000000,0.000000,0.000000,0.000000,0.000000,0.000000,0.000000,4,20260920-012128,kwh,56.110
C:\Users\josep\source\repos\AIOTED-digital\04_joe_lcd_20x32\1_main_dig4_20260920-022128.jpg,1,1,1.000000,0.000000,1.000000,0.000000,0.000000,0.000000,0.000000,0.000000,0.000000,0.000000,0.000000,0.000000,4,20260920-022128,kwh,56.718
C:\Users\josep\source\repos\AIOTED-digital\04_joe_lcd_20x32\1_main_dig4_20260920-034128.jpg,1,1,1.000000,0.000000,1.000000,0.000000,0.000000,0.000000,0.000000,0.000000,0.000000,0.000000,0.000000,0.000000,4,20260920-034128,kwh,55.422
C:\Users\josep\source\repos\AIOTED-digital\04_joe_lcd_20x32\1_main_dig4_20260920-040928.jpg,1,1,1.000000,0.000000,1.000000,0.000000,0.000000,0.000000,0.000000,0.000000,0.000000,0.000000,0.000000,0.000000,4,20260920-040928,kwh,55.816
C:\Users\josep\source\repos\AIOTED-digital\04_joe_lcd_20x32\1_main_dig4_20260920-050928.jpg,1,1,1.000000,0.000000,1.000000,0.000000,0.000000,0.000000,0.000000,0.000000,0.000000,0.000000,0.000000,0.000000,4,20260920-050928,kwh,55.153
C:\Users\josep\source\repos\AIOTED-digital\04_joe_lcd_20x32\1_main_dig4_20260920-061728.jpg,1,1,1.000000,0.000000,1.000000,0.000000,0.000000,0.000000,0.000000,0.000000,0.000000,0.000000,0.000000,0.000000,4,20260920-061728,kwh,56.513
C:\Users\josep\source\repos\AIOTED-digital\04_joe_lcd_20x32\1_main_dig4_20260920-063728.jpg,1,1,1.000000,0.000000,1.000000,0.000000,0.000000,0.000000,0.000000,0.000000,0.000000,0.000000,0.000000,0.000000,4,20260920-063728,kwh,56.699
C:\Users\josep\source\repos\AIOTED-digital\04_joe_lcd_20x32\1_main_dig4_20260920-065728.jpg,1,1,1.000000,0.000000,1.000000,0.000000,0.000000,0.000000,0.000000,0.000000,0.000000,0.000000,0.000000,0.000000,4,20260920-065728,kwh,57.354
C:\Users\josep\source\repos\AIOTED-digital\04_joe_lcd_20x32\1_main_dig4_20260920-070928.jpg,1,1,1.000000,0.000000,1.000000,0.000000,0.000000,0.000000,0.000000,0.000000,0.000000,0.000000,0.000000,0.000000,4,20260920-070928,kwh,57.864
C:\Users\josep\source\repos\AIOTED-digital\04_joe_lcd_20x32\1_main_dig4_20260920-071728.jpg,1,1,1.000000,0.000000,1.000000,0.000000,0.000000,0.000000,0.000000,0.000000,0.000000,0.000000,0.000000,0.000000,4,20260920-071728,kwh,57.007
C:\Users\josep\source\repos\AIOTED-digital\04_joe_lcd_20x32\1_main_dig4_20260920-072928.jpg,1,1,1.000000,0.000000,1.000000,0.000000,0.000000,0.000000,0.000000,0.000000,0.000000,0.000000,0.000000,0.000000,4,20260920-072928,kwh,57.016
C:\Users\josep\source\repos\AIOTED-digital\04_joe_lcd_20x32\1_main_dig4_20260920-073728.jpg,1,1,1.000000,0.000000,1.000000,0.000000,0.000000,0.000000,0.000000,0.000000,0.000000,0.000000,0.000000,0.000000,4,20260920-073728,kwh,57.937
C:\Users\josep\source\repos\AIOTED-digital\04_joe_lcd_20x32\1_main_dig4_20260920-074928.jpg,1,1,0.999995,0.000000,0.999995,0.000000,0.000000,0.000000,0.000000,0.000000,0.000005,0.000000,0.000000,0.000000,4,20260920-074928,kwh,59.079
C:\Users\josep\source\repos\AIOTED-digital\04_joe_lcd_20x32\1_main_dig4_20260920-075728.jpg,1,1,1.000000,0.000000,1.000000,0.000000,0.000000,0.000000,0.000000,0.000000,0.000000,0.000000,0.000000,0.000000,4,20260920-075728,kwh,60.361
C:\Users\josep\source\repos\AIOTED-digital\04_joe_lcd_20x32\1_main_dig4_20260920-080928.jpg,1,1,1.000000,0.000000,1.000000,0.000000,0.000000,0.000000,0.000000,0.000000,0.000000,0.000000,0.000000,0.000000,4,20260920-080928,kwh,62.443
C:\Users\josep\source\repos\AIOTED-digital\04_joe_lcd_20x32\1_main_dig4_20260920-081728.jpg,1,1,1.000000,0.000000,1.000000,0.000000,0.000000,0.000000,0.000000,0.000000,0.000000,0.000000,0.000000,0.000000,4,20260920-081728,kwh,61.215
C:\Users\josep\source\repos\AIOTED-digital\04_joe_lcd_20x32\1_main_dig4_20260920-082928.jpg,1,1,1.000000,0.000000,1.000000,0.000000,0.000000,0.000000,0.000000,0.000000,0.000000,0.000000,0.000000,0.000000,4,20260920-082928,kwh,59.955
C:\Users\josep\source\repos\AIOTED-digital\04_joe_lcd_20x32\1_main_dig4_20260920-083728.jpg,1,1,1.000000,0.000000,1.000000,0.000000,0.000000,0.000000,0.000000,0.000000,0.000000,0.000000,0.000000,0.000000,4,20260920-083728,kwh,60.171
C:\Users\josep\source\repos\AIOTED-digital\04_joe_lcd_20x32\1_main_dig4_20260920-084928.jpg,1,1,1.000000,0.000000,1.000000,0.000000,0.000000,0.000000,0.000000,0.000000,0.000000,0.000000,0.000000,0.000000,4,20260920-084928,kwh,62.220
C:\Users\josep\source\repos\AIOTED-digital\04_joe_lcd_20x32\1_main_dig4_20260920-085728.jpg,1,1,1.000000,0.000000,1.000000,0.000000,0.000000,0.000000,0.000000,0.000000,0.000000,0.000000,0.000000,0.000000,4,20260920-085728,kwh,65.405
C:\Users\josep\source\repos\AIOTED-digital\04_joe_lcd_20x32\1_main_dig4_20260920-090928.jpg,1,1,1.000000,0.000000,1.000000,0.000000,0.000000,0.000000,0.000000,0.000000,0.000000,0.000000,0.000000,0.000000,4,20260920-090928,kwh,75.698
C:\Users\josep\source\repos\AIOTED-digital\04_joe_lcd_20x32\1_main_dig4_20260920-091728.jpg,1,1,1.000000,0.000000,1.000000,0.000000,0.000000,0.000000,0.000000,0.000000,0.000000,0.000000,0.000000,0.000000,4,20260920-091728,kwh,69.583
C:\Users\josep\source\repos\AIOTED-digital\04_joe_lcd_20x32\1_main_dig5_20260821-040553.jpg,1,1,0.999366,0.000000,0.999366,0.000001,0.000019,0.000040,0.000000,0.000000,0.000573,0.000000,0.000000,0.000001,5,20260821-040553,kwh,67.848
C:\Users\josep\source\repos\AIOTED-digital\04_joe_lcd_20x32\1_main_dig5_20260821-082552.jpg,1,1,0.999776,0.000000,0.999776,0.000000,0.000004,0.000015,0.000000,0.000000,0.000204,0.000000,0.000000,0.000000,5,20260821-082552,kwh,63.776
C:\Users\josep\source\repos\AIOTED-digital\04_joe_lcd_20x32\1_main_dig5_20260821-094152.jpg,1,1,0.999872,0.000000,0.999872,0.000000,0.000001,0.000004,0.000000,0.000000,0.000122,0.000000,0.000000,0.000000,5,20260821-094152,kwh,60.060
C:\Users\josep\source\repos\AIOTED-digital\04_joe_lcd_20x32\1_main_dig5_20260821-095352.jpg,1,1,0.999981,0.000000,0.999981,0.000000,0.000000,0.000001,0.000000,0.000000,0.000019,0.000000,0.000000,0.000000,5,20260821-095352,kwh,59.203
C:\Users\josep\source\repos\AIOTED-digital\04_joe_lcd_20x32\1_main_dig5_20260904-000707.jpg,1,1,0.621541,0.000012,0.621541,0.000087,0.013992,0.000031,0.000000,0.000000,0.364294,0.000004,0.000031,0.000008,5,20260904-000707,kwh,66.006
C:\Users\josep\source\repos\AIOTED-digital\04_joe_lcd_20x32\1_main_dig5_20260904-001507.jpg,1,1,0.836621,0.000008,0.836621,0.000101,0.022402,0.000122,0.000001,0.000000,0.140643,0.000007,0.000084,0.000010,5,20260904-001507,kwh,65.701
C:\Users\josep\source\repos\AIOTED-digital\04_joe_lcd_20x32\1_main_dig5_20260912-060827.jpg,1,1,0.977975,0.000002,0.977975,0.000007,0.000393,0.000109,0.000000,0.000000,0.021497,0.000001,0.000007,0.000009,5,20260912-060827,kwh,60.107
C:\Users\josep\source\repos\AIOTED-digital\04_joe_lcd_20x32\1_main_dig5_20260912-062827.jpg,1,1,0.990131,0.000001,0.990131,0.000004,0.000227,0.000154,0.000000,0.000000,0.009465,0.000000,0.000005,0.000011,5,20260912-062827,kwh,59.110
C:\Users\josep\source\repos\AIOTED-digital\04_joe_lcd_20x32\1_main_dig5_20260912-064027.jpg,1,1,0.994968,0.000003,0.994968,0.000002,0.000100,0.000254,0.000000,0.000000,0.004656,0.000001,0.000007,0.000008,5,20260912-064027,kwh,55.794
C:\Users\josep\source\repos\AIOTED-digital\04_joe_lcd_20x32\1_main_dig5_20260912-070027.jpg,1,1,0.999594,0.000000,0.999594,0.000000,0.000001,0.000005,0.000000,0.000000,0.000399,0.000000,0.000000,0.000000,5,20260912-070027,kwh,51.888
C:\Users\josep\source\repos\AIOTED-digital\04_joe_lcd_20x32\1_main_dig5_20260912-071627.jpg,1,1,0.998541,0.000000,0.998541,0.000000,0.000002,0.000001,0.000000,0.000000,0.001456,0.000000,0.000000,0.000000,5,20260912-071627,kwh,52.806
C:\Users\josep\source\repos\AIOTED-digital\04_joe_lcd_20x32\1_main_dig5_20260912-074827.jpg,1,1,0.999992,0.000000,0.999992,0.000000,0.000000,0.000000,0.000000,0.000000,0.000007,0.000000,0.000000,0.000000,5,20260912-074827,kwh,50.914
C:\Users\josep\source\repos\AIOTED-digital\04_joe_lcd_20x32\1_main_dig5_20260912-084827.jpg,1,1,1.000000,0.000000,1.000000,0.000000,0.000000,0.000000,0.000000,0.000000,0.000000,0.000000,0.000000,0.000000,5,20260912-084827,kwh,59.247
C:\Users\josep\source\repos\AIOTED-digital\04_joe_lcd_20x32\1_main_dig5_20260912-085627.jpg,1,1,1.000000,0.000000,1.000000,0.000000,0.000000,0.000000,0.000000,0.000000,0.000000,0.000000,0.000000,0.000000,5,20260912-085627,kwh,51.400
C:\Users\josep\source\repos\AIOTED-digital\04_joe_lcd_20x32\1_main_dig5_20260912-092827.jpg,1,1,1.000000,0.000000,1.000000,0.000000,0.000000,0.000000,0.000000,0.000000,0.000000,0.000000,0.000000,0.000000,5,20260912-092827,kwh,55.736
C:\Users\josep\source\repos\AIOTED-digital\04_joe_lcd_20x32\1_main_dig5_20260912-094827.jpg,1,1,1.000000,0.000000,1.000000,0.000000,0.000000,0.000000,0.000000,0.000000,0.000000,0.000000,0.000000,0.000000,5,20260912-094827,kwh,60.883
C:\Users\josep\source\repos\AIOTED-digital\04_joe_lcd_20x32\1_main_dig5_20260912-102827.jpg,1,1,1.000000,0.000000,1.000000,0.000000,0.000000,0.000000,0.000000,0.000000,0.000000,0.000000,0.000000,0.000000,5,20260912-102827,kwh,50.093
C:\Users\josep\source\repos\AIOTED-digital\04_joe_lcd_20x32\1_main_dig5_20260912-105627.jpg,1,1,1.000000,0.000000,1.000000,0.000000,0.000000,0.000000,0.000000,0.000000,0.000000,0.000000,0.000000,0.000000,5,20260912-105627,kwh,57.908
C:\Users\josep\source\repos\AIOTED-digital\04_joe_lcd_20x32\1_main_dig5_20260912-110827.jpg,1,1,1.000000,0.000000,1.000000,0.000000,0.000000,0.000000,0.000000,0.000000,0.000000,0.000000,0.000000,0.000000,5,20260912-110827,kwh,61.364
C:\Users\josep\source\repos\AIOTED-digital\04_joe_lcd_20x32\1_main_dig5_20260912-111627.jpg,1,1,1.000000,0.000000,1.000000,0.000000,0.000000,0.000000,0.000000,0.000000,0.000000,0.000000,0.000000,0.000000,5,20260912-111627,kwh,54.830
C:\Users\josep\source\repos\AIOTED-digital\04_joe_lcd_20x32\1_main_dig5_20260912-112827.jpg,1,1,1.000000,0.000000,1.000000,0.000000,0.000000,0.000000,0.000000,0.000000,0.000000,0.000000,0.000000,0.000000,5,20260912-112827,kwh,53.882
C:\Users\josep\source\repos\AIOTED-digital\04_joe_lcd_20x32\1_main_dig5_20260912-120827.jpg,1,1,0.999993,0.000000,0.999993,0.000000,0.000000,0.000000,0.000000,0.000000,0.000007,0.000000,0.000000,0.000000,5,20260912-120827,kwh,53.629
C:\Users\josep\source\repos\AIOTED-digital\04_joe_lcd_20x32\1_main_dig5_20260912-125627.jpg,1,1,1.000000,0.000000,1.000000,0.000000,0.000000,0.000000,0.000000,0.000000,0.000000,0.000000,0.000000,0.000000,5,20260912-125627,kwh,52.568
C:\Users\josep\source\repos\AIOTED-digital\04_joe_lcd_20x32\1_main_dig5_20260920-200527.jpg,1,1,0.992788,0.000002,0.992788,0.000003,0.000211,0.000211,0.000000,0.000000,0.006765,0.000001,0.000008,0.000012,5,20260920-200527,kwh,57.926
C:\Users\josep\source\repos\AIOTED-digital\04_joe_lcd_20x32\1_main_dig5_20260920-214527.jpg,1,1,0.991244,0.000002,0.991244,0.000006,0.000197,0.000129,0.000000,0.000000,0.008408,0.000001,0.000003,0.000010,5,20260920-214527,kwh,60.050
C:\Users\josep\source\repos\AIOTED-digital\04_joe_lcd_20x32\1_main_dig5_20260920-215327.jpg,1,1,0.982870,0.000003,0.982870,0.000010,0.000315,0.000108,0.000001,0.000000,0.016674,0.000001,0.000005,0.000014,5,20260920-215327,kwh,59.087
C:\Users\josep\source\repos\AIOTED-digital\04_joe_lcd_20x32\1_main_dig5_20260921-024526.jpg,1,1,0.982860,0.000002,0.982860,0.000003,0.000147,0.000066,0.000000,0.000000,0.016912,0.000000,0.000003,0.000006,5,20260921-024526,kwh,59.841
C:\Users\josep\source\repos\AIOTED-digital\04_joe_lcd_20x32\1_main_dig5_20260921-030526.jpg,1,1,0.996161,0.000001,0.996161,0.000006,0.000096,0.000066,0.000000,0.000000,0.003665,0.000000,0.000001,0.000004,5,20260921-030526,kwh,59.399
C:\Users\josep\source\repos\AIOTED-digital\04_joe_lcd_20x32\1_main_dig5_20260921-055326.jpg,1,1,0.976218,0.000007,0.976218,0.000018,0.000307,0.000169,0.000001,0.000001,0.023248,0.000002,0.000006,0.000023,5,20260921-055326,kwh,58.118
C:\Users\josep\source\repos\AIOTED-digital\04_joe_lcd_20x32\1_main_dig5_20260921-071326.jpg,1,1,0.996460,0.000002,0.996460,0.000002,0.000056,0.000169,0.000000,0.000000,0.003293,0.000001,0.000003,0.000013,5,20260921-071326,kwh,53.091
C:\Users\josep\source\repos\AIOTED-digital\04_joe_lcd_20x32\1_main_dig5_20260921-073326.jpg,1,1,0.999974,0.000000,0.999974,0.000000,0.000000,0.000002,0.000000,0.000000,0.000024,0.000000,0.000000,0.000000,5,20260921-073326,kwh,51.768
C:\Users\josep\source\repos\AIOTED-digital\04_joe_lcd_20x32\1_main_dig5_20260921-075326.jpg,1,1,0.999955,0.000000,0.999955,0.000000,0.000000,0.000003,0.000000,0.000000,0.000043,0.000000,0.000000,0.000000,5,20260921-075326,kwh,50.366
C:\Users\josep\source\repos\AIOTED-digital\04_joe_lcd_20x32\1_main_dig5_20260921-080126.jpg,1,1,0.999913,0.000000,0.999913,0.000000,0.000000,0.000002,0.000000,0.000000,0.000085,0.000000,0.000000,0.000000,5,20260921-080126,kwh,50.427
C:\Users\josep\source\repos\AIOTED-digital\04_joe_lcd_20x32\1_main_dig5_20260921-081326.jpg,1,1,0.999986,0.000000,0.999986,0.000000,0.000000,0.000001,0.000000,0.000000,0.000014,0.000000,0.000000,0.000000,5,20260921-081326,kwh,47.294
C:\Users\josep\source\repos\AIOTED-digital\04_joe_lcd_20x32\1_main_dig5_20260921-082126.jpg,1,1,0.999999,0.000000,0.999999,0.000000,0.000000,0.000000,0.000000,0.000000,0.000001,0.000000,0.000000,0.000000,5,20260921-082126,kwh,47.166
C:\Users\josep\source\repos\AIOTED-digital\04_joe_lcd_20x32\1_main_dig6_20260806-043615.jpg,1,1,0.727867,0.003310,0.727867,0.008756,0.032614,0.015858,0.000254,0.000192,0.198784,0.001835,0.003295,0.007234,6,20260806-043615,kwh,32.226
C:\Users\josep\source\repos\AIOTED-digital\04_joe_lcd_20x32\1_main_dig6_20260806-044415.jpg,1,1,0.883439,0.004312,0.883439,0.002953,0.011545,0.016157,0.000384,0.000451,0.072440,0.001845,0.002013,0.004460,6,20260806-044415,kwh,32.206
C:\Users\josep\source\repos\AIOTED-digital\04_joe_lcd_20x32\1_main_dig6_20260806-050415.jpg,1,1,0.991894,0.000026,0.991894,0.000017,0.000298,0.003004,0.000001,0.000001,0.004513,0.000008,0.000035,0.000204,6,20260806-050415,kwh,26.942
C:\Users\josep\source\repos\AIOTED-digital\04_joe_lcd_20x32\1_main_dig6_20260806-051215.jpg,1,1,0.993020,0.000051,0.993020,0.000013,0.000172,0.001507,0.000000,0.000000,0.005164,0.000008,0.000020,0.000044,6,20260806-051215,kwh,27.671
C:\Users\josep\source\repos\AIOTED-digital\04_joe_lcd_20x32\1_main_dig6_20260806-052415.jpg,1,1,0.982480,0.000053,0.982480,0.000016,0.000403,0.000726,0.000000,0.000000,0.016272,0.000006,0.000013,0.000033,6,20260806-052415,kwh,26.139
C:\Users\josep\source\repos\AIOTED-digital\04_joe_lcd_20x32\1_main_dig6_20260806-053215.jpg,1,1,0.984146,0.000053,0.984146,0.000017,0.000330,0.001252,0.000000,0.000000,0.014133,0.000007,0.000024,0.000038,6,20260806-053215,kwh,25.167
C:\Users\josep\source\repos\AIOTED-digital\04_joe_lcd_20x32\1_main_dig6_20260806-054415.jpg,1,1,0.997549,0.000003,0.997549,0.000000,0.000008,0.000029,0.000000,0.000000,0.002410,0.000000,0.000000,0.000001,6,20260806-054415,kwh,24.314
C:\Users\josep\source\repos\AIOTED-digital\04_joe_lcd_20x32\1_main_dig6_20260806-124014.jpg,1,1,1.000000,0.000000,1.000000,0.000000,0.000000,0.000000,0.000000,0.000000,0.000000,0.000000,0.000000,0.000000,6,20260806-124014,kwh,64.039
C:\Users\josep\source\repos\AIOTED-digital\04_joe_lcd_20x32\1_main_dig6_20260806-212013.jpg,1,1,0.986786,0.000006,0.986786,0.000061,0.000575,0.000399,0.000000,0.000000,0.012145,0.000002,0.000003,0.000022,6,20260806-212013,kwh,28.736
C:\Users\josep\source\repos\AIOTED-digital\04_joe_lcd_20x32\1_main_dig6_20260806-212813.jpg,1,1,0.999554,0.000000,0.999554,0.000001,0.000005,0.000324,0.000000,0.000000,0.000114,0.000000,0.000000,0.000001,6,20260806-212813,kwh,27.566
C:\Users\josep\source\repos\AIOTED-digital\04_joe_lcd_20x32\1_main_dig6_20260806-213213.jpg,1,1,0.903670,0.000116,0.903670,0.000573,0.011287,0.001462,0.000002,0.000001,0.082451,0.000034,0.000195,0.000208,6,20260806-213213,kwh,34.151
C:\Users\josep\source\repos\AIOTED-digital\04_joe_lcd_20x32\1_main_dig6_20260820-002155.jpg,1,1,0.762494,0.005313,0.762494,0.004195,0.049146,0.037474,0.000969,0.000702,0.129685,0.001781,0.002989,0.005253,6,20260820-002155,kwh,29.113
C:\Users\josep\source\repos\AIOTED-digital\04_joe_lcd_20x32\1_main_dig6_20260820-175753.jpg,1,1,1.000000,0.000000,1.000000,0.000000,0.000000,0.000000,0.000000,0.000000,0.000000,0.000000,0.000000,0.000000,6,20260820-175753,kwh,36.190
C:\Users\josep\source\repos\AIOTED-digital\04_joe_lcd_20x32\1_main_dig6_20260820-180553.jpg,1,1,1.000000,0.000000,1.000000,0.000000,0.000000,0.000000,0.000000,0.000000,0.000000,0.000000,0.000000,0.000000,6,20260820-180553,kwh,34.123
C:\Users\josep\source\repos\AIOTED-digital\04_joe_lcd_20x32\1_main_dig6_20260821-020553.jpg,1,1,0.875646,0.001707,0.875646,0.001129,0.026482,0.045741,0.000426,0.000223,0.043242,0.000890,0.002551,0.001963,6,20260821-020553,kwh,29.665
C:\Users\josep\source\repos\AIOTED-digital\04_joe_lcd_20x32\1_main_dig6_20260821-022553.jpg,1,1,0.661315,0.005933,0.661315,0.005060,0.077079,0.098549,0.005051,0.001618,0.110390,0.005160,0.020193,0.009652,6,20260821-022553,kwh,29.007
C:\Users\josep\source\repos\AIOTED-digital\04_joe_lcd_20x32\1_main_dig6_20260821-024553.jpg,1,1,0.935379,0.000699,0.935379,0.000179,0.010286,0.015863,0.000121,0.000035,0.035550,0.000206,0.001360,0.000324,6,20260821-024553,kwh,30.894
C:\Users\josep\source\repos\AIOTED-digital\04_joe_lcd_20x32\1_main_dig6_20260821-105352.jpg,1,1,1.000000,0.000000,1.000000,0.000000,0.000000,0.000000,0.000000,0.000000,0.000000,0.000000,0.000000,0.000000,6,20260821-105352,kwh,42.684
C:\Users\josep\source\repos\AIOTED-digital\04_joe_lcd_20x32\1_main_dig6_20260821-160952.jpg,1,1,1.000000,0.000000,1.000000,0.000000,0.000000,0.000000,0.000000,0.000000,0.000000,0.000000,0.000000,0.000000,6,20260821-160952,kwh,58.196
C:\Users\josep\source\repos\AIOTED-digital\04_joe_lcd_20x32\1_main_dig6_20260821-163352.jpg,1,1,1.000000,0.000000,1.000000,0.000000,0.000000,0.000000,0.000000,0.000000,0.000000,0.000000,0.000000,0.000000,6,20260821-163352,kwh,28.853
C:\Users\josep\source\repos\AIOTED-digital\04_joe_lcd_20x32\1_main_dig6_20260904-014706.jpg,1,1,0.662548,0.000505,0.662548,0.008095,0.146222,0.070194,0.001103,0.000296,0.092418,0.000874,0.007325,0.010419,6,20260904-014706,kwh,24.845
C:\Users\josep\source\repos\AIOTED-digital\04_joe_lcd_20x32\1_main_dig6_20260904-020706.jpg,1,1,0.674109,0.000360,0.674109,0.005995,0.108972,0.036254,0.000117,0.000081,0.164144,0.000491,0.001630,0.007847,6,20260904-020706,kwh,25.919
C:\Users\josep\source\repos\AIOTED-digital\04_joe_lcd_20x32\1_main_dig6_20260904-091506.jpg,1,1,0.999440,0.000000,0.999440,0.000000,0.000000,0.000000,0.000000,0.000000,0.000559,0.000000,0.000000,0.000000,6,20260904-091506,kwh,20.773
C:\Users\josep\source\repos\AIOTED-digital\04_joe_lcd_20x32\1_main_dig6_20260904-094305.jpg,1,1,0.999995,0.000000,0.999995,0.000000,0.000000,0.000000,0.000000,0.000000,0.000005,0.000000,0.000000,0.000000,6,20260904-094305,kwh,29.833
C:\Users\josep\source\repos\AIOTED-digital\04_joe_lcd_20x32\1_main_dig6_20260904-140659.jpg,1,1,1.000000,0.000000,1.000000,0.000000,0.000000,0.000000,0.000000,0.000000,0.000000,0.000000,0.000000,0.000000,6,20260904-140659,kwh,64.358
C:\Users\josep\source\repos\AIOTED-digital\04_joe_lcd_20x32\1_main_dig6_20260904-141459.jpg,1,1,1.000000,0.000000,1.000000,0.000000,0.000000,0.000000,0.000000,0.000000,0.000000,0.000000,0.000000,0.000000,6,20260904-141459,kwh,62.220
C:\Users\josep\source\repos\AIOTED-digital\04_joe_lcd_20x32\1_main_dig6_20260904-224258.jpg,1,1,0.475655,0.003496,0.475655,0.065192,0.279157,0.022248,0.006970,0.002983,0.107657,0.008837,0.020793,0.007011,6,20260904-224258,kwh,26.579
C:\Users\josep\source\repos\AIOTED-digital\04_joe_lcd_20x32\1_main_dig6_20260912-063627.jpg,1,1,0.997953,0.000008,0.997953,0.000012,0.000698,0.000500,0.000001,0.000001,0.000807,0.000008,0.000008,0.000004,6,20260912-063627,kwh,23.033
C:\Users\josep\source\repos\AIOTED-digital\04_joe_lcd_20x32\1_main_dig6_20260912-073627.jpg,1,1,0.999998,0.000000,0.999998,0.000000,0.000000,0.000000,0.000000,0.000000,0.000002,0.000000,0.000000,0.000000,6,20260912-073627,kwh,23.113
C:\Users\josep\source\repos\AIOTED-digital\04_joe_lcd_20x32\1_main_dig6_20260912-182058.jpg,1,1,0.999997,0.000000,0.999997,0.000000,0.000000,0.000000,0.000000,0.000000,0.000003,0.000000,0.000000,0.000000,6,20260912-182058,kwh,20.673
C:\Users\josep\source\repos\AIOTED-digital\04_joe_lcd_20x32\1_main_dig6_20260912-185258.jpg,1,1,0.999469,0.000001,0.999469,0.000000,0.000062,0.000057,0.000000,0.000000,0.000410,0.000000,0.000000,0.000000,6,20260912-185258,kwh,17.761
C:\Users\josep\source\repos\AIOTED-digital\04_joe_lcd_20x32\1_main_dig6_20260920-103728.jpg,1,1,1.000000,0.000000,1.000000,0.000000,0.000000,0.000000,0.000000,0.000000,0.000000,0.000000,0.000000,0.000000,6,20260920-103728,kwh,48.815
C:\Users\josep\source\repos\AIOTED-digital\04_joe_lcd_20x32\1_main_dig6_20260920-105728.jpg,1,1,1.000000,0.000000,1.000000,0.000000,0.000000,0.000000,0.000000,0.000000,0.000000,0.000000,0.000000,0.000000,6,20260920-105728,kwh,71.245
C:\Users\josep\source\repos\AIOTED-digital\04_joe_lcd_20x32\1_main_dig6_20260920-203727.jpg,1,1,0.977910,0.000327,0.977910,0.000237,0.005451,0.005583,0.000036,0.000033,0.009470,0.000323,0.000494,0.000139,6,20260920-203727,kwh,20.856
C:\Users\josep\source\repos\AIOTED-digital\04_joe_lcd_20x32\1_main_dig6_20260921-093326.jpg,1,1,1.000000,0.000000,1.000000,0.000000,0.000000,0.000000,0.000000,0.000000,0.000000,0.000000,0.000000,0.000000,6,20260921-093326,kwh,52.356
C:\Users\josep\source\repos\AIOTED-digital\04_joe_lcd_20x32\1_main_dig6_20260921-170925.jpg,1,1,1.000000,0.000000,1.000000,0.000000,0.000000,0.000000,0.000000,0.000000,0.000000,0.000000,0.000000,0.000000,6,20260921-170925,kwh,32.816
C:\Users\josep\source\repos\AIOTED-digital\04_joe_lcd_20x32\1_main_dig6_20260921-172125.jpg,1,1,1.000000,0.000000,1.000000,0.000000,0.000000,0.000000,0.000000,0.000000,0.000000,0.000000,0.000000,0.000000,6,20260921-172125,kwh,29.327
C:\Users\josep\source\repos\AIOTED-digital\04_joe_lcd_20x32\1_main_dig6_20260924-055350.jpg,1,1,0.936466,0.000319,0.936466,0.000967,0.031257,0.003435,0.000061,0.000044,0.026263,0.000370,0.000568,0.000251,6,20260924-055350,kwh,20.736
C:\Users\josep\source\repos\AIOTED-digital\04_joe_lcd_20x32\1_main_dig6_20260924-153818.jpg,1,1,1.000000,0.000000,1.000000,0.000000,0.000000,0.000000,0.000000,0.000000,0.000000,0.000000,0.000000,0.000000,6,20260924-153818,kwh,59.995
C:\Users\josep\source\repos\AIOTED-digital\04_joe_lcd_20x32\1_main_dig6_20260924-162619.jpg,1,1,0.999999,0.000000,0.999999,0.000000,0.000000,0.000000,0.000000,0.000000,0.000001,0.000000,0.000000,0.000000,6,20260924-162619,kwh,30.815
C:\Users\josep\source\repos\AIOTED-digital\04_joe_lcd_20x32\1_main_dig6_20260928-003442.jpg,1,1,0.812866,0.000157,0.812866,0.008623,0.139248,0.002222,0.000043,0.000042,0.035234,0.000666,0.000731,0.000170,6,20260928-003442,kwh,26.615
C:\Users\josep\source\repos\AIOTED-digital\04_joe_lcd_20x32\1_main_dig6_20260928-011442.jpg,1,1,0.891182,0.000304,0.891182,0.005641,0.068874,0.002159,0.000049,0.000055,0.030224,0.000763,0.000621,0.000127,6,20260928-011442,kwh,26.754
C:\Users\josep\source\repos\AIOTED-digital\04_joe_lcd_20x32\1_main_dig6_20260928-020641.jpg,1,1,0.657883,0.001511,0.657883,0.039426,0.196744,0.004868,0.000540,0.000465,0.091307,0.003067,0.002823,0.001366,6,20260928-020641,kwh,25.555
C:\Users\josep\source\repos\AIOTED-digital\04_joe_lcd_20x32\1_main_dig6_20260928-122241.jpg,1,1,1.000000,0.000000,1.000000,0.000000,0.000000,0.000000,0.000000,0.000000,0.000000,0.000000,0.000000,0.000000,6,20260928-122241,kwh,70.900
C:\Users\josep\source\repos\AIOTED-digital\04_joe_lcd_20x32\2_main_dig4_20260820-173754.jpg,2,2,1.000000,0.000000,0.000000,1.000000,0.000000,0.000000,0.000000,0.000000,0.000000,0.000000,0.000000,0.000000,4,20260820-173754,kwh,63.319
C:\Users\josep\source\repos\AIOTED-digital\04_joe_lcd_20x32\2_main_dig4_20260820-180553.jpg,2,2,1.000000,0.000000,0.000000,1.000000,0.000000,0.000000,0.000000,0.000000,0.000000,0.000000,0.000000,0.000000,4,20260820-180553,kwh,63.359
C:\Users\josep\source\repos\AIOTED-digital\04_joe_lcd_20x32\2_main_dig4_20260820-181753.jpg,2,2,1.000000,0.000000,0.000000,1.000000,0.000000,0.000000,0.000000,0.000000,0.000000,0.000000,0.000000,0.000000,4,20260820-181753,kwh,64.356
C:\Users\josep\source\repos\AIOTED-digital\04_joe_lcd_20x32\2_main_dig4_20260820-183753.jpg,2,2,1.000000,0.000000,0.000000,1.000000,0.000000,0.000000,0.000000,0.000000,0.000000,0.000000,0.000000,0.000000,4,20260820-183753,kwh,65.906
C:\Users\josep\source\repos\AIOTED-digital\04_joe_lcd_20x32\2_main_dig4_20260820-184553.jpg,2,2,1.000000,0.000000,0.000000,1.000000,0.000000,0.000000,0.000000,0.000000,0.000000,0.000000,0.000000,0.000000,4,20260820-184553,kwh,66.969
C:\Users\josep\source\repos\AIOTED-digital\04_joe_lcd_20x32\2_main_dig4_20260820-185753.jpg,2,2,1.000000,0.000000,0.000000,1.000000,0.000000,0.000000,0.000000,0.000000,0.000000,0.000000,0.000000,0.000000,4,20260820-185753,kwh,66.906
C:\Users\josep\source\repos\AIOTED-digital\04_joe_lcd_20x32\2_main_dig4_20260820-190553.jpg,2,2,1.000000,0.000000,0.000000,1.000000,0.000000,0.000000,0.000000,0.000000,0.000000,0.000000,0.000000,0.000000,4,20260820-190553,kwh,67.133
C:\Users\josep\source\repos\AIOTED-digital\04_joe_lcd_20x32\2_main_dig4_20260820-194553.jpg,2,2,1.000000,0.000000,0.000000,1.000000,0.000000,0.000000,0.000000,0.000000,0.000000,0.000000,0.000000,0.000000,4,20260820-194553,kwh,69.162
C:\Users\josep\source\repos\AIOTED-digital\04_joe_lcd_20x32\2_main_dig4_20260820-203753.jpg,2,2,1.000000,0.000000,0.000000,1.000000,0.000000,0.000000,0.000000,0.000000,0.000000,0.000000,0.000000,0.000000,4,20260820-203753,kwh,69.363
C:\Users\josep\source\repos\AIOTED-digital\04_joe_lcd_20x32\2_main_dig4_20260820-204553.jpg,2,2,1.000000,0.000000,0.000000,1.000000,0.000000,0.000000,0.000000,0.000000,0.000000,0.000000,0.000000,0.000000,4,20260820-204553,kwh,69.387
C:\Users\josep\source\repos\AIOTED-digital\04_joe_lcd_20x32\2_main_dig4_20260820-223753.jpg,2,2,1.000000,0.000000,0.000000,1.000000,0.000000,0.000000,0.000000,0.000000,0.000000,0.000000,0.000000,0.000000,4,20260820-223753,kwh,67.136
C:\Users\josep\source\repos\AIOTED-digital\04_joe_lcd_20x32\2_main_dig4_20260820-233753.jpg,2,2,1.000000,0.000000,0.000000,1.000000,0.000000,0.000000,0.000000,0.000000,0.000000,0.000000,0.000000,0.000000,4,20260820-233753,kwh,67.363
C:\Users\josep\source\repos\AIOTED-digital\04_joe_lcd_20x32\2_main_dig4_20260820-234553.jpg,2,2,1.000000,0.000000,0.000000,1.000000,0.000000,0.000000,0.000000,0.000000,0.000000,0.000000,0.000000,0.000000,4,20260820-234553,kwh,68.334
C:\Users\josep\source\repos\AIOTED-digital\04_joe_lcd_20x32\2_main_dig4_20260821-014553.jpg,2,2,1.000000,0.000000,0.000000,1.000000,0.000000,0.000000,0.000000,0.000000,0.000000,0.000000,0.000000,0.000000,4,20260821-014553,kwh,67.361
C:\Users\josep\source\repos\AIOTED-digital\04_joe_lcd_20x32\2_main_dig4_20260821-033353.jpg,2,2,1.000000,0.000000,0.000000,1.000000,0.000000,0.000000,0.000000,0.000000,0.000000,0.000000,0.000000,0.000000,4,20260821-033353,kwh,66.854
C:\Users\josep\source\repos\AIOTED-digital\04_joe_lcd_20x32\2_main_dig4_20260821-042553.jpg,2,2,1.000000,0.000000,0.000000,1.000000,0.000000,0.000000,0.000000,0.000000,0.000000,0.000000,0.000000,0.000000,4,20260821-042553,kwh,67.544
C:\Users\josep\source\repos\AIOTED-digital\04_joe_lcd_20x32\2_main_dig4_20260821-045353.jpg,2,2,1.000000,0.000000,0.000000,1.000000,0.000000,0.000000,0.000000,0.000000,0.000000,0.000000,0.000000,0.000000,4,20260821-045353,kwh,67.879
C:\Users\josep\source\repos\AIOTED-digital\04_joe_lcd_20x32\2_main_dig4_20260821-082152.jpg,2,2,1.000000,0.000000,0.000000,1.000000,0.000000,0.000000,0.000000,0.000000,0.000000,0.000000,0.000000,0.000000,4,20260821-082152,kwh,67.142
C:\Users\josep\source\repos\AIOTED-digital\04_joe_lcd_20x32\2_main_dig4_20260821-091352.jpg,2,2,1.000000,0.000000,0.000000,1.000000,0.000000,0.000000,0.000000,0.000000,0.000000,0.000000,0.000000,0.000000,4,20260821-091352,kwh,66.916
C:\Users\josep\source\repos\AIOTED-digital\04_joe_lcd_20x32\2_main_dig4_20260821-093352.jpg,2,2,1.000000,0.000000,0.000000,1.000000,0.000000,0.000000,0.000000,0.000000,0.000000,0.000000,0.000000,0.000000,4,20260821-093352,kwh,65.804
C:\Users\josep\source\repos\AIOTED-digital\04_joe_lcd_20x32\2_main_dig4_20260821-103352.jpg,2,2,1.000000,0.000000,0.000000,1.000000,0.000000,0.000000,0.000000,0.000000,0.000000,0.000000,0.000000,0.000000,4,20260821-103352,kwh,62.507
C:\Users\josep\source\repos\AIOTED-digital\04_joe_lcd_20x32\2_main_dig4_20260821-121352.jpg,2,2,1.000000,0.000000,0.000000,1.000000,0.000000,0.000000,0.000000,0.000000,0.000000,0.000000,0.000000,0.000000,4,20260821-121352,kwh,68.115
C:\Users\josep\source\repos\AIOTED-digital\04_joe_lcd_20x32\2_main_dig4_20260821-125352.jpg,2,2,1.000000,0.000000,0.000000,1.000000,0.000000,0.000000,0.000000,0.000000,0.000000,0.000000,0.000000,0.000000,4,20260821-125352,kwh,83.999
C:\Users\josep\source\repos\AIOTED-digital\04_joe_lcd_20x32\2_main_dig4_20260821-141352.jpg,2,2,1.000000,0.000000,0.000000,1.000000,0.000000,0.000000,0.000000,0.000000,0.000000,0.000000,0.000000,0.000000,4,20260821-141352,kwh,75.494
C:\Users\josep\source\repos\AIOTED-digital\04_joe_lcd_20x32\2_main_dig4_20260821-145352.jpg,2,2,1.000000,0.000000,0.000000,1.000000,0.000000,0.000000,0.000000,0.000000,0.000000,0.000000,0.000000,0.000000,4,20260821-145352,kwh,69.214
C:\Users\josep\source\repos\AIOTED-digital\04_joe_lcd_20x32\2_main_dig4_20260821-154952.jpg,2,2,1.000000,0.000000,0.000000,1.000000,0.000000,0.000000,0.000000,0.000000,0.000000,0.000000,0.000000,0.000000,4,20260821-154952,kwh,79.442
C:\Users\josep\source\repos\AIOTED-digital\04_joe_lcd_20x32\2_main_dig4_20260821-155352.jpg,2,2,1.000000,0.000000,0.000000,1.000000,0.000000,0.000000,0.000000,0.000000,0.000000,0.000000,0.000000,0.000000,4,20260821-155352,kwh,72.819
C:\Users\josep\source\repos\AIOTED-digital\04_joe_lcd_20x32\2_main_dig4_20260821-161352.jpg,2,2,1.000000,0.000000,0.000000,1.000000,0.000000,0.000000,0.000000,0.000000,0.000000,0.000000,0.000000,0.000000,4,20260821-161352,kwh,64.956
C:\Users\josep\source\repos\AIOTED-digital\04_joe_lcd_20x32\2_main_dig4_20260821-164152.jpg,2,2,1.000000,0.000000,0.000000,1.000000,0.000000,0.000000,0.000000,0.000000,0.000000,0.000000,0.000000,0.000000,4,20260821-164152,kwh,64.392
C:\Users\josep\source\repos\AIOTED-digital\04_joe_lcd_20x32\2_main_dig4_20260821-170152.jpg,2,2,1.000000,0.000000,0.000000,1.000000,0.000000,0.000000,0.000000,0.000000,0.000000,0.000000,0.000000,0.000000,4,20260821-170152,kwh,63.034
C:\Users\josep\source\repos\AIOTED-digital\04_joe_lcd_20x32\2_main_dig4_20260821-174152.jpg,2,2,1.000000,0.000000,0.000000,1.000000,0.000000,0.000000,0.000000,0.000000,0.000000,0.000000,0.000000,0.000000,4,20260821-174152,kwh,63.356
C:\Users\josep\source\repos\AIOTED-digital\04_joe_lcd_20x32\2_main_dig4_20260821-182152.jpg,2,2,1.000000,0.000000,0.000000,1.000000,0.000000,0.000000,0.000000,0.000000,0.000000,0.000000,0.000000,0.000000,4,20260821-182152,kwh,64.074
C:\Users\josep\source\repos\AIOTED-digital\04_joe_lcd_20x32\2_main_dig4_20260821-220951.jpg,2,2,1.000000,0.000000,0.000000,1.000000,0.000000,0.000000,0.000000,0.000000,0.000000,0.000000,0.000000,0.000000,4,20260821-220951,kwh,67.127
C:\Users\josep\source\repos\AIOTED-digital\04_joe_lcd_20x32\2_main_dig4_20260821-234151.jpg,2,2,1.000000,0.000000,0.000000,1.000000,0.000000,0.000000,0.000000,0.000000,0.000000,0.000000,0.000000,0.000000,4,20260821-234151,kwh,68.710
C:\Users\josep\source\repos\AIOTED-digital\04_joe_lcd_20x32\2_main_dig4_20260920-094928.jpg,2,2,1.000000,0.000000,0.000000,1.000000,0.000000,0.000000,0.000000,0.000000,0.000000,0.000000,0.000000,0.000000,4,20260920-094928,kwh,63.131
C:\Users\josep\source\repos\AIOTED-digital\04_joe_lcd_20x32\2_main_dig4_20260920-105728.jpg,2,2,1.000000,0.000000,0.000000,1.000000,0.000000,0.000000,0.000000,0.000000,0.000000,0.000000,0.000000,0.000000,4,20260920-105728,kwh,87.524
C:\Users\josep\source\repos\AIOTED-digital\04_joe_lcd_20x32\2_main_dig4_20260920-114927.jpg,2,2,1.000000,0.000000,0.000000,1.000000,0.000000,0.000000,0.000000,0.000000,0.000000,0.000000,0.000000,0.000000,4,20260920-114927,kwh,98.419
C:\Users\josep\source\repos\AIOTED-digital\04_joe_lcd_20x32\2_main_dig4_20260920-123727.jpg,2,2,1.000000,0.000000,0.000000,1.000000,0.000000,0.000000,0.000000,0.000000,0.000000,0.000000,0.000000,0.000000,4,20260920-123727,kwh,74.963
C:\Users\josep\source\repos\AIOTED-digital\04_joe_lcd_20x32\2_main_dig4_20260920-125727.jpg,2,2,1.000000,0.000000,0.000000,1.000000,0.000000,0.000000,0.000000,0.000000,0.000000,0.000000,0.000000,0.000000,4,20260920-125727,kwh,92.224
C:\Users\josep\source\repos\AIOTED-digital\04_joe_lcd_20x32\2_main_dig4_20260920-130927.jpg,2,2,1.000000,0.000000,0.000000,1.000000,0.000000,0.000000,0.000000,0.000000,0.000000,0.000000,0.000000,0.000000,4,20260920-130927,kwh,75.647
C:\Users\josep\source\repos\AIOTED-digital\04_joe_lcd_20x32\2_main_dig4_20260920-132927.jpg,2,2,1.000000,0.000000,0.000000,1.000000,0.000000,0.000000,0.000000,0.000000,0.000000,0.000000,0.000000,0.000000,4,20260920-132927,kwh,84.861
C:\Users\josep\source\repos\AIOTED-digital\04_joe_lcd_20x32\2_main_dig4_20260920-134527.jpg,2,2,1.000000,0.000000,0.000000,1.000000,0.000000,0.000000,0.000000,0.000000,0.000000,0.000000,0.000000,0.000000,4,20260920-134527,kwh,82.479
C:\Users\josep\source\repos\AIOTED-digital\04_joe_lcd_20x32\2_main_dig4_20260920-144527.jpg,2,2,1.000000,0.000000,0.000000,1.000000,0.000000,0.000000,0.000000,0.000000,0.000000,0.000000,0.000000,0.000000,4,20260920-144527,kwh,69.296
C:\Users\josep\source\repos\AIOTED-digital\04_joe_lcd_20x32\2_main_dig4_20260920-153727.jpg,2,2,1.000000,0.000000,0.000000,1.000000,0.000000,0.000000,0.000000,0.000000,0.000000,0.000000,0.000000,0.000000,4,20260920-153727,kwh,60.061
C:\Users\josep\source\repos\AIOTED-digital\04_joe_lcd_20x32\2_main_dig4_20260920-162527.jpg,2,2,1.000000,0.000000,0.000000,1.000000,0.000000,0.000000,0.000000,0.000000,0.000000,0.000000,0.000000,0.000000,4,20260920-162527,kwh,60.017
C:\Users\josep\source\repos\AIOTED-digital\04_joe_lcd_20x32\2_main_dig4_20260920-163727.jpg,2,2,1.000000,0.000000,0.000000,1.000000,0.000000,0.000000,0.000000,0.000000,0.000000,0.000000,0.000000,0.000000,4,20260920-163727,kwh,60.473
C:\Users\josep\source\repos\AIOTED-digital\04_joe_lcd_20x32\2_main_dig4_20260920-171727.jpg,2,2,1.000000,0.000000,0.000000,1.000000,0.000000,0.000000,0.000000,0.000000,0.000000,0.000000,0.000000,0.000000,4,20260920-171727,kwh,58.161
C:\Users\josep\source\repos\AIOTED-digital\04_joe_lcd_20x32\2_main_dig4_20260920-174527.jpg,2,2,1.000000,0.000000,0.000000,1.000000,0.000000,0.000000,0.000000,0.000000,0.000000,0.000000,0.000000,0.000000,4,20260920-174527,kwh,58.413
C:\Users\josep\source\repos\AIOTED-digital\04_joe_lcd_20x32\2_main_dig4_20260920-180527.jpg,2,2,1.000000,0.000000,0.000000,1.000000,0.000000,0.000000,0.000000,0.000000,0.000000,0.000000,0.000000,0.000000,4,20260920-180527,kwh,58.402
C:\Users\josep\source\repos\AIOTED-digital\04_joe_lcd_20x32\2_main_dig4_20260920-192527.jpg,2,2,1.000000,0.000000,0.000000,1.000000,0.000000,0.000000,0.000000,0.000000,0.000000,0.000000,0.000000,0.000000,4,20260920-192527,kwh,62.419
C:\Users\josep\source\repos\AIOTED-digital\04_joe_lcd_20x32\2_main_dig4_20260920-193727.jpg,2,2,1.000000,0.000000,0.000000,1.000000,0.000000,0.000000,0.000000,0.000000,0.000000,0.000000,0.000000,0.000000,4,20260920-193727,kwh,62.665
C:\Users\josep\source\repos\AIOTED-digital\04_joe_lcd_20x32\2_main_dig4_20260920-211727.jpg,2,2,1.000000,0.000000,0.000000,1.000000,0.000000,0.000000,0.000000,0.000000,0.000000,0.000000,0.000000,0.000000,4,20260920-211727,kwh,62.407
C:\Users\josep\source\repos\AIOTED-digital\04_joe_lcd_20x32\2_main_dig4_20260920-213727.jpg,2,2,1.000000,0.000000,0.000000,1.000000,0.000000,0.000000,0.000000,0.000000,0.000000,0.000000,0.000000,0.000000,4,20260920-213727,kwh,61.828
C:\Users\josep\source\repos\AIOTED-digital\04_joe_lcd_20x32\2_main_dig4_20260920-223327.jpg,2,2,1.000000,0.000000,0.000000,1.000000,0.000000,0.000000,0.000000,0.000000,0.000000,0.000000,0.000000,0.000000,4,20260920-223327,kwh,62.663
C:\Users\josep\source\repos\AIOTED-digital\04_joe_lcd_20x32\2_main_dig4_20260920-224527.jpg,2,2,1.000000,0.000000,0.000000,1.000000,0.000000,0.000000,0.000000,0.000000,0.000000,0.000000,0.000000,0.000000,4,20260920-224527,kwh,62.099
C:\Users\josep\source\repos\AIOTED-digital\04_joe_lcd_20x32\2_main_dig4_20260920-225327.jpg,2,2,1.000000,0.000000,0.000000,1.000000,0.000000,0.000000,0.000000,0.000000,0.000000,0.000000,0.000000,0.000000,4,20260920-225327,kwh,63.637
C:\Users\josep\source\repos\AIOTED-digital\04_joe_lcd_20x32\2_main_dig4_20260920-231327.jpg,2,2,1.000000,0.000000,0.000000,1.000000,0.000000,0.000000,0.000000,0.000000,0.000000,0.000000,0.000000,0.000000,4,20260920-231327,kwh,62.703
C:\Users\josep\source\repos\AIOTED-digital\04_joe_lcd_20x32\2_main_dig4_20260920-235327.jpg,2,2,1.000000,0.000000,0.000000,1.000000,0.000000,0.000000,0.000000,0.000000,0.000000,0.000000,0.000000,0.000000,4,20260920-235327,kwh,62.125
C:\Users\josep\source\repos\AIOTED-digital\04_joe_lcd_20x32\2_main_dig4_20260921-012526.jpg,2,2,1.000000,0.000000,0.000000,1.000000,0.000000,0.000000,0.000000,0.000000,0.000000,0.000000,0.000000,0.000000,4,20260921-012526,kwh,62.019
C:\Users\josep\source\repos\AIOTED-digital\04_joe_lcd_20x32\2_main_dig4_20260921-020526.jpg,2,2,1.000000,0.000000,0.000000,1.000000,0.000000,0.000000,0.000000,0.000000,0.000000,0.000000,0.000000,0.000000,4,20260921-020526,kwh,62.091
C:\Users\josep\source\repos\AIOTED-digital\04_joe_lcd_20x32\2_main_dig4_20260921-034526.jpg,2,2,1.000000,0.000000,0.000000,1.000000,0.000000,0.000000,0.000000,0.000000,0.000000,0.000000,0.000000,0.000000,4,20260921-034526,kwh,63.198
C:\Users\josep\source\repos\AIOTED-digital\04_joe_lcd_20x32\2_main_dig4_20260921-050526.jpg,2,2,1.000000,0.000000,0.000000,1.000000,0.000000,0.000000,0.000000,0.000000,0.000000,0.000000,0.000000,0.000000,4,20260921-050526,kwh,62.912
C:\Users\josep\source\repos\AIOTED-digital\04_joe_lcd_20x32\2_main_dig4_20260921-060526.jpg,2,2,1.000000,0.000000,0.000000,1.000000,0.000000,0.000000,0.000000,0.000000,0.000000,0.000000,0.000000,0.000000,4,20260921-060526,kwh,60.969
C:\Users\josep\source\repos\AIOTED-digital\04_joe_lcd_20x32\2_main_dig4_20260921-071326.jpg,2,2,1.000000,0.000000,0.000000,1.000000,0.000000,0.000000,0.000000,0.000000,0.000000,0.000000,0.000000,0.000000,4,20260921-071326,kwh,61.175
C:\Users\josep\source\repos\AIOTED-digital\04_joe_lcd_20x32\2_main_dig4_20260921-073326.jpg,2,2,1.000000,0.000000,0.000000,1.000000,0.000000,0.000000,0.000000,0.000000,0.000000,0.000000,0.000000,0.000000,4,20260921-073326,kwh,59.237
C:\Users\josep\source\repos\AIOTED-digital\04_joe_lcd_20x32\2_main_dig4_20260921-075326.jpg,2,2,1.000000,0.000000,0.000000,1.000000,0.000000,0.000000,0.000000,0.000000,0.000000,0.000000,0.000000,0.000000,4,20260921-075326,kwh,59.493
C:\Users\josep\source\repos\AIOTED-digital\04_joe_lcd_20x32\2_main_dig4_20260921-090126.jpg,2,2,1.000000,0.000000,0.000000,1.000000,0.000000,0.000000,0.000000,0.000000,0.000000,0.000000,0.000000,0.000000,4,20260921-090126,kwh,74.986
C:\Users\josep\source\repos\AIOTED-digital\04_joe_lcd_20x32\2_main_dig4_20260921-104126.jpg,2,2,1.000000,0.000000,0.000000,1.000000,0.000000,0.000000,0.000000,0.000000,0.000000,0.000000,0.000000,0.000000,4,20260921-104126,kwh,71.765
C:\Users\josep\source\repos\AIOTED-digital\04_joe_lcd_20x32\2_main_dig4_20260921-130926.jpg,2,2,1.000000,0.000000,0.000000,1.000000,0.000000,0.000000,0.000000,0.000000,0.000000,0.000000,0.000000,0.000000,4,20260921-130926,kwh,85.847
C:\Users\josep\source\repos\AIOTED-digital\04_joe_lcd_20x32\2_main_dig4_20260921-131326.jpg,2,2,1.000000,0.000000,0.000000,1.000000,0.000000,0.000000,0.000000,0.000000,0.000000,0.000000,0.000000,0.000000,4,20260921-131326,kwh,79.747
C:\Users\josep\source\repos\AIOTED-digital\04_joe_lcd_20x32\2_main_dig4_20260921-132925.jpg,2,2,1.000000,0.000000,0.000000,1.000000,0.000000,0.000000,0.000000,0.000000,0.000000,0.000000,0.000000,0.000000,4,20260921-132925,kwh,86.921
C:\Users\josep\source\repos\AIOTED-digital\04_joe_lcd_20x32\2_main_dig4_20260921-142125.jpg,2,2,1.000000,0.000000,0.000000,1.000000,0.000000,0.000000,0.000000,0.000000,0.000000,0.000000,0.000000,0.000000,4,20260921-142125,kwh,79.469
C:\Users\josep\source\repos\AIOTED-digital\04_joe_lcd_20x32\2_main_dig4_20260921-144925.jpg,2,2,1.000000,0.000000,0.000000,1.000000,0.000000,0.000000,0.000000,0.000000,0.000000,0.000000,0.000000,0.000000,4,20260921-144925,kwh,81.526
C:\Users\josep\source\repos\AIOTED-digital\04_joe_lcd_20x32\2_main_dig4_20260921-154125.jpg,2,2,1.000000,0.000000,0.000000,1.000000,0.000000,0.000000,0.000000,0.000000,0.000000,0.000000,0.000000,0.000000,4,20260921-154125,kwh,76.940
C:\Users\josep\source\repos\AIOTED-digital\04_joe_lcd_20x32\2_main_dig4_20260921-162125.jpg,2,2,1.000000,0.000000,0.000000,1.000000,0.000000,0.000000,0.000000,0.000000,0.000000,0.000000,0.000000,0.000000,4,20260921-162125,kwh,61.877
C:\Users\josep\source\repos\AIOTED-digital\04_joe_lcd_20x32\2_main_dig4_20260921-164925.jpg,2,2,1.000000,0.000000,0.000000,1.000000,0.000000,0.000000,0.000000,0.000000,0.000000,0.000000,0.000000,0.000000,4,20260921-164925,kwh,61.064
C:\Users\josep\source\repos\AIOTED-digital\04_joe_lcd_20x32\2_main_dig4_20260921-172125.jpg,2,2,1.000000,0.000000,0.000000,1.000000,0.000000,0.000000,0.000000,0.000000,0.000000,0.000000,0.000000,0.000000,4,20260921-172125,kwh,59.020
C:\Users\josep\source\repos\AIOTED-digital\04_joe_lcd_20x32\2_main_dig4_20260921-172925.jpg,2,2,1.000000,0.000000,0.000000,1.000000,0.000000,0.000000,0.000000,0.000000,0.000000,0.000000,0.000000,0.000000,4,20260921-172925,kwh,58.583
C:\Users\josep\source\repos\AIOTED-digital\04_joe_lcd_20x32\2_main_dig4_20260921-202925.jpg,2,2,1.000000,0.000000,0.000000,1.000000,0.000000,0.000000,0.000000,0.000000,0.000000,0.000000,0.000000,0.000000,4,20260921-202925,kwh,63.123
C:\Users\josep\source\repos\AIOTED-digital\04_joe_lcd_20x32\2_main_dig4_20260921-204125.jpg,2,2,1.000000,0.000000,0.000000,1.000000,0.000000,0.000000,0.000000,0.000000,0.000000,0.000000,0.000000,0.000000,4,20260921-204125,kwh,61.826
C:\Users\josep\source\repos\AIOTED-digital\04_joe_lcd_20x32\2_main_dig4_20260921-224925.jpg,2,2,1.000000,0.000000,0.000000,1.000000,0.000000,0.000000,0.000000,0.000000,0.000000,0.000000,0.000000,0.000000,4,20260921-224925,kwh,62.730
C:\Users\josep\source\repos\AIOTED-digital\04_joe_lcd_20x32\2_main_dig4_20260921-230925.jpg,2,2,1.000000,0.000000,0.000000,1.000000,0.000000,0.000000,0.000000,0.000000,0.000000,0.000000,0.000000,0.000000,4,20260921-230925,kwh,62.507
C:\Users\josep\source\repos\AIOTED-digital\04_joe_lcd_20x32\2_main_dig4_20260924-000550.jpg,2,2,1.000000,0.000000,0.000000,1.000000,0.000000,0.000000,0.000000,0.000000,0.000000,0.000000,0.000000,0.000000,4,20260924-000550,kwh,60.735
C:\Users\josep\source\repos\AIOTED-digital\04_joe_lcd_20x32\2_main_dig4_20260924-021350.jpg,2,2,1.000000,0.000000,0.000000,1.000000,0.000000,0.000000,0.000000,0.000000,0.000000,0.000000,0.000000,0.000000,4,20260924-021350,kwh,61.999
C:\Users\josep\source\repos\AIOTED-digital\04_joe_lcd_20x32\2_main_dig4_20260924-035350.jpg,2,2,1.000000,0.000000,0.000000,1.000000,0.000000,0.000000,0.000000,0.000000,0.000000,0.000000,0.000000,0.000000,4,20260924-035350,kwh,62.809
C:\Users\josep\source\repos\AIOTED-digital\04_joe_lcd_20x32\2_main_dig4_20260924-070150.jpg,2,2,1.000000,0.000000,0.000000,1.000000,0.000000,0.000000,0.000000,0.000000,0.000000,0.000000,0.000000,0.000000,4,20260924-070150,kwh,60.023
C:\Users\josep\source\repos\AIOTED-digital\04_joe_lcd_20x32\2_main_dig4_20260924-073350.jpg,2,2,1.000000,0.000000,0.000000,1.000000,0.000000,0.000000,0.000000,0.000000,0.000000,0.000000,0.000000,0.000000,4,20260924-073350,kwh,58.062
C:\Users\josep\source\repos\AIOTED-digital\04_joe_lcd_20x32\2_main_dig4_20260924-080150.jpg,2,2,1.000000,0.000000,0.000000,1.000000,0.000000,0.000000,0.000000,0.000000,0.000000,0.000000,0.000000,0.000000,4,20260924-080150,kwh,68.622
C:\Users\josep\source\repos\AIOTED-digital\04_joe_lcd_20x32\2_main_dig4_20260924-121019.jpg,2,2,1.000000,0.000000,0.000000,1.000000,0.000000,0.000000,0.000000,0.000000,0.000000,0.000000,0.000000,0.000000,4,20260924-121019,kwh,102.642
C:\Users\josep\source\repos\AIOTED-digital\04_joe_lcd_20x32\2_main_dig4_20260924-125019.jpg,2,2,1.000000,0.000000,0.000000,1.000000,0.000000,0.000000,0.000000,0.000000,0.000000,0.000000,0.000000,0.000000,4,20260924-125019,kwh,94.409
C:\Users\josep\source\repos\AIOTED-digital\04_joe_lcd_20x32\2_main_dig4_20260924-135019.jpg,2,2,1.000000,0.000000,0.000000,1.000000,0.000000,0.000000,0.000000,0.000000,0.000000,0.000000,0.000000,0.000000,4,20260924-135019,kwh,82.483
C:\Users\josep\source\repos\AIOTED-digital\04_joe_lcd_20x32\2_main_dig4_20260924-135819.jpg,2,2,1.000000,0.000000,0.000000,1.000000,0.000000,0.000000,0.000000,0.000000,0.000000,0.000000,0.000000,0.000000,4,20260924-135819,kwh,79.210
C:\Users\josep\source\repos\AIOTED-digital\04_joe_lcd_20x32\2_main_dig4_20260924-141019.jpg,2,2,1.000000,0.000000,0.000000,1.000000,0.000000,0.000000,0.000000,0.000000,0.000000,0.000000,0.000000,0.000000,4,20260924-141019,kwh,83.975
C:\Users\josep\source\repos\AIOTED-digital\04_joe_lcd_20x32\2_main_dig4_20260924-153018.jpg,2,2,1.000000,0.000000,0.000000,1.000000,0.000000,0.000000,0.000000,0.000000,0.000000,0.000000,0.000000,0.000000,4,20260924-153018,kwh,80.081
C:\Users\josep\source\repos\AIOTED-digital\04_joe_lcd_20x32\2_main_dig4_20260924-153818.jpg,2,2,1.000000,0.000000,0.000000,1.000000,0.000000,0.000000,0.000000,0.000000,0.000000,0.000000,0.000000,0.000000,4,20260924-153818,kwh,74.749
C:\Users\josep\source\repos\AIOTED-digital\04_joe_lcd_20x32\2_main_dig4_20260924-161018.jpg,2,2,1.000000,0.000000,0.000000,1.000000,0.000000,0.000000,0.000000,0.000000,0.000000,0.000000,0.000000,0.000000,4,20260924-161018,kwh,60.862
C:\Users\josep\source\repos\AIOTED-digital\04_joe_lcd_20x32\2_main_dig4_20260924-161818.jpg,2,2,1.000000,0.000000,0.000000,1.000000,0.000000,0.000000,0.000000,0.000000,0.000000,0.000000,0.000000,0.000000,4,20260924-161818,kwh,61.824
C:\Users\josep\source\repos\AIOTED-digital\04_joe_lcd_20x32\2_main_dig4_20260924-163819.jpg,2,2,1.000000,0.000000,0.000000,1.000000,0.000000,0.000000,0.000000,0.000000,0.000000,0.000000,0.000000,0.000000,4,20260924-163819,kwh,59.835
C:\Users\josep\source\repos\AIOTED-digital\04_joe_lcd_20x32\2_main_dig4_20260924-172619.jpg,2,2,1.000000,0.000000,0.000000,1.000000,0.000000,0.000000,0.000000,0.000000,0.000000,0.000000,0.000000,0.000000,4,20260924-172619,kwh,58.359
C:\Users\josep\source\repos\AIOTED-digital\04_joe_lcd_20x32\2_main_dig4_20260924-173818.jpg,2,2,1.000000,0.000000,0.000000,1.000000,0.000000,0.000000,0.000000,0.000000,0.000000,0.000000,0.000000,0.000000,4,20260924-173818,kwh,58.088
C:\Users\josep\source\repos\AIOTED-digital\04_joe_lcd_20x32\2_main_dig4_20260924-191818.jpg,2,2,1.000000,0.000000,0.000000,1.000000,0.000000,0.000000,0.000000,0.000000,0.000000,0.000000,0.000000,0.000000,4,20260924-191818,kwh,63.596
C:\Users\josep\source\repos\AIOTED-digital\04_joe_lcd_20x32\2_main_dig4_20260924-194618.jpg,2,2,1.000000,0.000000,0.000000,1.000000,0.000000,0.000000,0.000000,0.000000,0.000000,0.000000,0.000000,0.000000,4,20260924-194618,kwh,63.358
C:\Users\josep\source\repos\AIOTED-digital\04_joe_lcd_20x32\2_main_dig4_20260924-202618.jpg,2,2,1.000000,0.000000,0.000000,1.000000,0.000000,0.000000,0.000000,0.000000,0.000000,0.000000,0.000000,0.000000,4,20260924-202618,kwh,61.175
C:\Users\josep\source\repos\AIOTED-digital\04_joe_lcd_20x32\2_main_dig4_20260924-203818.jpg,2,2,1.000000,0.000000,0.000000,1.000000,0.000000,0.000000,0.000000,0.000000,0.000000,0.000000,0.000000,0.000000,4,20260924-203818,kwh,63.136
C:\Users\josep\source\repos\AIOTED-digital\04_joe_lcd_20x32\2_main_dig4_20260924-213818.jpg,2,2,1.000000,0.000000,0.000000,1.000000,0.000000,0.000000,0.000000,0.000000,0.000000,0.000000,0.000000,0.000000,4,20260924-213818,kwh,62.785
C:\Users\josep\source\repos\AIOTED-digital\04_joe_lcd_20x32\2_main_dig4_20260924-230618.jpg,2,2,1.000000,0.000000,0.000000,1.000000,0.000000,0.000000,0.000000,0.000000,0.000000,0.000000,0.000000,0.000000,4,20260924-230618,kwh,62.368
C:\Users\josep\source\repos\AIOTED-digital\04_joe_lcd_20x32\2_main_dig5_20260821-100152.jpg,2,2,1.000000,0.000000,0.000000,1.000000,0.000000,0.000000,0.000000,0.000000,0.000000,0.000000,0.000000,0.000000,5,20260821-100152,kwh,60.006
C:\Users\josep\source\repos\AIOTED-digital\04_joe_lcd_20x32\2_main_dig5_20260821-101352.jpg,2,2,1.000000,0.000000,0.000000,1.000000,0.000000,0.000000,0.000000,0.000000,0.000000,0.000000,0.000000,0.000000,5,20260821-101352,kwh,58.408
C:\Users\josep\source\repos\AIOTED-digital\04_joe_lcd_20x32\2_main_dig5_20260821-102152.jpg,2,2,1.000000,0.000000,0.000000,1.000000,0.000000,0.000000,0.000000,0.000000,0.000000,0.000000,0.000000,0.000000,5,20260821-102152,kwh,56.460
C:\Users\josep\source\repos\AIOTED-digital\04_joe_lcd_20x32\2_main_dig5_20260821-103352.jpg,2,2,1.000000,0.000000,0.000000,1.000000,0.000000,0.000000,0.000000,0.000000,0.000000,0.000000,0.000000,0.000000,5,20260821-103352,kwh,55.026
C:\Users\josep\source\repos\AIOTED-digital\04_joe_lcd_20x32\2_main_dig5_20260821-104152.jpg,2,2,1.000000,0.000000,0.000000,1.000000,0.000000,0.000000,0.000000,0.000000,0.000000,0.000000,0.000000,0.000000,5,20260821-104152,kwh,54.970
C:\Users\josep\source\repos\AIOTED-digital\04_joe_lcd_20x32\2_main_dig5_20260821-105352.jpg,2,2,1.000000,0.000000,0.000000,1.000000,0.000000,0.000000,0.000000,0.000000,0.000000,0.000000,0.000000,0.000000,5,20260821-105352,kwh,53.986
C:\Users\josep\source\repos\AIOTED-digital\04_joe_lcd_20x32\2_main_dig5_20260821-110152.jpg,2,2,1.000000,0.000000,0.000000,1.000000,0.000000,0.000000,0.000000,0.000000,0.000000,0.000000,0.000000,0.000000,5,20260821-110152,kwh,54.128
C:\Users\josep\source\repos\AIOTED-digital\04_joe_lcd_20x32\2_main_dig5_20260821-112152.jpg,2,2,1.000000,0.000000,0.000000,1.000000,0.000000,0.000000,0.000000,0.000000,0.000000,0.000000,0.000000,0.000000,5,20260821-112152,kwh,55.818
C:\Users\josep\source\repos\AIOTED-digital\04_joe_lcd_20x32\2_main_dig5_20260821-114152.jpg,2,2,1.000000,0.000000,0.000000,1.000000,0.000000,0.000000,0.000000,0.000000,0.000000,0.000000,0.000000,0.000000,5,20260821-114152,kwh,54.312
C:\Users\josep\source\repos\AIOTED-digital\04_joe_lcd_20x32\2_main_dig5_20260821-140152.jpg,2,2,1.000000,0.000000,0.000000,1.000000,0.000000,0.000000,0.000000,0.000000,0.000000,0.000000,0.000000,0.000000,5,20260821-140152,kwh,67.989
C:\Users\josep\source\repos\AIOTED-digital\04_joe_lcd_20x32\2_main_dig5_20260821-145352.jpg,2,2,1.000000,0.000000,0.000000,1.000000,0.000000,0.000000,0.000000,0.000000,0.000000,0.000000,0.000000,0.000000,5,20260821-145352,kwh,56.368
C:\Users\josep\source\repos\AIOTED-digital\04_joe_lcd_20x32\2_main_dig5_20260821-152952.jpg,2,2,1.000000,0.000000,0.000000,1.000000,0.000000,0.000000,0.000000,0.000000,0.000000,0.000000,0.000000,0.000000,5,20260821-152952,kwh,60.994
C:\Users\josep\source\repos\AIOTED-digital\04_joe_lcd_20x32\2_main_dig5_20260904-003506.jpg,2,2,1.000000,0.000000,0.000000,1.000000,0.000000,0.000000,0.000000,0.000000,0.000000,0.000000,0.000000,0.000000,5,20260904-003506,kwh,63.822
C:\Users\josep\source\repos\AIOTED-digital\04_joe_lcd_20x32\2_main_dig5_20260904-004706.jpg,2,2,1.000000,0.000000,0.000000,1.000000,0.000000,0.000000,0.000000,0.000000,0.000000,0.000000,0.000000,0.000000,5,20260904-004706,kwh,65.880
C:\Users\josep\source\repos\AIOTED-digital\04_joe_lcd_20x32\2_main_dig5_20260904-005506.jpg,2,2,1.000000,0.000000,0.000000,1.000000,0.000000,0.000000,0.000000,0.000000,0.000000,0.000000,0.000000,0.000000,5,20260904-005506,kwh,66.104
C:\Users\josep\source\repos\AIOTED-digital\04_joe_lcd_20x32\2_main_dig5_20260904-011506.jpg,2,2,1.000000,0.000000,0.000000,1.000000,0.000000,0.000000,0.000000,0.000000,0.000000,0.000000,0.000000,0.000000,5,20260904-011506,kwh,64.125
C:\Users\josep\source\repos\AIOTED-digital\04_joe_lcd_20x32\2_main_dig5_20260904-023506.jpg,2,2,1.000000,0.000000,0.000000,1.000000,0.000000,0.000000,0.000000,0.000000,0.000000,0.000000,0.000000,0.000000,5,20260904-023506,kwh,64.531
C:\Users\josep\source\repos\AIOTED-digital\04_joe_lcd_20x32\2_main_dig5_20260904-024706.jpg,2,2,1.000000,0.000000,0.000000,1.000000,0.000000,0.000000,0.000000,0.000000,0.000000,0.000000,0.000000,0.000000,5,20260904-024706,kwh,64.908
C:\Users\josep\source\repos\AIOTED-digital\04_joe_lcd_20x32\2_main_dig5_20260904-034706.jpg,2,2,1.000000,0.000000,0.000000,1.000000,0.000000,0.000000,0.000000,0.000000,0.000000,0.000000,0.000000,0.000000,5,20260904-034706,kwh,64.626
C:\Users\josep\source\repos\AIOTED-digital\04_joe_lcd_20x32\2_main_dig5_20260904-041506.jpg,2,2,1.000000,0.000000,0.000000,1.000000,0.000000,0.000000,0.000000,0.000000,0.000000,0.000000,0.000000,0.000000,5,20260904-041506,kwh,64.340
C:\Users\josep\source\repos\AIOTED-digital\04_joe_lcd_20x32\2_main_dig5_20260904-050706.jpg,2,2,1.000000,0.000000,0.000000,1.000000,0.000000,0.000000,0.000000,0.000000,0.000000,0.000000,0.000000,0.000000,5,20260904-050706,kwh,64.010
C:\Users\josep\source\repos\AIOTED-digital\04_joe_lcd_20x32\2_main_dig5_20260904-051506.jpg,2,2,1.000000,0.000000,0.000000,1.000000,0.000000,0.000000,0.000000,0.000000,0.000000,0.000000,0.000000,0.000000,5,20260904-051506,kwh,67.274
C:\Users\josep\source\repos\AIOTED-digital\04_joe_lcd_20x32\2_main_dig5_20260912-133627.jpg,2,2,1.000000,0.000000,0.000000,1.000000,0.000000,0.000000,0.000000,0.000000,0.000000,0.000000,0.000000,0.000000,5,20260912-133627,kwh,49.314
C:\Users\josep\source\repos\AIOTED-digital\04_joe_lcd_20x32\2_main_dig5_20260912-135627.jpg,2,2,1.000000,0.000000,0.000000,1.000000,0.000000,0.000000,0.000000,0.000000,0.000000,0.000000,0.000000,0.000000,5,20260912-135627,kwh,46.270
C:\Users\josep\source\repos\AIOTED-digital\04_joe_lcd_20x32\2_main_dig5_20260912-140827.jpg,2,2,1.000000,0.000000,0.000000,1.000000,0.000000,0.000000,0.000000,0.000000,0.000000,0.000000,0.000000,0.000000,5,20260912-140827,kwh,49.111
C:\Users\josep\source\repos\AIOTED-digital\04_joe_lcd_20x32\2_main_dig5_20260912-141627.jpg,2,2,1.000000,0.000000,0.000000,1.000000,0.000000,0.000000,0.000000,0.000000,0.000000,0.000000,0.000000,0.000000,5,20260912-141627,kwh,47.095
C:\Users\josep\source\repos\AIOTED-digital\04_joe_lcd_20x32\2_main_dig5_20260912-150427.jpg,2,2,1.000000,0.000000,0.000000,1.000000,0.000000,0.000000,0.000000,0.000000,0.000000,0.000000,0.000000,0.000000,5,20260912-150427,kwh,60.962
C:\Users\josep\source\repos\AIOTED-digital\04_joe_lcd_20x32\2_main_dig5_20260912-152458.jpg,2,2,1.000000,0.000000,0.000000,1.000000,0.000000,0.000000,0.000000,0.000000,0.000000,0.000000,0.000000,0.000000,5,20260912-152458,kwh,55.515
C:\Users\josep\source\repos\AIOTED-digital\04_joe_lcd_20x32\2_main_dig5_20260912-153258.jpg,2,2,1.000000,0.000000,0.000000,1.000000,0.000000,0.000000,0.000000,0.000000,0.000000,0.000000,0.000000,0.000000,5,20260912-153258,kwh,58.129
C:\Users\josep\source\repos\AIOTED-digital\04_joe_lcd_20x32\2_main_dig5_20260912-154458.jpg,2,2,1.000000,0.000000,0.000000,1.000000,0.000000,0.000000,0.000000,0.000000,0.000000,0.000000,0.000000,0.000000,5,20260912-154458,kwh,56.007
C:\Users\josep\source\repos\AIOTED-digital\04_joe_lcd_20x32\2_main_dig5_20260912-161258.jpg,2,2,1.000000,0.000000,0.000000,1.000000,0.000000,0.000000,0.000000,0.000000,0.000000,0.000000,0.000000,0.000000,5,20260912-161258,kwh,46.184
C:\Users\josep\source\repos\AIOTED-digital\04_joe_lcd_20x32\2_main_dig5_20260912-163258.jpg,2,2,1.000000,0.000000,0.000000,1.000000,0.000000,0.000000,0.000000,0.000000,0.000000,0.000000,0.000000,0.000000,5,20260912-163258,kwh,45.191
C:\Users\josep\source\repos\AIOTED-digital\04_joe_lcd_20x32\2_main_dig5_20260912-172458.jpg,2,2,1.000000,0.000000,0.000000,1.000000,0.000000,0.000000,0.000000,0.000000,0.000000,0.000000,0.000000,0.000000,5,20260912-172458,kwh,47.384
C:\Users\josep\source\repos\AIOTED-digital\04_joe_lcd_20x32\2_main_dig5_20260912-173258.jpg,2,2,1.000000,0.000000,0.000000,1.000000,0.000000,0.000000,0.000000,0.000000,0.000000,0.000000,0.000000,0.000000,5,20260912-173258,kwh,49.092
C:\Users\josep\source\repos\AIOTED-digital\04_joe_lcd_20x32\2_main_dig5_20260912-175258.jpg,2,2,1.000000,0.000000,0.000000,1.000000,0.000000,0.000000,0.000000,0.000000,0.000000,0.000000,0.000000,0.000000,5,20260912-175258,kwh,48.110
C:\Users\josep\source\repos\AIOTED-digital\04_joe_lcd_20x32\2_main_dig5_20260921-084126.jpg,2,2,1.000000,0.000000,0.000000,1.000000,0.000000,0.000000,0.000000,0.000000,0.000000,0.000000,0.000000,0.000000,5,20260921-084126,kwh,45.350
C:\Users\josep\source\repos\AIOTED-digital\04_joe_lcd_20x32\2_main_dig5_20260921-122126.jpg,2,2,1.000000,0.000000,0.000000,1.000000,0.000000,0.000000,0.000000,0.000000,0.000000,0.000000,0.000000,0.000000,5,20260921-122126,kwh,54.848
C:\Users\josep\source\repos\AIOTED-digital\04_joe_lcd_20x32\2_main_dig5_20260921-124126.jpg,2,2,1.000000,0.000000,0.000000,1.000000,0.000000,0.000000,0.000000,0.000000,0.000000,0.000000,0.000000,0.000000,5,20260921-124126,kwh,64.508
C:\Users\josep\source\repos\AIOTED-digital\04_joe_lcd_20x32\2_main_dig5_20260921-125326.jpg,2,2,1.000000,0.000000,0.000000,1.000000,0.000000,0.000000,0.000000,0.000000,0.000000,0.000000,0.000000,0.000000,5,20260921-125326,kwh,54.466
C:\Users\josep\source\repos\AIOTED-digital\04_joe_lcd_20x32\2_main_dig5_20260921-130126.jpg,2,2,1.000000,0.000000,0.000000,1.000000,0.000000,0.000000,0.000000,0.000000,0.000000,0.000000,0.000000,0.000000,5,20260921-130126,kwh,58.909
C:\Users\josep\source\repos\AIOTED-digital\04_joe_lcd_20x32\2_main_dig5_20260921-140925.jpg,2,2,1.000000,0.000000,0.000000,1.000000,0.000000,0.000000,0.000000,0.000000,0.000000,0.000000,0.000000,0.000000,5,20260921-140925,kwh,56.883
C:\Users\josep\source\repos\AIOTED-digital\04_joe_lcd_20x32\2_main_dig5_20260921-150925.jpg,2,2,1.000000,0.000000,0.000000,1.000000,0.000000,0.000000,0.000000,0.000000,0.000000,0.000000,0.000000,0.000000,5,20260921-150925,kwh,46.116
C:\Users\josep\source\repos\AIOTED-digital\04_joe_lcd_20x32\2_main_dig6_20260806-055215.jpg,2,2,0.999785,0.000000,0.000000,0.999785,0.000048,0.000000,0.000000,0.000000,0.000167,0.000000,0.000000,0.000000,6,20260806-055215,kwh,22.011
C:\Users\josep\source\repos\AIOTED-digital\04_joe_lcd_20x32\2_main_dig6_20260806-060415.jpg,2,2,1.000000,0.000000,0.000000,1.000000,0.000000,0.000000,0.000000,0.000000,0.000000,0.000000,0.000000,0.000000,6,20260806-060415,kwh,22.958
C:\Users\josep\source\repos\AIOTED-digital\04_joe_lcd_20x32\2_main_dig6_20260806-061215.jpg,2,2,1.000000,0.000000,0.000000,1.000000,0.000000,0.000000,0.000000,0.000000,0.000000,0.000000,0.000000,0.000000,6,20260806-061215,kwh,24.953
C:\Users\josep\source\repos\AIOTED-digital\04_joe_lcd_20x32\2_main_dig6_20260806-062415.jpg,2,2,1.000000,0.000000,0.000000,1.000000,0.000000,0.000000,0.000000,0.000000,0.000000,0.000000,0.000000,0.000000,6,20260806-062415,kwh,29.919
C:\Users\josep\source\repos\AIOTED-digital\04_joe_lcd_20x32\2_main_dig6_20260806-063215.jpg,2,2,1.000000,0.000000,0.000000,1.000000,0.000000,0.000000,0.000000,0.000000,0.000000,0.000000,0.000000,0.000000,6,20260806-063215,kwh,32.605
C:\Users\josep\source\repos\AIOTED-digital\04_joe_lcd_20x32\2_main_dig6_20260806-064415.jpg,2,2,1.000000,0.000000,0.000000,1.000000,0.000000,0.000000,0.000000,0.000000,0.000000,0.000000,0.000000,0.000000,6,20260806-064415,kwh,40.440
C:\Users\josep\source\repos\AIOTED-digital\04_joe_lcd_20x32\2_main_dig6_20260820-004955.jpg,2,2,0.938767,0.000167,0.000067,0.938767,0.038138,0.000002,0.000003,0.000026,0.022156,0.000517,0.000035,0.000120,6,20260820-004955,kwh,28.625
C:\Users\josep\source\repos\AIOTED-digital\04_joe_lcd_20x32\2_main_dig6_20260820-010955.jpg,2,2,0.995881,0.000002,0.000001,0.995881,0.002754,0.000000,0.000000,0.000000,0.001346,0.000013,0.000000,0.000002,6,20260820-010955,kwh,27.556
C:\Users\josep\source\repos\AIOTED-digital\04_joe_lcd_20x32\2_main_dig6_20260820-012955.jpg,2,2,0.999124,0.000000,0.000000,0.999124,0.000771,0.000000,0.000000,0.000000,0.000098,0.000005,0.000000,0.000001,6,20260820-012955,kwh,28.958
C:\Users\josep\source\repos\AIOTED-digital\04_joe_lcd_20x32\2_main_dig6_20260820-144954.jpg,2,2,1.000000,0.000000,0.000000,1.000000,0.000000,0.000000,0.000000,0.000000,0.000000,0.000000,0.000000,0.000000,6,20260820-144954,kwh,87.212
C:\Users\josep\source\repos\AIOTED-digital\04_joe_lcd_20x32\2_main_dig6_20260820-181753.jpg,2,2,1.000000,0.000000,0.000000,1.000000,0.000000,0.000000,0.000000,0.000000,0.000000,0.000000,0.000000,0.000000,6,20260820-181753,kwh,36.200
C:\Users\josep\source\repos\AIOTED-digital\04_joe_lcd_20x32\2_main_dig6_20260821-033353.jpg,2,2,0.984030,0.000011,0.000001,0.984030,0.012963,0.000000,0.000000,0.000001,0.002861,0.000128,0.000002,0.000005,6,20260821-033353,kwh,29.971
C:\Users\josep\source\repos\AIOTED-digital\04_joe_lcd_20x32\2_main_dig6_20260821-034553.jpg,2,2,0.998708,0.000001,0.000000,0.998708,0.001081,0.000000,0.000000,0.000000,0.000190,0.000019,0.000000,0.000001,6,20260821-034553,kwh,28.788
C:\Users\josep\source\repos\AIOTED-digital\04_joe_lcd_20x32\2_main_dig6_20260821-041353.jpg,2,2,0.991478,0.000001,0.000000,0.991478,0.006957,0.000000,0.000000,0.000000,0.001556,0.000007,0.000000,0.000000,6,20260821-041353,kwh,27.865
C:\Users\josep\source\repos\AIOTED-digital\04_joe_lcd_20x32\2_main_dig6_20260821-114152.jpg,2,2,1.000000,0.000000,0.000000,1.000000,0.000000,0.000000,0.000000,0.000000,0.000000,0.000000,0.000000,0.000000,6,20260821-114152,kwh,50.285
C:\Users\josep\source\repos\AIOTED-digital\04_joe_lcd_20x32\2_main_dig6_20260821-164952.jpg,2,2,1.000000,0.000000,0.000000,1.000000,0.000000,0.000000,0.000000,0.000000,0.000000,0.000000,0.000000,0.000000,6,20260821-164952,kwh,37.096
C:\Users\josep\source\repos\AIOTED-digital\04_joe_lcd_20x32\2_main_dig6_20260904-023506.jpg,2,2,0.918262,0.000030,0.000449,0.918262,0.057376,0.000002,0.000000,0.000002,0.023670,0.000156,0.000009,0.000041,6,20260904-023506,kwh,24.829
C:\Users\josep\source\repos\AIOTED-digital\04_joe_lcd_20x32\2_main_dig6_20260904-024706.jpg,2,2,0.990819,0.000017,0.000115,0.990819,0.006925,0.000000,0.000000,0.000010,0.001788,0.000304,0.000001,0.000021,6,20260904-024706,kwh,25.012
C:\Users\josep\source\repos\AIOTED-digital\04_joe_lcd_20x32\2_main_dig6_20260904-030706.jpg,2,2,0.960806,0.000015,0.000262,0.960806,0.029744,0.000003,0.000000,0.000008,0.008776,0.000247,0.000006,0.000132,6,20260904-030706,kwh,25.865
C:\Users\josep\source\repos\AIOTED-digital\04_joe_lcd_20x32\2_main_dig6_20260904-031506.jpg,2,2,0.935468,0.000219,0.001801,0.935468,0.045340,0.000015,0.000004,0.000076,0.015133,0.001766,0.000030,0.000147,6,20260904-031506,kwh,25.310
C:\Users\josep\source\repos\AIOTED-digital\04_joe_lcd_20x32\2_main_dig6_20260904-143459.jpg,2,2,1.000000,0.000000,0.000000,1.000000,0.000000,0.000000,0.000000,0.000000,0.000000,0.000000,0.000000,0.000000,6,20260904-143459,kwh,68.882
C:\Users\josep\source\repos\AIOTED-digital\04_joe_lcd_20x32\2_main_dig6_20260904-182659.jpg,2,2,1.000000,0.000000,0.000000,1.000000,0.000000,0.000000,0.000000,0.000000,0.000000,0.000000,0.000000,0.000000,6,20260904-182659,kwh,26.097
C:\Users\josep\source\repos\AIOTED-digital\04_joe_lcd_20x32\2_main_dig6_20260912-074027.jpg,2,2,1.000000,0.000000,0.000000,1.000000,0.000000,0.000000,0.000000,0.000000,0.000000,0.000000,0.000000,0.000000,6,20260912-074027,kwh,29.384
C:\Users\josep\source\repos\AIOTED-digital\04_joe_lcd_20x32\2_main_dig6_20260912-084827.jpg,2,2,0.999990,0.000000,0.000000,0.999990,0.000010,0.000000,0.000000,0.000000,0.000000,0.000000,0.000000,0.000000,6,20260912-084827,kwh,101.062
C:\Users\josep\source\repos\AIOTED-digital\04_joe_lcd_20x32\2_main_dig6_20260912-150427.jpg,2,2,1.000000,0.000000,0.000000,1.000000,0.000000,0.000000,0.000000,0.000000,0.000000,0.000000,0.000000,0.000000,6,20260912-150427,kwh,73.509
C:\Users\josep\source\repos\AIOTED-digital\04_joe_lcd_20x32\2_main_dig6_20260912-192058.jpg,2,2,0.998689,0.000000,0.000001,0.998689,0.001239,0.000000,0.000000,0.000000,0.000061,0.000009,0.000000,0.000001,6,20260912-192058,kwh,26.345
C:\Users\josep\source\repos\AIOTED-digital\04_joe_lcd_20x32\2_main_dig6_20260920-115727.jpg,2,2,1.000000,0.000000,0.000000,1.000000,0.000000,0.000000,0.000000,0.000000,0.000000,0.000000,0.000000,0.000000,6,20260920-115727,kwh,85.837
C:\Users\josep\source\repos\AIOTED-digital\04_joe_lcd_20x32\2_main_dig6_20260920-211727.jpg,2,2,0.999885,0.000000,0.000000,0.999885,0.000096,0.000000,0.000000,0.000000,0.000015,0.000003,0.000000,0.000000,6,20260920-211727,kwh,21.144
C:\Users\josep\source\repos\AIOTED-digital\04_joe_lcd_20x32\2_main_dig6_20260920-213727.jpg,2,2,0.998970,0.000000,0.000000,0.998970,0.000993,0.000000,0.000000,0.000000,0.000029,0.000006,0.000000,0.000002,6,20260920-213727,kwh,25.797
C:\Users\josep\source\repos\AIOTED-digital\04_joe_lcd_20x32\2_main_dig6_20260921-102126.jpg,2,2,1.000000,0.000000,0.000000,1.000000,0.000000,0.000000,0.000000,0.000000,0.000000,0.000000,0.000000,0.000000,6,20260921-102126,kwh,66.743
C:\Users\josep\source\repos\AIOTED-digital\04_joe_lcd_20x32\2_main_dig6_20260921-174925.jpg,2,2,1.000000,0.000000,0.000000,1.000000,0.000000,0.000000,0.000000,0.000000,0.000000,0.000000,0.000000,0.000000,6,20260921-174925,kwh,27.961
C:\Users\josep\source\repos\AIOTED-digital\04_joe_lcd_20x32\2_main_dig6_20260924-065350.jpg,2,2,0.999995,0.000000,0.000000,0.999995,0.000004,0.000000,0.000000,0.000000,0.000000,0.000000,0.000000,0.000000,6,20260924-065350,kwh,19.513
C:\Users\josep\source\repos\AIOTED-digital\04_joe_lcd_20x32\2_main_dig6_20260924-164619.jpg,2,2,1.000000,0.000000,0.000000,1.000000,0.000000,0.000000,0.000000,0.000000,0.000000,0.000000,0.000000,0.000000,6,20260924-164619,kwh,27.808
C:\Users\josep\source\repos\AIOTED-digital\04_joe_lcd_20x32\2_main_dig6_20260928-025441.jpg,2,2,0.995937,0.000001,0.000028,0.995937,0.003495,0.000000,0.000000,0.000000,0.000509,0.000022,0.000000,0.000007,6,20260928-025441,kwh,24.865
C:\Users\josep\source\repos\AIOTED-digital\04_joe_lcd_20x32\2_main_dig6_20260928-031441.jpg,2,2,0.998357,0.000000,0.000002,0.998357,0.001515,0.000000,0.000000,0.000000,0.000112,0.000013,0.000000,0.000001,6,20260928-031441,kwh,24.762
C:\Users\josep\source\repos\AIOTED-digital\04_joe_lcd_20x32\2_main_dig6_20260928-134241.jpg,2,2,1.000000,0.000000,0.000000,1.000000,0.000000,0.000000,0.000000,0.000000,0.000000,0.000000,0.000000,0.000000,6,20260928-134241,kwh,65.297
C:\Users\josep\source\repos\AIOTED-digital\04_joe_lcd_20x32\3_main_dig4_20260928-012642.jpg,3,3,1.000000,0.000000,0.000000,0.000000,1.000000,0.000000,0.000000,0.000000,0.000000,0.000000,0.000000,0.000000,4,20260928-012642,kwh,59.614
C:\Users\josep\source\repos\AIOTED-digital\04_joe_lcd_20x32\3_main_dig4_20260928-020641.jpg,3,3,1.000000,0.000000,0.000000,0.000000,1.000000,0.000000,0.000000,0.000000,0.000000,0.000000,0.000000,0.000000,4,20260928-020641,kwh,60.270
C:\Users\josep\source\repos\AIOTED-digital\04_joe_lcd_20x32\3_main_dig4_20260928-025441.jpg,3,3,1.000000,0.000000,0.000000,0.000000,1.000000,0.000000,0.000000,0.000000,0.000000,0.000000,0.000000,0.000000,4,20260928-025441,kwh,59.563
C:\Users\josep\source\repos\AIOTED-digital\04_joe_lcd_20x32\3_main_dig4_20260928-072241.jpg,3,3,1.000000,0.000000,0.000000,0.000000,1.000000,0.000000,0.000000,0.000000,0.000000,0.000000,0.000000,0.000000,4,20260928-072241,kwh,58.448
C:\Users\josep\source\repos\AIOTED-digital\04_joe_lcd_20x32\3_main_dig4_20260928-073441.jpg,3,3,1.000000,0.000000,0.000000,0.000000,1.000000,0.000000,0.000000,0.000000,0.000000,0.000000,0.000000,0.000000,4,20260928-073441,kwh,58.288
C:\Users\josep\source\repos\AIOTED-digital\04_joe_lcd_20x32\3_main_dig4_20260928-074641.jpg,3,3,1.000000,0.000000,0.000000,0.000000,1.000000,0.000000,0.000000,0.000000,0.000000,0.000000,0.000000,0.000000,4,20260928-074641,kwh,59.806
C:\Users\josep\source\repos\AIOTED-digital\04_joe_lcd_20x32\3_main_dig4_20260928-092241.jpg,3,3,1.000000,0.000000,0.000000,0.000000,1.000000,0.000000,0.000000,0.000000,0.000000,0.000000,0.000000,0.000000,4,20260928-092241,kwh,84.050
C:\Users\josep\source\repos\AIOTED-digital\04_joe_lcd_20x32\3_main_dig4_20260928-101441.jpg,3,3,1.000000,0.000000,0.000000,0.000000,1.000000,0.000000,0.000000,0.000000,0.000000,0.000000,0.000000,0.000000,4,20260928-101441,kwh,79.915
C:\Users\josep\source\repos\AIOTED-digital\04_joe_lcd_20x32\3_main_dig4_20260928-111441.jpg,3,3,1.000000,0.000000,0.000000,0.000000,1.000000,0.000000,0.000000,0.000000,0.000000,0.000000,0.000000,0.000000,4,20260928-111441,kwh,105.061
C:\Users\josep\source\repos\AIOTED-digital\04_joe_lcd_20x32\3_main_dig4_20260928-135441.jpg,3,3,1.000000,0.000000,0.000000,0.000000,1.000000,0.000000,0.000000,0.000000,0.000000,0.000000,0.000000,0.000000,4,20260928-135441,kwh,89.003
C:\Users\josep\source\repos\AIOTED-digital\04_joe_lcd_20x32\3_main_dig4_20260928-144240.jpg,3,3,1.000000,0.000000,0.000000,0.000000,1.000000,0.000000,0.000000,0.000000,0.000000,0.000000,0.000000,0.000000,4,20260928-144240,kwh,80.008
C:\Users\josep\source\repos\AIOTED-digital\04_joe_lcd_20x32\3_main_dig4_20260928-150240.jpg,3,3,1.000000,0.000000,0.000000,0.000000,1.000000,0.000000,0.000000,0.000000,0.000000,0.000000,0.000000,0.000000,4,20260928-150240,kwh,82.177
C:\Users\josep\source\repos\AIOTED-digital\04_joe_lcd_20x32\3_main_dig4_20260928-151440.jpg,3,3,1.000000,0.000000,0.000000,0.000000,1.000000,0.000000,0.000000,0.000000,0.000000,0.000000,0.000000,0.000000,4,20260928-151440,kwh,79.061
C:\Users\josep\source\repos\AIOTED-digital\04_joe_lcd_20x32\3_main_dig4_20260928-152240.jpg,3,3,1.000000,0.000000,0.000000,0.000000,1.000000,0.000000,0.000000,0.000000,0.000000,0.000000,0.000000,0.000000,4,20260928-152240,kwh,83.593
C:\Users\josep\source\repos\AIOTED-digital\04_joe_lcd_20x32\3_main_dig4_20260928-154240.jpg,3,3,1.000000,0.000000,0.000000,0.000000,1.000000,0.000000,0.000000,0.000000,0.000000,0.000000,0.000000,0.000000,4,20260928-154240,kwh,62.432
C:\Users\josep\source\repos\AIOTED-digital\04_joe_lcd_20x32\3_main_dig4_20260928-155440.jpg,3,3,1.000000,0.000000,0.000000,0.000000,1.000000,0.000000,0.000000,0.000000,0.000000,0.000000,0.000000,0.000000,4,20260928-155440,kwh,61.778
C:\Users\josep\source\repos\AIOTED-digital\04_joe_lcd_20x32\3_main_dig4_20260928-160240.jpg,3,3,1.000000,0.000000,0.000000,0.000000,1.000000,0.000000,0.000000,0.000000,0.000000,0.000000,0.000000,0.000000,4,20260928-160240,kwh,63.042
C:\Users\josep\source\repos\AIOTED-digital\04_joe_lcd_20x32\3_main_dig4_20260928-161440.jpg,3,3,1.000000,0.000000,0.000000,0.000000,1.000000,0.000000,0.000000,0.000000,0.000000,0.000000,0.000000,0.000000,4,20260928-161440,kwh,60.927
C:\Users\josep\source\repos\AIOTED-digital\04_joe_lcd_20x32\3_main_dig4_20260928-165440.jpg,3,3,1.000000,0.000000,0.000000,0.000000,1.000000,0.000000,0.000000,0.000000,0.000000,0.000000,0.000000,0.000000,4,20260928-165440,kwh,59.186
C:\Users\josep\source\repos\AIOTED-digital\04_joe_lcd_20x32\3_main_dig4_20260928-175040.jpg,3,3,1.000000,0.000000,0.000000,0.000000,1.000000,0.000000,0.000000,0.000000,0.000000,0.000000,0.000000,0.000000,4,20260928-175040,kwh,60.241
C:\Users\josep\source\repos\AIOTED-digital\04_joe_lcd_20x32\3_main_dig4_20260928-190240.jpg,3,3,1.000000,0.000000,0.000000,0.000000,1.000000,0.000000,0.000000,0.000000,0.000000,0.000000,0.000000,0.000000,4,20260928-190240,kwh,60.653
C:\Users\josep\source\repos\AIOTED-digital\04_joe_lcd_20x32\3_main_dig4_20260928-201040.jpg,3,3,1.000000,0.000000,0.000000,0.000000,1.000000,0.000000,0.000000,0.000000,0.000000,0.000000,0.000000,0.000000,4,20260928-201040,kwh,62.582
C:\Users\josep\source\repos\AIOTED-digital\04_joe_lcd_20x32\3_main_dig4_20260928-221040.jpg,3,3,1.000000,0.000000,0.000000,0.000000,1.000000,0.000000,0.000000,0.000000,0.000000,0.000000,0.000000,0.000000,4,20260928-221040,kwh,62.823
C:\Users\josep\source\repos\AIOTED-digital\04_joe_lcd_20x32\3_main_dig4_20260928-222240.jpg,3,3,1.000000,0.000000,0.000000,0.000000,1.000000,0.000000,0.000000,0.000000,0.000000,0.000000,0.000000,0.000000,4,20260928-222240,kwh,59.494
C:\Users\josep\source\repos\AIOTED-digital\04_joe_lcd_20x32\3_main_dig4_20260928-224240.jpg,3,3,1.000000,0.000000,0.000000,0.000000,1.000000,0.000000,0.000000,0.000000,0.000000,0.000000,0.000000,0.000000,4,20260928-224240,kwh,62.025
C:\Users\josep\source\repos\AIOTED-digital\04_joe_lcd_20x32\3_main_dig4_20260928-225040.jpg,3,3,1.000000,0.000000,0.000000,0.000000,1.000000,0.000000,0.000000,0.000000,0.000000,0.000000,0.000000,0.000000,4,20260928-225040,kwh,60.912
C:\Users\josep\source\repos\AIOTED-digital\04_joe_lcd_20x32\3_main_dig4_20260928-230240.jpg,3,3,1.000000,0.000000,0.000000,0.000000,1.000000,0.000000,0.000000,0.000000,0.000000,0.000000,0.000000,0.000000,4,20260928-230240,kwh,62.192
C:\Users\josep\source\repos\AIOTED-digital\04_joe_lcd_20x32\3_main_dig4_20260928-233040.jpg,3,3,1.000000,0.000000,0.000000,0.000000,1.000000,0.000000,0.000000,0.000000,0.000000,0.000000,0.000000,0.000000,4,20260928-233040,kwh,60.891
C:\Users\josep\source\repos\AIOTED-digital\04_joe_lcd_20x32\3_main_dig4_20260928-235040.jpg,3,3,1.000000,0.000000,0.000000,0.000000,1.000000,0.000000,0.000000,0.000000,0.000000,0.000000,0.000000,0.000000,4,20260928-235040,kwh,60.706
C:\Users\josep\source\repos\AIOTED-digital\04_joe_lcd_20x32\3_main_dig5_20260821-154952.jpg,3,3,1.000000,0.000000,0.000000,0.000000,1.000000,0.000000,0.000000,0.000000,0.000000,0.000000,0.000000,0.000000,5,20260821-154952,kwh,72.347
C:\Users\josep\source\repos\AIOTED-digital\04_joe_lcd_20x32\3_main_dig5_20260821-155352.jpg,3,3,1.000000,0.000000,0.000000,0.000000,1.000000,0.000000,0.000000,0.000000,0.000000,0.000000,0.000000,0.000000,5,20260821-155352,kwh,61.020
C:\Users\josep\source\repos\AIOTED-digital\04_joe_lcd_20x32\3_main_dig5_20260821-160152.jpg,3,3,1.000000,0.000000,0.000000,0.000000,1.000000,0.000000,0.000000,0.000000,0.000000,0.000000,0.000000,0.000000,5,20260821-160152,kwh,58.830
C:\Users\josep\source\repos\AIOTED-digital\04_joe_lcd_20x32\3_main_dig5_20260821-161352.jpg,3,3,1.000000,0.000000,0.000000,0.000000,1.000000,0.000000,0.000000,0.000000,0.000000,0.000000,0.000000,0.000000,5,20260821-161352,kwh,58.373
C:\Users\josep\source\repos\AIOTED-digital\04_joe_lcd_20x32\3_main_dig5_20260821-170952.jpg,3,3,1.000000,0.000000,0.000000,0.000000,1.000000,0.000000,0.000000,0.000000,0.000000,0.000000,0.000000,0.000000,5,20260821-170952,kwh,56.701
C:\Users\josep\source\repos\AIOTED-digital\04_joe_lcd_20x32\3_main_dig5_20260821-172952.jpg,3,3,0.999999,0.000000,0.000000,0.000000,0.999999,0.000000,0.000000,0.000000,0.000000,0.000000,0.000000,0.000000,5,20260821-172952,kwh,58.887
C:\Users\josep\source\repos\AIOTED-digital\04_joe_lcd_20x32\3_main_dig5_20260821-182952.jpg,3,3,1.000000,0.000000,0.000000,0.000000,1.000000,0.000000,0.000000,0.000000,0.000000,0.000000,0.000000,0.000000,5,20260821-182952,kwh,57.932
C:\Users\josep\source\repos\AIOTED-digital\04_joe_lcd_20x32\3_main_dig5_20260904-091506.jpg,3,3,0.925727,0.000000,0.000060,0.000004,0.925727,0.000000,0.000000,0.000000,0.074090,0.000006,0.000113,0.000000,5,20260904-091506,kwh,55.978
C:\Users\josep\source\repos\AIOTED-digital\04_joe_lcd_20x32\3_main_dig5_20260904-092306.jpg,3,3,0.774305,0.000000,0.000070,0.000001,0.774305,0.000000,0.000000,0.000000,0.225604,0.000000,0.000019,0.000000,5,20260904-092306,kwh,56.231
C:\Users\josep\source\repos\AIOTED-digital\04_joe_lcd_20x32\3_main_dig5_20260904-100305.jpg,3,3,0.998878,0.000000,0.000000,0.000000,0.998878,0.000000,0.000000,0.000000,0.001122,0.000000,0.000000,0.000000,5,20260904-100305,kwh,56.300
C:\Users\josep\source\repos\AIOTED-digital\04_joe_lcd_20x32\3_main_dig5_20260904-104305.jpg,3,3,0.999930,0.000000,0.000000,0.000000,0.999930,0.000000,0.000000,0.000000,0.000070,0.000000,0.000000,0.000000,5,20260904-104305,kwh,60.060
C:\Users\josep\source\repos\AIOTED-digital\04_joe_lcd_20x32\3_main_dig5_20260904-125459.jpg,3,3,0.999999,0.000000,0.000000,0.000000,0.999999,0.000000,0.000000,0.000000,0.000001,0.000000,0.000000,0.000000,5,20260904-125459,kwh,68.820
C:\Users\josep\source\repos\AIOTED-digital\04_joe_lcd_20x32\3_main_dig5_20260904-132659.jpg,3,3,0.999977,0.000000,0.000000,0.000000,0.999977,0.000000,0.000000,0.000000,0.000023,0.000000,0.000000,0.000000,5,20260904-132659,kwh,57.206
C:\Users\josep\source\repos\AIOTED-digital\04_joe_lcd_20x32\3_main_dig5_20260912-180058.jpg,3,3,0.998733,0.000000,0.000001,0.000029,0.998733,0.000000,0.000000,0.000000,0.001215,0.000002,0.000020,0.000000,5,20260912-180058,kwh,51.155
C:\Users\josep\source\repos\AIOTED-digital\04_joe_lcd_20x32\3_main_dig5_20260912-181258.jpg,3,3,0.996637,0.000000,0.000002,0.000090,0.996637,0.000000,0.000000,0.000000,0.003245,0.000002,0.000023,0.000000,5,20260912-181258,kwh,51.389
C:\Users\josep\source\repos\AIOTED-digital\04_joe_lcd_20x32\3_main_dig5_20260912-182058.jpg,3,3,0.985384,0.000000,0.000004,0.000038,0.985384,0.000000,0.000000,0.000000,0.014561,0.000001,0.000012,0.000000,5,20260912-182058,kwh,50.284
C:\Users\josep\source\repos\AIOTED-digital\04_joe_lcd_20x32\3_main_dig5_20260912-183258.jpg,3,3,0.998728,0.000000,0.000001,0.000014,0.998728,0.000000,0.000000,0.000000,0.001240,0.000001,0.000016,0.000000,5,20260912-183258,kwh,52.112
C:\Users\josep\source\repos\AIOTED-digital\04_joe_lcd_20x32\3_main_dig5_20260912-184058.jpg,3,3,0.994395,0.000000,0.000006,0.000137,0.994395,0.000000,0.000000,0.000000,0.005437,0.000002,0.000022,0.000000,5,20260912-184058,kwh,51.870
C:\Users\josep\source\repos\AIOTED-digital\04_joe_lcd_20x32\3_main_dig5_20260921-164125.jpg,3,3,0.999947,0.000000,0.000000,0.000002,0.999947,0.000000,0.000000,0.000000,0.000050,0.000000,0.000001,0.000000,5,20260921-164125,kwh,50.096
C:\Users\josep\source\repos\AIOTED-digital\04_joe_lcd_20x32\3_main_dig5_20260921-164925.jpg,3,3,0.999992,0.000000,0.000000,0.000001,0.999992,0.000000,0.000000,0.000000,0.000007,0.000000,0.000000,0.000000,5,20260921-164925,kwh,50.753
C:\Users\josep\source\repos\AIOTED-digital\04_joe_lcd_20x32\3_main_dig5_20260921-170125.jpg,3,3,0.999983,0.000000,0.000000,0.000004,0.999983,0.000000,0.000000,0.000000,0.000013,0.000000,0.000000,0.000000,5,20260921-170125,kwh,50.286
C:\Users\josep\source\repos\AIOTED-digital\04_joe_lcd_20x32\3_main_dig5_20260921-170925.jpg,3,3,0.999989,0.000000,0.000000,0.000001,0.999989,0.000000,0.000000,0.000000,0.000010,0.000000,0.000000,0.000000,5,20260921-170925,kwh,47.099
C:\Users\josep\source\repos\AIOTED-digital\04_joe_lcd_20x32\3_main_dig5_20260921-172925.jpg,3,3,0.999332,0.000000,0.000000,0.000017,0.999332,0.000000,0.000000,0.000000,0.000645,0.000000,0.000005,0.000000,5,20260921-172925,kwh,49.466
C:\Users\josep\source\repos\AIOTED-digital\04_joe_lcd_20x32\3_main_dig5_20260921-174125.jpg,3,3,0.998311,0.000000,0.000000,0.000019,0.998311,0.000000,0.000000,0.000000,0.001662,0.000000,0.000007,0.000000,5,20260921-174125,kwh,48.595
C:\Users\josep\source\repos\AIOTED-digital\04_joe_lcd_20x32\3_main_dig5_20260921-174925.jpg,3,3,0.996125,0.000000,0.000000,0.000066,0.996125,0.000000,0.000000,0.000000,0.003805,0.000000,0.000004,0.000000,5,20260921-174925,kwh,49.514
C:\Users\josep\source\repos\AIOTED-digital\04_joe_lcd_20x32\3_main_dig6_19700101-120001.jpg,3,3,1.000000,0.000000,0.000000,0.000000,1.000000,0.000000,0.000000,0.000000,0.000000,0.000000,0.000000,0.000000,6,19700101-120001,kwh,73.634
C:\Users\josep\source\repos\AIOTED-digital\04_joe_lcd_20x32\3_main_dig6_19700101-120003.jpg,3,3,1.000000,0.000000,0.000000,0.000000,1.000000,0.000000,0.000000,0.000000,0.000000,0.000000,0.000000,0.000000,6,19700101-120003,kwh,77.269
C:\Users\josep\source\repos\AIOTED-digital\04_joe_lcd_20x32\3_main_dig6_19700101-120005.jpg,3,3,1.000000,0.000000,0.000000,0.000000,1.000000,0.000000,0.000000,0.000000,0.000000,0.000000,0.000000,0.000000,6,19700101-120005,kwh,63.561
C:\Users\josep\source\repos\AIOTED-digital\04_joe_lcd_20x32\3_main_dig6_20260806-065214.jpg,3,3,1.000000,0.000000,0.000000,0.000000,1.000000,0.000000,0.000000,0.000000,0.000000,0.000000,0.000000,0.000000,6,20260806-065214,kwh,40.209
C:\Users\josep\source\repos\AIOTED-digital\04_joe_lcd_20x32\3_main_dig6_20260806-071214.jpg,3,3,1.000000,0.000000,0.000000,0.000000,1.000000,0.000000,0.000000,0.000000,0.000000,0.000000,0.000000,0.000000,6,20260806-071214,kwh,50.186
C:\Users\josep\source\repos\AIOTED-digital\04_joe_lcd_20x32\3_main_dig6_20260820-020155.jpg,3,3,0.960239,0.000007,0.000014,0.018374,0.960239,0.000001,0.000001,0.000001,0.021038,0.000182,0.000131,0.000011,6,20260820-020155,kwh,27.837
C:\Users\josep\source\repos\AIOTED-digital\04_joe_lcd_20x32\3_main_dig6_20260820-024155.jpg,3,3,0.926881,0.000010,0.000017,0.030916,0.926881,0.000001,0.000001,0.000001,0.041985,0.000118,0.000059,0.000011,6,20260820-024155,kwh,27.932
C:\Users\josep\source\repos\AIOTED-digital\04_joe_lcd_20x32\3_main_dig6_20260820-032155.jpg,3,3,0.959390,0.000009,0.000030,0.017128,0.959390,0.000002,0.000001,0.000001,0.023140,0.000208,0.000083,0.000009,6,20260820-032155,kwh,28.161
C:\Users\josep\source\repos\AIOTED-digital\04_joe_lcd_20x32\3_main_dig6_20260820-151754.jpg,3,3,1.000000,0.000000,0.000000,0.000000,1.000000,0.000000,0.000000,0.000000,0.000000,0.000000,0.000000,0.000000,6,20260820-151754,kwh,78.937
C:\Users\josep\source\repos\AIOTED-digital\04_joe_lcd_20x32\3_main_dig6_20260820-183753.jpg,3,3,1.000000,0.000000,0.000000,0.000000,1.000000,0.000000,0.000000,0.000000,0.000000,0.000000,0.000000,0.000000,6,20260820-183753,kwh,31.059
C:\Users\josep\source\repos\AIOTED-digital\04_joe_lcd_20x32\3_main_dig6_20260821-042553.jpg,3,3,0.953010,0.000013,0.000018,0.012861,0.953010,0.000003,0.000001,0.000001,0.033673,0.000204,0.000205,0.000012,6,20260821-042553,kwh,30.523
C:\Users\josep\source\repos\AIOTED-digital\04_joe_lcd_20x32\3_main_dig6_20260821-043353.jpg,3,3,0.865813,0.000067,0.000104,0.020338,0.865813,0.000011,0.000005,0.000001,0.112568,0.000257,0.000798,0.000037,6,20260821-043353,kwh,29.858
C:\Users\josep\source\repos\AIOTED-digital\04_joe_lcd_20x32\3_main_dig6_20260821-050553.jpg,3,3,0.940073,0.000003,0.000019,0.006495,0.940073,0.000001,0.000000,0.000000,0.053303,0.000025,0.000079,0.000003,6,20260821-050553,kwh,29.154
C:\Users\josep\source\repos\AIOTED-digital\04_joe_lcd_20x32\3_main_dig6_20260821-122152.jpg,3,3,1.000000,0.000000,0.000000,0.000000,1.000000,0.000000,0.000000,0.000000,0.000000,0.000000,0.000000,0.000000,6,20260821-122152,kwh,53.889
C:\Users\josep\source\repos\AIOTED-digital\04_joe_lcd_20x32\3_main_dig6_20260821-172152.jpg,3,3,1.000000,0.000000,0.000000,0.000000,1.000000,0.000000,0.000000,0.000000,0.000000,0.000000,0.000000,0.000000,6,20260821-172152,kwh,31.852
C:\Users\josep\source\repos\AIOTED-digital\04_joe_lcd_20x32\3_main_dig6_20260821-174152.jpg,3,3,1.000000,0.000000,0.000000,0.000000,1.000000,0.000000,0.000000,0.000000,0.000000,0.000000,0.000000,0.000000,6,20260821-174152,kwh,35.834
C:\Users\josep\source\repos\AIOTED-digital\04_joe_lcd_20x32\3_main_dig6_20260904-034706.jpg,3,3,0.860302,0.000092,0.004671,0.033937,0.860302,0.000437,0.000071,0.000037,0.097435,0.000844,0.001701,0.000473,6,20260904-034706,kwh,26.032
C:\Users\josep\source\repos\AIOTED-digital\04_joe_lcd_20x32\3_main_dig6_20260904-104305.jpg,3,3,1.000000,0.000000,0.000000,0.000000,1.000000,0.000000,0.000000,0.000000,0.000000,0.000000,0.000000,0.000000,6,20260904-104305,kwh,57.757
C:\Users\josep\source\repos\AIOTED-digital\04_joe_lcd_20x32\3_main_dig6_20260904-184259.jpg,3,3,0.999994,0.000000,0.000000,0.000000,0.999994,0.000000,0.000000,0.000000,0.000006,0.000000,0.000000,0.000000,6,20260904-184259,kwh,22.777
C:\Users\josep\source\repos\AIOTED-digital\04_joe_lcd_20x32\3_main_dig6_20260904-185459.jpg,3,3,0.999994,0.000000,0.000000,0.000000,0.999994,0.000000,0.000000,0.000000,0.000006,0.000000,0.000000,0.000000,6,20260904-185459,kwh,21.670
C:\Users\josep\source\repos\AIOTED-digital\04_joe_lcd_20x32\3_main_dig6_20260912-085627.jpg,3,3,1.000000,0.000000,0.000000,0.000000,1.000000,0.000000,0.000000,0.000000,0.000000,0.000000,0.000000,0.000000,6,20260912-085627,kwh,64.031
C:\Users\josep\source\repos\AIOTED-digital\04_joe_lcd_20x32\3_main_dig6_20260912-193258.jpg,3,3,0.904480,0.000025,0.000608,0.013110,0.904480,0.000006,0.000001,0.000000,0.081288,0.000213,0.000264,0.000005,6,20260912-193258,kwh,22.005
C:\Users\josep\source\repos\AIOTED-digital\04_joe_lcd_20x32\3_main_dig6_20260912-200058.jpg,3,3,0.944514,0.000009,0.000451,0.012055,0.944514,0.000007,0.000001,0.000000,0.042656,0.000118,0.000181,0.000008,6,20260912-200058,kwh,21.157
C:\Users\josep\source\repos\AIOTED-digital\04_joe_lcd_20x32\3_main_dig6_20260912-201258.jpg,3,3,0.931789,0.000025,0.000594,0.018233,0.931789,0.000012,0.000002,0.000001,0.048569,0.000407,0.000355,0.000013,6,20260912-201258,kwh,22.401
C:\Users\josep\source\repos\AIOTED-digital\04_joe_lcd_20x32\3_main_dig6_20260920-010128.jpg,3,3,0.866039,0.000093,0.002269,0.083342,0.866039,0.000141,0.000095,0.000046,0.044321,0.001281,0.002121,0.000253,6,20260920-010128,kwh,26.440
C:\Users\josep\source\repos\AIOTED-digital\04_joe_lcd_20x32\3_main_dig6_20260920-014128.jpg,3,3,0.693161,0.000623,0.009928,0.213033,0.693161,0.000452,0.000380,0.000302,0.072090,0.005207,0.004092,0.000733,6,20260920-014128,kwh,24.968
C:\Users\josep\source\repos\AIOTED-digital\04_joe_lcd_20x32\3_main_dig6_20260920-133727.jpg,3,3,1.000000,0.000000,0.000000,0.000000,1.000000,0.000000,0.000000,0.000000,0.000000,0.000000,0.000000,0.000000,6,20260920-133727,kwh,60.591
C:\Users\josep\source\repos\AIOTED-digital\04_joe_lcd_20x32\3_main_dig6_20260920-230527.jpg,3,3,0.913836,0.000057,0.003088,0.032381,0.913836,0.000092,0.000050,0.000021,0.048942,0.000474,0.000930,0.000129,6,20260920-230527,kwh,26.855
C:\Users\josep\source\repos\AIOTED-digital\04_joe_lcd_20x32\3_main_dig6_20260921-110126.jpg,3,3,1.000000,0.000000,0.000000,0.000000,1.000000,0.000000,0.000000,0.000000,0.000000,0.000000,0.000000,0.000000,6,20260921-110126,kwh,69.979
C:\Users\josep\source\repos\AIOTED-digital\04_joe_lcd_20x32\3_main_dig6_20260921-184925.jpg,3,3,0.957161,0.000011,0.000908,0.015829,0.957161,0.000049,0.000017,0.000005,0.025038,0.000222,0.000702,0.000058,6,20260921-184925,kwh,23.035
C:\Users\josep\source\repos\AIOTED-digital\04_joe_lcd_20x32\3_main_dig6_20260924-075350.jpg,3,3,1.000000,0.000000,0.000000,0.000000,1.000000,0.000000,0.000000,0.000000,0.000000,0.000000,0.000000,0.000000,6,20260924-075350,kwh,40.515
C:\Users\josep\source\repos\AIOTED-digital\04_joe_lcd_20x32\3_main_dig6_20260924-081350.jpg,3,3,1.000000,0.000000,0.000000,0.000000,1.000000,0.000000,0.000000,0.000000,0.000000,0.000000,0.000000,0.000000,6,20260924-081350,kwh,74.032
C:\Users\josep\source\repos\AIOTED-digital\04_joe_lcd_20x32\3_main_dig6_20260924-173818.jpg,3,3,1.000000,0.000000,0.000000,0.000000,1.000000,0.000000,0.000000,0.000000,0.000000,0.000000,0.000000,0.000000,6,20260924-173818,kwh,26.828
C:\Users\josep\source\repos\AIOTED-digital\04_joe_lcd_20x32\3_main_dig6_20260928-050641.jpg,3,3,0.950489,0.000010,0.001711,0.020007,0.950489,0.000023,0.000011,0.000005,0.027126,0.000213,0.000361,0.000045,6,20260928-050641,kwh,25.153
C:\Users\josep\source\repos\AIOTED-digital\04_joe_lcd_20x32\3_main_dig6_20260928-051441.jpg,3,3,0.932325,0.000005,0.000375,0.047769,0.932325,0.000007,0.000005,0.000003,0.019072,0.000162,0.000244,0.000033,6,20260928-051441,kwh,25.052
C:\Users\josep\source\repos\AIOTED-digital\04_joe_lcd_20x32\3_main_dig6_20260928-052641.jpg,3,3,0.896843,0.000030,0.003347,0.044145,0.896843,0.000032,0.000012,0.000008,0.054757,0.000374,0.000386,0.000066,6,20260928-052641,kwh,25.115
C:\Users\josep\source\repos\AIOTED-digital\04_joe_lcd_20x32\3_main_dig6_20260928-140241.jpg,3,3,1.000000,0.000000,0.000000,0.000000,1.000000,0.000000,0.000000,0.000000,0.000000,0.000000,0.000000,0.000000,6,20260928-140241,kwh,65.674
C:\Users\josep\source\repos\AIOTED-digital\04_joe_lcd_20x32\3_main_dig6_20260928-142241.jpg,3,3,1.000000,0.000000,0.000000,0.000000,1.000000,0.000000,0.000000,0.000000,0.000000,0.000000,0.000000,0.000000,6,20260928-142241,kwh,62.891
C:\Users\josep\source\repos\AIOTED-digital\04_joe_lcd_20x32\4_main_dig5_20260806-000415.jpg,4,4,0.999228,0.000000,0.000000,0.000000,0.000000,0.999228,0.000000,0.000000,0.000000,0.000001,0.000771,0.000000,5,20260806-000415,kwh,59.164
C:\Users\josep\source\repos\AIOTED-digital\04_joe_lcd_20x32\4_main_dig5_20260806-001615.jpg,4,4,0.999921,0.000000,0.000000,0.000000,0.000000,0.999921,0.000000,0.000000,0.000000,0.000000,0.000079,0.000000,5,20260806-001615,kwh,59.915
C:\Users\josep\source\repos\AIOTED-digital\04_joe_lcd_20x32\4_main_dig5_20260806-002415.jpg,4,4,0.999857,0.000000,0.000000,0.000000,0.000000,0.999857,0.000000,0.000000,0.000000,0.000000,0.000143,0.000000,5,20260806-002415,kwh,59.916
C:\Users\josep\source\repos\AIOTED-digital\04_joe_lcd_20x32\4_main_dig5_20260806-003615.jpg,4,4,0.999815,0.000000,0.000000,0.000000,0.000000,0.999815,0.000000,0.000000,0.000000,0.000000,0.000185,0.000000,5,20260806-003615,kwh,60.592
C:\Users\josep\source\repos\AIOTED-digital\04_joe_lcd_20x32\4_main_dig5_20260806-004415.jpg,4,4,0.999910,0.000000,0.000000,0.000000,0.000000,0.999910,0.000000,0.000000,0.000000,0.000000,0.000090,0.000000,5,20260806-004415,kwh,60.046
C:\Users\josep\source\repos\AIOTED-digital\04_joe_lcd_20x32\4_main_dig5_20260806-005615.jpg,4,4,0.999866,0.000000,0.000000,0.000000,0.000000,0.999866,0.000000,0.000000,0.000000,0.000000,0.000134,0.000000,5,20260806-005615,kwh,59.114
C:\Users\josep\source\repos\AIOTED-digital\04_joe_lcd_20x32\4_main_dig5_20260806-010415.jpg,4,4,0.999828,0.000000,0.000000,0.000000,0.000000,0.999828,0.000000,0.000000,0.000000,0.000000,0.000172,0.000000,5,20260806-010415,kwh,59.173
C:\Users\josep\source\repos\AIOTED-digital\04_joe_lcd_20x32\4_main_dig5_20260806-011615.jpg,4,4,0.999922,0.000000,0.000000,0.000000,0.000000,0.999922,0.000000,0.000000,0.000000,0.000000,0.000078,0.000000,5,20260806-011615,kwh,60.055
C:\Users\josep\source\repos\AIOTED-digital\04_joe_lcd_20x32\4_main_dig5_20260806-012415.jpg,4,4,0.999804,0.000000,0.000000,0.000000,0.000000,0.999804,0.000000,0.000000,0.000000,0.000000,0.000196,0.000000,5,20260806-012415,kwh,59.030
C:\Users\josep\source\repos\AIOTED-digital\04_joe_lcd_20x32\4_main_dig5_20260806-013615.jpg,4,4,0.999828,0.000000,0.000000,0.000000,0.000000,0.999828,0.000000,0.000000,0.000000,0.000000,0.000172,0.000000,5,20260806-013615,kwh,59.330
C:\Users\josep\source\repos\AIOTED-digital\04_joe_lcd_20x32\4_main_dig5_20260806-014415.jpg,4,4,0.999796,0.000000,0.000000,0.000000,0.000000,0.999796,0.000000,0.000000,0.000000,0.000000,0.000204,0.000000,5,20260806-014415,kwh,59.233
C:\Users\josep\source\repos\AIOTED-digital\04_joe_lcd_20x32\4_main_dig5_20260806-015615.jpg,4,4,0.999923,0.000000,0.000000,0.000000,0.000000,0.999923,0.000000,0.000000,0.000000,0.000000,0.000077,0.000000,5,20260806-015615,kwh,59.108
C:\Users\josep\source\repos\AIOTED-digital\04_joe_lcd_20x32\4_main_dig5_20260806-020415.jpg,4,4,0.999871,0.000000,0.000000,0.000000,0.000000,0.999871,0.000000,0.000000,0.000000,0.000000,0.000129,0.000000,5,20260806-020415,kwh,59.437
C:\Users\josep\source\repos\AIOTED-digital\04_joe_lcd_20x32\4_main_dig5_20260806-021615.jpg,4,4,0.999644,0.000000,0.000000,0.000000,0.000000,0.999644,0.000000,0.000000,0.000000,0.000000,0.000355,0.000000,5,20260806-021615,kwh,58.837
C:\Users\josep\source\repos\AIOTED-digital\04_joe_lcd_20x32\4_main_dig5_20260806-022415.jpg,4,4,0.999902,0.000000,0.000000,0.000000,0.000000,0.999902,0.000000,0.000000,0.000000,0.000000,0.000098,0.000000,5,20260806-022415,kwh,59.809
C:\Users\josep\source\repos\AIOTED-digital\04_joe_lcd_20x32\4_main_dig5_20260806-023615.jpg,4,4,0.999916,0.000000,0.000000,0.000000,0.000000,0.999916,0.000000,0.000000,0.000000,0.000000,0.000084,0.000000,5,20260806-023615,kwh,59.218
C:\Users\josep\source\repos\AIOTED-digital\04_joe_lcd_20x32\4_main_dig5_20260806-024415.jpg,4,4,0.999951,0.000000,0.000000,0.000000,0.000000,0.999951,0.000000,0.000000,0.000000,0.000000,0.000049,0.000000,5,20260806-024415,kwh,59.991
C:\Users\josep\source\repos\AIOTED-digital\04_joe_lcd_20x32\4_main_dig5_20260806-025615.jpg,4,4,0.999788,0.000000,0.000000,0.000000,0.000000,0.999788,0.000000,0.000000,0.000000,0.000000,0.000211,0.000000,5,20260806-025615,kwh,60.109
C:\Users\josep\source\repos\AIOTED-digital\04_joe_lcd_20x32\4_main_dig5_20260806-030415.jpg,4,4,0.999832,0.000000,0.000000,0.000000,0.000000,0.999832,0.000000,0.000000,0.000000,0.000000,0.000168,0.000000,5,20260806-030415,kwh,59.805
C:\Users\josep\source\repos\AIOTED-digital\04_joe_lcd_20x32\4_main_dig5_20260821-214151.jpg,4,4,0.999426,0.000000,0.000000,0.000000,0.000000,0.999426,0.000000,0.000000,0.000000,0.000000,0.000574,0.000000,5,20260821-214151,kwh,68.785
C:\Users\josep\source\repos\AIOTED-digital\04_joe_lcd_20x32\4_main_dig5_20260821-214951.jpg,4,4,0.999878,0.000000,0.000000,0.000000,0.000000,0.999878,0.000000,0.000000,0.000000,0.000000,0.000122,0.000000,5,20260821-214951,kwh,68.534
C:\Users\josep\source\repos\AIOTED-digital\04_joe_lcd_20x32\4_main_dig5_20260821-220151.jpg,4,4,0.999962,0.000000,0.000000,0.000000,0.000000,0.999962,0.000000,0.000000,0.000000,0.000000,0.000038,0.000000,5,20260821-220151,kwh,68.002
C:\Users\josep\source\repos\AIOTED-digital\04_joe_lcd_20x32\4_main_dig5_20260821-230951.jpg,4,4,0.999927,0.000000,0.000000,0.000000,0.000000,0.999927,0.000000,0.000000,0.000000,0.000000,0.000073,0.000000,5,20260821-230951,kwh,66.854
C:\Users\josep\source\repos\AIOTED-digital\04_joe_lcd_20x32\4_main_dig5_20260821-233751.jpg,4,4,0.999726,0.000000,0.000000,0.000000,0.000000,0.999726,0.000000,0.000000,0.000000,0.000000,0.000274,0.000000,5,20260821-233751,kwh,67.634
C:\Users\josep\source\repos\AIOTED-digital\04_joe_lcd_20x32\4_main_dig5_20260904-140659.jpg,4,4,1.000000,0.000000,0.000000,0.000000,0.000000,1.000000,0.000000,0.000000,0.000000,0.000000,0.000000,0.000000,5,20260904-140659,kwh,69.926
C:\Users\josep\source\repos\AIOTED-digital\04_joe_lcd_20x32\4_main_dig5_20260904-143459.jpg,4,4,1.000000,0.000000,0.000000,0.000000,0.000000,1.000000,0.000000,0.000000,0.000000,0.000000,0.000000,0.000000,5,20260904-143459,kwh,64.947
C:\Users\josep\source\repos\AIOTED-digital\04_joe_lcd_20x32\4_main_dig5_20260904-154659.jpg,4,4,1.000000,0.000000,0.000000,0.000000,0.000000,1.000000,0.000000,0.000000,0.000000,0.000000,0.000000,0.000000,5,20260904-154659,kwh,53.075
C:\Users\josep\source\repos\AIOTED-digital\04_joe_lcd_20x32\4_main_dig5_20260904-164659.jpg,4,4,1.000000,0.000000,0.000000,0.000000,0.000000,1.000000,0.000000,0.000000,0.000000,0.000000,0.000000,0.000000,5,20260904-164659,kwh,55.007
C:\Users\josep\source\repos\AIOTED-digital\04_joe_lcd_20x32\4_main_dig6_20260806-082414.jpg,4,4,0.976440,0.000000,0.000015,0.000000,0.000002,0.976440,0.000005,0.000000,0.000000,0.000002,0.023454,0.000082,6,20260806-082414,kwh,70.613
C:\Users\josep\source\repos\AIOTED-digital\04_joe_lcd_20x32\4_main_dig6_20260806-083214.jpg,4,4,0.981032,0.000000,0.000013,0.000000,0.000001,0.981032,0.000002,0.000000,0.000000,0.000001,0.018886,0.000066,6,20260806-083214,kwh,73.894
C:\Users\josep\source\repos\AIOTED-digital\04_joe_lcd_20x32\4_main_dig6_20260806-180014.jpg,4,4,1.000000,0.000000,0.000000,0.000000,0.000000,1.000000,0.000000,0.000000,0.000000,0.000000,0.000000,0.000000,6,20260806-180014,kwh,55.799
C:\Users\josep\source\repos\AIOTED-digital\04_joe_lcd_20x32\4_main_dig6_20260806-181214.jpg,4,4,1.000000,0.000000,0.000000,0.000000,0.000000,1.000000,0.000000,0.000000,0.000000,0.000000,0.000000,0.000000,6,20260806-181214,kwh,53.476
C:\Users\josep\source\repos\AIOTED-digital\04_joe_lcd_20x32\4_main_dig6_20260806-182014.jpg,4,4,1.000000,0.000000,0.000000,0.000000,0.000000,1.000000,0.000000,0.000000,0.000000,0.000000,0.000000,0.000000,6,20260806-182014,kwh,49.957
C:\Users\josep\source\repos\AIOTED-digital\04_joe_lcd_20x32\4_main_dig6_20260820-032955.jpg,4,4,0.889600,0.000144,0.000007,0.000001,0.000006,0.889600,0.006327,0.001527,0.000000,0.011938,0.090443,0.000008,6,20260820-032955,kwh,29.154
C:\Users\josep\source\repos\AIOTED-digital\04_joe_lcd_20x32\4_main_dig6_20260821-052553.jpg,4,4,0.998424,0.000000,0.000000,0.000000,0.000000,0.998424,0.000001,0.000000,0.000000,0.000083,0.001492,0.000000,6,20260821-052553,kwh,27.582
C:\Users\josep\source\repos\AIOTED-digital\04_joe_lcd_20x32\4_main_dig6_20260821-125352.jpg,4,4,1.000000,0.000000,0.000000,0.000000,0.000000,1.000000,0.000000,0.000000,0.000000,0.000000,0.000000,0.000000,6,20260821-125352,kwh,86.260
C:\Users\josep\source\repos\AIOTED-digital\04_joe_lcd_20x32\4_main_dig6_20260821-180152.jpg,4,4,1.000000,0.000000,0.000000,0.000000,0.000000,1.000000,0.000000,0.000000,0.000000,0.000000,0.000000,0.000000,6,20260821-180152,kwh,34.822
C:\Users\josep\source\repos\AIOTED-digital\04_joe_lcd_20x32\4_main_dig6_20260821-180952.jpg,4,4,1.000000,0.000000,0.000000,0.000000,0.000000,1.000000,0.000000,0.000000,0.000000,0.000000,0.000000,0.000000,6,20260821-180952,kwh,38.982
C:\Users\josep\source\repos\AIOTED-digital\04_joe_lcd_20x32\4_main_dig6_20260904-041506.jpg,4,9,0.634232,0.002183,0.000071,0.000061,0.000402,0.327817,0.010465,0.000425,0.000121,0.023896,0.634232,0.000325,6,20260904-041506,kwh,26.638
C:\Users\josep\source\repos\AIOTED-digital\04_joe_lcd_20x32\4_main_dig6_20260904-042706.jpg,4,9,0.544009,0.004657,0.000270,0.000436,0.001721,0.328913,0.009343,0.002446,0.000319,0.105722,0.544009,0.002165,6,20260904-042706,kwh,27.863
C:\Users\josep\source\repos\AIOTED-digital\04_joe_lcd_20x32\4_main_dig6_20260904-044706.jpg,4,4,0.519762,0.002817,0.000744,0.000349,0.001336,0.519762,0.006012,0.000951,0.000462,0.040365,0.425891,0.001311,6,20260904-044706,kwh,29.156
C:\Users\josep\source\repos\AIOTED-digital\04_joe_lcd_20x32\4_main_dig6_20260904-045506.jpg,4,4,0.852234,0.000082,0.000009,0.000002,0.000007,0.852234,0.000847,0.000036,0.000001,0.002657,0.144094,0.000032,6,20260904-045506,kwh,26.944
C:\Users\josep\source\repos\AIOTED-digital\04_joe_lcd_20x32\4_main_dig6_20260904-050706.jpg,4,4,0.587962,0.001064,0.000152,0.000135,0.000719,0.587962,0.008220,0.000782,0.000122,0.024812,0.375515,0.000517,6,20260904-050706,kwh,25.897
C:\Users\josep\source\repos\AIOTED-digital\04_joe_lcd_20x32\4_main_dig6_20260904-151459.jpg,4,4,1.000000,0.000000,0.000000,0.000000,0.000000,1.000000,0.000000,0.000000,0.000000,0.000000,0.000000,0.000000,6,20260904-151459,kwh,68.968
C:\Users\josep\source\repos\AIOTED-digital\04_joe_lcd_20x32\4_main_dig6_20260912-094827.jpg,4,4,1.000000,0.000000,0.000000,0.000000,0.000000,1.000000,0.000000,0.000000,0.000000,0.000000,0.000000,0.000000,6,20260912-094827,kwh,90.177
C:\Users\josep\source\repos\AIOTED-digital\04_joe_lcd_20x32\4_main_dig6_20260912-095627.jpg,4,4,1.000000,0.000000,0.000000,0.000000,0.000000,1.000000,0.000000,0.000000,0.000000,0.000000,0.000000,0.000000,6,20260912-095627,kwh,66.456
C:\Users\josep\source\repos\AIOTED-digital\04_joe_lcd_20x32\4_main_dig6_20260912-202058.jpg,4,4,0.922619,0.000097,0.000236,0.000002,0.000015,0.922619,0.000257,0.000015,0.000003,0.002409,0.074345,0.000003,6,20260912-202058,kwh,21.393
C:\Users\josep\source\repos\AIOTED-digital\04_joe_lcd_20x32\4_main_dig6_20260912-203258.jpg,4,4,0.960385,0.000236,0.000298,0.000001,0.000007,0.960385,0.000093,0.000040,0.000001,0.007696,0.031241,0.000002,6,20260912-203258,kwh,22.757
C:\Users\josep\source\repos\AIOTED-digital\04_joe_lcd_20x32\4_main_dig6_20260912-204058.jpg,4,4,0.968876,0.000008,0.000020,0.000000,0.000002,0.968876,0.000086,0.000032,0.000000,0.003732,0.027241,0.000001,6,20260912-204058,kwh,23.385
C:\Users\josep\source\repos\AIOTED-digital\04_joe_lcd_20x32\4_main_dig6_20260912-205258.jpg,4,4,0.928165,0.000029,0.000015,0.000000,0.000001,0.928165,0.000064,0.000004,0.000000,0.002140,0.069581,0.000001,6,20260912-205258,kwh,22.103
C:\Users\josep\source\repos\AIOTED-digital\04_joe_lcd_20x32\4_main_dig6_20260920-141727.jpg,4,4,1.000000,0.000000,0.000000,0.000000,0.000000,1.000000,0.000000,0.000000,0.000000,0.000000,0.000000,0.000000,6,20260920-141727,kwh,60.179
C:\Users\josep\source\repos\AIOTED-digital\04_joe_lcd_20x32\4_main_dig6_20260921-115326.jpg,4,4,1.000000,0.000000,0.000000,0.000000,0.000000,1.000000,0.000000,0.000000,0.000000,0.000000,0.000000,0.000000,6,20260921-115326,kwh,68.884
C:\Users\josep\source\repos\AIOTED-digital\04_joe_lcd_20x32\4_main_dig6_20260924-093350.jpg,4,4,0.999681,0.000000,0.000000,0.000000,0.000000,0.999681,0.000000,0.000000,0.000000,0.000000,0.000319,0.000000,6,20260924-093350,kwh,85.103
C:\Users\josep\source\repos\AIOTED-digital\04_joe_lcd_20x32\4_main_dig6_20260924-100149.jpg,4,4,0.999909,0.000000,0.000000,0.000000,0.000000,0.999909,0.000000,0.000000,0.000000,0.000000,0.000091,0.000000,6,20260924-100149,kwh,89.819
C:\Users\josep\source\repos\AIOTED-digital\04_joe_lcd_20x32\4_main_dig6_20260928-055441.jpg,4,4,0.966412,0.000007,0.000112,0.000001,0.000020,0.966412,0.000029,0.000005,0.000001,0.001703,0.031706,0.000005,6,20260928-055441,kwh,22.781
C:\Users\josep\source\repos\AIOTED-digital\04_joe_lcd_20x32\4_main_dig6_20260928-061441.jpg,4,4,0.971254,0.000014,0.000146,0.000001,0.000013,0.971254,0.000017,0.000003,0.000001,0.002039,0.026510,0.000002,6,20260928-061441,kwh,22.727
C:\Users\josep\source\repos\AIOTED-digital\04_joe_lcd_20x32\4_main_dig6_20260928-062641.jpg,4,4,0.800840,0.000016,0.000024,0.000001,0.000073,0.800840,0.000026,0.000006,0.000001,0.017712,0.181298,0.000003,6,20260928-062641,kwh,22.747
C:\Users\josep\source\repos\AIOTED-digital\04_joe_lcd_20x32\4_main_dig6_20260928-064641.jpg,4,4,0.993659,0.000000,0.000000,0.000000,0.000000,0.993659,0.000000,0.000000,0.000000,0.000028,0.006313,0.000000,6,20260928-064641,kwh,22.734
C:\Users\josep\source\repos\AIOTED-digital\04_joe_lcd_20x32\4_main_dig6_20260928-065441.jpg,4,4,0.995908,0.000000,0.000000,0.000000,0.000000,0.995908,0.000000,0.000000,0.000000,0.000006,0.004086,0.000000,6,20260928-065441,kwh,21.395
C:\Users\josep\source\repos\AIOTED-digital\04_joe_lcd_20x32\4_main_dig6_20260928-152240.jpg,4,4,1.000000,0.000000,0.000000,0.000000,0.000000,1.000000,0.000000,0.000000,0.000000,0.000000,0.000000,0.000000,6,20260928-152240,kwh,64.794
C:\Users\josep\source\repos\AIOTED-digital\04_joe_lcd_20x32\5_main_dig2_20260806-021615.jpg,5,5,1.000000,0.000000,0.000000,0.000000,0.000000,0.000000,1.000000,0.000000,0.000000,0.000000,0.000000,0.000000,2,20260806-021615,kwh,117.248
C:\Users\josep\source\repos\AIOTED-digital\04_joe_lcd_20x32\5_main_dig2_20260806-023615.jpg,5,5,1.000000,0.000000,0.000000,0.000000,0.000000,0.000000,1.000000,0.000000,0.000000,0.000000,0.000000,0.000000,2,20260806-023615,kwh,117.187
C:\Users\josep\source\repos\AIOTED-digital\04_joe_lcd_20x32\5_main_dig2_20260806-032415.jpg,5,5,1.000000,0.000000,0.000000,0.000000,0.000000,0.000000,1.000000,0.000000,0.000000,0.000000,0.000000,0.000000,2,20260806-032415,kwh,117.200
C:\Users\josep\source\repos\AIOTED-digital\04_joe_lcd_20x32\5_main_dig2_20260806-041615.jpg,5,5,1.000000,0.000000,0.000000,0.000000,0.000000,0.000000,1.000000,0.000000,0.000000,0.000000,0.000000,0.000000,2,20260806-041615,kwh,117.449
C:\Users\josep\source\repos\AIOTED-digital\04_joe_lcd_20x32\5_main_dig2_20260806-044415.jpg,5,5,1.000000,0.000000,0.000000,0.000000,0.000000,0.000000,1.000000,0.000000,0.000000,0.000000,0.000000,0.000000,2,20260806-044415,kwh,119.410
C:\Users\josep\source\repos\AIOTED-digital\04_joe_lcd_20x32\5_main_dig2_20260806-060415.jpg,5,5,1.000000,0.000000,0.000000,0.000000,0.000000,0.000000,1.000000,0.000000,0.000000,0.000000,0.000000,0.000000,2,20260806-060415,kwh,111.622
C:\Users\josep\source\repos\AIOTED-digital\04_joe_lcd_20x32\5_main_dig2_20260806-062415.jpg,5,5,1.000000,0.000000,0.000000,0.000000,0.000000,0.000000,1.000000,0.000000,0.000000,0.000000,0.000000,0.000000,2,20260806-062415,kwh,103.225
C:\Users\josep\source\repos\AIOTED-digital\04_joe_lcd_20x32\5_main_dig2_20260806-081214.jpg,5,5,1.000000,0.000000,0.000000,0.000000,0.000000,0.000000,1.000000,0.000000,0.000000,0.000000,0.000000,0.000000,2,20260806-081214,kwh,81.084
C:\Users\josep\source\repos\AIOTED-digital\04_joe_lcd_20x32\5_main_dig2_20260806-203213.jpg,5,5,1.000000,0.000000,0.000000,0.000000,0.000000,0.000000,1.000000,0.000000,0.000000,0.000000,0.000000,0.000000,2,20260806-203213,kwh,109.471
C:\Users\josep\source\repos\AIOTED-digital\04_joe_lcd_20x32\5_main_dig2_20260806-204013.jpg,5,5,1.000000,0.000000,0.000000,0.000000,0.000000,0.000000,1.000000,0.000000,0.000000,0.000000,0.000000,0.000000,2,20260806-204013,kwh,109.195
C:\Users\josep\source\repos\AIOTED-digital\04_joe_lcd_20x32\5_main_dig2_20260806-204813.jpg,5,5,1.000000,0.000000,0.000000,0.000000,0.000000,0.000000,1.000000,0.000000,0.000000,0.000000,0.000000,0.000000,2,20260806-204813,kwh,110.200
C:\Users\josep\source\repos\AIOTED-digital\04_joe_lcd_20x32\5_main_dig2_20260806-212813.jpg,5,5,1.000000,0.000000,0.000000,0.000000,0.000000,0.000000,1.000000,0.000000,0.000000,0.000000,0.000000,0.000000,2,20260806-212813,kwh,107.816
C:\Users\josep\source\repos\AIOTED-digital\04_joe_lcd_20x32\5_main_dig2_20260806-214813.jpg,5,5,1.000000,0.000000,0.000000,0.000000,0.000000,0.000000,1.000000,0.000000,0.000000,0.000000,0.000000,0.000000,2,20260806-214813,kwh,106.255
C:\Users\josep\source\repos\AIOTED-digital\04_joe_lcd_20x32\5_main_dig2_20260806-220013.jpg,5,5,1.000000,0.000000,0.000000,0.000000,0.000000,0.000000,1.000000,0.000000,0.000000,0.000000,0.000000,0.000000,2,20260806-220013,kwh,110.796
C:\Users\josep\source\repos\AIOTED-digital\04_joe_lcd_20x32\5_main_dig2_20260806-230813.jpg,5,5,1.000000,0.000000,0.000000,0.000000,0.000000,0.000000,1.000000,0.000000,0.000000,0.000000,0.000000,0.000000,2,20260806-230813,kwh,105.734
C:\Users\josep\source\repos\AIOTED-digital\04_joe_lcd_20x32\5_main_dig2_20260806-232813.jpg,5,5,1.000000,0.000000,0.000000,0.000000,0.000000,0.000000,1.000000,0.000000,0.000000,0.000000,0.000000,0.000000,2,20260806-232813,kwh,105.228
C:\Users\josep\source\repos\AIOTED-digital\04_joe_lcd_20x32\5_main_dig2_20260820-100954.jpg,5,5,1.000000,0.000000,0.000000,0.000000,0.000000,0.000000,1.000000,0.000000,0.000000,0.000000,0.000000,0.000000,2,20260820-100954,kwh,70.247
C:\Users\josep\source\repos\AIOTED-digital\04_joe_lcd_20x32\5_main_dig2_20260820-174554.jpg,5,5,1.000000,0.000000,0.000000,0.000000,0.000000,0.000000,1.000000,0.000000,0.000000,0.000000,0.000000,0.000000,2,20260820-174554,kwh,89.697
C:\Users\josep\source\repos\AIOTED-digital\04_joe_lcd_20x32\5_main_dig2_20260904-102305.jpg,5,5,1.000000,0.000000,0.000000,0.000000,0.000000,0.000000,1.000000,0.000000,0.000000,0.000000,0.000000,0.000000,2,20260904-102305,kwh,80.705
C:\Users\josep\source\repos\AIOTED-digital\04_joe_lcd_20x32\5_main_dig2_20260912-161258.jpg,5,5,1.000000,0.000000,0.000000,0.000000,0.000000,0.000000,1.000000,0.000000,0.000000,0.000000,0.000000,0.000000,2,20260912-161258,kwh,82.497
C:\Users\josep\source\repos\AIOTED-digital\04_joe_lcd_20x32\5_main_dig2_20260920-101728.jpg,5,5,1.000000,0.000000,0.000000,0.000000,0.000000,0.000000,1.000000,0.000000,0.000000,0.000000,0.000000,0.000000,2,20260920-101728,kwh,81.242
C:\Users\josep\source\repos\AIOTED-digital\04_joe_lcd_20x32\5_main_dig2_20260921-140925.jpg,5,5,1.000000,0.000000,0.000000,0.000000,0.000000,0.000000,1.000000,0.000000,0.000000,0.000000,0.000000,0.000000,2,20260921-140925,kwh,59.702
C:\Users\josep\source\repos\AIOTED-digital\04_joe_lcd_20x32\5_main_dig2_20260924-143019.jpg,5,5,1.000000,0.000000,0.000000,0.000000,0.000000,0.000000,1.000000,0.000000,0.000000,0.000000,0.000000,0.000000,2,20260924-143019,kwh,70.136
C:\Users\josep\source\repos\AIOTED-digital\04_joe_lcd_20x32\5_main_dig2_20260928-145440.jpg,5,5,1.000000,0.000000,0.000000,0.000000,0.000000,0.000000,1.000000,0.000000,0.000000,0.000000,0.000000,0.000000,2,20260928-145440,kwh,66.037
C:\Users\josep\source\repos\AIOTED-digital\04_joe_lcd_20x32\5_main_dig5_20260806-031615.jpg,5,5,0.993658,0.000001,0.000000,0.000000,0.000000,0.000000,0.993658,0.006316,0.000000,0.000002,0.000023,0.000000,5,20260806-031615,kwh,58.307
C:\Users\josep\source\repos\AIOTED-digital\04_joe_lcd_20x32\5_main_dig5_20260806-032415.jpg,5,5,0.997960,0.000000,0.000000,0.000000,0.000000,0.000000,0.997960,0.002034,0.000000,0.000000,0.000006,0.000000,5,20260806-032415,kwh,59.348
C:\Users\josep\source\repos\AIOTED-digital\04_joe_lcd_20x32\5_main_dig5_20260806-033215.jpg,5,5,0.998599,0.000000,0.000000,0.000000,0.000000,0.000000,0.998599,0.001397,0.000000,0.000000,0.000004,0.000000,5,20260806-033215,kwh,59.110
C:\Users\josep\source\repos\AIOTED-digital\04_joe_lcd_20x32\5_main_dig5_20260806-033615.jpg,5,5,0.999103,0.000000,0.000000,0.000000,0.000000,0.000000,0.999103,0.000895,0.000000,0.000000,0.000002,0.000000,5,20260806-033615,kwh,58.181
C:\Users\josep\source\repos\AIOTED-digital\04_joe_lcd_20x32\5_main_dig5_20260806-034415.jpg,5,5,0.998811,0.000000,0.000000,0.000000,0.000000,0.000000,0.998811,0.001187,0.000000,0.000000,0.000002,0.000000,5,20260806-034415,kwh,58.471
C:\Users\josep\source\repos\AIOTED-digital\04_joe_lcd_20x32\5_main_dig5_20260806-035215.jpg,5,5,0.998344,0.000000,0.000000,0.000000,0.000000,0.000000,0.998344,0.001653,0.000000,0.000000,0.000003,0.000000,5,20260806-035215,kwh,59.968
C:\Users\josep\source\repos\AIOTED-digital\04_joe_lcd_20x32\5_main_dig5_20260806-040415.jpg,5,5,0.999455,0.000000,0.000000,0.000000,0.000000,0.000000,0.999455,0.000539,0.000000,0.000000,0.000006,0.000000,5,20260806-040415,kwh,59.215
C:\Users\josep\source\repos\AIOTED-digital\04_joe_lcd_20x32\5_main_dig5_20260806-041215.jpg,5,5,0.996902,0.000000,0.000000,0.000000,0.000000,0.000000,0.996902,0.003087,0.000000,0.000000,0.000011,0.000000,5,20260806-041215,kwh,59.342
C:\Users\josep\source\repos\AIOTED-digital\04_joe_lcd_20x32\5_main_dig5_20260806-041615.jpg,5,5,0.998806,0.000000,0.000000,0.000000,0.000000,0.000000,0.998806,0.001188,0.000000,0.000000,0.000006,0.000000,5,20260806-041615,kwh,59.531
C:\Users\josep\source\repos\AIOTED-digital\04_joe_lcd_20x32\5_main_dig5_20260806-042415.jpg,5,5,0.998410,0.000000,0.000000,0.000000,0.000000,0.000000,0.998410,0.001589,0.000000,0.000000,0.000001,0.000000,5,20260806-042415,kwh,59.818
C:\Users\josep\source\repos\AIOTED-digital\04_joe_lcd_20x32\5_main_dig5_20260806-043215.jpg,5,5,0.999081,0.000000,0.000000,0.000000,0.000000,0.000000,0.999081,0.000917,0.000000,0.000000,0.000002,0.000000,5,20260806-043215,kwh,59.123
C:\Users\josep\source\repos\AIOTED-digital\04_joe_lcd_20x32\5_main_dig5_20260806-043615.jpg,5,5,0.996653,0.000000,0.000000,0.000000,0.000000,0.000000,0.996653,0.003347,0.000000,0.000000,0.000001,0.000000,5,20260806-043615,kwh,59.506
C:\Users\josep\source\repos\AIOTED-digital\04_joe_lcd_20x32\5_main_dig5_20260806-044415.jpg,5,5,0.998907,0.000000,0.000000,0.000000,0.000000,0.000000,0.998907,0.001083,0.000000,0.000000,0.000009,0.000000,5,20260806-044415,kwh,59.225
C:\Users\josep\source\repos\AIOTED-digital\04_joe_lcd_20x32\5_main_dig5_20260806-050415.jpg,5,5,0.998747,0.000000,0.000000,0.000000,0.000000,0.000000,0.998747,0.001249,0.000000,0.000000,0.000004,0.000000,5,20260806-050415,kwh,57.669
C:\Users\josep\source\repos\AIOTED-digital\04_joe_lcd_20x32\5_main_dig5_20260806-051215.jpg,5,5,0.999061,0.000000,0.000000,0.000000,0.000000,0.000000,0.999061,0.000937,0.000000,0.000000,0.000002,0.000000,5,20260806-051215,kwh,57.726
C:\Users\josep\source\repos\AIOTED-digital\04_joe_lcd_20x32\5_main_dig5_20260806-052415.jpg,5,5,0.992258,0.000000,0.000000,0.000000,0.000000,0.000000,0.992258,0.007741,0.000000,0.000000,0.000000,0.000000,5,20260806-052415,kwh,58.756
C:\Users\josep\source\repos\AIOTED-digital\04_joe_lcd_20x32\5_main_dig5_20260806-053215.jpg,5,5,0.991938,0.000000,0.000000,0.000000,0.000000,0.000000,0.991938,0.008060,0.000000,0.000000,0.000002,0.000000,5,20260806-053215,kwh,57.227
C:\Users\josep\source\repos\AIOTED-digital\04_joe_lcd_20x32\5_main_dig5_20260806-054415.jpg,5,5,0.997814,0.000000,0.000000,0.000000,0.000000,0.000000,0.997814,0.002184,0.000000,0.000000,0.000001,0.000000,5,20260806-054415,kwh,55.832
C:\Users\josep\source\repos\AIOTED-digital\04_joe_lcd_20x32\5_main_dig5_20260806-055215.jpg,5,5,0.992774,0.000000,0.000000,0.000000,0.000000,0.000000,0.992774,0.007224,0.000000,0.000000,0.000002,0.000000,5,20260806-055215,kwh,54.783
C:\Users\josep\source\repos\AIOTED-digital\04_joe_lcd_20x32\5_main_dig5_20260806-060415.jpg,5,5,0.999043,0.000000,0.000000,0.000000,0.000000,0.000000,0.999043,0.000957,0.000000,0.000000,0.000000,0.000000,5,20260806-060415,kwh,52.945
C:\Users\josep\source\repos\AIOTED-digital\04_joe_lcd_20x32\5_main_dig5_20260806-061215.jpg,5,5,0.999578,0.000000,0.000000,0.000000,0.000000,0.000000,0.999578,0.000421,0.000000,0.000000,0.000000,0.000000,5,20260806-061215,kwh,49.814
C:\Users\josep\source\repos\AIOTED-digital\04_joe_lcd_20x32\5_main_dig5_20260806-062415.jpg,5,5,0.999961,0.000000,0.000000,0.000000,0.000000,0.000000,0.999961,0.000039,0.000000,0.000000,0.000000,0.000000,5,20260806-062415,kwh,49.915
C:\Users\josep\source\repos\AIOTED-digital\04_joe_lcd_20x32\5_main_dig5_20260806-063215.jpg,5,5,0.999996,0.000000,0.000000,0.000000,0.000000,0.000000,0.999996,0.000004,0.000000,0.000000,0.000000,0.000000,5,20260806-063215,kwh,49.100
C:\Users\josep\source\repos\AIOTED-digital\04_joe_lcd_20x32\5_main_dig5_20260806-064415.jpg,5,5,0.999992,0.000000,0.000000,0.000000,0.000000,0.000000,0.999992,0.000008,0.000000,0.000000,0.000000,0.000000,5,20260806-064415,kwh,49.233
C:\Users\josep\source\repos\AIOTED-digital\04_joe_lcd_20x32\5_main_dig5_20260806-065214.jpg,5,5,0.999947,0.000000,0.000000,0.000000,0.000000,0.000000,0.999947,0.000053,0.000000,0.000000,0.000000,0.000000,5,20260806-065214,kwh,49.737
C:\Users\josep\source\repos\AIOTED-digital\04_joe_lcd_20x32\5_main_dig5_20260806-081214.jpg,5,5,1.000000,0.000000,0.000000,0.000000,0.000000,0.000000,1.000000,0.000000,0.000000,0.000000,0.000000,0.000000,5,20260806-081214,kwh,55.364
C:\Users\josep\source\repos\AIOTED-digital\04_joe_lcd_20x32\5_main_dig5_20260806-101214.jpg,5,5,1.000000,0.000000,0.000000,0.000000,0.000000,0.000000,1.000000,0.000000,0.000000,0.000000,0.000000,0.000000,5,20260806-101214,kwh,71.613
C:\Users\josep\source\repos\AIOTED-digital\04_joe_lcd_20x32\5_main_dig5_20260904-171459.jpg,5,5,1.000000,0.000000,0.000000,0.000000,0.000000,0.000000,1.000000,0.000000,0.000000,0.000000,0.000000,0.000000,5,20260904-171459,kwh,52.512
C:\Users\josep\source\repos\AIOTED-digital\04_joe_lcd_20x32\5_main_dig5_20260904-173459.jpg,5,5,1.000000,0.000000,0.000000,0.000000,0.000000,0.000000,1.000000,0.000000,0.000000,0.000000,0.000000,0.000000,5,20260904-173459,kwh,52.110
C:\Users\josep\source\repos\AIOTED-digital\04_joe_lcd_20x32\5_main_dig5_20260904-174659.jpg,5,5,1.000000,0.000000,0.000000,0.000000,0.000000,0.000000,1.000000,0.000000,0.000000,0.000000,0.000000,0.000000,5,20260904-174659,kwh,52.832
C:\Users\josep\source\repos\AIOTED-digital\04_joe_lcd_20x32\5_main_dig5_20260904-183459.jpg,5,5,0.999997,0.000000,0.000000,0.000000,0.000000,0.000000,0.999997,0.000003,0.000000,0.000000,0.000000,0.000000,5,20260904-183459,kwh,52.114
C:\Users\josep\source\repos\AIOTED-digital\04_joe_lcd_20x32\5_main_dig5_20260904-184259.jpg,5,5,0.999998,0.000000,0.000000,0.000000,0.000000,0.000000,0.999998,0.000002,0.000000,0.000000,0.000000,0.000000,5,20260904-184259,kwh,53.892
C:\Users\josep\source\repos\AIOTED-digital\04_joe_lcd_20x32\5_main_dig5_20260904-184659.jpg,5,5,0.999996,0.000000,0.000000,0.000000,0.000000,0.000000,0.999996,0.000004,0.000000,0.000000,0.000000,0.000000,5,20260904-184659,kwh,52.213
C:\Users\josep\source\repos\AIOTED-digital\04_joe_lcd_20x32\5_main_dig5_20260904-190259.jpg,5,5,0.999999,0.000000,0.000000,0.000000,0.000000,0.000000,0.999999,0.000001,0.000000,0.000000,0.000000,0.000000,5,20260904-190259,kwh,56.815
C:\Users\josep\source\repos\AIOTED-digital\04_joe_lcd_20x32\5_main_dig5_20260904-190659.jpg,5,5,1.000000,0.000000,0.000000,0.000000,0.000000,0.000000,1.000000,0.000000,0.000000,0.000000,0.000000,0.000000,5,20260904-190659,kwh,57.327
C:\Users\josep\source\repos\AIOTED-digital\04_joe_lcd_20x32\5_main_dig5_20260904-193458.jpg,5,5,0.999999,0.000000,0.000000,0.000000,0.000000,0.000000,0.999999,0.000001,0.000000,0.000000,0.000000,0.000000,5,20260904-193458,kwh,58.043
C:\Users\josep\source\repos\AIOTED-digital\04_joe_lcd_20x32\5_main_dig5_20260904-203458.jpg,5,5,1.000000,0.000000,0.000000,0.000000,0.000000,0.000000,1.000000,0.000000,0.000000,0.000000,0.000000,0.000000,5,20260904-203458,kwh,59.349
C:\Users\josep\source\repos\AIOTED-digital\04_joe_lcd_20x32\5_main_dig5_20260904-211458.jpg,5,5,1.000000,0.000000,0.000000,0.000000,0.000000,0.000000,1.000000,0.000000,0.000000,0.000000,0.000000,0.000000,5,20260904-211458,kwh,58.988
C:\Users\josep\source\repos\AIOTED-digital\04_joe_lcd_20x32\5_main_dig6_20260806-084414.jpg,5,5,0.999769,0.000000,0.000000,0.000000,0.000000,0.000000,0.999769,0.000230,0.000000,0.000000,0.000000,0.000000,6,20260806-084414,kwh,76.149
C:\Users\josep\source\repos\AIOTED-digital\04_joe_lcd_20x32\5_main_dig6_20260806-085214.jpg,5,5,1.000000,0.000000,0.000000,0.000000,0.000000,0.000000,1.000000,0.000000,0.000000,0.000000,0.000000,0.000000,6,20260806-085214,kwh,64.014
C:\Users\josep\source\repos\AIOTED-digital\04_joe_lcd_20x32\5_main_dig6_20260806-090414.jpg,5,5,1.000000,0.000000,0.000000,0.000000,0.000000,0.000000,1.000000,0.000000,0.000000,0.000000,0.000000,0.000000,6,20260806-090414,kwh,65.232
C:\Users\josep\source\repos\AIOTED-digital\04_joe_lcd_20x32\5_main_dig6_20260806-091214.jpg,5,5,0.999998,0.000000,0.000000,0.000000,0.000000,0.000000,0.999998,0.000002,0.000000,0.000000,0.000000,0.000000,6,20260806-091214,kwh,65.879
C:\Users\josep\source\repos\AIOTED-digital\04_joe_lcd_20x32\5_main_dig6_20260806-092414.jpg,5,5,0.999998,0.000000,0.000000,0.000000,0.000000,0.000000,0.999998,0.000002,0.000000,0.000000,0.000000,0.000000,6,20260806-092414,kwh,65.132
C:\Users\josep\source\repos\AIOTED-digital\04_joe_lcd_20x32\5_main_dig6_20260806-183214.jpg,5,5,1.000000,0.000000,0.000000,0.000000,0.000000,0.000000,1.000000,0.000000,0.000000,0.000000,0.000000,0.000000,6,20260806-183214,kwh,50.829
C:\Users\josep\source\repos\AIOTED-digital\04_joe_lcd_20x32\5_main_dig6_20260806-184013.jpg,5,5,1.000000,0.000000,0.000000,0.000000,0.000000,0.000000,1.000000,0.000000,0.000000,0.000000,0.000000,0.000000,6,20260806-184013,kwh,48.807
C:\Users\josep\source\repos\AIOTED-digital\04_joe_lcd_20x32\5_main_dig6_20260820-050155.jpg,5,5,0.873886,0.001065,0.000000,0.000002,0.000040,0.000353,0.873886,0.034234,0.000006,0.013742,0.076666,0.000006,6,20260820-050155,kwh,28.582
C:\Users\josep\source\repos\AIOTED-digital\04_joe_lcd_20x32\5_main_dig6_20260820-193753.jpg,5,5,0.997845,0.000000,0.000000,0.000000,0.000000,0.000000,0.997845,0.002056,0.000000,0.000002,0.000098,0.000000,6,20260820-193753,kwh,29.394
C:\Users\josep\source\repos\AIOTED-digital\04_joe_lcd_20x32\5_main_dig6_20260821-063353.jpg,5,5,0.991863,0.000002,0.000000,0.000000,0.000000,0.000001,0.991863,0.007026,0.000000,0.000057,0.001050,0.000000,6,20260821-063353,kwh,26.095
C:\Users\josep\source\repos\AIOTED-digital\04_joe_lcd_20x32\5_main_dig6_20260821-070553.jpg,5,5,0.989408,0.000002,0.000000,0.000000,0.000000,0.000001,0.989408,0.009033,0.000000,0.000155,0.001400,0.000000,6,20260821-070553,kwh,28.110
C:\Users\josep\source\repos\AIOTED-digital\04_joe_lcd_20x32\5_main_dig6_20260821-182952.jpg,5,5,1.000000,0.000000,0.000000,0.000000,0.000000,0.000000,1.000000,0.000000,0.000000,0.000000,0.000000,0.000000,6,20260821-182952,kwh,51.043
C:\Users\josep\source\repos\AIOTED-digital\04_joe_lcd_20x32\5_main_dig6_20260904-053506.jpg,5,5,0.732345,0.001526,0.000019,0.000176,0.001879,0.002364,0.732345,0.187619,0.000375,0.029041,0.043878,0.000779,6,20260904-053506,kwh,28.022
C:\Users\josep\source\repos\AIOTED-digital\04_joe_lcd_20x32\5_main_dig6_20260904-192658.jpg,5,5,0.990092,0.000000,0.000000,0.000000,0.000000,0.000001,0.990092,0.009655,0.000000,0.000014,0.000237,0.000000,6,20260904-192658,kwh,26.435
C:\Users\josep\source\repos\AIOTED-digital\04_joe_lcd_20x32\5_main_dig6_20260912-100827.jpg,5,5,0.999968,0.000000,0.000000,0.000000,0.000000,0.000000,0.999968,0.000032,0.000000,0.000000,0.000000,0.000000,6,20260912-100827,kwh,70.003
C:\Users\josep\source\repos\AIOTED-digital\04_joe_lcd_20x32\5_main_dig6_20260912-101627.jpg,5,5,0.999772,0.000000,0.000000,0.000000,0.000000,0.000000,0.999772,0.000228,0.000000,0.000000,0.000000,0.000000,6,20260912-101627,kwh,59.191
C:\Users\josep\source\repos\AIOTED-digital\04_joe_lcd_20x32\5_main_dig6_20260912-220058.jpg,5,5,0.919111,0.000114,0.000000,0.000002,0.000037,0.000298,0.919111,0.057063,0.000002,0.004754,0.018607,0.000012,6,20260912-220058,kwh,26.807
C:\Users\josep\source\repos\AIOTED-digital\04_joe_lcd_20x32\5_main_dig6_20260912-224057.jpg,5,5,0.922653,0.000062,0.000000,0.000000,0.000002,0.000062,0.922653,0.067980,0.000000,0.002744,0.006496,0.000001,6,20260912-224057,kwh,25.394
C:\Users\josep\source\repos\AIOTED-digital\04_joe_lcd_20x32\5_main_dig6_20260920-032928.jpg,5,5,0.968666,0.000049,0.000000,0.000002,0.000021,0.000151,0.968666,0.019855,0.000002,0.000907,0.010323,0.000025,6,20260920-032928,kwh,26.065
C:\Users\josep\source\repos\AIOTED-digital\04_joe_lcd_20x32\5_main_dig6_20260920-144527.jpg,5,5,0.999771,0.000000,0.000000,0.000000,0.000000,0.000000,0.999771,0.000229,0.000000,0.000000,0.000000,0.000000,6,20260920-144527,kwh,72.539
C:\Users\josep\source\repos\AIOTED-digital\04_joe_lcd_20x32\5_main_dig6_20260920-152527.jpg,5,5,0.999840,0.000000,0.000000,0.000000,0.000000,0.000000,0.999840,0.000160,0.000000,0.000000,0.000000,0.000000,6,20260920-152527,kwh,54.516
C:\Users\josep\source\repos\AIOTED-digital\04_joe_lcd_20x32\5_main_dig6_20260921-020526.jpg,5,5,0.935968,0.000044,0.000000,0.000001,0.000032,0.000079,0.935968,0.052752,0.000001,0.002246,0.008869,0.000008,6,20260921-020526,kwh,26.655
C:\Users\josep\source\repos\AIOTED-digital\04_joe_lcd_20x32\5_main_dig6_20260921-023326.jpg,5,5,0.859115,0.000070,0.000001,0.000002,0.000024,0.000075,0.859115,0.136838,0.000002,0.001436,0.002418,0.000019,6,20260921-023326,kwh,26.179
C:\Users\josep\source\repos\AIOTED-digital\04_joe_lcd_20x32\5_main_dig6_20260921-130126.jpg,5,5,0.999689,0.000000,0.000000,0.000000,0.000000,0.000000,0.999689,0.000311,0.000000,0.000000,0.000000,0.000000,6,20260921-130126,kwh,74.344
C:\Users\josep\source\repos\AIOTED-digital\04_joe_lcd_20x32\5_main_dig6_20260921-130926.jpg,5,5,0.945657,0.000000,0.000000,0.000000,0.000000,0.000000,0.945657,0.054343,0.000000,0.000000,0.000000,0.000000,6,20260921-130926,kwh,74.221
C:\Users\josep\source\repos\AIOTED-digital\04_joe_lcd_20x32\5_main_dig6_20260921-212125.jpg,5,5,0.810459,0.000003,0.000000,0.000000,0.000000,0.000001,0.810459,0.189366,0.000000,0.000095,0.000075,0.000000,6,20260921-212125,kwh,24.488
C:\Users\josep\source\repos\AIOTED-digital\04_joe_lcd_20x32\5_main_dig6_20260924-103019.jpg,5,5,0.999999,0.000000,0.000000,0.000000,0.000000,0.000000,0.999999,0.000001,0.000000,0.000000,0.000000,0.000000,6,20260924-103019,kwh,96.284
C:\Users\josep\source\repos\AIOTED-digital\04_joe_lcd_20x32\5_main_dig6_20260924-103819.jpg,5,5,0.999973,0.000000,0.000000,0.000000,0.000000,0.000000,0.999973,0.000027,0.000000,0.000000,0.000000,0.000000,6,20260924-103819,kwh,99.985
C:\Users\josep\source\repos\AIOTED-digital\04_joe_lcd_20x32\5_main_dig6_20260924-193818.jpg,5,5,0.891737,0.000001,0.000000,0.000000,0.000000,0.000001,0.891737,0.108166,0.000000,0.000041,0.000055,0.000000,6,20260924-193818,kwh,23.971
C:\Users\josep\source\repos\AIOTED-digital\04_joe_lcd_20x32\5_main_dig6_20260924-200618.jpg,5,5,0.846485,0.000000,0.000000,0.000000,0.000000,0.000001,0.846485,0.153446,0.000000,0.000031,0.000036,0.000000,6,20260924-200618,kwh,24.802
C:\Users\josep\source\repos\AIOTED-digital\04_joe_lcd_20x32\5_main_dig6_20260928-070641.jpg,5,5,0.997112,0.000000,0.000000,0.000000,0.000000,0.000000,0.997112,0.002888,0.000000,0.000000,0.000000,0.000000,6,20260928-070641,kwh,23.358
C:\Users\josep\source\repos\AIOTED-digital\04_joe_lcd_20x32\5_main_dig6_20260928-072241.jpg,5,5,0.998107,0.000000,0.000000,0.000000,0.000000,0.000000,0.998107,0.001893,0.000000,0.000000,0.000000,0.000000,6,20260928-072241,kwh,29.566
C:\Users\josep\source\repos\AIOTED-digital\04_joe_lcd_20x32\5_main_dig6_20260928-072641.jpg,5,5,0.999941,0.000000,0.000000,0.000000,0.000000,0.000000,0.999941,0.000059,0.000000,0.000000,0.000000,0.000000,6,20260928-072641,kwh,31.580
C:\Users\josep\source\repos\AIOTED-digital\04_joe_lcd_20x32\5_main_dig6_20260928-075441.jpg,5,5,0.999993,0.000000,0.000000,0.000000,0.000000,0.000000,0.999993,0.000007,0.000000,0.000000,0.000000,0.000000,6,20260928-075441,kwh,77.759
C:\Users\josep\source\repos\AIOTED-digital\04_joe_lcd_20x32\5_main_dig6_20260928-154240.jpg,5,5,0.999899,0.000000,0.000000,0.000000,0.000000,0.000000,0.999899,0.000101,0.000000,0.000000,0.000000,0.000000,6,20260928-154240,kwh,39.269
C:\Users\josep\source\repos\AIOTED-digital\04_joe_lcd_20x32\5_main_dig6_20260928-155440.jpg,5,5,0.999984,0.000000,0.000000,0.000000,0.000000,0.000000,0.999984,0.000016,0.000000,0.000000,0.000000,0.000000,6,20260928-155440,kwh,48.964
C:\Users\josep\source\repos\AIOTED-digital\04_joe_lcd_20x32\5_main_dig6_20260928-162240.jpg,5,5,0.999977,0.000000,0.000000,0.000000,0.000000,0.000000,0.999977,0.000023,0.000000,0.000000,0.000000,0.000000,6,20260928-162240,kwh,41.524
C:\Users\josep\source\repos\AIOTED-digital\04_joe_lcd_20x32\6_main_dig4_20260806-000415.jpg,6,6,1.000000,0.000000,0.000000,0.000000,0.000000,0.000000,0.000000,1.000000,0.000000,0.000000,0.000000,0.000000,4,20260806-000415,kwh,81.551
C:\Users\josep\source\repos\AIOTED-digital\04_joe_lcd_20x32\6_main_dig4_20260806-004415.jpg,6,6,1.000000,0.000000,0.000000,0.000000,0.000000,0.000000,0.000000,1.000000,0.000000,0.000000,0.000000,0.000000,4,20260806-004415,kwh,82.434
C:\Users\josep\source\repos\AIOTED-digital\04_joe_lcd_20x32\6_main_dig4_20260806-011615.jpg,6,6,1.000000,0.000000,0.000000,0.000000,0.000000,0.000000,0.000000,1.000000,0.000000,0.000000,0.000000,0.000000,4,20260806-011615,kwh,83.150
C:\Users\josep\source\repos\AIOTED-digital\04_joe_lcd_20x32\6_main_dig4_20260806-020415.jpg,6,6,1.000000,0.000000,0.000000,0.000000,0.000000,0.000000,0.000000,1.000000,0.000000,0.000000,0.000000,0.000000,4,20260806-020415,kwh,84.286
C:\Users\josep\source\repos\AIOTED-digital\04_joe_lcd_20x32\6_main_dig4_20260806-023615.jpg,6,6,1.000000,0.000000,0.000000,0.000000,0.000000,0.000000,0.000000,1.000000,0.000000,0.000000,0.000000,0.000000,4,20260806-023615,kwh,83.206
C:\Users\josep\source\repos\AIOTED-digital\04_joe_lcd_20x32\6_main_dig4_20260806-033215.jpg,6,6,1.000000,0.000000,0.000000,0.000000,0.000000,0.000000,0.000000,1.000000,0.000000,0.000000,0.000000,0.000000,4,20260806-033215,kwh,82.490
C:\Users\josep\source\repos\AIOTED-digital\04_joe_lcd_20x32\6_main_dig4_20260806-041215.jpg,6,6,1.000000,0.000000,0.000000,0.000000,0.000000,0.000000,0.000000,1.000000,0.000000,0.000000,0.000000,0.000000,4,20260806-041215,kwh,82.956
C:\Users\josep\source\repos\AIOTED-digital\04_joe_lcd_20x32\6_main_dig4_20260806-041615.jpg,6,6,1.000000,0.000000,0.000000,0.000000,0.000000,0.000000,0.000000,1.000000,0.000000,0.000000,0.000000,0.000000,4,20260806-041615,kwh,83.917
C:\Users\josep\source\repos\AIOTED-digital\04_joe_lcd_20x32\6_main_dig4_20260806-043615.jpg,6,6,1.000000,0.000000,0.000000,0.000000,0.000000,0.000000,0.000000,1.000000,0.000000,0.000000,0.000000,0.000000,4,20260806-043615,kwh,84.332
C:\Users\josep\source\repos\AIOTED-digital\04_joe_lcd_20x32\6_main_dig4_20260806-051215.jpg,6,6,1.000000,0.000000,0.000000,0.000000,0.000000,0.000000,0.000000,1.000000,0.000000,0.000000,0.000000,0.000000,4,20260806-051215,kwh,82.400
C:\Users\josep\source\repos\AIOTED-digital\04_joe_lcd_20x32\6_main_dig4_20260806-060415.jpg,6,6,1.000000,0.000000,0.000000,0.000000,0.000000,0.000000,0.000000,1.000000,0.000000,0.000000,0.000000,0.000000,4,20260806-060415,kwh,79.317
C:\Users\josep\source\repos\AIOTED-digital\04_joe_lcd_20x32\6_main_dig4_20260806-062415.jpg,6,6,1.000000,0.000000,0.000000,0.000000,0.000000,0.000000,0.000000,1.000000,0.000000,0.000000,0.000000,0.000000,4,20260806-062415,kwh,77.953
C:\Users\josep\source\repos\AIOTED-digital\04_joe_lcd_20x32\6_main_dig4_20260806-064415.jpg,6,6,1.000000,0.000000,0.000000,0.000000,0.000000,0.000000,0.000000,1.000000,0.000000,0.000000,0.000000,0.000000,4,20260806-064415,kwh,79.022
C:\Users\josep\source\repos\AIOTED-digital\04_joe_lcd_20x32\6_main_dig4_20260806-091214.jpg,6,6,1.000000,0.000000,0.000000,0.000000,0.000000,0.000000,0.000000,1.000000,0.000000,0.000000,0.000000,0.000000,4,20260806-091214,kwh,73.228
C:\Users\josep\source\repos\AIOTED-digital\04_joe_lcd_20x32\6_main_dig4_20260806-140014.jpg,6,6,1.000000,0.000000,0.000000,0.000000,0.000000,0.000000,0.000000,1.000000,0.000000,0.000000,0.000000,0.000000,4,20260806-140014,kwh,62.191
C:\Users\josep\source\repos\AIOTED-digital\04_joe_lcd_20x32\6_main_dig4_20260806-203213.jpg,6,6,1.000000,0.000000,0.000000,0.000000,0.000000,0.000000,0.000000,1.000000,0.000000,0.000000,0.000000,0.000000,4,20260806-203213,kwh,81.886
C:\Users\josep\source\repos\AIOTED-digital\04_joe_lcd_20x32\6_main_dig4_20260806-205213.jpg,6,6,1.000000,0.000000,0.000000,0.000000,0.000000,0.000000,0.000000,1.000000,0.000000,0.000000,0.000000,0.000000,4,20260806-205213,kwh,81.174
C:\Users\josep\source\repos\AIOTED-digital\04_joe_lcd_20x32\6_main_dig4_20260806-214013.jpg,6,6,1.000000,0.000000,0.000000,0.000000,0.000000,0.000000,0.000000,1.000000,0.000000,0.000000,0.000000,0.000000,4,20260806-214013,kwh,81.996
C:\Users\josep\source\repos\AIOTED-digital\04_joe_lcd_20x32\6_main_dig4_20260806-214813.jpg,6,6,1.000000,0.000000,0.000000,0.000000,0.000000,0.000000,0.000000,1.000000,0.000000,0.000000,0.000000,0.000000,4,20260806-214813,kwh,80.150
C:\Users\josep\source\repos\AIOTED-digital\04_joe_lcd_20x32\6_main_dig4_20260806-220813.jpg,6,6,1.000000,0.000000,0.000000,0.000000,0.000000,0.000000,0.000000,1.000000,0.000000,0.000000,0.000000,0.000000,4,20260806-220813,kwh,81.358
C:\Users\josep\source\repos\AIOTED-digital\04_joe_lcd_20x32\6_main_dig4_20260806-222813.jpg,6,6,1.000000,0.000000,0.000000,0.000000,0.000000,0.000000,0.000000,1.000000,0.000000,0.000000,0.000000,0.000000,4,20260806-222813,kwh,81.762
C:\Users\josep\source\repos\AIOTED-digital\04_joe_lcd_20x32\6_main_dig4_20260806-224013.jpg,6,6,1.000000,0.000000,0.000000,0.000000,0.000000,0.000000,0.000000,1.000000,0.000000,0.000000,0.000000,0.000000,4,20260806-224013,kwh,79.743
C:\Users\josep\source\repos\AIOTED-digital\04_joe_lcd_20x32\6_main_dig4_20260806-230813.jpg,6,6,1.000000,0.000000,0.000000,0.000000,0.000000,0.000000,0.000000,1.000000,0.000000,0.000000,0.000000,0.000000,4,20260806-230813,kwh,80.101
C:\Users\josep\source\repos\AIOTED-digital\04_joe_lcd_20x32\6_main_dig4_20260806-232013.jpg,6,6,1.000000,0.000000,0.000000,0.000000,0.000000,0.000000,0.000000,1.000000,0.000000,0.000000,0.000000,0.000000,4,20260806-232013,kwh,78.082
C:\Users\josep\source\repos\AIOTED-digital\04_joe_lcd_20x32\6_main_dig4_20260806-232813.jpg,6,6,1.000000,0.000000,0.000000,0.000000,0.000000,0.000000,0.000000,1.000000,0.000000,0.000000,0.000000,0.000000,4,20260806-232813,kwh,79.649
C:\Users\josep\source\repos\AIOTED-digital\04_joe_lcd_20x32\6_main_dig4_20260806-234813.jpg,6,6,1.000000,0.000000,0.000000,0.000000,0.000000,0.000000,0.000000,1.000000,0.000000,0.000000,0.000000,0.000000,4,20260806-234813,kwh,78.164
C:\Users\josep\source\repos\AIOTED-digital\04_joe_lcd_20x32\6_main_dig5_20260806-122414.jpg,6,6,1.000000,0.000000,0.000000,0.000000,0.000000,0.000000,0.000000,1.000000,0.000000,0.000000,0.000000,0.000000,5,20260806-122414,kwh,63.735
C:\Users\josep\source\repos\AIOTED-digital\04_joe_lcd_20x32\6_main_dig5_20260806-130414.jpg,6,6,1.000000,0.000000,0.000000,0.000000,0.000000,0.000000,0.000000,1.000000,0.000000,0.000000,0.000000,0.000000,5,20260806-130414,kwh,58.239
C:\Users\josep\source\repos\AIOTED-digital\04_joe_lcd_20x32\6_main_dig5_20260806-140014.jpg,6,6,1.000000,0.000000,0.000000,0.000000,0.000000,0.000000,0.000000,1.000000,0.000000,0.000000,0.000000,0.000000,5,20260806-140014,kwh,55.321
C:\Users\josep\source\repos\AIOTED-digital\04_joe_lcd_20x32\6_main_dig5_20260806-151214.jpg,6,6,1.000000,0.000000,0.000000,0.000000,0.000000,0.000000,0.000000,1.000000,0.000000,0.000000,0.000000,0.000000,5,20260806-151214,kwh,59.672
C:\Users\josep\source\repos\AIOTED-digital\04_joe_lcd_20x32\6_main_dig5_20260904-221458.jpg,6,6,0.999999,0.000000,0.000000,0.000000,0.000000,0.000000,0.000001,0.999999,0.000000,0.000000,0.000000,0.000000,5,20260904-221458,kwh,59.204
C:\Users\josep\source\repos\AIOTED-digital\04_joe_lcd_20x32\6_main_dig5_20260904-223458.jpg,6,6,0.999998,0.000000,0.000000,0.000000,0.000000,0.000000,0.000002,0.999998,0.000000,0.000000,0.000000,0.000000,5,20260904-223458,kwh,59.800
C:\Users\josep\source\repos\AIOTED-digital\04_joe_lcd_20x32\6_main_dig5_20260904-224258.jpg,6,6,0.999998,0.000000,0.000000,0.000000,0.000000,0.000000,0.000002,0.999998,0.000000,0.000000,0.000000,0.000000,5,20260904-224258,kwh,60.039
C:\Users\josep\source\repos\AIOTED-digital\04_joe_lcd_20x32\6_main_dig5_20260904-225458.jpg,6,6,1.000000,0.000000,0.000000,0.000000,0.000000,0.000000,0.000000,1.000000,0.000000,0.000000,0.000000,0.000000,5,20260904-225458,kwh,58.768
C:\Users\josep\source\repos\AIOTED-digital\04_joe_lcd_20x32\6_main_dig5_20260904-231458.jpg,6,6,1.000000,0.000000,0.000000,0.000000,0.000000,0.000000,0.000001,1.000000,0.000000,0.000000,0.000000,0.000000,5,20260904-231458,kwh,59.417
C:\Users\josep\source\repos\AIOTED-digital\04_joe_lcd_20x32\6_main_dig5_20260904-233458.jpg,6,6,1.000000,0.000000,0.000000,0.000000,0.000000,0.000000,0.000000,1.000000,0.000000,0.000000,0.000000,0.000000,5,20260904-233458,kwh,59.080
C:\Users\josep\source\repos\AIOTED-digital\04_joe_lcd_20x32\6_main_dig5_20260904-235458.jpg,6,6,0.999999,0.000000,0.000000,0.000000,0.000000,0.000000,0.000001,0.999999,0.000000,0.000000,0.000000,0.000000,5,20260904-235458,kwh,58.327
C:\Users\josep\source\repos\AIOTED-digital\04_joe_lcd_20x32\6_main_dig5_20260928-001442.jpg,6,6,0.999997,0.000000,0.000000,0.000000,0.000000,0.000000,0.000000,0.999997,0.000000,0.000002,0.000000,0.000000,5,20260928-001442,kwh,54.895
C:\Users\josep\source\repos\AIOTED-digital\04_joe_lcd_20x32\6_main_dig5_20260928-001842.jpg,6,6,1.000000,0.000000,0.000000,0.000000,0.000000,0.000000,0.000000,1.000000,0.000000,0.000000,0.000000,0.000000,5,20260928-001842,kwh,55.486
C:\Users\josep\source\repos\AIOTED-digital\04_joe_lcd_20x32\6_main_dig5_20260928-002642.jpg,6,6,1.000000,0.000000,0.000000,0.000000,0.000000,0.000000,0.000000,1.000000,0.000000,0.000000,0.000000,0.000000,5,20260928-002642,kwh,56.811
C:\Users\josep\source\repos\AIOTED-digital\04_joe_lcd_20x32\6_main_dig5_20260928-003442.jpg,6,6,1.000000,0.000000,0.000000,0.000000,0.000000,0.000000,0.000000,1.000000,0.000000,0.000000,0.000000,0.000000,5,20260928-003442,kwh,56.273
C:\Users\josep\source\repos\AIOTED-digital\04_joe_lcd_20x32\6_main_dig5_20260928-005442.jpg,6,6,1.000000,0.000000,0.000000,0.000000,0.000000,0.000000,0.000000,1.000000,0.000000,0.000000,0.000000,0.000000,5,20260928-005442,kwh,57.267
C:\Users\josep\source\repos\AIOTED-digital\04_joe_lcd_20x32\6_main_dig5_20260928-020641.jpg,6,6,1.000000,0.000000,0.000000,0.000000,0.000000,0.000000,0.000000,1.000000,0.000000,0.000000,0.000000,0.000000,5,20260928-020641,kwh,54.298
C:\Users\josep\source\repos\AIOTED-digital\04_joe_lcd_20x32\6_main_dig5_20260928-023441.jpg,6,6,1.000000,0.000000,0.000000,0.000000,0.000000,0.000000,0.000000,1.000000,0.000000,0.000000,0.000000,0.000000,5,20260928-023441,kwh,54.137
C:\Users\josep\source\repos\AIOTED-digital\04_joe_lcd_20x32\6_main_dig5_20260928-033441.jpg,6,6,0.999999,0.000000,0.000000,0.000000,0.000000,0.000000,0.000001,0.999999,0.000000,0.000000,0.000000,0.000000,5,20260928-033441,kwh,56.387
C:\Users\josep\source\repos\AIOTED-digital\04_joe_lcd_20x32\6_main_dig5_20260928-070641.jpg,6,6,1.000000,0.000000,0.000000,0.000000,0.000000,0.000000,0.000000,1.000000,0.000000,0.000000,0.000000,0.000000,5,20260928-070641,kwh,51.102
C:\Users\josep\source\repos\AIOTED-digital\04_joe_lcd_20x32\6_main_dig5_20260928-072241.jpg,6,6,1.000000,0.000000,0.000000,0.000000,0.000000,0.000000,0.000000,1.000000,0.000000,0.000000,0.000000,0.000000,5,20260928-072241,kwh,49.050
C:\Users\josep\source\repos\AIOTED-digital\04_joe_lcd_20x32\6_main_dig5_20260928-072641.jpg,6,6,1.000000,0.000000,0.000000,0.000000,0.000000,0.000000,0.000000,1.000000,0.000000,0.000000,0.000000,0.000000,5,20260928-072641,kwh,48.789
C:\Users\josep\source\repos\AIOTED-digital\04_joe_lcd_20x32\6_main_dig5_20260928-073441.jpg,6,6,0.999997,0.000000,0.000000,0.000000,0.000000,0.000000,0.000003,0.999997,0.000000,0.000000,0.000000,0.000000,5,20260928-073441,kwh,46.926
C:\Users\josep\source\repos\AIOTED-digital\04_joe_lcd_20x32\6_main_dig5_20260928-074241.jpg,6,6,1.000000,0.000000,0.000000,0.000000,0.000000,0.000000,0.000000,1.000000,0.000000,0.000000,0.000000,0.000000,5,20260928-074241,kwh,47.332
C:\Users\josep\source\repos\AIOTED-digital\04_joe_lcd_20x32\6_main_dig5_20260928-075441.jpg,6,6,0.999990,0.000000,0.000000,0.000000,0.000000,0.000000,0.000010,0.999990,0.000000,0.000000,0.000000,0.000000,5,20260928-075441,kwh,55.932
C:\Users\josep\source\repos\AIOTED-digital\04_joe_lcd_20x32\6_main_dig5_20260928-081441.jpg,6,6,0.999965,0.000000,0.000000,0.000000,0.000000,0.000000,0.000035,0.999965,0.000000,0.000000,0.000000,0.000000,5,20260928-081441,kwh,60.202
C:\Users\josep\source\repos\AIOTED-digital\04_joe_lcd_20x32\6_main_dig5_20260928-093441.jpg,6,6,0.999902,0.000000,0.000000,0.000000,0.000000,0.000000,0.000098,0.999902,0.000000,0.000000,0.000000,0.000000,5,20260928-093441,kwh,70.213
C:\Users\josep\source\repos\AIOTED-digital\04_joe_lcd_20x32\6_main_dig5_20260928-095441.jpg,6,6,0.999968,0.000000,0.000000,0.000000,0.000000,0.000000,0.000032,0.999968,0.000000,0.000000,0.000000,0.000000,5,20260928-095441,kwh,71.089
C:\Users\josep\source\repos\AIOTED-digital\04_joe_lcd_20x32\6_main_dig5_20260928-101441.jpg,6,6,0.999948,0.000000,0.000000,0.000000,0.000000,0.000000,0.000052,0.999948,0.000000,0.000000,0.000000,0.000000,5,20260928-101441,kwh,65.926
C:\Users\josep\source\repos\AIOTED-digital\04_joe_lcd_20x32\6_main_dig5_20260928-110241.jpg,6,6,0.999998,0.000000,0.000000,0.000000,0.000000,0.000000,0.000002,0.999998,0.000000,0.000000,0.000000,0.000000,5,20260928-110241,kwh,77.950
C:\Users\josep\source\repos\AIOTED-digital\04_joe_lcd_20x32\6_main_dig5_20260928-111441.jpg,6,6,1.000000,0.000000,0.000000,0.000000,0.000000,0.000000,0.000000,1.000000,0.000000,0.000000,0.000000,0.000000,5,20260928-111441,kwh,82.378
C:\Users\josep\source\repos\AIOTED-digital\04_joe_lcd_20x32\6_main_dig6_20260806-185213.jpg,6,6,1.000000,0.000000,0.000000,0.000000,0.000000,0.000000,0.000000,1.000000,0.000000,0.000000,0.000000,0.000000,6,20260806-185213,kwh,47.674
C:\Users\josep\source\repos\AIOTED-digital\04_joe_lcd_20x32\6_main_dig6_20260806-190013.jpg,6,6,1.000000,0.000000,0.000000,0.000000,0.000000,0.000000,0.000000,1.000000,0.000000,0.000000,0.000000,0.000000,6,20260806-190013,kwh,46.125
C:\Users\josep\source\repos\AIOTED-digital\04_joe_lcd_20x32\6_main_dig6_20260820-162554.jpg,6,6,1.000000,0.000000,0.000000,0.000000,0.000000,0.000000,0.000000,1.000000,0.000000,0.000000,0.000000,0.000000,6,20260820-162554,kwh,70.047
C:\Users\josep\source\repos\AIOTED-digital\04_joe_lcd_20x32\6_main_dig6_20260820-200553.jpg,6,6,0.643752,0.008767,0.000001,0.000008,0.000027,0.000117,0.039152,0.643752,0.000004,0.304530,0.003639,0.000003,6,20260820-200553,kwh,30.278
C:\Users\josep\source\repos\AIOTED-digital\04_joe_lcd_20x32\6_main_dig6_20260821-074152.jpg,6,6,0.962653,0.000120,0.000000,0.000000,0.000000,0.000000,0.031213,0.962653,0.000000,0.005997,0.000017,0.000000,6,20260821-074152,kwh,27.166
C:\Users\josep\source\repos\AIOTED-digital\04_joe_lcd_20x32\6_main_dig6_20260821-184952.jpg,6,6,1.000000,0.000000,0.000000,0.000000,0.000000,0.000000,0.000000,1.000000,0.000000,0.000000,0.000000,0.000000,6,20260821-184952,kwh,41.908
C:\Users\josep\source\repos\AIOTED-digital\04_joe_lcd_20x32\6_main_dig6_20260821-190152.jpg,6,6,0.999995,0.000000,0.000000,0.000000,0.000000,0.000000,0.000005,0.999995,0.000000,0.000000,0.000000,0.000000,6,20260821-190152,kwh,33.117
C:\Users\josep\source\repos\AIOTED-digital\04_joe_lcd_20x32\6_main_dig6_20260821-190952.jpg,6,6,0.999997,0.000000,0.000000,0.000000,0.000000,0.000000,0.000003,0.999997,0.000000,0.000000,0.000000,0.000000,6,20260821-190952,kwh,33.135
C:\Users\josep\source\repos\AIOTED-digital\04_joe_lcd_20x32\6_main_dig6_20260904-154659.jpg,6,6,1.000000,0.000000,0.000000,0.000000,0.000000,0.000000,0.000000,1.000000,0.000000,0.000000,0.000000,0.000000,6,20260904-154659,kwh,67.672
C:\Users\josep\source\repos\AIOTED-digital\04_joe_lcd_20x32\6_main_dig6_20260920-054928.jpg,6,6,0.999385,0.000000,0.000000,0.000000,0.000000,0.000000,0.000576,0.999385,0.000000,0.000039,0.000000,0.000000,6,20260920-054928,kwh,23.153
C:\Users\josep\source\repos\AIOTED-digital\04_joe_lcd_20x32\6_main_dig6_20260921-233725.jpg,6,6,0.876535,0.001133,0.000000,0.000006,0.000002,0.000001,0.007870,0.876535,0.000000,0.114306,0.000147,0.000001,6,20260921-233725,kwh,26.904
C:\Users\josep\source\repos\AIOTED-digital\04_joe_lcd_20x32\6_main_dig6_20260928-082641.jpg,6,6,0.999996,0.000000,0.000000,0.000000,0.000000,0.000000,0.000004,0.999996,0.000000,0.000000,0.000000,0.000000,6,20260928-082641,kwh,104.769
C:\Users\josep\source\repos\AIOTED-digital\04_joe_lcd_20x32\7_main_dig3_20260806-001615.jpg,7,7,1.000000,0.000000,0.000000,0.000000,0.000000,0.000000,0.000000,0.000000,1.000000,0.000000,0.000000,0.000000,3,20260806-001615,kwh,135.065
C:\Users\josep\source\repos\AIOTED-digital\04_joe_lcd_20x32\7_main_dig3_20260806-005615.jpg,7,7,1.000000,0.000000,0.000000,0.000000,0.000000,0.000000,0.000000,0.000000,1.000000,0.000000,0.000000,0.000000,3,20260806-005615,kwh,137.178
C:\Users\josep\source\repos\AIOTED-digital\04_joe_lcd_20x32\7_main_dig3_20260806-011615.jpg,7,7,1.000000,0.000000,0.000000,0.000000,0.000000,0.000000,0.000000,0.000000,1.000000,0.000000,0.000000,0.000000,3,20260806-011615,kwh,138.097
C:\Users\josep\source\repos\AIOTED-digital\04_joe_lcd_20x32\7_main_dig3_20260806-015615.jpg,7,7,1.000000,0.000000,0.000000,0.000000,0.000000,0.000000,0.000000,0.000000,1.000000,0.000000,0.000000,0.000000,3,20260806-015615,kwh,136.813
C:\Users\josep\source\repos\AIOTED-digital\04_joe_lcd_20x32\7_main_dig3_20260806-030415.jpg,7,7,1.000000,0.000000,0.000000,0.000000,0.000000,0.000000,0.000000,0.000000,1.000000,0.000000,0.000000,0.000000,3,20260806-030415,kwh,134.659
C:\Users\josep\source\repos\AIOTED-digital\04_joe_lcd_20x32\7_main_dig3_20260806-043615.jpg,7,7,1.000000,0.000000,0.000000,0.000000,0.000000,0.000000,0.000000,0.000000,1.000000,0.000000,0.000000,0.000000,3,20260806-043615,kwh,138.076
C:\Users\josep\source\repos\AIOTED-digital\04_joe_lcd_20x32\7_main_dig3_20260806-060415.jpg,7,7,1.000000,0.000000,0.000000,0.000000,0.000000,0.000000,0.000000,0.000000,1.000000,0.000000,0.000000,0.000000,3,20260806-060415,kwh,131.691
C:\Users\josep\source\repos\AIOTED-digital\04_joe_lcd_20x32\7_main_dig3_20260806-062415.jpg,7,7,1.000000,0.000000,0.000000,0.000000,0.000000,0.000000,0.000000,0.000000,1.000000,0.000000,0.000000,0.000000,3,20260806-062415,kwh,128.259
C:\Users\josep\source\repos\AIOTED-digital\04_joe_lcd_20x32\7_main_dig3_20260806-081214.jpg,7,7,1.000000,0.000000,0.000000,0.000000,0.000000,0.000000,0.000000,0.000000,1.000000,0.000000,0.000000,0.000000,3,20260806-081214,kwh,100.871
C:\Users\josep\source\repos\AIOTED-digital\04_joe_lcd_20x32\7_main_dig3_20260806-203213.jpg,7,7,1.000000,0.000000,0.000000,0.000000,0.000000,0.000000,0.000000,0.000000,1.000000,0.000000,0.000000,0.000000,3,20260806-203213,kwh,127.120
C:\Users\josep\source\repos\AIOTED-digital\04_joe_lcd_20x32\7_main_dig3_20260806-204013.jpg,7,7,1.000000,0.000000,0.000000,0.000000,0.000000,0.000000,0.000000,0.000000,1.000000,0.000000,0.000000,0.000000,3,20260806-204013,kwh,127.675
C:\Users\josep\source\repos\AIOTED-digital\04_joe_lcd_20x32\7_main_dig3_20260806-205213.jpg,7,7,1.000000,0.000000,0.000000,0.000000,0.000000,0.000000,0.000000,0.000000,1.000000,0.000000,0.000000,0.000000,3,20260806-205213,kwh,126.614
C:\Users\josep\source\repos\AIOTED-digital\04_joe_lcd_20x32\7_main_dig3_20260806-210813.jpg,7,7,1.000000,0.000000,0.000000,0.000000,0.000000,0.000000,0.000000,0.000000,1.000000,0.000000,0.000001,0.000000,3,20260806-210813,kwh,127.151
C:\Users\josep\source\repos\AIOTED-digital\04_joe_lcd_20x32\7_main_dig3_20260806-214013.jpg,7,7,1.000000,0.000000,0.000000,0.000000,0.000000,0.000000,0.000000,0.000000,1.000000,0.000000,0.000000,0.000000,3,20260806-214013,kwh,127.883
C:\Users\josep\source\repos\AIOTED-digital\04_joe_lcd_20x32\7_main_dig3_20260806-220013.jpg,7,7,1.000000,0.000000,0.000000,0.000000,0.000000,0.000000,0.000000,0.000000,1.000000,0.000000,0.000000,0.000000,3,20260806-220013,kwh,127.154
C:\Users\josep\source\repos\AIOTED-digital\04_joe_lcd_20x32\7_main_dig3_20260806-222813.jpg,7,7,1.000000,0.000000,0.000000,0.000000,0.000000,0.000000,0.000000,0.000000,1.000000,0.000000,0.000000,0.000000,3,20260806-222813,kwh,126.969
C:\Users\josep\source\repos\AIOTED-digital\04_joe_lcd_20x32\7_main_dig4_20260904-004706.jpg,7,7,1.000000,0.000000,0.000000,0.000000,0.000000,0.000000,0.000000,0.000000,1.000000,0.000000,0.000000,0.000000,4,20260904-004706,kwh,71.018
C:\Users\josep\source\repos\AIOTED-digital\04_joe_lcd_20x32\7_main_dig4_20260904-010706.jpg,7,7,1.000000,0.000000,0.000000,0.000000,0.000000,0.000000,0.000000,0.000000,1.000000,0.000000,0.000000,0.000000,4,20260904-010706,kwh,70.148
C:\Users\josep\source\repos\AIOTED-digital\04_joe_lcd_20x32\7_main_dig4_20260904-015506.jpg,7,7,1.000000,0.000000,0.000000,0.000000,0.000000,0.000000,0.000000,0.000000,1.000000,0.000000,0.000000,0.000000,4,20260904-015506,kwh,71.206
C:\Users\josep\source\repos\AIOTED-digital\04_joe_lcd_20x32\7_main_dig4_20260904-034706.jpg,7,7,1.000000,0.000000,0.000000,0.000000,0.000000,0.000000,0.000000,0.000000,1.000000,0.000000,0.000000,0.000000,4,20260904-034706,kwh,70.805
C:\Users\josep\source\repos\AIOTED-digital\04_joe_lcd_20x32\7_main_dig4_20260904-045506.jpg,7,7,1.000000,0.000000,0.000000,0.000000,0.000000,0.000000,0.000000,0.000000,1.000000,0.000000,0.000000,0.000000,4,20260904-045506,kwh,71.005
C:\Users\josep\source\repos\AIOTED-digital\04_joe_lcd_20x32\7_main_dig4_20260904-070306.jpg,7,7,1.000000,0.000000,0.000000,0.000000,0.000000,0.000000,0.000000,0.000000,1.000000,0.000000,0.000000,0.000000,4,20260904-070306,kwh,69.624
C:\Users\josep\source\repos\AIOTED-digital\04_joe_lcd_20x32\7_main_dig4_20260904-070706.jpg,7,7,1.000000,0.000000,0.000000,0.000000,0.000000,0.000000,0.000000,0.000000,1.000000,0.000000,0.000000,0.000000,4,20260904-070706,kwh,70.204
C:\Users\josep\source\repos\AIOTED-digital\04_joe_lcd_20x32\7_main_dig4_20260904-071506.jpg,7,7,1.000000,0.000000,0.000000,0.000000,0.000000,0.000000,0.000000,0.000000,1.000000,0.000000,0.000000,0.000000,4,20260904-071506,kwh,68.921
C:\Users\josep\source\repos\AIOTED-digital\04_joe_lcd_20x32\7_main_dig4_20260904-091506.jpg,7,7,0.997598,0.000000,0.002402,0.000000,0.000000,0.000000,0.000000,0.000000,0.997598,0.000000,0.000000,0.000000,4,20260904-091506,kwh,64.990
C:\Users\josep\source\repos\AIOTED-digital\04_joe_lcd_20x32\7_main_dig4_20260904-092306.jpg,7,7,0.993104,0.000000,0.006896,0.000000,0.000000,0.000000,0.000000,0.000000,0.993104,0.000000,0.000000,0.000000,4,20260904-092306,kwh,64.937
C:\Users\josep\source\repos\AIOTED-digital\04_joe_lcd_20x32\7_main_dig4_20260904-093505.jpg,7,7,0.997769,0.000000,0.002231,0.000000,0.000000,0.000000,0.000000,0.000000,0.997769,0.000000,0.000000,0.000000,4,20260904-093505,kwh,64.995
C:\Users\josep\source\repos\AIOTED-digital\04_joe_lcd_20x32\7_main_dig4_20260904-094305.jpg,7,7,0.999996,0.000000,0.000004,0.000000,0.000000,0.000000,0.000000,0.000000,0.999996,0.000000,0.000000,0.000000,4,20260904-094305,kwh,63.054
C:\Users\josep\source\repos\AIOTED-digital\04_joe_lcd_20x32\7_main_dig4_20260904-100305.jpg,7,7,0.999997,0.000000,0.000002,0.000000,0.000000,0.000000,0.000000,0.000000,0.999997,0.000000,0.000000,0.000000,4,20260904-100305,kwh,72.330
C:\Users\josep\source\repos\AIOTED-digital\04_joe_lcd_20x32\7_main_dig4_20260904-102305.jpg,7,7,0.999998,0.000000,0.000002,0.000000,0.000000,0.000000,0.000000,0.000000,0.999998,0.000000,0.000000,0.000000,4,20260904-102305,kwh,73.282
C:\Users\josep\source\repos\AIOTED-digital\04_joe_lcd_20x32\7_main_dig4_20260904-125459.jpg,7,7,1.000000,0.000000,0.000000,0.000000,0.000000,0.000000,0.000000,0.000000,1.000000,0.000000,0.000000,0.000000,4,20260904-125459,kwh,86.972
C:\Users\josep\source\repos\AIOTED-digital\04_joe_lcd_20x32\7_main_dig4_20260904-131459.jpg,7,7,1.000000,0.000000,0.000000,0.000000,0.000000,0.000000,0.000000,0.000000,1.000000,0.000000,0.000000,0.000000,4,20260904-131459,kwh,76.751
C:\Users\josep\source\repos\AIOTED-digital\04_joe_lcd_20x32\7_main_dig4_20260904-132659.jpg,7,7,1.000000,0.000000,0.000000,0.000000,0.000000,0.000000,0.000000,0.000000,1.000000,0.000000,0.000000,0.000000,4,20260904-132659,kwh,77.651
C:\Users\josep\source\repos\AIOTED-digital\04_joe_lcd_20x32\7_main_dig4_20260904-143459.jpg,7,7,1.000000,0.000000,0.000000,0.000000,0.000000,0.000000,0.000000,0.000000,1.000000,0.000000,0.000000,0.000000,4,20260904-143459,kwh,75.698
C:\Users\josep\source\repos\AIOTED-digital\04_joe_lcd_20x32\7_main_dig4_20260904-144659.jpg,7,7,1.000000,0.000000,0.000000,0.000000,0.000000,0.000000,0.000000,0.000000,1.000000,0.000000,0.000000,0.000000,4,20260904-144659,kwh,71.310
C:\Users\josep\source\repos\AIOTED-digital\04_joe_lcd_20x32\7_main_dig4_20260904-150659.jpg,7,7,1.000000,0.000000,0.000000,0.000000,0.000000,0.000000,0.000000,0.000000,1.000000,0.000000,0.000000,0.000000,4,20260904-150659,kwh,74.894
C:\Users\josep\source\repos\AIOTED-digital\04_joe_lcd_20x32\7_main_dig4_20260904-151459.jpg,7,7,1.000000,0.000000,0.000000,0.000000,0.000000,0.000000,0.000000,0.000000,1.000000,0.000000,0.000000,0.000000,4,20260904-151459,kwh,75.645
C:\Users\josep\source\repos\AIOTED-digital\04_joe_lcd_20x32\7_main_dig4_20260904-152659.jpg,7,7,1.000000,0.000000,0.000000,0.000000,0.000000,0.000000,0.000000,0.000000,1.000000,0.000000,0.000000,0.000000,4,20260904-152659,kwh,70.868
C:\Users\josep\source\repos\AIOTED-digital\04_joe_lcd_20x32\7_main_dig4_20260904-153459.jpg,7,7,1.000000,0.000000,0.000000,0.000000,0.000000,0.000000,0.000000,0.000000,1.000000,0.000000,0.000000,0.000000,4,20260904-153459,kwh,68.155
C:\Users\josep\source\repos\AIOTED-digital\04_joe_lcd_20x32\7_main_dig4_20260904-161459.jpg,7,7,1.000000,0.000000,0.000000,0.000000,0.000000,0.000000,0.000000,0.000000,1.000000,0.000000,0.000000,0.000000,4,20260904-161459,kwh,65.839
C:\Users\josep\source\repos\AIOTED-digital\04_joe_lcd_20x32\7_main_dig4_20260904-162659.jpg,7,7,1.000000,0.000000,0.000000,0.000000,0.000000,0.000000,0.000000,0.000000,1.000000,0.000000,0.000000,0.000000,4,20260904-162659,kwh,63.884
C:\Users\josep\source\repos\AIOTED-digital\04_joe_lcd_20x32\7_main_dig4_20260904-163459.jpg,7,7,1.000000,0.000000,0.000000,0.000000,0.000000,0.000000,0.000000,0.000000,1.000000,0.000000,0.000000,0.000000,4,20260904-163459,kwh,63.021
C:\Users\josep\source\repos\AIOTED-digital\04_joe_lcd_20x32\7_main_dig4_20260904-170659.jpg,7,7,1.000000,0.000000,0.000000,0.000000,0.000000,0.000000,0.000000,0.000000,1.000000,0.000000,0.000000,0.000000,4,20260904-170659,kwh,62.660
C:\Users\josep\source\repos\AIOTED-digital\04_joe_lcd_20x32\7_main_dig4_20260904-171459.jpg,7,7,1.000000,0.000000,0.000000,0.000000,0.000000,0.000000,0.000000,0.000000,1.000000,0.000000,0.000000,0.000000,4,20260904-171459,kwh,61.168
C:\Users\josep\source\repos\AIOTED-digital\04_joe_lcd_20x32\7_main_dig4_20260904-172659.jpg,7,7,1.000000,0.000000,0.000000,0.000000,0.000000,0.000000,0.000000,0.000000,1.000000,0.000000,0.000000,0.000000,4,20260904-172659,kwh,61.309
C:\Users\josep\source\repos\AIOTED-digital\04_joe_lcd_20x32\7_main_dig4_20260904-173459.jpg,7,7,1.000000,0.000000,0.000000,0.000000,0.000000,0.000000,0.000000,0.000000,1.000000,0.000000,0.000000,0.000000,4,20260904-173459,kwh,62.885
C:\Users\josep\source\repos\AIOTED-digital\04_joe_lcd_20x32\7_main_dig4_20260904-175459.jpg,7,7,1.000000,0.000000,0.000000,0.000000,0.000000,0.000000,0.000000,0.000000,1.000000,0.000000,0.000000,0.000000,4,20260904-175459,kwh,60.639
C:\Users\josep\source\repos\AIOTED-digital\04_joe_lcd_20x32\7_main_dig4_20260904-180659.jpg,7,7,1.000000,0.000000,0.000000,0.000000,0.000000,0.000000,0.000000,0.000000,1.000000,0.000000,0.000000,0.000000,4,20260904-180659,kwh,60.008
C:\Users\josep\source\repos\AIOTED-digital\04_joe_lcd_20x32\7_main_dig4_20260904-181459.jpg,7,7,0.999997,0.000000,0.000003,0.000000,0.000000,0.000000,0.000000,0.000000,0.999997,0.000000,0.000000,0.000000,4,20260904-181459,kwh,60.668
C:\Users\josep\source\repos\AIOTED-digital\04_joe_lcd_20x32\7_main_dig4_20260904-182659.jpg,7,7,0.999999,0.000000,0.000001,0.000000,0.000000,0.000000,0.000000,0.000000,0.999999,0.000000,0.000000,0.000000,4,20260904-182659,kwh,59.042
C:\Users\josep\source\repos\AIOTED-digital\04_joe_lcd_20x32\7_main_dig4_20260904-183459.jpg,7,7,1.000000,0.000000,0.000000,0.000000,0.000000,0.000000,0.000000,0.000000,1.000000,0.000000,0.000000,0.000000,4,20260904-183459,kwh,59.979
C:\Users\josep\source\repos\AIOTED-digital\04_joe_lcd_20x32\7_main_dig4_20260904-184259.jpg,7,7,0.999999,0.000000,0.000001,0.000000,0.000000,0.000000,0.000000,0.000000,0.999999,0.000000,0.000000,0.000000,4,20260904-184259,kwh,60.105
C:\Users\josep\source\repos\AIOTED-digital\04_joe_lcd_20x32\7_main_dig4_20260904-184659.jpg,7,7,1.000000,0.000000,0.000000,0.000000,0.000000,0.000000,0.000000,0.000000,1.000000,0.000000,0.000000,0.000000,4,20260904-184659,kwh,60.643
C:\Users\josep\source\repos\AIOTED-digital\04_joe_lcd_20x32\7_main_dig4_20260904-185459.jpg,7,7,1.000000,0.000000,0.000000,0.000000,0.000000,0.000000,0.000000,0.000000,1.000000,0.000000,0.000000,0.000000,4,20260904-185459,kwh,61.003
C:\Users\josep\source\repos\AIOTED-digital\04_joe_lcd_20x32\7_main_dig4_20260904-190259.jpg,7,7,1.000000,0.000000,0.000000,0.000000,0.000000,0.000000,0.000000,0.000000,1.000000,0.000000,0.000000,0.000000,4,20260904-190259,kwh,63.921
C:\Users\josep\source\repos\AIOTED-digital\04_joe_lcd_20x32\7_main_dig4_20260904-190659.jpg,7,7,1.000000,0.000000,0.000000,0.000000,0.000000,0.000000,0.000000,0.000000,1.000000,0.000000,0.000000,0.000000,4,20260904-190659,kwh,62.961
C:\Users\josep\source\repos\AIOTED-digital\04_joe_lcd_20x32\7_main_dig4_20260904-192258.jpg,7,7,1.000000,0.000000,0.000000,0.000000,0.000000,0.000000,0.000000,0.000000,1.000000,0.000000,0.000000,0.000000,4,20260904-192258,kwh,63.269
C:\Users\josep\source\repos\AIOTED-digital\04_joe_lcd_20x32\7_main_dig4_20260904-194258.jpg,7,7,1.000000,0.000000,0.000000,0.000000,0.000000,0.000000,0.000000,0.000000,1.000000,0.000000,0.000000,0.000000,4,20260904-194258,kwh,63.854
C:\Users\josep\source\repos\AIOTED-digital\04_joe_lcd_20x32\7_main_dig4_20260904-200258.jpg,7,7,1.000000,0.000000,0.000000,0.000000,0.000000,0.000000,0.000000,0.000000,1.000000,0.000000,0.000000,0.000000,4,20260904-200258,kwh,63.061
C:\Users\josep\source\repos\AIOTED-digital\04_joe_lcd_20x32\7_main_dig4_20260904-203458.jpg,7,7,1.000000,0.000000,0.000000,0.000000,0.000000,0.000000,0.000000,0.000000,1.000000,0.000000,0.000000,0.000000,4,20260904-203458,kwh,63.326
C:\Users\josep\source\repos\AIOTED-digital\04_joe_lcd_20x32\7_main_dig4_20260904-213458.jpg,7,7,1.000000,0.000000,0.000000,0.000000,0.000000,0.000000,0.000000,0.000000,1.000000,0.000000,0.000000,0.000000,4,20260904-213458,kwh,63.691
C:\Users\josep\source\repos\AIOTED-digital\04_joe_lcd_20x32\7_main_dig4_20260904-222258.jpg,7,7,1.000000,0.000000,0.000000,0.000000,0.000000,0.000000,0.000000,0.000000,1.000000,0.000000,0.000000,0.000000,4,20260904-222258,kwh,64.242
C:\Users\josep\source\repos\AIOTED-digital\04_joe_lcd_20x32\7_main_dig4_20260904-230258.jpg,7,7,1.000000,0.000000,0.000000,0.000000,0.000000,0.000000,0.000000,0.000000,1.000000,0.000000,0.000000,0.000000,4,20260904-230258,kwh,63.758
C:\Users\josep\source\repos\AIOTED-digital\04_joe_lcd_20x32\7_main_dig4_20260904-231458.jpg,7,7,1.000000,0.000000,0.000000,0.000000,0.000000,0.000000,0.000000,0.000000,1.000000,0.000000,0.000000,0.000000,4,20260904-231458,kwh,62.985
C:\Users\josep\source\repos\AIOTED-digital\04_joe_lcd_20x32\7_main_dig4_20260904-233458.jpg,7,7,1.000000,0.000000,0.000000,0.000000,0.000000,0.000000,0.000000,0.000000,1.000000,0.000000,0.000000,0.000000,4,20260904-233458,kwh,63.881
C:\Users\josep\source\repos\AIOTED-digital\04_joe_lcd_20x32\7_main_dig5_20260806-164014.jpg,7,7,1.000000,0.000000,0.000000,0.000000,0.000000,0.000000,0.000000,0.000000,1.000000,0.000000,0.000000,0.000000,5,20260806-164014,kwh,57.153
C:\Users\josep\source\repos\AIOTED-digital\04_joe_lcd_20x32\7_main_dig5_20260806-171214.jpg,7,7,1.000000,0.000000,0.000000,0.000000,0.000000,0.000000,0.000000,0.000000,1.000000,0.000000,0.000000,0.000000,5,20260806-171214,kwh,59.385
C:\Users\josep\source\repos\AIOTED-digital\04_joe_lcd_20x32\7_main_dig5_20260806-174014.jpg,7,7,1.000000,0.000000,0.000000,0.000000,0.000000,0.000000,0.000000,0.000000,1.000000,0.000000,0.000000,0.000000,5,20260806-174014,kwh,53.132
C:\Users\josep\source\repos\AIOTED-digital\04_joe_lcd_20x32\7_main_dig5_20260806-181214.jpg,7,7,1.000000,0.000000,0.000000,0.000000,0.000000,0.000000,0.000000,0.000000,1.000000,0.000000,0.000000,0.000000,5,20260806-181214,kwh,56.011
C:\Users\josep\source\repos\AIOTED-digital\04_joe_lcd_20x32\7_main_dig5_20260806-190013.jpg,7,7,0.999998,0.000000,0.000000,0.000000,0.000002,0.000000,0.000000,0.000000,0.999998,0.000000,0.000000,0.000000,5,20260806-190013,kwh,54.217
C:\Users\josep\source\repos\AIOTED-digital\04_joe_lcd_20x32\7_main_dig5_20260806-192013.jpg,7,7,0.999693,0.000000,0.000000,0.000000,0.000307,0.000000,0.000000,0.000000,0.999693,0.000000,0.000000,0.000000,5,20260806-192013,kwh,53.261
C:\Users\josep\source\repos\AIOTED-digital\04_joe_lcd_20x32\7_main_dig5_20260806-193213.jpg,7,7,0.998425,0.000000,0.000000,0.000004,0.001571,0.000000,0.000000,0.000000,0.998425,0.000000,0.000000,0.000000,5,20260806-193213,kwh,54.211
C:\Users\josep\source\repos\AIOTED-digital\04_joe_lcd_20x32\7_main_dig5_20260806-194014.jpg,7,7,0.996933,0.000000,0.000000,0.000016,0.003052,0.000000,0.000000,0.000000,0.996933,0.000000,0.000000,0.000000,5,20260806-194014,kwh,55.866
C:\Users\josep\source\repos\AIOTED-digital\04_joe_lcd_20x32\7_main_dig5_20260806-195213.jpg,7,7,0.995433,0.000000,0.000000,0.000287,0.004280,0.000000,0.000000,0.000000,0.995433,0.000000,0.000000,0.000000,5,20260806-195213,kwh,57.627
C:\Users\josep\source\repos\AIOTED-digital\04_joe_lcd_20x32\7_main_dig5_20260806-200013.jpg,7,7,0.992896,0.000000,0.000000,0.000453,0.006650,0.000000,0.000000,0.000000,0.992896,0.000000,0.000000,0.000000,5,20260806-200013,kwh,59.446
C:\Users\josep\source\repos\AIOTED-digital\04_joe_lcd_20x32\7_main_dig5_20260806-201213.jpg,7,7,0.992345,0.000000,0.000000,0.001198,0.006457,0.000000,0.000000,0.000000,0.992345,0.000000,0.000000,0.000000,5,20260806-201213,kwh,63.716
C:\Users\josep\source\repos\AIOTED-digital\04_joe_lcd_20x32\7_main_dig5_20260806-203213.jpg,7,7,0.976411,0.000000,0.000000,0.014713,0.008876,0.000000,0.000000,0.000000,0.976411,0.000000,0.000000,0.000000,5,20260806-203213,kwh,62.657
C:\Users\josep\source\repos\AIOTED-digital\04_joe_lcd_20x32\7_main_dig5_20260806-204013.jpg,7,7,0.987722,0.000000,0.000000,0.004376,0.007902,0.000000,0.000000,0.000000,0.987722,0.000000,0.000000,0.000000,5,20260806-204013,kwh,63.435
C:\Users\josep\source\repos\AIOTED-digital\04_joe_lcd_20x32\7_main_dig5_20260806-204813.jpg,7,7,0.975683,0.000000,0.000000,0.011408,0.012909,0.000000,0.000000,0.000000,0.975683,0.000000,0.000000,0.000000,5,20260806-204813,kwh,64.034
C:\Users\josep\source\repos\AIOTED-digital\04_joe_lcd_20x32\7_main_dig5_20260806-205213.jpg,7,7,0.976036,0.000000,0.000000,0.008968,0.014996,0.000000,0.000000,0.000000,0.976036,0.000000,0.000000,0.000000,5,20260806-205213,kwh,63.086
C:\Users\josep\source\repos\AIOTED-digital\04_joe_lcd_20x32\7_main_dig5_20260820-032155.jpg,7,7,0.961148,0.000000,0.000001,0.000120,0.038731,0.000000,0.000000,0.000000,0.961148,0.000000,0.000000,0.000000,5,20260820-032155,kwh,63.890
C:\Users\josep\source\repos\AIOTED-digital\04_joe_lcd_20x32\7_main_dig5_20260820-052155.jpg,7,7,0.984844,0.000000,0.000001,0.000032,0.015124,0.000000,0.000000,0.000000,0.984844,0.000000,0.000000,0.000000,5,20260820-052155,kwh,64.039
C:\Users\josep\source\repos\AIOTED-digital\04_joe_lcd_20x32\7_main_dig5_20260820-054155.jpg,7,7,0.948555,0.000000,0.000000,0.000078,0.051366,0.000000,0.000000,0.000000,0.948555,0.000000,0.000000,0.000000,5,20260820-054155,kwh,63.543
C:\Users\josep\source\repos\AIOTED-digital\04_joe_lcd_20x32\7_main_dig5_20260820-062154.jpg,7,7,0.990112,0.000000,0.000000,0.000004,0.009884,0.000000,0.000000,0.000000,0.990112,0.000000,0.000000,0.000000,5,20260820-062154,kwh,58.242
C:\Users\josep\source\repos\AIOTED-digital\04_joe_lcd_20x32\7_main_dig5_20260820-063754.jpg,7,7,0.999159,0.000000,0.000000,0.000000,0.000841,0.000000,0.000000,0.000000,0.999159,0.000000,0.000000,0.000000,5,20260820-063754,kwh,55.979
C:\Users\josep\source\repos\AIOTED-digital\04_joe_lcd_20x32\7_main_dig5_20260820-064954.jpg,7,7,0.999827,0.000000,0.000000,0.000000,0.000173,0.000000,0.000000,0.000000,0.999827,0.000000,0.000000,0.000000,5,20260820-064954,kwh,54.093
C:\Users\josep\source\repos\AIOTED-digital\04_joe_lcd_20x32\7_main_dig5_20260820-065754.jpg,7,7,0.999935,0.000000,0.000000,0.000000,0.000065,0.000000,0.000000,0.000000,0.999935,0.000000,0.000000,0.000000,5,20260820-065754,kwh,53.458
C:\Users\josep\source\repos\AIOTED-digital\04_joe_lcd_20x32\7_main_dig5_20260820-072954.jpg,7,7,1.000000,0.000000,0.000000,0.000000,0.000000,0.000000,0.000000,0.000000,1.000000,0.000000,0.000000,0.000000,5,20260820-072954,kwh,54.108
C:\Users\josep\source\repos\AIOTED-digital\04_joe_lcd_20x32\7_main_dig5_20260820-074954.jpg,7,7,1.000000,0.000000,0.000000,0.000000,0.000000,0.000000,0.000000,0.000000,1.000000,0.000000,0.000000,0.000000,5,20260820-074954,kwh,52.344
C:\Users\josep\source\repos\AIOTED-digital\04_joe_lcd_20x32\7_main_dig5_20260924-001350.jpg,7,7,0.958586,0.000000,0.000026,0.000290,0.041097,0.000000,0.000000,0.000000,0.958586,0.000000,0.000000,0.000000,5,20260924-001350,kwh,56.634
C:\Users\josep\source\repos\AIOTED-digital\04_joe_lcd_20x32\7_main_dig5_20260924-003350.jpg,7,7,0.969542,0.000004,0.000649,0.000191,0.029596,0.000000,0.000000,0.000000,0.969542,0.000001,0.000013,0.000003,5,20260924-003350,kwh,57.618
C:\Users\josep\source\repos\AIOTED-digital\04_joe_lcd_20x32\7_main_dig5_20260924-005350.jpg,7,7,0.934596,0.000014,0.001003,0.000507,0.063832,0.000001,0.000000,0.000000,0.934596,0.000007,0.000034,0.000006,5,20260924-005350,kwh,57.594
C:\Users\josep\source\repos\AIOTED-digital\04_joe_lcd_20x32\7_main_dig5_20260924-015350.jpg,7,7,0.978049,0.000001,0.000098,0.000136,0.021715,0.000000,0.000000,0.000000,0.978049,0.000000,0.000001,0.000001,5,20260924-015350,kwh,58.053
C:\Users\josep\source\repos\AIOTED-digital\04_joe_lcd_20x32\7_main_dig5_20260924-021350.jpg,7,7,0.981023,0.000008,0.000440,0.000168,0.018349,0.000000,0.000000,0.000000,0.981023,0.000002,0.000010,0.000001,5,20260924-021350,kwh,57.130
C:\Users\josep\source\repos\AIOTED-digital\04_joe_lcd_20x32\7_main_dig5_20260924-022550.jpg,7,7,0.957023,0.000023,0.001622,0.000451,0.040817,0.000002,0.000000,0.000000,0.957023,0.000007,0.000048,0.000006,5,20260924-022550,kwh,56.426
C:\Users\josep\source\repos\AIOTED-digital\04_joe_lcd_20x32\7_main_dig5_20260924-024550.jpg,7,7,0.887260,0.000033,0.002247,0.000747,0.109528,0.000007,0.000000,0.000000,0.887260,0.000020,0.000143,0.000015,5,20260924-024550,kwh,56.328
C:\Users\josep\source\repos\AIOTED-digital\04_joe_lcd_20x32\7_main_dig5_20260928-143440.jpg,7,7,0.999964,0.000000,0.000036,0.000000,0.000001,0.000000,0.000000,0.000000,0.999964,0.000000,0.000000,0.000000,5,20260928-143440,kwh,67.901
C:\Users\josep\source\repos\AIOTED-digital\04_joe_lcd_20x32\7_main_dig5_20260928-145440.jpg,7,7,0.999997,0.000000,0.000000,0.000000,0.000002,0.000000,0.000000,0.000000,0.999997,0.000000,0.000000,0.000000,5,20260928-145440,kwh,62.890
C:\Users\josep\source\repos\AIOTED-digital\04_joe_lcd_20x32\7_main_dig5_20260928-150240.jpg,7,7,0.999997,0.000000,0.000001,0.000000,0.000002,0.000000,0.000000,0.000000,0.999997,0.000000,0.000000,0.000000,5,20260928-150240,kwh,65.086
C:\Users\josep\source\repos\AIOTED-digital\04_joe_lcd_20x32\7_main_dig5_20260928-153440.jpg,7,7,1.000000,0.000000,0.000000,0.000000,0.000000,0.000000,0.000000,0.000000,1.000000,0.000000,0.000000,0.000000,5,20260928-153440,kwh,54.779
C:\Users\josep\source\repos\AIOTED-digital\04_joe_lcd_20x32\7_main_dig5_20260928-155440.jpg,7,7,0.999998,0.000000,0.000000,0.000000,0.000002,0.000000,0.000000,0.000000,0.999998,0.000000,0.000000,0.000000,5,20260928-155440,kwh,50.544
C:\Users\josep\source\repos\AIOTED-digital\04_joe_lcd_20x32\7_main_dig5_20260928-160240.jpg,7,7,0.999996,0.000000,0.000000,0.000000,0.000004,0.000000,0.000000,0.000000,0.999996,0.000000,0.000000,0.000000,5,20260928-160240,kwh,50.112
C:\Users\josep\source\repos\AIOTED-digital\04_joe_lcd_20x32\7_main_dig5_20260928-164240.jpg,7,7,0.999997,0.000000,0.000000,0.000000,0.000003,0.000000,0.000000,0.000000,0.999997,0.000000,0.000000,0.000000,5,20260928-164240,kwh,49.985
C:\Users\josep\source\repos\AIOTED-digital\04_joe_lcd_20x32\7_main_dig5_20260928-173440.jpg,7,7,0.999803,0.000000,0.000009,0.000000,0.000188,0.000000,0.000000,0.000000,0.999803,0.000000,0.000000,0.000000,5,20260928-173440,kwh,53.935
C:\Users\josep\source\repos\AIOTED-digital\04_joe_lcd_20x32\7_main_dig5_20260928-175040.jpg,7,7,0.999243,0.000000,0.000002,0.000000,0.000755,0.000000,0.000000,0.000000,0.999243,0.000000,0.000000,0.000000,5,20260928-175040,kwh,51.993
C:\Users\josep\source\repos\AIOTED-digital\04_joe_lcd_20x32\7_main_dig5_20260928-191040.jpg,7,7,0.955445,0.000000,0.000053,0.000165,0.044336,0.000000,0.000000,0.000000,0.955445,0.000000,0.000001,0.000000,5,20260928-191040,kwh,60.251
C:\Users\josep\source\repos\AIOTED-digital\04_joe_lcd_20x32\7_main_dig5_20260928-210240.jpg,7,7,0.986644,0.000000,0.000167,0.000027,0.013160,0.000000,0.000000,0.000000,0.986644,0.000000,0.000001,0.000000,5,20260928-210240,kwh,58.587
C:\Users\josep\source\repos\AIOTED-digital\04_joe_lcd_20x32\7_main_dig5_20260928-214240.jpg,7,7,0.989647,0.000001,0.000136,0.000034,0.010181,0.000000,0.000000,0.000000,0.989647,0.000000,0.000001,0.000000,5,20260928-214240,kwh,58.271
C:\Users\josep\source\repos\AIOTED-digital\04_joe_lcd_20x32\7_main_dig5_20260928-215040.jpg,7,7,0.960797,0.000000,0.000072,0.000031,0.039098,0.000000,0.000000,0.000000,0.960797,0.000000,0.000002,0.000000,5,20260928-215040,kwh,60.230
C:\Users\josep\source\repos\AIOTED-digital\04_joe_lcd_20x32\7_main_dig5_20260928-220240.jpg,7,7,0.986189,0.000001,0.000624,0.000079,0.013105,0.000000,0.000000,0.000000,0.986189,0.000000,0.000002,0.000001,5,20260928-220240,kwh,57.834
C:\Users\josep\source\repos\AIOTED-digital\04_joe_lcd_20x32\7_main_dig5_20260928-221040.jpg,7,7,0.983345,0.000002,0.000286,0.000055,0.016307,0.000000,0.000000,0.000000,0.983345,0.000001,0.000004,0.000000,5,20260928-221040,kwh,59.390
C:\Users\josep\source\repos\AIOTED-digital\04_joe_lcd_20x32\7_main_dig6_20260806-103214.jpg,7,7,0.999661,0.000000,0.000339,0.000000,0.000000,0.000000,0.000000,0.000000,0.999661,0.000000,0.000000,0.000000,6,20260806-103214,kwh,51.398
C:\Users\josep\source\repos\AIOTED-digital\04_joe_lcd_20x32\7_main_dig6_20260806-192013.jpg,7,7,1.000000,0.000000,0.000000,0.000000,0.000000,0.000000,0.000000,0.000000,1.000000,0.000000,0.000000,0.000000,6,20260806-192013,kwh,30.082
C:\Users\josep\source\repos\AIOTED-digital\04_joe_lcd_20x32\7_main_dig6_20260806-193213.jpg,7,7,0.999970,0.000000,0.000000,0.000000,0.000030,0.000000,0.000000,0.000000,0.999970,0.000000,0.000000,0.000000,6,20260806-193213,kwh,28.419
C:\Users\josep\source\repos\AIOTED-digital\04_joe_lcd_20x32\7_main_dig6_20260820-070954.jpg,7,7,1.000000,0.000000,0.000000,0.000000,0.000000,0.000000,0.000000,0.000000,1.000000,0.000000,0.000000,0.000000,6,20260820-070954,kwh,39.933
C:\Users\josep\source\repos\AIOTED-digital\04_joe_lcd_20x32\7_main_dig6_20260820-131754.jpg,7,7,1.000000,0.000000,0.000000,0.000000,0.000000,0.000000,0.000000,0.000000,1.000000,0.000000,0.000000,0.000000,6,20260820-131754,kwh,71.865
C:\Users\josep\source\repos\AIOTED-digital\04_joe_lcd_20x32\7_main_dig6_20260820-213753.jpg,7,7,0.613063,0.000453,0.001207,0.012871,0.371640,0.000019,0.000007,0.000001,0.613063,0.000154,0.000541,0.000043,6,20260820-213753,kwh,28.797
C:\Users\josep\source\repos\AIOTED-digital\04_joe_lcd_20x32\7_main_dig6_20260821-080152.jpg,7,3,0.683860,0.000014,0.000021,0.001266,0.683860,0.000000,0.000000,0.000000,0.314809,0.000010,0.000019,0.000000,6,20260821-080152,kwh,28.844
C:\Users\josep\source\repos\AIOTED-digital\04_joe_lcd_20x32\7_main_dig6_20260821-142152.jpg,7,7,1.000000,0.000000,0.000000,0.000000,0.000000,0.000000,0.000000,0.000000,1.000000,0.000000,0.000000,0.000000,6,20260821-142152,kwh,68.846
C:\Users\josep\source\repos\AIOTED-digital\04_joe_lcd_20x32\7_main_dig6_20260904-070306.jpg,7,7,0.529827,0.000280,0.021706,0.039731,0.407826,0.000005,0.000002,0.000001,0.529827,0.000447,0.000168,0.000006,6,20260904-070306,kwh,24.965
C:\Users\josep\source\repos\AIOTED-digital\04_joe_lcd_20x32\7_main_dig6_20260904-070706.jpg,7,3,0.659783,0.000219,0.004457,0.197139,0.659783,0.000016,0.000005,0.000005,0.135950,0.001745,0.000660,0.000021,6,20260904-070706,kwh,25.805
C:\Users\josep\source\repos\AIOTED-digital\04_joe_lcd_20x32\7_main_dig6_20260904-160659.jpg,7,7,1.000000,0.000000,0.000000,0.000000,0.000000,0.000000,0.000000,0.000000,1.000000,0.000000,0.000000,0.000000,6,20260904-160659,kwh,56.824
C:\Users\josep\source\repos\AIOTED-digital\04_joe_lcd_20x32\7_main_dig6_20260912-012828.jpg,7,3,0.891025,0.000053,0.003763,0.047741,0.891025,0.000037,0.000018,0.000010,0.056498,0.000352,0.000447,0.000056,6,20260912-012828,kwh,26.959
C:\Users\josep\source\repos\AIOTED-digital\04_joe_lcd_20x32\7_main_dig6_20260912-022028.jpg,7,3,0.844371,0.000370,0.011580,0.030160,0.844371,0.000035,0.000035,0.000024,0.111843,0.001001,0.000541,0.000040,6,20260912-022028,kwh,26.795
C:\Users\josep\source\repos\AIOTED-digital\04_joe_lcd_20x32\7_main_dig6_20260912-113627.jpg,7,7,1.000000,0.000000,0.000000,0.000000,0.000000,0.000000,0.000000,0.000000,1.000000,0.000000,0.000000,0.000000,6,20260912-113627,kwh,62.159
C:\Users\josep\source\repos\AIOTED-digital\04_joe_lcd_20x32\7_main_dig6_20260912-114827.jpg,7,7,1.000000,0.000000,0.000000,0.000000,0.000000,0.000000,0.000000,0.000000,1.000000,0.000000,0.000000,0.000000,6,20260912-114827,kwh,42.162
C:\Users\josep\source\repos\AIOTED-digital\04_joe_lcd_20x32\7_main_dig6_20260912-120827.jpg,7,7,0.999997,0.000000,0.000000,0.000000,0.000003,0.000000,0.000000,0.000000,0.999997,0.000000,0.000000,0.000000,6,20260912-120827,kwh,31.327
C:\Users\josep\source\repos\AIOTED-digital\04_joe_lcd_20x32\7_main_dig6_20260912-170058.jpg,7,7,1.000000,0.000000,0.000000,0.000000,0.000000,0.000000,0.000000,0.000000,1.000000,0.000000,0.000000,0.000000,6,20260912-170058,kwh,38.815
C:\Users\josep\source\repos\AIOTED-digital\04_joe_lcd_20x32\7_main_dig6_20260920-064928.jpg,7,3,0.704659,0.000025,0.000249,0.000277,0.704659,0.000000,0.000000,0.000000,0.294720,0.000026,0.000043,0.000000,6,20260920-064928,kwh,19.370
C:\Users\josep\source\repos\AIOTED-digital\04_joe_lcd_20x32\7_main_dig6_20260920-071728.jpg,7,7,0.998280,0.000000,0.000001,0.000000,0.001719,0.000000,0.000000,0.000000,0.998280,0.000000,0.000000,0.000000,6,20260920-071728,kwh,22.805
C:\Users\josep\source\repos\AIOTED-digital\04_joe_lcd_20x32\7_main_dig6_20260920-164527.jpg,7,7,1.000000,0.000000,0.000000,0.000000,0.000000,0.000000,0.000000,0.000000,1.000000,0.000000,0.000000,0.000000,6,20260920-164527,kwh,42.036
C:\Users\josep\source\repos\AIOTED-digital\04_joe_lcd_20x32\7_main_dig6_20260921-052526.jpg,7,3,0.540264,0.002750,0.047852,0.112668,0.540264,0.000472,0.000188,0.000196,0.287537,0.004937,0.002519,0.000617,6,20260921-052526,kwh,26.784
C:\Users\josep\source\repos\AIOTED-digital\04_joe_lcd_20x32\7_main_dig6_20260921-054526.jpg,7,3,0.585711,0.000491,0.009106,0.007392,0.585711,0.000065,0.000008,0.000003,0.395831,0.000499,0.000861,0.000033,6,20260921-054526,kwh,22.032
C:\Users\josep\source\repos\AIOTED-digital\04_joe_lcd_20x32\7_main_dig6_20260921-144125.jpg,7,7,1.000000,0.000000,0.000000,0.000000,0.000000,0.000000,0.000000,0.000000,1.000000,0.000000,0.000000,0.000000,6,20260921-144125,kwh,43.178
C:\Users\josep\source\repos\AIOTED-digital\04_joe_lcd_20x32\7_main_dig6_20260924-000550.jpg,7,3,0.727771,0.000273,0.024703,0.023943,0.727771,0.000105,0.000032,0.000013,0.222000,0.000438,0.000600,0.000122,6,20260924-000550,kwh,25.314
C:\Users\josep\source\repos\AIOTED-digital\04_joe_lcd_20x32\7_main_dig6_20260924-121819.jpg,7,7,1.000000,0.000000,0.000000,0.000000,0.000000,0.000000,0.000000,0.000000,1.000000,0.000000,0.000000,0.000000,6,20260924-121819,kwh,64.953
C:\Users\josep\source\repos\AIOTED-digital\04_joe_lcd_20x32\7_main_dig6_20260924-222618.jpg,7,3,0.616442,0.005113,0.043526,0.089441,0.616442,0.001212,0.003322,0.002078,0.214917,0.012291,0.009493,0.002164,6,20260924-222618,kwh,25.283
C:\Users\josep\source\repos\AIOTED-digital\04_joe_lcd_20x32\7_main_dig6_20260928-092241.jpg,7,7,0.794720,0.000000,0.000005,0.000000,0.205275,0.000000,0.000000,0.000000,0.794720,0.000000,0.000000,0.000000,6,20260928-092241,kwh,78.076
C:\Users\josep\source\repos\AIOTED-digital\04_joe_lcd_20x32\7_main_dig6_20260928-180240.jpg,7,7,0.980696,0.000000,0.000006,0.000000,0.019298,0.000000,0.000000,0.000000,0.980696,0.000000,0.000000,0.000000,6,20260928-180240,kwh,22.245
C:\Users\josep\source\repos\AIOTED-digital\04_joe_lcd_20x32\7_main_dig6_20260928-181040.jpg,7,7,0.894749,0.000001,0.000103,0.000002,0.105146,0.000000,0.000000,0.000000,0.894749,0.000000,0.000000,0.000000,6,20260928-181040,kwh,21.533
C:\Users\josep\source\repos\AIOTED-digital\04_joe_lcd_20x32\7_main_dig6_20260928-184240.jpg,7,3,0.665754,0.000257,0.012267,0.006271,0.665754,0.000054,0.000013,0.000005,0.314674,0.000250,0.000384,0.000071,6,20260928-184240,kwh,23.819
C:\Users\josep\source\repos\AIOTED-digital\04_joe_lcd_20x32\7_main_dig6_20260928-185040.jpg,7,3,0.739858,0.000669,0.011377,0.028694,0.739858,0.000098,0.000144,0.000066,0.215712,0.001579,0.001604,0.000198,6,20260928-185040,kwh,27.336
C:\Users\josep\source\repos\AIOTED-digital\04_joe_lcd_20x32\8_main_dig2_20260806-003215.jpg,8,8,1.000000,0.000000,0.000000,0.000000,0.000000,0.000000,0.000000,0.000000,0.000000,1.000000,0.000000,0.000000,2,20260806-003215,test8,111.435
C:\Users\josep\source\repos\AIOTED-digital\04_joe_lcd_20x32\8_main_dig2_20260806-005215.jpg,8,8,1.000000,0.000000,0.000000,0.000000,0.000000,0.000000,0.000000,0.000000,0.000000,1.000000,0.000000,0.000000,2,20260806-005215,test8,113.450
C:\Users\josep\source\repos\AIOTED-digital\04_joe_lcd_20x32\8_main_dig2_20260806-013215.jpg,8,8,1.000000,0.000000,0.000000,0.000000,0.000000,0.000000,0.000000,0.000000,0.000000,1.000000,0.000000,0.000000,2,20260806-013215,test8,112.606
C:\Users\josep\source\repos\AIOTED-digital\04_joe_lcd_20x32\8_main_dig2_20260806-023215.jpg,8,8,1.000000,0.000000,0.000000,0.000000,0.000000,0.000000,0.000000,0.000000,0.000000,1.000000,0.000000,0.000000,2,20260806-023215,test8,111.233
C:\Users\josep\source\repos\AIOTED-digital\04_joe_lcd_20x32\8_main_dig2_20260806-031215.jpg,8,8,1.000000,0.000000,0.000000,0.000000,0.000000,0.000000,0.000000,0.000000,0.000000,1.000000,0.000000,0.000000,2,20260806-031215,test8,112.359
C:\Users\josep\source\repos\AIOTED-digital\04_joe_lcd_20x32\8_main_dig2_20260806-032015.jpg,8,8,1.000000,0.000000,0.000000,0.000000,0.000000,0.000000,0.000000,0.000000,0.000000,1.000000,0.000000,0.000000,2,20260806-032015,test8,112.076
C:\Users\josep\source\repos\AIOTED-digital\04_joe_lcd_20x32\8_main_dig2_20260806-034015.jpg,8,8,1.000000,0.000000,0.000000,0.000000,0.000000,0.000000,0.000000,0.000000,0.000000,1.000000,0.000000,0.000000,2,20260806-034015,test8,111.437
C:\Users\josep\source\repos\AIOTED-digital\04_joe_lcd_20x32\8_main_dig2_20260806-042015.jpg,8,8,1.000000,0.000000,0.000000,0.000000,0.000000,0.000000,0.000000,0.000000,0.000000,1.000000,0.000000,0.000000,2,20260806-042015,test8,111.717
C:\Users\josep\source\repos\AIOTED-digital\04_joe_lcd_20x32\8_main_dig2_20260806-202813.jpg,8,8,1.000000,0.000000,0.000000,0.000000,0.000000,0.000000,0.000000,0.000000,0.000000,1.000000,0.000000,0.000000,2,20260806-202813,test8,104.136
C:\Users\josep\source\repos\AIOTED-digital\04_joe_lcd_20x32\8_main_dig2_20260806-203613.jpg,8,8,1.000000,0.000000,0.000000,0.000000,0.000000,0.000000,0.000000,0.000000,0.000000,1.000000,0.000000,0.000000,2,20260806-203613,test8,105.090
C:\Users\josep\source\repos\AIOTED-digital\04_joe_lcd_20x32\8_main_dig2_20260806-205613.jpg,8,8,1.000000,0.000000,0.000000,0.000000,0.000000,0.000000,0.000000,0.000000,0.000000,1.000000,0.000000,0.000000,2,20260806-205613,test8,102.550
C:\Users\josep\source\repos\AIOTED-digital\04_joe_lcd_20x32\8_main_dig2_20260806-215613.jpg,8,8,1.000000,0.000000,0.000000,0.000000,0.000000,0.000000,0.000000,0.000000,0.000000,1.000000,0.000000,0.000000,2,20260806-215613,test8,104.262
C:\Users\josep\source\repos\AIOTED-digital\04_joe_lcd_20x32\8_main_dig2_20260806-221613.jpg,8,8,1.000000,0.000000,0.000000,0.000000,0.000000,0.000000,0.000000,0.000000,0.000000,1.000000,0.000000,0.000000,2,20260806-221613,test8,104.058
C:\Users\josep\source\repos\AIOTED-digital\04_joe_lcd_20x32\8_main_dig2_20260806-233613.jpg,8,8,1.000000,0.000000,0.000000,0.000000,0.000000,0.000000,0.000000,0.000000,0.000000,1.000000,0.000000,0.000000,2,20260806-233613,test8,101.517
C:\Users\josep\source\repos\AIOTED-digital\04_joe_lcd_20x32\8_main_dig2_20260820-161354.jpg,8,8,1.000000,0.000000,0.000000,0.000000,0.000000,0.000000,0.000000,0.000000,0.000000,1.000000,0.000000,0.000000,2,20260820-161354,test8,84.905
C:\Users\josep\source\repos\AIOTED-digital\04_joe_lcd_20x32\8_main_dig2_20260820-175354.jpg,8,8,1.000000,0.000000,0.000000,0.000000,0.000000,0.000000,0.000000,0.000000,0.000000,1.000000,0.000000,0.000000,2,20260820-175354,test8,86.894
C:\Users\josep\source\repos\AIOTED-digital\04_joe_lcd_20x32\8_main_dig2_20260821-145752.jpg,8,8,1.000000,0.000000,0.000000,0.000000,0.000000,0.000000,0.000000,0.000000,0.000000,1.000000,0.000000,0.000000,2,20260821-145752,test8,82.105
C:\Users\josep\source\repos\AIOTED-digital\04_joe_lcd_20x32\8_main_dig2_20260821-150952.jpg,8,8,1.000000,0.000000,0.000000,0.000000,0.000000,0.000000,0.000000,0.000000,0.000000,1.000000,0.000000,0.000000,2,20260821-150952,test8,83.767
C:\Users\josep\source\repos\AIOTED-digital\04_joe_lcd_20x32\8_main_dig2_20260821-171752.jpg,8,8,1.000000,0.000000,0.000000,0.000000,0.000000,0.000000,0.000000,0.000000,0.000000,1.000000,0.000000,0.000000,2,20260821-171752,test8,86.663
C:\Users\josep\source\repos\AIOTED-digital\04_joe_lcd_20x32\8_main_dig2_20260904-095105.jpg,8,8,1.000000,0.000000,0.000000,0.000000,0.000000,0.000000,0.000000,0.000000,0.000000,1.000000,0.000000,0.000000,2,20260904-095105,test8,82.919
C:\Users\josep\source\repos\AIOTED-digital\04_joe_lcd_20x32\8_main_dig2_20260904-103105.jpg,8,8,1.000000,0.000000,0.000000,0.000000,0.000000,0.000000,0.000000,0.000000,0.000000,1.000000,0.000000,0.000000,2,20260904-103105,test8,80.392
C:\Users\josep\source\repos\AIOTED-digital\04_joe_lcd_20x32\8_main_dig2_20260904-181059.jpg,8,8,1.000000,0.000000,0.000000,0.000000,0.000000,0.000000,0.000000,0.000000,0.000000,1.000000,0.000000,0.000000,2,20260904-181059,test8,83.950
C:\Users\josep\source\repos\AIOTED-digital\04_joe_lcd_20x32\8_main_dig2_20260912-092427.jpg,8,8,1.000000,0.000000,0.000000,0.000000,0.000000,0.000000,0.000000,0.000000,0.000000,1.000000,0.000000,0.000000,2,20260912-092427,test8,74.011
C:\Users\josep\source\repos\AIOTED-digital\04_joe_lcd_20x32\8_main_dig2_20260912-120427.jpg,8,8,1.000000,0.000000,0.000000,0.000000,0.000000,0.000000,0.000000,0.000000,0.000000,1.000000,0.000000,0.000000,2,20260912-120427,test8,88.872
C:\Users\josep\source\repos\AIOTED-digital\04_joe_lcd_20x32\8_main_dig2_20260912-151227.jpg,8,8,1.000000,0.000000,0.000000,0.000000,0.000000,0.000000,0.000000,0.000000,0.000000,1.000000,0.000000,0.000000,2,20260912-151227,test8,84.164
C:\Users\josep\source\repos\AIOTED-digital\04_joe_lcd_20x32\8_main_dig2_20260920-072528.jpg,8,8,0.999999,0.000001,0.000000,0.000000,0.000000,0.000000,0.000000,0.000000,0.000000,0.999999,0.000000,0.000000,2,20260920-072528,test8,86.881
C:\Users\josep\source\repos\AIOTED-digital\04_joe_lcd_20x32\8_main_dig2_20260920-143327.jpg,8,8,1.000000,0.000000,0.000000,0.000000,0.000000,0.000000,0.000000,0.000000,0.000000,1.000000,0.000000,0.000000,2,20260920-143327,test8,83.652
C:\Users\josep\source\repos\AIOTED-digital\04_joe_lcd_20x32\8_main_dig2_20260921-125726.jpg,8,8,1.000000,0.000000,0.000000,0.000000,0.000000,0.000000,0.000000,0.000000,0.000000,1.000000,0.000000,0.000000,2,20260921-125726,test8,67.652
C:\Users\josep\source\repos\AIOTED-digital\04_joe_lcd_20x32\8_main_dig2_20260921-155725.jpg,8,8,1.000000,0.000000,0.000000,0.000000,0.000000,0.000000,0.000000,0.000000,0.000000,1.000000,0.000000,0.000000,2,20260921-155725,test8,82.922
C:\Users\josep\source\repos\AIOTED-digital\04_joe_lcd_20x32\8_main_dig2_20260921-163725.jpg,8,8,1.000000,0.000000,0.000000,0.000000,0.000000,0.000000,0.000000,0.000000,0.000000,1.000000,0.000000,0.000000,2,20260921-163725,test8,85.516
C:\Users\josep\source\repos\AIOTED-digital\04_joe_lcd_20x32\8_main_dig2_20260924-074950.jpg,8,8,1.000000,0.000000,0.000000,0.000000,0.000000,0.000000,0.000000,0.000000,0.000000,1.000000,0.000000,0.000000,2,20260924-074950,test8,80.261
C:\Users\josep\source\repos\AIOTED-digital\04_joe_lcd_20x32\8_main_dig2_20260924-154618.jpg,8,8,1.000000,0.000000,0.000000,0.000000,0.000000,0.000000,0.000000,0.000000,0.000000,1.000000,0.000000,0.000000,2,20260924-154618,test8,82.957
C:\Users\josep\source\repos\AIOTED-digital\04_joe_lcd_20x32\8_main_dig2_20260928-073041.jpg,8,8,1.000000,0.000000,0.000000,0.000000,0.000000,0.000000,0.000000,0.000000,0.000000,1.000000,0.000000,0.000000,2,20260928-073041,test8,89.970
C:\Users\josep\source\repos\AIOTED-digital\04_joe_lcd_20x32\8_main_dig2_20260928-151040.jpg,8,8,1.000000,0.000000,0.000000,0.000000,0.000000,0.000000,0.000000,0.000000,0.000000,1.000000,0.000000,0.000000,2,20260928-151040,test8,79.975
C:\Users\josep\source\repos\AIOTED-digital\04_joe_lcd_20x32\8_main_dig3_20260806-001215.jpg,8,8,0.999581,0.000419,0.000000,0.000000,0.000000,0.000000,0.000000,0.000000,0.000000,0.999581,0.000000,0.000000,3,20260806-001215,test8,134.445
C:\Users\josep\source\repos\AIOTED-digital\04_joe_lcd_20x32\8_main_dig3_20260806-060015.jpg,8,8,0.996327,0.003673,0.000000,0.000000,0.000000,0.000000,0.000000,0.000000,0.000000,0.996327,0.000000,0.000000,3,20260806-060015,test8,131.893
C:\Users\josep\source\repos\AIOTED-digital\04_joe_lcd_20x32\8_main_dig3_20260806-203613.jpg,8,8,0.986366,0.013634,0.000000,0.000000,0.000000,0.000000,0.000000,0.000000,0.000000,0.986366,0.000000,0.000000,3,20260806-203613,test8,128.030
C:\Users\josep\source\repos\AIOTED-digital\04_joe_lcd_20x32\8_main_dig3_20260806-205613.jpg,8,8,0.969690,0.030310,0.000000,0.000000,0.000000,0.000000,0.000000,0.000000,0.000000,0.969690,0.000000,0.000000,3,20260806-205613,test8,126.766
C:\Users\josep\source\repos\AIOTED-digital\04_joe_lcd_20x32\8_main_dig3_20260806-211613.jpg,8,8,0.949365,0.050635,0.000000,0.000000,0.000000,0.000000,0.000000,0.000000,0.000000,0.949365,0.000000,0.000000,3,20260806-211613,test8,127.193
C:\Users\josep\source\repos\AIOTED-digital\04_joe_lcd_20x32\8_main_dig3_20260820-002155.jpg,8,8,0.994387,0.005613,0.000000,0.000000,0.000000,0.000000,0.000000,0.000000,0.000000,0.994387,0.000000,0.000000,3,20260820-002155,kwh,113.057
C:\Users\josep\source\repos\AIOTED-digital\04_joe_lcd_20x32\8_main_dig3_20260820-133754.jpg,8,8,1.000000,0.000000,0.000000,0.000000,0.000000,0.000000,0.000000,0.000000,0.000000,1.000000,0.000000,0.000000,3,20260820-133754,test8,83.970
C:\Users\josep\source\repos\AIOTED-digital\04_joe_lcd_20x32\8_main_dig3_20260820-173754.jpg,8,8,1.000000,0.000000,0.000000,0.000000,0.000000,0.000000,0.000000,0.000000,0.000000,1.000000,0.000000,0.000000,3,20260820-173754,kwh,102.132
C:\Users\josep\source\repos\AIOTED-digital\04_joe_lcd_20x32\8_main_dig3_20260820-214553.jpg,8,8,0.999748,0.000252,0.000000,0.000000,0.000000,0.000000,0.000000,0.000000,0.000000,0.999748,0.000000,0.000000,3,20260820-214553,test8,110.399
C:\Users\josep\source\repos\AIOTED-digital\04_joe_lcd_20x32\8_main_dig3_20260821-060553.jpg,8,8,0.990271,0.009729,0.000000,0.000000,0.000000,0.000000,0.000000,0.000000,0.000000,0.990271,0.000000,0.000000,3,20260821-060553,test8,112.186
C:\Users\josep\source\repos\AIOTED-digital\04_joe_lcd_20x32\8_main_dig3_20260821-093352.jpg,8,8,0.999778,0.000222,0.000000,0.000000,0.000000,0.000000,0.000000,0.000000,0.000000,0.999778,0.000000,0.000000,3,20260821-093352,kwh,107.754
C:\Users\josep\source\repos\AIOTED-digital\04_joe_lcd_20x32\8_main_dig3_20260821-152152.jpg,8,8,1.000000,0.000000,0.000000,0.000000,0.000000,0.000000,0.000000,0.000000,0.000000,1.000000,0.000000,0.000000,3,20260821-152152,test8,97.332
C:\Users\josep\source\repos\AIOTED-digital\04_joe_lcd_20x32\8_main_dig3_20260821-160952.jpg,8,8,1.000000,0.000000,0.000000,0.000000,0.000000,0.000000,0.000000,0.000000,0.000000,1.000000,0.000000,0.000000,3,20260821-160952,kwh,96.919
C:\Users\josep\source\repos\AIOTED-digital\04_joe_lcd_20x32\8_main_dig3_20260821-172952.jpg,8,8,0.999969,0.000031,0.000000,0.000000,0.000000,0.000000,0.000000,0.000000,0.000000,0.999969,0.000000,0.000000,3,20260821-172952,kwh,105.296
C:\Users\josep\source\repos\AIOTED-digital\04_joe_lcd_20x32\8_main_dig3_20260904-014706.jpg,8,8,0.999252,0.000748,0.000000,0.000000,0.000000,0.000000,0.000000,0.000000,0.000000,0.999252,0.000000,0.000000,3,20260904-014706,kwh,111.135
C:\Users\josep\source\repos\AIOTED-digital\04_joe_lcd_20x32\8_main_dig3_20260904-034706.jpg,8,8,0.999059,0.000941,0.000000,0.000000,0.000000,0.000000,0.000000,0.000000,0.000000,0.999059,0.000000,0.000000,3,20260904-034706,kwh,111.729
C:\Users\josep\source\repos\AIOTED-digital\04_joe_lcd_20x32\8_main_dig3_20260904-134659.jpg,8,8,1.000000,0.000000,0.000000,0.000000,0.000000,0.000000,0.000000,0.000000,0.000000,1.000000,0.000000,0.000000,3,20260904-134659,kwh,84.574
C:\Users\josep\source\repos\AIOTED-digital\04_joe_lcd_20x32\8_main_dig3_20260904-184259.jpg,8,8,0.998838,0.001162,0.000000,0.000000,0.000000,0.000000,0.000000,0.000000,0.000000,0.998838,0.000000,0.000000,3,20260904-184259,kwh,97.406
C:\Users\josep\source\repos\AIOTED-digital\04_joe_lcd_20x32\8_main_dig3_20260904-203458.jpg,8,8,0.995677,0.004323,0.000000,0.000000,0.000000,0.000000,0.000000,0.000000,0.000000,0.995677,0.000000,0.000000,3,20260904-203458,kwh,101.404
C:\Users\josep\source\repos\AIOTED-digital\04_joe_lcd_20x32\8_main_dig4_20260806-005215.jpg,8,8,1.000000,0.000000,0.000000,0.000000,0.000000,0.000000,0.000000,0.000000,0.000000,1.000000,0.000000,0.000000,4,20260806-005215,test8,83.321
C:\Users\josep\source\repos\AIOTED-digital\04_joe_lcd_20x32\8_main_dig4_20260806-034015.jpg,8,8,1.000000,0.000000,0.000000,0.000000,0.000000,0.000000,0.000000,0.000000,0.000000,1.000000,0.000000,0.000000,4,20260806-034015,test8,84.998
C:\Users\josep\source\repos\AIOTED-digital\04_joe_lcd_20x32\8_main_dig4_20260806-054015.jpg,8,8,1.000000,0.000000,0.000000,0.000000,0.000000,0.000000,0.000000,0.000000,0.000000,1.000000,0.000000,0.000000,4,20260806-054015,test8,84.132
C:\Users\josep\source\repos\AIOTED-digital\04_joe_lcd_20x32\8_main_dig4_20260806-203613.jpg,8,8,1.000000,0.000000,0.000000,0.000000,0.000000,0.000000,0.000000,0.000000,0.000000,1.000000,0.000000,0.000000,4,20260806-203613,test8,80.450
C:\Users\josep\source\repos\AIOTED-digital\04_joe_lcd_20x32\8_main_dig4_20260806-233613.jpg,8,8,0.999999,0.000000,0.000000,0.000000,0.000000,0.000000,0.000000,0.000001,0.000000,0.999999,0.000000,0.000000,4,20260806-233613,test8,78.200
C:\Users\josep\source\repos\AIOTED-digital\04_joe_lcd_20x32\8_main_dig5_20260806-003215.jpg,8,8,0.998419,0.001581,0.000000,0.000000,0.000000,0.000000,0.000000,0.000000,0.000000,0.998419,0.000000,0.000000,5,20260806-003215,test8,60.438
C:\Users\josep\source\repos\AIOTED-digital\04_joe_lcd_20x32\8_main_dig5_20260806-040015.jpg,8,8,0.980282,0.019718,0.000000,0.000000,0.000000,0.000000,0.000000,0.000000,0.000000,0.980282,0.000000,0.000000,5,20260806-040015,test8,60.063
C:\Users\josep\source\repos\AIOTED-digital\04_joe_lcd_20x32\8_main_dig5_20260806-044015.jpg,8,8,0.995406,0.004593,0.000000,0.000000,0.000000,0.000000,0.000000,0.000000,0.000000,0.995406,0.000000,0.000000,5,20260806-044015,test8,61.366
C:\Users\josep\source\repos\AIOTED-digital\04_joe_lcd_20x32\8_main_dig5_20260806-202813.jpg,8,8,0.987280,0.012720,0.000000,0.000000,0.000000,0.000000,0.000000,0.000000,0.000000,0.987280,0.000000,0.000000,5,20260806-202813,test8,64.787
C:\Users\josep\source\repos\AIOTED-digital\04_joe_lcd_20x32\8_main_dig5_20260806-205613.jpg,8,8,0.939281,0.060719,0.000000,0.000000,0.000000,0.000000,0.000000,0.000000,0.000000,0.939281,0.000000,0.000000,5,20260806-205613,test8,64.985
C:\Users\josep\source\repos\AIOTED-digital\04_joe_lcd_20x32\8_main_dig5_20260806-210013.jpg,8,8,0.972381,0.027619,0.000000,0.000000,0.000000,0.000000,0.000000,0.000000,0.000000,0.972381,0.000000,0.000000,5,20260806-210013,test8,65.811
C:\Users\josep\source\repos\AIOTED-digital\04_joe_lcd_20x32\8_main_dig5_20260806-210813.jpg,8,8,0.959293,0.040707,0.000000,0.000000,0.000000,0.000000,0.000000,0.000000,0.000000,0.959293,0.000000,0.000000,5,20260806-210813,kwh,65.862
C:\Users\josep\source\repos\AIOTED-digital\04_joe_lcd_20x32\8_main_dig5_20260806-211213.jpg,8,8,0.999344,0.000656,0.000000,0.000000,0.000000,0.000000,0.000000,0.000000,0.000000,0.999344,0.000000,0.000000,5,20260806-211213,test8,65.956
C:\Users\josep\source\repos\AIOTED-digital\04_joe_lcd_20x32\8_main_dig5_20260806-212013.jpg,8,8,0.780704,0.219296,0.000000,0.000000,0.000000,0.000000,0.000000,0.000000,0.000000,0.780704,0.000000,0.000000,5,20260806-212013,kwh,65.710
C:\Users\josep\source\repos\AIOTED-digital\04_joe_lcd_20x32\8_main_dig5_20260806-212813.jpg,8,8,0.872521,0.127479,0.000000,0.000000,0.000000,0.000000,0.000000,0.000000,0.000000,0.872521,0.000000,0.000000,5,20260806-212813,kwh,64.992
C:\Users\josep\source\repos\AIOTED-digital\04_joe_lcd_20x32\8_main_dig5_20260806-213213.jpg,8,8,0.998240,0.001760,0.000000,0.000000,0.000000,0.000000,0.000000,0.000000,0.000000,0.998240,0.000000,0.000000,5,20260806-213213,kwh,66.700
C:\Users\josep\source\repos\AIOTED-digital\04_joe_lcd_20x32\8_main_dig5_20260806-214813.jpg,8,8,0.990761,0.009239,0.000000,0.000000,0.000000,0.000000,0.000000,0.000000,0.000000,0.990761,0.000000,0.000000,5,20260806-214813,kwh,63.901
C:\Users\josep\source\repos\AIOTED-digital\04_joe_lcd_20x32\8_main_dig5_20260806-215613.jpg,8,8,0.990268,0.009732,0.000000,0.000000,0.000000,0.000000,0.000000,0.000000,0.000000,0.990268,0.000000,0.000000,5,20260806-215613,test8,66.093
C:\Users\josep\source\repos\AIOTED-digital\04_joe_lcd_20x32\8_main_dig5_20260806-220013.jpg,8,8,0.956356,0.043644,0.000000,0.000000,0.000000,0.000000,0.000000,0.000000,0.000000,0.956356,0.000000,0.000000,5,20260806-220013,kwh,66.183
C:\Users\josep\source\repos\AIOTED-digital\04_joe_lcd_20x32\8_main_dig5_20260806-222013.jpg,8,8,0.647154,0.352846,0.000000,0.000000,0.000000,0.000000,0.000000,0.000000,0.000000,0.647154,0.000000,0.000000,5,20260806-222013,test8,65.637
C:\Users\josep\source\repos\AIOTED-digital\04_joe_lcd_20x32\8_main_dig5_20260806-222813.jpg,8,8,0.979372,0.020628,0.000000,0.000000,0.000000,0.000000,0.000000,0.000000,0.000000,0.979372,0.000000,0.000000,5,20260806-222813,kwh,65.112
C:\Users\josep\source\repos\AIOTED-digital\04_joe_lcd_20x32\8_main_dig5_20260806-224013.jpg,8,8,0.605923,0.394077,0.000000,0.000000,0.000000,0.000000,0.000000,0.000000,0.000000,0.605923,0.000000,0.000000,5,20260806-224013,kwh,64.925
C:\Users\josep\source\repos\AIOTED-digital\04_joe_lcd_20x32\8_main_dig5_20260806-224813.jpg,8,8,0.892256,0.107744,0.000000,0.000000,0.000000,0.000000,0.000000,0.000000,0.000000,0.892256,0.000000,0.000000,5,20260806-224813,test8,63.455
C:\Users\josep\source\repos\AIOTED-digital\04_joe_lcd_20x32\8_main_dig5_20260806-230013.jpg,8,8,0.969234,0.030766,0.000000,0.000000,0.000000,0.000000,0.000000,0.000000,0.000000,0.969234,0.000000,0.000000,5,20260806-230013,test8,63.852
C:\Users\josep\source\repos\AIOTED-digital\04_joe_lcd_20x32\8_main_dig5_20260806-230813.jpg,8,8,0.922196,0.077804,0.000000,0.000000,0.000000,0.000000,0.000000,0.000000,0.000000,0.922196,0.000000,0.000000,5,20260806-230813,kwh,64.013
C:\Users\josep\source\repos\AIOTED-digital\04_joe_lcd_20x32\8_main_dig5_20260806-232013.jpg,8,8,0.929363,0.070637,0.000000,0.000000,0.000000,0.000000,0.000000,0.000000,0.000000,0.929363,0.000000,0.000000,5,20260806-232013,kwh,64.759
C:\Users\josep\source\repos\AIOTED-digital\04_joe_lcd_20x32\8_main_dig5_20260806-232813.jpg,8,8,0.986379,0.013621,0.000000,0.000000,0.000000,0.000000,0.000000,0.000000,0.000000,0.986379,0.000000,0.000000,5,20260806-232813,kwh,64.044
C:\Users\josep\source\repos\AIOTED-digital\04_joe_lcd_20x32\8_main_dig5_20260806-234013.jpg,8,8,0.910666,0.089334,0.000000,0.000000,0.000000,0.000000,0.000000,0.000000,0.000000,0.910666,0.000000,0.000000,5,20260806-234013,test8,65.822
C:\Users\josep\source\repos\AIOTED-digital\04_joe_lcd_20x32\8_main_dig5_20260806-234813.jpg,8,8,0.837881,0.162119,0.000000,0.000000,0.000000,0.000000,0.000000,0.000000,0.000000,0.837881,0.000000,0.000000,5,20260806-234813,kwh,65.046
C:\Users\josep\source\repos\AIOTED-digital\04_joe_lcd_20x32\8_main_dig5_20260904-181059.jpg,8,8,0.996856,0.003096,0.000000,0.000000,0.000000,0.000002,0.000000,0.000000,0.000000,0.996856,0.000045,0.000000,5,20260904-181059,test8,49.871
C:\Users\josep\source\repos\AIOTED-digital\04_joe_lcd_20x32\8_main_dig5_20260920-171327.jpg,8,8,0.999574,0.000425,0.000000,0.000000,0.000000,0.000000,0.000000,0.000000,0.000000,0.999574,0.000000,0.000000,5,20260920-171327,test8,46.772
C:\Users\josep\source\repos\AIOTED-digital\04_joe_lcd_20x32\8_main_dig5_20260924-070150.jpg,8,8,0.961093,0.038892,0.000000,0.000000,0.000000,0.000000,0.000000,0.000010,0.000000,0.961093,0.000005,0.000000,5,20260924-070150,kwh,49.974
C:\Users\josep\source\repos\AIOTED-digital\04_joe_lcd_20x32\8_main_dig5_20260924-071350.jpg,8,8,0.812963,0.187023,0.000000,0.000000,0.000000,0.000000,0.000000,0.000006,0.000000,0.812963,0.000007,0.000000,5,20260924-071350,kwh,49.398
C:\Users\josep\source\repos\AIOTED-digital\04_joe_lcd_20x32\8_main_dig5_20260924-073350.jpg,8,8,0.737527,0.262444,0.000000,0.000000,0.000000,0.000001,0.000000,0.000004,0.000000,0.737527,0.000024,0.000000,5,20260924-073350,kwh,46.894
C:\Users\josep\source\repos\AIOTED-digital\04_joe_lcd_20x32\8_main_dig5_20260924-074150.jpg,8,0,0.666312,0.666312,0.000000,0.000000,0.000000,0.000000,0.000000,0.000003,0.000000,0.333676,0.000009,0.000000,5,20260924-074150,test8,46.291
C:\Users\josep\source\repos\AIOTED-digital\04_joe_lcd_20x32\8_main_dig5_20260924-080150.jpg,8,8,0.995620,0.001786,0.000000,0.000000,0.000000,0.000003,0.000000,0.000000,0.000000,0.995620,0.002591,0.000000,5,20260924-080150,kwh,50.133
C:\Users\josep\source\repos\AIOTED-digital\04_joe_lcd_20x32\8_main_dig5_20260924-103019.jpg,8,8,0.999795,0.000051,0.000000,0.000000,0.000000,0.000001,0.000000,0.000000,0.000000,0.999795,0.000153,0.000000,5,20260924-103019,kwh,65.536
C:\Users\josep\source\repos\AIOTED-digital\04_joe_lcd_20x32\8_main_dig5_20260924-111819.jpg,8,8,0.996085,0.003521,0.000000,0.000000,0.000000,0.000001,0.000000,0.000001,0.000000,0.996085,0.000390,0.000001,5,20260924-111819,test8,74.235
C:\Users\josep\source\repos\AIOTED-digital\04_joe_lcd_20x32\8_main_dig5_20260924-113819.jpg,8,8,0.997634,0.001210,0.000000,0.000000,0.000000,0.000005,0.000000,0.000001,0.000000,0.997634,0.001149,0.000001,5,20260924-113819,test8,72.861
C:\Users\josep\source\repos\AIOTED-digital\04_joe_lcd_20x32\8_main_dig5_20260924-121019.jpg,8,8,0.994792,0.002652,0.000000,0.000000,0.000000,0.000026,0.000000,0.000003,0.000000,0.994792,0.002523,0.000004,5,20260924-121019,kwh,75.586
C:\Users\josep\source\repos\AIOTED-digital\04_joe_lcd_20x32\8_main_dig6_20260806-015215.jpg,8,0,0.681712,0.681712,0.000027,0.000003,0.000005,0.000996,0.001057,0.002771,0.000100,0.271825,0.041473,0.000032,6,20260806-015215,test8,32.556
C:\Users\josep\source\repos\AIOTED-digital\04_joe_lcd_20x32\8_main_dig6_20260806-040015.jpg,8,0,0.750324,0.750324,0.000105,0.000027,0.000019,0.000548,0.000329,0.001634,0.000496,0.229411,0.017058,0.000048,6,20260806-040015,test8,31.795
C:\Users\josep\source\repos\AIOTED-digital\04_joe_lcd_20x32\8_main_dig6_20260806-111214.jpg,8,8,1.000000,0.000000,0.000000,0.000000,0.000000,0.000000,0.000000,0.000000,0.000000,1.000000,0.000000,0.000000,6,20260806-111214,test8,58.007
C:\Users\josep\source\repos\AIOTED-digital\04_joe_lcd_20x32\8_main_dig6_20260806-112414.jpg,8,8,1.000000,0.000000,0.000000,0.000000,0.000000,0.000000,0.000000,0.000000,0.000000,1.000000,0.000000,0.000000,6,20260806-112414,test8,61.415
C:\Users\josep\source\repos\AIOTED-digital\04_joe_lcd_20x32\8_main_dig6_20260806-113214.jpg,8,8,1.000000,0.000000,0.000000,0.000000,0.000000,0.000000,0.000000,0.000000,0.000000,1.000000,0.000000,0.000000,6,20260806-113214,test8,63.913
C:\Users\josep\source\repos\AIOTED-digital\04_joe_lcd_20x32\8_main_dig6_20260806-114014.jpg,8,8,1.000000,0.000000,0.000000,0.000000,0.000000,0.000000,0.000000,0.000000,0.000000,1.000000,0.000000,0.000000,6,20260806-114014,test8,71.825
C:\Users\josep\source\repos\AIOTED-digital\04_joe_lcd_20x32\8_main_dig6_20260806-114414.jpg,8,8,1.000000,0.000000,0.000000,0.000000,0.000000,0.000000,0.000000,0.000000,0.000000,1.000000,0.000000,0.000000,6,20260806-114414,test8,74.194
C:\Users\josep\source\repos\AIOTED-digital\04_joe_lcd_20x32\8_main_dig6_20260806-194014.jpg,8,8,0.998437,0.001563,0.000000,0.000000,0.000000,0.000000,0.000000,0.000000,0.000000,0.998437,0.000000,0.000000,6,20260806-194014,kwh,29.510
C:\Users\josep\source\repos\AIOTED-digital\04_joe_lcd_20x32\8_main_dig6_20260806-195213.jpg,8,8,0.979695,0.020300,0.000000,0.000000,0.000000,0.000000,0.000000,0.000000,0.000000,0.979695,0.000005,0.000000,6,20260806-195213,kwh,25.663
C:\Users\josep\source\repos\AIOTED-digital\04_joe_lcd_20x32\8_main_dig6_20260806-200813.jpg,8,0,0.542399,0.542399,0.000000,0.000000,0.000000,0.000002,0.000000,0.000000,0.000000,0.446676,0.010923,0.000000,6,20260806-200813,test8,28.887
C:\Users\josep\source\repos\AIOTED-digital\04_joe_lcd_20x32\8_main_dig6_20260820-165754.jpg,8,8,1.000000,0.000000,0.000000,0.000000,0.000000,0.000000,0.000000,0.000000,0.000000,1.000000,0.000000,0.000000,6,20260820-165754,kwh,52.567
C:\Users\josep\source\repos\AIOTED-digital\04_joe_lcd_20x32\8_main_dig6_20260820-221753.jpg,8,8,0.921726,0.055525,0.000001,0.000057,0.000090,0.000076,0.000154,0.001279,0.000062,0.921726,0.021029,0.000001,6,20260820-221753,test8,30.074
C:\Users\josep\source\repos\AIOTED-digital\04_joe_lcd_20x32\8_main_dig6_20260820-223753.jpg,8,8,0.994767,0.002261,0.000000,0.000005,0.000004,0.000002,0.000009,0.000552,0.000000,0.994767,0.002399,0.000000,6,20260820-223753,kwh,30.092
C:\Users\josep\source\repos\AIOTED-digital\04_joe_lcd_20x32\8_main_dig6_20260821-085352.jpg,8,8,0.998289,0.000932,0.000000,0.000000,0.000000,0.000000,0.000000,0.000001,0.000000,0.998289,0.000777,0.000000,6,20260821-085352,test8,28.086
C:\Users\josep\source\repos\AIOTED-digital\04_joe_lcd_20x32\8_main_dig6_20260821-143352.jpg,8,8,1.000000,0.000000,0.000000,0.000000,0.000000,0.000000,0.000000,0.000000,0.000000,1.000000,0.000000,0.000000,6,20260821-143352,test8,64.655
C:\Users\josep\source\repos\AIOTED-digital\04_joe_lcd_20x32\8_main_dig6_20260821-145352.jpg,8,8,1.000000,0.000000,0.000000,0.000000,0.000000,0.000000,0.000000,0.000000,0.000000,1.000000,0.000000,0.000000,6,20260821-145352,kwh,59.014
C:\Users\josep\source\repos\AIOTED-digital\04_joe_lcd_20x32\8_main_dig6_20260821-194152.jpg,8,8,0.998577,0.001276,0.000000,0.000001,0.000000,0.000000,0.000000,0.000011,0.000000,0.998577,0.000135,0.000000,6,20260821-194152,test8,31.736
C:\Users\josep\source\repos\AIOTED-digital\04_joe_lcd_20x32\8_main_dig6_20260821-200152.jpg,8,8,0.949588,0.032631,0.000000,0.000007,0.000013,0.000050,0.000114,0.000916,0.000005,0.949588,0.016675,0.000000,6,20260821-200152,test8,30.890
C:\Users\josep\source\repos\AIOTED-digital\04_joe_lcd_20x32\8_main_dig6_20260904-072706.jpg,8,8,0.933939,0.017344,0.000053,0.031252,0.002539,0.000085,0.000294,0.007747,0.000180,0.933939,0.006510,0.000056,6,20260904-072706,test8,29.075
C:\Users\josep\source\repos\AIOTED-digital\04_joe_lcd_20x32\8_main_dig6_20260904-130659.jpg,8,8,1.000000,0.000000,0.000000,0.000000,0.000000,0.000000,0.000000,0.000000,0.000000,1.000000,0.000000,0.000000,6,20260904-130659,test8,79.975
C:\Users\josep\source\repos\AIOTED-digital\04_joe_lcd_20x32\8_main_dig6_20260904-161459.jpg,8,8,1.000000,0.000000,0.000000,0.000000,0.000000,0.000000,0.000000,0.000000,0.000000,1.000000,0.000000,0.000000,6,20260904-161459,kwh,66.142
C:\Users\josep\source\repos\AIOTED-digital\04_joe_lcd_20x32\8_main_dig6_20260904-202258.jpg,8,8,0.896200,0.010302,0.000000,0.000009,0.000037,0.000284,0.000108,0.000299,0.000003,0.896200,0.092756,0.000001,6,20260904-202258,test8,26.032
C:\Users\josep\source\repos\AIOTED-digital\04_joe_lcd_20x32\8_main_dig6_20260904-210258.jpg,8,8,0.900921,0.002321,0.000000,0.000032,0.000105,0.000149,0.000043,0.000115,0.000002,0.900921,0.096309,0.000002,6,20260904-210258,test8,26.255
C:\Users\josep\source\repos\AIOTED-digital\04_joe_lcd_20x32\8_main_dig6_20260912-032827.jpg,8,8,0.966021,0.026057,0.000004,0.000027,0.000010,0.000082,0.000068,0.001905,0.000005,0.966021,0.005820,0.000001,6,20260912-032827,kwh,25.801
C:\Users\josep\source\repos\AIOTED-digital\04_joe_lcd_20x32\8_main_dig6_20260912-034827.jpg,8,8,0.986764,0.002988,0.000015,0.000252,0.000129,0.000187,0.000104,0.004152,0.000006,0.986764,0.005401,0.000002,6,20260912-034827,test8,25.818
C:\Users\josep\source\repos\AIOTED-digital\04_joe_lcd_20x32\8_main_dig6_20260920-174527.jpg,8,8,1.000000,0.000000,0.000000,0.000000,0.000000,0.000000,0.000000,0.000000,0.000000,1.000000,0.000000,0.000000,6,20260920-174527,kwh,39.177
C:\Users\josep\source\repos\AIOTED-digital\04_joe_lcd_20x32\8_main_dig6_20260924-005350.jpg,8,8,0.878276,0.069549,0.000145,0.001800,0.001298,0.000335,0.001778,0.006883,0.000373,0.878276,0.039548,0.000015,6,20260924-005350,kwh,26.566
C:\Users\josep\source\repos\AIOTED-digital\04_joe_lcd_20x32\8_main_dig6_20260924-233818.jpg,8,8,0.869550,0.071562,0.000168,0.001833,0.000828,0.000156,0.003313,0.042415,0.000586,0.869550,0.009550,0.000039,6,20260924-233818,kwh,26.028
C:\Users\josep\source\repos\AIOTED-digital\04_joe_lcd_20x32\8_main_dig6_20260924-235818.jpg,8,8,0.957474,0.016398,0.000146,0.001729,0.000826,0.000261,0.000541,0.014191,0.000104,0.957474,0.008299,0.000030,6,20260924-235818,kwh,27.335
C:\Users\josep\source\repos\AIOTED-digital\04_joe_lcd_20x32\8_main_dig6_20260928-100241.jpg,8,8,0.997957,0.000000,0.000000,0.000000,0.000000,0.000001,0.000000,0.000000,0.000000,0.997957,0.002041,0.000000,6,20260928-100241,test8,103.153
C:\Users\josep\source\repos\AIOTED-digital\04_joe_lcd_20x32\8_main_dig6_20260928-192240.jpg,8,8,0.990957,0.003817,0.000001,0.000003,0.000005,0.000048,0.000001,0.000039,0.000001,0.990957,0.005127,0.000000,6,20260928-192240,test8,24.880
C:\Users\josep\source\repos\AIOTED-digital\04_joe_lcd_20x32\9_main_dig3_20260912-040027.jpg,9,9,0.999979,0.000002,0.000000,0.000000,0.000000,0.000000,0.000000,0.000000,0.000000,0.000019,0.999979,0.000000,3,20260912-040027,kwh,105.947
C:\Users\josep\source\repos\AIOTED-digital\04_joe_lcd_20x32\9_main_dig3_20260912-064827.jpg,9,9,0.999937,0.000001,0.000000,0.000000,0.000000,0.000000,0.000000,0.000000,0.000000,0.000062,0.999937,0.000000,3,20260912-064827,kwh,102.431
C:\Users\josep\source\repos\AIOTED-digital\04_joe_lcd_20x32\9_main_dig3_20260912-071627.jpg,9,9,0.999994,0.000000,0.000000,0.000000,0.000000,0.000000,0.000000,0.000000,0.000000,0.000006,0.999994,0.000000,3,20260912-071627,kwh,102.600
C:\Users\josep\source\repos\AIOTED-digital\04_joe_lcd_20x32\9_main_dig3_20260912-093627.jpg,9,9,1.000000,0.000000,0.000000,0.000000,0.000000,0.000000,0.000000,0.000000,0.000000,0.000000,1.000000,0.000000,3,20260912-093627,kwh,86.677
C:\Users\josep\source\repos\AIOTED-digital\04_joe_lcd_20x32\9_main_dig3_20260912-134827.jpg,9,9,1.000000,0.000000,0.000000,0.000000,0.000000,0.000000,0.000000,0.000000,0.000000,0.000000,1.000000,0.000000,3,20260912-134827,kwh,95.247
C:\Users\josep\source\repos\AIOTED-digital\04_joe_lcd_20x32\9_main_dig3_20260912-140827.jpg,9,9,1.000000,0.000000,0.000000,0.000000,0.000000,0.000000,0.000000,0.000000,0.000000,0.000000,1.000000,0.000000,3,20260912-140827,kwh,98.060
C:\Users\josep\source\repos\AIOTED-digital\04_joe_lcd_20x32\9_main_dig3_20260912-153258.jpg,9,9,1.000000,0.000000,0.000000,0.000000,0.000000,0.000000,0.000000,0.000000,0.000000,0.000000,1.000000,0.000000,3,20260912-153258,kwh,88.147
C:\Users\josep\source\repos\AIOTED-digital\04_joe_lcd_20x32\9_main_dig3_20260912-212058.jpg,9,9,1.000000,0.000000,0.000000,0.000000,0.000000,0.000000,0.000000,0.000000,0.000000,0.000000,1.000000,0.000000,3,20260912-212058,kwh,101.962
C:\Users\josep\source\repos\AIOTED-digital\04_joe_lcd_20x32\9_main_dig3_20260912-224057.jpg,9,9,0.999997,0.000001,0.000000,0.000000,0.000000,0.000000,0.000000,0.000000,0.000000,0.000002,0.999997,0.000000,3,20260912-224057,kwh,103.249
C:\Users\josep\source\repos\AIOTED-digital\04_joe_lcd_20x32\9_main_dig3_20260920-010128.jpg,9,9,0.999989,0.000002,0.000000,0.000000,0.000000,0.000000,0.000000,0.000000,0.000000,0.000010,0.999989,0.000000,3,20260920-010128,kwh,103.984
C:\Users\josep\source\repos\AIOTED-digital\04_joe_lcd_20x32\9_main_dig3_20260920-014928.jpg,9,9,0.999998,0.000000,0.000000,0.000000,0.000000,0.000000,0.000000,0.000000,0.000000,0.000002,0.999998,0.000000,3,20260920-014928,kwh,104.270
C:\Users\josep\source\repos\AIOTED-digital\04_joe_lcd_20x32\9_main_dig3_20260920-050128.jpg,9,9,0.999996,0.000000,0.000000,0.000000,0.000000,0.000000,0.000000,0.000000,0.000000,0.000004,0.999996,0.000000,3,20260920-050128,kwh,100.992
C:\Users\josep\source\repos\AIOTED-digital\04_joe_lcd_20x32\9_main_dig3_20260920-065728.jpg,9,9,1.000000,0.000000,0.000000,0.000000,0.000000,0.000000,0.000000,0.000000,0.000000,0.000000,1.000000,0.000000,3,20260920-065728,kwh,101.086
C:\Users\josep\source\repos\AIOTED-digital\04_joe_lcd_20x32\9_main_dig3_20260920-070928.jpg,9,9,1.000000,0.000000,0.000000,0.000000,0.000000,0.000000,0.000000,0.000000,0.000000,0.000000,1.000000,0.000000,3,20260920-070928,kwh,98.195
C:\Users\josep\source\repos\AIOTED-digital\04_joe_lcd_20x32\9_main_dig3_20260920-093728.jpg,9,9,1.000000,0.000000,0.000000,0.000000,0.000000,0.000000,0.000000,0.000000,0.000000,0.000000,1.000000,0.000000,3,20260920-093728,kwh,86.118
C:\Users\josep\source\repos\AIOTED-digital\04_joe_lcd_20x32\9_main_dig3_20260920-101728.jpg,9,9,1.000000,0.000000,0.000000,0.000000,0.000000,0.000000,0.000000,0.000000,0.000000,0.000000,1.000000,0.000000,3,20260920-101728,kwh,91.339
C:\Users\josep\source\repos\AIOTED-digital\04_joe_lcd_20x32\9_main_dig3_20260920-102928.jpg,9,9,1.000000,0.000000,0.000000,0.000000,0.000000,0.000000,0.000000,0.000000,0.000000,0.000000,1.000000,0.000000,3,20260920-102928,kwh,88.732
C:\Users\josep\source\repos\AIOTED-digital\04_joe_lcd_20x32\9_main_dig3_20260920-111727.jpg,9,9,1.000000,0.000000,0.000000,0.000000,0.000000,0.000000,0.000000,0.000000,0.000000,0.000000,1.000000,0.000000,3,20260920-111727,kwh,79.167
C:\Users\josep\source\repos\AIOTED-digital\04_joe_lcd_20x32\9_main_dig3_20260920-193727.jpg,9,9,0.999999,0.000000,0.000000,0.000000,0.000000,0.000000,0.000000,0.000000,0.000000,0.000001,0.999999,0.000000,3,20260920-193727,kwh,100.615
C:\Users\josep\source\repos\AIOTED-digital\04_joe_lcd_20x32\9_main_dig3_20260920-232527.jpg,9,9,0.999999,0.000000,0.000000,0.000000,0.000000,0.000000,0.000000,0.000000,0.000000,0.000001,0.999999,0.000000,3,20260920-232527,kwh,101.587
C:\Users\josep\source\repos\AIOTED-digital\04_joe_lcd_20x32\9_main_dig3_20260921-005326.jpg,9,9,1.000000,0.000000,0.000000,0.000000,0.000000,0.000000,0.000000,0.000000,0.000000,0.000000,1.000000,0.000000,3,20260921-005326,kwh,103.137
C:\Users\josep\source\repos\AIOTED-digital\04_joe_lcd_20x32\9_main_dig3_20260921-032526.jpg,9,9,0.999999,0.000000,0.000000,0.000000,0.000000,0.000000,0.000000,0.000000,0.000000,0.000001,0.999999,0.000000,3,20260921-032526,kwh,100.982
C:\Users\josep\source\repos\AIOTED-digital\04_joe_lcd_20x32\9_main_dig3_20260921-033326.jpg,9,9,0.999999,0.000000,0.000000,0.000000,0.000000,0.000000,0.000000,0.000000,0.000000,0.000001,0.999999,0.000000,3,20260921-033326,kwh,103.922
C:\Users\josep\source\repos\AIOTED-digital\04_joe_lcd_20x32\9_main_dig3_20260921-054126.jpg,9,9,0.999993,0.000001,0.000000,0.000000,0.000000,0.000000,0.000000,0.000000,0.000000,0.000006,0.999993,0.000000,3,20260921-054126,kwh,101.772
C:\Users\josep\source\repos\AIOTED-digital\04_joe_lcd_20x32\9_main_dig3_20260921-055326.jpg,9,9,0.999999,0.000000,0.000000,0.000000,0.000000,0.000000,0.000000,0.000000,0.000000,0.000001,0.999999,0.000000,3,20260921-055326,kwh,100.490
C:\Users\josep\source\repos\AIOTED-digital\04_joe_lcd_20x32\9_main_dig3_20260921-080126.jpg,9,9,1.000000,0.000000,0.000000,0.000000,0.000000,0.000000,0.000000,0.000000,0.000000,0.000000,1.000000,0.000000,3,20260921-080126,kwh,97.120
C:\Users\josep\source\repos\AIOTED-digital\04_joe_lcd_20x32\9_main_dig3_20260921-090126.jpg,9,9,1.000000,0.000000,0.000000,0.000000,0.000000,0.000000,0.000000,0.000000,0.000000,0.000000,1.000000,0.000000,3,20260921-090126,kwh,86.914
C:\Users\josep\source\repos\AIOTED-digital\04_joe_lcd_20x32\9_main_dig3_20260921-092126.jpg,9,9,1.000000,0.000000,0.000000,0.000000,0.000000,0.000000,0.000000,0.000000,0.000000,0.000000,1.000000,0.000000,3,20260921-092126,kwh,88.029
C:\Users\josep\source\repos\AIOTED-digital\04_joe_lcd_20x32\9_main_dig3_20260921-121326.jpg,9,9,1.000000,0.000000,0.000000,0.000000,0.000000,0.000000,0.000000,0.000000,0.000000,0.000000,1.000000,0.000000,3,20260921-121326,kwh,86.754
C:\Users\josep\source\repos\AIOTED-digital\04_joe_lcd_20x32\9_main_dig3_20260921-162925.jpg,9,9,1.000000,0.000000,0.000000,0.000000,0.000000,0.000000,0.000000,0.000000,0.000000,0.000000,1.000000,0.000000,3,20260921-162925,kwh,89.462
C:\Users\josep\source\repos\AIOTED-digital\04_joe_lcd_20x32\9_main_dig3_20260921-174125.jpg,9,9,1.000000,0.000000,0.000000,0.000000,0.000000,0.000000,0.000000,0.000000,0.000000,0.000000,1.000000,0.000000,3,20260921-174125,kwh,92.985
C:\Users\josep\source\repos\AIOTED-digital\04_joe_lcd_20x32\9_main_dig3_20260924-024550.jpg,9,9,0.999968,0.000001,0.000000,0.000000,0.000000,0.000000,0.000000,0.000000,0.000000,0.000031,0.999968,0.000000,3,20260924-024550,kwh,101.750
C:\Users\josep\source\repos\AIOTED-digital\04_joe_lcd_20x32\9_main_dig3_20260924-032550.jpg,9,9,0.999999,0.000000,0.000000,0.000000,0.000000,0.000000,0.000000,0.000000,0.000000,0.000001,0.999999,0.000000,3,20260924-032550,kwh,101.216
C:\Users\josep\source\repos\AIOTED-digital\04_joe_lcd_20x32\9_main_dig3_20260924-035350.jpg,9,9,1.000000,0.000000,0.000000,0.000000,0.000000,0.000000,0.000000,0.000000,0.000000,0.000000,1.000000,0.000000,3,20260924-035350,kwh,101.322
C:\Users\josep\source\repos\AIOTED-digital\04_joe_lcd_20x32\9_main_dig3_20260924-044150.jpg,9,9,0.999985,0.000001,0.000000,0.000000,0.000000,0.000000,0.000000,0.000000,0.000000,0.000014,0.999985,0.000000,3,20260924-044150,kwh,103.050
C:\Users\josep\source\repos\AIOTED-digital\04_joe_lcd_20x32\9_main_dig3_20260924-071350.jpg,9,9,0.999973,0.000001,0.000000,0.000000,0.000000,0.000000,0.000000,0.000000,0.000000,0.000027,0.999973,0.000000,3,20260924-071350,kwh,98.243
C:\Users\josep\source\repos\AIOTED-digital\04_joe_lcd_20x32\9_main_dig3_20260924-075350.jpg,9,9,1.000000,0.000000,0.000000,0.000000,0.000000,0.000000,0.000000,0.000000,0.000000,0.000000,1.000000,0.000000,3,20260924-075350,kwh,89.296
C:\Users\josep\source\repos\AIOTED-digital\04_joe_lcd_20x32\9_main_dig3_20260924-083350.jpg,9,9,1.000000,0.000000,0.000000,0.000000,0.000000,0.000000,0.000000,0.000000,0.000000,0.000000,1.000000,0.000000,3,20260924-083350,kwh,87.337
C:\Users\josep\source\repos\AIOTED-digital\04_joe_lcd_20x32\9_main_dig3_20260924-133019.jpg,9,9,1.000000,0.000000,0.000000,0.000000,0.000000,0.000000,0.000000,0.000000,0.000000,0.000000,1.000000,0.000000,3,20260924-133019,kwh,70.009
C:\Users\josep\source\repos\AIOTED-digital\04_joe_lcd_20x32\9_main_dig3_20260924-155018.jpg,9,9,1.000000,0.000000,0.000000,0.000000,0.000000,0.000000,0.000000,0.000000,0.000000,0.000000,1.000000,0.000000,3,20260924-155018,kwh,91.929
C:\Users\josep\source\repos\AIOTED-digital\04_joe_lcd_20x32\9_main_dig3_20260924-165818.jpg,9,9,1.000000,0.000000,0.000000,0.000000,0.000000,0.000000,0.000000,0.000000,0.000000,0.000000,1.000000,0.000000,3,20260924-165818,kwh,95.832
C:\Users\josep\source\repos\AIOTED-digital\04_joe_lcd_20x32\9_main_dig3_20260924-171818.jpg,9,9,1.000000,0.000000,0.000000,0.000000,0.000000,0.000000,0.000000,0.000000,0.000000,0.000000,1.000000,0.000000,3,20260924-171818,kwh,94.327
C:\Users\josep\source\repos\AIOTED-digital\04_joe_lcd_20x32\9_main_dig3_20260924-233818.jpg,9,9,0.999998,0.000000,0.000000,0.000000,0.000000,0.000000,0.000000,0.000000,0.000000,0.000002,0.999998,0.000000,3,20260924-233818,kwh,98.398
C:\Users\josep\source\repos\AIOTED-digital\04_joe_lcd_20x32\9_main_dig3_20260928-013442.jpg,9,9,0.999992,0.000001,0.000000,0.000000,0.000000,0.000000,0.000000,0.000000,0.000000,0.000007,0.999992,0.000000,3,20260928-013442,kwh,102.909
C:\Users\josep\source\repos\AIOTED-digital\04_joe_lcd_20x32\9_main_dig3_20260928-015442.jpg,9,9,0.999990,0.000001,0.000000,0.000000,0.000000,0.000000,0.000000,0.000000,0.000000,0.000009,0.999990,0.000000,3,20260928-015442,kwh,104.783
C:\Users\josep\source\repos\AIOTED-digital\04_joe_lcd_20x32\9_main_dig3_20260928-053441.jpg,9,9,0.999998,0.000000,0.000000,0.000000,0.000000,0.000000,0.000000,0.000000,0.000000,0.000002,0.999998,0.000000,3,20260928-053441,kwh,102.879
C:\Users\josep\source\repos\AIOTED-digital\04_joe_lcd_20x32\9_main_dig3_20260928-070641.jpg,9,9,0.999998,0.000000,0.000000,0.000000,0.000000,0.000000,0.000000,0.000000,0.000000,0.000002,0.999998,0.000000,3,20260928-070641,kwh,102.267
C:\Users\josep\source\repos\AIOTED-digital\04_joe_lcd_20x32\9_main_dig3_20260928-072641.jpg,9,9,1.000000,0.000000,0.000000,0.000000,0.000000,0.000000,0.000000,0.000000,0.000000,0.000000,1.000000,0.000000,3,20260928-072641,kwh,100.551
C:\Users\josep\source\repos\AIOTED-digital\04_joe_lcd_20x32\9_main_dig3_20260928-075441.jpg,9,9,1.000000,0.000000,0.000000,0.000000,0.000000,0.000000,0.000000,0.000000,0.000000,0.000000,1.000000,0.000000,3,20260928-075441,kwh,88.363
C:\Users\josep\source\repos\AIOTED-digital\04_joe_lcd_20x32\9_main_dig3_20260928-143440.jpg,9,9,1.000000,0.000000,0.000000,0.000000,0.000000,0.000000,0.000000,0.000000,0.000000,0.000000,1.000000,0.000000,3,20260928-143440,kwh,82.648
C:\Users\josep\source\repos\AIOTED-digital\04_joe_lcd_20x32\9_main_dig3_20260928-161440.jpg,9,9,1.000000,0.000000,0.000000,0.000000,0.000000,0.000000,0.000000,0.000000,0.000000,0.000000,1.000000,0.000000,3,20260928-161440,kwh,92.894
C:\Users\josep\source\repos\AIOTED-digital\04_joe_lcd_20x32\9_main_dig3_20260928-210240.jpg,9,9,0.999997,0.000000,0.000000,0.000000,0.000000,0.000000,0.000000,0.000000,0.000000,0.000003,0.999997,0.000000,3,20260928-210240,kwh,103.848
C:\Users\josep\source\repos\AIOTED-digital\04_joe_lcd_20x32\9_main_dig5_20260820-165754.jpg,9,9,1.000000,0.000000,0.000000,0.000000,0.000000,0.000000,0.000000,0.000000,0.000000,0.000000,1.000000,0.000000,5,20260820-165754,kwh,58.832
C:\Users\josep\source\repos\AIOTED-digital\04_joe_lcd_20x32\9_main_dig5_20260820-170554.jpg,9,9,1.000000,0.000000,0.000000,0.000000,0.000000,0.000000,0.000000,0.000000,0.000000,0.000000,1.000000,0.000000,5,20260820-170554,kwh,58.060
C:\Users\josep\source\repos\AIOTED-digital\04_joe_lcd_20x32\9_main_dig5_20260820-171754.jpg,9,9,1.000000,0.000000,0.000000,0.000000,0.000000,0.000000,0.000000,0.000000,0.000000,0.000000,1.000000,0.000000,5,20260820-171754,kwh,57.497
C:\Users\josep\source\repos\AIOTED-digital\04_joe_lcd_20x32\9_main_dig5_20260820-172554.jpg,9,9,1.000000,0.000000,0.000000,0.000000,0.000000,0.000000,0.000000,0.000000,0.000000,0.000000,1.000000,0.000000,5,20260820-172554,kwh,57.060
C:\Users\josep\source\repos\AIOTED-digital\04_joe_lcd_20x32\9_main_dig5_20260920-002928.jpg,9,9,0.998877,0.000046,0.000000,0.000000,0.000000,0.000683,0.000024,0.000000,0.000000,0.000370,0.998877,0.000000,5,20260920-002928,kwh,57.018
C:\Users\josep\source\repos\AIOTED-digital\04_joe_lcd_20x32\9_main_dig5_20260920-012128.jpg,9,9,0.996893,0.000004,0.000000,0.000000,0.000000,0.002896,0.000077,0.000000,0.000000,0.000130,0.996893,0.000000,5,20260920-012128,kwh,59.203
C:\Users\josep\source\repos\AIOTED-digital\04_joe_lcd_20x32\9_main_dig5_20260920-012928.jpg,9,9,0.998127,0.000001,0.000000,0.000000,0.000000,0.001662,0.000158,0.000000,0.000000,0.000051,0.998127,0.000000,5,20260920-012928,kwh,58.594
C:\Users\josep\source\repos\AIOTED-digital\04_joe_lcd_20x32\9_main_dig5_20260920-032128.jpg,9,9,0.999294,0.000001,0.000000,0.000000,0.000000,0.000654,0.000018,0.000000,0.000000,0.000033,0.999294,0.000000,5,20260920-032128,kwh,58.594
C:\Users\josep\source\repos\AIOTED-digital\04_joe_lcd_20x32\9_main_dig5_20260920-040928.jpg,9,9,0.998865,0.000001,0.000000,0.000000,0.000000,0.001076,0.000017,0.000000,0.000000,0.000041,0.998865,0.000000,5,20260920-040928,kwh,58.737
C:\Users\josep\source\repos\AIOTED-digital\04_joe_lcd_20x32\9_main_dig5_20260920-044128.jpg,9,9,0.998974,0.000006,0.000000,0.000000,0.000000,0.000863,0.000022,0.000000,0.000000,0.000135,0.998974,0.000000,5,20260920-044128,kwh,58.082
C:\Users\josep\source\repos\AIOTED-digital\04_joe_lcd_20x32\9_main_dig5_20260920-052128.jpg,9,9,0.999312,0.000000,0.000000,0.000000,0.000000,0.000656,0.000020,0.000000,0.000000,0.000013,0.999312,0.000000,5,20260920-052128,kwh,59.654
C:\Users\josep\source\repos\AIOTED-digital\04_joe_lcd_20x32\9_main_dig5_20260920-052928.jpg,9,9,0.998245,0.000001,0.000000,0.000000,0.000000,0.001624,0.000115,0.000000,0.000000,0.000016,0.998245,0.000000,5,20260920-052928,kwh,58.822
C:\Users\josep\source\repos\AIOTED-digital\04_joe_lcd_20x32\9_main_dig5_20260920-053728.jpg,9,9,0.999262,0.000007,0.000000,0.000000,0.000000,0.000638,0.000015,0.000000,0.000000,0.000078,0.999262,0.000000,5,20260920-053728,kwh,58.228
C:\Users\josep\source\repos\AIOTED-digital\04_joe_lcd_20x32\9_main_dig5_20260920-062928.jpg,9,9,0.998837,0.000002,0.000000,0.000000,0.000000,0.001048,0.000053,0.000000,0.000000,0.000060,0.998837,0.000000,5,20260920-062928,kwh,57.010
C:\Users\josep\source\repos\AIOTED-digital\04_joe_lcd_20x32\9_main_dig5_20260920-063728.jpg,9,9,0.999162,0.000002,0.000000,0.000000,0.000000,0.000755,0.000023,0.000000,0.000000,0.000058,0.999162,0.000000,5,20260920-063728,kwh,57.149
C:\Users\josep\source\repos\AIOTED-digital\04_joe_lcd_20x32\9_main_dig5_20260920-065728.jpg,9,9,0.996872,0.000041,0.000000,0.000000,0.000000,0.002788,0.000059,0.000000,0.000000,0.000241,0.996872,0.000000,5,20260920-065728,kwh,53.747
C:\Users\josep\source\repos\AIOTED-digital\04_joe_lcd_20x32\9_main_dig5_20260920-070928.jpg,9,9,0.999613,0.000002,0.000000,0.000000,0.000000,0.000361,0.000002,0.000000,0.000000,0.000022,0.999613,0.000000,5,20260920-070928,kwh,51.627
C:\Users\josep\source\repos\AIOTED-digital\04_joe_lcd_20x32\9_main_dig5_20260920-071728.jpg,9,9,0.999688,0.000000,0.000000,0.000000,0.000000,0.000304,0.000000,0.000000,0.000000,0.000008,0.999688,0.000000,5,20260920-071728,kwh,49.857
C:\Users\josep\source\repos\AIOTED-digital\04_joe_lcd_20x32\9_main_dig5_20260920-072928.jpg,9,9,0.999959,0.000000,0.000000,0.000000,0.000000,0.000038,0.000000,0.000000,0.000000,0.000003,0.999959,0.000000,5,20260920-072928,kwh,50.391
C:\Users\josep\source\repos\AIOTED-digital\04_joe_lcd_20x32\9_main_dig5_20260920-073728.jpg,9,9,0.999719,0.000000,0.000000,0.000000,0.000000,0.000274,0.000001,0.000000,0.000000,0.000006,0.999719,0.000000,5,20260920-073728,kwh,50.138
C:\Users\josep\source\repos\AIOTED-digital\04_joe_lcd_20x32\9_main_dig5_20260920-074928.jpg,9,9,0.999962,0.000000,0.000000,0.000000,0.000000,0.000037,0.000000,0.000000,0.000000,0.000001,0.999962,0.000000,5,20260920-074928,kwh,50.109
C:\Users\josep\source\repos\AIOTED-digital\04_joe_lcd_20x32\9_main_dig5_20260920-075728.jpg,9,9,0.999979,0.000000,0.000000,0.000000,0.000000,0.000012,0.000000,0.000000,0.000000,0.000009,0.999979,0.000000,5,20260920-075728,kwh,51.330
C:\Users\josep\source\repos\AIOTED-digital\04_joe_lcd_20x32\9_main_dig5_20260920-080928.jpg,9,9,0.999976,0.000000,0.000000,0.000000,0.000000,0.000022,0.000000,0.000000,0.000000,0.000002,0.999976,0.000000,5,20260920-080928,kwh,49.365
C:\Users\josep\source\repos\AIOTED-digital\04_joe_lcd_20x32\9_main_dig5_20260920-082928.jpg,9,9,0.999993,0.000000,0.000000,0.000000,0.000000,0.000007,0.000000,0.000000,0.000000,0.000001,0.999993,0.000000,5,20260920-082928,kwh,50.134
C:\Users\josep\source\repos\AIOTED-digital\04_joe_lcd_20x32\9_main_dig5_20260920-083728.jpg,9,9,0.999983,0.000000,0.000000,0.000000,0.000000,0.000016,0.000000,0.000000,0.000000,0.000002,0.999983,0.000000,5,20260920-083728,kwh,50.885
C:\Users\josep\source\repos\AIOTED-digital\04_joe_lcd_20x32\9_main_dig5_20260920-084928.jpg,9,9,0.999991,0.000000,0.000000,0.000000,0.000000,0.000006,0.000000,0.000000,0.000000,0.000003,0.999991,0.000000,5,20260920-084928,kwh,49.342
C:\Users\josep\source\repos\AIOTED-digital\04_joe_lcd_20x32\9_main_dig5_20260920-085728.jpg,9,9,0.999985,0.000000,0.000000,0.000000,0.000000,0.000014,0.000000,0.000000,0.000000,0.000001,0.999985,0.000000,5,20260920-085728,kwh,50.777
C:\Users\josep\source\repos\AIOTED-digital\04_joe_lcd_20x32\9_main_dig5_20260920-091728.jpg,9,9,0.999990,0.000000,0.000000,0.000000,0.000000,0.000010,0.000000,0.000000,0.000000,0.000001,0.999990,0.000000,5,20260920-091728,kwh,53.869
C:\Users\josep\source\repos\AIOTED-digital\04_joe_lcd_20x32\9_main_dig5_20260924-145019.jpg,9,9,0.999564,0.000000,0.000000,0.000000,0.000000,0.000433,0.000000,0.000000,0.000000,0.000002,0.999564,0.000000,5,20260924-145019,kwh,65.207
C:\Users\josep\source\repos\AIOTED-digital\04_joe_lcd_20x32\9_main_dig5_20260924-145819.jpg,9,9,0.999446,0.000000,0.000000,0.000000,0.000000,0.000552,0.000000,0.000000,0.000000,0.000002,0.999446,0.000000,5,20260924-145819,kwh,69.388
C:\Users\josep\source\repos\AIOTED-digital\04_joe_lcd_20x32\9_main_dig5_20260924-151819.jpg,9,9,0.995809,0.000000,0.000000,0.000000,0.000000,0.004189,0.000000,0.000000,0.000000,0.000001,0.995809,0.000000,5,20260924-151819,kwh,65.536
C:\Users\josep\source\repos\AIOTED-digital\04_joe_lcd_20x32\9_main_dig5_20260924-153018.jpg,9,9,0.999509,0.000000,0.000000,0.000000,0.000000,0.000491,0.000000,0.000000,0.000000,0.000000,0.999509,0.000000,5,20260924-153018,kwh,65.776
C:\Users\josep\source\repos\AIOTED-digital\04_joe_lcd_20x32\9_main_dig5_20260924-153818.jpg,9,9,0.999990,0.000000,0.000000,0.000000,0.000000,0.000010,0.000000,0.000000,0.000000,0.000000,0.999990,0.000000,5,20260924-153818,kwh,58.966
C:\Users\josep\source\repos\AIOTED-digital\04_joe_lcd_20x32\9_main_dig5_20260924-155818.jpg,9,9,0.999703,0.000000,0.000000,0.000000,0.000000,0.000296,0.000000,0.000000,0.000000,0.000001,0.999703,0.000000,5,20260924-155818,kwh,50.105
C:\Users\josep\source\repos\AIOTED-digital\04_joe_lcd_20x32\9_main_dig5_20260924-161018.jpg,9,9,0.999891,0.000000,0.000000,0.000000,0.000000,0.000102,0.000000,0.000000,0.000000,0.000006,0.999891,0.000000,5,20260924-161018,kwh,50.408
C:\Users\josep\source\repos\AIOTED-digital\04_joe_lcd_20x32\9_main_dig5_20260924-163819.jpg,9,9,0.999649,0.000000,0.000000,0.000000,0.000000,0.000348,0.000002,0.000000,0.000000,0.000000,0.999649,0.000000,5,20260924-163819,kwh,50.772
C:\Users\josep\source\repos\AIOTED-digital\04_joe_lcd_20x32\9_main_dig5_20260924-164619.jpg,9,9,0.999604,0.000000,0.000000,0.000000,0.000000,0.000394,0.000001,0.000000,0.000000,0.000001,0.999604,0.000000,5,20260924-164619,kwh,51.335
C:\Users\josep\source\repos\AIOTED-digital\04_joe_lcd_20x32\9_main_dig5_20260924-172619.jpg,9,9,0.999893,0.000000,0.000000,0.000000,0.000000,0.000103,0.000000,0.000000,0.000000,0.000004,0.999893,0.000000,5,20260924-172619,kwh,52.000
C:\Users\josep\source\repos\AIOTED-digital\04_joe_lcd_20x32\9_main_dig5_20260924-173018.jpg,9,9,0.999788,0.000000,0.000000,0.000000,0.000000,0.000209,0.000000,0.000000,0.000000,0.000002,0.999788,0.000000,5,20260924-173018,kwh,50.820
C:\Users\josep\source\repos\AIOTED-digital\04_joe_lcd_20x32\9_main_dig5_20260924-175818.jpg,9,9,0.999008,0.000000,0.000000,0.000000,0.000000,0.000987,0.000001,0.000000,0.000000,0.000004,0.999008,0.000000,5,20260924-175818,kwh,51.366
C:\Users\josep\source\repos\AIOTED-digital\04_joe_lcd_20x32\9_main_dig5_20260924-190618.jpg,9,9,0.999103,0.000002,0.000000,0.000000,0.000000,0.000752,0.000021,0.000000,0.000000,0.000121,0.999103,0.000000,5,20260924-190618,kwh,58.975
C:\Users\josep\source\repos\AIOTED-digital\04_joe_lcd_20x32\9_main_dig5_20260924-194618.jpg,9,9,0.989225,0.000007,0.000000,0.000000,0.000000,0.010490,0.000089,0.000000,0.000000,0.000190,0.989225,0.000000,5,20260924-194618,kwh,57.760
C:\Users\josep\source\repos\AIOTED-digital\04_joe_lcd_20x32\9_main_dig5_20260924-200618.jpg,9,9,0.999432,0.000002,0.000000,0.000000,0.000000,0.000456,0.000032,0.000000,0.000000,0.000078,0.999432,0.000000,5,20260924-200618,kwh,58.954
C:\Users\josep\source\repos\AIOTED-digital\04_joe_lcd_20x32\9_main_dig5_20260924-210618.jpg,9,9,0.999409,0.000001,0.000000,0.000000,0.000000,0.000523,0.000042,0.000000,0.000000,0.000025,0.999409,0.000000,5,20260924-210618,kwh,59.206
C:\Users\josep\source\repos\AIOTED-digital\04_joe_lcd_20x32\9_main_dig5_20260924-214618.jpg,9,9,0.998400,0.000008,0.000000,0.000000,0.000000,0.001337,0.000044,0.000000,0.000000,0.000211,0.998400,0.000000,5,20260924-214618,kwh,56.836
C:\Users\josep\source\repos\AIOTED-digital\04_joe_lcd_20x32\9_main_dig5_20260924-232618.jpg,9,9,0.998598,0.000008,0.000000,0.000000,0.000000,0.001142,0.000072,0.000000,0.000000,0.000179,0.998598,0.000000,5,20260924-232618,kwh,58.235
C:\Users\josep\source\repos\AIOTED-digital\04_joe_lcd_20x32\9_main_dig5_20260924-235818.jpg,9,9,0.999078,0.000000,0.000000,0.000000,0.000000,0.000879,0.000034,0.000000,0.000000,0.000009,0.999078,0.000000,5,20260924-235818,kwh,59.825
C:\Users\josep\source\repos\AIOTED-digital\04_joe_lcd_20x32\9_main_dig6_20260806-013615.jpg,9,9,0.704175,0.146601,0.000001,0.000000,0.000002,0.004514,0.003640,0.000351,0.000023,0.140674,0.704175,0.000019,6,20260806-013615,kwh,33.571
C:\Users\josep\source\repos\AIOTED-digital\04_joe_lcd_20x32\9_main_dig6_20260806-014415.jpg,9,9,0.623332,0.197156,0.000010,0.000004,0.000012,0.008984,0.007090,0.001136,0.000143,0.161826,0.623332,0.000308,6,20260806-014415,kwh,32.412
C:\Users\josep\source\repos\AIOTED-digital\04_joe_lcd_20x32\9_main_dig6_20260806-015615.jpg,9,9,0.776942,0.054674,0.000003,0.000002,0.000010,0.007668,0.006562,0.000733,0.000027,0.153286,0.776942,0.000093,6,20260806-015615,kwh,32.794
C:\Users\josep\source\repos\AIOTED-digital\04_joe_lcd_20x32\9_main_dig6_20260806-020415.jpg,9,9,0.483144,0.269204,0.000012,0.000002,0.000008,0.008445,0.007617,0.002490,0.000093,0.228905,0.483144,0.000081,6,20260806-020415,kwh,33.048
C:\Users\josep\source\repos\AIOTED-digital\04_joe_lcd_20x32\9_main_dig6_20260806-021615.jpg,9,9,0.735110,0.094119,0.000006,0.000002,0.000013,0.013243,0.015486,0.001703,0.000065,0.140111,0.735110,0.000141,6,20260806-021615,kwh,32.915
C:\Users\josep\source\repos\AIOTED-digital\04_joe_lcd_20x32\9_main_dig6_20260806-022415.jpg,9,9,0.581927,0.174129,0.000005,0.000002,0.000006,0.006665,0.004047,0.000863,0.000043,0.232127,0.581927,0.000187,6,20260806-022415,kwh,33.665
C:\Users\josep\source\repos\AIOTED-digital\04_joe_lcd_20x32\9_main_dig6_20260806-023615.jpg,9,9,0.819030,0.069620,0.000005,0.000002,0.000013,0.009506,0.009559,0.000683,0.000060,0.091335,0.819030,0.000186,6,20260806-023615,kwh,32.334
C:\Users\josep\source\repos\AIOTED-digital\04_joe_lcd_20x32\9_main_dig6_20260806-024415.jpg,9,9,0.701224,0.119048,0.000002,0.000001,0.000004,0.004592,0.006003,0.000887,0.000029,0.168142,0.701224,0.000068,6,20260806-024415,kwh,31.904
C:\Users\josep\source\repos\AIOTED-digital\04_joe_lcd_20x32\9_main_dig6_20260806-030415.jpg,9,9,0.858382,0.051864,0.000001,0.000000,0.000001,0.005391,0.011268,0.000490,0.000008,0.072567,0.858382,0.000030,6,20260806-030415,kwh,33.035
C:\Users\josep\source\repos\AIOTED-digital\04_joe_lcd_20x32\9_main_dig6_20260806-072814.jpg,9,9,1.000000,0.000000,0.000000,0.000000,0.000000,0.000000,0.000000,0.000000,0.000000,0.000000,1.000000,0.000000,6,20260806-072814,kwh,61.686
C:\Users\josep\source\repos\AIOTED-digital\04_joe_lcd_20x32\9_main_dig6_20260806-115214.jpg,9,9,0.997488,0.000000,0.000000,0.000000,0.000000,0.002512,0.000000,0.000000,0.000000,0.000000,0.997488,0.000000,6,20260806-115214,kwh,55.668
C:\Users\josep\source\repos\AIOTED-digital\04_joe_lcd_20x32\9_main_dig6_20260806-120014.jpg,9,4,0.663751,0.000000,0.000000,0.000000,0.000000,0.663751,0.000000,0.000000,0.000000,0.000000,0.336249,0.000000,6,20260806-120014,kwh,63.008
C:\Users\josep\source\repos\AIOTED-digital\04_joe_lcd_20x32\9_main_dig6_20260806-121214.jpg,9,4,0.962015,0.000000,0.000000,0.000000,0.000000,0.962015,0.000000,0.000000,0.000000,0.000000,0.037985,0.000000,6,20260806-121214,kwh,73.014
C:\Users\josep\source\repos\AIOTED-digital\04_joe_lcd_20x32\9_main_dig6_20260806-203213.jpg,9,9,0.949854,0.026861,0.000000,0.000000,0.000000,0.000044,0.000017,0.000000,0.000001,0.023223,0.949854,0.000000,6,20260806-203213,kwh,30.439
C:\Users\josep\source\repos\AIOTED-digital\04_joe_lcd_20x32\9_main_dig6_20260806-204013.jpg,9,9,0.974630,0.007852,0.000000,0.000000,0.000000,0.000040,0.000002,0.000000,0.000002,0.017473,0.974630,0.000000,6,20260806-204013,kwh,31.110
C:\Users\josep\source\repos\AIOTED-digital\04_joe_lcd_20x32\9_main_dig6_20260806-204813.jpg,9,9,0.958963,0.018050,0.000000,0.000000,0.000000,0.000027,0.000011,0.000000,0.000001,0.022948,0.958963,0.000000,6,20260806-204813,kwh,31.121
C:\Users\josep\source\repos\AIOTED-digital\04_joe_lcd_20x32\9_main_dig6_20260806-205213.jpg,9,9,0.963176,0.015376,0.000000,0.000000,0.000000,0.000089,0.000009,0.000000,0.000003,0.021346,0.963176,0.000000,6,20260806-205213,kwh,31.606
C:\Users\josep\source\repos\AIOTED-digital\04_joe_lcd_20x32\9_main_dig6_20260806-224413.jpg,9,9,0.944583,0.019839,0.000000,0.000000,0.000000,0.000195,0.006264,0.000048,0.000000,0.029070,0.944583,0.000000,6,20260806-224413,blank09,33.097
C:\Users\josep\source\repos\AIOTED-digital\04_joe_lcd_20x32\9_main_dig6_20260806-232413.jpg,9,9,0.928138,0.035607,0.000000,0.000000,0.000000,0.000084,0.007545,0.000051,0.000006,0.028568,0.928138,0.000000,6,20260806-232413,blank09,32.082
C:\Users\josep\source\repos\AIOTED-digital\04_joe_lcd_20x32\9_main_dig6_20260806-234413.jpg,9,9,0.901073,0.061887,0.000000,0.000000,0.000000,0.000258,0.010587,0.000085,0.000001,0.026109,0.901073,0.000000,6,20260806-234413,blank09,32.055
C:\Users\josep\source\repos\AIOTED-digital\04_joe_lcd_20x32\9_main_dig6_20260821-091752.jpg,9,9,0.982405,0.000081,0.000000,0.000000,0.000000,0.000005,0.000001,0.000000,0.000000,0.017509,0.982405,0.000000,6,20260821-091752,kwh,27.830
C:\Users\josep\source\repos\AIOTED-digital\04_joe_lcd_20x32\9_main_dig6_20260904-075506.jpg,9,9,0.709493,0.003784,0.000001,0.000279,0.000949,0.000711,0.005329,0.000534,0.000028,0.278878,0.709493,0.000016,6,20260904-075506,kwh,28.391
C:\Users\josep\source\repos\AIOTED-digital\04_joe_lcd_20x32\9_main_dig6_20260904-205858.jpg,9,9,0.960718,0.000346,0.000000,0.000001,0.000044,0.001410,0.000898,0.000016,0.000002,0.036565,0.960718,0.000002,6,20260904-205858,kwh,26.171
C:\Users\josep\source\repos\AIOTED-digital\04_joe_lcd_20x32\9_main_dig6_20260912-044027.jpg,9,9,0.766023,0.009245,0.000003,0.000003,0.000038,0.007605,0.005076,0.000432,0.000008,0.211566,0.766023,0.000001,6,20260912-044027,kwh,27.168
C:\Users\josep\source\repos\AIOTED-digital\04_joe_lcd_20x32\9_main_dig6_20260912-044827.jpg,9,9,0.702584,0.002622,0.000002,0.000016,0.000166,0.010971,0.010807,0.001638,0.000006,0.271182,0.702584,0.000005,6,20260912-044827,kwh,26.567
C:\Users\josep\source\repos\AIOTED-digital\04_joe_lcd_20x32\9_main_dig6_20260912-111227.jpg,9,9,1.000000,0.000000,0.000000,0.000000,0.000000,0.000000,0.000000,0.000000,0.000000,0.000000,1.000000,0.000000,6,20260912-111227,kwh,89.337
C:\Users\josep\source\repos\AIOTED-digital\04_joe_lcd_20x32\9_main_dig6_20260912-130827.jpg,9,9,0.999999,0.000000,0.000000,0.000000,0.000000,0.000001,0.000000,0.000000,0.000000,0.000000,0.999999,0.000000,6,20260912-130827,kwh,40.327
C:\Users\josep\source\repos\AIOTED-digital\04_joe_lcd_20x32\9_main_dig6_20260912-183658.jpg,9,9,0.996584,0.000000,0.000000,0.000000,0.000000,0.000290,0.000000,0.000000,0.000000,0.003125,0.996584,0.000000,6,20260912-183658,kwh,24.945
C:\Users\josep\source\repos\AIOTED-digital\04_joe_lcd_20x32\9_main_dig6_20260920-091328.jpg,9,9,0.999972,0.000000,0.000000,0.000000,0.000000,0.000001,0.000000,0.000000,0.000000,0.000027,0.999972,0.000000,6,20260920-091328,kwh,84.437
C:\Users\josep\source\repos\AIOTED-digital\04_joe_lcd_20x32\9_main_dig6_20260920-182527.jpg,9,9,0.999472,0.000000,0.000000,0.000000,0.000000,0.000174,0.000000,0.000000,0.000000,0.000354,0.999472,0.000000,6,20260920-182527,kwh,24.587
C:\Users\josep\source\repos\AIOTED-digital\04_joe_lcd_20x32\9_main_dig6_20260920-190527.jpg,9,9,0.838908,0.010936,0.000014,0.000017,0.000375,0.004528,0.009141,0.000489,0.000077,0.135509,0.838908,0.000006,6,20260920-190527,kwh,26.023
C:\Users\josep\source\repos\AIOTED-digital\04_joe_lcd_20x32\9_main_dig6_20260921-081326.jpg,9,9,0.999479,0.000000,0.000000,0.000000,0.000000,0.000000,0.000000,0.000000,0.000000,0.000521,0.999479,0.000000,6,20260921-081326,kwh,37.441
C:\Users\josep\source\repos\AIOTED-digital\04_joe_lcd_20x32\9_main_dig6_20260921-162925.jpg,9,9,0.999587,0.000000,0.000000,0.000000,0.000000,0.000000,0.000000,0.000000,0.000000,0.000413,0.999587,0.000000,6,20260921-162925,kwh,44.950
C:\Users\josep\source\repos\AIOTED-digital\04_joe_lcd_20x32\9_main_dig6_20260924-031350.jpg,9,9,0.523311,0.018480,0.000279,0.000940,0.008269,0.006317,0.010213,0.003139,0.000878,0.428093,0.523311,0.000082,6,20260924-031350,kwh,27.015
C:\Users\josep\source\repos\AIOTED-digital\04_joe_lcd_20x32\9_main_dig6_20260924-061750.jpg,9,9,0.852615,0.000506,0.000000,0.000001,0.000070,0.002396,0.000122,0.000007,0.000002,0.144280,0.852615,0.000000,6,20260924-061750,kwh,23.727
C:\Users\josep\source\repos\AIOTED-digital\04_joe_lcd_20x32\9_main_dig6_20260924-065750.jpg,9,9,0.881546,0.000476,0.000000,0.000000,0.000000,0.000400,0.000006,0.000000,0.000000,0.117572,0.881546,0.000000,6,20260924-065750,kwh,22.865
C:\Users\josep\source\repos\AIOTED-digital\04_joe_lcd_20x32\9_main_dig6_20260924-141419.jpg,9,9,1.000000,0.000000,0.000000,0.000000,0.000000,0.000000,0.000000,0.000000,0.000000,0.000000,1.000000,0.000000,6,20260924-141419,kwh,63.483
C:\Users\josep\source\repos\AIOTED-digital\04_joe_lcd_20x32\9_main_dig6_20260928-131841.jpg,9,9,1.000000,0.000000,0.000000,0.000000,0.000000,0.000000,0.000000,0.000000,0.000000,0.000000,1.000000,0.000000,6,20260928-131841,kwh,68.976
C:\Users\josep\source\repos\AIOTED-digital\04_joe_lcd_20x32\9_main_dig6_20260928-220240.jpg,9,9,0.813225,0.019733,0.000133,0.000040,0.000992,0.016770,0.013849,0.000984,0.000321,0.133929,0.813225,0.000024,6,20260928-220240,kwh,25.195
C:\Users\josep\source\repos\AIOTED-digital\04_joe_lcd_20x32\9_main_dig6_20260928-221040.jpg,9,9,0.831693,0.005650,0.000020,0.000015,0.000271,0.018553,0.019719,0.001117,0.000044,0.122909,0.831693,0.000009,6,20260928-221040,kwh,26.345
C:\Users\josep\source\repos\AIOTED-digital\04_joe_lcd_20x32\N_main_dig2_20260806-002015.jpg,N,N,0.999998,0.000000,0.000000,0.000002,0.000000,0.000000,0.000000,0.000000,0.000000,0.000000,0.000000,0.999998,2,20260806-002015,blank09,116.511
C:\Users\josep\source\repos\AIOTED-digital\04_joe_lcd_20x32\N_main_dig2_20260806-060815.jpg,N,N,1.000000,0.000000,0.000000,0.000000,0.000000,0.000000,0.000000,0.000000,0.000000,0.000000,0.000000,1.000000,2,20260806-060815,blank09,106.842
C:\Users\josep\source\repos\AIOTED-digital\04_joe_lcd_20x32\N_main_dig2_20260806-064814.jpg,N,N,1.000000,0.000000,0.000000,0.000000,0.000000,0.000000,0.000000,0.000000,0.000000,0.000000,0.000000,1.000000,2,20260806-064814,blank09,89.980
C:\Users\josep\source\repos\AIOTED-digital\04_joe_lcd_20x32\N_main_dig2_20260806-193613.jpg,N,N,1.000000,0.000000,0.000000,0.000001,0.000000,0.000000,0.000000,0.000000,0.000000,0.000000,0.000000,1.000000,2,20260806-193613,blank09,94.831
C:\Users\josep\source\repos\AIOTED-digital\04_joe_lcd_20x32\N_main_dig2_20260806-224413.jpg,N,N,0.999994,0.000000,0.000000,0.000004,0.000000,0.000000,0.000000,0.000000,0.000002,0.000000,0.000000,0.999994,2,20260806-224413,blank09,108.285
C:\Users\josep\source\repos\AIOTED-digital\04_joe_lcd_20x32\N_main_dig2_20260806-232413.jpg,N,N,0.999990,0.000000,0.000000,0.000005,0.000000,0.000000,0.000000,0.000000,0.000004,0.000000,0.000000,0.999990,2,20260806-232413,blank09,107.235
C:\Users\josep\source\repos\AIOTED-digital\04_joe_lcd_20x32\N_main_dig2_20260806-234413.jpg,N,N,0.999974,0.000000,0.000000,0.000005,0.000001,0.000000,0.000000,0.000000,0.000019,0.000000,0.000000,0.999974,2,20260806-234413,blank09,108.190
C:\Users\josep\source\repos\AIOTED-digital\04_joe_lcd_20x32\N_main_dig2_20260820-083354.jpg,N,N,1.000000,0.000000,0.000000,0.000000,0.000000,0.000000,0.000000,0.000000,0.000000,0.000000,0.000000,1.000000,2,20260820-083354,blank09,64.222
C:\Users\josep\source\repos\AIOTED-digital\04_joe_lcd_20x32\N_main_dig2_20260820-182153.jpg,N,N,1.000000,0.000000,0.000000,0.000000,0.000000,0.000000,0.000000,0.000000,0.000000,0.000000,0.000000,1.000000,2,20260820-182153,blank09,90.270
C:\Users\josep\source\repos\AIOTED-digital\04_joe_lcd_20x32\N_main_dig2_20260821-123752.jpg,N,N,1.000000,0.000000,0.000000,0.000000,0.000000,0.000000,0.000000,0.000000,0.000000,0.000000,0.000000,1.000000,2,20260821-123752,blank09,72.242
C:\Users\josep\source\repos\AIOTED-digital\04_joe_lcd_20x32\N_main_dig2_20260821-182552.jpg,N,N,1.000000,0.000000,0.000000,0.000000,0.000000,0.000000,0.000000,0.000000,0.000000,0.000000,0.000000,1.000000,2,20260821-182552,blank09,84.117
C:\Users\josep\source\repos\AIOTED-digital\04_joe_lcd_20x32\N_main_dig2_20260904-055106.jpg,N,N,1.000000,0.000000,0.000000,0.000000,0.000000,0.000000,0.000000,0.000000,0.000000,0.000000,0.000000,1.000000,2,20260904-055106,blank09,98.902
C:\Users\josep\source\repos\AIOTED-digital\04_joe_lcd_20x32\N_main_dig2_20260904-091906.jpg,N,N,1.000000,0.000000,0.000000,0.000000,0.000000,0.000000,0.000000,0.000000,0.000000,0.000000,0.000000,1.000000,2,20260904-091906,blank09,89.822
C:\Users\josep\source\repos\AIOTED-digital\04_joe_lcd_20x32\N_main_dig2_20260904-133059.jpg,N,N,1.000000,0.000000,0.000000,0.000000,0.000000,0.000000,0.000000,0.000000,0.000000,0.000000,0.000000,1.000000,2,20260904-133059,blank09,47.783
C:\Users\josep\source\repos\AIOTED-digital\04_joe_lcd_20x32\N_main_dig2_20260912-091227.jpg,N,N,1.000000,0.000000,0.000000,0.000000,0.000000,0.000000,0.000000,0.000000,0.000000,0.000000,0.000000,1.000000,2,20260912-091227,blank09,58.611
C:\Users\josep\source\repos\AIOTED-digital\04_joe_lcd_20x32\N_main_dig2_20260912-213658.jpg,N,N,1.000000,0.000000,0.000000,0.000000,0.000000,0.000000,0.000000,0.000000,0.000000,0.000000,0.000000,1.000000,2,20260912-213658,blank09,95.469
C:\Users\josep\source\repos\AIOTED-digital\04_joe_lcd_20x32\N_main_dig2_20260920-105328.jpg,N,N,1.000000,0.000000,0.000000,0.000000,0.000000,0.000000,0.000000,0.000000,0.000000,0.000000,0.000000,1.000000,2,20260920-105328,blank09,56.107
C:\Users\josep\source\repos\AIOTED-digital\04_joe_lcd_20x32\N_main_dig2_20260920-184127.jpg,N,N,0.999999,0.000000,0.000000,0.000000,0.000000,0.000000,0.000001,0.000000,0.000000,0.000000,0.000000,0.999999,2,20260920-184127,blank09,94.842
C:\Users\josep\source\repos\AIOTED-digital\04_joe_lcd_20x32\N_main_dig2_20260920-194127.jpg,N,N,0.999999,0.000000,0.000000,0.000000,0.000000,0.000000,0.000001,0.000000,0.000000,0.000000,0.000000,0.999999,2,20260920-194127,blank09,97.104
C:\Users\josep\source\repos\AIOTED-digital\04_joe_lcd_20x32\N_main_dig2_20260921-081726.jpg,N,N,0.999999,0.000000,0.000000,0.000000,0.000000,0.000000,0.000001,0.000000,0.000000,0.000000,0.000000,0.999999,2,20260921-081726,blank09,81.427
C:\Users\josep\source\repos\AIOTED-digital\04_joe_lcd_20x32\N_main_dig2_20260921-172525.jpg,N,N,1.000000,0.000000,0.000000,0.000000,0.000000,0.000000,0.000000,0.000000,0.000000,0.000000,0.000000,1.000000,2,20260921-172525,blank09,84.036
C:\Users\josep\source\repos\AIOTED-digital\04_joe_lcd_20x32\N_main_dig2_20260921-202525.jpg,N,N,0.995021,0.000003,0.000000,0.000008,0.000102,0.000000,0.000263,0.000036,0.000030,0.004502,0.000036,0.995021,2,20260921-202525,blank09,92.953
C:\Users\josep\source\repos\AIOTED-digital\04_joe_lcd_20x32\N_main_dig2_20260924-071750.jpg,N,N,1.000000,0.000000,0.000000,0.000000,0.000000,0.000000,0.000001,0.000000,0.000000,0.000000,0.000000,1.000000,2,20260924-071750,blank09,88.918
C:\Users\josep\source\repos\AIOTED-digital\04_joe_lcd_20x32\N_main_dig2_20260924-093750.jpg,N,N,1.000000,0.000000,0.000000,0.000000,0.000000,0.000000,0.000000,0.000000,0.000000,0.000000,0.000000,1.000000,2,20260924-093750,blank09,51.735
C:\Users\josep\source\repos\AIOTED-digital\04_joe_lcd_20x32\N_main_dig2_20260928-081841.jpg,N,N,0.998343,0.000000,0.000000,0.000001,0.000033,0.000029,0.000053,0.000001,0.000000,0.000109,0.001433,0.998343,2,20260928-081841,blank09,64.252
C:\Users\josep\source\repos\AIOTED-digital\04_joe_lcd_20x32\N_main_dig2_20260928-093841.jpg,N,N,1.000000,0.000000,0.000000,0.000000,0.000000,0.000000,0.000000,0.000000,0.000000,0.000000,0.000000,1.000000,2,20260928-093841,blank09,51.848
C:\Users\josep\source\repos\AIOTED-digital\04_joe_lcd_20x32\N_main_dig3_20260806-002015.jpg,N,N,0.999999,0.000000,0.000000,0.000000,0.000000,0.000000,0.000000,0.000000,0.000001,0.000000,0.000000,0.999999,3,20260806-002015,blank09,130.055
C:\Users\josep\source\repos\AIOTED-digital\04_joe_lcd_20x32\N_main_dig3_20260806-060815.jpg,N,N,1.000000,0.000000,0.000000,0.000000,0.000000,0.000000,0.000000,0.000000,0.000000,0.000000,0.000000,1.000000,3,20260806-060815,blank09,120.933
C:\Users\josep\source\repos\AIOTED-digital\04_joe_lcd_20x32\N_main_dig3_20260806-064814.jpg,N,N,1.000000,0.000000,0.000000,0.000000,0.000000,0.000000,0.000000,0.000000,0.000000,0.000000,0.000000,1.000000,3,20260806-064814,blank09,106.976
C:\Users\josep\source\repos\AIOTED-digital\04_joe_lcd_20x32\N_main_dig3_20260806-084814.jpg,N,N,1.000000,0.000000,0.000000,0.000000,0.000000,0.000000,0.000000,0.000000,0.000000,0.000000,0.000000,1.000000,3,20260806-084814,blank09,39.118
C:\Users\josep\source\repos\AIOTED-digital\04_joe_lcd_20x32\N_main_dig3_20260806-193613.jpg,N,N,1.000000,0.000000,0.000000,0.000000,0.000000,0.000000,0.000000,0.000000,0.000000,0.000000,0.000000,1.000000,3,20260806-193613,blank09,110.918
C:\Users\josep\source\repos\AIOTED-digital\04_joe_lcd_20x32\N_main_dig3_20260806-224413.jpg,N,N,0.999970,0.000000,0.000000,0.000000,0.000000,0.000000,0.000008,0.000000,0.000021,0.000000,0.000000,0.999970,3,20260806-224413,blank09,118.498
C:\Users\josep\source\repos\AIOTED-digital\04_joe_lcd_20x32\N_main_dig3_20260806-232413.jpg,N,N,0.999921,0.000001,0.000000,0.000000,0.000000,0.000000,0.000028,0.000000,0.000050,0.000000,0.000000,0.999921,3,20260806-232413,blank09,117.322
C:\Users\josep\source\repos\AIOTED-digital\04_joe_lcd_20x32\N_main_dig3_20260806-234413.jpg,N,N,0.999956,0.000000,0.000000,0.000000,0.000000,0.000000,0.000027,0.000000,0.000016,0.000000,0.000000,0.999956,3,20260806-234413,blank09,117.228
C:\Users\josep\source\repos\AIOTED-digital\04_joe_lcd_20x32\N_main_dig3_20260820-121354.jpg,N,N,1.000000,0.000000,0.000000,0.000000,0.000000,0.000000,0.000000,0.000000,0.000000,0.000000,0.000000,1.000000,3,20260820-121354,blank09,53.214
C:\Users\josep\source\repos\AIOTED-digital\04_joe_lcd_20x32\N_main_dig3_20260820-180153.jpg,N,N,1.000000,0.000000,0.000000,0.000000,0.000000,0.000000,0.000000,0.000000,0.000000,0.000000,0.000000,1.000000,3,20260820-180153,blank09,92.419
C:\Users\josep\source\repos\AIOTED-digital\04_joe_lcd_20x32\N_main_dig3_20260820-192153.jpg,N,N,1.000000,0.000000,0.000000,0.000000,0.000000,0.000000,0.000000,0.000000,0.000000,0.000000,0.000000,1.000000,3,20260820-192153,blank09,97.011
C:\Users\josep\source\repos\AIOTED-digital\04_joe_lcd_20x32\N_main_dig3_20260821-012953.jpg,N,N,0.999993,0.000000,0.000000,0.000000,0.000000,0.000000,0.000002,0.000000,0.000004,0.000000,0.000001,0.999993,3,20260821-012953,blank09,97.978
C:\Users\josep\source\repos\AIOTED-digital\04_joe_lcd_20x32\N_main_dig3_20260821-131752.jpg,N,N,1.000000,0.000000,0.000000,0.000000,0.000000,0.000000,0.000000,0.000000,0.000000,0.000000,0.000000,1.000000,3,20260821-131752,blank09,70.991
C:\Users\josep\source\repos\AIOTED-digital\04_joe_lcd_20x32\N_main_dig3_20260821-190552.jpg,N,N,1.000000,0.000000,0.000000,0.000000,0.000000,0.000000,0.000000,0.000000,0.000000,0.000000,0.000000,1.000000,3,20260821-190552,blank09,96.701
C:\Users\josep\source\repos\AIOTED-digital\04_joe_lcd_20x32\N_main_dig3_20260904-045106.jpg,N,N,1.000000,0.000000,0.000000,0.000000,0.000000,0.000000,0.000000,0.000000,0.000000,0.000000,0.000000,1.000000,3,20260904-045106,blank09,103.084
C:\Users\josep\source\repos\AIOTED-digital\04_joe_lcd_20x32\N_main_dig3_20260904-093905.jpg,N,N,1.000000,0.000000,0.000000,0.000000,0.000000,0.000000,0.000000,0.000000,0.000000,0.000000,0.000000,1.000000,3,20260904-093905,blank09,93.885
C:\Users\josep\source\repos\AIOTED-digital\04_joe_lcd_20x32\N_main_dig3_20260904-101905.jpg,N,N,1.000000,0.000000,0.000000,0.000000,0.000000,0.000000,0.000000,0.000000,0.000000,0.000000,0.000000,1.000000,3,20260904-101905,blank09,85.976
C:\Users\josep\source\repos\AIOTED-digital\04_joe_lcd_20x32\N_main_dig3_20260912-091227.jpg,N,N,1.000000,0.000000,0.000000,0.000000,0.000000,0.000000,0.000000,0.000000,0.000000,0.000000,0.000000,1.000000,3,20260912-091227,blank09,61.684
C:\Users\josep\source\repos\AIOTED-digital\04_joe_lcd_20x32\N_main_dig3_20260912-121227.jpg,N,N,1.000000,0.000000,0.000000,0.000000,0.000000,0.000000,0.000000,0.000000,0.000000,0.000000,0.000000,1.000000,3,20260912-121227,blank09,87.854
C:\Users\josep\source\repos\AIOTED-digital\04_joe_lcd_20x32\N_main_dig3_20260912-223657.jpg,N,N,1.000000,0.000000,0.000000,0.000000,0.000000,0.000000,0.000000,0.000000,0.000000,0.000000,0.000000,1.000000,3,20260912-223657,blank09,94.200
C:\Users\josep\source\repos\AIOTED-digital\04_joe_lcd_20x32\N_main_dig3_20260920-024528.jpg,N,N,1.000000,0.000000,0.000000,0.000000,0.000000,0.000000,0.000000,0.000000,0.000000,0.000000,0.000000,1.000000,3,20260920-024528,blank09,94.312
C:\Users\josep\source\repos\AIOTED-digital\04_joe_lcd_20x32\N_main_dig3_20260920-073328.jpg,N,N,1.000000,0.000000,0.000000,0.000000,0.000000,0.000000,0.000000,0.000000,0.000000,0.000000,0.000000,1.000000,3,20260920-073328,blank09,85.929
C:\Users\josep\source\repos\AIOTED-digital\04_joe_lcd_20x32\N_main_dig3_20260920-083328.jpg,N,N,1.000000,0.000000,0.000000,0.000000,0.000000,0.000000,0.000000,0.000000,0.000000,0.000000,0.000000,1.000000,3,20260920-083328,blank09,79.208
C:\Users\josep\source\repos\AIOTED-digital\04_joe_lcd_20x32\N_main_dig3_20260921-093726.jpg,N,N,1.000000,0.000000,0.000000,0.000000,0.000000,0.000000,0.000000,0.000000,0.000000,0.000000,0.000000,1.000000,3,20260921-093726,blank09,72.228
C:\Users\josep\source\repos\AIOTED-digital\04_joe_lcd_20x32\N_main_dig3_20260921-182525.jpg,N,N,1.000000,0.000000,0.000000,0.000000,0.000000,0.000000,0.000000,0.000000,0.000000,0.000000,0.000000,1.000000,3,20260921-182525,blank09,91.157
C:\Users\josep\source\repos\AIOTED-digital\04_joe_lcd_20x32\N_main_dig3_20260921-190525.jpg,N,N,0.999998,0.000000,0.000000,0.000000,0.000000,0.000000,0.000001,0.000000,0.000000,0.000000,0.000000,0.999998,3,20260921-190525,blank09,91.351
C:\Users\josep\source\repos\AIOTED-digital\04_joe_lcd_20x32\N_main_dig3_20260924-071750.jpg,N,N,1.000000,0.000000,0.000000,0.000000,0.000000,0.000000,0.000000,0.000000,0.000000,0.000000,0.000000,1.000000,3,20260924-071750,blank09,85.183
C:\Users\josep\source\repos\AIOTED-digital\04_joe_lcd_20x32\N_main_dig3_20260924-103419.jpg,N,N,1.000000,0.000000,0.000000,0.000000,0.000000,0.000000,0.000000,0.000000,0.000000,0.000000,0.000000,1.000000,3,20260924-103419,blank09,50.552
C:\Users\josep\source\repos\AIOTED-digital\04_joe_lcd_20x32\N_main_dig3_20260924-232218.jpg,N,N,0.999999,0.000000,0.000000,0.000000,0.000000,0.000000,0.000001,0.000000,0.000000,0.000000,0.000000,0.999999,3,20260924-232218,blank09,91.885
C:\Users\josep\source\repos\AIOTED-digital\04_joe_lcd_20x32\N_main_dig3_20260928-133841.jpg,N,N,1.000000,0.000000,0.000000,0.000000,0.000000,0.000000,0.000000,0.000000,0.000000,0.000000,0.000000,1.000000,3,20260928-133841,blank09,53.807
C:\Users\josep\source\repos\AIOTED-digital\04_joe_lcd_20x32\N_main_dig3_20260928-182640.jpg,N,N,1.000000,0.000000,0.000000,0.000000,0.000000,0.000000,0.000000,0.000000,0.000000,0.000000,0.000000,1.000000,3,20260928-182640,blank09,91.612
C:\Users\josep\source\repos\AIOTED-digital\04_joe_lcd_20x32\N_main_dig4_20260806-002015.jpg,N,N,1.000000,0.000000,0.000000,0.000000,0.000000,0.000000,0.000000,0.000000,0.000000,0.000000,0.000000,1.000000,4,20260806-002015,blank09,69.749
C:\Users\josep\source\repos\AIOTED-digital\04_joe_lcd_20x32\N_main_dig4_20260806-064814.jpg,N,N,1.000000,0.000000,0.000000,0.000000,0.000000,0.000000,0.000000,0.000000,0.000000,0.000000,0.000000,1.000000,4,20260806-064814,blank09,61.349
C:\Users\josep\source\repos\AIOTED-digital\04_joe_lcd_20x32\N_main_dig4_20260806-224413.jpg,N,N,1.000000,0.000000,0.000000,0.000000,0.000000,0.000000,0.000000,0.000000,0.000000,0.000000,0.000000,1.000000,4,20260806-224413,blank09,67.716
C:\Users\josep\source\repos\AIOTED-digital\04_joe_lcd_20x32\N_main_dig4_20260806-232413.jpg,N,N,1.000000,0.000000,0.000000,0.000000,0.000000,0.000000,0.000000,0.000000,0.000000,0.000000,0.000000,1.000000,4,20260806-232413,blank09,67.795
C:\Users\josep\source\repos\AIOTED-digital\04_joe_lcd_20x32\N_main_dig4_20260806-234413.jpg,N,N,1.000000,0.000000,0.000000,0.000000,0.000000,0.000000,0.000000,0.000000,0.000000,0.000000,0.000000,1.000000,4,20260806-234413,blank09,67.204
C:\Users\josep\source\repos\AIOTED-digital\04_joe_lcd_20x32\N_main_dig4_20260820-101354.jpg,N,N,1.000000,0.000000,0.000000,0.000000,0.000000,0.000000,0.000000,0.000000,0.000000,0.000000,0.000000,1.000000,4,20260820-101354,blank09,50.102
C:\Users\josep\source\repos\AIOTED-digital\04_joe_lcd_20x32\N_main_dig4_20260820-180153.jpg,N,N,1.000000,0.000000,0.000000,0.000000,0.000000,0.000000,0.000000,0.000000,0.000000,0.000000,0.000000,1.000000,4,20260820-180153,blank09,47.259
C:\Users\josep\source\repos\AIOTED-digital\04_joe_lcd_20x32\N_main_dig4_20260821-024953.jpg,N,N,1.000000,0.000000,0.000000,0.000000,0.000000,0.000000,0.000000,0.000000,0.000000,0.000000,0.000000,1.000000,4,20260821-024953,blank09,53.638
C:\Users\josep\source\repos\AIOTED-digital\04_joe_lcd_20x32\N_main_dig4_20260821-113752.jpg,N,N,1.000000,0.000000,0.000000,0.000000,0.000000,0.000000,0.000000,0.000000,0.000000,0.000000,0.000000,1.000000,4,20260821-113752,blank09,48.755
C:\Users\josep\source\repos\AIOTED-digital\04_joe_lcd_20x32\N_main_dig4_20260904-031106.jpg,N,N,1.000000,0.000000,0.000000,0.000000,0.000000,0.000000,0.000000,0.000000,0.000000,0.000000,0.000000,1.000000,4,20260904-031106,blank09,59.996
C:\Users\josep\source\repos\AIOTED-digital\04_joe_lcd_20x32\N_main_dig4_20260904-091906.jpg,N,N,1.000000,0.000000,0.000000,0.000000,0.000000,0.000000,0.000000,0.000000,0.000000,0.000000,0.000000,1.000000,4,20260904-091906,blank09,52.940
C:\Users\josep\source\repos\AIOTED-digital\04_joe_lcd_20x32\N_main_dig4_20260904-151059.jpg,N,N,1.000000,0.000000,0.000000,0.000000,0.000000,0.000000,0.000000,0.000000,0.000000,0.000000,0.000000,1.000000,4,20260904-151059,blank09,56.726
C:\Users\josep\source\repos\AIOTED-digital\04_joe_lcd_20x32\N_main_dig4_20260912-125227.jpg,N,N,1.000000,0.000000,0.000000,0.000000,0.000000,0.000000,0.000000,0.000000,0.000000,0.000000,0.000000,1.000000,4,20260912-125227,blank09,50.242
C:\Users\josep\source\repos\AIOTED-digital\04_joe_lcd_20x32\N_main_dig4_20260912-185658.jpg,N,N,1.000000,0.000000,0.000000,0.000000,0.000000,0.000000,0.000000,0.000000,0.000000,0.000000,0.000000,1.000000,4,20260912-185658,blank09,51.509
C:\Users\josep\source\repos\AIOTED-digital\04_joe_lcd_20x32\N_main_dig4_20260912-205658.jpg,N,N,1.000000,0.000000,0.000000,0.000000,0.000000,0.000000,0.000000,0.000000,0.000000,0.000000,0.000000,1.000000,4,20260912-205658,blank09,51.280
C:\Users\josep\source\repos\AIOTED-digital\04_joe_lcd_20x32\N_main_dig4_20260920-093328.jpg,N,N,1.000000,0.000000,0.000000,0.000000,0.000000,0.000000,0.000000,0.000000,0.000000,0.000000,0.000000,1.000000,4,20260920-093328,blank09,57.036
C:\Users\josep\source\repos\AIOTED-digital\04_joe_lcd_20x32\N_main_dig4_20260920-172127.jpg,N,N,0.999999,0.000000,0.000000,0.000001,0.000000,0.000000,0.000000,0.000000,0.000000,0.000000,0.000000,0.999999,4,20260920-172127,blank09,48.928
C:\Users\josep\source\repos\AIOTED-digital\04_joe_lcd_20x32\N_main_dig4_20260921-081726.jpg,N,N,1.000000,0.000000,0.000000,0.000000,0.000000,0.000000,0.000000,0.000000,0.000000,0.000000,0.000000,1.000000,4,20260921-081726,blank09,48.939
C:\Users\josep\source\repos\AIOTED-digital\04_joe_lcd_20x32\N_main_dig4_20260921-182525.jpg,N,N,1.000000,0.000000,0.000000,0.000000,0.000000,0.000000,0.000000,0.000000,0.000000,0.000000,0.000000,1.000000,4,20260921-182525,blank09,50.005
C:\Users\josep\source\repos\AIOTED-digital\04_joe_lcd_20x32\N_main_dig4_20260921-194525.jpg,N,N,1.000000,0.000000,0.000000,0.000000,0.000000,0.000000,0.000000,0.000000,0.000000,0.000000,0.000000,1.000000,4,20260921-194525,blank09,52.082
C:\Users\josep\source\repos\AIOTED-digital\04_joe_lcd_20x32\N_main_dig4_20260924-151419.jpg,N,N,1.000000,0.000000,0.000000,0.000000,0.000000,0.000000,0.000000,0.000000,0.000000,0.000000,0.000000,1.000000,4,20260924-151419,blank09,61.155
C:\Users\josep\source\repos\AIOTED-digital\04_joe_lcd_20x32\N_main_dig4_20260924-174218.jpg,N,N,0.999840,0.000000,0.000000,0.000158,0.000002,0.000000,0.000000,0.000000,0.000000,0.000000,0.000000,0.999840,4,20260924-174218,blank09,48.973
C:\Users\josep\source\repos\AIOTED-digital\04_joe_lcd_20x32\N_main_dig4_20260928-081841.jpg,N,N,0.924172,0.000000,0.000000,0.000033,0.016355,0.000004,0.000063,0.000000,0.000000,0.000658,0.058715,0.924172,4,20260928-081841,blank09,64.848
C:\Users\josep\source\repos\AIOTED-digital\04_joe_lcd_20x32\N_main_dig4_20260928-182640.jpg,N,N,1.000000,0.000000,0.000000,0.000000,0.000000,0.000000,0.000000,0.000000,0.000000,0.000000,0.000000,1.000000,4,20260928-182640,blank09,53.080
C:\Users\josep\source\repos\AIOTED-digital\04_joe_lcd_20x32\N_main_dig4_20260928-212640.jpg,N,N,1.000000,0.000000,0.000000,0.000000,0.000000,0.000000,0.000000,0.000000,0.000000,0.000000,0.000000,1.000000,4,20260928-212640,blank09,52.937
