path,label,pred,conf,p0,p1,p2,p3,p4,p5,p6,p7,p8,p9,pN,position,frame,screen,contrast
C:\Users\josep\source\repos\AIOTED-digital\04_joe_lcd_20x32\0_main_dig2_20260803-000010.jpg,0,0,1.000000,1.000000,0.000000,0.000000,0.000000,0.000000,0.000000,0.000000,0.000000,0.000000,0.000000,0.000000,2,20260803-000010,zeros,143.712
C:\Users\josep\source\repos\AIOTED-digital\04_joe_lcd_20x32\0_main_dig2_20260803-004010.jpg,0,0,1.000000,1.000000,0.000000,0.000000,0.000000,0.000000,0.000000,0.000000,0.000000,0.000000,0.000000,0.000000,2,20260803-004010,zeros,142.409
C:\Users\josep\source\repos\AIOTED-digital\04_joe_lcd_20x32\0_main_dig2_20260803-010010.jpg,0,0,1.000000,1.000000,0.000000,0.000000,0.000000,0.000000,0.000000,0.000000,0.000000,0.000000,0.000000,0.000000,2,20260803-010010,zeros,144.368
C:\Users\josep\source\repos\AIOTED-digital\04_joe_lcd_20x32\0_main_dig2_20260803-012010.jpg,0,0,1.000000,1.000000,0.000000,0.000000,0.000000,0.000000,0.000000,0.000000,0.000000,0.000000,0.000000,0.000000,2,20260803-012010,zeros,144.025
C:\Users\josep\source\repos\AIOTED-digital\04_joe_lcd_20x32\0_main_dig2_20260803-014010.jpg,0,0,0.999999,0.999999,0.000000,0.000000,0.000000,0.000000,0.000000,0.000000,0.000000,0.000001,0.000000,0.000000,2,20260803-014010,zeros,144.029
C:\Users\josep\source\repos\AIOTED-digital\04_joe_lcd_20x32\0_main_dig2_20260803-020010.jpg,0,0,0.999995,0.999995,0.000000,0.000000,0.000000,0.000000,0.000000,0.000000,0.000000,0.000005,0.000000,0.000000,2,20260803-020010,zeros,141.857
C:\Users\josep\source\repos\AIOTED-digital\04_joe_lcd_20x32\0_main_dig2_20260803-024009.jpg,0,0,0.999987,0.999987,0.000000,0.000000,0.000000,0.000000,0.000000,0.000000,0.000000,0.000013,0.000000,0.000000,2,20260803-024009,zeros,146.407
C:\Users\josep\source\repos\AIOTED-digital\04_joe_lcd_20x32\0_main_dig2_20260803-032009.jpg,0,0,0.999968,0.999968,0.000000,0.000000,0.000000,0.000000,0.000000,0.000000,0.000000,0.000032,0.000000,0.000000,2,20260803-032009,zeros,145.436
C:\Users\josep\source\repos\AIOTED-digital\04_joe_lcd_20x32\0_main_dig2_20260803-034009.jpg,0,0,1.000000,1.000000,0.000000,0.000000,0.000000,0.000000,0.000000,0.000000,0.000000,0.000000,0.000000,0.000000,2,20260803-034009,zeros,143.849
C:\Users\josep\source\repos\AIOTED-digital\04_joe_lcd_20x32\0_main_dig2_20260803-040009.jpg,0,0,1.000000,1.000000,0.000000,0.000000,0.000000,0.000000,0.000000,0.000000,0.000000,0.000000,0.000000,0.000000,2,20260803-040009,zeros,144.689
C:\Users\josep\source\repos\AIOTED-digital\04_joe_lcd_20x32\0_main_dig2_20260803-042009.jpg,0,0,0.999950,0.999950,0.000000,0.000000,0.000000,0.000000,0.000000,0.000000,0.000000,0.000050,0.000000,0.000000,2,20260803-042009,zeros,142.075
C:\Users\josep\source\repos\AIOTED-digital\04_joe_lcd_20x32\0_main_dig2_20260803-052009.jpg,0,0,0.999948,0.999948,0.000000,0.000000,0.000000,0.000000,0.000000,0.000000,0.000000,0.000052,0.000000,0.000000,2,20260803-052009,zeros,142.878
C:\Users\josep\source\repos\AIOTED-digital\04_joe_lcd_20x32\0_main_dig2_20260803-060616.jpg,0,0,1.000000,1.000000,0.000000,0.000000,0.000000,0.000000,0.000000,0.000000,0.000000,0.000000,0.000000,0.000000,2,20260803-060616,zeros,124.039
C:\Users\josep\source\repos\AIOTED-digital\04_joe_lcd_20x32\0_main_dig2_20260815-084204.jpg,0,0,1.000000,1.000000,0.000000,0.000000,0.000000,0.000000,0.000000,0.000000,0.000000,0.000000,0.000000,0.000000,2,20260815-084204,zeros,80.875
C:\Users\josep\source\repos\AIOTED-digital\04_joe_lcd_20x32\0_main_dig2_20260815-171003.jpg,0,0,1.000000,1.000000,0.000000,0.000000,0.000000,0.000000,0.000000,0.000000,0.000000,0.000000,0.000000,0.000000,2,20260815-171003,zeros,87.328
C:\Users\josep\source\repos\AIOTED-digital\04_joe_lcd_20x32\0_main_dig2_20260815-183003.jpg,0,0,1.000000,1.000000,0.000000,0.000000,0.000000,0.000000,0.000000,0.000000,0.000000,0.000000,0.000000,0.000000,2,20260815-183003,zeros,94.603
C:\Users\josep\source\repos\AIOTED-digital\04_joe_lcd_20x32\0_main_dig2_20260815-185003.jpg,0,0,1.000000,1.000000,0.000000,0.000000,0.000000,0.000000,0.000000,0.000000,0.000000,0.000000,0.000000,0.000000,2,20260815-185003,zeros,95.958
C:\Users\josep\source\repos\AIOTED-digital\04_joe_lcd_20x32\0_main_dig2_20260824-060947.jpg,0,0,0.999998,0.999998,0.000000,0.000000,0.000000,0.000000,0.000000,0.000000,0.000000,0.000002,0.000000,0.000000,2,20260824-060947,zeros,95.951
C:\Users\josep\source\repos\AIOTED-digital\04_joe_lcd_20x32\0_main_dig2_20260824-064947.jpg,0,0,0.999999,0.999999,0.000000,0.000000,0.000000,0.000000,0.000000,0.000000,0.000000,0.000001,0.000000,0.000000,2,20260824-064947,zeros,92.467
C:\Users\josep\source\repos\AIOTED-digital\04_joe_lcd_20x32\0_main_dig2_20260828-011740.jpg,0,0,1.000000,1.000000,0.000000,0.000000,0.000000,0.000000,0.000000,0.000000,0.000000,0.000000,0.000000,0.000000,2,20260828-011740,zeros,95.854
C:\Users\josep\source\repos\AIOTED-digital\04_joe_lcd_20x32\0_main_dig2_20260828-035740.jpg,0,0,1.000000,1.000000,0.000000,0.000000,0.000000,0.000000,0.000000,0.000000,0.000000,0.000000,0.000000,0.000000,2,20260828-035740,zeros,97.894
C:\Users\josep\source\repos\AIOTED-digital\04_joe_lcd_20x32\0_main_dig2_20260828-173339.jpg,0,0,1.000000,1.000000,0.000000,0.000000,0.000000,0.000000,0.000000,0.000000,0.000000,0.000000,0.000000,0.000000,2,20260828-173339,zeros,86.311
C:\Users\josep\source\repos\AIOTED-digital\04_joe_lcd_20x32\0_main_dig2_20260903-065508.jpg,0,0,1.000000,1.000000,0.000000,0.000000,0.000000,0.000000,0.000000,0.000000,0.000000,0.000000,0.000000,0.000000,2,20260903-065508,zeros,95.628
C:\Users\josep\source\repos\AIOTED-digital\04_joe_lcd_20x32\0_main_dig2_20260903-152307.jpg,0,0,1.000000,1.000000,0.000000,0.000000,0.000000,0.000000,0.000000,0.000000,0.000000,0.000000,0.000000,0.000000,2,20260903-152307,zeros,79.486
C:\Users\josep\source\repos\AIOTED-digital\04_joe_lcd_20x32\0_main_dig2_20260903-173107.jpg,0,0,1.000000,1.000000,0.000000,0.000000,0.000000,0.000000,0.000000,0.000000,0.000000,0.000000,0.000000,0.000000,2,20260903-173107,zeros,85.935
C:\Users\josep\source\repos\AIOTED-digital\04_joe_lcd_20x32\0_main_dig2_20260903-191107.jpg,0,0,1.000000,1.000000,0.000000,0.000000,0.000000,0.000000,0.000000,0.000000,0.000000,0.000000,0.000000,0.000000,2,20260903-191107,zeros,97.477
C:\Users\josep\source\repos\AIOTED-digital\04_joe_lcd_20x32\0_main_dig2_20260915-041337.jpg,0,0,1.000000,1.000000,0.000000,0.000000,0.000000,0.000000,0.000000,0.000000,0.000000,0.000000,0.000000,0.000000,2,20260915-041337,zeros,96.625
C:\Users\josep\source\repos\AIOTED-digital\04_joe_lcd_20x32\0_main_dig2_20260915-084136.jpg,0,0,1.000000,1.000000,0.000000,0.000000,0.000000,0.000000,0.000000,0.000000,0.000000,0.000000,0.000000,0.000000,2,20260915-084136,zeros,90.305
C:\Users\josep\source\repos\AIOTED-digital\04_joe_lcd_20x32\0_main_dig2_20260915-114136.jpg,0,0,1.000000,1.000000,0.000000,0.000000,0.000000,0.000000,0.000000,0.000000,0.000000,0.000000,0.000000,0.000000,2,20260915-114136,zeros,79.624
C:\Users\josep\source\repos\AIOTED-digital\04_joe_lcd_20x32\0_main_dig2_20260915-140936.jpg,0,0,1.000000,1.000000,0.000000,0.000000,0.000000,0.000000,0.000000,0.000000,0.000000,0.000000,0.000000,0.000000,2,20260915-140936,zeros,77.914
C:\Users\josep\source\repos\AIOTED-digital\04_joe_lcd_20x32\0_main_dig2_20260918-022531.jpg,0,0,1.000000,1.000000,0.000000,0.000000,0.000000,0.000000,0.000000,0.000000,0.000000,0.000000,0.000000,0.000000,2,20260918-022531,zeros,95.462
C:\Users\josep\source\repos\AIOTED-digital\04_joe_lcd_20x32\0_main_dig2_20260918-125331.jpg,0,0,1.000000,1.000000,0.000000,0.000000,0.000000,0.000000,0.000000,0.000000,0.000000,0.000000,0.000000,0.000000,2,20260918-125331,zeros,80.855
C:\Users\josep\source\repos\AIOTED-digital\04_joe_lcd_20x32\0_main_dig2_20260918-170130.jpg,0,0,1.000000,1.000000,0.000000,0.000000,0.000000,0.000000,0.000000,0.000000,0.000000,0.000000,0.000000,0.000000,2,20260918-170130,zeros,91.028
C:\Users\josep\source\repos\AIOTED-digital\04_joe_lcd_20x32\0_main_dig2_20260918-220130.jpg,0,0,1.000000,1.000000,0.000000,0.000000,0.000000,0.000000,0.000000,0.000000,0.000000,0.000000,0.000000,0.000000,2,20260918-220130,zeros,98.200
C:\Users\josep\source\repos\AIOTED-digital\04_joe_lcd_20x32\0_main_dig2_20260919-064930.jpg,0,0,0.999998,0.999998,0.000000,0.000000,0.000000,0.000000,0.000000,0.000000,0.000000,0.000002,0.000000,0.000000,2,20260919-064930,zeros,97.962
C:\Users\josep\source\repos\AIOTED-digital\04_joe_lcd_20x32\0_main_dig2_20260919-101729.jpg,0,0,1.000000,1.000000,0.000000,0.000000,0.000000,0.000000,0.000000,0.000000,0.000000,0.000000,0.000000,0.000000,2,20260919-101729,zeros,86.316
C:\Users\josep\source\repos\AIOTED-digital\04_joe_lcd_20x32\0_main_dig2_20260919-113729.jpg,0,0,1.000000,1.000000,0.000000,0.000000,0.000000,0.000000,0.000000,0.000000,0.000000,0.000000,0.000000,0.000000,2,20260919-113729,zeros,84.018
C:\Users\josep\source\repos\AIOTED-digital\04_joe_lcd_20x32\0_main_dig2_20260919-131729.jpg,0,0,1.000000,1.000000,0.000000,0.000000,0.000000,0.000000,0.000000,0.000000,0.000000,0.000000,0.000000,0.000000,2,20260919-131729,zeros,83.798
C:\Users\josep\source\repos\AIOTED-digital\04_joe_lcd_20x32\0_main_dig2_20260925-031818.jpg,0,0,0.999988,0.999988,0.000000,0.000000,0.000000,0.000000,0.000000,0.000000,0.000000,0.000012,0.000000,0.000000,2,20260925-031818,zeros,95.662
C:\Users\josep\source\repos\AIOTED-digital\04_joe_lcd_20x32\0_main_dig2_20260925-093817.jpg,0,0,1.000000,1.000000,0.000000,0.000000,0.000000,0.000000,0.000000,0.000000,0.000000,0.000000,0.000000,0.000000,2,20260925-093817,zeros,84.637
C:\Users\josep\source\repos\AIOTED-digital\04_joe_lcd_20x32\0_main_dig2_20260925-160617.jpg,0,0,1.000000,1.000000,0.000000,0.000000,0.000000,0.000000,0.000000,0.000000,0.000000,0.000000,0.000000,0.000000,2,20260925-160617,zeros,89.718
C:\Users\josep\source\repos\AIOTED-digital\04_joe_lcd_20x32\0_main_dig2_20260925-191417.jpg,0,0,1.000000,1.000000,0.000000,0.000000,0.000000,0.000000,0.000000,0.000000,0.000000,0.000000,0.000000,0.000000,2,20260925-191417,zeros,101.976
C:\Users\josep\source\repos\AIOTED-digital\04_joe_lcd_20x32\0_main_dig3_20260815-123004.jpg,0,0,1.000000,1.000000,0.000000,0.000000,0.000000,0.000000,0.000000,0.000000,0.000000,0.000000,0.000000,0.000000,3,20260815-123004,zeros,80.271
C:\Users\josep\source\repos\AIOTED-digital\04_joe_lcd_20x32\0_main_dig3_20260815-193003.jpg,0,0,0.978746,0.978746,0.000000,0.000000,0.000000,0.000000,0.000000,0.000000,0.000000,0.021254,0.000000,0.000000,3,20260815-193003,zeros,108.501
C:\Users\josep\source\repos\AIOTED-digital\04_joe_lcd_20x32\0_main_dig3_20260815-205803.jpg,0,0,0.993418,0.993418,0.000000,0.000000,0.000000,0.000000,0.000000,0.000000,0.000000,0.006582,0.000000,0.000000,3,20260815-205803,zeros,111.609
C:\Users\josep\source\repos\AIOTED-digital\04_joe_lcd_20x32\0_main_dig3_20260824-024146.jpg,0,0,0.858055,0.858055,0.000000,0.000000,0.000000,0.000000,0.000000,0.000000,0.000000,0.141945,0.000000,0.000000,3,20260824-024146,zeros,106.662
C:\Users\josep\source\repos\AIOTED-digital\04_joe_lcd_20x32\0_main_dig3_20260824-192546.jpg,0,0,0.826716,0.826716,0.000000,0.000000,0.000000,0.000000,0.000000,0.000000,0.000000,0.173284,0.000000,0.000000,3,20260824-192546,zeros,105.199
C:\Users\josep\source\repos\AIOTED-digital\04_joe_lcd_20x32\0_main_dig3_20260828-001740.jpg,0,0,0.994841,0.994841,0.000000,0.000000,0.000000,0.000000,0.000000,0.000000,0.000000,0.005158,0.000001,0.000000,3,20260828-001740,zeros,99.699
C:\Users\josep\source\repos\AIOTED-digital\04_joe_lcd_20x32\0_main_dig3_20260828-161339.jpg,0,0,1.000000,1.000000,0.000000,0.000000,0.000000,0.000000,0.000000,0.000000,0.000000,0.000000,0.000000,0.000000,3,20260828-161339,zeros,86.669
C:\Users\josep\source\repos\AIOTED-digital\04_joe_lcd_20x32\0_main_dig3_20260828-213339.jpg,0,0,0.996840,0.996840,0.000000,0.000000,0.000000,0.000000,0.000000,0.000000,0.000000,0.003160,0.000000,0.000000,3,20260828-213339,zeros,102.168
C:\Users\josep\source\repos\AIOTED-digital\04_joe_lcd_20x32\0_main_dig3_20260903-031508.jpg,0,0,0.996922,0.996922,0.000000,0.000000,0.000000,0.000000,0.000000,0.000000,0.000000,0.003078,0.000000,0.000000,3,20260903-031508,zeros,112.781
C:\Users\josep\source\repos\AIOTED-digital\04_joe_lcd_20x32\0_main_dig3_20260903-071508.jpg,0,0,0.999689,0.999689,0.000000,0.000000,0.000000,0.000000,0.000000,0.000000,0.000000,0.000311,0.000000,0.000000,3,20260903-071508,zeros,107.985
C:\Users\josep\source\repos\AIOTED-digital\04_joe_lcd_20x32\0_main_dig3_20260903-072308.jpg,0,0,0.999698,0.999698,0.000000,0.000000,0.000000,0.000000,0.000000,0.000000,0.000000,0.000302,0.000000,0.000000,3,20260903-072308,zeros,104.836
C:\Users\josep\source\repos\AIOTED-digital\04_joe_lcd_20x32\0_main_dig3_20260903-084308.jpg,0,0,0.999760,0.999760,0.000000,0.000000,0.000000,0.000000,0.000000,0.000000,0.000000,0.000240,0.000000,0.000000,3,20260903-084308,zeros,105.980
C:\Users\josep\source\repos\AIOTED-digital\04_joe_lcd_20x32\0_main_dig3_20260903-094308.jpg,0,0,0.999938,0.999938,0.000000,0.000000,0.000000,0.000000,0.000000,0.000000,0.000000,0.000062,0.000000,0.000000,3,20260903-094308,zeros,105.080
C:\Users\josep\source\repos\AIOTED-digital\04_joe_lcd_20x32\0_main_dig3_20260903-183107.jpg,0,0,0.999865,0.999865,0.000000,0.000000,0.000000,0.000000,0.000000,0.000000,0.000000,0.000135,0.000000,0.000000,3,20260903-183107,zeros,105.983
C:\Users\josep\source\repos\AIOTED-digital\04_joe_lcd_20x32\0_main_dig3_20260903-191107.jpg,0,0,0.999752,0.999752,0.000000,0.000000,0.000000,0.000000,0.000000,0.000000,0.000000,0.000248,0.000000,0.000000,3,20260903-191107,zeros,110.507
C:\Users\josep\source\repos\AIOTED-digital\04_joe_lcd_20x32\0_main_dig3_20260915-023337.jpg,0,0,0.971088,0.971088,0.000000,0.000000,0.000000,0.000000,0.000000,0.000000,0.000000,0.028911,0.000001,0.000000,3,20260915-023337,zeros,98.433
C:\Users\josep\source\repos\AIOTED-digital\04_joe_lcd_20x32\0_main_dig3_20260915-041337.jpg,0,0,0.797423,0.797423,0.000000,0.000000,0.000000,0.000000,0.000000,0.000000,0.000000,0.202576,0.000001,0.000000,3,20260915-041337,zeros,100.295
C:\Users\josep\source\repos\AIOTED-digital\04_joe_lcd_20x32\0_main_dig3_20260915-070136.jpg,0,0,0.998510,0.998510,0.000000,0.000000,0.000000,0.000000,0.000000,0.000000,0.000000,0.001490,0.000000,0.000000,3,20260915-070136,zeros,100.751
C:\Users\josep\source\repos\AIOTED-digital\04_joe_lcd_20x32\0_main_dig3_20260915-122136.jpg,0,0,1.000000,1.000000,0.000000,0.000000,0.000000,0.000000,0.000000,0.000000,0.000000,0.000000,0.000000,0.000000,3,20260915-122136,zeros,82.345
C:\Users\josep\source\repos\AIOTED-digital\04_joe_lcd_20x32\0_main_dig3_20260915-164936.jpg,0,0,0.999747,0.999747,0.000000,0.000000,0.000000,0.000000,0.000000,0.000000,0.000000,0.000253,0.000000,0.000000,3,20260915-164936,zeros,85.972
C:\Users\josep\source\repos\AIOTED-digital\04_joe_lcd_20x32\0_main_dig3_20260918-010531.jpg,0,0,0.996870,0.996870,0.000000,0.000000,0.000000,0.000000,0.000000,0.000000,0.000000,0.003130,0.000000,0.000000,3,20260918-010531,zeros,99.484
C:\Users\josep\source\repos\AIOTED-digital\04_joe_lcd_20x32\0_main_dig3_20260918-123331.jpg,0,0,0.999999,0.999999,0.000000,0.000000,0.000000,0.000000,0.000000,0.000000,0.000000,0.000001,0.000000,0.000000,3,20260918-123331,zeros,88.117
C:\Users\josep\source\repos\AIOTED-digital\04_joe_lcd_20x32\0_main_dig3_20260918-133331.jpg,0,0,0.999975,0.999975,0.000000,0.000000,0.000000,0.000000,0.000000,0.000000,0.000000,0.000025,0.000000,0.000000,3,20260918-133331,zeros,85.952
C:\Users\josep\source\repos\AIOTED-digital\04_joe_lcd_20x32\0_main_dig3_20260918-220130.jpg,0,0,0.998316,0.998316,0.000000,0.000000,0.000000,0.000000,0.000000,0.000000,0.000000,0.001684,0.000000,0.000000,3,20260918-220130,zeros,102.015
C:\Users\josep\source\repos\AIOTED-digital\04_joe_lcd_20x32\0_main_dig3_20260919-032930.jpg,0,0,0.971317,0.971317,0.000000,0.000000,0.000000,0.000000,0.000000,0.000000,0.000000,0.028682,0.000000,0.000000,3,20260919-032930,zeros,100.720
C:\Users\josep\source\repos\AIOTED-digital\04_joe_lcd_20x32\0_main_dig3_20260919-131729.jpg,0,0,1.000000,1.000000,0.000000,0.000000,0.000000,0.000000,0.000000,0.000000,0.000000,0.000000,0.000000,0.000000,3,20260919-131729,zeros,85.856
C:\Users\josep\source\repos\AIOTED-digital\04_joe_lcd_20x32\0_main_dig3_20260919-144529.jpg,0,8,0.848867,0.141899,0.000000,0.000000,0.000000,0.000000,0.000000,0.000000,0.000000,0.848867,0.009234,0.000000,3,20260919-144529,zeros,91.791
C:\Users\josep\source\repos\AIOTED-digital\04_joe_lcd_20x32\0_main_dig3_20260919-192529.jpg,0,0,0.953030,0.953030,0.000000,0.000000,0.000000,0.000000,0.000000,0.000000,0.000000,0.046970,0.000000,0.000000,3,20260919-192529,zeros,102.342
C:\Users\josep\source\repos\AIOTED-digital\04_joe_lcd_20x32\0_main_dig3_20260925-130617.jpg,0,0,1.000000,1.000000,0.000000,0.000000,0.000000,0.000000,0.000000,0.000000,0.000000,0.000000,0.000000,0.000000,3,20260925-130617,zeros,87.731
C:\Users\josep\source\repos\AIOTED-digital\04_joe_lcd_20x32\0_main_dig3_20260925-205416.jpg,0,8,0.694316,0.305684,0.000000,0.000000,0.000000,0.000000,0.000000,0.000000,0.000000,0.694316,0.000000,0.000000,3,20260925-205416,zeros,104.046
C:\Users\josep\source\repos\AIOTED-digital\04_joe_lcd_20x32\0_main_dig3_20260925-231416.jpg,0,0,0.898957,0.898957,0.000000,0.000000,0.000000,0.000000,0.000000,0.000000,0.000000,0.101042,0.000001,0.000000,3,20260925-231416,zeros,100.287
C:\Users\josep\source\repos\AIOTED-digital\04_joe_lcd_20x32\0_main_dig4_20260803-200325.jpg,0,0,1.000000,1.000000,0.000000,0.000000,0.000000,0.000000,0.000000,0.000000,0.000000,0.000000,0.000000,0.000000,4,20260803-200325,zeros,121.654
C:\Users\josep\source\repos\AIOTED-digital\04_joe_lcd_20x32\0_main_dig4_20260815-165803.jpg,0,0,1.000000,1.000000,0.000000,0.000000,0.000000,0.000000,0.000000,0.000000,0.000000,0.000000,0.000000,0.000000,4,20260815-165803,kwh,69.891
C:\Users\josep\source\repos\AIOTED-digital\04_joe_lcd_20x32\0_main_dig4_20260815-170603.jpg,0,0,1.000000,1.000000,0.000000,0.000000,0.000000,0.000000,0.000000,0.000000,0.000000,0.000000,0.000000,0.000000,4,20260815-170603,zeros,71.519
C:\Users\josep\source\repos\AIOTED-digital\04_joe_lcd_20x32\0_main_dig4_20260815-171803.jpg,0,0,1.000000,1.000000,0.000000,0.000000,0.000000,0.000000,0.000000,0.000000,0.000000,0.000000,0.000000,0.000000,4,20260815-171803,kwh,64.180
C:\Users\josep\source\repos\AIOTED-digital\04_joe_lcd_20x32\0_main_dig4_20260815-174603.jpg,0,0,1.000000,1.000000,0.000000,0.000000,0.000000,0.000000,0.000000,0.000000,0.000000,0.000000,0.000000,0.000000,4,20260815-174603,zeros,67.008
C:\Users\josep\source\repos\AIOTED-digital\04_joe_lcd_20x32\0_main_dig4_20260815-175403.jpg,0,0,1.000000,1.000000,0.000000,0.000000,0.000000,0.000000,0.000000,0.000000,0.000000,0.000000,0.000000,0.000000,4,20260815-175403,kwh,64.476
C:\Users\josep\source\repos\AIOTED-digital\04_joe_lcd_20x32\0_main_dig4_20260815-180603.jpg,0,0,1.000000,1.000000,0.000000,0.000000,0.000000,0.000000,0.000000,0.000000,0.000000,0.000000,0.000000,0.000000,4,20260815-180603,kwh,64.534
C:\Users\josep\source\repos\AIOTED-digital\04_joe_lcd_20x32\0_main_dig4_20260815-181803.jpg,0,0,1.000000,1.000000,0.000000,0.000000,0.000000,0.000000,0.000000,0.000000,0.000000,0.000000,0.000000,0.000000,4,20260815-181803,kwh,64.641
C:\Users\josep\source\repos\AIOTED-digital\04_joe_lcd_20x32\0_main_dig4_20260815-184603.jpg,0,0,1.000000,1.000000,0.000000,0.000000,0.000000,0.000000,0.000000,0.000000,0.000000,0.000000,0.000000,0.000000,4,20260815-184603,zeros,66.402
C:\Users\josep\source\repos\AIOTED-digital\04_joe_lcd_20x32\0_main_dig4_20260815-185803.jpg,0,0,1.000000,1.000000,0.000000,0.000000,0.000000,0.000000,0.000000,0.000000,0.000000,0.000000,0.000000,0.000000,4,20260815-185803,zeros,66.468
C:\Users\josep\source\repos\AIOTED-digital\04_joe_lcd_20x32\0_main_dig4_20260815-190603.jpg,0,0,1.000000,1.000000,0.000000,0.000000,0.000000,0.000000,0.000000,0.000000,0.000000,0.000000,0.000000,0.000000,4,20260815-190603,kwh,67.152
C:\Users\josep\source\repos\AIOTED-digital\04_joe_lcd_20x32\0_main_dig4_20260815-201402.jpg,0,0,1.000000,1.000000,0.000000,0.000000,0.000000,0.000000,0.000000,0.000000,0.000000,0.000000,0.000000,0.000000,4,20260815-201402,zeros,69.638
C:\Users\josep\source\repos\AIOTED-digital\04_joe_lcd_20x32\0_main_dig4_20260815-215403.jpg,0,0,1.000000,1.000000,0.000000,0.000000,0.000000,0.000000,0.000000,0.000000,0.000000,0.000000,0.000000,0.000000,4,20260815-215403,zeros,68.754
C:\Users\josep\source\repos\AIOTED-digital\04_joe_lcd_20x32\0_main_dig4_20260815-224603.jpg,0,0,1.000000,1.000000,0.000000,0.000000,0.000000,0.000000,0.000000,0.000000,0.000000,0.000000,0.000000,0.000000,4,20260815-224603,zeros,69.175
C:\Users\josep\source\repos\AIOTED-digital\04_joe_lcd_20x32\0_main_dig4_20260815-230603.jpg,0,0,1.000000,1.000000,0.000000,0.000000,0.000000,0.000000,0.000000,0.000000,0.000000,0.000000,0.000000,0.000000,4,20260815-230603,kwh,69.095
C:\Users\josep\source\repos\AIOTED-digital\04_joe_lcd_20x32\0_main_dig4_20260815-233403.jpg,0,0,1.000000,1.000000,0.000000,0.000000,0.000000,0.000000,0.000000,0.000000,0.000000,0.000000,0.000000,0.000000,4,20260815-233403,kwh,69.007
C:\Users\josep\source\repos\AIOTED-digital\04_joe_lcd_20x32\0_main_dig4_20260815-235403.jpg,0,0,1.000000,1.000000,0.000000,0.000000,0.000000,0.000000,0.000000,0.000000,0.000000,0.000000,0.000000,0.000000,4,20260815-235403,kwh,69.759
C:\Users\josep\source\repos\AIOTED-digital\04_joe_lcd_20x32\0_main_dig4_20260915-000137.jpg,0,0,1.000000,1.000000,0.000000,0.000000,0.000000,0.000000,0.000000,0.000000,0.000000,0.000000,0.000000,0.000000,4,20260915-000137,kwh,60.221
C:\Users\josep\source\repos\AIOTED-digital\04_joe_lcd_20x32\0_main_dig4_20260915-004137.jpg,0,0,1.000000,1.000000,0.000000,0.000000,0.000000,0.000000,0.000000,0.000000,0.000000,0.000000,0.000000,0.000000,4,20260915-004137,zeros,61.312
C:\Users\josep\source\repos\AIOTED-digital\04_joe_lcd_20x32\0_main_dig4_20260915-012137.jpg,0,0,1.000000,1.000000,0.000000,0.000000,0.000000,0.000000,0.000000,0.000000,0.000000,0.000000,0.000000,0.000000,4,20260915-012137,zeros,59.847
C:\Users\josep\source\repos\AIOTED-digital\04_joe_lcd_20x32\0_main_dig4_20260915-012937.jpg,0,0,1.000000,1.000000,0.000000,0.000000,0.000000,0.000000,0.000000,0.000000,0.000000,0.000000,0.000000,0.000000,4,20260915-012937,zeros,61.039
C:\Users\josep\source\repos\AIOTED-digital\04_joe_lcd_20x32\0_main_dig4_20260915-020137.jpg,0,0,1.000000,1.000000,0.000000,0.000000,0.000000,0.000000,0.000000,0.000000,0.000000,0.000000,0.000000,0.000000,4,20260915-020137,zeros,60.676
C:\Users\josep\source\repos\AIOTED-digital\04_joe_lcd_20x32\0_main_dig4_20260915-030937.jpg,0,0,1.000000,1.000000,0.000000,0.000000,0.000000,0.000000,0.000000,0.000000,0.000000,0.000000,0.000000,0.000000,4,20260915-030937,zeros,60.106
C:\Users\josep\source\repos\AIOTED-digital\04_joe_lcd_20x32\0_main_dig4_20260915-050137.jpg,0,0,1.000000,1.000000,0.000000,0.000000,0.000000,0.000000,0.000000,0.000000,0.000000,0.000000,0.000000,0.000000,4,20260915-050137,zeros,60.105
C:\Users\josep\source\repos\AIOTED-digital\04_joe_lcd_20x32\0_main_dig4_20260915-055737.jpg,0,0,1.000000,1.000000,0.000000,0.000000,0.000000,0.000000,0.000000,0.000000,0.000000,0.000000,0.000000,0.000000,4,20260915-055737,zeros,60.864
C:\Users\josep\source\repos\AIOTED-digital\04_joe_lcd_20x32\0_main_dig4_20260915-065737.jpg,0,0,1.000000,1.000000,0.000000,0.000000,0.000000,0.000000,0.000000,0.000000,0.000000,0.000000,0.000000,0.000000,4,20260915-065737,zeros,60.842
C:\Users\josep\source\repos\AIOTED-digital\04_joe_lcd_20x32\0_main_dig4_20260915-080936.jpg,0,0,1.000000,1.000000,0.000000,0.000000,0.000000,0.000000,0.000000,0.000000,0.000000,0.000000,0.000000,0.000000,4,20260915-080936,kwh,59.872
C:\Users\josep\source\repos\AIOTED-digital\04_joe_lcd_20x32\0_main_dig4_20260915-085736.jpg,0,0,1.000000,1.000000,0.000000,0.000000,0.000000,0.000000,0.000000,0.000000,0.000000,0.000000,0.000000,0.000000,4,20260915-085736,zeros,60.040
C:\Users\josep\source\repos\AIOTED-digital\04_joe_lcd_20x32\0_main_dig4_20260915-093736.jpg,0,0,1.000000,1.000000,0.000000,0.000000,0.000000,0.000000,0.000000,0.000000,0.000000,0.000000,0.000000,0.000000,4,20260915-093736,kwh,61.342
C:\Users\josep\source\repos\AIOTED-digital\04_joe_lcd_20x32\0_main_dig4_20260915-094936.jpg,0,0,1.000000,1.000000,0.000000,0.000000,0.000000,0.000000,0.000000,0.000000,0.000000,0.000000,0.000000,0.000000,4,20260915-094936,kwh,61.171
C:\Users\josep\source\repos\AIOTED-digital\04_joe_lcd_20x32\0_main_dig4_20260915-112936.jpg,0,0,1.000000,1.000000,0.000000,0.000000,0.000000,0.000000,0.000000,0.000000,0.000000,0.000000,0.000000,0.000000,4,20260915-112936,zeros,78.511
C:\Users\josep\source\repos\AIOTED-digital\04_joe_lcd_20x32\0_main_dig4_20260915-115736.jpg,0,0,1.000000,1.000000,0.000000,0.000000,0.000000,0.000000,0.000000,0.000000,0.000000,0.000000,0.000000,0.000000,4,20260915-115736,zeros,89.281
C:\Users\josep\source\repos\AIOTED-digital\04_joe_lcd_20x32\0_main_dig4_20260915-135736.jpg,0,0,1.000000,1.000000,0.000000,0.000000,0.000000,0.000000,0.000000,0.000000,0.000000,0.000000,0.000000,0.000000,4,20260915-135736,kwh,76.114
C:\Users\josep\source\repos\AIOTED-digital\04_joe_lcd_20x32\0_main_dig4_20260915-140536.jpg,0,0,1.000000,1.000000,0.000000,0.000000,0.000000,0.000000,0.000000,0.000000,0.000000,0.000000,0.000000,0.000000,4,20260915-140536,zeros,84.625
C:\Users\josep\source\repos\AIOTED-digital\04_joe_lcd_20x32\0_main_dig4_20260915-141736.jpg,0,0,1.000000,1.000000,0.000000,0.000000,0.000000,0.000000,0.000000,0.000000,0.000000,0.000000,0.000000,0.000000,4,20260915-141736,zeros,76.399
C:\Users\josep\source\repos\AIOTED-digital\04_joe_lcd_20x32\0_main_dig4_20260915-142536.jpg,0,0,1.000000,1.000000,0.000000,0.000000,0.000000,0.000000,0.000000,0.000000,0.000000,0.000000,0.000000,0.000000,4,20260915-142536,zeros,81.234
C:\Users\josep\source\repos\AIOTED-digital\04_joe_lcd_20x32\0_main_dig4_20260915-153736.jpg,0,0,1.000000,1.000000,0.000000,0.000000,0.000000,0.000000,0.000000,0.000000,0.000000,0.000000,0.000000,0.000000,4,20260915-153736,kwh,70.812
C:\Users\josep\source\repos\AIOTED-digital\04_joe_lcd_20x32\0_main_dig4_20260915-163736.jpg,0,0,1.000000,1.000000,0.000000,0.000000,0.000000,0.000000,0.000000,0.000000,0.000000,0.000000,0.000000,0.000000,4,20260915-163736,zeros,62.091
C:\Users\josep\source\repos\AIOTED-digital\04_joe_lcd_20x32\0_main_dig4_20260915-164536.jpg,0,0,1.000000,1.000000,0.000000,0.000000,0.000000,0.000000,0.000000,0.000000,0.000000,0.000000,0.000000,0.000000,4,20260915-164536,kwh,62.313
C:\Users\josep\source\repos\AIOTED-digital\04_joe_lcd_20x32\0_main_dig4_20260915-171736.jpg,0,0,1.000000,1.000000,0.000000,0.000000,0.000000,0.000000,0.000000,0.000000,0.000000,0.000000,0.000000,0.000000,4,20260915-171736,kwh,59.007
C:\Users\josep\source\repos\AIOTED-digital\04_joe_lcd_20x32\0_main_dig5_20260803-183526.jpg,0,0,0.999997,0.999997,0.000000,0.000000,0.000000,0.000000,0.000000,0.000000,0.000000,0.000003,0.000000,0.000000,5,20260803-183526,kwh,48.076
C:\Users\josep\source\repos\AIOTED-digital\04_joe_lcd_20x32\0_main_dig5_20260803-201525.jpg,0,0,0.534896,0.534896,0.000000,0.000000,0.000000,0.000000,0.000000,0.000000,0.000000,0.465094,0.000010,0.000000,5,20260803-201525,blank09,53.904
C:\Users\josep\source\repos\AIOTED-digital\04_joe_lcd_20x32\0_main_dig5_20260815-140603.jpg,0,0,1.000000,1.000000,0.000000,0.000000,0.000000,0.000000,0.000000,0.000000,0.000000,0.000000,0.000000,0.000000,5,20260815-140603,kwh,67.855
C:\Users\josep\source\repos\AIOTED-digital\04_joe_lcd_20x32\0_main_dig5_20260815-162603.jpg,0,0,1.000000,1.000000,0.000000,0.000000,0.000000,0.000000,0.000000,0.000000,0.000000,0.000000,0.000000,0.000000,5,20260815-162603,zeros,58.921
C:\Users\josep\source\repos\AIOTED-digital\04_joe_lcd_20x32\0_main_dig5_20260815-164603.jpg,0,0,1.000000,1.000000,0.000000,0.000000,0.000000,0.000000,0.000000,0.000000,0.000000,0.000000,0.000000,0.000000,5,20260815-164603,zeros,57.370
C:\Users\josep\source\repos\AIOTED-digital\04_joe_lcd_20x32\0_main_dig5_20260815-174603.jpg,0,0,0.999999,0.999999,0.000000,0.000000,0.000000,0.000000,0.000000,0.000000,0.000000,0.000001,0.000000,0.000000,5,20260815-174603,zeros,57.094
C:\Users\josep\source\repos\AIOTED-digital\04_joe_lcd_20x32\0_main_dig5_20260815-175403.jpg,0,0,0.999794,0.999794,0.000000,0.000000,0.000000,0.000000,0.000000,0.000000,0.000000,0.000206,0.000000,0.000000,5,20260815-175403,kwh,54.243
C:\Users\josep\source\repos\AIOTED-digital\04_joe_lcd_20x32\0_main_dig5_20260824-000947.jpg,0,0,0.883732,0.883732,0.000000,0.000000,0.000000,0.000000,0.000000,0.000000,0.000000,0.116264,0.000003,0.000000,5,20260824-000947,zeros,65.179
C:\Users\josep\source\repos\AIOTED-digital\04_joe_lcd_20x32\0_main_dig5_20260824-002947.jpg,0,0,0.817147,0.817147,0.000000,0.000000,0.000000,0.000000,0.000000,0.000000,0.000000,0.182826,0.000027,0.000000,5,20260824-002947,zeros,63.343
C:\Users\josep\source\repos\AIOTED-digital\04_joe_lcd_20x32\0_main_dig5_20260824-064147.jpg,0,0,0.993266,0.993266,0.000000,0.000000,0.000000,0.000000,0.000000,0.000000,0.000000,0.006733,0.000000,0.000000,5,20260824-064147,blank09,59.789
C:\Users\josep\source\repos\AIOTED-digital\04_joe_lcd_20x32\0_main_dig5_20260824-235746.jpg,0,8,0.688008,0.311780,0.000000,0.000000,0.000000,0.000000,0.000000,0.000000,0.000000,0.688008,0.000212,0.000000,5,20260824-235746,zeros,67.519
C:\Users\josep\source\repos\AIOTED-digital\04_joe_lcd_20x32\0_main_dig5_20260828-065740.jpg,0,0,0.997988,0.997988,0.000000,0.000000,0.000000,0.000000,0.000000,0.000000,0.000000,0.002012,0.000000,0.000000,5,20260828-065740,kwh,57.951
C:\Users\josep\source\repos\AIOTED-digital\04_joe_lcd_20x32\0_main_dig5_20260828-071740.jpg,0,0,0.999713,0.999713,0.000000,0.000000,0.000000,0.000000,0.000000,0.000000,0.000000,0.000287,0.000000,0.000000,5,20260828-071740,blank09,57.064
C:\Users\josep\source\repos\AIOTED-digital\04_joe_lcd_20x32\0_main_dig5_20260903-081508.jpg,0,0,0.999991,0.999991,0.000000,0.000000,0.000000,0.000000,0.000000,0.000000,0.000000,0.000009,0.000000,0.000000,5,20260903-081508,kwh,59.979
C:\Users\josep\source\repos\AIOTED-digital\04_joe_lcd_20x32\0_main_dig5_20260903-141107.jpg,0,0,1.000000,1.000000,0.000000,0.000000,0.000000,0.000000,0.000000,0.000000,0.000000,0.000000,0.000000,0.000000,5,20260903-141107,kwh,59.591
C:\Users\josep\source\repos\AIOTED-digital\04_joe_lcd_20x32\0_main_dig5_20260903-143907.jpg,0,0,1.000000,1.000000,0.000000,0.000000,0.000000,0.000000,0.000000,0.000000,0.000000,0.000000,0.000000,0.000000,5,20260903-143907,kwh,60.041
C:\Users\josep\source\repos\AIOTED-digital\04_joe_lcd_20x32\0_main_dig5_20260903-151907.jpg,0,0,1.000000,1.000000,0.000000,0.000000,0.000000,0.000000,0.000000,0.000000,0.000000,0.000000,0.000000,0.000000,5,20260903-151907,kwh,61.889
C:\Users\josep\source\repos\AIOTED-digital\04_joe_lcd_20x32\0_main_dig5_20260903-172707.jpg,0,0,1.000000,1.000000,0.000000,0.000000,0.000000,0.000000,0.000000,0.000000,0.000000,0.000000,0.000000,0.000000,5,20260903-172707,kwh,57.035
C:\Users\josep\source\repos\AIOTED-digital\04_joe_lcd_20x32\0_main_dig5_20260903-173907.jpg,0,0,1.000000,1.000000,0.000000,0.000000,0.000000,0.000000,0.000000,0.000000,0.000000,0.000000,0.000000,0.000000,5,20260903-173907,kwh,59.497
C:\Users\josep\source\repos\AIOTED-digital\04_joe_lcd_20x32\0_main_dig5_20260903-174707.jpg,0,0,1.000000,1.000000,0.000000,0.000000,0.000000,0.000000,0.000000,0.000000,0.000000,0.000000,0.000000,0.000000,5,20260903-174707,kwh,57.123
C:\Users\josep\source\repos\AIOTED-digital\04_joe_lcd_20x32\0_main_dig5_20260915-174536.jpg,0,0,1.000000,1.000000,0.000000,0.000000,0.000000,0.000000,0.000000,0.000000,0.000000,0.000000,0.000000,0.000000,5,20260915-174536,kwh,48.765
C:\Users\josep\source\repos\AIOTED-digital\04_joe_lcd_20x32\0_main_dig5_20260915-175736.jpg,0,0,0.999955,0.999955,0.000000,0.000000,0.000000,0.000000,0.000000,0.000000,0.000000,0.000045,0.000000,0.000000,5,20260915-175736,kwh,49.011
C:\Users\josep\source\repos\AIOTED-digital\04_joe_lcd_20x32\0_main_dig5_20260915-180536.jpg,0,0,0.999997,0.999997,0.000000,0.000000,0.000000,0.000000,0.000000,0.000000,0.000000,0.000003,0.000000,0.000000,5,20260915-180536,kwh,49.895
C:\Users\josep\source\repos\AIOTED-digital\04_joe_lcd_20x32\0_main_dig5_20260915-190536.jpg,0,0,0.992703,0.992703,0.000000,0.000000,0.000000,0.000000,0.000000,0.000000,0.000000,0.007296,0.000001,0.000000,5,20260915-190536,kwh,57.107
C:\Users\josep\source\repos\AIOTED-digital\04_joe_lcd_20x32\0_main_dig5_20260915-223735.jpg,0,0,0.979226,0.979226,0.000000,0.000000,0.000000,0.000000,0.000000,0.000000,0.000000,0.020773,0.000000,0.000000,5,20260915-223735,kwh,55.975
C:\Users\josep\source\repos\AIOTED-digital\04_joe_lcd_20x32\0_main_dig5_20260919-012130.jpg,0,0,0.917390,0.917390,0.000006,0.000000,0.000000,0.000005,0.000000,0.000004,0.000004,0.082327,0.000264,0.000000,5,20260919-012130,zeros,59.914
C:\Users\josep\source\repos\AIOTED-digital\04_joe_lcd_20x32\0_main_dig5_20260925-050617.jpg,0,0,0.986978,0.986978,0.000001,0.000000,0.000000,0.000000,0.000000,0.000000,0.000003,0.013017,0.000001,0.000000,5,20260925-050617,kwh,57.698
C:\Users\josep\source\repos\AIOTED-digital\04_joe_lcd_20x32\0_main_dig5_20260925-065417.jpg,0,0,0.993808,0.993808,0.000000,0.000000,0.000000,0.000000,0.000000,0.000000,0.000000,0.006191,0.000000,0.000000,5,20260925-065417,kwh,56.382
C:\Users\josep\source\repos\AIOTED-digital\04_joe_lcd_20x32\0_main_dig5_20260925-072617.jpg,0,0,0.999230,0.999230,0.000000,0.000000,0.000000,0.000000,0.000000,0.000000,0.000000,0.000770,0.000000,0.000000,5,20260925-072617,kwh,52.096
C:\Users\josep\source\repos\AIOTED-digital\04_joe_lcd_20x32\0_main_dig5_20260925-084217.jpg,0,0,0.998222,0.998222,0.000000,0.000000,0.000000,0.000000,0.000000,0.000000,0.000000,0.001778,0.000000,0.000000,5,20260925-084217,kwh,48.407
C:\Users\josep\source\repos\AIOTED-digital\04_joe_lcd_20x32\0_main_dig5_20260925-084617.jpg,0,0,0.999862,0.999862,0.000000,0.000000,0.000000,0.000000,0.000000,0.000000,0.000000,0.000138,0.000000,0.000000,5,20260925-084617,zeros,48.003
C:\Users\josep\source\repos\AIOTED-digital\04_joe_lcd_20x32\0_main_dig5_20260925-103417.jpg,0,0,0.999996,0.999996,0.000000,0.000000,0.000000,0.000000,0.000000,0.000000,0.000000,0.000004,0.000000,0.000000,5,20260925-103417,kwh,58.051
C:\Users\josep\source\repos\AIOTED-digital\04_joe_lcd_20x32\0_main_dig5_20260925-112217.jpg,0,0,0.999999,0.999999,0.000000,0.000000,0.000000,0.000000,0.000000,0.000000,0.000000,0.000001,0.000000,0.000000,5,20260925-112217,zeros,70.365
C:\Users\josep\source\repos\AIOTED-digital\04_joe_lcd_20x32\0_main_dig6_20260815-181803.jpg,0,0,1.000000,1.000000,0.000000,0.000000,0.000000,0.000000,0.000000,0.000000,0.000000,0.000000,0.000000,0.000000,6,20260815-181803,kwh,40.887
C:\Users\josep\source\repos\AIOTED-digital\04_joe_lcd_20x32\0_main_dig6_20260824-003747.jpg,0,8,0.478272,0.319708,0.000056,0.000010,0.000223,0.001356,0.003855,0.001382,0.000317,0.478272,0.194797,0.000024,6,20260824-003747,zeros,30.968
C:\Users\josep\source\repos\AIOTED-digital\04_joe_lcd_20x32\0_main_dig6_20260824-004947.jpg,0,9,0.385179,0.292359,0.000100,0.000008,0.000336,0.003676,0.010435,0.002014,0.000336,0.305521,0.385179,0.000035,6,20260824-004947,zeros,27.409
C:\Users\josep\source\repos\AIOTED-digital\04_joe_lcd_20x32\0_main_dig6_20260824-010947.jpg,0,8,0.498744,0.193430,0.000186,0.000122,0.002864,0.001870,0.001685,0.000650,0.002313,0.498744,0.297959,0.000178,6,20260824-010947,zeros,29.166
C:\Users\josep\source\repos\AIOTED-digital\04_joe_lcd_20x32\0_main_dig6_20260824-124547.jpg,0,0,1.000000,1.000000,0.000000,0.000000,0.000000,0.000000,0.000000,0.000000,0.000000,0.000000,0.000000,0.000000,6,20260824-124547,zeros,80.787
C:\Users\josep\source\repos\AIOTED-digital\04_joe_lcd_20x32\0_main_dig6_20260824-125346.jpg,0,0,1.000000,1.000000,0.000000,0.000000,0.000000,0.000000,0.000000,0.000000,0.000000,0.000000,0.000000,0.000000,6,20260824-125346,zeros,76.019
C:\Users\josep\source\repos\AIOTED-digital\04_joe_lcd_20x32\0_main_dig6_20260824-172546.jpg,0,0,1.000000,1.000000,0.000000,0.000000,0.000000,0.000000,0.000000,0.000000,0.000000,0.000000,0.000000,0.000000,6,20260824-172546,kwh,50.619
C:\Users\josep\source\repos\AIOTED-digital\04_joe_lcd_20x32\0_main_dig6_20260824-173346.jpg,0,0,1.000000,1.000000,0.000000,0.000000,0.000000,0.000000,0.000000,0.000000,0.000000,0.000000,0.000000,0.000000,6,20260824-173346,kwh,45.584
C:\Users\josep\source\repos\AIOTED-digital\04_joe_lcd_20x32\0_main_dig6_20260828-000540.jpg,0,8,0.484085,0.179824,0.011682,0.004626,0.060573,0.017257,0.002970,0.003284,0.031373,0.484085,0.200792,0.003534,6,20260828-000540,zeros,31.132
C:\Users\josep\source\repos\AIOTED-digital\04_joe_lcd_20x32\0_main_dig6_20260828-002540.jpg,0,8,0.650366,0.165738,0.003960,0.006594,0.027408,0.004316,0.000141,0.000221,0.031854,0.650366,0.107828,0.001574,6,20260828-002540,kwh,31.171
C:\Users\josep\source\repos\AIOTED-digital\04_joe_lcd_20x32\0_main_dig6_20260828-004540.jpg,0,8,0.605585,0.188370,0.001409,0.000486,0.006166,0.004906,0.000502,0.000396,0.005547,0.605585,0.186039,0.000593,6,20260828-004540,zeros,31.788
C:\Users\josep\source\repos\AIOTED-digital\04_joe_lcd_20x32\0_main_dig6_20260828-010540.jpg,0,8,0.539218,0.299635,0.001597,0.000830,0.008690,0.002746,0.000733,0.000543,0.011772,0.539218,0.133560,0.000675,6,20260828-010540,kwh,32.195
C:\Users\josep\source\repos\AIOTED-digital\04_joe_lcd_20x32\0_main_dig6_20260828-102139.jpg,0,0,1.000000,1.000000,0.000000,0.000000,0.000000,0.000000,0.000000,0.000000,0.000000,0.000000,0.000000,0.000000,6,20260828-102139,zeros,82.805
C:\Users\josep\source\repos\AIOTED-digital\04_joe_lcd_20x32\0_main_dig6_20260828-134939.jpg,0,0,1.000000,1.000000,0.000000,0.000000,0.000000,0.000000,0.000000,0.000000,0.000000,0.000000,0.000000,0.000000,6,20260828-134939,kwh,72.110
C:\Users\josep\source\repos\AIOTED-digital\04_joe_lcd_20x32\0_main_dig6_20260828-182139.jpg,0,0,0.998970,0.998970,0.000000,0.000000,0.000000,0.000000,0.000000,0.000000,0.000000,0.001029,0.000001,0.000000,6,20260828-182139,zeros,33.880
C:\Users\josep\source\repos\AIOTED-digital\04_joe_lcd_20x32\0_main_dig6_20260828-182939.jpg,0,0,0.999823,0.999823,0.000000,0.000000,0.000000,0.000000,0.000000,0.000000,0.000000,0.000177,0.000000,0.000000,6,20260828-182939,kwh,33.876
C:\Users\josep\source\repos\AIOTED-digital\04_joe_lcd_20x32\0_main_dig6_20260903-181907.jpg,0,0,1.000000,1.000000,0.000000,0.000000,0.000000,0.000000,0.000000,0.000000,0.000000,0.000000,0.000000,0.000000,6,20260903-181907,kwh,34.168
C:\Users\josep\source\repos\AIOTED-digital\04_joe_lcd_20x32\0_main_dig6_20260903-182707.jpg,0,0,1.000000,1.000000,0.000000,0.000000,0.000000,0.000000,0.000000,0.000000,0.000000,0.000000,0.000000,0.000000,6,20260903-182707,kwh,30.896
C:\Users\josep\source\repos\AIOTED-digital\04_joe_lcd_20x32\0_main_dig6_20260915-000137.jpg,0,9,0.599292,0.029742,0.000669,0.000058,0.002303,0.134329,0.007297,0.000835,0.000548,0.224836,0.599292,0.000091,6,20260915-000137,kwh,25.247
C:\Users\josep\source\repos\AIOTED-digital\04_joe_lcd_20x32\0_main_dig6_20260915-120936.jpg,0,0,1.000000,1.000000,0.000000,0.000000,0.000000,0.000000,0.000000,0.000000,0.000000,0.000000,0.000000,0.000000,6,20260915-120936,kwh,88.741
C:\Users\josep\source\repos\AIOTED-digital\04_joe_lcd_20x32\0_main_dig6_20260915-121736.jpg,0,0,1.000000,1.000000,0.000000,0.000000,0.000000,0.000000,0.000000,0.000000,0.000000,0.000000,0.000000,0.000000,6,20260915-121736,kwh,83.849
C:\Users\josep\source\repos\AIOTED-digital\04_joe_lcd_20x32\0_main_dig6_20260918-114931.jpg,0,0,1.000000,1.000000,0.000000,0.000000,0.000000,0.000000,0.000000,0.000000,0.000000,0.000000,0.000000,0.000000,6,20260918-114931,kwh,59.602
C:\Users\josep\source\repos\AIOTED-digital\04_joe_lcd_20x32\0_main_dig6_20260918-122131.jpg,0,0,1.000000,1.000000,0.000000,0.000000,0.000000,0.000000,0.000000,0.000000,0.000000,0.000000,0.000000,0.000000,6,20260918-122131,kwh,60.983
C:\Users\josep\source\repos\AIOTED-digital\04_joe_lcd_20x32\0_main_dig6_20260919-113329.jpg,0,0,1.000000,1.000000,0.000000,0.000000,0.000000,0.000000,0.000000,0.000000,0.000000,0.000000,0.000000,0.000000,6,20260919-113329,kwh,54.847
C:\Users\josep\source\repos\AIOTED-digital\04_joe_lcd_20x32\0_main_dig6_20260925-115417.jpg,0,0,1.000000,1.000000,0.000000,0.000000,0.000000,0.000000,0.000000,0.000000,0.000000,0.000000,0.000000,0.000000,6,20260925-115417,kwh,90.557
C:\Users\josep\source\repos\AIOTED-digital\04_joe_lcd_20x32\1_main_dig4_20260915-175736.jpg,1,1,1.000000,0.000000,1.000000,0.000000,0.000000,0.000000,0.000000,0.000000,0.000000,0.000000,0.000000,0.000000,4,20260915-175736,kwh,56.019
C:\Users\josep\source\repos\AIOTED-digital\04_joe_lcd_20x32\1_main_dig4_20260915-180536.jpg,1,1,1.000000,0.000000,1.000000,0.000000,0.000000,0.000000,0.000000,0.000000,0.000000,0.000000,0.000000,0.000000,4,20260915-180536,kwh,55.382
C:\Users\josep\source\repos\AIOTED-digital\04_joe_lcd_20x32\1_main_dig4_20260915-181735.jpg,1,1,0.999999,0.000000,0.999999,0.000000,0.000000,0.000000,0.000000,0.000000,0.000001,0.000000,0.000000,0.000000,4,20260915-181735,kwh,55.792
C:\Users\josep\source\repos\AIOTED-digital\04_joe_lcd_20x32\1_main_dig4_20260915-182535.jpg,1,1,1.000000,0.000000,1.000000,0.000000,0.000000,0.000000,0.000000,0.000000,0.000000,0.000000,0.000000,0.000000,4,20260915-182535,kwh,56.658
C:\Users\josep\source\repos\AIOTED-digital\04_joe_lcd_20x32\1_main_dig4_20260915-183735.jpg,1,1,1.000000,0.000000,1.000000,0.000000,0.000000,0.000000,0.000000,0.000000,0.000000,0.000000,0.000000,0.000000,4,20260915-183735,kwh,55.234
C:\Users\josep\source\repos\AIOTED-digital\04_joe_lcd_20x32\1_main_dig4_20260915-191736.jpg,1,1,1.000000,0.000000,1.000000,0.000000,0.000000,0.000000,0.000000,0.000000,0.000000,0.000000,0.000000,0.000000,4,20260915-191736,kwh,56.358
C:\Users\josep\source\repos\AIOTED-digital\04_joe_lcd_20x32\1_main_dig4_20260915-192536.jpg,1,1,0.999999,0.000000,0.999999,0.000000,0.000000,0.000000,0.000000,0.000000,0.000001,0.000000,0.000000,0.000000,4,20260915-192536,kwh,54.864
C:\Users\josep\source\repos\AIOTED-digital\04_joe_lcd_20x32\1_main_dig4_20260915-193736.jpg,1,1,0.999999,0.000000,0.999999,0.000000,0.000000,0.000000,0.000000,0.000000,0.000001,0.000000,0.000000,0.000000,4,20260915-193736,kwh,55.980
C:\Users\josep\source\repos\AIOTED-digital\04_joe_lcd_20x32\1_main_dig4_20260915-195736.jpg,1,1,0.999998,0.000000,0.999998,0.000000,0.000000,0.000000,0.000000,0.000000,0.000002,0.000000,0.000000,0.000000,4,20260915-195736,kwh,56.167
C:\Users\josep\source\repos\AIOTED-digital\04_joe_lcd_20x32\1_main_dig4_20260915-202535.jpg,1,1,0.999998,0.000000,0.999998,0.000000,0.000000,0.000000,0.000000,0.000000,0.000002,0.000000,0.000000,0.000000,4,20260915-202535,kwh,57.044
C:\Users\josep\source\repos\AIOTED-digital\04_joe_lcd_20x32\1_main_dig4_20260915-215335.jpg,1,1,0.999997,0.000000,0.999997,0.000000,0.000000,0.000000,0.000000,0.000000,0.000003,0.000000,0.000000,0.000000,4,20260915-215335,kwh,55.876
C:\Users\josep\source\repos\AIOTED-digital\04_joe_lcd_20x32\1_main_dig4_20260915-215735.jpg,1,1,1.000000,0.000000,1.000000,0.000000,0.000000,0.000000,0.000000,0.000000,0.000000,0.000000,0.000000,0.000000,4,20260915-215735,kwh,57.146
C:\Users\josep\source\repos\AIOTED-digital\04_joe_lcd_20x32\1_main_dig4_20260915-223735.jpg,1,1,1.000000,0.000000,1.000000,0.000000,0.000000,0.000000,0.000000,0.000000,0.000000,0.000000,0.000000,0.000000,4,20260915-223735,kwh,57.039
C:\Users\josep\source\repos\AIOTED-digital\04_joe_lcd_20x32\1_main_dig4_20260915-231334.jpg,1,1,0.999999,0.000000,0.999999,0.000000,0.000000,0.000000,0.000000,0.000000,0.000001,0.000000,0.000000,0.000000,4,20260915-231334,kwh,56.398
C:\Users\josep\source\repos\AIOTED-digital\04_joe_lcd_20x32\1_main_dig4_20260915-232534.jpg,1,1,1.000000,0.000000,1.000000,0.000000,0.000000,0.000000,0.000000,0.000000,0.000000,0.000000,0.000000,0.000000,4,20260915-232534,kwh,54.808
C:\Users\josep\source\repos\AIOTED-digital\04_joe_lcd_20x32\1_main_dig4_20260915-233334.jpg,1,1,1.000000,0.000000,1.000000,0.000000,0.000000,0.000000,0.000000,0.000000,0.000000,0.000000,0.000000,0.000000,4,20260915-233334,kwh,57.268
C:\Users\josep\source\repos\AIOTED-digital\04_joe_lcd_20x32\1_main_dig4_20260918-005331.jpg,1,1,1.000000,0.000000,1.000000,0.000000,0.000000,0.000000,0.000000,0.000000,0.000000,0.000000,0.000000,0.000000,4,20260918-005331,kwh,55.493
C:\Users\josep\source\repos\AIOTED-digital\04_joe_lcd_20x32\1_main_dig4_20260918-031331.jpg,1,1,1.000000,0.000000,1.000000,0.000000,0.000000,0.000000,0.000000,0.000000,0.000000,0.000000,0.000000,0.000000,4,20260918-031331,kwh,55.851
C:\Users\josep\source\repos\AIOTED-digital\04_joe_lcd_20x32\1_main_dig4_20260918-032131.jpg,1,1,0.999999,0.000000,0.999999,0.000000,0.000000,0.000000,0.000000,0.000000,0.000001,0.000000,0.000000,0.000000,4,20260918-032131,kwh,56.139
C:\Users\josep\source\repos\AIOTED-digital\04_joe_lcd_20x32\1_main_dig4_20260918-062131.jpg,1,1,1.000000,0.000000,1.000000,0.000000,0.000000,0.000000,0.000000,0.000000,0.000000,0.000000,0.000000,0.000000,4,20260918-062131,kwh,56.649
C:\Users\josep\source\repos\AIOTED-digital\04_joe_lcd_20x32\1_main_dig4_20260918-064131.jpg,1,1,1.000000,0.000000,1.000000,0.000000,0.000000,0.000000,0.000000,0.000000,0.000000,0.000000,0.000000,0.000000,4,20260918-064131,kwh,55.052
C:\Users\josep\source\repos\AIOTED-digital\04_joe_lcd_20x32\1_main_dig4_20260918-080131.jpg,1,1,0.999999,0.000000,0.999999,0.000000,0.000000,0.000000,0.000000,0.000000,0.000001,0.000000,0.000000,0.000000,4,20260918-080131,kwh,58.435
C:\Users\josep\source\repos\AIOTED-digital\04_joe_lcd_20x32\1_main_dig4_20260918-080931.jpg,1,1,0.999997,0.000000,0.999997,0.000000,0.000000,0.000000,0.000000,0.000000,0.000003,0.000000,0.000000,0.000000,4,20260918-080931,kwh,57.686
C:\Users\josep\source\repos\AIOTED-digital\04_joe_lcd_20x32\1_main_dig4_20260918-090931.jpg,1,1,1.000000,0.000000,1.000000,0.000000,0.000000,0.000000,0.000000,0.000000,0.000000,0.000000,0.000000,0.000000,4,20260918-090931,kwh,56.296
C:\Users\josep\source\repos\AIOTED-digital\04_joe_lcd_20x32\1_main_dig4_20260918-092931.jpg,1,1,1.000000,0.000000,1.000000,0.000000,0.000000,0.000000,0.000000,0.000000,0.000000,0.000000,0.000000,0.000000,4,20260918-092931,kwh,56.869
C:\Users\josep\source\repos\AIOTED-digital\04_joe_lcd_20x32\1_main_dig4_20260918-102131.jpg,1,1,0.999995,0.000000,0.999995,0.000000,0.000000,0.000000,0.000000,0.000000,0.000005,0.000000,0.000000,0.000000,4,20260918-102131,kwh,58.054
C:\Users\josep\source\repos\AIOTED-digital\04_joe_lcd_20x32\1_main_dig4_20260918-114131.jpg,1,1,1.000000,0.000000,1.000000,0.000000,0.000000,0.000000,0.000000,0.000000,0.000000,0.000000,0.000000,0.000000,4,20260918-114131,kwh,63.998
C:\Users\josep\source\repos\AIOTED-digital\04_joe_lcd_20x32\1_main_dig4_20260918-120131.jpg,1,1,1.000000,0.000000,1.000000,0.000000,0.000000,0.000000,0.000000,0.000000,0.000000,0.000000,0.000000,0.000000,4,20260918-120131,kwh,59.318
C:\Users\josep\source\repos\AIOTED-digital\04_joe_lcd_20x32\1_main_dig4_20260918-122131.jpg,1,1,1.000000,0.000000,1.000000,0.000000,0.000000,0.000000,0.000000,0.000000,0.000000,0.000000,0.000000,0.000000,4,20260918-122131,kwh,62.046
C:\Users\josep\source\repos\AIOTED-digital\04_joe_lcd_20x32\1_main_dig4_20260918-124131.jpg,1,1,1.000000,0.000000,1.000000,0.000000,0.000000,0.000000,0.000000,0.000000,0.000000,0.000000,0.000000,0.000000,4,20260918-124131,kwh,64.243
C:\Users\josep\source\repos\AIOTED-digital\04_joe_lcd_20x32\1_main_dig4_20260918-124931.jpg,1,1,1.000000,0.000000,1.000000,0.000000,0.000000,0.000000,0.000000,0.000000,0.000000,0.000000,0.000000,0.000000,4,20260918-124931,kwh,69.005
C:\Users\josep\source\repos\AIOTED-digital\04_joe_lcd_20x32\1_main_dig4_20260918-130131.jpg,1,1,1.000000,0.000000,1.000000,0.000000,0.000000,0.000000,0.000000,0.000000,0.000000,0.000000,0.000000,0.000000,4,20260918-130131,kwh,74.789
C:\Users\josep\source\repos\AIOTED-digital\04_joe_lcd_20x32\1_main_dig4_20260918-132131.jpg,1,1,1.000000,0.000000,1.000000,0.000000,0.000000,0.000000,0.000000,0.000000,0.000000,0.000000,0.000000,0.000000,4,20260918-132131,kwh,63.089
C:\Users\josep\source\repos\AIOTED-digital\04_joe_lcd_20x32\1_main_dig4_20260918-135730.jpg,1,1,1.000000,0.000000,1.000000,0.000000,0.000000,0.000000,0.000000,0.000000,0.000000,0.000000,0.000000,0.000000,4,20260918-135730,kwh,63.795
C:\Users\josep\source\repos\AIOTED-digital\04_joe_lcd_20x32\1_main_dig4_20260918-142931.jpg,1,1,1.000000,0.000000,1.000000,0.000000,0.000000,0.000000,0.000000,0.000000,0.000000,0.000000,0.000000,0.000000,4,20260918-142931,kwh,58.746
C:\Users\josep\source\repos\AIOTED-digital\04_joe_lcd_20x32\1_main_dig4_20260918-144131.jpg,1,1,1.000000,0.000000,1.000000,0.000000,0.000000,0.000000,0.000000,0.000000,0.000000,0.000000,0.000000,0.000000,4,20260918-144131,kwh,60.031
C:\Users\josep\source\repos\AIOTED-digital\04_joe_lcd_20x32\1_main_dig4_20260918-144930.jpg,1,1,1.000000,0.000000,1.000000,0.000000,0.000000,0.000000,0.000000,0.000000,0.000000,0.000000,0.000000,0.000000,4,20260918-144930,kwh,59.018
C:\Users\josep\source\repos\AIOTED-digital\04_joe_lcd_20x32\1_main_dig4_20260918-150931.jpg,1,1,1.000000,0.000000,1.000000,0.000000,0.000000,0.000000,0.000000,0.000000,0.000000,0.000000,0.000000,0.000000,4,20260918-150931,kwh,59.288
C:\Users\josep\source\repos\AIOTED-digital\04_joe_lcd_20x32\1_main_dig4_20260918-165730.jpg,1,1,0.999999,0.000000,0.999999,0.000000,0.000000,0.000000,0.000000,0.000000,0.000001,0.000000,0.000000,0.000000,4,20260918-165730,kwh,56.064
C:\Users\josep\source\repos\AIOTED-digital\04_joe_lcd_20x32\1_main_dig4_20260918-174930.jpg,1,1,1.000000,0.000000,1.000000,0.000000,0.000000,0.000000,0.000000,0.000000,0.000000,0.000000,0.000000,0.000000,4,20260918-174930,kwh,56.322
C:\Users\josep\source\repos\AIOTED-digital\04_joe_lcd_20x32\1_main_dig4_20260918-183730.jpg,1,1,0.999993,0.000000,0.999993,0.000000,0.000000,0.000000,0.000000,0.000000,0.000007,0.000000,0.000000,0.000000,4,20260918-183730,kwh,57.502
C:\Users\josep\source\repos\AIOTED-digital\04_joe_lcd_20x32\1_main_dig4_20260918-191730.jpg,1,1,0.999999,0.000000,0.999999,0.000000,0.000000,0.000000,0.000000,0.000000,0.000001,0.000000,0.000000,0.000000,4,20260918-191730,kwh,56.113
C:\Users\josep\source\repos\AIOTED-digital\04_joe_lcd_20x32\1_main_dig4_20260918-194930.jpg,1,1,0.999998,0.000000,0.999998,0.000000,0.000000,0.000000,0.000000,0.000000,0.000002,0.000000,0.000000,0.000000,4,20260918-194930,kwh,57.275
C:\Users\josep\source\repos\AIOTED-digital\04_joe_lcd_20x32\1_main_dig4_20260918-200930.jpg,1,1,0.999998,0.000000,0.999998,0.000000,0.000000,0.000000,0.000000,0.000000,0.000002,0.000000,0.000000,0.000000,4,20260918-200930,kwh,58.094
C:\Users\josep\source\repos\AIOTED-digital\04_joe_lcd_20x32\1_main_dig4_20260918-215730.jpg,1,1,0.999998,0.000000,0.999998,0.000000,0.000000,0.000000,0.000000,0.000000,0.000002,0.000000,0.000000,0.000000,4,20260918-215730,kwh,57.702
C:\Users\josep\source\repos\AIOTED-digital\04_joe_lcd_20x32\1_main_dig4_20260918-231730.jpg,1,1,1.000000,0.000000,1.000000,0.000000,0.000000,0.000000,0.000000,0.000000,0.000000,0.000000,0.000000,0.000000,4,20260918-231730,kwh,58.092
C:\Users\josep\source\repos\AIOTED-digital\04_joe_lcd_20x32\1_main_dig4_20260919-003730.jpg,1,1,1.000000,0.000000,1.000000,0.000000,0.000000,0.000000,0.000000,0.000000,0.000000,0.000000,0.000000,0.000000,4,20260919-003730,kwh,56.097
C:\Users\josep\source\repos\AIOTED-digital\04_joe_lcd_20x32\1_main_dig4_20260919-013730.jpg,1,1,1.000000,0.000000,1.000000,0.000000,0.000000,0.000000,0.000000,0.000000,0.000000,0.000000,0.000000,0.000000,4,20260919-013730,kwh,55.440
C:\Users\josep\source\repos\AIOTED-digital\04_joe_lcd_20x32\1_main_dig4_20260919-034530.jpg,1,1,1.000000,0.000000,1.000000,0.000000,0.000000,0.000000,0.000000,0.000000,0.000000,0.000000,0.000000,0.000000,4,20260919-034530,kwh,56.264
C:\Users\josep\source\repos\AIOTED-digital\04_joe_lcd_20x32\1_main_dig4_20260919-035730.jpg,1,1,1.000000,0.000000,1.000000,0.000000,0.000000,0.000000,0.000000,0.000000,0.000000,0.000000,0.000000,0.000000,4,20260919-035730,kwh,56.133
C:\Users\josep\source\repos\AIOTED-digital\04_joe_lcd_20x32\1_main_dig4_20260919-044530.jpg,1,1,1.000000,0.000000,1.000000,0.000000,0.000000,0.000000,0.000000,0.000000,0.000000,0.000000,0.000000,0.000000,4,20260919-044530,kwh,56.683
C:\Users\josep\source\repos\AIOTED-digital\04_joe_lcd_20x32\1_main_dig4_20260919-052530.jpg,1,1,1.000000,0.000000,1.000000,0.000000,0.000000,0.000000,0.000000,0.000000,0.000000,0.000000,0.000000,0.000000,4,20260919-052530,kwh,56.502
C:\Users\josep\source\repos\AIOTED-digital\04_joe_lcd_20x32\1_main_dig4_20260919-054530.jpg,1,1,0.999999,0.000000,0.999999,0.000000,0.000000,0.000000,0.000000,0.000000,0.000001,0.000000,0.000000,0.000000,4,20260919-054530,kwh,55.621
C:\Users\josep\source\repos\AIOTED-digital\04_joe_lcd_20x32\1_main_dig4_20260919-061330.jpg,1,1,1.000000,0.000000,1.000000,0.000000,0.000000,0.000000,0.000000,0.000000,0.000000,0.000000,0.000000,0.000000,4,20260919-061330,kwh,55.106
C:\Users\josep\source\repos\AIOTED-digital\04_joe_lcd_20x32\1_main_dig4_20260919-063730.jpg,1,1,1.000000,0.000000,1.000000,0.000000,0.000000,0.000000,0.000000,0.000000,0.000000,0.000000,0.000000,0.000000,4,20260919-063730,kwh,57.512
C:\Users\josep\source\repos\AIOTED-digital\04_joe_lcd_20x32\1_main_dig4_20260919-075329.jpg,1,1,1.000000,0.000000,1.000000,0.000000,0.000000,0.000000,0.000000,0.000000,0.000000,0.000000,0.000000,0.000000,4,20260919-075329,kwh,54.233
C:\Users\josep\source\repos\AIOTED-digital\04_joe_lcd_20x32\1_main_dig4_20260919-095329.jpg,1,1,1.000000,0.000000,1.000000,0.000000,0.000000,0.000000,0.000000,0.000000,0.000000,0.000000,0.000000,0.000000,4,20260919-095329,kwh,55.277
C:\Users\josep\source\repos\AIOTED-digital\04_joe_lcd_20x32\1_main_dig4_20260919-111329.jpg,1,1,1.000000,0.000000,1.000000,0.000000,0.000000,0.000000,0.000000,0.000000,0.000000,0.000000,0.000000,0.000000,4,20260919-111329,kwh,61.041
C:\Users\josep\source\repos\AIOTED-digital\04_joe_lcd_20x32\1_main_dig4_20260919-112529.jpg,1,1,1.000000,0.000000,1.000000,0.000000,0.000000,0.000000,0.000000,0.000000,0.000000,0.000000,0.000000,0.000000,4,20260919-112529,kwh,60.154
C:\Users\josep\source\repos\AIOTED-digital\04_joe_lcd_20x32\1_main_dig4_20260919-113329.jpg,1,1,1.000000,0.000000,1.000000,0.000000,0.000000,0.000000,0.000000,0.000000,0.000000,0.000000,0.000000,0.000000,4,20260919-113329,kwh,61.043
C:\Users\josep\source\repos\AIOTED-digital\04_joe_lcd_20x32\1_main_dig4_20260919-114529.jpg,1,1,1.000000,0.000000,1.000000,0.000000,0.000000,0.000000,0.000000,0.000000,0.000000,0.000000,0.000000,0.000000,4,20260919-114529,kwh,60.090
C:\Users\josep\source\repos\AIOTED-digital\04_joe_lcd_20x32\1_main_dig4_20260919-120529.jpg,1,1,1.000000,0.000000,1.000000,0.000000,0.000000,0.000000,0.000000,0.000000,0.000000,0.000000,0.000000,0.000000,4,20260919-120529,kwh,59.004
C:\Users\josep\source\repos\AIOTED-digital\04_joe_lcd_20x32\1_main_dig4_20260919-121329.jpg,1,1,1.000000,0.000000,1.000000,0.000000,0.000000,0.000000,0.000000,0.000000,0.000000,0.000000,0.000000,0.000000,4,20260919-121329,kwh,62.304
C:\Users\josep\source\repos\AIOTED-digital\04_joe_lcd_20x32\1_main_dig4_20260919-122529.jpg,1,1,1.000000,0.000000,1.000000,0.000000,0.000000,0.000000,0.000000,0.000000,0.000000,0.000000,0.000000,0.000000,4,20260919-122529,kwh,64.003
C:\Users\josep\source\repos\AIOTED-digital\04_joe_lcd_20x32\1_main_dig4_20260919-125329.jpg,1,1,1.000000,0.000000,1.000000,0.000000,0.000000,0.000000,0.000000,0.000000,0.000000,0.000000,0.000000,0.000000,4,20260919-125329,kwh,65.035
C:\Users\josep\source\repos\AIOTED-digital\04_joe_lcd_20x32\1_main_dig4_20260919-130529.jpg,1,1,1.000000,0.000000,1.000000,0.000000,0.000000,0.000000,0.000000,0.000000,0.000000,0.000000,0.000000,0.000000,4,20260919-130529,kwh,66.072
C:\Users\josep\source\repos\AIOTED-digital\04_joe_lcd_20x32\1_main_dig4_20260919-131329.jpg,1,1,1.000000,0.000000,1.000000,0.000000,0.000000,0.000000,0.000000,0.000000,0.000000,0.000000,0.000000,0.000000,4,20260919-131329,kwh,63.868
C:\Users\josep\source\repos\AIOTED-digital\04_joe_lcd_20x32\1_main_dig4_20260919-133329.jpg,1,1,1.000000,0.000000,1.000000,0.000000,0.000000,0.000000,0.000000,0.000000,0.000000,0.000000,0.000000,0.000000,4,20260919-133329,kwh,62.062
C:\Users\josep\source\repos\AIOTED-digital\04_joe_lcd_20x32\1_main_dig4_20260919-134129.jpg,1,1,1.000000,0.000000,1.000000,0.000000,0.000000,0.000000,0.000000,0.000000,0.000000,0.000000,0.000000,0.000000,4,20260919-134129,kwh,60.408
C:\Users\josep\source\repos\AIOTED-digital\04_joe_lcd_20x32\1_main_dig4_20260919-135329.jpg,1,1,1.000000,0.000000,1.000000,0.000000,0.000000,0.000000,0.000000,0.000000,0.000000,0.000000,0.000000,0.000000,4,20260919-135329,kwh,58.519
C:\Users\josep\source\repos\AIOTED-digital\04_joe_lcd_20x32\1_main_dig4_20260919-162129.jpg,1,1,1.000000,0.000000,1.000000,0.000000,0.000000,0.000000,0.000000,0.000000,0.000000,0.000000,0.000000,0.000000,4,20260919-162129,kwh,56.801
C:\Users\josep\source\repos\AIOTED-digital\04_joe_lcd_20x32\1_main_dig4_20260919-172129.jpg,1,1,0.999999,0.000000,0.999999,0.000000,0.000000,0.000000,0.000000,0.000000,0.000001,0.000000,0.000000,0.000000,4,20260919-172129,kwh,57.245
C:\Users\josep\source\repos\AIOTED-digital\04_joe_lcd_20x32\1_main_dig4_20260919-195329.jpg,1,1,1.000000,0.000000,1.000000,0.000000,0.000000,0.000000,0.000000,0.000000,0.000000,0.000000,0.000000,0.000000,4,20260919-195329,kwh,57.086
C:\Users\josep\source\repos\AIOTED-digital\04_joe_lcd_20x32\1_main_dig4_20260919-203329.jpg,1,1,1.000000,0.000000,1.000000,0.000000,0.000000,0.000000,0.000000,0.000000,0.000000,0.000000,0.000000,0.000000,4,20260919-203329,kwh,55.557
C:\Users\josep\source\repos\AIOTED-digital\04_joe_lcd_20x32\1_main_dig5_20260815-180603.jpg,1,1,1.000000,0.000000,1.000000,0.000000,0.000000,0.000000,0.000000,0.000000,0.000000,0.000000,0.000000,0.000000,5,20260815-180603,kwh,54.077
C:\Users\josep\source\repos\AIOTED-digital\04_joe_lcd_20x32\1_main_dig5_20260815-181403.jpg,1,1,1.000000,0.000000,1.000000,0.000000,0.000000,0.000000,0.000000,0.000000,0.000000,0.000000,0.000000,0.000000,5,20260815-181403,kwh,53.946
C:\Users\josep\source\repos\AIOTED-digital\04_joe_lcd_20x32\1_main_dig5_20260815-181803.jpg,1,1,1.000000,0.000000,1.000000,0.000000,0.000000,0.000000,0.000000,0.000000,0.000000,0.000000,0.000000,0.000000,5,20260815-181803,kwh,53.950
C:\Users\josep\source\repos\AIOTED-digital\04_joe_lcd_20x32\1_main_dig5_20260815-182603.jpg,1,1,1.000000,0.000000,1.000000,0.000000,0.000000,0.000000,0.000000,0.000000,0.000000,0.000000,0.000000,0.000000,5,20260815-182603,kwh,55.099
C:\Users\josep\source\repos\AIOTED-digital\04_joe_lcd_20x32\1_main_dig5_20260815-183803.jpg,1,1,1.000000,0.000000,1.000000,0.000000,0.000000,0.000000,0.000000,0.000000,0.000000,0.000000,0.000000,0.000000,5,20260815-183803,kwh,58.231
C:\Users\josep\source\repos\AIOTED-digital\04_joe_lcd_20x32\1_main_dig5_20260815-192603.jpg,1,1,0.999995,0.000000,0.999995,0.000000,0.000000,0.000002,0.000000,0.000000,0.000003,0.000000,0.000000,0.000000,5,20260815-192603,kwh,61.414
C:\Users\josep\source\repos\AIOTED-digital\04_joe_lcd_20x32\1_main_dig5_20260815-195403.jpg,1,1,0.999667,0.000000,0.999667,0.000000,0.000016,0.000006,0.000000,0.000000,0.000311,0.000000,0.000000,0.000001,5,20260815-195403,kwh,63.553
C:\Users\josep\source\repos\AIOTED-digital\04_joe_lcd_20x32\1_main_dig5_20260824-021746.jpg,1,1,0.999975,0.000000,0.999975,0.000000,0.000000,0.000012,0.000000,0.000000,0.000012,0.000000,0.000000,0.000000,5,20260824-021746,kwh,66.021
C:\Users\josep\source\repos\AIOTED-digital\04_joe_lcd_20x32\1_main_dig5_20260824-040547.jpg,1,1,0.999768,0.000000,0.999768,0.000000,0.000004,0.000132,0.000000,0.000000,0.000093,0.000000,0.000001,0.000002,5,20260824-040547,kwh,62.425
C:\Users\josep\source\repos\AIOTED-digital\04_joe_lcd_20x32\1_main_dig5_20260824-045747.jpg,1,1,0.999623,0.000000,0.999623,0.000000,0.000034,0.000053,0.000000,0.000000,0.000288,0.000000,0.000001,0.000001,5,20260824-045747,kwh,64.310
C:\Users\josep\source\repos\AIOTED-digital\04_joe_lcd_20x32\1_main_dig5_20260824-063747.jpg,1,1,0.999996,0.000000,0.999996,0.000000,0.000000,0.000003,0.000000,0.000000,0.000001,0.000000,0.000000,0.000000,5,20260824-063747,kwh,55.823
C:\Users\josep\source\repos\AIOTED-digital\04_joe_lcd_20x32\1_main_dig5_20260824-064547.jpg,1,1,1.000000,0.000000,1.000000,0.000000,0.000000,0.000000,0.000000,0.000000,0.000000,0.000000,0.000000,0.000000,5,20260824-064547,kwh,54.226
C:\Users\josep\source\repos\AIOTED-digital\04_joe_lcd_20x32\1_main_dig5_20260824-065747.jpg,1,1,1.000000,0.000000,1.000000,0.000000,0.000000,0.000000,0.000000,0.000000,0.000000,0.000000,0.000000,0.000000,5,20260824-065747,kwh,53.117
C:\Users\josep\source\repos\AIOTED-digital\04_joe_lcd_20x32\1_main_dig5_20260824-070547.jpg,1,1,1.000000,0.000000,1.000000,0.000000,0.000000,0.000000,0.000000,0.000000,0.000000,0.000000,0.000000,0.000000,5,20260824-070547,kwh,53.836
C:\Users\josep\source\repos\AIOTED-digital\04_joe_lcd_20x32\1_main_dig5_20260824-071747.jpg,1,1,1.000000,0.000000,1.000000,0.000000,0.000000,0.000000,0.000000,0.000000,0.000000,0.000000,0.000000,0.000000,5,20260824-071747,kwh,53.952
C:\Users\josep\source\repos\AIOTED-digital\04_joe_lcd_20x32\1_main_dig5_20260824-072547.jpg,1,1,1.000000,0.000000,1.000000,0.000000,0.000000,0.000000,0.000000,0.000000,0.000000,0.000000,0.000000,0.000000,5,20260824-072547,kwh,53.053
C:\Users\josep\source\repos\AIOTED-digital\04_joe_lcd_20x32\1_main_dig5_20260824-073747.jpg,1,1,1.000000,0.000000,1.000000,0.000000,0.000000,0.000000,0.000000,0.000000,0.000000,0.000000,0.000000,0.000000,5,20260824-073747,kwh,55.983
C:\Users\josep\source\repos\AIOTED-digital\04_joe_lcd_20x32\1_main_dig5_20260824-074547.jpg,1,1,1.000000,0.000000,1.000000,0.000000,0.000000,0.000000,0.000000,0.000000,0.000000,0.000000,0.000000,0.000000,5,20260824-074547,kwh,61.195
C:\Users\josep\source\repos\AIOTED-digital\04_joe_lcd_20x32\1_main_dig5_20260824-075747.jpg,1,1,1.000000,0.000000,1.000000,0.000000,0.000000,0.000000,0.000000,0.000000,0.000000,0.000000,0.000000,0.000000,5,20260824-075747,kwh,65.898
C:\Users\josep\source\repos\AIOTED-digital\04_joe_lcd_20x32\1_main_dig5_20260824-080547.jpg,1,1,1.000000,0.000000,1.000000,0.000000,0.000000,0.000000,0.000000,0.000000,0.000000,0.000000,0.000000,0.000000,5,20260824-080547,kwh,65.936
C:\Users\josep\source\repos\AIOTED-digital\04_joe_lcd_20x32\1_main_dig5_20260824-094547.jpg,1,1,1.000000,0.000000,1.000000,0.000000,0.000000,0.000000,0.000000,0.000000,0.000000,0.000000,0.000000,0.000000,5,20260824-094547,kwh,69.807
C:\Users\josep\source\repos\AIOTED-digital\04_joe_lcd_20x32\1_main_dig5_20260824-095347.jpg,1,1,1.000000,0.000000,1.000000,0.000000,0.000000,0.000000,0.000000,0.000000,0.000000,0.000000,0.000000,0.000000,5,20260824-095347,kwh,70.205
C:\Users\josep\source\repos\AIOTED-digital\04_joe_lcd_20x32\1_main_dig5_20260824-105347.jpg,1,1,1.000000,0.000000,1.000000,0.000000,0.000000,0.000000,0.000000,0.000000,0.000000,0.000000,0.000000,0.000000,5,20260824-105347,kwh,74.349
C:\Users\josep\source\repos\AIOTED-digital\04_joe_lcd_20x32\1_main_dig5_20260903-181907.jpg,1,1,1.000000,0.000000,1.000000,0.000000,0.000000,0.000000,0.000000,0.000000,0.000000,0.000000,0.000000,0.000000,5,20260903-181907,kwh,57.391
C:\Users\josep\source\repos\AIOTED-digital\04_joe_lcd_20x32\1_main_dig5_20260903-182707.jpg,1,1,0.999999,0.000000,0.999999,0.000000,0.000000,0.000000,0.000000,0.000000,0.000001,0.000000,0.000000,0.000000,5,20260903-182707,kwh,57.887
C:\Users\josep\source\repos\AIOTED-digital\04_joe_lcd_20x32\1_main_dig5_20260903-183907.jpg,1,1,0.999996,0.000000,0.999996,0.000000,0.000000,0.000003,0.000000,0.000000,0.000001,0.000000,0.000000,0.000000,5,20260903-183907,kwh,59.170
C:\Users\josep\source\repos\AIOTED-digital\04_joe_lcd_20x32\1_main_dig5_20260903-184707.jpg,1,1,0.999992,0.000000,0.999992,0.000000,0.000000,0.000001,0.000000,0.000000,0.000006,0.000000,0.000000,0.000000,5,20260903-184707,kwh,59.190
C:\Users\josep\source\repos\AIOTED-digital\04_joe_lcd_20x32\1_main_dig5_20260903-193907.jpg,1,1,0.509645,0.000203,0.509645,0.000041,0.014904,0.000097,0.000000,0.000000,0.474534,0.000055,0.000454,0.000067,5,20260903-193907,kwh,67.316
C:\Users\josep\source\repos\AIOTED-digital\04_joe_lcd_20x32\1_main_dig5_20260903-222707.jpg,1,7,0.732898,0.000940,0.257421,0.000057,0.007160,0.000080,0.000000,0.000000,0.732898,0.000149,0.001228,0.000068,5,20260903-222707,kwh,64.937
C:\Users\josep\source\repos\AIOTED-digital\04_joe_lcd_20x32\1_main_dig5_20260903-223507.jpg,1,9,0.710517,0.140088,0.000607,0.000004,0.000042,0.077769,0.000038,0.000005,0.000591,0.070153,0.710517,0.000185,5,20260903-223507,kwh,63.866
C:\Users\josep\source\repos\AIOTED-digital\04_joe_lcd_20x32\1_main_dig5_20260925-121417.jpg,1,1,1.000000,0.000000,1.000000,0.000000,0.000000,0.000000,0.000000,0.000000,0.000000,0.000000,0.000000,0.000000,5,20260925-121417,kwh,68.980
C:\Users\josep\source\repos\AIOTED-digital\04_joe_lcd_20x32\1_main_dig5_20260925-122217.jpg,1,1,1.000000,0.000000,1.000000,0.000000,0.000000,0.000000,0.000000,0.000000,0.000000,0.000000,0.000000,0.000000,5,20260925-122217,kwh,77.635
C:\Users\josep\source\repos\AIOTED-digital\04_joe_lcd_20x32\1_main_dig5_20260925-123417.jpg,1,1,1.000000,0.000000,1.000000,0.000000,0.000000,0.000000,0.000000,0.000000,0.000000,0.000000,0.000000,0.000000,5,20260925-123417,kwh,69.361
C:\Users\josep\source\repos\AIOTED-digital\04_joe_lcd_20x32\1_main_dig5_20260925-124217.jpg,1,1,1.000000,0.000000,1.000000,0.000000,0.000000,0.000000,0.000000,0.000000,0.000000,0.000000,0.000000,0.000000,5,20260925-124217,kwh,62.983
C:\Users\josep\source\repos\AIOTED-digital\04_joe_lcd_20x32\1_main_dig5_20260925-131417.jpg,1,1,1.000000,0.000000,1.000000,0.000000,0.000000,0.000000,0.000000,0.000000,0.000000,0.000000,0.000000,0.000000,5,20260925-131417,kwh,68.515
C:\Users\josep\source\repos\AIOTED-digital\04_joe_lcd_20x32\1_main_dig5_20260925-150217.jpg,1,1,1.000000,0.000000,1.000000,0.000000,0.000000,0.000000,0.000000,0.000000,0.000000,0.000000,0.000000,0.000000,5,20260925-150217,kwh,63.823
C:\Users\josep\source\repos\AIOTED-digital\04_joe_lcd_20x32\1_main_dig5_20260925-151417.jpg,1,1,1.000000,0.000000,1.000000,0.000000,0.000000,0.000000,0.000000,0.000000,0.000000,0.000000,0.000000,0.000000,5,20260925-151417,kwh,61.068
C:\Users\josep\source\repos\AIOTED-digital\04_joe_lcd_20x32\1_main_dig5_20260925-153417.jpg,1,1,1.000000,0.000000,1.000000,0.000000,0.000000,0.000000,0.000000,0.000000,0.000000,0.000000,0.000000,0.000000,5,20260925-153417,kwh,57.982
C:\Users\josep\source\repos\AIOTED-digital\04_joe_lcd_20x32\1_main_dig5_20260925-155417.jpg,1,1,1.000000,0.000000,1.000000,0.000000,0.000000,0.000000,0.000000,0.000000,0.000000,0.000000,0.000000,0.000000,5,20260925-155417,kwh,51.989
C:\Users\josep\source\repos\AIOTED-digital\04_joe_lcd_20x32\1_main_dig5_20260925-165017.jpg,1,1,1.000000,0.000000,1.000000,0.000000,0.000000,0.000000,0.000000,0.000000,0.000000,0.000000,0.000000,0.000000,5,20260925-165017,kwh,50.004
C:\Users\josep\source\repos\AIOTED-digital\04_joe_lcd_20x32\1_main_dig5_20260925-171417.jpg,1,1,1.000000,0.000000,1.000000,0.000000,0.000000,0.000000,0.000000,0.000000,0.000000,0.000000,0.000000,0.000000,5,20260925-171417,kwh,49.060
C:\Users\josep\source\repos\AIOTED-digital\04_joe_lcd_20x32\1_main_dig5_20260925-173017.jpg,1,1,0.999994,0.000000,0.999994,0.000000,0.000000,0.000002,0.000000,0.000000,0.000004,0.000000,0.000000,0.000000,5,20260925-173017,kwh,51.006
C:\Users\josep\source\repos\AIOTED-digital\04_joe_lcd_20x32\1_main_dig5_20260925-181017.jpg,1,1,0.999987,0.000000,0.999987,0.000000,0.000000,0.000008,0.000000,0.000000,0.000005,0.000000,0.000000,0.000000,5,20260925-181017,kwh,51.210
C:\Users\josep\source\repos\AIOTED-digital\04_joe_lcd_20x32\1_main_dig5_20260925-182217.jpg,1,1,0.999977,0.000000,0.999977,0.000000,0.000000,0.000010,0.000000,0.000000,0.000013,0.000000,0.000000,0.000000,5,20260925-182217,kwh,52.451
C:\Users\josep\source\repos\AIOTED-digital\04_joe_lcd_20x32\1_main_dig5_20260925-195016.jpg,1,1,0.952653,0.000143,0.952653,0.000018,0.004938,0.000406,0.000001,0.000000,0.041586,0.000043,0.000182,0.000030,5,20260925-195016,kwh,60.061
C:\Users\josep\source\repos\AIOTED-digital\04_joe_lcd_20x32\1_main_dig5_20260925-201016.jpg,1,1,0.929841,0.000261,0.929841,0.000081,0.006251,0.000285,0.000001,0.000000,0.062933,0.000070,0.000230,0.000046,5,20260925-201016,kwh,59.108
C:\Users\josep\source\repos\AIOTED-digital\04_joe_lcd_20x32\1_main_dig5_20260925-212216.jpg,1,1,0.919690,0.000078,0.919690,0.000014,0.003174,0.000073,0.000000,0.000000,0.076903,0.000014,0.000047,0.000008,5,20260925-212216,kwh,60.129
C:\Users\josep\source\repos\AIOTED-digital\04_joe_lcd_20x32\1_main_dig6_20260803-091323.jpg,1,1,0.999595,0.000000,0.999595,0.000000,0.000000,0.000169,0.000000,0.000000,0.000003,0.000000,0.000000,0.000233,6,20260803-091323,kwh,48.755
C:\Users\josep\source\repos\AIOTED-digital\04_joe_lcd_20x32\1_main_dig6_20260803-171752.jpg,1,1,0.999552,0.000010,0.999552,0.000000,0.000000,0.000004,0.000000,0.000004,0.000016,0.000000,0.000000,0.000413,6,20260803-171752,kwh,90.873
C:\Users\josep\source\repos\AIOTED-digital\04_joe_lcd_20x32\1_main_dig6_20260803-211925.jpg,1,1,0.960303,0.002254,0.960303,0.000405,0.003922,0.004022,0.000049,0.000077,0.023404,0.001365,0.000696,0.003504,6,20260803-211925,kwh,27.076
C:\Users\josep\source\repos\AIOTED-digital\04_joe_lcd_20x32\1_main_dig6_20260803-213125.jpg,1,1,0.818699,0.008453,0.818699,0.003630,0.021992,0.024183,0.000881,0.000682,0.074645,0.006461,0.008269,0.032105,6,20260803-213125,kwh,32.022
C:\Users\josep\source\repos\AIOTED-digital\04_joe_lcd_20x32\1_main_dig6_20260803-215925.jpg,1,1,0.807096,0.006565,0.807096,0.006321,0.019623,0.009145,0.000343,0.000349,0.095117,0.004315,0.003221,0.047905,6,20260803-215925,kwh,33.743
C:\Users\josep\source\repos\AIOTED-digital\04_joe_lcd_20x32\1_main_dig6_20260815-140603.jpg,1,1,1.000000,0.000000,1.000000,0.000000,0.000000,0.000000,0.000000,0.000000,0.000000,0.000000,0.000000,0.000000,6,20260815-140603,kwh,75.124
C:\Users\josep\source\repos\AIOTED-digital\04_joe_lcd_20x32\1_main_dig6_20260815-183803.jpg,1,1,1.000000,0.000000,1.000000,0.000000,0.000000,0.000000,0.000000,0.000000,0.000000,0.000000,0.000000,0.000000,6,20260815-183803,kwh,23.898
C:\Users\josep\source\repos\AIOTED-digital\04_joe_lcd_20x32\1_main_dig6_20260824-021746.jpg,1,1,0.914074,0.001002,0.914074,0.001018,0.034472,0.012979,0.000143,0.000259,0.027502,0.001613,0.002093,0.004844,6,20260824-021746,kwh,29.171
C:\Users\josep\source\repos\AIOTED-digital\04_joe_lcd_20x32\1_main_dig6_20260824-175346.jpg,1,1,1.000000,0.000000,1.000000,0.000000,0.000000,0.000000,0.000000,0.000000,0.000000,0.000000,0.000000,0.000000,6,20260824-175346,kwh,41.274
C:\Users\josep\source\repos\AIOTED-digital\04_joe_lcd_20x32\1_main_dig6_20260828-144939.jpg,1,1,1.000000,0.000000,1.000000,0.000000,0.000000,0.000000,0.000000,0.000000,0.000000,0.000000,0.000000,0.000000,6,20260828-144939,kwh,46.154
C:\Users\josep\source\repos\AIOTED-digital\04_joe_lcd_20x32\1_main_dig6_20260903-075908.jpg,1,1,1.000000,0.000000,1.000000,0.000000,0.000000,0.000000,0.000000,0.000000,0.000000,0.000000,0.000000,0.000000,6,20260903-075908,kwh,37.944
C:\Users\josep\source\repos\AIOTED-digital\04_joe_lcd_20x32\1_main_dig6_20260903-141907.jpg,1,1,1.000000,0.000000,1.000000,0.000000,0.000000,0.000000,0.000000,0.000000,0.000000,0.000000,0.000000,0.000000,6,20260903-141907,kwh,55.078
C:\Users\josep\source\repos\AIOTED-digital\04_joe_lcd_20x32\1_main_dig6_20260915-130936.jpg,1,1,1.000000,0.000000,1.000000,0.000000,0.000000,0.000000,0.000000,0.000000,0.000000,0.000000,0.000000,0.000000,6,20260915-130936,kwh,62.164
C:\Users\josep\source\repos\AIOTED-digital\04_joe_lcd_20x32\1_main_dig6_20260915-131736.jpg,1,1,1.000000,0.000000,1.000000,0.000000,0.000000,0.000000,0.000000,0.000000,0.000000,0.000000,0.000000,0.000000,6,20260915-131736,kwh,63.409
C:\Users\josep\source\repos\AIOTED-digital\04_joe_lcd_20x32\1_main_dig6_20260915-183735.jpg,1,1,1.000000,0.000000,1.000000,0.000000,0.000000,0.000000,0.000000,0.000000,0.000000,0.000000,0.000000,0.000000,6,20260915-183735,kwh,18.341
C:\Users\josep\source\repos\AIOTED-digital\04_joe_lcd_20x32\1_main_dig6_20260915-184535.jpg,1,1,0.999816,0.000003,0.999816,0.000000,0.000017,0.000005,0.000000,0.000000,0.000157,0.000001,0.000000,0.000000,6,20260915-184535,kwh,17.643
C:\Users\josep\source\repos\AIOTED-digital\04_joe_lcd_20x32\1_main_dig6_20260918-130931.jpg,1,1,1.000000,0.000000,1.000000,0.000000,0.000000,0.000000,0.000000,0.000000,0.000000,0.000000,0.000000,0.000000,6,20260918-130931,kwh,54.964
C:\Users\josep\source\repos\AIOTED-digital\04_joe_lcd_20x32\1_main_dig6_20260918-132131.jpg,1,1,1.000000,0.000000,1.000000,0.000000,0.000000,0.000000,0.000000,0.000000,0.000000,0.000000,0.000000,0.000000,6,20260918-132131,kwh,51.876
C:\Users\josep\source\repos\AIOTED-digital\04_joe_lcd_20x32\1_main_dig6_20260918-235730.jpg,1,1,0.959220,0.000568,0.959220,0.000567,0.016036,0.001087,0.000002,0.000007,0.021496,0.000793,0.000185,0.000040,6,20260918-235730,kwh,25.327
C:\Users\josep\source\repos\AIOTED-digital\04_joe_lcd_20x32\1_main_dig6_20260919-001730.jpg,1,1,0.942247,0.000620,0.942247,0.001231,0.017569,0.000619,0.000001,0.000004,0.037026,0.000487,0.000147,0.000048,6,20260919-001730,kwh,26.300
C:\Users\josep\source\repos\AIOTED-digital\04_joe_lcd_20x32\1_main_dig6_20260919-121329.jpg,1,1,1.000000,0.000000,1.000000,0.000000,0.000000,0.000000,0.000000,0.000000,0.000000,0.000000,0.000000,0.000000,6,20260919-121329,kwh,44.861
C:\Users\josep\source\repos\AIOTED-digital\04_joe_lcd_20x32\1_main_dig6_20260919-125329.jpg,1,1,1.000000,0.000000,1.000000,0.000000,0.000000,0.000000,0.000000,0.000000,0.000000,0.000000,0.000000,0.000000,6,20260919-125329,kwh,54.816
C:\Users\josep\source\repos\AIOTED-digital\04_joe_lcd_20x32\1_main_dig6_20260925-042618.jpg,1,1,0.891497,0.002891,0.891497,0.001499,0.039720,0.005587,0.000109,0.000138,0.052220,0.002934,0.003001,0.000404,6,20260925-042618,kwh,25.253
C:\Users\josep\source\repos\AIOTED-digital\04_joe_lcd_20x32\1_main_dig6_20260925-050617.jpg,1,1,0.894788,0.002544,0.894788,0.002047,0.030787,0.001339,0.000003,0.000010,0.064720,0.003050,0.000628,0.000084,6,20260925-050617,kwh,26.415
C:\Users\josep\source\repos\AIOTED-digital\04_joe_lcd_20x32\1_main_dig6_20260925-055418.jpg,1,1,0.952920,0.001736,0.952920,0.000223,0.011515,0.004326,0.000011,0.000016,0.027018,0.001095,0.001037,0.000104,6,20260925-055418,kwh,20.012
C:\Users\josep\source\repos\AIOTED-digital\04_joe_lcd_20x32\1_main_dig6_20260925-125417.jpg,1,1,1.000000,0.000000,1.000000,0.000000,0.000000,0.000000,0.000000,0.000000,0.000000,0.000000,0.000000,0.000000,6,20260925-125417,kwh,53.199
C:\Users\josep\source\repos\AIOTED-digital\04_joe_lcd_20x32\1_main_dig6_20260925-234216.jpg,1,1,0.962271,0.000278,0.962271,0.000632,0.010694,0.001330,0.000001,0.000002,0.024439,0.000179,0.000150,0.000023,6,20260925-234216,kwh,27.286
C:\Users\josep\source\repos\AIOTED-digital\04_joe_lcd_20x32\2_main_dig4_20260925-002618.jpg,2,2,1.000000,0.000000,0.000000,1.000000,0.000000,0.000000,0.000000,0.000000,0.000000,0.000000,0.000000,0.000000,4,20260925-002618,kwh,63.152
C:\Users\josep\source\repos\AIOTED-digital\04_joe_lcd_20x32\2_main_dig4_20260925-003418.jpg,2,2,1.000000,0.000000,0.000000,1.000000,0.000000,0.000000,0.000000,0.000000,0.000000,0.000000,0.000000,0.000000,4,20260925-003418,kwh,62.746
C:\Users\josep\source\repos\AIOTED-digital\04_joe_lcd_20x32\2_main_dig4_20260925-013418.jpg,2,2,1.000000,0.000000,0.000000,1.000000,0.000000,0.000000,0.000000,0.000000,0.000000,0.000000,0.000000,0.000000,4,20260925-013418,kwh,62.066
C:\Users\josep\source\repos\AIOTED-digital\04_joe_lcd_20x32\2_main_dig4_20260925-013818.jpg,2,2,1.000000,0.000000,0.000000,1.000000,0.000000,0.000000,0.000000,0.000000,0.000000,0.000000,0.000000,0.000000,4,20260925-013818,kwh,59.917
C:\Users\josep\source\repos\AIOTED-digital\04_joe_lcd_20x32\2_main_dig4_20260925-014618.jpg,2,2,1.000000,0.000000,0.000000,1.000000,0.000000,0.000000,0.000000,0.000000,0.000000,0.000000,0.000000,0.000000,4,20260925-014618,kwh,62.834
C:\Users\josep\source\repos\AIOTED-digital\04_joe_lcd_20x32\2_main_dig4_20260925-015418.jpg,2,2,1.000000,0.000000,0.000000,1.000000,0.000000,0.000000,0.000000,0.000000,0.000000,0.000000,0.000000,0.000000,4,20260925-015418,kwh,63.093
C:\Users\josep\source\repos\AIOTED-digital\04_joe_lcd_20x32\2_main_dig4_20260925-020618.jpg,2,2,1.000000,0.000000,0.000000,1.000000,0.000000,0.000000,0.000000,0.000000,0.000000,0.000000,0.000000,0.000000,4,20260925-020618,kwh,62.919
C:\Users\josep\source\repos\AIOTED-digital\04_joe_lcd_20x32\2_main_dig4_20260925-022618.jpg,2,2,1.000000,0.000000,0.000000,1.000000,0.000000,0.000000,0.000000,0.000000,0.000000,0.000000,0.000000,0.000000,4,20260925-022618,kwh,63.252
C:\Users\josep\source\repos\AIOTED-digital\04_joe_lcd_20x32\2_main_dig4_20260925-024618.jpg,2,2,1.000000,0.000000,0.000000,1.000000,0.000000,0.000000,0.000000,0.000000,0.000000,0.000000,0.000000,0.000000,4,20260925-024618,kwh,62.213
C:\Users\josep\source\repos\AIOTED-digital\04_joe_lcd_20x32\2_main_dig5_20260824-130546.jpg,2,2,1.000000,0.000000,0.000000,1.000000,0.000000,0.000000,0.000000,0.000000,0.000000,0.000000,0.000000,0.000000,5,20260824-130546,kwh,76.111
C:\Users\josep\source\repos\AIOTED-digital\04_joe_lcd_20x32\2_main_dig5_20260824-131346.jpg,2,2,1.000000,0.000000,0.000000,1.000000,0.000000,0.000000,0.000000,0.000000,0.000000,0.000000,0.000000,0.000000,5,20260824-131346,kwh,75.894
C:\Users\josep\source\repos\AIOTED-digital\04_joe_lcd_20x32\2_main_dig5_20260824-151346.jpg,2,2,1.000000,0.000000,0.000000,1.000000,0.000000,0.000000,0.000000,0.000000,0.000000,0.000000,0.000000,0.000000,5,20260824-151346,kwh,86.671
C:\Users\josep\source\repos\AIOTED-digital\04_joe_lcd_20x32\2_main_dig5_20260824-153346.jpg,2,2,1.000000,0.000000,0.000000,1.000000,0.000000,0.000000,0.000000,0.000000,0.000000,0.000000,0.000000,0.000000,5,20260824-153346,kwh,71.256
C:\Users\josep\source\repos\AIOTED-digital\04_joe_lcd_20x32\2_main_dig5_20260824-161346.jpg,2,2,1.000000,0.000000,0.000000,1.000000,0.000000,0.000000,0.000000,0.000000,0.000000,0.000000,0.000000,0.000000,5,20260824-161346,kwh,72.198
C:\Users\josep\source\repos\AIOTED-digital\04_joe_lcd_20x32\2_main_dig5_20260824-162546.jpg,2,2,1.000000,0.000000,0.000000,1.000000,0.000000,0.000000,0.000000,0.000000,0.000000,0.000000,0.000000,0.000000,5,20260824-162546,kwh,58.021
C:\Users\josep\source\repos\AIOTED-digital\04_joe_lcd_20x32\2_main_dig5_20260824-163346.jpg,2,2,1.000000,0.000000,0.000000,1.000000,0.000000,0.000000,0.000000,0.000000,0.000000,0.000000,0.000000,0.000000,5,20260824-163346,kwh,55.014
C:\Users\josep\source\repos\AIOTED-digital\04_joe_lcd_20x32\2_main_dig5_20260824-170546.jpg,2,2,1.000000,0.000000,0.000000,1.000000,0.000000,0.000000,0.000000,0.000000,0.000000,0.000000,0.000000,0.000000,5,20260824-170546,kwh,56.751
C:\Users\josep\source\repos\AIOTED-digital\04_joe_lcd_20x32\2_main_dig5_20260824-171346.jpg,2,2,1.000000,0.000000,0.000000,1.000000,0.000000,0.000000,0.000000,0.000000,0.000000,0.000000,0.000000,0.000000,5,20260824-171346,kwh,57.419
C:\Users\josep\source\repos\AIOTED-digital\04_joe_lcd_20x32\2_main_dig5_20260925-215016.jpg,2,2,1.000000,0.000000,0.000000,1.000000,0.000000,0.000000,0.000000,0.000000,0.000000,0.000000,0.000000,0.000000,5,20260925-215016,kwh,59.523
C:\Users\josep\source\repos\AIOTED-digital\04_joe_lcd_20x32\2_main_dig5_20260925-220216.jpg,2,2,1.000000,0.000000,0.000000,1.000000,0.000000,0.000000,0.000000,0.000000,0.000000,0.000000,0.000000,0.000000,5,20260925-220216,kwh,59.099
C:\Users\josep\source\repos\AIOTED-digital\04_joe_lcd_20x32\2_main_dig5_20260925-223016.jpg,2,2,1.000000,0.000000,0.000000,1.000000,0.000000,0.000000,0.000000,0.000000,0.000000,0.000000,0.000000,0.000000,5,20260925-223016,kwh,58.267
C:\Users\josep\source\repos\AIOTED-digital\04_joe_lcd_20x32\2_main_dig5_20260925-224216.jpg,2,2,1.000000,0.000000,0.000000,1.000000,0.000000,0.000000,0.000000,0.000000,0.000000,0.000000,0.000000,0.000000,5,20260925-224216,kwh,56.975
C:\Users\josep\source\repos\AIOTED-digital\04_joe_lcd_20x32\2_main_dig5_20260925-225016.jpg,2,2,1.000000,0.000000,0.000000,1.000000,0.000000,0.000000,0.000000,0.000000,0.000000,0.000000,0.000000,0.000000,5,20260925-225016,kwh,58.825
C:\Users\josep\source\repos\AIOTED-digital\04_joe_lcd_20x32\2_main_dig5_20260925-230216.jpg,2,2,1.000000,0.000000,0.000000,1.000000,0.000000,0.000000,0.000000,0.000000,0.000000,0.000000,0.000000,0.000000,5,20260925-230216,kwh,57.972
C:\Users\josep\source\repos\AIOTED-digital\04_joe_lcd_20x32\2_main_dig5_20260925-232216.jpg,2,2,1.000000,0.000000,0.000000,1.000000,0.000000,0.000000,0.000000,0.000000,0.000000,0.000000,0.000000,0.000000,5,20260925-232216,kwh,57.416
C:\Users\josep\source\repos\AIOTED-digital\04_joe_lcd_20x32\2_main_dig5_20260925-233016.jpg,2,2,1.000000,0.000000,0.000000,1.000000,0.000000,0.000000,0.000000,0.000000,0.000000,0.000000,0.000000,0.000000,5,20260925-233016,kwh,59.225
C:\Users\josep\source\repos\AIOTED-digital\04_joe_lcd_20x32\2_main_dig5_20260925-234216.jpg,2,2,1.000000,0.000000,0.000000,1.000000,0.000000,0.000000,0.000000,0.000000,0.000000,0.000000,0.000000,0.000000,5,20260925-234216,kwh,57.022
C:\Users\josep\source\repos\AIOTED-digital\04_joe_lcd_20x32\2_main_dig5_20260925-235016.jpg,2,2,1.000000,0.000000,0.000000,1.000000,0.000000,0.000000,0.000000,0.000000,0.000000,0.000000,0.000000,0.000000,5,20260925-235016,kwh,57.047
C:\Users\josep\source\repos\AIOTED-digital\04_joe_lcd_20x32\2_main_dig6_20260803-100523.jpg,2,2,0.999994,0.000000,0.000000,0.999994,0.000003,0.000000,0.000000,0.000000,0.000000,0.000000,0.000000,0.000003,6,20260803-100523,kwh,65.662
C:\Users\josep\source\repos\AIOTED-digital\04_joe_lcd_20x32\2_main_dig6_20260803-173752.jpg,2,2,1.000000,0.000000,0.000000,1.000000,0.000000,0.000000,0.000000,0.000000,0.000000,0.000000,0.000000,0.000000,6,20260803-173752,kwh,92.064
C:\Users\josep\source\repos\AIOTED-digital\04_joe_lcd_20x32\2_main_dig6_20260803-174152.jpg,2,2,1.000000,0.000000,0.000000,1.000000,0.000000,0.000000,0.000000,0.000000,0.000000,0.000000,0.000000,0.000000,6,20260803-174152,kwh,92.253
C:\Users\josep\source\repos\AIOTED-digital\04_joe_lcd_20x32\2_main_dig6_20260803-174952.jpg,2,2,1.000000,0.000000,0.000000,1.000000,0.000000,0.000000,0.000000,0.000000,0.000000,0.000000,0.000000,0.000000,6,20260803-174952,kwh,93.085
C:\Users\josep\source\repos\AIOTED-digital\04_joe_lcd_20x32\2_main_dig6_20260815-083004.jpg,2,2,1.000000,0.000000,0.000000,1.000000,0.000000,0.000000,0.000000,0.000000,0.000000,0.000000,0.000000,0.000000,6,20260815-083004,kwh,81.166
C:\Users\josep\source\repos\AIOTED-digital\04_joe_lcd_20x32\2_main_dig6_20260815-142603.jpg,2,2,1.000000,0.000000,0.000000,1.000000,0.000000,0.000000,0.000000,0.000000,0.000000,0.000000,0.000000,0.000000,6,20260815-142603,kwh,66.991
C:\Users\josep\source\repos\AIOTED-digital\04_joe_lcd_20x32\2_main_dig6_20260815-190603.jpg,2,2,0.999977,0.000000,0.000000,0.999977,0.000020,0.000000,0.000000,0.000000,0.000003,0.000000,0.000000,0.000000,6,20260815-190603,kwh,23.794
C:\Users\josep\source\repos\AIOTED-digital\04_joe_lcd_20x32\2_main_dig6_20260815-191803.jpg,2,2,0.999812,0.000000,0.000000,0.999812,0.000111,0.000000,0.000000,0.000000,0.000077,0.000000,0.000000,0.000000,6,20260815-191803,kwh,24.855
C:\Users\josep\source\repos\AIOTED-digital\04_joe_lcd_20x32\2_main_dig6_20260824-034547.jpg,2,2,0.942275,0.000001,0.000007,0.942275,0.049392,0.000000,0.000000,0.000000,0.008094,0.000191,0.000002,0.000038,6,20260824-034547,kwh,27.165
C:\Users\josep\source\repos\AIOTED-digital\04_joe_lcd_20x32\2_main_dig6_20260824-040547.jpg,2,2,0.944893,0.000001,0.000012,0.944893,0.036656,0.000000,0.000000,0.000000,0.018393,0.000042,0.000000,0.000002,6,20260824-040547,kwh,28.111
C:\Users\josep\source\repos\AIOTED-digital\04_joe_lcd_20x32\2_main_dig6_20260824-041747.jpg,2,2,0.840118,0.000002,0.000011,0.840118,0.140514,0.000000,0.000000,0.000000,0.019181,0.000159,0.000004,0.000011,6,20260824-041747,kwh,27.121
C:\Users\josep\source\repos\AIOTED-digital\04_joe_lcd_20x32\2_main_dig6_20260824-134546.jpg,2,2,1.000000,0.000000,0.000000,1.000000,0.000000,0.000000,0.000000,0.000000,0.000000,0.000000,0.000000,0.000000,6,20260824-134546,kwh,77.861
C:\Users\josep\source\repos\AIOTED-digital\04_joe_lcd_20x32\2_main_dig6_20260824-180546.jpg,2,2,1.000000,0.000000,0.000000,1.000000,0.000000,0.000000,0.000000,0.000000,0.000000,0.000000,0.000000,0.000000,6,20260824-180546,kwh,47.252
C:\Users\josep\source\repos\AIOTED-digital\04_joe_lcd_20x32\2_main_dig6_20260824-182146.jpg,2,2,1.000000,0.000000,0.000000,1.000000,0.000000,0.000000,0.000000,0.000000,0.000000,0.000000,0.000000,0.000000,6,20260824-182146,kwh,42.802
C:\Users\josep\source\repos\AIOTED-digital\04_joe_lcd_20x32\2_main_dig6_20260828-030540.jpg,2,2,0.999414,0.000000,0.000000,0.999414,0.000410,0.000000,0.000000,0.000000,0.000174,0.000001,0.000000,0.000001,6,20260828-030540,kwh,30.747
C:\Users\josep\source\repos\AIOTED-digital\04_joe_lcd_20x32\2_main_dig6_20260828-032540.jpg,2,2,0.944894,0.000002,0.000036,0.944894,0.042945,0.000001,0.000000,0.000000,0.011975,0.000113,0.000005,0.000029,6,20260828-032540,kwh,28.883
C:\Users\josep\source\repos\AIOTED-digital\04_joe_lcd_20x32\2_main_dig6_20260828-114139.jpg,2,2,1.000000,0.000000,0.000000,1.000000,0.000000,0.000000,0.000000,0.000000,0.000000,0.000000,0.000000,0.000000,6,20260828-114139,kwh,77.021
C:\Users\josep\source\repos\AIOTED-digital\04_joe_lcd_20x32\2_main_dig6_20260828-190939.jpg,2,2,1.000000,0.000000,0.000000,1.000000,0.000000,0.000000,0.000000,0.000000,0.000000,0.000000,0.000000,0.000000,6,20260828-190939,kwh,25.386
C:\Users\josep\source\repos\AIOTED-digital\04_joe_lcd_20x32\2_main_dig6_20260903-000308.jpg,2,2,0.998023,0.000002,0.000157,0.998023,0.000093,0.000001,0.000000,0.000000,0.001651,0.000009,0.000000,0.000063,6,20260903-000308,kwh,26.634
C:\Users\josep\source\repos\AIOTED-digital\04_joe_lcd_20x32\2_main_dig6_20260903-002308.jpg,2,2,0.998047,0.000002,0.000019,0.998047,0.000291,0.000000,0.000000,0.000000,0.001571,0.000025,0.000000,0.000045,6,20260903-002308,kwh,25.729
C:\Users\josep\source\repos\AIOTED-digital\04_joe_lcd_20x32\2_main_dig6_20260903-083108.jpg,2,2,1.000000,0.000000,0.000000,1.000000,0.000000,0.000000,0.000000,0.000000,0.000000,0.000000,0.000000,0.000000,6,20260903-083108,kwh,30.236
C:\Users\josep\source\repos\AIOTED-digital\04_joe_lcd_20x32\2_main_dig6_20260903-083908.jpg,2,2,1.000000,0.000000,0.000000,1.000000,0.000000,0.000000,0.000000,0.000000,0.000000,0.000000,0.000000,0.000000,6,20260903-083908,kwh,33.644
C:\Users\josep\source\repos\AIOTED-digital\04_joe_lcd_20x32\2_main_dig6_20260903-143907.jpg,2,2,1.000000,0.000000,0.000000,1.000000,0.000000,0.000000,0.000000,0.000000,0.000000,0.000000,0.000000,0.000000,6,20260903-143907,kwh,61.851
C:\Users\josep\source\repos\AIOTED-digital\04_joe_lcd_20x32\2_main_dig6_20260903-185907.jpg,2,2,1.000000,0.000000,0.000000,1.000000,0.000000,0.000000,0.000000,0.000000,0.000000,0.000000,0.000000,0.000000,6,20260903-185907,kwh,22.907
C:\Users\josep\source\repos\AIOTED-digital\04_joe_lcd_20x32\2_main_dig6_20260915-032937.jpg,2,2,0.996608,0.000008,0.000366,0.996608,0.000697,0.000000,0.000000,0.000001,0.002052,0.000264,0.000000,0.000003,6,20260915-032937,kwh,25.963
C:\Users\josep\source\repos\AIOTED-digital\04_joe_lcd_20x32\2_main_dig6_20260915-040137.jpg,2,2,0.944422,0.000287,0.017998,0.944422,0.006994,0.000031,0.000000,0.000012,0.028056,0.002126,0.000008,0.000064,6,20260915-040137,kwh,24.804
C:\Users\josep\source\repos\AIOTED-digital\04_joe_lcd_20x32\2_main_dig6_20260915-040937.jpg,2,2,0.983702,0.000037,0.004024,0.983702,0.001818,0.000004,0.000000,0.000002,0.009814,0.000579,0.000001,0.000020,6,20260915-040937,kwh,25.163
C:\Users\josep\source\repos\AIOTED-digital\04_joe_lcd_20x32\2_main_dig6_20260915-042137.jpg,2,2,0.995550,0.000009,0.000410,0.995550,0.001002,0.000000,0.000000,0.000002,0.002686,0.000331,0.000000,0.000009,6,20260915-042137,kwh,24.884
C:\Users\josep\source\repos\AIOTED-digital\04_joe_lcd_20x32\2_main_dig6_20260915-142936.jpg,2,2,1.000000,0.000000,0.000000,1.000000,0.000000,0.000000,0.000000,0.000000,0.000000,0.000000,0.000000,0.000000,6,20260915-142936,kwh,69.661
C:\Users\josep\source\repos\AIOTED-digital\04_joe_lcd_20x32\2_main_dig6_20260918-032131.jpg,2,2,0.997396,0.000005,0.000172,0.997396,0.000610,0.000001,0.000000,0.000001,0.001605,0.000196,0.000000,0.000014,6,20260918-032131,kwh,25.734
C:\Users\josep\source\repos\AIOTED-digital\04_joe_lcd_20x32\2_main_dig6_20260918-040131.jpg,2,2,0.934869,0.000319,0.010649,0.934869,0.013916,0.000009,0.000000,0.000018,0.037653,0.002523,0.000006,0.000038,6,20260918-040131,kwh,25.526
C:\Users\josep\source\repos\AIOTED-digital\04_joe_lcd_20x32\2_main_dig6_20260918-134931.jpg,2,2,1.000000,0.000000,0.000000,1.000000,0.000000,0.000000,0.000000,0.000000,0.000000,0.000000,0.000000,0.000000,6,20260918-134931,kwh,44.925
C:\Users\josep\source\repos\AIOTED-digital\04_joe_lcd_20x32\2_main_dig6_20260918-141731.jpg,2,2,1.000000,0.000000,0.000000,1.000000,0.000000,0.000000,0.000000,0.000000,0.000000,0.000000,0.000000,0.000000,6,20260918-141731,kwh,43.805
C:\Users\josep\source\repos\AIOTED-digital\04_joe_lcd_20x32\2_main_dig6_20260919-013730.jpg,2,2,0.881088,0.000976,0.008401,0.881088,0.043882,0.000024,0.000002,0.000067,0.059307,0.006054,0.000062,0.000138,6,20260919-013730,kwh,25.794
C:\Users\josep\source\repos\AIOTED-digital\04_joe_lcd_20x32\2_main_dig6_20260919-015730.jpg,2,2,0.987689,0.000165,0.002210,0.987689,0.001910,0.000003,0.000000,0.000006,0.005178,0.002827,0.000002,0.000011,6,20260919-015730,kwh,26.719
C:\Users\josep\source\repos\AIOTED-digital\04_joe_lcd_20x32\2_main_dig6_20260919-130529.jpg,2,2,1.000000,0.000000,0.000000,1.000000,0.000000,0.000000,0.000000,0.000000,0.000000,0.000000,0.000000,0.000000,6,20260919-130529,kwh,70.550
C:\Users\josep\source\repos\AIOTED-digital\04_joe_lcd_20x32\2_main_dig6_20260919-132529.jpg,2,2,1.000000,0.000000,0.000000,1.000000,0.000000,0.000000,0.000000,0.000000,0.000000,0.000000,0.000000,0.000000,6,20260919-132529,kwh,61.635
C:\Users\josep\source\repos\AIOTED-digital\04_joe_lcd_20x32\2_main_dig6_20260919-135329.jpg,2,2,1.000000,0.000000,0.000000,1.000000,0.000000,0.000000,0.000000,0.000000,0.000000,0.000000,0.000000,0.000000,6,20260919-135329,kwh,42.575
C:\Users\josep\source\repos\AIOTED-digital\04_joe_lcd_20x32\2_main_dig6_20260919-232928.jpg,2,2,0.974241,0.000062,0.004686,0.974241,0.004984,0.000004,0.000000,0.000001,0.015234,0.000778,0.000002,0.000008,6,20260919-232928,kwh,24.413
C:\Users\josep\source\repos\AIOTED-digital\04_joe_lcd_20x32\2_main_dig6_20260919-234128.jpg,2,2,0.953542,0.000190,0.011193,0.953542,0.010086,0.000011,0.000000,0.000007,0.023114,0.001827,0.000005,0.000025,6,20260919-234128,kwh,25.577
C:\Users\josep\source\repos\AIOTED-digital\04_joe_lcd_20x32\2_main_dig6_20260925-061418.jpg,2,2,0.999931,0.000000,0.000001,0.999931,0.000016,0.000000,0.000000,0.000000,0.000048,0.000004,0.000000,0.000000,6,20260925-061418,kwh,22.576
C:\Users\josep\source\repos\AIOTED-digital\04_joe_lcd_20x32\2_main_dig6_20260925-064618.jpg,2,2,0.998933,0.000001,0.000030,0.998933,0.000116,0.000000,0.000000,0.000000,0.000881,0.000037,0.000000,0.000002,6,20260925-064618,kwh,21.025
C:\Users\josep\source\repos\AIOTED-digital\04_joe_lcd_20x32\2_main_dig6_20260925-132217.jpg,2,2,1.000000,0.000000,0.000000,1.000000,0.000000,0.000000,0.000000,0.000000,0.000000,0.000000,0.000000,0.000000,6,20260925-132217,kwh,67.719
C:\Users\josep\source\repos\AIOTED-digital\04_joe_lcd_20x32\3_main_dig4_20260824-005747.jpg,3,3,1.000000,0.000000,0.000000,0.000000,1.000000,0.000000,0.000000,0.000000,0.000000,0.000000,0.000000,0.000000,4,20260824-005747,kwh,62.900
C:\Users\josep\source\repos\AIOTED-digital\04_joe_lcd_20x32\3_main_dig4_20260824-024546.jpg,3,3,1.000000,0.000000,0.000000,0.000000,1.000000,0.000000,0.000000,0.000000,0.000000,0.000000,0.000000,0.000000,4,20260824-024546,kwh,64.093
C:\Users\josep\source\repos\AIOTED-digital\04_joe_lcd_20x32\3_main_dig4_20260824-041747.jpg,3,3,1.000000,0.000000,0.000000,0.000000,1.000000,0.000000,0.000000,0.000000,0.000000,0.000000,0.000000,0.000000,4,20260824-041747,kwh,64.919
C:\Users\josep\source\repos\AIOTED-digital\04_joe_lcd_20x32\3_main_dig4_20260824-050547.jpg,3,3,1.000000,0.000000,0.000000,0.000000,1.000000,0.000000,0.000000,0.000000,0.000000,0.000000,0.000000,0.000000,4,20260824-050547,kwh,64.675
C:\Users\josep\source\repos\AIOTED-digital\04_joe_lcd_20x32\3_main_dig4_20260824-053747.jpg,3,3,1.000000,0.000000,0.000000,0.000000,1.000000,0.000000,0.000000,0.000000,0.000000,0.000000,0.000000,0.000000,4,20260824-053747,kwh,64.623
C:\Users\josep\source\repos\AIOTED-digital\04_joe_lcd_20x32\3_main_dig4_20260824-062547.jpg,3,3,1.000000,0.000000,0.000000,0.000000,1.000000,0.000000,0.000000,0.000000,0.000000,0.000000,0.000000,0.000000,4,20260824-062547,kwh,62.039
C:\Users\josep\source\repos\AIOTED-digital\04_joe_lcd_20x32\3_main_dig4_20260824-063747.jpg,3,3,1.000000,0.000000,0.000000,0.000000,1.000000,0.000000,0.000000,0.000000,0.000000,0.000000,0.000000,0.000000,4,20260824-063747,kwh,60.707
C:\Users\josep\source\repos\AIOTED-digital\04_joe_lcd_20x32\3_main_dig4_20260824-064547.jpg,3,3,1.000000,0.000000,0.000000,0.000000,1.000000,0.000000,0.000000,0.000000,0.000000,0.000000,0.000000,0.000000,4,20260824-064547,kwh,61.027
C:\Users\josep\source\repos\AIOTED-digital\04_joe_lcd_20x32\3_main_dig4_20260824-070547.jpg,3,3,1.000000,0.000000,0.000000,0.000000,1.000000,0.000000,0.000000,0.000000,0.000000,0.000000,0.000000,0.000000,4,20260824-070547,kwh,59.827
C:\Users\josep\source\repos\AIOTED-digital\04_joe_lcd_20x32\3_main_dig4_20260824-075747.jpg,3,3,1.000000,0.000000,0.000000,0.000000,1.000000,0.000000,0.000000,0.000000,0.000000,0.000000,0.000000,0.000000,4,20260824-075747,kwh,74.489
C:\Users\josep\source\repos\AIOTED-digital\04_joe_lcd_20x32\3_main_dig4_20260824-100547.jpg,3,3,1.000000,0.000000,0.000000,0.000000,1.000000,0.000000,0.000000,0.000000,0.000000,0.000000,0.000000,0.000000,4,20260824-100547,kwh,70.891
C:\Users\josep\source\repos\AIOTED-digital\04_joe_lcd_20x32\3_main_dig4_20260824-104547.jpg,3,3,1.000000,0.000000,0.000000,0.000000,1.000000,0.000000,0.000000,0.000000,0.000000,0.000000,0.000000,0.000000,4,20260824-104547,kwh,74.777
C:\Users\josep\source\repos\AIOTED-digital\04_joe_lcd_20x32\3_main_dig4_20260824-113347.jpg,3,3,1.000000,0.000000,0.000000,0.000000,1.000000,0.000000,0.000000,0.000000,0.000000,0.000000,0.000000,0.000000,4,20260824-113347,kwh,82.317
C:\Users\josep\source\repos\AIOTED-digital\04_joe_lcd_20x32\3_main_dig4_20260824-123347.jpg,3,3,1.000000,0.000000,0.000000,0.000000,1.000000,0.000000,0.000000,0.000000,0.000000,0.000000,0.000000,0.000000,4,20260824-123347,kwh,67.633
C:\Users\josep\source\repos\AIOTED-digital\04_joe_lcd_20x32\3_main_dig4_20260824-151346.jpg,3,3,1.000000,0.000000,0.000000,0.000000,1.000000,0.000000,0.000000,0.000000,0.000000,0.000000,0.000000,0.000000,4,20260824-151346,kwh,89.803
C:\Users\josep\source\repos\AIOTED-digital\04_joe_lcd_20x32\3_main_dig4_20260824-153346.jpg,3,3,1.000000,0.000000,0.000000,0.000000,1.000000,0.000000,0.000000,0.000000,0.000000,0.000000,0.000000,0.000000,4,20260824-153346,kwh,83.742
C:\Users\josep\source\repos\AIOTED-digital\04_joe_lcd_20x32\3_main_dig4_20260824-161346.jpg,3,3,1.000000,0.000000,0.000000,0.000000,1.000000,0.000000,0.000000,0.000000,0.000000,0.000000,0.000000,0.000000,4,20260824-161346,kwh,79.735
C:\Users\josep\source\repos\AIOTED-digital\04_joe_lcd_20x32\3_main_dig4_20260824-172546.jpg,3,3,1.000000,0.000000,0.000000,0.000000,1.000000,0.000000,0.000000,0.000000,0.000000,0.000000,0.000000,0.000000,4,20260824-172546,kwh,66.948
C:\Users\josep\source\repos\AIOTED-digital\04_joe_lcd_20x32\3_main_dig4_20260824-173346.jpg,3,3,1.000000,0.000000,0.000000,0.000000,1.000000,0.000000,0.000000,0.000000,0.000000,0.000000,0.000000,0.000000,4,20260824-173346,kwh,66.149
C:\Users\josep\source\repos\AIOTED-digital\04_joe_lcd_20x32\3_main_dig4_20260824-184146.jpg,3,3,1.000000,0.000000,0.000000,0.000000,1.000000,0.000000,0.000000,0.000000,0.000000,0.000000,0.000000,0.000000,4,20260824-184146,kwh,61.807
C:\Users\josep\source\repos\AIOTED-digital\04_joe_lcd_20x32\3_main_dig4_20260824-192146.jpg,3,3,1.000000,0.000000,0.000000,0.000000,1.000000,0.000000,0.000000,0.000000,0.000000,0.000000,0.000000,0.000000,4,20260824-192146,kwh,65.886
C:\Users\josep\source\repos\AIOTED-digital\04_joe_lcd_20x32\3_main_dig4_20260824-212146.jpg,3,3,1.000000,0.000000,0.000000,0.000000,1.000000,0.000000,0.000000,0.000000,0.000000,0.000000,0.000000,0.000000,4,20260824-212146,kwh,63.536
C:\Users\josep\source\repos\AIOTED-digital\04_joe_lcd_20x32\3_main_dig4_20260824-215346.jpg,3,3,1.000000,0.000000,0.000000,0.000000,1.000000,0.000000,0.000000,0.000000,0.000000,0.000000,0.000000,0.000000,4,20260824-215346,kwh,62.847
C:\Users\josep\source\repos\AIOTED-digital\04_joe_lcd_20x32\3_main_dig4_20260824-221346.jpg,3,3,1.000000,0.000000,0.000000,0.000000,1.000000,0.000000,0.000000,0.000000,0.000000,0.000000,0.000000,0.000000,4,20260824-221346,kwh,64.680
C:\Users\josep\source\repos\AIOTED-digital\04_joe_lcd_20x32\3_main_dig4_20260824-230146.jpg,3,3,1.000000,0.000000,0.000000,0.000000,1.000000,0.000000,0.000000,0.000000,0.000000,0.000000,0.000000,0.000000,4,20260824-230146,kwh,63.366
C:\Users\josep\source\repos\AIOTED-digital\04_joe_lcd_20x32\3_main_dig4_20260925-032618.jpg,3,3,1.000000,0.000000,0.000000,0.000000,1.000000,0.000000,0.000000,0.000000,0.000000,0.000000,0.000000,0.000000,4,20260925-032618,kwh,60.152
C:\Users\josep\source\repos\AIOTED-digital\04_joe_lcd_20x32\3_main_dig4_20260925-034618.jpg,3,3,1.000000,0.000000,0.000000,0.000000,1.000000,0.000000,0.000000,0.000000,0.000000,0.000000,0.000000,0.000000,4,20260925-034618,kwh,58.964
C:\Users\josep\source\repos\AIOTED-digital\04_joe_lcd_20x32\3_main_dig4_20260925-051417.jpg,3,3,1.000000,0.000000,0.000000,0.000000,1.000000,0.000000,0.000000,0.000000,0.000000,0.000000,0.000000,0.000000,4,20260925-051417,kwh,59.643
C:\Users\josep\source\repos\AIOTED-digital\04_joe_lcd_20x32\3_main_dig4_20260925-062618.jpg,3,3,1.000000,0.000000,0.000000,0.000000,1.000000,0.000000,0.000000,0.000000,0.000000,0.000000,0.000000,0.000000,4,20260925-062618,kwh,59.911
C:\Users\josep\source\repos\AIOTED-digital\04_joe_lcd_20x32\3_main_dig4_20260925-082617.jpg,3,3,1.000000,0.000000,0.000000,0.000000,1.000000,0.000000,0.000000,0.000000,0.000000,0.000000,0.000000,0.000000,4,20260925-082617,kwh,58.150
C:\Users\josep\source\repos\AIOTED-digital\04_joe_lcd_20x32\3_main_dig4_20260925-084217.jpg,3,3,1.000000,0.000000,0.000000,0.000000,1.000000,0.000000,0.000000,0.000000,0.000000,0.000000,0.000000,0.000000,4,20260925-084217,kwh,58.418
C:\Users\josep\source\repos\AIOTED-digital\04_joe_lcd_20x32\3_main_dig4_20260925-090617.jpg,3,3,1.000000,0.000000,0.000000,0.000000,1.000000,0.000000,0.000000,0.000000,0.000000,0.000000,0.000000,0.000000,4,20260925-090617,kwh,61.547
C:\Users\josep\source\repos\AIOTED-digital\04_joe_lcd_20x32\3_main_dig4_20260925-103417.jpg,3,3,1.000000,0.000000,0.000000,0.000000,1.000000,0.000000,0.000000,0.000000,0.000000,0.000000,0.000000,0.000000,4,20260925-103417,kwh,77.357
C:\Users\josep\source\repos\AIOTED-digital\04_joe_lcd_20x32\3_main_dig4_20260925-104217.jpg,3,3,1.000000,0.000000,0.000000,0.000000,1.000000,0.000000,0.000000,0.000000,0.000000,0.000000,0.000000,0.000000,4,20260925-104217,kwh,76.595
C:\Users\josep\source\repos\AIOTED-digital\04_joe_lcd_20x32\3_main_dig4_20260925-105417.jpg,3,3,1.000000,0.000000,0.000000,0.000000,1.000000,0.000000,0.000000,0.000000,0.000000,0.000000,0.000000,0.000000,4,20260925-105417,kwh,73.350
C:\Users\josep\source\repos\AIOTED-digital\04_joe_lcd_20x32\3_main_dig4_20260925-113417.jpg,3,3,1.000000,0.000000,0.000000,0.000000,1.000000,0.000000,0.000000,0.000000,0.000000,0.000000,0.000000,0.000000,4,20260925-113417,kwh,83.719
C:\Users\josep\source\repos\AIOTED-digital\04_joe_lcd_20x32\3_main_dig4_20260925-115417.jpg,3,3,1.000000,0.000000,0.000000,0.000000,1.000000,0.000000,0.000000,0.000000,0.000000,0.000000,0.000000,0.000000,4,20260925-115417,kwh,99.338
C:\Users\josep\source\repos\AIOTED-digital\04_joe_lcd_20x32\3_main_dig4_20260925-120217.jpg,3,3,1.000000,0.000000,0.000000,0.000000,1.000000,0.000000,0.000000,0.000000,0.000000,0.000000,0.000000,0.000000,4,20260925-120217,kwh,91.830
C:\Users\josep\source\repos\AIOTED-digital\04_joe_lcd_20x32\3_main_dig4_20260925-122217.jpg,3,3,1.000000,0.000000,0.000000,0.000000,1.000000,0.000000,0.000000,0.000000,0.000000,0.000000,0.000000,0.000000,4,20260925-122217,kwh,101.578
C:\Users\josep\source\repos\AIOTED-digital\04_joe_lcd_20x32\3_main_dig4_20260925-134217.jpg,3,3,1.000000,0.000000,0.000000,0.000000,1.000000,0.000000,0.000000,0.000000,0.000000,0.000000,0.000000,0.000000,4,20260925-134217,kwh,79.349
C:\Users\josep\source\repos\AIOTED-digital\04_joe_lcd_20x32\3_main_dig4_20260925-140217.jpg,3,3,1.000000,0.000000,0.000000,0.000000,1.000000,0.000000,0.000000,0.000000,0.000000,0.000000,0.000000,0.000000,4,20260925-140217,kwh,82.907
C:\Users\josep\source\repos\AIOTED-digital\04_joe_lcd_20x32\3_main_dig4_20260925-144217.jpg,3,3,1.000000,0.000000,0.000000,0.000000,1.000000,0.000000,0.000000,0.000000,0.000000,0.000000,0.000000,0.000000,4,20260925-144217,kwh,86.534
C:\Users\josep\source\repos\AIOTED-digital\04_joe_lcd_20x32\3_main_dig4_20260925-160217.jpg,3,3,1.000000,0.000000,0.000000,0.000000,1.000000,0.000000,0.000000,0.000000,0.000000,0.000000,0.000000,0.000000,4,20260925-160217,kwh,60.032
C:\Users\josep\source\repos\AIOTED-digital\04_joe_lcd_20x32\3_main_dig4_20260925-165417.jpg,3,3,1.000000,0.000000,0.000000,0.000000,1.000000,0.000000,0.000000,0.000000,0.000000,0.000000,0.000000,0.000000,4,20260925-165417,kwh,58.866
C:\Users\josep\source\repos\AIOTED-digital\04_joe_lcd_20x32\3_main_dig4_20260925-175017.jpg,3,3,1.000000,0.000000,0.000000,0.000000,1.000000,0.000000,0.000000,0.000000,0.000000,0.000000,0.000000,0.000000,4,20260925-175017,kwh,59.317
C:\Users\josep\source\repos\AIOTED-digital\04_joe_lcd_20x32\3_main_dig4_20260925-184217.jpg,3,3,1.000000,0.000000,0.000000,0.000000,1.000000,0.000000,0.000000,0.000000,0.000000,0.000000,0.000000,0.000000,4,20260925-184217,kwh,61.678
C:\Users\josep\source\repos\AIOTED-digital\04_joe_lcd_20x32\3_main_dig4_20260925-193017.jpg,3,3,1.000000,0.000000,0.000000,0.000000,1.000000,0.000000,0.000000,0.000000,0.000000,0.000000,0.000000,0.000000,4,20260925-193017,kwh,61.721
C:\Users\josep\source\repos\AIOTED-digital\04_joe_lcd_20x32\3_main_dig4_20260925-194216.jpg,3,3,1.000000,0.000000,0.000000,0.000000,1.000000,0.000000,0.000000,0.000000,0.000000,0.000000,0.000000,0.000000,4,20260925-194216,kwh,62.106
C:\Users\josep\source\repos\AIOTED-digital\04_joe_lcd_20x32\3_main_dig4_20260925-210216.jpg,3,3,1.000000,0.000000,0.000000,0.000000,1.000000,0.000000,0.000000,0.000000,0.000000,0.000000,0.000000,0.000000,4,20260925-210216,kwh,60.967
C:\Users\josep\source\repos\AIOTED-digital\04_joe_lcd_20x32\3_main_dig4_20260925-221016.jpg,3,3,1.000000,0.000000,0.000000,0.000000,1.000000,0.000000,0.000000,0.000000,0.000000,0.000000,0.000000,0.000000,4,20260925-221016,kwh,61.402
C:\Users\josep\source\repos\AIOTED-digital\04_joe_lcd_20x32\3_main_dig4_20260925-223016.jpg,3,3,1.000000,0.000000,0.000000,0.000000,1.000000,0.000000,0.000000,0.000000,0.000000,0.000000,0.000000,0.000000,4,20260925-223016,kwh,61.132
C:\Users\josep\source\repos\AIOTED-digital\04_joe_lcd_20x32\3_main_dig4_20260925-225016.jpg,3,3,1.000000,0.000000,0.000000,0.000000,1.000000,0.000000,0.000000,0.000000,0.000000,0.000000,0.000000,0.000000,4,20260925-225016,kwh,62.141
C:\Users\josep\source\repos\AIOTED-digital\04_joe_lcd_20x32\3_main_dig5_20260803-000810.jpg,3,3,0.997671,0.000000,0.000000,0.000001,0.997671,0.000000,0.000000,0.000000,0.002259,0.000001,0.000069,0.000000,5,20260803-000810,kwh,45.787
C:\Users\josep\source\repos\AIOTED-digital\04_joe_lcd_20x32\3_main_dig5_20260803-001610.jpg,3,3,0.995880,0.000000,0.000000,0.000001,0.995880,0.000000,0.000000,0.000000,0.004094,0.000000,0.000023,0.000000,5,20260803-001610,kwh,45.942
C:\Users\josep\source\repos\AIOTED-digital\04_joe_lcd_20x32\3_main_dig5_20260803-002810.jpg,3,3,0.994345,0.000000,0.000000,0.000004,0.994345,0.000000,0.000001,0.000000,0.005428,0.000001,0.000220,0.000000,5,20260803-002810,kwh,43.728
C:\Users\josep\source\repos\AIOTED-digital\04_joe_lcd_20x32\3_main_dig5_20260803-003610.jpg,3,3,0.997674,0.000000,0.000000,0.000001,0.997674,0.000000,0.000000,0.000000,0.002295,0.000000,0.000030,0.000000,5,20260803-003610,kwh,46.107
C:\Users\josep\source\repos\AIOTED-digital\04_joe_lcd_20x32\3_main_dig5_20260803-004810.jpg,3,3,0.998655,0.000000,0.000000,0.000000,0.998655,0.000000,0.000000,0.000000,0.001316,0.000000,0.000028,0.000000,5,20260803-004810,kwh,45.265
C:\Users\josep\source\repos\AIOTED-digital\04_joe_lcd_20x32\3_main_dig5_20260803-010810.jpg,3,3,0.993763,0.000000,0.000000,0.000002,0.993763,0.000000,0.000000,0.000000,0.006181,0.000001,0.000054,0.000000,5,20260803-010810,kwh,45.093
C:\Users\josep\source\repos\AIOTED-digital\04_joe_lcd_20x32\3_main_dig5_20260803-012810.jpg,3,3,0.998332,0.000000,0.000000,0.000002,0.998332,0.000000,0.000000,0.000000,0.001601,0.000001,0.000064,0.000000,5,20260803-012810,kwh,43.379
C:\Users\josep\source\repos\AIOTED-digital\04_joe_lcd_20x32\3_main_dig5_20260803-013610.jpg,3,3,0.997690,0.000000,0.000000,0.000001,0.997690,0.000000,0.000000,0.000000,0.002212,0.000001,0.000096,0.000000,5,20260803-013610,kwh,45.510
C:\Users\josep\source\repos\AIOTED-digital\04_joe_lcd_20x32\3_main_dig5_20260803-014810.jpg,3,3,0.996363,0.000000,0.000000,0.000000,0.996363,0.000000,0.000000,0.000000,0.003579,0.000000,0.000058,0.000000,5,20260803-014810,kwh,45.314
C:\Users\josep\source\repos\AIOTED-digital\04_joe_lcd_20x32\3_main_dig5_20260803-022810.jpg,3,3,0.997554,0.000000,0.000000,0.000000,0.997554,0.000000,0.000000,0.000000,0.002432,0.000000,0.000014,0.000000,5,20260803-022810,kwh,49.089
C:\Users\josep\source\repos\AIOTED-digital\04_joe_lcd_20x32\3_main_dig5_20260803-023609.jpg,3,3,0.999364,0.000000,0.000000,0.000000,0.999364,0.000000,0.000000,0.000000,0.000616,0.000000,0.000020,0.000000,5,20260803-023609,kwh,48.788
C:\Users\josep\source\repos\AIOTED-digital\04_joe_lcd_20x32\3_main_dig5_20260803-031609.jpg,3,3,0.999506,0.000000,0.000000,0.000000,0.999506,0.000000,0.000000,0.000000,0.000469,0.000000,0.000024,0.000000,5,20260803-031609,kwh,51.329
C:\Users\josep\source\repos\AIOTED-digital\04_joe_lcd_20x32\3_main_dig5_20260803-032809.jpg,3,3,0.999042,0.000000,0.000000,0.000001,0.999042,0.000000,0.000000,0.000000,0.000955,0.000000,0.000002,0.000000,5,20260803-032809,kwh,49.539
C:\Users\josep\source\repos\AIOTED-digital\04_joe_lcd_20x32\3_main_dig5_20260803-034409.jpg,3,3,0.996708,0.000000,0.000000,0.000001,0.996708,0.000000,0.000000,0.000000,0.003271,0.000000,0.000020,0.000000,5,20260803-034409,kwh,48.392
C:\Users\josep\source\repos\AIOTED-digital\04_joe_lcd_20x32\3_main_dig5_20260803-034809.jpg,3,3,0.999724,0.000000,0.000000,0.000000,0.999724,0.000000,0.000000,0.000000,0.000261,0.000000,0.000016,0.000000,5,20260803-034809,kwh,49.992
C:\Users\josep\source\repos\AIOTED-digital\04_joe_lcd_20x32\3_main_dig5_20260803-040809.jpg,3,3,0.997632,0.000000,0.000000,0.000001,0.997632,0.000000,0.000000,0.000000,0.002343,0.000000,0.000023,0.000000,5,20260803-040809,kwh,48.690
C:\Users\josep\source\repos\AIOTED-digital\04_joe_lcd_20x32\3_main_dig5_20260803-042809.jpg,3,3,0.999166,0.000000,0.000000,0.000002,0.999166,0.000000,0.000000,0.000000,0.000803,0.000001,0.000028,0.000000,5,20260803-042809,kwh,49.060
C:\Users\josep\source\repos\AIOTED-digital\04_joe_lcd_20x32\3_main_dig5_20260803-043609.jpg,3,3,0.997992,0.000000,0.000000,0.000001,0.997992,0.000000,0.000000,0.000000,0.001859,0.000001,0.000147,0.000000,5,20260803-043609,kwh,49.174
C:\Users\josep\source\repos\AIOTED-digital\04_joe_lcd_20x32\3_main_dig5_20260803-045609.jpg,3,3,0.999299,0.000000,0.000000,0.000001,0.999299,0.000000,0.000000,0.000000,0.000556,0.000001,0.000143,0.000000,5,20260803-045609,kwh,47.411
C:\Users\josep\source\repos\AIOTED-digital\04_joe_lcd_20x32\3_main_dig5_20260803-051609.jpg,3,3,0.999014,0.000000,0.000000,0.000002,0.999014,0.000000,0.000000,0.000000,0.000926,0.000001,0.000057,0.000000,5,20260803-051609,kwh,48.588
C:\Users\josep\source\repos\AIOTED-digital\04_joe_lcd_20x32\3_main_dig5_20260803-052409.jpg,3,3,0.996893,0.000000,0.000000,0.000001,0.996893,0.000000,0.000000,0.000000,0.003066,0.000000,0.000040,0.000000,5,20260803-052409,kwh,47.085
C:\Users\josep\source\repos\AIOTED-digital\04_joe_lcd_20x32\3_main_dig5_20260803-054409.jpg,3,3,0.998762,0.000000,0.000000,0.000000,0.998762,0.000000,0.000000,0.000000,0.001230,0.000000,0.000008,0.000000,5,20260803-054409,kwh,37.977
C:\Users\josep\source\repos\AIOTED-digital\04_joe_lcd_20x32\3_main_dig5_20260803-060216.jpg,3,3,0.999998,0.000000,0.000000,0.000001,0.999998,0.000000,0.000000,0.000000,0.000001,0.000000,0.000000,0.000000,5,20260803-060216,kwh,40.391
C:\Users\josep\source\repos\AIOTED-digital\04_joe_lcd_20x32\3_main_dig5_20260803-061416.jpg,3,3,1.000000,0.000000,0.000000,0.000000,1.000000,0.000000,0.000000,0.000000,0.000000,0.000000,0.000000,0.000000,5,20260803-061416,kwh,45.061
C:\Users\josep\source\repos\AIOTED-digital\04_joe_lcd_20x32\3_main_dig5_20260803-062216.jpg,3,3,1.000000,0.000000,0.000000,0.000000,1.000000,0.000000,0.000000,0.000000,0.000000,0.000000,0.000000,0.000000,5,20260803-062216,kwh,48.161
C:\Users\josep\source\repos\AIOTED-digital\04_joe_lcd_20x32\3_main_dig5_20260803-064216.jpg,3,3,1.000000,0.000000,0.000000,0.000000,1.000000,0.000000,0.000000,0.000000,0.000000,0.000000,0.000000,0.000000,5,20260803-064216,kwh,52.762
C:\Users\josep\source\repos\AIOTED-digital\04_joe_lcd_20x32\3_main_dig5_20260803-065415.jpg,3,3,1.000000,0.000000,0.000000,0.000000,1.000000,0.000000,0.000000,0.000000,0.000000,0.000000,0.000000,0.000000,5,20260803-065415,kwh,63.632
C:\Users\josep\source\repos\AIOTED-digital\04_joe_lcd_20x32\3_main_dig5_20260803-070215.jpg,3,3,1.000000,0.000000,0.000000,0.000000,1.000000,0.000000,0.000000,0.000000,0.000000,0.000000,0.000000,0.000000,5,20260803-070215,kwh,84.003
C:\Users\josep\source\repos\AIOTED-digital\04_joe_lcd_20x32\3_main_dig5_20260803-081415.jpg,3,3,1.000000,0.000000,0.000000,0.000000,1.000000,0.000000,0.000000,0.000000,0.000000,0.000000,0.000000,0.000000,5,20260803-081415,kwh,123.825
C:\Users\josep\source\repos\AIOTED-digital\04_joe_lcd_20x32\3_main_dig5_20260803-205125.jpg,3,3,0.994300,0.000000,0.000011,0.000001,0.994300,0.000000,0.000000,0.000000,0.005594,0.000014,0.000080,0.000000,5,20260803-205125,kwh,53.334
C:\Users\josep\source\repos\AIOTED-digital\04_joe_lcd_20x32\3_main_dig5_20260803-213125.jpg,3,3,0.997701,0.000000,0.000000,0.000001,0.997701,0.000000,0.000000,0.000000,0.002273,0.000004,0.000021,0.000000,5,20260803-213125,kwh,53.022
C:\Users\josep\source\repos\AIOTED-digital\04_joe_lcd_20x32\3_main_dig5_20260803-221125.jpg,3,3,0.994511,0.000000,0.000002,0.000000,0.994511,0.000000,0.000000,0.000000,0.005275,0.000006,0.000205,0.000000,5,20260803-221125,kwh,52.447
C:\Users\josep\source\repos\AIOTED-digital\04_joe_lcd_20x32\3_main_dig5_20260803-223125.jpg,3,3,0.995673,0.000000,0.000000,0.000000,0.995673,0.000000,0.000000,0.000000,0.004296,0.000001,0.000029,0.000000,5,20260803-223125,kwh,52.438
C:\Users\josep\source\repos\AIOTED-digital\04_joe_lcd_20x32\3_main_dig5_20260803-225125.jpg,3,3,0.982018,0.000001,0.000002,0.000001,0.982018,0.000000,0.000000,0.000000,0.017359,0.000012,0.000606,0.000000,5,20260803-225125,kwh,51.946
C:\Users\josep\source\repos\AIOTED-digital\04_joe_lcd_20x32\3_main_dig5_20260803-230725.jpg,3,3,0.995686,0.000000,0.000001,0.000001,0.995686,0.000000,0.000000,0.000000,0.003332,0.000017,0.000963,0.000000,5,20260803-230725,kwh,51.985
C:\Users\josep\source\repos\AIOTED-digital\04_joe_lcd_20x32\3_main_dig5_20260803-231125.jpg,3,3,0.992035,0.000001,0.000002,0.000001,0.992035,0.000001,0.000000,0.000000,0.003313,0.000038,0.004608,0.000000,5,20260803-231125,kwh,51.808
C:\Users\josep\source\repos\AIOTED-digital\04_joe_lcd_20x32\3_main_dig5_20260803-231925.jpg,3,3,0.979702,0.000016,0.000015,0.000005,0.979702,0.000001,0.000000,0.000000,0.012701,0.000245,0.007312,0.000002,5,20260803-231925,kwh,51.086
C:\Users\josep\source\repos\AIOTED-digital\04_joe_lcd_20x32\3_main_dig5_20260803-232725.jpg,3,3,0.990418,0.000001,0.000004,0.000001,0.990418,0.000000,0.000000,0.000000,0.005676,0.000031,0.003869,0.000000,5,20260803-232725,kwh,52.036
C:\Users\josep\source\repos\AIOTED-digital\04_joe_lcd_20x32\3_main_dig5_20260803-233125.jpg,3,3,0.995960,0.000000,0.000001,0.000000,0.995960,0.000000,0.000000,0.000000,0.003643,0.000005,0.000389,0.000000,5,20260803-233125,kwh,52.084
C:\Users\josep\source\repos\AIOTED-digital\04_joe_lcd_20x32\3_main_dig5_20260803-233925.jpg,3,3,0.980864,0.000002,0.000009,0.000001,0.980864,0.000000,0.000000,0.000000,0.017359,0.000022,0.001743,0.000000,5,20260803-233925,kwh,52.086
C:\Users\josep\source\repos\AIOTED-digital\04_joe_lcd_20x32\3_main_dig5_20260803-235925.jpg,3,3,0.971324,0.000022,0.000072,0.000007,0.971324,0.000004,0.000000,0.000000,0.021457,0.000143,0.006969,0.000002,5,20260803-235925,kwh,51.162
C:\Users\josep\source\repos\AIOTED-digital\04_joe_lcd_20x32\3_main_dig5_20260824-175346.jpg,3,3,1.000000,0.000000,0.000000,0.000000,1.000000,0.000000,0.000000,0.000000,0.000000,0.000000,0.000000,0.000000,5,20260824-175346,kwh,58.422
C:\Users\josep\source\repos\AIOTED-digital\04_joe_lcd_20x32\3_main_dig5_20260824-182546.jpg,3,3,1.000000,0.000000,0.000000,0.000000,1.000000,0.000000,0.000000,0.000000,0.000000,0.000000,0.000000,0.000000,5,20260824-182546,kwh,57.978
C:\Users\josep\source\repos\AIOTED-digital\04_joe_lcd_20x32\3_main_dig6_20260803-104123.jpg,3,3,0.999998,0.000000,0.000000,0.000000,0.999998,0.000000,0.000000,0.000000,0.000000,0.000002,0.000000,0.000000,6,20260803-104123,kwh,87.434
C:\Users\josep\source\repos\AIOTED-digital\04_joe_lcd_20x32\3_main_dig6_20260803-175752.jpg,3,3,0.999999,0.000000,0.000000,0.000000,0.999999,0.000000,0.000000,0.000000,0.000000,0.000001,0.000000,0.000000,6,20260803-175752,kwh,88.061
C:\Users\josep\source\repos\AIOTED-digital\04_joe_lcd_20x32\3_main_dig6_20260803-180152.jpg,3,3,0.999998,0.000000,0.000000,0.000000,0.999998,0.000000,0.000000,0.000000,0.000000,0.000001,0.000000,0.000000,6,20260803-180152,kwh,86.310
C:\Users\josep\source\repos\AIOTED-digital\04_joe_lcd_20x32\3_main_dig6_20260815-091004.jpg,3,3,1.000000,0.000000,0.000000,0.000000,1.000000,0.000000,0.000000,0.000000,0.000000,0.000000,0.000000,0.000000,6,20260815-091004,kwh,76.379
C:\Users\josep\source\repos\AIOTED-digital\04_joe_lcd_20x32\3_main_dig6_20260815-193403.jpg,3,3,0.995313,0.000000,0.000000,0.000002,0.995313,0.000000,0.000000,0.000000,0.004685,0.000000,0.000000,0.000000,6,20260815-193403,kwh,25.539
C:\Users\josep\source\repos\AIOTED-digital\04_joe_lcd_20x32\3_main_dig6_20260824-045747.jpg,3,3,0.981055,0.000000,0.000013,0.000015,0.981055,0.000000,0.000000,0.000000,0.018909,0.000001,0.000006,0.000000,6,20260824-045747,kwh,28.566
C:\Users\josep\source\repos\AIOTED-digital\04_joe_lcd_20x32\3_main_dig6_20260824-141346.jpg,3,3,1.000000,0.000000,0.000000,0.000000,1.000000,0.000000,0.000000,0.000000,0.000000,0.000000,0.000000,0.000000,6,20260824-141346,kwh,69.474
C:\Users\josep\source\repos\AIOTED-digital\04_joe_lcd_20x32\3_main_dig6_20260824-144546.jpg,3,3,1.000000,0.000000,0.000000,0.000000,1.000000,0.000000,0.000000,0.000000,0.000000,0.000000,0.000000,0.000000,6,20260824-144546,kwh,80.809
C:\Users\josep\source\repos\AIOTED-digital\04_joe_lcd_20x32\3_main_dig6_20260824-184146.jpg,3,3,1.000000,0.000000,0.000000,0.000000,1.000000,0.000000,0.000000,0.000000,0.000000,0.000000,0.000000,0.000000,6,20260824-184146,kwh,35.279
C:\Users\josep\source\repos\AIOTED-digital\04_joe_lcd_20x32\3_main_dig6_20260828-043340.jpg,3,3,0.974225,0.000001,0.000112,0.000680,0.974225,0.000003,0.000000,0.000000,0.024854,0.000033,0.000072,0.000019,6,20260828-043340,kwh,30.223
C:\Users\josep\source\repos\AIOTED-digital\04_joe_lcd_20x32\3_main_dig6_20260828-120139.jpg,3,3,1.000000,0.000000,0.000000,0.000000,1.000000,0.000000,0.000000,0.000000,0.000000,0.000000,0.000000,0.000000,6,20260828-120139,kwh,63.849
C:\Users\josep\source\repos\AIOTED-digital\04_joe_lcd_20x32\3_main_dig6_20260828-192939.jpg,3,3,0.999819,0.000000,0.000000,0.000004,0.999819,0.000000,0.000000,0.000000,0.000177,0.000000,0.000000,0.000000,6,20260828-192939,kwh,25.578
C:\Users\josep\source\repos\AIOTED-digital\04_joe_lcd_20x32\3_main_dig6_20260903-003108.jpg,3,3,0.486568,0.001104,0.023363,0.229236,0.486568,0.001853,0.000282,0.000843,0.160360,0.003681,0.002092,0.090618,6,20260903-003108,kwh,26.837
C:\Users\josep\source\repos\AIOTED-digital\04_joe_lcd_20x32\3_main_dig6_20260903-011108.jpg,3,3,0.551942,0.000164,0.004341,0.176751,0.551942,0.000068,0.000011,0.000027,0.257234,0.000697,0.000305,0.008461,6,20260903-011108,kwh,25.000
C:\Users\josep\source\repos\AIOTED-digital\04_joe_lcd_20x32\3_main_dig6_20260903-015108.jpg,3,4,0.561926,0.025533,0.012155,0.013275,0.041645,0.561926,0.005917,0.000632,0.040080,0.029097,0.231919,0.037820,6,20260903-015108,kwh,28.260
C:\Users\josep\source\repos\AIOTED-digital\04_joe_lcd_20x32\3_main_dig6_20260903-093108.jpg,3,3,1.000000,0.000000,0.000000,0.000000,1.000000,0.000000,0.000000,0.000000,0.000000,0.000000,0.000000,0.000000,6,20260903-093108,kwh,41.819
C:\Users\josep\source\repos\AIOTED-digital\04_joe_lcd_20x32\3_main_dig6_20260903-095107.jpg,3,3,1.000000,0.000000,0.000000,0.000000,1.000000,0.000000,0.000000,0.000000,0.000000,0.000000,0.000000,0.000000,6,20260903-095107,kwh,31.422
C:\Users\josep\source\repos\AIOTED-digital\04_joe_lcd_20x32\3_main_dig6_20260903-145907.jpg,3,3,1.000000,0.000000,0.000000,0.000000,1.000000,0.000000,0.000000,0.000000,0.000000,0.000000,0.000000,0.000000,6,20260903-145907,kwh,63.131
C:\Users\josep\source\repos\AIOTED-digital\04_joe_lcd_20x32\3_main_dig6_20260915-144536.jpg,3,3,1.000000,0.000000,0.000000,0.000000,1.000000,0.000000,0.000000,0.000000,0.000000,0.000000,0.000000,0.000000,6,20260915-144536,kwh,71.326
C:\Users\josep\source\repos\AIOTED-digital\04_joe_lcd_20x32\3_main_dig6_20260915-195736.jpg,3,3,0.918008,0.000017,0.003271,0.004225,0.918008,0.000024,0.000000,0.000000,0.074019,0.000321,0.000113,0.000001,6,20260915-195736,kwh,22.808
C:\Users\josep\source\repos\AIOTED-digital\04_joe_lcd_20x32\3_main_dig6_20260915-203735.jpg,3,3,0.954449,0.000013,0.000646,0.003135,0.954449,0.000002,0.000000,0.000000,0.041455,0.000263,0.000037,0.000001,6,20260915-203735,kwh,22.462
C:\Users\josep\source\repos\AIOTED-digital\04_joe_lcd_20x32\3_main_dig6_20260915-204535.jpg,3,3,0.887723,0.000043,0.004188,0.001214,0.887723,0.000011,0.000000,0.000000,0.106273,0.000371,0.000176,0.000001,6,20260915-204535,kwh,22.242
C:\Users\josep\source\repos\AIOTED-digital\04_joe_lcd_20x32\3_main_dig6_20260918-043331.jpg,3,3,0.741463,0.000991,0.094927,0.011082,0.741463,0.001689,0.000023,0.000057,0.138625,0.007954,0.002924,0.000265,6,20260918-043331,kwh,26.809
C:\Users\josep\source\repos\AIOTED-digital\04_joe_lcd_20x32\3_main_dig6_20260918-051331.jpg,3,3,0.714237,0.000272,0.093851,0.056337,0.714237,0.000319,0.000002,0.000026,0.132000,0.002612,0.000237,0.000107,6,20260918-051331,kwh,25.730
C:\Users\josep\source\repos\AIOTED-digital\04_joe_lcd_20x32\3_main_dig6_20260918-054131.jpg,3,3,0.853000,0.000030,0.006293,0.001933,0.853000,0.000008,0.000000,0.000000,0.138355,0.000252,0.000128,0.000002,6,20260918-054131,kwh,20.766
C:\Users\josep\source\repos\AIOTED-digital\04_joe_lcd_20x32\3_main_dig6_20260918-150931.jpg,3,3,1.000000,0.000000,0.000000,0.000000,1.000000,0.000000,0.000000,0.000000,0.000000,0.000000,0.000000,0.000000,6,20260918-150931,kwh,37.220
C:\Users\josep\source\repos\AIOTED-digital\04_joe_lcd_20x32\3_main_dig6_20260919-024530.jpg,3,3,0.667590,0.000590,0.151321,0.008215,0.667590,0.001446,0.000012,0.000034,0.166361,0.003117,0.001126,0.000187,6,20260919-024530,kwh,26.103
C:\Users\josep\source\repos\AIOTED-digital\04_joe_lcd_20x32\3_main_dig6_20260919-031730.jpg,3,3,0.781089,0.000321,0.069102,0.003767,0.781089,0.000749,0.000006,0.000014,0.141187,0.002382,0.001276,0.000105,6,20260919-031730,kwh,26.574
C:\Users\josep\source\repos\AIOTED-digital\04_joe_lcd_20x32\3_main_dig6_20260919-140529.jpg,3,3,1.000000,0.000000,0.000000,0.000000,1.000000,0.000000,0.000000,0.000000,0.000000,0.000000,0.000000,0.000000,6,20260919-140529,kwh,29.235
C:\Users\josep\source\repos\AIOTED-digital\04_joe_lcd_20x32\3_main_dig6_20260919-143329.jpg,3,3,1.000000,0.000000,0.000000,0.000000,1.000000,0.000000,0.000000,0.000000,0.000000,0.000000,0.000000,0.000000,6,20260919-143329,kwh,29.577
C:\Users\josep\source\repos\AIOTED-digital\04_joe_lcd_20x32\3_main_dig6_20260919-234928.jpg,3,2,0.969989,0.000172,0.005835,0.969989,0.008599,0.000016,0.000000,0.000015,0.012296,0.003028,0.000009,0.000040,6,20260919-234928,kwh,24.886
C:\Users\josep\source\repos\AIOTED-digital\04_joe_lcd_20x32\3_main_dig6_20260925-070617.jpg,3,3,0.811383,0.000107,0.029884,0.001910,0.811383,0.000067,0.000000,0.000001,0.155820,0.000596,0.000225,0.000007,6,20260925-070617,kwh,21.172
C:\Users\josep\source\repos\AIOTED-digital\04_joe_lcd_20x32\3_main_dig6_20260925-071417.jpg,3,3,0.866186,0.000014,0.007205,0.002796,0.866186,0.000007,0.000000,0.000000,0.123664,0.000092,0.000035,0.000001,6,20260925-071417,kwh,17.299
C:\Users\josep\source\repos\AIOTED-digital\04_joe_lcd_20x32\3_main_dig6_20260925-073417.jpg,3,3,0.996558,0.000000,0.000004,0.000274,0.996558,0.000000,0.000000,0.000000,0.003135,0.000027,0.000002,0.000000,6,20260925-073417,kwh,19.351
C:\Users\josep\source\repos\AIOTED-digital\04_joe_lcd_20x32\3_main_dig6_20260925-142217.jpg,3,3,1.000000,0.000000,0.000000,0.000000,1.000000,0.000000,0.000000,0.000000,0.000000,0.000000,0.000000,0.000000,6,20260925-142217,kwh,57.117
C:\Users\josep\source\repos\AIOTED-digital\04_joe_lcd_20x32\3_main_dig6_20260925-143417.jpg,3,3,1.000000,0.000000,0.000000,0.000000,1.000000,0.000000,0.000000,0.000000,0.000000,0.000000,0.000000,0.000000,6,20260925-143417,kwh,60.355
C:\Users\josep\source\repos\AIOTED-digital\04_joe_lcd_20x32\4_main_dig4_20260828-002540.jpg,4,4,1.000000,0.000000,0.000000,0.000000,0.000000,1.000000,0.000000,0.000000,0.000000,0.000000,0.000000,0.000000,4,20260828-002540,kwh,68.107
C:\Users\josep\source\repos\AIOTED-digital\04_joe_lcd_20x32\4_main_dig4_20260828-010540.jpg,4,4,1.000000,0.000000,0.000000,0.000000,0.000000,1.000000,0.000000,0.000000,0.000000,0.000000,0.000000,0.000000,4,20260828-010540,kwh,68.505
C:\Users\josep\source\repos\AIOTED-digital\04_joe_lcd_20x32\4_main_dig4_20260828-011340.jpg,4,4,1.000000,0.000000,0.000000,0.000000,0.000000,1.000000,0.000000,0.000000,0.000000,0.000000,0.000000,0.000000,4,20260828-011340,kwh,68.131
C:\Users\josep\source\repos\AIOTED-digital\04_joe_lcd_20x32\4_main_dig4_20260828-015340.jpg,4,4,1.000000,0.000000,0.000000,0.000000,0.000000,1.000000,0.000000,0.000000,0.000000,0.000000,0.000000,0.000000,4,20260828-015340,kwh,67.105
C:\Users\josep\source\repos\AIOTED-digital\04_joe_lcd_20x32\4_main_dig4_20260828-030540.jpg,4,4,1.000000,0.000000,0.000000,0.000000,0.000000,1.000000,0.000000,0.000000,0.000000,0.000000,0.000000,0.000000,4,20260828-030540,kwh,68.476
C:\Users\josep\source\repos\AIOTED-digital\04_joe_lcd_20x32\4_main_dig4_20260828-041340.jpg,4,4,1.000000,0.000000,0.000000,0.000000,0.000000,1.000000,0.000000,0.000000,0.000000,0.000000,0.000000,0.000000,4,20260828-041340,kwh,68.258
C:\Users\josep\source\repos\AIOTED-digital\04_joe_lcd_20x32\4_main_dig4_20260828-042540.jpg,4,4,1.000000,0.000000,0.000000,0.000000,0.000000,1.000000,0.000000,0.000000,0.000000,0.000000,0.000000,0.000000,4,20260828-042540,kwh,68.873
C:\Users\josep\source\repos\AIOTED-digital\04_joe_lcd_20x32\4_main_dig4_20260828-052140.jpg,4,4,1.000000,0.000000,0.000000,0.000000,0.000000,1.000000,0.000000,0.000000,0.000000,0.000000,0.000000,0.000000,4,20260828-052140,kwh,68.158
C:\Users\josep\source\repos\AIOTED-digital\04_joe_lcd_20x32\4_main_dig4_20260828-052540.jpg,4,4,1.000000,0.000000,0.000000,0.000000,0.000000,1.000000,0.000000,0.000000,0.000000,0.000000,0.000000,0.000000,4,20260828-052540,kwh,67.979
C:\Users\josep\source\repos\AIOTED-digital\04_joe_lcd_20x32\4_main_dig4_20260828-060540.jpg,4,4,1.000000,0.000000,0.000000,0.000000,0.000000,1.000000,0.000000,0.000000,0.000000,0.000000,0.000000,0.000000,4,20260828-060540,kwh,67.781
C:\Users\josep\source\repos\AIOTED-digital\04_joe_lcd_20x32\4_main_dig4_20260828-061340.jpg,4,4,1.000000,0.000000,0.000000,0.000000,0.000000,1.000000,0.000000,0.000000,0.000000,0.000000,0.000000,0.000000,4,20260828-061340,kwh,67.416
C:\Users\josep\source\repos\AIOTED-digital\04_joe_lcd_20x32\4_main_dig4_20260828-062140.jpg,4,4,1.000000,0.000000,0.000000,0.000000,0.000000,1.000000,0.000000,0.000000,0.000000,0.000000,0.000000,0.000000,4,20260828-062140,kwh,66.906
C:\Users\josep\source\repos\AIOTED-digital\04_joe_lcd_20x32\4_main_dig4_20260828-063340.jpg,4,4,1.000000,0.000000,0.000000,0.000000,0.000000,1.000000,0.000000,0.000000,0.000000,0.000000,0.000000,0.000000,4,20260828-063340,kwh,66.896
C:\Users\josep\source\repos\AIOTED-digital\04_joe_lcd_20x32\4_main_dig4_20260828-064140.jpg,4,4,1.000000,0.000000,0.000000,0.000000,0.000000,1.000000,0.000000,0.000000,0.000000,0.000000,0.000000,0.000000,4,20260828-064140,kwh,65.949
C:\Users\josep\source\repos\AIOTED-digital\04_joe_lcd_20x32\4_main_dig4_20260828-065340.jpg,4,4,1.000000,0.000000,0.000000,0.000000,0.000000,1.000000,0.000000,0.000000,0.000000,0.000000,0.000000,0.000000,4,20260828-065340,kwh,66.761
C:\Users\josep\source\repos\AIOTED-digital\04_joe_lcd_20x32\4_main_dig4_20260828-070140.jpg,4,4,1.000000,0.000000,0.000000,0.000000,0.000000,1.000000,0.000000,0.000000,0.000000,0.000000,0.000000,0.000000,4,20260828-070140,kwh,65.099
C:\Users\josep\source\repos\AIOTED-digital\04_joe_lcd_20x32\4_main_dig4_20260828-073340.jpg,4,4,1.000000,0.000000,0.000000,0.000000,0.000000,1.000000,0.000000,0.000000,0.000000,0.000000,0.000000,0.000000,4,20260828-073340,kwh,65.001
C:\Users\josep\source\repos\AIOTED-digital\04_joe_lcd_20x32\4_main_dig4_20260828-100139.jpg,4,4,1.000000,0.000000,0.000000,0.000000,0.000000,1.000000,0.000000,0.000000,0.000000,0.000000,0.000000,0.000000,4,20260828-100139,kwh,73.888
C:\Users\josep\source\repos\AIOTED-digital\04_joe_lcd_20x32\4_main_dig4_20260828-134139.jpg,4,4,1.000000,0.000000,0.000000,0.000000,0.000000,1.000000,0.000000,0.000000,0.000000,0.000000,0.000000,0.000000,4,20260828-134139,kwh,82.830
C:\Users\josep\source\repos\AIOTED-digital\04_joe_lcd_20x32\4_main_dig4_20260828-134939.jpg,4,4,1.000000,0.000000,0.000000,0.000000,0.000000,1.000000,0.000000,0.000000,0.000000,0.000000,0.000000,0.000000,4,20260828-134939,kwh,79.086
C:\Users\josep\source\repos\AIOTED-digital\04_joe_lcd_20x32\4_main_dig4_20260828-143339.jpg,4,4,1.000000,0.000000,0.000000,0.000000,0.000000,1.000000,0.000000,0.000000,0.000000,0.000000,0.000000,0.000000,4,20260828-143339,kwh,79.566
C:\Users\josep\source\repos\AIOTED-digital\04_joe_lcd_20x32\4_main_dig4_20260828-152139.jpg,4,4,1.000000,0.000000,0.000000,0.000000,0.000000,1.000000,0.000000,0.000000,0.000000,0.000000,0.000000,0.000000,4,20260828-152139,kwh,69.787
C:\Users\josep\source\repos\AIOTED-digital\04_joe_lcd_20x32\4_main_dig4_20260828-162939.jpg,4,4,1.000000,0.000000,0.000000,0.000000,0.000000,1.000000,0.000000,0.000000,0.000000,0.000000,0.000000,0.000000,4,20260828-162939,kwh,72.780
C:\Users\josep\source\repos\AIOTED-digital\04_joe_lcd_20x32\4_main_dig4_20260828-172939.jpg,4,4,1.000000,0.000000,0.000000,0.000000,0.000000,1.000000,0.000000,0.000000,0.000000,0.000000,0.000000,0.000000,4,20260828-172939,kwh,66.972
C:\Users\josep\source\repos\AIOTED-digital\04_joe_lcd_20x32\4_main_dig4_20260828-174939.jpg,4,4,1.000000,0.000000,0.000000,0.000000,0.000000,1.000000,0.000000,0.000000,0.000000,0.000000,0.000000,0.000000,4,20260828-174939,kwh,67.509
C:\Users\josep\source\repos\AIOTED-digital\04_joe_lcd_20x32\4_main_dig4_20260828-180139.jpg,4,4,1.000000,0.000000,0.000000,0.000000,0.000000,1.000000,0.000000,0.000000,0.000000,0.000000,0.000000,0.000000,4,20260828-180139,kwh,67.018
C:\Users\josep\source\repos\AIOTED-digital\04_joe_lcd_20x32\4_main_dig4_20260828-182939.jpg,4,4,1.000000,0.000000,0.000000,0.000000,0.000000,1.000000,0.000000,0.000000,0.000000,0.000000,0.000000,0.000000,4,20260828-182939,kwh,67.242
C:\Users\josep\source\repos\AIOTED-digital\04_joe_lcd_20x32\4_main_dig4_20260828-190139.jpg,4,4,1.000000,0.000000,0.000000,0.000000,0.000000,1.000000,0.000000,0.000000,0.000000,0.000000,0.000000,0.000000,4,20260828-190139,kwh,68.744
C:\Users\josep\source\repos\AIOTED-digital\04_joe_lcd_20x32\4_main_dig4_20260828-224938.jpg,4,4,1.000000,0.000000,0.000000,0.000000,0.000000,1.000000,0.000000,0.000000,0.000000,0.000000,0.000000,0.000000,4,20260828-224938,kwh,68.438
C:\Users\josep\source\repos\AIOTED-digital\04_joe_lcd_20x32\4_main_dig5_20260803-083015.jpg,4,4,1.000000,0.000000,0.000000,0.000000,0.000000,1.000000,0.000000,0.000000,0.000000,0.000000,0.000000,0.000000,5,20260803-083015,kwh,129.064
C:\Users\josep\source\repos\AIOTED-digital\04_joe_lcd_20x32\4_main_dig5_20260803-092523.jpg,4,4,0.941338,0.000000,0.000000,0.000000,0.000000,0.941338,0.000000,0.000000,0.000000,0.000000,0.058662,0.000000,5,20260803-092523,kwh,120.631
C:\Users\josep\source\repos\AIOTED-digital\04_joe_lcd_20x32\4_main_dig5_20260803-102523.jpg,4,4,1.000000,0.000000,0.000000,0.000000,0.000000,1.000000,0.000000,0.000000,0.000000,0.000000,0.000000,0.000000,5,20260803-102523,kwh,72.819
C:\Users\josep\source\repos\AIOTED-digital\04_joe_lcd_20x32\4_main_dig5_20260803-110523.jpg,4,4,0.999999,0.000000,0.000000,0.000000,0.000000,0.999999,0.000000,0.000000,0.000000,0.000000,0.000001,0.000000,5,20260803-110523,kwh,122.168
C:\Users\josep\source\repos\AIOTED-digital\04_joe_lcd_20x32\4_main_dig5_20260803-114523.jpg,4,4,1.000000,0.000000,0.000000,0.000000,0.000000,1.000000,0.000000,0.000000,0.000000,0.000000,0.000000,0.000000,5,20260803-114523,kwh,134.869
C:\Users\josep\source\repos\AIOTED-digital\04_joe_lcd_20x32\4_main_dig6_20260803-181126.jpg,4,4,1.000000,0.000000,0.000000,0.000000,0.000000,1.000000,0.000000,0.000000,0.000000,0.000000,0.000000,0.000000,6,20260803-181126,kwh,38.566
C:\Users\josep\source\repos\AIOTED-digital\04_joe_lcd_20x32\4_main_dig6_20260815-100604.jpg,4,4,1.000000,0.000000,0.000000,0.000000,0.000000,1.000000,0.000000,0.000000,0.000000,0.000000,0.000000,0.000000,6,20260815-100604,kwh,60.529
C:\Users\josep\source\repos\AIOTED-digital\04_joe_lcd_20x32\4_main_dig6_20260815-150603.jpg,4,4,1.000000,0.000000,0.000000,0.000000,0.000000,1.000000,0.000000,0.000000,0.000000,0.000000,0.000000,0.000000,6,20260815-150603,kwh,85.795
C:\Users\josep\source\repos\AIOTED-digital\04_joe_lcd_20x32\4_main_dig6_20260824-062547.jpg,4,4,0.999999,0.000000,0.000000,0.000000,0.000000,0.999999,0.000000,0.000000,0.000000,0.000000,0.000001,0.000000,6,20260824-062547,kwh,26.361
C:\Users\josep\source\repos\AIOTED-digital\04_joe_lcd_20x32\4_main_dig6_20260824-064547.jpg,4,4,1.000000,0.000000,0.000000,0.000000,0.000000,1.000000,0.000000,0.000000,0.000000,0.000000,0.000000,0.000000,6,20260824-064547,kwh,29.773
C:\Users\josep\source\repos\AIOTED-digital\04_joe_lcd_20x32\4_main_dig6_20260824-065747.jpg,4,4,1.000000,0.000000,0.000000,0.000000,0.000000,1.000000,0.000000,0.000000,0.000000,0.000000,0.000000,0.000000,6,20260824-065747,kwh,34.819
C:\Users\josep\source\repos\AIOTED-digital\04_joe_lcd_20x32\4_main_dig6_20260824-145346.jpg,4,4,1.000000,0.000000,0.000000,0.000000,0.000000,1.000000,0.000000,0.000000,0.000000,0.000000,0.000000,0.000000,6,20260824-145346,kwh,81.940
C:\Users\josep\source\repos\AIOTED-digital\04_joe_lcd_20x32\4_main_dig6_20260828-154939.jpg,4,4,1.000000,0.000000,0.000000,0.000000,0.000000,1.000000,0.000000,0.000000,0.000000,0.000000,0.000000,0.000000,6,20260828-154939,kwh,52.175
C:\Users\josep\source\repos\AIOTED-digital\04_joe_lcd_20x32\4_main_dig6_20260903-014308.jpg,4,4,0.672069,0.012367,0.012335,0.007035,0.042763,0.672069,0.007152,0.000652,0.024230,0.015938,0.165216,0.040242,6,20260903-014308,kwh,29.000
C:\Users\josep\source\repos\AIOTED-digital\04_joe_lcd_20x32\4_main_dig6_20260903-023108.jpg,4,4,0.704981,0.018190,0.002278,0.005190,0.011560,0.704981,0.004151,0.000413,0.004994,0.025866,0.205832,0.016545,6,20260903-023108,kwh,27.199
C:\Users\josep\source\repos\AIOTED-digital\04_joe_lcd_20x32\4_main_dig6_20260903-151907.jpg,4,4,1.000000,0.000000,0.000000,0.000000,0.000000,1.000000,0.000000,0.000000,0.000000,0.000000,0.000000,0.000000,6,20260903-151907,kwh,70.662
C:\Users\josep\source\repos\AIOTED-digital\04_joe_lcd_20x32\4_main_dig6_20260903-193907.jpg,4,4,0.734595,0.017671,0.000612,0.000230,0.001054,0.734595,0.008668,0.000534,0.001051,0.016345,0.216597,0.002643,6,20260903-193907,kwh,28.125
C:\Users\josep\source\repos\AIOTED-digital\04_joe_lcd_20x32\4_main_dig6_20260903-194707.jpg,4,4,0.827694,0.005324,0.000280,0.000224,0.001002,0.827694,0.000513,0.000049,0.000419,0.012324,0.150092,0.002079,6,20260903-194707,kwh,26.046
C:\Users\josep\source\repos\AIOTED-digital\04_joe_lcd_20x32\4_main_dig6_20260903-195907.jpg,4,4,0.989846,0.000673,0.000126,0.000023,0.000037,0.989846,0.000067,0.000011,0.000034,0.000770,0.008043,0.000371,6,20260903-195907,kwh,25.855
C:\Users\josep\source\repos\AIOTED-digital\04_joe_lcd_20x32\4_main_dig6_20260915-151736.jpg,4,4,1.000000,0.000000,0.000000,0.000000,0.000000,1.000000,0.000000,0.000000,0.000000,0.000000,0.000000,0.000000,6,20260915-151736,kwh,57.826
C:\Users\josep\source\repos\AIOTED-digital\04_joe_lcd_20x32\4_main_dig6_20260915-152536.jpg,4,4,1.000000,0.000000,0.000000,0.000000,0.000000,1.000000,0.000000,0.000000,0.000000,0.000000,0.000000,0.000000,6,20260915-152536,kwh,71.053
C:\Users\josep\source\repos\AIOTED-digital\04_joe_lcd_20x32\4_main_dig6_20260918-070931.jpg,4,4,1.000000,0.000000,0.000000,0.000000,0.000000,1.000000,0.000000,0.000000,0.000000,0.000000,0.000000,0.000000,6,20260918-070931,kwh,24.284
C:\Users\josep\source\repos\AIOTED-digital\04_joe_lcd_20x32\4_main_dig6_20260918-153731.jpg,4,4,1.000000,0.000000,0.000000,0.000000,0.000000,1.000000,0.000000,0.000000,0.000000,0.000000,0.000000,0.000000,6,20260918-153731,kwh,29.636
C:\Users\josep\source\repos\AIOTED-digital\04_joe_lcd_20x32\4_main_dig6_20260919-145329.jpg,4,4,1.000000,0.000000,0.000000,0.000000,0.000000,1.000000,0.000000,0.000000,0.000000,0.000000,0.000000,0.000000,6,20260919-145329,kwh,38.969
C:\Users\josep\source\repos\AIOTED-digital\04_joe_lcd_20x32\4_main_dig6_20260919-150129.jpg,4,4,1.000000,0.000000,0.000000,0.000000,0.000000,1.000000,0.000000,0.000000,0.000000,0.000000,0.000000,0.000000,6,20260919-150129,kwh,34.583
C:\Users\josep\source\repos\AIOTED-digital\04_joe_lcd_20x32\4_main_dig6_20260919-152129.jpg,4,4,0.999999,0.000000,0.000000,0.000000,0.000000,0.999999,0.000000,0.000000,0.000000,0.000000,0.000001,0.000000,6,20260919-152129,kwh,27.566
C:\Users\josep\source\repos\AIOTED-digital\04_joe_lcd_20x32\4_main_dig6_20260925-075417.jpg,4,4,1.000000,0.000000,0.000000,0.000000,0.000000,1.000000,0.000000,0.000000,0.000000,0.000000,0.000000,0.000000,6,20260925-075417,kwh,24.359
C:\Users\josep\source\repos\AIOTED-digital\04_joe_lcd_20x32\4_main_dig6_20260925-081417.jpg,4,4,1.000000,0.000000,0.000000,0.000000,0.000000,1.000000,0.000000,0.000000,0.000000,0.000000,0.000000,0.000000,6,20260925-081417,kwh,26.001
C:\Users\josep\source\repos\AIOTED-digital\04_joe_lcd_20x32\4_main_dig6_20260925-144217.jpg,4,4,1.000000,0.000000,0.000000,0.000000,0.000000,1.000000,0.000000,0.000000,0.000000,0.000000,0.000000,0.000000,6,20260925-144217,kwh,66.859
C:\Users\josep\source\repos\AIOTED-digital\04_joe_lcd_20x32\4_main_dig6_20260925-152217.jpg,4,4,1.000000,0.000000,0.000000,0.000000,0.000000,1.000000,0.000000,0.000000,0.000000,0.000000,0.000000,0.000000,6,20260925-152217,kwh,64.112
C:\Users\josep\source\repos\AIOTED-digital\04_joe_lcd_20x32\5_main_dig2_20260803-013610.jpg,5,5,1.000000,0.000000,0.000000,0.000000,0.000000,0.000000,1.000000,0.000000,0.000000,0.000000,0.000000,0.000000,2,20260803-013610,kwh,144.729
C:\Users\josep\source\repos\AIOTED-digital\04_joe_lcd_20x32\5_main_dig2_20260803-042409.jpg,5,5,1.000000,0.000000,0.000000,0.000000,0.000000,0.000000,1.000000,0.000000,0.000000,0.000000,0.000000,0.000000,2,20260803-042409,kwh,144.402
C:\Users\josep\source\repos\AIOTED-digital\04_joe_lcd_20x32\5_main_dig2_20260803-042809.jpg,5,5,1.000000,0.000000,0.000000,0.000000,0.000000,0.000000,1.000000,0.000000,0.000000,0.000000,0.000000,0.000000,2,20260803-042809,kwh,146.092
C:\Users\josep\source\repos\AIOTED-digital\04_joe_lcd_20x32\5_main_dig2_20260803-045609.jpg,5,5,1.000000,0.000000,0.000000,0.000000,0.000000,0.000000,1.000000,0.000000,0.000000,0.000000,0.000000,0.000000,2,20260803-045609,kwh,143.871
C:\Users\josep\source\repos\AIOTED-digital\04_joe_lcd_20x32\5_main_dig2_20260803-051609.jpg,5,5,1.000000,0.000000,0.000000,0.000000,0.000000,0.000000,1.000000,0.000000,0.000000,0.000000,0.000000,0.000000,2,20260803-051609,kwh,147.461
C:\Users\josep\source\repos\AIOTED-digital\04_joe_lcd_20x32\5_main_dig2_20260803-052409.jpg,5,5,1.000000,0.000000,0.000000,0.000000,0.000000,0.000000,1.000000,0.000000,0.000000,0.000000,0.000000,0.000000,2,20260803-052409,kwh,142.887
C:\Users\josep\source\repos\AIOTED-digital\04_joe_lcd_20x32\5_main_dig2_20260803-054409.jpg,5,5,1.000000,0.000000,0.000000,0.000000,0.000000,0.000000,1.000000,0.000000,0.000000,0.000000,0.000000,0.000000,2,20260803-054409,kwh,140.217
C:\Users\josep\source\repos\AIOTED-digital\04_joe_lcd_20x32\5_main_dig2_20260803-060216.jpg,5,5,1.000000,0.000000,0.000000,0.000000,0.000000,0.000000,1.000000,0.000000,0.000000,0.000000,0.000000,0.000000,2,20260803-060216,kwh,129.609
C:\Users\josep\source\repos\AIOTED-digital\04_joe_lcd_20x32\5_main_dig2_20260803-061416.jpg,5,5,1.000000,0.000000,0.000000,0.000000,0.000000,0.000000,1.000000,0.000000,0.000000,0.000000,0.000000,0.000000,2,20260803-061416,kwh,120.690
C:\Users\josep\source\repos\AIOTED-digital\04_joe_lcd_20x32\5_main_dig2_20260803-064216.jpg,5,5,1.000000,0.000000,0.000000,0.000000,0.000000,0.000000,1.000000,0.000000,0.000000,0.000000,0.000000,0.000000,2,20260803-064216,kwh,110.263
C:\Users\josep\source\repos\AIOTED-digital\04_joe_lcd_20x32\5_main_dig2_20260803-075415.jpg,5,5,0.999965,0.000000,0.000000,0.000000,0.000000,0.000000,0.999965,0.000035,0.000000,0.000000,0.000000,0.000000,2,20260803-075415,kwh,141.413
C:\Users\josep\source\repos\AIOTED-digital\04_joe_lcd_20x32\5_main_dig2_20260803-191125.jpg,5,5,0.999993,0.000000,0.000000,0.000000,0.000000,0.000000,0.999993,0.000007,0.000000,0.000000,0.000000,0.000000,2,20260803-191125,kwh,123.199
C:\Users\josep\source\repos\AIOTED-digital\04_joe_lcd_20x32\5_main_dig2_20260803-195925.jpg,5,5,0.999917,0.000000,0.000000,0.000000,0.000000,0.000000,0.999917,0.000083,0.000000,0.000000,0.000000,0.000000,2,20260803-195925,kwh,129.361
C:\Users\josep\source\repos\AIOTED-digital\04_joe_lcd_20x32\5_main_dig2_20260803-201925.jpg,5,5,0.999985,0.000000,0.000000,0.000000,0.000000,0.000000,0.999985,0.000015,0.000000,0.000000,0.000000,0.000000,2,20260803-201925,kwh,136.798
C:\Users\josep\source\repos\AIOTED-digital\04_joe_lcd_20x32\5_main_dig2_20260803-205125.jpg,5,5,1.000000,0.000000,0.000000,0.000000,0.000000,0.000000,1.000000,0.000000,0.000000,0.000000,0.000000,0.000000,2,20260803-205125,kwh,137.915
C:\Users\josep\source\repos\AIOTED-digital\04_joe_lcd_20x32\5_main_dig2_20260803-211925.jpg,5,5,0.999999,0.000000,0.000000,0.000000,0.000000,0.000000,0.999999,0.000001,0.000000,0.000000,0.000000,0.000000,2,20260803-211925,kwh,132.807
C:\Users\josep\source\repos\AIOTED-digital\04_joe_lcd_20x32\5_main_dig2_20260803-213925.jpg,5,5,0.999989,0.000000,0.000000,0.000000,0.000000,0.000000,0.999989,0.000011,0.000000,0.000000,0.000000,0.000000,2,20260803-213925,kwh,138.516
C:\Users\josep\source\repos\AIOTED-digital\04_joe_lcd_20x32\5_main_dig2_20260803-223925.jpg,5,5,1.000000,0.000000,0.000000,0.000000,0.000000,0.000000,1.000000,0.000000,0.000000,0.000000,0.000000,0.000000,2,20260803-223925,kwh,132.189
C:\Users\josep\source\repos\AIOTED-digital\04_joe_lcd_20x32\5_main_dig2_20260803-225925.jpg,5,5,1.000000,0.000000,0.000000,0.000000,0.000000,0.000000,1.000000,0.000000,0.000000,0.000000,0.000000,0.000000,2,20260803-225925,kwh,135.509
C:\Users\josep\source\repos\AIOTED-digital\04_joe_lcd_20x32\5_main_dig2_20260803-233125.jpg,5,5,1.000000,0.000000,0.000000,0.000000,0.000000,0.000000,1.000000,0.000000,0.000000,0.000000,0.000000,0.000000,2,20260803-233125,kwh,135.688
C:\Users\josep\source\repos\AIOTED-digital\04_joe_lcd_20x32\5_main_dig2_20260815-120604.jpg,5,5,1.000000,0.000000,0.000000,0.000000,0.000000,0.000000,1.000000,0.000000,0.000000,0.000000,0.000000,0.000000,2,20260815-120604,kwh,64.606
C:\Users\josep\source\repos\AIOTED-digital\04_joe_lcd_20x32\5_main_dig2_20260824-164546.jpg,5,5,1.000000,0.000000,0.000000,0.000000,0.000000,0.000000,1.000000,0.000000,0.000000,0.000000,0.000000,0.000000,2,20260824-164546,kwh,81.895
C:\Users\josep\source\repos\AIOTED-digital\04_joe_lcd_20x32\5_main_dig2_20260828-073340.jpg,5,5,1.000000,0.000000,0.000000,0.000000,0.000000,0.000000,1.000000,0.000000,0.000000,0.000000,0.000000,0.000000,2,20260828-073340,kwh,83.871
C:\Users\josep\source\repos\AIOTED-digital\04_joe_lcd_20x32\5_main_dig2_20260828-122139.jpg,5,5,1.000000,0.000000,0.000000,0.000000,0.000000,0.000000,1.000000,0.000000,0.000000,0.000000,0.000000,0.000000,2,20260828-122139,kwh,59.952
C:\Users\josep\source\repos\AIOTED-digital\04_joe_lcd_20x32\5_main_dig2_20260915-151736.jpg,5,5,1.000000,0.000000,0.000000,0.000000,0.000000,0.000000,1.000000,0.000000,0.000000,0.000000,0.000000,0.000000,2,20260915-151736,kwh,78.634
C:\Users\josep\source\repos\AIOTED-digital\04_joe_lcd_20x32\5_main_dig2_20260918-124931.jpg,5,5,1.000000,0.000000,0.000000,0.000000,0.000000,0.000000,1.000000,0.000000,0.000000,0.000000,0.000000,0.000000,2,20260918-124931,kwh,77.167
C:\Users\josep\source\repos\AIOTED-digital\04_joe_lcd_20x32\5_main_dig2_20260919-123329.jpg,5,5,1.000000,0.000000,0.000000,0.000000,0.000000,0.000000,1.000000,0.000000,0.000000,0.000000,0.000000,0.000000,2,20260919-123329,kwh,80.145
C:\Users\josep\source\repos\AIOTED-digital\04_joe_lcd_20x32\5_main_dig2_20260925-130217.jpg,5,5,1.000000,0.000000,0.000000,0.000000,0.000000,0.000000,1.000000,0.000000,0.000000,0.000000,0.000000,0.000000,2,20260925-130217,kwh,76.203
C:\Users\josep\source\repos\AIOTED-digital\04_joe_lcd_20x32\5_main_dig2_20260925-155417.jpg,5,5,0.999989,0.000000,0.000000,0.000000,0.000000,0.000000,0.999989,0.000000,0.000000,0.000000,0.000011,0.000000,2,20260925-155417,kwh,89.879
C:\Users\josep\source\repos\AIOTED-digital\04_joe_lcd_20x32\5_main_dig4_20260803-002810.jpg,5,5,1.000000,0.000000,0.000000,0.000000,0.000000,0.000000,1.000000,0.000000,0.000000,0.000000,0.000000,0.000000,4,20260803-002810,kwh,96.265
C:\Users\josep\source\repos\AIOTED-digital\04_joe_lcd_20x32\5_main_dig4_20260803-003610.jpg,5,5,0.999999,0.000000,0.000000,0.000000,0.000000,0.000000,0.999999,0.000001,0.000000,0.000000,0.000000,0.000000,4,20260803-003610,kwh,101.316
C:\Users\josep\source\repos\AIOTED-digital\04_joe_lcd_20x32\5_main_dig4_20260803-010810.jpg,5,5,1.000000,0.000000,0.000000,0.000000,0.000000,0.000000,1.000000,0.000000,0.000000,0.000000,0.000000,0.000000,4,20260803-010810,kwh,100.070
C:\Users\josep\source\repos\AIOTED-digital\04_joe_lcd_20x32\5_main_dig4_20260803-011610.jpg,5,5,1.000000,0.000000,0.000000,0.000000,0.000000,0.000000,1.000000,0.000000,0.000000,0.000000,0.000000,0.000000,4,20260803-011610,kwh,98.382
C:\Users\josep\source\repos\AIOTED-digital\04_joe_lcd_20x32\5_main_dig4_20260803-012810.jpg,5,5,1.000000,0.000000,0.000000,0.000000,0.000000,0.000000,1.000000,0.000000,0.000000,0.000000,0.000000,0.000000,4,20260803-012810,kwh,97.730
C:\Users\josep\source\repos\AIOTED-digital\04_joe_lcd_20x32\5_main_dig4_20260803-013610.jpg,5,5,1.000000,0.000000,0.000000,0.000000,0.000000,0.000000,1.000000,0.000000,0.000000,0.000000,0.000000,0.000000,4,20260803-013610,kwh,96.919
C:\Users\josep\source\repos\AIOTED-digital\04_joe_lcd_20x32\5_main_dig4_20260803-014810.jpg,5,5,1.000000,0.000000,0.000000,0.000000,0.000000,0.000000,1.000000,0.000000,0.000000,0.000000,0.000000,0.000000,4,20260803-014810,kwh,100.037
C:\Users\josep\source\repos\AIOTED-digital\04_joe_lcd_20x32\5_main_dig4_20260803-020810.jpg,5,5,1.000000,0.000000,0.000000,0.000000,0.000000,0.000000,1.000000,0.000000,0.000000,0.000000,0.000000,0.000000,4,20260803-020810,kwh,95.905
C:\Users\josep\source\repos\AIOTED-digital\04_joe_lcd_20x32\5_main_dig4_20260803-021610.jpg,5,5,1.000000,0.000000,0.000000,0.000000,0.000000,0.000000,1.000000,0.000000,0.000000,0.000000,0.000000,0.000000,4,20260803-021610,kwh,102.191
C:\Users\josep\source\repos\AIOTED-digital\04_joe_lcd_20x32\5_main_dig4_20260803-022810.jpg,5,5,1.000000,0.000000,0.000000,0.000000,0.000000,0.000000,1.000000,0.000000,0.000000,0.000000,0.000000,0.000000,4,20260803-022810,kwh,102.100
C:\Users\josep\source\repos\AIOTED-digital\04_joe_lcd_20x32\5_main_dig4_20260803-025609.jpg,5,5,1.000000,0.000000,0.000000,0.000000,0.000000,0.000000,1.000000,0.000000,0.000000,0.000000,0.000000,0.000000,4,20260803-025609,kwh,100.176
C:\Users\josep\source\repos\AIOTED-digital\04_joe_lcd_20x32\5_main_dig4_20260803-032809.jpg,5,5,1.000000,0.000000,0.000000,0.000000,0.000000,0.000000,1.000000,0.000000,0.000000,0.000000,0.000000,0.000000,4,20260803-032809,kwh,101.256
C:\Users\josep\source\repos\AIOTED-digital\04_joe_lcd_20x32\5_main_dig4_20260803-040409.jpg,5,5,1.000000,0.000000,0.000000,0.000000,0.000000,0.000000,1.000000,0.000000,0.000000,0.000000,0.000000,0.000000,4,20260803-040409,kwh,97.691
C:\Users\josep\source\repos\AIOTED-digital\04_joe_lcd_20x32\5_main_dig4_20260803-041609.jpg,5,5,1.000000,0.000000,0.000000,0.000000,0.000000,0.000000,1.000000,0.000000,0.000000,0.000000,0.000000,0.000000,4,20260803-041609,kwh,99.015
C:\Users\josep\source\repos\AIOTED-digital\04_joe_lcd_20x32\5_main_dig4_20260803-042409.jpg,5,5,1.000000,0.000000,0.000000,0.000000,0.000000,0.000000,1.000000,0.000000,0.000000,0.000000,0.000000,0.000000,4,20260803-042409,kwh,95.855
C:\Users\josep\source\repos\AIOTED-digital\04_joe_lcd_20x32\5_main_dig4_20260803-042809.jpg,5,5,1.000000,0.000000,0.000000,0.000000,0.000000,0.000000,1.000000,0.000000,0.000000,0.000000,0.000000,0.000000,4,20260803-042809,kwh,99.055
C:\Users\josep\source\repos\AIOTED-digital\04_joe_lcd_20x32\5_main_dig4_20260803-050409.jpg,5,5,1.000000,0.000000,0.000000,0.000000,0.000000,0.000000,1.000000,0.000000,0.000000,0.000000,0.000000,0.000000,4,20260803-050409,kwh,101.205
C:\Users\josep\source\repos\AIOTED-digital\04_joe_lcd_20x32\5_main_dig4_20260803-052409.jpg,5,5,1.000000,0.000000,0.000000,0.000000,0.000000,0.000000,1.000000,0.000000,0.000000,0.000000,0.000000,0.000000,4,20260803-052409,kwh,98.858
C:\Users\josep\source\repos\AIOTED-digital\04_joe_lcd_20x32\5_main_dig4_20260803-054409.jpg,5,5,1.000000,0.000000,0.000000,0.000000,0.000000,0.000000,1.000000,0.000000,0.000000,0.000000,0.000000,0.000000,4,20260803-054409,kwh,98.345
C:\Users\josep\source\repos\AIOTED-digital\04_joe_lcd_20x32\5_main_dig4_20260803-060216.jpg,5,5,0.999995,0.000000,0.000000,0.000000,0.000000,0.000000,0.999995,0.000005,0.000000,0.000000,0.000000,0.000000,4,20260803-060216,kwh,73.131
C:\Users\josep\source\repos\AIOTED-digital\04_joe_lcd_20x32\5_main_dig4_20260803-061416.jpg,5,5,1.000000,0.000000,0.000000,0.000000,0.000000,0.000000,1.000000,0.000000,0.000000,0.000000,0.000000,0.000000,4,20260803-061416,kwh,77.239
C:\Users\josep\source\repos\AIOTED-digital\04_joe_lcd_20x32\5_main_dig4_20260803-062216.jpg,5,5,1.000000,0.000000,0.000000,0.000000,0.000000,0.000000,1.000000,0.000000,0.000000,0.000000,0.000000,0.000000,4,20260803-062216,kwh,84.019
C:\Users\josep\source\repos\AIOTED-digital\04_joe_lcd_20x32\5_main_dig4_20260803-064216.jpg,5,5,1.000000,0.000000,0.000000,0.000000,0.000000,0.000000,1.000000,0.000000,0.000000,0.000000,0.000000,0.000000,4,20260803-064216,kwh,92.098
C:\Users\josep\source\repos\AIOTED-digital\04_joe_lcd_20x32\5_main_dig4_20260803-084215.jpg,5,5,0.999982,0.000000,0.000000,0.000000,0.000000,0.000000,0.999982,0.000001,0.000000,0.000000,0.000016,0.000000,4,20260803-084215,kwh,153.892
C:\Users\josep\source\repos\AIOTED-digital\04_joe_lcd_20x32\5_main_dig4_20260803-150152.jpg,5,5,0.999961,0.000000,0.000000,0.000000,0.000000,0.000002,0.999961,0.000034,0.000000,0.000000,0.000000,0.000003,4,20260803-150152,kwh,151.676
C:\Users\josep\source\repos\AIOTED-digital\04_joe_lcd_20x32\5_main_dig4_20260803-191125.jpg,5,5,1.000000,0.000000,0.000000,0.000000,0.000000,0.000000,1.000000,0.000000,0.000000,0.000000,0.000000,0.000000,4,20260803-191125,kwh,94.918
C:\Users\josep\source\repos\AIOTED-digital\04_joe_lcd_20x32\5_main_dig4_20260803-193125.jpg,5,5,1.000000,0.000000,0.000000,0.000000,0.000000,0.000000,1.000000,0.000000,0.000000,0.000000,0.000000,0.000000,4,20260803-193125,kwh,95.868
C:\Users\josep\source\repos\AIOTED-digital\04_joe_lcd_20x32\5_main_dig4_20260803-195925.jpg,5,5,1.000000,0.000000,0.000000,0.000000,0.000000,0.000000,1.000000,0.000000,0.000000,0.000000,0.000000,0.000000,4,20260803-195925,kwh,119.942
C:\Users\josep\source\repos\AIOTED-digital\04_joe_lcd_20x32\5_main_dig4_20260803-201925.jpg,5,5,1.000000,0.000000,0.000000,0.000000,0.000000,0.000000,1.000000,0.000000,0.000000,0.000000,0.000000,0.000000,4,20260803-201925,kwh,113.920
C:\Users\josep\source\repos\AIOTED-digital\04_joe_lcd_20x32\5_main_dig4_20260803-211925.jpg,5,5,1.000000,0.000000,0.000000,0.000000,0.000000,0.000000,1.000000,0.000000,0.000000,0.000000,0.000000,0.000000,4,20260803-211925,kwh,112.823
C:\Users\josep\source\repos\AIOTED-digital\04_joe_lcd_20x32\5_main_dig4_20260803-215925.jpg,5,5,1.000000,0.000000,0.000000,0.000000,0.000000,0.000000,1.000000,0.000000,0.000000,0.000000,0.000000,0.000000,4,20260803-215925,kwh,116.559
C:\Users\josep\source\repos\AIOTED-digital\04_joe_lcd_20x32\5_main_dig4_20260803-221925.jpg,5,5,1.000000,0.000000,0.000000,0.000000,0.000000,0.000000,1.000000,0.000000,0.000000,0.000000,0.000000,0.000000,4,20260803-221925,kwh,119.472
C:\Users\josep\source\repos\AIOTED-digital\04_joe_lcd_20x32\5_main_dig4_20260803-225125.jpg,5,5,1.000000,0.000000,0.000000,0.000000,0.000000,0.000000,1.000000,0.000000,0.000000,0.000000,0.000000,0.000000,4,20260803-225125,kwh,112.281
C:\Users\josep\source\repos\AIOTED-digital\04_joe_lcd_20x32\5_main_dig4_20260803-231125.jpg,5,5,1.000000,0.000000,0.000000,0.000000,0.000000,0.000000,1.000000,0.000000,0.000000,0.000000,0.000000,0.000000,4,20260803-231125,kwh,114.232
C:\Users\josep\source\repos\AIOTED-digital\04_joe_lcd_20x32\5_main_dig4_20260803-233925.jpg,5,5,1.000000,0.000000,0.000000,0.000000,0.000000,0.000000,1.000000,0.000000,0.000000,0.000000,0.000000,0.000000,4,20260803-233925,kwh,106.942
C:\Users\josep\source\repos\AIOTED-digital\04_joe_lcd_20x32\5_main_dig4_20260803-235125.jpg,5,5,1.000000,0.000000,0.000000,0.000000,0.000000,0.000000,1.000000,0.000000,0.000000,0.000000,0.000000,0.000000,4,20260803-235125,kwh,113.033
C:\Users\josep\source\repos\AIOTED-digital\04_joe_lcd_20x32\5_main_dig5_20260803-132123.jpg,5,5,0.999979,0.000000,0.000000,0.000000,0.000000,0.000000,0.999979,0.000021,0.000000,0.000000,0.000000,0.000000,5,20260803-132123,kwh,143.160
C:\Users\josep\source\repos\AIOTED-digital\04_joe_lcd_20x32\5_main_dig5_20260803-152952.jpg,5,5,0.999992,0.000000,0.000000,0.000000,0.000000,0.000000,0.999992,0.000008,0.000000,0.000000,0.000000,0.000000,5,20260803-152952,kwh,139.178
C:\Users\josep\source\repos\AIOTED-digital\04_joe_lcd_20x32\5_main_dig5_20260828-010540.jpg,5,5,0.999999,0.000000,0.000000,0.000000,0.000000,0.000000,0.999999,0.000000,0.000000,0.000000,0.000001,0.000000,5,20260828-010540,kwh,62.887
C:\Users\josep\source\repos\AIOTED-digital\04_joe_lcd_20x32\5_main_dig5_20260828-024540.jpg,5,5,1.000000,0.000000,0.000000,0.000000,0.000000,0.000000,1.000000,0.000000,0.000000,0.000000,0.000000,0.000000,5,20260828-024540,kwh,63.900
C:\Users\josep\source\repos\AIOTED-digital\04_joe_lcd_20x32\5_main_dig5_20260828-043340.jpg,5,5,0.999999,0.000000,0.000000,0.000000,0.000000,0.000000,0.999999,0.000000,0.000000,0.000000,0.000001,0.000000,5,20260828-043340,kwh,64.519
C:\Users\josep\source\repos\AIOTED-digital\04_joe_lcd_20x32\5_main_dig5_20260828-053340.jpg,5,5,1.000000,0.000000,0.000000,0.000000,0.000000,0.000000,1.000000,0.000000,0.000000,0.000000,0.000000,0.000000,5,20260828-053340,kwh,64.349
C:\Users\josep\source\repos\AIOTED-digital\04_joe_lcd_20x32\5_main_dig5_20260828-064140.jpg,5,5,1.000000,0.000000,0.000000,0.000000,0.000000,0.000000,1.000000,0.000000,0.000000,0.000000,0.000000,0.000000,5,20260828-064140,kwh,57.191
C:\Users\josep\source\repos\AIOTED-digital\04_joe_lcd_20x32\5_main_dig5_20260828-065340.jpg,5,5,1.000000,0.000000,0.000000,0.000000,0.000000,0.000000,1.000000,0.000000,0.000000,0.000000,0.000000,0.000000,5,20260828-065340,kwh,56.705
C:\Users\josep\source\repos\AIOTED-digital\04_joe_lcd_20x32\5_main_dig5_20260828-070140.jpg,5,5,1.000000,0.000000,0.000000,0.000000,0.000000,0.000000,1.000000,0.000000,0.000000,0.000000,0.000000,0.000000,5,20260828-070140,kwh,55.810
C:\Users\josep\source\repos\AIOTED-digital\04_joe_lcd_20x32\5_main_dig5_20260828-071340.jpg,5,5,1.000000,0.000000,0.000000,0.000000,0.000000,0.000000,1.000000,0.000000,0.000000,0.000000,0.000000,0.000000,5,20260828-071340,kwh,54.709
C:\Users\josep\source\repos\AIOTED-digital\04_joe_lcd_20x32\5_main_dig5_20260828-072140.jpg,5,5,1.000000,0.000000,0.000000,0.000000,0.000000,0.000000,1.000000,0.000000,0.000000,0.000000,0.000000,0.000000,5,20260828-072140,kwh,54.117
C:\Users\josep\source\repos\AIOTED-digital\04_joe_lcd_20x32\5_main_dig5_20260828-073340.jpg,5,5,1.000000,0.000000,0.000000,0.000000,0.000000,0.000000,1.000000,0.000000,0.000000,0.000000,0.000000,0.000000,5,20260828-073340,kwh,53.455
C:\Users\josep\source\repos\AIOTED-digital\04_joe_lcd_20x32\5_main_dig5_20260828-083339.jpg,5,5,1.000000,0.000000,0.000000,0.000000,0.000000,0.000000,1.000000,0.000000,0.000000,0.000000,0.000000,0.000000,5,20260828-083339,kwh,70.968
C:\Users\josep\source\repos\AIOTED-digital\04_joe_lcd_20x32\5_main_dig5_20260828-084139.jpg,5,5,1.000000,0.000000,0.000000,0.000000,0.000000,0.000000,1.000000,0.000000,0.000000,0.000000,0.000000,0.000000,5,20260828-084139,kwh,55.433
C:\Users\josep\source\repos\AIOTED-digital\04_joe_lcd_20x32\5_main_dig5_20260828-085339.jpg,5,5,1.000000,0.000000,0.000000,0.000000,0.000000,0.000000,1.000000,0.000000,0.000000,0.000000,0.000000,0.000000,5,20260828-085339,kwh,57.778
C:\Users\josep\source\repos\AIOTED-digital\04_joe_lcd_20x32\5_main_dig5_20260828-092139.jpg,5,5,1.000000,0.000000,0.000000,0.000000,0.000000,0.000000,1.000000,0.000000,0.000000,0.000000,0.000000,0.000000,5,20260828-092139,kwh,77.329
C:\Users\josep\source\repos\AIOTED-digital\04_joe_lcd_20x32\5_main_dig5_20260918-002131.jpg,5,5,1.000000,0.000000,0.000000,0.000000,0.000000,0.000000,1.000000,0.000000,0.000000,0.000000,0.000000,0.000000,5,20260918-002131,kwh,56.102
C:\Users\josep\source\repos\AIOTED-digital\04_joe_lcd_20x32\5_main_dig5_20260918-031331.jpg,5,5,0.999999,0.000000,0.000000,0.000000,0.000000,0.000000,0.999999,0.000000,0.000000,0.000000,0.000000,0.000000,5,20260918-031331,kwh,56.556
C:\Users\josep\source\repos\AIOTED-digital\04_joe_lcd_20x32\5_main_dig5_20260918-053331.jpg,5,5,1.000000,0.000000,0.000000,0.000000,0.000000,0.000000,1.000000,0.000000,0.000000,0.000000,0.000000,0.000000,5,20260918-053331,kwh,56.052
C:\Users\josep\source\repos\AIOTED-digital\04_joe_lcd_20x32\5_main_dig5_20260918-062931.jpg,5,5,1.000000,0.000000,0.000000,0.000000,0.000000,0.000000,1.000000,0.000000,0.000000,0.000000,0.000000,0.000000,5,20260918-062931,kwh,55.506
C:\Users\josep\source\repos\AIOTED-digital\04_joe_lcd_20x32\5_main_dig5_20260918-063331.jpg,5,5,0.999996,0.000000,0.000000,0.000000,0.000000,0.000000,0.999996,0.000000,0.000000,0.000000,0.000004,0.000000,5,20260918-063331,kwh,56.110
C:\Users\josep\source\repos\AIOTED-digital\04_joe_lcd_20x32\5_main_dig5_20260918-084931.jpg,5,5,1.000000,0.000000,0.000000,0.000000,0.000000,0.000000,1.000000,0.000000,0.000000,0.000000,0.000000,0.000000,5,20260918-084931,kwh,50.051
C:\Users\josep\source\repos\AIOTED-digital\04_joe_lcd_20x32\5_main_dig5_20260918-090931.jpg,5,5,1.000000,0.000000,0.000000,0.000000,0.000000,0.000000,1.000000,0.000000,0.000000,0.000000,0.000000,0.000000,5,20260918-090931,kwh,49.192
C:\Users\josep\source\repos\AIOTED-digital\04_joe_lcd_20x32\5_main_dig5_20260918-094931.jpg,5,5,1.000000,0.000000,0.000000,0.000000,0.000000,0.000000,1.000000,0.000000,0.000000,0.000000,0.000000,0.000000,5,20260918-094931,kwh,47.922
C:\Users\josep\source\repos\AIOTED-digital\04_joe_lcd_20x32\5_main_dig5_20260918-112131.jpg,5,5,1.000000,0.000000,0.000000,0.000000,0.000000,0.000000,1.000000,0.000000,0.000000,0.000000,0.000000,0.000000,5,20260918-112131,kwh,49.099
C:\Users\josep\source\repos\AIOTED-digital\04_joe_lcd_20x32\5_main_dig5_20260918-112931.jpg,5,5,1.000000,0.000000,0.000000,0.000000,0.000000,0.000000,1.000000,0.000000,0.000000,0.000000,0.000000,0.000000,5,20260918-112931,kwh,49.015
C:\Users\josep\source\repos\AIOTED-digital\04_joe_lcd_20x32\5_main_dig5_20260918-114131.jpg,5,5,1.000000,0.000000,0.000000,0.000000,0.000000,0.000000,1.000000,0.000000,0.000000,0.000000,0.000000,0.000000,5,20260918-114131,kwh,48.770
C:\Users\josep\source\repos\AIOTED-digital\04_joe_lcd_20x32\5_main_dig6_20260803-111323.jpg,5,5,0.999999,0.000000,0.000000,0.000000,0.000000,0.000000,0.999999,0.000001,0.000000,0.000000,0.000000,0.000000,6,20260803-111323,kwh,88.094
C:\Users\josep\source\repos\AIOTED-digital\04_joe_lcd_20x32\5_main_dig6_20260803-152952.jpg,5,5,1.000000,0.000000,0.000000,0.000000,0.000000,0.000000,1.000000,0.000000,0.000000,0.000000,0.000000,0.000000,6,20260803-152952,kwh,123.795
C:\Users\josep\source\repos\AIOTED-digital\04_joe_lcd_20x32\5_main_dig6_20260803-154152.jpg,5,5,1.000000,0.000000,0.000000,0.000000,0.000000,0.000000,1.000000,0.000000,0.000000,0.000000,0.000000,0.000000,6,20260803-154152,kwh,125.816
C:\Users\josep\source\repos\AIOTED-digital\04_joe_lcd_20x32\5_main_dig6_20260815-160603.jpg,5,5,1.000000,0.000000,0.000000,0.000000,0.000000,0.000000,1.000000,0.000000,0.000000,0.000000,0.000000,0.000000,6,20260815-160603,kwh,79.046
C:\Users\josep\source\repos\AIOTED-digital\04_joe_lcd_20x32\5_main_dig6_20260815-203403.jpg,5,5,0.981624,0.000000,0.000000,0.000000,0.000000,0.000004,0.981624,0.018288,0.000000,0.000012,0.000072,0.000000,6,20260815-203403,kwh,28.113
C:\Users\josep\source\repos\AIOTED-digital\04_joe_lcd_20x32\5_main_dig6_20260815-210603.jpg,5,5,0.962695,0.000000,0.000000,0.000000,0.000000,0.000000,0.962695,0.037296,0.000000,0.000002,0.000006,0.000000,6,20260815-210603,kwh,28.431
C:\Users\josep\source\repos\AIOTED-digital\04_joe_lcd_20x32\5_main_dig6_20260824-153346.jpg,5,5,1.000000,0.000000,0.000000,0.000000,0.000000,0.000000,1.000000,0.000000,0.000000,0.000000,0.000000,0.000000,6,20260824-153346,kwh,86.377
C:\Users\josep\source\repos\AIOTED-digital\04_joe_lcd_20x32\5_main_dig6_20260824-193346.jpg,5,5,0.988800,0.000000,0.000000,0.000000,0.000000,0.000000,0.988800,0.011200,0.000000,0.000000,0.000000,0.000000,6,20260824-193346,kwh,29.682
C:\Users\josep\source\repos\AIOTED-digital\04_joe_lcd_20x32\5_main_dig6_20260824-194146.jpg,5,5,0.986287,0.000000,0.000000,0.000000,0.000000,0.000001,0.986287,0.013682,0.000000,0.000004,0.000026,0.000000,6,20260824-194146,kwh,31.040
C:\Users\josep\source\repos\AIOTED-digital\04_joe_lcd_20x32\5_main_dig6_20260828-063340.jpg,5,5,0.999497,0.000000,0.000000,0.000000,0.000000,0.000000,0.999497,0.000503,0.000000,0.000000,0.000000,0.000000,6,20260828-063340,kwh,28.602
C:\Users\josep\source\repos\AIOTED-digital\04_joe_lcd_20x32\5_main_dig6_20260828-162139.jpg,5,5,1.000000,0.000000,0.000000,0.000000,0.000000,0.000000,1.000000,0.000000,0.000000,0.000000,0.000000,0.000000,6,20260828-162139,kwh,64.508
C:\Users\josep\source\repos\AIOTED-digital\04_joe_lcd_20x32\5_main_dig6_20260828-202939.jpg,5,5,0.836127,0.000080,0.000014,0.000005,0.001974,0.009931,0.836127,0.120070,0.000026,0.008777,0.021872,0.001125,6,20260828-202939,kwh,29.093
C:\Users\josep\source\repos\AIOTED-digital\04_joe_lcd_20x32\5_main_dig6_20260828-210138.jpg,5,5,0.894182,0.000000,0.000000,0.000000,0.000000,0.000005,0.894182,0.105760,0.000000,0.000026,0.000025,0.000002,6,20260828-210138,kwh,28.077
C:\Users\josep\source\repos\AIOTED-digital\04_joe_lcd_20x32\5_main_dig6_20260903-155907.jpg,5,5,1.000000,0.000000,0.000000,0.000000,0.000000,0.000000,1.000000,0.000000,0.000000,0.000000,0.000000,0.000000,6,20260903-155907,kwh,76.928
C:\Users\josep\source\repos\AIOTED-digital\04_joe_lcd_20x32\5_main_dig6_20260903-201907.jpg,5,5,0.962051,0.000135,0.000002,0.000000,0.000003,0.001383,0.962051,0.032567,0.000001,0.000244,0.003505,0.000109,6,20260903-201907,kwh,27.835
C:\Users\josep\source\repos\AIOTED-digital\04_joe_lcd_20x32\5_main_dig6_20260903-203907.jpg,5,5,0.781332,0.000430,0.000008,0.000003,0.000077,0.002884,0.781332,0.202310,0.000006,0.003462,0.008800,0.000689,6,20260903-203907,kwh,27.105
C:\Users\josep\source\repos\AIOTED-digital\04_joe_lcd_20x32\5_main_dig6_20260915-072936.jpg,5,5,0.525978,0.000000,0.000000,0.000000,0.000000,0.000000,0.525978,0.474022,0.000000,0.000000,0.000000,0.000000,6,20260915-072936,kwh,22.876
C:\Users\josep\source\repos\AIOTED-digital\04_joe_lcd_20x32\5_main_dig6_20260915-074936.jpg,5,5,0.990253,0.000000,0.000000,0.000000,0.000000,0.000000,0.990253,0.009747,0.000000,0.000000,0.000000,0.000000,6,20260915-074936,kwh,25.438
C:\Users\josep\source\repos\AIOTED-digital\04_joe_lcd_20x32\5_main_dig6_20260915-154536.jpg,5,5,0.999621,0.000000,0.000000,0.000000,0.000000,0.000000,0.999621,0.000379,0.000000,0.000000,0.000000,0.000000,6,20260915-154536,kwh,61.826
C:\Users\josep\source\repos\AIOTED-digital\04_joe_lcd_20x32\5_main_dig6_20260915-155736.jpg,5,5,0.999154,0.000000,0.000000,0.000000,0.000000,0.000000,0.999154,0.000846,0.000000,0.000000,0.000000,0.000000,6,20260915-155736,kwh,60.429
C:\Users\josep\source\repos\AIOTED-digital\04_joe_lcd_20x32\5_main_dig6_20260915-221335.jpg,5,5,0.880000,0.000137,0.000001,0.000000,0.000001,0.000169,0.880000,0.116372,0.000000,0.001970,0.001348,0.000002,6,20260915-221335,kwh,26.213
C:\Users\josep\source\repos\AIOTED-digital\04_joe_lcd_20x32\5_main_dig6_20260915-223335.jpg,5,5,0.924201,0.000898,0.000001,0.000000,0.000002,0.001745,0.924201,0.053724,0.000001,0.007461,0.011962,0.000004,6,20260915-223335,kwh,25.017
C:\Users\josep\source\repos\AIOTED-digital\04_joe_lcd_20x32\5_main_dig6_20260915-230534.jpg,5,5,0.897598,0.000105,0.000000,0.000000,0.000000,0.000010,0.897598,0.100720,0.000000,0.001211,0.000356,0.000000,6,20260915-230534,kwh,24.645
C:\Users\josep\source\repos\AIOTED-digital\04_joe_lcd_20x32\5_main_dig6_20260918-071331.jpg,5,5,0.992401,0.000000,0.000000,0.000000,0.000000,0.000000,0.992401,0.007599,0.000000,0.000000,0.000000,0.000000,6,20260918-071331,kwh,26.001
C:\Users\josep\source\repos\AIOTED-digital\04_joe_lcd_20x32\5_main_dig6_20260918-072131.jpg,5,5,0.957819,0.000000,0.000000,0.000000,0.000000,0.000000,0.957819,0.042181,0.000000,0.000000,0.000000,0.000000,6,20260918-072131,kwh,26.026
C:\Users\josep\source\repos\AIOTED-digital\04_joe_lcd_20x32\5_main_dig6_20260918-074931.jpg,5,5,0.988139,0.000000,0.000000,0.000000,0.000000,0.000000,0.988139,0.011861,0.000000,0.000000,0.000000,0.000000,6,20260918-074931,kwh,33.809
C:\Users\josep\source\repos\AIOTED-digital\04_joe_lcd_20x32\5_main_dig6_20260918-163730.jpg,5,5,0.994834,0.000000,0.000000,0.000000,0.000000,0.000000,0.994834,0.005166,0.000000,0.000000,0.000000,0.000000,6,20260918-163730,kwh,27.936
C:\Users\josep\source\repos\AIOTED-digital\04_joe_lcd_20x32\5_main_dig6_20260918-165730.jpg,5,5,0.999006,0.000000,0.000000,0.000000,0.000000,0.000000,0.999006,0.000994,0.000000,0.000000,0.000000,0.000000,6,20260918-165730,kwh,27.203
C:\Users\josep\source\repos\AIOTED-digital\04_joe_lcd_20x32\5_main_dig6_20260919-052530.jpg,5,5,0.936642,0.000160,0.000001,0.000000,0.000001,0.000493,0.936642,0.056791,0.000000,0.002175,0.003731,0.000005,6,20260919-052530,kwh,26.079
C:\Users\josep\source\repos\AIOTED-digital\04_joe_lcd_20x32\5_main_dig6_20260919-053730.jpg,5,5,0.822973,0.001879,0.000001,0.000000,0.000005,0.000625,0.822973,0.122638,0.000001,0.035891,0.015980,0.000006,6,20260919-053730,kwh,26.712
C:\Users\josep\source\repos\AIOTED-digital\04_joe_lcd_20x32\5_main_dig6_20260919-153329.jpg,5,5,0.999193,0.000000,0.000000,0.000000,0.000000,0.000000,0.999193,0.000806,0.000000,0.000000,0.000000,0.000000,6,20260919-153329,kwh,31.936
C:\Users\josep\source\repos\AIOTED-digital\04_joe_lcd_20x32\5_main_dig6_20260919-154129.jpg,5,5,0.999995,0.000000,0.000000,0.000000,0.000000,0.000000,0.999995,0.000005,0.000000,0.000000,0.000000,0.000000,6,20260919-154129,kwh,39.972
C:\Users\josep\source\repos\AIOTED-digital\04_joe_lcd_20x32\5_main_dig6_20260919-155329.jpg,5,5,0.999674,0.000000,0.000000,0.000000,0.000000,0.000000,0.999674,0.000326,0.000000,0.000000,0.000000,0.000000,6,20260919-155329,kwh,38.181
C:\Users\josep\source\repos\AIOTED-digital\04_joe_lcd_20x32\5_main_dig6_20260925-082617.jpg,5,5,0.998241,0.000000,0.000000,0.000000,0.000000,0.000000,0.998241,0.001759,0.000000,0.000000,0.000000,0.000000,6,20260925-082617,kwh,31.638
C:\Users\josep\source\repos\AIOTED-digital\04_joe_lcd_20x32\5_main_dig6_20260925-153417.jpg,5,5,1.000000,0.000000,0.000000,0.000000,0.000000,0.000000,1.000000,0.000000,0.000000,0.000000,0.000000,0.000000,6,20260925-153417,kwh,69.273
C:\Users\josep\source\repos\AIOTED-digital\04_joe_lcd_20x32\5_main_dig6_20260925-154217.jpg,5,5,0.998339,0.000000,0.000000,0.000000,0.000000,0.000000,0.998339,0.001661,0.000000,0.000000,0.000000,0.000000,6,20260925-154217,kwh,41.351
C:\Users\josep\source\repos\AIOTED-digital\04_joe_lcd_20x32\5_main_dig6_20260925-160217.jpg,5,5,0.999928,0.000000,0.000000,0.000000,0.000000,0.000000,0.999928,0.000072,0.000000,0.000000,0.000000,0.000000,6,20260925-160217,kwh,40.046
C:\Users\josep\source\repos\AIOTED-digital\04_joe_lcd_20x32\5_main_dig6_20260925-161417.jpg,5,5,0.999753,0.000000,0.000000,0.000000,0.000000,0.000000,0.999753,0.000247,0.000000,0.000000,0.000000,0.000000,6,20260925-161417,kwh,39.523
C:\Users\josep\source\repos\AIOTED-digital\04_joe_lcd_20x32\5_main_dig6_20260925-162217.jpg,5,5,0.999941,0.000000,0.000000,0.000000,0.000000,0.000000,0.999941,0.000059,0.000000,0.000000,0.000000,0.000000,6,20260925-162217,kwh,38.063
C:\Users\josep\source\repos\AIOTED-digital\04_joe_lcd_20x32\6_main_dig4_20260903-075108.jpg,6,6,1.000000,0.000000,0.000000,0.000000,0.000000,0.000000,0.000000,1.000000,0.000000,0.000000,0.000000,0.000000,4,20260903-075108,kwh,66.057
C:\Users\josep\source\repos\AIOTED-digital\04_joe_lcd_20x32\6_main_dig4_20260903-075908.jpg,6,6,1.000000,0.000000,0.000000,0.000000,0.000000,0.000000,0.000000,1.000000,0.000000,0.000000,0.000000,0.000000,4,20260903-075908,kwh,67.327
C:\Users\josep\source\repos\AIOTED-digital\04_joe_lcd_20x32\6_main_dig4_20260903-081108.jpg,6,6,1.000000,0.000000,0.000000,0.000000,0.000000,0.000000,0.000000,1.000000,0.000000,0.000000,0.000000,0.000000,4,20260903-081108,kwh,66.735
C:\Users\josep\source\repos\AIOTED-digital\04_joe_lcd_20x32\6_main_dig4_20260903-081908.jpg,6,6,1.000000,0.000000,0.000000,0.000000,0.000000,0.000000,0.000000,1.000000,0.000000,0.000000,0.000000,0.000000,4,20260903-081908,kwh,66.334
C:\Users\josep\source\repos\AIOTED-digital\04_joe_lcd_20x32\6_main_dig4_20260903-083908.jpg,6,6,1.000000,0.000000,0.000000,0.000000,0.000000,0.000000,0.000000,1.000000,0.000000,0.000000,0.000000,0.000000,4,20260903-083908,kwh,66.080
C:\Users\josep\source\repos\AIOTED-digital\04_joe_lcd_20x32\6_main_dig4_20260903-085108.jpg,6,6,1.000000,0.000000,0.000000,0.000000,0.000000,0.000000,0.000000,1.000000,0.000000,0.000000,0.000000,0.000000,4,20260903-085108,kwh,65.187
C:\Users\josep\source\repos\AIOTED-digital\04_joe_lcd_20x32\6_main_dig4_20260903-091908.jpg,6,6,1.000000,0.000000,0.000000,0.000000,0.000000,0.000000,0.000000,1.000000,0.000000,0.000000,0.000000,0.000000,4,20260903-091908,kwh,66.979
C:\Users\josep\source\repos\AIOTED-digital\04_joe_lcd_20x32\6_main_dig4_20260903-093108.jpg,6,6,1.000000,0.000000,0.000000,0.000000,0.000000,0.000000,0.000000,1.000000,0.000000,0.000000,0.000000,0.000000,4,20260903-093108,kwh,68.531
C:\Users\josep\source\repos\AIOTED-digital\04_joe_lcd_20x32\6_main_dig4_20260903-093908.jpg,6,6,1.000000,0.000000,0.000000,0.000000,0.000000,0.000000,0.000000,1.000000,0.000000,0.000000,0.000000,0.000000,4,20260903-093908,kwh,69.691
C:\Users\josep\source\repos\AIOTED-digital\04_joe_lcd_20x32\6_main_dig4_20260903-095907.jpg,6,6,1.000000,0.000000,0.000000,0.000000,0.000000,0.000000,0.000000,1.000000,0.000000,0.000000,0.000000,0.000000,4,20260903-095907,kwh,66.778
C:\Users\josep\source\repos\AIOTED-digital\04_joe_lcd_20x32\6_main_dig4_20260903-101107.jpg,6,6,1.000000,0.000000,0.000000,0.000000,0.000000,0.000000,0.000000,1.000000,0.000000,0.000000,0.000000,0.000000,4,20260903-101107,kwh,69.544
C:\Users\josep\source\repos\AIOTED-digital\04_joe_lcd_20x32\6_main_dig4_20260903-101907.jpg,6,6,1.000000,0.000000,0.000000,0.000000,0.000000,0.000000,0.000000,1.000000,0.000000,0.000000,0.000000,0.000000,4,20260903-101907,kwh,72.240
C:\Users\josep\source\repos\AIOTED-digital\04_joe_lcd_20x32\6_main_dig4_20260903-103907.jpg,6,6,1.000000,0.000000,0.000000,0.000000,0.000000,0.000000,0.000000,1.000000,0.000000,0.000000,0.000000,0.000000,4,20260903-103907,kwh,76.116
C:\Users\josep\source\repos\AIOTED-digital\04_joe_lcd_20x32\6_main_dig4_20260903-105107.jpg,6,6,1.000000,0.000000,0.000000,0.000000,0.000000,0.000000,0.000000,1.000000,0.000000,0.000000,0.000000,0.000000,4,20260903-105107,kwh,70.785
C:\Users\josep\source\repos\AIOTED-digital\04_joe_lcd_20x32\6_main_dig4_20260903-105907.jpg,6,6,1.000000,0.000000,0.000000,0.000000,0.000000,0.000000,0.000000,1.000000,0.000000,0.000000,0.000000,0.000000,4,20260903-105907,kwh,71.812
C:\Users\josep\source\repos\AIOTED-digital\04_joe_lcd_20x32\6_main_dig5_20260803-173752.jpg,6,6,1.000000,0.000000,0.000000,0.000000,0.000000,0.000000,0.000000,1.000000,0.000000,0.000000,0.000000,0.000000,5,20260803-173752,kwh,101.805
C:\Users\josep\source\repos\AIOTED-digital\04_joe_lcd_20x32\6_main_dig5_20260803-181126.jpg,6,6,1.000000,0.000000,0.000000,0.000000,0.000000,0.000000,0.000000,1.000000,0.000000,0.000000,0.000000,0.000000,5,20260803-181126,kwh,47.775
C:\Users\josep\source\repos\AIOTED-digital\04_joe_lcd_20x32\6_main_dig5_20260803-181926.jpg,6,6,1.000000,0.000000,0.000000,0.000000,0.000000,0.000000,0.000000,1.000000,0.000000,0.000000,0.000000,0.000000,5,20260803-181926,kwh,46.968
C:\Users\josep\source\repos\AIOTED-digital\04_joe_lcd_20x32\6_main_dig5_20260803-191125.jpg,6,6,1.000000,0.000000,0.000000,0.000000,0.000000,0.000000,0.000000,1.000000,0.000000,0.000000,0.000000,0.000000,5,20260803-191125,kwh,43.990
C:\Users\josep\source\repos\AIOTED-digital\04_joe_lcd_20x32\6_main_dig5_20260803-191925.jpg,6,6,1.000000,0.000000,0.000000,0.000000,0.000000,0.000000,0.000000,1.000000,0.000000,0.000000,0.000000,0.000000,5,20260803-191925,kwh,43.765
C:\Users\josep\source\repos\AIOTED-digital\04_joe_lcd_20x32\6_main_dig5_20260803-193125.jpg,6,6,1.000000,0.000000,0.000000,0.000000,0.000000,0.000000,0.000000,1.000000,0.000000,0.000000,0.000000,0.000000,5,20260803-193125,kwh,45.359
C:\Users\josep\source\repos\AIOTED-digital\04_joe_lcd_20x32\6_main_dig5_20260803-193925.jpg,6,6,1.000000,0.000000,0.000000,0.000000,0.000000,0.000000,0.000000,1.000000,0.000000,0.000000,0.000000,0.000000,5,20260803-193925,kwh,44.908
C:\Users\josep\source\repos\AIOTED-digital\04_joe_lcd_20x32\6_main_dig5_20260803-195925.jpg,6,6,0.999998,0.000000,0.000000,0.000000,0.000000,0.000000,0.000002,0.999998,0.000000,0.000000,0.000000,0.000000,5,20260803-195925,kwh,48.199
C:\Users\josep\source\repos\AIOTED-digital\04_joe_lcd_20x32\6_main_dig5_20260803-201925.jpg,6,6,0.999996,0.000000,0.000000,0.000000,0.000000,0.000000,0.000004,0.999996,0.000000,0.000000,0.000000,0.000000,5,20260803-201925,kwh,52.301
C:\Users\josep\source\repos\AIOTED-digital\04_joe_lcd_20x32\6_main_dig5_20260803-203925.jpg,6,6,0.999997,0.000000,0.000000,0.000000,0.000000,0.000000,0.000003,0.999997,0.000000,0.000000,0.000000,0.000000,5,20260803-203925,kwh,53.156
C:\Users\josep\source\repos\AIOTED-digital\04_joe_lcd_20x32\6_main_dig5_20260828-100139.jpg,6,6,1.000000,0.000000,0.000000,0.000000,0.000000,0.000000,0.000000,1.000000,0.000000,0.000000,0.000000,0.000000,5,20260828-100139,kwh,57.796
C:\Users\josep\source\repos\AIOTED-digital\04_joe_lcd_20x32\6_main_dig5_20260828-111339.jpg,6,6,1.000000,0.000000,0.000000,0.000000,0.000000,0.000000,0.000000,1.000000,0.000000,0.000000,0.000000,0.000000,5,20260828-111339,kwh,70.813
C:\Users\josep\source\repos\AIOTED-digital\04_joe_lcd_20x32\6_main_dig5_20260828-113339.jpg,6,6,1.000000,0.000000,0.000000,0.000000,0.000000,0.000000,0.000000,1.000000,0.000000,0.000000,0.000000,0.000000,5,20260828-113339,kwh,62.797
C:\Users\josep\source\repos\AIOTED-digital\04_joe_lcd_20x32\6_main_dig5_20260828-120139.jpg,6,6,1.000000,0.000000,0.000000,0.000000,0.000000,0.000000,0.000000,1.000000,0.000000,0.000000,0.000000,0.000000,5,20260828-120139,kwh,67.683
C:\Users\josep\source\repos\AIOTED-digital\04_joe_lcd_20x32\6_main_dig5_20260828-125339.jpg,6,6,1.000000,0.000000,0.000000,0.000000,0.000000,0.000000,0.000000,1.000000,0.000000,0.000000,0.000000,0.000000,5,20260828-125339,kwh,62.210
C:\Users\josep\source\repos\AIOTED-digital\04_joe_lcd_20x32\6_main_dig5_20260918-114931.jpg,6,6,1.000000,0.000000,0.000000,0.000000,0.000000,0.000000,0.000000,1.000000,0.000000,0.000000,0.000000,0.000000,5,20260918-114931,kwh,46.939
C:\Users\josep\source\repos\AIOTED-digital\04_joe_lcd_20x32\6_main_dig5_20260918-120931.jpg,6,6,1.000000,0.000000,0.000000,0.000000,0.000000,0.000000,0.000000,1.000000,0.000000,0.000000,0.000000,0.000000,5,20260918-120931,kwh,48.378
C:\Users\josep\source\repos\AIOTED-digital\04_joe_lcd_20x32\6_main_dig5_20260918-134131.jpg,6,6,1.000000,0.000000,0.000000,0.000000,0.000000,0.000000,0.000000,1.000000,0.000000,0.000000,0.000000,0.000000,5,20260918-134131,kwh,45.786
C:\Users\josep\source\repos\AIOTED-digital\04_joe_lcd_20x32\6_main_dig5_20260918-134931.jpg,6,6,1.000000,0.000000,0.000000,0.000000,0.000000,0.000000,0.000000,1.000000,0.000000,0.000000,0.000000,0.000000,5,20260918-134931,kwh,46.402
C:\Users\josep\source\repos\AIOTED-digital\04_joe_lcd_20x32\6_main_dig5_20260918-140931.jpg,6,6,1.000000,0.000000,0.000000,0.000000,0.000000,0.000000,0.000000,1.000000,0.000000,0.000000,0.000000,0.000000,5,20260918-140931,kwh,46.883
C:\Users\josep\source\repos\AIOTED-digital\04_joe_lcd_20x32\6_main_dig5_20260918-150130.jpg,6,6,1.000000,0.000000,0.000000,0.000000,0.000000,0.000000,0.000000,1.000000,0.000000,0.000000,0.000000,0.000000,5,20260918-150130,kwh,45.842
C:\Users\josep\source\repos\AIOTED-digital\04_joe_lcd_20x32\6_main_dig5_20260918-150931.jpg,6,6,1.000000,0.000000,0.000000,0.000000,0.000000,0.000000,0.000000,1.000000,0.000000,0.000000,0.000000,0.000000,5,20260918-150931,kwh,45.341
C:\Users\josep\source\repos\AIOTED-digital\04_joe_lcd_20x32\6_main_dig5_20260918-154930.jpg,6,6,1.000000,0.000000,0.000000,0.000000,0.000000,0.000000,0.000000,1.000000,0.000000,0.000000,0.000000,0.000000,5,20260918-154930,kwh,47.352
C:\Users\josep\source\repos\AIOTED-digital\04_joe_lcd_20x32\6_main_dig5_20260918-160930.jpg,6,6,1.000000,0.000000,0.000000,0.000000,0.000000,0.000000,0.000000,1.000000,0.000000,0.000000,0.000000,0.000000,5,20260918-160930,kwh,46.778
C:\Users\josep\source\repos\AIOTED-digital\04_joe_lcd_20x32\6_main_dig5_20260918-170930.jpg,6,6,0.999998,0.000000,0.000000,0.000000,0.000000,0.000000,0.000002,0.999998,0.000000,0.000000,0.000000,0.000000,5,20260918-170930,kwh,49.789
C:\Users\josep\source\repos\AIOTED-digital\04_joe_lcd_20x32\6_main_dig5_20260918-171730.jpg,6,6,0.999995,0.000000,0.000000,0.000000,0.000000,0.000000,0.000006,0.999995,0.000000,0.000000,0.000000,0.000000,5,20260918-171730,kwh,51.359
C:\Users\josep\source\repos\AIOTED-digital\04_joe_lcd_20x32\6_main_dig5_20260918-173730.jpg,6,6,0.999984,0.000000,0.000000,0.000000,0.000000,0.000000,0.000015,0.999984,0.000000,0.000000,0.000000,0.000000,5,20260918-173730,kwh,52.198
C:\Users\josep\source\repos\AIOTED-digital\04_joe_lcd_20x32\6_main_dig5_20260918-174930.jpg,6,6,0.999992,0.000000,0.000000,0.000000,0.000000,0.000000,0.000006,0.999992,0.000000,0.000001,0.000000,0.000000,5,20260918-174930,kwh,52.754
C:\Users\josep\source\repos\AIOTED-digital\04_joe_lcd_20x32\6_main_dig5_20260918-175730.jpg,6,6,0.999997,0.000000,0.000000,0.000000,0.000000,0.000000,0.000003,0.999997,0.000000,0.000000,0.000000,0.000000,5,20260918-175730,kwh,53.295
C:\Users\josep\source\repos\AIOTED-digital\04_joe_lcd_20x32\6_main_dig5_20260918-180930.jpg,6,6,0.999993,0.000000,0.000000,0.000000,0.000000,0.000000,0.000007,0.999993,0.000000,0.000000,0.000000,0.000000,5,20260918-180930,kwh,55.639
C:\Users\josep\source\repos\AIOTED-digital\04_joe_lcd_20x32\6_main_dig5_20260918-192930.jpg,6,6,0.999993,0.000000,0.000000,0.000000,0.000000,0.000000,0.000007,0.999993,0.000000,0.000000,0.000000,0.000000,5,20260918-192930,kwh,56.452
C:\Users\josep\source\repos\AIOTED-digital\04_joe_lcd_20x32\6_main_dig5_20260918-193730.jpg,6,6,0.999997,0.000000,0.000000,0.000000,0.000000,0.000000,0.000003,0.999997,0.000000,0.000000,0.000000,0.000000,5,20260918-193730,kwh,57.040
C:\Users\josep\source\repos\AIOTED-digital\04_joe_lcd_20x32\6_main_dig5_20260918-195730.jpg,6,6,0.999985,0.000000,0.000000,0.000000,0.000000,0.000000,0.000015,0.999985,0.000000,0.000000,0.000000,0.000000,5,20260918-195730,kwh,56.063
C:\Users\josep\source\repos\AIOTED-digital\04_joe_lcd_20x32\6_main_dig5_20260918-204930.jpg,6,6,0.999964,0.000000,0.000000,0.000000,0.000000,0.000000,0.000035,0.999964,0.000000,0.000000,0.000000,0.000000,5,20260918-204930,kwh,55.314
C:\Users\josep\source\repos\AIOTED-digital\04_joe_lcd_20x32\6_main_dig6_20260803-114123.jpg,6,6,1.000000,0.000000,0.000000,0.000000,0.000000,0.000000,0.000000,1.000000,0.000000,0.000000,0.000000,0.000000,6,20260803-114123,kwh,114.510
C:\Users\josep\source\repos\AIOTED-digital\04_joe_lcd_20x32\6_main_dig6_20260803-154952.jpg,6,6,0.999828,0.000000,0.000000,0.000000,0.000000,0.000000,0.000172,0.999828,0.000000,0.000000,0.000000,0.000000,6,20260803-154952,kwh,132.185
C:\Users\josep\source\repos\AIOTED-digital\04_joe_lcd_20x32\6_main_dig6_20260815-120604.jpg,6,6,1.000000,0.000000,0.000000,0.000000,0.000000,0.000000,0.000000,1.000000,0.000000,0.000000,0.000000,0.000000,6,20260815-120604,kwh,93.323
C:\Users\josep\source\repos\AIOTED-digital\04_joe_lcd_20x32\6_main_dig6_20260824-074547.jpg,6,6,1.000000,0.000000,0.000000,0.000000,0.000000,0.000000,0.000000,1.000000,0.000000,0.000000,0.000000,0.000000,6,20260824-074547,kwh,77.990
C:\Users\josep\source\repos\AIOTED-digital\04_joe_lcd_20x32\6_main_dig6_20260824-200146.jpg,6,6,0.821125,0.000004,0.000000,0.000000,0.000000,0.000018,0.176565,0.821125,0.000000,0.002236,0.000051,0.000001,6,20260824-200146,kwh,32.005
C:\Users\josep\source\repos\AIOTED-digital\04_joe_lcd_20x32\6_main_dig6_20260828-073340.jpg,6,6,1.000000,0.000000,0.000000,0.000000,0.000000,0.000000,0.000000,1.000000,0.000000,0.000000,0.000000,0.000000,6,20260828-073340,kwh,46.390
C:\Users\josep\source\repos\AIOTED-digital\04_joe_lcd_20x32\6_main_dig6_20260828-130139.jpg,6,6,1.000000,0.000000,0.000000,0.000000,0.000000,0.000000,0.000000,1.000000,0.000000,0.000000,0.000000,0.000000,6,20260828-130139,kwh,73.706
C:\Users\josep\source\repos\AIOTED-digital\04_joe_lcd_20x32\6_main_dig6_20260828-164939.jpg,6,6,1.000000,0.000000,0.000000,0.000000,0.000000,0.000000,0.000000,1.000000,0.000000,0.000000,0.000000,0.000000,6,20260828-164939,kwh,64.720
C:\Users\josep\source\repos\AIOTED-digital\04_joe_lcd_20x32\6_main_dig6_20260903-033108.jpg,6,8,0.406927,0.152438,0.002102,0.002120,0.003575,0.052364,0.095863,0.163258,0.002363,0.406927,0.087498,0.031491,6,20260903-033108,kwh,28.338
C:\Users\josep\source\repos\AIOTED-digital\04_joe_lcd_20x32\6_main_dig6_20260903-163907.jpg,6,6,1.000000,0.000000,0.000000,0.000000,0.000000,0.000000,0.000000,1.000000,0.000000,0.000000,0.000000,0.000000,6,20260903-163907,kwh,65.900
C:\Users\josep\source\repos\AIOTED-digital\04_joe_lcd_20x32\6_main_dig6_20260915-080936.jpg,6,6,0.999941,0.000000,0.000000,0.000000,0.000000,0.000000,0.000059,0.999941,0.000000,0.000000,0.000000,0.000000,6,20260915-080936,kwh,22.826
C:\Users\josep\source\repos\AIOTED-digital\04_joe_lcd_20x32\6_main_dig6_20260915-082936.jpg,6,6,0.999996,0.000000,0.000000,0.000000,0.000000,0.000000,0.000004,0.999996,0.000000,0.000000,0.000000,0.000000,6,20260915-082936,kwh,24.489
C:\Users\josep\source\repos\AIOTED-digital\04_joe_lcd_20x32\6_main_dig6_20260915-083736.jpg,6,6,1.000000,0.000000,0.000000,0.000000,0.000000,0.000000,0.000000,1.000000,0.000000,0.000000,0.000000,0.000000,6,20260915-083736,kwh,25.104
C:\Users\josep\source\repos\AIOTED-digital\04_joe_lcd_20x32\6_main_dig6_20260915-084936.jpg,6,6,1.000000,0.000000,0.000000,0.000000,0.000000,0.000000,0.000000,1.000000,0.000000,0.000000,0.000000,0.000000,6,20260915-084936,kwh,36.188
C:\Users\josep\source\repos\AIOTED-digital\04_joe_lcd_20x32\6_main_dig6_20260919-161329.jpg,6,6,1.000000,0.000000,0.000000,0.000000,0.000000,0.000000,0.000000,1.000000,0.000000,0.000000,0.000000,0.000000,6,20260919-161329,kwh,37.327
C:\Users\josep\source\repos\AIOTED-digital\04_joe_lcd_20x32\7_main_dig3_20260803-000810.jpg,7,7,0.999973,0.000003,0.000005,0.000000,0.000010,0.000000,0.000000,0.000000,0.999973,0.000008,0.000001,0.000001,3,20260803-000810,kwh,161.388
C:\Users\josep\source\repos\AIOTED-digital\04_joe_lcd_20x32\7_main_dig3_20260803-010810.jpg,7,7,0.999977,0.000004,0.000004,0.000000,0.000003,0.000000,0.000000,0.000000,0.999977,0.000011,0.000001,0.000001,3,20260803-010810,kwh,161.908
C:\Users\josep\source\repos\AIOTED-digital\04_joe_lcd_20x32\7_main_dig3_20260803-014810.jpg,7,7,0.999955,0.000001,0.000002,0.000000,0.000032,0.000000,0.000000,0.000000,0.999955,0.000008,0.000002,0.000000,3,20260803-014810,kwh,159.933
C:\Users\josep\source\repos\AIOTED-digital\04_joe_lcd_20x32\7_main_dig3_20260803-024809.jpg,7,7,0.999989,0.000001,0.000002,0.000000,0.000001,0.000000,0.000000,0.000000,0.999989,0.000004,0.000001,0.000001,3,20260803-024809,kwh,162.119
C:\Users\josep\source\repos\AIOTED-digital\04_joe_lcd_20x32\7_main_dig3_20260803-035609.jpg,7,7,0.999997,0.000000,0.000000,0.000000,0.000001,0.000000,0.000000,0.000000,0.999997,0.000002,0.000000,0.000000,3,20260803-035609,kwh,165.027
C:\Users\josep\source\repos\AIOTED-digital\04_joe_lcd_20x32\7_main_dig3_20260803-040409.jpg,7,7,0.999991,0.000000,0.000000,0.000000,0.000003,0.000000,0.000000,0.000000,0.999991,0.000005,0.000001,0.000000,3,20260803-040409,kwh,166.916
C:\Users\josep\source\repos\AIOTED-digital\04_joe_lcd_20x32\7_main_dig3_20260803-044409.jpg,7,7,0.999997,0.000000,0.000000,0.000000,0.000000,0.000000,0.000000,0.000000,0.999997,0.000002,0.000000,0.000000,3,20260803-044409,kwh,164.515
C:\Users\josep\source\repos\AIOTED-digital\04_joe_lcd_20x32\7_main_dig3_20260803-060216.jpg,7,7,0.991229,0.000408,0.000001,0.000000,0.000000,0.000000,0.000000,0.000000,0.991229,0.008356,0.000000,0.000005,3,20260803-060216,kwh,142.287
C:\Users\josep\source\repos\AIOTED-digital\04_joe_lcd_20x32\7_main_dig3_20260803-061416.jpg,7,7,1.000000,0.000000,0.000000,0.000000,0.000000,0.000000,0.000000,0.000000,1.000000,0.000000,0.000000,0.000000,3,20260803-061416,kwh,142.929
C:\Users\josep\source\repos\AIOTED-digital\04_joe_lcd_20x32\7_main_dig3_20260803-064216.jpg,7,7,1.000000,0.000000,0.000000,0.000000,0.000000,0.000000,0.000000,0.000000,1.000000,0.000000,0.000000,0.000000,3,20260803-064216,kwh,128.111
C:\Users\josep\source\repos\AIOTED-digital\04_joe_lcd_20x32\7_main_dig3_20260803-075415.jpg,7,7,0.999546,0.000000,0.000454,0.000000,0.000000,0.000000,0.000000,0.000000,0.999546,0.000000,0.000000,0.000000,3,20260803-075415,kwh,159.460
C:\Users\josep\source\repos\AIOTED-digital\04_joe_lcd_20x32\7_main_dig3_20260803-191125.jpg,7,7,1.000000,0.000000,0.000000,0.000000,0.000000,0.000000,0.000000,0.000000,1.000000,0.000000,0.000000,0.000000,3,20260803-191125,kwh,153.680
C:\Users\josep\source\repos\AIOTED-digital\04_joe_lcd_20x32\7_main_dig3_20260803-195925.jpg,7,7,0.999986,0.000000,0.000000,0.000000,0.000002,0.000000,0.000000,0.000000,0.999986,0.000002,0.000009,0.000001,3,20260803-195925,kwh,173.449
C:\Users\josep\source\repos\AIOTED-digital\04_joe_lcd_20x32\7_main_dig3_20260803-205125.jpg,7,7,0.999997,0.000000,0.000000,0.000000,0.000000,0.000000,0.000000,0.000000,0.999997,0.000001,0.000001,0.000000,3,20260803-205125,kwh,174.964
C:\Users\josep\source\repos\AIOTED-digital\04_joe_lcd_20x32\7_main_dig3_20260803-211925.jpg,7,7,0.999997,0.000000,0.000000,0.000000,0.000001,0.000000,0.000000,0.000000,0.999997,0.000001,0.000002,0.000000,3,20260803-211925,kwh,170.107
C:\Users\josep\source\repos\AIOTED-digital\04_joe_lcd_20x32\7_main_dig3_20260803-213125.jpg,7,7,0.999997,0.000000,0.000000,0.000000,0.000000,0.000000,0.000000,0.000000,0.999997,0.000000,0.000002,0.000000,3,20260803-213125,kwh,174.519
C:\Users\josep\source\repos\AIOTED-digital\04_joe_lcd_20x32\7_main_dig3_20260803-215925.jpg,7,7,1.000000,0.000000,0.000000,0.000000,0.000000,0.000000,0.000000,0.000000,1.000000,0.000000,0.000000,0.000000,3,20260803-215925,kwh,174.301
C:\Users\josep\source\repos\AIOTED-digital\04_joe_lcd_20x32\7_main_dig3_20260803-225125.jpg,7,7,1.000000,0.000000,0.000000,0.000000,0.000000,0.000000,0.000000,0.000000,1.000000,0.000000,0.000000,0.000000,3,20260803-225125,kwh,170.988
C:\Users\josep\source\repos\AIOTED-digital\04_joe_lcd_20x32\7_main_dig3_20260803-234725.jpg,7,7,1.000000,0.000000,0.000000,0.000000,0.000000,0.000000,0.000000,0.000000,1.000000,0.000000,0.000000,0.000000,3,20260803-234725,kwh,166.524
C:\Users\josep\source\repos\AIOTED-digital\04_joe_lcd_20x32\7_main_dig3_20260815-083004.jpg,7,7,1.000000,0.000000,0.000000,0.000000,0.000000,0.000000,0.000000,0.000000,1.000000,0.000000,0.000000,0.000000,3,20260815-083004,kwh,92.775
C:\Users\josep\source\repos\AIOTED-digital\04_joe_lcd_20x32\7_main_dig3_20260815-083804.jpg,7,7,1.000000,0.000000,0.000000,0.000000,0.000000,0.000000,0.000000,0.000000,1.000000,0.000000,0.000000,0.000000,3,20260815-083804,kwh,92.517
C:\Users\josep\source\repos\AIOTED-digital\04_joe_lcd_20x32\7_main_dig3_20260815-085004.jpg,7,7,1.000000,0.000000,0.000000,0.000000,0.000000,0.000000,0.000000,0.000000,1.000000,0.000000,0.000000,0.000000,3,20260815-085004,kwh,92.908
C:\Users\josep\source\repos\AIOTED-digital\04_joe_lcd_20x32\7_main_dig3_20260815-085804.jpg,7,7,1.000000,0.000000,0.000000,0.000000,0.000000,0.000000,0.000000,0.000000,1.000000,0.000000,0.000000,0.000000,3,20260815-085804,kwh,92.809
C:\Users\josep\source\repos\AIOTED-digital\04_joe_lcd_20x32\7_main_dig3_20260815-090604.jpg,7,7,1.000000,0.000000,0.000000,0.000000,0.000000,0.000000,0.000000,0.000000,1.000000,0.000000,0.000000,0.000000,3,20260815-090604,kwh,91.108
C:\Users\josep\source\repos\AIOTED-digital\04_joe_lcd_20x32\7_main_dig3_20260815-091004.jpg,7,7,1.000000,0.000000,0.000000,0.000000,0.000000,0.000000,0.000000,0.000000,1.000000,0.000000,0.000000,0.000000,3,20260815-091004,kwh,95.010
C:\Users\josep\source\repos\AIOTED-digital\04_joe_lcd_20x32\7_main_dig3_20260815-091804.jpg,7,7,1.000000,0.000000,0.000000,0.000000,0.000000,0.000000,0.000000,0.000000,1.000000,0.000000,0.000000,0.000000,3,20260815-091804,kwh,90.017
C:\Users\josep\source\repos\AIOTED-digital\04_joe_lcd_20x32\7_main_dig3_20260815-092604.jpg,7,7,1.000000,0.000000,0.000000,0.000000,0.000000,0.000000,0.000000,0.000000,1.000000,0.000000,0.000000,0.000000,3,20260815-092604,kwh,93.086
C:\Users\josep\source\repos\AIOTED-digital\04_joe_lcd_20x32\7_main_dig3_20260815-093004.jpg,7,7,1.000000,0.000000,0.000000,0.000000,0.000000,0.000000,0.000000,0.000000,1.000000,0.000000,0.000000,0.000000,3,20260815-093004,kwh,94.074
C:\Users\josep\source\repos\AIOTED-digital\04_joe_lcd_20x32\7_main_dig3_20260815-093804.jpg,7,7,1.000000,0.000000,0.000000,0.000000,0.000000,0.000000,0.000000,0.000000,1.000000,0.000000,0.000000,0.000000,3,20260815-093804,kwh,96.907
C:\Users\josep\source\repos\AIOTED-digital\04_joe_lcd_20x32\7_main_dig3_20260815-094604.jpg,7,7,1.000000,0.000000,0.000000,0.000000,0.000000,0.000000,0.000000,0.000000,1.000000,0.000000,0.000000,0.000000,3,20260815-094604,kwh,95.533
C:\Users\josep\source\repos\AIOTED-digital\04_joe_lcd_20x32\7_main_dig3_20260815-095004.jpg,7,7,1.000000,0.000000,0.000000,0.000000,0.000000,0.000000,0.000000,0.000000,1.000000,0.000000,0.000000,0.000000,3,20260815-095004,kwh,92.655
C:\Users\josep\source\repos\AIOTED-digital\04_joe_lcd_20x32\7_main_dig3_20260815-095804.jpg,7,7,1.000000,0.000000,0.000000,0.000000,0.000000,0.000000,0.000000,0.000000,1.000000,0.000000,0.000000,0.000000,3,20260815-095804,kwh,93.059
C:\Users\josep\source\repos\AIOTED-digital\04_joe_lcd_20x32\7_main_dig3_20260815-100604.jpg,7,7,1.000000,0.000000,0.000000,0.000000,0.000000,0.000000,0.000000,0.000000,1.000000,0.000000,0.000000,0.000000,3,20260815-100604,kwh,97.124
C:\Users\josep\source\repos\AIOTED-digital\04_joe_lcd_20x32\7_main_dig3_20260815-101004.jpg,7,7,1.000000,0.000000,0.000000,0.000000,0.000000,0.000000,0.000000,0.000000,1.000000,0.000000,0.000000,0.000000,3,20260815-101004,kwh,95.278
C:\Users\josep\source\repos\AIOTED-digital\04_joe_lcd_20x32\7_main_dig3_20260815-101804.jpg,7,7,1.000000,0.000000,0.000000,0.000000,0.000000,0.000000,0.000000,0.000000,1.000000,0.000000,0.000000,0.000000,3,20260815-101804,kwh,97.286
C:\Users\josep\source\repos\AIOTED-digital\04_joe_lcd_20x32\7_main_dig3_20260815-102604.jpg,7,7,1.000000,0.000000,0.000000,0.000000,0.000000,0.000000,0.000000,0.000000,1.000000,0.000000,0.000000,0.000000,3,20260815-102604,kwh,95.128
C:\Users\josep\source\repos\AIOTED-digital\04_joe_lcd_20x32\7_main_dig3_20260815-103804.jpg,7,7,1.000000,0.000000,0.000000,0.000000,0.000000,0.000000,0.000000,0.000000,1.000000,0.000000,0.000000,0.000000,3,20260815-103804,kwh,92.803
C:\Users\josep\source\repos\AIOTED-digital\04_joe_lcd_20x32\7_main_dig3_20260815-105804.jpg,7,7,1.000000,0.000000,0.000000,0.000000,0.000000,0.000000,0.000000,0.000000,1.000000,0.000000,0.000000,0.000000,3,20260815-105804,kwh,99.824
C:\Users\josep\source\repos\AIOTED-digital\04_joe_lcd_20x32\7_main_dig3_20260815-110604.jpg,7,7,1.000000,0.000000,0.000000,0.000000,0.000000,0.000000,0.000000,0.000000,1.000000,0.000000,0.000000,0.000000,3,20260815-110604,kwh,95.851
C:\Users\josep\source\repos\AIOTED-digital\04_joe_lcd_20x32\7_main_dig3_20260815-111804.jpg,7,7,1.000000,0.000000,0.000000,0.000000,0.000000,0.000000,0.000000,0.000000,1.000000,0.000000,0.000000,0.000000,3,20260815-111804,kwh,91.754
C:\Users\josep\source\repos\AIOTED-digital\04_joe_lcd_20x32\7_main_dig3_20260815-112603.jpg,7,7,1.000000,0.000000,0.000000,0.000000,0.000000,0.000000,0.000000,0.000000,1.000000,0.000000,0.000000,0.000000,3,20260815-112603,kwh,98.112
C:\Users\josep\source\repos\AIOTED-digital\04_joe_lcd_20x32\7_main_dig3_20260815-115804.jpg,7,7,1.000000,0.000000,0.000000,0.000000,0.000000,0.000000,0.000000,0.000000,1.000000,0.000000,0.000000,0.000000,3,20260815-115804,kwh,80.215
C:\Users\josep\source\repos\AIOTED-digital\04_joe_lcd_20x32\7_main_dig3_20260815-120604.jpg,7,7,1.000000,0.000000,0.000000,0.000000,0.000000,0.000000,0.000000,0.000000,1.000000,0.000000,0.000000,0.000000,3,20260815-120604,kwh,76.919
C:\Users\josep\source\repos\AIOTED-digital\04_joe_lcd_20x32\7_main_dig3_20260815-123804.jpg,7,7,1.000000,0.000000,0.000000,0.000000,0.000000,0.000000,0.000000,0.000000,1.000000,0.000000,0.000000,0.000000,3,20260815-123804,kwh,75.341
C:\Users\josep\source\repos\AIOTED-digital\04_joe_lcd_20x32\7_main_dig3_20260815-124604.jpg,7,7,1.000000,0.000000,0.000000,0.000000,0.000000,0.000000,0.000000,0.000000,1.000000,0.000000,0.000000,0.000000,3,20260815-124604,kwh,74.907
C:\Users\josep\source\repos\AIOTED-digital\04_joe_lcd_20x32\7_main_dig3_20260815-125804.jpg,7,7,1.000000,0.000000,0.000000,0.000000,0.000000,0.000000,0.000000,0.000000,1.000000,0.000000,0.000000,0.000000,3,20260815-125804,kwh,81.615
C:\Users\josep\source\repos\AIOTED-digital\04_joe_lcd_20x32\7_main_dig3_20260815-130604.jpg,7,7,1.000000,0.000000,0.000000,0.000000,0.000000,0.000000,0.000000,0.000000,1.000000,0.000000,0.000000,0.000000,3,20260815-130604,kwh,82.229
C:\Users\josep\source\repos\AIOTED-digital\04_joe_lcd_20x32\7_main_dig3_20260815-131804.jpg,7,7,1.000000,0.000000,0.000000,0.000000,0.000000,0.000000,0.000000,0.000000,1.000000,0.000000,0.000000,0.000000,3,20260815-131804,kwh,81.394
C:\Users\josep\source\repos\AIOTED-digital\04_joe_lcd_20x32\7_main_dig4_20260903-141107.jpg,7,7,1.000000,0.000000,0.000000,0.000000,0.000000,0.000000,0.000000,0.000000,1.000000,0.000000,0.000000,0.000000,4,20260903-141107,kwh,74.793
C:\Users\josep\source\repos\AIOTED-digital\04_joe_lcd_20x32\7_main_dig4_20260903-141907.jpg,7,7,1.000000,0.000000,0.000000,0.000000,0.000000,0.000000,0.000000,0.000000,1.000000,0.000000,0.000000,0.000000,4,20260903-141907,kwh,74.106
C:\Users\josep\source\repos\AIOTED-digital\04_joe_lcd_20x32\7_main_dig4_20260903-143907.jpg,7,7,1.000000,0.000000,0.000000,0.000000,0.000000,0.000000,0.000000,0.000000,1.000000,0.000000,0.000000,0.000000,4,20260903-143907,kwh,74.375
C:\Users\josep\source\repos\AIOTED-digital\04_joe_lcd_20x32\7_main_dig4_20260903-144707.jpg,7,7,1.000000,0.000000,0.000000,0.000000,0.000000,0.000000,0.000000,0.000000,1.000000,0.000000,0.000000,0.000000,4,20260903-144707,kwh,83.792
C:\Users\josep\source\repos\AIOTED-digital\04_joe_lcd_20x32\7_main_dig4_20260903-145107.jpg,7,7,1.000000,0.000000,0.000000,0.000000,0.000000,0.000000,0.000000,0.000000,1.000000,0.000000,0.000000,0.000000,4,20260903-145107,kwh,82.923
C:\Users\josep\source\repos\AIOTED-digital\04_joe_lcd_20x32\7_main_dig4_20260903-145907.jpg,7,7,1.000000,0.000000,0.000000,0.000000,0.000000,0.000000,0.000000,0.000000,1.000000,0.000000,0.000000,0.000000,4,20260903-145907,kwh,77.566
C:\Users\josep\source\repos\AIOTED-digital\04_joe_lcd_20x32\7_main_dig4_20260903-150707.jpg,7,7,1.000000,0.000000,0.000000,0.000000,0.000000,0.000000,0.000000,0.000000,1.000000,0.000000,0.000000,0.000000,4,20260903-150707,kwh,73.455
C:\Users\josep\source\repos\AIOTED-digital\04_joe_lcd_20x32\7_main_dig4_20260903-151907.jpg,7,7,1.000000,0.000000,0.000000,0.000000,0.000000,0.000000,0.000000,0.000000,1.000000,0.000000,0.000000,0.000000,4,20260903-151907,kwh,79.793
C:\Users\josep\source\repos\AIOTED-digital\04_joe_lcd_20x32\7_main_dig4_20260903-152707.jpg,7,7,1.000000,0.000000,0.000000,0.000000,0.000000,0.000000,0.000000,0.000000,1.000000,0.000000,0.000000,0.000000,4,20260903-152707,kwh,76.495
C:\Users\josep\source\repos\AIOTED-digital\04_joe_lcd_20x32\7_main_dig4_20260903-153907.jpg,7,7,1.000000,0.000000,0.000000,0.000000,0.000000,0.000000,0.000000,0.000000,1.000000,0.000000,0.000000,0.000000,4,20260903-153907,kwh,74.605
C:\Users\josep\source\repos\AIOTED-digital\04_joe_lcd_20x32\7_main_dig4_20260903-154707.jpg,7,7,1.000000,0.000000,0.000000,0.000000,0.000000,0.000000,0.000000,0.000000,1.000000,0.000000,0.000000,0.000000,4,20260903-154707,kwh,75.116
C:\Users\josep\source\repos\AIOTED-digital\04_joe_lcd_20x32\7_main_dig4_20260903-155907.jpg,7,7,1.000000,0.000000,0.000000,0.000000,0.000000,0.000000,0.000000,0.000000,1.000000,0.000000,0.000000,0.000000,4,20260903-155907,kwh,80.557
C:\Users\josep\source\repos\AIOTED-digital\04_joe_lcd_20x32\7_main_dig4_20260903-160707.jpg,7,7,1.000000,0.000000,0.000000,0.000000,0.000000,0.000000,0.000000,0.000000,1.000000,0.000000,0.000000,0.000000,4,20260903-160707,kwh,77.816
C:\Users\josep\source\repos\AIOTED-digital\04_joe_lcd_20x32\7_main_dig4_20260903-162707.jpg,7,7,1.000000,0.000000,0.000000,0.000000,0.000000,0.000000,0.000000,0.000000,1.000000,0.000000,0.000000,0.000000,4,20260903-162707,kwh,75.254
C:\Users\josep\source\repos\AIOTED-digital\04_joe_lcd_20x32\7_main_dig4_20260903-163907.jpg,7,7,1.000000,0.000000,0.000000,0.000000,0.000000,0.000000,0.000000,0.000000,1.000000,0.000000,0.000000,0.000000,4,20260903-163907,kwh,72.139
C:\Users\josep\source\repos\AIOTED-digital\04_joe_lcd_20x32\7_main_dig4_20260903-164707.jpg,7,7,1.000000,0.000000,0.000000,0.000000,0.000000,0.000000,0.000000,0.000000,1.000000,0.000000,0.000000,0.000000,4,20260903-164707,kwh,71.419
C:\Users\josep\source\repos\AIOTED-digital\04_joe_lcd_20x32\7_main_dig4_20260903-165907.jpg,7,7,1.000000,0.000000,0.000000,0.000000,0.000000,0.000000,0.000000,0.000000,1.000000,0.000000,0.000000,0.000000,4,20260903-165907,kwh,71.947
C:\Users\josep\source\repos\AIOTED-digital\04_joe_lcd_20x32\7_main_dig4_20260903-170707.jpg,7,7,1.000000,0.000000,0.000000,0.000000,0.000000,0.000000,0.000000,0.000000,1.000000,0.000000,0.000000,0.000000,4,20260903-170707,kwh,72.312
C:\Users\josep\source\repos\AIOTED-digital\04_joe_lcd_20x32\7_main_dig4_20260903-171907.jpg,7,7,1.000000,0.000000,0.000000,0.000000,0.000000,0.000000,0.000000,0.000000,1.000000,0.000000,0.000000,0.000000,4,20260903-171907,kwh,70.045
C:\Users\josep\source\repos\AIOTED-digital\04_joe_lcd_20x32\7_main_dig4_20260903-172707.jpg,7,7,1.000000,0.000000,0.000000,0.000000,0.000000,0.000000,0.000000,0.000000,1.000000,0.000000,0.000000,0.000000,4,20260903-172707,kwh,67.955
C:\Users\josep\source\repos\AIOTED-digital\04_joe_lcd_20x32\7_main_dig4_20260903-173907.jpg,7,7,1.000000,0.000000,0.000000,0.000000,0.000000,0.000000,0.000000,0.000000,1.000000,0.000000,0.000000,0.000000,4,20260903-173907,kwh,70.263
C:\Users\josep\source\repos\AIOTED-digital\04_joe_lcd_20x32\7_main_dig4_20260903-174707.jpg,7,7,1.000000,0.000000,0.000000,0.000000,0.000000,0.000000,0.000000,0.000000,1.000000,0.000000,0.000000,0.000000,4,20260903-174707,kwh,67.015
C:\Users\josep\source\repos\AIOTED-digital\04_joe_lcd_20x32\7_main_dig4_20260903-175907.jpg,7,7,1.000000,0.000000,0.000000,0.000000,0.000000,0.000000,0.000000,0.000000,1.000000,0.000000,0.000000,0.000000,4,20260903-175907,kwh,67.381
C:\Users\josep\source\repos\AIOTED-digital\04_joe_lcd_20x32\7_main_dig4_20260903-180707.jpg,7,7,1.000000,0.000000,0.000000,0.000000,0.000000,0.000000,0.000000,0.000000,1.000000,0.000000,0.000000,0.000000,4,20260903-180707,kwh,68.824
C:\Users\josep\source\repos\AIOTED-digital\04_joe_lcd_20x32\7_main_dig4_20260903-181907.jpg,7,7,1.000000,0.000000,0.000000,0.000000,0.000000,0.000000,0.000000,0.000000,1.000000,0.000000,0.000000,0.000000,4,20260903-181907,kwh,68.637
C:\Users\josep\source\repos\AIOTED-digital\04_joe_lcd_20x32\7_main_dig4_20260903-182707.jpg,7,7,1.000000,0.000000,0.000000,0.000000,0.000000,0.000000,0.000000,0.000000,1.000000,0.000000,0.000000,0.000000,4,20260903-182707,kwh,67.127
C:\Users\josep\source\repos\AIOTED-digital\04_joe_lcd_20x32\7_main_dig4_20260903-183907.jpg,7,7,1.000000,0.000000,0.000000,0.000000,0.000000,0.000000,0.000000,0.000000,1.000000,0.000000,0.000000,0.000000,4,20260903-183907,kwh,67.077
C:\Users\josep\source\repos\AIOTED-digital\04_joe_lcd_20x32\7_main_dig4_20260903-184707.jpg,7,7,1.000000,0.000000,0.000000,0.000000,0.000000,0.000000,0.000000,0.000000,1.000000,0.000000,0.000000,0.000000,4,20260903-184707,kwh,68.919
C:\Users\josep\source\repos\AIOTED-digital\04_joe_lcd_20x32\7_main_dig4_20260903-185907.jpg,7,7,1.000000,0.000000,0.000000,0.000000,0.000000,0.000000,0.000000,0.000000,1.000000,0.000000,0.000000,0.000000,4,20260903-185907,kwh,69.466
C:\Users\josep\source\repos\AIOTED-digital\04_joe_lcd_20x32\7_main_dig4_20260903-190707.jpg,7,7,1.000000,0.000000,0.000000,0.000000,0.000000,0.000000,0.000000,0.000000,1.000000,0.000000,0.000000,0.000000,4,20260903-190707,kwh,69.986
C:\Users\josep\source\repos\AIOTED-digital\04_joe_lcd_20x32\7_main_dig4_20260903-192707.jpg,7,7,1.000000,0.000000,0.000000,0.000000,0.000000,0.000000,0.000000,0.000000,1.000000,0.000000,0.000000,0.000000,4,20260903-192707,kwh,70.037
C:\Users\josep\source\repos\AIOTED-digital\04_joe_lcd_20x32\7_main_dig4_20260903-194707.jpg,7,7,1.000000,0.000000,0.000000,0.000000,0.000000,0.000000,0.000000,0.000000,1.000000,0.000000,0.000000,0.000000,4,20260903-194707,kwh,70.128
C:\Users\josep\source\repos\AIOTED-digital\04_joe_lcd_20x32\7_main_dig4_20260903-195907.jpg,7,7,1.000000,0.000000,0.000000,0.000000,0.000000,0.000000,0.000000,0.000000,1.000000,0.000000,0.000000,0.000000,4,20260903-195907,kwh,70.940
C:\Users\josep\source\repos\AIOTED-digital\04_joe_lcd_20x32\7_main_dig4_20260903-200707.jpg,7,7,1.000000,0.000000,0.000000,0.000000,0.000000,0.000000,0.000000,0.000000,1.000000,0.000000,0.000000,0.000000,4,20260903-200707,kwh,69.889
C:\Users\josep\source\repos\AIOTED-digital\04_joe_lcd_20x32\7_main_dig4_20260903-201907.jpg,7,7,1.000000,0.000000,0.000000,0.000000,0.000000,0.000000,0.000000,0.000000,1.000000,0.000000,0.000000,0.000000,4,20260903-201907,kwh,69.471
C:\Users\josep\source\repos\AIOTED-digital\04_joe_lcd_20x32\7_main_dig4_20260903-205907.jpg,7,7,1.000000,0.000000,0.000000,0.000000,0.000000,0.000000,0.000000,0.000000,1.000000,0.000000,0.000000,0.000000,4,20260903-205907,kwh,71.800
C:\Users\josep\source\repos\AIOTED-digital\04_joe_lcd_20x32\7_main_dig4_20260903-210707.jpg,7,7,1.000000,0.000000,0.000000,0.000000,0.000000,0.000000,0.000000,0.000000,1.000000,0.000000,0.000000,0.000000,4,20260903-210707,kwh,69.878
C:\Users\josep\source\repos\AIOTED-digital\04_joe_lcd_20x32\7_main_dig4_20260903-211907.jpg,7,7,1.000000,0.000000,0.000000,0.000000,0.000000,0.000000,0.000000,0.000000,1.000000,0.000000,0.000000,0.000000,4,20260903-211907,kwh,71.131
C:\Users\josep\source\repos\AIOTED-digital\04_joe_lcd_20x32\7_main_dig4_20260903-214707.jpg,7,7,1.000000,0.000000,0.000000,0.000000,0.000000,0.000000,0.000000,0.000000,1.000000,0.000000,0.000000,0.000000,4,20260903-214707,kwh,70.329
C:\Users\josep\source\repos\AIOTED-digital\04_joe_lcd_20x32\7_main_dig4_20260903-215907.jpg,7,7,1.000000,0.000000,0.000000,0.000000,0.000000,0.000000,0.000000,0.000000,1.000000,0.000000,0.000000,0.000000,4,20260903-215907,kwh,69.943
C:\Users\josep\source\repos\AIOTED-digital\04_joe_lcd_20x32\7_main_dig4_20260903-221907.jpg,7,7,1.000000,0.000000,0.000000,0.000000,0.000000,0.000000,0.000000,0.000000,1.000000,0.000000,0.000000,0.000000,4,20260903-221907,kwh,70.157
C:\Users\josep\source\repos\AIOTED-digital\04_joe_lcd_20x32\7_main_dig4_20260903-223507.jpg,7,7,0.505804,0.358352,0.000006,0.000000,0.000743,0.000000,0.000000,0.000000,0.505804,0.017720,0.117367,0.000008,4,20260903-223507,kwh,69.081
C:\Users\josep\source\repos\AIOTED-digital\04_joe_lcd_20x32\7_main_dig4_20260903-225907.jpg,7,7,1.000000,0.000000,0.000000,0.000000,0.000000,0.000000,0.000000,0.000000,1.000000,0.000000,0.000000,0.000000,4,20260903-225907,kwh,69.826
C:\Users\josep\source\repos\AIOTED-digital\04_joe_lcd_20x32\7_main_dig4_20260903-230707.jpg,7,7,1.000000,0.000000,0.000000,0.000000,0.000000,0.000000,0.000000,0.000000,1.000000,0.000000,0.000000,0.000000,4,20260903-230707,kwh,71.185
C:\Users\josep\source\repos\AIOTED-digital\04_joe_lcd_20x32\7_main_dig4_20260903-233507.jpg,7,7,1.000000,0.000000,0.000000,0.000000,0.000000,0.000000,0.000000,0.000000,1.000000,0.000000,0.000000,0.000000,4,20260903-233507,kwh,70.432
C:\Users\josep\source\repos\AIOTED-digital\04_joe_lcd_20x32\7_main_dig4_20260903-234707.jpg,7,7,1.000000,0.000000,0.000000,0.000000,0.000000,0.000000,0.000000,0.000000,1.000000,0.000000,0.000000,0.000000,4,20260903-234707,kwh,70.150
C:\Users\josep\source\repos\AIOTED-digital\04_joe_lcd_20x32\7_main_dig4_20260903-235507.jpg,7,7,1.000000,0.000000,0.000000,0.000000,0.000000,0.000000,0.000000,0.000000,1.000000,0.000000,0.000000,0.000000,4,20260903-235507,kwh,70.199
C:\Users\josep\source\repos\AIOTED-digital\04_joe_lcd_20x32\7_main_dig4_20260903-235907.jpg,7,7,1.000000,0.000000,0.000000,0.000000,0.000000,0.000000,0.000000,0.000000,1.000000,0.000000,0.000000,0.000000,4,20260903-235907,kwh,70.447
C:\Users\josep\source\repos\AIOTED-digital\04_joe_lcd_20x32\7_main_dig5_20260828-134939.jpg,7,7,1.000000,0.000000,0.000000,0.000000,0.000000,0.000000,0.000000,0.000000,1.000000,0.000000,0.000000,0.000000,5,20260828-134939,kwh,66.064
C:\Users\josep\source\repos\AIOTED-digital\04_joe_lcd_20x32\7_main_dig5_20260828-144939.jpg,7,7,1.000000,0.000000,0.000000,0.000000,0.000000,0.000000,0.000000,0.000000,1.000000,0.000000,0.000000,0.000000,5,20260828-144939,kwh,60.868
C:\Users\josep\source\repos\AIOTED-digital\04_joe_lcd_20x32\7_main_dig5_20260828-150939.jpg,7,7,1.000000,0.000000,0.000000,0.000000,0.000000,0.000000,0.000000,0.000000,1.000000,0.000000,0.000000,0.000000,5,20260828-150939,kwh,58.765
C:\Users\josep\source\repos\AIOTED-digital\04_joe_lcd_20x32\7_main_dig5_20260828-164139.jpg,7,7,1.000000,0.000000,0.000000,0.000000,0.000000,0.000000,0.000000,0.000000,1.000000,0.000000,0.000000,0.000000,5,20260828-164139,kwh,54.534
C:\Users\josep\source\repos\AIOTED-digital\04_joe_lcd_20x32\7_main_dig5_20260828-164939.jpg,7,7,1.000000,0.000000,0.000000,0.000000,0.000000,0.000000,0.000000,0.000000,1.000000,0.000000,0.000000,0.000000,5,20260828-164939,kwh,54.776
C:\Users\josep\source\repos\AIOTED-digital\04_joe_lcd_20x32\7_main_dig5_20260828-172139.jpg,7,7,0.999984,0.000000,0.000000,0.000000,0.000016,0.000000,0.000000,0.000000,0.999984,0.000000,0.000000,0.000000,5,20260828-172139,kwh,56.832
C:\Users\josep\source\repos\AIOTED-digital\04_joe_lcd_20x32\7_main_dig5_20260828-172939.jpg,7,7,0.999999,0.000000,0.000000,0.000000,0.000001,0.000000,0.000000,0.000000,0.999999,0.000000,0.000000,0.000000,5,20260828-172939,kwh,57.683
C:\Users\josep\source\repos\AIOTED-digital\04_joe_lcd_20x32\7_main_dig5_20260828-180139.jpg,7,7,0.987889,0.000000,0.000000,0.000000,0.012111,0.000000,0.000000,0.000000,0.987889,0.000000,0.000000,0.000000,5,20260828-180139,kwh,58.640
C:\Users\josep\source\repos\AIOTED-digital\04_joe_lcd_20x32\7_main_dig5_20260915-000137.jpg,7,7,0.876785,0.000048,0.000504,0.000149,0.122464,0.000000,0.000000,0.000000,0.876785,0.000015,0.000036,0.000000,5,20260915-000137,kwh,56.148
C:\Users\josep\source\repos\AIOTED-digital\04_joe_lcd_20x32\7_main_dig5_20260915-000937.jpg,7,7,0.934580,0.000209,0.002428,0.000095,0.062615,0.000000,0.000000,0.000000,0.934580,0.000029,0.000043,0.000001,5,20260915-000937,kwh,56.253
C:\Users\josep\source\repos\AIOTED-digital\04_joe_lcd_20x32\7_main_dig5_20260918-214930.jpg,7,7,0.966116,0.000008,0.000047,0.000009,0.033817,0.000000,0.000000,0.000000,0.966116,0.000001,0.000003,0.000000,5,20260918-214930,kwh,59.062
C:\Users\josep\source\repos\AIOTED-digital\04_joe_lcd_20x32\7_main_dig5_20260918-220930.jpg,7,7,0.941019,0.000011,0.000040,0.000012,0.058911,0.000000,0.000000,0.000000,0.941019,0.000002,0.000005,0.000000,5,20260918-220930,kwh,59.822
C:\Users\josep\source\repos\AIOTED-digital\04_joe_lcd_20x32\7_main_dig5_20260918-221730.jpg,7,7,0.964584,0.000035,0.000079,0.000014,0.035271,0.000000,0.000000,0.000000,0.964584,0.000005,0.000012,0.000000,5,20260918-221730,kwh,57.392
C:\Users\josep\source\repos\AIOTED-digital\04_joe_lcd_20x32\7_main_dig5_20260918-222530.jpg,7,7,0.971061,0.000011,0.000154,0.000031,0.028740,0.000000,0.000000,0.000000,0.971061,0.000001,0.000002,0.000000,5,20260918-222530,kwh,58.309
C:\Users\josep\source\repos\AIOTED-digital\04_joe_lcd_20x32\7_main_dig5_20260918-224530.jpg,7,7,0.973834,0.000001,0.000012,0.000005,0.026147,0.000000,0.000000,0.000000,0.973834,0.000000,0.000000,0.000000,5,20260918-224530,kwh,59.752
C:\Users\josep\source\repos\AIOTED-digital\04_joe_lcd_20x32\7_main_dig5_20260918-225730.jpg,7,7,0.972865,0.000001,0.000002,0.000009,0.027123,0.000000,0.000000,0.000000,0.972865,0.000000,0.000000,0.000000,5,20260918-225730,kwh,60.134
C:\Users\josep\source\repos\AIOTED-digital\04_joe_lcd_20x32\7_main_dig5_20260918-231730.jpg,7,7,0.949013,0.000021,0.000145,0.000022,0.050788,0.000000,0.000000,0.000000,0.949013,0.000003,0.000008,0.000000,5,20260918-231730,kwh,58.073
C:\Users\josep\source\repos\AIOTED-digital\04_joe_lcd_20x32\7_main_dig5_20260919-003730.jpg,7,7,0.986421,0.000001,0.000010,0.000003,0.013565,0.000000,0.000000,0.000000,0.986421,0.000000,0.000000,0.000000,5,20260919-003730,kwh,58.348
C:\Users\josep\source\repos\AIOTED-digital\04_joe_lcd_20x32\7_main_dig5_20260919-013730.jpg,7,7,0.989157,0.000001,0.000157,0.000002,0.010683,0.000000,0.000000,0.000000,0.989157,0.000000,0.000000,0.000000,5,20260919-013730,kwh,58.907
C:\Users\josep\source\repos\AIOTED-digital\04_joe_lcd_20x32\7_main_dig5_20260919-045730.jpg,7,7,0.973746,0.000000,0.000030,0.000003,0.026221,0.000000,0.000000,0.000000,0.973746,0.000000,0.000000,0.000000,5,20260919-045730,kwh,60.039
C:\Users\josep\source\repos\AIOTED-digital\04_joe_lcd_20x32\7_main_dig5_20260919-050530.jpg,7,7,0.981861,0.000001,0.000084,0.000004,0.018049,0.000000,0.000000,0.000000,0.981861,0.000000,0.000000,0.000000,5,20260919-050530,kwh,58.314
C:\Users\josep\source\repos\AIOTED-digital\04_joe_lcd_20x32\7_main_dig5_20260919-052530.jpg,7,7,0.959153,0.000024,0.000603,0.000034,0.040174,0.000000,0.000000,0.000000,0.959153,0.000004,0.000007,0.000000,5,20260919-052530,kwh,58.968
C:\Users\josep\source\repos\AIOTED-digital\04_joe_lcd_20x32\7_main_dig5_20260919-055330.jpg,7,7,0.976737,0.000003,0.000056,0.000008,0.023195,0.000000,0.000000,0.000000,0.976737,0.000000,0.000001,0.000000,5,20260919-055330,kwh,57.588
C:\Users\josep\source\repos\AIOTED-digital\04_joe_lcd_20x32\7_main_dig5_20260919-073329.jpg,7,7,0.979812,0.000008,0.000084,0.000005,0.020087,0.000000,0.000000,0.000000,0.979812,0.000001,0.000003,0.000000,5,20260919-073329,kwh,55.964
C:\Users\josep\source\repos\AIOTED-digital\04_joe_lcd_20x32\7_main_dig5_20260919-074529.jpg,7,7,0.930353,0.000001,0.000004,0.000008,0.069634,0.000000,0.000000,0.000000,0.930353,0.000000,0.000001,0.000000,5,20260919-074529,kwh,54.996
C:\Users\josep\source\repos\AIOTED-digital\04_joe_lcd_20x32\7_main_dig5_20260919-080529.jpg,7,7,0.990987,0.000023,0.000149,0.000004,0.008831,0.000000,0.000000,0.000000,0.990987,0.000001,0.000006,0.000000,5,20260919-080529,kwh,51.088
C:\Users\josep\source\repos\AIOTED-digital\04_joe_lcd_20x32\7_main_dig5_20260919-085329.jpg,7,7,0.979416,0.000000,0.000004,0.000002,0.020577,0.000000,0.000000,0.000000,0.979416,0.000000,0.000000,0.000000,5,20260919-085329,kwh,52.346
C:\Users\josep\source\repos\AIOTED-digital\04_joe_lcd_20x32\7_main_dig5_20260919-093329.jpg,7,7,0.869036,0.000000,0.000002,0.000004,0.130957,0.000000,0.000000,0.000000,0.869036,0.000000,0.000001,0.000000,5,20260919-093329,kwh,52.175
C:\Users\josep\source\repos\AIOTED-digital\04_joe_lcd_20x32\7_main_dig5_20260919-100529.jpg,7,7,0.999990,0.000000,0.000000,0.000000,0.000010,0.000000,0.000000,0.000000,0.999990,0.000000,0.000000,0.000000,5,20260919-100529,kwh,46.890
C:\Users\josep\source\repos\AIOTED-digital\04_joe_lcd_20x32\7_main_dig5_20260919-101329.jpg,7,7,0.999995,0.000000,0.000000,0.000000,0.000005,0.000000,0.000000,0.000000,0.999995,0.000000,0.000000,0.000000,5,20260919-101329,kwh,46.277
C:\Users\josep\source\repos\AIOTED-digital\04_joe_lcd_20x32\7_main_dig5_20260919-102529.jpg,7,7,0.999935,0.000000,0.000000,0.000000,0.000065,0.000000,0.000000,0.000000,0.999935,0.000000,0.000000,0.000000,5,20260919-102529,kwh,46.515
C:\Users\josep\source\repos\AIOTED-digital\04_joe_lcd_20x32\7_main_dig6_20260803-054409.jpg,7,7,0.693558,0.000049,0.000141,0.000312,0.305696,0.000000,0.000000,0.000000,0.693558,0.000051,0.000171,0.000023,6,20260803-054409,kwh,20.739
C:\Users\josep\source\repos\AIOTED-digital\04_joe_lcd_20x32\7_main_dig6_20260803-055416.jpg,7,7,0.968910,0.000000,0.000000,0.000001,0.031088,0.000000,0.000000,0.000000,0.968910,0.000000,0.000000,0.000000,6,20260803-055416,kwh,19.045
C:\Users\josep\source\repos\AIOTED-digital\04_joe_lcd_20x32\7_main_dig6_20260803-060216.jpg,7,7,0.891877,0.000005,0.000000,0.000285,0.107821,0.000000,0.000000,0.000000,0.891877,0.000006,0.000004,0.000001,6,20260803-060216,kwh,22.056
C:\Users\josep\source\repos\AIOTED-digital\04_joe_lcd_20x32\7_main_dig6_20260803-061416.jpg,7,7,1.000000,0.000000,0.000000,0.000000,0.000001,0.000000,0.000000,0.000000,1.000000,0.000000,0.000000,0.000000,6,20260803-061416,kwh,29.512
C:\Users\josep\source\repos\AIOTED-digital\04_joe_lcd_20x32\7_main_dig6_20260803-062216.jpg,7,7,1.000000,0.000000,0.000000,0.000000,0.000000,0.000000,0.000000,0.000000,1.000000,0.000000,0.000000,0.000000,6,20260803-062216,kwh,33.067
C:\Users\josep\source\repos\AIOTED-digital\04_joe_lcd_20x32\7_main_dig6_20260803-064216.jpg,7,7,1.000000,0.000000,0.000000,0.000000,0.000000,0.000000,0.000000,0.000000,1.000000,0.000000,0.000000,0.000000,6,20260803-064216,kwh,50.699
C:\Users\josep\source\repos\AIOTED-digital\04_joe_lcd_20x32\7_main_dig6_20260803-120123.jpg,7,7,0.999995,0.000000,0.000005,0.000000,0.000000,0.000000,0.000000,0.000000,0.999995,0.000000,0.000000,0.000000,6,20260803-120123,kwh,94.562
C:\Users\josep\source\repos\AIOTED-digital\04_joe_lcd_20x32\7_main_dig6_20260803-160152.jpg,7,7,0.999145,0.000000,0.000854,0.000000,0.000000,0.000000,0.000000,0.000000,0.999145,0.000000,0.000000,0.000001,6,20260803-160152,kwh,117.086
C:\Users\josep\source\repos\AIOTED-digital\04_joe_lcd_20x32\7_main_dig6_20260803-160952.jpg,7,7,0.992398,0.000001,0.007595,0.000000,0.000000,0.000000,0.000000,0.000000,0.992398,0.000000,0.000000,0.000006,6,20260803-160952,kwh,119.204
C:\Users\josep\source\repos\AIOTED-digital\04_joe_lcd_20x32\7_main_dig6_20260803-191125.jpg,7,7,1.000000,0.000000,0.000000,0.000000,0.000000,0.000000,0.000000,0.000000,1.000000,0.000000,0.000000,0.000000,6,20260803-191125,kwh,27.741
C:\Users\josep\source\repos\AIOTED-digital\04_joe_lcd_20x32\7_main_dig6_20260803-191925.jpg,7,7,1.000000,0.000000,0.000000,0.000000,0.000000,0.000000,0.000000,0.000000,1.000000,0.000000,0.000000,0.000000,6,20260803-191925,kwh,25.355
C:\Users\josep\source\repos\AIOTED-digital\04_joe_lcd_20x32\7_main_dig6_20260803-193125.jpg,7,7,0.999988,0.000000,0.000000,0.000000,0.000012,0.000000,0.000000,0.000000,0.999988,0.000000,0.000000,0.000000,6,20260803-193125,kwh,22.167
C:\Users\josep\source\repos\AIOTED-digital\04_joe_lcd_20x32\7_main_dig6_20260815-123804.jpg,7,7,1.000000,0.000000,0.000000,0.000000,0.000000,0.000000,0.000000,0.000000,1.000000,0.000000,0.000000,0.000000,6,20260815-123804,kwh,70.606
C:\Users\josep\source\repos\AIOTED-digital\04_joe_lcd_20x32\7_main_dig6_20260815-230603.jpg,7,3,0.690847,0.000002,0.000073,0.000052,0.690847,0.000000,0.000000,0.000000,0.309013,0.000004,0.000009,0.000000,6,20260815-230603,kwh,30.338
C:\Users\josep\source\repos\AIOTED-digital\04_joe_lcd_20x32\7_main_dig6_20260824-093347.jpg,7,7,1.000000,0.000000,0.000000,0.000000,0.000000,0.000000,0.000000,0.000000,1.000000,0.000000,0.000000,0.000000,6,20260824-093347,kwh,85.252
C:\Users\josep\source\repos\AIOTED-digital\04_joe_lcd_20x32\7_main_dig6_20260828-081340.jpg,7,7,1.000000,0.000000,0.000000,0.000000,0.000000,0.000000,0.000000,0.000000,1.000000,0.000000,0.000000,0.000000,6,20260828-081340,kwh,63.869
C:\Users\josep\source\repos\AIOTED-digital\04_joe_lcd_20x32\7_main_dig6_20260828-225738.jpg,7,3,0.821838,0.000006,0.001144,0.003807,0.821838,0.000013,0.000000,0.000000,0.172946,0.000040,0.000108,0.000098,6,20260828-225738,kwh,30.143
C:\Users\josep\source\repos\AIOTED-digital\04_joe_lcd_20x32\7_main_dig6_20260903-045108.jpg,7,7,0.619225,0.001027,0.022458,0.026165,0.317798,0.000170,0.000046,0.000040,0.619225,0.000863,0.000884,0.011325,6,20260903-045108,kwh,25.898
C:\Users\josep\source\repos\AIOTED-digital\04_joe_lcd_20x32\7_main_dig6_20260903-170707.jpg,7,7,1.000000,0.000000,0.000000,0.000000,0.000000,0.000000,0.000000,0.000000,1.000000,0.000000,0.000000,0.000000,6,20260903-170707,kwh,46.947
C:\Users\josep\source\repos\AIOTED-digital\04_joe_lcd_20x32\7_main_dig6_20260903-220707.jpg,7,7,0.496826,0.000601,0.069523,0.054103,0.365968,0.000678,0.000017,0.000025,0.496826,0.000695,0.000787,0.010777,6,20260903-220707,kwh,25.980
C:\Users\josep\source\repos\AIOTED-digital\04_joe_lcd_20x32\7_main_dig6_20260915-093736.jpg,7,7,1.000000,0.000000,0.000000,0.000000,0.000000,0.000000,0.000000,0.000000,1.000000,0.000000,0.000000,0.000000,6,20260915-093736,kwh,30.968
C:\Users\josep\source\repos\AIOTED-digital\04_joe_lcd_20x32\7_main_dig6_20260915-164536.jpg,7,7,1.000000,0.000000,0.000000,0.000000,0.000000,0.000000,0.000000,0.000000,1.000000,0.000000,0.000000,0.000000,6,20260915-164536,kwh,43.564
C:\Users\josep\source\repos\AIOTED-digital\04_joe_lcd_20x32\7_main_dig6_20260918-092131.jpg,7,7,0.999977,0.000000,0.000001,0.000000,0.000022,0.000000,0.000000,0.000000,0.999977,0.000000,0.000000,0.000000,6,20260918-092131,kwh,23.828
C:\Users\josep\source\repos\AIOTED-digital\04_joe_lcd_20x32\7_main_dig6_20260918-092931.jpg,7,7,0.997842,0.000000,0.000030,0.000000,0.002128,0.000000,0.000000,0.000000,0.997842,0.000000,0.000000,0.000000,6,20260918-092931,kwh,22.174
C:\Users\josep\source\repos\AIOTED-digital\04_joe_lcd_20x32\7_main_dig6_20260918-182930.jpg,7,7,0.470534,0.000583,0.109510,0.004695,0.414169,0.000038,0.000000,0.000001,0.470534,0.000385,0.000080,0.000005,6,20260918-182930,kwh,25.362
C:\Users\josep\source\repos\AIOTED-digital\04_joe_lcd_20x32\7_main_dig6_20260919-171329.jpg,7,7,1.000000,0.000000,0.000000,0.000000,0.000000,0.000000,0.000000,0.000000,1.000000,0.000000,0.000000,0.000000,6,20260919-171329,kwh,29.086
C:\Users\josep\source\repos\AIOTED-digital\04_joe_lcd_20x32\7_main_dig6_20260925-100217.jpg,7,7,1.000000,0.000000,0.000000,0.000000,0.000000,0.000000,0.000000,0.000000,1.000000,0.000000,0.000000,0.000000,6,20260925-100217,kwh,59.056
C:\Users\josep\source\repos\AIOTED-digital\04_joe_lcd_20x32\7_main_dig6_20260925-101417.jpg,7,7,1.000000,0.000000,0.000000,0.000000,0.000000,0.000000,0.000000,0.000000,1.000000,0.000000,0.000000,0.000000,6,20260925-101417,kwh,49.560
C:\Users\josep\source\repos\AIOTED-digital\04_joe_lcd_20x32\7_main_dig6_20260925-183017.jpg,7,7,0.892223,0.000003,0.000330,0.000036,0.107406,0.000000,0.000000,0.000000,0.892223,0.000000,0.000000,0.000000,6,20260925-183017,kwh,19.887
C:\Users\josep\source\repos\AIOTED-digital\04_joe_lcd_20x32\7_main_dig6_20260925-184217.jpg,7,7,0.650044,0.000051,0.078518,0.000198,0.271111,0.000008,0.000000,0.000000,0.650044,0.000020,0.000049,0.000001,6,20260925-184217,kwh,22.097
C:\Users\josep\source\repos\AIOTED-digital\04_joe_lcd_20x32\8_main_dig2_20260803-002410.jpg,8,8,1.000000,0.000000,0.000000,0.000000,0.000000,0.000000,0.000000,0.000000,0.000000,1.000000,0.000000,0.000000,2,20260803-002410,test8,139.052
C:\Users\josep\source\repos\AIOTED-digital\04_joe_lcd_20x32\8_main_dig2_20260803-020410.jpg,8,8,1.000000,0.000000,0.000000,0.000000,0.000000,0.000000,0.000000,0.000000,0.000000,1.000000,0.000000,0.000000,2,20260803-020410,test8,142.708
C:\Users\josep\source\repos\AIOTED-digital\04_joe_lcd_20x32\8_main_dig2_20260803-024409.jpg,8,8,1.000000,0.000000,0.000000,0.000000,0.000000,0.000000,0.000000,0.000000,0.000000,1.000000,0.000000,0.000000,2,20260803-024409,test8,143.891
C:\Users\josep\source\repos\AIOTED-digital\04_joe_lcd_20x32\8_main_dig2_20260803-025209.jpg,8,8,1.000000,0.000000,0.000000,0.000000,0.000000,0.000000,0.000000,0.000000,0.000000,1.000000,0.000000,0.000000,2,20260803-025209,test8,145.972
C:\Users\josep\source\repos\AIOTED-digital\04_joe_lcd_20x32\8_main_dig2_20260803-043209.jpg,8,8,1.000000,0.000000,0.000000,0.000000,0.000000,0.000000,0.000000,0.000000,0.000000,1.000000,0.000000,0.000000,2,20260803-043209,test8,143.969
C:\Users\josep\source\repos\AIOTED-digital\04_joe_lcd_20x32\8_main_dig2_20260803-051209.jpg,8,8,1.000000,0.000000,0.000000,0.000000,0.000000,0.000000,0.000000,0.000000,0.000000,1.000000,0.000000,0.000000,2,20260803-051209,test8,140.061
C:\Users\josep\source\repos\AIOTED-digital\04_joe_lcd_20x32\8_main_dig2_20260803-053209.jpg,8,8,1.000000,0.000000,0.000000,0.000000,0.000000,0.000000,0.000000,0.000000,0.000000,1.000000,0.000000,0.000000,2,20260803-053209,test8,138.289
C:\Users\josep\source\repos\AIOTED-digital\04_joe_lcd_20x32\8_main_dig2_20260803-204725.jpg,8,8,1.000000,0.000000,0.000000,0.000000,0.000000,0.000000,0.000000,0.000000,0.000000,1.000000,0.000000,0.000000,2,20260803-204725,test8,139.180
C:\Users\josep\source\repos\AIOTED-digital\04_joe_lcd_20x32\8_main_dig2_20260803-220725.jpg,8,8,1.000000,0.000000,0.000000,0.000000,0.000000,0.000000,0.000000,0.000000,0.000000,1.000000,0.000000,0.000000,2,20260803-220725,test8,135.753
C:\Users\josep\source\repos\AIOTED-digital\04_joe_lcd_20x32\8_main_dig2_20260803-222725.jpg,8,8,1.000000,0.000000,0.000000,0.000000,0.000000,0.000000,0.000000,0.000000,0.000000,1.000000,0.000000,0.000000,2,20260803-222725,test8,136.246
C:\Users\josep\source\repos\AIOTED-digital\04_joe_lcd_20x32\8_main_dig2_20260803-223525.jpg,8,8,1.000000,0.000000,0.000000,0.000000,0.000000,0.000000,0.000000,0.000000,0.000000,1.000000,0.000000,0.000000,2,20260803-223525,test8,133.794
C:\Users\josep\source\repos\AIOTED-digital\04_joe_lcd_20x32\8_main_dig2_20260803-225525.jpg,8,8,1.000000,0.000000,0.000000,0.000000,0.000000,0.000000,0.000000,0.000000,0.000000,1.000000,0.000000,0.000000,2,20260803-225525,test8,132.399
C:\Users\josep\source\repos\AIOTED-digital\04_joe_lcd_20x32\8_main_dig2_20260803-233525.jpg,8,8,1.000000,0.000000,0.000000,0.000000,0.000000,0.000000,0.000000,0.000000,0.000000,1.000000,0.000000,0.000000,2,20260803-233525,test8,135.207
C:\Users\josep\source\repos\AIOTED-digital\04_joe_lcd_20x32\8_main_dig2_20260803-235525.jpg,8,8,1.000000,0.000000,0.000000,0.000000,0.000000,0.000000,0.000000,0.000000,0.000000,1.000000,0.000000,0.000000,2,20260803-235525,test8,130.067
C:\Users\josep\source\repos\AIOTED-digital\04_joe_lcd_20x32\8_main_dig2_20260815-085404.jpg,8,8,1.000000,0.000000,0.000000,0.000000,0.000000,0.000000,0.000000,0.000000,0.000000,1.000000,0.000000,0.000000,2,20260815-085404,test8,80.504
C:\Users\josep\source\repos\AIOTED-digital\04_joe_lcd_20x32\8_main_dig2_20260815-173403.jpg,8,8,1.000000,0.000000,0.000000,0.000000,0.000000,0.000000,0.000000,0.000000,0.000000,1.000000,0.000000,0.000000,2,20260815-173403,test8,85.862
C:\Users\josep\source\repos\AIOTED-digital\04_joe_lcd_20x32\8_main_dig2_20260824-174946.jpg,8,8,1.000000,0.000000,0.000000,0.000000,0.000000,0.000000,0.000000,0.000000,0.000000,1.000000,0.000000,0.000000,2,20260824-174946,test8,81.239
C:\Users\josep\source\repos\AIOTED-digital\04_joe_lcd_20x32\8_main_dig2_20260828-070940.jpg,8,8,1.000000,0.000000,0.000000,0.000000,0.000000,0.000000,0.000000,0.000000,0.000000,1.000000,0.000000,0.000000,2,20260828-070940,test8,83.662
C:\Users\josep\source\repos\AIOTED-digital\04_joe_lcd_20x32\8_main_dig2_20260828-074940.jpg,8,8,1.000000,0.000000,0.000000,0.000000,0.000000,0.000000,0.000000,0.000000,0.000000,1.000000,0.000000,0.000000,2,20260828-074940,test8,77.571
C:\Users\josep\source\repos\AIOTED-digital\04_joe_lcd_20x32\8_main_dig2_20260903-084708.jpg,8,8,1.000000,0.000000,0.000000,0.000000,0.000000,0.000000,0.000000,0.000000,0.000000,1.000000,0.000000,0.000000,2,20260903-084708,test8,87.893
C:\Users\josep\source\repos\AIOTED-digital\04_joe_lcd_20x32\8_main_dig2_20260903-165507.jpg,8,8,1.000000,0.000000,0.000000,0.000000,0.000000,0.000000,0.000000,0.000000,0.000000,1.000000,0.000000,0.000000,2,20260903-165507,test8,82.798
C:\Users\josep\source\repos\AIOTED-digital\04_joe_lcd_20x32\8_main_dig2_20260915-122536.jpg,8,8,1.000000,0.000000,0.000000,0.000000,0.000000,0.000000,0.000000,0.000000,0.000000,1.000000,0.000000,0.000000,2,20260915-122536,test8,73.035
C:\Users\josep\source\repos\AIOTED-digital\04_joe_lcd_20x32\8_main_dig2_20260915-163336.jpg,8,8,1.000000,0.000000,0.000000,0.000000,0.000000,0.000000,0.000000,0.000000,0.000000,1.000000,0.000000,0.000000,2,20260915-163336,test8,82.214
C:\Users\josep\source\repos\AIOTED-digital\04_joe_lcd_20x32\8_main_dig2_20260915-171336.jpg,8,8,1.000000,0.000000,0.000000,0.000000,0.000000,0.000000,0.000000,0.000000,0.000000,1.000000,0.000000,0.000000,2,20260915-171336,test8,85.828
C:\Users\josep\source\repos\AIOTED-digital\04_joe_lcd_20x32\8_main_dig2_20260918-071731.jpg,8,8,1.000000,0.000000,0.000000,0.000000,0.000000,0.000000,0.000000,0.000000,0.000000,1.000000,0.000000,0.000000,2,20260918-071731,test8,89.014
C:\Users\josep\source\repos\AIOTED-digital\04_joe_lcd_20x32\8_main_dig2_20260918-132531.jpg,8,8,1.000000,0.000000,0.000000,0.000000,0.000000,0.000000,0.000000,0.000000,0.000000,1.000000,0.000000,0.000000,2,20260918-132531,test8,83.858
C:\Users\josep\source\repos\AIOTED-digital\04_joe_lcd_20x32\8_main_dig2_20260919-130129.jpg,8,8,1.000000,0.000000,0.000000,0.000000,0.000000,0.000000,0.000000,0.000000,0.000000,1.000000,0.000000,0.000000,2,20260919-130129,test8,81.221
C:\Users\josep\source\repos\AIOTED-digital\04_joe_lcd_20x32\8_main_dig2_20260919-142929.jpg,8,8,1.000000,0.000000,0.000000,0.000000,0.000000,0.000000,0.000000,0.000000,0.000000,1.000000,0.000000,0.000000,2,20260919-142929,test8,87.053
C:\Users\josep\source\repos\AIOTED-digital\04_joe_lcd_20x32\8_main_dig2_20260925-075017.jpg,8,8,1.000000,0.000000,0.000000,0.000000,0.000000,0.000000,0.000000,0.000000,0.000000,1.000000,0.000000,0.000000,2,20260925-075017,test8,88.000
C:\Users\josep\source\repos\AIOTED-digital\04_joe_lcd_20x32\8_main_dig2_20260925-121017.jpg,8,8,1.000000,0.000000,0.000000,0.000000,0.000000,0.000000,0.000000,0.000000,0.000000,1.000000,0.000000,0.000000,2,20260925-121017,test8,72.562
C:\Users\josep\source\repos\AIOTED-digital\04_joe_lcd_20x32\8_main_dig2_20260925-123017.jpg,8,8,1.000000,0.000000,0.000000,0.000000,0.000000,0.000000,0.000000,0.000000,0.000000,1.000000,0.000000,0.000000,2,20260925-123017,test8,70.358
C:\Users\josep\source\repos\AIOTED-digital\04_joe_lcd_20x32\8_main_dig3_20260803-014410.jpg,8,8,0.999999,0.000000,0.000000,0.000000,0.000001,0.000000,0.000000,0.000000,0.000000,0.999999,0.000000,0.000000,3,20260803-014410,test8,159.085
C:\Users\josep\source\repos\AIOTED-digital\04_joe_lcd_20x32\8_main_dig3_20260803-025209.jpg,8,8,0.999999,0.000000,0.000000,0.000000,0.000001,0.000000,0.000000,0.000000,0.000000,0.999999,0.000000,0.000000,3,20260803-025209,test8,162.047
C:\Users\josep\source\repos\AIOTED-digital\04_joe_lcd_20x32\8_main_dig3_20260803-222725.jpg,8,8,1.000000,0.000000,0.000000,0.000000,0.000000,0.000000,0.000000,0.000000,0.000000,1.000000,0.000000,0.000000,3,20260803-222725,test8,167.367
C:\Users\josep\source\repos\AIOTED-digital\04_joe_lcd_20x32\8_main_dig3_20260803-233525.jpg,8,8,1.000000,0.000000,0.000000,0.000000,0.000000,0.000000,0.000000,0.000000,0.000000,1.000000,0.000000,0.000000,3,20260803-233525,test8,169.558
C:\Users\josep\source\repos\AIOTED-digital\04_joe_lcd_20x32\8_main_dig3_20260815-142603.jpg,8,8,1.000000,0.000000,0.000000,0.000000,0.000000,0.000000,0.000000,0.000000,0.000000,1.000000,0.000000,0.000000,3,20260815-142603,kwh,97.940
C:\Users\josep\source\repos\AIOTED-digital\04_joe_lcd_20x32\8_main_dig3_20260815-175403.jpg,8,8,1.000000,0.000000,0.000000,0.000000,0.000000,0.000000,0.000000,0.000000,0.000000,1.000000,0.000000,0.000000,3,20260815-175403,kwh,102.882
C:\Users\josep\source\repos\AIOTED-digital\04_joe_lcd_20x32\8_main_dig3_20260815-180603.jpg,8,8,1.000000,0.000000,0.000000,0.000000,0.000000,0.000000,0.000000,0.000000,0.000000,1.000000,0.000000,0.000000,3,20260815-180603,kwh,105.701
C:\Users\josep\source\repos\AIOTED-digital\04_joe_lcd_20x32\8_main_dig3_20260815-183403.jpg,8,8,1.000000,0.000000,0.000000,0.000000,0.000000,0.000000,0.000000,0.000000,0.000000,1.000000,0.000000,0.000000,3,20260815-183403,test8,105.938
C:\Users\josep\source\repos\AIOTED-digital\04_joe_lcd_20x32\8_main_dig3_20260815-203403.jpg,8,8,0.999997,0.000003,0.000000,0.000000,0.000000,0.000000,0.000000,0.000000,0.000000,0.999997,0.000000,0.000000,3,20260815-203403,kwh,110.661
C:\Users\josep\source\repos\AIOTED-digital\04_joe_lcd_20x32\8_main_dig3_20260824-044547.jpg,8,8,0.999255,0.000745,0.000000,0.000000,0.000000,0.000000,0.000000,0.000000,0.000000,0.999255,0.000000,0.000000,3,20260824-044547,test8,108.685
C:\Users\josep\source\repos\AIOTED-digital\04_joe_lcd_20x32\8_main_dig3_20260824-054547.jpg,8,8,0.999993,0.000007,0.000000,0.000000,0.000000,0.000000,0.000000,0.000000,0.000000,0.999993,0.000000,0.000000,3,20260824-054547,test8,105.702
C:\Users\josep\source\repos\AIOTED-digital\04_joe_lcd_20x32\8_main_dig3_20260824-070547.jpg,8,8,1.000000,0.000000,0.000000,0.000000,0.000000,0.000000,0.000000,0.000000,0.000000,1.000000,0.000000,0.000000,3,20260824-070547,kwh,100.907
C:\Users\josep\source\repos\AIOTED-digital\04_joe_lcd_20x32\8_main_dig3_20260824-095347.jpg,8,8,1.000000,0.000000,0.000000,0.000000,0.000000,0.000000,0.000000,0.000000,0.000000,1.000000,0.000000,0.000000,3,20260824-095347,kwh,88.499
C:\Users\josep\source\repos\AIOTED-digital\04_joe_lcd_20x32\8_main_dig3_20260824-152546.jpg,8,8,1.000000,0.000000,0.000000,0.000000,0.000000,0.000000,0.000000,0.000000,0.000000,1.000000,0.000000,0.000000,3,20260824-152546,test8,95.898
C:\Users\josep\source\repos\AIOTED-digital\04_joe_lcd_20x32\8_main_dig3_20260828-061340.jpg,8,8,1.000000,0.000000,0.000000,0.000000,0.000000,0.000000,0.000000,0.000000,0.000000,1.000000,0.000000,0.000000,3,20260828-061340,kwh,100.581
C:\Users\josep\source\repos\AIOTED-digital\04_joe_lcd_20x32\8_main_dig3_20260828-071340.jpg,8,8,1.000000,0.000000,0.000000,0.000000,0.000000,0.000000,0.000000,0.000000,0.000000,1.000000,0.000000,0.000000,3,20260828-071340,kwh,94.759
C:\Users\josep\source\repos\AIOTED-digital\04_joe_lcd_20x32\8_main_dig3_20260828-140139.jpg,8,8,1.000000,0.000000,0.000000,0.000000,0.000000,0.000000,0.000000,0.000000,0.000000,1.000000,0.000000,0.000000,3,20260828-140139,test8,97.625
C:\Users\josep\source\repos\AIOTED-digital\04_joe_lcd_20x32\8_main_dig3_20260828-152139.jpg,8,8,1.000000,0.000000,0.000000,0.000000,0.000000,0.000000,0.000000,0.000000,0.000000,1.000000,0.000000,0.000000,3,20260828-152139,kwh,96.116
C:\Users\josep\source\repos\AIOTED-digital\04_joe_lcd_20x32\8_main_dig3_20260828-180939.jpg,8,8,1.000000,0.000000,0.000000,0.000000,0.000000,0.000000,0.000000,0.000000,0.000000,1.000000,0.000000,0.000000,3,20260828-180939,test8,97.267
C:\Users\josep\source\repos\AIOTED-digital\04_joe_lcd_20x32\8_main_dig3_20260828-194939.jpg,8,8,0.999961,0.000039,0.000000,0.000000,0.000000,0.000000,0.000000,0.000000,0.000000,0.999961,0.000000,0.000000,3,20260828-194939,test8,104.757
C:\Users\josep\source\repos\AIOTED-digital\04_joe_lcd_20x32\8_main_dig3_20260903-012308.jpg,8,8,0.999944,0.000055,0.000000,0.000000,0.000000,0.000000,0.000000,0.000000,0.000000,0.999944,0.000001,0.000000,3,20260903-012308,test8,112.937
C:\Users\josep\source\repos\AIOTED-digital\04_joe_lcd_20x32\8_main_dig3_20260903-171907.jpg,8,8,1.000000,0.000000,0.000000,0.000000,0.000000,0.000000,0.000000,0.000000,0.000000,1.000000,0.000000,0.000000,3,20260903-171907,kwh,100.075
C:\Users\josep\source\repos\AIOTED-digital\04_joe_lcd_20x32\8_main_dig3_20260903-173907.jpg,8,8,1.000000,0.000000,0.000000,0.000000,0.000000,0.000000,0.000000,0.000000,0.000000,1.000000,0.000000,0.000000,3,20260903-173907,kwh,98.611
C:\Users\josep\source\repos\AIOTED-digital\04_joe_lcd_20x32\8_main_dig3_20260903-183907.jpg,8,8,1.000000,0.000000,0.000000,0.000000,0.000000,0.000000,0.000000,0.000000,0.000000,1.000000,0.000000,0.000000,3,20260903-183907,kwh,107.444
C:\Users\josep\source\repos\AIOTED-digital\04_joe_lcd_20x32\8_main_dig3_20260903-192707.jpg,8,8,0.999972,0.000026,0.000000,0.000000,0.000000,0.000000,0.000000,0.000000,0.000000,0.999972,0.000002,0.000000,3,20260903-192707,kwh,111.027
C:\Users\josep\source\repos\AIOTED-digital\04_joe_lcd_20x32\8_main_dig4_20260803-033209.jpg,8,8,0.998298,0.000002,0.000000,0.000000,0.000000,0.000000,0.000000,0.000000,0.000000,0.998298,0.001701,0.000000,4,20260803-033209,test8,97.300
C:\Users\josep\source\repos\AIOTED-digital\04_joe_lcd_20x32\8_main_dig4_20260803-035209.jpg,8,8,0.995201,0.000000,0.000000,0.000000,0.000000,0.000000,0.000000,0.000000,0.000000,0.995201,0.004799,0.000000,4,20260803-035209,test8,99.909
C:\Users\josep\source\repos\AIOTED-digital\04_joe_lcd_20x32\8_main_dig4_20260803-184725.jpg,8,8,1.000000,0.000000,0.000000,0.000000,0.000000,0.000000,0.000000,0.000000,0.000000,1.000000,0.000000,0.000000,4,20260803-184725,test8,93.840
C:\Users\josep\source\repos\AIOTED-digital\04_joe_lcd_20x32\8_main_dig4_20260803-194725.jpg,8,8,1.000000,0.000000,0.000000,0.000000,0.000000,0.000000,0.000000,0.000000,0.000000,1.000000,0.000000,0.000000,4,20260803-194725,test8,96.022
C:\Users\josep\source\repos\AIOTED-digital\04_joe_lcd_20x32\8_main_dig4_20260803-204725.jpg,8,8,0.999998,0.000000,0.000000,0.000000,0.000000,0.000000,0.000000,0.000000,0.000000,0.999998,0.000002,0.000000,4,20260803-204725,test8,113.464
C:\Users\josep\source\repos\AIOTED-digital\04_joe_lcd_20x32\8_main_dig4_20260803-233525.jpg,8,8,0.999983,0.000000,0.000000,0.000000,0.000000,0.000000,0.000000,0.000000,0.000000,0.999983,0.000017,0.000000,4,20260803-233525,test8,116.065
C:\Users\josep\source\repos\AIOTED-digital\04_joe_lcd_20x32\8_main_dig5_20260803-200725.jpg,8,8,0.999997,0.000000,0.000000,0.000000,0.000000,0.000000,0.000000,0.000000,0.000000,0.999997,0.000002,0.000000,5,20260803-200725,test8,51.690
C:\Users\josep\source\repos\AIOTED-digital\04_joe_lcd_20x32\8_main_dig5_20260803-212725.jpg,8,8,0.999990,0.000010,0.000000,0.000000,0.000000,0.000000,0.000000,0.000000,0.000000,0.999990,0.000001,0.000000,5,20260803-212725,test8,54.085
C:\Users\josep\source\repos\AIOTED-digital\04_joe_lcd_20x32\8_main_dig5_20260803-214725.jpg,8,8,0.999999,0.000001,0.000000,0.000000,0.000000,0.000000,0.000000,0.000000,0.000000,0.999999,0.000000,0.000000,5,20260803-214725,test8,54.069
C:\Users\josep\source\repos\AIOTED-digital\04_joe_lcd_20x32\8_main_dig5_20260803-222725.jpg,8,8,0.999998,0.000002,0.000000,0.000000,0.000000,0.000000,0.000000,0.000000,0.000000,0.999998,0.000000,0.000000,5,20260803-222725,test8,53.981
C:\Users\josep\source\repos\AIOTED-digital\04_joe_lcd_20x32\8_main_dig5_20260803-235525.jpg,8,8,0.999979,0.000009,0.000000,0.000000,0.000000,0.000000,0.000000,0.000000,0.000000,0.999979,0.000012,0.000000,5,20260803-235525,test8,53.077
C:\Users\josep\source\repos\AIOTED-digital\04_joe_lcd_20x32\8_main_dig5_20260915-072936.jpg,8,0,0.785770,0.785770,0.000000,0.000000,0.000000,0.000000,0.000000,0.000000,0.000000,0.214228,0.000002,0.000000,5,20260915-072936,kwh,51.121
C:\Users\josep\source\repos\AIOTED-digital\04_joe_lcd_20x32\8_main_dig5_20260915-074936.jpg,8,8,0.912839,0.087160,0.000000,0.000000,0.000000,0.000000,0.000000,0.000000,0.000000,0.912839,0.000001,0.000000,5,20260915-074936,kwh,51.708
C:\Users\josep\source\repos\AIOTED-digital\04_joe_lcd_20x32\8_main_dig5_20260915-080936.jpg,8,0,0.612439,0.612439,0.000000,0.000000,0.000000,0.000000,0.000000,0.000000,0.000000,0.387559,0.000001,0.000000,5,20260915-080936,kwh,51.038
C:\Users\josep\source\repos\AIOTED-digital\04_joe_lcd_20x32\8_main_dig5_20260915-091736.jpg,8,8,0.994748,0.005252,0.000000,0.000000,0.000000,0.000000,0.000000,0.000000,0.000000,0.994748,0.000000,0.000000,5,20260915-091736,test8,49.681
C:\Users\josep\source\repos\AIOTED-digital\04_joe_lcd_20x32\8_main_dig5_20260915-094936.jpg,8,8,0.999808,0.000192,0.000000,0.000000,0.000000,0.000000,0.000000,0.000000,0.000000,0.999808,0.000000,0.000000,5,20260915-094936,kwh,46.718
C:\Users\josep\source\repos\AIOTED-digital\04_joe_lcd_20x32\8_main_dig5_20260915-095736.jpg,8,8,0.999449,0.000551,0.000000,0.000000,0.000000,0.000000,0.000000,0.000000,0.000000,0.999449,0.000000,0.000000,5,20260915-095736,test8,48.022
C:\Users\josep\source\repos\AIOTED-digital\04_joe_lcd_20x32\8_main_dig5_20260915-103736.jpg,8,8,1.000000,0.000000,0.000000,0.000000,0.000000,0.000000,0.000000,0.000000,0.000000,1.000000,0.000000,0.000000,5,20260915-103736,test8,51.161
C:\Users\josep\source\repos\AIOTED-digital\04_joe_lcd_20x32\8_main_dig5_20260915-104936.jpg,8,8,1.000000,0.000000,0.000000,0.000000,0.000000,0.000000,0.000000,0.000000,0.000000,1.000000,0.000000,0.000000,5,20260915-104936,test8,53.057
C:\Users\josep\source\repos\AIOTED-digital\04_joe_lcd_20x32\8_main_dig5_20260915-105736.jpg,8,8,0.999999,0.000001,0.000000,0.000000,0.000000,0.000000,0.000000,0.000000,0.000000,0.999999,0.000000,0.000000,5,20260915-105736,test8,51.107
C:\Users\josep\source\repos\AIOTED-digital\04_joe_lcd_20x32\8_main_dig5_20260915-113736.jpg,8,8,1.000000,0.000000,0.000000,0.000000,0.000000,0.000000,0.000000,0.000000,0.000000,1.000000,0.000000,0.000000,5,20260915-113736,test8,61.360
C:\Users\josep\source\repos\AIOTED-digital\04_joe_lcd_20x32\8_main_dig5_20260915-114936.jpg,8,8,1.000000,0.000000,0.000000,0.000000,0.000000,0.000000,0.000000,0.000000,0.000000,1.000000,0.000000,0.000000,5,20260915-114936,test8,53.412
C:\Users\josep\source\repos\AIOTED-digital\04_joe_lcd_20x32\8_main_dig5_20260918-140530.jpg,8,8,0.999996,0.000004,0.000000,0.000000,0.000000,0.000000,0.000000,0.000000,0.000000,0.999996,0.000000,0.000000,5,20260918-140530,test8,44.430
C:\Users\josep\source\repos\AIOTED-digital\04_joe_lcd_20x32\8_main_dig5_20260919-111329.jpg,8,8,0.999999,0.000001,0.000000,0.000000,0.000000,0.000000,0.000000,0.000000,0.000000,0.999999,0.000000,0.000000,5,20260919-111329,kwh,49.163
C:\Users\josep\source\repos\AIOTED-digital\04_joe_lcd_20x32\8_main_dig5_20260919-120529.jpg,8,8,1.000000,0.000000,0.000000,0.000000,0.000000,0.000000,0.000000,0.000000,0.000000,1.000000,0.000000,0.000000,5,20260919-120529,kwh,47.132
C:\Users\josep\source\repos\AIOTED-digital\04_joe_lcd_20x32\8_main_dig5_20260919-121329.jpg,8,8,1.000000,0.000000,0.000000,0.000000,0.000000,0.000000,0.000000,0.000000,0.000000,1.000000,0.000000,0.000000,5,20260919-121329,kwh,47.155
C:\Users\josep\source\repos\AIOTED-digital\04_joe_lcd_20x32\8_main_dig5_20260919-122529.jpg,8,8,1.000000,0.000000,0.000000,0.000000,0.000000,0.000000,0.000000,0.000000,0.000000,1.000000,0.000000,0.000000,5,20260919-122529,kwh,49.043
C:\Users\josep\source\repos\AIOTED-digital\04_joe_lcd_20x32\8_main_dig5_20260919-134129.jpg,8,8,1.000000,0.000000,0.000000,0.000000,0.000000,0.000000,0.000000,0.000000,0.000000,1.000000,0.000000,0.000000,5,20260919-134129,kwh,47.060
C:\Users\josep\source\repos\AIOTED-digital\04_joe_lcd_20x32\8_main_dig5_20260919-145329.jpg,8,8,1.000000,0.000000,0.000000,0.000000,0.000000,0.000000,0.000000,0.000000,0.000000,1.000000,0.000000,0.000000,5,20260919-145329,kwh,47.286
C:\Users\josep\source\repos\AIOTED-digital\04_joe_lcd_20x32\8_main_dig5_20260919-150129.jpg,8,8,0.999050,0.000950,0.000000,0.000000,0.000000,0.000000,0.000000,0.000000,0.000000,0.999050,0.000000,0.000000,5,20260919-150129,kwh,48.772
C:\Users\josep\source\repos\AIOTED-digital\04_joe_lcd_20x32\8_main_dig5_20260919-155329.jpg,8,8,0.999995,0.000005,0.000000,0.000000,0.000000,0.000000,0.000000,0.000000,0.000000,0.999995,0.000000,0.000000,5,20260919-155329,kwh,48.783
C:\Users\josep\source\repos\AIOTED-digital\04_joe_lcd_20x32\8_main_dig5_20260919-164129.jpg,8,8,0.954041,0.045959,0.000000,0.000000,0.000000,0.000000,0.000000,0.000000,0.000000,0.954041,0.000000,0.000000,5,20260919-164129,test8,50.171
C:\Users\josep\source\repos\AIOTED-digital\04_joe_lcd_20x32\8_main_dig5_20260919-165329.jpg,8,8,0.930697,0.069303,0.000000,0.000000,0.000000,0.000000,0.000000,0.000000,0.000000,0.930697,0.000000,0.000000,5,20260919-165329,test8,50.141
C:\Users\josep\source\repos\AIOTED-digital\04_joe_lcd_20x32\8_main_dig5_20260919-174129.jpg,8,8,0.802385,0.197613,0.000000,0.000000,0.000000,0.000000,0.000000,0.000000,0.000000,0.802385,0.000001,0.000000,5,20260919-174129,test8,49.167
C:\Users\josep\source\repos\AIOTED-digital\04_joe_lcd_20x32\8_main_dig5_20260925-161817.jpg,8,8,0.999966,0.000034,0.000000,0.000000,0.000000,0.000000,0.000000,0.000000,0.000000,0.999966,0.000000,0.000000,5,20260925-161817,test8,45.102
C:\Users\josep\source\repos\AIOTED-digital\04_joe_lcd_20x32\8_main_dig6_20260803-071415.jpg,8,8,1.000000,0.000000,0.000000,0.000000,0.000000,0.000000,0.000000,0.000000,0.000000,1.000000,0.000000,0.000000,6,20260803-071415,test8,91.021
C:\Users\josep\source\repos\AIOTED-digital\04_joe_lcd_20x32\8_main_dig6_20260803-162152.jpg,8,8,1.000000,0.000000,0.000000,0.000000,0.000000,0.000000,0.000000,0.000000,0.000000,1.000000,0.000000,0.000000,6,20260803-162152,test8,127.859
C:\Users\josep\source\repos\AIOTED-digital\04_joe_lcd_20x32\8_main_dig6_20260803-162952.jpg,8,8,1.000000,0.000000,0.000000,0.000000,0.000000,0.000000,0.000000,0.000000,0.000000,1.000000,0.000000,0.000000,6,20260803-162952,test8,132.050
C:\Users\josep\source\repos\AIOTED-digital\04_joe_lcd_20x32\8_main_dig6_20260803-170552.jpg,8,8,1.000000,0.000000,0.000000,0.000000,0.000000,0.000000,0.000000,0.000000,0.000000,1.000000,0.000000,0.000000,6,20260803-170552,test8,104.449
C:\Users\josep\source\repos\AIOTED-digital\04_joe_lcd_20x32\8_main_dig6_20260803-193925.jpg,8,8,1.000000,0.000000,0.000000,0.000000,0.000000,0.000000,0.000000,0.000000,0.000000,1.000000,0.000000,0.000000,6,20260803-193925,kwh,25.361
C:\Users\josep\source\repos\AIOTED-digital\04_joe_lcd_20x32\8_main_dig6_20260815-130604.jpg,8,8,1.000000,0.000000,0.000000,0.000000,0.000000,0.000000,0.000000,0.000000,0.000000,1.000000,0.000000,0.000000,6,20260815-130604,kwh,83.852
C:\Users\josep\source\repos\AIOTED-digital\04_joe_lcd_20x32\8_main_dig6_20260815-165803.jpg,8,8,1.000000,0.000000,0.000000,0.000000,0.000000,0.000000,0.000000,0.000000,0.000000,1.000000,0.000000,0.000000,6,20260815-165803,kwh,56.173
C:\Users\josep\source\repos\AIOTED-digital\04_joe_lcd_20x32\8_main_dig6_20260815-171803.jpg,8,8,1.000000,0.000000,0.000000,0.000000,0.000000,0.000000,0.000000,0.000000,0.000000,1.000000,0.000000,0.000000,6,20260815-171803,kwh,52.137
C:\Users\josep\source\repos\AIOTED-digital\04_joe_lcd_20x32\8_main_dig6_20260815-172603.jpg,8,8,1.000000,0.000000,0.000000,0.000000,0.000000,0.000000,0.000000,0.000000,0.000000,1.000000,0.000000,0.000000,6,20260815-172603,test8,48.895
C:\Users\josep\source\repos\AIOTED-digital\04_joe_lcd_20x32\8_main_dig6_20260815-173803.jpg,8,8,1.000000,0.000000,0.000000,0.000000,0.000000,0.000000,0.000000,0.000000,0.000000,1.000000,0.000000,0.000000,6,20260815-173803,test8,46.100
C:\Users\josep\source\repos\AIOTED-digital\04_joe_lcd_20x32\8_main_dig6_20260815-233403.jpg,8,8,0.892655,0.055094,0.000002,0.000010,0.000223,0.000186,0.000376,0.001112,0.000066,0.892655,0.050270,0.000006,6,20260815-233403,kwh,30.164
C:\Users\josep\source\repos\AIOTED-digital\04_joe_lcd_20x32\8_main_dig6_20260815-235403.jpg,8,8,0.857536,0.107655,0.000053,0.000090,0.001745,0.000177,0.000106,0.000556,0.000994,0.857536,0.031062,0.000027,6,20260815-235403,kwh,30.682
C:\Users\josep\source\repos\AIOTED-digital\04_joe_lcd_20x32\8_main_dig6_20260824-164546.jpg,8,8,1.000000,0.000000,0.000000,0.000000,0.000000,0.000000,0.000000,0.000000,0.000000,1.000000,0.000000,0.000000,6,20260824-164546,kwh,67.252
C:\Users\josep\source\repos\AIOTED-digital\04_joe_lcd_20x32\8_main_dig6_20260824-165346.jpg,8,8,1.000000,0.000000,0.000000,0.000000,0.000000,0.000000,0.000000,0.000000,0.000000,1.000000,0.000000,0.000000,6,20260824-165346,test8,54.971
C:\Users\josep\source\repos\AIOTED-digital\04_joe_lcd_20x32\8_main_dig6_20260824-221346.jpg,8,8,0.592476,0.055010,0.003001,0.005232,0.113657,0.009553,0.000541,0.000620,0.022847,0.592476,0.192666,0.004397,6,20260824-221346,kwh,33.854
C:\Users\josep\source\repos\AIOTED-digital\04_joe_lcd_20x32\8_main_dig6_20260824-230146.jpg,8,8,0.884958,0.010879,0.000062,0.000404,0.011993,0.002262,0.000108,0.000306,0.000766,0.884958,0.087703,0.000557,6,20260824-230146,kwh,32.250
C:\Users\josep\source\repos\AIOTED-digital\04_joe_lcd_20x32\8_main_dig6_20260828-084139.jpg,8,8,1.000000,0.000000,0.000000,0.000000,0.000000,0.000000,0.000000,0.000000,0.000000,1.000000,0.000000,0.000000,6,20260828-084139,kwh,61.168
C:\Users\josep\source\repos\AIOTED-digital\04_joe_lcd_20x32\8_main_dig6_20260828-172139.jpg,8,8,1.000000,0.000000,0.000000,0.000000,0.000000,0.000000,0.000000,0.000000,0.000000,1.000000,0.000000,0.000000,6,20260828-172139,kwh,43.817
C:\Users\josep\source\repos\AIOTED-digital\04_joe_lcd_20x32\8_main_dig6_20260828-172939.jpg,8,8,1.000000,0.000000,0.000000,0.000000,0.000000,0.000000,0.000000,0.000000,0.000000,1.000000,0.000000,0.000000,6,20260828-172939,kwh,45.589
C:\Users\josep\source\repos\AIOTED-digital\04_joe_lcd_20x32\8_main_dig6_20260828-235738.jpg,8,8,0.915204,0.010799,0.000004,0.000237,0.001976,0.000448,0.000039,0.000111,0.000154,0.915204,0.070916,0.000113,6,20260828-235738,test8,31.040
C:\Users\josep\source\repos\AIOTED-digital\04_joe_lcd_20x32\8_main_dig6_20260903-172707.jpg,8,8,1.000000,0.000000,0.000000,0.000000,0.000000,0.000000,0.000000,0.000000,0.000000,1.000000,0.000000,0.000000,6,20260903-172707,kwh,43.687
C:\Users\josep\source\repos\AIOTED-digital\04_joe_lcd_20x32\8_main_dig6_20260903-173907.jpg,8,8,1.000000,0.000000,0.000000,0.000000,0.000000,0.000000,0.000000,0.000000,0.000000,1.000000,0.000000,0.000000,6,20260903-173907,kwh,50.751
C:\Users\josep\source\repos\AIOTED-digital\04_joe_lcd_20x32\8_main_dig6_20260918-195730.jpg,8,8,0.978045,0.019934,0.000000,0.000001,0.000003,0.000013,0.000000,0.000004,0.000002,0.978045,0.001999,0.000000,6,20260918-195730,kwh,25.002
C:\Users\josep\source\repos\AIOTED-digital\04_joe_lcd_20x32\8_main_dig6_20260918-200930.jpg,8,8,0.881499,0.102247,0.000109,0.000044,0.000087,0.000566,0.000006,0.000034,0.000192,0.881499,0.015215,0.000001,6,20260918-200930,kwh,24.396
C:\Users\josep\source\repos\AIOTED-digital\04_joe_lcd_20x32\8_main_dig6_20260918-203730.jpg,8,8,0.959376,0.038448,0.000001,0.000003,0.000006,0.000015,0.000001,0.000011,0.000006,0.959376,0.002133,0.000000,6,20260918-203730,test8,24.394
C:\Users\josep\source\repos\AIOTED-digital\04_joe_lcd_20x32\8_main_dig6_20260919-182129.jpg,8,8,0.942717,0.054781,0.000000,0.000000,0.000000,0.000018,0.000000,0.000002,0.000000,0.942717,0.002481,0.000000,6,20260919-182129,test8,23.007
C:\Users\josep\source\repos\AIOTED-digital\04_joe_lcd_20x32\8_main_dig6_20260919-185329.jpg,8,8,0.944187,0.052264,0.000075,0.000030,0.000025,0.000242,0.000039,0.001024,0.000044,0.944187,0.002069,0.000001,6,20260919-185329,test8,25.703
C:\Users\josep\source\repos\AIOTED-digital\04_joe_lcd_20x32\8_main_dig6_20260925-000618.jpg,8,8,0.900923,0.088623,0.000176,0.000014,0.000024,0.000654,0.000375,0.003403,0.000061,0.900923,0.005744,0.000002,6,20260925-000618,test8,27.833
C:\Users\josep\source\repos\AIOTED-digital\04_joe_lcd_20x32\8_main_dig6_20260925-003418.jpg,8,8,0.966301,0.024712,0.000183,0.000030,0.000073,0.000584,0.000218,0.004970,0.000047,0.966301,0.002877,0.000005,6,20260925-003418,kwh,26.104
C:\Users\josep\source\repos\AIOTED-digital\04_joe_lcd_20x32\8_main_dig6_20260925-010618.jpg,8,8,0.855010,0.108160,0.000410,0.000027,0.000035,0.002557,0.002891,0.022556,0.000085,0.855010,0.008264,0.000007,6,20260925-010618,test8,25.498
C:\Users\josep\source\repos\AIOTED-digital\04_joe_lcd_20x32\9_main_dig3_20260915-054937.jpg,9,9,1.000000,0.000000,0.000000,0.000000,0.000000,0.000000,0.000000,0.000000,0.000000,0.000000,1.000000,0.000000,3,20260915-054937,kwh,103.098
C:\Users\josep\source\repos\AIOTED-digital\04_joe_lcd_20x32\9_main_dig3_20260915-080936.jpg,9,9,1.000000,0.000000,0.000000,0.000000,0.000000,0.000000,0.000000,0.000000,0.000000,0.000000,1.000000,0.000000,3,20260915-080936,kwh,100.509
C:\Users\josep\source\repos\AIOTED-digital\04_joe_lcd_20x32\9_main_dig3_20260915-102936.jpg,9,9,1.000000,0.000000,0.000000,0.000000,0.000000,0.000000,0.000000,0.000000,0.000000,0.000000,1.000000,0.000000,3,20260915-102936,kwh,91.004
C:\Users\josep\source\repos\AIOTED-digital\04_joe_lcd_20x32\9_main_dig3_20260915-120936.jpg,9,9,1.000000,0.000000,0.000000,0.000000,0.000000,0.000000,0.000000,0.000000,0.000000,0.000000,1.000000,0.000000,3,20260915-120936,kwh,75.513
C:\Users\josep\source\repos\AIOTED-digital\04_joe_lcd_20x32\9_main_dig3_20260915-165736.jpg,9,9,1.000000,0.000000,0.000000,0.000000,0.000000,0.000000,0.000000,0.000000,0.000000,0.000000,1.000000,0.000000,3,20260915-165736,kwh,88.601
C:\Users\josep\source\repos\AIOTED-digital\04_joe_lcd_20x32\9_main_dig3_20260915-174536.jpg,9,9,1.000000,0.000000,0.000000,0.000000,0.000000,0.000000,0.000000,0.000000,0.000000,0.000000,1.000000,0.000000,3,20260915-174536,kwh,94.207
C:\Users\josep\source\repos\AIOTED-digital\04_joe_lcd_20x32\9_main_dig3_20260915-183735.jpg,9,9,1.000000,0.000000,0.000000,0.000000,0.000000,0.000000,0.000000,0.000000,0.000000,0.000000,1.000000,0.000000,3,20260915-183735,kwh,99.997
C:\Users\josep\source\repos\AIOTED-digital\04_joe_lcd_20x32\9_main_dig3_20260915-190536.jpg,9,9,1.000000,0.000000,0.000000,0.000000,0.000000,0.000000,0.000000,0.000000,0.000000,0.000000,1.000000,0.000000,3,20260915-190536,kwh,100.582
C:\Users\josep\source\repos\AIOTED-digital\04_joe_lcd_20x32\9_main_dig3_20260915-191736.jpg,9,9,1.000000,0.000000,0.000000,0.000000,0.000000,0.000000,0.000000,0.000000,0.000000,0.000000,1.000000,0.000000,3,20260915-191736,kwh,102.056
C:\Users\josep\source\repos\AIOTED-digital\04_joe_lcd_20x32\9_main_dig3_20260915-194535.jpg,9,9,1.000000,0.000000,0.000000,0.000000,0.000000,0.000000,0.000000,0.000000,0.000000,0.000000,1.000000,0.000000,3,20260915-194535,kwh,101.052
C:\Users\josep\source\repos\AIOTED-digital\04_joe_lcd_20x32\9_main_dig3_20260915-215335.jpg,9,9,1.000000,0.000000,0.000000,0.000000,0.000000,0.000000,0.000000,0.000000,0.000000,0.000000,1.000000,0.000000,3,20260915-215335,kwh,99.730
C:\Users\josep\source\repos\AIOTED-digital\04_joe_lcd_20x32\9_main_dig3_20260918-052131.jpg,9,9,1.000000,0.000000,0.000000,0.000000,0.000000,0.000000,0.000000,0.000000,0.000000,0.000000,1.000000,0.000000,3,20260918-052131,kwh,102.263
C:\Users\josep\source\repos\AIOTED-digital\04_joe_lcd_20x32\9_main_dig3_20260918-053331.jpg,9,9,1.000000,0.000000,0.000000,0.000000,0.000000,0.000000,0.000000,0.000000,0.000000,0.000000,1.000000,0.000000,3,20260918-053331,kwh,103.287
C:\Users\josep\source\repos\AIOTED-digital\04_joe_lcd_20x32\9_main_dig3_20260918-064131.jpg,9,9,1.000000,0.000000,0.000000,0.000000,0.000000,0.000000,0.000000,0.000000,0.000000,0.000000,1.000000,0.000000,3,20260918-064131,kwh,101.004
C:\Users\josep\source\repos\AIOTED-digital\04_joe_lcd_20x32\9_main_dig3_20260918-070931.jpg,9,9,1.000000,0.000000,0.000000,0.000000,0.000000,0.000000,0.000000,0.000000,0.000000,0.000000,1.000000,0.000000,3,20260918-070931,kwh,98.699
C:\Users\josep\source\repos\AIOTED-digital\04_joe_lcd_20x32\9_main_dig3_20260918-100931.jpg,9,9,1.000000,0.000000,0.000000,0.000000,0.000000,0.000000,0.000000,0.000000,0.000000,0.000000,1.000000,0.000000,3,20260918-100931,kwh,93.150
C:\Users\josep\source\repos\AIOTED-digital\04_joe_lcd_20x32\9_main_dig3_20260918-120931.jpg,9,9,1.000000,0.000000,0.000000,0.000000,0.000000,0.000000,0.000000,0.000000,0.000000,0.000000,1.000000,0.000000,3,20260918-120931,kwh,88.869
C:\Users\josep\source\repos\AIOTED-digital\04_joe_lcd_20x32\9_main_dig3_20260918-135730.jpg,9,9,1.000000,0.000000,0.000000,0.000000,0.000000,0.000000,0.000000,0.000000,0.000000,0.000000,1.000000,0.000000,3,20260918-135730,kwh,86.839
C:\Users\josep\source\repos\AIOTED-digital\04_joe_lcd_20x32\9_main_dig3_20260918-141731.jpg,9,9,1.000000,0.000000,0.000000,0.000000,0.000000,0.000000,0.000000,0.000000,0.000000,0.000000,1.000000,0.000000,3,20260918-141731,kwh,89.637
C:\Users\josep\source\repos\AIOTED-digital\04_joe_lcd_20x32\9_main_dig3_20260918-144131.jpg,9,9,1.000000,0.000000,0.000000,0.000000,0.000000,0.000000,0.000000,0.000000,0.000000,0.000000,1.000000,0.000000,3,20260918-144131,kwh,90.424
C:\Users\josep\source\repos\AIOTED-digital\04_joe_lcd_20x32\9_main_dig3_20260918-173730.jpg,9,9,1.000000,0.000000,0.000000,0.000000,0.000000,0.000000,0.000000,0.000000,0.000000,0.000000,1.000000,0.000000,3,20260918-173730,kwh,99.253
C:\Users\josep\source\repos\AIOTED-digital\04_joe_lcd_20x32\9_main_dig3_20260918-220930.jpg,9,9,1.000000,0.000000,0.000000,0.000000,0.000000,0.000000,0.000000,0.000000,0.000000,0.000000,1.000000,0.000000,3,20260918-220930,kwh,102.328
C:\Users\josep\source\repos\AIOTED-digital\04_joe_lcd_20x32\9_main_dig3_20260919-061330.jpg,9,9,1.000000,0.000000,0.000000,0.000000,0.000000,0.000000,0.000000,0.000000,0.000000,0.000000,1.000000,0.000000,3,20260919-061330,kwh,100.896
C:\Users\josep\source\repos\AIOTED-digital\04_joe_lcd_20x32\9_main_dig3_20260919-061730.jpg,9,9,1.000000,0.000000,0.000000,0.000000,0.000000,0.000000,0.000000,0.000000,0.000000,0.000000,1.000000,0.000000,3,20260919-061730,kwh,103.146
C:\Users\josep\source\repos\AIOTED-digital\04_joe_lcd_20x32\9_main_dig3_20260919-074529.jpg,9,9,1.000000,0.000000,0.000000,0.000000,0.000000,0.000000,0.000000,0.000000,0.000000,0.000000,1.000000,0.000000,3,20260919-074529,kwh,99.871
C:\Users\josep\source\repos\AIOTED-digital\04_joe_lcd_20x32\9_main_dig3_20260919-084529.jpg,9,9,1.000000,0.000000,0.000000,0.000000,0.000000,0.000000,0.000000,0.000000,0.000000,0.000000,1.000000,0.000000,3,20260919-084529,kwh,98.189
C:\Users\josep\source\repos\AIOTED-digital\04_joe_lcd_20x32\9_main_dig3_20260919-092529.jpg,9,9,1.000000,0.000000,0.000000,0.000000,0.000000,0.000000,0.000000,0.000000,0.000000,0.000000,1.000000,0.000000,3,20260919-092529,kwh,97.938
C:\Users\josep\source\repos\AIOTED-digital\04_joe_lcd_20x32\9_main_dig3_20260919-104529.jpg,9,9,1.000000,0.000000,0.000000,0.000000,0.000000,0.000000,0.000000,0.000000,0.000000,0.000000,1.000000,0.000000,3,20260919-104529,kwh,90.728
C:\Users\josep\source\repos\AIOTED-digital\04_joe_lcd_20x32\9_main_dig3_20260919-120529.jpg,9,9,1.000000,0.000000,0.000000,0.000000,0.000000,0.000000,0.000000,0.000000,0.000000,0.000000,1.000000,0.000000,3,20260919-120529,kwh,91.666
C:\Users\josep\source\repos\AIOTED-digital\04_joe_lcd_20x32\9_main_dig3_20260919-125329.jpg,9,9,1.000000,0.000000,0.000000,0.000000,0.000000,0.000000,0.000000,0.000000,0.000000,0.000000,1.000000,0.000000,3,20260919-125329,kwh,89.077
C:\Users\josep\source\repos\AIOTED-digital\04_joe_lcd_20x32\9_main_dig3_20260919-134129.jpg,9,9,1.000000,0.000000,0.000000,0.000000,0.000000,0.000000,0.000000,0.000000,0.000000,0.000000,1.000000,0.000000,3,20260919-134129,kwh,90.370
C:\Users\josep\source\repos\AIOTED-digital\04_joe_lcd_20x32\9_main_dig3_20260919-195329.jpg,9,9,1.000000,0.000000,0.000000,0.000000,0.000000,0.000000,0.000000,0.000000,0.000000,0.000000,1.000000,0.000000,3,20260919-195329,kwh,101.961
C:\Users\josep\source\repos\AIOTED-digital\04_joe_lcd_20x32\9_main_dig3_20260919-222128.jpg,9,9,1.000000,0.000000,0.000000,0.000000,0.000000,0.000000,0.000000,0.000000,0.000000,0.000000,1.000000,0.000000,3,20260919-222128,kwh,101.266
C:\Users\josep\source\repos\AIOTED-digital\04_joe_lcd_20x32\9_main_dig3_20260925-044618.jpg,9,9,1.000000,0.000000,0.000000,0.000000,0.000000,0.000000,0.000000,0.000000,0.000000,0.000000,1.000000,0.000000,3,20260925-044618,kwh,101.879
C:\Users\josep\source\repos\AIOTED-digital\04_joe_lcd_20x32\9_main_dig3_20260925-045417.jpg,9,9,1.000000,0.000000,0.000000,0.000000,0.000000,0.000000,0.000000,0.000000,0.000000,0.000000,1.000000,0.000000,3,20260925-045417,kwh,98.883
C:\Users\josep\source\repos\AIOTED-digital\04_joe_lcd_20x32\9_main_dig3_20260925-065417.jpg,9,9,1.000000,0.000000,0.000000,0.000000,0.000000,0.000000,0.000000,0.000000,0.000000,0.000000,1.000000,0.000000,3,20260925-065417,kwh,103.064
C:\Users\josep\source\repos\AIOTED-digital\04_joe_lcd_20x32\9_main_dig3_20260925-072617.jpg,9,9,1.000000,0.000000,0.000000,0.000000,0.000000,0.000000,0.000000,0.000000,0.000000,0.000000,1.000000,0.000000,3,20260925-072617,kwh,99.990
C:\Users\josep\source\repos\AIOTED-digital\04_joe_lcd_20x32\9_main_dig3_20260925-074617.jpg,9,9,1.000000,0.000000,0.000000,0.000000,0.000000,0.000000,0.000000,0.000000,0.000000,0.000000,1.000000,0.000000,3,20260925-074617,kwh,97.103
C:\Users\josep\source\repos\AIOTED-digital\04_joe_lcd_20x32\9_main_dig3_20260925-075417.jpg,9,9,1.000000,0.000000,0.000000,0.000000,0.000000,0.000000,0.000000,0.000000,0.000000,0.000000,1.000000,0.000000,3,20260925-075417,kwh,95.870
C:\Users\josep\source\repos\AIOTED-digital\04_joe_lcd_20x32\9_main_dig3_20260925-105417.jpg,9,9,1.000000,0.000000,0.000000,0.000000,0.000000,0.000000,0.000000,0.000000,0.000000,0.000000,1.000000,0.000000,3,20260925-105417,kwh,94.629
C:\Users\josep\source\repos\AIOTED-digital\04_joe_lcd_20x32\9_main_dig3_20260925-115417.jpg,9,9,1.000000,0.000000,0.000000,0.000000,0.000000,0.000000,0.000000,0.000000,0.000000,0.000000,1.000000,0.000000,3,20260925-115417,kwh,86.250
C:\Users\josep\source\repos\AIOTED-digital\04_joe_lcd_20x32\9_main_dig3_20260925-135417.jpg,9,9,1.000000,0.000000,0.000000,0.000000,0.000000,0.000000,0.000000,0.000000,0.000000,0.000000,1.000000,0.000000,3,20260925-135417,kwh,76.068
C:\Users\josep\source\repos\AIOTED-digital\04_joe_lcd_20x32\9_main_dig3_20260925-153417.jpg,9,9,1.000000,0.000000,0.000000,0.000000,0.000000,0.000000,0.000000,0.000000,0.000000,0.000000,1.000000,0.000000,3,20260925-153417,kwh,87.795
C:\Users\josep\source\repos\AIOTED-digital\04_joe_lcd_20x32\9_main_dig3_20260925-191017.jpg,9,9,1.000000,0.000000,0.000000,0.000000,0.000000,0.000000,0.000000,0.000000,0.000000,0.000000,1.000000,0.000000,3,20260925-191017,kwh,109.760
C:\Users\josep\source\repos\AIOTED-digital\04_joe_lcd_20x32\9_main_dig4_20260815-083004.jpg,9,9,1.000000,0.000000,0.000000,0.000000,0.000000,0.000000,0.000000,0.000000,0.000000,0.000000,1.000000,0.000000,4,20260815-083004,kwh,80.074
C:\Users\josep\source\repos\AIOTED-digital\04_joe_lcd_20x32\9_main_dig4_20260815-083804.jpg,9,9,1.000000,0.000000,0.000000,0.000000,0.000000,0.000000,0.000000,0.000000,0.000000,0.000000,1.000000,0.000000,4,20260815-083804,kwh,80.205
C:\Users\josep\source\repos\AIOTED-digital\04_joe_lcd_20x32\9_main_dig4_20260815-090604.jpg,9,9,1.000000,0.000000,0.000000,0.000000,0.000000,0.000000,0.000000,0.000000,0.000000,0.000000,1.000000,0.000000,4,20260815-090604,kwh,80.825
C:\Users\josep\source\repos\AIOTED-digital\04_joe_lcd_20x32\9_main_dig4_20260815-091804.jpg,9,9,1.000000,0.000000,0.000000,0.000000,0.000000,0.000000,0.000000,0.000000,0.000000,0.000000,1.000000,0.000000,4,20260815-091804,kwh,78.776
C:\Users\josep\source\repos\AIOTED-digital\04_joe_lcd_20x32\9_main_dig4_20260815-093804.jpg,9,9,1.000000,0.000000,0.000000,0.000000,0.000000,0.000000,0.000000,0.000000,0.000000,0.000000,1.000000,0.000000,4,20260815-093804,kwh,83.062
C:\Users\josep\source\repos\AIOTED-digital\04_joe_lcd_20x32\9_main_dig4_20260815-095004.jpg,9,9,1.000000,0.000000,0.000000,0.000000,0.000000,0.000000,0.000000,0.000000,0.000000,0.000000,1.000000,0.000000,4,20260815-095004,kwh,76.131
C:\Users\josep\source\repos\AIOTED-digital\04_joe_lcd_20x32\9_main_dig4_20260815-100604.jpg,9,9,1.000000,0.000000,0.000000,0.000000,0.000000,0.000000,0.000000,0.000000,0.000000,0.000000,1.000000,0.000000,4,20260815-100604,kwh,72.033
C:\Users\josep\source\repos\AIOTED-digital\04_joe_lcd_20x32\9_main_dig4_20260815-101004.jpg,9,9,1.000000,0.000000,0.000000,0.000000,0.000000,0.000000,0.000000,0.000000,0.000000,0.000000,1.000000,0.000000,4,20260815-101004,kwh,71.287
C:\Users\josep\source\repos\AIOTED-digital\04_joe_lcd_20x32\9_main_dig4_20260815-101804.jpg,9,9,1.000000,0.000000,0.000000,0.000000,0.000000,0.000000,0.000000,0.000000,0.000000,0.000000,1.000000,0.000000,4,20260815-101804,kwh,70.513
C:\Users\josep\source\repos\AIOTED-digital\04_joe_lcd_20x32\9_main_dig4_20260815-103804.jpg,9,9,1.000000,0.000000,0.000000,0.000000,0.000000,0.000000,0.000000,0.000000,0.000000,0.000000,1.000000,0.000000,4,20260815-103804,kwh,76.843
C:\Users\josep\source\repos\AIOTED-digital\04_joe_lcd_20x32\9_main_dig4_20260815-105804.jpg,9,9,1.000000,0.000000,0.000000,0.000000,0.000000,0.000000,0.000000,0.000000,0.000000,0.000000,1.000000,0.000000,4,20260815-105804,kwh,86.135
C:\Users\josep\source\repos\AIOTED-digital\04_joe_lcd_20x32\9_main_dig4_20260815-110604.jpg,9,9,1.000000,0.000000,0.000000,0.000000,0.000000,0.000000,0.000000,0.000000,0.000000,0.000000,1.000000,0.000000,4,20260815-110604,kwh,82.342
C:\Users\josep\source\repos\AIOTED-digital\04_joe_lcd_20x32\9_main_dig4_20260815-112603.jpg,9,9,1.000000,0.000000,0.000000,0.000000,0.000000,0.000000,0.000000,0.000000,0.000000,0.000000,1.000000,0.000000,4,20260815-112603,kwh,76.801
C:\Users\josep\source\repos\AIOTED-digital\04_joe_lcd_20x32\9_main_dig4_20260815-115804.jpg,9,9,1.000000,0.000000,0.000000,0.000000,0.000000,0.000000,0.000000,0.000000,0.000000,0.000000,1.000000,0.000000,4,20260815-115804,kwh,75.482
C:\Users\josep\source\repos\AIOTED-digital\04_joe_lcd_20x32\9_main_dig4_20260815-120604.jpg,9,9,1.000000,0.000000,0.000000,0.000000,0.000000,0.000000,0.000000,0.000000,0.000000,0.000000,1.000000,0.000000,4,20260815-120604,kwh,73.263
C:\Users\josep\source\repos\AIOTED-digital\04_joe_lcd_20x32\9_main_dig4_20260815-123804.jpg,9,9,1.000000,0.000000,0.000000,0.000000,0.000000,0.000000,0.000000,0.000000,0.000000,0.000000,1.000000,0.000000,4,20260815-123804,kwh,73.963
C:\Users\josep\source\repos\AIOTED-digital\04_joe_lcd_20x32\9_main_dig4_20260815-130604.jpg,9,9,1.000000,0.000000,0.000000,0.000000,0.000000,0.000000,0.000000,0.000000,0.000000,0.000000,1.000000,0.000000,4,20260815-130604,kwh,80.825
C:\Users\josep\source\repos\AIOTED-digital\04_joe_lcd_20x32\9_main_dig4_20260815-131804.jpg,9,9,1.000000,0.000000,0.000000,0.000000,0.000000,0.000000,0.000000,0.000000,0.000000,0.000000,1.000000,0.000000,4,20260815-131804,kwh,80.267
C:\Users\josep\source\repos\AIOTED-digital\04_joe_lcd_20x32\9_main_dig5_20260815-095004.jpg,9,9,1.000000,0.000000,0.000000,0.000000,0.000000,0.000000,0.000000,0.000000,0.000000,0.000000,1.000000,0.000000,5,20260815-095004,kwh,55.460
C:\Users\josep\source\repos\AIOTED-digital\04_joe_lcd_20x32\9_main_dig5_20260815-095804.jpg,9,9,1.000000,0.000000,0.000000,0.000000,0.000000,0.000000,0.000000,0.000000,0.000000,0.000000,1.000000,0.000000,5,20260815-095804,kwh,60.049
C:\Users\josep\source\repos\AIOTED-digital\04_joe_lcd_20x32\9_main_dig5_20260815-101004.jpg,9,9,1.000000,0.000000,0.000000,0.000000,0.000000,0.000000,0.000000,0.000000,0.000000,0.000000,1.000000,0.000000,5,20260815-101004,kwh,57.196
C:\Users\josep\source\repos\AIOTED-digital\04_joe_lcd_20x32\9_main_dig5_20260815-103804.jpg,9,9,1.000000,0.000000,0.000000,0.000000,0.000000,0.000000,0.000000,0.000000,0.000000,0.000000,1.000000,0.000000,5,20260815-103804,kwh,61.789
C:\Users\josep\source\repos\AIOTED-digital\04_joe_lcd_20x32\9_main_dig5_20260903-064308.jpg,9,9,1.000000,0.000000,0.000000,0.000000,0.000000,0.000000,0.000000,0.000000,0.000000,0.000000,1.000000,0.000000,5,20260903-064308,kwh,61.086
C:\Users\josep\source\repos\AIOTED-digital\04_joe_lcd_20x32\9_main_dig5_20260903-065108.jpg,9,9,1.000000,0.000000,0.000000,0.000000,0.000000,0.000000,0.000000,0.000000,0.000000,0.000000,1.000000,0.000000,5,20260903-065108,kwh,59.121
C:\Users\josep\source\repos\AIOTED-digital\04_joe_lcd_20x32\9_main_dig5_20260903-065908.jpg,9,9,1.000000,0.000000,0.000000,0.000000,0.000000,0.000000,0.000000,0.000000,0.000000,0.000000,1.000000,0.000000,5,20260903-065908,kwh,61.676
C:\Users\josep\source\repos\AIOTED-digital\04_joe_lcd_20x32\9_main_dig5_20260903-071108.jpg,9,9,1.000000,0.000000,0.000000,0.000000,0.000000,0.000000,0.000000,0.000000,0.000000,0.000000,1.000000,0.000000,5,20260903-071108,kwh,60.131
C:\Users\josep\source\repos\AIOTED-digital\04_joe_lcd_20x32\9_main_dig5_20260903-075108.jpg,9,9,1.000000,0.000000,0.000000,0.000000,0.000000,0.000000,0.000000,0.000000,0.000000,0.000000,1.000000,0.000000,5,20260903-075108,kwh,57.011
C:\Users\josep\source\repos\AIOTED-digital\04_joe_lcd_20x32\9_main_dig5_20260903-081908.jpg,9,9,1.000000,0.000000,0.000000,0.000000,0.000000,0.000000,0.000000,0.000000,0.000000,0.000000,1.000000,0.000000,5,20260903-081908,kwh,58.949
C:\Users\josep\source\repos\AIOTED-digital\04_joe_lcd_20x32\9_main_dig5_20260903-083108.jpg,9,9,1.000000,0.000000,0.000000,0.000000,0.000000,0.000000,0.000000,0.000000,0.000000,0.000000,1.000000,0.000000,5,20260903-083108,kwh,58.534
C:\Users\josep\source\repos\AIOTED-digital\04_joe_lcd_20x32\9_main_dig5_20260903-091108.jpg,9,9,1.000000,0.000000,0.000000,0.000000,0.000000,0.000000,0.000000,0.000000,0.000000,0.000000,1.000000,0.000000,5,20260903-091108,kwh,56.177
C:\Users\josep\source\repos\AIOTED-digital\04_joe_lcd_20x32\9_main_dig5_20260903-091908.jpg,9,9,1.000000,0.000000,0.000000,0.000000,0.000000,0.000000,0.000000,0.000000,0.000000,0.000000,1.000000,0.000000,5,20260903-091908,kwh,56.993
C:\Users\josep\source\repos\AIOTED-digital\04_joe_lcd_20x32\9_main_dig5_20260903-105107.jpg,9,9,1.000000,0.000000,0.000000,0.000000,0.000000,0.000000,0.000000,0.000000,0.000000,0.000000,1.000000,0.000000,5,20260903-105107,kwh,58.453
C:\Users\josep\source\repos\AIOTED-digital\04_joe_lcd_20x32\9_main_dig5_20260903-105907.jpg,9,9,1.000000,0.000000,0.000000,0.000000,0.000000,0.000000,0.000000,0.000000,0.000000,0.000000,1.000000,0.000000,5,20260903-105907,kwh,58.138
C:\Users\josep\source\repos\AIOTED-digital\04_joe_lcd_20x32\9_main_dig5_20260915-120936.jpg,9,9,1.000000,0.000000,0.000000,0.000000,0.000000,0.000000,0.000000,0.000000,0.000000,0.000000,1.000000,0.000000,5,20260915-120936,kwh,75.066
C:\Users\josep\source\repos\AIOTED-digital\04_joe_lcd_20x32\9_main_dig5_20260915-121736.jpg,9,9,1.000000,0.000000,0.000000,0.000000,0.000000,0.000000,0.000000,0.000000,0.000000,0.000000,1.000000,0.000000,5,20260915-121736,kwh,78.249
C:\Users\josep\source\repos\AIOTED-digital\04_joe_lcd_20x32\9_main_dig5_20260915-122936.jpg,9,9,1.000000,0.000000,0.000000,0.000000,0.000000,0.000000,0.000000,0.000000,0.000000,0.000000,1.000000,0.000000,5,20260915-122936,kwh,69.124
C:\Users\josep\source\repos\AIOTED-digital\04_joe_lcd_20x32\9_main_dig5_20260915-135736.jpg,9,9,1.000000,0.000000,0.000000,0.000000,0.000000,0.000000,0.000000,0.000000,0.000000,0.000000,1.000000,0.000000,5,20260915-135736,kwh,59.026
C:\Users\josep\source\repos\AIOTED-digital\04_joe_lcd_20x32\9_main_dig5_20260915-144536.jpg,9,9,1.000000,0.000000,0.000000,0.000000,0.000000,0.000000,0.000000,0.000000,0.000000,0.000000,1.000000,0.000000,5,20260915-144536,kwh,65.839
C:\Users\josep\source\repos\AIOTED-digital\04_joe_lcd_20x32\9_main_dig5_20260915-153736.jpg,9,9,1.000000,0.000000,0.000000,0.000000,0.000000,0.000000,0.000000,0.000000,0.000000,0.000000,1.000000,0.000000,5,20260915-153736,kwh,53.076
C:\Users\josep\source\repos\AIOTED-digital\04_joe_lcd_20x32\9_main_dig5_20260915-162536.jpg,9,9,1.000000,0.000000,0.000000,0.000000,0.000000,0.000000,0.000000,0.000000,0.000000,0.000000,1.000000,0.000000,5,20260915-162536,kwh,47.881
C:\Users\josep\source\repos\AIOTED-digital\04_joe_lcd_20x32\9_main_dig5_20260915-171736.jpg,9,9,1.000000,0.000000,0.000000,0.000000,0.000000,0.000000,0.000000,0.000000,0.000000,0.000000,1.000000,0.000000,5,20260915-171736,kwh,49.035
C:\Users\josep\source\repos\AIOTED-digital\04_joe_lcd_20x32\9_main_dig5_20260915-172536.jpg,9,9,1.000000,0.000000,0.000000,0.000000,0.000000,0.000000,0.000000,0.000000,0.000000,0.000000,1.000000,0.000000,5,20260915-172536,kwh,49.060
C:\Users\josep\source\repos\AIOTED-digital\04_joe_lcd_20x32\9_main_dig5_20260915-173736.jpg,9,9,1.000000,0.000000,0.000000,0.000000,0.000000,0.000000,0.000000,0.000000,0.000000,0.000000,1.000000,0.000000,5,20260915-173736,kwh,49.847
C:\Users\josep\source\repos\AIOTED-digital\04_joe_lcd_20x32\9_main_dig5_20260919-204129.jpg,9,9,0.999993,0.000003,0.000000,0.000000,0.000000,0.000002,0.000000,0.000000,0.000000,0.000003,0.999993,0.000000,5,20260919-204129,kwh,58.921
C:\Users\josep\source\repos\AIOTED-digital\04_joe_lcd_20x32\9_main_dig5_20260919-205329.jpg,9,9,0.999995,0.000001,0.000000,0.000000,0.000000,0.000003,0.000000,0.000000,0.000000,0.000001,0.999995,0.000000,5,20260919-205329,kwh,59.071
C:\Users\josep\source\repos\AIOTED-digital\04_joe_lcd_20x32\9_main_dig5_20260919-211329.jpg,9,9,0.999997,0.000000,0.000000,0.000000,0.000000,0.000002,0.000000,0.000000,0.000000,0.000001,0.999997,0.000000,5,20260919-211329,kwh,58.423
C:\Users\josep\source\repos\AIOTED-digital\04_joe_lcd_20x32\9_main_dig5_20260919-212129.jpg,9,9,0.999980,0.000000,0.000000,0.000000,0.000000,0.000018,0.000000,0.000000,0.000000,0.000001,0.999980,0.000000,5,20260919-212129,kwh,58.276
C:\Users\josep\source\repos\AIOTED-digital\04_joe_lcd_20x32\9_main_dig5_20260919-220128.jpg,9,9,0.999991,0.000003,0.000000,0.000000,0.000000,0.000004,0.000000,0.000000,0.000000,0.000002,0.999991,0.000000,5,20260919-220128,kwh,57.968
C:\Users\josep\source\repos\AIOTED-digital\04_joe_lcd_20x32\9_main_dig5_20260919-224128.jpg,9,9,0.999982,0.000000,0.000000,0.000000,0.000000,0.000017,0.000000,0.000000,0.000000,0.000000,0.999982,0.000000,5,20260919-224128,kwh,58.294
C:\Users\josep\source\repos\AIOTED-digital\04_joe_lcd_20x32\9_main_dig5_20260919-224928.jpg,9,9,0.999990,0.000001,0.000000,0.000000,0.000000,0.000007,0.000000,0.000000,0.000000,0.000002,0.999990,0.000000,5,20260919-224928,kwh,58.298
C:\Users\josep\source\repos\AIOTED-digital\04_joe_lcd_20x32\9_main_dig5_20260919-234928.jpg,9,9,0.999992,0.000000,0.000000,0.000000,0.000000,0.000007,0.000000,0.000000,0.000000,0.000001,0.999992,0.000000,5,20260919-234928,kwh,59.526
C:\Users\josep\source\repos\AIOTED-digital\04_joe_lcd_20x32\9_main_dig5_20260925-001818.jpg,9,9,0.999941,0.000004,0.000000,0.000000,0.000000,0.000049,0.000000,0.000000,0.000000,0.000006,0.999941,0.000000,5,20260925-001818,kwh,57.347
C:\Users\josep\source\repos\AIOTED-digital\04_joe_lcd_20x32\9_main_dig5_20260925-005818.jpg,9,9,0.999964,0.000006,0.000000,0.000000,0.000000,0.000020,0.000000,0.000000,0.000000,0.000009,0.999964,0.000000,5,20260925-005818,kwh,57.805
C:\Users\josep\source\repos\AIOTED-digital\04_joe_lcd_20x32\9_main_dig5_20260925-013418.jpg,9,9,0.999942,0.000012,0.000000,0.000000,0.000000,0.000038,0.000000,0.000000,0.000000,0.000008,0.999942,0.000000,5,20260925-013418,kwh,57.756
C:\Users\josep\source\repos\AIOTED-digital\04_joe_lcd_20x32\9_main_dig5_20260925-014618.jpg,9,9,0.999977,0.000012,0.000000,0.000000,0.000000,0.000001,0.000000,0.000000,0.000000,0.000010,0.999977,0.000000,5,20260925-014618,kwh,58.482
C:\Users\josep\source\repos\AIOTED-digital\04_joe_lcd_20x32\9_main_dig5_20260925-024618.jpg,9,9,0.999795,0.000006,0.000000,0.000000,0.000000,0.000187,0.000001,0.000000,0.000000,0.000011,0.999795,0.000000,5,20260925-024618,kwh,58.892
C:\Users\josep\source\repos\AIOTED-digital\04_joe_lcd_20x32\9_main_dig5_20260925-025418.jpg,9,9,0.999964,0.000009,0.000000,0.000000,0.000000,0.000015,0.000000,0.000000,0.000000,0.000011,0.999964,0.000000,5,20260925-025418,kwh,60.445
C:\Users\josep\source\repos\AIOTED-digital\04_joe_lcd_20x32\9_main_dig6_20260803-055816.jpg,9,9,0.999996,0.000000,0.000000,0.000000,0.000000,0.000000,0.000000,0.000000,0.000000,0.000004,0.999996,0.000000,6,20260803-055816,kwh,22.050
C:\Users\josep\source\repos\AIOTED-digital\04_joe_lcd_20x32\9_main_dig6_20260803-071815.jpg,9,9,1.000000,0.000000,0.000000,0.000000,0.000000,0.000000,0.000000,0.000000,0.000000,0.000000,1.000000,0.000000,6,20260803-071815,kwh,88.166
C:\Users\josep\source\repos\AIOTED-digital\04_joe_lcd_20x32\9_main_dig6_20260803-075415.jpg,9,9,1.000000,0.000000,0.000000,0.000000,0.000000,0.000000,0.000000,0.000000,0.000000,0.000000,1.000000,0.000000,6,20260803-075415,kwh,78.721
C:\Users\josep\source\repos\AIOTED-digital\04_joe_lcd_20x32\9_main_dig6_20260803-080215.jpg,9,9,1.000000,0.000000,0.000000,0.000000,0.000000,0.000000,0.000000,0.000000,0.000000,0.000000,1.000000,0.000000,6,20260803-080215,kwh,84.055
C:\Users\josep\source\repos\AIOTED-digital\04_joe_lcd_20x32\9_main_dig6_20260803-094923.jpg,9,9,0.999953,0.000000,0.000000,0.000000,0.000000,0.000000,0.000000,0.000000,0.000000,0.000047,0.999953,0.000000,6,20260803-094923,kwh,43.498
C:\Users\josep\source\repos\AIOTED-digital\04_joe_lcd_20x32\9_main_dig6_20260803-140552.jpg,9,9,1.000000,0.000000,0.000000,0.000000,0.000000,0.000000,0.000000,0.000000,0.000000,0.000000,1.000000,0.000000,6,20260803-140552,kwh,126.208
C:\Users\josep\source\repos\AIOTED-digital\04_joe_lcd_20x32\9_main_dig6_20260803-164152.jpg,9,9,0.999999,0.000000,0.000000,0.000000,0.000000,0.000001,0.000000,0.000000,0.000000,0.000000,0.999999,0.000000,6,20260803-164152,kwh,117.965
C:\Users\josep\source\repos\AIOTED-digital\04_joe_lcd_20x32\9_main_dig6_20260803-164952.jpg,9,9,0.999992,0.000000,0.000000,0.000000,0.000000,0.000008,0.000000,0.000000,0.000000,0.000000,0.999992,0.000000,6,20260803-164952,kwh,124.040
C:\Users\josep\source\repos\AIOTED-digital\04_joe_lcd_20x32\9_main_dig6_20260803-183526.jpg,9,9,1.000000,0.000000,0.000000,0.000000,0.000000,0.000000,0.000000,0.000000,0.000000,0.000000,1.000000,0.000000,6,20260803-183526,kwh,36.338
C:\Users\josep\source\repos\AIOTED-digital\04_joe_lcd_20x32\9_main_dig6_20260824-013747.jpg,9,8,0.441383,0.343257,0.000023,0.000005,0.000129,0.000780,0.001686,0.000469,0.000182,0.441383,0.212075,0.000011,6,20260824-013747,kwh,27.383
C:\Users\josep\source\repos\AIOTED-digital\04_joe_lcd_20x32\9_main_dig6_20260828-004940.jpg,9,8,0.505113,0.010612,0.000133,0.000231,0.013836,0.020165,0.001381,0.000392,0.000994,0.505113,0.444823,0.002318,6,20260828-004940,kwh,32.662
C:\Users\josep\source\repos\AIOTED-digital\04_joe_lcd_20x32\9_main_dig6_20260828-065740.jpg,9,9,0.990196,0.000000,0.000000,0.000000,0.000000,0.000000,0.000000,0.000000,0.000000,0.009804,0.990196,0.000000,6,20260828-065740,kwh,37.433
C:\Users\josep\source\repos\AIOTED-digital\04_joe_lcd_20x32\9_main_dig6_20260828-174139.jpg,9,9,1.000000,0.000000,0.000000,0.000000,0.000000,0.000000,0.000000,0.000000,0.000000,0.000000,1.000000,0.000000,6,20260828-174139,kwh,39.916
C:\Users\josep\source\repos\AIOTED-digital\04_joe_lcd_20x32\9_main_dig6_20260903-010708.jpg,9,9,0.671949,0.110142,0.000554,0.000213,0.001615,0.069366,0.020215,0.001057,0.001976,0.109152,0.671949,0.013761,6,20260903-010708,kwh,29.089
C:\Users\josep\source\repos\AIOTED-digital\04_joe_lcd_20x32\9_main_dig6_20260903-081508.jpg,9,9,0.999976,0.000000,0.000000,0.000000,0.000000,0.000000,0.000000,0.000000,0.000000,0.000024,0.999976,0.000000,6,20260903-081508,kwh,38.947
C:\Users\josep\source\repos\AIOTED-digital\04_joe_lcd_20x32\9_main_dig6_20260903-175907.jpg,9,9,1.000000,0.000000,0.000000,0.000000,0.000000,0.000000,0.000000,0.000000,0.000000,0.000000,1.000000,0.000000,6,20260903-175907,kwh,45.086
C:\Users\josep\source\repos\AIOTED-digital\04_joe_lcd_20x32\9_main_dig6_20260903-235907.jpg,9,9,0.608770,0.145144,0.000292,0.000215,0.000634,0.061168,0.009806,0.000941,0.000747,0.160610,0.608770,0.011673,6,20260903-235907,kwh,27.337
C:\Users\josep\source\repos\AIOTED-digital\04_joe_lcd_20x32\9_main_dig6_20260915-123336.jpg,9,9,0.999999,0.000000,0.000000,0.000000,0.000000,0.000000,0.000000,0.000000,0.000000,0.000001,0.999999,0.000000,6,20260915-123336,kwh,83.452
C:\Users\josep\source\repos\AIOTED-digital\04_joe_lcd_20x32\9_main_dig6_20260915-174136.jpg,9,9,0.998522,0.000000,0.000000,0.000000,0.000000,0.000000,0.000000,0.000000,0.000000,0.001478,0.998522,0.000000,6,20260915-174136,blank09,35.123
C:\Users\josep\source\repos\AIOTED-digital\04_joe_lcd_20x32\9_main_dig6_20260915-234934.jpg,9,9,0.566828,0.075582,0.002996,0.000176,0.006207,0.069095,0.002271,0.000284,0.003189,0.273190,0.566828,0.000182,6,20260915-234934,kwh,26.854
C:\Users\josep\source\repos\AIOTED-digital\04_joe_lcd_20x32\9_main_dig6_20260918-100531.jpg,9,9,0.999987,0.000000,0.000000,0.000000,0.000000,0.000000,0.000000,0.000000,0.000000,0.000013,0.999987,0.000000,6,20260918-100531,blank09,31.891
C:\Users\josep\source\repos\AIOTED-digital\04_joe_lcd_20x32\9_main_dig6_20260918-110931.jpg,9,9,0.999934,0.000000,0.000000,0.000000,0.000000,0.000000,0.000000,0.000000,0.000000,0.000066,0.999934,0.000000,6,20260918-110931,kwh,40.528
C:\Users\josep\source\repos\AIOTED-digital\04_joe_lcd_20x32\9_main_dig6_20260918-214530.jpg,9,9,0.432817,0.091241,0.002435,0.000073,0.002713,0.088759,0.008823,0.001847,0.001329,0.369791,0.432817,0.000173,6,20260918-214530,kwh,27.082
C:\Users\josep\source\repos\AIOTED-digital\04_joe_lcd_20x32\9_main_dig6_20260919-103329.jpg,9,9,0.993983,0.000000,0.000000,0.000000,0.000000,0.000000,0.000000,0.000000,0.000000,0.006017,0.993983,0.000000,6,20260919-103329,kwh,32.037
C:\Users\josep\source\repos\AIOTED-digital\04_joe_lcd_20x32\9_main_dig6_20260919-192129.jpg,9,9,0.766820,0.020143,0.000034,0.000003,0.000528,0.016947,0.000335,0.000025,0.000079,0.195081,0.766820,0.000005,6,20260919-192129,kwh,24.111
C:\Users\josep\source\repos\AIOTED-digital\04_joe_lcd_20x32\9_main_dig6_20260919-195329.jpg,9,9,0.647650,0.029331,0.000053,0.000006,0.000917,0.010318,0.000240,0.000025,0.000176,0.311277,0.647650,0.000007,6,20260919-195329,kwh,25.578
C:\Users\josep\source\repos\AIOTED-digital\04_joe_lcd_20x32\9_main_dig6_20260925-014618.jpg,9,9,0.550213,0.029657,0.001437,0.000031,0.001809,0.137579,0.019913,0.002316,0.000575,0.256311,0.550213,0.000159,6,20260925-014618,kwh,27.207
C:\Users\josep\source\repos\AIOTED-digital\04_joe_lcd_20x32\9_main_dig6_20260925-115817.jpg,9,9,1.000000,0.000000,0.000000,0.000000,0.000000,0.000000,0.000000,0.000000,0.000000,0.000000,1.000000,0.000000,6,20260925-115817,kwh,79.351
C:\Users\josep\source\repos\AIOTED-digital\04_joe_lcd_20x32\9_main_dig6_20260925-155817.jpg,9,9,0.999999,0.000000,0.000000,0.000000,0.000000,0.000000,0.000000,0.000000,0.000000,0.000001,0.999999,0.000000,6,20260925-155817,blank09,40.537
C:\Users\josep\source\repos\AIOTED-digital\04_joe_lcd_20x32\9_main_dig6_20260925-211016.jpg,9,9,0.862252,0.004354,0.000015,0.000001,0.000162,0.049115,0.000024,0.000001,0.000029,0.084048,0.862252,0.000002,6,20260925-211016,kwh,23.890
C:\Users\josep\source\repos\AIOTED-digital\04_joe_lcd_20x32\N_main_dig2_20260803-061816.jpg,N,N,1.000000,0.000000,0.000000,0.000000,0.000000,0.000000,0.000000,0.000000,0.000000,0.000000,0.000000,1.000000,2,20260803-061816,blank09,114.391
C:\Users\josep\source\repos\AIOTED-digital\04_joe_lcd_20x32\N_main_dig2_20260803-090923.jpg,N,N,0.999999,0.000000,0.000000,0.000000,0.000001,0.000000,0.000000,0.000000,0.000000,0.000000,0.000000,0.999999,2,20260803-090923,blank09,122.495
C:\Users\josep\source\repos\AIOTED-digital\04_joe_lcd_20x32\N_main_dig2_20260803-193525.jpg,N,N,1.000000,0.000000,0.000000,0.000000,0.000000,0.000000,0.000000,0.000000,0.000000,0.000000,0.000000,1.000000,2,20260803-193525,blank09,121.163
C:\Users\josep\source\repos\AIOTED-digital\04_joe_lcd_20x32\N_main_dig2_20260803-201525.jpg,N,N,1.000000,0.000000,0.000000,0.000000,0.000000,0.000000,0.000000,0.000000,0.000000,0.000000,0.000000,1.000000,2,20260803-201525,blank09,131.733
C:\Users\josep\source\repos\AIOTED-digital\04_joe_lcd_20x32\N_main_dig2_20260815-142203.jpg,N,N,1.000000,0.000000,0.000000,0.000000,0.000000,0.000000,0.000000,0.000000,0.000000,0.000000,0.000000,1.000000,2,20260815-142203,blank09,65.794
C:\Users\josep\source\repos\AIOTED-digital\04_joe_lcd_20x32\N_main_dig2_20260815-211003.jpg,N,N,1.000000,0.000000,0.000000,0.000000,0.000000,0.000000,0.000000,0.000000,0.000000,0.000000,0.000000,1.000000,2,20260815-211003,blank09,103.239
C:\Users\josep\source\repos\AIOTED-digital\04_joe_lcd_20x32\N_main_dig2_20260824-064147.jpg,N,N,1.000000,0.000000,0.000000,0.000000,0.000000,0.000000,0.000000,0.000000,0.000000,0.000000,0.000000,1.000000,2,20260824-064147,blank09,93.293
C:\Users\josep\source\repos\AIOTED-digital\04_joe_lcd_20x32\N_main_dig2_20260824-112947.jpg,N,3,0.741482,0.000000,0.000000,0.000000,0.741482,0.000002,0.000023,0.000001,0.000002,0.000029,0.000556,0.257905,2,20260824-112947,blank09,56.566
C:\Users\josep\source\repos\AIOTED-digital\04_joe_lcd_20x32\N_main_dig2_20260824-130946.jpg,N,N,0.999999,0.000000,0.000000,0.000000,0.000001,0.000000,0.000000,0.000000,0.000000,0.000000,0.000000,0.999999,2,20260824-130946,blank09,48.110
C:\Users\josep\source\repos\AIOTED-digital\04_joe_lcd_20x32\N_main_dig2_20260828-075740.jpg,N,N,1.000000,0.000000,0.000000,0.000000,0.000000,0.000000,0.000000,0.000000,0.000000,0.000000,0.000000,1.000000,2,20260828-075740,blank09,68.489
C:\Users\josep\source\repos\AIOTED-digital\04_joe_lcd_20x32\N_main_dig2_20260828-200539.jpg,N,N,1.000000,0.000000,0.000000,0.000000,0.000000,0.000000,0.000000,0.000000,0.000000,0.000000,0.000000,1.000000,2,20260828-200539,blank09,96.435
C:\Users\josep\source\repos\AIOTED-digital\04_joe_lcd_20x32\N_main_dig2_20260903-004708.jpg,N,N,1.000000,0.000000,0.000000,0.000000,0.000000,0.000000,0.000000,0.000000,0.000000,0.000000,0.000000,1.000000,2,20260903-004708,blank09,99.164
C:\Users\josep\source\repos\AIOTED-digital\04_joe_lcd_20x32\N_main_dig2_20260903-104307.jpg,N,8,0.595459,0.000267,0.000001,0.000035,0.003233,0.068992,0.003877,0.001816,0.000003,0.595459,0.224704,0.101613,2,20260903-104307,blank09,78.079
C:\Users\josep\source\repos\AIOTED-digital\04_joe_lcd_20x32\N_main_dig2_20260903-123507.jpg,N,N,1.000000,0.000000,0.000000,0.000000,0.000000,0.000000,0.000000,0.000000,0.000000,0.000000,0.000000,1.000000,2,20260903-123507,blank09,45.072
C:\Users\josep\source\repos\AIOTED-digital\04_joe_lcd_20x32\N_main_dig2_20260903-190307.jpg,N,N,1.000000,0.000000,0.000000,0.000000,0.000000,0.000000,0.000000,0.000000,0.000000,0.000000,0.000000,1.000000,2,20260903-190307,blank09,92.064
C:\Users\josep\source\repos\AIOTED-digital\04_joe_lcd_20x32\N_main_dig2_20260915-083336.jpg,N,N,1.000000,0.000000,0.000000,0.000000,0.000000,0.000000,0.000000,0.000000,0.000000,0.000000,0.000000,1.000000,2,20260915-083336,blank09,91.239
C:\Users\josep\source\repos\AIOTED-digital\04_joe_lcd_20x32\N_main_dig2_20260915-121336.jpg,N,N,1.000000,0.000000,0.000000,0.000000,0.000000,0.000000,0.000000,0.000000,0.000000,0.000000,0.000000,1.000000,2,20260915-121336,blank09,47.577
C:\Users\josep\source\repos\AIOTED-digital\04_joe_lcd_20x32\N_main_dig2_20260915-192136.jpg,N,N,1.000000,0.000000,0.000000,0.000000,0.000000,0.000000,0.000000,0.000000,0.000000,0.000000,0.000000,1.000000,2,20260915-192136,blank09,95.908
C:\Users\josep\source\repos\AIOTED-digital\04_joe_lcd_20x32\N_main_dig2_20260918-021731.jpg,N,N,1.000000,0.000000,0.000000,0.000000,0.000000,0.000000,0.000000,0.000000,0.000000,0.000000,0.000000,1.000000,2,20260918-021731,blank09,97.902
C:\Users\josep\source\repos\AIOTED-digital\04_joe_lcd_20x32\N_main_dig2_20260918-051731.jpg,N,N,0.956865,0.000000,0.000000,0.000000,0.000001,0.000000,0.000000,0.000000,0.000000,0.043127,0.000006,0.956865,2,20260918-051731,blank09,94.890
C:\Users\josep\source\repos\AIOTED-digital\04_joe_lcd_20x32\N_main_dig2_20260918-100531.jpg,N,N,1.000000,0.000000,0.000000,0.000000,0.000000,0.000000,0.000000,0.000000,0.000000,0.000000,0.000000,1.000000,2,20260918-100531,blank09,86.061
C:\Users\josep\source\repos\AIOTED-digital\04_joe_lcd_20x32\N_main_dig2_20260919-094929.jpg,N,N,1.000000,0.000000,0.000000,0.000000,0.000000,0.000000,0.000000,0.000000,0.000000,0.000000,0.000000,1.000000,2,20260919-094929,blank09,87.217
C:\Users\josep\source\repos\AIOTED-digital\04_joe_lcd_20x32\N_main_dig2_20260919-122929.jpg,N,N,1.000000,0.000000,0.000000,0.000000,0.000000,0.000000,0.000000,0.000000,0.000000,0.000000,0.000000,1.000000,2,20260919-122929,blank09,72.153
C:\Users\josep\source\repos\AIOTED-digital\04_joe_lcd_20x32\N_main_dig2_20260919-185729.jpg,N,N,1.000000,0.000000,0.000000,0.000000,0.000000,0.000000,0.000000,0.000000,0.000000,0.000000,0.000000,1.000000,2,20260919-185729,blank09,97.200
C:\Users\josep\source\repos\AIOTED-digital\04_joe_lcd_20x32\N_main_dig2_20260925-043018.jpg,N,N,1.000000,0.000000,0.000000,0.000000,0.000000,0.000000,0.000000,0.000000,0.000000,0.000000,0.000000,1.000000,2,20260925-043018,blank09,96.954
C:\Users\josep\source\repos\AIOTED-digital\04_joe_lcd_20x32\N_main_dig2_20260925-155817.jpg,N,N,1.000000,0.000000,0.000000,0.000000,0.000000,0.000000,0.000000,0.000000,0.000000,0.000000,0.000000,1.000000,2,20260925-155817,blank09,86.974
C:\Users\josep\source\repos\AIOTED-digital\04_joe_lcd_20x32\N_main_dig3_20260803-065815.jpg,N,N,1.000000,0.000000,0.000000,0.000000,0.000000,0.000000,0.000000,0.000000,0.000000,0.000000,0.000000,1.000000,3,20260803-065815,blank09,105.270
C:\Users\josep\source\repos\AIOTED-digital\04_joe_lcd_20x32\N_main_dig3_20260803-090923.jpg,N,N,1.000000,0.000000,0.000000,0.000000,0.000000,0.000000,0.000000,0.000000,0.000000,0.000000,0.000000,1.000000,3,20260803-090923,blank09,124.501
C:\Users\josep\source\repos\AIOTED-digital\04_joe_lcd_20x32\N_main_dig3_20260815-160203.jpg,N,N,1.000000,0.000000,0.000000,0.000000,0.000000,0.000000,0.000000,0.000000,0.000000,0.000000,0.000000,1.000000,3,20260815-160203,blank09,72.247
C:\Users\josep\source\repos\AIOTED-digital\04_joe_lcd_20x32\N_main_dig3_20260815-213003.jpg,N,N,0.999932,0.000000,0.000000,0.000000,0.000000,0.000000,0.000055,0.000000,0.000000,0.000000,0.000013,0.999932,3,20260815-213003,blank09,98.660
C:\Users\josep\source\repos\AIOTED-digital\04_joe_lcd_20x32\N_main_dig3_20260824-052147.jpg,N,N,0.999981,0.000000,0.000000,0.000000,0.000000,0.000000,0.000007,0.000000,0.000002,0.000000,0.000011,0.999981,3,20260824-052147,blank09,97.118
C:\Users\josep\source\repos\AIOTED-digital\04_joe_lcd_20x32\N_main_dig3_20260824-152946.jpg,N,N,1.000000,0.000000,0.000000,0.000000,0.000000,0.000000,0.000000,0.000000,0.000000,0.000000,0.000000,1.000000,3,20260824-152946,blank09,71.874
C:\Users\josep\source\repos\AIOTED-digital\04_joe_lcd_20x32\N_main_dig3_20260828-071740.jpg,N,N,1.000000,0.000000,0.000000,0.000000,0.000000,0.000000,0.000000,0.000000,0.000000,0.000000,0.000000,1.000000,3,20260828-071740,blank09,84.634
C:\Users\josep\source\repos\AIOTED-digital\04_joe_lcd_20x32\N_main_dig3_20260828-204539.jpg,N,N,0.999891,0.000001,0.000000,0.000000,0.000000,0.000000,0.000068,0.000000,0.000003,0.000004,0.000033,0.999891,3,20260828-204539,blank09,93.003
C:\Users\josep\source\repos\AIOTED-digital\04_joe_lcd_20x32\N_main_dig3_20260903-050708.jpg,N,N,1.000000,0.000000,0.000000,0.000000,0.000000,0.000000,0.000000,0.000000,0.000000,0.000000,0.000000,1.000000,3,20260903-050708,blank09,100.229
C:\Users\josep\source\repos\AIOTED-digital\04_joe_lcd_20x32\N_main_dig3_20260903-111507.jpg,N,N,1.000000,0.000000,0.000000,0.000000,0.000000,0.000000,0.000000,0.000000,0.000000,0.000000,0.000000,1.000000,3,20260903-111507,blank09,69.927
C:\Users\josep\source\repos\AIOTED-digital\04_joe_lcd_20x32\N_main_dig3_20260903-180307.jpg,N,N,1.000000,0.000000,0.000000,0.000000,0.000000,0.000000,0.000000,0.000000,0.000000,0.000000,0.000000,1.000000,3,20260903-180307,blank09,90.879
C:\Users\josep\source\repos\AIOTED-digital\04_joe_lcd_20x32\N_main_dig3_20260915-093336.jpg,N,N,0.999999,0.000000,0.000000,0.000000,0.000000,0.000000,0.000001,0.000000,0.000000,0.000000,0.000000,0.999999,3,20260915-093336,blank09,85.132
C:\Users\josep\source\repos\AIOTED-digital\04_joe_lcd_20x32\N_main_dig3_20260915-121336.jpg,N,N,1.000000,0.000000,0.000000,0.000000,0.000000,0.000000,0.000000,0.000000,0.000000,0.000000,0.000000,1.000000,3,20260915-121336,blank09,49.814
C:\Users\josep\source\repos\AIOTED-digital\04_joe_lcd_20x32\N_main_dig3_20260915-200136.jpg,N,N,1.000000,0.000000,0.000000,0.000000,0.000000,0.000000,0.000000,0.000000,0.000000,0.000000,0.000000,1.000000,3,20260915-200136,blank09,90.839
C:\Users\josep\source\repos\AIOTED-digital\04_joe_lcd_20x32\N_main_dig3_20260918-035731.jpg,N,N,1.000000,0.000000,0.000000,0.000000,0.000000,0.000000,0.000000,0.000000,0.000000,0.000000,0.000000,1.000000,3,20260918-035731,blank09,93.179
C:\Users\josep\source\repos\AIOTED-digital\04_joe_lcd_20x32\N_main_dig3_20260918-130531.jpg,N,N,1.000000,0.000000,0.000000,0.000000,0.000000,0.000000,0.000000,0.000000,0.000000,0.000000,0.000000,1.000000,3,20260918-130531,blank09,72.297
C:\Users\josep\source\repos\AIOTED-digital\04_joe_lcd_20x32\N_main_dig3_20260919-024130.jpg,N,N,0.999999,0.000000,0.000000,0.000000,0.000000,0.000000,0.000000,0.000000,0.000000,0.000000,0.000000,0.999999,3,20260919-024130,blank09,91.571
C:\Users\josep\source\repos\AIOTED-digital\04_joe_lcd_20x32\N_main_dig3_20260919-120929.jpg,N,N,1.000000,0.000000,0.000000,0.000000,0.000000,0.000000,0.000000,0.000000,0.000000,0.000000,0.000000,1.000000,3,20260919-120929,blank09,76.770
C:\Users\josep\source\repos\AIOTED-digital\04_joe_lcd_20x32\N_main_dig3_20260919-155729.jpg,N,N,1.000000,0.000000,0.000000,0.000000,0.000000,0.000000,0.000000,0.000000,0.000000,0.000000,0.000000,1.000000,3,20260919-155729,blank09,84.763
C:\Users\josep\source\repos\AIOTED-digital\04_joe_lcd_20x32\N_main_dig3_20260925-135817.jpg,N,N,1.000000,0.000000,0.000000,0.000000,0.000000,0.000000,0.000000,0.000000,0.000000,0.000000,0.000000,1.000000,3,20260925-135817,blank09,55.075
C:\Users\josep\source\repos\AIOTED-digital\04_joe_lcd_20x32\N_main_dig3_20260925-155817.jpg,N,N,1.000000,0.000000,0.000000,0.000000,0.000000,0.000000,0.000000,0.000000,0.000000,0.000000,0.000000,1.000000,3,20260925-155817,blank09,90.994
C:\Users\josep\source\repos\AIOTED-digital\04_joe_lcd_20x32\N_main_dig3_20260925-222616.jpg,N,N,1.000000,0.000000,0.000000,0.000000,0.000000,0.000000,0.000000,0.000000,0.000000,0.000000,0.000000,1.000000,3,20260925-222616,blank09,99.869
C:\Users\josep\source\repos\AIOTED-digital\04_joe_lcd_20x32\N_main_dig4_20260803-013210.jpg,N,N,0.993028,0.000000,0.000000,0.000000,0.000065,0.000012,0.006764,0.000060,0.000001,0.000006,0.000066,0.993028,4,20260803-013210,blank09,98.055
C:\Users\josep\source\repos\AIOTED-digital\04_joe_lcd_20x32\N_main_dig4_20260803-061816.jpg,N,N,0.999994,0.000000,0.000000,0.000000,0.000000,0.000000,0.000006,0.000000,0.000000,0.000000,0.000000,0.999994,4,20260803-061816,blank09,73.153
C:\Users\josep\source\repos\AIOTED-digital\04_joe_lcd_20x32\N_main_dig4_20260803-065815.jpg,N,N,1.000000,0.000000,0.000000,0.000000,0.000000,0.000000,0.000000,0.000000,0.000000,0.000000,0.000000,1.000000,4,20260803-065815,blank09,90.244
C:\Users\josep\source\repos\AIOTED-digital\04_joe_lcd_20x32\N_main_dig4_20260803-193525.jpg,N,N,1.000000,0.000000,0.000000,0.000000,0.000000,0.000000,0.000000,0.000000,0.000000,0.000000,0.000000,1.000000,4,20260803-193525,blank09,84.953
C:\Users\josep\source\repos\AIOTED-digital\04_joe_lcd_20x32\N_main_dig4_20260815-160203.jpg,N,N,1.000000,0.000000,0.000000,0.000000,0.000000,0.000000,0.000000,0.000000,0.000000,0.000000,0.000000,1.000000,4,20260815-160203,blank09,53.057
C:\Users\josep\source\repos\AIOTED-digital\04_joe_lcd_20x32\N_main_dig4_20260815-231003.jpg,N,N,1.000000,0.000000,0.000000,0.000000,0.000000,0.000000,0.000000,0.000000,0.000000,0.000000,0.000000,1.000000,4,20260815-231003,blank09,53.288
C:\Users\josep\source\repos\AIOTED-digital\04_joe_lcd_20x32\N_main_dig4_20260824-034147.jpg,N,N,1.000000,0.000000,0.000000,0.000000,0.000000,0.000000,0.000000,0.000000,0.000000,0.000000,0.000000,1.000000,4,20260824-034147,blank09,53.783
C:\Users\josep\source\repos\AIOTED-digital\04_joe_lcd_20x32\N_main_dig4_20260824-062147.jpg,N,N,1.000000,0.000000,0.000000,0.000000,0.000000,0.000000,0.000000,0.000000,0.000000,0.000000,0.000000,1.000000,4,20260824-062147,blank09,52.153
C:\Users\josep\source\repos\AIOTED-digital\04_joe_lcd_20x32\N_main_dig4_20260824-072147.jpg,N,N,1.000000,0.000000,0.000000,0.000000,0.000000,0.000000,0.000000,0.000000,0.000000,0.000000,0.000000,1.000000,4,20260824-072147,blank09,48.989
C:\Users\josep\source\repos\AIOTED-digital\04_joe_lcd_20x32\N_main_dig4_20260828-093739.jpg,N,N,1.000000,0.000000,0.000000,0.000000,0.000000,0.000000,0.000000,0.000000,0.000000,0.000000,0.000000,1.000000,4,20260828-093739,blank09,50.722
C:\Users\josep\source\repos\AIOTED-digital\04_joe_lcd_20x32\N_main_dig4_20260828-190539.jpg,N,N,1.000000,0.000000,0.000000,0.000000,0.000000,0.000000,0.000000,0.000000,0.000000,0.000000,0.000000,1.000000,4,20260828-190539,blank09,52.910
C:\Users\josep\source\repos\AIOTED-digital\04_joe_lcd_20x32\N_main_dig4_20260903-085508.jpg,N,N,1.000000,0.000000,0.000000,0.000000,0.000000,0.000000,0.000000,0.000000,0.000000,0.000000,0.000000,1.000000,4,20260903-085508,blank09,53.135
C:\Users\josep\source\repos\AIOTED-digital\04_joe_lcd_20x32\N_main_dig4_20260903-123507.jpg,N,N,1.000000,0.000000,0.000000,0.000000,0.000000,0.000000,0.000000,0.000000,0.000000,0.000000,0.000000,1.000000,4,20260903-123507,blank09,65.018
C:\Users\josep\source\repos\AIOTED-digital\04_joe_lcd_20x32\N_main_dig4_20260915-042537.jpg,N,N,1.000000,0.000000,0.000000,0.000000,0.000000,0.000000,0.000000,0.000000,0.000000,0.000000,0.000000,1.000000,4,20260915-042537,blank09,51.153
C:\Users\josep\source\repos\AIOTED-digital\04_joe_lcd_20x32\N_main_dig4_20260915-111336.jpg,N,N,1.000000,0.000000,0.000000,0.000000,0.000000,0.000000,0.000000,0.000000,0.000000,0.000000,0.000000,1.000000,4,20260915-111336,blank09,59.588
C:\Users\josep\source\repos\AIOTED-digital\04_joe_lcd_20x32\N_main_dig4_20260915-174136.jpg,N,N,1.000000,0.000000,0.000000,0.000000,0.000000,0.000000,0.000000,0.000000,0.000000,0.000000,0.000000,1.000000,4,20260915-174136,blank09,47.309
C:\Users\josep\source\repos\AIOTED-digital\04_joe_lcd_20x32\N_main_dig4_20260918-035731.jpg,N,N,1.000000,0.000000,0.000000,0.000000,0.000000,0.000000,0.000000,0.000000,0.000000,0.000000,0.000000,1.000000,4,20260918-035731,blank09,51.831
C:\Users\josep\source\repos\AIOTED-digital\04_joe_lcd_20x32\N_main_dig4_20260918-102531.jpg,N,N,1.000000,0.000000,0.000000,0.000000,0.000000,0.000000,0.000000,0.000000,0.000000,0.000000,0.000000,1.000000,4,20260918-102531,blank09,48.985
C:\Users\josep\source\repos\AIOTED-digital\04_joe_lcd_20x32\N_main_dig4_20260918-104531.jpg,N,N,1.000000,0.000000,0.000000,0.000000,0.000000,0.000000,0.000000,0.000000,0.000000,0.000000,0.000000,1.000000,4,20260918-104531,blank09,47.973
C:\Users\josep\source\repos\AIOTED-digital\04_joe_lcd_20x32\N_main_dig4_20260919-080929.jpg,N,N,1.000000,0.000000,0.000000,0.000000,0.000000,0.000000,0.000000,0.000000,0.000000,0.000000,0.000000,1.000000,4,20260919-080929,blank09,49.207
C:\Users\josep\source\repos\AIOTED-digital\04_joe_lcd_20x32\N_main_dig4_20260919-102929.jpg,N,N,1.000000,0.000000,0.000000,0.000000,0.000000,0.000000,0.000000,0.000000,0.000000,0.000000,0.000000,1.000000,4,20260919-102929,blank09,49.469
C:\Users\josep\source\repos\AIOTED-digital\04_joe_lcd_20x32\N_main_dig4_20260925-031018.jpg,N,N,1.000000,0.000000,0.000000,0.000000,0.000000,0.000000,0.000000,0.000000,0.000000,0.000000,0.000000,1.000000,4,20260925-031018,blank09,51.295
C:\Users\josep\source\repos\AIOTED-digital\04_joe_lcd_20x32\N_main_dig4_20260925-155817.jpg,N,N,1.000000,0.000000,0.000000,0.000000,0.000000,0.000000,0.000000,0.000000,0.000000,0.000000,0.000000,1.000000,4,20260925-155817,blank09,49.323
