queue,item_id,stamp,pos,src,proposed,bucket,brightness,context,preflag,group
sample_full,20260920-000128_dig2,20260920-000128,2,C:\Users\josep\source\repos\AIOTED-digital-rawdigits\20260920\00\5_main_dig2_20260920-000128.jpg,5,flash,92.5,filename reading 58142; file 00/5_main_dig2_20260920-000128.jpg,,
sample_full,20260920-000128_dig3,20260920-000128,3,C:\Users\josep\source\repos\AIOTED-digital-rawdigits\20260920\00\8_main_dig3_20260920-000128.jpg,8,flash,91.8,filename reading 58142; file 00/8_main_dig3_20260920-000128.jpg,,
sample_full,20260920-000128_dig4,20260920-000128,4,C:\Users\josep\source\repos\AIOTED-digital-rawdigits\20260920\00\1_main_dig4_20260920-000128.jpg,1,flash,88.8,filename reading 58142; file 00/1_main_dig4_20260920-000128.jpg,,
sample_full,20260920-000128_dig5,20260920-000128,5,C:\Users\josep\source\repos\AIOTED-digital-rawdigits\20260920\00\4_main_dig5_20260920-000128.jpg,4,flash,69.0,filename reading 58142; file 00/4_main_dig5_20260920-000128.jpg,,
sample_full,20260920-000128_dig6,20260920-000128,6,C:\Users\josep\source\repos\AIOTED-digital-rawdigits\20260920\00\2_main_dig6_20260920-000128.jpg,2,flash,49.5,filename reading 58142; file 00/2_main_dig6_20260920-000128.jpg,,
sample_full,20260920-000528_dig2,20260920-000528,2,C:\Users\josep\source\repos\AIOTED-digital-rawdigits\20260920\00\10_main_dig2_20260920-000528.jpg,N,flash,96.9,filename reading NNN09; file 00/10_main_dig2_20260920-000528.jpg,,
sample_full,20260920-000528_dig3,20260920-000528,3,C:\Users\josep\source\repos\AIOTED-digital-rawdigits\20260920\00\10_main_dig3_20260920-000528.jpg,N,flash,95.3,filename reading NNN09; file 00/10_main_dig3_20260920-000528.jpg,,
sample_full,20260920-000528_dig4,20260920-000528,4,C:\Users\josep\source\repos\AIOTED-digital-rawdigits\20260920\00\10_main_dig4_20260920-000528.jpg,N,flash,92.4,filename reading NNN09; file 00/10_main_dig4_20260920-000528.jpg,,
sample_full,20260920-000528_dig5,20260920-000528,5,C:\Users\josep\source\repos\AIOTED-digital-rawdigits\20260920\00\0_main_dig5_20260920-000528.jpg,0,flash,68.3,filename reading NNN09; file 00/0_main_dig5_20260920-000528.jpg,,
sample_full,20260920-000528_dig6,20260920-000528,6,C:\Users\josep\source\repos\AIOTED-digital-rawdigits\20260920\00\9_main_dig6_20260920-000528.jpg,9,flash,49.0,filename reading NNN09; file 00/9_main_dig6_20260920-000528.jpg,,
sample_full,20260920-000928_dig2,20260920-000928,2,C:\Users\josep\source\repos\AIOTED-digital-rawdigits\20260920\00\5_main_dig2_20260920-000928.jpg,5,flash,93.0,filename reading 58142; file 00/5_main_dig2_20260920-000928.jpg,,
sample_full,20260920-000928_dig3,20260920-000928,3,C:\Users\josep\source\repos\AIOTED-digital-rawdigits\20260920\00\8_main_dig3_20260920-000928.jpg,8,flash,92.3,filename reading 58142; file 00/8_main_dig3_20260920-000928.jpg,,
sample_full,20260920-000928_dig4,20260920-000928,4,C:\Users\josep\source\repos\AIOTED-digital-rawdigits\20260920\00\1_main_dig4_20260920-000928.jpg,1,flash,89.0,filename reading 58142; file 00/1_main_dig4_20260920-000928.jpg,,
sample_full,20260920-000928_dig5,20260920-000928,5,C:\Users\josep\source\repos\AIOTED-digital-rawdigits\20260920\00\4_main_dig5_20260920-000928.jpg,4,flash,69.1,filename reading 58142; file 00/4_main_dig5_20260920-000928.jpg,,
sample_full,20260920-000928_dig6,20260920-000928,6,C:\Users\josep\source\repos\AIOTED-digital-rawdigits\20260920\00\2_main_dig6_20260920-000928.jpg,2,flash,49.4,filename reading 58142; file 00/2_main_dig6_20260920-000928.jpg,,
sample_full,20260920-001328_dig2,20260920-001328,2,C:\Users\josep\source\repos\AIOTED-digital-rawdigits\20260920\00\0_main_dig2_20260920-001328.jpg,0,flash,90.7,filename reading 00000; file 00/0_main_dig2_20260920-001328.jpg,,
sample_full,20260920-001328_dig3,20260920-001328,3,C:\Users\josep\source\repos\AIOTED-digital-rawdigits\20260920\00\0_main_dig3_20260920-001328.jpg,0,flash,90.2,filename reading 00000; file 00/0_main_dig3_20260920-001328.jpg,,
sample_full,20260920-001328_dig4,20260920-001328,4,C:\Users\josep\source\repos\AIOTED-digital-rawdigits\20260920\00\0_main_dig4_20260920-001328.jpg,0,flash,85.2,filename reading 00000; file 00/0_main_dig4_20260920-001328.jpg,,
sample_full,20260920-001328_dig5,20260920-001328,5,C:\Users\josep\source\repos\AIOTED-digital-rawdigits\20260920\00\0_main_dig5_20260920-001328.jpg,0,flash,67.7,filename reading 00000; file 00/0_main_dig5_20260920-001328.jpg,,
sample_full,20260920-001328_dig6,20260920-001328,6,C:\Users\josep\source\repos\AIOTED-digital-rawdigits\20260920\00\0_main_dig6_20260920-001328.jpg,0,flash,48.6,filename reading 00000; file 00/0_main_dig6_20260920-001328.jpg,,
sample_full,20260920-001728_dig2,20260920-001728,2,C:\Users\josep\source\repos\AIOTED-digital-rawdigits\20260920\00\8_main_dig2_20260920-001728.jpg,8,flash,90.8,filename reading 88806; file 00/8_main_dig2_20260920-001728.jpg,,
sample_full,20260920-001728_dig3,20260920-001728,3,C:\Users\josep\source\repos\AIOTED-digital-rawdigits\20260920\00\8_main_dig3_20260920-001728.jpg,8,flash,90.3,filename reading 88806; file 00/8_main_dig3_20260920-001728.jpg,,
sample_full,20260920-001728_dig4,20260920-001728,4,C:\Users\josep\source\repos\AIOTED-digital-rawdigits\20260920\00\8_main_dig4_20260920-001728.jpg,8,flash,84.5,filename reading 88806; file 00/8_main_dig4_20260920-001728.jpg,,
sample_full,20260920-001728_dig5,20260920-001728,5,C:\Users\josep\source\repos\AIOTED-digital-rawdigits\20260920\00\0_main_dig5_20260920-001728.jpg,0,flash,67.1,filename reading 88806; file 00/0_main_dig5_20260920-001728.jpg,,
sample_full,20260920-001728_dig6,20260920-001728,6,C:\Users\josep\source\repos\AIOTED-digital-rawdigits\20260920\00\6_main_dig6_20260920-001728.jpg,6,flash,48.4,filename reading 88806; file 00/6_main_dig6_20260920-001728.jpg,,
sample_full,20260920-002128_dig2,20260920-002128,2,C:\Users\josep\source\repos\AIOTED-digital-rawdigits\20260920\00\5_main_dig2_20260920-002128.jpg,5,flash,92.5,filename reading 59102; file 00/5_main_dig2_20260920-002128.jpg,,
sample_full,20260920-002128_dig3,20260920-002128,3,C:\Users\josep\source\repos\AIOTED-digital-rawdigits\20260920\00\9_main_dig3_20260920-002128.jpg,9,flash,91.7,filename reading 59102; file 00/9_main_dig3_20260920-002128.jpg,,
sample_full,20260920-002128_dig4,20260920-002128,4,C:\Users\josep\source\repos\AIOTED-digital-rawdigits\20260920\00\1_main_dig4_20260920-002128.jpg,1,flash,88.9,filename reading 59102; file 00/1_main_dig4_20260920-002128.jpg,,
sample_full,20260920-002128_dig5,20260920-002128,5,C:\Users\josep\source\repos\AIOTED-digital-rawdigits\20260920\00\0_main_dig5_20260920-002128.jpg,0,flash,69.1,filename reading 59102; file 00/0_main_dig5_20260920-002128.jpg,,
sample_full,20260920-002128_dig6,20260920-002128,6,C:\Users\josep\source\repos\AIOTED-digital-rawdigits\20260920\00\2_main_dig6_20260920-002128.jpg,2,flash,49.4,filename reading 59102; file 00/2_main_dig6_20260920-002128.jpg,,
sample_full,20260920-002528_dig2,20260920-002528,2,C:\Users\josep\source\repos\AIOTED-digital-rawdigits\20260920\00\10_main_dig2_20260920-002528.jpg,N,flash,96.8,filename reading NNN09; file 00/10_main_dig2_20260920-002528.jpg,drift,
sample_full,20260920-002528_dig3,20260920-002528,3,C:\Users\josep\source\repos\AIOTED-digital-rawdigits\20260920\00\10_main_dig3_20260920-002528.jpg,N,flash,95.2,filename reading NNN09; file 00/10_main_dig3_20260920-002528.jpg,,
sample_full,20260920-002528_dig4,20260920-002528,4,C:\Users\josep\source\repos\AIOTED-digital-rawdigits\20260920\00\10_main_dig4_20260920-002528.jpg,N,flash,92.5,filename reading NNN09; file 00/10_main_dig4_20260920-002528.jpg,,
sample_full,20260920-002528_dig5,20260920-002528,5,C:\Users\josep\source\repos\AIOTED-digital-rawdigits\20260920\00\0_main_dig5_20260920-002528.jpg,0,flash,68.5,filename reading NNN09; file 00/0_main_dig5_20260920-002528.jpg,,
sample_full,20260920-002528_dig6,20260920-002528,6,C:\Users\josep\source\repos\AIOTED-digital-rawdigits\20260920\00\9_main_dig6_20260920-002528.jpg,9,flash,49.2,filename reading NNN09; file 00/9_main_dig6_20260920-002528.jpg,,
sample_full,20260920-002928_dig2,20260920-002928,2,C:\Users\josep\source\repos\AIOTED-digital-rawdigits\20260920\00\5_main_dig2_20260920-002928.jpg,5,flash,92.8,filename reading 58143; file 00/5_main_dig2_20260920-002928.jpg,,
sample_full,20260920-002928_dig3,20260920-002928,3,C:\Users\josep\source\repos\AIOTED-digital-rawdigits\20260920\00\8_main_dig3_20260920-002928.jpg,8,flash,91.8,filename reading 58143; file 00/8_main_dig3_20260920-002928.jpg,,
sample_full,20260920-002928_dig4,20260920-002928,4,C:\Users\josep\source\repos\AIOTED-digital-rawdigits\20260920\00\1_main_dig4_20260920-002928.jpg,1,flash,88.7,filename reading 58143; file 00/1_main_dig4_20260920-002928.jpg,,
sample_full,20260920-002928_dig5,20260920-002928,5,C:\Users\josep\source\repos\AIOTED-digital-rawdigits\20260920\00\4_main_dig5_20260920-002928.jpg,4,flash,68.6,filename reading 58143; file 00/4_main_dig5_20260920-002928.jpg,,
sample_full,20260920-002928_dig6,20260920-002928,6,C:\Users\josep\source\repos\AIOTED-digital-rawdigits\20260920\00\3_main_dig6_20260920-002928.jpg,3,flash,49.2,filename reading 58143; file 00/3_main_dig6_20260920-002928.jpg,,
sample_full,20260920-003328_dig2,20260920-003328,2,C:\Users\josep\source\repos\AIOTED-digital-rawdigits\20260920\00\0_main_dig2_20260920-003328.jpg,0,flash,91.5,filename reading 00000; file 00/0_main_dig2_20260920-003328.jpg,,
sample_full,20260920-003328_dig3,20260920-003328,3,C:\Users\josep\source\repos\AIOTED-digital-rawdigits\20260920\00\0_main_dig3_20260920-003328.jpg,0,flash,91.0,filename reading 00000; file 00/0_main_dig3_20260920-003328.jpg,,
sample_full,20260920-003328_dig4,20260920-003328,4,C:\Users\josep\source\repos\AIOTED-digital-rawdigits\20260920\00\0_main_dig4_20260920-003328.jpg,0,flash,85.5,filename reading 00000; file 00/0_main_dig4_20260920-003328.jpg,,
sample_full,20260920-003328_dig5,20260920-003328,5,C:\Users\josep\source\repos\AIOTED-digital-rawdigits\20260920\00\0_main_dig5_20260920-003328.jpg,0,flash,67.8,filename reading 00000; file 00/0_main_dig5_20260920-003328.jpg,,
sample_full,20260920-003328_dig6,20260920-003328,6,C:\Users\josep\source\repos\AIOTED-digital-rawdigits\20260920\00\0_main_dig6_20260920-003328.jpg,0,flash,48.7,filename reading 00000; file 00/0_main_dig6_20260920-003328.jpg,,
sample_full,20260920-003728_dig2,20260920-003728,2,C:\Users\josep\source\repos\AIOTED-digital-rawdigits\20260920\00\8_main_dig2_20260920-003728.jpg,8,flash,90.5,filename reading 88806; file 00/8_main_dig2_20260920-003728.jpg,,
sample_full,20260920-003728_dig3,20260920-003728,3,C:\Users\josep\source\repos\AIOTED-digital-rawdigits\20260920\00\8_main_dig3_20260920-003728.jpg,8,flash,90.2,filename reading 88806; file 00/8_main_dig3_20260920-003728.jpg,,
sample_full,20260920-003728_dig4,20260920-003728,4,C:\Users\josep\source\repos\AIOTED-digital-rawdigits\20260920\00\8_main_dig4_20260920-003728.jpg,8,flash,84.5,filename reading 88806; file 00/8_main_dig4_20260920-003728.jpg,,
sample_full,20260920-003728_dig5,20260920-003728,5,C:\Users\josep\source\repos\AIOTED-digital-rawdigits\20260920\00\0_main_dig5_20260920-003728.jpg,0,flash,67.0,filename reading 88806; file 00/0_main_dig5_20260920-003728.jpg,,
sample_full,20260920-003728_dig6,20260920-003728,6,C:\Users\josep\source\repos\AIOTED-digital-rawdigits\20260920\00\6_main_dig6_20260920-003728.jpg,6,flash,48.2,filename reading 88806; file 00/6_main_dig6_20260920-003728.jpg,,
sample_full,20260920-004128_dig2,20260920-004128,2,C:\Users\josep\source\repos\AIOTED-digital-rawdigits\20260920\00\5_main_dig2_20260920-004128.jpg,5,flash,93.2,filename reading 59143; file 00/5_main_dig2_20260920-004128.jpg,,
sample_full,20260920-004128_dig3,20260920-004128,3,C:\Users\josep\source\repos\AIOTED-digital-rawdigits\20260920\00\9_main_dig3_20260920-004128.jpg,9,flash,92.4,filename reading 59143; file 00/9_main_dig3_20260920-004128.jpg,,
sample_full,20260920-004128_dig4,20260920-004128,4,C:\Users\josep\source\repos\AIOTED-digital-rawdigits\20260920\00\1_main_dig4_20260920-004128.jpg,1,flash,88.9,filename reading 59143; file 00/1_main_dig4_20260920-004128.jpg,,
sample_full,20260920-004128_dig5,20260920-004128,5,C:\Users\josep\source\repos\AIOTED-digital-rawdigits\20260920\00\4_main_dig5_20260920-004128.jpg,4,flash,69.1,filename reading 59143; file 00/4_main_dig5_20260920-004128.jpg,,
sample_full,20260920-004128_dig6,20260920-004128,6,C:\Users\josep\source\repos\AIOTED-digital-rawdigits\20260920\00\3_main_dig6_20260920-004128.jpg,3,flash,49.4,filename reading 59143; file 00/3_main_dig6_20260920-004128.jpg,,
sample_full,20260920-004528_dig2,20260920-004528,2,C:\Users\josep\source\repos\AIOTED-digital-rawdigits\20260920\00\10_main_dig2_20260920-004528.jpg,N,flash,96.7,filename reading NNN06; file 00/10_main_dig2_20260920-004528.jpg,,
sample_full,20260920-004528_dig3,20260920-004528,3,C:\Users\josep\source\repos\AIOTED-digital-rawdigits\20260920\00\10_main_dig3_20260920-004528.jpg,N,flash,95.3,filename reading NNN06; file 00/10_main_dig3_20260920-004528.jpg,,
sample_full,20260920-004528_dig4,20260920-004528,4,C:\Users\josep\source\repos\AIOTED-digital-rawdigits\20260920\00\10_main_dig4_20260920-004528.jpg,N,flash,92.6,filename reading NNN06; file 00/10_main_dig4_20260920-004528.jpg,,
sample_full,20260920-004528_dig5,20260920-004528,5,C:\Users\josep\source\repos\AIOTED-digital-rawdigits\20260920\00\0_main_dig5_20260920-004528.jpg,0,flash,68.7,filename reading NNN06; file 00/0_main_dig5_20260920-004528.jpg,,
sample_full,20260920-004528_dig6,20260920-004528,6,C:\Users\josep\source\repos\AIOTED-digital-rawdigits\20260920\00\6_main_dig6_20260920-004528.jpg,6,flash,49.5,filename reading NNN06; file 00/6_main_dig6_20260920-004528.jpg,,
sample_full,20260920-004928_dig2,20260920-004928,2,C:\Users\josep\source\repos\AIOTED-digital-rawdigits\20260920\00\5_main_dig2_20260920-004928.jpg,5,flash,93.3,filename reading 58143; file 00/5_main_dig2_20260920-004928.jpg,,
sample_full,20260920-004928_dig3,20260920-004928,3,C:\Users\josep\source\repos\AIOTED-digital-rawdigits\20260920\00\8_main_dig3_20260920-004928.jpg,8,flash,92.5,filename reading 58143; file 00/8_main_dig3_20260920-004928.jpg,,
sample_full,20260920-004928_dig4,20260920-004928,4,C:\Users\josep\source\repos\AIOTED-digital-rawdigits\20260920\00\1_main_dig4_20260920-004928.jpg,1,flash,89.2,filename reading 58143; file 00/1_main_dig4_20260920-004928.jpg,,
sample_full,20260920-004928_dig5,20260920-004928,5,C:\Users\josep\source\repos\AIOTED-digital-rawdigits\20260920\00\4_main_dig5_20260920-004928.jpg,4,flash,69.2,filename reading 58143; file 00/4_main_dig5_20260920-004928.jpg,,
sample_full,20260920-004928_dig6,20260920-004928,6,C:\Users\josep\source\repos\AIOTED-digital-rawdigits\20260920\00\3_main_dig6_20260920-004928.jpg,3,flash,49.6,filename reading 58143; file 00/3_main_dig6_20260920-004928.jpg,,
sample_full,20260920-005328_dig2,20260920-005328,2,C:\Users\josep\source\repos\AIOTED-digital-rawdigits\20260920\00\0_main_dig2_20260920-005328.jpg,0,flash,91.2,filename reading 00000; file 00/0_main_dig2_20260920-005328.jpg,,
sample_full,20260920-005328_dig3,20260920-005328,3,C:\Users\josep\source\repos\AIOTED-digital-rawdigits\20260920\00\0_main_dig3_20260920-005328.jpg,0,flash,90.6,filename reading 00000; file 00/0_main_dig3_20260920-005328.jpg,,
sample_full,20260920-005328_dig4,20260920-005328,4,C:\Users\josep\source\repos\AIOTED-digital-rawdigits\20260920\00\0_main_dig4_20260920-005328.jpg,0,flash,85.3,filename reading 00000; file 00/0_main_dig4_20260920-005328.jpg,,
sample_full,20260920-005328_dig5,20260920-005328,5,C:\Users\josep\source\repos\AIOTED-digital-rawdigits\20260920\00\0_main_dig5_20260920-005328.jpg,0,flash,67.5,filename reading 00000; file 00/0_main_dig5_20260920-005328.jpg,,
sample_full,20260920-005328_dig6,20260920-005328,6,C:\Users\josep\source\repos\AIOTED-digital-rawdigits\20260920\00\0_main_dig6_20260920-005328.jpg,0,flash,48.4,filename reading 00000; file 00/0_main_dig6_20260920-005328.jpg,,
sample_full,20260920-005728_dig2,20260920-005728,2,C:\Users\josep\source\repos\AIOTED-digital-rawdigits\20260920\00\8_main_dig2_20260920-005728.jpg,8,flash,90.7,filename reading 88806; file 00/8_main_dig2_20260920-005728.jpg,,
sample_full,20260920-005728_dig3,20260920-005728,3,C:\Users\josep\source\repos\AIOTED-digital-rawdigits\20260920\00\8_main_dig3_20260920-005728.jpg,8,flash,90.3,filename reading 88806; file 00/8_main_dig3_20260920-005728.jpg,,
sample_full,20260920-005728_dig4,20260920-005728,4,C:\Users\josep\source\repos\AIOTED-digital-rawdigits\20260920\00\8_main_dig4_20260920-005728.jpg,8,flash,84.5,filename reading 88806; file 00/8_main_dig4_20260920-005728.jpg,,
sample_full,20260920-005728_dig5,20260920-005728,5,C:\Users\josep\source\repos\AIOTED-digital-rawdigits\20260920\00\0_main_dig5_20260920-005728.jpg,0,flash,67.1,filename reading 88806; file 00/0_main_dig5_20260920-005728.jpg,,
sample_full,20260920-005728_dig6,20260920-005728,6,C:\Users\josep\source\repos\AIOTED-digital-rawdigits\20260920\00\6_main_dig6_20260920-005728.jpg,6,flash,48.3,filename reading 88806; file 00/6_main_dig6_20260920-005728.jpg,,
sample_full,20260920-010128_dig2,20260920-010128,2,C:\Users\josep\source\repos\AIOTED-digital-rawdigits\20260920\01\5_main_dig2_20260920-010128.jpg,5,flash,93.2,filename reading 58108; file 01/5_main_dig2_20260920-010128.jpg,,
sample_full,20260920-010128_dig3,20260920-010128,3,C:\Users\josep\source\repos\AIOTED-digital-rawdigits\20260920\01\8_main_dig3_20260920-010128.jpg,8,flash,92.6,filename reading 58108; file 01/8_main_dig3_20260920-010128.jpg,,
sample_full,20260920-010128_dig4,20260920-010128,4,C:\Users\josep\source\repos\AIOTED-digital-rawdigits\20260920\01\1_main_dig4_20260920-010128.jpg,1,flash,89.3,filename reading 58108; file 01/1_main_dig4_20260920-010128.jpg,,
sample_full,20260920-010128_dig5,20260920-010128,5,C:\Users\josep\source\repos\AIOTED-digital-rawdigits\20260920\01\0_main_dig5_20260920-010128.jpg,0,flash,69.4,filename reading 58108; file 01/0_main_dig5_20260920-010128.jpg,,
sample_full,20260920-010128_dig6,20260920-010128,6,C:\Users\josep\source\repos\AIOTED-digital-rawdigits\20260920\01\8_main_dig6_20260920-010128.jpg,8,flash,49.7,filename reading 58108; file 01/8_main_dig6_20260920-010128.jpg,,
sample_full,20260920-010528_dig2,20260920-010528,2,C:\Users\josep\source\repos\AIOTED-digital-rawdigits\20260920\01\10_main_dig2_20260920-010528.jpg,N,flash,97.0,filename reading NNN06; file 01/10_main_dig2_20260920-010528.jpg,,
sample_full,20260920-010528_dig3,20260920-010528,3,C:\Users\josep\source\repos\AIOTED-digital-rawdigits\20260920\01\10_main_dig3_20260920-010528.jpg,N,flash,95.5,filename reading NNN06; file 01/10_main_dig3_20260920-010528.jpg,,
sample_full,20260920-010528_dig4,20260920-010528,4,C:\Users\josep\source\repos\AIOTED-digital-rawdigits\20260920\01\10_main_dig4_20260920-010528.jpg,N,flash,92.5,filename reading NNN06; file 01/10_main_dig4_20260920-010528.jpg,,
sample_full,20260920-010528_dig5,20260920-010528,5,C:\Users\josep\source\repos\AIOTED-digital-rawdigits\20260920\01\0_main_dig5_20260920-010528.jpg,0,flash,68.4,filename reading NNN06; file 01/0_main_dig5_20260920-010528.jpg,,
sample_full,20260920-010528_dig6,20260920-010528,6,C:\Users\josep\source\repos\AIOTED-digital-rawdigits\20260920\01\6_main_dig6_20260920-010528.jpg,6,flash,49.2,filename reading NNN06; file 01/6_main_dig6_20260920-010528.jpg,,
sample_full,20260920-010928_dig2,20260920-010928,2,C:\Users\josep\source\repos\AIOTED-digital-rawdigits\20260920\01\5_main_dig2_20260920-010928.jpg,5,flash,92.8,filename reading 59196; file 01/5_main_dig2_20260920-010928.jpg,,
sample_full,20260920-010928_dig3,20260920-010928,3,C:\Users\josep\source\repos\AIOTED-digital-rawdigits\20260920\01\9_main_dig3_20260920-010928.jpg,9,flash,92.1,filename reading 59196; file 01/9_main_dig3_20260920-010928.jpg,,
sample_full,20260920-010928_dig4,20260920-010928,4,C:\Users\josep\source\repos\AIOTED-digital-rawdigits\20260920\01\1_main_dig4_20260920-010928.jpg,1,flash,89.0,filename reading 59196; file 01/1_main_dig4_20260920-010928.jpg,,
sample_full,20260920-010928_dig5,20260920-010928,5,C:\Users\josep\source\repos\AIOTED-digital-rawdigits\20260920\01\9_main_dig5_20260920-010928.jpg,9,flash,69.3,filename reading 59196; file 01/9_main_dig5_20260920-010928.jpg,,
sample_full,20260920-010928_dig6,20260920-010928,6,C:\Users\josep\source\repos\AIOTED-digital-rawdigits\20260920\01\6_main_dig6_20260920-010928.jpg,6,flash,49.6,filename reading 59196; file 01/6_main_dig6_20260920-010928.jpg,,
sample_full,20260920-011328_dig2,20260920-011328,2,C:\Users\josep\source\repos\AIOTED-digital-rawdigits\20260920\01\0_main_dig2_20260920-011328.jpg,0,flash,91.0,filename reading 00000; file 01/0_main_dig2_20260920-011328.jpg,,
sample_full,20260920-011328_dig3,20260920-011328,3,C:\Users\josep\source\repos\AIOTED-digital-rawdigits\20260920\01\0_main_dig3_20260920-011328.jpg,0,flash,90.5,filename reading 00000; file 01/0_main_dig3_20260920-011328.jpg,,
sample_full,20260920-011328_dig4,20260920-011328,4,C:\Users\josep\source\repos\AIOTED-digital-rawdigits\20260920\01\0_main_dig4_20260920-011328.jpg,0,flash,85.3,filename reading 00000; file 01/0_main_dig4_20260920-011328.jpg,,
sample_full,20260920-011328_dig5,20260920-011328,5,C:\Users\josep\source\repos\AIOTED-digital-rawdigits\20260920\01\0_main_dig5_20260920-011328.jpg,0,flash,67.6,filename reading 00000; file 01/0_main_dig5_20260920-011328.jpg,,
sample_full,20260920-011328_dig6,20260920-011328,6,C:\Users\josep\source\repos\AIOTED-digital-rawdigits\20260920\01\0_main_dig6_20260920-011328.jpg,0,flash,48.4,filename reading 00000; file 01/0_main_dig6_20260920-011328.jpg,drift,
sample_full,20260920-011728_dig2,20260920-011728,2,C:\Users\josep\source\repos\AIOTED-digital-rawdigits\20260920\01\8_main_dig2_20260920-011728.jpg,8,flash,90.3,filename reading 88806; file 01/8_main_dig2_20260920-011728.jpg,,
sample_full,20260920-011728_dig3,20260920-011728,3,C:\Users\josep\source\repos\AIOTED-digital-rawdigits\20260920\01\8_main_dig3_20260920-011728.jpg,8,flash,89.8,filename reading 88806; file 01/8_main_dig3_20260920-011728.jpg,,
sample_full,20260920-011728_dig4,20260920-011728,4,C:\Users\josep\source\repos\AIOTED-digital-rawdigits\20260920\01\8_main_dig4_20260920-011728.jpg,8,flash,84.3,filename reading 88806; file 01/8_main_dig4_20260920-011728.jpg,,
sample_full,20260920-011728_dig5,20260920-011728,5,C:\Users\josep\source\repos\AIOTED-digital-rawdigits\20260920\01\0_main_dig5_20260920-011728.jpg,0,flash,67.1,filename reading 88806; file 01/0_main_dig5_20260920-011728.jpg,,
sample_full,20260920-011728_dig6,20260920-011728,6,C:\Users\josep\source\repos\AIOTED-digital-rawdigits\20260920\01\6_main_dig6_20260920-011728.jpg,6,flash,48.3,filename reading 88806; file 01/6_main_dig6_20260920-011728.jpg,,
sample_full,20260920-012128_dig2,20260920-012128,2,C:\Users\josep\source\repos\AIOTED-digital-rawdigits\20260920\01\5_main_dig2_20260920-012128.jpg,5,flash,92.8,filename reading 59140; file 01/5_main_dig2_20260920-012128.jpg,,
sample_full,20260920-012128_dig3,20260920-012128,3,C:\Users\josep\source\repos\AIOTED-digital-rawdigits\20260920\01\9_main_dig3_20260920-012128.jpg,9,flash,92.0,filename reading 59140; file 01/9_main_dig3_20260920-012128.jpg,,
sample_full,20260920-012128_dig4,20260920-012128,4,C:\Users\josep\source\repos\AIOTED-digital-rawdigits\20260920\01\1_main_dig4_20260920-012128.jpg,1,flash,89.0,filename reading 59140; file 01/1_main_dig4_20260920-012128.jpg,,
sample_full,20260920-012128_dig5,20260920-012128,5,C:\Users\josep\source\repos\AIOTED-digital-rawdigits\20260920\01\4_main_dig5_20260920-012128.jpg,4,flash,69.1,filename reading 59140; file 01/4_main_dig5_20260920-012128.jpg,,
sample_full,20260920-012128_dig6,20260920-012128,6,C:\Users\josep\source\repos\AIOTED-digital-rawdigits\20260920\01\0_main_dig6_20260920-012128.jpg,0,flash,49.5,filename reading 59140; file 01/0_main_dig6_20260920-012128.jpg,,
sample_full,20260920-012528_dig2,20260920-012528,2,C:\Users\josep\source\repos\AIOTED-digital-rawdigits\20260920\01\10_main_dig2_20260920-012528.jpg,N,flash,96.7,filename reading NNN05; file 01/10_main_dig2_20260920-012528.jpg,,
sample_full,20260920-012528_dig3,20260920-012528,3,C:\Users\josep\source\repos\AIOTED-digital-rawdigits\20260920\01\10_main_dig3_20260920-012528.jpg,N,flash,95.0,filename reading NNN05; file 01/10_main_dig3_20260920-012528.jpg,,
sample_full,20260920-012528_dig4,20260920-012528,4,C:\Users\josep\source\repos\AIOTED-digital-rawdigits\20260920\01\10_main_dig4_20260920-012528.jpg,N,flash,92.1,filename reading NNN05; file 01/10_main_dig4_20260920-012528.jpg,,
sample_full,20260920-012528_dig5,20260920-012528,5,C:\Users\josep\source\repos\AIOTED-digital-rawdigits\20260920\01\0_main_dig5_20260920-012528.jpg,0,flash,67.9,filename reading NNN05; file 01/0_main_dig5_20260920-012528.jpg,,
sample_full,20260920-012528_dig6,20260920-012528,6,C:\Users\josep\source\repos\AIOTED-digital-rawdigits\20260920\01\5_main_dig6_20260920-012528.jpg,5,flash,48.9,filename reading NNN05; file 01/5_main_dig6_20260920-012528.jpg,,
sample_full,20260920-012928_dig2,20260920-012928,2,C:\Users\josep\source\repos\AIOTED-digital-rawdigits\20260920\01\5_main_dig2_20260920-012928.jpg,5,flash,92.6,filename reading 58140; file 01/5_main_dig2_20260920-012928.jpg,,
sample_full,20260920-012928_dig3,20260920-012928,3,C:\Users\josep\source\repos\AIOTED-digital-rawdigits\20260920\01\8_main_dig3_20260920-012928.jpg,8,flash,91.7,filename reading 58140; file 01/8_main_dig3_20260920-012928.jpg,,
sample_full,20260920-012928_dig4,20260920-012928,4,C:\Users\josep\source\repos\AIOTED-digital-rawdigits\20260920\01\1_main_dig4_20260920-012928.jpg,1,flash,88.7,filename reading 58140; file 01/1_main_dig4_20260920-012928.jpg,,
sample_full,20260920-012928_dig5,20260920-012928,5,C:\Users\josep\source\repos\AIOTED-digital-rawdigits\20260920\01\4_main_dig5_20260920-012928.jpg,4,flash,69.0,filename reading 58140; file 01/4_main_dig5_20260920-012928.jpg,,
sample_full,20260920-012928_dig6,20260920-012928,6,C:\Users\josep\source\repos\AIOTED-digital-rawdigits\20260920\01\0_main_dig6_20260920-012928.jpg,0,flash,49.4,filename reading 58140; file 01/0_main_dig6_20260920-012928.jpg,,
sample_full,20260920-013328_dig2,20260920-013328,2,C:\Users\josep\source\repos\AIOTED-digital-rawdigits\20260920\01\0_main_dig2_20260920-013328.jpg,0,flash,91.3,filename reading 08000; file 01/0_main_dig2_20260920-013328.jpg,,
sample_full,20260920-013328_dig3,20260920-013328,3,C:\Users\josep\source\repos\AIOTED-digital-rawdigits\20260920\01\8_main_dig3_20260920-013328.jpg,8,flash,90.8,filename reading 08000; file 01/8_main_dig3_20260920-013328.jpg,,
sample_full,20260920-013328_dig4,20260920-013328,4,C:\Users\josep\source\repos\AIOTED-digital-rawdigits\20260920\01\0_main_dig4_20260920-013328.jpg,0,flash,85.5,filename reading 08000; file 01/0_main_dig4_20260920-013328.jpg,,
sample_full,20260920-013328_dig5,20260920-013328,5,C:\Users\josep\source\repos\AIOTED-digital-rawdigits\20260920\01\0_main_dig5_20260920-013328.jpg,0,flash,67.7,filename reading 08000; file 01/0_main_dig5_20260920-013328.jpg,,
sample_full,20260920-013328_dig6,20260920-013328,6,C:\Users\josep\source\repos\AIOTED-digital-rawdigits\20260920\01\0_main_dig6_20260920-013328.jpg,0,flash,48.6,filename reading 08000; file 01/0_main_dig6_20260920-013328.jpg,,
sample_full,20260920-013728_dig2,20260920-013728,2,C:\Users\josep\source\repos\AIOTED-digital-rawdigits\20260920\01\8_main_dig2_20260920-013728.jpg,8,flash,90.6,filename reading 88806; file 01/8_main_dig2_20260920-013728.jpg,,
sample_full,20260920-013728_dig3,20260920-013728,3,C:\Users\josep\source\repos\AIOTED-digital-rawdigits\20260920\01\8_main_dig3_20260920-013728.jpg,8,flash,90.1,filename reading 88806; file 01/8_main_dig3_20260920-013728.jpg,,
sample_full,20260920-013728_dig4,20260920-013728,4,C:\Users\josep\source\repos\AIOTED-digital-rawdigits\20260920\01\8_main_dig4_20260920-013728.jpg,8,flash,84.3,filename reading 88806; file 01/8_main_dig4_20260920-013728.jpg,drift,
sample_full,20260920-013728_dig5,20260920-013728,5,C:\Users\josep\source\repos\AIOTED-digital-rawdigits\20260920\01\0_main_dig5_20260920-013728.jpg,0,flash,66.9,filename reading 88806; file 01/0_main_dig5_20260920-013728.jpg,,
sample_full,20260920-013728_dig6,20260920-013728,6,C:\Users\josep\source\repos\AIOTED-digital-rawdigits\20260920\01\6_main_dig6_20260920-013728.jpg,6,flash,48.2,filename reading 88806; file 01/6_main_dig6_20260920-013728.jpg,,
sample_full,20260920-014128_dig2,20260920-014128,2,C:\Users\josep\source\repos\AIOTED-digital-rawdigits\20260920\01\5_main_dig2_20260920-014128.jpg,5,flash,92.6,filename reading 58190; file 01/5_main_dig2_20260920-014128.jpg,,
sample_full,20260920-014128_dig3,20260920-014128,3,C:\Users\josep\source\repos\AIOTED-digital-rawdigits\20260920\01\8_main_dig3_20260920-014128.jpg,8,flash,91.7,filename reading 58190; file 01/8_main_dig3_20260920-014128.jpg,,
sample_full,20260920-014128_dig4,20260920-014128,4,C:\Users\josep\source\repos\AIOTED-digital-rawdigits\20260920\01\1_main_dig4_20260920-014128.jpg,1,flash,88.8,filename reading 58190; file 01/1_main_dig4_20260920-014128.jpg,,
sample_full,20260920-014128_dig5,20260920-014128,5,C:\Users\josep\source\repos\AIOTED-digital-rawdigits\20260920\01\9_main_dig5_20260920-014128.jpg,9,flash,69.1,filename reading 58190; file 01/9_main_dig5_20260920-014128.jpg,,
sample_full,20260920-014128_dig6,20260920-014128,6,C:\Users\josep\source\repos\AIOTED-digital-rawdigits\20260920\01\0_main_dig6_20260920-014128.jpg,0,flash,49.2,filename reading 58190; file 01/0_main_dig6_20260920-014128.jpg,,
sample_full,20260920-014528_dig2,20260920-014528,2,C:\Users\josep\source\repos\AIOTED-digital-rawdigits\20260920\01\10_main_dig2_20260920-014528.jpg,N,flash,96.6,filename reading NNN09; file 01/10_main_dig2_20260920-014528.jpg,,
sample_full,20260920-014528_dig3,20260920-014528,3,C:\Users\josep\source\repos\AIOTED-digital-rawdigits\20260920\01\10_main_dig3_20260920-014528.jpg,N,flash,95.0,filename reading NNN09; file 01/10_main_dig3_20260920-014528.jpg,,
sample_full,20260920-014528_dig4,20260920-014528,4,C:\Users\josep\source\repos\AIOTED-digital-rawdigits\20260920\01\10_main_dig4_20260920-014528.jpg,N,flash,92.3,filename reading NNN09; file 01/10_main_dig4_20260920-014528.jpg,,
sample_full,20260920-014528_dig5,20260920-014528,5,C:\Users\josep\source\repos\AIOTED-digital-rawdigits\20260920\01\0_main_dig5_20260920-014528.jpg,0,flash,68.3,filename reading NNN09; file 01/0_main_dig5_20260920-014528.jpg,,
sample_full,20260920-014528_dig6,20260920-014528,6,C:\Users\josep\source\repos\AIOTED-digital-rawdigits\20260920\01\9_main_dig6_20260920-014528.jpg,9,flash,49.0,filename reading NNN09; file 01/9_main_dig6_20260920-014528.jpg,,
sample_full,20260920-014928_dig2,20260920-014928,2,C:\Users\josep\source\repos\AIOTED-digital-rawdigits\20260920\01\5_main_dig2_20260920-014928.jpg,5,flash,93.3,filename reading 59190; file 01/5_main_dig2_20260920-014928.jpg,,
sample_full,20260920-014928_dig3,20260920-014928,3,C:\Users\josep\source\repos\AIOTED-digital-rawdigits\20260920\01\9_main_dig3_20260920-014928.jpg,9,flash,92.4,filename reading 59190; file 01/9_main_dig3_20260920-014928.jpg,,
sample_full,20260920-014928_dig4,20260920-014928,4,C:\Users\josep\source\repos\AIOTED-digital-rawdigits\20260920\01\1_main_dig4_20260920-014928.jpg,1,flash,89.0,filename reading 59190; file 01/1_main_dig4_20260920-014928.jpg,,
sample_full,20260920-014928_dig5,20260920-014928,5,C:\Users\josep\source\repos\AIOTED-digital-rawdigits\20260920\01\9_main_dig5_20260920-014928.jpg,9,flash,69.1,filename reading 59190; file 01/9_main_dig5_20260920-014928.jpg,,
sample_full,20260920-014928_dig6,20260920-014928,6,C:\Users\josep\source\repos\AIOTED-digital-rawdigits\20260920\01\0_main_dig6_20260920-014928.jpg,0,flash,49.4,filename reading 59190; file 01/0_main_dig6_20260920-014928.jpg,,
sample_full,20260920-015328_dig2,20260920-015328,2,C:\Users\josep\source\repos\AIOTED-digital-rawdigits\20260920\01\0_main_dig2_20260920-015328.jpg,0,flash,90.9,filename reading 08000; file 01/0_main_dig2_20260920-015328.jpg,,
sample_full,20260920-015328_dig3,20260920-015328,3,C:\Users\josep\source\repos\AIOTED-digital-rawdigits\20260920\01\8_main_dig3_20260920-015328.jpg,8,flash,90.4,filename reading 08000; file 01/8_main_dig3_20260920-015328.jpg,,
sample_full,20260920-015328_dig4,20260920-015328,4,C:\Users\josep\source\repos\AIOTED-digital-rawdigits\20260920\01\0_main_dig4_20260920-015328.jpg,0,flash,85.4,filename reading 08000; file 01/0_main_dig4_20260920-015328.jpg,,
sample_full,20260920-015328_dig5,20260920-015328,5,C:\Users\josep\source\repos\AIOTED-digital-rawdigits\20260920\01\0_main_dig5_20260920-015328.jpg,0,flash,67.8,filename reading 08000; file 01/0_main_dig5_20260920-015328.jpg,,
sample_full,20260920-015328_dig6,20260920-015328,6,C:\Users\josep\source\repos\AIOTED-digital-rawdigits\20260920\01\0_main_dig6_20260920-015328.jpg,0,flash,48.7,filename reading 08000; file 01/0_main_dig6_20260920-015328.jpg,,
sample_full,20260920-015728_dig2,20260920-015728,2,C:\Users\josep\source\repos\AIOTED-digital-rawdigits\20260920\01\8_main_dig2_20260920-015728.jpg,8,flash,90.7,filename reading 88806; file 01/8_main_dig2_20260920-015728.jpg,,
sample_full,20260920-015728_dig3,20260920-015728,3,C:\Users\josep\source\repos\AIOTED-digital-rawdigits\20260920\01\8_main_dig3_20260920-015728.jpg,8,flash,90.2,filename reading 88806; file 01/8_main_dig3_20260920-015728.jpg,,
sample_full,20260920-015728_dig4,20260920-015728,4,C:\Users\josep\source\repos\AIOTED-digital-rawdigits\20260920\01\8_main_dig4_20260920-015728.jpg,8,flash,84.4,filename reading 88806; file 01/8_main_dig4_20260920-015728.jpg,,
sample_full,20260920-015728_dig5,20260920-015728,5,C:\Users\josep\source\repos\AIOTED-digital-rawdigits\20260920\01\0_main_dig5_20260920-015728.jpg,0,flash,67.1,filename reading 88806; file 01/0_main_dig5_20260920-015728.jpg,,
sample_full,20260920-015728_dig6,20260920-015728,6,C:\Users\josep\source\repos\AIOTED-digital-rawdigits\20260920\01\6_main_dig6_20260920-015728.jpg,6,flash,48.4,filename reading 88806; file 01/6_main_dig6_20260920-015728.jpg,,
sample_full,20260920-020128_dig2,20260920-020128,2,C:\Users\josep\source\repos\AIOTED-digital-rawdigits\20260920\02\5_main_dig2_20260920-020128.jpg,5,flash,92.8,filename reading 58144; file 02/5_main_dig2_20260920-020128.jpg,,
sample_full,20260920-020128_dig3,20260920-020128,3,C:\Users\josep\source\repos\AIOTED-digital-rawdigits\20260920\02\8_main_dig3_20260920-020128.jpg,8,flash,91.9,filename reading 58144; file 02/8_main_dig3_20260920-020128.jpg,,
sample_full,20260920-020128_dig4,20260920-020128,4,C:\Users\josep\source\repos\AIOTED-digital-rawdigits\20260920\02\1_main_dig4_20260920-020128.jpg,1,flash,89.0,filename reading 58144; file 02/1_main_dig4_20260920-020128.jpg,,
sample_full,20260920-020128_dig5,20260920-020128,5,C:\Users\josep\source\repos\AIOTED-digital-rawdigits\20260920\02\4_main_dig5_20260920-020128.jpg,4,flash,69.3,filename reading 58144; file 02/4_main_dig5_20260920-020128.jpg,,
sample_full,20260920-020128_dig6,20260920-020128,6,C:\Users\josep\source\repos\AIOTED-digital-rawdigits\20260920\02\4_main_dig6_20260920-020128.jpg,4,flash,49.5,filename reading 58144; file 02/4_main_dig6_20260920-020128.jpg,,
sample_full,20260920-020528_dig2,20260920-020528,2,C:\Users\josep\source\repos\AIOTED-digital-rawdigits\20260920\02\10_main_dig2_20260920-020528.jpg,N,flash,96.6,filename reading NNN05; file 02/10_main_dig2_20260920-020528.jpg,,
sample_full,20260920-020528_dig3,20260920-020528,3,C:\Users\josep\source\repos\AIOTED-digital-rawdigits\20260920\02\10_main_dig3_20260920-020528.jpg,N,flash,94.9,filename reading NNN05; file 02/10_main_dig3_20260920-020528.jpg,,
sample_full,20260920-020528_dig4,20260920-020528,4,C:\Users\josep\source\repos\AIOTED-digital-rawdigits\20260920\02\10_main_dig4_20260920-020528.jpg,N,flash,92.2,filename reading NNN05; file 02/10_main_dig4_20260920-020528.jpg,,
sample_full,20260920-020528_dig5,20260920-020528,5,C:\Users\josep\source\repos\AIOTED-digital-rawdigits\20260920\02\0_main_dig5_20260920-020528.jpg,0,flash,68.3,filename reading NNN05; file 02/0_main_dig5_20260920-020528.jpg,,
sample_full,20260920-020528_dig6,20260920-020528,6,C:\Users\josep\source\repos\AIOTED-digital-rawdigits\20260920\02\5_main_dig6_20260920-020528.jpg,5,flash,49.1,filename reading NNN05; file 02/5_main_dig6_20260920-020528.jpg,,
sample_full,20260920-020928_dig2,20260920-020928,2,C:\Users\josep\source\repos\AIOTED-digital-rawdigits\20260920\02\5_main_dig2_20260920-020928.jpg,5,flash,92.8,filename reading 58144; file 02/5_main_dig2_20260920-020928.jpg,,
sample_full,20260920-020928_dig3,20260920-020928,3,C:\Users\josep\source\repos\AIOTED-digital-rawdigits\20260920\02\8_main_dig3_20260920-020928.jpg,8,flash,91.9,filename reading 58144; file 02/8_main_dig3_20260920-020928.jpg,,
sample_full,20260920-020928_dig4,20260920-020928,4,C:\Users\josep\source\repos\AIOTED-digital-rawdigits\20260920\02\1_main_dig4_20260920-020928.jpg,1,flash,88.9,filename reading 58144; file 02/1_main_dig4_20260920-020928.jpg,,
sample_full,20260920-020928_dig5,20260920-020928,5,C:\Users\josep\source\repos\AIOTED-digital-rawdigits\20260920\02\4_main_dig5_20260920-020928.jpg,4,flash,69.2,filename reading 58144; file 02/4_main_dig5_20260920-020928.jpg,,
sample_full,20260920-020928_dig6,20260920-020928,6,C:\Users\josep\source\repos\AIOTED-digital-rawdigits\20260920\02\4_main_dig6_20260920-020928.jpg,4,flash,49.5,filename reading 58144; file 02/4_main_dig6_20260920-020928.jpg,,
sample_full,20260920-021328_dig2,20260920-021328,2,C:\Users\josep\source\repos\AIOTED-digital-rawdigits\20260920\02\0_main_dig2_20260920-021328.jpg,0,flash,91.1,filename reading 00000; file 02/0_main_dig2_20260920-021328.jpg,,
sample_full,20260920-021328_dig3,20260920-021328,3,C:\Users\josep\source\repos\AIOTED-digital-rawdigits\20260920\02\0_main_dig3_20260920-021328.jpg,0,flash,90.6,filename reading 00000; file 02/0_main_dig3_20260920-021328.jpg,,
sample_full,20260920-021328_dig4,20260920-021328,4,C:\Users\josep\source\repos\AIOTED-digital-rawdigits\20260920\02\0_main_dig4_20260920-021328.jpg,0,flash,85.5,filename reading 00000; file 02/0_main_dig4_20260920-021328.jpg,,
sample_full,20260920-021328_dig5,20260920-021328,5,C:\Users\josep\source\repos\AIOTED-digital-rawdigits\20260920\02\0_main_dig5_20260920-021328.jpg,0,flash,67.8,filename reading 00000; file 02/0_main_dig5_20260920-021328.jpg,,
sample_full,20260920-021328_dig6,20260920-021328,6,C:\Users\josep\source\repos\AIOTED-digital-rawdigits\20260920\02\0_main_dig6_20260920-021328.jpg,0,flash,48.8,filename reading 00000; file 02/0_main_dig6_20260920-021328.jpg,,
sample_full,20260920-021728_dig2,20260920-021728,2,C:\Users\josep\source\repos\AIOTED-digital-rawdigits\20260920\02\8_main_dig2_20260920-021728.jpg,8,flash,90.1,filename reading 88806; file 02/8_main_dig2_20260920-021728.jpg,,
sample_full,20260920-021728_dig3,20260920-021728,3,C:\Users\josep\source\repos\AIOTED-digital-rawdigits\20260920\02\8_main_dig3_20260920-021728.jpg,8,flash,89.6,filename reading 88806; file 02/8_main_dig3_20260920-021728.jpg,,
sample_full,20260920-021728_dig4,20260920-021728,4,C:\Users\josep\source\repos\AIOTED-digital-rawdigits\20260920\02\8_main_dig4_20260920-021728.jpg,8,flash,84.2,filename reading 88806; file 02/8_main_dig4_20260920-021728.jpg,,
sample_full,20260920-021728_dig5,20260920-021728,5,C:\Users\josep\source\repos\AIOTED-digital-rawdigits\20260920\02\0_main_dig5_20260920-021728.jpg,0,flash,67.0,filename reading 88806; file 02/0_main_dig5_20260920-021728.jpg,,
sample_full,20260920-021728_dig6,20260920-021728,6,C:\Users\josep\source\repos\AIOTED-digital-rawdigits\20260920\02\6_main_dig6_20260920-021728.jpg,6,flash,48.2,filename reading 88806; file 02/6_main_dig6_20260920-021728.jpg,,
sample_full,20260920-022128_dig2,20260920-022128,2,C:\Users\josep\source\repos\AIOTED-digital-rawdigits\20260920\02\5_main_dig2_20260920-022128.jpg,5,flash,92.9,filename reading 58194; file 02/5_main_dig2_20260920-022128.jpg,,
sample_full,20260920-022128_dig3,20260920-022128,3,C:\Users\josep\source\repos\AIOTED-digital-rawdigits\20260920\02\8_main_dig3_20260920-022128.jpg,8,flash,92.1,filename reading 58194; file 02/8_main_dig3_20260920-022128.jpg,,
sample_full,20260920-022128_dig4,20260920-022128,4,C:\Users\josep\source\repos\AIOTED-digital-rawdigits\20260920\02\1_main_dig4_20260920-022128.jpg,1,flash,88.9,filename reading 58194; file 02/1_main_dig4_20260920-022128.jpg,,
sample_full,20260920-022128_dig5,20260920-022128,5,C:\Users\josep\source\repos\AIOTED-digital-rawdigits\20260920\02\9_main_dig5_20260920-022128.jpg,9,flash,69.2,filename reading 58194; file 02/9_main_dig5_20260920-022128.jpg,,
sample_full,20260920-022128_dig6,20260920-022128,6,C:\Users\josep\source\repos\AIOTED-digital-rawdigits\20260920\02\4_main_dig6_20260920-022128.jpg,4,flash,49.6,filename reading 58194; file 02/4_main_dig6_20260920-022128.jpg,,
sample_full,20260920-022528_dig2,20260920-022528,2,C:\Users\josep\source\repos\AIOTED-digital-rawdigits\20260920\02\10_main_dig2_20260920-022528.jpg,N,flash,96.4,filename reading NNN09; file 02/10_main_dig2_20260920-022528.jpg,,
sample_full,20260920-022528_dig3,20260920-022528,3,C:\Users\josep\source\repos\AIOTED-digital-rawdigits\20260920\02\10_main_dig3_20260920-022528.jpg,N,flash,95.0,filename reading NNN09; file 02/10_main_dig3_20260920-022528.jpg,,
sample_full,20260920-022528_dig4,20260920-022528,4,C:\Users\josep\source\repos\AIOTED-digital-rawdigits\20260920\02\10_main_dig4_20260920-022528.jpg,N,flash,92.3,filename reading NNN09; file 02/10_main_dig4_20260920-022528.jpg,,
sample_full,20260920-022528_dig5,20260920-022528,5,C:\Users\josep\source\repos\AIOTED-digital-rawdigits\20260920\02\0_main_dig5_20260920-022528.jpg,0,flash,68.3,filename reading NNN09; file 02/0_main_dig5_20260920-022528.jpg,,
sample_full,20260920-022528_dig6,20260920-022528,6,C:\Users\josep\source\repos\AIOTED-digital-rawdigits\20260920\02\9_main_dig6_20260920-022528.jpg,9,flash,49.1,filename reading NNN09; file 02/9_main_dig6_20260920-022528.jpg,,
sample_full,20260920-022928_dig2,20260920-022928,2,C:\Users\josep\source\repos\AIOTED-digital-rawdigits\20260920\02\5_main_dig2_20260920-022928.jpg,5,flash,93.0,filename reading 59194; file 02/5_main_dig2_20260920-022928.jpg,,
sample_full,20260920-022928_dig3,20260920-022928,3,C:\Users\josep\source\repos\AIOTED-digital-rawdigits\20260920\02\9_main_dig3_20260920-022928.jpg,9,flash,92.4,filename reading 59194; file 02/9_main_dig3_20260920-022928.jpg,,
sample_full,20260920-022928_dig4,20260920-022928,4,C:\Users\josep\source\repos\AIOTED-digital-rawdigits\20260920\02\1_main_dig4_20260920-022928.jpg,1,flash,89.1,filename reading 59194; file 02/1_main_dig4_20260920-022928.jpg,,
sample_full,20260920-022928_dig5,20260920-022928,5,C:\Users\josep\source\repos\AIOTED-digital-rawdigits\20260920\02\9_main_dig5_20260920-022928.jpg,9,flash,69.1,filename reading 59194; file 02/9_main_dig5_20260920-022928.jpg,,
sample_full,20260920-022928_dig6,20260920-022928,6,C:\Users\josep\source\repos\AIOTED-digital-rawdigits\20260920\02\4_main_dig6_20260920-022928.jpg,4,flash,49.4,filename reading 59194; file 02/4_main_dig6_20260920-022928.jpg,,
sample_full,20260920-023328_dig2,20260920-023328,2,C:\Users\josep\source\repos\AIOTED-digital-rawdigits\20260920\02\0_main_dig2_20260920-023328.jpg,0,flash,91.1,filename reading 00000; file 02/0_main_dig2_20260920-023328.jpg,,
sample_full,20260920-023328_dig3,20260920-023328,3,C:\Users\josep\source\repos\AIOTED-digital-rawdigits\20260920\02\0_main_dig3_20260920-023328.jpg,0,flash,90.8,filename reading 00000; file 02/0_main_dig3_20260920-023328.jpg,,
sample_full,20260920-023328_dig4,20260920-023328,4,C:\Users\josep\source\repos\AIOTED-digital-rawdigits\20260920\02\0_main_dig4_20260920-023328.jpg,0,flash,85.5,filename reading 00000; file 02/0_main_dig4_20260920-023328.jpg,,
sample_full,20260920-023328_dig5,20260920-023328,5,C:\Users\josep\source\repos\AIOTED-digital-rawdigits\20260920\02\0_main_dig5_20260920-023328.jpg,0,flash,67.8,filename reading 00000; file 02/0_main_dig5_20260920-023328.jpg,,
sample_full,20260920-023328_dig6,20260920-023328,6,C:\Users\josep\source\repos\AIOTED-digital-rawdigits\20260920\02\0_main_dig6_20260920-023328.jpg,0,flash,48.8,filename reading 00000; file 02/0_main_dig6_20260920-023328.jpg,,
sample_full,20260920-023728_dig2,20260920-023728,2,C:\Users\josep\source\repos\AIOTED-digital-rawdigits\20260920\02\8_main_dig2_20260920-023728.jpg,8,flash,90.8,filename reading 88806; file 02/8_main_dig2_20260920-023728.jpg,,
sample_full,20260920-023728_dig3,20260920-023728,3,C:\Users\josep\source\repos\AIOTED-digital-rawdigits\20260920\02\8_main_dig3_20260920-023728.jpg,8,flash,90.3,filename reading 88806; file 02/8_main_dig3_20260920-023728.jpg,,
sample_full,20260920-023728_dig4,20260920-023728,4,C:\Users\josep\source\repos\AIOTED-digital-rawdigits\20260920\02\8_main_dig4_20260920-023728.jpg,8,flash,84.5,filename reading 88806; file 02/8_main_dig4_20260920-023728.jpg,,
sample_full,20260920-023728_dig5,20260920-023728,5,C:\Users\josep\source\repos\AIOTED-digital-rawdigits\20260920\02\0_main_dig5_20260920-023728.jpg,0,flash,67.2,filename reading 88806; file 02/0_main_dig5_20260920-023728.jpg,,
sample_full,20260920-023728_dig6,20260920-023728,6,C:\Users\josep\source\repos\AIOTED-digital-rawdigits\20260920\02\6_main_dig6_20260920-023728.jpg,6,flash,48.6,filename reading 88806; file 02/6_main_dig6_20260920-023728.jpg,,
sample_full,20260920-024128_dig2,20260920-024128,2,C:\Users\josep\source\repos\AIOTED-digital-rawdigits\20260920\02\5_main_dig2_20260920-024128.jpg,5,flash,93.0,filename reading 58194; file 02/5_main_dig2_20260920-024128.jpg,,
sample_full,20260920-024128_dig3,20260920-024128,3,C:\Users\josep\source\repos\AIOTED-digital-rawdigits\20260920\02\8_main_dig3_20260920-024128.jpg,8,flash,92.1,filename reading 58194; file 02/8_main_dig3_20260920-024128.jpg,,
sample_full,20260920-024128_dig4,20260920-024128,4,C:\Users\josep\source\repos\AIOTED-digital-rawdigits\20260920\02\1_main_dig4_20260920-024128.jpg,1,flash,89.1,filename reading 58194; file 02/1_main_dig4_20260920-024128.jpg,,
sample_full,20260920-024128_dig5,20260920-024128,5,C:\Users\josep\source\repos\AIOTED-digital-rawdigits\20260920\02\9_main_dig5_20260920-024128.jpg,9,flash,69.0,filename reading 58194; file 02/9_main_dig5_20260920-024128.jpg,,
sample_full,20260920-024128_dig6,20260920-024128,6,C:\Users\josep\source\repos\AIOTED-digital-rawdigits\20260920\02\4_main_dig6_20260920-024128.jpg,4,flash,49.8,filename reading 58194; file 02/4_main_dig6_20260920-024128.jpg,,
sample_full,20260920-024528_dig2,20260920-024528,2,C:\Users\josep\source\repos\AIOTED-digital-rawdigits\20260920\02\10_main_dig2_20260920-024528.jpg,N,flash,96.5,filename reading NNN00; file 02/10_main_dig2_20260920-024528.jpg,,
sample_full,20260920-024528_dig3,20260920-024528,3,C:\Users\josep\source\repos\AIOTED-digital-rawdigits\20260920\02\10_main_dig3_20260920-024528.jpg,N,flash,94.9,filename reading NNN00; file 02/10_main_dig3_20260920-024528.jpg,,
sample_full,20260920-024528_dig4,20260920-024528,4,C:\Users\josep\source\repos\AIOTED-digital-rawdigits\20260920\02\10_main_dig4_20260920-024528.jpg,N,flash,92.0,filename reading NNN00; file 02/10_main_dig4_20260920-024528.jpg,,
sample_full,20260920-024528_dig5,20260920-024528,5,C:\Users\josep\source\repos\AIOTED-digital-rawdigits\20260920\02\0_main_dig5_20260920-024528.jpg,0,flash,68.1,filename reading NNN00; file 02/0_main_dig5_20260920-024528.jpg,,
sample_full,20260920-024528_dig6,20260920-024528,6,C:\Users\josep\source\repos\AIOTED-digital-rawdigits\20260920\02\0_main_dig6_20260920-024528.jpg,0,flash,49.1,filename reading NNN00; file 02/0_main_dig6_20260920-024528.jpg,,
sample_full,20260920-024928_dig2,20260920-024928,2,C:\Users\josep\source\repos\AIOTED-digital-rawdigits\20260920\02\5_main_dig2_20260920-024928.jpg,5,flash,93.0,filename reading 58144; file 02/5_main_dig2_20260920-024928.jpg,,
sample_full,20260920-024928_dig3,20260920-024928,3,C:\Users\josep\source\repos\AIOTED-digital-rawdigits\20260920\02\8_main_dig3_20260920-024928.jpg,8,flash,92.2,filename reading 58144; file 02/8_main_dig3_20260920-024928.jpg,,
sample_full,20260920-024928_dig4,20260920-024928,4,C:\Users\josep\source\repos\AIOTED-digital-rawdigits\20260920\02\1_main_dig4_20260920-024928.jpg,1,flash,89.2,filename reading 58144; file 02/1_main_dig4_20260920-024928.jpg,,
sample_full,20260920-024928_dig5,20260920-024928,5,C:\Users\josep\source\repos\AIOTED-digital-rawdigits\20260920\02\4_main_dig5_20260920-024928.jpg,4,flash,69.5,filename reading 58144; file 02/4_main_dig5_20260920-024928.jpg,,
sample_full,20260920-024928_dig6,20260920-024928,6,C:\Users\josep\source\repos\AIOTED-digital-rawdigits\20260920\02\4_main_dig6_20260920-024928.jpg,4,flash,50.0,filename reading 58144; file 02/4_main_dig6_20260920-024928.jpg,,
sample_full,20260920-025328_dig2,20260920-025328,2,C:\Users\josep\source\repos\AIOTED-digital-rawdigits\20260920\02\0_main_dig2_20260920-025328.jpg,0,flash,91.0,filename reading 08000; file 02/0_main_dig2_20260920-025328.jpg,,
sample_full,20260920-025328_dig3,20260920-025328,3,C:\Users\josep\source\repos\AIOTED-digital-rawdigits\20260920\02\8_main_dig3_20260920-025328.jpg,8,flash,90.5,filename reading 08000; file 02/8_main_dig3_20260920-025328.jpg,,
sample_full,20260920-025328_dig4,20260920-025328,4,C:\Users\josep\source\repos\AIOTED-digital-rawdigits\20260920\02\0_main_dig4_20260920-025328.jpg,0,flash,85.5,filename reading 08000; file 02/0_main_dig4_20260920-025328.jpg,,
sample_full,20260920-025328_dig5,20260920-025328,5,C:\Users\josep\source\repos\AIOTED-digital-rawdigits\20260920\02\0_main_dig5_20260920-025328.jpg,0,flash,68.1,filename reading 08000; file 02/0_main_dig5_20260920-025328.jpg,,
sample_full,20260920-025328_dig6,20260920-025328,6,C:\Users\josep\source\repos\AIOTED-digital-rawdigits\20260920\02\0_main_dig6_20260920-025328.jpg,0,flash,49.2,filename reading 08000; file 02/0_main_dig6_20260920-025328.jpg,,
sample_full,20260920-025728_dig2,20260920-025728,2,C:\Users\josep\source\repos\AIOTED-digital-rawdigits\20260920\02\8_main_dig2_20260920-025728.jpg,8,flash,90.5,filename reading 88808; file 02/8_main_dig2_20260920-025728.jpg,drift,
sample_full,20260920-025728_dig3,20260920-025728,3,C:\Users\josep\source\repos\AIOTED-digital-rawdigits\20260920\02\8_main_dig3_20260920-025728.jpg,8,flash,90.1,filename reading 88808; file 02/8_main_dig3_20260920-025728.jpg,,
sample_full,20260920-025728_dig4,20260920-025728,4,C:\Users\josep\source\repos\AIOTED-digital-rawdigits\20260920\02\8_main_dig4_20260920-025728.jpg,8,flash,84.7,filename reading 88808; file 02/8_main_dig4_20260920-025728.jpg,drift,
sample_full,20260920-025728_dig5,20260920-025728,5,C:\Users\josep\source\repos\AIOTED-digital-rawdigits\20260920\02\0_main_dig5_20260920-025728.jpg,0,flash,67.5,filename reading 88808; file 02/0_main_dig5_20260920-025728.jpg,,
sample_full,20260920-025728_dig6,20260920-025728,6,C:\Users\josep\source\repos\AIOTED-digital-rawdigits\20260920\02\8_main_dig6_20260920-025728.jpg,8,flash,49.0,filename reading 88808; file 02/8_main_dig6_20260920-025728.jpg,,
sample_full,20260920-030128_dig2,20260920-030128,2,C:\Users\josep\source\repos\AIOTED-digital-rawdigits\20260920\03\5_main_dig2_20260920-030128.jpg,5,flash,92.9,filename reading 59194; file 03/5_main_dig2_20260920-030128.jpg,,
sample_full,20260920-030128_dig3,20260920-030128,3,C:\Users\josep\source\repos\AIOTED-digital-rawdigits\20260920\03\9_main_dig3_20260920-030128.jpg,9,flash,91.9,filename reading 59194; file 03/9_main_dig3_20260920-030128.jpg,,
sample_full,20260920-030128_dig4,20260920-030128,4,C:\Users\josep\source\repos\AIOTED-digital-rawdigits\20260920\03\1_main_dig4_20260920-030128.jpg,1,flash,88.9,filename reading 59194; file 03/1_main_dig4_20260920-030128.jpg,,
sample_full,20260920-030128_dig5,20260920-030128,5,C:\Users\josep\source\repos\AIOTED-digital-rawdigits\20260920\03\9_main_dig5_20260920-030128.jpg,9,flash,69.2,filename reading 59194; file 03/9_main_dig5_20260920-030128.jpg,,
sample_full,20260920-030128_dig6,20260920-030128,6,C:\Users\josep\source\repos\AIOTED-digital-rawdigits\20260920\03\4_main_dig6_20260920-030128.jpg,4,flash,49.7,filename reading 59194; file 03/4_main_dig6_20260920-030128.jpg,,
sample_full,20260920-030528_dig2,20260920-030528,2,C:\Users\josep\source\repos\AIOTED-digital-rawdigits\20260920\03\10_main_dig2_20260920-030528.jpg,N,flash,96.8,filename reading NNN00; file 03/10_main_dig2_20260920-030528.jpg,,
sample_full,20260920-030528_dig3,20260920-030528,3,C:\Users\josep\source\repos\AIOTED-digital-rawdigits\20260920\03\10_main_dig3_20260920-030528.jpg,N,flash,95.3,filename reading NNN00; file 03/10_main_dig3_20260920-030528.jpg,,
sample_full,20260920-030528_dig4,20260920-030528,4,C:\Users\josep\source\repos\AIOTED-digital-rawdigits\20260920\03\10_main_dig4_20260920-030528.jpg,N,flash,92.7,filename reading NNN00; file 03/10_main_dig4_20260920-030528.jpg,drift,
sample_full,20260920-030528_dig5,20260920-030528,5,C:\Users\josep\source\repos\AIOTED-digital-rawdigits\20260920\03\0_main_dig5_20260920-030528.jpg,0,flash,68.8,filename reading NNN00; file 03/0_main_dig5_20260920-030528.jpg,,
sample_full,20260920-030528_dig6,20260920-030528,6,C:\Users\josep\source\repos\AIOTED-digital-rawdigits\20260920\03\0_main_dig6_20260920-030528.jpg,0,flash,49.6,filename reading NNN00; file 03/0_main_dig6_20260920-030528.jpg,drift,
sample_full,20260920-030928_dig2,20260920-030928,2,C:\Users\josep\source\repos\AIOTED-digital-rawdigits\20260920\03\5_main_dig2_20260920-030928.jpg,5,flash,93.3,filename reading 58194; file 03/5_main_dig2_20260920-030928.jpg,,
sample_full,20260920-030928_dig3,20260920-030928,3,C:\Users\josep\source\repos\AIOTED-digital-rawdigits\20260920\03\8_main_dig3_20260920-030928.jpg,8,flash,92.6,filename reading 58194; file 03/8_main_dig3_20260920-030928.jpg,,
sample_full,20260920-030928_dig4,20260920-030928,4,C:\Users\josep\source\repos\AIOTED-digital-rawdigits\20260920\03\1_main_dig4_20260920-030928.jpg,1,flash,89.3,filename reading 58194; file 03/1_main_dig4_20260920-030928.jpg,,
sample_full,20260920-030928_dig5,20260920-030928,5,C:\Users\josep\source\repos\AIOTED-digital-rawdigits\20260920\03\9_main_dig5_20260920-030928.jpg,9,flash,69.2,filename reading 58194; file 03/9_main_dig5_20260920-030928.jpg,,
sample_full,20260920-030928_dig6,20260920-030928,6,C:\Users\josep\source\repos\AIOTED-digital-rawdigits\20260920\03\4_main_dig6_20260920-030928.jpg,4,flash,49.5,filename reading 58194; file 03/4_main_dig6_20260920-030928.jpg,,
sample_full,20260920-031328_dig2,20260920-031328,2,C:\Users\josep\source\repos\AIOTED-digital-rawdigits\20260920\03\0_main_dig2_20260920-031328.jpg,0,flash,91.7,filename reading 08000; file 03/0_main_dig2_20260920-031328.jpg,,
sample_full,20260920-031328_dig3,20260920-031328,3,C:\Users\josep\source\repos\AIOTED-digital-rawdigits\20260920\03\8_main_dig3_20260920-031328.jpg,8,flash,91.2,filename reading 08000; file 03/8_main_dig3_20260920-031328.jpg,,
sample_full,20260920-031328_dig4,20260920-031328,4,C:\Users\josep\source\repos\AIOTED-digital-rawdigits\20260920\03\0_main_dig4_20260920-031328.jpg,0,flash,85.7,filename reading 08000; file 03/0_main_dig4_20260920-031328.jpg,,
sample_full,20260920-031328_dig5,20260920-031328,5,C:\Users\josep\source\repos\AIOTED-digital-rawdigits\20260920\03\0_main_dig5_20260920-031328.jpg,0,flash,68.1,filename reading 08000; file 03/0_main_dig5_20260920-031328.jpg,,
sample_full,20260920-031328_dig6,20260920-031328,6,C:\Users\josep\source\repos\AIOTED-digital-rawdigits\20260920\03\0_main_dig6_20260920-031328.jpg,0,flash,49.2,filename reading 08000; file 03/0_main_dig6_20260920-031328.jpg,,
sample_full,20260920-031728_dig2,20260920-031728,2,C:\Users\josep\source\repos\AIOTED-digital-rawdigits\20260920\03\8_main_dig2_20260920-031728.jpg,8,flash,90.9,filename reading 88808; file 03/8_main_dig2_20260920-031728.jpg,,
sample_full,20260920-031728_dig3,20260920-031728,3,C:\Users\josep\source\repos\AIOTED-digital-rawdigits\20260920\03\8_main_dig3_20260920-031728.jpg,8,flash,90.5,filename reading 88808; file 03/8_main_dig3_20260920-031728.jpg,,
sample_full,20260920-031728_dig4,20260920-031728,4,C:\Users\josep\source\repos\AIOTED-digital-rawdigits\20260920\03\8_main_dig4_20260920-031728.jpg,8,flash,84.7,filename reading 88808; file 03/8_main_dig4_20260920-031728.jpg,,
sample_full,20260920-031728_dig5,20260920-031728,5,C:\Users\josep\source\repos\AIOTED-digital-rawdigits\20260920\03\0_main_dig5_20260920-031728.jpg,0,flash,67.3,filename reading 88808; file 03/0_main_dig5_20260920-031728.jpg,,
sample_full,20260920-031728_dig6,20260920-031728,6,C:\Users\josep\source\repos\AIOTED-digital-rawdigits\20260920\03\8_main_dig6_20260920-031728.jpg,8,flash,48.7,filename reading 88808; file 03/8_main_dig6_20260920-031728.jpg,,
sample_full,20260920-032128_dig2,20260920-032128,2,C:\Users\josep\source\repos\AIOTED-digital-rawdigits\20260920\03\5_main_dig2_20260920-032128.jpg,5,flash,93.3,filename reading 58144; file 03/5_main_dig2_20260920-032128.jpg,,
sample_full,20260920-032128_dig3,20260920-032128,3,C:\Users\josep\source\repos\AIOTED-digital-rawdigits\20260920\03\8_main_dig3_20260920-032128.jpg,8,flash,92.3,filename reading 58144; file 03/8_main_dig3_20260920-032128.jpg,,
sample_full,20260920-032128_dig4,20260920-032128,4,C:\Users\josep\source\repos\AIOTED-digital-rawdigits\20260920\03\1_main_dig4_20260920-032128.jpg,1,flash,89.1,filename reading 58144; file 03/1_main_dig4_20260920-032128.jpg,,
sample_full,20260920-032128_dig5,20260920-032128,5,C:\Users\josep\source\repos\AIOTED-digital-rawdigits\20260920\03\4_main_dig5_20260920-032128.jpg,4,flash,69.1,filename reading 58144; file 03/4_main_dig5_20260920-032128.jpg,,
sample_full,20260920-032128_dig6,20260920-032128,6,C:\Users\josep\source\repos\AIOTED-digital-rawdigits\20260920\03\4_main_dig6_20260920-032128.jpg,4,flash,49.3,filename reading 58144; file 03/4_main_dig6_20260920-032128.jpg,,
sample_full,20260920-032528_dig2,20260920-032528,2,C:\Users\josep\source\repos\AIOTED-digital-rawdigits\20260920\03\10_main_dig2_20260920-032528.jpg,N,flash,96.3,filename reading NNN05; file 03/10_main_dig2_20260920-032528.jpg,,
sample_full,20260920-032528_dig3,20260920-032528,3,C:\Users\josep\source\repos\AIOTED-digital-rawdigits\20260920\03\10_main_dig3_20260920-032528.jpg,N,flash,94.7,filename reading NNN05; file 03/10_main_dig3_20260920-032528.jpg,,
sample_full,20260920-032528_dig4,20260920-032528,4,C:\Users\josep\source\repos\AIOTED-digital-rawdigits\20260920\03\10_main_dig4_20260920-032528.jpg,N,flash,92.0,filename reading NNN05; file 03/10_main_dig4_20260920-032528.jpg,,
sample_full,20260920-032528_dig5,20260920-032528,5,C:\Users\josep\source\repos\AIOTED-digital-rawdigits\20260920\03\0_main_dig5_20260920-032528.jpg,0,flash,68.0,filename reading NNN05; file 03/0_main_dig5_20260920-032528.jpg,,
sample_full,20260920-032528_dig6,20260920-032528,6,C:\Users\josep\source\repos\AIOTED-digital-rawdigits\20260920\03\5_main_dig6_20260920-032528.jpg,5,flash,48.8,filename reading NNN05; file 03/5_main_dig6_20260920-032528.jpg,,
sample_full,20260920-032928_dig2,20260920-032928,2,C:\Users\josep\source\repos\AIOTED-digital-rawdigits\20260920\03\5_main_dig2_20260920-032928.jpg,5,flash,93.0,filename reading 58145; file 03/5_main_dig2_20260920-032928.jpg,,
sample_full,20260920-032928_dig3,20260920-032928,3,C:\Users\josep\source\repos\AIOTED-digital-rawdigits\20260920\03\8_main_dig3_20260920-032928.jpg,8,flash,92.2,filename reading 58145; file 03/8_main_dig3_20260920-032928.jpg,,
sample_full,20260920-032928_dig4,20260920-032928,4,C:\Users\josep\source\repos\AIOTED-digital-rawdigits\20260920\03\1_main_dig4_20260920-032928.jpg,1,flash,89.1,filename reading 58145; file 03/1_main_dig4_20260920-032928.jpg,,
sample_full,20260920-032928_dig5,20260920-032928,5,C:\Users\josep\source\repos\AIOTED-digital-rawdigits\20260920\03\4_main_dig5_20260920-032928.jpg,4,flash,69.3,filename reading 58145; file 03/4_main_dig5_20260920-032928.jpg,,
sample_full,20260920-032928_dig6,20260920-032928,6,C:\Users\josep\source\repos\AIOTED-digital-rawdigits\20260920\03\5_main_dig6_20260920-032928.jpg,5,flash,49.6,filename reading 58145; file 03/5_main_dig6_20260920-032928.jpg,drift,
sample_full,20260920-033328_dig2,20260920-033328,2,C:\Users\josep\source\repos\AIOTED-digital-rawdigits\20260920\03\0_main_dig2_20260920-033328.jpg,0,flash,90.6,filename reading 00000; file 03/0_main_dig2_20260920-033328.jpg,,
sample_full,20260920-033328_dig3,20260920-033328,3,C:\Users\josep\source\repos\AIOTED-digital-rawdigits\20260920\03\0_main_dig3_20260920-033328.jpg,0,flash,90.2,filename reading 00000; file 03/0_main_dig3_20260920-033328.jpg,,
sample_full,20260920-033328_dig4,20260920-033328,4,C:\Users\josep\source\repos\AIOTED-digital-rawdigits\20260920\03\0_main_dig4_20260920-033328.jpg,0,flash,85.2,filename reading 00000; file 03/0_main_dig4_20260920-033328.jpg,,
sample_full,20260920-033328_dig5,20260920-033328,5,C:\Users\josep\source\repos\AIOTED-digital-rawdigits\20260920\03\0_main_dig5_20260920-033328.jpg,0,flash,67.7,filename reading 00000; file 03/0_main_dig5_20260920-033328.jpg,,
sample_full,20260920-033328_dig6,20260920-033328,6,C:\Users\josep\source\repos\AIOTED-digital-rawdigits\20260920\03\0_main_dig6_20260920-033328.jpg,0,flash,48.6,filename reading 00000; file 03/0_main_dig6_20260920-033328.jpg,,
sample_full,20260920-033728_dig2,20260920-033728,2,C:\Users\josep\source\repos\AIOTED-digital-rawdigits\20260920\03\8_main_dig2_20260920-033728.jpg,8,flash,90.4,filename reading 88806; file 03/8_main_dig2_20260920-033728.jpg,,
sample_full,20260920-033728_dig3,20260920-033728,3,C:\Users\josep\source\repos\AIOTED-digital-rawdigits\20260920\03\8_main_dig3_20260920-033728.jpg,8,flash,89.8,filename reading 88806; file 03/8_main_dig3_20260920-033728.jpg,,
sample_full,20260920-033728_dig4,20260920-033728,4,C:\Users\josep\source\repos\AIOTED-digital-rawdigits\20260920\03\8_main_dig4_20260920-033728.jpg,8,flash,84.3,filename reading 88806; file 03/8_main_dig4_20260920-033728.jpg,,
sample_full,20260920-033728_dig5,20260920-033728,5,C:\Users\josep\source\repos\AIOTED-digital-rawdigits\20260920\03\0_main_dig5_20260920-033728.jpg,0,flash,67.1,filename reading 88806; file 03/0_main_dig5_20260920-033728.jpg,,
sample_full,20260920-033728_dig6,20260920-033728,6,C:\Users\josep\source\repos\AIOTED-digital-rawdigits\20260920\03\6_main_dig6_20260920-033728.jpg,6,flash,48.5,filename reading 88806; file 03/6_main_dig6_20260920-033728.jpg,,
sample_full,20260920-034128_dig2,20260920-034128,2,C:\Users\josep\source\repos\AIOTED-digital-rawdigits\20260920\03\5_main_dig2_20260920-034128.jpg,5,flash,93.1,filename reading 58146; file 03/5_main_dig2_20260920-034128.jpg,,
sample_full,20260920-034128_dig3,20260920-034128,3,C:\Users\josep\source\repos\AIOTED-digital-rawdigits\20260920\03\8_main_dig3_20260920-034128.jpg,8,flash,92.2,filename reading 58146; file 03/8_main_dig3_20260920-034128.jpg,,
sample_full,20260920-034128_dig4,20260920-034128,4,C:\Users\josep\source\repos\AIOTED-digital-rawdigits\20260920\03\1_main_dig4_20260920-034128.jpg,1,flash,88.9,filename reading 58146; file 03/1_main_dig4_20260920-034128.jpg,,
sample_full,20260920-034128_dig5,20260920-034128,5,C:\Users\josep\source\repos\AIOTED-digital-rawdigits\20260920\03\4_main_dig5_20260920-034128.jpg,4,flash,69.0,filename reading 58146; file 03/4_main_dig5_20260920-034128.jpg,,
sample_full,20260920-034128_dig6,20260920-034128,6,C:\Users\josep\source\repos\AIOTED-digital-rawdigits\20260920\03\6_main_dig6_20260920-034128.jpg,6,flash,49.2,filename reading 58146; file 03/6_main_dig6_20260920-034128.jpg,,
sample_full,20260920-034528_dig2,20260920-034528,2,C:\Users\josep\source\repos\AIOTED-digital-rawdigits\20260920\03\10_main_dig2_20260920-034528.jpg,N,flash,96.7,filename reading NNN06; file 03/10_main_dig2_20260920-034528.jpg,,
sample_full,20260920-034528_dig3,20260920-034528,3,C:\Users\josep\source\repos\AIOTED-digital-rawdigits\20260920\03\10_main_dig3_20260920-034528.jpg,N,flash,95.2,filename reading NNN06; file 03/10_main_dig3_20260920-034528.jpg,,
sample_full,20260920-034528_dig4,20260920-034528,4,C:\Users\josep\source\repos\AIOTED-digital-rawdigits\20260920\03\10_main_dig4_20260920-034528.jpg,N,flash,92.3,filename reading NNN06; file 03/10_main_dig4_20260920-034528.jpg,,
sample_full,20260920-034528_dig5,20260920-034528,5,C:\Users\josep\source\repos\AIOTED-digital-rawdigits\20260920\03\0_main_dig5_20260920-034528.jpg,0,flash,68.2,filename reading NNN06; file 03/0_main_dig5_20260920-034528.jpg,,
sample_full,20260920-034528_dig6,20260920-034528,6,C:\Users\josep\source\repos\AIOTED-digital-rawdigits\20260920\03\6_main_dig6_20260920-034528.jpg,6,flash,49.0,filename reading NNN06; file 03/6_main_dig6_20260920-034528.jpg,,
sample_full,20260920-034928_dig2,20260920-034928,2,C:\Users\josep\source\repos\AIOTED-digital-rawdigits\20260920\03\5_main_dig2_20260920-034928.jpg,5,flash,93.3,filename reading 58146; file 03/5_main_dig2_20260920-034928.jpg,,
sample_full,20260920-034928_dig3,20260920-034928,3,C:\Users\josep\source\repos\AIOTED-digital-rawdigits\20260920\03\8_main_dig3_20260920-034928.jpg,8,flash,92.6,filename reading 58146; file 03/8_main_dig3_20260920-034928.jpg,,
sample_full,20260920-034928_dig4,20260920-034928,4,C:\Users\josep\source\repos\AIOTED-digital-rawdigits\20260920\03\1_main_dig4_20260920-034928.jpg,1,flash,89.2,filename reading 58146; file 03/1_main_dig4_20260920-034928.jpg,,
sample_full,20260920-034928_dig5,20260920-034928,5,C:\Users\josep\source\repos\AIOTED-digital-rawdigits\20260920\03\4_main_dig5_20260920-034928.jpg,4,flash,69.2,filename reading 58146; file 03/4_main_dig5_20260920-034928.jpg,,
sample_full,20260920-034928_dig6,20260920-034928,6,C:\Users\josep\source\repos\AIOTED-digital-rawdigits\20260920\03\6_main_dig6_20260920-034928.jpg,6,flash,49.5,filename reading 58146; file 03/6_main_dig6_20260920-034928.jpg,,
sample_full,20260920-035328_dig2,20260920-035328,2,C:\Users\josep\source\repos\AIOTED-digital-rawdigits\20260920\03\0_main_dig2_20260920-035328.jpg,0,flash,91.2,filename reading 08000; file 03/0_main_dig2_20260920-035328.jpg,,
sample_full,20260920-035328_dig3,20260920-035328,3,C:\Users\josep\source\repos\AIOTED-digital-rawdigits\20260920\03\8_main_dig3_20260920-035328.jpg,8,flash,90.9,filename reading 08000; file 03/8_main_dig3_20260920-035328.jpg,,
sample_full,20260920-035328_dig4,20260920-035328,4,C:\Users\josep\source\repos\AIOTED-digital-rawdigits\20260920\03\0_main_dig4_20260920-035328.jpg,0,flash,85.5,filename reading 08000; file 03/0_main_dig4_20260920-035328.jpg,,
sample_full,20260920-035328_dig5,20260920-035328,5,C:\Users\josep\source\repos\AIOTED-digital-rawdigits\20260920\03\0_main_dig5_20260920-035328.jpg,0,flash,67.8,filename reading 08000; file 03/0_main_dig5_20260920-035328.jpg,,
sample_full,20260920-035328_dig6,20260920-035328,6,C:\Users\josep\source\repos\AIOTED-digital-rawdigits\20260920\03\0_main_dig6_20260920-035328.jpg,0,flash,48.7,filename reading 08000; file 03/0_main_dig6_20260920-035328.jpg,,
sample_full,20260920-035728_dig2,20260920-035728,2,C:\Users\josep\source\repos\AIOTED-digital-rawdigits\20260920\03\8_main_dig2_20260920-035728.jpg,8,flash,90.4,filename reading 88806; file 03/8_main_dig2_20260920-035728.jpg,,
sample_full,20260920-035728_dig3,20260920-035728,3,C:\Users\josep\source\repos\AIOTED-digital-rawdigits\20260920\03\8_main_dig3_20260920-035728.jpg,8,flash,90.0,filename reading 88806; file 03/8_main_dig3_20260920-035728.jpg,,
sample_full,20260920-035728_dig4,20260920-035728,4,C:\Users\josep\source\repos\AIOTED-digital-rawdigits\20260920\03\8_main_dig4_20260920-035728.jpg,8,flash,84.5,filename reading 88806; file 03/8_main_dig4_20260920-035728.jpg,,
sample_full,20260920-035728_dig5,20260920-035728,5,C:\Users\josep\source\repos\AIOTED-digital-rawdigits\20260920\03\0_main_dig5_20260920-035728.jpg,0,flash,67.2,filename reading 88806; file 03/0_main_dig5_20260920-035728.jpg,,
sample_full,20260920-035728_dig6,20260920-035728,6,C:\Users\josep\source\repos\AIOTED-digital-rawdigits\20260920\03\6_main_dig6_20260920-035728.jpg,6,flash,48.6,filename reading 88806; file 03/6_main_dig6_20260920-035728.jpg,,
sample_full,20260920-040128_dig2,20260920-040128,2,C:\Users\josep\source\repos\AIOTED-digital-rawdigits\20260920\04\5_main_dig2_20260920-040128.jpg,5,flash,93.0,filename reading 58196; file 04/5_main_dig2_20260920-040128.jpg,,
sample_full,20260920-040128_dig3,20260920-040128,3,C:\Users\josep\source\repos\AIOTED-digital-rawdigits\20260920\04\8_main_dig3_20260920-040128.jpg,8,flash,92.2,filename reading 58196; file 04/8_main_dig3_20260920-040128.jpg,,
sample_full,20260920-040128_dig4,20260920-040128,4,C:\Users\josep\source\repos\AIOTED-digital-rawdigits\20260920\04\1_main_dig4_20260920-040128.jpg,1,flash,89.2,filename reading 58196; file 04/1_main_dig4_20260920-040128.jpg,,
sample_full,20260920-040128_dig5,20260920-040128,5,C:\Users\josep\source\repos\AIOTED-digital-rawdigits\20260920\04\9_main_dig5_20260920-040128.jpg,9,flash,69.3,filename reading 58196; file 04/9_main_dig5_20260920-040128.jpg,drift,
sample_full,20260920-040128_dig6,20260920-040128,6,C:\Users\josep\source\repos\AIOTED-digital-rawdigits\20260920\04\6_main_dig6_20260920-040128.jpg,6,flash,49.7,filename reading 58196; file 04/6_main_dig6_20260920-040128.jpg,,
sample_full,20260920-040528_dig2,20260920-040528,2,C:\Users\josep\source\repos\AIOTED-digital-rawdigits\20260920\04\10_main_dig2_20260920-040528.jpg,N,flash,96.9,filename reading NNN00; file 04/10_main_dig2_20260920-040528.jpg,,
sample_full,20260920-040528_dig3,20260920-040528,3,C:\Users\josep\source\repos\AIOTED-digital-rawdigits\20260920\04\10_main_dig3_20260920-040528.jpg,N,flash,95.2,filename reading NNN00; file 04/10_main_dig3_20260920-040528.jpg,drift,
sample_full,20260920-040528_dig4,20260920-040528,4,C:\Users\josep\source\repos\AIOTED-digital-rawdigits\20260920\04\10_main_dig4_20260920-040528.jpg,N,flash,92.4,filename reading NNN00; file 04/10_main_dig4_20260920-040528.jpg,,
sample_full,20260920-040528_dig5,20260920-040528,5,C:\Users\josep\source\repos\AIOTED-digital-rawdigits\20260920\04\0_main_dig5_20260920-040528.jpg,0,flash,68.5,filename reading NNN00; file 04/0_main_dig5_20260920-040528.jpg,,
sample_full,20260920-040528_dig6,20260920-040528,6,C:\Users\josep\source\repos\AIOTED-digital-rawdigits\20260920\04\0_main_dig6_20260920-040528.jpg,0,flash,49.3,filename reading NNN00; file 04/0_main_dig6_20260920-040528.jpg,,
sample_full,20260920-040928_dig2,20260920-040928,2,C:\Users\josep\source\repos\AIOTED-digital-rawdigits\20260920\04\5_main_dig2_20260920-040928.jpg,5,flash,92.6,filename reading 59196; file 04/5_main_dig2_20260920-040928.jpg,,
sample_full,20260920-040928_dig3,20260920-040928,3,C:\Users\josep\source\repos\AIOTED-digital-rawdigits\20260920\04\9_main_dig3_20260920-040928.jpg,9,flash,91.8,filename reading 59196; file 04/9_main_dig3_20260920-040928.jpg,,
sample_full,20260920-040928_dig4,20260920-040928,4,C:\Users\josep\source\repos\AIOTED-digital-rawdigits\20260920\04\1_main_dig4_20260920-040928.jpg,1,flash,88.9,filename reading 59196; file 04/1_main_dig4_20260920-040928.jpg,,
sample_full,20260920-040928_dig5,20260920-040928,5,C:\Users\josep\source\repos\AIOTED-digital-rawdigits\20260920\04\9_main_dig5_20260920-040928.jpg,9,flash,69.1,filename reading 59196; file 04/9_main_dig5_20260920-040928.jpg,,
sample_full,20260920-040928_dig6,20260920-040928,6,C:\Users\josep\source\repos\AIOTED-digital-rawdigits\20260920\04\6_main_dig6_20260920-040928.jpg,6,flash,49.4,filename reading 59196; file 04/6_main_dig6_20260920-040928.jpg,,
sample_full,20260920-041328_dig2,20260920-041328,2,C:\Users\josep\source\repos\AIOTED-digital-rawdigits\20260920\04\0_main_dig2_20260920-041328.jpg,0,flash,90.7,filename reading 08000; file 04/0_main_dig2_20260920-041328.jpg,,
sample_full,20260920-041328_dig3,20260920-041328,3,C:\Users\josep\source\repos\AIOTED-digital-rawdigits\20260920\04\8_main_dig3_20260920-041328.jpg,8,flash,90.2,filename reading 08000; file 04/8_main_dig3_20260920-041328.jpg,,
sample_full,20260920-041328_dig4,20260920-041328,4,C:\Users\josep\source\repos\AIOTED-digital-rawdigits\20260920\04\0_main_dig4_20260920-041328.jpg,0,flash,85.3,filename reading 08000; file 04/0_main_dig4_20260920-041328.jpg,,
sample_full,20260920-041328_dig5,20260920-041328,5,C:\Users\josep\source\repos\AIOTED-digital-rawdigits\20260920\04\0_main_dig5_20260920-041328.jpg,0,flash,67.7,filename reading 08000; file 04/0_main_dig5_20260920-041328.jpg,,
sample_full,20260920-041328_dig6,20260920-041328,6,C:\Users\josep\source\repos\AIOTED-digital-rawdigits\20260920\04\0_main_dig6_20260920-041328.jpg,0,flash,48.7,filename reading 08000; file 04/0_main_dig6_20260920-041328.jpg,,
sample_full,20260920-041728_dig2,20260920-041728,2,C:\Users\josep\source\repos\AIOTED-digital-rawdigits\20260920\04\8_main_dig2_20260920-041728.jpg,8,flash,90.3,filename reading 88806; file 04/8_main_dig2_20260920-041728.jpg,,
sample_full,20260920-041728_dig3,20260920-041728,3,C:\Users\josep\source\repos\AIOTED-digital-rawdigits\20260920\04\8_main_dig3_20260920-041728.jpg,8,flash,89.9,filename reading 88806; file 04/8_main_dig3_20260920-041728.jpg,,
sample_full,20260920-041728_dig4,20260920-041728,4,C:\Users\josep\source\repos\AIOTED-digital-rawdigits\20260920\04\8_main_dig4_20260920-041728.jpg,8,flash,84.4,filename reading 88806; file 04/8_main_dig4_20260920-041728.jpg,,
sample_full,20260920-041728_dig5,20260920-041728,5,C:\Users\josep\source\repos\AIOTED-digital-rawdigits\20260920\04\0_main_dig5_20260920-041728.jpg,0,flash,67.2,filename reading 88806; file 04/0_main_dig5_20260920-041728.jpg,,
sample_full,20260920-041728_dig6,20260920-041728,6,C:\Users\josep\source\repos\AIOTED-digital-rawdigits\20260920\04\6_main_dig6_20260920-041728.jpg,6,flash,48.4,filename reading 88806; file 04/6_main_dig6_20260920-041728.jpg,,
sample_full,20260920-042128_dig2,20260920-042128,2,C:\Users\josep\source\repos\AIOTED-digital-rawdigits\20260920\04\5_main_dig2_20260920-042128.jpg,5,flash,93.4,filename reading 58146; file 04/5_main_dig2_20260920-042128.jpg,,
sample_full,20260920-042128_dig3,20260920-042128,3,C:\Users\josep\source\repos\AIOTED-digital-rawdigits\20260920\04\8_main_dig3_20260920-042128.jpg,8,flash,92.5,filename reading 58146; file 04/8_main_dig3_20260920-042128.jpg,,
sample_full,20260920-042128_dig4,20260920-042128,4,C:\Users\josep\source\repos\AIOTED-digital-rawdigits\20260920\04\1_main_dig4_20260920-042128.jpg,1,flash,89.2,filename reading 58146; file 04/1_main_dig4_20260920-042128.jpg,,
sample_full,20260920-042128_dig5,20260920-042128,5,C:\Users\josep\source\repos\AIOTED-digital-rawdigits\20260920\04\4_main_dig5_20260920-042128.jpg,4,flash,69.3,filename reading 58146; file 04/4_main_dig5_20260920-042128.jpg,,
sample_full,20260920-042128_dig6,20260920-042128,6,C:\Users\josep\source\repos\AIOTED-digital-rawdigits\20260920\04\6_main_dig6_20260920-042128.jpg,6,flash,49.6,filename reading 58146; file 04/6_main_dig6_20260920-042128.jpg,,
sample_full,20260920-042528_dig2,20260920-042528,2,C:\Users\josep\source\repos\AIOTED-digital-rawdigits\20260920\04\10_main_dig2_20260920-042528.jpg,N,flash,97.3,filename reading NNN09; file 04/10_main_dig2_20260920-042528.jpg,,
sample_full,20260920-042528_dig3,20260920-042528,3,C:\Users\josep\source\repos\AIOTED-digital-rawdigits\20260920\04\10_main_dig3_20260920-042528.jpg,N,flash,95.6,filename reading NNN09; file 04/10_main_dig3_20260920-042528.jpg,,
sample_full,20260920-042528_dig4,20260920-042528,4,C:\Users\josep\source\repos\AIOTED-digital-rawdigits\20260920\04\10_main_dig4_20260920-042528.jpg,N,flash,92.6,filename reading NNN09; file 04/10_main_dig4_20260920-042528.jpg,,
sample_full,20260920-042528_dig5,20260920-042528,5,C:\Users\josep\source\repos\AIOTED-digital-rawdigits\20260920\04\0_main_dig5_20260920-042528.jpg,0,flash,68.5,filename reading NNN09; file 04/0_main_dig5_20260920-042528.jpg,,
sample_full,20260920-042528_dig6,20260920-042528,6,C:\Users\josep\source\repos\AIOTED-digital-rawdigits\20260920\04\9_main_dig6_20260920-042528.jpg,9,flash,49.2,filename reading NNN09; file 04/9_main_dig6_20260920-042528.jpg,,
sample_full,20260920-042928_dig2,20260920-042928,2,C:\Users\josep\source\repos\AIOTED-digital-rawdigits\20260920\04\5_main_dig2_20260920-042928.jpg,5,flash,92.8,filename reading 58146; file 04/5_main_dig2_20260920-042928.jpg,,
sample_full,20260920-042928_dig3,20260920-042928,3,C:\Users\josep\source\repos\AIOTED-digital-rawdigits\20260920\04\8_main_dig3_20260920-042928.jpg,8,flash,92.1,filename reading 58146; file 04/8_main_dig3_20260920-042928.jpg,,
sample_full,20260920-042928_dig4,20260920-042928,4,C:\Users\josep\source\repos\AIOTED-digital-rawdigits\20260920\04\1_main_dig4_20260920-042928.jpg,1,flash,89.1,filename reading 58146; file 04/1_main_dig4_20260920-042928.jpg,,
sample_full,20260920-042928_dig5,20260920-042928,5,C:\Users\josep\source\repos\AIOTED-digital-rawdigits\20260920\04\4_main_dig5_20260920-042928.jpg,4,flash,69.2,filename reading 58146; file 04/4_main_dig5_20260920-042928.jpg,,
sample_full,20260920-042928_dig6,20260920-042928,6,C:\Users\josep\source\repos\AIOTED-digital-rawdigits\20260920\04\6_main_dig6_20260920-042928.jpg,6,flash,49.5,filename reading 58146; file 04/6_main_dig6_20260920-042928.jpg,,
sample_full,20260920-043328_dig2,20260920-043328,2,C:\Users\josep\source\repos\AIOTED-digital-rawdigits\20260920\04\0_main_dig2_20260920-043328.jpg,0,flash,91.3,filename reading 08000; file 04/0_main_dig2_20260920-043328.jpg,,
sample_full,20260920-043328_dig3,20260920-043328,3,C:\Users\josep\source\repos\AIOTED-digital-rawdigits\20260920\04\8_main_dig3_20260920-043328.jpg,8,flash,90.8,filename reading 08000; file 04/8_main_dig3_20260920-043328.jpg,,
sample_full,20260920-043328_dig4,20260920-043328,4,C:\Users\josep\source\repos\AIOTED-digital-rawdigits\20260920\04\0_main_dig4_20260920-043328.jpg,0,flash,85.5,filename reading 08000; file 04/0_main_dig4_20260920-043328.jpg,,
sample_full,20260920-043328_dig5,20260920-043328,5,C:\Users\josep\source\repos\AIOTED-digital-rawdigits\20260920\04\0_main_dig5_20260920-043328.jpg,0,flash,67.7,filename reading 08000; file 04/0_main_dig5_20260920-043328.jpg,,
sample_full,20260920-043328_dig6,20260920-043328,6,C:\Users\josep\source\repos\AIOTED-digital-rawdigits\20260920\04\0_main_dig6_20260920-043328.jpg,0,flash,48.6,filename reading 08000; file 04/0_main_dig6_20260920-043328.jpg,,
sample_full,20260920-043728_dig2,20260920-043728,2,C:\Users\josep\source\repos\AIOTED-digital-rawdigits\20260920\04\8_main_dig2_20260920-043728.jpg,8,flash,90.1,filename reading 88886; file 04/8_main_dig2_20260920-043728.jpg,,
sample_full,20260920-043728_dig3,20260920-043728,3,C:\Users\josep\source\repos\AIOTED-digital-rawdigits\20260920\04\8_main_dig3_20260920-043728.jpg,8,flash,89.7,filename reading 88886; file 04/8_main_dig3_20260920-043728.jpg,,
sample_full,20260920-043728_dig4,20260920-043728,4,C:\Users\josep\source\repos\AIOTED-digital-rawdigits\20260920\04\8_main_dig4_20260920-043728.jpg,8,flash,84.2,filename reading 88886; file 04/8_main_dig4_20260920-043728.jpg,,
sample_full,20260920-043728_dig5,20260920-043728,5,C:\Users\josep\source\repos\AIOTED-digital-rawdigits\20260920\04\8_main_dig5_20260920-043728.jpg,8,flash,67.0,filename reading 88886; file 04/8_main_dig5_20260920-043728.jpg,,
sample_full,20260920-043728_dig6,20260920-043728,6,C:\Users\josep\source\repos\AIOTED-digital-rawdigits\20260920\04\6_main_dig6_20260920-043728.jpg,6,flash,48.4,filename reading 88886; file 04/6_main_dig6_20260920-043728.jpg,,
sample_full,20260920-044128_dig2,20260920-044128,2,C:\Users\josep\source\repos\AIOTED-digital-rawdigits\20260920\04\5_main_dig2_20260920-044128.jpg,5,flash,93.1,filename reading 58106; file 04/5_main_dig2_20260920-044128.jpg,,
sample_full,20260920-044128_dig3,20260920-044128,3,C:\Users\josep\source\repos\AIOTED-digital-rawdigits\20260920\04\8_main_dig3_20260920-044128.jpg,8,flash,92.1,filename reading 58106; file 04/8_main_dig3_20260920-044128.jpg,,
sample_full,20260920-044128_dig4,20260920-044128,4,C:\Users\josep\source\repos\AIOTED-digital-rawdigits\20260920\04\1_main_dig4_20260920-044128.jpg,1,flash,89.0,filename reading 58106; file 04/1_main_dig4_20260920-044128.jpg,,
sample_full,20260920-044128_dig5,20260920-044128,5,C:\Users\josep\source\repos\AIOTED-digital-rawdigits\20260920\04\0_main_dig5_20260920-044128.jpg,0,flash,68.6,filename reading 58106; file 04/0_main_dig5_20260920-044128.jpg,,
sample_full,20260920-044128_dig6,20260920-044128,6,C:\Users\josep\source\repos\AIOTED-digital-rawdigits\20260920\04\6_main_dig6_20260920-044128.jpg,6,flash,49.0,filename reading 58106; file 04/6_main_dig6_20260920-044128.jpg,,
sample_full,20260920-044528_dig2,20260920-044528,2,C:\Users\josep\source\repos\AIOTED-digital-rawdigits\20260920\04\8_main_dig2_20260920-044528.jpg,8,flash,90.9,filename reading 88806; file 04/8_main_dig2_20260920-044528.jpg,,
sample_full,20260920-044528_dig3,20260920-044528,3,C:\Users\josep\source\repos\AIOTED-digital-rawdigits\20260920\04\8_main_dig3_20260920-044528.jpg,8,flash,90.5,filename reading 88806; file 04/8_main_dig3_20260920-044528.jpg,,
sample_full,20260920-044528_dig4,20260920-044528,4,C:\Users\josep\source\repos\AIOTED-digital-rawdigits\20260920\04\8_main_dig4_20260920-044528.jpg,8,flash,84.6,filename reading 88806; file 04/8_main_dig4_20260920-044528.jpg,,
sample_full,20260920-044528_dig5,20260920-044528,5,C:\Users\josep\source\repos\AIOTED-digital-rawdigits\20260920\04\0_main_dig5_20260920-044528.jpg,0,flash,67.2,filename reading 88806; file 04/0_main_dig5_20260920-044528.jpg,,
sample_full,20260920-044528_dig6,20260920-044528,6,C:\Users\josep\source\repos\AIOTED-digital-rawdigits\20260920\04\6_main_dig6_20260920-044528.jpg,6,flash,48.5,filename reading 88806; file 04/6_main_dig6_20260920-044528.jpg,,
sample_full,20260920-044928_dig2,20260920-044928,2,C:\Users\josep\source\repos\AIOTED-digital-rawdigits\20260920\04\5_main_dig2_20260920-044928.jpg,5,flash,93.4,filename reading 58196; file 04/5_main_dig2_20260920-044928.jpg,,
sample_full,20260920-044928_dig3,20260920-044928,3,C:\Users\josep\source\repos\AIOTED-digital-rawdigits\20260920\04\8_main_dig3_20260920-044928.jpg,8,flash,92.5,filename reading 58196; file 04/8_main_dig3_20260920-044928.jpg,,
sample_full,20260920-044928_dig4,20260920-044928,4,C:\Users\josep\source\repos\AIOTED-digital-rawdigits\20260920\04\1_main_dig4_20260920-044928.jpg,1,flash,89.2,filename reading 58196; file 04/1_main_dig4_20260920-044928.jpg,,
sample_full,20260920-044928_dig5,20260920-044928,5,C:\Users\josep\source\repos\AIOTED-digital-rawdigits\20260920\04\9_main_dig5_20260920-044928.jpg,9,flash,69.2,filename reading 58196; file 04/9_main_dig5_20260920-044928.jpg,,
sample_full,20260920-044928_dig6,20260920-044928,6,C:\Users\josep\source\repos\AIOTED-digital-rawdigits\20260920\04\6_main_dig6_20260920-044928.jpg,6,flash,49.3,filename reading 58196; file 04/6_main_dig6_20260920-044928.jpg,,
sample_full,20260920-045328_dig2,20260920-045328,2,C:\Users\josep\source\repos\AIOTED-digital-rawdigits\20260920\04\0_main_dig2_20260920-045328.jpg,0,flash,90.8,filename reading 08000; file 04/0_main_dig2_20260920-045328.jpg,,
sample_full,20260920-045328_dig3,20260920-045328,3,C:\Users\josep\source\repos\AIOTED-digital-rawdigits\20260920\04\8_main_dig3_20260920-045328.jpg,8,flash,90.4,filename reading 08000; file 04/8_main_dig3_20260920-045328.jpg,,
sample_full,20260920-045328_dig4,20260920-045328,4,C:\Users\josep\source\repos\AIOTED-digital-rawdigits\20260920\04\0_main_dig4_20260920-045328.jpg,0,flash,85.3,filename reading 08000; file 04/0_main_dig4_20260920-045328.jpg,,
sample_full,20260920-045328_dig5,20260920-045328,5,C:\Users\josep\source\repos\AIOTED-digital-rawdigits\20260920\04\0_main_dig5_20260920-045328.jpg,0,flash,67.8,filename reading 08000; file 04/0_main_dig5_20260920-045328.jpg,,
sample_full,20260920-045328_dig6,20260920-045328,6,C:\Users\josep\source\repos\AIOTED-digital-rawdigits\20260920\04\0_main_dig6_20260920-045328.jpg,0,flash,48.8,filename reading 08000; file 04/0_main_dig6_20260920-045328.jpg,,
sample_full,20260920-045728_dig2,20260920-045728,2,C:\Users\josep\source\repos\AIOTED-digital-rawdigits\20260920\04\8_main_dig2_20260920-045728.jpg,8,flash,90.5,filename reading 88800; file 04/8_main_dig2_20260920-045728.jpg,,
sample_full,20260920-045728_dig3,20260920-045728,3,C:\Users\josep\source\repos\AIOTED-digital-rawdigits\20260920\04\8_main_dig3_20260920-045728.jpg,8,flash,90.1,filename reading 88800; file 04/8_main_dig3_20260920-045728.jpg,,
sample_full,20260920-045728_dig4,20260920-045728,4,C:\Users\josep\source\repos\AIOTED-digital-rawdigits\20260920\04\8_main_dig4_20260920-045728.jpg,8,flash,84.4,filename reading 88800; file 04/8_main_dig4_20260920-045728.jpg,,
sample_full,20260920-045728_dig5,20260920-045728,5,C:\Users\josep\source\repos\AIOTED-digital-rawdigits\20260920\04\0_main_dig5_20260920-045728.jpg,0,flash,67.0,filename reading 88800; file 04/0_main_dig5_20260920-045728.jpg,drift,
sample_full,20260920-045728_dig6,20260920-045728,6,C:\Users\josep\source\repos\AIOTED-digital-rawdigits\20260920\04\0_main_dig6_20260920-045728.jpg,0,flash,48.3,filename reading 88800; file 04/0_main_dig6_20260920-045728.jpg,,
sample_full,20260920-050128_dig2,20260920-050128,2,C:\Users\josep\source\repos\AIOTED-digital-rawdigits\20260920\05\5_main_dig2_20260920-050128.jpg,5,flash,93.0,filename reading 59146; file 05/5_main_dig2_20260920-050128.jpg,,
sample_full,20260920-050128_dig3,20260920-050128,3,C:\Users\josep\source\repos\AIOTED-digital-rawdigits\20260920\05\9_main_dig3_20260920-050128.jpg,9,flash,91.9,filename reading 59146; file 05/9_main_dig3_20260920-050128.jpg,drift,
sample_full,20260920-050128_dig4,20260920-050128,4,C:\Users\josep\source\repos\AIOTED-digital-rawdigits\20260920\05\1_main_dig4_20260920-050128.jpg,1,flash,88.9,filename reading 59146; file 05/1_main_dig4_20260920-050128.jpg,,
sample_full,20260920-050128_dig5,20260920-050128,5,C:\Users\josep\source\repos\AIOTED-digital-rawdigits\20260920\05\4_main_dig5_20260920-050128.jpg,4,flash,68.7,filename reading 59146; file 05/4_main_dig5_20260920-050128.jpg,,
sample_full,20260920-050128_dig6,20260920-050128,6,C:\Users\josep\source\repos\AIOTED-digital-rawdigits\20260920\05\6_main_dig6_20260920-050128.jpg,6,flash,48.9,filename reading 59146; file 05/6_main_dig6_20260920-050128.jpg,,
sample_full,20260920-050528_dig2,20260920-050528,2,C:\Users\josep\source\repos\AIOTED-digital-rawdigits\20260920\05\8_main_dig2_20260920-050528.jpg,8,flash,90.3,filename reading 88800; file 05/8_main_dig2_20260920-050528.jpg,,
sample_full,20260920-050528_dig3,20260920-050528,3,C:\Users\josep\source\repos\AIOTED-digital-rawdigits\20260920\05\8_main_dig3_20260920-050528.jpg,8,flash,89.8,filename reading 88800; file 05/8_main_dig3_20260920-050528.jpg,,
sample_full,20260920-050528_dig4,20260920-050528,4,C:\Users\josep\source\repos\AIOTED-digital-rawdigits\20260920\05\8_main_dig4_20260920-050528.jpg,8,flash,84.4,filename reading 88800; file 05/8_main_dig4_20260920-050528.jpg,,
sample_full,20260920-050528_dig5,20260920-050528,5,C:\Users\josep\source\repos\AIOTED-digital-rawdigits\20260920\05\0_main_dig5_20260920-050528.jpg,0,flash,67.3,filename reading 88800; file 05/0_main_dig5_20260920-050528.jpg,drift,
sample_full,20260920-050528_dig6,20260920-050528,6,C:\Users\josep\source\repos\AIOTED-digital-rawdigits\20260920\05\0_main_dig6_20260920-050528.jpg,0,flash,48.5,filename reading 88800; file 05/0_main_dig6_20260920-050528.jpg,,
sample_full,20260920-050928_dig2,20260920-050928,2,C:\Users\josep\source\repos\AIOTED-digital-rawdigits\20260920\05\5_main_dig2_20260920-050928.jpg,5,flash,93.1,filename reading 58146; file 05/5_main_dig2_20260920-050928.jpg,,
sample_full,20260920-050928_dig3,20260920-050928,3,C:\Users\josep\source\repos\AIOTED-digital-rawdigits\20260920\05\8_main_dig3_20260920-050928.jpg,8,flash,92.5,filename reading 58146; file 05/8_main_dig3_20260920-050928.jpg,,
sample_full,20260920-050928_dig4,20260920-050928,4,C:\Users\josep\source\repos\AIOTED-digital-rawdigits\20260920\05\1_main_dig4_20260920-050928.jpg,1,flash,89.2,filename reading 58146; file 05/1_main_dig4_20260920-050928.jpg,,
sample_full,20260920-050928_dig5,20260920-050928,5,C:\Users\josep\source\repos\AIOTED-digital-rawdigits\20260920\05\4_main_dig5_20260920-050928.jpg,4,flash,69.2,filename reading 58146; file 05/4_main_dig5_20260920-050928.jpg,,
sample_full,20260920-050928_dig6,20260920-050928,6,C:\Users\josep\source\repos\AIOTED-digital-rawdigits\20260920\05\6_main_dig6_20260920-050928.jpg,6,flash,49.3,filename reading 58146; file 05/6_main_dig6_20260920-050928.jpg,,
sample_full,20260920-051328_dig2,20260920-051328,2,C:\Users\josep\source\repos\AIOTED-digital-rawdigits\20260920\05\0_main_dig2_20260920-051328.jpg,0,flash,90.8,filename reading 08000; file 05/0_main_dig2_20260920-051328.jpg,,
sample_full,20260920-051328_dig3,20260920-051328,3,C:\Users\josep\source\repos\AIOTED-digital-rawdigits\20260920\05\8_main_dig3_20260920-051328.jpg,8,flash,90.3,filename reading 08000; file 05/8_main_dig3_20260920-051328.jpg,,
sample_full,20260920-051328_dig4,20260920-051328,4,C:\Users\josep\source\repos\AIOTED-digital-rawdigits\20260920\05\0_main_dig4_20260920-051328.jpg,0,flash,85.3,filename reading 08000; file 05/0_main_dig4_20260920-051328.jpg,,
sample_full,20260920-051328_dig5,20260920-051328,5,C:\Users\josep\source\repos\AIOTED-digital-rawdigits\20260920\05\0_main_dig5_20260920-051328.jpg,0,flash,67.8,filename reading 08000; file 05/0_main_dig5_20260920-051328.jpg,,
sample_full,20260920-051328_dig6,20260920-051328,6,C:\Users\josep\source\repos\AIOTED-digital-rawdigits\20260920\05\0_main_dig6_20260920-051328.jpg,0,flash,48.8,filename reading 08000; file 05/0_main_dig6_20260920-051328.jpg,,
sample_full,20260920-051728_dig2,20260920-051728,2,C:\Users\josep\source\repos\AIOTED-digital-rawdigits\20260920\05\5_main_dig2_20260920-051728.jpg,5,flash,92.1,filename reading 58106; file 05/5_main_dig2_20260920-051728.jpg,,
sample_full,20260920-051728_dig3,20260920-051728,3,C:\Users\josep\source\repos\AIOTED-digital-rawdigits\20260920\05\8_main_dig3_20260920-051728.jpg,8,flash,91.5,filename reading 58106; file 05/8_main_dig3_20260920-051728.jpg,,
sample_full,20260920-051728_dig4,20260920-051728,4,C:\Users\josep\source\repos\AIOTED-digital-rawdigits\20260920\05\1_main_dig4_20260920-051728.jpg,1,flash,88.1,filename reading 58106; file 05/1_main_dig4_20260920-051728.jpg,,
sample_full,20260920-051728_dig5,20260920-051728,5,C:\Users\josep\source\repos\AIOTED-digital-rawdigits\20260920\05\0_main_dig5_20260920-051728.jpg,0,flash,68.8,filename reading 58106; file 05/0_main_dig5_20260920-051728.jpg,,
sample_full,20260920-051728_dig6,20260920-051728,6,C:\Users\josep\source\repos\AIOTED-digital-rawdigits\20260920\05\6_main_dig6_20260920-051728.jpg,6,flash,49.0,filename reading 58106; file 05/6_main_dig6_20260920-051728.jpg,,
sample_full,20260920-052128_dig2,20260920-052128,2,C:\Users\josep\source\repos\AIOTED-digital-rawdigits\20260920\05\5_main_dig2_20260920-052128.jpg,5,flash,92.9,filename reading 59196; file 05/5_main_dig2_20260920-052128.jpg,,
sample_full,20260920-052128_dig3,20260920-052128,3,C:\Users\josep\source\repos\AIOTED-digital-rawdigits\20260920\05\9_main_dig3_20260920-052128.jpg,9,flash,92.0,filename reading 59196; file 05/9_main_dig3_20260920-052128.jpg,,
sample_full,20260920-052128_dig4,20260920-052128,4,C:\Users\josep\source\repos\AIOTED-digital-rawdigits\20260920\05\1_main_dig4_20260920-052128.jpg,1,flash,89.0,filename reading 59196; file 05/1_main_dig4_20260920-052128.jpg,,
sample_full,20260920-052128_dig5,20260920-052128,5,C:\Users\josep\source\repos\AIOTED-digital-rawdigits\20260920\05\9_main_dig5_20260920-052128.jpg,9,flash,69.2,filename reading 59196; file 05/9_main_dig5_20260920-052128.jpg,,
sample_full,20260920-052128_dig6,20260920-052128,6,C:\Users\josep\source\repos\AIOTED-digital-rawdigits\20260920\05\6_main_dig6_20260920-052128.jpg,6,flash,49.2,filename reading 59196; file 05/6_main_dig6_20260920-052128.jpg,,
sample_full,20260920-052528_dig2,20260920-052528,2,C:\Users\josep\source\repos\AIOTED-digital-rawdigits\20260920\05\8_main_dig2_20260920-052528.jpg,8,flash,90.1,filename reading 88806; file 05/8_main_dig2_20260920-052528.jpg,,
sample_full,20260920-052528_dig3,20260920-052528,3,C:\Users\josep\source\repos\AIOTED-digital-rawdigits\20260920\05\8_main_dig3_20260920-052528.jpg,8,flash,89.6,filename reading 88806; file 05/8_main_dig3_20260920-052528.jpg,,
sample_full,20260920-052528_dig4,20260920-052528,4,C:\Users\josep\source\repos\AIOTED-digital-rawdigits\20260920\05\8_main_dig4_20260920-052528.jpg,8,flash,84.2,filename reading 88806; file 05/8_main_dig4_20260920-052528.jpg,,
sample_full,20260920-052528_dig5,20260920-052528,5,C:\Users\josep\source\repos\AIOTED-digital-rawdigits\20260920\05\0_main_dig5_20260920-052528.jpg,0,flash,67.0,filename reading 88806; file 05/0_main_dig5_20260920-052528.jpg,,
sample_full,20260920-052528_dig6,20260920-052528,6,C:\Users\josep\source\repos\AIOTED-digital-rawdigits\20260920\05\6_main_dig6_20260920-052528.jpg,6,flash,48.3,filename reading 88806; file 05/6_main_dig6_20260920-052528.jpg,,
sample_full,20260920-052928_dig2,20260920-052928,2,C:\Users\josep\source\repos\AIOTED-digital-rawdigits\20260920\05\5_main_dig2_20260920-052928.jpg,5,flash,92.9,filename reading 59196; file 05/5_main_dig2_20260920-052928.jpg,,
sample_full,20260920-052928_dig3,20260920-052928,3,C:\Users\josep\source\repos\AIOTED-digital-rawdigits\20260920\05\9_main_dig3_20260920-052928.jpg,9,flash,92.0,filename reading 59196; file 05/9_main_dig3_20260920-052928.jpg,,
sample_full,20260920-052928_dig4,20260920-052928,4,C:\Users\josep\source\repos\AIOTED-digital-rawdigits\20260920\05\1_main_dig4_20260920-052928.jpg,1,flash,88.9,filename reading 59196; file 05/1_main_dig4_20260920-052928.jpg,,
sample_full,20260920-052928_dig5,20260920-052928,5,C:\Users\josep\source\repos\AIOTED-digital-rawdigits\20260920\05\9_main_dig5_20260920-052928.jpg,9,flash,69.1,filename reading 59196; file 05/9_main_dig5_20260920-052928.jpg,,
sample_full,20260920-052928_dig6,20260920-052928,6,C:\Users\josep\source\repos\AIOTED-digital-rawdigits\20260920\05\6_main_dig6_20260920-052928.jpg,6,flash,49.2,filename reading 59196; file 05/6_main_dig6_20260920-052928.jpg,,
sample_full,20260920-053328_dig2,20260920-053328,2,C:\Users\josep\source\repos\AIOTED-digital-rawdigits\20260920\05\0_main_dig2_20260920-053328.jpg,0,flash,90.8,filename reading 00000; file 05/0_main_dig2_20260920-053328.jpg,,
sample_full,20260920-053328_dig3,20260920-053328,3,C:\Users\josep\source\repos\AIOTED-digital-rawdigits\20260920\05\0_main_dig3_20260920-053328.jpg,0,flash,90.2,filename reading 00000; file 05/0_main_dig3_20260920-053328.jpg,,
sample_full,20260920-053328_dig4,20260920-053328,4,C:\Users\josep\source\repos\AIOTED-digital-rawdigits\20260920\05\0_main_dig4_20260920-053328.jpg,0,flash,85.2,filename reading 00000; file 05/0_main_dig4_20260920-053328.jpg,,
sample_full,20260920-053328_dig5,20260920-053328,5,C:\Users\josep\source\repos\AIOTED-digital-rawdigits\20260920\05\0_main_dig5_20260920-053328.jpg,0,flash,67.6,filename reading 00000; file 05/0_main_dig5_20260920-053328.jpg,,
sample_full,20260920-053328_dig6,20260920-053328,6,C:\Users\josep\source\repos\AIOTED-digital-rawdigits\20260920\05\0_main_dig6_20260920-053328.jpg,0,flash,48.6,filename reading 00000; file 05/0_main_dig6_20260920-053328.jpg,,
sample_full,20260920-053728_dig2,20260920-053728,2,C:\Users\josep\source\repos\AIOTED-digital-rawdigits\20260920\05\5_main_dig2_20260920-053728.jpg,5,flash,92.8,filename reading 58146; file 05/5_main_dig2_20260920-053728.jpg,,
sample_full,20260920-053728_dig3,20260920-053728,3,C:\Users\josep\source\repos\AIOTED-digital-rawdigits\20260920\05\8_main_dig3_20260920-053728.jpg,8,flash,92.1,filename reading 58146; file 05/8_main_dig3_20260920-053728.jpg,,
sample_full,20260920-053728_dig4,20260920-053728,4,C:\Users\josep\source\repos\AIOTED-digital-rawdigits\20260920\05\1_main_dig4_20260920-053728.jpg,1,flash,89.0,filename reading 58146; file 05/1_main_dig4_20260920-053728.jpg,,
sample_full,20260920-053728_dig5,20260920-053728,5,C:\Users\josep\source\repos\AIOTED-digital-rawdigits\20260920\05\4_main_dig5_20260920-053728.jpg,4,flash,68.8,filename reading 58146; file 05/4_main_dig5_20260920-053728.jpg,,
sample_full,20260920-053728_dig6,20260920-053728,6,C:\Users\josep\source\repos\AIOTED-digital-rawdigits\20260920\05\6_main_dig6_20260920-053728.jpg,6,flash,49.1,filename reading 58146; file 05/6_main_dig6_20260920-053728.jpg,,
sample_full,20260920-054128_dig2,20260920-054128,2,C:\Users\josep\source\repos\AIOTED-digital-rawdigits\20260920\05\5_main_dig2_20260920-054128.jpg,5,flash,93.1,filename reading 58196; file 05/5_main_dig2_20260920-054128.jpg,,
sample_full,20260920-054128_dig3,20260920-054128,3,C:\Users\josep\source\repos\AIOTED-digital-rawdigits\20260920\05\8_main_dig3_20260920-054128.jpg,8,flash,92.1,filename reading 58196; file 05/8_main_dig3_20260920-054128.jpg,,
sample_full,20260920-054128_dig4,20260920-054128,4,C:\Users\josep\source\repos\AIOTED-digital-rawdigits\20260920\05\1_main_dig4_20260920-054128.jpg,1,flash,89.0,filename reading 58196; file 05/1_main_dig4_20260920-054128.jpg,,
sample_full,20260920-054128_dig5,20260920-054128,5,C:\Users\josep\source\repos\AIOTED-digital-rawdigits\20260920\05\9_main_dig5_20260920-054128.jpg,9,flash,68.9,filename reading 58196; file 05/9_main_dig5_20260920-054128.jpg,,
sample_full,20260920-054128_dig6,20260920-054128,6,C:\Users\josep\source\repos\AIOTED-digital-rawdigits\20260920\05\6_main_dig6_20260920-054128.jpg,6,flash,51.7,filename reading 58196; file 05/6_main_dig6_20260920-054128.jpg,,
sample_full,20260920-054528_dig2,20260920-054528,2,C:\Users\josep\source\repos\AIOTED-digital-rawdigits\20260920\05\8_main_dig2_20260920-054528.jpg,8,flash,90.6,filename reading 88800; file 05/8_main_dig2_20260920-054528.jpg,,
sample_full,20260920-054528_dig3,20260920-054528,3,C:\Users\josep\source\repos\AIOTED-digital-rawdigits\20260920\05\8_main_dig3_20260920-054528.jpg,8,flash,90.3,filename reading 88800; file 05/8_main_dig3_20260920-054528.jpg,,
sample_full,20260920-054528_dig4,20260920-054528,4,C:\Users\josep\source\repos\AIOTED-digital-rawdigits\20260920\05\8_main_dig4_20260920-054528.jpg,8,flash,84.6,filename reading 88800; file 05/8_main_dig4_20260920-054528.jpg,,
sample_full,20260920-054528_dig5,20260920-054528,5,C:\Users\josep\source\repos\AIOTED-digital-rawdigits\20260920\05\0_main_dig5_20260920-054528.jpg,0,flash,67.4,filename reading 88800; file 05/0_main_dig5_20260920-054528.jpg,,
sample_full,20260920-054528_dig6,20260920-054528,6,C:\Users\josep\source\repos\AIOTED-digital-rawdigits\20260920\05\0_main_dig6_20260920-054528.jpg,0,flash,50.6,filename reading 88800; file 05/0_main_dig6_20260920-054528.jpg,,
sample_full,20260920-054928_dig2,20260920-054928,2,C:\Users\josep\source\repos\AIOTED-digital-rawdigits\20260920\05\5_main_dig2_20260920-054928.jpg,5,flash,92.8,filename reading 59146; file 05/5_main_dig2_20260920-054928.jpg,,
sample_full,20260920-054928_dig3,20260920-054928,3,C:\Users\josep\source\repos\AIOTED-digital-rawdigits\20260920\05\9_main_dig3_20260920-054928.jpg,9,flash,92.0,filename reading 59146; file 05/9_main_dig3_20260920-054928.jpg,,
sample_full,20260920-054928_dig4,20260920-054928,4,C:\Users\josep\source\repos\AIOTED-digital-rawdigits\20260920\05\1_main_dig4_20260920-054928.jpg,1,flash,89.1,filename reading 59146; file 05/1_main_dig4_20260920-054928.jpg,,
sample_full,20260920-054928_dig5,20260920-054928,5,C:\Users\josep\source\repos\AIOTED-digital-rawdigits\20260920\05\4_main_dig5_20260920-054928.jpg,4,flash,69.4,filename reading 59146; file 05/4_main_dig5_20260920-054928.jpg,,
sample_full,20260920-054928_dig6,20260920-054928,6,C:\Users\josep\source\repos\AIOTED-digital-rawdigits\20260920\05\6_main_dig6_20260920-054928.jpg,6,flash,51.8,filename reading 59146; file 05/6_main_dig6_20260920-054928.jpg,,
sample_full,20260920-055328_dig2,20260920-055328,2,C:\Users\josep\source\repos\AIOTED-digital-rawdigits\20260920\05\0_main_dig2_20260920-055328.jpg,0,flash,91.3,filename reading 08000; file 05/0_main_dig2_20260920-055328.jpg,,
sample_full,20260920-055328_dig3,20260920-055328,3,C:\Users\josep\source\repos\AIOTED-digital-rawdigits\20260920\05\8_main_dig3_20260920-055328.jpg,8,flash,91.0,filename reading 08000; file 05/8_main_dig3_20260920-055328.jpg,,
sample_full,20260920-055328_dig4,20260920-055328,4,C:\Users\josep\source\repos\AIOTED-digital-rawdigits\20260920\05\0_main_dig4_20260920-055328.jpg,0,flash,85.6,filename reading 08000; file 05/0_main_dig4_20260920-055328.jpg,,
sample_full,20260920-055328_dig5,20260920-055328,5,C:\Users\josep\source\repos\AIOTED-digital-rawdigits\20260920\05\0_main_dig5_20260920-055328.jpg,0,flash,68.0,filename reading 08000; file 05/0_main_dig5_20260920-055328.jpg,drift,
sample_full,20260920-055328_dig6,20260920-055328,6,C:\Users\josep\source\repos\AIOTED-digital-rawdigits\20260920\05\0_main_dig6_20260920-055328.jpg,0,flash,51.0,filename reading 08000; file 05/0_main_dig6_20260920-055328.jpg,,
sample_full,20260920-055728_dig2,20260920-055728,2,C:\Users\josep\source\repos\AIOTED-digital-rawdigits\20260920\05\5_main_dig2_20260920-055728.jpg,5,flash,93.5,filename reading 58106; file 05/5_main_dig2_20260920-055728.jpg,,
sample_full,20260920-055728_dig3,20260920-055728,3,C:\Users\josep\source\repos\AIOTED-digital-rawdigits\20260920\05\8_main_dig3_20260920-055728.jpg,8,flash,92.7,filename reading 58106; file 05/8_main_dig3_20260920-055728.jpg,,
sample_full,20260920-055728_dig4,20260920-055728,4,C:\Users\josep\source\repos\AIOTED-digital-rawdigits\20260920\05\1_main_dig4_20260920-055728.jpg,1,flash,89.3,filename reading 58106; file 05/1_main_dig4_20260920-055728.jpg,,
sample_full,20260920-055728_dig5,20260920-055728,5,C:\Users\josep\source\repos\AIOTED-digital-rawdigits\20260920\05\0_main_dig5_20260920-055728.jpg,0,flash,69.5,filename reading 58106; file 05/0_main_dig5_20260920-055728.jpg,,
sample_full,20260920-055728_dig6,20260920-055728,6,C:\Users\josep\source\repos\AIOTED-digital-rawdigits\20260920\05\6_main_dig6_20260920-055728.jpg,6,flash,51.8,filename reading 58106; file 05/6_main_dig6_20260920-055728.jpg,,
sample_full,20260920-060128_dig2,20260920-060128,2,C:\Users\josep\source\repos\AIOTED-digital-rawdigits\20260920\06\5_main_dig2_20260920-060128.jpg,5,transition,93.1,filename reading 58196; file 06/5_main_dig2_20260920-060128.jpg,,
sample_full,20260920-060128_dig3,20260920-060128,3,C:\Users\josep\source\repos\AIOTED-digital-rawdigits\20260920\06\8_main_dig3_20260920-060128.jpg,8,transition,92.2,filename reading 58196; file 06/8_main_dig3_20260920-060128.jpg,,
sample_full,20260920-060128_dig4,20260920-060128,4,C:\Users\josep\source\repos\AIOTED-digital-rawdigits\20260920\06\1_main_dig4_20260920-060128.jpg,1,transition,89.0,filename reading 58196; file 06/1_main_dig4_20260920-060128.jpg,,
sample_full,20260920-060128_dig5,20260920-060128,5,C:\Users\josep\source\repos\AIOTED-digital-rawdigits\20260920\06\9_main_dig5_20260920-060128.jpg,9,transition,68.9,filename reading 58196; file 06/9_main_dig5_20260920-060128.jpg,,
sample_full,20260920-060128_dig6,20260920-060128,6,C:\Users\josep\source\repos\AIOTED-digital-rawdigits\20260920\06\6_main_dig6_20260920-060128.jpg,6,transition,51.5,filename reading 58196; file 06/6_main_dig6_20260920-060128.jpg,,
sample_full,20260920-060528_dig2,20260920-060528,2,C:\Users\josep\source\repos\AIOTED-digital-rawdigits\20260920\06\8_main_dig2_20260920-060528.jpg,8,transition,90.9,filename reading 88808; file 06/8_main_dig2_20260920-060528.jpg,,
sample_full,20260920-060528_dig3,20260920-060528,3,C:\Users\josep\source\repos\AIOTED-digital-rawdigits\20260920\06\8_main_dig3_20260920-060528.jpg,8,transition,90.4,filename reading 88808; file 06/8_main_dig3_20260920-060528.jpg,,
sample_full,20260920-060528_dig4,20260920-060528,4,C:\Users\josep\source\repos\AIOTED-digital-rawdigits\20260920\06\8_main_dig4_20260920-060528.jpg,8,transition,84.6,filename reading 88808; file 06/8_main_dig4_20260920-060528.jpg,,
sample_full,20260920-060528_dig5,20260920-060528,5,C:\Users\josep\source\repos\AIOTED-digital-rawdigits\20260920\06\0_main_dig5_20260920-060528.jpg,0,transition,67.4,filename reading 88808; file 06/0_main_dig5_20260920-060528.jpg,,
sample_full,20260920-060528_dig6,20260920-060528,6,C:\Users\josep\source\repos\AIOTED-digital-rawdigits\20260920\06\8_main_dig6_20260920-060528.jpg,8,transition,50.6,filename reading 88808; file 06/8_main_dig6_20260920-060528.jpg,drift,
sample_full,20260920-060928_dig2,20260920-060928,2,C:\Users\josep\source\repos\AIOTED-digital-rawdigits\20260920\06\5_main_dig2_20260920-060928.jpg,5,transition,93.3,filename reading 59140; file 06/5_main_dig2_20260920-060928.jpg,,
sample_full,20260920-060928_dig3,20260920-060928,3,C:\Users\josep\source\repos\AIOTED-digital-rawdigits\20260920\06\9_main_dig3_20260920-060928.jpg,9,transition,92.5,filename reading 59140; file 06/9_main_dig3_20260920-060928.jpg,,
sample_full,20260920-060928_dig4,20260920-060928,4,C:\Users\josep\source\repos\AIOTED-digital-rawdigits\20260920\06\1_main_dig4_20260920-060928.jpg,1,transition,89.2,filename reading 59140; file 06/1_main_dig4_20260920-060928.jpg,,
sample_full,20260920-060928_dig5,20260920-060928,5,C:\Users\josep\source\repos\AIOTED-digital-rawdigits\20260920\06\4_main_dig5_20260920-060928.jpg,4,transition,69.5,filename reading 59140; file 06/4_main_dig5_20260920-060928.jpg,,
sample_full,20260920-060928_dig6,20260920-060928,6,C:\Users\josep\source\repos\AIOTED-digital-rawdigits\20260920\06\0_main_dig6_20260920-060928.jpg,0,transition,52.0,filename reading 59140; file 06/0_main_dig6_20260920-060928.jpg,,
sample_full,20260920-061328_dig2,20260920-061328,2,C:\Users\josep\source\repos\AIOTED-digital-rawdigits\20260920\06\0_main_dig2_20260920-061328.jpg,0,transition,90.7,filename reading 00000; file 06/0_main_dig2_20260920-061328.jpg,,
sample_full,20260920-061328_dig3,20260920-061328,3,C:\Users\josep\source\repos\AIOTED-digital-rawdigits\20260920\06\0_main_dig3_20260920-061328.jpg,0,transition,90.4,filename reading 00000; file 06/0_main_dig3_20260920-061328.jpg,,
sample_full,20260920-061328_dig4,20260920-061328,4,C:\Users\josep\source\repos\AIOTED-digital-rawdigits\20260920\06\0_main_dig4_20260920-061328.jpg,0,transition,85.4,filename reading 00000; file 06/0_main_dig4_20260920-061328.jpg,,
sample_full,20260920-061328_dig5,20260920-061328,5,C:\Users\josep\source\repos\AIOTED-digital-rawdigits\20260920\06\0_main_dig5_20260920-061328.jpg,0,transition,67.9,filename reading 00000; file 06/0_main_dig5_20260920-061328.jpg,,
sample_full,20260920-061328_dig6,20260920-061328,6,C:\Users\josep\source\repos\AIOTED-digital-rawdigits\20260920\06\0_main_dig6_20260920-061328.jpg,0,transition,50.7,filename reading 00000; file 06/0_main_dig6_20260920-061328.jpg,,
sample_full,20260920-061728_dig2,20260920-061728,2,C:\Users\josep\source\repos\AIOTED-digital-rawdigits\20260920\06\5_main_dig2_20260920-061728.jpg,5,transition,93.3,filename reading 59190; file 06/5_main_dig2_20260920-061728.jpg,,
sample_full,20260920-061728_dig3,20260920-061728,3,C:\Users\josep\source\repos\AIOTED-digital-rawdigits\20260920\06\9_main_dig3_20260920-061728.jpg,9,transition,92.6,filename reading 59190; file 06/9_main_dig3_20260920-061728.jpg,,
sample_full,20260920-061728_dig4,20260920-061728,4,C:\Users\josep\source\repos\AIOTED-digital-rawdigits\20260920\06\1_main_dig4_20260920-061728.jpg,1,transition,89.2,filename reading 59190; file 06/1_main_dig4_20260920-061728.jpg,,
sample_full,20260920-061728_dig5,20260920-061728,5,C:\Users\josep\source\repos\AIOTED-digital-rawdigits\20260920\06\9_main_dig5_20260920-061728.jpg,9,transition,69.5,filename reading 59190; file 06/9_main_dig5_20260920-061728.jpg,,
sample_full,20260920-061728_dig6,20260920-061728,6,C:\Users\josep\source\repos\AIOTED-digital-rawdigits\20260920\06\0_main_dig6_20260920-061728.jpg,0,transition,51.9,filename reading 59190; file 06/0_main_dig6_20260920-061728.jpg,,
sample_full,20260920-062128_dig2,20260920-062128,2,C:\Users\josep\source\repos\AIOTED-digital-rawdigits\20260920\06\5_main_dig2_20260920-062128.jpg,5,transition,93.2,filename reading 58190; file 06/5_main_dig2_20260920-062128.jpg,,
sample_full,20260920-062128_dig3,20260920-062128,3,C:\Users\josep\source\repos\AIOTED-digital-rawdigits\20260920\06\8_main_dig3_20260920-062128.jpg,8,transition,92.4,filename reading 58190; file 06/8_main_dig3_20260920-062128.jpg,,
sample_full,20260920-062128_dig4,20260920-062128,4,C:\Users\josep\source\repos\AIOTED-digital-rawdigits\20260920\06\1_main_dig4_20260920-062128.jpg,1,transition,89.1,filename reading 58190; file 06/1_main_dig4_20260920-062128.jpg,,
sample_full,20260920-062128_dig5,20260920-062128,5,C:\Users\josep\source\repos\AIOTED-digital-rawdigits\20260920\06\9_main_dig5_20260920-062128.jpg,9,transition,69.4,filename reading 58190; file 06/9_main_dig5_20260920-062128.jpg,,
sample_full,20260920-062128_dig6,20260920-062128,6,C:\Users\josep\source\repos\AIOTED-digital-rawdigits\20260920\06\0_main_dig6_20260920-062128.jpg,0,transition,52.0,filename reading 58190; file 06/0_main_dig6_20260920-062128.jpg,,
sample_full,20260920-062528_dig2,20260920-062528,2,C:\Users\josep\source\repos\AIOTED-digital-rawdigits\20260920\06\8_main_dig2_20260920-062528.jpg,8,transition,90.5,filename reading 88806; file 06/8_main_dig2_20260920-062528.jpg,,
sample_full,20260920-062528_dig3,20260920-062528,3,C:\Users\josep\source\repos\AIOTED-digital-rawdigits\20260920\06\8_main_dig3_20260920-062528.jpg,8,transition,90.1,filename reading 88806; file 06/8_main_dig3_20260920-062528.jpg,,
sample_full,20260920-062528_dig4,20260920-062528,4,C:\Users\josep\source\repos\AIOTED-digital-rawdigits\20260920\06\8_main_dig4_20260920-062528.jpg,8,transition,84.5,filename reading 88806; file 06/8_main_dig4_20260920-062528.jpg,,
sample_full,20260920-062528_dig5,20260920-062528,5,C:\Users\josep\source\repos\AIOTED-digital-rawdigits\20260920\06\0_main_dig5_20260920-062528.jpg,0,transition,67.4,filename reading 88806; file 06/0_main_dig5_20260920-062528.jpg,,
sample_full,20260920-062528_dig6,20260920-062528,6,C:\Users\josep\source\repos\AIOTED-digital-rawdigits\20260920\06\6_main_dig6_20260920-062528.jpg,6,transition,50.6,filename reading 88806; file 06/6_main_dig6_20260920-062528.jpg,,
sample_full,20260920-062928_dig2,20260920-062928,2,C:\Users\josep\source\repos\AIOTED-digital-rawdigits\20260920\06\5_main_dig2_20260920-062928.jpg,5,transition,92.8,filename reading 58190; file 06/5_main_dig2_20260920-062928.jpg,,
sample_full,20260920-062928_dig3,20260920-062928,3,C:\Users\josep\source\repos\AIOTED-digital-rawdigits\20260920\06\8_main_dig3_20260920-062928.jpg,8,transition,91.9,filename reading 58190; file 06/8_main_dig3_20260920-062928.jpg,,
sample_full,20260920-062928_dig4,20260920-062928,4,C:\Users\josep\source\repos\AIOTED-digital-rawdigits\20260920\06\1_main_dig4_20260920-062928.jpg,1,transition,88.9,filename reading 58190; file 06/1_main_dig4_20260920-062928.jpg,,
sample_full,20260920-062928_dig5,20260920-062928,5,C:\Users\josep\source\repos\AIOTED-digital-rawdigits\20260920\06\9_main_dig5_20260920-062928.jpg,9,transition,69.1,filename reading 58190; file 06/9_main_dig5_20260920-062928.jpg,,
sample_full,20260920-062928_dig6,20260920-062928,6,C:\Users\josep\source\repos\AIOTED-digital-rawdigits\20260920\06\0_main_dig6_20260920-062928.jpg,0,transition,52.3,filename reading 58190; file 06/0_main_dig6_20260920-062928.jpg,,
sample_full,20260920-063328_dig2,20260920-063328,2,C:\Users\josep\source\repos\AIOTED-digital-rawdigits\20260920\06\0_main_dig2_20260920-063328.jpg,0,transition,90.6,filename reading 00000; file 06/0_main_dig2_20260920-063328.jpg,,
sample_full,20260920-063328_dig3,20260920-063328,3,C:\Users\josep\source\repos\AIOTED-digital-rawdigits\20260920\06\0_main_dig3_20260920-063328.jpg,0,transition,90.2,filename reading 00000; file 06/0_main_dig3_20260920-063328.jpg,,
sample_full,20260920-063328_dig4,20260920-063328,4,C:\Users\josep\source\repos\AIOTED-digital-rawdigits\20260920\06\0_main_dig4_20260920-063328.jpg,0,transition,85.3,filename reading 00000; file 06/0_main_dig4_20260920-063328.jpg,,
sample_full,20260920-063328_dig5,20260920-063328,5,C:\Users\josep\source\repos\AIOTED-digital-rawdigits\20260920\06\0_main_dig5_20260920-063328.jpg,0,transition,68.1,filename reading 00000; file 06/0_main_dig5_20260920-063328.jpg,,
sample_full,20260920-063328_dig6,20260920-063328,6,C:\Users\josep\source\repos\AIOTED-digital-rawdigits\20260920\06\0_main_dig6_20260920-063328.jpg,0,transition,51.6,filename reading 00000; file 06/0_main_dig6_20260920-063328.jpg,,
sample_full,20260920-063728_dig2,20260920-063728,2,C:\Users\josep\source\repos\AIOTED-digital-rawdigits\20260920\06\5_main_dig2_20260920-063728.jpg,5,transition,93.1,filename reading 58140; file 06/5_main_dig2_20260920-063728.jpg,,
sample_full,20260920-063728_dig3,20260920-063728,3,C:\Users\josep\source\repos\AIOTED-digital-rawdigits\20260920\06\8_main_dig3_20260920-063728.jpg,8,transition,92.3,filename reading 58140; file 06/8_main_dig3_20260920-063728.jpg,,
sample_full,20260920-063728_dig4,20260920-063728,4,C:\Users\josep\source\repos\AIOTED-digital-rawdigits\20260920\06\1_main_dig4_20260920-063728.jpg,1,transition,89.3,filename reading 58140; file 06/1_main_dig4_20260920-063728.jpg,,
sample_full,20260920-063728_dig5,20260920-063728,5,C:\Users\josep\source\repos\AIOTED-digital-rawdigits\20260920\06\4_main_dig5_20260920-063728.jpg,4,transition,70.1,filename reading 58140; file 06/4_main_dig5_20260920-063728.jpg,,
sample_full,20260920-063728_dig6,20260920-063728,6,C:\Users\josep\source\repos\AIOTED-digital-rawdigits\20260920\06\0_main_dig6_20260920-063728.jpg,0,transition,53.7,filename reading 58140; file 06/0_main_dig6_20260920-063728.jpg,,
sample_full,20260920-064128_dig2,20260920-064128,2,C:\Users\josep\source\repos\AIOTED-digital-rawdigits\20260920\06\0_main_dig2_20260920-064128.jpg,0,transition,91.8,filename reading 00000; file 06/0_main_dig2_20260920-064128.jpg,,
sample_full,20260920-064128_dig3,20260920-064128,3,C:\Users\josep\source\repos\AIOTED-digital-rawdigits\20260920\06\0_main_dig3_20260920-064128.jpg,0,transition,91.0,filename reading 00000; file 06/0_main_dig3_20260920-064128.jpg,,
sample_full,20260920-064128_dig4,20260920-064128,4,C:\Users\josep\source\repos\AIOTED-digital-rawdigits\20260920\06\0_main_dig4_20260920-064128.jpg,0,transition,85.8,filename reading 00000; file 06/0_main_dig4_20260920-064128.jpg,,
sample_full,20260920-064128_dig5,20260920-064128,5,C:\Users\josep\source\repos\AIOTED-digital-rawdigits\20260920\06\0_main_dig5_20260920-064128.jpg,0,transition,68.4,filename reading 00000; file 06/0_main_dig5_20260920-064128.jpg,,
sample_full,20260920-064128_dig6,20260920-064128,6,C:\Users\josep\source\repos\AIOTED-digital-rawdigits\20260920\06\0_main_dig6_20260920-064128.jpg,0,transition,53.2,filename reading 00000; file 06/0_main_dig6_20260920-064128.jpg,,
sample_full,20260920-064528_dig2,20260920-064528,2,C:\Users\josep\source\repos\AIOTED-digital-rawdigits\20260920\06\8_main_dig2_20260920-064528.jpg,8,transition,91.4,filename reading 88808; file 06/8_main_dig2_20260920-064528.jpg,,
sample_full,20260920-064528_dig3,20260920-064528,3,C:\Users\josep\source\repos\AIOTED-digital-rawdigits\20260920\06\8_main_dig3_20260920-064528.jpg,8,transition,90.7,filename reading 88808; file 06/8_main_dig3_20260920-064528.jpg,,
sample_full,20260920-064528_dig4,20260920-064528,4,C:\Users\josep\source\repos\AIOTED-digital-rawdigits\20260920\06\8_main_dig4_20260920-064528.jpg,8,transition,85.1,filename reading 88808; file 06/8_main_dig4_20260920-064528.jpg,,
sample_full,20260920-064528_dig5,20260920-064528,5,C:\Users\josep\source\repos\AIOTED-digital-rawdigits\20260920\06\0_main_dig5_20260920-064528.jpg,0,transition,68.6,filename reading 88808; file 06/0_main_dig5_20260920-064528.jpg,,
sample_full,20260920-064528_dig6,20260920-064528,6,C:\Users\josep\source\repos\AIOTED-digital-rawdigits\20260920\06\8_main_dig6_20260920-064528.jpg,8,transition,54.7,filename reading 88808; file 06/8_main_dig6_20260920-064528.jpg,,
sample_full,20260920-064928_dig2,20260920-064928,2,C:\Users\josep\source\repos\AIOTED-digital-rawdigits\20260920\06\5_main_dig2_20260920-064928.jpg,5,transition,94.5,filename reading 58147; file 06/5_main_dig2_20260920-064928.jpg,,
sample_full,20260920-064928_dig3,20260920-064928,3,C:\Users\josep\source\repos\AIOTED-digital-rawdigits\20260920\06\8_main_dig3_20260920-064928.jpg,8,transition,93.4,filename reading 58147; file 06/8_main_dig3_20260920-064928.jpg,,
sample_full,20260920-064928_dig4,20260920-064928,4,C:\Users\josep\source\repos\AIOTED-digital-rawdigits\20260920\06\1_main_dig4_20260920-064928.jpg,1,transition,90.3,filename reading 58147; file 06/1_main_dig4_20260920-064928.jpg,,
sample_full,20260920-064928_dig5,20260920-064928,5,C:\Users\josep\source\repos\AIOTED-digital-rawdigits\20260920\06\4_main_dig5_20260920-064928.jpg,4,transition,71.9,filename reading 58147; file 06/4_main_dig5_20260920-064928.jpg,,
sample_full,20260920-064928_dig6,20260920-064928,6,C:\Users\josep\source\repos\AIOTED-digital-rawdigits\20260920\06\7_main_dig6_20260920-064928.jpg,7,transition,58.7,filename reading 58147; file 06/7_main_dig6_20260920-064928.jpg,,
sample_full,20260920-065328_dig2,20260920-065328,2,C:\Users\josep\source\repos\AIOTED-digital-rawdigits\20260920\06\0_main_dig2_20260920-065328.jpg,0,transition,92.5,filename reading 00000; file 06/0_main_dig2_20260920-065328.jpg,,
sample_full,20260920-065328_dig3,20260920-065328,3,C:\Users\josep\source\repos\AIOTED-digital-rawdigits\20260920\06\0_main_dig3_20260920-065328.jpg,0,transition,91.4,filename reading 00000; file 06/0_main_dig3_20260920-065328.jpg,,
sample_full,20260920-065328_dig4,20260920-065328,4,C:\Users\josep\source\repos\AIOTED-digital-rawdigits\20260920\06\0_main_dig4_20260920-065328.jpg,0,transition,86.9,filename reading 00000; file 06/0_main_dig4_20260920-065328.jpg,,
sample_full,20260920-065328_dig5,20260920-065328,5,C:\Users\josep\source\repos\AIOTED-digital-rawdigits\20260920\06\0_main_dig5_20260920-065328.jpg,0,transition,70.9,filename reading 00000; file 06/0_main_dig5_20260920-065328.jpg,,
sample_full,20260920-065328_dig6,20260920-065328,6,C:\Users\josep\source\repos\AIOTED-digital-rawdigits\20260920\06\0_main_dig6_20260920-065328.jpg,0,transition,59.5,filename reading 00000; file 06/0_main_dig6_20260920-065328.jpg,,
sample_full,20260920-065728_dig2,20260920-065728,2,C:\Users\josep\source\repos\AIOTED-digital-rawdigits\20260920\06\5_main_dig2_20260920-065728.jpg,5,transition,95.2,filename reading 58147; file 06/5_main_dig2_20260920-065728.jpg,,
sample_full,20260920-065728_dig3,20260920-065728,3,C:\Users\josep\source\repos\AIOTED-digital-rawdigits\20260920\06\8_main_dig3_20260920-065728.jpg,8,transition,94.1,filename reading 58147; file 06/8_main_dig3_20260920-065728.jpg,,
sample_full,20260920-065728_dig4,20260920-065728,4,C:\Users\josep\source\repos\AIOTED-digital-rawdigits\20260920\06\1_main_dig4_20260920-065728.jpg,1,transition,91.5,filename reading 58147; file 06/1_main_dig4_20260920-065728.jpg,,
sample_full,20260920-065728_dig5,20260920-065728,5,C:\Users\josep\source\repos\AIOTED-digital-rawdigits\20260920\06\4_main_dig5_20260920-065728.jpg,4,transition,73.9,filename reading 58147; file 06/4_main_dig5_20260920-065728.jpg,,
sample_full,20260920-065728_dig6,20260920-065728,6,C:\Users\josep\source\repos\AIOTED-digital-rawdigits\20260920\06\7_main_dig6_20260920-065728.jpg,7,transition,63.3,filename reading 58147; file 06/7_main_dig6_20260920-065728.jpg,,
sample_full,20260920-070128_dig2,20260920-070128,2,C:\Users\josep\source\repos\AIOTED-digital-rawdigits\20260920\07\0_main_dig2_20260920-070128.jpg,0,day,93.7,filename reading 00000; file 07/0_main_dig2_20260920-070128.jpg,,
sample_full,20260920-070128_dig3,20260920-070128,3,C:\Users\josep\source\repos\AIOTED-digital-rawdigits\20260920\07\0_main_dig3_20260920-070128.jpg,0,day,92.5,filename reading 00000; file 07/0_main_dig3_20260920-070128.jpg,,
sample_full,20260920-070128_dig4,20260920-070128,4,C:\Users\josep\source\repos\AIOTED-digital-rawdigits\20260920\07\0_main_dig4_20260920-070128.jpg,0,day,88.1,filename reading 00000; file 07/0_main_dig4_20260920-070128.jpg,,
sample_full,20260920-070128_dig5,20260920-070128,5,C:\Users\josep\source\repos\AIOTED-digital-rawdigits\20260920\07\0_main_dig5_20260920-070128.jpg,0,day,73.2,filename reading 00000; file 07/0_main_dig5_20260920-070128.jpg,,
sample_full,20260920-070128_dig6,20260920-070128,6,C:\Users\josep\source\repos\AIOTED-digital-rawdigits\20260920\07\0_main_dig6_20260920-070128.jpg,0,day,63.9,filename reading 00000; file 07/0_main_dig6_20260920-070128.jpg,,
sample_full,20260920-070528_dig2,20260920-070528,2,C:\Users\josep\source\repos\AIOTED-digital-rawdigits\20260920\07\8_main_dig2_20260920-070528.jpg,8,day,93.6,filename reading 88808; file 07/8_main_dig2_20260920-070528.jpg,,
sample_full,20260920-070528_dig3,20260920-070528,3,C:\Users\josep\source\repos\AIOTED-digital-rawdigits\20260920\07\8_main_dig3_20260920-070528.jpg,8,day,92.3,filename reading 88808; file 07/8_main_dig3_20260920-070528.jpg,,
sample_full,20260920-070528_dig4,20260920-070528,4,C:\Users\josep\source\repos\AIOTED-digital-rawdigits\20260920\07\8_main_dig4_20260920-070528.jpg,8,day,87.6,filename reading 88808; file 07/8_main_dig4_20260920-070528.jpg,,
sample_full,20260920-070528_dig5,20260920-070528,5,C:\Users\josep\source\repos\AIOTED-digital-rawdigits\20260920\07\0_main_dig5_20260920-070528.jpg,0,day,73.6,filename reading 88808; file 07/0_main_dig5_20260920-070528.jpg,,
sample_full,20260920-070528_dig6,20260920-070528,6,C:\Users\josep\source\repos\AIOTED-digital-rawdigits\20260920\07\8_main_dig6_20260920-070528.jpg,8,day,64.8,filename reading 88808; file 07/8_main_dig6_20260920-070528.jpg,,
sample_full,20260920-070928_dig2,20260920-070928,2,C:\Users\josep\source\repos\AIOTED-digital-rawdigits\20260920\07\5_main_dig2_20260920-070928.jpg,5,day,97.2,filename reading 58147; file 07/5_main_dig2_20260920-070928.jpg,,
sample_full,20260920-070928_dig3,20260920-070928,3,C:\Users\josep\source\repos\AIOTED-digital-rawdigits\20260920\07\8_main_dig3_20260920-070928.jpg,8,day,95.6,filename reading 58147; file 07/8_main_dig3_20260920-070928.jpg,,
sample_full,20260920-070928_dig4,20260920-070928,4,C:\Users\josep\source\repos\AIOTED-digital-rawdigits\20260920\07\1_main_dig4_20260920-070928.jpg,1,day,93.5,filename reading 58147; file 07/1_main_dig4_20260920-070928.jpg,,
sample_full,20260920-070928_dig5,20260920-070928,5,C:\Users\josep\source\repos\AIOTED-digital-rawdigits\20260920\07\4_main_dig5_20260920-070928.jpg,4,day,78.4,filename reading 58147; file 07/4_main_dig5_20260920-070928.jpg,,
sample_full,20260920-070928_dig6,20260920-070928,6,C:\Users\josep\source\repos\AIOTED-digital-rawdigits\20260920\07\7_main_dig6_20260920-070928.jpg,7,day,71.3,filename reading 58147; file 07/7_main_dig6_20260920-070928.jpg,,
sample_full,20260920-071328_dig2,20260920-071328,2,C:\Users\josep\source\repos\AIOTED-digital-rawdigits\20260920\07\8_main_dig2_20260920-071328.jpg,8,day,99.5,filename reading 88800; file 07/8_main_dig2_20260920-071328.jpg,,
sample_full,20260920-071328_dig3,20260920-071328,3,C:\Users\josep\source\repos\AIOTED-digital-rawdigits\20260920\07\8_main_dig3_20260920-071328.jpg,8,day,96.9,filename reading 88800; file 07/8_main_dig3_20260920-071328.jpg,,
sample_full,20260920-071328_dig4,20260920-071328,4,C:\Users\josep\source\repos\AIOTED-digital-rawdigits\20260920\07\8_main_dig4_20260920-071328.jpg,8,day,94.2,filename reading 88800; file 07/8_main_dig4_20260920-071328.jpg,,
sample_full,20260920-071328_dig5,20260920-071328,5,C:\Users\josep\source\repos\AIOTED-digital-rawdigits\20260920\07\0_main_dig5_20260920-071328.jpg,0,day,78.2,filename reading 88800; file 07/0_main_dig5_20260920-071328.jpg,drift,
sample_full,20260920-071328_dig6,20260920-071328,6,C:\Users\josep\source\repos\AIOTED-digital-rawdigits\20260920\07\0_main_dig6_20260920-071328.jpg,0,day,72.6,filename reading 88800; file 07/0_main_dig6_20260920-071328.jpg,,
sample_full,20260920-071728_dig2,20260920-071728,2,C:\Users\josep\source\repos\AIOTED-digital-rawdigits\20260920\07\5_main_dig2_20260920-071728.jpg,5,day,99.1,filename reading 59147; file 07/5_main_dig2_20260920-071728.jpg,,
sample_full,20260920-071728_dig3,20260920-071728,3,C:\Users\josep\source\repos\AIOTED-digital-rawdigits\20260920\07\9_main_dig3_20260920-071728.jpg,9,day,97.2,filename reading 59147; file 07/9_main_dig3_20260920-071728.jpg,,
sample_full,20260920-071728_dig4,20260920-071728,4,C:\Users\josep\source\repos\AIOTED-digital-rawdigits\20260920\07\1_main_dig4_20260920-071728.jpg,1,day,95.6,filename reading 59147; file 07/1_main_dig4_20260920-071728.jpg,,
sample_full,20260920-071728_dig5,20260920-071728,5,C:\Users\josep\source\repos\AIOTED-digital-rawdigits\20260920\07\4_main_dig5_20260920-071728.jpg,4,day,82.0,filename reading 59147; file 07/4_main_dig5_20260920-071728.jpg,,
sample_full,20260920-071728_dig6,20260920-071728,6,C:\Users\josep\source\repos\AIOTED-digital-rawdigits\20260920\07\7_main_dig6_20260920-071728.jpg,7,day,77.9,filename reading 59147; file 07/7_main_dig6_20260920-071728.jpg,,
sample_full,20260920-072128_dig2,20260920-072128,2,C:\Users\josep\source\repos\AIOTED-digital-rawdigits\20260920\07\0_main_dig2_20260920-072128.jpg,0,day,97.7,filename reading 00000; file 07/0_main_dig2_20260920-072128.jpg,,
sample_full,20260920-072128_dig3,20260920-072128,3,C:\Users\josep\source\repos\AIOTED-digital-rawdigits\20260920\07\0_main_dig3_20260920-072128.jpg,0,day,95.8,filename reading 00000; file 07/0_main_dig3_20260920-072128.jpg,,
sample_full,20260920-072128_dig4,20260920-072128,4,C:\Users\josep\source\repos\AIOTED-digital-rawdigits\20260920\07\0_main_dig4_20260920-072128.jpg,0,day,92.4,filename reading 00000; file 07/0_main_dig4_20260920-072128.jpg,,
sample_full,20260920-072128_dig5,20260920-072128,5,C:\Users\josep\source\repos\AIOTED-digital-rawdigits\20260920\07\0_main_dig5_20260920-072128.jpg,0,day,81.2,filename reading 00000; file 07/0_main_dig5_20260920-072128.jpg,,
sample_full,20260920-072128_dig6,20260920-072128,6,C:\Users\josep\source\repos\AIOTED-digital-rawdigits\20260920\07\0_main_dig6_20260920-072128.jpg,0,day,78.2,filename reading 00000; file 07/0_main_dig6_20260920-072128.jpg,,
sample_full,20260920-072528_dig2,20260920-072528,2,C:\Users\josep\source\repos\AIOTED-digital-rawdigits\20260920\07\8_main_dig2_20260920-072528.jpg,8,day,98.0,filename reading 88808; file 07/8_main_dig2_20260920-072528.jpg,,
sample_full,20260920-072528_dig3,20260920-072528,3,C:\Users\josep\source\repos\AIOTED-digital-rawdigits\20260920\07\8_main_dig3_20260920-072528.jpg,8,day,96.0,filename reading 88808; file 07/8_main_dig3_20260920-072528.jpg,,
sample_full,20260920-072528_dig4,20260920-072528,4,C:\Users\josep\source\repos\AIOTED-digital-rawdigits\20260920\07\8_main_dig4_20260920-072528.jpg,8,day,92.5,filename reading 88808; file 07/8_main_dig4_20260920-072528.jpg,,
sample_full,20260920-072528_dig5,20260920-072528,5,C:\Users\josep\source\repos\AIOTED-digital-rawdigits\20260920\07\0_main_dig5_20260920-072528.jpg,0,day,82.3,filename reading 88808; file 07/0_main_dig5_20260920-072528.jpg,,
sample_full,20260920-072528_dig6,20260920-072528,6,C:\Users\josep\source\repos\AIOTED-digital-rawdigits\20260920\07\8_main_dig6_20260920-072528.jpg,8,day,80.7,filename reading 88808; file 07/8_main_dig6_20260920-072528.jpg,,
sample_full,20260920-072928_dig2,20260920-072928,2,C:\Users\josep\source\repos\AIOTED-digital-rawdigits\20260920\07\5_main_dig2_20260920-072928.jpg,5,day,100.8,filename reading 59148; file 07/5_main_dig2_20260920-072928.jpg,,
sample_full,20260920-072928_dig3,20260920-072928,3,C:\Users\josep\source\repos\AIOTED-digital-rawdigits\20260920\07\9_main_dig3_20260920-072928.jpg,9,day,98.7,filename reading 59148; file 07/9_main_dig3_20260920-072928.jpg,,
sample_full,20260920-072928_dig4,20260920-072928,4,C:\Users\josep\source\repos\AIOTED-digital-rawdigits\20260920\07\1_main_dig4_20260920-072928.jpg,1,day,97.4,filename reading 59148; file 07/1_main_dig4_20260920-072928.jpg,,
sample_full,20260920-072928_dig5,20260920-072928,5,C:\Users\josep\source\repos\AIOTED-digital-rawdigits\20260920\07\4_main_dig5_20260920-072928.jpg,4,day,84.3,filename reading 59148; file 07/4_main_dig5_20260920-072928.jpg,,
sample_full,20260920-072928_dig6,20260920-072928,6,C:\Users\josep\source\repos\AIOTED-digital-rawdigits\20260920\07\8_main_dig6_20260920-072928.jpg,8,day,81.0,filename reading 59148; file 07/8_main_dig6_20260920-072928.jpg,,
sample_full,20260920-073328_dig2,20260920-073328,2,C:\Users\josep\source\repos\AIOTED-digital-rawdigits\20260920\07\10_main_dig2_20260920-073328.jpg,N,day,105.8,filename reading NNN08; file 07/10_main_dig2_20260920-073328.jpg,,
sample_full,20260920-073328_dig3,20260920-073328,3,C:\Users\josep\source\repos\AIOTED-digital-rawdigits\20260920\07\10_main_dig3_20260920-073328.jpg,N,day,102.6,filename reading NNN08; file 07/10_main_dig3_20260920-073328.jpg,,
sample_full,20260920-073328_dig4,20260920-073328,4,C:\Users\josep\source\repos\AIOTED-digital-rawdigits\20260920\07\10_main_dig4_20260920-073328.jpg,N,day,101.4,filename reading NNN08; file 07/10_main_dig4_20260920-073328.jpg,drift,
sample_full,20260920-073328_dig5,20260920-073328,5,C:\Users\josep\source\repos\AIOTED-digital-rawdigits\20260920\07\0_main_dig5_20260920-073328.jpg,0,day,85.3,filename reading NNN08; file 07/0_main_dig5_20260920-073328.jpg,,
sample_full,20260920-073328_dig6,20260920-073328,6,C:\Users\josep\source\repos\AIOTED-digital-rawdigits\20260920\07\8_main_dig6_20260920-073328.jpg,8,day,85.1,filename reading NNN08; file 07/8_main_dig6_20260920-073328.jpg,,
sample_full,20260920-073728_dig2,20260920-073728,2,C:\Users\josep\source\repos\AIOTED-digital-rawdigits\20260920\07\5_main_dig2_20260920-073728.jpg,5,day,102.9,filename reading 59198; file 07/5_main_dig2_20260920-073728.jpg,,
sample_full,20260920-073728_dig3,20260920-073728,3,C:\Users\josep\source\repos\AIOTED-digital-rawdigits\20260920\07\9_main_dig3_20260920-073728.jpg,9,day,100.6,filename reading 59198; file 07/9_main_dig3_20260920-073728.jpg,,
sample_full,20260920-073728_dig4,20260920-073728,4,C:\Users\josep\source\repos\AIOTED-digital-rawdigits\20260920\07\1_main_dig4_20260920-073728.jpg,1,day,100.0,filename reading 59198; file 07/1_main_dig4_20260920-073728.jpg,,
sample_full,20260920-073728_dig5,20260920-073728,5,C:\Users\josep\source\repos\AIOTED-digital-rawdigits\20260920\07\9_main_dig5_20260920-073728.jpg,9,day,88.3,filename reading 59198; file 07/9_main_dig5_20260920-073728.jpg,,
sample_full,20260920-073728_dig6,20260920-073728,6,C:\Users\josep\source\repos\AIOTED-digital-rawdigits\20260920\07\8_main_dig6_20260920-073728.jpg,8,day,87.3,filename reading 59198; file 07/8_main_dig6_20260920-073728.jpg,,
sample_full,20260920-074128_dig2,20260920-074128,2,C:\Users\josep\source\repos\AIOTED-digital-rawdigits\20260920\07\0_main_dig2_20260920-074128.jpg,0,day,101.4,filename reading 00000; file 07/0_main_dig2_20260920-074128.jpg,,
sample_full,20260920-074128_dig3,20260920-074128,3,C:\Users\josep\source\repos\AIOTED-digital-rawdigits\20260920\07\0_main_dig3_20260920-074128.jpg,0,day,99.0,filename reading 00000; file 07/0_main_dig3_20260920-074128.jpg,,
sample_full,20260920-074128_dig4,20260920-074128,4,C:\Users\josep\source\repos\AIOTED-digital-rawdigits\20260920\07\0_main_dig4_20260920-074128.jpg,0,day,96.8,filename reading 00000; file 07/0_main_dig4_20260920-074128.jpg,,
sample_full,20260920-074128_dig5,20260920-074128,5,C:\Users\josep\source\repos\AIOTED-digital-rawdigits\20260920\07\0_main_dig5_20260920-074128.jpg,0,day,88.7,filename reading 00000; file 07/0_main_dig5_20260920-074128.jpg,,
sample_full,20260920-074128_dig6,20260920-074128,6,C:\Users\josep\source\repos\AIOTED-digital-rawdigits\20260920\07\0_main_dig6_20260920-074128.jpg,0,day,90.6,filename reading 00000; file 07/0_main_dig6_20260920-074128.jpg,,
sample_full,20260920-074528_dig2,20260920-074528,2,C:\Users\josep\source\repos\AIOTED-digital-rawdigits\20260920\07\8_main_dig2_20260920-074528.jpg,8,day,101.9,filename reading 88888; file 07/8_main_dig2_20260920-074528.jpg,,
sample_full,20260920-074528_dig3,20260920-074528,3,C:\Users\josep\source\repos\AIOTED-digital-rawdigits\20260920\07\8_main_dig3_20260920-074528.jpg,8,day,99.3,filename reading 88888; file 07/8_main_dig3_20260920-074528.jpg,,
sample_full,20260920-074528_dig4,20260920-074528,4,C:\Users\josep\source\repos\AIOTED-digital-rawdigits\20260920\07\8_main_dig4_20260920-074528.jpg,8,day,97.0,filename reading 88888; file 07/8_main_dig4_20260920-074528.jpg,,
sample_full,20260920-074528_dig5,20260920-074528,5,C:\Users\josep\source\repos\AIOTED-digital-rawdigits\20260920\07\8_main_dig5_20260920-074528.jpg,8,day,89.5,filename reading 88888; file 07/8_main_dig5_20260920-074528.jpg,,
sample_full,20260920-074528_dig6,20260920-074528,6,C:\Users\josep\source\repos\AIOTED-digital-rawdigits\20260920\07\8_main_dig6_20260920-074528.jpg,8,day,92.2,filename reading 88888; file 07/8_main_dig6_20260920-074528.jpg,,
sample_full,20260920-074928_dig2,20260920-074928,2,C:\Users\josep\source\repos\AIOTED-digital-rawdigits\20260920\07\5_main_dig2_20260920-074928.jpg,5,day,105.2,filename reading 59198; file 07/5_main_dig2_20260920-074928.jpg,,
sample_full,20260920-074928_dig3,20260920-074928,3,C:\Users\josep\source\repos\AIOTED-digital-rawdigits\20260920\07\9_main_dig3_20260920-074928.jpg,9,day,102.7,filename reading 59198; file 07/9_main_dig3_20260920-074928.jpg,,
sample_full,20260920-074928_dig4,20260920-074928,4,C:\Users\josep\source\repos\AIOTED-digital-rawdigits\20260920\07\1_main_dig4_20260920-074928.jpg,1,day,102.7,filename reading 59198; file 07/1_main_dig4_20260920-074928.jpg,,
sample_full,20260920-074928_dig5,20260920-074928,5,C:\Users\josep\source\repos\AIOTED-digital-rawdigits\20260920\07\9_main_dig5_20260920-074928.jpg,9,day,92.8,filename reading 59198; file 07/9_main_dig5_20260920-074928.jpg,,
sample_full,20260920-074928_dig6,20260920-074928,6,C:\Users\josep\source\repos\AIOTED-digital-rawdigits\20260920\07\8_main_dig6_20260920-074928.jpg,8,day,94.3,filename reading 59198; file 07/8_main_dig6_20260920-074928.jpg,,
sample_full,20260920-075328_dig2,20260920-075328,2,C:\Users\josep\source\repos\AIOTED-digital-rawdigits\20260920\07\10_main_dig2_20260920-075328.jpg,N,day,111.3,filename reading NNN08; file 07/10_main_dig2_20260920-075328.jpg,,
sample_full,20260920-075328_dig3,20260920-075328,3,C:\Users\josep\source\repos\AIOTED-digital-rawdigits\20260920\07\10_main_dig3_20260920-075328.jpg,N,day,107.5,filename reading NNN08; file 07/10_main_dig3_20260920-075328.jpg,,
sample_full,20260920-075328_dig4,20260920-075328,4,C:\Users\josep\source\repos\AIOTED-digital-rawdigits\20260920\07\10_main_dig4_20260920-075328.jpg,N,day,107.4,filename reading NNN08; file 07/10_main_dig4_20260920-075328.jpg,,
sample_full,20260920-075328_dig5,20260920-075328,5,C:\Users\josep\source\repos\AIOTED-digital-rawdigits\20260920\07\0_main_dig5_20260920-075328.jpg,0,day,95.0,filename reading NNN08; file 07/0_main_dig5_20260920-075328.jpg,,
sample_full,20260920-075328_dig6,20260920-075328,6,C:\Users\josep\source\repos\AIOTED-digital-rawdigits\20260920\07\8_main_dig6_20260920-075328.jpg,8,day,100.2,filename reading NNN08; file 07/8_main_dig6_20260920-075328.jpg,,
sample_full,20260920-075728_dig2,20260920-075728,2,C:\Users\josep\source\repos\AIOTED-digital-rawdigits\20260920\07\5_main_dig2_20260920-075728.jpg,5,day,108.8,filename reading 59198; file 07/5_main_dig2_20260920-075728.jpg,,
sample_full,20260920-075728_dig3,20260920-075728,3,C:\Users\josep\source\repos\AIOTED-digital-rawdigits\20260920\07\9_main_dig3_20260920-075728.jpg,9,day,106.0,filename reading 59198; file 07/9_main_dig3_20260920-075728.jpg,,
sample_full,20260920-075728_dig4,20260920-075728,4,C:\Users\josep\source\repos\AIOTED-digital-rawdigits\20260920\07\1_main_dig4_20260920-075728.jpg,1,day,107.2,filename reading 59198; file 07/1_main_dig4_20260920-075728.jpg,drift,
sample_full,20260920-075728_dig5,20260920-075728,5,C:\Users\josep\source\repos\AIOTED-digital-rawdigits\20260920\07\9_main_dig5_20260920-075728.jpg,9,day,99.6,filename reading 59198; file 07/9_main_dig5_20260920-075728.jpg,,
sample_full,20260920-075728_dig6,20260920-075728,6,C:\Users\josep\source\repos\AIOTED-digital-rawdigits\20260920\07\8_main_dig6_20260920-075728.jpg,8,day,104.5,filename reading 59198; file 07/8_main_dig6_20260920-075728.jpg,drift,
sample_full,20260920-080128_dig2,20260920-080128,2,C:\Users\josep\source\repos\AIOTED-digital-rawdigits\20260920\08\0_main_dig2_20260920-080128.jpg,0,day,107.1,filename reading 00000; file 08/0_main_dig2_20260920-080128.jpg,,
sample_full,20260920-080128_dig3,20260920-080128,3,C:\Users\josep\source\repos\AIOTED-digital-rawdigits\20260920\08\0_main_dig3_20260920-080128.jpg,0,day,104.1,filename reading 00000; file 08/0_main_dig3_20260920-080128.jpg,,
sample_full,20260920-080128_dig4,20260920-080128,4,C:\Users\josep\source\repos\AIOTED-digital-rawdigits\20260920\08\0_main_dig4_20260920-080128.jpg,0,day,103.5,filename reading 00000; file 08/0_main_dig4_20260920-080128.jpg,,
sample_full,20260920-080128_dig5,20260920-080128,5,C:\Users\josep\source\repos\AIOTED-digital-rawdigits\20260920\08\0_main_dig5_20260920-080128.jpg,0,day,99.6,filename reading 00000; file 08/0_main_dig5_20260920-080128.jpg,,
sample_full,20260920-080128_dig6,20260920-080128,6,C:\Users\josep\source\repos\AIOTED-digital-rawdigits\20260920\08\0_main_dig6_20260920-080128.jpg,0,day,107.6,filename reading 00000; file 08/0_main_dig6_20260920-080128.jpg,,
sample_full,20260920-080528_dig2,20260920-080528,2,C:\Users\josep\source\repos\AIOTED-digital-rawdigits\20260920\08\8_main_dig2_20260920-080528.jpg,8,day,106.7,filename reading 88888; file 08/8_main_dig2_20260920-080528.jpg,,
sample_full,20260920-080528_dig3,20260920-080528,3,C:\Users\josep\source\repos\AIOTED-digital-rawdigits\20260920\08\8_main_dig3_20260920-080528.jpg,8,day,103.8,filename reading 88888; file 08/8_main_dig3_20260920-080528.jpg,,
sample_full,20260920-080528_dig4,20260920-080528,4,C:\Users\josep\source\repos\AIOTED-digital-rawdigits\20260920\08\8_main_dig4_20260920-080528.jpg,8,day,103.2,filename reading 88888; file 08/8_main_dig4_20260920-080528.jpg,,
sample_full,20260920-080528_dig5,20260920-080528,5,C:\Users\josep\source\repos\AIOTED-digital-rawdigits\20260920\08\8_main_dig5_20260920-080528.jpg,8,day,99.3,filename reading 88888; file 08/8_main_dig5_20260920-080528.jpg,,
sample_full,20260920-080528_dig6,20260920-080528,6,C:\Users\josep\source\repos\AIOTED-digital-rawdigits\20260920\08\8_main_dig6_20260920-080528.jpg,8,day,107.4,filename reading 88888; file 08/8_main_dig6_20260920-080528.jpg,,
sample_full,20260920-080928_dig2,20260920-080928,2,C:\Users\josep\source\repos\AIOTED-digital-rawdigits\20260920\08\5_main_dig2_20260920-080928.jpg,5,day,112.3,filename reading 59198; file 08/5_main_dig2_20260920-080928.jpg,,
sample_full,20260920-080928_dig3,20260920-080928,3,C:\Users\josep\source\repos\AIOTED-digital-rawdigits\20260920\08\9_main_dig3_20260920-080928.jpg,9,day,109.3,filename reading 59198; file 08/9_main_dig3_20260920-080928.jpg,,
sample_full,20260920-080928_dig4,20260920-080928,4,C:\Users\josep\source\repos\AIOTED-digital-rawdigits\20260920\08\1_main_dig4_20260920-080928.jpg,1,day,111.5,filename reading 59198; file 08/1_main_dig4_20260920-080928.jpg,,
sample_full,20260920-080928_dig5,20260920-080928,5,C:\Users\josep\source\repos\AIOTED-digital-rawdigits\20260920\08\9_main_dig5_20260920-080928.jpg,9,day,105.6,filename reading 59198; file 08/9_main_dig5_20260920-080928.jpg,,
sample_full,20260920-080928_dig6,20260920-080928,6,C:\Users\josep\source\repos\AIOTED-digital-rawdigits\20260920\08\8_main_dig6_20260920-080928.jpg,8,day,113.3,filename reading 59198; file 08/8_main_dig6_20260920-080928.jpg,,
sample_full,20260920-081328_dig2,20260920-081328,2,C:\Users\josep\source\repos\AIOTED-digital-rawdigits\20260920\08\10_main_dig2_20260920-081328.jpg,N,day,119.6,filename reading NNN08; file 08/10_main_dig2_20260920-081328.jpg,,
sample_full,20260920-081328_dig3,20260920-081328,3,C:\Users\josep\source\repos\AIOTED-digital-rawdigits\20260920\08\10_main_dig3_20260920-081328.jpg,N,day,115.5,filename reading NNN08; file 08/10_main_dig3_20260920-081328.jpg,,
sample_full,20260920-081328_dig4,20260920-081328,4,C:\Users\josep\source\repos\AIOTED-digital-rawdigits\20260920\08\10_main_dig4_20260920-081328.jpg,N,day,117.5,filename reading NNN08; file 08/10_main_dig4_20260920-081328.jpg,,
sample_full,20260920-081328_dig5,20260920-081328,5,C:\Users\josep\source\repos\AIOTED-digital-rawdigits\20260920\08\0_main_dig5_20260920-081328.jpg,0,day,109.4,filename reading NNN08; file 08/0_main_dig5_20260920-081328.jpg,,
sample_full,20260920-081328_dig6,20260920-081328,6,C:\Users\josep\source\repos\AIOTED-digital-rawdigits\20260920\08\8_main_dig6_20260920-081328.jpg,8,day,122.6,filename reading NNN08; file 08/8_main_dig6_20260920-081328.jpg,,
sample_full,20260920-081728_dig2,20260920-081728,2,C:\Users\josep\source\repos\AIOTED-digital-rawdigits\20260920\08\5_main_dig2_20260920-081728.jpg,5,day,109.3,filename reading 59198; file 08/5_main_dig2_20260920-081728.jpg,,
sample_full,20260920-081728_dig3,20260920-081728,3,C:\Users\josep\source\repos\AIOTED-digital-rawdigits\20260920\08\9_main_dig3_20260920-081728.jpg,9,day,106.3,filename reading 59198; file 08/9_main_dig3_20260920-081728.jpg,,
sample_full,20260920-081728_dig4,20260920-081728,4,C:\Users\josep\source\repos\AIOTED-digital-rawdigits\20260920\08\1_main_dig4_20260920-081728.jpg,1,day,108.0,filename reading 59198; file 08/1_main_dig4_20260920-081728.jpg,,
sample_full,20260920-081728_dig5,20260920-081728,5,C:\Users\josep\source\repos\AIOTED-digital-rawdigits\20260920\08\9_main_dig5_20260920-081728.jpg,9,day,101.2,filename reading 59198; file 08/9_main_dig5_20260920-081728.jpg,,
sample_full,20260920-081728_dig6,20260920-081728,6,C:\Users\josep\source\repos\AIOTED-digital-rawdigits\20260920\08\8_main_dig6_20260920-081728.jpg,8,day,107.8,filename reading 59198; file 08/8_main_dig6_20260920-081728.jpg,,
sample_full,20260920-082128_dig2,20260920-082128,2,C:\Users\josep\source\repos\AIOTED-digital-rawdigits\20260920\08\0_main_dig2_20260920-082128.jpg,0,day,105.7,filename reading 00000; file 08/0_main_dig2_20260920-082128.jpg,,
sample_full,20260920-082128_dig3,20260920-082128,3,C:\Users\josep\source\repos\AIOTED-digital-rawdigits\20260920\08\0_main_dig3_20260920-082128.jpg,0,day,102.7,filename reading 00000; file 08/0_main_dig3_20260920-082128.jpg,drift,
sample_full,20260920-082128_dig4,20260920-082128,4,C:\Users\josep\source\repos\AIOTED-digital-rawdigits\20260920\08\0_main_dig4_20260920-082128.jpg,0,day,101.7,filename reading 00000; file 08/0_main_dig4_20260920-082128.jpg,,
sample_full,20260920-082128_dig5,20260920-082128,5,C:\Users\josep\source\repos\AIOTED-digital-rawdigits\20260920\08\0_main_dig5_20260920-082128.jpg,0,day,97.1,filename reading 00000; file 08/0_main_dig5_20260920-082128.jpg,,
sample_full,20260920-082128_dig6,20260920-082128,6,C:\Users\josep\source\repos\AIOTED-digital-rawdigits\20260920\08\0_main_dig6_20260920-082128.jpg,0,day,104.5,filename reading 00000; file 08/0_main_dig6_20260920-082128.jpg,,
sample_full,20260920-082528_dig2,20260920-082528,2,C:\Users\josep\source\repos\AIOTED-digital-rawdigits\20260920\08\8_main_dig2_20260920-082528.jpg,8,day,109.6,filename reading 88888; file 08/8_main_dig2_20260920-082528.jpg,,
sample_full,20260920-082528_dig3,20260920-082528,3,C:\Users\josep\source\repos\AIOTED-digital-rawdigits\20260920\08\8_main_dig3_20260920-082528.jpg,8,day,106.6,filename reading 88888; file 08/8_main_dig3_20260920-082528.jpg,,
sample_full,20260920-082528_dig4,20260920-082528,4,C:\Users\josep\source\repos\AIOTED-digital-rawdigits\20260920\08\8_main_dig4_20260920-082528.jpg,8,day,106.8,filename reading 88888; file 08/8_main_dig4_20260920-082528.jpg,,
sample_full,20260920-082528_dig5,20260920-082528,5,C:\Users\josep\source\repos\AIOTED-digital-rawdigits\20260920\08\8_main_dig5_20260920-082528.jpg,8,day,104.9,filename reading 88888; file 08/8_main_dig5_20260920-082528.jpg,,
sample_full,20260920-082528_dig6,20260920-082528,6,C:\Users\josep\source\repos\AIOTED-digital-rawdigits\20260920\08\8_main_dig6_20260920-082528.jpg,8,day,116.2,filename reading 88888; file 08/8_main_dig6_20260920-082528.jpg,,
sample_full,20260920-082928_dig2,20260920-082928,2,C:\Users\josep\source\repos\AIOTED-digital-rawdigits\20260920\08\5_main_dig2_20260920-082928.jpg,5,day,109.7,filename reading 59198; file 08/5_main_dig2_20260920-082928.jpg,,
sample_full,20260920-082928_dig3,20260920-082928,3,C:\Users\josep\source\repos\AIOTED-digital-rawdigits\20260920\08\9_main_dig3_20260920-082928.jpg,9,day,106.7,filename reading 59198; file 08/9_main_dig3_20260920-082928.jpg,drift,
sample_full,20260920-082928_dig4,20260920-082928,4,C:\Users\josep\source\repos\AIOTED-digital-rawdigits\20260920\08\1_main_dig4_20260920-082928.jpg,1,day,108.2,filename reading 59198; file 08/1_main_dig4_20260920-082928.jpg,,
sample_full,20260920-082928_dig5,20260920-082928,5,C:\Users\josep\source\repos\AIOTED-digital-rawdigits\20260920\08\9_main_dig5_20260920-082928.jpg,9,day,102.2,filename reading 59198; file 08/9_main_dig5_20260920-082928.jpg,,
sample_full,20260920-082928_dig6,20260920-082928,6,C:\Users\josep\source\repos\AIOTED-digital-rawdigits\20260920\08\8_main_dig6_20260920-082928.jpg,8,day,109.9,filename reading 59198; file 08/8_main_dig6_20260920-082928.jpg,,
sample_full,20260920-083328_dig2,20260920-083328,2,C:\Users\josep\source\repos\AIOTED-digital-rawdigits\20260920\08\10_main_dig2_20260920-083328.jpg,N,day,115.1,filename reading NNN08; file 08/10_main_dig2_20260920-083328.jpg,,
sample_full,20260920-083328_dig3,20260920-083328,3,C:\Users\josep\source\repos\AIOTED-digital-rawdigits\20260920\08\10_main_dig3_20260920-083328.jpg,N,day,110.9,filename reading NNN08; file 08/10_main_dig3_20260920-083328.jpg,,
sample_full,20260920-083328_dig4,20260920-083328,4,C:\Users\josep\source\repos\AIOTED-digital-rawdigits\20260920\08\10_main_dig4_20260920-083328.jpg,N,day,111.8,filename reading NNN08; file 08/10_main_dig4_20260920-083328.jpg,,
sample_full,20260920-083328_dig5,20260920-083328,5,C:\Users\josep\source\repos\AIOTED-digital-rawdigits\20260920\08\0_main_dig5_20260920-083328.jpg,0,day,101.4,filename reading NNN08; file 08/0_main_dig5_20260920-083328.jpg,,
sample_full,20260920-083328_dig6,20260920-083328,6,C:\Users\josep\source\repos\AIOTED-digital-rawdigits\20260920\08\8_main_dig6_20260920-083328.jpg,8,day,111.0,filename reading NNN08; file 08/8_main_dig6_20260920-083328.jpg,,
sample_full,20260920-083728_dig2,20260920-083728,2,C:\Users\josep\source\repos\AIOTED-digital-rawdigits\20260920\08\5_main_dig2_20260920-083728.jpg,5,day,109.4,filename reading 59198; file 08/5_main_dig2_20260920-083728.jpg,,
sample_full,20260920-083728_dig3,20260920-083728,3,C:\Users\josep\source\repos\AIOTED-digital-rawdigits\20260920\08\9_main_dig3_20260920-083728.jpg,9,day,106.4,filename reading 59198; file 08/9_main_dig3_20260920-083728.jpg,,
sample_full,20260920-083728_dig4,20260920-083728,4,C:\Users\josep\source\repos\AIOTED-digital-rawdigits\20260920\08\1_main_dig4_20260920-083728.jpg,1,day,107.8,filename reading 59198; file 08/1_main_dig4_20260920-083728.jpg,,
sample_full,20260920-083728_dig5,20260920-083728,5,C:\Users\josep\source\repos\AIOTED-digital-rawdigits\20260920\08\9_main_dig5_20260920-083728.jpg,9,day,101.8,filename reading 59198; file 08/9_main_dig5_20260920-083728.jpg,,
sample_full,20260920-083728_dig6,20260920-083728,6,C:\Users\josep\source\repos\AIOTED-digital-rawdigits\20260920\08\8_main_dig6_20260920-083728.jpg,8,day,109.5,filename reading 59198; file 08/8_main_dig6_20260920-083728.jpg,,
sample_full,20260920-084128_dig2,20260920-084128,2,C:\Users\josep\source\repos\AIOTED-digital-rawdigits\20260920\08\0_main_dig2_20260920-084128.jpg,0,day,108.2,filename reading 00000; file 08/0_main_dig2_20260920-084128.jpg,,
sample_full,20260920-084128_dig3,20260920-084128,3,C:\Users\josep\source\repos\AIOTED-digital-rawdigits\20260920\08\0_main_dig3_20260920-084128.jpg,0,day,105.2,filename reading 00000; file 08/0_main_dig3_20260920-084128.jpg,,
sample_full,20260920-084128_dig4,20260920-084128,4,C:\Users\josep\source\repos\AIOTED-digital-rawdigits\20260920\08\0_main_dig4_20260920-084128.jpg,0,day,105.0,filename reading 00000; file 08/0_main_dig4_20260920-084128.jpg,drift,
sample_full,20260920-084128_dig5,20260920-084128,5,C:\Users\josep\source\repos\AIOTED-digital-rawdigits\20260920\08\0_main_dig5_20260920-084128.jpg,0,day,102.1,filename reading 00000; file 08/0_main_dig5_20260920-084128.jpg,,
sample_full,20260920-084128_dig6,20260920-084128,6,C:\Users\josep\source\repos\AIOTED-digital-rawdigits\20260920\08\0_main_dig6_20260920-084128.jpg,0,day,112.1,filename reading 00000; file 08/0_main_dig6_20260920-084128.jpg,,
sample_full,20260920-084528_dig2,20260920-084528,2,C:\Users\josep\source\repos\AIOTED-digital-rawdigits\20260920\08\8_main_dig2_20260920-084528.jpg,8,day,108.9,filename reading 88888; file 08/8_main_dig2_20260920-084528.jpg,,
sample_full,20260920-084528_dig3,20260920-084528,3,C:\Users\josep\source\repos\AIOTED-digital-rawdigits\20260920\08\8_main_dig3_20260920-084528.jpg,8,day,105.7,filename reading 88888; file 08/8_main_dig3_20260920-084528.jpg,,
sample_full,20260920-084528_dig4,20260920-084528,4,C:\Users\josep\source\repos\AIOTED-digital-rawdigits\20260920\08\8_main_dig4_20260920-084528.jpg,8,day,105.3,filename reading 88888; file 08/8_main_dig4_20260920-084528.jpg,,
sample_full,20260920-084528_dig5,20260920-084528,5,C:\Users\josep\source\repos\AIOTED-digital-rawdigits\20260920\08\8_main_dig5_20260920-084528.jpg,8,day,102.4,filename reading 88888; file 08/8_main_dig5_20260920-084528.jpg,,
sample_full,20260920-084528_dig6,20260920-084528,6,C:\Users\josep\source\repos\AIOTED-digital-rawdigits\20260920\08\8_main_dig6_20260920-084528.jpg,8,day,112.2,filename reading 88888; file 08/8_main_dig6_20260920-084528.jpg,,
sample_full,20260920-084928_dig2,20260920-084928,2,C:\Users\josep\source\repos\AIOTED-digital-rawdigits\20260920\08\5_main_dig2_20260920-084928.jpg,5,day,113.4,filename reading 59198; file 08/5_main_dig2_20260920-084928.jpg,,
sample_full,20260920-084928_dig3,20260920-084928,3,C:\Users\josep\source\repos\AIOTED-digital-rawdigits\20260920\08\9_main_dig3_20260920-084928.jpg,9,day,109.9,filename reading 59198; file 08/9_main_dig3_20260920-084928.jpg,,
sample_full,20260920-084928_dig4,20260920-084928,4,C:\Users\josep\source\repos\AIOTED-digital-rawdigits\20260920\08\1_main_dig4_20260920-084928.jpg,1,day,112.3,filename reading 59198; file 08/1_main_dig4_20260920-084928.jpg,,
sample_full,20260920-084928_dig5,20260920-084928,5,C:\Users\josep\source\repos\AIOTED-digital-rawdigits\20260920\08\9_main_dig5_20260920-084928.jpg,9,day,108.2,filename reading 59198; file 08/9_main_dig5_20260920-084928.jpg,,
sample_full,20260920-084928_dig6,20260920-084928,6,C:\Users\josep\source\repos\AIOTED-digital-rawdigits\20260920\08\8_main_dig6_20260920-084928.jpg,8,day,119.0,filename reading 59198; file 08/8_main_dig6_20260920-084928.jpg,,
sample_full,20260920-085328_dig2,20260920-085328,2,C:\Users\josep\source\repos\AIOTED-digital-rawdigits\20260920\08\10_main_dig2_20260920-085328.jpg,N,day,122.8,filename reading NNN08; file 08/10_main_dig2_20260920-085328.jpg,,
sample_full,20260920-085328_dig3,20260920-085328,3,C:\Users\josep\source\repos\AIOTED-digital-rawdigits\20260920\08\10_main_dig3_20260920-085328.jpg,N,day,118.2,filename reading NNN08; file 08/10_main_dig3_20260920-085328.jpg,,
sample_full,20260920-085328_dig4,20260920-085328,4,C:\Users\josep\source\repos\AIOTED-digital-rawdigits\20260920\08\10_main_dig4_20260920-085328.jpg,N,day,121.0,filename reading NNN08; file 08/10_main_dig4_20260920-085328.jpg,,
sample_full,20260920-085328_dig5,20260920-085328,5,C:\Users\josep\source\repos\AIOTED-digital-rawdigits\20260920\08\0_main_dig5_20260920-085328.jpg,0,day,114.9,filename reading NNN08; file 08/0_main_dig5_20260920-085328.jpg,,
sample_full,20260920-085328_dig6,20260920-085328,6,C:\Users\josep\source\repos\AIOTED-digital-rawdigits\20260920\08\8_main_dig6_20260920-085328.jpg,8,day,131.3,filename reading NNN08; file 08/8_main_dig6_20260920-085328.jpg,,
sample_full,20260920-085728_dig2,20260920-085728,2,C:\Users\josep\source\repos\AIOTED-digital-rawdigits\20260920\08\5_main_dig2_20260920-085728.jpg,5,day,119.3,filename reading 59198; file 08/5_main_dig2_20260920-085728.jpg,,
sample_full,20260920-085728_dig3,20260920-085728,3,C:\Users\josep\source\repos\AIOTED-digital-rawdigits\20260920\08\9_main_dig3_20260920-085728.jpg,9,day,115.5,filename reading 59198; file 08/9_main_dig3_20260920-085728.jpg,,
sample_full,20260920-085728_dig4,20260920-085728,4,C:\Users\josep\source\repos\AIOTED-digital-rawdigits\20260920\08\1_main_dig4_20260920-085728.jpg,1,day,119.6,filename reading 59198; file 08/1_main_dig4_20260920-085728.jpg,,
sample_full,20260920-085728_dig5,20260920-085728,5,C:\Users\josep\source\repos\AIOTED-digital-rawdigits\20260920\08\9_main_dig5_20260920-085728.jpg,9,day,118.8,filename reading 59198; file 08/9_main_dig5_20260920-085728.jpg,,
sample_full,20260920-085728_dig6,20260920-085728,6,C:\Users\josep\source\repos\AIOTED-digital-rawdigits\20260920\08\8_main_dig6_20260920-085728.jpg,8,day,133.7,filename reading 59198; file 08/8_main_dig6_20260920-085728.jpg,,
sample_full,20260920-090128_dig2,20260920-090128,2,C:\Users\josep\source\repos\AIOTED-digital-rawdigits\20260920\09\0_main_dig2_20260920-090128.jpg,0,day,129.9,filename reading 00000; file 09/0_main_dig2_20260920-090128.jpg,,
sample_full,20260920-090128_dig3,20260920-090128,3,C:\Users\josep\source\repos\AIOTED-digital-rawdigits\20260920\09\0_main_dig3_20260920-090128.jpg,0,day,125.6,filename reading 00000; file 09/0_main_dig3_20260920-090128.jpg,,
sample_full,20260920-090128_dig4,20260920-090128,4,C:\Users\josep\source\repos\AIOTED-digital-rawdigits\20260920\09\0_main_dig4_20260920-090128.jpg,0,day,131.2,filename reading 00000; file 09/0_main_dig4_20260920-090128.jpg,drift,
sample_full,20260920-090128_dig5,20260920-090128,5,C:\Users\josep\source\repos\AIOTED-digital-rawdigits\20260920\09\0_main_dig5_20260920-090128.jpg,0,day,139.4,filename reading 00000; file 09/0_main_dig5_20260920-090128.jpg,,
sample_full,20260920-090128_dig6,20260920-090128,6,C:\Users\josep\source\repos\AIOTED-digital-rawdigits\20260920\09\0_main_dig6_20260920-090128.jpg,0,day,164.4,filename reading 00000; file 09/0_main_dig6_20260920-090128.jpg,,
sample_full,20260920-090528_dig2,20260920-090528,2,C:\Users\josep\source\repos\AIOTED-digital-rawdigits\20260920\09\8_main_dig2_20260920-090528.jpg,8,day,126.8,filename reading 88888; file 09/8_main_dig2_20260920-090528.jpg,,
sample_full,20260920-090528_dig3,20260920-090528,3,C:\Users\josep\source\repos\AIOTED-digital-rawdigits\20260920\09\8_main_dig3_20260920-090528.jpg,8,day,122.3,filename reading 88888; file 09/8_main_dig3_20260920-090528.jpg,,
sample_full,20260920-090528_dig4,20260920-090528,4,C:\Users\josep\source\repos\AIOTED-digital-rawdigits\20260920\09\8_main_dig4_20260920-090528.jpg,8,day,126.8,filename reading 88888; file 09/8_main_dig4_20260920-090528.jpg,,
sample_full,20260920-090528_dig5,20260920-090528,5,C:\Users\josep\source\repos\AIOTED-digital-rawdigits\20260920\09\8_main_dig5_20260920-090528.jpg,8,day,133.3,filename reading 88888; file 09/8_main_dig5_20260920-090528.jpg,,
sample_full,20260920-090528_dig6,20260920-090528,6,C:\Users\josep\source\repos\AIOTED-digital-rawdigits\20260920\09\8_main_dig6_20260920-090528.jpg,8,day,156.3,filename reading 88888; file 09/8_main_dig6_20260920-090528.jpg,,
sample_full,20260920-090928_dig2,20260920-090928,2,C:\Users\josep\source\repos\AIOTED-digital-rawdigits\20260920\09\5_main_dig2_20260920-090928.jpg,5,day,128.7,filename reading 59198; file 09/5_main_dig2_20260920-090928.jpg,,
sample_full,20260920-090928_dig3,20260920-090928,3,C:\Users\josep\source\repos\AIOTED-digital-rawdigits\20260920\09\9_main_dig3_20260920-090928.jpg,9,day,124.4,filename reading 59198; file 09/9_main_dig3_20260920-090928.jpg,,
sample_full,20260920-090928_dig4,20260920-090928,4,C:\Users\josep\source\repos\AIOTED-digital-rawdigits\20260920\09\1_main_dig4_20260920-090928.jpg,1,day,131.1,filename reading 59198; file 09/1_main_dig4_20260920-090928.jpg,,
sample_full,20260920-090928_dig5,20260920-090928,5,C:\Users\josep\source\repos\AIOTED-digital-rawdigits\20260920\09\9_main_dig5_20260920-090928.jpg,9,day,134.6,filename reading 59198; file 09/9_main_dig5_20260920-090928.jpg,,
sample_full,20260920-090928_dig6,20260920-090928,6,C:\Users\josep\source\repos\AIOTED-digital-rawdigits\20260920\09\8_main_dig6_20260920-090928.jpg,8,day,155.7,filename reading 59198; file 09/8_main_dig6_20260920-090928.jpg,,
sample_full,20260920-091328_dig2,20260920-091328,2,C:\Users\josep\source\repos\AIOTED-digital-rawdigits\20260920\09\10_main_dig2_20260920-091328.jpg,N,day,141.7,filename reading NNN08; file 09/10_main_dig2_20260920-091328.jpg,,
sample_full,20260920-091328_dig3,20260920-091328,3,C:\Users\josep\source\repos\AIOTED-digital-rawdigits\20260920\09\10_main_dig3_20260920-091328.jpg,N,day,136.7,filename reading NNN08; file 09/10_main_dig3_20260920-091328.jpg,,
sample_full,20260920-091328_dig4,20260920-091328,4,C:\Users\josep\source\repos\AIOTED-digital-rawdigits\20260920\09\10_main_dig4_20260920-091328.jpg,N,day,142.6,filename reading NNN08; file 09/10_main_dig4_20260920-091328.jpg,,
sample_full,20260920-091328_dig5,20260920-091328,5,C:\Users\josep\source\repos\AIOTED-digital-rawdigits\20260920\09\0_main_dig5_20260920-091328.jpg,0,day,142.9,filename reading NNN08; file 09/0_main_dig5_20260920-091328.jpg,,
sample_full,20260920-091328_dig6,20260920-091328,6,C:\Users\josep\source\repos\AIOTED-digital-rawdigits\20260920\09\8_main_dig6_20260920-091328.jpg,8,day,169.8,filename reading NNN08; file 09/8_main_dig6_20260920-091328.jpg,,
sample_full,20260920-091728_dig2,20260920-091728,2,C:\Users\josep\source\repos\AIOTED-digital-rawdigits\20260920\09\5_main_dig2_20260920-091728.jpg,5,day,123.8,filename reading 59198; file 09/5_main_dig2_20260920-091728.jpg,,
sample_full,20260920-091728_dig3,20260920-091728,3,C:\Users\josep\source\repos\AIOTED-digital-rawdigits\20260920\09\9_main_dig3_20260920-091728.jpg,9,day,119.5,filename reading 59198; file 09/9_main_dig3_20260920-091728.jpg,,
sample_full,20260920-091728_dig4,20260920-091728,4,C:\Users\josep\source\repos\AIOTED-digital-rawdigits\20260920\09\1_main_dig4_20260920-091728.jpg,1,day,124.7,filename reading 59198; file 09/1_main_dig4_20260920-091728.jpg,,
sample_full,20260920-091728_dig5,20260920-091728,5,C:\Users\josep\source\repos\AIOTED-digital-rawdigits\20260920\09\9_main_dig5_20260920-091728.jpg,9,day,125.7,filename reading 59198; file 09/9_main_dig5_20260920-091728.jpg,,
sample_full,20260920-091728_dig6,20260920-091728,6,C:\Users\josep\source\repos\AIOTED-digital-rawdigits\20260920\09\8_main_dig6_20260920-091728.jpg,8,day,143.3,filename reading 59198; file 09/8_main_dig6_20260920-091728.jpg,,
sample_full,20260920-092128_dig2,20260920-092128,2,C:\Users\josep\source\repos\AIOTED-digital-rawdigits\20260920\09\0_main_dig2_20260920-092128.jpg,0,day,126.7,filename reading 00000; file 09/0_main_dig2_20260920-092128.jpg,,
sample_full,20260920-092128_dig3,20260920-092128,3,C:\Users\josep\source\repos\AIOTED-digital-rawdigits\20260920\09\0_main_dig3_20260920-092128.jpg,0,day,122.3,filename reading 00000; file 09/0_main_dig3_20260920-092128.jpg,,
sample_full,20260920-092128_dig4,20260920-092128,4,C:\Users\josep\source\repos\AIOTED-digital-rawdigits\20260920\09\0_main_dig4_20260920-092128.jpg,0,day,126.7,filename reading 00000; file 09/0_main_dig4_20260920-092128.jpg,,
sample_full,20260920-092128_dig5,20260920-092128,5,C:\Users\josep\source\repos\AIOTED-digital-rawdigits\20260920\09\0_main_dig5_20260920-092128.jpg,0,day,132.8,filename reading 00000; file 09/0_main_dig5_20260920-092128.jpg,drift,
sample_full,20260920-092128_dig6,20260920-092128,6,C:\Users\josep\source\repos\AIOTED-digital-rawdigits\20260920\09\0_main_dig6_20260920-092128.jpg,0,day,155.2,filename reading 00000; file 09/0_main_dig6_20260920-092128.jpg,,
sample_full,20260920-092528_dig2,20260920-092528,2,C:\Users\josep\source\repos\AIOTED-digital-rawdigits\20260920\09\8_main_dig2_20260920-092528.jpg,8,day,125.8,filename reading 88888; file 09/8_main_dig2_20260920-092528.jpg,,
sample_full,20260920-092528_dig3,20260920-092528,3,C:\Users\josep\source\repos\AIOTED-digital-rawdigits\20260920\09\8_main_dig3_20260920-092528.jpg,8,day,121.1,filename reading 88888; file 09/8_main_dig3_20260920-092528.jpg,,
sample_full,20260920-092528_dig4,20260920-092528,4,C:\Users\josep\source\repos\AIOTED-digital-rawdigits\20260920\09\8_main_dig4_20260920-092528.jpg,8,day,124.9,filename reading 88888; file 09/8_main_dig4_20260920-092528.jpg,,
sample_full,20260920-092528_dig5,20260920-092528,5,C:\Users\josep\source\repos\AIOTED-digital-rawdigits\20260920\09\8_main_dig5_20260920-092528.jpg,8,day,130.4,filename reading 88888; file 09/8_main_dig5_20260920-092528.jpg,,
sample_full,20260920-092528_dig6,20260920-092528,6,C:\Users\josep\source\repos\AIOTED-digital-rawdigits\20260920\09\8_main_dig6_20260920-092528.jpg,8,day,152.3,filename reading 88888; file 09/8_main_dig6_20260920-092528.jpg,,
sample_full,20260920-092928_dig2,20260920-092928,2,C:\Users\josep\source\repos\AIOTED-digital-rawdigits\20260920\09\5_main_dig2_20260920-092928.jpg,5,day,122.2,filename reading 59200; file 09/5_main_dig2_20260920-092928.jpg,,
sample_full,20260920-092928_dig3,20260920-092928,3,C:\Users\josep\source\repos\AIOTED-digital-rawdigits\20260920\09\9_main_dig3_20260920-092928.jpg,9,day,117.0,filename reading 59200; file 09/9_main_dig3_20260920-092928.jpg,,
sample_full,20260920-092928_dig4,20260920-092928,4,C:\Users\josep\source\repos\AIOTED-digital-rawdigits\20260920\09\2_main_dig4_20260920-092928.jpg,2,day,120.6,filename reading 59200; file 09/2_main_dig4_20260920-092928.jpg,,
sample_full,20260920-092928_dig5,20260920-092928,5,C:\Users\josep\source\repos\AIOTED-digital-rawdigits\20260920\09\0_main_dig5_20260920-092928.jpg,0,day,119.4,filename reading 59200; file 09/0_main_dig5_20260920-092928.jpg,drift,
sample_full,20260920-092928_dig6,20260920-092928,6,C:\Users\josep\source\repos\AIOTED-digital-rawdigits\20260920\09\0_main_dig6_20260920-092928.jpg,0,day,136.8,filename reading 59200; file 09/0_main_dig6_20260920-092928.jpg,,
sample_full,20260920-093328_dig2,20260920-093328,2,C:\Users\josep\source\repos\AIOTED-digital-rawdigits\20260920\09\10_main_dig2_20260920-093328.jpg,N,day,129.7,filename reading NNN08; file 09/10_main_dig2_20260920-093328.jpg,,
sample_full,20260920-093328_dig3,20260920-093328,3,C:\Users\josep\source\repos\AIOTED-digital-rawdigits\20260920\09\10_main_dig3_20260920-093328.jpg,N,day,124.0,filename reading NNN08; file 09/10_main_dig3_20260920-093328.jpg,,
sample_full,20260920-093328_dig4,20260920-093328,4,C:\Users\josep\source\repos\AIOTED-digital-rawdigits\20260920\09\10_main_dig4_20260920-093328.jpg,N,day,127.8,filename reading NNN08; file 09/10_main_dig4_20260920-093328.jpg,,
sample_full,20260920-093328_dig5,20260920-093328,5,C:\Users\josep\source\repos\AIOTED-digital-rawdigits\20260920\09\0_main_dig5_20260920-093328.jpg,0,day,123.8,filename reading NNN08; file 09/0_main_dig5_20260920-093328.jpg,,
sample_full,20260920-093328_dig6,20260920-093328,6,C:\Users\josep\source\repos\AIOTED-digital-rawdigits\20260920\09\8_main_dig6_20260920-093328.jpg,8,day,143.7,filename reading NNN08; file 09/8_main_dig6_20260920-093328.jpg,,
sample_full,20260920-093728_dig2,20260920-093728,2,C:\Users\josep\source\repos\AIOTED-digital-rawdigits\20260920\09\5_main_dig2_20260920-093728.jpg,5,day,121.5,filename reading 59200; file 09/5_main_dig2_20260920-093728.jpg,,
sample_full,20260920-093728_dig3,20260920-093728,3,C:\Users\josep\source\repos\AIOTED-digital-rawdigits\20260920\09\9_main_dig3_20260920-093728.jpg,9,day,116.4,filename reading 59200; file 09/9_main_dig3_20260920-093728.jpg,,
sample_full,20260920-093728_dig4,20260920-093728,4,C:\Users\josep\source\repos\AIOTED-digital-rawdigits\20260920\09\2_main_dig4_20260920-093728.jpg,2,day,119.8,filename reading 59200; file 09/2_main_dig4_20260920-093728.jpg,,
sample_full,20260920-093728_dig5,20260920-093728,5,C:\Users\josep\source\repos\AIOTED-digital-rawdigits\20260920\09\0_main_dig5_20260920-093728.jpg,0,day,118.4,filename reading 59200; file 09/0_main_dig5_20260920-093728.jpg,,
sample_full,20260920-093728_dig6,20260920-093728,6,C:\Users\josep\source\repos\AIOTED-digital-rawdigits\20260920\09\0_main_dig6_20260920-093728.jpg,0,day,135.4,filename reading 59200; file 09/0_main_dig6_20260920-093728.jpg,,
sample_full,20260920-094128_dig2,20260920-094128,2,C:\Users\josep\source\repos\AIOTED-digital-rawdigits\20260920\09\0_main_dig2_20260920-094128.jpg,0,day,122.4,filename reading 00000; file 09/0_main_dig2_20260920-094128.jpg,,
sample_full,20260920-094128_dig3,20260920-094128,3,C:\Users\josep\source\repos\AIOTED-digital-rawdigits\20260920\09\0_main_dig3_20260920-094128.jpg,0,day,117.8,filename reading 00000; file 09/0_main_dig3_20260920-094128.jpg,,
sample_full,20260920-094128_dig4,20260920-094128,4,C:\Users\josep\source\repos\AIOTED-digital-rawdigits\20260920\09\0_main_dig4_20260920-094128.jpg,0,day,120.6,filename reading 00000; file 09/0_main_dig4_20260920-094128.jpg,,
sample_full,20260920-094128_dig5,20260920-094128,5,C:\Users\josep\source\repos\AIOTED-digital-rawdigits\20260920\09\0_main_dig5_20260920-094128.jpg,0,day,124.6,filename reading 00000; file 09/0_main_dig5_20260920-094128.jpg,,
sample_full,20260920-094128_dig6,20260920-094128,6,C:\Users\josep\source\repos\AIOTED-digital-rawdigits\20260920\09\0_main_dig6_20260920-094128.jpg,0,day,144.2,filename reading 00000; file 09/0_main_dig6_20260920-094128.jpg,,
sample_full,20260920-094528_dig2,20260920-094528,2,C:\Users\josep\source\repos\AIOTED-digital-rawdigits\20260920\09\8_main_dig2_20260920-094528.jpg,8,day,116.8,filename reading 88888; file 09/8_main_dig2_20260920-094528.jpg,,
sample_full,20260920-094528_dig3,20260920-094528,3,C:\Users\josep\source\repos\AIOTED-digital-rawdigits\20260920\09\8_main_dig3_20260920-094528.jpg,8,day,112.3,filename reading 88888; file 09/8_main_dig3_20260920-094528.jpg,,
sample_full,20260920-094528_dig4,20260920-094528,4,C:\Users\josep\source\repos\AIOTED-digital-rawdigits\20260920\09\8_main_dig4_20260920-094528.jpg,8,day,113.7,filename reading 88888; file 09/8_main_dig4_20260920-094528.jpg,,
sample_full,20260920-094528_dig5,20260920-094528,5,C:\Users\josep\source\repos\AIOTED-digital-rawdigits\20260920\09\8_main_dig5_20260920-094528.jpg,8,day,115.0,filename reading 88888; file 09/8_main_dig5_20260920-094528.jpg,,
sample_full,20260920-094528_dig6,20260920-094528,6,C:\Users\josep\source\repos\AIOTED-digital-rawdigits\20260920\09\8_main_dig6_20260920-094528.jpg,8,day,130.9,filename reading 88888; file 09/8_main_dig6_20260920-094528.jpg,,
sample_full,20260920-094928_dig2,20260920-094928,2,C:\Users\josep\source\repos\AIOTED-digital-rawdigits\20260920\09\5_main_dig2_20260920-094928.jpg,5,day,114.4,filename reading 59200; file 09/5_main_dig2_20260920-094928.jpg,,
sample_full,20260920-094928_dig3,20260920-094928,3,C:\Users\josep\source\repos\AIOTED-digital-rawdigits\20260920\09\9_main_dig3_20260920-094928.jpg,9,day,110.1,filename reading 59200; file 09/9_main_dig3_20260920-094928.jpg,,
sample_full,20260920-094928_dig4,20260920-094928,4,C:\Users\josep\source\repos\AIOTED-digital-rawdigits\20260920\09\2_main_dig4_20260920-094928.jpg,2,day,112.0,filename reading 59200; file 09/2_main_dig4_20260920-094928.jpg,,
sample_full,20260920-094928_dig5,20260920-094928,5,C:\Users\josep\source\repos\AIOTED-digital-rawdigits\20260920\09\0_main_dig5_20260920-094928.jpg,0,day,107.3,filename reading 59200; file 09/0_main_dig5_20260920-094928.jpg,,
sample_full,20260920-094928_dig6,20260920-094928,6,C:\Users\josep\source\repos\AIOTED-digital-rawdigits\20260920\09\0_main_dig6_20260920-094928.jpg,0,day,119.8,filename reading 59200; file 09/0_main_dig6_20260920-094928.jpg,,
sample_full,20260920-095328_dig2,20260920-095328,2,C:\Users\josep\source\repos\AIOTED-digital-rawdigits\20260920\09\10_main_dig2_20260920-095328.jpg,N,day,119.0,filename reading NNN08; file 09/10_main_dig2_20260920-095328.jpg,,
sample_full,20260920-095328_dig3,20260920-095328,3,C:\Users\josep\source\repos\AIOTED-digital-rawdigits\20260920\09\10_main_dig3_20260920-095328.jpg,N,day,114.2,filename reading NNN08; file 09/10_main_dig3_20260920-095328.jpg,,
sample_full,20260920-095328_dig4,20260920-095328,4,C:\Users\josep\source\repos\AIOTED-digital-rawdigits\20260920\09\10_main_dig4_20260920-095328.jpg,N,day,115.6,filename reading NNN08; file 09/10_main_dig4_20260920-095328.jpg,,
sample_full,20260920-095328_dig5,20260920-095328,5,C:\Users\josep\source\repos\AIOTED-digital-rawdigits\20260920\09\0_main_dig5_20260920-095328.jpg,0,day,107.5,filename reading NNN08; file 09/0_main_dig5_20260920-095328.jpg,,
sample_full,20260920-095328_dig6,20260920-095328,6,C:\Users\josep\source\repos\AIOTED-digital-rawdigits\20260920\09\8_main_dig6_20260920-095328.jpg,8,day,121.2,filename reading NNN08; file 09/8_main_dig6_20260920-095328.jpg,,
sample_full,20260920-095728_dig2,20260920-095728,2,C:\Users\josep\source\repos\AIOTED-digital-rawdigits\20260920\09\5_main_dig2_20260920-095728.jpg,5,day,114.6,filename reading 59200; file 09/5_main_dig2_20260920-095728.jpg,,
sample_full,20260920-095728_dig3,20260920-095728,3,C:\Users\josep\source\repos\AIOTED-digital-rawdigits\20260920\09\9_main_dig3_20260920-095728.jpg,9,day,110.1,filename reading 59200; file 09/9_main_dig3_20260920-095728.jpg,,
sample_full,20260920-095728_dig4,20260920-095728,4,C:\Users\josep\source\repos\AIOTED-digital-rawdigits\20260920\09\2_main_dig4_20260920-095728.jpg,2,day,111.7,filename reading 59200; file 09/2_main_dig4_20260920-095728.jpg,,
sample_full,20260920-095728_dig5,20260920-095728,5,C:\Users\josep\source\repos\AIOTED-digital-rawdigits\20260920\09\0_main_dig5_20260920-095728.jpg,0,day,107.3,filename reading 59200; file 09/0_main_dig5_20260920-095728.jpg,,
sample_full,20260920-095728_dig6,20260920-095728,6,C:\Users\josep\source\repos\AIOTED-digital-rawdigits\20260920\09\0_main_dig6_20260920-095728.jpg,0,day,120.7,filename reading 59200; file 09/0_main_dig6_20260920-095728.jpg,,
sample_full,20260920-100128_dig2,20260920-100128,2,C:\Users\josep\source\repos\AIOTED-digital-rawdigits\20260920\10\0_main_dig2_20260920-100128.jpg,0,day,120.4,filename reading 00000; file 10/0_main_dig2_20260920-100128.jpg,,
sample_full,20260920-100128_dig3,20260920-100128,3,C:\Users\josep\source\repos\AIOTED-digital-rawdigits\20260920\10\0_main_dig3_20260920-100128.jpg,0,day,115.7,filename reading 00000; file 10/0_main_dig3_20260920-100128.jpg,,
sample_full,20260920-100128_dig4,20260920-100128,4,C:\Users\josep\source\repos\AIOTED-digital-rawdigits\20260920\10\0_main_dig4_20260920-100128.jpg,0,day,117.3,filename reading 00000; file 10/0_main_dig4_20260920-100128.jpg,,
sample_full,20260920-100128_dig5,20260920-100128,5,C:\Users\josep\source\repos\AIOTED-digital-rawdigits\20260920\10\0_main_dig5_20260920-100128.jpg,0,day,119.3,filename reading 00000; file 10/0_main_dig5_20260920-100128.jpg,,
sample_full,20260920-100128_dig6,20260920-100128,6,C:\Users\josep\source\repos\AIOTED-digital-rawdigits\20260920\10\0_main_dig6_20260920-100128.jpg,0,day,136.0,filename reading 00000; file 10/0_main_dig6_20260920-100128.jpg,,
sample_full,20260920-100528_dig2,20260920-100528,2,C:\Users\josep\source\repos\AIOTED-digital-rawdigits\20260920\10\8_main_dig2_20260920-100528.jpg,8,day,125.9,filename reading 88888; file 10/8_main_dig2_20260920-100528.jpg,,
sample_full,20260920-100528_dig3,20260920-100528,3,C:\Users\josep\source\repos\AIOTED-digital-rawdigits\20260920\10\8_main_dig3_20260920-100528.jpg,8,day,120.7,filename reading 88888; file 10/8_main_dig3_20260920-100528.jpg,,
sample_full,20260920-100528_dig4,20260920-100528,4,C:\Users\josep\source\repos\AIOTED-digital-rawdigits\20260920\10\8_main_dig4_20260920-100528.jpg,8,day,124.0,filename reading 88888; file 10/8_main_dig4_20260920-100528.jpg,,
sample_full,20260920-100528_dig5,20260920-100528,5,C:\Users\josep\source\repos\AIOTED-digital-rawdigits\20260920\10\8_main_dig5_20260920-100528.jpg,8,day,129.0,filename reading 88888; file 10/8_main_dig5_20260920-100528.jpg,,
sample_full,20260920-100528_dig6,20260920-100528,6,C:\Users\josep\source\repos\AIOTED-digital-rawdigits\20260920\10\8_main_dig6_20260920-100528.jpg,8,day,149.8,filename reading 88888; file 10/8_main_dig6_20260920-100528.jpg,,
sample_full,20260920-100928_dig2,20260920-100928,2,C:\Users\josep\source\repos\AIOTED-digital-rawdigits\20260920\10\5_main_dig2_20260920-100928.jpg,5,day,124.5,filename reading 59200; file 10/5_main_dig2_20260920-100928.jpg,,
sample_full,20260920-100928_dig3,20260920-100928,3,C:\Users\josep\source\repos\AIOTED-digital-rawdigits\20260920\10\9_main_dig3_20260920-100928.jpg,9,day,119.2,filename reading 59200; file 10/9_main_dig3_20260920-100928.jpg,,
sample_full,20260920-100928_dig4,20260920-100928,4,C:\Users\josep\source\repos\AIOTED-digital-rawdigits\20260920\10\2_main_dig4_20260920-100928.jpg,2,day,122.7,filename reading 59200; file 10/2_main_dig4_20260920-100928.jpg,drift,
sample_full,20260920-100928_dig5,20260920-100928,5,C:\Users\josep\source\repos\AIOTED-digital-rawdigits\20260920\10\0_main_dig5_20260920-100928.jpg,0,day,122.0,filename reading 59200; file 10/0_main_dig5_20260920-100928.jpg,,
sample_full,20260920-100928_dig6,20260920-100928,6,C:\Users\josep\source\repos\AIOTED-digital-rawdigits\20260920\10\0_main_dig6_20260920-100928.jpg,0,day,140.2,filename reading 59200; file 10/0_main_dig6_20260920-100928.jpg,,
sample_full,20260920-101328_dig2,20260920-101328,2,C:\Users\josep\source\repos\AIOTED-digital-rawdigits\20260920\10\10_main_dig2_20260920-101328.jpg,N,day,120.1,filename reading NNN08; file 10/10_main_dig2_20260920-101328.jpg,,
sample_full,20260920-101328_dig3,20260920-101328,3,C:\Users\josep\source\repos\AIOTED-digital-rawdigits\20260920\10\10_main_dig3_20260920-101328.jpg,N,day,115.3,filename reading NNN08; file 10/10_main_dig3_20260920-101328.jpg,,
sample_full,20260920-101328_dig4,20260920-101328,4,C:\Users\josep\source\repos\AIOTED-digital-rawdigits\20260920\10\10_main_dig4_20260920-101328.jpg,N,day,116.4,filename reading NNN08; file 10/10_main_dig4_20260920-101328.jpg,,
sample_full,20260920-101328_dig5,20260920-101328,5,C:\Users\josep\source\repos\AIOTED-digital-rawdigits\20260920\10\0_main_dig5_20260920-101328.jpg,0,day,108.2,filename reading NNN08; file 10/0_main_dig5_20260920-101328.jpg,,
sample_full,20260920-101328_dig6,20260920-101328,6,C:\Users\josep\source\repos\AIOTED-digital-rawdigits\20260920\10\8_main_dig6_20260920-101328.jpg,8,day,122.2,filename reading NNN08; file 10/8_main_dig6_20260920-101328.jpg,,
sample_full,20260920-101728_dig2,20260920-101728,2,C:\Users\josep\source\repos\AIOTED-digital-rawdigits\20260920\10\5_main_dig2_20260920-101728.jpg,5,day,117.2,filename reading 59200; file 10/5_main_dig2_20260920-101728.jpg,,
sample_full,20260920-101728_dig3,20260920-101728,3,C:\Users\josep\source\repos\AIOTED-digital-rawdigits\20260920\10\9_main_dig3_20260920-101728.jpg,9,day,112.3,filename reading 59200; file 10/9_main_dig3_20260920-101728.jpg,,
sample_full,20260920-101728_dig4,20260920-101728,4,C:\Users\josep\source\repos\AIOTED-digital-rawdigits\20260920\10\2_main_dig4_20260920-101728.jpg,2,day,114.1,filename reading 59200; file 10/2_main_dig4_20260920-101728.jpg,,
sample_full,20260920-101728_dig5,20260920-101728,5,C:\Users\josep\source\repos\AIOTED-digital-rawdigits\20260920\10\0_main_dig5_20260920-101728.jpg,0,day,109.9,filename reading 59200; file 10/0_main_dig5_20260920-101728.jpg,,
sample_full,20260920-101728_dig6,20260920-101728,6,C:\Users\josep\source\repos\AIOTED-digital-rawdigits\20260920\10\0_main_dig6_20260920-101728.jpg,0,day,123.3,filename reading 59200; file 10/0_main_dig6_20260920-101728.jpg,,
sample_full,20260920-102128_dig2,20260920-102128,2,C:\Users\josep\source\repos\AIOTED-digital-rawdigits\20260920\10\0_main_dig2_20260920-102128.jpg,0,day,120.8,filename reading 00000; file 10/0_main_dig2_20260920-102128.jpg,,
sample_full,20260920-102128_dig3,20260920-102128,3,C:\Users\josep\source\repos\AIOTED-digital-rawdigits\20260920\10\0_main_dig3_20260920-102128.jpg,0,day,116.1,filename reading 00000; file 10/0_main_dig3_20260920-102128.jpg,,
sample_full,20260920-102128_dig4,20260920-102128,4,C:\Users\josep\source\repos\AIOTED-digital-rawdigits\20260920\10\0_main_dig4_20260920-102128.jpg,0,day,117.8,filename reading 00000; file 10/0_main_dig4_20260920-102128.jpg,,
sample_full,20260920-102128_dig5,20260920-102128,5,C:\Users\josep\source\repos\AIOTED-digital-rawdigits\20260920\10\0_main_dig5_20260920-102128.jpg,0,day,120.0,filename reading 00000; file 10/0_main_dig5_20260920-102128.jpg,,
sample_full,20260920-102128_dig6,20260920-102128,6,C:\Users\josep\source\repos\AIOTED-digital-rawdigits\20260920\10\0_main_dig6_20260920-102128.jpg,0,day,136.5,filename reading 00000; file 10/0_main_dig6_20260920-102128.jpg,,
sample_full,20260920-102528_dig2,20260920-102528,2,C:\Users\josep\source\repos\AIOTED-digital-rawdigits\20260920\10\8_main_dig2_20260920-102528.jpg,8,day,127.5,filename reading 88888; file 10/8_main_dig2_20260920-102528.jpg,,
sample_full,20260920-102528_dig3,20260920-102528,3,C:\Users\josep\source\repos\AIOTED-digital-rawdigits\20260920\10\8_main_dig3_20260920-102528.jpg,8,day,122.1,filename reading 88888; file 10/8_main_dig3_20260920-102528.jpg,,
sample_full,20260920-102528_dig4,20260920-102528,4,C:\Users\josep\source\repos\AIOTED-digital-rawdigits\20260920\10\8_main_dig4_20260920-102528.jpg,8,day,125.4,filename reading 88888; file 10/8_main_dig4_20260920-102528.jpg,,
sample_full,20260920-102528_dig5,20260920-102528,5,C:\Users\josep\source\repos\AIOTED-digital-rawdigits\20260920\10\8_main_dig5_20260920-102528.jpg,8,day,130.3,filename reading 88888; file 10/8_main_dig5_20260920-102528.jpg,,
sample_full,20260920-102528_dig6,20260920-102528,6,C:\Users\josep\source\repos\AIOTED-digital-rawdigits\20260920\10\8_main_dig6_20260920-102528.jpg,8,day,151.0,filename reading 88888; file 10/8_main_dig6_20260920-102528.jpg,,
sample_full,20260920-102928_dig2,20260920-102928,2,C:\Users\josep\source\repos\AIOTED-digital-rawdigits\20260920\10\5_main_dig2_20260920-102928.jpg,5,day,122.5,filename reading 59200; file 10/5_main_dig2_20260920-102928.jpg,,
sample_full,20260920-102928_dig3,20260920-102928,3,C:\Users\josep\source\repos\AIOTED-digital-rawdigits\20260920\10\9_main_dig3_20260920-102928.jpg,9,day,117.1,filename reading 59200; file 10/9_main_dig3_20260920-102928.jpg,,
sample_full,20260920-102928_dig4,20260920-102928,4,C:\Users\josep\source\repos\AIOTED-digital-rawdigits\20260920\10\2_main_dig4_20260920-102928.jpg,2,day,120.0,filename reading 59200; file 10/2_main_dig4_20260920-102928.jpg,,
sample_full,20260920-102928_dig5,20260920-102928,5,C:\Users\josep\source\repos\AIOTED-digital-rawdigits\20260920\10\0_main_dig5_20260920-102928.jpg,0,day,118.3,filename reading 59200; file 10/0_main_dig5_20260920-102928.jpg,,
sample_full,20260920-102928_dig6,20260920-102928,6,C:\Users\josep\source\repos\AIOTED-digital-rawdigits\20260920\10\0_main_dig6_20260920-102928.jpg,0,day,134.8,filename reading 59200; file 10/0_main_dig6_20260920-102928.jpg,,
sample_full,20260920-103328_dig2,20260920-103328,2,C:\Users\josep\source\repos\AIOTED-digital-rawdigits\20260920\10\10_main_dig2_20260920-103328.jpg,N,day,134.2,filename reading NNN08; file 10/10_main_dig2_20260920-103328.jpg,,
sample_full,20260920-103328_dig3,20260920-103328,3,C:\Users\josep\source\repos\AIOTED-digital-rawdigits\20260920\10\10_main_dig3_20260920-103328.jpg,N,day,128.3,filename reading NNN08; file 10/10_main_dig3_20260920-103328.jpg,,
sample_full,20260920-103328_dig4,20260920-103328,4,C:\Users\josep\source\repos\AIOTED-digital-rawdigits\20260920\10\10_main_dig4_20260920-103328.jpg,N,day,131.7,filename reading NNN08; file 10/10_main_dig4_20260920-103328.jpg,,
sample_full,20260920-103328_dig5,20260920-103328,5,C:\Users\josep\source\repos\AIOTED-digital-rawdigits\20260920\10\0_main_dig5_20260920-103328.jpg,0,day,128.1,filename reading NNN08; file 10/0_main_dig5_20260920-103328.jpg,,
sample_full,20260920-103328_dig6,20260920-103328,6,C:\Users\josep\source\repos\AIOTED-digital-rawdigits\20260920\10\8_main_dig6_20260920-103328.jpg,8,day,148.5,filename reading NNN08; file 10/8_main_dig6_20260920-103328.jpg,drift,
sample_full,20260920-103728_dig2,20260920-103728,2,C:\Users\josep\source\repos\AIOTED-digital-rawdigits\20260920\10\5_main_dig2_20260920-103728.jpg,5,day,116.1,filename reading 59201; file 10/5_main_dig2_20260920-103728.jpg,,
sample_full,20260920-103728_dig3,20260920-103728,3,C:\Users\josep\source\repos\AIOTED-digital-rawdigits\20260920\10\9_main_dig3_20260920-103728.jpg,9,day,111.2,filename reading 59201; file 10/9_main_dig3_20260920-103728.jpg,,
sample_full,20260920-103728_dig4,20260920-103728,4,C:\Users\josep\source\repos\AIOTED-digital-rawdigits\20260920\10\2_main_dig4_20260920-103728.jpg,2,day,112.7,filename reading 59201; file 10/2_main_dig4_20260920-103728.jpg,,
sample_full,20260920-103728_dig5,20260920-103728,5,C:\Users\josep\source\repos\AIOTED-digital-rawdigits\20260920\10\0_main_dig5_20260920-103728.jpg,0,day,110.4,filename reading 59201; file 10/0_main_dig5_20260920-103728.jpg,,
sample_full,20260920-103728_dig6,20260920-103728,6,C:\Users\josep\source\repos\AIOTED-digital-rawdigits\20260920\10\1_main_dig6_20260920-103728.jpg,1,day,126.7,filename reading 59201; file 10/1_main_dig6_20260920-103728.jpg,,
sample_full,20260920-104128_dig2,20260920-104128,2,C:\Users\josep\source\repos\AIOTED-digital-rawdigits\20260920\10\0_main_dig2_20260920-104128.jpg,0,day,124.2,filename reading 00000; file 10/0_main_dig2_20260920-104128.jpg,,
sample_full,20260920-104128_dig3,20260920-104128,3,C:\Users\josep\source\repos\AIOTED-digital-rawdigits\20260920\10\0_main_dig3_20260920-104128.jpg,0,day,119.1,filename reading 00000; file 10/0_main_dig3_20260920-104128.jpg,,
sample_full,20260920-104128_dig4,20260920-104128,4,C:\Users\josep\source\repos\AIOTED-digital-rawdigits\20260920\10\0_main_dig4_20260920-104128.jpg,0,day,121.8,filename reading 00000; file 10/0_main_dig4_20260920-104128.jpg,,
sample_full,20260920-104128_dig5,20260920-104128,5,C:\Users\josep\source\repos\AIOTED-digital-rawdigits\20260920\10\0_main_dig5_20260920-104128.jpg,0,day,125.4,filename reading 00000; file 10/0_main_dig5_20260920-104128.jpg,,
sample_full,20260920-104128_dig6,20260920-104128,6,C:\Users\josep\source\repos\AIOTED-digital-rawdigits\20260920\10\0_main_dig6_20260920-104128.jpg,0,day,143.9,filename reading 00000; file 10/0_main_dig6_20260920-104128.jpg,,
sample_full,20260920-104528_dig2,20260920-104528,2,C:\Users\josep\source\repos\AIOTED-digital-rawdigits\20260920\10\8_main_dig2_20260920-104528.jpg,8,day,118.7,filename reading 88888; file 10/8_main_dig2_20260920-104528.jpg,,
sample_full,20260920-104528_dig3,20260920-104528,3,C:\Users\josep\source\repos\AIOTED-digital-rawdigits\20260920\10\8_main_dig3_20260920-104528.jpg,8,day,114.5,filename reading 88888; file 10/8_main_dig3_20260920-104528.jpg,,
sample_full,20260920-104528_dig4,20260920-104528,4,C:\Users\josep\source\repos\AIOTED-digital-rawdigits\20260920\10\8_main_dig4_20260920-104528.jpg,8,day,116.0,filename reading 88888; file 10/8_main_dig4_20260920-104528.jpg,,
sample_full,20260920-104528_dig5,20260920-104528,5,C:\Users\josep\source\repos\AIOTED-digital-rawdigits\20260920\10\8_main_dig5_20260920-104528.jpg,8,day,117.9,filename reading 88888; file 10/8_main_dig5_20260920-104528.jpg,drift,
sample_full,20260920-104528_dig6,20260920-104528,6,C:\Users\josep\source\repos\AIOTED-digital-rawdigits\20260920\10\8_main_dig6_20260920-104528.jpg,8,day,133.8,filename reading 88888; file 10/8_main_dig6_20260920-104528.jpg,,
sample_full,20260920-104928_dig2,20260920-104928,2,C:\Users\josep\source\repos\AIOTED-digital-rawdigits\20260920\10\5_main_dig2_20260920-104928.jpg,5,day,146.5,filename reading 59201; file 10/5_main_dig2_20260920-104928.jpg,,
sample_full,20260920-104928_dig3,20260920-104928,3,C:\Users\josep\source\repos\AIOTED-digital-rawdigits\20260920\10\9_main_dig3_20260920-104928.jpg,9,day,138.9,filename reading 59201; file 10/9_main_dig3_20260920-104928.jpg,,
sample_full,20260920-104928_dig4,20260920-104928,4,C:\Users\josep\source\repos\AIOTED-digital-rawdigits\20260920\10\2_main_dig4_20260920-104928.jpg,2,day,145.8,filename reading 59201; file 10/2_main_dig4_20260920-104928.jpg,,
sample_full,20260920-104928_dig5,20260920-104928,5,C:\Users\josep\source\repos\AIOTED-digital-rawdigits\20260920\10\0_main_dig5_20260920-104928.jpg,0,day,154.9,filename reading 59201; file 10/0_main_dig5_20260920-104928.jpg,,
sample_full,20260920-104928_dig6,20260920-104928,6,C:\Users\josep\source\repos\AIOTED-digital-rawdigits\20260920\10\1_main_dig6_20260920-104928.jpg,1,day,186.0,filename reading 59201; file 10/1_main_dig6_20260920-104928.jpg,drift,
sample_full,20260920-105328_dig2,20260920-105328,2,C:\Users\josep\source\repos\AIOTED-digital-rawdigits\20260920\10\10_main_dig2_20260920-105328.jpg,N,day,158.2,filename reading NNN08; file 10/10_main_dig2_20260920-105328.jpg,,
sample_full,20260920-105328_dig3,20260920-105328,3,C:\Users\josep\source\repos\AIOTED-digital-rawdigits\20260920\10\10_main_dig3_20260920-105328.jpg,N,day,150.4,filename reading NNN08; file 10/10_main_dig3_20260920-105328.jpg,,
sample_full,20260920-105328_dig4,20260920-105328,4,C:\Users\josep\source\repos\AIOTED-digital-rawdigits\20260920\10\10_main_dig4_20260920-105328.jpg,N,day,157.6,filename reading NNN08; file 10/10_main_dig4_20260920-105328.jpg,,
sample_full,20260920-105328_dig5,20260920-105328,5,C:\Users\josep\source\repos\AIOTED-digital-rawdigits\20260920\10\0_main_dig5_20260920-105328.jpg,0,day,161.3,filename reading NNN08; file 10/0_main_dig5_20260920-105328.jpg,,
sample_full,20260920-105328_dig6,20260920-105328,6,C:\Users\josep\source\repos\AIOTED-digital-rawdigits\20260920\10\8_main_dig6_20260920-105328.jpg,8,day,190.4,filename reading NNN08; file 10/8_main_dig6_20260920-105328.jpg,,
sample_full,20260920-105728_dig2,20260920-105728,2,C:\Users\josep\source\repos\AIOTED-digital-rawdigits\20260920\10\5_main_dig2_20260920-105728.jpg,5,day,150.1,filename reading 59201; file 10/5_main_dig2_20260920-105728.jpg,,
sample_full,20260920-105728_dig3,20260920-105728,3,C:\Users\josep\source\repos\AIOTED-digital-rawdigits\20260920\10\9_main_dig3_20260920-105728.jpg,9,day,142.1,filename reading 59201; file 10/9_main_dig3_20260920-105728.jpg,,
sample_full,20260920-105728_dig4,20260920-105728,4,C:\Users\josep\source\repos\AIOTED-digital-rawdigits\20260920\10\2_main_dig4_20260920-105728.jpg,2,day,149.7,filename reading 59201; file 10/2_main_dig4_20260920-105728.jpg,,
sample_full,20260920-105728_dig5,20260920-105728,5,C:\Users\josep\source\repos\AIOTED-digital-rawdigits\20260920\10\0_main_dig5_20260920-105728.jpg,0,day,159.9,filename reading 59201; file 10/0_main_dig5_20260920-105728.jpg,,
sample_full,20260920-105728_dig6,20260920-105728,6,C:\Users\josep\source\repos\AIOTED-digital-rawdigits\20260920\10\1_main_dig6_20260920-105728.jpg,1,day,192.3,filename reading 59201; file 10/1_main_dig6_20260920-105728.jpg,,
sample_full,20260920-110128_dig2,20260920-110128,2,C:\Users\josep\source\repos\AIOTED-digital-rawdigits\20260920\11\0_main_dig2_20260920-110128.jpg,0,day,131.3,filename reading 00000; file 11/0_main_dig2_20260920-110128.jpg,,
sample_full,20260920-110128_dig3,20260920-110128,3,C:\Users\josep\source\repos\AIOTED-digital-rawdigits\20260920\11\0_main_dig3_20260920-110128.jpg,0,day,125.3,filename reading 00000; file 11/0_main_dig3_20260920-110128.jpg,,
sample_full,20260920-110128_dig4,20260920-110128,4,C:\Users\josep\source\repos\AIOTED-digital-rawdigits\20260920\11\0_main_dig4_20260920-110128.jpg,0,day,129.1,filename reading 00000; file 11/0_main_dig4_20260920-110128.jpg,,
sample_full,20260920-110128_dig5,20260920-110128,5,C:\Users\josep\source\repos\AIOTED-digital-rawdigits\20260920\11\0_main_dig5_20260920-110128.jpg,0,day,135.5,filename reading 00000; file 11/0_main_dig5_20260920-110128.jpg,,
sample_full,20260920-110128_dig6,20260920-110128,6,C:\Users\josep\source\repos\AIOTED-digital-rawdigits\20260920\11\0_main_dig6_20260920-110128.jpg,0,day,158.1,filename reading 00000; file 11/0_main_dig6_20260920-110128.jpg,,
sample_full,20260920-110528_dig2,20260920-110528,2,C:\Users\josep\source\repos\AIOTED-digital-rawdigits\20260920\11\8_main_dig2_20260920-110528.jpg,8,day,152.0,filename reading 88888; file 11/8_main_dig2_20260920-110528.jpg,,
sample_full,20260920-110528_dig3,20260920-110528,3,C:\Users\josep\source\repos\AIOTED-digital-rawdigits\20260920\11\8_main_dig3_20260920-110528.jpg,8,day,144.4,filename reading 88888; file 11/8_main_dig3_20260920-110528.jpg,,
sample_full,20260920-110528_dig4,20260920-110528,4,C:\Users\josep\source\repos\AIOTED-digital-rawdigits\20260920\11\8_main_dig4_20260920-110528.jpg,8,day,151.6,filename reading 88888; file 11/8_main_dig4_20260920-110528.jpg,,
sample_full,20260920-110528_dig5,20260920-110528,5,C:\Users\josep\source\repos\AIOTED-digital-rawdigits\20260920\11\8_main_dig5_20260920-110528.jpg,8,day,163.1,filename reading 88888; file 11/8_main_dig5_20260920-110528.jpg,,
sample_full,20260920-110528_dig6,20260920-110528,6,C:\Users\josep\source\repos\AIOTED-digital-rawdigits\20260920\11\8_main_dig6_20260920-110528.jpg,8,day,190.9,filename reading 88888; file 11/8_main_dig6_20260920-110528.jpg,,
sample_full,20260920-110928_dig2,20260920-110928,2,C:\Users\josep\source\repos\AIOTED-digital-rawdigits\20260920\11\5_main_dig2_20260920-110928.jpg,5,day,153.8,filename reading 59201; file 11/5_main_dig2_20260920-110928.jpg,,
sample_full,20260920-110928_dig3,20260920-110928,3,C:\Users\josep\source\repos\AIOTED-digital-rawdigits\20260920\11\9_main_dig3_20260920-110928.jpg,9,day,145.5,filename reading 59201; file 11/9_main_dig3_20260920-110928.jpg,,
sample_full,20260920-110928_dig4,20260920-110928,4,C:\Users\josep\source\repos\AIOTED-digital-rawdigits\20260920\11\2_main_dig4_20260920-110928.jpg,2,day,153.5,filename reading 59201; file 11/2_main_dig4_20260920-110928.jpg,,
sample_full,20260920-110928_dig5,20260920-110928,5,C:\Users\josep\source\repos\AIOTED-digital-rawdigits\20260920\11\0_main_dig5_20260920-110928.jpg,0,day,163.4,filename reading 59201; file 11/0_main_dig5_20260920-110928.jpg,,
sample_full,20260920-110928_dig6,20260920-110928,6,C:\Users\josep\source\repos\AIOTED-digital-rawdigits\20260920\11\1_main_dig6_20260920-110928.jpg,1,day,195.8,filename reading 59201; file 11/1_main_dig6_20260920-110928.jpg,,
sample_full,20260920-111328_dig2,20260920-111328,2,C:\Users\josep\source\repos\AIOTED-digital-rawdigits\20260920\11\10_main_dig2_20260920-111328.jpg,N,day,161.3,filename reading NNN08; file 11/10_main_dig2_20260920-111328.jpg,,
sample_full,20260920-111328_dig3,20260920-111328,3,C:\Users\josep\source\repos\AIOTED-digital-rawdigits\20260920\11\10_main_dig3_20260920-111328.jpg,N,day,153.3,filename reading NNN08; file 11/10_main_dig3_20260920-111328.jpg,,
sample_full,20260920-111328_dig4,20260920-111328,4,C:\Users\josep\source\repos\AIOTED-digital-rawdigits\20260920\11\10_main_dig4_20260920-111328.jpg,N,day,160.2,filename reading NNN08; file 11/10_main_dig4_20260920-111328.jpg,,
sample_full,20260920-111328_dig5,20260920-111328,5,C:\Users\josep\source\repos\AIOTED-digital-rawdigits\20260920\11\0_main_dig5_20260920-111328.jpg,0,day,161.7,filename reading NNN08; file 11/0_main_dig5_20260920-111328.jpg,,
sample_full,20260920-111328_dig6,20260920-111328,6,C:\Users\josep\source\repos\AIOTED-digital-rawdigits\20260920\11\8_main_dig6_20260920-111328.jpg,8,day,189.6,filename reading NNN08; file 11/8_main_dig6_20260920-111328.jpg,,
sample_full,20260920-111727_dig2,20260920-111727,2,C:\Users\josep\source\repos\AIOTED-digital-rawdigits\20260920\11\5_main_dig2_20260920-111727.jpg,5,day,147.6,filename reading 59201; file 11/5_main_dig2_20260920-111727.jpg,,
sample_full,20260920-111727_dig3,20260920-111727,3,C:\Users\josep\source\repos\AIOTED-digital-rawdigits\20260920\11\9_main_dig3_20260920-111727.jpg,9,day,139.7,filename reading 59201; file 11/9_main_dig3_20260920-111727.jpg,,
sample_full,20260920-111727_dig4,20260920-111727,4,C:\Users\josep\source\repos\AIOTED-digital-rawdigits\20260920\11\2_main_dig4_20260920-111727.jpg,2,day,148.1,filename reading 59201; file 11/2_main_dig4_20260920-111727.jpg,,
sample_full,20260920-111727_dig5,20260920-111727,5,C:\Users\josep\source\repos\AIOTED-digital-rawdigits\20260920\11\0_main_dig5_20260920-111727.jpg,0,day,157.8,filename reading 59201; file 11/0_main_dig5_20260920-111727.jpg,,
sample_full,20260920-111727_dig6,20260920-111727,6,C:\Users\josep\source\repos\AIOTED-digital-rawdigits\20260920\11\1_main_dig6_20260920-111727.jpg,1,day,188.2,filename reading 59201; file 11/1_main_dig6_20260920-111727.jpg,,
sample_full,20260920-112127_dig2,20260920-112127,2,C:\Users\josep\source\repos\AIOTED-digital-rawdigits\20260920\11\0_main_dig2_20260920-112127.jpg,0,day,149.1,filename reading 00000; file 11/0_main_dig2_20260920-112127.jpg,,
sample_full,20260920-112127_dig3,20260920-112127,3,C:\Users\josep\source\repos\AIOTED-digital-rawdigits\20260920\11\0_main_dig3_20260920-112127.jpg,0,day,141.7,filename reading 00000; file 11/0_main_dig3_20260920-112127.jpg,,
sample_full,20260920-112127_dig4,20260920-112127,4,C:\Users\josep\source\repos\AIOTED-digital-rawdigits\20260920\11\0_main_dig4_20260920-112127.jpg,0,day,149.3,filename reading 00000; file 11/0_main_dig4_20260920-112127.jpg,,
sample_full,20260920-112127_dig5,20260920-112127,5,C:\Users\josep\source\repos\AIOTED-digital-rawdigits\20260920\11\0_main_dig5_20260920-112127.jpg,0,day,160.2,filename reading 00000; file 11/0_main_dig5_20260920-112127.jpg,,
sample_full,20260920-112127_dig6,20260920-112127,6,C:\Users\josep\source\repos\AIOTED-digital-rawdigits\20260920\11\0_main_dig6_20260920-112127.jpg,0,day,185.8,filename reading 00000; file 11/0_main_dig6_20260920-112127.jpg,,
sample_full,20260920-112527_dig2,20260920-112527,2,C:\Users\josep\source\repos\AIOTED-digital-rawdigits\20260920\11\8_main_dig2_20260920-112527.jpg,8,day,151.3,filename reading 88888; file 11/8_main_dig2_20260920-112527.jpg,,
sample_full,20260920-112527_dig3,20260920-112527,3,C:\Users\josep\source\repos\AIOTED-digital-rawdigits\20260920\11\8_main_dig3_20260920-112527.jpg,8,day,143.4,filename reading 88888; file 11/8_main_dig3_20260920-112527.jpg,,
sample_full,20260920-112527_dig4,20260920-112527,4,C:\Users\josep\source\repos\AIOTED-digital-rawdigits\20260920\11\8_main_dig4_20260920-112527.jpg,8,day,151.0,filename reading 88888; file 11/8_main_dig4_20260920-112527.jpg,,
sample_full,20260920-112527_dig5,20260920-112527,5,C:\Users\josep\source\repos\AIOTED-digital-rawdigits\20260920\11\8_main_dig5_20260920-112527.jpg,8,day,161.4,filename reading 88888; file 11/8_main_dig5_20260920-112527.jpg,,
sample_full,20260920-112527_dig6,20260920-112527,6,C:\Users\josep\source\repos\AIOTED-digital-rawdigits\20260920\11\8_main_dig6_20260920-112527.jpg,8,day,187.2,filename reading 88888; file 11/8_main_dig6_20260920-112527.jpg,,
sample_full,20260920-112927_dig2,20260920-112927,2,C:\Users\josep\source\repos\AIOTED-digital-rawdigits\20260920\11\5_main_dig2_20260920-112927.jpg,5,day,146.4,filename reading 59201; file 11/5_main_dig2_20260920-112927.jpg,,
sample_full,20260920-112927_dig3,20260920-112927,3,C:\Users\josep\source\repos\AIOTED-digital-rawdigits\20260920\11\9_main_dig3_20260920-112927.jpg,9,day,138.1,filename reading 59201; file 11/9_main_dig3_20260920-112927.jpg,,
sample_full,20260920-112927_dig4,20260920-112927,4,C:\Users\josep\source\repos\AIOTED-digital-rawdigits\20260920\11\2_main_dig4_20260920-112927.jpg,2,day,147.2,filename reading 59201; file 11/2_main_dig4_20260920-112927.jpg,,
sample_full,20260920-112927_dig5,20260920-112927,5,C:\Users\josep\source\repos\AIOTED-digital-rawdigits\20260920\11\0_main_dig5_20260920-112927.jpg,0,day,157.0,filename reading 59201; file 11/0_main_dig5_20260920-112927.jpg,,
sample_full,20260920-112927_dig6,20260920-112927,6,C:\Users\josep\source\repos\AIOTED-digital-rawdigits\20260920\11\1_main_dig6_20260920-112927.jpg,1,day,187.0,filename reading 59201; file 11/1_main_dig6_20260920-112927.jpg,,
sample_full,20260920-113327_dig2,20260920-113327,2,C:\Users\josep\source\repos\AIOTED-digital-rawdigits\20260920\11\10_main_dig2_20260920-113327.jpg,N,day,154.4,filename reading NNN08; file 11/10_main_dig2_20260920-113327.jpg,,
sample_full,20260920-113327_dig3,20260920-113327,3,C:\Users\josep\source\repos\AIOTED-digital-rawdigits\20260920\11\10_main_dig3_20260920-113327.jpg,N,day,146.1,filename reading NNN08; file 11/10_main_dig3_20260920-113327.jpg,,
sample_full,20260920-113327_dig4,20260920-113327,4,C:\Users\josep\source\repos\AIOTED-digital-rawdigits\20260920\11\10_main_dig4_20260920-113327.jpg,N,day,154.1,filename reading NNN08; file 11/10_main_dig4_20260920-113327.jpg,,
sample_full,20260920-113327_dig5,20260920-113327,5,C:\Users\josep\source\repos\AIOTED-digital-rawdigits\20260920\11\0_main_dig5_20260920-113327.jpg,0,day,156.5,filename reading NNN08; file 11/0_main_dig5_20260920-113327.jpg,,
sample_full,20260920-113327_dig6,20260920-113327,6,C:\Users\josep\source\repos\AIOTED-digital-rawdigits\20260920\11\8_main_dig6_20260920-113327.jpg,8,day,182.6,filename reading NNN08; file 11/8_main_dig6_20260920-113327.jpg,,
sample_full,20260920-113727_dig2,20260920-113727,2,C:\Users\josep\source\repos\AIOTED-digital-rawdigits\20260920\11\5_main_dig2_20260920-113727.jpg,5,day,150.4,filename reading 59201; file 11/5_main_dig2_20260920-113727.jpg,,
sample_full,20260920-113727_dig3,20260920-113727,3,C:\Users\josep\source\repos\AIOTED-digital-rawdigits\20260920\11\9_main_dig3_20260920-113727.jpg,9,day,141.4,filename reading 59201; file 11/9_main_dig3_20260920-113727.jpg,,
sample_full,20260920-113727_dig4,20260920-113727,4,C:\Users\josep\source\repos\AIOTED-digital-rawdigits\20260920\11\2_main_dig4_20260920-113727.jpg,2,day,151.4,filename reading 59201; file 11/2_main_dig4_20260920-113727.jpg,,
sample_full,20260920-113727_dig5,20260920-113727,5,C:\Users\josep\source\repos\AIOTED-digital-rawdigits\20260920\11\0_main_dig5_20260920-113727.jpg,0,day,162.2,filename reading 59201; file 11/0_main_dig5_20260920-113727.jpg,,
sample_full,20260920-113727_dig6,20260920-113727,6,C:\Users\josep\source\repos\AIOTED-digital-rawdigits\20260920\11\1_main_dig6_20260920-113727.jpg,1,day,192.7,filename reading 59201; file 11/1_main_dig6_20260920-113727.jpg,,
sample_full,20260920-114127_dig2,20260920-114127,2,C:\Users\josep\source\repos\AIOTED-digital-rawdigits\20260920\11\0_main_dig2_20260920-114127.jpg,0,day,145.2,filename reading 00000; file 11/0_main_dig2_20260920-114127.jpg,,
sample_full,20260920-114127_dig3,20260920-114127,3,C:\Users\josep\source\repos\AIOTED-digital-rawdigits\20260920\11\0_main_dig3_20260920-114127.jpg,0,day,137.1,filename reading 00000; file 11/0_main_dig3_20260920-114127.jpg,,
sample_full,20260920-114127_dig4,20260920-114127,4,C:\Users\josep\source\repos\AIOTED-digital-rawdigits\20260920\11\0_main_dig4_20260920-114127.jpg,0,day,145.6,filename reading 00000; file 11/0_main_dig4_20260920-114127.jpg,,
sample_full,20260920-114127_dig5,20260920-114127,5,C:\Users\josep\source\repos\AIOTED-digital-rawdigits\20260920\11\0_main_dig5_20260920-114127.jpg,0,day,157.3,filename reading 00000; file 11/0_main_dig5_20260920-114127.jpg,,
sample_full,20260920-114127_dig6,20260920-114127,6,C:\Users\josep\source\repos\AIOTED-digital-rawdigits\20260920\11\0_main_dig6_20260920-114127.jpg,0,day,180.9,filename reading 00000; file 11/0_main_dig6_20260920-114127.jpg,,
sample_full,20260920-114527_dig2,20260920-114527,2,C:\Users\josep\source\repos\AIOTED-digital-rawdigits\20260920\11\8_main_dig2_20260920-114527.jpg,8,day,150.6,filename reading 88888; file 11/8_main_dig2_20260920-114527.jpg,,
sample_full,20260920-114527_dig3,20260920-114527,3,C:\Users\josep\source\repos\AIOTED-digital-rawdigits\20260920\11\8_main_dig3_20260920-114527.jpg,8,day,141.8,filename reading 88888; file 11/8_main_dig3_20260920-114527.jpg,,
sample_full,20260920-114527_dig4,20260920-114527,4,C:\Users\josep\source\repos\AIOTED-digital-rawdigits\20260920\11\8_main_dig4_20260920-114527.jpg,8,day,150.2,filename reading 88888; file 11/8_main_dig4_20260920-114527.jpg,,
sample_full,20260920-114527_dig5,20260920-114527,5,C:\Users\josep\source\repos\AIOTED-digital-rawdigits\20260920\11\8_main_dig5_20260920-114527.jpg,8,day,162.3,filename reading 88888; file 11/8_main_dig5_20260920-114527.jpg,,
sample_full,20260920-114527_dig6,20260920-114527,6,C:\Users\josep\source\repos\AIOTED-digital-rawdigits\20260920\11\8_main_dig6_20260920-114527.jpg,8,day,186.3,filename reading 88888; file 11/8_main_dig6_20260920-114527.jpg,,
sample_full,20260920-114927_dig2,20260920-114927,2,C:\Users\josep\source\repos\AIOTED-digital-rawdigits\20260920\11\5_main_dig2_20260920-114927.jpg,5,day,155.9,filename reading 59201; file 11/5_main_dig2_20260920-114927.jpg,,
sample_full,20260920-114927_dig3,20260920-114927,3,C:\Users\josep\source\repos\AIOTED-digital-rawdigits\20260920\11\9_main_dig3_20260920-114927.jpg,9,day,146.0,filename reading 59201; file 11/9_main_dig3_20260920-114927.jpg,,
sample_full,20260920-114927_dig4,20260920-114927,4,C:\Users\josep\source\repos\AIOTED-digital-rawdigits\20260920\11\2_main_dig4_20260920-114927.jpg,2,day,156.3,filename reading 59201; file 11/2_main_dig4_20260920-114927.jpg,,
sample_full,20260920-114927_dig5,20260920-114927,5,C:\Users\josep\source\repos\AIOTED-digital-rawdigits\20260920\11\0_main_dig5_20260920-114927.jpg,0,day,169.8,filename reading 59201; file 11/0_main_dig5_20260920-114927.jpg,,
sample_full,20260920-114927_dig6,20260920-114927,6,C:\Users\josep\source\repos\AIOTED-digital-rawdigits\20260920\11\1_main_dig6_20260920-114927.jpg,1,day,199.8,filename reading 59201; file 11/1_main_dig6_20260920-114927.jpg,drift,
sample_full,20260920-115327_dig2,20260920-115327,2,C:\Users\josep\source\repos\AIOTED-digital-rawdigits\20260920\11\10_main_dig2_20260920-115327.jpg,N,day,156.9,filename reading NNN08; file 11/10_main_dig2_20260920-115327.jpg,,
sample_full,20260920-115327_dig3,20260920-115327,3,C:\Users\josep\source\repos\AIOTED-digital-rawdigits\20260920\11\10_main_dig3_20260920-115327.jpg,N,day,147.9,filename reading NNN08; file 11/10_main_dig3_20260920-115327.jpg,drift,
sample_full,20260920-115327_dig4,20260920-115327,4,C:\Users\josep\source\repos\AIOTED-digital-rawdigits\20260920\11\10_main_dig4_20260920-115327.jpg,N,day,155.9,filename reading NNN08; file 11/10_main_dig4_20260920-115327.jpg,,
sample_full,20260920-115327_dig5,20260920-115327,5,C:\Users\josep\source\repos\AIOTED-digital-rawdigits\20260920\11\0_main_dig5_20260920-115327.jpg,0,day,160.9,filename reading NNN08; file 11/0_main_dig5_20260920-115327.jpg,,
sample_full,20260920-115327_dig6,20260920-115327,6,C:\Users\josep\source\repos\AIOTED-digital-rawdigits\20260920\11\8_main_dig6_20260920-115327.jpg,8,day,185.0,filename reading NNN08; file 11/8_main_dig6_20260920-115327.jpg,,
sample_full,20260920-115727_dig2,20260920-115727,2,C:\Users\josep\source\repos\AIOTED-digital-rawdigits\20260920\11\5_main_dig2_20260920-115727.jpg,5,day,153.3,filename reading 59202; file 11/5_main_dig2_20260920-115727.jpg,,
sample_full,20260920-115727_dig3,20260920-115727,3,C:\Users\josep\source\repos\AIOTED-digital-rawdigits\20260920\11\9_main_dig3_20260920-115727.jpg,9,day,143.4,filename reading 59202; file 11/9_main_dig3_20260920-115727.jpg,,
sample_full,20260920-115727_dig4,20260920-115727,4,C:\Users\josep\source\repos\AIOTED-digital-rawdigits\20260920\11\2_main_dig4_20260920-115727.jpg,2,day,152.7,filename reading 59202; file 11/2_main_dig4_20260920-115727.jpg,,
sample_full,20260920-115727_dig5,20260920-115727,5,C:\Users\josep\source\repos\AIOTED-digital-rawdigits\20260920\11\0_main_dig5_20260920-115727.jpg,0,day,164.1,filename reading 59202; file 11/0_main_dig5_20260920-115727.jpg,,
sample_full,20260920-115727_dig6,20260920-115727,6,C:\Users\josep\source\repos\AIOTED-digital-rawdigits\20260920\11\2_main_dig6_20260920-115727.jpg,2,day,191.8,filename reading 59202; file 11/2_main_dig6_20260920-115727.jpg,,
sample_full,20260920-120127_dig2,20260920-120127,2,C:\Users\josep\source\repos\AIOTED-digital-rawdigits\20260920\12\0_main_dig2_20260920-120127.jpg,0,day,148.8,filename reading 00000; file 12/0_main_dig2_20260920-120127.jpg,,
sample_full,20260920-120127_dig3,20260920-120127,3,C:\Users\josep\source\repos\AIOTED-digital-rawdigits\20260920\12\0_main_dig3_20260920-120127.jpg,0,day,139.1,filename reading 00000; file 12/0_main_dig3_20260920-120127.jpg,,
sample_full,20260920-120127_dig4,20260920-120127,4,C:\Users\josep\source\repos\AIOTED-digital-rawdigits\20260920\12\0_main_dig4_20260920-120127.jpg,0,day,147.6,filename reading 00000; file 12/0_main_dig4_20260920-120127.jpg,,
sample_full,20260920-120127_dig5,20260920-120127,5,C:\Users\josep\source\repos\AIOTED-digital-rawdigits\20260920\12\0_main_dig5_20260920-120127.jpg,0,day,163.3,filename reading 00000; file 12/0_main_dig5_20260920-120127.jpg,,
sample_full,20260920-120127_dig6,20260920-120127,6,C:\Users\josep\source\repos\AIOTED-digital-rawdigits\20260920\12\0_main_dig6_20260920-120127.jpg,0,day,184.5,filename reading 00000; file 12/0_main_dig6_20260920-120127.jpg,,
sample_full,20260920-120527_dig2,20260920-120527,2,C:\Users\josep\source\repos\AIOTED-digital-rawdigits\20260920\12\8_main_dig2_20260920-120527.jpg,8,day,143.8,filename reading 88888; file 12/8_main_dig2_20260920-120527.jpg,,
sample_full,20260920-120527_dig3,20260920-120527,3,C:\Users\josep\source\repos\AIOTED-digital-rawdigits\20260920\12\8_main_dig3_20260920-120527.jpg,8,day,134.3,filename reading 88888; file 12/8_main_dig3_20260920-120527.jpg,,
sample_full,20260920-120527_dig4,20260920-120527,4,C:\Users\josep\source\repos\AIOTED-digital-rawdigits\20260920\12\8_main_dig4_20260920-120527.jpg,8,day,140.4,filename reading 88888; file 12/8_main_dig4_20260920-120527.jpg,,
sample_full,20260920-120527_dig5,20260920-120527,5,C:\Users\josep\source\repos\AIOTED-digital-rawdigits\20260920\12\8_main_dig5_20260920-120527.jpg,8,day,152.4,filename reading 88888; file 12/8_main_dig5_20260920-120527.jpg,,
sample_full,20260920-120527_dig6,20260920-120527,6,C:\Users\josep\source\repos\AIOTED-digital-rawdigits\20260920\12\8_main_dig6_20260920-120527.jpg,8,day,172.4,filename reading 88888; file 12/8_main_dig6_20260920-120527.jpg,,
sample_full,20260920-120927_dig2,20260920-120927,2,C:\Users\josep\source\repos\AIOTED-digital-rawdigits\20260920\12\5_main_dig2_20260920-120927.jpg,5,day,147.5,filename reading 59202; file 12/5_main_dig2_20260920-120927.jpg,,
sample_full,20260920-120927_dig3,20260920-120927,3,C:\Users\josep\source\repos\AIOTED-digital-rawdigits\20260920\12\9_main_dig3_20260920-120927.jpg,9,day,137.3,filename reading 59202; file 12/9_main_dig3_20260920-120927.jpg,,
sample_full,20260920-120927_dig4,20260920-120927,4,C:\Users\josep\source\repos\AIOTED-digital-rawdigits\20260920\12\2_main_dig4_20260920-120927.jpg,2,day,144.8,filename reading 59202; file 12/2_main_dig4_20260920-120927.jpg,,
sample_full,20260920-120927_dig5,20260920-120927,5,C:\Users\josep\source\repos\AIOTED-digital-rawdigits\20260920\12\0_main_dig5_20260920-120927.jpg,0,day,154.1,filename reading 59202; file 12/0_main_dig5_20260920-120927.jpg,,
sample_full,20260920-120927_dig6,20260920-120927,6,C:\Users\josep\source\repos\AIOTED-digital-rawdigits\20260920\12\2_main_dig6_20260920-120927.jpg,2,day,179.4,filename reading 59202; file 12/2_main_dig6_20260920-120927.jpg,,
sample_full,20260920-121327_dig2,20260920-121327,2,C:\Users\josep\source\repos\AIOTED-digital-rawdigits\20260920\12\10_main_dig2_20260920-121327.jpg,N,day,162.1,filename reading NNN08; file 12/10_main_dig2_20260920-121327.jpg,,
sample_full,20260920-121327_dig3,20260920-121327,3,C:\Users\josep\source\repos\AIOTED-digital-rawdigits\20260920\12\10_main_dig3_20260920-121327.jpg,N,day,151.5,filename reading NNN08; file 12/10_main_dig3_20260920-121327.jpg,,
sample_full,20260920-121327_dig4,20260920-121327,4,C:\Users\josep\source\repos\AIOTED-digital-rawdigits\20260920\12\10_main_dig4_20260920-121327.jpg,N,day,158.0,filename reading NNN08; file 12/10_main_dig4_20260920-121327.jpg,,
sample_full,20260920-121327_dig5,20260920-121327,5,C:\Users\josep\source\repos\AIOTED-digital-rawdigits\20260920\12\0_main_dig5_20260920-121327.jpg,0,day,160.7,filename reading NNN08; file 12/0_main_dig5_20260920-121327.jpg,,
sample_full,20260920-121327_dig6,20260920-121327,6,C:\Users\josep\source\repos\AIOTED-digital-rawdigits\20260920\12\8_main_dig6_20260920-121327.jpg,8,day,183.8,filename reading NNN08; file 12/8_main_dig6_20260920-121327.jpg,,
sample_full,20260920-121727_dig2,20260920-121727,2,C:\Users\josep\source\repos\AIOTED-digital-rawdigits\20260920\12\5_main_dig2_20260920-121727.jpg,5,day,150.6,filename reading 59202; file 12/5_main_dig2_20260920-121727.jpg,,
sample_full,20260920-121727_dig3,20260920-121727,3,C:\Users\josep\source\repos\AIOTED-digital-rawdigits\20260920\12\9_main_dig3_20260920-121727.jpg,9,day,139.7,filename reading 59202; file 12/9_main_dig3_20260920-121727.jpg,,
sample_full,20260920-121727_dig4,20260920-121727,4,C:\Users\josep\source\repos\AIOTED-digital-rawdigits\20260920\12\2_main_dig4_20260920-121727.jpg,2,day,147.2,filename reading 59202; file 12/2_main_dig4_20260920-121727.jpg,drift,
sample_full,20260920-121727_dig5,20260920-121727,5,C:\Users\josep\source\repos\AIOTED-digital-rawdigits\20260920\12\0_main_dig5_20260920-121727.jpg,0,day,155.5,filename reading 59202; file 12/0_main_dig5_20260920-121727.jpg,,
sample_full,20260920-121727_dig6,20260920-121727,6,C:\Users\josep\source\repos\AIOTED-digital-rawdigits\20260920\12\2_main_dig6_20260920-121727.jpg,2,day,180.8,filename reading 59202; file 12/2_main_dig6_20260920-121727.jpg,,
sample_full,20260920-122127_dig2,20260920-122127,2,C:\Users\josep\source\repos\AIOTED-digital-rawdigits\20260920\12\0_main_dig2_20260920-122127.jpg,0,day,145.3,filename reading 00000; file 12/0_main_dig2_20260920-122127.jpg,,
sample_full,20260920-122127_dig3,20260920-122127,3,C:\Users\josep\source\repos\AIOTED-digital-rawdigits\20260920\12\0_main_dig3_20260920-122127.jpg,0,day,135.4,filename reading 00000; file 12/0_main_dig3_20260920-122127.jpg,,
sample_full,20260920-122127_dig4,20260920-122127,4,C:\Users\josep\source\repos\AIOTED-digital-rawdigits\20260920\12\0_main_dig4_20260920-122127.jpg,0,day,141.8,filename reading 00000; file 12/0_main_dig4_20260920-122127.jpg,,
sample_full,20260920-122127_dig5,20260920-122127,5,C:\Users\josep\source\repos\AIOTED-digital-rawdigits\20260920\12\0_main_dig5_20260920-122127.jpg,0,day,153.2,filename reading 00000; file 12/0_main_dig5_20260920-122127.jpg,,
sample_full,20260920-122127_dig6,20260920-122127,6,C:\Users\josep\source\repos\AIOTED-digital-rawdigits\20260920\12\0_main_dig6_20260920-122127.jpg,0,day,172.8,filename reading 00000; file 12/0_main_dig6_20260920-122127.jpg,,
sample_full,20260920-122527_dig2,20260920-122527,2,C:\Users\josep\source\repos\AIOTED-digital-rawdigits\20260920\12\8_main_dig2_20260920-122527.jpg,8,day,149.5,filename reading 88888; file 12/8_main_dig2_20260920-122527.jpg,,
sample_full,20260920-122527_dig3,20260920-122527,3,C:\Users\josep\source\repos\AIOTED-digital-rawdigits\20260920\12\8_main_dig3_20260920-122527.jpg,8,day,139.3,filename reading 88888; file 12/8_main_dig3_20260920-122527.jpg,,
sample_full,20260920-122527_dig4,20260920-122527,4,C:\Users\josep\source\repos\AIOTED-digital-rawdigits\20260920\12\8_main_dig4_20260920-122527.jpg,8,day,144.0,filename reading 88888; file 12/8_main_dig4_20260920-122527.jpg,,
sample_full,20260920-122527_dig5,20260920-122527,5,C:\Users\josep\source\repos\AIOTED-digital-rawdigits\20260920\12\8_main_dig5_20260920-122527.jpg,8,day,151.8,filename reading 88888; file 12/8_main_dig5_20260920-122527.jpg,,
sample_full,20260920-122527_dig6,20260920-122527,6,C:\Users\josep\source\repos\AIOTED-digital-rawdigits\20260920\12\8_main_dig6_20260920-122527.jpg,8,day,170.8,filename reading 88888; file 12/8_main_dig6_20260920-122527.jpg,,
sample_full,20260920-122927_dig2,20260920-122927,2,C:\Users\josep\source\repos\AIOTED-digital-rawdigits\20260920\12\5_main_dig2_20260920-122927.jpg,5,day,150.8,filename reading 59202; file 12/5_main_dig2_20260920-122927.jpg,,
sample_full,20260920-122927_dig3,20260920-122927,3,C:\Users\josep\source\repos\AIOTED-digital-rawdigits\20260920\12\9_main_dig3_20260920-122927.jpg,9,day,139.6,filename reading 59202; file 12/9_main_dig3_20260920-122927.jpg,,
sample_full,20260920-122927_dig4,20260920-122927,4,C:\Users\josep\source\repos\AIOTED-digital-rawdigits\20260920\12\2_main_dig4_20260920-122927.jpg,2,day,145.7,filename reading 59202; file 12/2_main_dig4_20260920-122927.jpg,,
sample_full,20260920-122927_dig5,20260920-122927,5,C:\Users\josep\source\repos\AIOTED-digital-rawdigits\20260920\12\0_main_dig5_20260920-122927.jpg,0,day,152.3,filename reading 59202; file 12/0_main_dig5_20260920-122927.jpg,,
sample_full,20260920-122927_dig6,20260920-122927,6,C:\Users\josep\source\repos\AIOTED-digital-rawdigits\20260920\12\2_main_dig6_20260920-122927.jpg,2,day,175.6,filename reading 59202; file 12/2_main_dig6_20260920-122927.jpg,,
sample_full,20260920-123327_dig2,20260920-123327,2,C:\Users\josep\source\repos\AIOTED-digital-rawdigits\20260920\12\8_main_dig2_20260920-123327.jpg,8,day,147.2,filename reading 88888; file 12/8_main_dig2_20260920-123327.jpg,,
sample_full,20260920-123327_dig3,20260920-123327,3,C:\Users\josep\source\repos\AIOTED-digital-rawdigits\20260920\12\8_main_dig3_20260920-123327.jpg,8,day,136.5,filename reading 88888; file 12/8_main_dig3_20260920-123327.jpg,,
sample_full,20260920-123327_dig4,20260920-123327,4,C:\Users\josep\source\repos\AIOTED-digital-rawdigits\20260920\12\8_main_dig4_20260920-123327.jpg,8,day,141.4,filename reading 88888; file 12/8_main_dig4_20260920-123327.jpg,,
sample_full,20260920-123327_dig5,20260920-123327,5,C:\Users\josep\source\repos\AIOTED-digital-rawdigits\20260920\12\8_main_dig5_20260920-123327.jpg,8,day,150.3,filename reading 88888; file 12/8_main_dig5_20260920-123327.jpg,,
sample_full,20260920-123327_dig6,20260920-123327,6,C:\Users\josep\source\repos\AIOTED-digital-rawdigits\20260920\12\8_main_dig6_20260920-123327.jpg,8,day,168.8,filename reading 88888; file 12/8_main_dig6_20260920-123327.jpg,,
sample_full,20260920-123727_dig2,20260920-123727,2,C:\Users\josep\source\repos\AIOTED-digital-rawdigits\20260920\12\5_main_dig2_20260920-123727.jpg,5,day,129.7,filename reading 59202; file 12/5_main_dig2_20260920-123727.jpg,,
sample_full,20260920-123727_dig3,20260920-123727,3,C:\Users\josep\source\repos\AIOTED-digital-rawdigits\20260920\12\9_main_dig3_20260920-123727.jpg,9,day,121.7,filename reading 59202; file 12/9_main_dig3_20260920-123727.jpg,,
sample_full,20260920-123727_dig4,20260920-123727,4,C:\Users\josep\source\repos\AIOTED-digital-rawdigits\20260920\12\2_main_dig4_20260920-123727.jpg,2,day,124.3,filename reading 59202; file 12/2_main_dig4_20260920-123727.jpg,,
sample_full,20260920-123727_dig5,20260920-123727,5,C:\Users\josep\source\repos\AIOTED-digital-rawdigits\20260920\12\0_main_dig5_20260920-123727.jpg,0,day,123.2,filename reading 59202; file 12/0_main_dig5_20260920-123727.jpg,,
sample_full,20260920-123727_dig6,20260920-123727,6,C:\Users\josep\source\repos\AIOTED-digital-rawdigits\20260920\12\2_main_dig6_20260920-123727.jpg,2,day,141.5,filename reading 59202; file 12/2_main_dig6_20260920-123727.jpg,,
sample_full,20260920-124127_dig2,20260920-124127,2,C:\Users\josep\source\repos\AIOTED-digital-rawdigits\20260920\12\0_main_dig2_20260920-124127.jpg,0,day,151.8,filename reading 00000; file 12/0_main_dig2_20260920-124127.jpg,,
sample_full,20260920-124127_dig3,20260920-124127,3,C:\Users\josep\source\repos\AIOTED-digital-rawdigits\20260920\12\0_main_dig3_20260920-124127.jpg,0,day,140.8,filename reading 00000; file 12/0_main_dig3_20260920-124127.jpg,,
sample_full,20260920-124127_dig4,20260920-124127,4,C:\Users\josep\source\repos\AIOTED-digital-rawdigits\20260920\12\0_main_dig4_20260920-124127.jpg,0,day,145.6,filename reading 00000; file 12/0_main_dig4_20260920-124127.jpg,,
sample_full,20260920-124127_dig5,20260920-124127,5,C:\Users\josep\source\repos\AIOTED-digital-rawdigits\20260920\12\0_main_dig5_20260920-124127.jpg,0,day,154.0,filename reading 00000; file 12/0_main_dig5_20260920-124127.jpg,,
sample_full,20260920-124127_dig6,20260920-124127,6,C:\Users\josep\source\repos\AIOTED-digital-rawdigits\20260920\12\0_main_dig6_20260920-124127.jpg,0,day,172.4,filename reading 00000; file 12/0_main_dig6_20260920-124127.jpg,,
sample_full,20260920-124527_dig2,20260920-124527,2,C:\Users\josep\source\repos\AIOTED-digital-rawdigits\20260920\12\5_main_dig2_20260920-124527.jpg,5,day,135.6,filename reading 59202; file 12/5_main_dig2_20260920-124527.jpg,,
sample_full,20260920-124527_dig3,20260920-124527,3,C:\Users\josep\source\repos\AIOTED-digital-rawdigits\20260920\12\9_main_dig3_20260920-124527.jpg,9,day,126.8,filename reading 59202; file 12/9_main_dig3_20260920-124527.jpg,,
sample_full,20260920-124527_dig4,20260920-124527,4,C:\Users\josep\source\repos\AIOTED-digital-rawdigits\20260920\12\2_main_dig4_20260920-124527.jpg,2,day,129.8,filename reading 59202; file 12/2_main_dig4_20260920-124527.jpg,,
sample_full,20260920-124527_dig5,20260920-124527,5,C:\Users\josep\source\repos\AIOTED-digital-rawdigits\20260920\12\0_main_dig5_20260920-124527.jpg,0,day,130.7,filename reading 59202; file 12/0_main_dig5_20260920-124527.jpg,,
sample_full,20260920-124527_dig6,20260920-124527,6,C:\Users\josep\source\repos\AIOTED-digital-rawdigits\20260920\12\2_main_dig6_20260920-124527.jpg,2,day,149.6,filename reading 59202; file 12/2_main_dig6_20260920-124527.jpg,,
sample_full,20260920-124927_dig2,20260920-124927,2,C:\Users\josep\source\repos\AIOTED-digital-rawdigits\20260920\12\5_main_dig2_20260920-124927.jpg,5,day,154.6,filename reading 59202; file 12/5_main_dig2_20260920-124927.jpg,,
sample_full,20260920-124927_dig3,20260920-124927,3,C:\Users\josep\source\repos\AIOTED-digital-rawdigits\20260920\12\9_main_dig3_20260920-124927.jpg,9,day,141.3,filename reading 59202; file 12/9_main_dig3_20260920-124927.jpg,,
sample_full,20260920-124927_dig4,20260920-124927,4,C:\Users\josep\source\repos\AIOTED-digital-rawdigits\20260920\12\2_main_dig4_20260920-124927.jpg,2,day,147.3,filename reading 59202; file 12/2_main_dig4_20260920-124927.jpg,,
sample_full,20260920-124927_dig5,20260920-124927,5,C:\Users\josep\source\repos\AIOTED-digital-rawdigits\20260920\12\0_main_dig5_20260920-124927.jpg,0,day,153.8,filename reading 59202; file 12/0_main_dig5_20260920-124927.jpg,,
sample_full,20260920-124927_dig6,20260920-124927,6,C:\Users\josep\source\repos\AIOTED-digital-rawdigits\20260920\12\2_main_dig6_20260920-124927.jpg,2,day,176.5,filename reading 59202; file 12/2_main_dig6_20260920-124927.jpg,,
sample_full,20260920-125327_dig2,20260920-125327,2,C:\Users\josep\source\repos\AIOTED-digital-rawdigits\20260920\12\8_main_dig2_20260920-125327.jpg,8,day,148.0,filename reading 88888; file 12/8_main_dig2_20260920-125327.jpg,,
sample_full,20260920-125327_dig3,20260920-125327,3,C:\Users\josep\source\repos\AIOTED-digital-rawdigits\20260920\12\8_main_dig3_20260920-125327.jpg,8,day,135.7,filename reading 88888; file 12/8_main_dig3_20260920-125327.jpg,,
sample_full,20260920-125327_dig4,20260920-125327,4,C:\Users\josep\source\repos\AIOTED-digital-rawdigits\20260920\12\8_main_dig4_20260920-125327.jpg,8,day,140.6,filename reading 88888; file 12/8_main_dig4_20260920-125327.jpg,,
sample_full,20260920-125327_dig5,20260920-125327,5,C:\Users\josep\source\repos\AIOTED-digital-rawdigits\20260920\12\8_main_dig5_20260920-125327.jpg,8,day,149.4,filename reading 88888; file 12/8_main_dig5_20260920-125327.jpg,,
sample_full,20260920-125327_dig6,20260920-125327,6,C:\Users\josep\source\repos\AIOTED-digital-rawdigits\20260920\12\8_main_dig6_20260920-125327.jpg,8,day,167.2,filename reading 88888; file 12/8_main_dig6_20260920-125327.jpg,drift,
sample_full,20260920-125727_dig2,20260920-125727,2,C:\Users\josep\source\repos\AIOTED-digital-rawdigits\20260920\12\5_main_dig2_20260920-125727.jpg,5,day,156.5,filename reading 59203; file 12/5_main_dig2_20260920-125727.jpg,,
sample_full,20260920-125727_dig3,20260920-125727,3,C:\Users\josep\source\repos\AIOTED-digital-rawdigits\20260920\12\9_main_dig3_20260920-125727.jpg,9,day,142.1,filename reading 59203; file 12/9_main_dig3_20260920-125727.jpg,drift,
sample_full,20260920-125727_dig4,20260920-125727,4,C:\Users\josep\source\repos\AIOTED-digital-rawdigits\20260920\12\2_main_dig4_20260920-125727.jpg,2,day,147.5,filename reading 59203; file 12/2_main_dig4_20260920-125727.jpg,,
sample_full,20260920-125727_dig5,20260920-125727,5,C:\Users\josep\source\repos\AIOTED-digital-rawdigits\20260920\12\0_main_dig5_20260920-125727.jpg,0,day,154.9,filename reading 59203; file 12/0_main_dig5_20260920-125727.jpg,,
sample_full,20260920-125727_dig6,20260920-125727,6,C:\Users\josep\source\repos\AIOTED-digital-rawdigits\20260920\12\3_main_dig6_20260920-125727.jpg,3,day,174.4,filename reading 59203; file 12/3_main_dig6_20260920-125727.jpg,,
sample_full,20260920-130127_dig2,20260920-130127,2,C:\Users\josep\source\repos\AIOTED-digital-rawdigits\20260920\13\0_main_dig2_20260920-130127.jpg,0,day,148.6,filename reading 00000; file 13/0_main_dig2_20260920-130127.jpg,drift,
sample_full,20260920-130127_dig3,20260920-130127,3,C:\Users\josep\source\repos\AIOTED-digital-rawdigits\20260920\13\0_main_dig3_20260920-130127.jpg,0,day,135.8,filename reading 00000; file 13/0_main_dig3_20260920-130127.jpg,,
sample_full,20260920-130127_dig4,20260920-130127,4,C:\Users\josep\source\repos\AIOTED-digital-rawdigits\20260920\13\0_main_dig4_20260920-130127.jpg,0,day,140.0,filename reading 00000; file 13/0_main_dig4_20260920-130127.jpg,,
sample_full,20260920-130127_dig5,20260920-130127,5,C:\Users\josep\source\repos\AIOTED-digital-rawdigits\20260920\13\0_main_dig5_20260920-130127.jpg,0,day,148.2,filename reading 00000; file 13/0_main_dig5_20260920-130127.jpg,,
sample_full,20260920-130127_dig6,20260920-130127,6,C:\Users\josep\source\repos\AIOTED-digital-rawdigits\20260920\13\0_main_dig6_20260920-130127.jpg,0,day,164.7,filename reading 00000; file 13/0_main_dig6_20260920-130127.jpg,,
sample_full,20260920-130527_dig2,20260920-130527,2,C:\Users\josep\source\repos\AIOTED-digital-rawdigits\20260920\13\5_main_dig2_20260920-130527.jpg,5,day,160.0,filename reading 59203; file 13/5_main_dig2_20260920-130527.jpg,,
sample_full,20260920-130527_dig3,20260920-130527,3,C:\Users\josep\source\repos\AIOTED-digital-rawdigits\20260920\13\9_main_dig3_20260920-130527.jpg,9,day,145.1,filename reading 59203; file 13/9_main_dig3_20260920-130527.jpg,,
sample_full,20260920-130527_dig4,20260920-130527,4,C:\Users\josep\source\repos\AIOTED-digital-rawdigits\20260920\13\2_main_dig4_20260920-130527.jpg,2,day,149.6,filename reading 59203; file 13/2_main_dig4_20260920-130527.jpg,,
sample_full,20260920-130527_dig5,20260920-130527,5,C:\Users\josep\source\repos\AIOTED-digital-rawdigits\20260920\13\0_main_dig5_20260920-130527.jpg,0,day,156.2,filename reading 59203; file 13/0_main_dig5_20260920-130527.jpg,,
sample_full,20260920-130527_dig6,20260920-130527,6,C:\Users\josep\source\repos\AIOTED-digital-rawdigits\20260920\13\3_main_dig6_20260920-130527.jpg,3,day,175.2,filename reading 59203; file 13/3_main_dig6_20260920-130527.jpg,,
sample_full,20260920-130927_dig2,20260920-130927,2,C:\Users\josep\source\repos\AIOTED-digital-rawdigits\20260920\13\5_main_dig2_20260920-130927.jpg,5,day,133.3,filename reading 59203; file 13/5_main_dig2_20260920-130927.jpg,drift,
sample_full,20260920-130927_dig3,20260920-130927,3,C:\Users\josep\source\repos\AIOTED-digital-rawdigits\20260920\13\9_main_dig3_20260920-130927.jpg,9,day,124.1,filename reading 59203; file 13/9_main_dig3_20260920-130927.jpg,,
sample_full,20260920-130927_dig4,20260920-130927,4,C:\Users\josep\source\repos\AIOTED-digital-rawdigits\20260920\13\2_main_dig4_20260920-130927.jpg,2,day,126.6,filename reading 59203; file 13/2_main_dig4_20260920-130927.jpg,,
sample_full,20260920-130927_dig5,20260920-130927,5,C:\Users\josep\source\repos\AIOTED-digital-rawdigits\20260920\13\0_main_dig5_20260920-130927.jpg,0,day,127.1,filename reading 59203; file 13/0_main_dig5_20260920-130927.jpg,,
sample_full,20260920-130927_dig6,20260920-130927,6,C:\Users\josep\source\repos\AIOTED-digital-rawdigits\20260920\13\3_main_dig6_20260920-130927.jpg,3,day,144.2,filename reading 59203; file 13/3_main_dig6_20260920-130927.jpg,,
sample_full,20260920-131327_dig2,20260920-131327,2,C:\Users\josep\source\repos\AIOTED-digital-rawdigits\20260920\13\8_main_dig2_20260920-131327.jpg,8,day,153.5,filename reading 88888; file 13/8_main_dig2_20260920-131327.jpg,,
sample_full,20260920-131327_dig3,20260920-131327,3,C:\Users\josep\source\repos\AIOTED-digital-rawdigits\20260920\13\8_main_dig3_20260920-131327.jpg,8,day,140.7,filename reading 88888; file 13/8_main_dig3_20260920-131327.jpg,,
sample_full,20260920-131327_dig4,20260920-131327,4,C:\Users\josep\source\repos\AIOTED-digital-rawdigits\20260920\13\8_main_dig4_20260920-131327.jpg,8,day,142.3,filename reading 88888; file 13/8_main_dig4_20260920-131327.jpg,,
sample_full,20260920-131327_dig5,20260920-131327,5,C:\Users\josep\source\repos\AIOTED-digital-rawdigits\20260920\13\8_main_dig5_20260920-131327.jpg,8,day,146.7,filename reading 88888; file 13/8_main_dig5_20260920-131327.jpg,,
sample_full,20260920-131327_dig6,20260920-131327,6,C:\Users\josep\source\repos\AIOTED-digital-rawdigits\20260920\13\8_main_dig6_20260920-131327.jpg,8,day,161.0,filename reading 88888; file 13/8_main_dig6_20260920-131327.jpg,,
sample_full,20260920-131727_dig2,20260920-131727,2,C:\Users\josep\source\repos\AIOTED-digital-rawdigits\20260920\13\5_main_dig2_20260920-131727.jpg,5,day,160.2,filename reading 59203; file 13/5_main_dig2_20260920-131727.jpg,,
sample_full,20260920-131727_dig3,20260920-131727,3,C:\Users\josep\source\repos\AIOTED-digital-rawdigits\20260920\13\9_main_dig3_20260920-131727.jpg,9,day,145.7,filename reading 59203; file 13/9_main_dig3_20260920-131727.jpg,,
sample_full,20260920-131727_dig4,20260920-131727,4,C:\Users\josep\source\repos\AIOTED-digital-rawdigits\20260920\13\2_main_dig4_20260920-131727.jpg,2,day,149.4,filename reading 59203; file 13/2_main_dig4_20260920-131727.jpg,,
sample_full,20260920-131727_dig5,20260920-131727,5,C:\Users\josep\source\repos\AIOTED-digital-rawdigits\20260920\13\0_main_dig5_20260920-131727.jpg,0,day,154.7,filename reading 59203; file 13/0_main_dig5_20260920-131727.jpg,,
sample_full,20260920-131727_dig6,20260920-131727,6,C:\Users\josep\source\repos\AIOTED-digital-rawdigits\20260920\13\3_main_dig6_20260920-131727.jpg,3,day,174.1,filename reading 59203; file 13/3_main_dig6_20260920-131727.jpg,,
sample_full,20260920-132127_dig2,20260920-132127,2,C:\Users\josep\source\repos\AIOTED-digital-rawdigits\20260920\13\0_main_dig2_20260920-132127.jpg,0,day,153.3,filename reading 00000; file 13/0_main_dig2_20260920-132127.jpg,,
sample_full,20260920-132127_dig3,20260920-132127,3,C:\Users\josep\source\repos\AIOTED-digital-rawdigits\20260920\13\0_main_dig3_20260920-132127.jpg,0,day,140.8,filename reading 00000; file 13/0_main_dig3_20260920-132127.jpg,,
sample_full,20260920-132127_dig4,20260920-132127,4,C:\Users\josep\source\repos\AIOTED-digital-rawdigits\20260920\13\0_main_dig4_20260920-132127.jpg,0,day,143.2,filename reading 00000; file 13/0_main_dig4_20260920-132127.jpg,,
sample_full,20260920-132127_dig5,20260920-132127,5,C:\Users\josep\source\repos\AIOTED-digital-rawdigits\20260920\13\0_main_dig5_20260920-132127.jpg,0,day,148.6,filename reading 00000; file 13/0_main_dig5_20260920-132127.jpg,,
sample_full,20260920-132127_dig6,20260920-132127,6,C:\Users\josep\source\repos\AIOTED-digital-rawdigits\20260920\13\0_main_dig6_20260920-132127.jpg,0,day,165.2,filename reading 00000; file 13/0_main_dig6_20260920-132127.jpg,,
sample_full,20260920-132527_dig2,20260920-132527,2,C:\Users\josep\source\repos\AIOTED-digital-rawdigits\20260920\13\5_main_dig2_20260920-132527.jpg,5,day,159.7,filename reading 59203; file 13/5_main_dig2_20260920-132527.jpg,,
sample_full,20260920-132527_dig3,20260920-132527,3,C:\Users\josep\source\repos\AIOTED-digital-rawdigits\20260920\13\9_main_dig3_20260920-132527.jpg,9,day,145.6,filename reading 59203; file 13/9_main_dig3_20260920-132527.jpg,,
sample_full,20260920-132527_dig4,20260920-132527,4,C:\Users\josep\source\repos\AIOTED-digital-rawdigits\20260920\13\2_main_dig4_20260920-132527.jpg,2,day,148.3,filename reading 59203; file 13/2_main_dig4_20260920-132527.jpg,,
sample_full,20260920-132527_dig5,20260920-132527,5,C:\Users\josep\source\repos\AIOTED-digital-rawdigits\20260920\13\0_main_dig5_20260920-132527.jpg,0,day,151.7,filename reading 59203; file 13/0_main_dig5_20260920-132527.jpg,,
sample_full,20260920-132527_dig6,20260920-132527,6,C:\Users\josep\source\repos\AIOTED-digital-rawdigits\20260920\13\3_main_dig6_20260920-132527.jpg,3,day,169.5,filename reading 59203; file 13/3_main_dig6_20260920-132527.jpg,drift,
sample_full,20260920-132927_dig2,20260920-132927,2,C:\Users\josep\source\repos\AIOTED-digital-rawdigits\20260920\13\5_main_dig2_20260920-132927.jpg,5,day,156.5,filename reading 59203; file 13/5_main_dig2_20260920-132927.jpg,,
sample_full,20260920-132927_dig3,20260920-132927,3,C:\Users\josep\source\repos\AIOTED-digital-rawdigits\20260920\13\9_main_dig3_20260920-132927.jpg,9,day,141.4,filename reading 59203; file 13/9_main_dig3_20260920-132927.jpg,,
sample_full,20260920-132927_dig4,20260920-132927,4,C:\Users\josep\source\repos\AIOTED-digital-rawdigits\20260920\13\2_main_dig4_20260920-132927.jpg,2,day,144.5,filename reading 59203; file 13/2_main_dig4_20260920-132927.jpg,,
sample_full,20260920-132927_dig5,20260920-132927,5,C:\Users\josep\source\repos\AIOTED-digital-rawdigits\20260920\13\0_main_dig5_20260920-132927.jpg,0,day,148.6,filename reading 59203; file 13/0_main_dig5_20260920-132927.jpg,,
sample_full,20260920-132927_dig6,20260920-132927,6,C:\Users\josep\source\repos\AIOTED-digital-rawdigits\20260920\13\3_main_dig6_20260920-132927.jpg,3,day,165.9,filename reading 59203; file 13/3_main_dig6_20260920-132927.jpg,,
sample_full,20260920-133327_dig2,20260920-133327,2,C:\Users\josep\source\repos\AIOTED-digital-rawdigits\20260920\13\8_main_dig2_20260920-133327.jpg,8,day,125.3,filename reading 88888; file 13/8_main_dig2_20260920-133327.jpg,,
sample_full,20260920-133327_dig3,20260920-133327,3,C:\Users\josep\source\repos\AIOTED-digital-rawdigits\20260920\13\8_main_dig3_20260920-133327.jpg,8,day,117.5,filename reading 88888; file 13/8_main_dig3_20260920-133327.jpg,,
sample_full,20260920-133327_dig4,20260920-133327,4,C:\Users\josep\source\repos\AIOTED-digital-rawdigits\20260920\13\8_main_dig4_20260920-133327.jpg,8,day,118.1,filename reading 88888; file 13/8_main_dig4_20260920-133327.jpg,,
sample_full,20260920-133327_dig5,20260920-133327,5,C:\Users\josep\source\repos\AIOTED-digital-rawdigits\20260920\13\8_main_dig5_20260920-133327.jpg,8,day,118.8,filename reading 88888; file 13/8_main_dig5_20260920-133327.jpg,,
sample_full,20260920-133327_dig6,20260920-133327,6,C:\Users\josep\source\repos\AIOTED-digital-rawdigits\20260920\13\8_main_dig6_20260920-133327.jpg,8,day,132.3,filename reading 88888; file 13/8_main_dig6_20260920-133327.jpg,,
sample_full,20260920-133727_dig2,20260920-133727,2,C:\Users\josep\source\repos\AIOTED-digital-rawdigits\20260920\13\5_main_dig2_20260920-133727.jpg,5,day,136.5,filename reading 59203; file 13/5_main_dig2_20260920-133727.jpg,,
sample_full,20260920-133727_dig3,20260920-133727,3,C:\Users\josep\source\repos\AIOTED-digital-rawdigits\20260920\13\9_main_dig3_20260920-133727.jpg,9,day,127.5,filename reading 59203; file 13/9_main_dig3_20260920-133727.jpg,drift,
sample_full,20260920-133727_dig4,20260920-133727,4,C:\Users\josep\source\repos\AIOTED-digital-rawdigits\20260920\13\2_main_dig4_20260920-133727.jpg,2,day,130.9,filename reading 59203; file 13/2_main_dig4_20260920-133727.jpg,,
sample_full,20260920-133727_dig5,20260920-133727,5,C:\Users\josep\source\repos\AIOTED-digital-rawdigits\20260920\13\0_main_dig5_20260920-133727.jpg,0,day,132.9,filename reading 59203; file 13/0_main_dig5_20260920-133727.jpg,,
sample_full,20260920-133727_dig6,20260920-133727,6,C:\Users\josep\source\repos\AIOTED-digital-rawdigits\20260920\13\3_main_dig6_20260920-133727.jpg,3,day,151.3,filename reading 59203; file 13/3_main_dig6_20260920-133727.jpg,,
sample_full,20260920-134127_dig2,20260920-134127,2,C:\Users\josep\source\repos\AIOTED-digital-rawdigits\20260920\13\0_main_dig2_20260920-134127.jpg,0,day,121.9,filename reading 00000; file 13/0_main_dig2_20260920-134127.jpg,,
sample_full,20260920-134127_dig3,20260920-134127,3,C:\Users\josep\source\repos\AIOTED-digital-rawdigits\20260920\13\0_main_dig3_20260920-134127.jpg,0,day,115.0,filename reading 00000; file 13/0_main_dig3_20260920-134127.jpg,,
sample_full,20260920-134127_dig4,20260920-134127,4,C:\Users\josep\source\repos\AIOTED-digital-rawdigits\20260920\13\0_main_dig4_20260920-134127.jpg,0,day,115.5,filename reading 00000; file 13/0_main_dig4_20260920-134127.jpg,,
sample_full,20260920-134127_dig5,20260920-134127,5,C:\Users\josep\source\repos\AIOTED-digital-rawdigits\20260920\13\0_main_dig5_20260920-134127.jpg,0,day,115.3,filename reading 00000; file 13/0_main_dig5_20260920-134127.jpg,,
sample_full,20260920-134127_dig6,20260920-134127,6,C:\Users\josep\source\repos\AIOTED-digital-rawdigits\20260920\13\0_main_dig6_20260920-134127.jpg,0,day,128.0,filename reading 00000; file 13/0_main_dig6_20260920-134127.jpg,,
sample_full,20260920-134527_dig2,20260920-134527,2,C:\Users\josep\source\repos\AIOTED-digital-rawdigits\20260920\13\5_main_dig2_20260920-134527.jpg,5,day,148.2,filename reading 59203; file 13/5_main_dig2_20260920-134527.jpg,,
sample_full,20260920-134527_dig3,20260920-134527,3,C:\Users\josep\source\repos\AIOTED-digital-rawdigits\20260920\13\9_main_dig3_20260920-134527.jpg,9,day,136.8,filename reading 59203; file 13/9_main_dig3_20260920-134527.jpg,,
sample_full,20260920-134527_dig4,20260920-134527,4,C:\Users\josep\source\repos\AIOTED-digital-rawdigits\20260920\13\2_main_dig4_20260920-134527.jpg,2,day,140.5,filename reading 59203; file 13/2_main_dig4_20260920-134527.jpg,,
sample_full,20260920-134527_dig5,20260920-134527,5,C:\Users\josep\source\repos\AIOTED-digital-rawdigits\20260920\13\0_main_dig5_20260920-134527.jpg,0,day,144.8,filename reading 59203; file 13/0_main_dig5_20260920-134527.jpg,,
sample_full,20260920-134527_dig6,20260920-134527,6,C:\Users\josep\source\repos\AIOTED-digital-rawdigits\20260920\13\3_main_dig6_20260920-134527.jpg,3,day,166.5,filename reading 59203; file 13/3_main_dig6_20260920-134527.jpg,,
sample_full,20260920-134927_dig2,20260920-134927,2,C:\Users\josep\source\repos\AIOTED-digital-rawdigits\20260920\13\5_main_dig2_20260920-134927.jpg,5,day,136.3,filename reading 59203; file 13/5_main_dig2_20260920-134927.jpg,,
sample_full,20260920-134927_dig3,20260920-134927,3,C:\Users\josep\source\repos\AIOTED-digital-rawdigits\20260920\13\9_main_dig3_20260920-134927.jpg,9,day,127.3,filename reading 59203; file 13/9_main_dig3_20260920-134927.jpg,,
sample_full,20260920-134927_dig4,20260920-134927,4,C:\Users\josep\source\repos\AIOTED-digital-rawdigits\20260920\13\2_main_dig4_20260920-134927.jpg,2,day,131.4,filename reading 59203; file 13/2_main_dig4_20260920-134927.jpg,,
sample_full,20260920-134927_dig5,20260920-134927,5,C:\Users\josep\source\repos\AIOTED-digital-rawdigits\20260920\13\0_main_dig5_20260920-134927.jpg,0,day,135.8,filename reading 59203; file 13/0_main_dig5_20260920-134927.jpg,,
sample_full,20260920-134927_dig6,20260920-134927,6,C:\Users\josep\source\repos\AIOTED-digital-rawdigits\20260920\13\3_main_dig6_20260920-134927.jpg,3,day,159.3,filename reading 59203; file 13/3_main_dig6_20260920-134927.jpg,,
sample_full,20260920-135327_dig2,20260920-135327,2,C:\Users\josep\source\repos\AIOTED-digital-rawdigits\20260920\13\8_main_dig2_20260920-135327.jpg,8,day,113.7,filename reading 88888; file 13/8_main_dig2_20260920-135327.jpg,,
sample_full,20260920-135327_dig3,20260920-135327,3,C:\Users\josep\source\repos\AIOTED-digital-rawdigits\20260920\13\8_main_dig3_20260920-135327.jpg,8,day,108.7,filename reading 88888; file 13/8_main_dig3_20260920-135327.jpg,,
sample_full,20260920-135327_dig4,20260920-135327,4,C:\Users\josep\source\repos\AIOTED-digital-rawdigits\20260920\13\8_main_dig4_20260920-135327.jpg,8,day,109.0,filename reading 88888; file 13/8_main_dig4_20260920-135327.jpg,,
sample_full,20260920-135327_dig5,20260920-135327,5,C:\Users\josep\source\repos\AIOTED-digital-rawdigits\20260920\13\8_main_dig5_20260920-135327.jpg,8,day,108.9,filename reading 88888; file 13/8_main_dig5_20260920-135327.jpg,,
sample_full,20260920-135327_dig6,20260920-135327,6,C:\Users\josep\source\repos\AIOTED-digital-rawdigits\20260920\13\8_main_dig6_20260920-135327.jpg,8,day,123.6,filename reading 88888; file 13/8_main_dig6_20260920-135327.jpg,,
sample_full,20260920-135727_dig2,20260920-135727,2,C:\Users\josep\source\repos\AIOTED-digital-rawdigits\20260920\13\5_main_dig2_20260920-135727.jpg,5,day,117.8,filename reading 59204; file 13/5_main_dig2_20260920-135727.jpg,,
sample_full,20260920-135727_dig3,20260920-135727,3,C:\Users\josep\source\repos\AIOTED-digital-rawdigits\20260920\13\9_main_dig3_20260920-135727.jpg,9,day,112.1,filename reading 59204; file 13/9_main_dig3_20260920-135727.jpg,,
sample_full,20260920-135727_dig4,20260920-135727,4,C:\Users\josep\source\repos\AIOTED-digital-rawdigits\20260920\13\2_main_dig4_20260920-135727.jpg,2,day,114.6,filename reading 59204; file 13/2_main_dig4_20260920-135727.jpg,,
sample_full,20260920-135727_dig5,20260920-135727,5,C:\Users\josep\source\repos\AIOTED-digital-rawdigits\20260920\13\0_main_dig5_20260920-135727.jpg,0,day,113.1,filename reading 59204; file 13/0_main_dig5_20260920-135727.jpg,,
sample_full,20260920-135727_dig6,20260920-135727,6,C:\Users\josep\source\repos\AIOTED-digital-rawdigits\20260920\13\4_main_dig6_20260920-135727.jpg,4,day,130.9,filename reading 59204; file 13/4_main_dig6_20260920-135727.jpg,,
sample_full,20260920-140127_dig2,20260920-140127,2,C:\Users\josep\source\repos\AIOTED-digital-rawdigits\20260920\14\0_main_dig2_20260920-140127.jpg,0,day,116.1,filename reading 00000; file 14/0_main_dig2_20260920-140127.jpg,,
sample_full,20260920-140127_dig3,20260920-140127,3,C:\Users\josep\source\repos\AIOTED-digital-rawdigits\20260920\14\0_main_dig3_20260920-140127.jpg,0,day,111.2,filename reading 00000; file 14/0_main_dig3_20260920-140127.jpg,,
sample_full,20260920-140127_dig4,20260920-140127,4,C:\Users\josep\source\repos\AIOTED-digital-rawdigits\20260920\14\0_main_dig4_20260920-140127.jpg,0,day,112.1,filename reading 00000; file 14/0_main_dig4_20260920-140127.jpg,,
sample_full,20260920-140127_dig5,20260920-140127,5,C:\Users\josep\source\repos\AIOTED-digital-rawdigits\20260920\14\0_main_dig5_20260920-140127.jpg,0,day,112.5,filename reading 00000; file 14/0_main_dig5_20260920-140127.jpg,,
sample_full,20260920-140127_dig6,20260920-140127,6,C:\Users\josep\source\repos\AIOTED-digital-rawdigits\20260920\14\0_main_dig6_20260920-140127.jpg,0,day,127.1,filename reading 00000; file 14/0_main_dig6_20260920-140127.jpg,,
sample_full,20260920-140527_dig2,20260920-140527,2,C:\Users\josep\source\repos\AIOTED-digital-rawdigits\20260920\14\5_main_dig2_20260920-140527.jpg,5,day,140.9,filename reading 59204; file 14/5_main_dig2_20260920-140527.jpg,,
sample_full,20260920-140527_dig3,20260920-140527,3,C:\Users\josep\source\repos\AIOTED-digital-rawdigits\20260920\14\9_main_dig3_20260920-140527.jpg,9,day,131.1,filename reading 59204; file 14/9_main_dig3_20260920-140527.jpg,,
sample_full,20260920-140527_dig4,20260920-140527,4,C:\Users\josep\source\repos\AIOTED-digital-rawdigits\20260920\14\2_main_dig4_20260920-140527.jpg,2,day,134.8,filename reading 59204; file 14/2_main_dig4_20260920-140527.jpg,,
sample_full,20260920-140527_dig5,20260920-140527,5,C:\Users\josep\source\repos\AIOTED-digital-rawdigits\20260920\14\0_main_dig5_20260920-140527.jpg,0,day,137.1,filename reading 59204; file 14/0_main_dig5_20260920-140527.jpg,,
sample_full,20260920-140527_dig6,20260920-140527,6,C:\Users\josep\source\repos\AIOTED-digital-rawdigits\20260920\14\4_main_dig6_20260920-140527.jpg,4,day,158.5,filename reading 59204; file 14/4_main_dig6_20260920-140527.jpg,,
sample_full,20260920-140927_dig2,20260920-140927,2,C:\Users\josep\source\repos\AIOTED-digital-rawdigits\20260920\14\5_main_dig2_20260920-140927.jpg,5,day,117.7,filename reading 59204; file 14/5_main_dig2_20260920-140927.jpg,,
sample_full,20260920-140927_dig3,20260920-140927,3,C:\Users\josep\source\repos\AIOTED-digital-rawdigits\20260920\14\9_main_dig3_20260920-140927.jpg,9,day,112.1,filename reading 59204; file 14/9_main_dig3_20260920-140927.jpg,,
sample_full,20260920-140927_dig4,20260920-140927,4,C:\Users\josep\source\repos\AIOTED-digital-rawdigits\20260920\14\2_main_dig4_20260920-140927.jpg,2,day,114.2,filename reading 59204; file 14/2_main_dig4_20260920-140927.jpg,,
sample_full,20260920-140927_dig5,20260920-140927,5,C:\Users\josep\source\repos\AIOTED-digital-rawdigits\20260920\14\0_main_dig5_20260920-140927.jpg,0,day,112.1,filename reading 59204; file 14/0_main_dig5_20260920-140927.jpg,,
sample_full,20260920-140927_dig6,20260920-140927,6,C:\Users\josep\source\repos\AIOTED-digital-rawdigits\20260920\14\4_main_dig6_20260920-140927.jpg,4,day,128.8,filename reading 59204; file 14/4_main_dig6_20260920-140927.jpg,,
sample_full,20260920-141327_dig2,20260920-141327,2,C:\Users\josep\source\repos\AIOTED-digital-rawdigits\20260920\14\8_main_dig2_20260920-141327.jpg,8,day,111.4,filename reading 88888; file 14/8_main_dig2_20260920-141327.jpg,,
sample_full,20260920-141327_dig3,20260920-141327,3,C:\Users\josep\source\repos\AIOTED-digital-rawdigits\20260920\14\8_main_dig3_20260920-141327.jpg,8,day,107.5,filename reading 88888; file 14/8_main_dig3_20260920-141327.jpg,,
sample_full,20260920-141327_dig4,20260920-141327,4,C:\Users\josep\source\repos\AIOTED-digital-rawdigits\20260920\14\8_main_dig4_20260920-141327.jpg,8,day,108.0,filename reading 88888; file 14/8_main_dig4_20260920-141327.jpg,,
sample_full,20260920-141327_dig5,20260920-141327,5,C:\Users\josep\source\repos\AIOTED-digital-rawdigits\20260920\14\8_main_dig5_20260920-141327.jpg,8,day,107.7,filename reading 88888; file 14/8_main_dig5_20260920-141327.jpg,,
sample_full,20260920-141327_dig6,20260920-141327,6,C:\Users\josep\source\repos\AIOTED-digital-rawdigits\20260920\14\8_main_dig6_20260920-141327.jpg,8,day,122.0,filename reading 88888; file 14/8_main_dig6_20260920-141327.jpg,,
sample_full,20260920-141727_dig2,20260920-141727,2,C:\Users\josep\source\repos\AIOTED-digital-rawdigits\20260920\14\5_main_dig2_20260920-141727.jpg,5,day,118.2,filename reading 59204; file 14/5_main_dig2_20260920-141727.jpg,,
sample_full,20260920-141727_dig3,20260920-141727,3,C:\Users\josep\source\repos\AIOTED-digital-rawdigits\20260920\14\9_main_dig3_20260920-141727.jpg,9,day,112.7,filename reading 59204; file 14/9_main_dig3_20260920-141727.jpg,,
sample_full,20260920-141727_dig4,20260920-141727,4,C:\Users\josep\source\repos\AIOTED-digital-rawdigits\20260920\14\2_main_dig4_20260920-141727.jpg,2,day,114.8,filename reading 59204; file 14/2_main_dig4_20260920-141727.jpg,,
sample_full,20260920-141727_dig5,20260920-141727,5,C:\Users\josep\source\repos\AIOTED-digital-rawdigits\20260920\14\0_main_dig5_20260920-141727.jpg,0,day,112.3,filename reading 59204; file 14/0_main_dig5_20260920-141727.jpg,,
sample_full,20260920-141727_dig6,20260920-141727,6,C:\Users\josep\source\repos\AIOTED-digital-rawdigits\20260920\14\4_main_dig6_20260920-141727.jpg,4,day,128.2,filename reading 59204; file 14/4_main_dig6_20260920-141727.jpg,,
sample_full,20260920-142127_dig2,20260920-142127,2,C:\Users\josep\source\repos\AIOTED-digital-rawdigits\20260920\14\0_main_dig2_20260920-142127.jpg,0,day,116.4,filename reading 00000; file 14/0_main_dig2_20260920-142127.jpg,,
sample_full,20260920-142127_dig3,20260920-142127,3,C:\Users\josep\source\repos\AIOTED-digital-rawdigits\20260920\14\0_main_dig3_20260920-142127.jpg,0,day,111.8,filename reading 00000; file 14/0_main_dig3_20260920-142127.jpg,,
sample_full,20260920-142127_dig4,20260920-142127,4,C:\Users\josep\source\repos\AIOTED-digital-rawdigits\20260920\14\0_main_dig4_20260920-142127.jpg,0,day,113.1,filename reading 00000; file 14/0_main_dig4_20260920-142127.jpg,,
sample_full,20260920-142127_dig5,20260920-142127,5,C:\Users\josep\source\repos\AIOTED-digital-rawdigits\20260920\14\0_main_dig5_20260920-142127.jpg,0,day,114.8,filename reading 00000; file 14/0_main_dig5_20260920-142127.jpg,,
sample_full,20260920-142127_dig6,20260920-142127,6,C:\Users\josep\source\repos\AIOTED-digital-rawdigits\20260920\14\0_main_dig6_20260920-142127.jpg,0,day,131.5,filename reading 00000; file 14/0_main_dig6_20260920-142127.jpg,,
sample_full,20260920-142527_dig2,20260920-142527,2,C:\Users\josep\source\repos\AIOTED-digital-rawdigits\20260920\14\5_main_dig2_20260920-142527.jpg,5,day,128.1,filename reading 59204; file 14/5_main_dig2_20260920-142527.jpg,,
sample_full,20260920-142527_dig3,20260920-142527,3,C:\Users\josep\source\repos\AIOTED-digital-rawdigits\20260920\14\9_main_dig3_20260920-142527.jpg,9,day,121.5,filename reading 59204; file 14/9_main_dig3_20260920-142527.jpg,,
sample_full,20260920-142527_dig4,20260920-142527,4,C:\Users\josep\source\repos\AIOTED-digital-rawdigits\20260920\14\2_main_dig4_20260920-142527.jpg,2,day,125.6,filename reading 59204; file 14/2_main_dig4_20260920-142527.jpg,,
sample_full,20260920-142527_dig5,20260920-142527,5,C:\Users\josep\source\repos\AIOTED-digital-rawdigits\20260920\14\0_main_dig5_20260920-142527.jpg,0,day,127.6,filename reading 59204; file 14/0_main_dig5_20260920-142527.jpg,,
sample_full,20260920-142527_dig6,20260920-142527,6,C:\Users\josep\source\repos\AIOTED-digital-rawdigits\20260920\14\4_main_dig6_20260920-142527.jpg,4,day,149.7,filename reading 59204; file 14/4_main_dig6_20260920-142527.jpg,,
sample_full,20260920-142927_dig2,20260920-142927,2,C:\Users\josep\source\repos\AIOTED-digital-rawdigits\20260920\14\5_main_dig2_20260920-142927.jpg,5,day,127.8,filename reading 59204; file 14/5_main_dig2_20260920-142927.jpg,,
sample_full,20260920-142927_dig3,20260920-142927,3,C:\Users\josep\source\repos\AIOTED-digital-rawdigits\20260920\14\9_main_dig3_20260920-142927.jpg,9,day,120.5,filename reading 59204; file 14/9_main_dig3_20260920-142927.jpg,,
sample_full,20260920-142927_dig4,20260920-142927,4,C:\Users\josep\source\repos\AIOTED-digital-rawdigits\20260920\14\2_main_dig4_20260920-142927.jpg,2,day,123.6,filename reading 59204; file 14/2_main_dig4_20260920-142927.jpg,,
sample_full,20260920-142927_dig5,20260920-142927,5,C:\Users\josep\source\repos\AIOTED-digital-rawdigits\20260920\14\0_main_dig5_20260920-142927.jpg,0,day,124.6,filename reading 59204; file 14/0_main_dig5_20260920-142927.jpg,,
sample_full,20260920-142927_dig6,20260920-142927,6,C:\Users\josep\source\repos\AIOTED-digital-rawdigits\20260920\14\4_main_dig6_20260920-142927.jpg,4,day,144.5,filename reading 59204; file 14/4_main_dig6_20260920-142927.jpg,,
sample_full,20260920-143327_dig2,20260920-143327,2,C:\Users\josep\source\repos\AIOTED-digital-rawdigits\20260920\14\8_main_dig2_20260920-143327.jpg,8,day,116.3,filename reading 88888; file 14/8_main_dig2_20260920-143327.jpg,,
sample_full,20260920-143327_dig3,20260920-143327,3,C:\Users\josep\source\repos\AIOTED-digital-rawdigits\20260920\14\8_main_dig3_20260920-143327.jpg,8,day,111.0,filename reading 88888; file 14/8_main_dig3_20260920-143327.jpg,,
sample_full,20260920-143327_dig4,20260920-143327,4,C:\Users\josep\source\repos\AIOTED-digital-rawdigits\20260920\14\8_main_dig4_20260920-143327.jpg,8,day,111.2,filename reading 88888; file 14/8_main_dig4_20260920-143327.jpg,,
sample_full,20260920-143327_dig5,20260920-143327,5,C:\Users\josep\source\repos\AIOTED-digital-rawdigits\20260920\14\8_main_dig5_20260920-143327.jpg,8,day,111.2,filename reading 88888; file 14/8_main_dig5_20260920-143327.jpg,,
sample_full,20260920-143327_dig6,20260920-143327,6,C:\Users\josep\source\repos\AIOTED-digital-rawdigits\20260920\14\8_main_dig6_20260920-143327.jpg,8,day,125.8,filename reading 88888; file 14/8_main_dig6_20260920-143327.jpg,,
sample_full,20260920-143727_dig2,20260920-143727,2,C:\Users\josep\source\repos\AIOTED-digital-rawdigits\20260920\14\5_main_dig2_20260920-143727.jpg,5,day,123.0,filename reading 59204; file 14/5_main_dig2_20260920-143727.jpg,,
sample_full,20260920-143727_dig3,20260920-143727,3,C:\Users\josep\source\repos\AIOTED-digital-rawdigits\20260920\14\9_main_dig3_20260920-143727.jpg,9,day,116.9,filename reading 59204; file 14/9_main_dig3_20260920-143727.jpg,,
sample_full,20260920-143727_dig4,20260920-143727,4,C:\Users\josep\source\repos\AIOTED-digital-rawdigits\20260920\14\2_main_dig4_20260920-143727.jpg,2,day,120.0,filename reading 59204; file 14/2_main_dig4_20260920-143727.jpg,,
sample_full,20260920-143727_dig5,20260920-143727,5,C:\Users\josep\source\repos\AIOTED-digital-rawdigits\20260920\14\0_main_dig5_20260920-143727.jpg,0,day,119.9,filename reading 59204; file 14/0_main_dig5_20260920-143727.jpg,drift,
sample_full,20260920-143727_dig6,20260920-143727,6,C:\Users\josep\source\repos\AIOTED-digital-rawdigits\20260920\14\4_main_dig6_20260920-143727.jpg,4,day,138.8,filename reading 59204; file 14/4_main_dig6_20260920-143727.jpg,,
sample_full,20260920-144127_dig2,20260920-144127,2,C:\Users\josep\source\repos\AIOTED-digital-rawdigits\20260920\14\0_main_dig2_20260920-144127.jpg,0,day,120.3,filename reading 00000; file 14/0_main_dig2_20260920-144127.jpg,,
sample_full,20260920-144127_dig3,20260920-144127,3,C:\Users\josep\source\repos\AIOTED-digital-rawdigits\20260920\14\0_main_dig3_20260920-144127.jpg,0,day,114.7,filename reading 00000; file 14/0_main_dig3_20260920-144127.jpg,,
sample_full,20260920-144127_dig4,20260920-144127,4,C:\Users\josep\source\repos\AIOTED-digital-rawdigits\20260920\14\0_main_dig4_20260920-144127.jpg,0,day,116.4,filename reading 00000; file 14/0_main_dig4_20260920-144127.jpg,,
sample_full,20260920-144127_dig5,20260920-144127,5,C:\Users\josep\source\repos\AIOTED-digital-rawdigits\20260920\14\0_main_dig5_20260920-144127.jpg,0,day,118.7,filename reading 00000; file 14/0_main_dig5_20260920-144127.jpg,,
sample_full,20260920-144127_dig6,20260920-144127,6,C:\Users\josep\source\repos\AIOTED-digital-rawdigits\20260920\14\0_main_dig6_20260920-144127.jpg,0,day,135.9,filename reading 00000; file 14/0_main_dig6_20260920-144127.jpg,,
sample_full,20260920-144527_dig2,20260920-144527,2,C:\Users\josep\source\repos\AIOTED-digital-rawdigits\20260920\14\5_main_dig2_20260920-144527.jpg,5,day,124.6,filename reading 59206; file 14/5_main_dig2_20260920-144527.jpg,,
sample_full,20260920-144527_dig3,20260920-144527,3,C:\Users\josep\source\repos\AIOTED-digital-rawdigits\20260920\14\9_main_dig3_20260920-144527.jpg,9,day,118.4,filename reading 59206; file 14/9_main_dig3_20260920-144527.jpg,,
sample_full,20260920-144527_dig4,20260920-144527,4,C:\Users\josep\source\repos\AIOTED-digital-rawdigits\20260920\14\2_main_dig4_20260920-144527.jpg,2,day,121.7,filename reading 59206; file 14/2_main_dig4_20260920-144527.jpg,,
sample_full,20260920-144527_dig5,20260920-144527,5,C:\Users\josep\source\repos\AIOTED-digital-rawdigits\20260920\14\0_main_dig5_20260920-144527.jpg,0,day,122.1,filename reading 59206; file 14/0_main_dig5_20260920-144527.jpg,,
sample_full,20260920-144527_dig6,20260920-144527,6,C:\Users\josep\source\repos\AIOTED-digital-rawdigits\20260920\14\6_main_dig6_20260920-144527.jpg,6,day,143.7,filename reading 59206; file 14/6_main_dig6_20260920-144527.jpg,,
sample_full,20260920-144927_dig2,20260920-144927,2,C:\Users\josep\source\repos\AIOTED-digital-rawdigits\20260920\14\0_main_dig2_20260920-144927.jpg,0,day,122.6,filename reading 00000; file 14/0_main_dig2_20260920-144927.jpg,,
sample_full,20260920-144927_dig3,20260920-144927,3,C:\Users\josep\source\repos\AIOTED-digital-rawdigits\20260920\14\0_main_dig3_20260920-144927.jpg,0,day,116.7,filename reading 00000; file 14/0_main_dig3_20260920-144927.jpg,,
sample_full,20260920-144927_dig4,20260920-144927,4,C:\Users\josep\source\repos\AIOTED-digital-rawdigits\20260920\14\0_main_dig4_20260920-144927.jpg,0,day,118.8,filename reading 00000; file 14/0_main_dig4_20260920-144927.jpg,,
sample_full,20260920-144927_dig5,20260920-144927,5,C:\Users\josep\source\repos\AIOTED-digital-rawdigits\20260920\14\0_main_dig5_20260920-144927.jpg,0,day,121.9,filename reading 00000; file 14/0_main_dig5_20260920-144927.jpg,drift,
sample_full,20260920-144927_dig6,20260920-144927,6,C:\Users\josep\source\repos\AIOTED-digital-rawdigits\20260920\14\0_main_dig6_20260920-144927.jpg,0,day,140.0,filename reading 00000; file 14/0_main_dig6_20260920-144927.jpg,,
sample_full,20260920-145327_dig2,20260920-145327,2,C:\Users\josep\source\repos\AIOTED-digital-rawdigits\20260920\14\8_main_dig2_20260920-145327.jpg,8,day,122.2,filename reading 88888; file 14/8_main_dig2_20260920-145327.jpg,,
sample_full,20260920-145327_dig3,20260920-145327,3,C:\Users\josep\source\repos\AIOTED-digital-rawdigits\20260920\14\8_main_dig3_20260920-145327.jpg,8,day,116.2,filename reading 88888; file 14/8_main_dig3_20260920-145327.jpg,,
sample_full,20260920-145327_dig4,20260920-145327,4,C:\Users\josep\source\repos\AIOTED-digital-rawdigits\20260920\14\8_main_dig4_20260920-145327.jpg,8,day,117.7,filename reading 88888; file 14/8_main_dig4_20260920-145327.jpg,,
sample_full,20260920-145327_dig5,20260920-145327,5,C:\Users\josep\source\repos\AIOTED-digital-rawdigits\20260920\14\8_main_dig5_20260920-145327.jpg,8,day,119.9,filename reading 88888; file 14/8_main_dig5_20260920-145327.jpg,,
sample_full,20260920-145327_dig6,20260920-145327,6,C:\Users\josep\source\repos\AIOTED-digital-rawdigits\20260920\14\8_main_dig6_20260920-145327.jpg,8,day,136.6,filename reading 88888; file 14/8_main_dig6_20260920-145327.jpg,,
sample_full,20260920-145727_dig2,20260920-145727,2,C:\Users\josep\source\repos\AIOTED-digital-rawdigits\20260920\14\5_main_dig2_20260920-145727.jpg,5,day,122.1,filename reading 59206; file 14/5_main_dig2_20260920-145727.jpg,,
sample_full,20260920-145727_dig3,20260920-145727,3,C:\Users\josep\source\repos\AIOTED-digital-rawdigits\20260920\14\9_main_dig3_20260920-145727.jpg,9,day,115.9,filename reading 59206; file 14/9_main_dig3_20260920-145727.jpg,,
sample_full,20260920-145727_dig4,20260920-145727,4,C:\Users\josep\source\repos\AIOTED-digital-rawdigits\20260920\14\2_main_dig4_20260920-145727.jpg,2,day,118.6,filename reading 59206; file 14/2_main_dig4_20260920-145727.jpg,,
sample_full,20260920-145727_dig5,20260920-145727,5,C:\Users\josep\source\repos\AIOTED-digital-rawdigits\20260920\14\0_main_dig5_20260920-145727.jpg,0,day,117.8,filename reading 59206; file 14/0_main_dig5_20260920-145727.jpg,,
sample_full,20260920-145727_dig6,20260920-145727,6,C:\Users\josep\source\repos\AIOTED-digital-rawdigits\20260920\14\6_main_dig6_20260920-145727.jpg,6,day,137.5,filename reading 59206; file 14/6_main_dig6_20260920-145727.jpg,,
sample_full,20260920-150127_dig2,20260920-150127,2,C:\Users\josep\source\repos\AIOTED-digital-rawdigits\20260920\15\0_main_dig2_20260920-150127.jpg,0,day,117.9,filename reading 00000; file 15/0_main_dig2_20260920-150127.jpg,,
sample_full,20260920-150127_dig3,20260920-150127,3,C:\Users\josep\source\repos\AIOTED-digital-rawdigits\20260920\15\0_main_dig3_20260920-150127.jpg,0,day,112.7,filename reading 00000; file 15/0_main_dig3_20260920-150127.jpg,,
sample_full,20260920-150127_dig4,20260920-150127,4,C:\Users\josep\source\repos\AIOTED-digital-rawdigits\20260920\15\0_main_dig4_20260920-150127.jpg,0,day,113.7,filename reading 00000; file 15/0_main_dig4_20260920-150127.jpg,,
sample_full,20260920-150127_dig5,20260920-150127,5,C:\Users\josep\source\repos\AIOTED-digital-rawdigits\20260920\15\0_main_dig5_20260920-150127.jpg,0,day,114.8,filename reading 00000; file 15/0_main_dig5_20260920-150127.jpg,,
sample_full,20260920-150127_dig6,20260920-150127,6,C:\Users\josep\source\repos\AIOTED-digital-rawdigits\20260920\15\0_main_dig6_20260920-150127.jpg,0,day,130.2,filename reading 00000; file 15/0_main_dig6_20260920-150127.jpg,,
sample_full,20260920-150527_dig2,20260920-150527,2,C:\Users\josep\source\repos\AIOTED-digital-rawdigits\20260920\15\5_main_dig2_20260920-150527.jpg,5,day,120.8,filename reading 59206; file 15/5_main_dig2_20260920-150527.jpg,,
sample_full,20260920-150527_dig3,20260920-150527,3,C:\Users\josep\source\repos\AIOTED-digital-rawdigits\20260920\15\9_main_dig3_20260920-150527.jpg,9,day,114.8,filename reading 59206; file 15/9_main_dig3_20260920-150527.jpg,,
sample_full,20260920-150527_dig4,20260920-150527,4,C:\Users\josep\source\repos\AIOTED-digital-rawdigits\20260920\15\2_main_dig4_20260920-150527.jpg,2,day,117.0,filename reading 59206; file 15/2_main_dig4_20260920-150527.jpg,,
sample_full,20260920-150527_dig5,20260920-150527,5,C:\Users\josep\source\repos\AIOTED-digital-rawdigits\20260920\15\0_main_dig5_20260920-150527.jpg,0,day,115.1,filename reading 59206; file 15/0_main_dig5_20260920-150527.jpg,,
sample_full,20260920-150527_dig6,20260920-150527,6,C:\Users\josep\source\repos\AIOTED-digital-rawdigits\20260920\15\6_main_dig6_20260920-150527.jpg,6,day,133.0,filename reading 59206; file 15/6_main_dig6_20260920-150527.jpg,,
sample_full,20260920-150927_dig2,20260920-150927,2,C:\Users\josep\source\repos\AIOTED-digital-rawdigits\20260920\15\0_main_dig2_20260920-150927.jpg,0,day,116.3,filename reading 00000; file 15/0_main_dig2_20260920-150927.jpg,,
sample_full,20260920-150927_dig3,20260920-150927,3,C:\Users\josep\source\repos\AIOTED-digital-rawdigits\20260920\15\0_main_dig3_20260920-150927.jpg,0,day,111.3,filename reading 00000; file 15/0_main_dig3_20260920-150927.jpg,,
sample_full,20260920-150927_dig4,20260920-150927,4,C:\Users\josep\source\repos\AIOTED-digital-rawdigits\20260920\15\0_main_dig4_20260920-150927.jpg,0,day,111.9,filename reading 00000; file 15/0_main_dig4_20260920-150927.jpg,,
sample_full,20260920-150927_dig5,20260920-150927,5,C:\Users\josep\source\repos\AIOTED-digital-rawdigits\20260920\15\0_main_dig5_20260920-150927.jpg,0,day,111.7,filename reading 00000; file 15/0_main_dig5_20260920-150927.jpg,drift,
sample_full,20260920-150927_dig6,20260920-150927,6,C:\Users\josep\source\repos\AIOTED-digital-rawdigits\20260920\15\0_main_dig6_20260920-150927.jpg,0,day,125.2,filename reading 00000; file 15/0_main_dig6_20260920-150927.jpg,,
sample_full,20260920-151327_dig2,20260920-151327,2,C:\Users\josep\source\repos\AIOTED-digital-rawdigits\20260920\15\8_main_dig2_20260920-151327.jpg,8,day,112.5,filename reading 88888; file 15/8_main_dig2_20260920-151327.jpg,,
sample_full,20260920-151327_dig3,20260920-151327,3,C:\Users\josep\source\repos\AIOTED-digital-rawdigits\20260920\15\8_main_dig3_20260920-151327.jpg,8,day,108.2,filename reading 88888; file 15/8_main_dig3_20260920-151327.jpg,,
sample_full,20260920-151327_dig4,20260920-151327,4,C:\Users\josep\source\repos\AIOTED-digital-rawdigits\20260920\15\8_main_dig4_20260920-151327.jpg,8,day,108.5,filename reading 88888; file 15/8_main_dig4_20260920-151327.jpg,,
sample_full,20260920-151327_dig5,20260920-151327,5,C:\Users\josep\source\repos\AIOTED-digital-rawdigits\20260920\15\8_main_dig5_20260920-151327.jpg,8,day,107.4,filename reading 88888; file 15/8_main_dig5_20260920-151327.jpg,,
sample_full,20260920-151327_dig6,20260920-151327,6,C:\Users\josep\source\repos\AIOTED-digital-rawdigits\20260920\15\8_main_dig6_20260920-151327.jpg,8,day,119.7,filename reading 88888; file 15/8_main_dig6_20260920-151327.jpg,,
sample_full,20260920-151727_dig2,20260920-151727,2,C:\Users\josep\source\repos\AIOTED-digital-rawdigits\20260920\15\5_main_dig2_20260920-151727.jpg,5,day,118.3,filename reading 59206; file 15/5_main_dig2_20260920-151727.jpg,,
sample_full,20260920-151727_dig3,20260920-151727,3,C:\Users\josep\source\repos\AIOTED-digital-rawdigits\20260920\15\9_main_dig3_20260920-151727.jpg,9,day,112.7,filename reading 59206; file 15/9_main_dig3_20260920-151727.jpg,,
sample_full,20260920-151727_dig4,20260920-151727,4,C:\Users\josep\source\repos\AIOTED-digital-rawdigits\20260920\15\2_main_dig4_20260920-151727.jpg,2,day,114.5,filename reading 59206; file 15/2_main_dig4_20260920-151727.jpg,,
sample_full,20260920-151727_dig5,20260920-151727,5,C:\Users\josep\source\repos\AIOTED-digital-rawdigits\20260920\15\0_main_dig5_20260920-151727.jpg,0,day,111.9,filename reading 59206; file 15/0_main_dig5_20260920-151727.jpg,,
sample_full,20260920-151727_dig6,20260920-151727,6,C:\Users\josep\source\repos\AIOTED-digital-rawdigits\20260920\15\6_main_dig6_20260920-151727.jpg,6,day,129.0,filename reading 59206; file 15/6_main_dig6_20260920-151727.jpg,,
sample_full,20260920-152127_dig2,20260920-152127,2,C:\Users\josep\source\repos\AIOTED-digital-rawdigits\20260920\15\10_main_dig2_20260920-152127.jpg,N,day,125.0,filename reading NNN08; file 15/10_main_dig2_20260920-152127.jpg,,
sample_full,20260920-152127_dig3,20260920-152127,3,C:\Users\josep\source\repos\AIOTED-digital-rawdigits\20260920\15\10_main_dig3_20260920-152127.jpg,N,day,119.0,filename reading NNN08; file 15/10_main_dig3_20260920-152127.jpg,,
sample_full,20260920-152127_dig4,20260920-152127,4,C:\Users\josep\source\repos\AIOTED-digital-rawdigits\20260920\15\10_main_dig4_20260920-152127.jpg,N,day,120.9,filename reading NNN08; file 15/10_main_dig4_20260920-152127.jpg,,
sample_full,20260920-152127_dig5,20260920-152127,5,C:\Users\josep\source\repos\AIOTED-digital-rawdigits\20260920\15\0_main_dig5_20260920-152127.jpg,0,day,114.3,filename reading NNN08; file 15/0_main_dig5_20260920-152127.jpg,,
sample_full,20260920-152127_dig6,20260920-152127,6,C:\Users\josep\source\repos\AIOTED-digital-rawdigits\20260920\15\8_main_dig6_20260920-152127.jpg,8,day,129.2,filename reading NNN08; file 15/8_main_dig6_20260920-152127.jpg,,
sample_full,20260920-152527_dig2,20260920-152527,2,C:\Users\josep\source\repos\AIOTED-digital-rawdigits\20260920\15\5_main_dig2_20260920-152527.jpg,5,day,113.3,filename reading 59206; file 15/5_main_dig2_20260920-152527.jpg,,
sample_full,20260920-152527_dig3,20260920-152527,3,C:\Users\josep\source\repos\AIOTED-digital-rawdigits\20260920\15\9_main_dig3_20260920-152527.jpg,9,day,108.6,filename reading 59206; file 15/9_main_dig3_20260920-152527.jpg,,
sample_full,20260920-152527_dig4,20260920-152527,4,C:\Users\josep\source\repos\AIOTED-digital-rawdigits\20260920\15\2_main_dig4_20260920-152527.jpg,2,day,109.5,filename reading 59206; file 15/2_main_dig4_20260920-152527.jpg,,
sample_full,20260920-152527_dig5,20260920-152527,5,C:\Users\josep\source\repos\AIOTED-digital-rawdigits\20260920\15\0_main_dig5_20260920-152527.jpg,0,day,104.2,filename reading 59206; file 15/0_main_dig5_20260920-152527.jpg,,
sample_full,20260920-152527_dig6,20260920-152527,6,C:\Users\josep\source\repos\AIOTED-digital-rawdigits\20260920\15\6_main_dig6_20260920-152527.jpg,6,day,116.6,filename reading 59206; file 15/6_main_dig6_20260920-152527.jpg,,
sample_full,20260920-152927_dig2,20260920-152927,2,C:\Users\josep\source\repos\AIOTED-digital-rawdigits\20260920\15\0_main_dig2_20260920-152927.jpg,0,day,107.7,filename reading 00000; file 15/0_main_dig2_20260920-152927.jpg,,
sample_full,20260920-152927_dig3,20260920-152927,3,C:\Users\josep\source\repos\AIOTED-digital-rawdigits\20260920\15\0_main_dig3_20260920-152927.jpg,0,day,104.1,filename reading 00000; file 15/0_main_dig3_20260920-152927.jpg,,
sample_full,20260920-152927_dig4,20260920-152927,4,C:\Users\josep\source\repos\AIOTED-digital-rawdigits\20260920\15\0_main_dig4_20260920-152927.jpg,0,day,103.2,filename reading 00000; file 15/0_main_dig4_20260920-152927.jpg,,
sample_full,20260920-152927_dig5,20260920-152927,5,C:\Users\josep\source\repos\AIOTED-digital-rawdigits\20260920\15\0_main_dig5_20260920-152927.jpg,0,day,98.9,filename reading 00000; file 15/0_main_dig5_20260920-152927.jpg,,
sample_full,20260920-152927_dig6,20260920-152927,6,C:\Users\josep\source\repos\AIOTED-digital-rawdigits\20260920\15\0_main_dig6_20260920-152927.jpg,0,day,106.7,filename reading 00000; file 15/0_main_dig6_20260920-152927.jpg,,
sample_full,20260920-153327_dig2,20260920-153327,2,C:\Users\josep\source\repos\AIOTED-digital-rawdigits\20260920\15\8_main_dig2_20260920-153327.jpg,8,day,107.3,filename reading 88888; file 15/8_main_dig2_20260920-153327.jpg,,
sample_full,20260920-153327_dig3,20260920-153327,3,C:\Users\josep\source\repos\AIOTED-digital-rawdigits\20260920\15\8_main_dig3_20260920-153327.jpg,8,day,103.7,filename reading 88888; file 15/8_main_dig3_20260920-153327.jpg,,
sample_full,20260920-153327_dig4,20260920-153327,4,C:\Users\josep\source\repos\AIOTED-digital-rawdigits\20260920\15\8_main_dig4_20260920-153327.jpg,8,day,102.7,filename reading 88888; file 15/8_main_dig4_20260920-153327.jpg,,
sample_full,20260920-153327_dig5,20260920-153327,5,C:\Users\josep\source\repos\AIOTED-digital-rawdigits\20260920\15\8_main_dig5_20260920-153327.jpg,8,day,98.9,filename reading 88888; file 15/8_main_dig5_20260920-153327.jpg,,
sample_full,20260920-153327_dig6,20260920-153327,6,C:\Users\josep\source\repos\AIOTED-digital-rawdigits\20260920\15\8_main_dig6_20260920-153327.jpg,8,day,106.9,filename reading 88888; file 15/8_main_dig6_20260920-153327.jpg,,
sample_full,20260920-153727_dig2,20260920-153727,2,C:\Users\josep\source\repos\AIOTED-digital-rawdigits\20260920\15\5_main_dig2_20260920-153727.jpg,5,day,109.2,filename reading 59206; file 15/5_main_dig2_20260920-153727.jpg,,
sample_full,20260920-153727_dig3,20260920-153727,3,C:\Users\josep\source\repos\AIOTED-digital-rawdigits\20260920\15\9_main_dig3_20260920-153727.jpg,9,day,105.1,filename reading 59206; file 15/9_main_dig3_20260920-153727.jpg,,
sample_full,20260920-153727_dig4,20260920-153727,4,C:\Users\josep\source\repos\AIOTED-digital-rawdigits\20260920\15\2_main_dig4_20260920-153727.jpg,2,day,105.7,filename reading 59206; file 15/2_main_dig4_20260920-153727.jpg,,
sample_full,20260920-153727_dig5,20260920-153727,5,C:\Users\josep\source\repos\AIOTED-digital-rawdigits\20260920\15\0_main_dig5_20260920-153727.jpg,0,day,97.7,filename reading 59206; file 15/0_main_dig5_20260920-153727.jpg,,
sample_full,20260920-153727_dig6,20260920-153727,6,C:\Users\josep\source\repos\AIOTED-digital-rawdigits\20260920\15\6_main_dig6_20260920-153727.jpg,6,day,105.9,filename reading 59206; file 15/6_main_dig6_20260920-153727.jpg,,
sample_full,20260920-154127_dig2,20260920-154127,2,C:\Users\josep\source\repos\AIOTED-digital-rawdigits\20260920\15\10_main_dig2_20260920-154127.jpg,N,day,110.7,filename reading NNN08; file 15/10_main_dig2_20260920-154127.jpg,,
sample_full,20260920-154127_dig3,20260920-154127,3,C:\Users\josep\source\repos\AIOTED-digital-rawdigits\20260920\15\10_main_dig3_20260920-154127.jpg,N,day,106.6,filename reading NNN08; file 15/10_main_dig3_20260920-154127.jpg,,
sample_full,20260920-154127_dig4,20260920-154127,4,C:\Users\josep\source\repos\AIOTED-digital-rawdigits\20260920\15\10_main_dig4_20260920-154127.jpg,N,day,106.3,filename reading NNN08; file 15/10_main_dig4_20260920-154127.jpg,drift,
sample_full,20260920-154127_dig5,20260920-154127,5,C:\Users\josep\source\repos\AIOTED-digital-rawdigits\20260920\15\0_main_dig5_20260920-154127.jpg,0,day,93.1,filename reading NNN08; file 15/0_main_dig5_20260920-154127.jpg,,
sample_full,20260920-154127_dig6,20260920-154127,6,C:\Users\josep\source\repos\AIOTED-digital-rawdigits\20260920\15\8_main_dig6_20260920-154127.jpg,8,day,97.0,filename reading NNN08; file 15/8_main_dig6_20260920-154127.jpg,,
sample_full,20260920-154527_dig2,20260920-154527,2,C:\Users\josep\source\repos\AIOTED-digital-rawdigits\20260920\15\5_main_dig2_20260920-154527.jpg,5,day,107.4,filename reading 59206; file 15/5_main_dig2_20260920-154527.jpg,,
sample_full,20260920-154527_dig3,20260920-154527,3,C:\Users\josep\source\repos\AIOTED-digital-rawdigits\20260920\15\9_main_dig3_20260920-154527.jpg,9,day,103.7,filename reading 59206; file 15/9_main_dig3_20260920-154527.jpg,,
sample_full,20260920-154527_dig4,20260920-154527,4,C:\Users\josep\source\repos\AIOTED-digital-rawdigits\20260920\15\2_main_dig4_20260920-154527.jpg,2,day,103.8,filename reading 59206; file 15/2_main_dig4_20260920-154527.jpg,,
sample_full,20260920-154527_dig5,20260920-154527,5,C:\Users\josep\source\repos\AIOTED-digital-rawdigits\20260920\15\0_main_dig5_20260920-154527.jpg,0,day,95.2,filename reading 59206; file 15/0_main_dig5_20260920-154527.jpg,,
sample_full,20260920-154527_dig6,20260920-154527,6,C:\Users\josep\source\repos\AIOTED-digital-rawdigits\20260920\15\6_main_dig6_20260920-154527.jpg,6,day,101.2,filename reading 59206; file 15/6_main_dig6_20260920-154527.jpg,,
sample_full,20260920-154927_dig2,20260920-154927,2,C:\Users\josep\source\repos\AIOTED-digital-rawdigits\20260920\15\0_main_dig2_20260920-154927.jpg,0,day,104.4,filename reading 00000; file 15/0_main_dig2_20260920-154927.jpg,,
sample_full,20260920-154927_dig3,20260920-154927,3,C:\Users\josep\source\repos\AIOTED-digital-rawdigits\20260920\15\0_main_dig3_20260920-154927.jpg,0,day,101.6,filename reading 00000; file 15/0_main_dig3_20260920-154927.jpg,,
sample_full,20260920-154927_dig4,20260920-154927,4,C:\Users\josep\source\repos\AIOTED-digital-rawdigits\20260920\15\0_main_dig4_20260920-154927.jpg,0,day,100.2,filename reading 00000; file 15/0_main_dig4_20260920-154927.jpg,,
sample_full,20260920-154927_dig5,20260920-154927,5,C:\Users\josep\source\repos\AIOTED-digital-rawdigits\20260920\15\0_main_dig5_20260920-154927.jpg,0,day,94.7,filename reading 00000; file 15/0_main_dig5_20260920-154927.jpg,drift,
sample_full,20260920-154927_dig6,20260920-154927,6,C:\Users\josep\source\repos\AIOTED-digital-rawdigits\20260920\15\0_main_dig6_20260920-154927.jpg,0,day,99.5,filename reading 00000; file 15/0_main_dig6_20260920-154927.jpg,,
sample_full,20260920-155327_dig2,20260920-155327,2,C:\Users\josep\source\repos\AIOTED-digital-rawdigits\20260920\15\8_main_dig2_20260920-155327.jpg,8,day,104.4,filename reading 88888; file 15/8_main_dig2_20260920-155327.jpg,,
sample_full,20260920-155327_dig3,20260920-155327,3,C:\Users\josep\source\repos\AIOTED-digital-rawdigits\20260920\15\8_main_dig3_20260920-155327.jpg,8,day,101.4,filename reading 88888; file 15/8_main_dig3_20260920-155327.jpg,,
sample_full,20260920-155327_dig4,20260920-155327,4,C:\Users\josep\source\repos\AIOTED-digital-rawdigits\20260920\15\8_main_dig4_20260920-155327.jpg,8,day,100.0,filename reading 88888; file 15/8_main_dig4_20260920-155327.jpg,,
sample_full,20260920-155327_dig5,20260920-155327,5,C:\Users\josep\source\repos\AIOTED-digital-rawdigits\20260920\15\8_main_dig5_20260920-155327.jpg,8,day,95.0,filename reading 88888; file 15/8_main_dig5_20260920-155327.jpg,,
sample_full,20260920-155327_dig6,20260920-155327,6,C:\Users\josep\source\repos\AIOTED-digital-rawdigits\20260920\15\8_main_dig6_20260920-155327.jpg,8,day,100.6,filename reading 88888; file 15/8_main_dig6_20260920-155327.jpg,,
sample_full,20260920-155727_dig2,20260920-155727,2,C:\Users\josep\source\repos\AIOTED-digital-rawdigits\20260920\15\5_main_dig2_20260920-155727.jpg,5,day,106.2,filename reading 58206; file 15/5_main_dig2_20260920-155727.jpg,,
sample_full,20260920-155727_dig3,20260920-155727,3,C:\Users\josep\source\repos\AIOTED-digital-rawdigits\20260920\15\8_main_dig3_20260920-155727.jpg,8,day,103.0,filename reading 58206; file 15/8_main_dig3_20260920-155727.jpg,,
sample_full,20260920-155727_dig4,20260920-155727,4,C:\Users\josep\source\repos\AIOTED-digital-rawdigits\20260920\15\2_main_dig4_20260920-155727.jpg,2,day,103.0,filename reading 58206; file 15/2_main_dig4_20260920-155727.jpg,,
sample_full,20260920-155727_dig5,20260920-155727,5,C:\Users\josep\source\repos\AIOTED-digital-rawdigits\20260920\15\0_main_dig5_20260920-155727.jpg,0,day,94.5,filename reading 58206; file 15/0_main_dig5_20260920-155727.jpg,,
sample_full,20260920-155727_dig6,20260920-155727,6,C:\Users\josep\source\repos\AIOTED-digital-rawdigits\20260920\15\6_main_dig6_20260920-155727.jpg,6,day,101.8,filename reading 58206; file 15/6_main_dig6_20260920-155727.jpg,,
sample_full,20260920-160127_dig2,20260920-160127,2,C:\Users\josep\source\repos\AIOTED-digital-rawdigits\20260920\16\10_main_dig2_20260920-160127.jpg,N,day,108.4,filename reading NNN08; file 16/10_main_dig2_20260920-160127.jpg,,
sample_full,20260920-160127_dig3,20260920-160127,3,C:\Users\josep\source\repos\AIOTED-digital-rawdigits\20260920\16\10_main_dig3_20260920-160127.jpg,N,day,104.7,filename reading NNN08; file 16/10_main_dig3_20260920-160127.jpg,,
sample_full,20260920-160127_dig4,20260920-160127,4,C:\Users\josep\source\repos\AIOTED-digital-rawdigits\20260920\16\10_main_dig4_20260920-160127.jpg,N,day,104.3,filename reading NNN08; file 16/10_main_dig4_20260920-160127.jpg,,
sample_full,20260920-160127_dig5,20260920-160127,5,C:\Users\josep\source\repos\AIOTED-digital-rawdigits\20260920\16\0_main_dig5_20260920-160127.jpg,0,day,89.9,filename reading NNN08; file 16/0_main_dig5_20260920-160127.jpg,,
sample_full,20260920-160127_dig6,20260920-160127,6,C:\Users\josep\source\repos\AIOTED-digital-rawdigits\20260920\16\8_main_dig6_20260920-160127.jpg,8,day,92.1,filename reading NNN08; file 16/8_main_dig6_20260920-160127.jpg,,
sample_full,20260920-160527_dig2,20260920-160527,2,C:\Users\josep\source\repos\AIOTED-digital-rawdigits\20260920\16\5_main_dig2_20260920-160527.jpg,5,day,103.2,filename reading 58206; file 16/5_main_dig2_20260920-160527.jpg,,
sample_full,20260920-160527_dig3,20260920-160527,3,C:\Users\josep\source\repos\AIOTED-digital-rawdigits\20260920\16\8_main_dig3_20260920-160527.jpg,8,day,100.4,filename reading 58206; file 16/8_main_dig3_20260920-160527.jpg,,
sample_full,20260920-160527_dig4,20260920-160527,4,C:\Users\josep\source\repos\AIOTED-digital-rawdigits\20260920\16\2_main_dig4_20260920-160527.jpg,2,day,99.6,filename reading 58206; file 16/2_main_dig4_20260920-160527.jpg,,
sample_full,20260920-160527_dig5,20260920-160527,5,C:\Users\josep\source\repos\AIOTED-digital-rawdigits\20260920\16\0_main_dig5_20260920-160527.jpg,0,day,88.3,filename reading 58206; file 16/0_main_dig5_20260920-160527.jpg,,
sample_full,20260920-160527_dig6,20260920-160527,6,C:\Users\josep\source\repos\AIOTED-digital-rawdigits\20260920\16\6_main_dig6_20260920-160527.jpg,6,day,90.3,filename reading 58206; file 16/6_main_dig6_20260920-160527.jpg,,
sample_full,20260920-160927_dig2,20260920-160927,2,C:\Users\josep\source\repos\AIOTED-digital-rawdigits\20260920\16\0_main_dig2_20260920-160927.jpg,0,day,103.7,filename reading 00000; file 16/0_main_dig2_20260920-160927.jpg,,
sample_full,20260920-160927_dig3,20260920-160927,3,C:\Users\josep\source\repos\AIOTED-digital-rawdigits\20260920\16\0_main_dig3_20260920-160927.jpg,0,day,101.1,filename reading 00000; file 16/0_main_dig3_20260920-160927.jpg,,
sample_full,20260920-160927_dig4,20260920-160927,4,C:\Users\josep\source\repos\AIOTED-digital-rawdigits\20260920\16\0_main_dig4_20260920-160927.jpg,0,day,99.4,filename reading 00000; file 16/0_main_dig4_20260920-160927.jpg,,
sample_full,20260920-160927_dig5,20260920-160927,5,C:\Users\josep\source\repos\AIOTED-digital-rawdigits\20260920\16\0_main_dig5_20260920-160927.jpg,0,day,93.2,filename reading 00000; file 16/0_main_dig5_20260920-160927.jpg,,
sample_full,20260920-160927_dig6,20260920-160927,6,C:\Users\josep\source\repos\AIOTED-digital-rawdigits\20260920\16\0_main_dig6_20260920-160927.jpg,0,day,97.0,filename reading 00000; file 16/0_main_dig6_20260920-160927.jpg,,
sample_full,20260920-161327_dig2,20260920-161327,2,C:\Users\josep\source\repos\AIOTED-digital-rawdigits\20260920\16\8_main_dig2_20260920-161327.jpg,8,day,105.4,filename reading 88888; file 16/8_main_dig2_20260920-161327.jpg,,
sample_full,20260920-161327_dig3,20260920-161327,3,C:\Users\josep\source\repos\AIOTED-digital-rawdigits\20260920\16\8_main_dig3_20260920-161327.jpg,8,day,102.0,filename reading 88888; file 16/8_main_dig3_20260920-161327.jpg,,
sample_full,20260920-161327_dig4,20260920-161327,4,C:\Users\josep\source\repos\AIOTED-digital-rawdigits\20260920\16\8_main_dig4_20260920-161327.jpg,8,day,100.9,filename reading 88888; file 16/8_main_dig4_20260920-161327.jpg,,
sample_full,20260920-161327_dig5,20260920-161327,5,C:\Users\josep\source\repos\AIOTED-digital-rawdigits\20260920\16\8_main_dig5_20260920-161327.jpg,8,day,96.1,filename reading 88888; file 16/8_main_dig5_20260920-161327.jpg,,
sample_full,20260920-161327_dig6,20260920-161327,6,C:\Users\josep\source\repos\AIOTED-digital-rawdigits\20260920\16\8_main_dig6_20260920-161327.jpg,8,day,102.4,filename reading 88888; file 16/8_main_dig6_20260920-161327.jpg,,
sample_full,20260920-161727_dig2,20260920-161727,2,C:\Users\josep\source\repos\AIOTED-digital-rawdigits\20260920\16\5_main_dig2_20260920-161727.jpg,5,day,110.3,filename reading 59206; file 16/5_main_dig2_20260920-161727.jpg,,
sample_full,20260920-161727_dig3,20260920-161727,3,C:\Users\josep\source\repos\AIOTED-digital-rawdigits\20260920\16\9_main_dig3_20260920-161727.jpg,9,day,106.4,filename reading 59206; file 16/9_main_dig3_20260920-161727.jpg,,
sample_full,20260920-161727_dig4,20260920-161727,4,C:\Users\josep\source\repos\AIOTED-digital-rawdigits\20260920\16\2_main_dig4_20260920-161727.jpg,2,day,107.6,filename reading 59206; file 16/2_main_dig4_20260920-161727.jpg,,
sample_full,20260920-161727_dig5,20260920-161727,5,C:\Users\josep\source\repos\AIOTED-digital-rawdigits\20260920\16\0_main_dig5_20260920-161727.jpg,0,day,101.1,filename reading 59206; file 16/0_main_dig5_20260920-161727.jpg,,
sample_full,20260920-161727_dig6,20260920-161727,6,C:\Users\josep\source\repos\AIOTED-digital-rawdigits\20260920\16\6_main_dig6_20260920-161727.jpg,6,day,112.1,filename reading 59206; file 16/6_main_dig6_20260920-161727.jpg,,
sample_full,20260920-162127_dig2,20260920-162127,2,C:\Users\josep\source\repos\AIOTED-digital-rawdigits\20260920\16\10_main_dig2_20260920-162127.jpg,N,day,112.5,filename reading NNN08; file 16/10_main_dig2_20260920-162127.jpg,,
sample_full,20260920-162127_dig3,20260920-162127,3,C:\Users\josep\source\repos\AIOTED-digital-rawdigits\20260920\16\10_main_dig3_20260920-162127.jpg,N,day,108.3,filename reading NNN08; file 16/10_main_dig3_20260920-162127.jpg,,
sample_full,20260920-162127_dig4,20260920-162127,4,C:\Users\josep\source\repos\AIOTED-digital-rawdigits\20260920\16\10_main_dig4_20260920-162127.jpg,N,day,108.7,filename reading NNN08; file 16/10_main_dig4_20260920-162127.jpg,,
sample_full,20260920-162127_dig5,20260920-162127,5,C:\Users\josep\source\repos\AIOTED-digital-rawdigits\20260920\16\0_main_dig5_20260920-162127.jpg,0,day,97.0,filename reading NNN08; file 16/0_main_dig5_20260920-162127.jpg,,
sample_full,20260920-162127_dig6,20260920-162127,6,C:\Users\josep\source\repos\AIOTED-digital-rawdigits\20260920\16\8_main_dig6_20260920-162127.jpg,8,day,103.2,filename reading NNN08; file 16/8_main_dig6_20260920-162127.jpg,,
sample_full,20260920-162527_dig2,20260920-162527,2,C:\Users\josep\source\repos\AIOTED-digital-rawdigits\20260920\16\5_main_dig2_20260920-162527.jpg,5,day,105.1,filename reading 58206; file 16/5_main_dig2_20260920-162527.jpg,,
sample_full,20260920-162527_dig3,20260920-162527,3,C:\Users\josep\source\repos\AIOTED-digital-rawdigits\20260920\16\8_main_dig3_20260920-162527.jpg,8,day,101.8,filename reading 58206; file 16/8_main_dig3_20260920-162527.jpg,,
sample_full,20260920-162527_dig4,20260920-162527,4,C:\Users\josep\source\repos\AIOTED-digital-rawdigits\20260920\16\2_main_dig4_20260920-162527.jpg,2,day,101.4,filename reading 58206; file 16/2_main_dig4_20260920-162527.jpg,,
sample_full,20260920-162527_dig5,20260920-162527,5,C:\Users\josep\source\repos\AIOTED-digital-rawdigits\20260920\16\0_main_dig5_20260920-162527.jpg,0,day,91.2,filename reading 58206; file 16/0_main_dig5_20260920-162527.jpg,,
sample_full,20260920-162527_dig6,20260920-162527,6,C:\Users\josep\source\repos\AIOTED-digital-rawdigits\20260920\16\6_main_dig6_20260920-162527.jpg,6,day,95.4,filename reading 58206; file 16/6_main_dig6_20260920-162527.jpg,,
sample_full,20260920-162927_dig2,20260920-162927,2,C:\Users\josep\source\repos\AIOTED-digital-rawdigits\20260920\16\0_main_dig2_20260920-162927.jpg,0,day,102.3,filename reading 00000; file 16/0_main_dig2_20260920-162927.jpg,,
sample_full,20260920-162927_dig3,20260920-162927,3,C:\Users\josep\source\repos\AIOTED-digital-rawdigits\20260920\16\0_main_dig3_20260920-162927.jpg,0,day,99.6,filename reading 00000; file 16/0_main_dig3_20260920-162927.jpg,,
sample_full,20260920-162927_dig4,20260920-162927,4,C:\Users\josep\source\repos\AIOTED-digital-rawdigits\20260920\16\0_main_dig4_20260920-162927.jpg,0,day,97.1,filename reading 00000; file 16/0_main_dig4_20260920-162927.jpg,,
sample_full,20260920-162927_dig5,20260920-162927,5,C:\Users\josep\source\repos\AIOTED-digital-rawdigits\20260920\16\0_main_dig5_20260920-162927.jpg,0,day,89.0,filename reading 00000; file 16/0_main_dig5_20260920-162927.jpg,,
sample_full,20260920-162927_dig6,20260920-162927,6,C:\Users\josep\source\repos\AIOTED-digital-rawdigits\20260920\16\0_main_dig6_20260920-162927.jpg,0,day,89.9,filename reading 00000; file 16/0_main_dig6_20260920-162927.jpg,,
sample_full,20260920-163327_dig2,20260920-163327,2,C:\Users\josep\source\repos\AIOTED-digital-rawdigits\20260920\16\8_main_dig2_20260920-163327.jpg,8,day,101.5,filename reading 88808; file 16/8_main_dig2_20260920-163327.jpg,,
sample_full,20260920-163327_dig3,20260920-163327,3,C:\Users\josep\source\repos\AIOTED-digital-rawdigits\20260920\16\8_main_dig3_20260920-163327.jpg,8,day,98.9,filename reading 88808; file 16/8_main_dig3_20260920-163327.jpg,,
sample_full,20260920-163327_dig4,20260920-163327,4,C:\Users\josep\source\repos\AIOTED-digital-rawdigits\20260920\16\8_main_dig4_20260920-163327.jpg,8,day,96.5,filename reading 88808; file 16/8_main_dig4_20260920-163327.jpg,,
sample_full,20260920-163327_dig5,20260920-163327,5,C:\Users\josep\source\repos\AIOTED-digital-rawdigits\20260920\16\0_main_dig5_20260920-163327.jpg,0,day,89.1,filename reading 88808; file 16/0_main_dig5_20260920-163327.jpg,,
sample_full,20260920-163327_dig6,20260920-163327,6,C:\Users\josep\source\repos\AIOTED-digital-rawdigits\20260920\16\8_main_dig6_20260920-163327.jpg,8,day,90.8,filename reading 88808; file 16/8_main_dig6_20260920-163327.jpg,,
sample_full,20260920-163727_dig2,20260920-163727,2,C:\Users\josep\source\repos\AIOTED-digital-rawdigits\20260920\16\5_main_dig2_20260920-163727.jpg,5,day,106.1,filename reading 59207; file 16/5_main_dig2_20260920-163727.jpg,,
sample_full,20260920-163727_dig3,20260920-163727,3,C:\Users\josep\source\repos\AIOTED-digital-rawdigits\20260920\16\9_main_dig3_20260920-163727.jpg,9,day,102.7,filename reading 59207; file 16/9_main_dig3_20260920-163727.jpg,,
sample_full,20260920-163727_dig4,20260920-163727,4,C:\Users\josep\source\repos\AIOTED-digital-rawdigits\20260920\16\2_main_dig4_20260920-163727.jpg,2,day,102.6,filename reading 59207; file 16/2_main_dig4_20260920-163727.jpg,,
sample_full,20260920-163727_dig5,20260920-163727,5,C:\Users\josep\source\repos\AIOTED-digital-rawdigits\20260920\16\0_main_dig5_20260920-163727.jpg,0,day,94.3,filename reading 59207; file 16/0_main_dig5_20260920-163727.jpg,,
sample_full,20260920-163727_dig6,20260920-163727,6,C:\Users\josep\source\repos\AIOTED-digital-rawdigits\20260920\16\7_main_dig6_20260920-163727.jpg,7,day,100.3,filename reading 59207; file 16/7_main_dig6_20260920-163727.jpg,,
sample_full,20260920-164127_dig2,20260920-164127,2,C:\Users\josep\source\repos\AIOTED-digital-rawdigits\20260920\16\10_main_dig2_20260920-164127.jpg,N,day,113.2,filename reading NNN08; file 16/10_main_dig2_20260920-164127.jpg,,
sample_full,20260920-164127_dig3,20260920-164127,3,C:\Users\josep\source\repos\AIOTED-digital-rawdigits\20260920\16\10_main_dig3_20260920-164127.jpg,N,day,108.8,filename reading NNN08; file 16/10_main_dig3_20260920-164127.jpg,,
sample_full,20260920-164127_dig4,20260920-164127,4,C:\Users\josep\source\repos\AIOTED-digital-rawdigits\20260920\16\10_main_dig4_20260920-164127.jpg,N,day,109.5,filename reading NNN08; file 16/10_main_dig4_20260920-164127.jpg,,
sample_full,20260920-164127_dig5,20260920-164127,5,C:\Users\josep\source\repos\AIOTED-digital-rawdigits\20260920\16\0_main_dig5_20260920-164127.jpg,0,day,97.9,filename reading NNN08; file 16/0_main_dig5_20260920-164127.jpg,,
sample_full,20260920-164127_dig6,20260920-164127,6,C:\Users\josep\source\repos\AIOTED-digital-rawdigits\20260920\16\8_main_dig6_20260920-164127.jpg,8,day,105.1,filename reading NNN08; file 16/8_main_dig6_20260920-164127.jpg,,
sample_full,20260920-164527_dig2,20260920-164527,2,C:\Users\josep\source\repos\AIOTED-digital-rawdigits\20260920\16\5_main_dig2_20260920-164527.jpg,5,day,111.7,filename reading 59207; file 16/5_main_dig2_20260920-164527.jpg,,
sample_full,20260920-164527_dig3,20260920-164527,3,C:\Users\josep\source\repos\AIOTED-digital-rawdigits\20260920\16\9_main_dig3_20260920-164527.jpg,9,day,107.3,filename reading 59207; file 16/9_main_dig3_20260920-164527.jpg,,
sample_full,20260920-164527_dig4,20260920-164527,4,C:\Users\josep\source\repos\AIOTED-digital-rawdigits\20260920\16\2_main_dig4_20260920-164527.jpg,2,day,107.9,filename reading 59207; file 16/2_main_dig4_20260920-164527.jpg,,
sample_full,20260920-164527_dig5,20260920-164527,5,C:\Users\josep\source\repos\AIOTED-digital-rawdigits\20260920\16\0_main_dig5_20260920-164527.jpg,0,day,102.0,filename reading 59207; file 16/0_main_dig5_20260920-164527.jpg,,
sample_full,20260920-164527_dig6,20260920-164527,6,C:\Users\josep\source\repos\AIOTED-digital-rawdigits\20260920\16\7_main_dig6_20260920-164527.jpg,7,day,111.2,filename reading 59207; file 16/7_main_dig6_20260920-164527.jpg,,
sample_full,20260920-164927_dig2,20260920-164927,2,C:\Users\josep\source\repos\AIOTED-digital-rawdigits\20260920\16\0_main_dig2_20260920-164927.jpg,0,day,106.3,filename reading 00000; file 16/0_main_dig2_20260920-164927.jpg,,
sample_full,20260920-164927_dig3,20260920-164927,3,C:\Users\josep\source\repos\AIOTED-digital-rawdigits\20260920\16\0_main_dig3_20260920-164927.jpg,0,day,102.7,filename reading 00000; file 16/0_main_dig3_20260920-164927.jpg,,
sample_full,20260920-164927_dig4,20260920-164927,4,C:\Users\josep\source\repos\AIOTED-digital-rawdigits\20260920\16\0_main_dig4_20260920-164927.jpg,0,day,101.6,filename reading 00000; file 16/0_main_dig4_20260920-164927.jpg,drift,
sample_full,20260920-164927_dig5,20260920-164927,5,C:\Users\josep\source\repos\AIOTED-digital-rawdigits\20260920\16\0_main_dig5_20260920-164927.jpg,0,day,95.9,filename reading 00000; file 16/0_main_dig5_20260920-164927.jpg,,
sample_full,20260920-164927_dig6,20260920-164927,6,C:\Users\josep\source\repos\AIOTED-digital-rawdigits\20260920\16\0_main_dig6_20260920-164927.jpg,0,day,101.4,filename reading 00000; file 16/0_main_dig6_20260920-164927.jpg,,
sample_full,20260920-165327_dig2,20260920-165327,2,C:\Users\josep\source\repos\AIOTED-digital-rawdigits\20260920\16\8_main_dig2_20260920-165327.jpg,8,day,104.8,filename reading 88888; file 16/8_main_dig2_20260920-165327.jpg,,
sample_full,20260920-165327_dig3,20260920-165327,3,C:\Users\josep\source\repos\AIOTED-digital-rawdigits\20260920\16\8_main_dig3_20260920-165327.jpg,8,day,101.4,filename reading 88888; file 16/8_main_dig3_20260920-165327.jpg,,
sample_full,20260920-165327_dig4,20260920-165327,4,C:\Users\josep\source\repos\AIOTED-digital-rawdigits\20260920\16\8_main_dig4_20260920-165327.jpg,8,day,99.9,filename reading 88888; file 16/8_main_dig4_20260920-165327.jpg,,
sample_full,20260920-165327_dig5,20260920-165327,5,C:\Users\josep\source\repos\AIOTED-digital-rawdigits\20260920\16\8_main_dig5_20260920-165327.jpg,8,day,94.2,filename reading 88888; file 16/8_main_dig5_20260920-165327.jpg,,
sample_full,20260920-165327_dig6,20260920-165327,6,C:\Users\josep\source\repos\AIOTED-digital-rawdigits\20260920\16\8_main_dig6_20260920-165327.jpg,8,day,98.7,filename reading 88888; file 16/8_main_dig6_20260920-165327.jpg,drift,
sample_full,20260920-165727_dig2,20260920-165727,2,C:\Users\josep\source\repos\AIOTED-digital-rawdigits\20260920\16\5_main_dig2_20260920-165727.jpg,5,day,108.6,filename reading 59207; file 16/5_main_dig2_20260920-165727.jpg,,
sample_full,20260920-165727_dig3,20260920-165727,3,C:\Users\josep\source\repos\AIOTED-digital-rawdigits\20260920\16\9_main_dig3_20260920-165727.jpg,9,day,104.4,filename reading 59207; file 16/9_main_dig3_20260920-165727.jpg,,
sample_full,20260920-165727_dig4,20260920-165727,4,C:\Users\josep\source\repos\AIOTED-digital-rawdigits\20260920\16\2_main_dig4_20260920-165727.jpg,2,day,104.4,filename reading 59207; file 16/2_main_dig4_20260920-165727.jpg,,
sample_full,20260920-165727_dig5,20260920-165727,5,C:\Users\josep\source\repos\AIOTED-digital-rawdigits\20260920\16\0_main_dig5_20260920-165727.jpg,0,day,97.0,filename reading 59207; file 16/0_main_dig5_20260920-165727.jpg,,
sample_full,20260920-165727_dig6,20260920-165727,6,C:\Users\josep\source\repos\AIOTED-digital-rawdigits\20260920\16\7_main_dig6_20260920-165727.jpg,7,day,103.8,filename reading 59207; file 16/7_main_dig6_20260920-165727.jpg,,
sample_full,20260920-170127_dig2,20260920-170127,2,C:\Users\josep\source\repos\AIOTED-digital-rawdigits\20260920\17\10_main_dig2_20260920-170127.jpg,N,day,109.7,filename reading NNN08; file 17/10_main_dig2_20260920-170127.jpg,,
sample_full,20260920-170127_dig3,20260920-170127,3,C:\Users\josep\source\repos\AIOTED-digital-rawdigits\20260920\17\10_main_dig3_20260920-170127.jpg,N,day,106.2,filename reading NNN08; file 17/10_main_dig3_20260920-170127.jpg,,
sample_full,20260920-170127_dig4,20260920-170127,4,C:\Users\josep\source\repos\AIOTED-digital-rawdigits\20260920\17\10_main_dig4_20260920-170127.jpg,N,day,106.1,filename reading NNN08; file 17/10_main_dig4_20260920-170127.jpg,,
sample_full,20260920-170127_dig5,20260920-170127,5,C:\Users\josep\source\repos\AIOTED-digital-rawdigits\20260920\17\0_main_dig5_20260920-170127.jpg,0,day,92.5,filename reading NNN08; file 17/0_main_dig5_20260920-170127.jpg,,
sample_full,20260920-170127_dig6,20260920-170127,6,C:\Users\josep\source\repos\AIOTED-digital-rawdigits\20260920\17\8_main_dig6_20260920-170127.jpg,8,day,95.7,filename reading NNN08; file 17/8_main_dig6_20260920-170127.jpg,,
sample_full,20260920-170527_dig2,20260920-170527,2,C:\Users\josep\source\repos\AIOTED-digital-rawdigits\20260920\17\5_main_dig2_20260920-170527.jpg,5,day,106.0,filename reading 58207; file 17/5_main_dig2_20260920-170527.jpg,,
sample_full,20260920-170527_dig3,20260920-170527,3,C:\Users\josep\source\repos\AIOTED-digital-rawdigits\20260920\17\8_main_dig3_20260920-170527.jpg,8,day,102.9,filename reading 58207; file 17/8_main_dig3_20260920-170527.jpg,,
sample_full,20260920-170527_dig4,20260920-170527,4,C:\Users\josep\source\repos\AIOTED-digital-rawdigits\20260920\17\2_main_dig4_20260920-170527.jpg,2,day,102.4,filename reading 58207; file 17/2_main_dig4_20260920-170527.jpg,,
sample_full,20260920-170527_dig5,20260920-170527,5,C:\Users\josep\source\repos\AIOTED-digital-rawdigits\20260920\17\0_main_dig5_20260920-170527.jpg,0,day,93.7,filename reading 58207; file 17/0_main_dig5_20260920-170527.jpg,,
sample_full,20260920-170527_dig6,20260920-170527,6,C:\Users\josep\source\repos\AIOTED-digital-rawdigits\20260920\17\7_main_dig6_20260920-170527.jpg,7,day,98.9,filename reading 58207; file 17/7_main_dig6_20260920-170527.jpg,,
sample_full,20260920-170927_dig2,20260920-170927,2,C:\Users\josep\source\repos\AIOTED-digital-rawdigits\20260920\17\0_main_dig2_20260920-170927.jpg,0,day,103.7,filename reading 00000; file 17/0_main_dig2_20260920-170927.jpg,,
sample_full,20260920-170927_dig3,20260920-170927,3,C:\Users\josep\source\repos\AIOTED-digital-rawdigits\20260920\17\0_main_dig3_20260920-170927.jpg,0,day,100.4,filename reading 00000; file 17/0_main_dig3_20260920-170927.jpg,,
sample_full,20260920-170927_dig4,20260920-170927,4,C:\Users\josep\source\repos\AIOTED-digital-rawdigits\20260920\17\0_main_dig4_20260920-170927.jpg,0,day,99.2,filename reading 00000; file 17/0_main_dig4_20260920-170927.jpg,,
sample_full,20260920-170927_dig5,20260920-170927,5,C:\Users\josep\source\repos\AIOTED-digital-rawdigits\20260920\17\0_main_dig5_20260920-170927.jpg,0,day,92.7,filename reading 00000; file 17/0_main_dig5_20260920-170927.jpg,,
sample_full,20260920-170927_dig6,20260920-170927,6,C:\Users\josep\source\repos\AIOTED-digital-rawdigits\20260920\17\0_main_dig6_20260920-170927.jpg,0,day,97.6,filename reading 00000; file 17/0_main_dig6_20260920-170927.jpg,,
sample_full,20260920-171327_dig2,20260920-171327,2,C:\Users\josep\source\repos\AIOTED-digital-rawdigits\20260920\17\8_main_dig2_20260920-171327.jpg,8,day,102.6,filename reading 88808; file 17/8_main_dig2_20260920-171327.jpg,,
sample_full,20260920-171327_dig3,20260920-171327,3,C:\Users\josep\source\repos\AIOTED-digital-rawdigits\20260920\17\8_main_dig3_20260920-171327.jpg,8,day,99.8,filename reading 88808; file 17/8_main_dig3_20260920-171327.jpg,,
sample_full,20260920-171327_dig4,20260920-171327,4,C:\Users\josep\source\repos\AIOTED-digital-rawdigits\20260920\17\8_main_dig4_20260920-171327.jpg,8,day,97.3,filename reading 88808; file 17/8_main_dig4_20260920-171327.jpg,,
sample_full,20260920-171327_dig5,20260920-171327,5,C:\Users\josep\source\repos\AIOTED-digital-rawdigits\20260920\17\0_main_dig5_20260920-171327.jpg,0,day,89.7,filename reading 88808; file 17/0_main_dig5_20260920-171327.jpg,,
sample_full,20260920-171327_dig6,20260920-171327,6,C:\Users\josep\source\repos\AIOTED-digital-rawdigits\20260920\17\8_main_dig6_20260920-171327.jpg,8,day,91.3,filename reading 88808; file 17/8_main_dig6_20260920-171327.jpg,,
sample_full,20260920-171727_dig2,20260920-171727,2,C:\Users\josep\source\repos\AIOTED-digital-rawdigits\20260920\17\5_main_dig2_20260920-171727.jpg,5,day,101.0,filename reading 59208; file 17/5_main_dig2_20260920-171727.jpg,,
sample_full,20260920-171727_dig3,20260920-171727,3,C:\Users\josep\source\repos\AIOTED-digital-rawdigits\20260920\17\9_main_dig3_20260920-171727.jpg,9,day,98.0,filename reading 59208; file 17/9_main_dig3_20260920-171727.jpg,,
sample_full,20260920-171727_dig4,20260920-171727,4,C:\Users\josep\source\repos\AIOTED-digital-rawdigits\20260920\17\2_main_dig4_20260920-171727.jpg,2,day,97.2,filename reading 59208; file 17/2_main_dig4_20260920-171727.jpg,,
sample_full,20260920-171727_dig5,20260920-171727,5,C:\Users\josep\source\repos\AIOTED-digital-rawdigits\20260920\17\0_main_dig5_20260920-171727.jpg,0,day,84.8,filename reading 59208; file 17/0_main_dig5_20260920-171727.jpg,,
sample_full,20260920-171727_dig6,20260920-171727,6,C:\Users\josep\source\repos\AIOTED-digital-rawdigits\20260920\17\8_main_dig6_20260920-171727.jpg,8,day,84.1,filename reading 59208; file 17/8_main_dig6_20260920-171727.jpg,,
sample_full,20260920-172127_dig2,20260920-172127,2,C:\Users\josep\source\repos\AIOTED-digital-rawdigits\20260920\17\10_main_dig2_20260920-172127.jpg,N,day,107.8,filename reading NNN08; file 17/10_main_dig2_20260920-172127.jpg,,
sample_full,20260920-172127_dig3,20260920-172127,3,C:\Users\josep\source\repos\AIOTED-digital-rawdigits\20260920\17\10_main_dig3_20260920-172127.jpg,N,day,104.2,filename reading NNN08; file 17/10_main_dig3_20260920-172127.jpg,,
sample_full,20260920-172127_dig4,20260920-172127,4,C:\Users\josep\source\repos\AIOTED-digital-rawdigits\20260920\17\10_main_dig4_20260920-172127.jpg,N,day,103.6,filename reading NNN08; file 17/10_main_dig4_20260920-172127.jpg,,
sample_full,20260920-172127_dig5,20260920-172127,5,C:\Users\josep\source\repos\AIOTED-digital-rawdigits\20260920\17\0_main_dig5_20260920-172127.jpg,0,day,88.2,filename reading NNN08; file 17/0_main_dig5_20260920-172127.jpg,,
sample_full,20260920-172127_dig6,20260920-172127,6,C:\Users\josep\source\repos\AIOTED-digital-rawdigits\20260920\17\8_main_dig6_20260920-172127.jpg,8,day,88.7,filename reading NNN08; file 17/8_main_dig6_20260920-172127.jpg,,
sample_full,20260920-172527_dig2,20260920-172527,2,C:\Users\josep\source\repos\AIOTED-digital-rawdigits\20260920\17\5_main_dig2_20260920-172527.jpg,5,day,102.6,filename reading 58208; file 17/5_main_dig2_20260920-172527.jpg,,
sample_full,20260920-172527_dig3,20260920-172527,3,C:\Users\josep\source\repos\AIOTED-digital-rawdigits\20260920\17\8_main_dig3_20260920-172527.jpg,8,day,99.7,filename reading 58208; file 17/8_main_dig3_20260920-172527.jpg,,
sample_full,20260920-172527_dig4,20260920-172527,4,C:\Users\josep\source\repos\AIOTED-digital-rawdigits\20260920\17\2_main_dig4_20260920-172527.jpg,2,day,98.8,filename reading 58208; file 17/2_main_dig4_20260920-172527.jpg,,
sample_full,20260920-172527_dig5,20260920-172527,5,C:\Users\josep\source\repos\AIOTED-digital-rawdigits\20260920\17\0_main_dig5_20260920-172527.jpg,0,day,86.5,filename reading 58208; file 17/0_main_dig5_20260920-172527.jpg,,
sample_full,20260920-172527_dig6,20260920-172527,6,C:\Users\josep\source\repos\AIOTED-digital-rawdigits\20260920\17\8_main_dig6_20260920-172527.jpg,8,day,85.8,filename reading 58208; file 17/8_main_dig6_20260920-172527.jpg,,
sample_full,20260920-172927_dig2,20260920-172927,2,C:\Users\josep\source\repos\AIOTED-digital-rawdigits\20260920\17\0_main_dig2_20260920-172927.jpg,0,day,101.6,filename reading 00000; file 17/0_main_dig2_20260920-172927.jpg,,
sample_full,20260920-172927_dig3,20260920-172927,3,C:\Users\josep\source\repos\AIOTED-digital-rawdigits\20260920\17\0_main_dig3_20260920-172927.jpg,0,day,98.7,filename reading 00000; file 17/0_main_dig3_20260920-172927.jpg,,
sample_full,20260920-172927_dig4,20260920-172927,4,C:\Users\josep\source\repos\AIOTED-digital-rawdigits\20260920\17\0_main_dig4_20260920-172927.jpg,0,day,96.6,filename reading 00000; file 17/0_main_dig4_20260920-172927.jpg,,
sample_full,20260920-172927_dig5,20260920-172927,5,C:\Users\josep\source\repos\AIOTED-digital-rawdigits\20260920\17\0_main_dig5_20260920-172927.jpg,0,day,88.0,filename reading 00000; file 17/0_main_dig5_20260920-172927.jpg,,
sample_full,20260920-172927_dig6,20260920-172927,6,C:\Users\josep\source\repos\AIOTED-digital-rawdigits\20260920\17\0_main_dig6_20260920-172927.jpg,0,day,88.6,filename reading 00000; file 17/0_main_dig6_20260920-172927.jpg,,
sample_full,20260920-173327_dig2,20260920-173327,2,C:\Users\josep\source\repos\AIOTED-digital-rawdigits\20260920\17\8_main_dig2_20260920-173327.jpg,8,day,105.0,filename reading 88888; file 17/8_main_dig2_20260920-173327.jpg,,
sample_full,20260920-173327_dig3,20260920-173327,3,C:\Users\josep\source\repos\AIOTED-digital-rawdigits\20260920\17\8_main_dig3_20260920-173327.jpg,8,day,101.6,filename reading 88888; file 17/8_main_dig3_20260920-173327.jpg,,
sample_full,20260920-173327_dig4,20260920-173327,4,C:\Users\josep\source\repos\AIOTED-digital-rawdigits\20260920\17\8_main_dig4_20260920-173327.jpg,8,day,99.3,filename reading 88888; file 17/8_main_dig4_20260920-173327.jpg,,
sample_full,20260920-173327_dig5,20260920-173327,5,C:\Users\josep\source\repos\AIOTED-digital-rawdigits\20260920\17\8_main_dig5_20260920-173327.jpg,8,day,92.6,filename reading 88888; file 17/8_main_dig5_20260920-173327.jpg,drift,
sample_full,20260920-173327_dig6,20260920-173327,6,C:\Users\josep\source\repos\AIOTED-digital-rawdigits\20260920\17\8_main_dig6_20260920-173327.jpg,8,day,95.8,filename reading 88888; file 17/8_main_dig6_20260920-173327.jpg,,
sample_full,20260920-173727_dig2,20260920-173727,2,C:\Users\josep\source\repos\AIOTED-digital-rawdigits\20260920\17\5_main_dig2_20260920-173727.jpg,5,day,107.0,filename reading 59208; file 17/5_main_dig2_20260920-173727.jpg,drift,
sample_full,20260920-173727_dig3,20260920-173727,3,C:\Users\josep\source\repos\AIOTED-digital-rawdigits\20260920\17\9_main_dig3_20260920-173727.jpg,9,day,103.0,filename reading 59208; file 17/9_main_dig3_20260920-173727.jpg,,
sample_full,20260920-173727_dig4,20260920-173727,4,C:\Users\josep\source\repos\AIOTED-digital-rawdigits\20260920\17\2_main_dig4_20260920-173727.jpg,2,day,102.7,filename reading 59208; file 17/2_main_dig4_20260920-173727.jpg,,
sample_full,20260920-173727_dig5,20260920-173727,5,C:\Users\josep\source\repos\AIOTED-digital-rawdigits\20260920\17\0_main_dig5_20260920-173727.jpg,0,day,92.2,filename reading 59208; file 17/0_main_dig5_20260920-173727.jpg,,
sample_full,20260920-173727_dig6,20260920-173727,6,C:\Users\josep\source\repos\AIOTED-digital-rawdigits\20260920\17\8_main_dig6_20260920-173727.jpg,8,day,94.9,filename reading 59208; file 17/8_main_dig6_20260920-173727.jpg,,
sample_full,20260920-174127_dig2,20260920-174127,2,C:\Users\josep\source\repos\AIOTED-digital-rawdigits\20260920\17\10_main_dig2_20260920-174127.jpg,N,day,111.4,filename reading NNN08; file 17/10_main_dig2_20260920-174127.jpg,,
sample_full,20260920-174127_dig3,20260920-174127,3,C:\Users\josep\source\repos\AIOTED-digital-rawdigits\20260920\17\10_main_dig3_20260920-174127.jpg,N,day,106.9,filename reading NNN08; file 17/10_main_dig3_20260920-174127.jpg,,
sample_full,20260920-174127_dig4,20260920-174127,4,C:\Users\josep\source\repos\AIOTED-digital-rawdigits\20260920\17\10_main_dig4_20260920-174127.jpg,N,day,106.5,filename reading NNN08; file 17/10_main_dig4_20260920-174127.jpg,,
sample_full,20260920-174127_dig5,20260920-174127,5,C:\Users\josep\source\repos\AIOTED-digital-rawdigits\20260920\17\0_main_dig5_20260920-174127.jpg,0,day,92.6,filename reading NNN08; file 17/0_main_dig5_20260920-174127.jpg,,
sample_full,20260920-174127_dig6,20260920-174127,6,C:\Users\josep\source\repos\AIOTED-digital-rawdigits\20260920\17\8_main_dig6_20260920-174127.jpg,8,day,96.1,filename reading NNN08; file 17/8_main_dig6_20260920-174127.jpg,,
sample_full,20260920-174527_dig2,20260920-174527,2,C:\Users\josep\source\repos\AIOTED-digital-rawdigits\20260920\17\5_main_dig2_20260920-174527.jpg,5,day,105.7,filename reading 59208; file 17/5_main_dig2_20260920-174527.jpg,,
sample_full,20260920-174527_dig3,20260920-174527,3,C:\Users\josep\source\repos\AIOTED-digital-rawdigits\20260920\17\9_main_dig3_20260920-174527.jpg,9,day,102.5,filename reading 59208; file 17/9_main_dig3_20260920-174527.jpg,,
sample_full,20260920-174527_dig4,20260920-174527,4,C:\Users\josep\source\repos\AIOTED-digital-rawdigits\20260920\17\2_main_dig4_20260920-174527.jpg,2,day,101.8,filename reading 59208; file 17/2_main_dig4_20260920-174527.jpg,,
sample_full,20260920-174527_dig5,20260920-174527,5,C:\Users\josep\source\repos\AIOTED-digital-rawdigits\20260920\17\0_main_dig5_20260920-174527.jpg,0,day,91.1,filename reading 59208; file 17/0_main_dig5_20260920-174527.jpg,,
sample_full,20260920-174527_dig6,20260920-174527,6,C:\Users\josep\source\repos\AIOTED-digital-rawdigits\20260920\17\8_main_dig6_20260920-174527.jpg,8,day,92.1,filename reading 59208; file 17/8_main_dig6_20260920-174527.jpg,,
sample_full,20260920-174927_dig2,20260920-174927,2,C:\Users\josep\source\repos\AIOTED-digital-rawdigits\20260920\17\0_main_dig2_20260920-174927.jpg,0,day,101.5,filename reading 00000; file 17/0_main_dig2_20260920-174927.jpg,,
sample_full,20260920-174927_dig3,20260920-174927,3,C:\Users\josep\source\repos\AIOTED-digital-rawdigits\20260920\17\0_main_dig3_20260920-174927.jpg,0,day,98.7,filename reading 00000; file 17/0_main_dig3_20260920-174927.jpg,,
sample_full,20260920-174927_dig4,20260920-174927,4,C:\Users\josep\source\repos\AIOTED-digital-rawdigits\20260920\17\0_main_dig4_20260920-174927.jpg,0,day,96.6,filename reading 00000; file 17/0_main_dig4_20260920-174927.jpg,,
sample_full,20260920-174927_dig5,20260920-174927,5,C:\Users\josep\source\repos\AIOTED-digital-rawdigits\20260920\17\0_main_dig5_20260920-174927.jpg,0,day,88.2,filename reading 00000; file 17/0_main_dig5_20260920-174927.jpg,,
sample_full,20260920-174927_dig6,20260920-174927,6,C:\Users\josep\source\repos\AIOTED-digital-rawdigits\20260920\17\0_main_dig6_20260920-174927.jpg,0,day,89.1,filename reading 00000; file 17/0_main_dig6_20260920-174927.jpg,,
sample_full,20260920-175327_dig2,20260920-175327,2,C:\Users\josep\source\repos\AIOTED-digital-rawdigits\20260920\17\8_main_dig2_20260920-175327.jpg,8,day,98.8,filename reading 88808; file 17/8_main_dig2_20260920-175327.jpg,,
sample_full,20260920-175327_dig3,20260920-175327,3,C:\Users\josep\source\repos\AIOTED-digital-rawdigits\20260920\17\8_main_dig3_20260920-175327.jpg,8,day,96.5,filename reading 88808; file 17/8_main_dig3_20260920-175327.jpg,,
sample_full,20260920-175327_dig4,20260920-175327,4,C:\Users\josep\source\repos\AIOTED-digital-rawdigits\20260920\17\8_main_dig4_20260920-175327.jpg,8,day,93.4,filename reading 88808; file 17/8_main_dig4_20260920-175327.jpg,,
sample_full,20260920-175327_dig5,20260920-175327,5,C:\Users\josep\source\repos\AIOTED-digital-rawdigits\20260920\17\0_main_dig5_20260920-175327.jpg,0,day,83.6,filename reading 88808; file 17/0_main_dig5_20260920-175327.jpg,,
sample_full,20260920-175327_dig6,20260920-175327,6,C:\Users\josep\source\repos\AIOTED-digital-rawdigits\20260920\17\8_main_dig6_20260920-175327.jpg,8,day,82.2,filename reading 88808; file 17/8_main_dig6_20260920-175327.jpg,,
sample_full,20260920-175727_dig2,20260920-175727,2,C:\Users\josep\source\repos\AIOTED-digital-rawdigits\20260920\17\5_main_dig2_20260920-175727.jpg,5,day,101.5,filename reading 58208; file 17/5_main_dig2_20260920-175727.jpg,,
sample_full,20260920-175727_dig3,20260920-175727,3,C:\Users\josep\source\repos\AIOTED-digital-rawdigits\20260920\17\8_main_dig3_20260920-175727.jpg,8,day,98.7,filename reading 58208; file 17/8_main_dig3_20260920-175727.jpg,,
sample_full,20260920-175727_dig4,20260920-175727,4,C:\Users\josep\source\repos\AIOTED-digital-rawdigits\20260920\17\2_main_dig4_20260920-175727.jpg,2,day,97.3,filename reading 58208; file 17/2_main_dig4_20260920-175727.jpg,,
sample_full,20260920-175727_dig5,20260920-175727,5,C:\Users\josep\source\repos\AIOTED-digital-rawdigits\20260920\17\0_main_dig5_20260920-175727.jpg,0,day,83.6,filename reading 58208; file 17/0_main_dig5_20260920-175727.jpg,,
sample_full,20260920-175727_dig6,20260920-175727,6,C:\Users\josep\source\repos\AIOTED-digital-rawdigits\20260920\17\8_main_dig6_20260920-175727.jpg,8,day,80.2,filename reading 58208; file 17/8_main_dig6_20260920-175727.jpg,,
sample_full,20260920-180127_dig2,20260920-180127,2,C:\Users\josep\source\repos\AIOTED-digital-rawdigits\20260920\18\10_main_dig2_20260920-180127.jpg,N,day,104.9,filename reading NNN08; file 18/10_main_dig2_20260920-180127.jpg,,
sample_full,20260920-180127_dig3,20260920-180127,3,C:\Users\josep\source\repos\AIOTED-digital-rawdigits\20260920\18\10_main_dig3_20260920-180127.jpg,N,day,101.5,filename reading NNN08; file 18/10_main_dig3_20260920-180127.jpg,,
sample_full,20260920-180127_dig4,20260920-180127,4,C:\Users\josep\source\repos\AIOTED-digital-rawdigits\20260920\18\10_main_dig4_20260920-180127.jpg,N,day,100.2,filename reading NNN08; file 18/10_main_dig4_20260920-180127.jpg,,
sample_full,20260920-180127_dig5,20260920-180127,5,C:\Users\josep\source\repos\AIOTED-digital-rawdigits\20260920\18\0_main_dig5_20260920-180127.jpg,0,day,82.8,filename reading NNN08; file 18/0_main_dig5_20260920-180127.jpg,,
sample_full,20260920-180127_dig6,20260920-180127,6,C:\Users\josep\source\repos\AIOTED-digital-rawdigits\20260920\18\8_main_dig6_20260920-180127.jpg,8,day,79.3,filename reading NNN08; file 18/8_main_dig6_20260920-180127.jpg,,
sample_full,20260920-180527_dig2,20260920-180527,2,C:\Users\josep\source\repos\AIOTED-digital-rawdigits\20260920\18\5_main_dig2_20260920-180527.jpg,5,day,100.4,filename reading 59208; file 18/5_main_dig2_20260920-180527.jpg,,
sample_full,20260920-180527_dig3,20260920-180527,3,C:\Users\josep\source\repos\AIOTED-digital-rawdigits\20260920\18\9_main_dig3_20260920-180527.jpg,9,day,97.8,filename reading 59208; file 18/9_main_dig3_20260920-180527.jpg,,
sample_full,20260920-180527_dig4,20260920-180527,4,C:\Users\josep\source\repos\AIOTED-digital-rawdigits\20260920\18\2_main_dig4_20260920-180527.jpg,2,day,96.2,filename reading 59208; file 18/2_main_dig4_20260920-180527.jpg,,
sample_full,20260920-180527_dig5,20260920-180527,5,C:\Users\josep\source\repos\AIOTED-digital-rawdigits\20260920\18\0_main_dig5_20260920-180527.jpg,0,day,82.0,filename reading 59208; file 18/0_main_dig5_20260920-180527.jpg,,
sample_full,20260920-180527_dig6,20260920-180527,6,C:\Users\josep\source\repos\AIOTED-digital-rawdigits\20260920\18\8_main_dig6_20260920-180527.jpg,8,day,77.9,filename reading 59208; file 18/8_main_dig6_20260920-180527.jpg,,
sample_full,20260920-180927_dig2,20260920-180927,2,C:\Users\josep\source\repos\AIOTED-digital-rawdigits\20260920\18\0_main_dig2_20260920-180927.jpg,0,day,98.6,filename reading 00000; file 18/0_main_dig2_20260920-180927.jpg,,
sample_full,20260920-180927_dig3,20260920-180927,3,C:\Users\josep\source\repos\AIOTED-digital-rawdigits\20260920\18\0_main_dig3_20260920-180927.jpg,0,day,96.3,filename reading 00000; file 18/0_main_dig3_20260920-180927.jpg,,
sample_full,20260920-180927_dig4,20260920-180927,4,C:\Users\josep\source\repos\AIOTED-digital-rawdigits\20260920\18\0_main_dig4_20260920-180927.jpg,0,day,93.5,filename reading 00000; file 18/0_main_dig4_20260920-180927.jpg,,
sample_full,20260920-180927_dig5,20260920-180927,5,C:\Users\josep\source\repos\AIOTED-digital-rawdigits\20260920\18\0_main_dig5_20260920-180927.jpg,0,day,83.1,filename reading 00000; file 18/0_main_dig5_20260920-180927.jpg,,
sample_full,20260920-180927_dig6,20260920-180927,6,C:\Users\josep\source\repos\AIOTED-digital-rawdigits\20260920\18\0_main_dig6_20260920-180927.jpg,0,day,80.7,filename reading 00000; file 18/0_main_dig6_20260920-180927.jpg,,
sample_full,20260920-181327_dig2,20260920-181327,2,C:\Users\josep\source\repos\AIOTED-digital-rawdigits\20260920\18\8_main_dig2_20260920-181327.jpg,8,day,97.2,filename reading 88808; file 18/8_main_dig2_20260920-181327.jpg,,
sample_full,20260920-181327_dig3,20260920-181327,3,C:\Users\josep\source\repos\AIOTED-digital-rawdigits\20260920\18\8_main_dig3_20260920-181327.jpg,8,day,95.1,filename reading 88808; file 18/8_main_dig3_20260920-181327.jpg,,
sample_full,20260920-181327_dig4,20260920-181327,4,C:\Users\josep\source\repos\AIOTED-digital-rawdigits\20260920\18\8_main_dig4_20260920-181327.jpg,8,day,91.8,filename reading 88808; file 18/8_main_dig4_20260920-181327.jpg,,
sample_full,20260920-181327_dig5,20260920-181327,5,C:\Users\josep\source\repos\AIOTED-digital-rawdigits\20260920\18\0_main_dig5_20260920-181327.jpg,0,day,81.2,filename reading 88808; file 18/0_main_dig5_20260920-181327.jpg,,
sample_full,20260920-181327_dig6,20260920-181327,6,C:\Users\josep\source\repos\AIOTED-digital-rawdigits\20260920\18\8_main_dig6_20260920-181327.jpg,8,day,78.2,filename reading 88808; file 18/8_main_dig6_20260920-181327.jpg,,
sample_full,20260920-181727_dig2,20260920-181727,2,C:\Users\josep\source\repos\AIOTED-digital-rawdigits\20260920\18\5_main_dig2_20260920-181727.jpg,5,day,99.7,filename reading 58208; file 18/5_main_dig2_20260920-181727.jpg,,
sample_full,20260920-181727_dig3,20260920-181727,3,C:\Users\josep\source\repos\AIOTED-digital-rawdigits\20260920\18\8_main_dig3_20260920-181727.jpg,8,day,97.5,filename reading 58208; file 18/8_main_dig3_20260920-181727.jpg,,
sample_full,20260920-181727_dig4,20260920-181727,4,C:\Users\josep\source\repos\AIOTED-digital-rawdigits\20260920\18\2_main_dig4_20260920-181727.jpg,2,day,95.4,filename reading 58208; file 18/2_main_dig4_20260920-181727.jpg,,
sample_full,20260920-181727_dig5,20260920-181727,5,C:\Users\josep\source\repos\AIOTED-digital-rawdigits\20260920\18\0_main_dig5_20260920-181727.jpg,0,day,80.4,filename reading 58208; file 18/0_main_dig5_20260920-181727.jpg,,
sample_full,20260920-181727_dig6,20260920-181727,6,C:\Users\josep\source\repos\AIOTED-digital-rawdigits\20260920\18\8_main_dig6_20260920-181727.jpg,8,day,74.4,filename reading 58208; file 18/8_main_dig6_20260920-181727.jpg,,
sample_full,20260920-182127_dig2,20260920-182127,2,C:\Users\josep\source\repos\AIOTED-digital-rawdigits\20260920\18\10_main_dig2_20260920-182127.jpg,N,day,102.1,filename reading NNN08; file 18/10_main_dig2_20260920-182127.jpg,,
sample_full,20260920-182127_dig3,20260920-182127,3,C:\Users\josep\source\repos\AIOTED-digital-rawdigits\20260920\18\10_main_dig3_20260920-182127.jpg,N,day,99.3,filename reading NNN08; file 18/10_main_dig3_20260920-182127.jpg,,
sample_full,20260920-182127_dig4,20260920-182127,4,C:\Users\josep\source\repos\AIOTED-digital-rawdigits\20260920\18\10_main_dig4_20260920-182127.jpg,N,day,97.4,filename reading NNN08; file 18/10_main_dig4_20260920-182127.jpg,,
sample_full,20260920-182127_dig5,20260920-182127,5,C:\Users\josep\source\repos\AIOTED-digital-rawdigits\20260920\18\0_main_dig5_20260920-182127.jpg,0,day,78.0,filename reading NNN08; file 18/0_main_dig5_20260920-182127.jpg,,
sample_full,20260920-182127_dig6,20260920-182127,6,C:\Users\josep\source\repos\AIOTED-digital-rawdigits\20260920\18\8_main_dig6_20260920-182127.jpg,8,day,70.8,filename reading NNN08; file 18/8_main_dig6_20260920-182127.jpg,,
sample_full,20260920-182527_dig2,20260920-182527,2,C:\Users\josep\source\repos\AIOTED-digital-rawdigits\20260920\18\5_main_dig2_20260920-182527.jpg,5,day,97.3,filename reading 58208; file 18/5_main_dig2_20260920-182527.jpg,,
sample_full,20260920-182527_dig3,20260920-182527,3,C:\Users\josep\source\repos\AIOTED-digital-rawdigits\20260920\18\8_main_dig3_20260920-182527.jpg,8,day,95.5,filename reading 58208; file 18/8_main_dig3_20260920-182527.jpg,,
sample_full,20260920-182527_dig4,20260920-182527,4,C:\Users\josep\source\repos\AIOTED-digital-rawdigits\20260920\18\2_main_dig4_20260920-182527.jpg,2,day,92.9,filename reading 58208; file 18/2_main_dig4_20260920-182527.jpg,,
sample_full,20260920-182527_dig5,20260920-182527,5,C:\Users\josep\source\repos\AIOTED-digital-rawdigits\20260920\18\0_main_dig5_20260920-182527.jpg,0,day,76.0,filename reading 58208; file 18/0_main_dig5_20260920-182527.jpg,,
sample_full,20260920-182527_dig6,20260920-182527,6,C:\Users\josep\source\repos\AIOTED-digital-rawdigits\20260920\18\8_main_dig6_20260920-182527.jpg,8,day,67.0,filename reading 58208; file 18/8_main_dig6_20260920-182527.jpg,,
sample_full,20260920-182927_dig2,20260920-182927,2,C:\Users\josep\source\repos\AIOTED-digital-rawdigits\20260920\18\0_main_dig2_20260920-182927.jpg,0,day,94.8,filename reading 00000; file 18/0_main_dig2_20260920-182927.jpg,,
sample_full,20260920-182927_dig3,20260920-182927,3,C:\Users\josep\source\repos\AIOTED-digital-rawdigits\20260920\18\0_main_dig3_20260920-182927.jpg,0,day,93.7,filename reading 00000; file 18/0_main_dig3_20260920-182927.jpg,,
sample_full,20260920-182927_dig4,20260920-182927,4,C:\Users\josep\source\repos\AIOTED-digital-rawdigits\20260920\18\0_main_dig4_20260920-182927.jpg,0,day,89.3,filename reading 00000; file 18/0_main_dig4_20260920-182927.jpg,,
sample_full,20260920-182927_dig5,20260920-182927,5,C:\Users\josep\source\repos\AIOTED-digital-rawdigits\20260920\18\0_main_dig5_20260920-182927.jpg,0,day,74.7,filename reading 00000; file 18/0_main_dig5_20260920-182927.jpg,,
sample_full,20260920-182927_dig6,20260920-182927,6,C:\Users\josep\source\repos\AIOTED-digital-rawdigits\20260920\18\0_main_dig6_20260920-182927.jpg,0,day,63.8,filename reading 00000; file 18/0_main_dig6_20260920-182927.jpg,,
sample_full,20260920-183327_dig2,20260920-183327,2,C:\Users\josep\source\repos\AIOTED-digital-rawdigits\20260920\18\8_main_dig2_20260920-183327.jpg,8,day,93.3,filename reading 88808; file 18/8_main_dig2_20260920-183327.jpg,,
sample_full,20260920-183327_dig3,20260920-183327,3,C:\Users\josep\source\repos\AIOTED-digital-rawdigits\20260920\18\8_main_dig3_20260920-183327.jpg,8,day,92.3,filename reading 88808; file 18/8_main_dig3_20260920-183327.jpg,,
sample_full,20260920-183327_dig4,20260920-183327,4,C:\Users\josep\source\repos\AIOTED-digital-rawdigits\20260920\18\8_main_dig4_20260920-183327.jpg,8,day,87.4,filename reading 88808; file 18/8_main_dig4_20260920-183327.jpg,,
sample_full,20260920-183327_dig5,20260920-183327,5,C:\Users\josep\source\repos\AIOTED-digital-rawdigits\20260920\18\0_main_dig5_20260920-183327.jpg,0,day,72.7,filename reading 88808; file 18/0_main_dig5_20260920-183327.jpg,,
sample_full,20260920-183327_dig6,20260920-183327,6,C:\Users\josep\source\repos\AIOTED-digital-rawdigits\20260920\18\8_main_dig6_20260920-183327.jpg,8,day,61.0,filename reading 88808; file 18/8_main_dig6_20260920-183327.jpg,,
sample_full,20260920-183727_dig2,20260920-183727,2,C:\Users\josep\source\repos\AIOTED-digital-rawdigits\20260920\18\5_main_dig2_20260920-183727.jpg,5,day,95.4,filename reading 58209; file 18/5_main_dig2_20260920-183727.jpg,,
sample_full,20260920-183727_dig3,20260920-183727,3,C:\Users\josep\source\repos\AIOTED-digital-rawdigits\20260920\18\8_main_dig3_20260920-183727.jpg,8,day,94.0,filename reading 58209; file 18/8_main_dig3_20260920-183727.jpg,,
sample_full,20260920-183727_dig4,20260920-183727,4,C:\Users\josep\source\repos\AIOTED-digital-rawdigits\20260920\18\2_main_dig4_20260920-183727.jpg,2,day,91.3,filename reading 58209; file 18/2_main_dig4_20260920-183727.jpg,,
sample_full,20260920-183727_dig5,20260920-183727,5,C:\Users\josep\source\repos\AIOTED-digital-rawdigits\20260920\18\0_main_dig5_20260920-183727.jpg,0,day,73.1,filename reading 58209; file 18/0_main_dig5_20260920-183727.jpg,,
sample_full,20260920-183727_dig6,20260920-183727,6,C:\Users\josep\source\repos\AIOTED-digital-rawdigits\20260920\18\9_main_dig6_20260920-183727.jpg,9,day,60.5,filename reading 58209; file 18/9_main_dig6_20260920-183727.jpg,,
sample_full,20260920-184127_dig2,20260920-184127,2,C:\Users\josep\source\repos\AIOTED-digital-rawdigits\20260920\18\10_main_dig2_20260920-184127.jpg,N,day,98.8,filename reading NNN09; file 18/10_main_dig2_20260920-184127.jpg,,
sample_full,20260920-184127_dig3,20260920-184127,3,C:\Users\josep\source\repos\AIOTED-digital-rawdigits\20260920\18\10_main_dig3_20260920-184127.jpg,N,day,96.8,filename reading NNN09; file 18/10_main_dig3_20260920-184127.jpg,,
sample_full,20260920-184127_dig4,20260920-184127,4,C:\Users\josep\source\repos\AIOTED-digital-rawdigits\20260920\18\10_main_dig4_20260920-184127.jpg,N,day,94.2,filename reading NNN09; file 18/10_main_dig4_20260920-184127.jpg,,
sample_full,20260920-184127_dig5,20260920-184127,5,C:\Users\josep\source\repos\AIOTED-digital-rawdigits\20260920\18\0_main_dig5_20260920-184127.jpg,0,day,72.0,filename reading NNN09; file 18/0_main_dig5_20260920-184127.jpg,drift,
sample_full,20260920-184127_dig6,20260920-184127,6,C:\Users\josep\source\repos\AIOTED-digital-rawdigits\20260920\18\9_main_dig6_20260920-184127.jpg,9,day,58.1,filename reading NNN09; file 18/9_main_dig6_20260920-184127.jpg,,
sample_full,20260920-184527_dig2,20260920-184527,2,C:\Users\josep\source\repos\AIOTED-digital-rawdigits\20260920\18\5_main_dig2_20260920-184527.jpg,5,day,94.0,filename reading 58209; file 18/5_main_dig2_20260920-184527.jpg,,
sample_full,20260920-184527_dig3,20260920-184527,3,C:\Users\josep\source\repos\AIOTED-digital-rawdigits\20260920\18\8_main_dig3_20260920-184527.jpg,8,day,92.8,filename reading 58209; file 18/8_main_dig3_20260920-184527.jpg,,
sample_full,20260920-184527_dig4,20260920-184527,4,C:\Users\josep\source\repos\AIOTED-digital-rawdigits\20260920\18\2_main_dig4_20260920-184527.jpg,2,day,89.8,filename reading 58209; file 18/2_main_dig4_20260920-184527.jpg,,
sample_full,20260920-184527_dig5,20260920-184527,5,C:\Users\josep\source\repos\AIOTED-digital-rawdigits\20260920\18\0_main_dig5_20260920-184527.jpg,0,day,70.5,filename reading 58209; file 18/0_main_dig5_20260920-184527.jpg,,
sample_full,20260920-184527_dig6,20260920-184527,6,C:\Users\josep\source\repos\AIOTED-digital-rawdigits\20260920\18\9_main_dig6_20260920-184527.jpg,9,day,55.3,filename reading 58209; file 18/9_main_dig6_20260920-184527.jpg,,
sample_full,20260920-184927_dig2,20260920-184927,2,C:\Users\josep\source\repos\AIOTED-digital-rawdigits\20260920\18\0_main_dig2_20260920-184927.jpg,0,day,91.9,filename reading 00000; file 18/0_main_dig2_20260920-184927.jpg,drift,
sample_full,20260920-184927_dig3,20260920-184927,3,C:\Users\josep\source\repos\AIOTED-digital-rawdigits\20260920\18\0_main_dig3_20260920-184927.jpg,0,day,91.1,filename reading 00000; file 18/0_main_dig3_20260920-184927.jpg,,
sample_full,20260920-184927_dig4,20260920-184927,4,C:\Users\josep\source\repos\AIOTED-digital-rawdigits\20260920\18\0_main_dig4_20260920-184927.jpg,0,day,86.3,filename reading 00000; file 18/0_main_dig4_20260920-184927.jpg,,
sample_full,20260920-184927_dig5,20260920-184927,5,C:\Users\josep\source\repos\AIOTED-digital-rawdigits\20260920\18\0_main_dig5_20260920-184927.jpg,0,day,69.4,filename reading 00000; file 18/0_main_dig5_20260920-184927.jpg,,
sample_full,20260920-184927_dig6,20260920-184927,6,C:\Users\josep\source\repos\AIOTED-digital-rawdigits\20260920\18\0_main_dig6_20260920-184927.jpg,0,day,52.8,filename reading 00000; file 18/0_main_dig6_20260920-184927.jpg,,
sample_full,20260920-185327_dig2,20260920-185327,2,C:\Users\josep\source\repos\AIOTED-digital-rawdigits\20260920\18\8_main_dig2_20260920-185327.jpg,8,day,90.9,filename reading 88806; file 18/8_main_dig2_20260920-185327.jpg,,
sample_full,20260920-185327_dig3,20260920-185327,3,C:\Users\josep\source\repos\AIOTED-digital-rawdigits\20260920\18\8_main_dig3_20260920-185327.jpg,8,day,90.5,filename reading 88806; file 18/8_main_dig3_20260920-185327.jpg,,
sample_full,20260920-185327_dig4,20260920-185327,4,C:\Users\josep\source\repos\AIOTED-digital-rawdigits\20260920\18\8_main_dig4_20260920-185327.jpg,8,day,85.1,filename reading 88806; file 18/8_main_dig4_20260920-185327.jpg,,
sample_full,20260920-185327_dig5,20260920-185327,5,C:\Users\josep\source\repos\AIOTED-digital-rawdigits\20260920\18\0_main_dig5_20260920-185327.jpg,0,day,68.4,filename reading 88806; file 18/0_main_dig5_20260920-185327.jpg,,
sample_full,20260920-185327_dig6,20260920-185327,6,C:\Users\josep\source\repos\AIOTED-digital-rawdigits\20260920\18\6_main_dig6_20260920-185327.jpg,6,day,51.6,filename reading 88806; file 18/6_main_dig6_20260920-185327.jpg,,
sample_full,20260920-185727_dig2,20260920-185727,2,C:\Users\josep\source\repos\AIOTED-digital-rawdigits\20260920\18\5_main_dig2_20260920-185727.jpg,5,day,93.3,filename reading 59209; file 18/5_main_dig2_20260920-185727.jpg,drift,
sample_full,20260920-185727_dig3,20260920-185727,3,C:\Users\josep\source\repos\AIOTED-digital-rawdigits\20260920\18\9_main_dig3_20260920-185727.jpg,9,day,92.3,filename reading 59209; file 18/9_main_dig3_20260920-185727.jpg,,
sample_full,20260920-185727_dig4,20260920-185727,4,C:\Users\josep\source\repos\AIOTED-digital-rawdigits\20260920\18\2_main_dig4_20260920-185727.jpg,2,day,89.0,filename reading 59209; file 18/2_main_dig4_20260920-185727.jpg,,
sample_full,20260920-185727_dig5,20260920-185727,5,C:\Users\josep\source\repos\AIOTED-digital-rawdigits\20260920\18\0_main_dig5_20260920-185727.jpg,0,day,69.0,filename reading 59209; file 18/0_main_dig5_20260920-185727.jpg,,
sample_full,20260920-185727_dig6,20260920-185727,6,C:\Users\josep\source\repos\AIOTED-digital-rawdigits\20260920\18\9_main_dig6_20260920-185727.jpg,9,day,51.4,filename reading 59209; file 18/9_main_dig6_20260920-185727.jpg,,
sample_full,20260920-190127_dig2,20260920-190127,2,C:\Users\josep\source\repos\AIOTED-digital-rawdigits\20260920\19\10_main_dig2_20260920-190127.jpg,N,transition,97.0,filename reading NNN05; file 19/10_main_dig2_20260920-190127.jpg,,
sample_full,20260920-190127_dig3,20260920-190127,3,C:\Users\josep\source\repos\AIOTED-digital-rawdigits\20260920\19\10_main_dig3_20260920-190127.jpg,N,transition,95.3,filename reading NNN05; file 19/10_main_dig3_20260920-190127.jpg,,
sample_full,20260920-190127_dig4,20260920-190127,4,C:\Users\josep\source\repos\AIOTED-digital-rawdigits\20260920\19\10_main_dig4_20260920-190127.jpg,N,transition,92.7,filename reading NNN05; file 19/10_main_dig4_20260920-190127.jpg,,
sample_full,20260920-190127_dig5,20260920-190127,5,C:\Users\josep\source\repos\AIOTED-digital-rawdigits\20260920\19\0_main_dig5_20260920-190127.jpg,0,transition,68.9,filename reading NNN05; file 19/0_main_dig5_20260920-190127.jpg,drift,
sample_full,20260920-190127_dig6,20260920-190127,6,C:\Users\josep\source\repos\AIOTED-digital-rawdigits\20260920\19\5_main_dig6_20260920-190127.jpg,5,transition,50.6,filename reading NNN05; file 19/5_main_dig6_20260920-190127.jpg,,
sample_full,20260920-190527_dig2,20260920-190527,2,C:\Users\josep\source\repos\AIOTED-digital-rawdigits\20260920\19\5_main_dig2_20260920-190527.jpg,5,transition,93.2,filename reading 59208; file 19/5_main_dig2_20260920-190527.jpg,,
sample_full,20260920-190527_dig3,20260920-190527,3,C:\Users\josep\source\repos\AIOTED-digital-rawdigits\20260920\19\9_main_dig3_20260920-190527.jpg,9,transition,92.0,filename reading 59208; file 19/9_main_dig3_20260920-190527.jpg,,
sample_full,20260920-190527_dig4,20260920-190527,4,C:\Users\josep\source\repos\AIOTED-digital-rawdigits\20260920\19\2_main_dig4_20260920-190527.jpg,2,transition,88.8,filename reading 59208; file 19/2_main_dig4_20260920-190527.jpg,,
sample_full,20260920-190527_dig5,20260920-190527,5,C:\Users\josep\source\repos\AIOTED-digital-rawdigits\20260920\19\0_main_dig5_20260920-190527.jpg,0,transition,68.4,filename reading 59208; file 19/0_main_dig5_20260920-190527.jpg,,
sample_full,20260920-190527_dig6,20260920-190527,6,C:\Users\josep\source\repos\AIOTED-digital-rawdigits\20260920\19\8_main_dig6_20260920-190527.jpg,8,transition,50.0,filename reading 59208; file 19/8_main_dig6_20260920-190527.jpg,,
sample_full,20260920-190927_dig2,20260920-190927,2,C:\Users\josep\source\repos\AIOTED-digital-rawdigits\20260920\19\0_main_dig2_20260920-190927.jpg,0,transition,91.0,filename reading 08000; file 19/0_main_dig2_20260920-190927.jpg,,
sample_full,20260920-190927_dig3,20260920-190927,3,C:\Users\josep\source\repos\AIOTED-digital-rawdigits\20260920\19\8_main_dig3_20260920-190927.jpg,8,transition,90.4,filename reading 08000; file 19/8_main_dig3_20260920-190927.jpg,,
sample_full,20260920-190927_dig4,20260920-190927,4,C:\Users\josep\source\repos\AIOTED-digital-rawdigits\20260920\19\0_main_dig4_20260920-190927.jpg,0,transition,85.4,filename reading 08000; file 19/0_main_dig4_20260920-190927.jpg,,
sample_full,20260920-190927_dig5,20260920-190927,5,C:\Users\josep\source\repos\AIOTED-digital-rawdigits\20260920\19\0_main_dig5_20260920-190927.jpg,0,transition,67.7,filename reading 08000; file 19/0_main_dig5_20260920-190927.jpg,,
sample_full,20260920-190927_dig6,20260920-190927,6,C:\Users\josep\source\repos\AIOTED-digital-rawdigits\20260920\19\0_main_dig6_20260920-190927.jpg,0,transition,48.9,filename reading 08000; file 19/0_main_dig6_20260920-190927.jpg,,
sample_full,20260920-191327_dig2,20260920-191327,2,C:\Users\josep\source\repos\AIOTED-digital-rawdigits\20260920\19\8_main_dig2_20260920-191327.jpg,8,transition,90.2,filename reading 88886; file 19/8_main_dig2_20260920-191327.jpg,,
sample_full,20260920-191327_dig3,20260920-191327,3,C:\Users\josep\source\repos\AIOTED-digital-rawdigits\20260920\19\8_main_dig3_20260920-191327.jpg,8,transition,89.6,filename reading 88886; file 19/8_main_dig3_20260920-191327.jpg,,
sample_full,20260920-191327_dig4,20260920-191327,4,C:\Users\josep\source\repos\AIOTED-digital-rawdigits\20260920\19\8_main_dig4_20260920-191327.jpg,8,transition,84.2,filename reading 88886; file 19/8_main_dig4_20260920-191327.jpg,,
sample_full,20260920-191327_dig5,20260920-191327,5,C:\Users\josep\source\repos\AIOTED-digital-rawdigits\20260920\19\8_main_dig5_20260920-191327.jpg,8,transition,67.0,filename reading 88886; file 19/8_main_dig5_20260920-191327.jpg,,
sample_full,20260920-191327_dig6,20260920-191327,6,C:\Users\josep\source\repos\AIOTED-digital-rawdigits\20260920\19\6_main_dig6_20260920-191327.jpg,6,transition,50.5,filename reading 88886; file 19/6_main_dig6_20260920-191327.jpg,,
sample_full,20260920-191727_dig2,20260920-191727,2,C:\Users\josep\source\repos\AIOTED-digital-rawdigits\20260920\19\5_main_dig2_20260920-191727.jpg,5,transition,92.9,filename reading 59200; file 19/5_main_dig2_20260920-191727.jpg,,
sample_full,20260920-191727_dig3,20260920-191727,3,C:\Users\josep\source\repos\AIOTED-digital-rawdigits\20260920\19\9_main_dig3_20260920-191727.jpg,9,transition,91.8,filename reading 59200; file 19/9_main_dig3_20260920-191727.jpg,,
sample_full,20260920-191727_dig4,20260920-191727,4,C:\Users\josep\source\repos\AIOTED-digital-rawdigits\20260920\19\2_main_dig4_20260920-191727.jpg,2,transition,88.4,filename reading 59200; file 19/2_main_dig4_20260920-191727.jpg,,
sample_full,20260920-191727_dig5,20260920-191727,5,C:\Users\josep\source\repos\AIOTED-digital-rawdigits\20260920\19\0_main_dig5_20260920-191727.jpg,0,transition,68.0,filename reading 59200; file 19/0_main_dig5_20260920-191727.jpg,,
sample_full,20260920-191727_dig6,20260920-191727,6,C:\Users\josep\source\repos\AIOTED-digital-rawdigits\20260920\19\0_main_dig6_20260920-191727.jpg,0,transition,51.1,filename reading 59200; file 19/0_main_dig6_20260920-191727.jpg,,
sample_full,20260920-192127_dig2,20260920-192127,2,C:\Users\josep\source\repos\AIOTED-digital-rawdigits\20260920\19\10_main_dig2_20260920-192127.jpg,N,transition,96.8,filename reading NNN00; file 19/10_main_dig2_20260920-192127.jpg,,
sample_full,20260920-192127_dig3,20260920-192127,3,C:\Users\josep\source\repos\AIOTED-digital-rawdigits\20260920\19\10_main_dig3_20260920-192127.jpg,N,transition,95.1,filename reading NNN00; file 19/10_main_dig3_20260920-192127.jpg,drift,
sample_full,20260920-192127_dig4,20260920-192127,4,C:\Users\josep\source\repos\AIOTED-digital-rawdigits\20260920\19\10_main_dig4_20260920-192127.jpg,N,transition,92.4,filename reading NNN00; file 19/10_main_dig4_20260920-192127.jpg,,
sample_full,20260920-192127_dig5,20260920-192127,5,C:\Users\josep\source\repos\AIOTED-digital-rawdigits\20260920\19\0_main_dig5_20260920-192127.jpg,0,transition,68.4,filename reading NNN00; file 19/0_main_dig5_20260920-192127.jpg,,
sample_full,20260920-192127_dig6,20260920-192127,6,C:\Users\josep\source\repos\AIOTED-digital-rawdigits\20260920\19\0_main_dig6_20260920-192127.jpg,0,transition,51.2,filename reading NNN00; file 19/0_main_dig6_20260920-192127.jpg,,
sample_full,20260920-192527_dig2,20260920-192527,2,C:\Users\josep\source\repos\AIOTED-digital-rawdigits\20260920\19\5_main_dig2_20260920-192527.jpg,5,transition,92.9,filename reading 58205; file 19/5_main_dig2_20260920-192527.jpg,,
sample_full,20260920-192527_dig3,20260920-192527,3,C:\Users\josep\source\repos\AIOTED-digital-rawdigits\20260920\19\8_main_dig3_20260920-192527.jpg,8,transition,92.3,filename reading 58205; file 19/8_main_dig3_20260920-192527.jpg,,
sample_full,20260920-192527_dig4,20260920-192527,4,C:\Users\josep\source\repos\AIOTED-digital-rawdigits\20260920\19\2_main_dig4_20260920-192527.jpg,2,transition,88.9,filename reading 58205; file 19/2_main_dig4_20260920-192527.jpg,,
sample_full,20260920-192527_dig5,20260920-192527,5,C:\Users\josep\source\repos\AIOTED-digital-rawdigits\20260920\19\0_main_dig5_20260920-192527.jpg,0,transition,68.3,filename reading 58205; file 19/0_main_dig5_20260920-192527.jpg,,
sample_full,20260920-192527_dig6,20260920-192527,6,C:\Users\josep\source\repos\AIOTED-digital-rawdigits\20260920\19\5_main_dig6_20260920-192527.jpg,5,transition,51.3,filename reading 58205; file 19/5_main_dig6_20260920-192527.jpg,,
sample_full,20260920-192927_dig2,20260920-192927,2,C:\Users\josep\source\repos\AIOTED-digital-rawdigits\20260920\19\0_main_dig2_20260920-192927.jpg,0,transition,90.9,filename reading 00000; file 19/0_main_dig2_20260920-192927.jpg,,
sample_full,20260920-192927_dig3,20260920-192927,3,C:\Users\josep\source\repos\AIOTED-digital-rawdigits\20260920\19\0_main_dig3_20260920-192927.jpg,0,transition,90.3,filename reading 00000; file 19/0_main_dig3_20260920-192927.jpg,,
sample_full,20260920-192927_dig4,20260920-192927,4,C:\Users\josep\source\repos\AIOTED-digital-rawdigits\20260920\19\0_main_dig4_20260920-192927.jpg,0,transition,85.3,filename reading 00000; file 19/0_main_dig4_20260920-192927.jpg,,
sample_full,20260920-192927_dig5,20260920-192927,5,C:\Users\josep\source\repos\AIOTED-digital-rawdigits\20260920\19\0_main_dig5_20260920-192927.jpg,0,transition,67.7,filename reading 00000; file 19/0_main_dig5_20260920-192927.jpg,,
sample_full,20260920-192927_dig6,20260920-192927,6,C:\Users\josep\source\repos\AIOTED-digital-rawdigits\20260920\19\0_main_dig6_20260920-192927.jpg,0,transition,50.6,filename reading 00000; file 19/0_main_dig6_20260920-192927.jpg,,
sample_full,20260920-193327_dig2,20260920-193327,2,C:\Users\josep\source\repos\AIOTED-digital-rawdigits\20260920\19\8_main_dig2_20260920-193327.jpg,8,transition,90.3,filename reading 88808; file 19/8_main_dig2_20260920-193327.jpg,,
sample_full,20260920-193327_dig3,20260920-193327,3,C:\Users\josep\source\repos\AIOTED-digital-rawdigits\20260920\19\8_main_dig3_20260920-193327.jpg,8,transition,89.8,filename reading 88808; file 19/8_main_dig3_20260920-193327.jpg,,
sample_full,20260920-193327_dig4,20260920-193327,4,C:\Users\josep\source\repos\AIOTED-digital-rawdigits\20260920\19\8_main_dig4_20260920-193327.jpg,8,transition,84.3,filename reading 88808; file 19/8_main_dig4_20260920-193327.jpg,,
sample_full,20260920-193327_dig5,20260920-193327,5,C:\Users\josep\source\repos\AIOTED-digital-rawdigits\20260920\19\0_main_dig5_20260920-193327.jpg,0,transition,67.0,filename reading 88808; file 19/0_main_dig5_20260920-193327.jpg,,
sample_full,20260920-193327_dig6,20260920-193327,6,C:\Users\josep\source\repos\AIOTED-digital-rawdigits\20260920\19\8_main_dig6_20260920-193327.jpg,8,transition,50.2,filename reading 88808; file 19/8_main_dig6_20260920-193327.jpg,,
sample_full,20260920-193727_dig2,20260920-193727,2,C:\Users\josep\source\repos\AIOTED-digital-rawdigits\20260920\19\5_main_dig2_20260920-193727.jpg,5,transition,92.9,filename reading 58210; file 19/5_main_dig2_20260920-193727.jpg,,
sample_full,20260920-193727_dig3,20260920-193727,3,C:\Users\josep\source\repos\AIOTED-digital-rawdigits\20260920\19\8_main_dig3_20260920-193727.jpg,8,transition,91.9,filename reading 58210; file 19/8_main_dig3_20260920-193727.jpg,,
sample_full,20260920-193727_dig4,20260920-193727,4,C:\Users\josep\source\repos\AIOTED-digital-rawdigits\20260920\19\2_main_dig4_20260920-193727.jpg,2,transition,89.2,filename reading 58210; file 19/2_main_dig4_20260920-193727.jpg,drift,
sample_full,20260920-193727_dig5,20260920-193727,5,C:\Users\josep\source\repos\AIOTED-digital-rawdigits\20260920\19\1_main_dig5_20260920-193727.jpg,1,transition,70.9,filename reading 58210; file 19/1_main_dig5_20260920-193727.jpg,,
sample_full,20260920-193727_dig6,20260920-193727,6,C:\Users\josep\source\repos\AIOTED-digital-rawdigits\20260920\19\0_main_dig6_20260920-193727.jpg,0,transition,51.1,filename reading 58210; file 19/0_main_dig6_20260920-193727.jpg,,
sample_full,20260920-194127_dig2,20260920-194127,2,C:\Users\josep\source\repos\AIOTED-digital-rawdigits\20260920\19\10_main_dig2_20260920-194127.jpg,N,transition,96.8,filename reading NNN09; file 19/10_main_dig2_20260920-194127.jpg,,
sample_full,20260920-194127_dig3,20260920-194127,3,C:\Users\josep\source\repos\AIOTED-digital-rawdigits\20260920\19\10_main_dig3_20260920-194127.jpg,N,transition,95.1,filename reading NNN09; file 19/10_main_dig3_20260920-194127.jpg,,
sample_full,20260920-194127_dig4,20260920-194127,4,C:\Users\josep\source\repos\AIOTED-digital-rawdigits\20260920\19\10_main_dig4_20260920-194127.jpg,N,transition,92.4,filename reading NNN09; file 19/10_main_dig4_20260920-194127.jpg,,
sample_full,20260920-194127_dig5,20260920-194127,5,C:\Users\josep\source\repos\AIOTED-digital-rawdigits\20260920\19\0_main_dig5_20260920-194127.jpg,0,transition,68.4,filename reading NNN09; file 19/0_main_dig5_20260920-194127.jpg,,
sample_full,20260920-194127_dig6,20260920-194127,6,C:\Users\josep\source\repos\AIOTED-digital-rawdigits\20260920\19\9_main_dig6_20260920-194127.jpg,9,transition,51.2,filename reading NNN09; file 19/9_main_dig6_20260920-194127.jpg,,
sample_full,20260920-194527_dig2,20260920-194527,2,C:\Users\josep\source\repos\AIOTED-digital-rawdigits\20260920\19\5_main_dig2_20260920-194527.jpg,5,transition,92.9,filename reading 58210; file 19/5_main_dig2_20260920-194527.jpg,,
sample_full,20260920-194527_dig3,20260920-194527,3,C:\Users\josep\source\repos\AIOTED-digital-rawdigits\20260920\19\8_main_dig3_20260920-194527.jpg,8,transition,91.9,filename reading 58210; file 19/8_main_dig3_20260920-194527.jpg,,
sample_full,20260920-194527_dig4,20260920-194527,4,C:\Users\josep\source\repos\AIOTED-digital-rawdigits\20260920\19\2_main_dig4_20260920-194527.jpg,2,transition,89.1,filename reading 58210; file 19/2_main_dig4_20260920-194527.jpg,,
sample_full,20260920-194527_dig5,20260920-194527,5,C:\Users\josep\source\repos\AIOTED-digital-rawdigits\20260920\19\1_main_dig5_20260920-194527.jpg,1,transition,70.8,filename reading 58210; file 19/1_main_dig5_20260920-194527.jpg,,
sample_full,20260920-194527_dig6,20260920-194527,6,C:\Users\josep\source\repos\AIOTED-digital-rawdigits\20260920\19\0_main_dig6_20260920-194527.jpg,0,transition,50.9,filename reading 58210; file 19/0_main_dig6_20260920-194527.jpg,,
sample_full,20260920-194927_dig2,20260920-194927,2,C:\Users\josep\source\repos\AIOTED-digital-rawdigits\20260920\19\0_main_dig2_20260920-194927.jpg,0,transition,90.8,filename reading 08000; file 19/0_main_dig2_20260920-194927.jpg,,
sample_full,20260920-194927_dig3,20260920-194927,3,C:\Users\josep\source\repos\AIOTED-digital-rawdigits\20260920\19\8_main_dig3_20260920-194927.jpg,8,transition,90.2,filename reading 08000; file 19/8_main_dig3_20260920-194927.jpg,,
sample_full,20260920-194927_dig4,20260920-194927,4,C:\Users\josep\source\repos\AIOTED-digital-rawdigits\20260920\19\0_main_dig4_20260920-194927.jpg,0,transition,85.1,filename reading 08000; file 19/0_main_dig4_20260920-194927.jpg,,
sample_full,20260920-194927_dig5,20260920-194927,5,C:\Users\josep\source\repos\AIOTED-digital-rawdigits\20260920\19\0_main_dig5_20260920-194927.jpg,0,transition,67.5,filename reading 08000; file 19/0_main_dig5_20260920-194927.jpg,,
sample_full,20260920-194927_dig6,20260920-194927,6,C:\Users\josep\source\repos\AIOTED-digital-rawdigits\20260920\19\0_main_dig6_20260920-194927.jpg,0,transition,50.5,filename reading 08000; file 19/0_main_dig6_20260920-194927.jpg,,
sample_full,20260920-195327_dig2,20260920-195327,2,C:\Users\josep\source\repos\AIOTED-digital-rawdigits\20260920\19\8_main_dig2_20260920-195327.jpg,8,transition,90.1,filename reading 88808; file 19/8_main_dig2_20260920-195327.jpg,,
sample_full,20260920-195327_dig3,20260920-195327,3,C:\Users\josep\source\repos\AIOTED-digital-rawdigits\20260920\19\8_main_dig3_20260920-195327.jpg,8,transition,89.5,filename reading 88808; file 19/8_main_dig3_20260920-195327.jpg,,
sample_full,20260920-195327_dig4,20260920-195327,4,C:\Users\josep\source\repos\AIOTED-digital-rawdigits\20260920\19\8_main_dig4_20260920-195327.jpg,8,transition,84.2,filename reading 88808; file 19/8_main_dig4_20260920-195327.jpg,,
sample_full,20260920-195327_dig5,20260920-195327,5,C:\Users\josep\source\repos\AIOTED-digital-rawdigits\20260920\19\0_main_dig5_20260920-195327.jpg,0,transition,67.0,filename reading 88808; file 19/0_main_dig5_20260920-195327.jpg,,
sample_full,20260920-195327_dig6,20260920-195327,6,C:\Users\josep\source\repos\AIOTED-digital-rawdigits\20260920\19\8_main_dig6_20260920-195327.jpg,8,transition,50.2,filename reading 88808; file 19/8_main_dig6_20260920-195327.jpg,,
sample_full,20260920-195727_dig2,20260920-195727,2,C:\Users\josep\source\repos\AIOTED-digital-rawdigits\20260920\19\5_main_dig2_20260920-195727.jpg,5,transition,92.9,filename reading 58210; file 19/5_main_dig2_20260920-195727.jpg,,
sample_full,20260920-195727_dig3,20260920-195727,3,C:\Users\josep\source\repos\AIOTED-digital-rawdigits\20260920\19\8_main_dig3_20260920-195727.jpg,8,transition,91.9,filename reading 58210; file 19/8_main_dig3_20260920-195727.jpg,,
sample_full,20260920-195727_dig4,20260920-195727,4,C:\Users\josep\source\repos\AIOTED-digital-rawdigits\20260920\19\2_main_dig4_20260920-195727.jpg,2,transition,89.1,filename reading 58210; file 19/2_main_dig4_20260920-195727.jpg,,
sample_full,20260920-195727_dig5,20260920-195727,5,C:\Users\josep\source\repos\AIOTED-digital-rawdigits\20260920\19\1_main_dig5_20260920-195727.jpg,1,transition,70.8,filename reading 58210; file 19/1_main_dig5_20260920-195727.jpg,,
sample_full,20260920-195727_dig6,20260920-195727,6,C:\Users\josep\source\repos\AIOTED-digital-rawdigits\20260920\19\0_main_dig6_20260920-195727.jpg,0,transition,51.0,filename reading 58210; file 19/0_main_dig6_20260920-195727.jpg,,
sample_full,20260920-200127_dig2,20260920-200127,2,C:\Users\josep\source\repos\AIOTED-digital-rawdigits\20260920\20\10_main_dig2_20260920-200127.jpg,N,flash,96.5,filename reading NNN09; file 20/10_main_dig2_20260920-200127.jpg,,
sample_full,20260920-200127_dig3,20260920-200127,3,C:\Users\josep\source\repos\AIOTED-digital-rawdigits\20260920\20\10_main_dig3_20260920-200127.jpg,N,flash,94.9,filename reading NNN09; file 20/10_main_dig3_20260920-200127.jpg,,
sample_full,20260920-200127_dig4,20260920-200127,4,C:\Users\josep\source\repos\AIOTED-digital-rawdigits\20260920\20\10_main_dig4_20260920-200127.jpg,N,flash,92.2,filename reading NNN09; file 20/10_main_dig4_20260920-200127.jpg,,
sample_full,20260920-200127_dig5,20260920-200127,5,C:\Users\josep\source\repos\AIOTED-digital-rawdigits\20260920\20\0_main_dig5_20260920-200127.jpg,0,flash,68.3,filename reading NNN09; file 20/0_main_dig5_20260920-200127.jpg,,
sample_full,20260920-200127_dig6,20260920-200127,6,C:\Users\josep\source\repos\AIOTED-digital-rawdigits\20260920\20\9_main_dig6_20260920-200127.jpg,9,flash,51.0,filename reading NNN09; file 20/9_main_dig6_20260920-200127.jpg,,
sample_full,20260920-200527_dig2,20260920-200527,2,C:\Users\josep\source\repos\AIOTED-digital-rawdigits\20260920\20\5_main_dig2_20260920-200527.jpg,5,flash,92.8,filename reading 58210; file 20/5_main_dig2_20260920-200527.jpg,,
sample_full,20260920-200527_dig3,20260920-200527,3,C:\Users\josep\source\repos\AIOTED-digital-rawdigits\20260920\20\8_main_dig3_20260920-200527.jpg,8,flash,91.9,filename reading 58210; file 20/8_main_dig3_20260920-200527.jpg,,
sample_full,20260920-200527_dig4,20260920-200527,4,C:\Users\josep\source\repos\AIOTED-digital-rawdigits\20260920\20\2_main_dig4_20260920-200527.jpg,2,flash,89.2,filename reading 58210; file 20/2_main_dig4_20260920-200527.jpg,,
sample_full,20260920-200527_dig5,20260920-200527,5,C:\Users\josep\source\repos\AIOTED-digital-rawdigits\20260920\20\1_main_dig5_20260920-200527.jpg,1,flash,70.9,filename reading 58210; file 20/1_main_dig5_20260920-200527.jpg,,
sample_full,20260920-200527_dig6,20260920-200527,6,C:\Users\josep\source\repos\AIOTED-digital-rawdigits\20260920\20\0_main_dig6_20260920-200527.jpg,0,flash,51.0,filename reading 58210; file 20/0_main_dig6_20260920-200527.jpg,,
sample_full,20260920-200927_dig2,20260920-200927,2,C:\Users\josep\source\repos\AIOTED-digital-rawdigits\20260920\20\0_main_dig2_20260920-200927.jpg,0,flash,90.8,filename reading 00000; file 20/0_main_dig2_20260920-200927.jpg,,
sample_full,20260920-200927_dig3,20260920-200927,3,C:\Users\josep\source\repos\AIOTED-digital-rawdigits\20260920\20\0_main_dig3_20260920-200927.jpg,0,flash,90.7,filename reading 00000; file 20/0_main_dig3_20260920-200927.jpg,,
sample_full,20260920-200927_dig4,20260920-200927,4,C:\Users\josep\source\repos\AIOTED-digital-rawdigits\20260920\20\0_main_dig4_20260920-200927.jpg,0,flash,85.5,filename reading 00000; file 20/0_main_dig4_20260920-200927.jpg,,
sample_full,20260920-200927_dig5,20260920-200927,5,C:\Users\josep\source\repos\AIOTED-digital-rawdigits\20260920\20\0_main_dig5_20260920-200927.jpg,0,flash,67.7,filename reading 00000; file 20/0_main_dig5_20260920-200927.jpg,,
sample_full,20260920-200927_dig6,20260920-200927,6,C:\Users\josep\source\repos\AIOTED-digital-rawdigits\20260920\20\0_main_dig6_20260920-200927.jpg,0,flash,50.4,filename reading 00000; file 20/0_main_dig6_20260920-200927.jpg,,
sample_full,20260920-201327_dig2,20260920-201327,2,C:\Users\josep\source\repos\AIOTED-digital-rawdigits\20260920\20\8_main_dig2_20260920-201327.jpg,8,flash,90.4,filename reading 88808; file 20/8_main_dig2_20260920-201327.jpg,,
sample_full,20260920-201327_dig3,20260920-201327,3,C:\Users\josep\source\repos\AIOTED-digital-rawdigits\20260920\20\8_main_dig3_20260920-201327.jpg,8,flash,89.8,filename reading 88808; file 20/8_main_dig3_20260920-201327.jpg,,
sample_full,20260920-201327_dig4,20260920-201327,4,C:\Users\josep\source\repos\AIOTED-digital-rawdigits\20260920\20\8_main_dig4_20260920-201327.jpg,8,flash,84.4,filename reading 88808; file 20/8_main_dig4_20260920-201327.jpg,,
sample_full,20260920-201327_dig5,20260920-201327,5,C:\Users\josep\source\repos\AIOTED-digital-rawdigits\20260920\20\0_main_dig5_20260920-201327.jpg,0,flash,67.1,filename reading 88808; file 20/0_main_dig5_20260920-201327.jpg,,
sample_full,20260920-201327_dig6,20260920-201327,6,C:\Users\josep\source\repos\AIOTED-digital-rawdigits\20260920\20\8_main_dig6_20260920-201327.jpg,8,flash,50.3,filename reading 88808; file 20/8_main_dig6_20260920-201327.jpg,,
sample_full,20260920-201727_dig2,20260920-201727,2,C:\Users\josep\source\repos\AIOTED-digital-rawdigits\20260920\20\5_main_dig2_20260920-201727.jpg,5,flash,92.9,filename reading 58210; file 20/5_main_dig2_20260920-201727.jpg,,
sample_full,20260920-201727_dig3,20260920-201727,3,C:\Users\josep\source\repos\AIOTED-digital-rawdigits\20260920\20\8_main_dig3_20260920-201727.jpg,8,flash,91.8,filename reading 58210; file 20/8_main_dig3_20260920-201727.jpg,,
sample_full,20260920-201727_dig4,20260920-201727,4,C:\Users\josep\source\repos\AIOTED-digital-rawdigits\20260920\20\2_main_dig4_20260920-201727.jpg,2,flash,89.0,filename reading 58210; file 20/2_main_dig4_20260920-201727.jpg,,
sample_full,20260920-201727_dig5,20260920-201727,5,C:\Users\josep\source\repos\AIOTED-digital-rawdigits\20260920\20\1_main_dig5_20260920-201727.jpg,1,flash,70.8,filename reading 58210; file 20/1_main_dig5_20260920-201727.jpg,,
sample_full,20260920-201727_dig6,20260920-201727,6,C:\Users\josep\source\repos\AIOTED-digital-rawdigits\20260920\20\0_main_dig6_20260920-201727.jpg,0,flash,50.9,filename reading 58210; file 20/0_main_dig6_20260920-201727.jpg,,
sample_full,20260920-202127_dig2,20260920-202127,2,C:\Users\josep\source\repos\AIOTED-digital-rawdigits\20260920\20\10_main_dig2_20260920-202127.jpg,N,flash,96.5,filename reading NNN00; file 20/10_main_dig2_20260920-202127.jpg,,
sample_full,20260920-202127_dig3,20260920-202127,3,C:\Users\josep\source\repos\AIOTED-digital-rawdigits\20260920\20\10_main_dig3_20260920-202127.jpg,N,flash,94.8,filename reading NNN00; file 20/10_main_dig3_20260920-202127.jpg,,
sample_full,20260920-202127_dig4,20260920-202127,4,C:\Users\josep\source\repos\AIOTED-digital-rawdigits\20260920\20\10_main_dig4_20260920-202127.jpg,N,flash,92.1,filename reading NNN00; file 20/10_main_dig4_20260920-202127.jpg,,
sample_full,20260920-202127_dig5,20260920-202127,5,C:\Users\josep\source\repos\AIOTED-digital-rawdigits\20260920\20\0_main_dig5_20260920-202127.jpg,0,flash,68.2,filename reading NNN00; file 20/0_main_dig5_20260920-202127.jpg,,
sample_full,20260920-202127_dig6,20260920-202127,6,C:\Users\josep\source\repos\AIOTED-digital-rawdigits\20260920\20\0_main_dig6_20260920-202127.jpg,0,flash,50.9,filename reading NNN00; file 20/0_main_dig6_20260920-202127.jpg,,
sample_full,20260920-202527_dig2,20260920-202527,2,C:\Users\josep\source\repos\AIOTED-digital-rawdigits\20260920\20\5_main_dig2_20260920-202527.jpg,5,flash,92.9,filename reading 59210; file 20/5_main_dig2_20260920-202527.jpg,,
sample_full,20260920-202527_dig3,20260920-202527,3,C:\Users\josep\source\repos\AIOTED-digital-rawdigits\20260920\20\9_main_dig3_20260920-202527.jpg,9,flash,91.7,filename reading 59210; file 20/9_main_dig3_20260920-202527.jpg,,
sample_full,20260920-202527_dig4,20260920-202527,4,C:\Users\josep\source\repos\AIOTED-digital-rawdigits\20260920\20\2_main_dig4_20260920-202527.jpg,2,flash,89.0,filename reading 59210; file 20/2_main_dig4_20260920-202527.jpg,,
sample_full,20260920-202527_dig5,20260920-202527,5,C:\Users\josep\source\repos\AIOTED-digital-rawdigits\20260920\20\1_main_dig5_20260920-202527.jpg,1,flash,70.8,filename reading 59210; file 20/1_main_dig5_20260920-202527.jpg,,
sample_full,20260920-202527_dig6,20260920-202527,6,C:\Users\josep\source\repos\AIOTED-digital-rawdigits\20260920\20\0_main_dig6_20260920-202527.jpg,0,flash,50.8,filename reading 59210; file 20/0_main_dig6_20260920-202527.jpg,,
sample_full,20260920-202927_dig2,20260920-202927,2,C:\Users\josep\source\repos\AIOTED-digital-rawdigits\20260920\20\0_main_dig2_20260920-202927.jpg,0,flash,90.5,filename reading 08000; file 20/0_main_dig2_20260920-202927.jpg,,
sample_full,20260920-202927_dig3,20260920-202927,3,C:\Users\josep\source\repos\AIOTED-digital-rawdigits\20260920\20\8_main_dig3_20260920-202927.jpg,8,flash,90.2,filename reading 08000; file 20/8_main_dig3_20260920-202927.jpg,,
sample_full,20260920-202927_dig4,20260920-202927,4,C:\Users\josep\source\repos\AIOTED-digital-rawdigits\20260920\20\0_main_dig4_20260920-202927.jpg,0,flash,85.1,filename reading 08000; file 20/0_main_dig4_20260920-202927.jpg,,
sample_full,20260920-202927_dig5,20260920-202927,5,C:\Users\josep\source\repos\AIOTED-digital-rawdigits\20260920\20\0_main_dig5_20260920-202927.jpg,0,flash,67.4,filename reading 08000; file 20/0_main_dig5_20260920-202927.jpg,,
sample_full,20260920-202927_dig6,20260920-202927,6,C:\Users\josep\source\repos\AIOTED-digital-rawdigits\20260920\20\0_main_dig6_20260920-202927.jpg,0,flash,50.2,filename reading 08000; file 20/0_main_dig6_20260920-202927.jpg,,
sample_full,20260920-203327_dig2,20260920-203327,2,C:\Users\josep\source\repos\AIOTED-digital-rawdigits\20260920\20\8_main_dig2_20260920-203327.jpg,8,flash,89.9,filename reading 88808; file 20/8_main_dig2_20260920-203327.jpg,,
sample_full,20260920-203327_dig3,20260920-203327,3,C:\Users\josep\source\repos\AIOTED-digital-rawdigits\20260920\20\8_main_dig3_20260920-203327.jpg,8,flash,89.5,filename reading 88808; file 20/8_main_dig3_20260920-203327.jpg,,
sample_full,20260920-203327_dig4,20260920-203327,4,C:\Users\josep\source\repos\AIOTED-digital-rawdigits\20260920\20\8_main_dig4_20260920-203327.jpg,8,flash,83.9,filename reading 88808; file 20/8_main_dig4_20260920-203327.jpg,,
sample_full,20260920-203327_dig5,20260920-203327,5,C:\Users\josep\source\repos\AIOTED-digital-rawdigits\20260920\20\0_main_dig5_20260920-203327.jpg,0,flash,66.7,filename reading 88808; file 20/0_main_dig5_20260920-203327.jpg,,
sample_full,20260920-203327_dig6,20260920-203327,6,C:\Users\josep\source\repos\AIOTED-digital-rawdigits\20260920\20\8_main_dig6_20260920-203327.jpg,8,flash,49.9,filename reading 88808; file 20/8_main_dig6_20260920-203327.jpg,,
sample_full,20260920-203727_dig2,20260920-203727,2,C:\Users\josep\source\repos\AIOTED-digital-rawdigits\20260920\20\5_main_dig2_20260920-203727.jpg,5,flash,92.7,filename reading 58211; file 20/5_main_dig2_20260920-203727.jpg,,
sample_full,20260920-203727_dig3,20260920-203727,3,C:\Users\josep\source\repos\AIOTED-digital-rawdigits\20260920\20\8_main_dig3_20260920-203727.jpg,8,flash,91.7,filename reading 58211; file 20/8_main_dig3_20260920-203727.jpg,,
sample_full,20260920-203727_dig4,20260920-203727,4,C:\Users\josep\source\repos\AIOTED-digital-rawdigits\20260920\20\2_main_dig4_20260920-203727.jpg,2,flash,88.9,filename reading 58211; file 20/2_main_dig4_20260920-203727.jpg,,
sample_full,20260920-203727_dig5,20260920-203727,5,C:\Users\josep\source\repos\AIOTED-digital-rawdigits\20260920\20\1_main_dig5_20260920-203727.jpg,1,flash,70.7,filename reading 58211; file 20/1_main_dig5_20260920-203727.jpg,,
sample_full,20260920-203727_dig6,20260920-203727,6,C:\Users\josep\source\repos\AIOTED-digital-rawdigits\20260920\20\1_main_dig6_20260920-203727.jpg,1,flash,52.1,filename reading 58211; file 20/1_main_dig6_20260920-203727.jpg,,
sample_full,20260920-204127_dig2,20260920-204127,2,C:\Users\josep\source\repos\AIOTED-digital-rawdigits\20260920\20\8_main_dig2_20260920-204127.jpg,8,flash,90.1,filename reading 88808; file 20/8_main_dig2_20260920-204127.jpg,,
sample_full,20260920-204127_dig3,20260920-204127,3,C:\Users\josep\source\repos\AIOTED-digital-rawdigits\20260920\20\8_main_dig3_20260920-204127.jpg,8,flash,89.6,filename reading 88808; file 20/8_main_dig3_20260920-204127.jpg,,
sample_full,20260920-204127_dig4,20260920-204127,4,C:\Users\josep\source\repos\AIOTED-digital-rawdigits\20260920\20\8_main_dig4_20260920-204127.jpg,8,flash,84.2,filename reading 88808; file 20/8_main_dig4_20260920-204127.jpg,,
sample_full,20260920-204127_dig5,20260920-204127,5,C:\Users\josep\source\repos\AIOTED-digital-rawdigits\20260920\20\0_main_dig5_20260920-204127.jpg,0,flash,66.9,filename reading 88808; file 20/0_main_dig5_20260920-204127.jpg,,
sample_full,20260920-204127_dig6,20260920-204127,6,C:\Users\josep\source\repos\AIOTED-digital-rawdigits\20260920\20\8_main_dig6_20260920-204127.jpg,8,flash,50.1,filename reading 88808; file 20/8_main_dig6_20260920-204127.jpg,,
sample_full,20260920-204527_dig2,20260920-204527,2,C:\Users\josep\source\repos\AIOTED-digital-rawdigits\20260920\20\5_main_dig2_20260920-204527.jpg,5,flash,92.9,filename reading 58211; file 20/5_main_dig2_20260920-204527.jpg,,
sample_full,20260920-204527_dig3,20260920-204527,3,C:\Users\josep\source\repos\AIOTED-digital-rawdigits\20260920\20\8_main_dig3_20260920-204527.jpg,8,flash,91.8,filename reading 58211; file 20/8_main_dig3_20260920-204527.jpg,,
sample_full,20260920-204527_dig4,20260920-204527,4,C:\Users\josep\source\repos\AIOTED-digital-rawdigits\20260920\20\2_main_dig4_20260920-204527.jpg,2,flash,88.9,filename reading 58211; file 20/2_main_dig4_20260920-204527.jpg,,
sample_full,20260920-204527_dig5,20260920-204527,5,C:\Users\josep\source\repos\AIOTED-digital-rawdigits\20260920\20\1_main_dig5_20260920-204527.jpg,1,flash,70.8,filename reading 58211; file 20/1_main_dig5_20260920-204527.jpg,,
sample_full,20260920-204527_dig6,20260920-204527,6,C:\Users\josep\source\repos\AIOTED-digital-rawdigits\20260920\20\1_main_dig6_20260920-204527.jpg,1,flash,52.1,filename reading 58211; file 20/1_main_dig6_20260920-204527.jpg,,
sample_full,20260920-204927_dig2,20260920-204927,2,C:\Users\josep\source\repos\AIOTED-digital-rawdigits\20260920\20\0_main_dig2_20260920-204927.jpg,0,flash,90.8,filename reading 00000; file 20/0_main_dig2_20260920-204927.jpg,,
sample_full,20260920-204927_dig3,20260920-204927,3,C:\Users\josep\source\repos\AIOTED-digital-rawdigits\20260920\20\0_main_dig3_20260920-204927.jpg,0,flash,90.3,filename reading 00000; file 20/0_main_dig3_20260920-204927.jpg,,
sample_full,20260920-204927_dig4,20260920-204927,4,C:\Users\josep\source\repos\AIOTED-digital-rawdigits\20260920\20\0_main_dig4_20260920-204927.jpg,0,flash,85.1,filename reading 00000; file 20/0_main_dig4_20260920-204927.jpg,,
sample_full,20260920-204927_dig5,20260920-204927,5,C:\Users\josep\source\repos\AIOTED-digital-rawdigits\20260920\20\0_main_dig5_20260920-204927.jpg,0,flash,67.6,filename reading 00000; file 20/0_main_dig5_20260920-204927.jpg,,
sample_full,20260920-204927_dig6,20260920-204927,6,C:\Users\josep\source\repos\AIOTED-digital-rawdigits\20260920\20\0_main_dig6_20260920-204927.jpg,0,flash,50.3,filename reading 00000; file 20/0_main_dig6_20260920-204927.jpg,,
sample_full,20260920-205327_dig2,20260920-205327,2,C:\Users\josep\source\repos\AIOTED-digital-rawdigits\20260920\20\8_main_dig2_20260920-205327.jpg,8,flash,90.0,filename reading 88806; file 20/8_main_dig2_20260920-205327.jpg,,
sample_full,20260920-205327_dig3,20260920-205327,3,C:\Users\josep\source\repos\AIOTED-digital-rawdigits\20260920\20\8_main_dig3_20260920-205327.jpg,8,flash,89.6,filename reading 88806; file 20/8_main_dig3_20260920-205327.jpg,,
sample_full,20260920-205327_dig4,20260920-205327,4,C:\Users\josep\source\repos\AIOTED-digital-rawdigits\20260920\20\8_main_dig4_20260920-205327.jpg,8,flash,84.2,filename reading 88806; file 20/8_main_dig4_20260920-205327.jpg,drift,
sample_full,20260920-205327_dig5,20260920-205327,5,C:\Users\josep\source\repos\AIOTED-digital-rawdigits\20260920\20\0_main_dig5_20260920-205327.jpg,0,flash,66.9,filename reading 88806; file 20/0_main_dig5_20260920-205327.jpg,,
sample_full,20260920-205327_dig6,20260920-205327,6,C:\Users\josep\source\repos\AIOTED-digital-rawdigits\20260920\20\6_main_dig6_20260920-205327.jpg,6,flash,49.9,filename reading 88806; file 20/6_main_dig6_20260920-205327.jpg,,
sample_full,20260920-205727_dig2,20260920-205727,2,C:\Users\josep\source\repos\AIOTED-digital-rawdigits\20260920\20\5_main_dig2_20260920-205727.jpg,5,flash,92.6,filename reading 59211; file 20/5_main_dig2_20260920-205727.jpg,,
sample_full,20260920-205727_dig3,20260920-205727,3,C:\Users\josep\source\repos\AIOTED-digital-rawdigits\20260920\20\9_main_dig3_20260920-205727.jpg,9,flash,91.7,filename reading 59211; file 20/9_main_dig3_20260920-205727.jpg,,
sample_full,20260920-205727_dig4,20260920-205727,4,C:\Users\josep\source\repos\AIOTED-digital-rawdigits\20260920\20\2_main_dig4_20260920-205727.jpg,2,flash,89.0,filename reading 59211; file 20/2_main_dig4_20260920-205727.jpg,,
sample_full,20260920-205727_dig5,20260920-205727,5,C:\Users\josep\source\repos\AIOTED-digital-rawdigits\20260920\20\1_main_dig5_20260920-205727.jpg,1,flash,70.9,filename reading 59211; file 20/1_main_dig5_20260920-205727.jpg,,
sample_full,20260920-205727_dig6,20260920-205727,6,C:\Users\josep\source\repos\AIOTED-digital-rawdigits\20260920\20\1_main_dig6_20260920-205727.jpg,1,flash,52.2,filename reading 59211; file 20/1_main_dig6_20260920-205727.jpg,,
sample_full,20260920-210127_dig2,20260920-210127,2,C:\Users\josep\source\repos\AIOTED-digital-rawdigits\20260920\21\8_main_dig2_20260920-210127.jpg,8,flash,89.9,filename reading 88800; file 21/8_main_dig2_20260920-210127.jpg,,
sample_full,20260920-210127_dig3,20260920-210127,3,C:\Users\josep\source\repos\AIOTED-digital-rawdigits\20260920\21\8_main_dig3_20260920-210127.jpg,8,flash,89.6,filename reading 88800; file 21/8_main_dig3_20260920-210127.jpg,,
sample_full,20260920-210127_dig4,20260920-210127,4,C:\Users\josep\source\repos\AIOTED-digital-rawdigits\20260920\21\8_main_dig4_20260920-210127.jpg,8,flash,84.1,filename reading 88800; file 21/8_main_dig4_20260920-210127.jpg,,
sample_full,20260920-210127_dig5,20260920-210127,5,C:\Users\josep\source\repos\AIOTED-digital-rawdigits\20260920\21\0_main_dig5_20260920-210127.jpg,0,flash,66.8,filename reading 88800; file 21/0_main_dig5_20260920-210127.jpg,,
sample_full,20260920-210127_dig6,20260920-210127,6,C:\Users\josep\source\repos\AIOTED-digital-rawdigits\20260920\21\0_main_dig6_20260920-210127.jpg,0,flash,49.8,filename reading 88800; file 21/0_main_dig6_20260920-210127.jpg,,
sample_full,20260920-210527_dig2,20260920-210527,2,C:\Users\josep\source\repos\AIOTED-digital-rawdigits\20260920\21\5_main_dig2_20260920-210527.jpg,5,flash,92.6,filename reading 58212; file 21/5_main_dig2_20260920-210527.jpg,,
sample_full,20260920-210527_dig3,20260920-210527,3,C:\Users\josep\source\repos\AIOTED-digital-rawdigits\20260920\21\8_main_dig3_20260920-210527.jpg,8,flash,91.6,filename reading 58212; file 21/8_main_dig3_20260920-210527.jpg,,
sample_full,20260920-210527_dig4,20260920-210527,4,C:\Users\josep\source\repos\AIOTED-digital-rawdigits\20260920\21\2_main_dig4_20260920-210527.jpg,2,flash,88.7,filename reading 58212; file 21/2_main_dig4_20260920-210527.jpg,,
sample_full,20260920-210527_dig5,20260920-210527,5,C:\Users\josep\source\repos\AIOTED-digital-rawdigits\20260920\21\1_main_dig5_20260920-210527.jpg,1,flash,70.6,filename reading 58212; file 21/1_main_dig5_20260920-210527.jpg,,
sample_full,20260920-210527_dig6,20260920-210527,6,C:\Users\josep\source\repos\AIOTED-digital-rawdigits\20260920\21\2_main_dig6_20260920-210527.jpg,2,flash,51.4,filename reading 58212; file 21/2_main_dig6_20260920-210527.jpg,,
sample_full,20260920-210927_dig2,20260920-210927,2,C:\Users\josep\source\repos\AIOTED-digital-rawdigits\20260920\21\0_main_dig2_20260920-210927.jpg,0,flash,90.3,filename reading 00000; file 21/0_main_dig2_20260920-210927.jpg,,
sample_full,20260920-210927_dig3,20260920-210927,3,C:\Users\josep\source\repos\AIOTED-digital-rawdigits\20260920\21\0_main_dig3_20260920-210927.jpg,0,flash,89.9,filename reading 00000; file 21/0_main_dig3_20260920-210927.jpg,drift,
sample_full,20260920-210927_dig4,20260920-210927,4,C:\Users\josep\source\repos\AIOTED-digital-rawdigits\20260920\21\0_main_dig4_20260920-210927.jpg,0,flash,84.9,filename reading 00000; file 21/0_main_dig4_20260920-210927.jpg,,
sample_full,20260920-210927_dig5,20260920-210927,5,C:\Users\josep\source\repos\AIOTED-digital-rawdigits\20260920\21\0_main_dig5_20260920-210927.jpg,0,flash,67.3,filename reading 00000; file 21/0_main_dig5_20260920-210927.jpg,,
sample_full,20260920-210927_dig6,20260920-210927,6,C:\Users\josep\source\repos\AIOTED-digital-rawdigits\20260920\21\0_main_dig6_20260920-210927.jpg,0,flash,50.0,filename reading 00000; file 21/0_main_dig6_20260920-210927.jpg,,
sample_full,20260920-211327_dig2,20260920-211327,2,C:\Users\josep\source\repos\AIOTED-digital-rawdigits\20260920\21\8_main_dig2_20260920-211327.jpg,8,flash,90.5,filename reading 88808; file 21/8_main_dig2_20260920-211327.jpg,,
sample_full,20260920-211327_dig3,20260920-211327,3,C:\Users\josep\source\repos\AIOTED-digital-rawdigits\20260920\21\8_main_dig3_20260920-211327.jpg,8,flash,90.1,filename reading 88808; file 21/8_main_dig3_20260920-211327.jpg,,
sample_full,20260920-211327_dig4,20260920-211327,4,C:\Users\josep\source\repos\AIOTED-digital-rawdigits\20260920\21\8_main_dig4_20260920-211327.jpg,8,flash,84.9,filename reading 88808; file 21/8_main_dig4_20260920-211327.jpg,,
sample_full,20260920-211327_dig5,20260920-211327,5,C:\Users\josep\source\repos\AIOTED-digital-rawdigits\20260920\21\0_main_dig5_20260920-211327.jpg,0,flash,67.4,filename reading 88808; file 21/0_main_dig5_20260920-211327.jpg,,
sample_full,20260920-211327_dig6,20260920-211327,6,C:\Users\josep\source\repos\AIOTED-digital-rawdigits\20260920\21\8_main_dig6_20260920-211327.jpg,8,flash,50.2,filename reading 88808; file 21/8_main_dig6_20260920-211327.jpg,,
sample_full,20260920-211727_dig2,20260920-211727,2,C:\Users\josep\source\repos\AIOTED-digital-rawdigits\20260920\21\5_main_dig2_20260920-211727.jpg,5,flash,92.5,filename reading 58212; file 21/5_main_dig2_20260920-211727.jpg,,
sample_full,20260920-211727_dig3,20260920-211727,3,C:\Users\josep\source\repos\AIOTED-digital-rawdigits\20260920\21\8_main_dig3_20260920-211727.jpg,8,flash,91.5,filename reading 58212; file 21/8_main_dig3_20260920-211727.jpg,,
sample_full,20260920-211727_dig4,20260920-211727,4,C:\Users\josep\source\repos\AIOTED-digital-rawdigits\20260920\21\2_main_dig4_20260920-211727.jpg,2,flash,88.7,filename reading 58212; file 21/2_main_dig4_20260920-211727.jpg,,
sample_full,20260920-211727_dig5,20260920-211727,5,C:\Users\josep\source\repos\AIOTED-digital-rawdigits\20260920\21\1_main_dig5_20260920-211727.jpg,1,flash,70.4,filename reading 58212; file 21/1_main_dig5_20260920-211727.jpg,,
sample_full,20260920-211727_dig6,20260920-211727,6,C:\Users\josep\source\repos\AIOTED-digital-rawdigits\20260920\21\2_main_dig6_20260920-211727.jpg,2,flash,51.3,filename reading 58212; file 21/2_main_dig6_20260920-211727.jpg,,
sample_full,20260920-212127_dig2,20260920-212127,2,C:\Users\josep\source\repos\AIOTED-digital-rawdigits\20260920\21\8_main_dig2_20260920-212127.jpg,8,flash,90.0,filename reading 88808; file 21/8_main_dig2_20260920-212127.jpg,,
sample_full,20260920-212127_dig3,20260920-212127,3,C:\Users\josep\source\repos\AIOTED-digital-rawdigits\20260920\21\8_main_dig3_20260920-212127.jpg,8,flash,89.6,filename reading 88808; file 21/8_main_dig3_20260920-212127.jpg,,
sample_full,20260920-212127_dig4,20260920-212127,4,C:\Users\josep\source\repos\AIOTED-digital-rawdigits\20260920\21\8_main_dig4_20260920-212127.jpg,8,flash,84.0,filename reading 88808; file 21/8_main_dig4_20260920-212127.jpg,,
sample_full,20260920-212127_dig5,20260920-212127,5,C:\Users\josep\source\repos\AIOTED-digital-rawdigits\20260920\21\0_main_dig5_20260920-212127.jpg,0,flash,66.7,filename reading 88808; file 21/0_main_dig5_20260920-212127.jpg,,
sample_full,20260920-212127_dig6,20260920-212127,6,C:\Users\josep\source\repos\AIOTED-digital-rawdigits\20260920\21\8_main_dig6_20260920-212127.jpg,8,flash,49.7,filename reading 88808; file 21/8_main_dig6_20260920-212127.jpg,,
sample_full,20260920-212527_dig2,20260920-212527,2,C:\Users\josep\source\repos\AIOTED-digital-rawdigits\20260920\21\5_main_dig2_20260920-212527.jpg,5,flash,92.4,filename reading 58212; file 21/5_main_dig2_20260920-212527.jpg,,
sample_full,20260920-212527_dig3,20260920-212527,3,C:\Users\josep\source\repos\AIOTED-digital-rawdigits\20260920\21\8_main_dig3_20260920-212527.jpg,8,flash,91.5,filename reading 58212; file 21/8_main_dig3_20260920-212527.jpg,,
sample_full,20260920-212527_dig4,20260920-212527,4,C:\Users\josep\source\repos\AIOTED-digital-rawdigits\20260920\21\2_main_dig4_20260920-212527.jpg,2,flash,88.8,filename reading 58212; file 21/2_main_dig4_20260920-212527.jpg,,
sample_full,20260920-212527_dig5,20260920-212527,5,C:\Users\josep\source\repos\AIOTED-digital-rawdigits\20260920\21\1_main_dig5_20260920-212527.jpg,1,flash,70.7,filename reading 58212; file 21/1_main_dig5_20260920-212527.jpg,,
sample_full,20260920-212527_dig6,20260920-212527,6,C:\Users\josep\source\repos\AIOTED-digital-rawdigits\20260920\21\2_main_dig6_20260920-212527.jpg,2,flash,51.5,filename reading 58212; file 21/2_main_dig6_20260920-212527.jpg,,
sample_full,20260920-212927_dig2,20260920-212927,2,C:\Users\josep\source\repos\AIOTED-digital-rawdigits\20260920\21\0_main_dig2_20260920-212927.jpg,0,flash,90.6,filename reading 08000; file 21/0_main_dig2_20260920-212927.jpg,,
sample_full,20260920-212927_dig3,20260920-212927,3,C:\Users\josep\source\repos\AIOTED-digital-rawdigits\20260920\21\8_main_dig3_20260920-212927.jpg,8,flash,90.0,filename reading 08000; file 21/8_main_dig3_20260920-212927.jpg,,
sample_full,20260920-212927_dig4,20260920-212927,4,C:\Users\josep\source\repos\AIOTED-digital-rawdigits\20260920\21\0_main_dig4_20260920-212927.jpg,0,flash,85.0,filename reading 08000; file 21/0_main_dig4_20260920-212927.jpg,,
sample_full,20260920-212927_dig5,20260920-212927,5,C:\Users\josep\source\repos\AIOTED-digital-rawdigits\20260920\21\0_main_dig5_20260920-212927.jpg,0,flash,67.3,filename reading 08000; file 21/0_main_dig5_20260920-212927.jpg,,
sample_full,20260920-212927_dig6,20260920-212927,6,C:\Users\josep\source\repos\AIOTED-digital-rawdigits\20260920\21\0_main_dig6_20260920-212927.jpg,0,flash,50.2,filename reading 08000; file 21/0_main_dig6_20260920-212927.jpg,drift,
sample_full,20260920-213327_dig2,20260920-213327,2,C:\Users\josep\source\repos\AIOTED-digital-rawdigits\20260920\21\5_main_dig2_20260920-213327.jpg,5,flash,92.3,filename reading 59212; file 21/5_main_dig2_20260920-213327.jpg,,
sample_full,20260920-213327_dig3,20260920-213327,3,C:\Users\josep\source\repos\AIOTED-digital-rawdigits\20260920\21\9_main_dig3_20260920-213327.jpg,9,flash,91.4,filename reading 59212; file 21/9_main_dig3_20260920-213327.jpg,,
sample_full,20260920-213327_dig4,20260920-213327,4,C:\Users\josep\source\repos\AIOTED-digital-rawdigits\20260920\21\2_main_dig4_20260920-213327.jpg,2,flash,88.5,filename reading 59212; file 21/2_main_dig4_20260920-213327.jpg,,
sample_full,20260920-213327_dig5,20260920-213327,5,C:\Users\josep\source\repos\AIOTED-digital-rawdigits\20260920\21\1_main_dig5_20260920-213327.jpg,1,flash,70.1,filename reading 59212; file 21/1_main_dig5_20260920-213327.jpg,,
sample_full,20260920-213327_dig6,20260920-213327,6,C:\Users\josep\source\repos\AIOTED-digital-rawdigits\20260920\21\2_main_dig6_20260920-213327.jpg,2,flash,48.8,filename reading 59212; file 21/2_main_dig6_20260920-213327.jpg,,
sample_full,20260920-213727_dig2,20260920-213727,2,C:\Users\josep\source\repos\AIOTED-digital-rawdigits\20260920\21\5_main_dig2_20260920-213727.jpg,5,flash,92.5,filename reading 58212; file 21/5_main_dig2_20260920-213727.jpg,,
sample_full,20260920-213727_dig3,20260920-213727,3,C:\Users\josep\source\repos\AIOTED-digital-rawdigits\20260920\21\8_main_dig3_20260920-213727.jpg,8,flash,92.1,filename reading 58212; file 21/8_main_dig3_20260920-213727.jpg,,
sample_full,20260920-213727_dig4,20260920-213727,4,C:\Users\josep\source\repos\AIOTED-digital-rawdigits\20260920\21\2_main_dig4_20260920-213727.jpg,2,flash,88.9,filename reading 58212; file 21/2_main_dig4_20260920-213727.jpg,,
sample_full,20260920-213727_dig5,20260920-213727,5,C:\Users\josep\source\repos\AIOTED-digital-rawdigits\20260920\21\1_main_dig5_20260920-213727.jpg,1,flash,70.3,filename reading 58212; file 21/1_main_dig5_20260920-213727.jpg,,
sample_full,20260920-213727_dig6,20260920-213727,6,C:\Users\josep\source\repos\AIOTED-digital-rawdigits\20260920\21\2_main_dig6_20260920-213727.jpg,2,flash,48.9,filename reading 58212; file 21/2_main_dig6_20260920-213727.jpg,,
sample_full,20260920-214127_dig2,20260920-214127,2,C:\Users\josep\source\repos\AIOTED-digital-rawdigits\20260920\21\8_main_dig2_20260920-214127.jpg,8,flash,89.6,filename reading 88800; file 21/8_main_dig2_20260920-214127.jpg,,
sample_full,20260920-214127_dig3,20260920-214127,3,C:\Users\josep\source\repos\AIOTED-digital-rawdigits\20260920\21\8_main_dig3_20260920-214127.jpg,8,flash,89.7,filename reading 88800; file 21/8_main_dig3_20260920-214127.jpg,,
sample_full,20260920-214127_dig4,20260920-214127,4,C:\Users\josep\source\repos\AIOTED-digital-rawdigits\20260920\21\8_main_dig4_20260920-214127.jpg,8,flash,84.1,filename reading 88800; file 21/8_main_dig4_20260920-214127.jpg,,
sample_full,20260920-214127_dig5,20260920-214127,5,C:\Users\josep\source\repos\AIOTED-digital-rawdigits\20260920\21\0_main_dig5_20260920-214127.jpg,0,flash,66.5,filename reading 88800; file 21/0_main_dig5_20260920-214127.jpg,,
sample_full,20260920-214127_dig6,20260920-214127,6,C:\Users\josep\source\repos\AIOTED-digital-rawdigits\20260920\21\0_main_dig6_20260920-214127.jpg,0,flash,47.6,filename reading 88800; file 21/0_main_dig6_20260920-214127.jpg,,
sample_full,20260920-214527_dig2,20260920-214527,2,C:\Users\josep\source\repos\AIOTED-digital-rawdigits\20260920\21\5_main_dig2_20260920-214527.jpg,5,flash,92.4,filename reading 58212; file 21/5_main_dig2_20260920-214527.jpg,,
sample_full,20260920-214527_dig3,20260920-214527,3,C:\Users\josep\source\repos\AIOTED-digital-rawdigits\20260920\21\8_main_dig3_20260920-214527.jpg,8,flash,91.4,filename reading 58212; file 21/8_main_dig3_20260920-214527.jpg,,
sample_full,20260920-214527_dig4,20260920-214527,4,C:\Users\josep\source\repos\AIOTED-digital-rawdigits\20260920\21\2_main_dig4_20260920-214527.jpg,2,flash,88.5,filename reading 58212; file 21/2_main_dig4_20260920-214527.jpg,,
sample_full,20260920-214527_dig5,20260920-214527,5,C:\Users\josep\source\repos\AIOTED-digital-rawdigits\20260920\21\1_main_dig5_20260920-214527.jpg,1,flash,70.2,filename reading 58212; file 21/1_main_dig5_20260920-214527.jpg,,
sample_full,20260920-214527_dig6,20260920-214527,6,C:\Users\josep\source\repos\AIOTED-digital-rawdigits\20260920\21\2_main_dig6_20260920-214527.jpg,2,flash,48.9,filename reading 58212; file 21/2_main_dig6_20260920-214527.jpg,,
sample_full,20260920-214927_dig2,20260920-214927,2,C:\Users\josep\source\repos\AIOTED-digital-rawdigits\20260920\21\0_main_dig2_20260920-214927.jpg,0,flash,90.3,filename reading 00000; file 21/0_main_dig2_20260920-214927.jpg,,
sample_full,20260920-214927_dig3,20260920-214927,3,C:\Users\josep\source\repos\AIOTED-digital-rawdigits\20260920\21\0_main_dig3_20260920-214927.jpg,0,flash,90.4,filename reading 00000; file 21/0_main_dig3_20260920-214927.jpg,,
sample_full,20260920-214927_dig4,20260920-214927,4,C:\Users\josep\source\repos\AIOTED-digital-rawdigits\20260920\21\0_main_dig4_20260920-214927.jpg,0,flash,85.0,filename reading 00000; file 21/0_main_dig4_20260920-214927.jpg,,
sample_full,20260920-214927_dig5,20260920-214927,5,C:\Users\josep\source\repos\AIOTED-digital-rawdigits\20260920\21\0_main_dig5_20260920-214927.jpg,0,flash,67.0,filename reading 00000; file 21/0_main_dig5_20260920-214927.jpg,,
sample_full,20260920-214927_dig6,20260920-214927,6,C:\Users\josep\source\repos\AIOTED-digital-rawdigits\20260920\21\0_main_dig6_20260920-214927.jpg,0,flash,47.7,filename reading 00000; file 21/0_main_dig6_20260920-214927.jpg,,
sample_full,20260920-215327_dig2,20260920-215327,2,C:\Users\josep\source\repos\AIOTED-digital-rawdigits\20260920\21\5_main_dig2_20260920-215327.jpg,5,flash,92.4,filename reading 59212; file 21/5_main_dig2_20260920-215327.jpg,,
sample_full,20260920-215327_dig3,20260920-215327,3,C:\Users\josep\source\repos\AIOTED-digital-rawdigits\20260920\21\9_main_dig3_20260920-215327.jpg,9,flash,91.5,filename reading 59212; file 21/9_main_dig3_20260920-215327.jpg,drift,
sample_full,20260920-215327_dig4,20260920-215327,4,C:\Users\josep\source\repos\AIOTED-digital-rawdigits\20260920\21\2_main_dig4_20260920-215327.jpg,2,flash,88.6,filename reading 59212; file 21/2_main_dig4_20260920-215327.jpg,,
sample_full,20260920-215327_dig5,20260920-215327,5,C:\Users\josep\source\repos\AIOTED-digital-rawdigits\20260920\21\1_main_dig5_20260920-215327.jpg,1,flash,70.3,filename reading 59212; file 21/1_main_dig5_20260920-215327.jpg,,
sample_full,20260920-215327_dig6,20260920-215327,6,C:\Users\josep\source\repos\AIOTED-digital-rawdigits\20260920\21\2_main_dig6_20260920-215327.jpg,2,flash,48.9,filename reading 59212; file 21/2_main_dig6_20260920-215327.jpg,,
sample_full,20260920-215727_dig2,20260920-215727,2,C:\Users\josep\source\repos\AIOTED-digital-rawdigits\20260920\21\5_main_dig2_20260920-215727.jpg,5,flash,92.2,filename reading 59212; file 21/5_main_dig2_20260920-215727.jpg,,
sample_full,20260920-215727_dig3,20260920-215727,3,C:\Users\josep\source\repos\AIOTED-digital-rawdigits\20260920\21\9_main_dig3_20260920-215727.jpg,9,flash,91.4,filename reading 59212; file 21/9_main_dig3_20260920-215727.jpg,,
sample_full,20260920-215727_dig4,20260920-215727,4,C:\Users\josep\source\repos\AIOTED-digital-rawdigits\20260920\21\2_main_dig4_20260920-215727.jpg,2,flash,88.6,filename reading 59212; file 21/2_main_dig4_20260920-215727.jpg,,
sample_full,20260920-215727_dig5,20260920-215727,5,C:\Users\josep\source\repos\AIOTED-digital-rawdigits\20260920\21\1_main_dig5_20260920-215727.jpg,1,flash,70.3,filename reading 59212; file 21/1_main_dig5_20260920-215727.jpg,,
sample_full,20260920-215727_dig6,20260920-215727,6,C:\Users\josep\source\repos\AIOTED-digital-rawdigits\20260920\21\2_main_dig6_20260920-215727.jpg,2,flash,48.9,filename reading 59212; file 21/2_main_dig6_20260920-215727.jpg,,
sample_full,20260920-220127_dig2,20260920-220127,2,C:\Users\josep\source\repos\AIOTED-digital-rawdigits\20260920\22\8_main_dig2_20260920-220127.jpg,8,flash,89.9,filename reading 88806; file 22/8_main_dig2_20260920-220127.jpg,,
sample_full,20260920-220127_dig3,20260920-220127,3,C:\Users\josep\source\repos\AIOTED-digital-rawdigits\20260920\22\8_main_dig3_20260920-220127.jpg,8,flash,89.5,filename reading 88806; file 22/8_main_dig3_20260920-220127.jpg,,
sample_full,20260920-220127_dig4,20260920-220127,4,C:\Users\josep\source\repos\AIOTED-digital-rawdigits\20260920\22\8_main_dig4_20260920-220127.jpg,8,flash,83.9,filename reading 88806; file 22/8_main_dig4_20260920-220127.jpg,,
sample_full,20260920-220127_dig5,20260920-220127,5,C:\Users\josep\source\repos\AIOTED-digital-rawdigits\20260920\22\0_main_dig5_20260920-220127.jpg,0,flash,66.4,filename reading 88806; file 22/0_main_dig5_20260920-220127.jpg,,
sample_full,20260920-220127_dig6,20260920-220127,6,C:\Users\josep\source\repos\AIOTED-digital-rawdigits\20260920\22\6_main_dig6_20260920-220127.jpg,6,flash,47.7,filename reading 88806; file 22/6_main_dig6_20260920-220127.jpg,,
sample_full,20260920-220527_dig2,20260920-220527,2,C:\Users\josep\source\repos\AIOTED-digital-rawdigits\20260920\22\5_main_dig2_20260920-220527.jpg,5,flash,92.4,filename reading 58212; file 22/5_main_dig2_20260920-220527.jpg,,
sample_full,20260920-220527_dig3,20260920-220527,3,C:\Users\josep\source\repos\AIOTED-digital-rawdigits\20260920\22\8_main_dig3_20260920-220527.jpg,8,flash,91.9,filename reading 58212; file 22/8_main_dig3_20260920-220527.jpg,,
sample_full,20260920-220527_dig4,20260920-220527,4,C:\Users\josep\source\repos\AIOTED-digital-rawdigits\20260920\22\2_main_dig4_20260920-220527.jpg,2,flash,88.8,filename reading 58212; file 22/2_main_dig4_20260920-220527.jpg,,
sample_full,20260920-220527_dig5,20260920-220527,5,C:\Users\josep\source\repos\AIOTED-digital-rawdigits\20260920\22\1_main_dig5_20260920-220527.jpg,1,flash,70.4,filename reading 58212; file 22/1_main_dig5_20260920-220527.jpg,,
sample_full,20260920-220527_dig6,20260920-220527,6,C:\Users\josep\source\repos\AIOTED-digital-rawdigits\20260920\22\2_main_dig6_20260920-220527.jpg,2,flash,48.9,filename reading 58212; file 22/2_main_dig6_20260920-220527.jpg,,
sample_full,20260920-220927_dig2,20260920-220927,2,C:\Users\josep\source\repos\AIOTED-digital-rawdigits\20260920\22\0_main_dig2_20260920-220927.jpg,0,flash,90.4,filename reading 00000; file 22/0_main_dig2_20260920-220927.jpg,,
sample_full,20260920-220927_dig3,20260920-220927,3,C:\Users\josep\source\repos\AIOTED-digital-rawdigits\20260920\22\0_main_dig3_20260920-220927.jpg,0,flash,90.0,filename reading 00000; file 22/0_main_dig3_20260920-220927.jpg,,
sample_full,20260920-220927_dig4,20260920-220927,4,C:\Users\josep\source\repos\AIOTED-digital-rawdigits\20260920\22\0_main_dig4_20260920-220927.jpg,0,flash,84.9,filename reading 00000; file 22/0_main_dig4_20260920-220927.jpg,,
sample_full,20260920-220927_dig5,20260920-220927,5,C:\Users\josep\source\repos\AIOTED-digital-rawdigits\20260920\22\0_main_dig5_20260920-220927.jpg,0,flash,67.0,filename reading 00000; file 22/0_main_dig5_20260920-220927.jpg,,
sample_full,20260920-220927_dig6,20260920-220927,6,C:\Users\josep\source\repos\AIOTED-digital-rawdigits\20260920\22\0_main_dig6_20260920-220927.jpg,0,flash,47.8,filename reading 00000; file 22/0_main_dig6_20260920-220927.jpg,,
sample_full,20260920-221327_dig2,20260920-221327,2,C:\Users\josep\source\repos\AIOTED-digital-rawdigits\20260920\22\5_main_dig2_20260920-221327.jpg,5,flash,92.2,filename reading 59212; file 22/5_main_dig2_20260920-221327.jpg,,
sample_full,20260920-221327_dig3,20260920-221327,3,C:\Users\josep\source\repos\AIOTED-digital-rawdigits\20260920\22\9_main_dig3_20260920-221327.jpg,9,flash,91.8,filename reading 59212; file 22/9_main_dig3_20260920-221327.jpg,,
sample_full,20260920-221327_dig4,20260920-221327,4,C:\Users\josep\source\repos\AIOTED-digital-rawdigits\20260920\22\2_main_dig4_20260920-221327.jpg,2,flash,88.7,filename reading 59212; file 22/2_main_dig4_20260920-221327.jpg,,
sample_full,20260920-221327_dig5,20260920-221327,5,C:\Users\josep\source\repos\AIOTED-digital-rawdigits\20260920\22\1_main_dig5_20260920-221327.jpg,1,flash,70.2,filename reading 59212; file 22/1_main_dig5_20260920-221327.jpg,,
sample_full,20260920-221327_dig6,20260920-221327,6,C:\Users\josep\source\repos\AIOTED-digital-rawdigits\20260920\22\2_main_dig6_20260920-221327.jpg,2,flash,48.6,filename reading 59212; file 22/2_main_dig6_20260920-221327.jpg,,
sample_full,20260920-221727_dig2,20260920-221727,2,C:\Users\josep\source\repos\AIOTED-digital-rawdigits\20260920\22\5_main_dig2_20260920-221727.jpg,5,flash,92.4,filename reading 58212; file 22/5_main_dig2_20260920-221727.jpg,,
sample_full,20260920-221727_dig3,20260920-221727,3,C:\Users\josep\source\repos\AIOTED-digital-rawdigits\20260920\22\8_main_dig3_20260920-221727.jpg,8,flash,91.4,filename reading 58212; file 22/8_main_dig3_20260920-221727.jpg,,
sample_full,20260920-221727_dig4,20260920-221727,4,C:\Users\josep\source\repos\AIOTED-digital-rawdigits\20260920\22\2_main_dig4_20260920-221727.jpg,2,flash,88.7,filename reading 58212; file 22/2_main_dig4_20260920-221727.jpg,,
sample_full,20260920-221727_dig5,20260920-221727,5,C:\Users\josep\source\repos\AIOTED-digital-rawdigits\20260920\22\1_main_dig5_20260920-221727.jpg,1,flash,70.4,filename reading 58212; file 22/1_main_dig5_20260920-221727.jpg,,
sample_full,20260920-221727_dig6,20260920-221727,6,C:\Users\josep\source\repos\AIOTED-digital-rawdigits\20260920\22\2_main_dig6_20260920-221727.jpg,2,flash,49.1,filename reading 58212; file 22/2_main_dig6_20260920-221727.jpg,,
sample_full,20260920-222127_dig2,20260920-222127,2,C:\Users\josep\source\repos\AIOTED-digital-rawdigits\20260920\22\8_main_dig2_20260920-222127.jpg,8,flash,89.8,filename reading 88800; file 22/8_main_dig2_20260920-222127.jpg,,
sample_full,20260920-222127_dig3,20260920-222127,3,C:\Users\josep\source\repos\AIOTED-digital-rawdigits\20260920\22\8_main_dig3_20260920-222127.jpg,8,flash,89.4,filename reading 88800; file 22/8_main_dig3_20260920-222127.jpg,,
sample_full,20260920-222127_dig4,20260920-222127,4,C:\Users\josep\source\repos\AIOTED-digital-rawdigits\20260920\22\8_main_dig4_20260920-222127.jpg,8,flash,83.8,filename reading 88800; file 22/8_main_dig4_20260920-222127.jpg,,
sample_full,20260920-222127_dig5,20260920-222127,5,C:\Users\josep\source\repos\AIOTED-digital-rawdigits\20260920\22\0_main_dig5_20260920-222127.jpg,0,flash,66.3,filename reading 88800; file 22/0_main_dig5_20260920-222127.jpg,,
sample_full,20260920-222127_dig6,20260920-222127,6,C:\Users\josep\source\repos\AIOTED-digital-rawdigits\20260920\22\0_main_dig6_20260920-222127.jpg,0,flash,47.4,filename reading 88800; file 22/0_main_dig6_20260920-222127.jpg,,
sample_full,20260920-222527_dig2,20260920-222527,2,C:\Users\josep\source\repos\AIOTED-digital-rawdigits\20260920\22\5_main_dig2_20260920-222527.jpg,5,flash,92.3,filename reading 59213; file 22/5_main_dig2_20260920-222527.jpg,,
sample_full,20260920-222527_dig3,20260920-222527,3,C:\Users\josep\source\repos\AIOTED-digital-rawdigits\20260920\22\9_main_dig3_20260920-222527.jpg,9,flash,91.3,filename reading 59213; file 22/9_main_dig3_20260920-222527.jpg,,
sample_full,20260920-222527_dig4,20260920-222527,4,C:\Users\josep\source\repos\AIOTED-digital-rawdigits\20260920\22\2_main_dig4_20260920-222527.jpg,2,flash,88.4,filename reading 59213; file 22/2_main_dig4_20260920-222527.jpg,,
sample_full,20260920-222527_dig5,20260920-222527,5,C:\Users\josep\source\repos\AIOTED-digital-rawdigits\20260920\22\1_main_dig5_20260920-222527.jpg,1,flash,70.3,filename reading 59213; file 22/1_main_dig5_20260920-222527.jpg,,
sample_full,20260920-222527_dig6,20260920-222527,6,C:\Users\josep\source\repos\AIOTED-digital-rawdigits\20260920\22\3_main_dig6_20260920-222527.jpg,3,flash,48.9,filename reading 59213; file 22/3_main_dig6_20260920-222527.jpg,,
sample_full,20260920-222927_dig2,20260920-222927,2,C:\Users\josep\source\repos\AIOTED-digital-rawdigits\20260920\22\0_main_dig2_20260920-222927.jpg,0,flash,90.6,filename reading 08000; file 22/0_main_dig2_20260920-222927.jpg,,
sample_full,20260920-222927_dig3,20260920-222927,3,C:\Users\josep\source\repos\AIOTED-digital-rawdigits\20260920\22\8_main_dig3_20260920-222927.jpg,8,flash,90.1,filename reading 08000; file 22/8_main_dig3_20260920-222927.jpg,,
sample_full,20260920-222927_dig4,20260920-222927,4,C:\Users\josep\source\repos\AIOTED-digital-rawdigits\20260920\22\0_main_dig4_20260920-222927.jpg,0,flash,84.9,filename reading 08000; file 22/0_main_dig4_20260920-222927.jpg,,
sample_full,20260920-222927_dig5,20260920-222927,5,C:\Users\josep\source\repos\AIOTED-digital-rawdigits\20260920\22\0_main_dig5_20260920-222927.jpg,0,flash,67.1,filename reading 08000; file 22/0_main_dig5_20260920-222927.jpg,,
sample_full,20260920-222927_dig6,20260920-222927,6,C:\Users\josep\source\repos\AIOTED-digital-rawdigits\20260920\22\0_main_dig6_20260920-222927.jpg,0,flash,47.9,filename reading 08000; file 22/0_main_dig6_20260920-222927.jpg,,
sample_full,20260920-223327_dig2,20260920-223327,2,C:\Users\josep\source\repos\AIOTED-digital-rawdigits\20260920\22\5_main_dig2_20260920-223327.jpg,5,flash,92.2,filename reading 59218; file 22/5_main_dig2_20260920-223327.jpg,,
sample_full,20260920-223327_dig3,20260920-223327,3,C:\Users\josep\source\repos\AIOTED-digital-rawdigits\20260920\22\9_main_dig3_20260920-223327.jpg,9,flash,91.9,filename reading 59218; file 22/9_main_dig3_20260920-223327.jpg,,
sample_full,20260920-223327_dig4,20260920-223327,4,C:\Users\josep\source\repos\AIOTED-digital-rawdigits\20260920\22\2_main_dig4_20260920-223327.jpg,2,flash,88.9,filename reading 59218; file 22/2_main_dig4_20260920-223327.jpg,,
sample_full,20260920-223327_dig5,20260920-223327,5,C:\Users\josep\source\repos\AIOTED-digital-rawdigits\20260920\22\1_main_dig5_20260920-223327.jpg,1,flash,70.4,filename reading 59218; file 22/1_main_dig5_20260920-223327.jpg,drift,
sample_full,20260920-223327_dig6,20260920-223327,6,C:\Users\josep\source\repos\AIOTED-digital-rawdigits\20260920\22\8_main_dig6_20260920-223327.jpg,8,flash,48.8,filename reading 59218; file 22/8_main_dig6_20260920-223327.jpg,,
sample_full,20260920-223727_dig2,20260920-223727,2,C:\Users\josep\source\repos\AIOTED-digital-rawdigits\20260920\22\0_main_dig2_20260920-223727.jpg,0,flash,91.4,filename reading 08800; file 22/0_main_dig2_20260920-223727.jpg,,
sample_full,20260920-223727_dig3,20260920-223727,3,C:\Users\josep\source\repos\AIOTED-digital-rawdigits\20260920\22\8_main_dig3_20260920-223727.jpg,8,flash,90.7,filename reading 08800; file 22/8_main_dig3_20260920-223727.jpg,,
sample_full,20260920-223727_dig4,20260920-223727,4,C:\Users\josep\source\repos\AIOTED-digital-rawdigits\20260920\22\8_main_dig4_20260920-223727.jpg,8,flash,86.7,filename reading 08800; file 22/8_main_dig4_20260920-223727.jpg,,
sample_full,20260920-223727_dig5,20260920-223727,5,C:\Users\josep\source\repos\AIOTED-digital-rawdigits\20260920\22\0_main_dig5_20260920-223727.jpg,0,flash,68.6,filename reading 08800; file 22/0_main_dig5_20260920-223727.jpg,,
sample_full,20260920-223727_dig6,20260920-223727,6,C:\Users\josep\source\repos\AIOTED-digital-rawdigits\20260920\22\0_main_dig6_20260920-223727.jpg,0,flash,48.4,filename reading 08800; file 22/0_main_dig6_20260920-223727.jpg,,
sample_full,20260920-224127_dig2,20260920-224127,2,C:\Users\josep\source\repos\AIOTED-digital-rawdigits\20260920\22\8_main_dig2_20260920-224127.jpg,8,flash,89.5,filename reading 88806; file 22/8_main_dig2_20260920-224127.jpg,,
sample_full,20260920-224127_dig3,20260920-224127,3,C:\Users\josep\source\repos\AIOTED-digital-rawdigits\20260920\22\8_main_dig3_20260920-224127.jpg,8,flash,89.7,filename reading 88806; file 22/8_main_dig3_20260920-224127.jpg,drift,
sample_full,20260920-224127_dig4,20260920-224127,4,C:\Users\josep\source\repos\AIOTED-digital-rawdigits\20260920\22\8_main_dig4_20260920-224127.jpg,8,flash,84.0,filename reading 88806; file 22/8_main_dig4_20260920-224127.jpg,,
sample_full,20260920-224127_dig5,20260920-224127,5,C:\Users\josep\source\repos\AIOTED-digital-rawdigits\20260920\22\0_main_dig5_20260920-224127.jpg,0,flash,66.3,filename reading 88806; file 22/0_main_dig5_20260920-224127.jpg,drift,
sample_full,20260920-224127_dig6,20260920-224127,6,C:\Users\josep\source\repos\AIOTED-digital-rawdigits\20260920\22\6_main_dig6_20260920-224127.jpg,6,flash,47.2,filename reading 88806; file 22/6_main_dig6_20260920-224127.jpg,,
sample_full,20260920-224527_dig2,20260920-224527,2,C:\Users\josep\source\repos\AIOTED-digital-rawdigits\20260920\22\5_main_dig2_20260920-224527.jpg,5,flash,92.2,filename reading 58218; file 22/5_main_dig2_20260920-224527.jpg,,
sample_full,20260920-224527_dig3,20260920-224527,3,C:\Users\josep\source\repos\AIOTED-digital-rawdigits\20260920\22\8_main_dig3_20260920-224527.jpg,8,flash,91.2,filename reading 58218; file 22/8_main_dig3_20260920-224527.jpg,,
sample_full,20260920-224527_dig4,20260920-224527,4,C:\Users\josep\source\repos\AIOTED-digital-rawdigits\20260920\22\2_main_dig4_20260920-224527.jpg,2,flash,88.4,filename reading 58218; file 22/2_main_dig4_20260920-224527.jpg,,
sample_full,20260920-224527_dig5,20260920-224527,5,C:\Users\josep\source\repos\AIOTED-digital-rawdigits\20260920\22\1_main_dig5_20260920-224527.jpg,1,flash,70.2,filename reading 58218; file 22/1_main_dig5_20260920-224527.jpg,,
sample_full,20260920-224527_dig6,20260920-224527,6,C:\Users\josep\source\repos\AIOTED-digital-rawdigits\20260920\22\8_main_dig6_20260920-224527.jpg,8,flash,48.9,filename reading 58218; file 22/8_main_dig6_20260920-224527.jpg,,
sample_full,20260920-224927_dig2,20260920-224927,2,C:\Users\josep\source\repos\AIOTED-digital-rawdigits\20260920\22\0_main_dig2_20260920-224927.jpg,0,flash,90.5,filename reading 08000; file 22/0_main_dig2_20260920-224927.jpg,,
sample_full,20260920-224927_dig3,20260920-224927,3,C:\Users\josep\source\repos\AIOTED-digital-rawdigits\20260920\22\8_main_dig3_20260920-224927.jpg,8,flash,90.1,filename reading 08000; file 22/8_main_dig3_20260920-224927.jpg,,
sample_full,20260920-224927_dig4,20260920-224927,4,C:\Users\josep\source\repos\AIOTED-digital-rawdigits\20260920\22\0_main_dig4_20260920-224927.jpg,0,flash,84.9,filename reading 08000; file 22/0_main_dig4_20260920-224927.jpg,,
sample_full,20260920-224927_dig5,20260920-224927,5,C:\Users\josep\source\repos\AIOTED-digital-rawdigits\20260920\22\0_main_dig5_20260920-224927.jpg,0,flash,67.0,filename reading 08000; file 22/0_main_dig5_20260920-224927.jpg,,
sample_full,20260920-224927_dig6,20260920-224927,6,C:\Users\josep\source\repos\AIOTED-digital-rawdigits\20260920\22\0_main_dig6_20260920-224927.jpg,0,flash,47.7,filename reading 08000; file 22/0_main_dig6_20260920-224927.jpg,,
sample_full,20260920-225327_dig2,20260920-225327,2,C:\Users\josep\source\repos\AIOTED-digital-rawdigits\20260920\22\5_main_dig2_20260920-225327.jpg,5,flash,92.2,filename reading 58213; file 22/5_main_dig2_20260920-225327.jpg,,
sample_full,20260920-225327_dig3,20260920-225327,3,C:\Users\josep\source\repos\AIOTED-digital-rawdigits\20260920\22\8_main_dig3_20260920-225327.jpg,8,flash,91.3,filename reading 58213; file 22/8_main_dig3_20260920-225327.jpg,,
sample_full,20260920-225327_dig4,20260920-225327,4,C:\Users\josep\source\repos\AIOTED-digital-rawdigits\20260920\22\2_main_dig4_20260920-225327.jpg,2,flash,88.6,filename reading 58213; file 22/2_main_dig4_20260920-225327.jpg,drift,
sample_full,20260920-225327_dig5,20260920-225327,5,C:\Users\josep\source\repos\AIOTED-digital-rawdigits\20260920\22\1_main_dig5_20260920-225327.jpg,1,flash,70.3,filename reading 58213; file 22/1_main_dig5_20260920-225327.jpg,,
sample_full,20260920-225327_dig6,20260920-225327,6,C:\Users\josep\source\repos\AIOTED-digital-rawdigits\20260920\22\3_main_dig6_20260920-225327.jpg,3,flash,48.7,filename reading 58213; file 22/3_main_dig6_20260920-225327.jpg,,
sample_full,20260920-225727_dig2,20260920-225727,2,C:\Users\josep\source\repos\AIOTED-digital-rawdigits\20260920\22\0_main_dig2_20260920-225727.jpg,0,flash,90.2,filename reading 08000; file 22/0_main_dig2_20260920-225727.jpg,,
sample_full,20260920-225727_dig3,20260920-225727,3,C:\Users\josep\source\repos\AIOTED-digital-rawdigits\20260920\22\8_main_dig3_20260920-225727.jpg,8,flash,89.7,filename reading 08000; file 22/8_main_dig3_20260920-225727.jpg,,
sample_full,20260920-225727_dig4,20260920-225727,4,C:\Users\josep\source\repos\AIOTED-digital-rawdigits\20260920\22\0_main_dig4_20260920-225727.jpg,0,flash,84.7,filename reading 08000; file 22/0_main_dig4_20260920-225727.jpg,,
sample_full,20260920-225727_dig5,20260920-225727,5,C:\Users\josep\source\repos\AIOTED-digital-rawdigits\20260920\22\0_main_dig5_20260920-225727.jpg,0,flash,66.9,filename reading 08000; file 22/0_main_dig5_20260920-225727.jpg,,
sample_full,20260920-225727_dig6,20260920-225727,6,C:\Users\josep\source\repos\AIOTED-digital-rawdigits\20260920\22\0_main_dig6_20260920-225727.jpg,0,flash,47.6,filename reading 08000; file 22/0_main_dig6_20260920-225727.jpg,,
sample_full,20260920-230127_dig2,20260920-230127,2,C:\Users\josep\source\repos\AIOTED-digital-rawdigits\20260920\23\8_main_dig2_20260920-230127.jpg,8,flash,89.8,filename reading 88886; file 23/8_main_dig2_20260920-230127.jpg,,
sample_full,20260920-230127_dig3,20260920-230127,3,C:\Users\josep\source\repos\AIOTED-digital-rawdigits\20260920\23\8_main_dig3_20260920-230127.jpg,8,flash,89.3,filename reading 88886; file 23/8_main_dig3_20260920-230127.jpg,,
sample_full,20260920-230127_dig4,20260920-230127,4,C:\Users\josep\source\repos\AIOTED-digital-rawdigits\20260920\23\8_main_dig4_20260920-230127.jpg,8,flash,83.8,filename reading 88886; file 23/8_main_dig4_20260920-230127.jpg,,
sample_full,20260920-230127_dig5,20260920-230127,5,C:\Users\josep\source\repos\AIOTED-digital-rawdigits\20260920\23\8_main_dig5_20260920-230127.jpg,8,flash,66.3,filename reading 88886; file 23/8_main_dig5_20260920-230127.jpg,,
sample_full,20260920-230127_dig6,20260920-230127,6,C:\Users\josep\source\repos\AIOTED-digital-rawdigits\20260920\23\6_main_dig6_20260920-230127.jpg,6,flash,47.5,filename reading 88886; file 23/6_main_dig6_20260920-230127.jpg,,
sample_full,20260920-230527_dig2,20260920-230527,2,C:\Users\josep\source\repos\AIOTED-digital-rawdigits\20260920\23\5_main_dig2_20260920-230527.jpg,5,flash,92.2,filename reading 58213; file 23/5_main_dig2_20260920-230527.jpg,,
sample_full,20260920-230527_dig3,20260920-230527,3,C:\Users\josep\source\repos\AIOTED-digital-rawdigits\20260920\23\8_main_dig3_20260920-230527.jpg,8,flash,91.4,filename reading 58213; file 23/8_main_dig3_20260920-230527.jpg,,
sample_full,20260920-230527_dig4,20260920-230527,4,C:\Users\josep\source\repos\AIOTED-digital-rawdigits\20260920\23\2_main_dig4_20260920-230527.jpg,2,flash,88.6,filename reading 58213; file 23/2_main_dig4_20260920-230527.jpg,,
sample_full,20260920-230527_dig5,20260920-230527,5,C:\Users\josep\source\repos\AIOTED-digital-rawdigits\20260920\23\1_main_dig5_20260920-230527.jpg,1,flash,70.2,filename reading 58213; file 23/1_main_dig5_20260920-230527.jpg,,
sample_full,20260920-230527_dig6,20260920-230527,6,C:\Users\josep\source\repos\AIOTED-digital-rawdigits\20260920\23\3_main_dig6_20260920-230527.jpg,3,flash,48.8,filename reading 58213; file 23/3_main_dig6_20260920-230527.jpg,,
sample_full,20260920-230927_dig2,20260920-230927,2,C:\Users\josep\source\repos\AIOTED-digital-rawdigits\20260920\23\0_main_dig2_20260920-230927.jpg,0,flash,90.3,filename reading 00000; file 23/0_main_dig2_20260920-230927.jpg,,
sample_full,20260920-230927_dig3,20260920-230927,3,C:\Users\josep\source\repos\AIOTED-digital-rawdigits\20260920\23\0_main_dig3_20260920-230927.jpg,0,flash,90.2,filename reading 00000; file 23/0_main_dig3_20260920-230927.jpg,,
sample_full,20260920-230927_dig4,20260920-230927,4,C:\Users\josep\source\repos\AIOTED-digital-rawdigits\20260920\23\0_main_dig4_20260920-230927.jpg,0,flash,85.0,filename reading 00000; file 23/0_main_dig4_20260920-230927.jpg,,
sample_full,20260920-230927_dig5,20260920-230927,5,C:\Users\josep\source\repos\AIOTED-digital-rawdigits\20260920\23\0_main_dig5_20260920-230927.jpg,0,flash,67.0,filename reading 00000; file 23/0_main_dig5_20260920-230927.jpg,,
sample_full,20260920-230927_dig6,20260920-230927,6,C:\Users\josep\source\repos\AIOTED-digital-rawdigits\20260920\23\0_main_dig6_20260920-230927.jpg,0,flash,47.7,filename reading 00000; file 23/0_main_dig6_20260920-230927.jpg,,
sample_full,20260920-231327_dig2,20260920-231327,2,C:\Users\josep\source\repos\AIOTED-digital-rawdigits\20260920\23\5_main_dig2_20260920-231327.jpg,5,flash,92.2,filename reading 58216; file 23/5_main_dig2_20260920-231327.jpg,,
sample_full,20260920-231327_dig3,20260920-231327,3,C:\Users\josep\source\repos\AIOTED-digital-rawdigits\20260920\23\8_main_dig3_20260920-231327.jpg,8,flash,91.2,filename reading 58216; file 23/8_main_dig3_20260920-231327.jpg,,
sample_full,20260920-231327_dig4,20260920-231327,4,C:\Users\josep\source\repos\AIOTED-digital-rawdigits\20260920\23\2_main_dig4_20260920-231327.jpg,2,flash,88.3,filename reading 58216; file 23/2_main_dig4_20260920-231327.jpg,,
sample_full,20260920-231327_dig5,20260920-231327,5,C:\Users\josep\source\repos\AIOTED-digital-rawdigits\20260920\23\1_main_dig5_20260920-231327.jpg,1,flash,70.1,filename reading 58216; file 23/1_main_dig5_20260920-231327.jpg,,
sample_full,20260920-231327_dig6,20260920-231327,6,C:\Users\josep\source\repos\AIOTED-digital-rawdigits\20260920\23\6_main_dig6_20260920-231327.jpg,6,flash,48.5,filename reading 58216; file 23/6_main_dig6_20260920-231327.jpg,,
sample_full,20260920-231727_dig2,20260920-231727,2,C:\Users\josep\source\repos\AIOTED-digital-rawdigits\20260920\23\0_main_dig2_20260920-231727.jpg,0,flash,90.4,filename reading 08000; file 23/0_main_dig2_20260920-231727.jpg,,
sample_full,20260920-231727_dig3,20260920-231727,3,C:\Users\josep\source\repos\AIOTED-digital-rawdigits\20260920\23\8_main_dig3_20260920-231727.jpg,8,flash,89.8,filename reading 08000; file 23/8_main_dig3_20260920-231727.jpg,,
sample_full,20260920-231727_dig4,20260920-231727,4,C:\Users\josep\source\repos\AIOTED-digital-rawdigits\20260920\23\0_main_dig4_20260920-231727.jpg,0,flash,84.6,filename reading 08000; file 23/0_main_dig4_20260920-231727.jpg,,
sample_full,20260920-231727_dig5,20260920-231727,5,C:\Users\josep\source\repos\AIOTED-digital-rawdigits\20260920\23\0_main_dig5_20260920-231727.jpg,0,flash,66.8,filename reading 08000; file 23/0_main_dig5_20260920-231727.jpg,,
sample_full,20260920-231727_dig6,20260920-231727,6,C:\Users\josep\source\repos\AIOTED-digital-rawdigits\20260920\23\0_main_dig6_20260920-231727.jpg,0,flash,47.6,filename reading 08000; file 23/0_main_dig6_20260920-231727.jpg,,
sample_full,20260920-232127_dig2,20260920-232127,2,C:\Users\josep\source\repos\AIOTED-digital-rawdigits\20260920\23\8_main_dig2_20260920-232127.jpg,8,flash,89.9,filename reading 88800; file 23/8_main_dig2_20260920-232127.jpg,,
sample_full,20260920-232127_dig3,20260920-232127,3,C:\Users\josep\source\repos\AIOTED-digital-rawdigits\20260920\23\8_main_dig3_20260920-232127.jpg,8,flash,89.5,filename reading 88800; file 23/8_main_dig3_20260920-232127.jpg,,
sample_full,20260920-232127_dig4,20260920-232127,4,C:\Users\josep\source\repos\AIOTED-digital-rawdigits\20260920\23\8_main_dig4_20260920-232127.jpg,8,flash,83.9,filename reading 88800; file 23/8_main_dig4_20260920-232127.jpg,,
sample_full,20260920-232127_dig5,20260920-232127,5,C:\Users\josep\source\repos\AIOTED-digital-rawdigits\20260920\23\0_main_dig5_20260920-232127.jpg,0,flash,66.3,filename reading 88800; file 23/0_main_dig5_20260920-232127.jpg,,
sample_full,20260920-232127_dig6,20260920-232127,6,C:\Users\josep\source\repos\AIOTED-digital-rawdigits\20260920\23\0_main_dig6_20260920-232127.jpg,0,flash,47.3,filename reading 88800; file 23/0_main_dig6_20260920-232127.jpg,,
sample_full,20260920-232527_dig2,20260920-232527,2,C:\Users\josep\source\repos\AIOTED-digital-rawdigits\20260920\23\5_main_dig2_20260920-232527.jpg,5,flash,92.4,filename reading 58213; file 23/5_main_dig2_20260920-232527.jpg,,
sample_full,20260920-232527_dig3,20260920-232527,3,C:\Users\josep\source\repos\AIOTED-digital-rawdigits\20260920\23\8_main_dig3_20260920-232527.jpg,8,flash,91.4,filename reading 58213; file 23/8_main_dig3_20260920-232527.jpg,,
sample_full,20260920-232527_dig4,20260920-232527,4,C:\Users\josep\source\repos\AIOTED-digital-rawdigits\20260920\23\2_main_dig4_20260920-232527.jpg,2,flash,88.5,filename reading 58213; file 23/2_main_dig4_20260920-232527.jpg,,
sample_full,20260920-232527_dig5,20260920-232527,5,C:\Users\josep\source\repos\AIOTED-digital-rawdigits\20260920\23\1_main_dig5_20260920-232527.jpg,1,flash,70.2,filename reading 58213; file 23/1_main_dig5_20260920-232527.jpg,,
sample_full,20260920-232527_dig6,20260920-232527,6,C:\Users\josep\source\repos\AIOTED-digital-rawdigits\20260920\23\3_main_dig6_20260920-232527.jpg,3,flash,48.7,filename reading 58213; file 23/3_main_dig6_20260920-232527.jpg,,
sample_full,20260920-232926_dig2,20260920-232926,2,C:\Users\josep\source\repos\AIOTED-digital-rawdigits\20260920\23\10_main_dig2_20260920-232926.jpg,N,flash,95.9,filename reading NNN09; file 23/10_main_dig2_20260920-232926.jpg,,
sample_full,20260920-232926_dig3,20260920-232926,3,C:\Users\josep\source\repos\AIOTED-digital-rawdigits\20260920\23\10_main_dig3_20260920-232926.jpg,N,flash,94.3,filename reading NNN09; file 23/10_main_dig3_20260920-232926.jpg,,
sample_full,20260920-232926_dig4,20260920-232926,4,C:\Users\josep\source\repos\AIOTED-digital-rawdigits\20260920\23\10_main_dig4_20260920-232926.jpg,N,flash,91.5,filename reading NNN09; file 23/10_main_dig4_20260920-232926.jpg,,
sample_full,20260920-232926_dig5,20260920-232926,5,C:\Users\josep\source\repos\AIOTED-digital-rawdigits\20260920\23\0_main_dig5_20260920-232926.jpg,0,flash,67.3,filename reading NNN09; file 23/0_main_dig5_20260920-232926.jpg,,
sample_full,20260920-232926_dig6,20260920-232926,6,C:\Users\josep\source\repos\AIOTED-digital-rawdigits\20260920\23\9_main_dig6_20260920-232926.jpg,9,flash,47.9,filename reading NNN09; file 23/9_main_dig6_20260920-232926.jpg,,
sample_full,20260920-233326_dig2,20260920-233326,2,C:\Users\josep\source\repos\AIOTED-digital-rawdigits\20260920\23\5_main_dig2_20260920-233326.jpg,5,flash,92.2,filename reading 58218; file 23/5_main_dig2_20260920-233326.jpg,,
sample_full,20260920-233326_dig3,20260920-233326,3,C:\Users\josep\source\repos\AIOTED-digital-rawdigits\20260920\23\8_main_dig3_20260920-233326.jpg,8,flash,91.2,filename reading 58218; file 23/8_main_dig3_20260920-233326.jpg,,
sample_full,20260920-233326_dig4,20260920-233326,4,C:\Users\josep\source\repos\AIOTED-digital-rawdigits\20260920\23\2_main_dig4_20260920-233326.jpg,2,flash,88.2,filename reading 58218; file 23/2_main_dig4_20260920-233326.jpg,,
sample_full,20260920-233326_dig5,20260920-233326,5,C:\Users\josep\source\repos\AIOTED-digital-rawdigits\20260920\23\1_main_dig5_20260920-233326.jpg,1,flash,69.9,filename reading 58218; file 23/1_main_dig5_20260920-233326.jpg,,
sample_full,20260920-233326_dig6,20260920-233326,6,C:\Users\josep\source\repos\AIOTED-digital-rawdigits\20260920\23\8_main_dig6_20260920-233326.jpg,8,flash,48.4,filename reading 58218; file 23/8_main_dig6_20260920-233326.jpg,,
sample_full,20260920-233726_dig2,20260920-233726,2,C:\Users\josep\source\repos\AIOTED-digital-rawdigits\20260920\23\0_main_dig2_20260920-233726.jpg,0,flash,90.0,filename reading 00000; file 23/0_main_dig2_20260920-233726.jpg,,
sample_full,20260920-233726_dig3,20260920-233726,3,C:\Users\josep\source\repos\AIOTED-digital-rawdigits\20260920\23\0_main_dig3_20260920-233726.jpg,0,flash,90.0,filename reading 00000; file 23/0_main_dig3_20260920-233726.jpg,,
sample_full,20260920-233726_dig4,20260920-233726,4,C:\Users\josep\source\repos\AIOTED-digital-rawdigits\20260920\23\0_main_dig4_20260920-233726.jpg,0,flash,84.9,filename reading 00000; file 23/0_main_dig4_20260920-233726.jpg,,
sample_full,20260920-233726_dig5,20260920-233726,5,C:\Users\josep\source\repos\AIOTED-digital-rawdigits\20260920\23\0_main_dig5_20260920-233726.jpg,0,flash,66.9,filename reading 00000; file 23/0_main_dig5_20260920-233726.jpg,,
sample_full,20260920-233726_dig6,20260920-233726,6,C:\Users\josep\source\repos\AIOTED-digital-rawdigits\20260920\23\0_main_dig6_20260920-233726.jpg,0,flash,47.3,filename reading 00000; file 23/0_main_dig6_20260920-233726.jpg,,
sample_full,20260920-234126_dig2,20260920-234126,2,C:\Users\josep\source\repos\AIOTED-digital-rawdigits\20260920\23\8_main_dig2_20260920-234126.jpg,8,flash,89.6,filename reading 88800; file 23/8_main_dig2_20260920-234126.jpg,,
sample_full,20260920-234126_dig3,20260920-234126,3,C:\Users\josep\source\repos\AIOTED-digital-rawdigits\20260920\23\8_main_dig3_20260920-234126.jpg,8,flash,89.3,filename reading 88800; file 23/8_main_dig3_20260920-234126.jpg,,
sample_full,20260920-234126_dig4,20260920-234126,4,C:\Users\josep\source\repos\AIOTED-digital-rawdigits\20260920\23\8_main_dig4_20260920-234126.jpg,8,flash,83.8,filename reading 88800; file 23/8_main_dig4_20260920-234126.jpg,,
sample_full,20260920-234126_dig5,20260920-234126,5,C:\Users\josep\source\repos\AIOTED-digital-rawdigits\20260920\23\0_main_dig5_20260920-234126.jpg,0,flash,66.3,filename reading 88800; file 23/0_main_dig5_20260920-234126.jpg,,
sample_full,20260920-234126_dig6,20260920-234126,6,C:\Users\josep\source\repos\AIOTED-digital-rawdigits\20260920\23\0_main_dig6_20260920-234126.jpg,0,flash,47.4,filename reading 88800; file 23/0_main_dig6_20260920-234126.jpg,,
sample_full,20260920-234526_dig2,20260920-234526,2,C:\Users\josep\source\repos\AIOTED-digital-rawdigits\20260920\23\5_main_dig2_20260920-234526.jpg,5,flash,92.4,filename reading 58213; file 23/5_main_dig2_20260920-234526.jpg,,
sample_full,20260920-234526_dig3,20260920-234526,3,C:\Users\josep\source\repos\AIOTED-digital-rawdigits\20260920\23\8_main_dig3_20260920-234526.jpg,8,flash,91.4,filename reading 58213; file 23/8_main_dig3_20260920-234526.jpg,,
sample_full,20260920-234526_dig4,20260920-234526,4,C:\Users\josep\source\repos\AIOTED-digital-rawdigits\20260920\23\2_main_dig4_20260920-234526.jpg,2,flash,88.5,filename reading 58213; file 23/2_main_dig4_20260920-234526.jpg,drift,
sample_full,20260920-234526_dig5,20260920-234526,5,C:\Users\josep\source\repos\AIOTED-digital-rawdigits\20260920\23\1_main_dig5_20260920-234526.jpg,1,flash,70.2,filename reading 58213; file 23/1_main_dig5_20260920-234526.jpg,,
sample_full,20260920-234526_dig6,20260920-234526,6,C:\Users\josep\source\repos\AIOTED-digital-rawdigits\20260920\23\3_main_dig6_20260920-234526.jpg,3,flash,48.7,filename reading 58213; file 23/3_main_dig6_20260920-234526.jpg,,
sample_full,20260920-234927_dig2,20260920-234927,2,C:\Users\josep\source\repos\AIOTED-digital-rawdigits\20260920\23\10_main_dig2_20260920-234927.jpg,N,flash,96.3,filename reading NNN09; file 23/10_main_dig2_20260920-234927.jpg,,
sample_full,20260920-234927_dig3,20260920-234927,3,C:\Users\josep\source\repos\AIOTED-digital-rawdigits\20260920\23\10_main_dig3_20260920-234927.jpg,N,flash,94.7,filename reading NNN09; file 23/10_main_dig3_20260920-234927.jpg,,
sample_full,20260920-234927_dig4,20260920-234927,4,C:\Users\josep\source\repos\AIOTED-digital-rawdigits\20260920\23\10_main_dig4_20260920-234927.jpg,N,flash,91.9,filename reading NNN09; file 23/10_main_dig4_20260920-234927.jpg,,
sample_full,20260920-234927_dig5,20260920-234927,5,C:\Users\josep\source\repos\AIOTED-digital-rawdigits\20260920\23\0_main_dig5_20260920-234927.jpg,0,flash,67.7,filename reading NNN09; file 23/0_main_dig5_20260920-234927.jpg,,
sample_full,20260920-234927_dig6,20260920-234927,6,C:\Users\josep\source\repos\AIOTED-digital-rawdigits\20260920\23\9_main_dig6_20260920-234927.jpg,9,flash,48.4,filename reading NNN09; file 23/9_main_dig6_20260920-234927.jpg,,
sample_full,20260920-235327_dig2,20260920-235327,2,C:\Users\josep\source\repos\AIOTED-digital-rawdigits\20260920\23\5_main_dig2_20260920-235327.jpg,5,flash,92.2,filename reading 58213; file 23/5_main_dig2_20260920-235327.jpg,,
sample_full,20260920-235327_dig3,20260920-235327,3,C:\Users\josep\source\repos\AIOTED-digital-rawdigits\20260920\23\8_main_dig3_20260920-235327.jpg,8,flash,91.2,filename reading 58213; file 23/8_main_dig3_20260920-235327.jpg,,
sample_full,20260920-235327_dig4,20260920-235327,4,C:\Users\josep\source\repos\AIOTED-digital-rawdigits\20260920\23\2_main_dig4_20260920-235327.jpg,2,flash,88.4,filename reading 58213; file 23/2_main_dig4_20260920-235327.jpg,,
sample_full,20260920-235327_dig5,20260920-235327,5,C:\Users\josep\source\repos\AIOTED-digital-rawdigits\20260920\23\1_main_dig5_20260920-235327.jpg,1,flash,70.1,filename reading 58213; file 23/1_main_dig5_20260920-235327.jpg,,
sample_full,20260920-235327_dig6,20260920-235327,6,C:\Users\josep\source\repos\AIOTED-digital-rawdigits\20260920\23\3_main_dig6_20260920-235327.jpg,3,flash,48.6,filename reading 58213; file 23/3_main_dig6_20260920-235327.jpg,,
sample_full,20260920-235726_dig2,20260920-235726,2,C:\Users\josep\source\repos\AIOTED-digital-rawdigits\20260920\23\0_main_dig2_20260920-235726.jpg,0,flash,90.9,filename reading 00000; file 23/0_main_dig2_20260920-235726.jpg,,
sample_full,20260920-235726_dig3,20260920-235726,3,C:\Users\josep\source\repos\AIOTED-digital-rawdigits\20260920\23\0_main_dig3_20260920-235726.jpg,0,flash,90.4,filename reading 00000; file 23/0_main_dig3_20260920-235726.jpg,,
sample_full,20260920-235726_dig4,20260920-235726,4,C:\Users\josep\source\repos\AIOTED-digital-rawdigits\20260920\23\0_main_dig4_20260920-235726.jpg,0,flash,85.2,filename reading 00000; file 23/0_main_dig4_20260920-235726.jpg,,
sample_full,20260920-235726_dig5,20260920-235726,5,C:\Users\josep\source\repos\AIOTED-digital-rawdigits\20260920\23\0_main_dig5_20260920-235726.jpg,0,flash,67.4,filename reading 00000; file 23/0_main_dig5_20260920-235726.jpg,drift,
sample_full,20260920-235726_dig6,20260920-235726,6,C:\Users\josep\source\repos\AIOTED-digital-rawdigits\20260920\23\0_main_dig6_20260920-235726.jpg,0,flash,48.5,filename reading 00000; file 23/0_main_dig6_20260920-235726.jpg,,
