queue,item_id,stamp,pos,src,proposed,bucket,brightness,context,preflag,group,needs_verify
day_fill,20260914-095338_dig3,20260914-095338,3,C:\Users\josep\source\repos\AIOTED-digital-rawdigits\20260914\09\9_main_dig3_20260914-095338.jpg,9,day,145.92,reading_est 59066; model saw 9; agree,,,0
day_fill,20260922-132524_dig3,20260922-132524,3,C:\Users\josep\source\repos\AIOTED-digital-rawdigits\20260922\13\9_main_dig3_20260922-132524.jpg,9,day,158.06,reading_est 59248; model saw 9; agree,,,0
day_fill,20260921-090126_dig3,20260921-090126,3,C:\Users\josep\source\repos\AIOTED-digital-rawdigits\20260921\09\9_main_dig3_20260921-090126.jpg,9,day,128.29,reading_est 59220; model saw 9; agree,,,0
day_fill,20260928-161440_dig3,20260928-161440,3,C:\Users\josep\source\repos\AIOTED-digital-rawdigits\20260928\16\9_main_dig3_20260928-161440.jpg,9,day,96.98,reading_est 59376; model saw 9; agree,,,0
day_fill,20260912-092827_dig3,20260912-092827,3,C:\Users\josep\source\repos\AIOTED-digital-rawdigits\20260912\09\9_main_dig3_20260912-092827.jpg,9,day,141.69,reading_est 59013; model saw 9; agree,,,0
day_fill,20260920-093728_dig3,20260920-093728,3,C:\Users\josep\source\repos\AIOTED-digital-rawdigits\20260920\09\9_main_dig3_20260920-093728.jpg,9,day,115.98,reading_est 59200; model saw 9; agree,,,0
day_fill,20260926-085815_dig3,20260926-085815,3,C:\Users\josep\source\repos\AIOTED-digital-rawdigits\20260926\08\9_main_dig3_20260926-085815.jpg,9,day,156.84,reading_est 59326; model saw 9; agree,,,0
day_fill,20260919-120529_dig3,20260919-120529,3,C:\Users\josep\source\repos\AIOTED-digital-rawdigits\20260919\12\9_main_dig3_20260919-120529.jpg,9,day,98.86,reading_est 59181; model saw 9; agree,,,0
day_fill,20260913-134140_dig3,20260913-134140,3,C:\Users\josep\source\repos\AIOTED-digital-rawdigits\20260913\13\9_main_dig3_20260913-134140.jpg,9,day,142.29,reading_est 59048; model saw 9; agree,,,0
day_fill,20260918-135730_dig3,20260918-135730,3,C:\Users\josep\source\repos\AIOTED-digital-rawdigits\20260918\13\9_main_dig3_20260918-135730.jpg,9,day,110.69,reading_est 59162; model saw 9; agree,,,0
day_fill,20260930-100237_dig3,20260930-100237,3,C:\Users\josep\source\repos\AIOTED-digital-rawdigits\20260930\10\9_main_dig3_20260930-100237.jpg,9,day,107.98,reading_est 59407; model saw 9; agree,,,0
day_fill,20260927-083414_dig3,20260927-083414,3,C:\Users\josep\source\repos\AIOTED-digital-rawdigits\20260927\08\9_main_dig3_20260927-083414.jpg,9,day,130.94,reading_est 59347; model saw 9; agree,,,0
day_fill,20260924-133019_dig3,20260924-133019,3,C:\Users\josep\source\repos\AIOTED-digital-rawdigits\20260924\13\9_main_dig3_20260924-133019.jpg,9,day,143.29,reading_est 59288; model saw 9; agree,,,0
day_fill,20260925-115417_dig3,20260925-115417,3,C:\Users\josep\source\repos\AIOTED-digital-rawdigits\20260925\11\9_main_dig3_20260925-115417.jpg,9,day,152.95,reading_est 59310; model saw 9; agree,,,0
day_fill,20260917-151332_dig3,20260917-151332,3,C:\Users\josep\source\repos\AIOTED-digital-rawdigits\20260917\15\9_main_dig3_20260917-151332.jpg,9,day,108.97,reading_est 59143; model saw 9; agree,,,0
day_fill,20260915-102936_dig3,20260915-102936,3,C:\Users\josep\source\repos\AIOTED-digital-rawdigits\20260915\10\9_main_dig3_20260915-102936.jpg,9,day,107.98,reading_est 59088; model saw 9; agree,,,0
day_fill,20260914-120538_dig3,20260914-120538,3,C:\Users\josep\source\repos\AIOTED-digital-rawdigits\20260914\12\9_main_dig3_20260914-120538.jpg,9,day,153.29,reading_est 59068; model saw 9; agree,,,0
day_fill,20260922-113724_dig3,20260922-113724,3,C:\Users\josep\source\repos\AIOTED-digital-rawdigits\20260922\11\9_main_dig3_20260922-113724.jpg,9,day,140.29,reading_est 59246; model saw 9; agree,,,0
day_fill,20260921-162925_dig3,20260921-162925,3,C:\Users\josep\source\repos\AIOTED-digital-rawdigits\20260921\16\9_main_dig3_20260921-162925.jpg,9,day,103.29,reading_est 59228; model saw 9; agree,,,0
day_fill,20260928-102241_dig3,20260928-102241,3,C:\Users\josep\source\repos\AIOTED-digital-rawdigits\20260928\10\9_main_dig3_20260928-102241.jpg,9,day,147.98,reading_est 59368; model saw 9; agree,,,0
day_fill,20260912-093627_dig3,20260912-093627,3,C:\Users\josep\source\repos\AIOTED-digital-rawdigits\20260912\09\9_main_dig3_20260912-093627.jpg,9,day,149.69,reading_est 59014; model saw 9; agree,,,0
day_fill,20260920-102928_dig3,20260920-102928,3,C:\Users\josep\source\repos\AIOTED-digital-rawdigits\20260920\10\9_main_dig3_20260920-102928.jpg,9,day,116.74,reading_est 59200; model saw 9; agree,,,0
day_fill,20260926-165815_dig3,20260926-165815,3,C:\Users\josep\source\repos\AIOTED-digital-rawdigits\20260926\16\9_main_dig3_20260926-165815.jpg,9,day,96.12,reading_est 59336; model saw 9; agree,,,0
day_fill,20260919-125329_dig3,20260919-125329,3,C:\Users\josep\source\repos\AIOTED-digital-rawdigits\20260919\12\9_main_dig3_20260919-125329.jpg,9,day,110.69,reading_est 59181; model saw 9; agree,,,0
day_fill,20260913-120140_dig3,20260913-120140,3,C:\Users\josep\source\repos\AIOTED-digital-rawdigits\20260913\12\9_main_dig3_20260913-120140.jpg,9,day,115.98,reading_est 59046; model saw 9; agree,,,0
day_fill,20260918-120931_dig3,20260918-120931,3,C:\Users\josep\source\repos\AIOTED-digital-rawdigits\20260918\12\9_main_dig3_20260918-120931.jpg,9,day,105.75,reading_est 59160; model saw 9; agree,,,0
day_fill,20260930-091437_dig3,20260930-091437,3,C:\Users\josep\source\repos\AIOTED-digital-rawdigits\20260930\09\9_main_dig3_20260930-091437.jpg,9,day,112.98,reading_est 59406; model saw 9; agree,,,0
day_fill,20260927-123842_dig3,20260927-123842,3,C:\Users\josep\source\repos\AIOTED-digital-rawdigits\20260927\12\9_main_dig3_20260927-123842.jpg,9,day,151.06,reading_est 59351; model saw 9; agree,,,0
day_fill,20260924-083350_dig3,20260924-083350,3,C:\Users\josep\source\repos\AIOTED-digital-rawdigits\20260924\08\9_main_dig3_20260924-083350.jpg,9,day,149.29,reading_est 59283; model saw 9; agree,,,0
day_fill,20260925-153417_dig3,20260925-153417,3,C:\Users\josep\source\repos\AIOTED-digital-rawdigits\20260925\15\9_main_dig3_20260925-153417.jpg,9,day,140.98,reading_est 59316; model saw 9; agree,,,0
day_fill,20260917-103733_dig3,20260917-103733,3,C:\Users\josep\source\repos\AIOTED-digital-rawdigits\20260917\10\9_main_dig3_20260917-103733.jpg,9,day,106.98,reading_est 59137; model saw 9; agree,,,0
day_fill,20260915-120936_dig3,20260915-120936,3,C:\Users\josep\source\repos\AIOTED-digital-rawdigits\20260915\12\9_main_dig3_20260915-120936.jpg,9,day,149.29,reading_est 59090; model saw 9; agree,,,0
day_fill,20260914-110538_dig3,20260914-110538,3,C:\Users\josep\source\repos\AIOTED-digital-rawdigits\20260914\11\9_main_dig3_20260914-110538.jpg,9,day,110.97,reading_est 59066; model saw 9; agree,,,0
day_fill,20260922-163323_dig3,20260922-163323,3,C:\Users\josep\source\repos\AIOTED-digital-rawdigits\20260922\16\9_main_dig3_20260922-163323.jpg,9,day,100.19,reading_est 59251; model saw 9; agree,,,0
day_fill,20260921-132126_dig3,20260921-132126,3,C:\Users\josep\source\repos\AIOTED-digital-rawdigits\20260921\13\9_main_dig3_20260921-132126.jpg,9,day,158.29,reading_est 59226; model saw 9; agree,,,0
day_fill,20260928-143440_dig3,20260928-143440,3,C:\Users\josep\source\repos\AIOTED-digital-rawdigits\20260928\14\9_main_dig3_20260928-143440.jpg,9,day,158.82,reading_est 59373; model saw 9; agree,,,0
day_fill,20260912-153258_dig3,20260912-153258,3,C:\Users\josep\source\repos\AIOTED-digital-rawdigits\20260912\15\9_main_dig3_20260912-153258.jpg,9,day,154.29,reading_est 59023; model saw 9; agree,,,0
day_fill,20260920-101728_dig3,20260920-101728,3,C:\Users\josep\source\repos\AIOTED-digital-rawdigits\20260920\10\9_main_dig3_20260920-101728.jpg,9,day,109.29,reading_est 59200; model saw 9; agree,,,0
day_fill,20260926-124615_dig3,20260926-124615,3,C:\Users\josep\source\repos\AIOTED-digital-rawdigits\20260926\12\9_main_dig3_20260926-124615.jpg,9,day,148.00,reading_est 59332; model saw 9; agree,,,0
day_fill,20260919-104529_dig3,20260919-104529,3,C:\Users\josep\source\repos\AIOTED-digital-rawdigits\20260919\10\9_main_dig3_20260919-104529.jpg,9,day,99.80,reading_est 59180; model saw 9; agree,,,0
day_fill,20260913-084057_dig3,20260913-084057,3,C:\Users\josep\source\repos\AIOTED-digital-rawdigits\20260913\08\9_main_dig3_20260913-084057.jpg,9,day,136.21,reading_est 59043; model saw 9; agree,,,0
day_fill,20260918-144131_dig3,20260918-144131,3,C:\Users\josep\source\repos\AIOTED-digital-rawdigits\20260918\14\9_main_dig3_20260918-144131.jpg,9,day,99.98,reading_est 59163; model saw 9; agree,,,0
day_fill,20260930-093037_dig3,20260930-093037,3,C:\Users\josep\source\repos\AIOTED-digital-rawdigits\20260930\09\9_main_dig3_20260930-093037.jpg,9,day,108.98,reading_est 59407; model saw 9; agree,,,0
day_fill,20260927-141842_dig3,20260927-141842,3,C:\Users\josep\source\repos\AIOTED-digital-rawdigits\20260927\14\9_main_dig3_20260927-141842.jpg,9,day,148.77,reading_est 59353; model saw 9; agree,,,0
day_fill,20260924-075350_dig3,20260924-075350,3,C:\Users\josep\source\repos\AIOTED-digital-rawdigits\20260924\07\9_main_dig3_20260924-075350.jpg,9,day,104.98,reading_est 59283; model saw 9; agree,,,0
day_fill,20260925-105417_dig3,20260925-105417,3,C:\Users\josep\source\repos\AIOTED-digital-rawdigits\20260925\10\9_main_dig3_20260925-105417.jpg,9,day,119.70,reading_est 59308; model saw 9; agree,,,0
day_fill,20260917-112532_dig3,20260917-112532,3,C:\Users\josep\source\repos\AIOTED-digital-rawdigits\20260917\11\9_main_dig3_20260917-112532.jpg,9,day,113.97,reading_est 59138; model saw 9; agree,,,0
day_fill,20260915-143736_dig3,20260915-143736,3,C:\Users\josep\source\repos\AIOTED-digital-rawdigits\20260915\14\9_main_dig3_20260915-143736.jpg,9,day,116.90,reading_est 59093; model saw 9; agree,,,0
day_fill,20260914-150138_dig3,20260914-150138,3,C:\Users\josep\source\repos\AIOTED-digital-rawdigits\20260914\15\9_main_dig3_20260914-150138.jpg,9,day,107.98,reading_est 59071; model saw 9; agree,,,0
day_fill,20260922-092524_dig3,20260922-092524,3,C:\Users\josep\source\repos\AIOTED-digital-rawdigits\20260922\09\9_main_dig3_20260922-092524.jpg,9,day,151.29,reading_est 59243; model saw 9; agree,,,0
day_fill,20260921-121326_dig3,20260921-121326,3,C:\Users\josep\source\repos\AIOTED-digital-rawdigits\20260921\12\9_main_dig3_20260921-121326.jpg,9,day,153.98,reading_est 59224; model saw 9; agree,,,0
day_fill,20260928-075441_dig3,20260928-075441,3,C:\Users\josep\source\repos\AIOTED-digital-rawdigits\20260928\07\9_main_dig3_20260928-075441.jpg,9,day,128.11,reading_est 59366; model saw 9; agree,,,0
day_fill,20260912-134827_dig3,20260912-134827,3,C:\Users\josep\source\repos\AIOTED-digital-rawdigits\20260912\13\9_main_dig3_20260912-134827.jpg,9,day,100.97,reading_est 59020; model saw 9; agree,,,0
day_fill,20260920-111727_dig3,20260920-111727,3,C:\Users\josep\source\repos\AIOTED-digital-rawdigits\20260920\11\9_main_dig3_20260920-111727.jpg,9,day,144.29,reading_est 59201; model saw 9; agree,,,0
day_fill,20260926-145815_dig3,20260926-145815,3,C:\Users\josep\source\repos\AIOTED-digital-rawdigits\20260926\14\9_main_dig3_20260926-145815.jpg,9,day,154.05,reading_est 59334; model saw 9; agree,,,0
day_fill,20260919-134129_dig3,20260919-134129,3,C:\Users\josep\source\repos\AIOTED-digital-rawdigits\20260919\13\9_main_dig3_20260919-134129.jpg,9,day,103.06,reading_est 59182; model saw 9; agree,,,0
day_fill,20260913-092857_dig3,20260913-092857,3,C:\Users\josep\source\repos\AIOTED-digital-rawdigits\20260913\09\9_main_dig3_20260913-092857.jpg,9,day,102.98,reading_est 59043; model saw 9; agree,,,0
day_fill,20260918-141731_dig3,20260918-141731,3,C:\Users\josep\source\repos\AIOTED-digital-rawdigits\20260918\14\9_main_dig3_20260918-141731.jpg,9,day,97.84,reading_est 59162; model saw 9; agree,,,0
day_fill,20260930-093437_dig3,20260930-093437,3,C:\Users\josep\source\repos\AIOTED-digital-rawdigits\20260930\09\9_main_dig3_20260930-093437.jpg,9,day,106.98,reading_est 59407; model saw 9; agree,,,0
day_fill,20260927-143042_dig3,20260927-143042,3,C:\Users\josep\source\repos\AIOTED-digital-rawdigits\20260927\14\9_main_dig3_20260927-143042.jpg,9,day,139.98,reading_est 59353; model saw 9; agree,,,0
day_fill,20260924-155018_dig3,20260924-155018,3,C:\Users\josep\source\repos\AIOTED-digital-rawdigits\20260924\15\9_main_dig3_20260924-155018.jpg,9,day,97.21,reading_est 59291; model saw 9; agree,,,0
day_fill,20260925-135417_dig3,20260925-135417,3,C:\Users\josep\source\repos\AIOTED-digital-rawdigits\20260925\13\9_main_dig3_20260925-135417.jpg,9,day,155.92,reading_est 59313; model saw 9; agree,,,0
day_fill,20260917-150532_dig3,20260917-150532,3,C:\Users\josep\source\repos\AIOTED-digital-rawdigits\20260917\15\9_main_dig3_20260917-150532.jpg,9,day,105.98,reading_est 59142; model saw 9; agree,,,0
day_fill,20260915-165736_dig3,20260915-165736,3,C:\Users\josep\source\repos\AIOTED-digital-rawdigits\20260915\16\9_main_dig3_20260915-165736.jpg,9,day,100.69,reading_est 59097; model saw 9; agree,,,0
day_fill,20260914-094538_dig3,20260914-094538,3,C:\Users\josep\source\repos\AIOTED-digital-rawdigits\20260914\09\9_main_dig3_20260914-094538.jpg,9,day,145.21,reading_est 59066; model saw 9; agree,,,0
day_fill,20260922-124524_dig3,20260922-124524,3,C:\Users\josep\source\repos\AIOTED-digital-rawdigits\20260922\12\9_main_dig3_20260922-124524.jpg,9,day,156.29,reading_est 59247; model saw 9; agree,,,0
day_fill,20260921-092126_dig3,20260921-092126,3,C:\Users\josep\source\repos\AIOTED-digital-rawdigits\20260921\09\9_main_dig3_20260921-092126.jpg,9,day,123.29,reading_est 59221; model saw 9; agree,,,0
day_fill,20260820-071754_dig4,20260820-071754,4,C:\Users\josep\source\repos\AIOTED-digital-rawdigits\20260820\07\1_main_dig4_20260820-071754.jpg,1,day,97.69,reading_est 58177; model saw 1; agree,,,0
day_fill,20260919-125329_dig4,20260919-125329,4,C:\Users\josep\source\repos\AIOTED-digital-rawdigits\20260919\12\1_main_dig4_20260919-125329.jpg,1,day,110.69,reading_est 59181; model saw 1; agree,,,0
day_fill,20260917-115732_dig4,20260917-115732,4,C:\Users\josep\source\repos\AIOTED-digital-rawdigits\20260917\11\1_main_dig4_20260917-115732.jpg,1,day,119.29,reading_est 59138; model saw 1; agree,,,0
day_fill,20260920-090928_dig4,20260920-090928,4,C:\Users\josep\source\repos\AIOTED-digital-rawdigits\20260920\09\1_main_dig4_20260920-090928.jpg,1,day,128.29,reading_est 59198; model saw 1; agree_soft,,,0
day_fill,20260918-144131_dig4,20260918-144131,4,C:\Users\josep\source\repos\AIOTED-digital-rawdigits\20260918\14\1_main_dig4_20260918-144131.jpg,1,day,99.98,reading_est 59163; model saw 1; agree,,,0
day_fill,20260819-123356_dig4,20260819-123356,4,C:\Users\josep\source\repos\AIOTED-digital-rawdigits\20260819\12\1_main_dig4_20260819-123356.jpg,1,day,135.97,reading_est 58149; model saw 1; agree,,,0
day_fill,20260820-073754_dig4,20260820-073754,4,C:\Users\josep\source\repos\AIOTED-digital-rawdigits\20260820\07\1_main_dig4_20260820-073754.jpg,1,day,101.81,reading_est 58177; model saw 1; agree,,,0
day_fill,20260919-134129_dig4,20260919-134129,4,C:\Users\josep\source\repos\AIOTED-digital-rawdigits\20260919\13\1_main_dig4_20260919-134129.jpg,1,day,103.06,reading_est 59182; model saw 1; agree,,,0
day_fill,20260917-114532_dig4,20260917-114532,4,C:\Users\josep\source\repos\AIOTED-digital-rawdigits\20260917\11\1_main_dig4_20260917-114532.jpg,1,day,138.77,reading_est 59138; model saw 1; agree,,,0
day_fill,20260920-081728_dig4,20260920-081728,4,C:\Users\josep\source\repos\AIOTED-digital-rawdigits\20260920\08\1_main_dig4_20260920-081728.jpg,1,day,101.13,reading_est 59198; model saw 1; agree_soft,,,0
day_fill,20260918-122131_dig4,20260918-122131,4,C:\Users\josep\source\repos\AIOTED-digital-rawdigits\20260918\12\1_main_dig4_20260918-122131.jpg,1,day,106.88,reading_est 59160; model saw 1; agree,,,0
day_fill,20260819-140156_dig4,20260819-140156,4,C:\Users\josep\source\repos\AIOTED-digital-rawdigits\20260819\14\1_main_dig4_20260819-140156.jpg,1,day,143.75,reading_est 58153; model saw 1; agree,,,0
day_fill,20260820-120954_dig4,20260820-120954,4,C:\Users\josep\source\repos\AIOTED-digital-rawdigits\20260820\12\1_main_dig4_20260820-120954.jpg,1,day,136.75,reading_est 58184; model saw 1; agree,,,0
day_fill,20260919-133329_dig4,20260919-133329,4,C:\Users\josep\source\repos\AIOTED-digital-rawdigits\20260919\13\1_main_dig4_20260919-133329.jpg,1,day,104.05,reading_est 59182; model saw 1; agree,,,0
day_fill,20260917-155332_dig4,20260917-155332,4,C:\Users\josep\source\repos\AIOTED-digital-rawdigits\20260917\15\1_main_dig4_20260917-155332.jpg,1,day,97.19,reading_est 59143; model saw 1; agree,,,0
day_fill,20260920-084928_dig4,20260920-084928,4,C:\Users\josep\source\repos\AIOTED-digital-rawdigits\20260920\08\1_main_dig4_20260920-084928.jpg,1,day,107.29,reading_est 59198; model saw 1; agree_soft,,,0
day_fill,20260918-124931_dig4,20260918-124931,4,C:\Users\josep\source\repos\AIOTED-digital-rawdigits\20260918\12\1_main_dig4_20260918-124931.jpg,1,day,116.97,reading_est 59161; model saw 1; agree,,,0
day_fill,20260819-142156_dig4,20260819-142156,4,C:\Users\josep\source\repos\AIOTED-digital-rawdigits\20260819\14\1_main_dig4_20260819-142156.jpg,1,day,139.98,reading_est 58154; model saw 1; agree,,,0
day_fill,20260820-155754_dig4,20260820-155754,4,C:\Users\josep\source\repos\AIOTED-digital-rawdigits\20260820\15\1_main_dig4_20260820-155754.jpg,1,day,129.75,reading_est 58195; model saw 1; agree,,,0
day_fill,20260919-114529_dig4,20260919-114529,4,C:\Users\josep\source\repos\AIOTED-digital-rawdigits\20260919\11\1_main_dig4_20260919-114529.jpg,1,day,100.97,reading_est 59181; model saw 1; agree,,,0
day_fill,20260917-113732_dig4,20260917-113732,4,C:\Users\josep\source\repos\AIOTED-digital-rawdigits\20260917\11\1_main_dig4_20260917-113732.jpg,1,day,114.29,reading_est 59138; model saw 1; agree,,,0
day_fill,20260920-091728_dig4,20260920-091728,4,C:\Users\josep\source\repos\AIOTED-digital-rawdigits\20260920\09\1_main_dig4_20260920-091728.jpg,1,day,121.34,reading_est 59198; model saw 1; agree_soft,,,0
day_fill,20260918-130131_dig4,20260918-130131,4,C:\Users\josep\source\repos\AIOTED-digital-rawdigits\20260918\13\1_main_dig4_20260918-130131.jpg,1,day,123.98,reading_est 59161; model saw 1; agree,,,0
day_fill,20260819-170155_dig4,20260819-170155,4,C:\Users\josep\source\repos\AIOTED-digital-rawdigits\20260819\17\1_main_dig4_20260819-170155.jpg,1,day,96.90,reading_est 58161; model saw 1; agree,,,0
day_fill,20260820-072154_dig4,20260820-072154,4,C:\Users\josep\source\repos\AIOTED-digital-rawdigits\20260820\07\1_main_dig4_20260820-072154.jpg,1,day,97.98,reading_est 58177; model saw 1; agree,,,0
day_fill,20260919-131329_dig4,20260919-131329,4,C:\Users\josep\source\repos\AIOTED-digital-rawdigits\20260919\13\1_main_dig4_20260919-131329.jpg,1,day,108.29,reading_est 59182; model saw 1; agree,,,0
day_fill,20260917-132532_dig4,20260917-132532,4,C:\Users\josep\source\repos\AIOTED-digital-rawdigits\20260917\13\1_main_dig4_20260917-132532.jpg,1,day,115.97,reading_est 59140; model saw 1; agree,,,0
day_fill,20260920-083728_dig4,20260920-083728,4,C:\Users\josep\source\repos\AIOTED-digital-rawdigits\20260920\08\1_main_dig4_20260920-083728.jpg,1,day,102.29,reading_est 59198; model saw 1; agree_soft,,,0
day_fill,20260918-144930_dig4,20260918-144930,4,C:\Users\josep\source\repos\AIOTED-digital-rawdigits\20260918\14\1_main_dig4_20260918-144930.jpg,1,day,96.26,reading_est 59163; model saw 1; agree,,,0
day_fill,20260819-113356_dig4,20260819-113356,4,C:\Users\josep\source\repos\AIOTED-digital-rawdigits\20260819\11\1_main_dig4_20260819-113356.jpg,1,day,136.71,reading_est 58146; model saw 1; agree,,,0
day_fill,20260820-113754_dig4,20260820-113754,4,C:\Users\josep\source\repos\AIOTED-digital-rawdigits\20260820\11\1_main_dig4_20260820-113754.jpg,1,day,135.29,reading_est 58183; model saw 1; agree,,,0
day_fill,20260919-111329_dig4,20260919-111329,4,C:\Users\josep\source\repos\AIOTED-digital-rawdigits\20260919\11\1_main_dig4_20260919-111329.jpg,1,day,101.11,reading_est 59180; model saw 1; agree,,,0
day_fill,20260917-131732_dig4,20260917-131732,4,C:\Users\josep\source\repos\AIOTED-digital-rawdigits\20260917\13\1_main_dig4_20260917-131732.jpg,1,day,120.97,reading_est 59140; model saw 1; agree,,,0
day_fill,20260920-080928_dig4,20260920-080928,4,C:\Users\josep\source\repos\AIOTED-digital-rawdigits\20260920\08\1_main_dig4_20260920-080928.jpg,1,day,105.29,reading_est 59198; model saw 1; agree_soft,,,0
day_fill,20260918-135730_dig4,20260918-135730,4,C:\Users\josep\source\repos\AIOTED-digital-rawdigits\20260918\13\1_main_dig4_20260918-135730.jpg,1,day,110.69,reading_est 59162; model saw 1; agree,,,0
day_fill,20260819-083356_dig4,20260819-083356,4,C:\Users\josep\source\repos\AIOTED-digital-rawdigits\20260819\08\1_main_dig4_20260819-083356.jpg,1,day,135.75,reading_est 58141; model saw 1; agree,,,0
day_fill,20260820-075754_dig4,20260820-075754,4,C:\Users\josep\source\repos\AIOTED-digital-rawdigits\20260820\07\1_main_dig4_20260820-075754.jpg,1,day,121.29,reading_est 58178; model saw 1; agree,,,0
day_fill,20260919-121329_dig4,20260919-121329,4,C:\Users\josep\source\repos\AIOTED-digital-rawdigits\20260919\12\1_main_dig4_20260919-121329.jpg,1,day,104.29,reading_est 59181; model saw 1; agree,,,0
day_fill,20260917-145732_dig4,20260917-145732,4,C:\Users\josep\source\repos\AIOTED-digital-rawdigits\20260917\14\1_main_dig4_20260917-145732.jpg,1,day,99.97,reading_est 59142; model saw 1; agree,,,0
day_fill,20260920-082928_dig4,20260920-082928,4,C:\Users\josep\source\repos\AIOTED-digital-rawdigits\20260920\08\1_main_dig4_20260920-082928.jpg,1,day,102.76,reading_est 59198; model saw 1; agree_soft,,,0
day_fill,20260918-120131_dig4,20260918-120131,4,C:\Users\josep\source\repos\AIOTED-digital-rawdigits\20260918\12\1_main_dig4_20260918-120131.jpg,1,day,100.29,reading_est 59160; model saw 1; agree,,,0
day_fill,20260819-143356_dig4,20260819-143356,4,C:\Users\josep\source\repos\AIOTED-digital-rawdigits\20260819\14\1_main_dig4_20260819-143356.jpg,1,day,141.75,reading_est 58154; model saw 1; agree,,,0
day_fill,20260820-104954_dig4,20260820-104954,4,C:\Users\josep\source\repos\AIOTED-digital-rawdigits\20260820\10\1_main_dig4_20260820-104954.jpg,1,day,138.77,reading_est 58181; model saw 1; agree,,,0
day_fill,20260919-113329_dig4,20260919-113329,4,C:\Users\josep\source\repos\AIOTED-digital-rawdigits\20260919\11\1_main_dig4_20260919-113329.jpg,1,day,100.81,reading_est 59180; model saw 1; agree,,,0
day_fill,20260917-142532_dig4,20260917-142532,4,C:\Users\josep\source\repos\AIOTED-digital-rawdigits\20260917\14\1_main_dig4_20260917-142532.jpg,1,day,104.19,reading_est 59142; model saw 1; agree,,,0
day_fill,20260920-085728_dig4,20260920-085728,4,C:\Users\josep\source\repos\AIOTED-digital-rawdigits\20260920\08\1_main_dig4_20260920-085728.jpg,1,day,115.40,reading_est 59198; model saw 1; agree_soft,,,0
day_fill,20260918-114131_dig4,20260918-114131,4,C:\Users\josep\source\repos\AIOTED-digital-rawdigits\20260918\11\1_main_dig4_20260918-114131.jpg,1,day,108.97,reading_est 59158; model saw 1; agree,,,0
day_fill,20260819-071356_dig4,20260819-071356,4,C:\Users\josep\source\repos\AIOTED-digital-rawdigits\20260819\07\1_main_dig4_20260819-071356.jpg,1,day,97.29,reading_est 58139; model saw 1; agree,,,0
day_fill,20260820-171754_dig4,20260820-171754,4,C:\Users\josep\source\repos\AIOTED-digital-rawdigits\20260820\17\1_main_dig4_20260820-171754.jpg,1,day,96.98,reading_est 58199; model saw 1; agree,,,0
day_fill,20260919-130529_dig4,20260919-130529,4,C:\Users\josep\source\repos\AIOTED-digital-rawdigits\20260919\13\1_main_dig4_20260919-130529.jpg,1,day,113.98,reading_est 59182; model saw 1; agree,,,0
day_fill,20260917-120532_dig4,20260917-120532,4,C:\Users\josep\source\repos\AIOTED-digital-rawdigits\20260917\12\1_main_dig4_20260917-120532.jpg,1,day,121.29,reading_est 59138; model saw 1; agree,,,0
day_fill,20260920-075728_dig4,20260920-075728,4,C:\Users\josep\source\repos\AIOTED-digital-rawdigits\20260920\07\1_main_dig4_20260920-075728.jpg,1,day,99.29,reading_est 59198; model saw 1; agree_soft,,,0
day_fill,20260918-142931_dig4,20260918-142931,4,C:\Users\josep\source\repos\AIOTED-digital-rawdigits\20260918\14\1_main_dig4_20260918-142931.jpg,1,day,96.84,reading_est 59163; model saw 1; agree,,,0
day_fill,20260819-164156_dig4,20260819-164156,4,C:\Users\josep\source\repos\AIOTED-digital-rawdigits\20260819\16\1_main_dig4_20260819-164156.jpg,1,day,97.16,reading_est 58160; model saw 1; agree,,,0
day_fill,20260820-165754_dig4,20260820-165754,4,C:\Users\josep\source\repos\AIOTED-digital-rawdigits\20260820\16\1_main_dig4_20260820-165754.jpg,1,day,98.06,reading_est 58198; model saw 1; agree,,,0
day_fill,20260919-120529_dig4,20260919-120529,4,C:\Users\josep\source\repos\AIOTED-digital-rawdigits\20260919\12\1_main_dig4_20260919-120529.jpg,1,day,98.86,reading_est 59181; model saw 1; agree,,,0
day_fill,20260917-143732_dig4,20260917-143732,4,C:\Users\josep\source\repos\AIOTED-digital-rawdigits\20260917\14\1_main_dig4_20260917-143732.jpg,1,day,100.69,reading_est 59142; model saw 1; agree,,,0
day_fill,20260918-132131_dig4,20260918-132131,4,C:\Users\josep\source\repos\AIOTED-digital-rawdigits\20260918\13\1_main_dig4_20260918-132131.jpg,1,day,106.98,reading_est 59161; model saw 1; agree,,,0
day_fill,20260819-121356_dig4,20260819-121356,4,C:\Users\josep\source\repos\AIOTED-digital-rawdigits\20260819\12\1_main_dig4_20260819-121356.jpg,1,day,136.81,reading_est 58148; model saw 1; agree,,,0
day_fill,20260820-114954_dig4,20260820-114954,4,C:\Users\josep\source\repos\AIOTED-digital-rawdigits\20260820\11\1_main_dig4_20260820-114954.jpg,1,day,135.98,reading_est 58183; model saw 1; agree,,,0
day_fill,20260919-122529_dig4,20260919-122529,4,C:\Users\josep\source\repos\AIOTED-digital-rawdigits\20260919\12\1_main_dig4_20260919-122529.jpg,1,day,108.97,reading_est 59181; model saw 1; agree,,,0
day_fill,20260917-125732_dig4,20260917-125732,4,C:\Users\josep\source\repos\AIOTED-digital-rawdigits\20260917\12\1_main_dig4_20260917-125732.jpg,1,day,103.97,reading_est 59140; model saw 1; agree,,,0
day_fill,20260918-150931_dig4,20260918-150931,4,C:\Users\josep\source\repos\AIOTED-digital-rawdigits\20260918\15\1_main_dig4_20260918-150931.jpg,1,day,99.92,reading_est 59163; model saw 1; agree,,,0
day_fill,20260819-132556_dig4,20260819-132556,4,C:\Users\josep\source\repos\AIOTED-digital-rawdigits\20260819\13\1_main_dig4_20260819-132556.jpg,1,day,147.00,reading_est 58152; model saw 1; agree,,,0
day_fill,20260820-152954_dig4,20260820-152954,4,C:\Users\josep\source\repos\AIOTED-digital-rawdigits\20260820\15\1_main_dig4_20260820-152954.jpg,1,day,134.74,reading_est 58194; model saw 1; agree,,,0
day_fill,20260919-112529_dig4,20260919-112529,4,C:\Users\josep\source\repos\AIOTED-digital-rawdigits\20260919\11\1_main_dig4_20260919-112529.jpg,1,day,97.02,reading_est 59180; model saw 1; agree,,,0
day_fill,20260917-130532_dig4,20260917-130532,4,C:\Users\josep\source\repos\AIOTED-digital-rawdigits\20260917\13\1_main_dig4_20260917-130532.jpg,1,day,101.69,reading_est 59140; model saw 1; agree,,,0
day_fill,20260918-124131_dig4,20260918-124131,4,C:\Users\josep\source\repos\AIOTED-digital-rawdigits\20260918\12\1_main_dig4_20260918-124131.jpg,1,day,109.98,reading_est 59161; model saw 1; agree,,,0
day_fill,20260819-073356_dig4,20260819-073356,4,C:\Users\josep\source\repos\AIOTED-digital-rawdigits\20260819\07\1_main_dig4_20260819-073356.jpg,1,day,98.16,reading_est 58140; model saw 1; agree,,,0
day_fill,20260823-162148_dig4,20260823-162148,4,C:\Users\josep\source\repos\AIOTED-digital-rawdigits\20260823\16\2_main_dig4_20260823-162148.jpg,2,day,100.74,reading_est 58297; model saw 2; agree,,,0
day_fill,20260921-154125_dig4,20260921-154125,4,C:\Users\josep\source\repos\AIOTED-digital-rawdigits\20260921\15\2_main_dig4_20260921-154125.jpg,2,day,137.29,reading_est 59228; model saw 2; agree,,,0
day_fill,20260920-134527_dig4,20260920-134527,4,C:\Users\josep\source\repos\AIOTED-digital-rawdigits\20260920\13\2_main_dig4_20260920-134527.jpg,2,day,142.05,reading_est 59203; model saw 2; agree,,,0
day_fill,20260821-132152_dig4,20260821-132152,4,C:\Users\josep\source\repos\AIOTED-digital-rawdigits\20260821\13\2_main_dig4_20260821-132152.jpg,2,day,141.83,reading_est 58225; model saw 2; agree,,,0
day_fill,20260924-161018_dig4,20260924-161018,4,C:\Users\josep\source\repos\AIOTED-digital-rawdigits\20260924\16\2_main_dig4_20260924-161018.jpg,2,day,100.97,reading_est 59291; model saw 2; agree,,,0
day_fill,20260822-120550_dig4,20260822-120550,4,C:\Users\josep\source\repos\AIOTED-digital-rawdigits\20260822\12\2_main_dig4_20260822-120550.jpg,2,day,138.79,reading_est 58254; model saw 2; agree,,,0
day_fill,20260922-093724_dig4,20260922-093724,4,C:\Users\josep\source\repos\AIOTED-digital-rawdigits\20260922\09\2_main_dig4_20260922-093724.jpg,2,day,153.98,reading_est 59243; model saw 2; agree,,,0
day_fill,20260823-095349_dig4,20260823-095349,4,C:\Users\josep\source\repos\AIOTED-digital-rawdigits\20260823\09\2_main_dig4_20260823-095349.jpg,2,day,140.02,reading_est 58284; model saw 2; agree,,,0
day_fill,20260921-131326_dig4,20260921-131326,4,C:\Users\josep\source\repos\AIOTED-digital-rawdigits\20260921\13\2_main_dig4_20260921-131326.jpg,2,day,145.02,reading_est 59226; model saw 2; agree,,,0
day_fill,20260920-114927_dig4,20260920-114927,4,C:\Users\josep\source\repos\AIOTED-digital-rawdigits\20260920\11\2_main_dig4_20260920-114927.jpg,2,day,153.19,reading_est 59201; model saw 2; agree,,,0
day_fill,20260821-121352_dig4,20260821-121352,4,C:\Users\josep\source\repos\AIOTED-digital-rawdigits\20260821\12\2_main_dig4_20260821-121352.jpg,2,day,101.97,reading_est 58223; model saw 2; agree,,,0
day_fill,20260924-135819_dig4,20260924-135819,4,C:\Users\josep\source\repos\AIOTED-digital-rawdigits\20260924\13\2_main_dig4_20260924-135819.jpg,2,day,141.14,reading_est 59288; model saw 2; agree,,,0
day_fill,20260822-160550_dig4,20260822-160550,4,C:\Users\josep\source\repos\AIOTED-digital-rawdigits\20260822\16\2_main_dig4_20260822-160550.jpg,2,day,136.29,reading_est 58264; model saw 2; agree,,,0
day_fill,20260922-103724_dig4,20260922-103724,4,C:\Users\josep\source\repos\AIOTED-digital-rawdigits\20260922\10\2_main_dig4_20260922-103724.jpg,2,day,152.96,reading_est 59244; model saw 2; agree,,,0
day_fill,20260823-081349_dig4,20260823-081349,4,C:\Users\josep\source\repos\AIOTED-digital-rawdigits\20260823\08\2_main_dig4_20260823-081349.jpg,2,day,127.06,reading_est 58282; model saw 2; agree,,,0
day_fill,20260921-132925_dig4,20260921-132925,4,C:\Users\josep\source\repos\AIOTED-digital-rawdigits\20260921\13\2_main_dig4_20260921-132925.jpg,2,day,154.06,reading_est 59226; model saw 2; agree,,,0
day_fill,20260920-094928_dig4,20260920-094928,4,C:\Users\josep\source\repos\AIOTED-digital-rawdigits\20260920\09\2_main_dig4_20260920-094928.jpg,2,day,107.05,reading_est 59200; model saw 2; agree_soft,,,0
day_fill,20260821-141352_dig4,20260821-141352,4,C:\Users\josep\source\repos\AIOTED-digital-rawdigits\20260821\14\2_main_dig4_20260821-141352.jpg,2,day,109.98,reading_est 58227; model saw 2; agree,,,0
day_fill,20260924-135019_dig4,20260924-135019,4,C:\Users\josep\source\repos\AIOTED-digital-rawdigits\20260924\13\2_main_dig4_20260924-135019.jpg,2,day,144.00,reading_est 59288; model saw 2; agree,,,0
day_fill,20260822-154550_dig4,20260822-154550,4,C:\Users\josep\source\repos\AIOTED-digital-rawdigits\20260822\15\2_main_dig4_20260822-154550.jpg,2,day,138.98,reading_est 58263; model saw 2; agree,,,0
day_fill,20260922-161323_dig4,20260922-161323,4,C:\Users\josep\source\repos\AIOTED-digital-rawdigits\20260922\16\2_main_dig4_20260922-161323.jpg,2,day,98.97,reading_est 59251; model saw 2; agree,,,0
day_fill,20260823-104948_dig4,20260823-104948,4,C:\Users\josep\source\repos\AIOTED-digital-rawdigits\20260823\10\2_main_dig4_20260823-104948.jpg,2,day,142.02,reading_est 58285; model saw 2; agree,,,0
day_fill,20260921-162125_dig4,20260921-162125,4,C:\Users\josep\source\repos\AIOTED-digital-rawdigits\20260921\16\2_main_dig4_20260921-162125.jpg,2,day,104.06,reading_est 59228; model saw 2; agree,,,0
day_fill,20260920-123727_dig4,20260920-123727,4,C:\Users\josep\source\repos\AIOTED-digital-rawdigits\20260920\12\2_main_dig4_20260920-123727.jpg,2,day,120.88,reading_est 59202; model saw 2; agree,,,0
day_fill,20260821-125352_dig4,20260821-125352,4,C:\Users\josep\source\repos\AIOTED-digital-rawdigits\20260821\12\2_main_dig4_20260821-125352.jpg,2,day,127.69,reading_est 58224; model saw 2; agree,,,0
day_fill,20260924-121019_dig4,20260924-121019,4,C:\Users\josep\source\repos\AIOTED-digital-rawdigits\20260924\12\2_main_dig4_20260924-121019.jpg,2,day,149.15,reading_est 59287; model saw 2; agree,,,0
day_fill,20260822-123750_dig4,20260822-123750,4,C:\Users\josep\source\repos\AIOTED-digital-rawdigits\20260822\12\2_main_dig4_20260822-123750.jpg,2,day,130.02,reading_est 58255; model saw 2; agree,,,0
day_fill,20260922-084524_dig4,20260922-084524,4,C:\Users\josep\source\repos\AIOTED-digital-rawdigits\20260922\08\2_main_dig4_20260922-084524.jpg,2,day,122.98,reading_est 59242; model saw 2; agree,,,0
day_fill,20260823-122948_dig4,20260823-122948,4,C:\Users\josep\source\repos\AIOTED-digital-rawdigits\20260823\12\2_main_dig4_20260823-122948.jpg,2,day,133.29,reading_est 58288; model saw 2; agree,,,0
day_fill,20260921-090126_dig4,20260921-090126,4,C:\Users\josep\source\repos\AIOTED-digital-rawdigits\20260921\09\2_main_dig4_20260921-090126.jpg,2,day,128.29,reading_est 59220; model saw 2; agree,,,0
day_fill,20260920-132927_dig4,20260920-132927,4,C:\Users\josep\source\repos\AIOTED-digital-rawdigits\20260920\13\2_main_dig4_20260920-132927.jpg,2,day,148.98,reading_est 59203; model saw 2; agree,,,0
day_fill,20260821-133352_dig4,20260821-133352,4,C:\Users\josep\source\repos\AIOTED-digital-rawdigits\20260821\13\2_main_dig4_20260821-133352.jpg,2,day,135.02,reading_est 58225; model saw 2; agree,,,0
day_fill,20260924-161818_dig4,20260924-161818,4,C:\Users\josep\source\repos\AIOTED-digital-rawdigits\20260924\16\2_main_dig4_20260924-161818.jpg,2,day,99.24,reading_est 59291; model saw 2; agree,,,0
day_fill,20260822-082951_dig4,20260822-082951,4,C:\Users\josep\source\repos\AIOTED-digital-rawdigits\20260822\08\2_main_dig4_20260822-082951.jpg,2,day,129.06,reading_est 58248; model saw 2; agree,,,0
day_fill,20260922-144524_dig4,20260922-144524,4,C:\Users\josep\source\repos\AIOTED-digital-rawdigits\20260922\14\2_main_dig4_20260922-144524.jpg,2,day,155.77,reading_est 59248; model saw 2; agree,,,0
day_fill,20260823-114148_dig4,20260823-114148,4,C:\Users\josep\source\repos\AIOTED-digital-rawdigits\20260823\11\2_main_dig4_20260823-114148.jpg,2,day,140.15,reading_est 58286; model saw 2; agree,,,0
day_fill,20260921-144925_dig4,20260921-144925,4,C:\Users\josep\source\repos\AIOTED-digital-rawdigits\20260921\14\2_main_dig4_20260921-144925.jpg,2,day,149.98,reading_est 59227; model saw 2; agree,,,0
day_fill,20260920-125727_dig4,20260920-125727,4,C:\Users\josep\source\repos\AIOTED-digital-rawdigits\20260920\12\2_main_dig4_20260920-125727.jpg,2,day,153.72,reading_est 59203; model saw 2; agree,,,0
day_fill,20260821-145352_dig4,20260821-145352,4,C:\Users\josep\source\repos\AIOTED-digital-rawdigits\20260821\14\2_main_dig4_20260821-145352.jpg,2,day,100.98,reading_est 58228; model saw 2; agree,,,0
day_fill,20260924-153818_dig4,20260924-153818,4,C:\Users\josep\source\repos\AIOTED-digital-rawdigits\20260924\15\2_main_dig4_20260924-153818.jpg,2,day,128.20,reading_est 59291; model saw 2; agree,,,0
day_fill,20260822-085751_dig4,20260822-085751,4,C:\Users\josep\source\repos\AIOTED-digital-rawdigits\20260822\08\2_main_dig4_20260822-085751.jpg,2,day,124.75,reading_est 58249; model saw 2; agree,,,0
day_fill,20260922-110524_dig4,20260922-110524,4,C:\Users\josep\source\repos\AIOTED-digital-rawdigits\20260922\11\2_main_dig4_20260922-110524.jpg,2,day,152.69,reading_est 59246; model saw 2; agree,,,0
day_fill,20260823-140148_dig4,20260823-140148,4,C:\Users\josep\source\repos\AIOTED-digital-rawdigits\20260823\14\2_main_dig4_20260823-140148.jpg,2,day,135.77,reading_est 58291; model saw 2; agree,,,0
day_fill,20260921-130926_dig4,20260921-130926,4,C:\Users\josep\source\repos\AIOTED-digital-rawdigits\20260921\13\2_main_dig4_20260921-130926.jpg,2,day,140.29,reading_est 59226; model saw 2; agree,,,0
day_fill,20260920-153727_dig4,20260920-153727,4,C:\Users\josep\source\repos\AIOTED-digital-rawdigits\20260920\15\2_main_dig4_20260920-153727.jpg,2,day,98.12,reading_est 59206; model saw 2; agree,,,0
day_fill,20260821-155352_dig4,20260821-155352,4,C:\Users\josep\source\repos\AIOTED-digital-rawdigits\20260821\15\2_main_dig4_20260821-155352.jpg,2,day,113.69,reading_est 58230; model saw 2; agree,,,0
day_fill,20260924-141019_dig4,20260924-141019,4,C:\Users\josep\source\repos\AIOTED-digital-rawdigits\20260924\14\2_main_dig4_20260924-141019.jpg,2,day,149.12,reading_est 59288; model saw 2; agree,,,0
day_fill,20260822-150550_dig4,20260822-150550,4,C:\Users\josep\source\repos\AIOTED-digital-rawdigits\20260822\15\2_main_dig4_20260822-150550.jpg,2,day,140.11,reading_est 58261; model saw 2; agree,,,0
day_fill,20260922-150524_dig4,20260922-150524,4,C:\Users\josep\source\repos\AIOTED-digital-rawdigits\20260922\15\2_main_dig4_20260922-150524.jpg,2,day,119.29,reading_est 59248; model saw 2; agree,,,0
day_fill,20260823-152148_dig4,20260823-152148,4,C:\Users\josep\source\repos\AIOTED-digital-rawdigits\20260823\15\2_main_dig4_20260823-152148.jpg,2,day,141.83,reading_est 58294; model saw 2; agree,,,0
day_fill,20260921-164925_dig4,20260921-164925,4,C:\Users\josep\source\repos\AIOTED-digital-rawdigits\20260921\16\2_main_dig4_20260921-164925.jpg,2,day,99.19,reading_est 59230; model saw 2; agree,,,0
day_fill,20260920-130927_dig4,20260920-130927,4,C:\Users\josep\source\repos\AIOTED-digital-rawdigits\20260920\13\2_main_dig4_20260920-130927.jpg,2,day,125.06,reading_est 59203; model saw 2; agree,,,0
day_fill,20260821-154952_dig4,20260821-154952,4,C:\Users\josep\source\repos\AIOTED-digital-rawdigits\20260821\15\2_main_dig4_20260821-154952.jpg,2,day,131.06,reading_est 58230; model saw 2; agree,,,0
day_fill,20260924-125019_dig4,20260924-125019,4,C:\Users\josep\source\repos\AIOTED-digital-rawdigits\20260924\12\2_main_dig4_20260924-125019.jpg,2,day,145.21,reading_est 59288; model saw 2; agree,,,0
day_fill,20260822-171350_dig4,20260822-171350,4,C:\Users\josep\source\repos\AIOTED-digital-rawdigits\20260822\17\2_main_dig4_20260822-171350.jpg,2,day,99.90,reading_est 58267; model saw 2; agree,,,0
day_fill,20260922-111724_dig4,20260922-111724,4,C:\Users\josep\source\repos\AIOTED-digital-rawdigits\20260922\11\2_main_dig4_20260922-111724.jpg,2,day,127.17,reading_est 59246; model saw 2; agree,,,0
day_fill,20260823-171748_dig4,20260823-171748,4,C:\Users\josep\source\repos\AIOTED-digital-rawdigits\20260823\17\2_main_dig4_20260823-171748.jpg,2,day,97.97,reading_est 58299; model saw 2; agree,,,0
day_fill,20260921-104126_dig4,20260921-104126,4,C:\Users\josep\source\repos\AIOTED-digital-rawdigits\20260921\10\2_main_dig4_20260921-104126.jpg,2,day,126.29,reading_est 59222; model saw 2; agree,,,0
day_fill,20260920-105728_dig4,20260920-105728,4,C:\Users\josep\source\repos\AIOTED-digital-rawdigits\20260920\10\2_main_dig4_20260920-105728.jpg,2,day,146.69,reading_est 59201; model saw 2; agree,,,0
day_fill,20260821-130152_dig4,20260821-130152,4,C:\Users\josep\source\repos\AIOTED-digital-rawdigits\20260821\13\2_main_dig4_20260821-130152.jpg,2,day,137.02,reading_est 58225; model saw 2; agree,,,0
day_fill,20260924-080150_dig4,20260924-080150,4,C:\Users\josep\source\repos\AIOTED-digital-rawdigits\20260924\08\2_main_dig4_20260924-080150.jpg,2,day,116.29,reading_est 59283; model saw 2; agree,,,0
day_fill,20260822-111750_dig4,20260822-111750,4,C:\Users\josep\source\repos\AIOTED-digital-rawdigits\20260822\11\2_main_dig4_20260822-111750.jpg,2,day,136.29,reading_est 58252; model saw 2; agree,,,0
day_fill,20260922-141324_dig4,20260922-141324,4,C:\Users\josep\source\repos\AIOTED-digital-rawdigits\20260922\14\2_main_dig4_20260922-141324.jpg,2,day,154.98,reading_est 59248; model saw 2; agree,,,0
day_fill,20260823-104148_dig4,20260823-104148,4,C:\Users\josep\source\repos\AIOTED-digital-rawdigits\20260823\10\2_main_dig4_20260823-104148.jpg,2,day,141.79,reading_est 58284; model saw 2; agree,,,0
day_fill,20260921-142125_dig4,20260921-142125,4,C:\Users\josep\source\repos\AIOTED-digital-rawdigits\20260921\14\2_main_dig4_20260921-142125.jpg,2,day,150.77,reading_est 59227; model saw 2; agree,,,0
day_fill,20260920-144527_dig4,20260920-144527,4,C:\Users\josep\source\repos\AIOTED-digital-rawdigits\20260920\14\2_main_dig4_20260920-144527.jpg,2,day,118.03,reading_est 59206; model saw 2; agree,,,0
day_fill,20260821-161352_dig4,20260821-161352,4,C:\Users\josep\source\repos\AIOTED-digital-rawdigits\20260821\16\2_main_dig4_20260821-161352.jpg,2,day,96.93,reading_est 58231; model saw 2; agree,,,0
day_fill,20260924-153018_dig4,20260924-153018,4,C:\Users\josep\source\repos\AIOTED-digital-rawdigits\20260924\15\2_main_dig4_20260924-153018.jpg,2,day,148.29,reading_est 59290; model saw 2; agree,,,0
day_fill,20260822-094550_dig4,20260822-094550,4,C:\Users\josep\source\repos\AIOTED-digital-rawdigits\20260822\09\2_main_dig4_20260822-094550.jpg,2,day,132.14,reading_est 58250; model saw 2; agree,,,0
day_fill,20260928-155440_dig4,20260928-155440,4,C:\Users\josep\source\repos\AIOTED-digital-rawdigits\20260928\15\3_main_dig4_20260928-155440.jpg,3,day,97.29,reading_est 59376; model saw 3; agree,,,0
day_fill,20260826-111343_dig4,20260826-111343,4,C:\Users\josep\source\repos\AIOTED-digital-rawdigits\20260826\11\3_main_dig4_20260826-111343.jpg,3,day,136.29,reading_est 58388; model saw 3; agree,,,0
day_fill,20260926-091015_dig4,20260926-091015,4,C:\Users\josep\source\repos\AIOTED-digital-rawdigits\20260926\09\3_main_dig4_20260926-091015.jpg,3,day,158.98,reading_est 59326; model saw 3; agree,,,0
day_fill,20260927-103843_dig4,20260927-103843,4,C:\Users\josep\source\repos\AIOTED-digital-rawdigits\20260927\10\3_main_dig4_20260927-103843.jpg,3,day,151.74,reading_est 59348; model saw 3; agree,,,0
day_fill,20260824-075747_dig4,20260824-075747,4,C:\Users\josep\source\repos\AIOTED-digital-rawdigits\20260824\07\3_main_dig4_20260824-075747.jpg,3,day,125.88,reading_est 58316; model saw 3; agree,,,0
day_fill,20260925-104217_dig4,20260925-104217,4,C:\Users\josep\source\repos\AIOTED-digital-rawdigits\20260925\10\3_main_dig4_20260925-104217.jpg,3,day,127.77,reading_est 59308; model saw 3; agree,,,0
day_fill,20260928-151440_dig4,20260928-151440,4,C:\Users\josep\source\repos\AIOTED-digital-rawdigits\20260928\15\3_main_dig4_20260928-151440.jpg,3,day,150.69,reading_est 59374; model saw 3; agree,,,0
day_fill,20260826-143343_dig4,20260826-143343,4,C:\Users\josep\source\repos\AIOTED-digital-rawdigits\20260826\14\3_main_dig4_20260826-143343.jpg,3,day,142.11,reading_est 58397; model saw 3; agree,,,0
day_fill,20260926-115815_dig4,20260926-115815,4,C:\Users\josep\source\repos\AIOTED-digital-rawdigits\20260926\11\3_main_dig4_20260926-115815.jpg,3,day,153.10,reading_est 59331; model saw 3; agree,,,0
day_fill,20260927-161842_dig4,20260927-161842,4,C:\Users\josep\source\repos\AIOTED-digital-rawdigits\20260927\16\3_main_dig4_20260927-161842.jpg,3,day,103.29,reading_est 59356; model saw 3; agree,,,0
day_fill,20260824-161346_dig4,20260824-161346,4,C:\Users\josep\source\repos\AIOTED-digital-rawdigits\20260824\16\3_main_dig4_20260824-161346.jpg,3,day,131.75,reading_est 58326; model saw 3; agree,,,0
day_fill,20260925-140217_dig4,20260925-140217,4,C:\Users\josep\source\repos\AIOTED-digital-rawdigits\20260925\14\3_main_dig4_20260925-140217.jpg,3,day,153.29,reading_est 59313; model saw 3; agree,,,0
day_fill,20260928-092241_dig4,20260928-092241,4,C:\Users\josep\source\repos\AIOTED-digital-rawdigits\20260928\09\3_main_dig4_20260928-092241.jpg,3,day,156.05,reading_est 59367; model saw 3; agree,,,0
day_fill,20260826-120543_dig4,20260826-120543,4,C:\Users\josep\source\repos\AIOTED-digital-rawdigits\20260826\12\3_main_dig4_20260826-120543.jpg,3,day,143.02,reading_est 58392; model saw 3; agree,,,0
day_fill,20260926-154615_dig4,20260926-154615,4,C:\Users\josep\source\repos\AIOTED-digital-rawdigits\20260926\15\3_main_dig4_20260926-154615.jpg,3,day,103.98,reading_est 59336; model saw 3; agree,,,0
day_fill,20260927-100213_dig4,20260927-100213,4,C:\Users\josep\source\repos\AIOTED-digital-rawdigits\20260927\10\3_main_dig4_20260927-100213.jpg,3,day,142.29,reading_est 59348; model saw 3; agree,,,0
day_fill,20260824-111347_dig4,20260824-111347,4,C:\Users\josep\source\repos\AIOTED-digital-rawdigits\20260824\11\3_main_dig4_20260824-111347.jpg,3,day,141.29,reading_est 58319; model saw 3; agree,,,0
day_fill,20260925-115417_dig4,20260925-115417,4,C:\Users\josep\source\repos\AIOTED-digital-rawdigits\20260925\11\3_main_dig4_20260925-115417.jpg,3,day,152.95,reading_est 59310; model saw 3; agree,,,0
day_fill,20260928-135441_dig4,20260928-135441,4,C:\Users\josep\source\repos\AIOTED-digital-rawdigits\20260928\13\3_main_dig4_20260928-135441.jpg,3,day,153.82,reading_est 59373; model saw 3; agree,,,0
day_fill,20260826-102543_dig4,20260826-102543,4,C:\Users\josep\source\repos\AIOTED-digital-rawdigits\20260826\10\3_main_dig4_20260826-102543.jpg,3,day,141.11,reading_est 58387; model saw 3; agree,,,0
day_fill,20260926-152615_dig4,20260926-152615,4,C:\Users\josep\source\repos\AIOTED-digital-rawdigits\20260926\15\3_main_dig4_20260926-152615.jpg,3,day,147.29,reading_est 59336; model saw 3; agree,,,0
day_fill,20260927-081414_dig4,20260927-081414,4,C:\Users\josep\source\repos\AIOTED-digital-rawdigits\20260927\08\3_main_dig4_20260927-081414.jpg,3,day,143.05,reading_est 59346; model saw 3; agree,,,0
day_fill,20260824-151346_dig4,20260824-151346,4,C:\Users\josep\source\repos\AIOTED-digital-rawdigits\20260824\15\3_main_dig4_20260824-151346.jpg,3,day,146.21,reading_est 58325; model saw 3; agree,,,0
day_fill,20260925-105417_dig4,20260925-105417,4,C:\Users\josep\source\repos\AIOTED-digital-rawdigits\20260925\10\3_main_dig4_20260925-105417.jpg,3,day,119.70,reading_est 59308; model saw 3; agree,,,0
day_fill,20260928-160240_dig4,20260928-160240,4,C:\Users\josep\source\repos\AIOTED-digital-rawdigits\20260928\16\3_main_dig4_20260928-160240.jpg,3,day,96.98,reading_est 59376; model saw 3; agree,,,0
day_fill,20260826-075343_dig4,20260826-075343,4,C:\Users\josep\source\repos\AIOTED-digital-rawdigits\20260826\07\3_main_dig4_20260826-075343.jpg,3,day,116.97,reading_est 58384; model saw 3; agree,,,0
day_fill,20260926-101815_dig4,20260926-101815,4,C:\Users\josep\source\repos\AIOTED-digital-rawdigits\20260926\10\3_main_dig4_20260926-101815.jpg,3,day,153.97,reading_est 59328; model saw 3; agree,,,0
day_fill,20260927-123042_dig4,20260927-123042,4,C:\Users\josep\source\repos\AIOTED-digital-rawdigits\20260927\12\3_main_dig4_20260927-123042.jpg,3,day,150.00,reading_est 59351; model saw 3; agree,,,0
day_fill,20260824-100547_dig4,20260824-100547,4,C:\Users\josep\source\repos\AIOTED-digital-rawdigits\20260824\10\3_main_dig4_20260824-100547.jpg,3,day,137.09,reading_est 58318; model saw 3; agree,,,0
day_fill,20260925-103417_dig4,20260925-103417,4,C:\Users\josep\source\repos\AIOTED-digital-rawdigits\20260925\10\3_main_dig4_20260925-103417.jpg,3,day,126.04,reading_est 59308; model saw 3; agree,,,0
day_fill,20260928-101441_dig4,20260928-101441,4,C:\Users\josep\source\repos\AIOTED-digital-rawdigits\20260928\10\3_main_dig4_20260928-101441.jpg,3,day,147.23,reading_est 59368; model saw 3; agree,,,0
day_fill,20260826-124143_dig4,20260826-124143,4,C:\Users\josep\source\repos\AIOTED-digital-rawdigits\20260826\12\3_main_dig4_20260826-124143.jpg,3,day,122.74,reading_est 58392; model saw 3; agree,,,0
day_fill,20260926-111815_dig4,20260926-111815,4,C:\Users\josep\source\repos\AIOTED-digital-rawdigits\20260926\11\3_main_dig4_20260926-111815.jpg,3,day,148.83,reading_est 59331; model saw 3; agree,,,0
day_fill,20260927-164642_dig4,20260927-164642,4,C:\Users\josep\source\repos\AIOTED-digital-rawdigits\20260927\16\3_main_dig4_20260927-164642.jpg,3,day,99.00,reading_est 59356; model saw 3; agree,,,0
day_fill,20260824-104547_dig4,20260824-104547,4,C:\Users\josep\source\repos\AIOTED-digital-rawdigits\20260824\10\3_main_dig4_20260824-104547.jpg,3,day,135.79,reading_est 58318; model saw 3; agree,,,0
day_fill,20260925-144217_dig4,20260925-144217,4,C:\Users\josep\source\repos\AIOTED-digital-rawdigits\20260925\14\3_main_dig4_20260925-144217.jpg,3,day,158.98,reading_est 59314; model saw 3; agree,,,0
day_fill,20260928-152240_dig4,20260928-152240,4,C:\Users\josep\source\repos\AIOTED-digital-rawdigits\20260928\15\3_main_dig4_20260928-152240.jpg,3,day,155.06,reading_est 59374; model saw 3; agree,,,0
day_fill,20260826-133343_dig4,20260826-133343,4,C:\Users\josep\source\repos\AIOTED-digital-rawdigits\20260826\13\3_main_dig4_20260826-133343.jpg,3,day,136.99,reading_est 58394; model saw 3; agree,,,0
day_fill,20260926-075015_dig4,20260926-075015,4,C:\Users\josep\source\repos\AIOTED-digital-rawdigits\20260926\07\3_main_dig4_20260926-075015.jpg,3,day,104.29,reading_est 59326; model saw 3; agree,,,0
day_fill,20260927-153042_dig4,20260927-153042,4,C:\Users\josep\source\repos\AIOTED-digital-rawdigits\20260927\15\3_main_dig4_20260927-153042.jpg,3,day,146.77,reading_est 59354; model saw 3; agree,,,0
day_fill,20260824-113347_dig4,20260824-113347,4,C:\Users\josep\source\repos\AIOTED-digital-rawdigits\20260824\11\3_main_dig4_20260824-113347.jpg,3,day,141.83,reading_est 58319; model saw 3; agree,,,0
day_fill,20260925-120217_dig4,20260925-120217,4,C:\Users\josep\source\repos\AIOTED-digital-rawdigits\20260925\12\3_main_dig4_20260925-120217.jpg,3,day,143.13,reading_est 59310; model saw 3; agree,,,0
day_fill,20260928-111441_dig4,20260928-111441,4,C:\Users\josep\source\repos\AIOTED-digital-rawdigits\20260928\11\3_main_dig4_20260928-111441.jpg,3,day,152.05,reading_est 59368; model saw 3; agree,,,0
day_fill,20260826-123343_dig4,20260826-123343,4,C:\Users\josep\source\repos\AIOTED-digital-rawdigits\20260826\12\3_main_dig4_20260826-123343.jpg,3,day,138.13,reading_est 58392; model saw 3; agree,,,0
day_fill,20260926-094615_dig4,20260926-094615,4,C:\Users\josep\source\repos\AIOTED-digital-rawdigits\20260926\09\3_main_dig4_20260926-094615.jpg,3,day,148.69,reading_est 59328; model saw 3; agree,,,0
day_fill,20260927-093413_dig4,20260927-093413,4,C:\Users\josep\source\repos\AIOTED-digital-rawdigits\20260927\09\3_main_dig4_20260927-093413.jpg,3,day,149.69,reading_est 59348; model saw 3; agree,,,0
day_fill,20260824-142546_dig4,20260824-142546,4,C:\Users\josep\source\repos\AIOTED-digital-rawdigits\20260824\14\3_main_dig4_20260824-142546.jpg,3,day,141.06,reading_est 58323; model saw 3; agree,,,0
day_fill,20260925-090617_dig4,20260925-090617,4,C:\Users\josep\source\repos\AIOTED-digital-rawdigits\20260925\09\3_main_dig4_20260925-090617.jpg,3,day,102.95,reading_est 59306; model saw 3; agree,,,0
day_fill,20260928-161440_dig4,20260928-161440,4,C:\Users\josep\source\repos\AIOTED-digital-rawdigits\20260928\16\3_main_dig4_20260928-161440.jpg,3,day,96.98,reading_est 59376; model saw 3; agree,,,0
day_fill,20260826-122143_dig4,20260826-122143,4,C:\Users\josep\source\repos\AIOTED-digital-rawdigits\20260826\12\3_main_dig4_20260826-122143.jpg,3,day,132.06,reading_est 58392; model saw 3; agree,,,0
day_fill,20260926-084615_dig4,20260926-084615,4,C:\Users\josep\source\repos\AIOTED-digital-rawdigits\20260926\08\3_main_dig4_20260926-084615.jpg,3,day,152.69,reading_est 59326; model saw 3; agree,,,0
day_fill,20260927-105843_dig4,20260927-105843,4,C:\Users\josep\source\repos\AIOTED-digital-rawdigits\20260927\10\3_main_dig4_20260927-105843.jpg,3,day,150.98,reading_est 59349; model saw 3; agree,,,0
day_fill,20260824-123347_dig4,20260824-123347,4,C:\Users\josep\source\repos\AIOTED-digital-rawdigits\20260824\12\3_main_dig4_20260824-123347.jpg,3,day,137.06,reading_est 58320; model saw 3; agree,,,0
day_fill,20260925-134217_dig4,20260925-134217,4,C:\Users\josep\source\repos\AIOTED-digital-rawdigits\20260925\13\3_main_dig4_20260925-134217.jpg,3,day,146.29,reading_est 59312; model saw 3; agree,,,0
day_fill,20260928-144240_dig4,20260928-144240,4,C:\Users\josep\source\repos\AIOTED-digital-rawdigits\20260928\14\3_main_dig4_20260928-144240.jpg,3,day,138.97,reading_est 59373; model saw 3; agree,,,0
day_fill,20260826-114143_dig4,20260826-114143,4,C:\Users\josep\source\repos\AIOTED-digital-rawdigits\20260826\11\3_main_dig4_20260826-114143.jpg,3,day,137.15,reading_est 58390; model saw 3; agree,,,0
day_fill,20260926-122615_dig4,20260926-122615,4,C:\Users\josep\source\repos\AIOTED-digital-rawdigits\20260926\12\3_main_dig4_20260926-122615.jpg,3,day,147.29,reading_est 59332; model saw 3; agree,,,0
day_fill,20260927-154642_dig4,20260927-154642,4,C:\Users\josep\source\repos\AIOTED-digital-rawdigits\20260927\15\3_main_dig4_20260927-154642.jpg,3,day,112.20,reading_est 59354; model saw 3; agree,,,0
day_fill,20260824-101747_dig4,20260824-101747,4,C:\Users\josep\source\repos\AIOTED-digital-rawdigits\20260824\10\3_main_dig4_20260824-101747.jpg,3,day,138.79,reading_est 58318; model saw 3; agree,,,0
day_fill,20260925-113417_dig4,20260925-113417,4,C:\Users\josep\source\repos\AIOTED-digital-rawdigits\20260925\11\3_main_dig4_20260925-113417.jpg,3,day,134.06,reading_est 59308; model saw 3; agree,,,0
day_fill,20260928-150240_dig4,20260928-150240,4,C:\Users\josep\source\repos\AIOTED-digital-rawdigits\20260928\15\3_main_dig4_20260928-150240.jpg,3,day,150.29,reading_est 59374; model saw 3; agree,,,0
day_fill,20260826-115343_dig4,20260826-115343,4,C:\Users\josep\source\repos\AIOTED-digital-rawdigits\20260826\11\3_main_dig4_20260826-115343.jpg,3,day,142.29,reading_est 58391; model saw 3; agree,,,0
day_fill,20260926-163815_dig4,20260926-163815,4,C:\Users\josep\source\repos\AIOTED-digital-rawdigits\20260926\16\3_main_dig4_20260926-163815.jpg,3,day,97.98,reading_est 59336; model saw 3; agree,,,0
day_fill,20260927-131843_dig4,20260927-131843,4,C:\Users\josep\source\repos\AIOTED-digital-rawdigits\20260927\13\3_main_dig4_20260927-131843.jpg,3,day,141.29,reading_est 59352; model saw 3; agree,,,0
day_fill,20260824-153346_dig4,20260824-153346,4,C:\Users\josep\source\repos\AIOTED-digital-rawdigits\20260824\15\3_main_dig4_20260824-153346.jpg,3,day,128.75,reading_est 58325; model saw 3; agree,,,0
day_fill,20260925-122217_dig4,20260925-122217,4,C:\Users\josep\source\repos\AIOTED-digital-rawdigits\20260925\12\3_main_dig4_20260925-122217.jpg,3,day,153.75,reading_est 59310; model saw 3; agree,,,0
day_fill,20260928-123441_dig4,20260928-123441,4,C:\Users\josep\source\repos\AIOTED-digital-rawdigits\20260928\12\3_main_dig4_20260928-123441.jpg,3,day,151.15,reading_est 59371; model saw 3; agree,,,0
day_fill,20260826-073343_dig4,20260826-073343,4,C:\Users\josep\source\repos\AIOTED-digital-rawdigits\20260826\07\3_main_dig4_20260826-073343.jpg,3,day,99.69,reading_est 58383; model saw 3; agree,,,0
day_fill,20260926-081015_dig4,20260926-081015,4,C:\Users\josep\source\repos\AIOTED-digital-rawdigits\20260926\08\3_main_dig4_20260926-081015.jpg,3,day,140.29,reading_est 59326; model saw 3; agree,,,0
day_fill,20260905-151057_dig4,20260905-151057,4,C:\Users\josep\source\repos\AIOTED-digital-rawdigits\20260905\15\7_main_dig4_20260905-151057.jpg,7,day,100.69,reading_est 58783; model saw 7; agree,,,0
day_fill,20260903-170707_dig4,20260903-170707,4,C:\Users\josep\source\repos\AIOTED-digital-rawdigits\20260903\17\7_main_dig4_20260903-170707.jpg,7,day,98.97,reading_est 58707; model saw 7; agree,,,0
day_fill,20260904-102305_dig4,20260904-102305,4,C:\Users\josep\source\repos\AIOTED-digital-rawdigits\20260904\10\7_main_dig4_20260904-102305.jpg,7,day,114.97,reading_est 58732; model saw 7; agree,,,0
day_fill,20260905-112257_dig4,20260905-112257,4,C:\Users\josep\source\repos\AIOTED-digital-rawdigits\20260905\11\7_main_dig4_20260905-112257.jpg,7,day,114.19,reading_est 58776; model saw 7; agree,,,0
day_fill,20260903-141907_dig4,20260903-141907,4,C:\Users\josep\source\repos\AIOTED-digital-rawdigits\20260903\14\7_main_dig4_20260903-141907.jpg,7,day,105.26,reading_est 58701; model saw 7; agree,,,0
day_fill,20260904-125459_dig4,20260904-125459,4,C:\Users\josep\source\repos\AIOTED-digital-rawdigits\20260904\12\7_main_dig4_20260904-125459.jpg,7,day,152.21,reading_est 58738; model saw 7; agree,,,0
day_fill,20260905-135857_dig4,20260905-135857,4,C:\Users\josep\source\repos\AIOTED-digital-rawdigits\20260905\13\7_main_dig4_20260905-135857.jpg,7,day,125.98,reading_est 58780; model saw 7; agree,,,0
day_fill,20260903-151907_dig4,20260903-151907,4,C:\Users\josep\source\repos\AIOTED-digital-rawdigits\20260903\15\7_main_dig4_20260903-151907.jpg,7,day,110.97,reading_est 58704; model saw 7; agree,,,0
day_fill,20260904-161459_dig4,20260904-161459,4,C:\Users\josep\source\repos\AIOTED-digital-rawdigits\20260904\16\7_main_dig4_20260904-161459.jpg,7,day,112.41,reading_est 58748; model saw 7; agree,,,0
day_fill,20260905-133857_dig4,20260905-133857,4,C:\Users\josep\source\repos\AIOTED-digital-rawdigits\20260905\13\7_main_dig4_20260905-133857.jpg,7,day,141.34,reading_est 58779; model saw 7; agree,,,0
day_fill,20260903-163907_dig4,20260903-163907,4,C:\Users\josep\source\repos\AIOTED-digital-rawdigits\20260903\16\7_main_dig4_20260903-163907.jpg,7,day,101.98,reading_est 58706; model saw 7; agree,,,0
day_fill,20260904-095505_dig4,20260904-095505,4,C:\Users\josep\source\repos\AIOTED-digital-rawdigits\20260904\09\7_main_dig4_20260904-095505.jpg,7,day,108.29,reading_est 58732; model saw 7; agree,,,0
day_fill,20260905-165057_dig4,20260905-165057,4,C:\Users\josep\source\repos\AIOTED-digital-rawdigits\20260905\16\7_main_dig4_20260905-165057.jpg,7,day,102.98,reading_est 58786; model saw 7; agree,,,0
day_fill,20260903-153907_dig4,20260903-153907,4,C:\Users\josep\source\repos\AIOTED-digital-rawdigits\20260903\15\7_main_dig4_20260903-153907.jpg,7,day,100.98,reading_est 58705; model saw 7; agree,,,0
day_fill,20260904-143459_dig4,20260904-143459,4,C:\Users\josep\source\repos\AIOTED-digital-rawdigits\20260904\14\7_main_dig4_20260904-143459.jpg,7,day,148.06,reading_est 58742; model saw 7; agree,,,0
day_fill,20260905-141857_dig4,20260905-141857,4,C:\Users\josep\source\repos\AIOTED-digital-rawdigits\20260905\14\7_main_dig4_20260905-141857.jpg,7,day,119.07,reading_est 58781; model saw 7; agree,,,0
day_fill,20260903-145107_dig4,20260903-145107,4,C:\Users\josep\source\repos\AIOTED-digital-rawdigits\20260903\14\7_main_dig4_20260903-145107.jpg,7,day,122.29,reading_est 58702; model saw 7; agree,,,0
day_fill,20260904-122306_dig4,20260904-122306,4,C:\Users\josep\source\repos\AIOTED-digital-rawdigits\20260904\12\7_main_dig4_20260904-122306.jpg,7,day,146.13,reading_est 58736; model saw 7; agree,,,0
day_fill,20260905-121857_dig4,20260905-121857,4,C:\Users\josep\source\repos\AIOTED-digital-rawdigits\20260905\12\7_main_dig4_20260905-121857.jpg,7,day,127.20,reading_est 58778; model saw 7; agree,,,0
day_fill,20260903-150707_dig4,20260903-150707,4,C:\Users\josep\source\repos\AIOTED-digital-rawdigits\20260903\15\7_main_dig4_20260903-150707.jpg,7,day,105.98,reading_est 58703; model saw 7; agree,,,0
day_fill,20260904-162659_dig4,20260904-162659,4,C:\Users\josep\source\repos\AIOTED-digital-rawdigits\20260904\16\7_main_dig4_20260904-162659.jpg,7,day,106.29,reading_est 58748; model saw 7; agree,,,0
day_fill,20260905-123857_dig4,20260905-123857,4,C:\Users\josep\source\repos\AIOTED-digital-rawdigits\20260905\12\7_main_dig4_20260905-123857.jpg,7,day,139.90,reading_est 58778; model saw 7; agree,,,0
day_fill,20260903-141107_dig4,20260903-141107,4,C:\Users\josep\source\repos\AIOTED-digital-rawdigits\20260903\14\7_main_dig4_20260903-141107.jpg,7,day,104.97,reading_est 58701; model saw 7; agree,,,0
day_fill,20260904-153459_dig4,20260904-153459,4,C:\Users\josep\source\repos\AIOTED-digital-rawdigits\20260904\15\7_main_dig4_20260904-153459.jpg,7,day,122.29,reading_est 58745; model saw 7; agree,,,0
day_fill,20260905-105858_dig4,20260905-105858,4,C:\Users\josep\source\repos\AIOTED-digital-rawdigits\20260905\10\7_main_dig4_20260905-105858.jpg,7,day,103.98,reading_est 58775; model saw 7; agree,,,0
day_fill,20260903-144707_dig4,20260903-144707,4,C:\Users\josep\source\repos\AIOTED-digital-rawdigits\20260903\14\7_main_dig4_20260903-144707.jpg,7,day,123.69,reading_est 58702; model saw 7; agree,,,0
day_fill,20260904-150659_dig4,20260904-150659,4,C:\Users\josep\source\repos\AIOTED-digital-rawdigits\20260904\15\7_main_dig4_20260904-150659.jpg,7,day,148.18,reading_est 58744; model saw 7; agree,,,0
day_fill,20260905-131057_dig4,20260905-131057,4,C:\Users\josep\source\repos\AIOTED-digital-rawdigits\20260905\13\7_main_dig4_20260905-131057.jpg,7,day,122.80,reading_est 58779; model saw 7; agree,,,0
day_fill,20260903-165907_dig4,20260903-165907,4,C:\Users\josep\source\repos\AIOTED-digital-rawdigits\20260903\16\7_main_dig4_20260903-165907.jpg,7,day,98.98,reading_est 58707; model saw 7; agree,,,0
day_fill,20260904-111506_dig4,20260904-111506,4,C:\Users\josep\source\repos\AIOTED-digital-rawdigits\20260904\11\7_main_dig4_20260904-111506.jpg,7,day,142.97,reading_est 58733; model saw 7; agree,,,0
day_fill,20260905-113057_dig4,20260905-113057,4,C:\Users\josep\source\repos\AIOTED-digital-rawdigits\20260905\11\7_main_dig4_20260905-113057.jpg,7,day,134.19,reading_est 58776; model saw 7; agree,,,0
day_fill,20260903-143907_dig4,20260903-143907,4,C:\Users\josep\source\repos\AIOTED-digital-rawdigits\20260903\14\7_main_dig4_20260903-143907.jpg,7,day,102.21,reading_est 58702; model saw 7; agree,,,0
day_fill,20260904-170659_dig4,20260904-170659,4,C:\Users\josep\source\repos\AIOTED-digital-rawdigits\20260904\17\7_main_dig4_20260904-170659.jpg,7,day,101.74,reading_est 58749; model saw 7; agree,,,0
day_fill,20260905-113857_dig4,20260905-113857,4,C:\Users\josep\source\repos\AIOTED-digital-rawdigits\20260905\11\7_main_dig4_20260905-113857.jpg,7,day,142.98,reading_est 58777; model saw 7; agree,,,0
day_fill,20260903-155907_dig4,20260903-155907,4,C:\Users\josep\source\repos\AIOTED-digital-rawdigits\20260903\15\7_main_dig4_20260903-155907.jpg,7,day,118.06,reading_est 58705; model saw 7; agree,,,0
day_fill,20260904-152659_dig4,20260904-152659,4,C:\Users\josep\source\repos\AIOTED-digital-rawdigits\20260904\15\7_main_dig4_20260904-152659.jpg,7,day,127.98,reading_est 58745; model saw 7; agree,,,0
day_fill,20260905-100258_dig4,20260905-100258,4,C:\Users\josep\source\repos\AIOTED-digital-rawdigits\20260905\10\7_main_dig4_20260905-100258.jpg,7,day,100.97,reading_est 58773; model saw 7; agree,,,0
day_fill,20260903-164707_dig4,20260903-164707,4,C:\Users\josep\source\repos\AIOTED-digital-rawdigits\20260903\16\7_main_dig4_20260903-164707.jpg,7,day,96.97,reading_est 58706; model saw 7; agree,,,0
day_fill,20260904-132659_dig4,20260904-132659,4,C:\Users\josep\source\repos\AIOTED-digital-rawdigits\20260904\13\7_main_dig4_20260904-132659.jpg,7,day,148.00,reading_est 58739; model saw 7; agree,,,0
day_fill,20260905-141057_dig4,20260905-141057,4,C:\Users\josep\source\repos\AIOTED-digital-rawdigits\20260905\14\7_main_dig4_20260905-141057.jpg,7,day,122.98,reading_est 58781; model saw 7; agree,,,0
day_fill,20260903-154707_dig4,20260903-154707,4,C:\Users\josep\source\repos\AIOTED-digital-rawdigits\20260903\15\7_main_dig4_20260903-154707.jpg,7,day,102.11,reading_est 58705; model saw 7; agree,,,0
day_fill,20260904-112306_dig4,20260904-112306,4,C:\Users\josep\source\repos\AIOTED-digital-rawdigits\20260904\11\7_main_dig4_20260904-112306.jpg,7,day,142.97,reading_est 58734; model saw 7; agree,,,0
day_fill,20260905-125057_dig4,20260905-125057,4,C:\Users\josep\source\repos\AIOTED-digital-rawdigits\20260905\12\7_main_dig4_20260905-125057.jpg,7,day,135.29,reading_est 58778; model saw 7; agree,,,0
day_fill,20260903-135907_dig4,20260903-135907,4,C:\Users\josep\source\repos\AIOTED-digital-rawdigits\20260903\13\7_main_dig4_20260903-135907.jpg,7,day,115.26,reading_est 58700; model saw 7; agree,,,0
day_fill,20260904-171459_dig4,20260904-171459,4,C:\Users\josep\source\repos\AIOTED-digital-rawdigits\20260904\17\7_main_dig4_20260904-171459.jpg,7,day,97.98,reading_est 58750; model saw 7; agree,,,0
day_fill,20260905-135057_dig4,20260905-135057,4,C:\Users\josep\source\repos\AIOTED-digital-rawdigits\20260905\13\7_main_dig4_20260905-135057.jpg,7,day,129.98,reading_est 58780; model saw 7; agree,,,0
day_fill,20260903-171907_dig4,20260903-171907,4,C:\Users\josep\source\repos\AIOTED-digital-rawdigits\20260903\17\7_main_dig4_20260903-171907.jpg,7,day,97.24,reading_est 58708; model saw 7; agree,,,0
day_fill,20260904-100305_dig4,20260904-100305,4,C:\Users\josep\source\repos\AIOTED-digital-rawdigits\20260904\10\7_main_dig4_20260904-100305.jpg,7,day,112.87,reading_est 58732; model saw 7; agree,,,0
day_fill,20260905-161057_dig4,20260905-161057,4,C:\Users\josep\source\repos\AIOTED-digital-rawdigits\20260905\16\7_main_dig4_20260905-161057.jpg,7,day,97.84,reading_est 58785; model saw 7; agree,,,0
day_fill,20260903-145907_dig4,20260903-145907,4,C:\Users\josep\source\repos\AIOTED-digital-rawdigits\20260903\14\7_main_dig4_20260903-145907.jpg,7,day,109.96,reading_est 58703; model saw 7; agree,,,0
day_fill,20260904-151459_dig4,20260904-151459,4,C:\Users\josep\source\repos\AIOTED-digital-rawdigits\20260904\15\7_main_dig4_20260904-151459.jpg,7,day,146.29,reading_est 58744; model saw 7; agree,,,0
day_fill,20260905-120257_dig4,20260905-120257,4,C:\Users\josep\source\repos\AIOTED-digital-rawdigits\20260905\12\7_main_dig4_20260905-120257.jpg,7,day,123.98,reading_est 58778; model saw 7; agree,,,0
day_fill,20260903-162707_dig4,20260903-162707,4,C:\Users\josep\source\repos\AIOTED-digital-rawdigits\20260903\16\7_main_dig4_20260903-162707.jpg,7,day,104.13,reading_est 58706; model saw 7; agree,,,0
day_fill,20260904-105506_dig4,20260904-105506,4,C:\Users\josep\source\repos\AIOTED-digital-rawdigits\20260904\10\7_main_dig4_20260904-105506.jpg,7,day,133.20,reading_est 58733; model saw 7; agree,,,0
day_fill,20260905-125857_dig4,20260905-125857,4,C:\Users\josep\source\repos\AIOTED-digital-rawdigits\20260905\12\7_main_dig4_20260905-125857.jpg,7,day,132.97,reading_est 58779; model saw 7; agree,,,0
day_fill,20260903-152707_dig4,20260903-152707,4,C:\Users\josep\source\repos\AIOTED-digital-rawdigits\20260903\15\7_main_dig4_20260903-152707.jpg,7,day,106.98,reading_est 58704; model saw 7; agree,,,0
day_fill,20260904-173459_dig4,20260904-173459,4,C:\Users\josep\source\repos\AIOTED-digital-rawdigits\20260904\17\7_main_dig4_20260904-173459.jpg,7,day,103.00,reading_est 58750; model saw 7; agree,,,0
day_fill,20260905-163857_dig4,20260905-163857,4,C:\Users\josep\source\repos\AIOTED-digital-rawdigits\20260905\16\7_main_dig4_20260905-163857.jpg,7,day,102.90,reading_est 58786; model saw 7; agree,,,0
day_fill,20260903-151107_dig4,20260903-151107,4,C:\Users\josep\source\repos\AIOTED-digital-rawdigits\20260903\15\7_main_dig4_20260903-151107.jpg,7,day,109.80,reading_est 58703; model saw 7; agree,,,0
day_fill,20260904-144659_dig4,20260904-144659,4,C:\Users\josep\source\repos\AIOTED-digital-rawdigits\20260904\14\7_main_dig4_20260904-144659.jpg,7,day,144.29,reading_est 58743; model saw 7; agree,,,0
day_fill,20260905-115057_dig4,20260905-115057,4,C:\Users\josep\source\repos\AIOTED-digital-rawdigits\20260905\11\7_main_dig4_20260905-115057.jpg,7,day,123.97,reading_est 58777; model saw 7; agree,,,0
day_fill,20260903-160707_dig4,20260903-160707,4,C:\Users\josep\source\repos\AIOTED-digital-rawdigits\20260903\16\7_main_dig4_20260903-160707.jpg,7,day,107.69,reading_est 58705; model saw 7; agree,,,0
day_fill,20260904-131459_dig4,20260904-131459,4,C:\Users\josep\source\repos\AIOTED-digital-rawdigits\20260904\13\7_main_dig4_20260904-131459.jpg,7,day,147.13,reading_est 58739; model saw 7; agree,,,0
day_fill,20260905-143857_dig4,20260905-143857,4,C:\Users\josep\source\repos\AIOTED-digital-rawdigits\20260905\14\7_main_dig4_20260905-143857.jpg,7,day,124.69,reading_est 58782; model saw 7; agree,,,0
day_fill,20260903-161907_dig4,20260903-161907,4,C:\Users\josep\source\repos\AIOTED-digital-rawdigits\20260903\16\7_main_dig4_20260903-161907.jpg,7,day,108.00,reading_est 58706; model saw 7; agree,,,0
day_fill,20260904-114306_dig4,20260904-114306,4,C:\Users\josep\source\repos\AIOTED-digital-rawdigits\20260904\11\7_main_dig4_20260904-114306.jpg,7,day,144.05,reading_est 58734; model saw 7; agree,,,0
day_fill,20260905-102258_dig4,20260905-102258,4,C:\Users\josep\source\repos\AIOTED-digital-rawdigits\20260905\10\7_main_dig4_20260905-102258.jpg,7,day,108.98,reading_est 58774; model saw 7; agree,,,0
day_fill,20260903-143107_dig4,20260903-143107,4,C:\Users\josep\source\repos\AIOTED-digital-rawdigits\20260903\14\7_main_dig4_20260903-143107.jpg,7,day,108.16,reading_est 58702; model saw 7; agree,,,0
day_fill,20260904-163459_dig4,20260904-163459,4,C:\Users\josep\source\repos\AIOTED-digital-rawdigits\20260904\16\7_main_dig4_20260904-163459.jpg,7,day,102.69,reading_est 58748; model saw 7; agree,,,0
day_fill,20260815-091804_dig4,20260815-091804,4,C:\Users\josep\source\repos\AIOTED-digital-rawdigits\20260815\09\9_main_dig4_20260815-091804.jpg,9,day,135.21,reading_est 57993; model saw 9; agree,,,0
day_fill,20260910-095918_dig4,20260910-095918,4,C:\Users\josep\source\repos\AIOTED-digital-rawdigits\20260910\09\9_main_dig4_20260910-095918.jpg,9,day,141.69,reading_est 58946; model saw 9; agree,,,0
day_fill,20260911-142028_dig4,20260911-142028,4,C:\Users\josep\source\repos\AIOTED-digital-rawdigits\20260911\14\9_main_dig4_20260911-142028.jpg,9,day,152.05,reading_est 58987; model saw 9; agree,,,0
day_fill,20260815-083804_dig4,20260815-083804,4,C:\Users\josep\source\repos\AIOTED-digital-rawdigits\20260815\08\9_main_dig4_20260815-083804.jpg,9,day,128.25,reading_est 57993; model saw 9; agree,,,0
day_fill,20260910-101118_dig4,20260910-101118,4,C:\Users\josep\source\repos\AIOTED-digital-rawdigits\20260910\10\9_main_dig4_20260910-101118.jpg,9,day,147.98,reading_est 58946; model saw 9; agree,,,0
day_fill,20260911-125228_dig4,20260911-125228,4,C:\Users\josep\source\repos\AIOTED-digital-rawdigits\20260911\12\9_main_dig4_20260911-125228.jpg,9,day,153.06,reading_est 58984; model saw 9; agree,,,0
day_fill,20260815-105804_dig4,20260815-105804,4,C:\Users\josep\source\repos\AIOTED-digital-rawdigits\20260815\10\9_main_dig4_20260815-105804.jpg,9,day,133.83,reading_est 57995; model saw 9; agree,,,0
day_fill,20260910-115118_dig4,20260910-115118,4,C:\Users\josep\source\repos\AIOTED-digital-rawdigits\20260910\11\9_main_dig4_20260910-115118.jpg,9,day,143.15,reading_est 58948; model saw 9; agree,,,0
day_fill,20260911-160028_dig4,20260911-160028,4,C:\Users\josep\source\repos\AIOTED-digital-rawdigits\20260911\16\9_main_dig4_20260911-160028.jpg,9,day,99.97,reading_est 58991; model saw 9; agree,,,0
day_fill,20260815-104604_dig4,20260815-104604,4,C:\Users\josep\source\repos\AIOTED-digital-rawdigits\20260815\10\9_main_dig4_20260815-104604.jpg,9,day,138.13,reading_est 57995; model saw 9; agree,,,0
day_fill,20260910-162001_dig4,20260910-162001,4,C:\Users\josep\source\repos\AIOTED-digital-rawdigits\20260910\16\9_main_dig4_20260910-162001.jpg,9,day,96.08,reading_est 58958; model saw 9; agree,,,0
day_fill,20260911-101229_dig4,20260911-101229,4,C:\Users\josep\source\repos\AIOTED-digital-rawdigits\20260911\10\9_main_dig4_20260911-101229.jpg,9,day,143.29,reading_est 58978; model saw 9; agree,,,0
day_fill,20260815-101004_dig4,20260815-101004,4,C:\Users\josep\source\repos\AIOTED-digital-rawdigits\20260815\10\9_main_dig4_20260815-101004.jpg,9,day,104.98,reading_est 57994; model saw 9; agree,,,0
day_fill,20260910-085118_dig4,20260910-085118,4,C:\Users\josep\source\repos\AIOTED-digital-rawdigits\20260910\08\9_main_dig4_20260910-085118.jpg,9,day,139.24,reading_est 58946; model saw 9; agree,,,0
day_fill,20260911-105229_dig4,20260911-105229,4,C:\Users\josep\source\repos\AIOTED-digital-rawdigits\20260911\10\9_main_dig4_20260911-105229.jpg,9,day,142.69,reading_est 58980; model saw 9; agree,,,0
day_fill,20260815-083004_dig4,20260815-083004,4,C:\Users\josep\source\repos\AIOTED-digital-rawdigits\20260815\08\9_main_dig4_20260815-083004.jpg,9,day,126.95,reading_est 57992; model saw 9; agree,,,0
day_fill,20260910-105118_dig4,20260910-105118,4,C:\Users\josep\source\repos\AIOTED-digital-rawdigits\20260910\10\9_main_dig4_20260910-105118.jpg,9,day,142.20,reading_est 58946; model saw 9; agree,,,0
day_fill,20260911-123229_dig4,20260911-123229,4,C:\Users\josep\source\repos\AIOTED-digital-rawdigits\20260911\12\9_main_dig4_20260911-123229.jpg,9,day,144.00,reading_est 58983; model saw 9; agree,,,0
day_fill,20260815-132603_dig4,20260815-132603,4,C:\Users\josep\source\repos\AIOTED-digital-rawdigits\20260815\13\9_main_dig4_20260815-132603.jpg,9,day,138.99,reading_est 57999; model saw 9; agree_soft,,,0
day_fill,20260910-114718_dig4,20260910-114718,4,C:\Users\josep\source\repos\AIOTED-digital-rawdigits\20260910\11\9_main_dig4_20260910-114718.jpg,9,day,144.74,reading_est 58947; model saw 9; agree,,,0
day_fill,20260911-163228_dig4,20260911-163228,4,C:\Users\josep\source\repos\AIOTED-digital-rawdigits\20260911\16\9_main_dig4_20260911-163228.jpg,9,day,97.74,reading_est 58993; model saw 9; agree,,,0
day_fill,20260815-121804_dig4,20260815-121804,4,C:\Users\josep\source\repos\AIOTED-digital-rawdigits\20260815\12\9_main_dig4_20260815-121804.jpg,9,day,134.13,reading_est 57997; model saw 9; agree,,,0
day_fill,20260910-083118_dig4,20260910-083118,4,C:\Users\josep\source\repos\AIOTED-digital-rawdigits\20260910\08\9_main_dig4_20260910-083118.jpg,9,day,119.88,reading_est 58944; model saw 9; agree,,,0
day_fill,20260911-080759_dig4,20260911-080759,4,C:\Users\josep\source\repos\AIOTED-digital-rawdigits\20260911\08\9_main_dig4_20260911-080759.jpg,9,day,137.00,reading_est 58976; model saw 9; agree,,,0
day_fill,20260815-113804_dig4,20260815-113804,4,C:\Users\josep\source\repos\AIOTED-digital-rawdigits\20260815\11\9_main_dig4_20260815-113804.jpg,9,day,132.02,reading_est 57996; model saw 9; agree,,,0
day_fill,20260910-094718_dig4,20260910-094718,4,C:\Users\josep\source\repos\AIOTED-digital-rawdigits\20260910\09\9_main_dig4_20260910-094718.jpg,9,day,147.84,reading_est 58946; model saw 9; agree,,,0
day_fill,20260911-083559_dig4,20260911-083559,4,C:\Users\josep\source\repos\AIOTED-digital-rawdigits\20260911\08\9_main_dig4_20260911-083559.jpg,9,day,143.98,reading_est 58977; model saw 9; agree,,,0
day_fill,20260815-100604_dig4,20260815-100604,4,C:\Users\josep\source\repos\AIOTED-digital-rawdigits\20260815\10\9_main_dig4_20260815-100604.jpg,9,day,104.69,reading_est 57994; model saw 9; agree,,,0
day_fill,20260910-083918_dig4,20260910-083918,4,C:\Users\josep\source\repos\AIOTED-digital-rawdigits\20260910\08\9_main_dig4_20260910-083918.jpg,9,day,144.26,reading_est 58944; model saw 9; agree,,,0
day_fill,20260911-111229_dig4,20260911-111229,4,C:\Users\josep\source\repos\AIOTED-digital-rawdigits\20260911\11\9_main_dig4_20260911-111229.jpg,9,day,143.29,reading_est 58980; model saw 9; agree,,,0
day_fill,20260815-110604_dig4,20260815-110604,4,C:\Users\josep\source\repos\AIOTED-digital-rawdigits\20260815\11\9_main_dig4_20260815-110604.jpg,9,day,131.02,reading_est 57995; model saw 9; agree,,,0
day_fill,20260910-113118_dig4,20260910-113118,4,C:\Users\josep\source\repos\AIOTED-digital-rawdigits\20260910\11\9_main_dig4_20260910-113118.jpg,9,day,145.98,reading_est 58947; model saw 9; agree,,,0
day_fill,20260911-162028_dig4,20260911-162028,4,C:\Users\josep\source\repos\AIOTED-digital-rawdigits\20260911\16\9_main_dig4_20260911-162028.jpg,9,day,98.98,reading_est 58992; model saw 9; agree,,,0
day_fill,20260815-095004_dig4,20260815-095004,4,C:\Users\josep\source\repos\AIOTED-digital-rawdigits\20260815\09\9_main_dig4_20260815-095004.jpg,9,day,117.97,reading_est 57994; model saw 9; agree,,,0
day_fill,20260910-151201_dig4,20260910-151201,4,C:\Users\josep\source\repos\AIOTED-digital-rawdigits\20260910\15\9_main_dig4_20260910-151201.jpg,9,day,114.97,reading_est 58956; model saw 9; agree,,,0
day_fill,20260911-144028_dig4,20260911-144028,4,C:\Users\josep\source\repos\AIOTED-digital-rawdigits\20260911\14\9_main_dig4_20260911-144028.jpg,9,day,147.92,reading_est 58988; model saw 9; agree,,,0
day_fill,20260815-090604_dig4,20260815-090604,4,C:\Users\josep\source\repos\AIOTED-digital-rawdigits\20260815\09\9_main_dig4_20260815-090604.jpg,9,day,132.98,reading_est 57993; model saw 9; agree,,,0
day_fill,20260910-134001_dig4,20260910-134001,4,C:\Users\josep\source\repos\AIOTED-digital-rawdigits\20260910\13\9_main_dig4_20260910-134001.jpg,9,day,151.06,reading_est 58951; model saw 9; agree,,,0
day_fill,20260911-141228_dig4,20260911-141228,4,C:\Users\josep\source\repos\AIOTED-digital-rawdigits\20260911\14\9_main_dig4_20260911-141228.jpg,9,day,152.74,reading_est 58987; model saw 9; agree,,,0
day_fill,20260815-115804_dig4,20260815-115804,4,C:\Users\josep\source\repos\AIOTED-digital-rawdigits\20260815\11\9_main_dig4_20260815-115804.jpg,9,day,136.15,reading_est 57996; model saw 9; agree,,,0
day_fill,20260910-143201_dig4,20260910-143201,4,C:\Users\josep\source\repos\AIOTED-digital-rawdigits\20260910\14\9_main_dig4_20260910-143201.jpg,9,day,155.05,reading_est 58953; model saw 9; agree,,,0
day_fill,20260911-122429_dig4,20260911-122429,4,C:\Users\josep\source\repos\AIOTED-digital-rawdigits\20260911\12\9_main_dig4_20260911-122429.jpg,9,day,153.29,reading_est 58983; model saw 9; agree,,,0
day_fill,20260815-130604_dig4,20260815-130604,4,C:\Users\josep\source\repos\AIOTED-digital-rawdigits\20260815\13\9_main_dig4_20260815-130604.jpg,9,day,140.98,reading_est 57998; model saw 9; agree,,,0
day_fill,20260910-122001_dig4,20260910-122001,4,C:\Users\josep\source\repos\AIOTED-digital-rawdigits\20260910\12\9_main_dig4_20260910-122001.jpg,9,day,144.29,reading_est 58948; model saw 9; agree,,,0
day_fill,20260911-161228_dig4,20260911-161228,4,C:\Users\josep\source\repos\AIOTED-digital-rawdigits\20260911\16\9_main_dig4_20260911-161228.jpg,9,day,97.98,reading_est 58992; model saw 9; agree,,,0
day_fill,20260815-122604_dig4,20260815-122604,4,C:\Users\josep\source\repos\AIOTED-digital-rawdigits\20260815\12\9_main_dig4_20260815-122604.jpg,9,day,139.15,reading_est 57997; model saw 9; agree,,,0
day_fill,20260910-160001_dig4,20260910-160001,4,C:\Users\josep\source\repos\AIOTED-digital-rawdigits\20260910\16\9_main_dig4_20260910-160001.jpg,9,day,104.12,reading_est 58957; model saw 9; agree,,,0
day_fill,20260911-144428_dig4,20260911-144428,4,C:\Users\josep\source\repos\AIOTED-digital-rawdigits\20260911\14\9_main_dig4_20260911-144428.jpg,9,day,147.06,reading_est 58988; model saw 9; agree,,,0
day_fill,20260815-093804_dig4,20260815-093804,4,C:\Users\josep\source\repos\AIOTED-digital-rawdigits\20260815\09\9_main_dig4_20260815-093804.jpg,9,day,123.98,reading_est 57994; model saw 9; agree,,,0
day_fill,20260910-081118_dig4,20260910-081118,4,C:\Users\josep\source\repos\AIOTED-digital-rawdigits\20260910\08\9_main_dig4_20260910-081118.jpg,9,day,133.98,reading_est 58944; model saw 9; agree,,,0
day_fill,20260911-133229_dig4,20260911-133229,4,C:\Users\josep\source\repos\AIOTED-digital-rawdigits\20260911\13\9_main_dig4_20260911-133229.jpg,9,day,145.06,reading_est 58986; model saw 9; agree,,,0
day_fill,20260815-101804_dig4,20260815-101804,4,C:\Users\josep\source\repos\AIOTED-digital-rawdigits\20260815\10\9_main_dig4_20260815-101804.jpg,9,day,107.69,reading_est 57994; model saw 9; agree,,,0
day_fill,20260910-095118_dig4,20260910-095118,4,C:\Users\josep\source\repos\AIOTED-digital-rawdigits\20260910\09\9_main_dig4_20260910-095118.jpg,9,day,151.98,reading_est 58946; model saw 9; agree,,,0
day_fill,20260911-121229_dig4,20260911-121229,4,C:\Users\josep\source\repos\AIOTED-digital-rawdigits\20260911\12\9_main_dig4_20260911-121229.jpg,9,day,143.79,reading_est 58982; model saw 9; agree,,,0
day_fill,20260815-131804_dig4,20260815-131804,4,C:\Users\josep\source\repos\AIOTED-digital-rawdigits\20260815\13\9_main_dig4_20260815-131804.jpg,9,day,140.98,reading_est 57999; model saw 9; agree,,,0
day_fill,20260910-121201_dig4,20260910-121201,4,C:\Users\josep\source\repos\AIOTED-digital-rawdigits\20260910\12\9_main_dig4_20260910-121201.jpg,9,day,143.78,reading_est 58948; model saw 9; agree,,,0
day_fill,20260911-075559_dig4,20260911-075559,4,C:\Users\josep\source\repos\AIOTED-digital-rawdigits\20260911\07\9_main_dig4_20260911-075559.jpg,9,day,131.29,reading_est 58976; model saw 9; agree,,,0
day_fill,20260815-123804_dig4,20260815-123804,4,C:\Users\josep\source\repos\AIOTED-digital-rawdigits\20260815\12\9_main_dig4_20260815-123804.jpg,9,day,136.69,reading_est 57997; model saw 9; agree,,,0
day_fill,20260910-081918_dig4,20260910-081918,4,C:\Users\josep\source\repos\AIOTED-digital-rawdigits\20260910\08\9_main_dig4_20260910-081918.jpg,9,day,121.98,reading_est 58944; model saw 9; agree,,,0
day_fill,20260911-132429_dig4,20260911-132429,4,C:\Users\josep\source\repos\AIOTED-digital-rawdigits\20260911\13\9_main_dig4_20260911-132429.jpg,9,day,139.20,reading_est 58986; model saw 9; agree,,,0
day_fill,20260815-120604_dig4,20260815-120604,4,C:\Users\josep\source\repos\AIOTED-digital-rawdigits\20260815\12\9_main_dig4_20260815-120604.jpg,9,day,135.79,reading_est 57996; model saw 9; agree,,,0
day_fill,20260910-075918_dig4,20260910-075918,4,C:\Users\josep\source\repos\AIOTED-digital-rawdigits\20260910\07\9_main_dig4_20260910-075918.jpg,9,day,132.98,reading_est 58944; model saw 9; agree,,,0
day_fill,20260911-151228_dig4,20260911-151228,4,C:\Users\josep\source\repos\AIOTED-digital-rawdigits\20260911\15\9_main_dig4_20260911-151228.jpg,9,day,151.77,reading_est 58988; model saw 9; agree,,,0
day_fill,20260815-103804_dig4,20260815-103804,4,C:\Users\josep\source\repos\AIOTED-digital-rawdigits\20260815\10\9_main_dig4_20260815-103804.jpg,9,day,115.29,reading_est 57995; model saw 9; agree,,,0
day_fill,20260910-093918_dig4,20260910-093918,4,C:\Users\josep\source\repos\AIOTED-digital-rawdigits\20260910\09\9_main_dig4_20260910-093918.jpg,9,day,144.69,reading_est 58946; model saw 9; agree,,,0
day_fill,20260911-090759_dig4,20260911-090759,4,C:\Users\josep\source\repos\AIOTED-digital-rawdigits\20260911\09\9_main_dig4_20260911-090759.jpg,9,day,155.84,reading_est 58978; model saw 9; agree,,,0
day_fill,20260815-112603_dig4,20260815-112603,4,C:\Users\josep\source\repos\AIOTED-digital-rawdigits\20260815\11\9_main_dig4_20260815-112603.jpg,9,day,108.41,reading_est 57995; model saw 9; agree,,,0
day_fill,20260910-125201_dig4,20260910-125201,4,C:\Users\josep\source\repos\AIOTED-digital-rawdigits\20260910\12\9_main_dig4_20260910-125201.jpg,9,day,155.77,reading_est 58950; model saw 9; agree,,,0
day_fill,20260829-110937_dig3,20260829-110937,3,C:\Users\josep\source\repos\AIOTED-digital-rawdigits\20260829\11\0_main_dig3_20260829-110937.jpg,0,day,102.97,screen test0; model saw 0; agree,,,0
day_fill,20260904-153859_dig3,20260904-153859,3,C:\Users\josep\source\repos\AIOTED-digital-rawdigits\20260904\15\0_main_dig3_20260904-153859.jpg,0,day,118.77,screen test0; model saw 0; agree,,,0
day_fill,20260819-143756_dig3,20260819-143756,3,C:\Users\josep\source\repos\AIOTED-digital-rawdigits\20260819\14\0_main_dig3_20260819-143756.jpg,0,day,134.19,screen test0; model saw 0; agree,,,0
day_fill,20260914-101738_dig3,20260914-101738,3,C:\Users\josep\source\repos\AIOTED-digital-rawdigits\20260914\10\0_main_dig3_20260914-101738.jpg,0,day,146.97,screen test0; model saw 0; agree,,,0
day_fill,20260828-130539_dig3,20260828-130539,3,C:\Users\josep\source\repos\AIOTED-digital-rawdigits\20260828\13\0_main_dig3_20260828-130539.jpg,0,day,134.21,screen test0; model saw 0; agree,,,0
day_fill,20260826-113743_dig3,20260826-113743,3,C:\Users\josep\source\repos\AIOTED-digital-rawdigits\20260826\11\0_main_dig3_20260826-113743.jpg,0,day,135.30,screen test0; model saw 0; agree,,,0
day_fill,20260921-155325_dig3,20260921-155325,3,C:\Users\josep\source\repos\AIOTED-digital-rawdigits\20260921\15\0_main_dig3_20260921-155325.jpg,0,day,106.29,screen test0; model saw 0; agree,,,0
day_fill,20260917-114932_dig3,20260917-114932,3,C:\Users\josep\source\repos\AIOTED-digital-rawdigits\20260917\11\0_main_dig3_20260917-114932.jpg,0,day,121.98,screen test0; model saw 0; agree,,,0
day_fill,20260906-095856_dig3,20260906-095856,3,C:\Users\josep\source\repos\AIOTED-digital-rawdigits\20260906\09\0_main_dig3_20260906-095856.jpg,0,day,144.85,screen test0; model saw 0; agree,,,0
day_fill,20260817-111000_dig3,20260817-111000,3,C:\Users\josep\source\repos\AIOTED-digital-rawdigits\20260817\11\0_main_dig3_20260817-111000.jpg,0,day,133.30,screen test0; model saw 0; agree,,,0
day_fill,20260822-084151_dig3,20260822-084151,3,C:\Users\josep\source\repos\AIOTED-digital-rawdigits\20260822\08\0_main_dig3_20260822-084151.jpg,0,day,127.99,screen test0; model saw 0; agree,,,0
day_fill,20260820-075354_dig3,20260820-075354,3,C:\Users\josep\source\repos\AIOTED-digital-rawdigits\20260820\07\0_main_dig3_20260820-075354.jpg,0,day,111.33,screen test0; model saw 0; agree,,,0
day_fill,20260930-100637_dig3,20260930-100637,3,C:\Users\josep\source\repos\AIOTED-digital-rawdigits\20260930\10\0_main_dig3_20260930-100637.jpg,0,day,104.19,screen test0; model saw 0; agree,,,0
day_fill,20260918-133331_dig3,20260918-133331,3,C:\Users\josep\source\repos\AIOTED-digital-rawdigits\20260918\13\0_main_dig3_20260918-133331.jpg,0,day,100.74,screen test0; model saw 0; agree,,,0
day_fill,20260928-083841_dig3,20260928-083841,3,C:\Users\josep\source\repos\AIOTED-digital-rawdigits\20260928\08\0_main_dig3_20260928-083841.jpg,0,day,145.59,screen test0; model saw 0; agree,,,0
day_fill,20260915-122136_dig3,20260915-122136,3,C:\Users\josep\source\repos\AIOTED-digital-rawdigits\20260915\12\0_main_dig3_20260915-122136.jpg,0,day,142.02,screen test0; model saw 0; agree,,,0
day_fill,20260910-114318_dig3,20260910-114318,3,C:\Users\josep\source\repos\AIOTED-digital-rawdigits\20260910\11\0_main_dig3_20260910-114318.jpg,0,day,141.84,screen test0; model saw 0; agree,,,0
day_fill,20260821-134552_dig3,20260821-134552,3,C:\Users\josep\source\repos\AIOTED-digital-rawdigits\20260821\13\0_main_dig3_20260821-134552.jpg,0,day,134.29,screen test0; model saw 0; agree,,,0
day_fill,20260831-093734_dig3,20260831-093734,3,C:\Users\josep\source\repos\AIOTED-digital-rawdigits\20260831\09\0_main_dig3_20260831-093734.jpg,0,day,136.77,screen test0; model saw 0; agree,,,0
day_fill,20260815-151003_dig3,20260815-151003,3,C:\Users\josep\source\repos\AIOTED-digital-rawdigits\20260815\15\0_main_dig3_20260815-151003.jpg,0,day,136.97,screen test0; model saw 0; agree,,,0
day_fill,20260911-131629_dig3,20260911-131629,3,C:\Users\josep\source\repos\AIOTED-digital-rawdigits\20260911\13\0_main_dig3_20260911-131629.jpg,0,day,147.75,screen test0; model saw 0; agree,,,0
day_fill,20260905-122257_dig3,20260905-122257,3,C:\Users\josep\source\repos\AIOTED-digital-rawdigits\20260905\12\0_main_dig3_20260905-122257.jpg,0,day,115.97,screen test0; model saw 0; agree,,,0
day_fill,20260816-120601_dig3,20260816-120601,3,C:\Users\josep\source\repos\AIOTED-digital-rawdigits\20260816\12\0_main_dig3_20260816-120601.jpg,0,day,140.77,screen test0; model saw 0; agree,,,0
day_fill,20260908-144321_dig3,20260908-144321,3,C:\Users\josep\source\repos\AIOTED-digital-rawdigits\20260908\14\0_main_dig3_20260908-144321.jpg,0,day,104.98,screen test0; model saw 0; agree,,,0
day_fill,20260830-113336_dig3,20260830-113336,3,C:\Users\josep\source\repos\AIOTED-digital-rawdigits\20260830\11\0_main_dig3_20260830-113336.jpg,0,day,136.29,screen test0; model saw 0; agree,,,0
day_fill,20260913-083257_dig3,20260913-083257,3,C:\Users\josep\source\repos\AIOTED-digital-rawdigits\20260913\08\0_main_dig3_20260913-083257.jpg,0,day,138.99,screen test0; model saw 0; agree,,,0
day_fill,20260926-080215_dig3,20260926-080215,3,C:\Users\josep\source\repos\AIOTED-digital-rawdigits\20260926\08\0_main_dig3_20260926-080215.jpg,0,day,130.97,screen test0; model saw 0; agree,,,0
day_fill,20260903-114307_dig3,20260903-114307,3,C:\Users\josep\source\repos\AIOTED-digital-rawdigits\20260903\11\0_main_dig3_20260903-114307.jpg,0,day,142.02,screen test0; model saw 0; agree,,,0
day_fill,20260824-104947_dig3,20260824-104947,3,C:\Users\josep\source\repos\AIOTED-digital-rawdigits\20260824\10\0_main_dig3_20260824-104947.jpg,0,day,134.00,screen test0; model saw 0; agree,,,0
day_fill,20260919-131729_dig3,20260919-131729,3,C:\Users\josep\source\repos\AIOTED-digital-rawdigits\20260919\13\0_main_dig3_20260919-131729.jpg,0,day,109.94,screen test0; model saw 0; agree,,,0
day_fill,20260924-100549_dig3,20260924-100549,3,C:\Users\josep\source\repos\AIOTED-digital-rawdigits\20260924\10\0_main_dig3_20260924-100549.jpg,0,day,147.98,screen test0; model saw 0; agree,,,0
day_fill,20260920-120127_dig3,20260920-120127,3,C:\Users\josep\source\repos\AIOTED-digital-rawdigits\20260920\12\0_main_dig3_20260920-120127.jpg,0,day,146.84,screen test0; model saw 0; agree,,,0
day_fill,20260927-103043_dig3,20260927-103043,3,C:\Users\josep\source\repos\AIOTED-digital-rawdigits\20260927\10\0_main_dig3_20260927-103043.jpg,0,day,146.29,screen test0; model saw 0; agree,,,0
day_fill,20260925-130617_dig3,20260925-130617,3,C:\Users\josep\source\repos\AIOTED-digital-rawdigits\20260925\13\0_main_dig3_20260925-130617.jpg,0,day,149.75,screen test0; model saw 0; agree,,,0
day_fill,20260827-140141_dig3,20260827-140141,3,C:\Users\josep\source\repos\AIOTED-digital-rawdigits\20260827\14\0_main_dig3_20260827-140141.jpg,0,day,136.10,screen test0; model saw 0; agree,,,0
day_fill,20260902-114709_dig3,20260902-114709,3,C:\Users\josep\source\repos\AIOTED-digital-rawdigits\20260902\11\0_main_dig3_20260902-114709.jpg,0,day,143.79,screen test0; model saw 0; agree,,,0
day_fill,20260823-133348_dig3,20260823-133348,3,C:\Users\josep\source\repos\AIOTED-digital-rawdigits\20260823\13\0_main_dig3_20260823-133348.jpg,0,day,133.21,screen test0; model saw 0; agree,,,0
day_fill,20260907-145923_dig3,20260907-145923,3,C:\Users\josep\source\repos\AIOTED-digital-rawdigits\20260907\14\0_main_dig3_20260907-145923.jpg,0,day,142.75,screen test0; model saw 0; agree,,,0
day_fill,20260912-084027_dig3,20260912-084027,3,C:\Users\josep\source\repos\AIOTED-digital-rawdigits\20260912\08\0_main_dig3_20260912-084027.jpg,0,day,143.95,screen test0; model saw 0; agree,,,0
day_fill,20260922-132924_dig3,20260922-132924,3,C:\Users\josep\source\repos\AIOTED-digital-rawdigits\20260922\13\0_main_dig3_20260922-132924.jpg,0,day,149.75,screen test0; model saw 0; agree,,,0
day_fill,20260829-112937_dig3,20260829-112937,3,C:\Users\josep\source\repos\AIOTED-digital-rawdigits\20260829\11\0_main_dig3_20260829-112937.jpg,0,day,97.17,screen test0; model saw 0; agree,,,0
day_fill,20260904-173859_dig3,20260904-173859,3,C:\Users\josep\source\repos\AIOTED-digital-rawdigits\20260904\17\0_main_dig3_20260904-173859.jpg,0,day,98.69,screen test0; model saw 0; agree,,,0
day_fill,20260819-083756_dig3,20260819-083756,3,C:\Users\josep\source\repos\AIOTED-digital-rawdigits\20260819\08\0_main_dig3_20260819-083756.jpg,0,day,128.06,screen test0; model saw 0; agree,,,0
day_fill,20260914-154538_dig3,20260914-154538,3,C:\Users\josep\source\repos\AIOTED-digital-rawdigits\20260914\15\0_main_dig3_20260914-154538.jpg,0,day,98.90,screen test0; model saw 0; agree,,,0
day_fill,20260828-161339_dig3,20260828-161339,3,C:\Users\josep\source\repos\AIOTED-digital-rawdigits\20260828\16\0_main_dig3_20260828-161339.jpg,0,day,121.29,screen test0; model saw 0; agree,,,0
day_fill,20260826-142543_dig3,20260826-142543,3,C:\Users\josep\source\repos\AIOTED-digital-rawdigits\20260826\14\0_main_dig3_20260826-142543.jpg,0,day,134.21,screen test0; model saw 0; agree,,,0
day_fill,20260921-142525_dig3,20260921-142525,3,C:\Users\josep\source\repos\AIOTED-digital-rawdigits\20260921\14\0_main_dig3_20260921-142525.jpg,0,day,150.85,screen test0; model saw 0; agree,,,0
day_fill,20260917-152932_dig3,20260917-152932,3,C:\Users\josep\source\repos\AIOTED-digital-rawdigits\20260917\15\0_main_dig3_20260917-152932.jpg,0,day,100.97,screen test0; model saw 0; agree,,,0
day_fill,20260906-145525_dig3,20260906-145525,3,C:\Users\josep\source\repos\AIOTED-digital-rawdigits\20260906\14\0_main_dig3_20260906-145525.jpg,0,day,147.21,screen test0; model saw 0; agree,,,0
day_fill,20260817-145759_dig3,20260817-145759,3,C:\Users\josep\source\repos\AIOTED-digital-rawdigits\20260817\14\0_main_dig3_20260817-145759.jpg,0,day,131.75,screen test0; model saw 0; agree,,,0
day_fill,20260822-152950_dig3,20260822-152950,3,C:\Users\josep\source\repos\AIOTED-digital-rawdigits\20260822\15\0_main_dig3_20260822-152950.jpg,0,day,139.11,screen test0; model saw 0; agree,,,0
day_fill,20260820-114154_dig3,20260820-114154,3,C:\Users\josep\source\repos\AIOTED-digital-rawdigits\20260820\11\0_main_dig3_20260820-114154.jpg,0,day,133.06,screen test0; model saw 0; agree,,,0
day_fill,20260930-092637_dig3,20260930-092637,3,C:\Users\josep\source\repos\AIOTED-digital-rawdigits\20260930\09\0_main_dig3_20260930-092637.jpg,0,day,108.69,screen test0; model saw 0; agree,,,0
day_fill,20260918-123331_dig3,20260918-123331,3,C:\Users\josep\source\repos\AIOTED-digital-rawdigits\20260918\12\0_main_dig3_20260918-123331.jpg,0,day,102.69,screen test0; model saw 0; agree,,,0
day_fill,20260928-100641_dig3,20260928-100641,3,C:\Users\josep\source\repos\AIOTED-digital-rawdigits\20260928\10\0_main_dig3_20260928-100641.jpg,0,day,150.98,screen test0; model saw 0; agree,,,0
day_fill,20260915-164936_dig3,20260915-164936,3,C:\Users\josep\source\repos\AIOTED-digital-rawdigits\20260915\16\0_main_dig3_20260915-164936.jpg,0,day,98.17,screen test0; model saw 0; agree,,,0
day_fill,20260910-150401_dig3,20260910-150401,3,C:\Users\josep\source\repos\AIOTED-digital-rawdigits\20260910\15\0_main_dig3_20260910-150401.jpg,0,day,145.74,screen test0; model saw 0; agree,,,0
day_fill,20260821-114552_dig3,20260821-114552,3,C:\Users\josep\source\repos\AIOTED-digital-rawdigits\20260821\11\0_main_dig3_20260821-114552.jpg,0,day,97.97,screen test0; model saw 0; agree,,,0
day_fill,20260831-155733_dig3,20260831-155733,3,C:\Users\josep\source\repos\AIOTED-digital-rawdigits\20260831\15\0_main_dig3_20260831-155733.jpg,0,day,111.98,screen test0; model saw 0; agree,,,0
day_fill,20260815-123004_dig3,20260815-123004,3,C:\Users\josep\source\repos\AIOTED-digital-rawdigits\20260815\12\0_main_dig3_20260815-123004.jpg,0,day,130.79,screen test0; model saw 0; agree,,,0
day_fill,20260911-153628_dig3,20260911-153628,3,C:\Users\josep\source\repos\AIOTED-digital-rawdigits\20260911\15\0_main_dig3_20260911-153628.jpg,0,day,145.29,screen test0; model saw 0; agree,,,0
day_fill,20260905-160257_dig3,20260905-160257,3,C:\Users\josep\source\repos\AIOTED-digital-rawdigits\20260905\16\0_main_dig3_20260905-160257.jpg,0,day,97.98,screen test0; model saw 0; agree,,,0
day_fill,20260912-160458_dig4,20260912-160458,4,C:\Users\josep\source\repos\AIOTED-digital-rawdigits\20260912\16\0_main_dig4_20260912-160458.jpg,0,day,98.94,reading_est 59024; model saw 0; agree,,,0
day_fill,20260817-102600_dig4,20260817-102600,4,C:\Users\josep\source\repos\AIOTED-digital-rawdigits\20260817\10\0_main_dig4_20260817-102600.jpg,0,day,142.02,reading_est 58065; model saw 0; agree,,,0
day_fill,20260914-115338_dig4,20260914-115338,4,C:\Users\josep\source\repos\AIOTED-digital-rawdigits\20260914\11\0_main_dig4_20260914-115338.jpg,0,day,127.29,reading_est 59067; model saw 0; agree,,,0
day_fill,20260815-153803_dig4,20260815-153803,4,C:\Users\josep\source\repos\AIOTED-digital-rawdigits\20260815\15\0_main_dig4_20260815-153803.jpg,0,day,130.03,reading_est 58005; model saw 0; agree,,,0
day_fill,20260913-100140_dig4,20260913-100140,4,C:\Users\josep\source\repos\AIOTED-digital-rawdigits\20260913\10\0_main_dig4_20260913-100140.jpg,0,day,100.98,reading_est 59044; model saw 0; agree,,,0
day_fill,20260816-132201_dig4,20260816-132201,4,C:\Users\josep\source\repos\AIOTED-digital-rawdigits\20260816\13\0_main_dig4_20260816-132201.jpg,0,day,120.12,reading_est 58035; model saw 0; agree,,,0
day_fill,20260915-141736_dig4,20260915-141736,4,C:\Users\josep\source\repos\AIOTED-digital-rawdigits\20260915\14\0_main_dig4_20260915-141736.jpg,0,day,129.00,reading_est 59092; model saw 0; agree,,,0
day_fill,20260912-101627_dig4,20260912-101627,4,C:\Users\josep\source\repos\AIOTED-digital-rawdigits\20260912\10\0_main_dig4_20260912-101627.jpg,0,day,110.97,reading_est 59016; model saw 0; agree,,,0
day_fill,20260817-145359_dig4,20260817-145359,4,C:\Users\josep\source\repos\AIOTED-digital-rawdigits\20260817\14\0_main_dig4_20260817-145359.jpg,0,day,143.71,reading_est 58075; model saw 0; agree,,,0
day_fill,20260914-122538_dig4,20260914-122538,4,C:\Users\josep\source\repos\AIOTED-digital-rawdigits\20260914\12\0_main_dig4_20260914-122538.jpg,0,day,152.29,reading_est 59068; model saw 0; agree,,,0
day_fill,20260815-170603_dig4,20260815-170603,4,C:\Users\josep\source\repos\AIOTED-digital-rawdigits\20260815\17\0_main_dig4_20260815-170603.jpg,0,day,98.29,reading_est 58008; model saw 0; agree,,,0
day_fill,20260913-120940_dig4,20260913-120940,4,C:\Users\josep\source\repos\AIOTED-digital-rawdigits\20260913\12\0_main_dig4_20260913-120940.jpg,0,day,122.01,reading_est 59046; model saw 0; agree,,,0
day_fill,20260816-130202_dig4,20260816-130202,4,C:\Users\josep\source\repos\AIOTED-digital-rawdigits\20260816\13\0_main_dig4_20260816-130202.jpg,0,day,140.83,reading_est 58035; model saw 0; agree,,,0
day_fill,20260915-140536_dig4,20260915-140536,4,C:\Users\josep\source\repos\AIOTED-digital-rawdigits\20260915\14\0_main_dig4_20260915-140536.jpg,0,day,143.00,reading_est 59092; model saw 0; agree,,,0
day_fill,20260912-155258_dig4,20260912-155258,4,C:\Users\josep\source\repos\AIOTED-digital-rawdigits\20260912\15\0_main_dig4_20260912-155258.jpg,0,day,127.98,reading_est 59024; model saw 0; agree,,,0
day_fill,20260817-104600_dig4,20260817-104600,4,C:\Users\josep\source\repos\AIOTED-digital-rawdigits\20260817\10\0_main_dig4_20260817-104600.jpg,0,day,142.02,reading_est 58066; model saw 0; agree,,,0
day_fill,20260914-155338_dig4,20260914-155338,4,C:\Users\josep\source\repos\AIOTED-digital-rawdigits\20260914\15\0_main_dig4_20260914-155338.jpg,0,day,98.84,reading_est 59072; model saw 0; agree,,,0
day_fill,20260815-133803_dig4,20260815-133803,4,C:\Users\josep\source\repos\AIOTED-digital-rawdigits\20260815\13\0_main_dig4_20260815-133803.jpg,0,day,134.75,reading_est 58000; model saw 0; agree,,,0
day_fill,20260913-144940_dig4,20260913-144940,4,C:\Users\josep\source\repos\AIOTED-digital-rawdigits\20260913\14\0_main_dig4_20260913-144940.jpg,0,day,153.98,reading_est 59048; model saw 0; agree,,,0
day_fill,20260816-111402_dig4,20260816-111402,4,C:\Users\josep\source\repos\AIOTED-digital-rawdigits\20260816\11\0_main_dig4_20260816-111402.jpg,0,day,135.79,reading_est 58031; model saw 0; agree,,,0
day_fill,20260915-164536_dig4,20260915-164536,4,C:\Users\josep\source\repos\AIOTED-digital-rawdigits\20260915\16\0_main_dig4_20260915-164536.jpg,0,day,100.13,reading_est 59097; model saw 0; agree,,,0
day_fill,20260912-092827_dig4,20260912-092827,4,C:\Users\josep\source\repos\AIOTED-digital-rawdigits\20260912\09\0_main_dig4_20260912-092827.jpg,0,day,141.69,reading_est 59013; model saw 0; agree,,,0
day_fill,20260817-110600_dig4,20260817-110600,4,C:\Users\josep\source\repos\AIOTED-digital-rawdigits\20260817\11\0_main_dig4_20260817-110600.jpg,0,day,135.79,reading_est 58066; model saw 0; agree,,,0
day_fill,20260914-141338_dig4,20260914-141338,4,C:\Users\josep\source\repos\AIOTED-digital-rawdigits\20260914\14\0_main_dig4_20260914-141338.jpg,0,day,120.29,reading_est 59071; model saw 0; agree,,,0
day_fill,20260815-154603_dig4,20260815-154603,4,C:\Users\josep\source\repos\AIOTED-digital-rawdigits\20260815\15\0_main_dig4_20260815-154603.jpg,0,day,129.03,reading_est 58005; model saw 0; agree,,,0
day_fill,20260913-082057_dig4,20260913-082057,4,C:\Users\josep\source\repos\AIOTED-digital-rawdigits\20260913\08\0_main_dig4_20260913-082057.jpg,0,day,135.91,reading_est 59042; model saw 0; agree,,,0
day_fill,20260816-114202_dig4,20260816-114202,4,C:\Users\josep\source\repos\AIOTED-digital-rawdigits\20260816\11\0_main_dig4_20260816-114202.jpg,0,day,128.14,reading_est 58032; model saw 0; agree,,,0
day_fill,20260915-135736_dig4,20260915-135736,4,C:\Users\josep\source\repos\AIOTED-digital-rawdigits\20260915\13\0_main_dig4_20260915-135736.jpg,0,day,126.02,reading_est 59092; model saw 0; agree,,,0
day_fill,20260912-162458_dig4,20260912-162458,4,C:\Users\josep\source\repos\AIOTED-digital-rawdigits\20260912\16\0_main_dig4_20260912-162458.jpg,0,day,97.98,reading_est 59026; model saw 0; agree,,,0
day_fill,20260817-123800_dig4,20260817-123800,4,C:\Users\josep\source\repos\AIOTED-digital-rawdigits\20260817\12\0_main_dig4_20260817-123800.jpg,0,day,117.29,reading_est 58069; model saw 0; agree,,,0
day_fill,20260914-100538_dig4,20260914-100538,4,C:\Users\josep\source\repos\AIOTED-digital-rawdigits\20260914\10\0_main_dig4_20260914-100538.jpg,0,day,138.92,reading_est 59066; model saw 0; agree,,,0
day_fill,20260815-143803_dig4,20260815-143803,4,C:\Users\josep\source\repos\AIOTED-digital-rawdigits\20260815\14\0_main_dig4_20260815-143803.jpg,0,day,129.75,reading_est 58002; model saw 0; agree,,,0
day_fill,20260913-110140_dig4,20260913-110140,4,C:\Users\josep\source\repos\AIOTED-digital-rawdigits\20260913\11\0_main_dig4_20260913-110140.jpg,0,day,99.97,reading_est 59046; model saw 0; agree,,,0
day_fill,20260816-162201_dig4,20260816-162201,4,C:\Users\josep\source\repos\AIOTED-digital-rawdigits\20260816\16\0_main_dig4_20260816-162201.jpg,0,day,126.74,reading_est 58042; model saw 0; agree,,,0
day_fill,20260915-112936_dig4,20260915-112936,4,C:\Users\josep\source\repos\AIOTED-digital-rawdigits\20260915\11\0_main_dig4_20260915-112936.jpg,0,day,130.06,reading_est 59088; model saw 0; agree,,,0
day_fill,20260912-095627_dig4,20260912-095627,4,C:\Users\josep\source\repos\AIOTED-digital-rawdigits\20260912\09\0_main_dig4_20260912-095627.jpg,0,day,120.25,reading_est 59014; model saw 0; agree,,,0
day_fill,20260817-083800_dig4,20260817-083800,4,C:\Users\josep\source\repos\AIOTED-digital-rawdigits\20260817\08\0_main_dig4_20260817-083800.jpg,0,day,132.02,reading_est 58062; model saw 0; agree,,,0
day_fill,20260914-103338_dig4,20260914-103338,4,C:\Users\josep\source\repos\AIOTED-digital-rawdigits\20260914\10\0_main_dig4_20260914-103338.jpg,0,day,142.02,reading_est 59066; model saw 0; agree,,,0
day_fill,20260815-161803_dig4,20260815-161803,4,C:\Users\josep\source\repos\AIOTED-digital-rawdigits\20260815\16\0_main_dig4_20260815-161803.jpg,0,day,128.29,reading_est 58006; model saw 0; agree,,,0
day_fill,20260913-154939_dig4,20260913-154939,4,C:\Users\josep\source\repos\AIOTED-digital-rawdigits\20260913\15\0_main_dig4_20260913-154939.jpg,0,day,139.30,reading_est 59050; model saw 0; agree,,,0
day_fill,20260816-134202_dig4,20260816-134202,4,C:\Users\josep\source\repos\AIOTED-digital-rawdigits\20260816\13\0_main_dig4_20260816-134202.jpg,0,day,138.06,reading_est 58036; model saw 0; agree,,,0
day_fill,20260915-115736_dig4,20260915-115736,4,C:\Users\josep\source\repos\AIOTED-digital-rawdigits\20260915\11\0_main_dig4_20260915-115736.jpg,0,day,139.02,reading_est 59088; model saw 0; agree,,,0
day_fill,20260912-154458_dig4,20260912-154458,4,C:\Users\josep\source\repos\AIOTED-digital-rawdigits\20260912\15\0_main_dig4_20260912-154458.jpg,0,day,148.98,reading_est 59024; model saw 0; agree,,,0
day_fill,20260817-141400_dig4,20260817-141400,4,C:\Users\josep\source\repos\AIOTED-digital-rawdigits\20260817\14\0_main_dig4_20260817-141400.jpg,0,day,138.30,reading_est 58073; model saw 0; agree,,,0
day_fill,20260914-160138_dig4,20260914-160138,4,C:\Users\josep\source\repos\AIOTED-digital-rawdigits\20260914\16\0_main_dig4_20260914-160138.jpg,0,day,97.97,reading_est 59072; model saw 0; agree,,,0
day_fill,20260815-151803_dig4,20260815-151803,4,C:\Users\josep\source\repos\AIOTED-digital-rawdigits\20260815\15\0_main_dig4_20260815-151803.jpg,0,day,137.09,reading_est 58004; model saw 0; agree,,,0
day_fill,20260913-134940_dig4,20260913-134940,4,C:\Users\josep\source\repos\AIOTED-digital-rawdigits\20260913\13\0_main_dig4_20260913-134940.jpg,0,day,135.98,reading_est 59048; model saw 0; agree,,,0
day_fill,20260816-152201_dig4,20260816-152201,4,C:\Users\josep\source\repos\AIOTED-digital-rawdigits\20260816\15\0_main_dig4_20260816-152201.jpg,0,day,142.05,reading_est 58039; model saw 0; agree,,,0
day_fill,20260915-163736_dig4,20260915-163736,4,C:\Users\josep\source\repos\AIOTED-digital-rawdigits\20260915\16\0_main_dig4_20260915-163736.jpg,0,day,100.16,reading_est 59096; model saw 0; agree,,,0
day_fill,20260912-093627_dig4,20260912-093627,4,C:\Users\josep\source\repos\AIOTED-digital-rawdigits\20260912\09\0_main_dig4_20260912-093627.jpg,0,day,149.69,reading_est 59014; model saw 0; agree,,,0
day_fill,20260817-113800_dig4,20260817-113800,4,C:\Users\josep\source\repos\AIOTED-digital-rawdigits\20260817\11\0_main_dig4_20260817-113800.jpg,0,day,141.97,reading_est 58067; model saw 0; agree,,,0
day_fill,20260914-135338_dig4,20260914-135338,4,C:\Users\josep\source\repos\AIOTED-digital-rawdigits\20260914\13\0_main_dig4_20260914-135338.jpg,0,day,125.90,reading_est 59070; model saw 0; agree,,,0
day_fill,20260815-165803_dig4,20260815-165803,4,C:\Users\josep\source\repos\AIOTED-digital-rawdigits\20260815\16\0_main_dig4_20260815-165803.jpg,0,day,97.98,reading_est 58008; model saw 0; agree,,,0
day_fill,20260913-132940_dig4,20260913-132940,4,C:\Users\josep\source\repos\AIOTED-digital-rawdigits\20260913\13\0_main_dig4_20260913-132940.jpg,0,day,155.98,reading_est 59047; model saw 0; agree,,,0
day_fill,20260816-091402_dig4,20260816-091402,4,C:\Users\josep\source\repos\AIOTED-digital-rawdigits\20260816\09\0_main_dig4_20260816-091402.jpg,0,day,102.20,reading_est 58029; model saw 0; agree,,,0
day_fill,20260915-153736_dig4,20260915-153736,4,C:\Users\josep\source\repos\AIOTED-digital-rawdigits\20260915\15\0_main_dig4_20260915-153736.jpg,0,day,121.05,reading_est 59096; model saw 0; agree,,,0
day_fill,20260912-132827_dig4,20260912-132827,4,C:\Users\josep\source\repos\AIOTED-digital-rawdigits\20260912\13\0_main_dig4_20260912-132827.jpg,0,day,103.97,reading_est 59018; model saw 0; agree,,,0
day_fill,20260817-132600_dig4,20260817-132600,4,C:\Users\josep\source\repos\AIOTED-digital-rawdigits\20260817\13\0_main_dig4_20260817-132600.jpg,0,day,118.08,reading_est 58071; model saw 0; agree,,,0
day_fill,20260914-125338_dig4,20260914-125338,4,C:\Users\josep\source\repos\AIOTED-digital-rawdigits\20260914\12\0_main_dig4_20260914-125338.jpg,0,day,130.02,reading_est 59068; model saw 0; agree,,,0
day_fill,20260815-144603_dig4,20260815-144603,4,C:\Users\josep\source\repos\AIOTED-digital-rawdigits\20260815\14\0_main_dig4_20260815-144603.jpg,0,day,135.05,reading_est 58003; model saw 0; agree,,,0
day_fill,20260913-080857_dig4,20260913-080857,4,C:\Users\josep\source\repos\AIOTED-digital-rawdigits\20260913\08\0_main_dig4_20260913-080857.jpg,0,day,108.97,reading_est 59042; model saw 0; agree,,,0
day_fill,20260816-113402_dig4,20260816-113402,4,C:\Users\josep\source\repos\AIOTED-digital-rawdigits\20260816\11\0_main_dig4_20260816-113402.jpg,0,day,136.79,reading_est 58032; model saw 0; agree,,,0
day_fill,20260915-142536_dig4,20260915-142536,4,C:\Users\josep\source\repos\AIOTED-digital-rawdigits\20260915\14\0_main_dig4_20260915-142536.jpg,0,day,138.02,reading_est 59092; model saw 0; agree,,,0
day_fill,20260912-100827_dig4,20260912-100827,4,C:\Users\josep\source\repos\AIOTED-digital-rawdigits\20260912\10\0_main_dig4_20260912-100827.jpg,0,day,116.84,reading_est 59016; model saw 0; agree,,,0
day_fill,20260817-074600_dig4,20260817-074600,4,C:\Users\josep\source\repos\AIOTED-digital-rawdigits\20260817\07\0_main_dig4_20260817-074600.jpg,0,day,99.29,reading_est 58061; model saw 0; agree,,,0
day_fill,20260822-124550_dig5,20260822-124550,5,C:\Users\josep\source\repos\AIOTED-digital-rawdigits\20260822\12\5_main_dig5_20260822-124550.jpg,5,day,131.02,reading_est 58255; model saw 5; agree,,,0
day_fill,20260927-143042_dig5,20260927-143042,5,C:\Users\josep\source\repos\AIOTED-digital-rawdigits\20260927\14\5_main_dig5_20260927-143042.jpg,5,day,139.98,reading_est 59353; model saw 5; agree,,,0
day_fill,20260819-154156_dig5,20260819-154156,5,C:\Users\josep\source\repos\AIOTED-digital-rawdigits\20260819\15\5_main_dig5_20260819-154156.jpg,5,day,135.94,reading_est 58158; model saw 5; agree,,,0
day_fill,20260828-092139_dig5,20260828-092139,5,C:\Users\josep\source\repos\AIOTED-digital-rawdigits\20260828\09\5_main_dig5_20260828-092139.jpg,5,day,140.77,reading_est 58459; model saw 5; agree,,,0
day_fill,20260831-075334_dig5,20260831-075334,5,C:\Users\josep\source\repos\AIOTED-digital-rawdigits\20260831\07\5_main_dig5_20260831-075334.jpg,5,day,103.74,reading_est 58556; model saw 5; agree,,,0
day_fill,20260922-153324_dig5,20260922-153324,5,C:\Users\josep\source\repos\AIOTED-digital-rawdigits\20260922\15\5_main_dig5_20260922-153324.jpg,5,day,152.13,reading_est 59250; model saw 5; agree_soft,,,0
day_fill,20260913-154939_dig5,20260913-154939,5,C:\Users\josep\source\repos\AIOTED-digital-rawdigits\20260913\15\5_main_dig5_20260913-154939.jpg,5,day,139.30,reading_est 59050; model saw 5; agree_soft,,,0
day_fill,20260904-174659_dig5,20260904-174659,5,C:\Users\josep\source\repos\AIOTED-digital-rawdigits\20260904\17\5_main_dig5_20260904-174659.jpg,5,day,96.29,reading_est 58750; model saw 5; agree,,,0
day_fill,20260907-174323_dig5,20260907-174323,5,C:\Users\josep\source\repos\AIOTED-digital-rawdigits\20260907\17\5_main_dig5_20260907-174323.jpg,5,day,98.12,reading_est 58857; model saw 5; agree,,,0
day_fill,20260902-093510_dig5,20260902-093510,5,C:\Users\josep\source\repos\AIOTED-digital-rawdigits\20260902\09\5_main_dig5_20260902-093510.jpg,5,day,103.77,reading_est 58653; model saw 5; agree,,,0
day_fill,20260918-114131_dig5,20260918-114131,5,C:\Users\josep\source\repos\AIOTED-digital-rawdigits\20260918\11\5_main_dig5_20260918-114131.jpg,5,day,108.97,reading_est 59158; model saw 5; agree_soft,,,0
day_fill,20260910-151201_dig5,20260910-151201,5,C:\Users\josep\source\repos\AIOTED-digital-rawdigits\20260910\15\5_main_dig5_20260910-151201.jpg,5,day,114.97,reading_est 58956; model saw 5; agree,,,0
day_fill,20260822-094550_dig5,20260822-094550,5,C:\Users\josep\source\repos\AIOTED-digital-rawdigits\20260822\09\5_main_dig5_20260822-094550.jpg,5,day,132.14,reading_est 58250; model saw 5; agree,,,0
day_fill,20260927-113843_dig5,20260927-113843,5,C:\Users\josep\source\repos\AIOTED-digital-rawdigits\20260927\11\5_main_dig5_20260927-113843.jpg,5,day,145.98,reading_est 59350; model saw 5; agree,,,0
day_fill,20260819-150556_dig5,20260819-150556,5,C:\Users\josep\source\repos\AIOTED-digital-rawdigits\20260819\15\5_main_dig5_20260819-150556.jpg,5,day,141.10,reading_est 58156; model saw 5; agree,,,0
day_fill,20260828-072140_dig5,20260828-072140,5,C:\Users\josep\source\repos\AIOTED-digital-rawdigits\20260828\07\5_main_dig5_20260828-072140.jpg,5,day,96.21,reading_est 58456; model saw 5; agree,,,0
day_fill,20260831-083334_dig5,20260831-083334,5,C:\Users\josep\source\repos\AIOTED-digital-rawdigits\20260831\08\5_main_dig5_20260831-083334.jpg,5,day,131.06,reading_est 58557; model saw 5; agree,,,0
day_fill,20260922-154524_dig5,20260922-154524,5,C:\Users\josep\source\repos\AIOTED-digital-rawdigits\20260922\15\5_main_dig5_20260922-154524.jpg,5,day,103.00,reading_est 59250; model saw 5; agree_soft,,,0
day_fill,20260913-160940_dig5,20260913-160940,5,C:\Users\josep\source\repos\AIOTED-digital-rawdigits\20260913\16\5_main_dig5_20260913-160940.jpg,5,day,96.98,reading_est 59050; model saw 5; agree_soft,,,0
day_fill,20260904-171459_dig5,20260904-171459,5,C:\Users\josep\source\repos\AIOTED-digital-rawdigits\20260904\17\5_main_dig5_20260904-171459.jpg,5,day,97.98,reading_est 58750; model saw 5; agree,,,0
day_fill,20260907-152723_dig5,20260907-152723,5,C:\Users\josep\source\repos\AIOTED-digital-rawdigits\20260907\15\5_main_dig5_20260907-152723.jpg,5,day,141.90,reading_est 58850; model saw 5; agree_soft,,,0
day_fill,20260902-112309_dig5,20260902-112309,5,C:\Users\josep\source\repos\AIOTED-digital-rawdigits\20260902\11\5_main_dig5_20260902-112309.jpg,5,day,122.82,reading_est 58655; model saw 5; agree,,,0
day_fill,20260918-112131_dig5,20260918-112131,5,C:\Users\josep\source\repos\AIOTED-digital-rawdigits\20260918\11\5_main_dig5_20260918-112131.jpg,5,day,98.77,reading_est 59158; model saw 5; agree_soft,,,0
day_fill,20260910-140001_dig5,20260910-140001,5,C:\Users\josep\source\repos\AIOTED-digital-rawdigits\20260910\14\5_main_dig5_20260910-140001.jpg,5,day,148.97,reading_est 58952; model saw 5; agree,,,0
day_fill,20260822-142550_dig5,20260822-142550,5,C:\Users\josep\source\repos\AIOTED-digital-rawdigits\20260822\14\5_main_dig5_20260822-142550.jpg,5,day,142.98,reading_est 58259; model saw 5; agree_soft,,,0
day_fill,20260927-111843_dig5,20260927-111843,5,C:\Users\josep\source\repos\AIOTED-digital-rawdigits\20260927\11\5_main_dig5_20260927-111843.jpg,5,day,147.98,reading_est 59350; model saw 5; agree,,,0
day_fill,20260819-133356_dig5,20260819-133356,5,C:\Users\josep\source\repos\AIOTED-digital-rawdigits\20260819\13\5_main_dig5_20260819-133356.jpg,5,day,130.29,reading_est 58152; model saw 5; agree,,,0
day_fill,20260828-085339_dig5,20260828-085339,5,C:\Users\josep\source\repos\AIOTED-digital-rawdigits\20260828\08\5_main_dig5_20260828-085339.jpg,5,day,102.74,reading_est 58458; model saw 5; agree,,,0
day_fill,20260831-085334_dig5,20260831-085334,5,C:\Users\josep\source\repos\AIOTED-digital-rawdigits\20260831\08\5_main_dig5_20260831-085334.jpg,5,day,138.82,reading_est 58559; model saw 5; agree,,,0
day_fill,20260922-152524_dig5,20260922-152524,5,C:\Users\josep\source\repos\AIOTED-digital-rawdigits\20260922\15\5_main_dig5_20260922-152524.jpg,5,day,148.21,reading_est 59250; model saw 5; agree_soft,,,0
day_fill,20260913-155740_dig5,20260913-155740,5,C:\Users\josep\source\repos\AIOTED-digital-rawdigits\20260913\15\5_main_dig5_20260913-155740.jpg,5,day,97.99,reading_est 59050; model saw 5; agree_soft,,,0
day_fill,20260904-173459_dig5,20260904-173459,5,C:\Users\josep\source\repos\AIOTED-digital-rawdigits\20260904\17\5_main_dig5_20260904-173459.jpg,5,day,103.00,reading_est 58750; model saw 5; agree,,,0
day_fill,20260907-154723_dig5,20260907-154723,5,C:\Users\josep\source\repos\AIOTED-digital-rawdigits\20260907\15\5_main_dig5_20260907-154723.jpg,5,day,127.97,reading_est 58851; model saw 5; agree,,,0
day_fill,20260902-124309_dig5,20260902-124309,5,C:\Users\josep\source\repos\AIOTED-digital-rawdigits\20260902\12\5_main_dig5_20260902-124309.jpg,5,day,144.69,reading_est 58656; model saw 5; agree,,,0
day_fill,20260918-112931_dig5,20260918-112931,5,C:\Users\josep\source\repos\AIOTED-digital-rawdigits\20260918\11\5_main_dig5_20260918-112931.jpg,5,day,100.21,reading_est 59158; model saw 5; agree_soft,,,0
day_fill,20260910-144001_dig5,20260910-144001,5,C:\Users\josep\source\repos\AIOTED-digital-rawdigits\20260910\14\5_main_dig5_20260910-144001.jpg,5,day,154.75,reading_est 58954; model saw 5; agree,,,0
day_fill,20260822-105750_dig5,20260822-105750,5,C:\Users\josep\source\repos\AIOTED-digital-rawdigits\20260822\10\5_main_dig5_20260822-105750.jpg,5,day,135.00,reading_est 58252; model saw 5; agree,,,0
day_fill,20260927-163842_dig5,20260927-163842,5,C:\Users\josep\source\repos\AIOTED-digital-rawdigits\20260927\16\5_main_dig5_20260927-163842.jpg,5,day,99.00,reading_est 59356; model saw 5; agree,,,0
day_fill,20260819-124556_dig5,20260819-124556,5,C:\Users\josep\source\repos\AIOTED-digital-rawdigits\20260819\12\5_main_dig5_20260819-124556.jpg,5,day,135.83,reading_est 58150; model saw 5; agree,,,0
day_fill,20260828-083339_dig5,20260828-083339,5,C:\Users\josep\source\repos\AIOTED-digital-rawdigits\20260828\08\5_main_dig5_20260828-083339.jpg,5,day,134.84,reading_est 58458; model saw 5; agree,,,0
day_fill,20260831-091334_dig5,20260831-091334,5,C:\Users\josep\source\repos\AIOTED-digital-rawdigits\20260831\09\5_main_dig5_20260831-091334.jpg,5,day,141.69,reading_est 58559; model saw 5; agree,,,0
day_fill,20260922-155324_dig5,20260922-155324,5,C:\Users\josep\source\repos\AIOTED-digital-rawdigits\20260922\15\5_main_dig5_20260922-155324.jpg,5,day,105.98,reading_est 59250; model saw 5; agree_soft,,,0
day_fill,20260907-153523_dig5,20260907-153523,5,C:\Users\josep\source\repos\AIOTED-digital-rawdigits\20260907\15\5_main_dig5_20260907-153523.jpg,5,day,140.98,reading_est 58850; model saw 5; agree_soft,,,0
day_fill,20260902-092710_dig5,20260902-092710,5,C:\Users\josep\source\repos\AIOTED-digital-rawdigits\20260902\09\5_main_dig5_20260902-092710.jpg,5,day,101.29,reading_est 58653; model saw 5; agree,,,0
day_fill,20260910-160001_dig5,20260910-160001,5,C:\Users\josep\source\repos\AIOTED-digital-rawdigits\20260910\16\5_main_dig5_20260910-160001.jpg,5,day,104.12,reading_est 58957; model saw 5; agree,,,0
day_fill,20260822-135750_dig5,20260822-135750,5,C:\Users\josep\source\repos\AIOTED-digital-rawdigits\20260822\13\5_main_dig5_20260822-135750.jpg,5,day,145.31,reading_est 58259; model saw 5; agree,,,0
day_fill,20260927-145842_dig5,20260927-145842,5,C:\Users\josep\source\repos\AIOTED-digital-rawdigits\20260927\14\5_main_dig5_20260927-145842.jpg,5,day,145.77,reading_est 59353; model saw 5; agree,,,0
day_fill,20260819-143356_dig5,20260819-143356,5,C:\Users\josep\source\repos\AIOTED-digital-rawdigits\20260819\14\5_main_dig5_20260819-143356.jpg,5,day,141.75,reading_est 58154; model saw 5; agree,,,0
day_fill,20260828-091339_dig5,20260828-091339,5,C:\Users\josep\source\repos\AIOTED-digital-rawdigits\20260828\09\5_main_dig5_20260828-091339.jpg,5,day,140.29,reading_est 58459; model saw 5; agree,,,0
day_fill,20260831-074534_dig5,20260831-074534,5,C:\Users\josep\source\repos\AIOTED-digital-rawdigits\20260831\07\5_main_dig5_20260831-074534.jpg,5,day,97.26,reading_est 58556; model saw 5; agree,,,0
day_fill,20260922-160524_dig5,20260922-160524,5,C:\Users\josep\source\repos\AIOTED-digital-rawdigits\20260922\16\5_main_dig5_20260922-160524.jpg,5,day,99.06,reading_est 59250; model saw 5; agree_soft,,,0
day_fill,20260907-155523_dig5,20260907-155523,5,C:\Users\josep\source\repos\AIOTED-digital-rawdigits\20260907\15\5_main_dig5_20260907-155523.jpg,5,day,114.83,reading_est 58851; model saw 5; agree,,,0
day_fill,20260902-102309_dig5,20260902-102309,5,C:\Users\josep\source\repos\AIOTED-digital-rawdigits\20260902\10\5_main_dig5_20260902-102309.jpg,5,day,125.31,reading_est 58654; model saw 5; agree,,,0
day_fill,20260910-133201_dig5,20260910-133201,5,C:\Users\josep\source\repos\AIOTED-digital-rawdigits\20260910\13\5_main_dig5_20260910-133201.jpg,5,day,152.77,reading_est 58951; model saw 5; agree,,,0
day_fill,20260822-133750_dig5,20260822-133750,5,C:\Users\josep\source\repos\AIOTED-digital-rawdigits\20260822\13\5_main_dig5_20260822-133750.jpg,5,day,122.97,reading_est 58258; model saw 5; agree,,,0
day_fill,20260927-123842_dig5,20260927-123842,5,C:\Users\josep\source\repos\AIOTED-digital-rawdigits\20260927\12\5_main_dig5_20260927-123842.jpg,5,day,151.06,reading_est 59351; model saw 5; agree,,,0
day_fill,20260819-162156_dig5,20260819-162156,5,C:\Users\josep\source\repos\AIOTED-digital-rawdigits\20260819\16\5_main_dig5_20260819-162156.jpg,5,day,118.09,reading_est 58159; model saw 5; agree_soft,,,0
day_fill,20260828-084139_dig5,20260828-084139,5,C:\Users\josep\source\repos\AIOTED-digital-rawdigits\20260828\08\5_main_dig5_20260828-084139.jpg,5,day,105.98,reading_est 58458; model saw 5; agree,,,0
day_fill,20260831-081734_dig5,20260831-081734,5,C:\Users\josep\source\repos\AIOTED-digital-rawdigits\20260831\08\5_main_dig5_20260831-081734.jpg,5,day,128.12,reading_est 58557; model saw 5; agree,,,0
day_fill,20260922-161323_dig5,20260922-161323,5,C:\Users\josep\source\repos\AIOTED-digital-rawdigits\20260922\16\5_main_dig5_20260922-161323.jpg,5,day,98.97,reading_est 59251; model saw 5; agree,,,0
day_fill,20260907-171523_dig5,20260907-171523,5,C:\Users\josep\source\repos\AIOTED-digital-rawdigits\20260907\17\5_main_dig5_20260907-171523.jpg,5,day,102.98,reading_est 58856; model saw 5; agree,,,0
day_fill,20260902-115509_dig5,20260902-115509,5,C:\Users\josep\source\repos\AIOTED-digital-rawdigits\20260902\11\5_main_dig5_20260902-115509.jpg,5,day,142.29,reading_est 58655; model saw 5; agree,,,0
day_fill,20260910-125201_dig5,20260910-125201,5,C:\Users\josep\source\repos\AIOTED-digital-rawdigits\20260910\12\5_main_dig5_20260910-125201.jpg,5,day,155.77,reading_est 58950; model saw 5; agree_soft,,,0
day_fill,20260822-095750_dig5,20260822-095750,5,C:\Users\josep\source\repos\AIOTED-digital-rawdigits\20260822\09\5_main_dig5_20260822-095750.jpg,5,day,136.00,reading_est 58250; model saw 5; agree,,,0
day_fill,20260927-111043_dig5,20260927-111043,5,C:\Users\josep\source\repos\AIOTED-digital-rawdigits\20260927\11\5_main_dig5_20260927-111043.jpg,5,day,151.29,reading_est 59350; model saw 5; agree,,,0
day_fill,20260911-075559_dig5,20260911-075559,5,C:\Users\josep\source\repos\AIOTED-digital-rawdigits\20260911\07\7_main_dig5_20260911-075559.jpg,7,day,131.29,reading_est 58976; model saw 7; agree,,,0
day_fill,20260914-135338_dig5,20260914-135338,5,C:\Users\josep\source\repos\AIOTED-digital-rawdigits\20260914\13\7_main_dig5_20260914-135338.jpg,7,day,125.90,reading_est 59070; model saw 7; agree_soft,,,0
day_fill,20260919-102529_dig5,20260919-102529,5,C:\Users\josep\source\repos\AIOTED-digital-rawdigits\20260919\10\7_main_dig5_20260919-102529.jpg,7,day,102.98,reading_est 59178; model saw 7; agree_soft,,,0
day_fill,20260820-083754_dig5,20260820-083754,5,C:\Users\josep\source\repos\AIOTED-digital-rawdigits\20260820\08\7_main_dig5_20260820-083754.jpg,7,day,132.06,reading_est 58178; model saw 7; agree,,,0
day_fill,20260831-144533_dig5,20260831-144533,5,C:\Users\josep\source\repos\AIOTED-digital-rawdigits\20260831\14\7_main_dig5_20260831-144533.jpg,7,day,102.31,reading_est 58573; model saw 7; agree,,,0
day_fill,20260817-124600_dig5,20260817-124600,5,C:\Users\josep\source\repos\AIOTED-digital-rawdigits\20260817\12\7_main_dig5_20260817-124600.jpg,7,day,108.97,reading_est 58070; model saw 7; agree,,,0
day_fill,20260828-160939_dig5,20260828-160939,5,C:\Users\josep\source\repos\AIOTED-digital-rawdigits\20260828\16\7_main_dig5_20260828-160939.jpg,7,day,132.05,reading_est 58475; model saw 7; agree,,,0
day_fill,20260905-112257_dig5,20260905-112257,5,C:\Users\josep\source\repos\AIOTED-digital-rawdigits\20260905\11\7_main_dig5_20260905-112257.jpg,7,day,114.19,reading_est 58776; model saw 7; agree,,,0
day_fill,20260908-113121_dig5,20260908-113121,5,C:\Users\josep\source\repos\AIOTED-digital-rawdigits\20260908\11\7_main_dig5_20260908-113121.jpg,7,day,99.19,reading_est 58876; model saw 7; agree,,,0
day_fill,20260928-160240_dig5,20260928-160240,5,C:\Users\josep\source\repos\AIOTED-digital-rawdigits\20260928\16\7_main_dig5_20260928-160240.jpg,7,day,96.98,reading_est 59376; model saw 7; agree,,,0
day_fill,20260911-103229_dig5,20260911-103229,5,C:\Users\josep\source\repos\AIOTED-digital-rawdigits\20260911\10\7_main_dig5_20260911-103229.jpg,7,day,154.29,reading_est 58978; model saw 7; agree_soft,,,0
day_fill,20260914-133338_dig5,20260914-133338,5,C:\Users\josep\source\repos\AIOTED-digital-rawdigits\20260914\13\7_main_dig5_20260914-133338.jpg,7,day,150.02,reading_est 59070; model saw 7; agree_soft,,,0
day_fill,20260919-100529_dig5,20260919-100529,5,C:\Users\josep\source\repos\AIOTED-digital-rawdigits\20260919\10\7_main_dig5_20260919-100529.jpg,7,day,99.29,reading_est 59178; model saw 7; agree_soft,,,0
day_fill,20260820-072954_dig5,20260820-072954,5,C:\Users\josep\source\repos\AIOTED-digital-rawdigits\20260820\07\7_main_dig5_20260820-072954.jpg,7,day,100.29,reading_est 58177; model saw 7; agree,,,0
day_fill,20260831-142534_dig5,20260831-142534,5,C:\Users\josep\source\repos\AIOTED-digital-rawdigits\20260831\14\7_main_dig5_20260831-142534.jpg,7,day,123.77,reading_est 58572; model saw 7; agree,,,0
day_fill,20260817-131400_dig5,20260817-131400,5,C:\Users\josep\source\repos\AIOTED-digital-rawdigits\20260817\13\7_main_dig5_20260817-131400.jpg,7,day,128.06,reading_est 58070; model saw 7; agree,,,0
day_fill,20260828-135339_dig5,20260828-135339,5,C:\Users\josep\source\repos\AIOTED-digital-rawdigits\20260828\13\7_main_dig5_20260828-135339.jpg,7,day,143.69,reading_est 58470; model saw 7; agree,,,0
day_fill,20260905-131057_dig5,20260905-131057,5,C:\Users\josep\source\repos\AIOTED-digital-rawdigits\20260905\13\7_main_dig5_20260905-131057.jpg,7,day,122.80,reading_est 58779; model saw 7; agree,,,0
day_fill,20260908-135921_dig5,20260908-135921,5,C:\Users\josep\source\repos\AIOTED-digital-rawdigits\20260908\13\7_main_dig5_20260908-135921.jpg,7,day,121.97,reading_est 58878; model saw 7; agree_soft,,,0
day_fill,20260928-150240_dig5,20260928-150240,5,C:\Users\josep\source\repos\AIOTED-digital-rawdigits\20260928\15\7_main_dig5_20260928-150240.jpg,7,day,150.29,reading_est 59374; model saw 7; agree,,,0
day_fill,20260911-095229_dig5,20260911-095229,5,C:\Users\josep\source\repos\AIOTED-digital-rawdigits\20260911\09\7_main_dig5_20260911-095229.jpg,7,day,150.05,reading_est 58978; model saw 7; agree_soft,,,0
day_fill,20260914-143338_dig5,20260914-143338,5,C:\Users\josep\source\repos\AIOTED-digital-rawdigits\20260914\14\7_main_dig5_20260914-143338.jpg,7,day,112.97,reading_est 59071; model saw 7; agree,,,0
day_fill,20260919-101329_dig5,20260919-101329,5,C:\Users\josep\source\repos\AIOTED-digital-rawdigits\20260919\10\7_main_dig5_20260919-101329.jpg,7,day,106.29,reading_est 59178; model saw 7; agree_soft,,,0
day_fill,20260820-080954_dig5,20260820-080954,5,C:\Users\josep\source\repos\AIOTED-digital-rawdigits\20260820\08\7_main_dig5_20260820-080954.jpg,7,day,126.06,reading_est 58178; model saw 7; agree,,,0
day_fill,20260831-155333_dig5,20260831-155333,5,C:\Users\josep\source\repos\AIOTED-digital-rawdigits\20260831\15\7_main_dig5_20260831-155333.jpg,7,day,116.19,reading_est 58576; model saw 7; agree,,,0
day_fill,20260817-142600_dig5,20260817-142600,5,C:\Users\josep\source\repos\AIOTED-digital-rawdigits\20260817\14\7_main_dig5_20260817-142600.jpg,7,day,138.21,reading_est 58074; model saw 7; agree,,,0
day_fill,20260828-164939_dig5,20260828-164939,5,C:\Users\josep\source\repos\AIOTED-digital-rawdigits\20260828\16\7_main_dig5_20260828-164939.jpg,7,day,101.98,reading_est 58476; model saw 7; agree,,,0
day_fill,20260905-113057_dig5,20260905-113057,5,C:\Users\josep\source\repos\AIOTED-digital-rawdigits\20260905\11\7_main_dig5_20260905-113057.jpg,7,day,134.19,reading_est 58776; model saw 7; agree,,,0
day_fill,20260908-121921_dig5,20260908-121921,5,C:\Users\josep\source\repos\AIOTED-digital-rawdigits\20260908\12\7_main_dig5_20260908-121921.jpg,7,day,101.98,reading_est 58877; model saw 7; agree,,,0
day_fill,20260928-143440_dig5,20260928-143440,5,C:\Users\josep\source\repos\AIOTED-digital-rawdigits\20260928\14\7_main_dig5_20260928-143440.jpg,7,day,158.82,reading_est 59373; model saw 7; agree,,,0
day_fill,20260911-080759_dig5,20260911-080759,5,C:\Users\josep\source\repos\AIOTED-digital-rawdigits\20260911\08\7_main_dig5_20260911-080759.jpg,7,day,137.00,reading_est 58976; model saw 7; agree,,,0
day_fill,20260914-134538_dig5,20260914-134538,5,C:\Users\josep\source\repos\AIOTED-digital-rawdigits\20260914\13\7_main_dig5_20260914-134538.jpg,7,day,127.29,reading_est 59070; model saw 7; agree_soft,,,0
day_fill,20260820-090954_dig5,20260820-090954,5,C:\Users\josep\source\repos\AIOTED-digital-rawdigits\20260820\09\7_main_dig5_20260820-090954.jpg,7,day,137.98,reading_est 58179; model saw 7; agree,,,0
day_fill,20260831-153333_dig5,20260831-153333,5,C:\Users\josep\source\repos\AIOTED-digital-rawdigits\20260831\15\7_main_dig5_20260831-153333.jpg,7,day,132.75,reading_est 58575; model saw 7; agree,,,0
day_fill,20260817-152559_dig5,20260817-152559,5,C:\Users\josep\source\repos\AIOTED-digital-rawdigits\20260817\15\7_main_dig5_20260817-152559.jpg,7,day,116.98,reading_est 58077; model saw 7; agree,,,0
day_fill,20260828-150939_dig5,20260828-150939,5,C:\Users\josep\source\repos\AIOTED-digital-rawdigits\20260828\15\7_main_dig5_20260828-150939.jpg,7,day,97.97,reading_est 58472; model saw 7; agree,,,0
day_fill,20260905-111857_dig5,20260905-111857,5,C:\Users\josep\source\repos\AIOTED-digital-rawdigits\20260905\11\7_main_dig5_20260905-111857.jpg,7,day,120.25,reading_est 58776; model saw 7; agree,,,0
day_fill,20260908-133121_dig5,20260908-133121,5,C:\Users\josep\source\repos\AIOTED-digital-rawdigits\20260908\13\7_main_dig5_20260908-133121.jpg,7,day,96.03,reading_est 58878; model saw 7; agree_soft,,,0
day_fill,20260928-155440_dig5,20260928-155440,5,C:\Users\josep\source\repos\AIOTED-digital-rawdigits\20260928\15\7_main_dig5_20260928-155440.jpg,7,day,97.29,reading_est 59376; model saw 7; agree,,,0
day_fill,20260911-101229_dig5,20260911-101229,5,C:\Users\josep\source\repos\AIOTED-digital-rawdigits\20260911\10\7_main_dig5_20260911-101229.jpg,7,day,143.29,reading_est 58978; model saw 7; agree_soft,,,0
day_fill,20260914-132538_dig5,20260914-132538,5,C:\Users\josep\source\repos\AIOTED-digital-rawdigits\20260914\13\7_main_dig5_20260914-132538.jpg,7,day,142.02,reading_est 59070; model saw 7; agree_soft,,,0
day_fill,20260820-074954_dig5,20260820-074954,5,C:\Users\josep\source\repos\AIOTED-digital-rawdigits\20260820\07\7_main_dig5_20260820-074954.jpg,7,day,110.29,reading_est 58177; model saw 7; agree,,,0
day_fill,20260831-151333_dig5,20260831-151333,5,C:\Users\josep\source\repos\AIOTED-digital-rawdigits\20260831\15\7_main_dig5_20260831-151333.jpg,7,day,101.98,reading_est 58574; model saw 7; agree,,,0
day_fill,20260817-135400_dig5,20260817-135400,5,C:\Users\josep\source\repos\AIOTED-digital-rawdigits\20260817\13\7_main_dig5_20260817-135400.jpg,7,day,104.81,reading_est 58072; model saw 7; agree,,,0
day_fill,20260828-134939_dig5,20260828-134939,5,C:\Users\josep\source\repos\AIOTED-digital-rawdigits\20260828\13\7_main_dig5_20260828-134939.jpg,7,day,122.75,reading_est 58470; model saw 7; agree,,,0
day_fill,20260905-121857_dig5,20260905-121857,5,C:\Users\josep\source\repos\AIOTED-digital-rawdigits\20260905\12\7_main_dig5_20260905-121857.jpg,7,day,127.20,reading_est 58778; model saw 7; agree,,,0
day_fill,20260908-131921_dig5,20260908-131921,5,C:\Users\josep\source\repos\AIOTED-digital-rawdigits\20260908\13\7_main_dig5_20260908-131921.jpg,7,day,108.98,reading_est 58878; model saw 7; agree_soft,,,0
day_fill,20260928-153440_dig5,20260928-153440,5,C:\Users\josep\source\repos\AIOTED-digital-rawdigits\20260928\15\7_main_dig5_20260928-153440.jpg,7,day,120.98,reading_est 59374; model saw 7; agree,,,0
day_fill,20260911-084759_dig5,20260911-084759,5,C:\Users\josep\source\repos\AIOTED-digital-rawdigits\20260911\08\7_main_dig5_20260911-084759.jpg,7,day,150.26,reading_est 58977; model saw 7; agree,,,0
day_fill,20260914-145338_dig5,20260914-145338,5,C:\Users\josep\source\repos\AIOTED-digital-rawdigits\20260914\14\7_main_dig5_20260914-145338.jpg,7,day,109.89,reading_est 59071; model saw 7; agree,,,0
day_fill,20260820-082954_dig5,20260820-082954,5,C:\Users\josep\source\repos\AIOTED-digital-rawdigits\20260820\08\7_main_dig5_20260820-082954.jpg,7,day,129.76,reading_est 58178; model saw 7; agree,,,0
day_fill,20260831-134534_dig5,20260831-134534,5,C:\Users\josep\source\repos\AIOTED-digital-rawdigits\20260831\13\7_main_dig5_20260831-134534.jpg,7,day,121.02,reading_est 58570; model saw 7; agree,,,0
day_fill,20260817-140600_dig5,20260817-140600,5,C:\Users\josep\source\repos\AIOTED-digital-rawdigits\20260817\14\7_main_dig5_20260817-140600.jpg,7,day,140.99,reading_est 58073; model saw 7; agree,,,0
day_fill,20260828-164139_dig5,20260828-164139,5,C:\Users\josep\source\repos\AIOTED-digital-rawdigits\20260828\16\7_main_dig5_20260828-164139.jpg,7,day,101.97,reading_est 58476; model saw 7; agree,,,0
day_fill,20260905-125857_dig5,20260905-125857,5,C:\Users\josep\source\repos\AIOTED-digital-rawdigits\20260905\12\7_main_dig5_20260905-125857.jpg,7,day,132.97,reading_est 58779; model saw 7; agree,,,0
day_fill,20260908-103921_dig5,20260908-103921,5,C:\Users\josep\source\repos\AIOTED-digital-rawdigits\20260908\10\7_main_dig5_20260908-103921.jpg,7,day,100.98,reading_est 58874; model saw 7; agree,,,0
day_fill,20260928-145440_dig5,20260928-145440,5,C:\Users\josep\source\repos\AIOTED-digital-rawdigits\20260928\14\7_main_dig5_20260928-145440.jpg,7,day,146.29,reading_est 59374; model saw 7; agree,,,0
day_fill,20260911-074759_dig5,20260911-074759,5,C:\Users\josep\source\repos\AIOTED-digital-rawdigits\20260911\07\7_main_dig5_20260911-074759.jpg,7,day,127.29,reading_est 58976; model saw 7; agree,,,0
day_fill,20260914-134138_dig5,20260914-134138,5,C:\Users\josep\source\repos\AIOTED-digital-rawdigits\20260914\13\7_main_dig5_20260914-134138.jpg,7,day,122.69,reading_est 59070; model saw 7; agree_soft,,,0
day_fill,20260820-091754_dig5,20260820-091754,5,C:\Users\josep\source\repos\AIOTED-digital-rawdigits\20260820\09\7_main_dig5_20260820-091754.jpg,7,day,139.20,reading_est 58179; model saw 7; agree_soft,,,0
day_fill,20260831-152533_dig5,20260831-152533,5,C:\Users\josep\source\repos\AIOTED-digital-rawdigits\20260831\15\7_main_dig5_20260831-152533.jpg,7,day,136.74,reading_est 58575; model saw 7; agree,,,0
day_fill,20260817-132600_dig5,20260817-132600,5,C:\Users\josep\source\repos\AIOTED-digital-rawdigits\20260817\13\7_main_dig5_20260817-132600.jpg,7,day,118.08,reading_est 58071; model saw 7; agree,,,0
day_fill,20260828-144939_dig5,20260828-144939,5,C:\Users\josep\source\repos\AIOTED-digital-rawdigits\20260828\14\7_main_dig5_20260828-144939.jpg,7,day,100.97,reading_est 58471; model saw 7; agree,,,0
day_fill,20260905-115857_dig5,20260905-115857,5,C:\Users\josep\source\repos\AIOTED-digital-rawdigits\20260905\11\7_main_dig5_20260905-115857.jpg,7,day,119.98,reading_est 58778; model saw 7; agree,,,0
day_fill,20260908-104321_dig5,20260908-104321,5,C:\Users\josep\source\repos\AIOTED-digital-rawdigits\20260908\10\7_main_dig5_20260908-104321.jpg,7,day,99.97,reading_est 58876; model saw 7; agree,,,0
day_fill,20260915-140936_dig2,20260915-140936,2,C:\Users\josep\source\repos\AIOTED-digital-rawdigits\20260915\14\0_main_dig2_20260915-140936.jpg,0,day,139.71,screen test0; model saw 0; agree,,,0
day_fill,20260906-145525_dig2,20260906-145525,2,C:\Users\josep\source\repos\AIOTED-digital-rawdigits\20260906\14\0_main_dig2_20260906-145525.jpg,0,day,147.21,screen test0; model saw 0; agree,,,0
day_fill,20260911-081959_dig2,20260911-081959,2,C:\Users\josep\source\repos\AIOTED-digital-rawdigits\20260911\08\0_main_dig2_20260911-081959.jpg,0,day,135.69,screen test0; model saw 0; agree,,,0
day_fill,20260905-152257_dig2,20260905-152257,2,C:\Users\josep\source\repos\AIOTED-digital-rawdigits\20260905\15\0_main_dig2_20260905-152257.jpg,0,day,102.97,screen test0; model saw 0; agree,,,0
day_fill,20260927-120243_dig2,20260927-120243,2,C:\Users\josep\source\repos\AIOTED-digital-rawdigits\20260927\12\0_main_dig2_20260927-120243.jpg,0,day,151.08,screen test0; model saw 0; agree,,,0
day_fill,20260823-105348_dig2,20260823-105348,2,C:\Users\josep\source\repos\AIOTED-digital-rawdigits\20260823\10\0_main_dig2_20260823-105348.jpg,0,day,133.09,screen test0; model saw 0; agree,,,0
day_fill,20260815-084204_dig2,20260815-084204,2,C:\Users\josep\source\repos\AIOTED-digital-rawdigits\20260815\08\0_main_dig2_20260815-084204.jpg,0,day,125.10,screen test0; model saw 0; agree,,,0
day_fill,20260922-155724_dig2,20260922-155724,2,C:\Users\josep\source\repos\AIOTED-digital-rawdigits\20260922\15\0_main_dig2_20260922-155724.jpg,0,day,100.21,screen test0; model saw 0; agree,,,0
day_fill,20260928-110641_dig2,20260928-110641,2,C:\Users\josep\source\repos\AIOTED-digital-rawdigits\20260928\11\0_main_dig2_20260928-110641.jpg,0,day,146.98,screen test0; model saw 0; agree,,,0
day_fill,20260826-093743_dig2,20260826-093743,2,C:\Users\josep\source\repos\AIOTED-digital-rawdigits\20260826\09\0_main_dig2_20260826-093743.jpg,0,day,134.92,screen test0; model saw 0; agree,,,0
day_fill,20260904-102705_dig2,20260904-102705,2,C:\Users\josep\source\repos\AIOTED-digital-rawdigits\20260904\10\0_main_dig2_20260904-102705.jpg,0,day,111.12,screen test0; model saw 0; agree,,,0
day_fill,20260902-101910_dig2,20260902-101910,2,C:\Users\josep\source\repos\AIOTED-digital-rawdigits\20260902\10\0_main_dig2_20260902-101910.jpg,0,day,97.29,screen test0; model saw 0; agree,,,0
day_fill,20260829-110937_dig2,20260829-110937,2,C:\Users\josep\source\repos\AIOTED-digital-rawdigits\20260829\11\0_main_dig2_20260829-110937.jpg,0,day,102.97,screen test0; model saw 0; agree,,,0
day_fill,20260914-131738_dig2,20260914-131738,2,C:\Users\josep\source\repos\AIOTED-digital-rawdigits\20260914\13\0_main_dig2_20260914-131738.jpg,0,day,145.80,screen test0; model saw 0; agree,,,0
day_fill,20260924-080550_dig2,20260924-080550,2,C:\Users\josep\source\repos\AIOTED-digital-rawdigits\20260924\08\0_main_dig2_20260924-080550.jpg,0,day,116.97,screen test0; model saw 0; agree,,,0
day_fill,20260816-114602_dig2,20260816-114602,2,C:\Users\josep\source\repos\AIOTED-digital-rawdigits\20260816\11\0_main_dig2_20260816-114602.jpg,0,day,125.75,screen test0; model saw 0; agree,,,0
day_fill,20260903-122307_dig2,20260903-122307,2,C:\Users\josep\source\repos\AIOTED-digital-rawdigits\20260903\12\0_main_dig2_20260903-122307.jpg,0,day,136.08,screen test0; model saw 0; agree,,,0
day_fill,20260919-131729_dig2,20260919-131729,2,C:\Users\josep\source\repos\AIOTED-digital-rawdigits\20260919\13\0_main_dig2_20260919-131729.jpg,0,day,109.94,screen test0; model saw 0; agree,,,0
day_fill,20260908-142321_dig2,20260908-142321,2,C:\Users\josep\source\repos\AIOTED-digital-rawdigits\20260908\14\0_main_dig2_20260908-142321.jpg,0,day,131.21,screen test0; model saw 0; agree,,,0
day_fill,20260819-153756_dig2,20260819-153756,2,C:\Users\josep\source\repos\AIOTED-digital-rawdigits\20260819\15\0_main_dig2_20260819-153756.jpg,0,day,133.94,screen test0; model saw 0; agree,,,0
day_fill,20260820-130154_dig2,20260820-130154,2,C:\Users\josep\source\repos\AIOTED-digital-rawdigits\20260820\13\0_main_dig2_20260820-130154.jpg,0,day,136.10,screen test0; model saw 0; agree,,,0
day_fill,20260910-102318_dig2,20260910-102318,2,C:\Users\josep\source\repos\AIOTED-digital-rawdigits\20260910\10\0_main_dig2_20260910-102318.jpg,0,day,148.20,screen test0; model saw 0; agree,,,0
day_fill,20260821-124552_dig2,20260821-124552,2,C:\Users\josep\source\repos\AIOTED-digital-rawdigits\20260821\12\0_main_dig2_20260821-124552.jpg,0,day,114.07,screen test0; model saw 0; agree,,,0
day_fill,20260921-155325_dig2,20260921-155325,2,C:\Users\josep\source\repos\AIOTED-digital-rawdigits\20260921\15\0_main_dig2_20260921-155325.jpg,0,day,106.29,screen test0; model saw 0; agree,,,0
day_fill,20260930-094637_dig2,20260930-094637,2,C:\Users\josep\source\repos\AIOTED-digital-rawdigits\20260930\09\0_main_dig2_20260930-094637.jpg,0,day,113.21,screen test0; model saw 0; agree,,,0
day_fill,20260907-085123_dig2,20260907-085123,2,C:\Users\josep\source\repos\AIOTED-digital-rawdigits\20260907\08\0_main_dig2_20260907-085123.jpg,0,day,145.84,screen test0; model saw 0; agree,,,0
day_fill,20260926-151015_dig2,20260926-151015,2,C:\Users\josep\source\repos\AIOTED-digital-rawdigits\20260926\15\0_main_dig2_20260926-151015.jpg,0,day,149.82,screen test0; model saw 0; agree,,,0
day_fill,20260913-113340_dig2,20260913-113340,2,C:\Users\josep\source\repos\AIOTED-digital-rawdigits\20260913\11\0_main_dig2_20260913-113340.jpg,0,day,100.98,screen test0; model saw 0; agree,,,0
day_fill,20260918-125331_dig2,20260918-125331,2,C:\Users\josep\source\repos\AIOTED-digital-rawdigits\20260918\12\0_main_dig2_20260918-125331.jpg,0,day,114.93,screen test0; model saw 0; agree,,,0
day_fill,20260822-142950_dig2,20260822-142950,2,C:\Users\josep\source\repos\AIOTED-digital-rawdigits\20260822\14\0_main_dig2_20260822-142950.jpg,0,day,135.75,screen test0; model saw 0; agree,,,0
day_fill,20260830-135335_dig2,20260830-135335,2,C:\Users\josep\source\repos\AIOTED-digital-rawdigits\20260830\13\0_main_dig2_20260830-135335.jpg,0,day,115.29,screen test0; model saw 0; agree,,,0
day_fill,20260824-153746_dig2,20260824-153746,2,C:\Users\josep\source\repos\AIOTED-digital-rawdigits\20260824\15\0_main_dig2_20260824-153746.jpg,0,day,140.10,screen test0; model saw 0; agree,,,0
day_fill,20260827-122141_dig2,20260827-122141,2,C:\Users\josep\source\repos\AIOTED-digital-rawdigits\20260827\12\0_main_dig2_20260827-122141.jpg,0,day,136.83,screen test0; model saw 0; agree,,,0
day_fill,20260817-115000_dig2,20260817-115000,2,C:\Users\josep\source\repos\AIOTED-digital-rawdigits\20260817\11\0_main_dig2_20260817-115000.jpg,0,day,132.31,screen test0; model saw 0; agree,,,0
day_fill,20260920-150127_dig2,20260920-150127,2,C:\Users\josep\source\repos\AIOTED-digital-rawdigits\20260920\15\0_main_dig2_20260920-150127.jpg,0,day,110.84,screen test0; model saw 0; agree,,,0
day_fill,20260925-093817_dig2,20260925-093817,2,C:\Users\josep\source\repos\AIOTED-digital-rawdigits\20260925\09\0_main_dig2_20260925-093817.jpg,0,day,114.14,screen test0; model saw 0; agree,,,0
day_fill,20260828-114539_dig2,20260828-114539,2,C:\Users\josep\source\repos\AIOTED-digital-rawdigits\20260828\11\0_main_dig2_20260828-114539.jpg,0,day,138.71,screen test0; model saw 0; agree,,,0
day_fill,20260917-110932_dig2,20260917-110932,2,C:\Users\josep\source\repos\AIOTED-digital-rawdigits\20260917\11\0_main_dig2_20260917-110932.jpg,0,day,110.98,screen test0; model saw 0; agree,,,0
day_fill,20260912-092027_dig2,20260912-092027,2,C:\Users\josep\source\repos\AIOTED-digital-rawdigits\20260912\09\0_main_dig2_20260912-092027.jpg,0,day,137.98,screen test0; model saw 0; agree,,,0
day_fill,20260831-163733_dig2,20260831-163733,2,C:\Users\josep\source\repos\AIOTED-digital-rawdigits\20260831\16\0_main_dig2_20260831-163733.jpg,0,day,96.97,screen test0; model saw 0; agree,,,0
day_fill,20260915-114136_dig2,20260915-114136,2,C:\Users\josep\source\repos\AIOTED-digital-rawdigits\20260915\11\0_main_dig2_20260915-114136.jpg,0,day,121.69,screen test0; model saw 0; agree,,,0
day_fill,20260906-153525_dig2,20260906-153525,2,C:\Users\josep\source\repos\AIOTED-digital-rawdigits\20260906\15\0_main_dig2_20260906-153525.jpg,0,day,122.98,screen test0; model saw 0; agree,,,0
day_fill,20260911-162428_dig2,20260911-162428,2,C:\Users\josep\source\repos\AIOTED-digital-rawdigits\20260911\16\0_main_dig2_20260911-162428.jpg,0,day,98.01,screen test0; model saw 0; agree,,,0
day_fill,20260905-113457_dig2,20260905-113457,2,C:\Users\josep\source\repos\AIOTED-digital-rawdigits\20260905\11\0_main_dig2_20260905-113457.jpg,0,day,130.98,screen test0; model saw 0; agree,,,0
day_fill,20260927-084614_dig2,20260927-084614,2,C:\Users\josep\source\repos\AIOTED-digital-rawdigits\20260927\08\0_main_dig2_20260927-084614.jpg,0,day,151.69,screen test0; model saw 0; agree,,,0
day_fill,20260823-161348_dig2,20260823-161348,2,C:\Users\josep\source\repos\AIOTED-digital-rawdigits\20260823\16\0_main_dig2_20260823-161348.jpg,0,day,129.11,screen test0; model saw 0; agree,,,0
day_fill,20260815-171003_dig2,20260815-171003,2,C:\Users\josep\source\repos\AIOTED-digital-rawdigits\20260815\17\0_main_dig2_20260815-171003.jpg,0,day,99.19,screen test0; model saw 0; agree,,,0
day_fill,20260922-110924_dig2,20260922-110924,2,C:\Users\josep\source\repos\AIOTED-digital-rawdigits\20260922\11\0_main_dig2_20260922-110924.jpg,0,day,148.29,screen test0; model saw 0; agree,,,0
day_fill,20260928-090641_dig2,20260928-090641,2,C:\Users\josep\source\repos\AIOTED-digital-rawdigits\20260928\09\0_main_dig2_20260928-090641.jpg,0,day,147.26,screen test0; model saw 0; agree,,,0
day_fill,20260826-075743_dig2,20260826-075743,2,C:\Users\josep\source\repos\AIOTED-digital-rawdigits\20260826\07\0_main_dig2_20260826-075743.jpg,0,day,116.11,screen test0; model saw 0; agree,,,0
day_fill,20260904-124228_dig2,20260904-124228,2,C:\Users\josep\source\repos\AIOTED-digital-rawdigits\20260904\12\0_main_dig2_20260904-124228.jpg,0,day,143.21,screen test0; model saw 0; agree,,,0
day_fill,20260902-120709_dig2,20260902-120709,2,C:\Users\josep\source\repos\AIOTED-digital-rawdigits\20260902\12\0_main_dig2_20260902-120709.jpg,0,day,142.29,screen test0; model saw 0; agree,,,0
day_fill,20260829-112937_dig2,20260829-112937,2,C:\Users\josep\source\repos\AIOTED-digital-rawdigits\20260829\11\0_main_dig2_20260829-112937.jpg,0,day,97.17,screen test0; model saw 0; agree,,,0
day_fill,20260914-150538_dig2,20260914-150538,2,C:\Users\josep\source\repos\AIOTED-digital-rawdigits\20260914\15\0_main_dig2_20260914-150538.jpg,0,day,104.84,screen test0; model saw 0; agree,,,0
day_fill,20260924-160218_dig2,20260924-160218,2,C:\Users\josep\source\repos\AIOTED-digital-rawdigits\20260924\16\0_main_dig2_20260924-160218.jpg,0,day,96.25,screen test0; model saw 0; agree,,,0
day_fill,20260816-133402_dig2,20260816-133402,2,C:\Users\josep\source\repos\AIOTED-digital-rawdigits\20260816\13\0_main_dig2_20260816-133402.jpg,0,day,134.94,screen test0; model saw 0; agree,,,0
day_fill,20260903-152307_dig2,20260903-152307,2,C:\Users\josep\source\repos\AIOTED-digital-rawdigits\20260903\15\0_main_dig2_20260903-152307.jpg,0,day,108.21,screen test0; model saw 0; agree,,,0
day_fill,20260919-113729_dig2,20260919-113729,2,C:\Users\josep\source\repos\AIOTED-digital-rawdigits\20260919\11\0_main_dig2_20260919-113729.jpg,0,day,101.29,screen test0; model saw 0; agree,,,0
day_fill,20260908-122321_dig2,20260908-122321,2,C:\Users\josep\source\repos\AIOTED-digital-rawdigits\20260908\12\0_main_dig2_20260908-122321.jpg,0,day,103.12,screen test0; model saw 0; agree,,,0
day_fill,20260819-113756_dig2,20260819-113756,2,C:\Users\josep\source\repos\AIOTED-digital-rawdigits\20260819\11\0_main_dig2_20260819-113756.jpg,0,day,131.02,screen test0; model saw 0; agree,,,0
day_fill,20260820-110154_dig2,20260820-110154,2,C:\Users\josep\source\repos\AIOTED-digital-rawdigits\20260820\11\0_main_dig2_20260820-110154.jpg,0,day,137.31,screen test0; model saw 0; agree,,,0
day_fill,20260910-110318_dig2,20260910-110318,2,C:\Users\josep\source\repos\AIOTED-digital-rawdigits\20260910\11\0_main_dig2_20260910-110318.jpg,0,day,145.83,screen test0; model saw 0; agree,,,0
day_fill,20260829-122537_dig4,20260829-122537,4,C:\Users\josep\source\repos\AIOTED-digital-rawdigits\20260829\12\5_main_dig4_20260829-122537.jpg,5,day,101.69,reading_est 58500; model saw 5; agree,,,0
day_fill,20260831-164133_dig4,20260831-164133,4,C:\Users\josep\source\repos\AIOTED-digital-rawdigits\20260831\16\5_main_dig4_20260831-164133.jpg,5,day,96.26,reading_est 58579; model saw 5; agree,,,0
day_fill,20260830-082936_dig4,20260830-082936,4,C:\Users\josep\source\repos\AIOTED-digital-rawdigits\20260830\08\5_main_dig4_20260830-082936.jpg,5,day,130.84,reading_est 58519; model saw 5; agree,,,0
day_fill,20260829-140537_dig4,20260829-140537,4,C:\Users\josep\source\repos\AIOTED-digital-rawdigits\20260829\14\5_main_dig4_20260829-140537.jpg,5,day,106.24,reading_est 58502; model saw 5; agree,,,0
day_fill,20260831-162133_dig4,20260831-162133,4,C:\Users\josep\source\repos\AIOTED-digital-rawdigits\20260831\16\5_main_dig4_20260831-162133.jpg,5,day,102.97,reading_est 58578; model saw 5; agree,,,0
day_fill,20260830-084936_dig4,20260830-084936,4,C:\Users\josep\source\repos\AIOTED-digital-rawdigits\20260830\08\5_main_dig4_20260830-084936.jpg,5,day,135.82,reading_est 58520; model saw 5; agree,,,0
day_fill,20260829-124537_dig4,20260829-124537,4,C:\Users\josep\source\repos\AIOTED-digital-rawdigits\20260829\12\5_main_dig4_20260829-124537.jpg,5,day,96.98,reading_est 58500; model saw 5; agree,,,0
day_fill,20260831-100534_dig4,20260831-100534,4,C:\Users\josep\source\repos\AIOTED-digital-rawdigits\20260831\10\5_main_dig4_20260831-100534.jpg,5,day,138.02,reading_est 58560; model saw 5; agree,,,0
day_fill,20260830-170935_dig4,20260830-170935,4,C:\Users\josep\source\repos\AIOTED-digital-rawdigits\20260830\17\5_main_dig4_20260830-170935.jpg,5,day,100.98,reading_est 58538; model saw 5; agree,,,0
day_fill,20260829-121737_dig4,20260829-121737,4,C:\Users\josep\source\repos\AIOTED-digital-rawdigits\20260829\12\5_main_dig4_20260829-121737.jpg,5,day,100.98,reading_est 58500; model saw 5; agree,,,0
day_fill,20260831-135334_dig4,20260831-135334,4,C:\Users\josep\source\repos\AIOTED-digital-rawdigits\20260831\13\5_main_dig4_20260831-135334.jpg,5,day,135.02,reading_est 58571; model saw 5; agree,,,0
day_fill,20260830-112136_dig4,20260830-112136,4,C:\Users\josep\source\repos\AIOTED-digital-rawdigits\20260830\11\5_main_dig4_20260830-112136.jpg,5,day,137.31,reading_est 58523; model saw 5; agree,,,0
day_fill,20260829-120537_dig4,20260829-120537,4,C:\Users\josep\source\repos\AIOTED-digital-rawdigits\20260829\12\5_main_dig4_20260829-120537.jpg,5,day,104.77,reading_est 58500; model saw 5; agree,,,0
day_fill,20260831-115334_dig4,20260831-115334,4,C:\Users\josep\source\repos\AIOTED-digital-rawdigits\20260831\11\5_main_dig4_20260831-115334.jpg,5,day,163.81,reading_est 58565; model saw 5; agree,,,0
day_fill,20260830-104136_dig4,20260830-104136,4,C:\Users\josep\source\repos\AIOTED-digital-rawdigits\20260830\10\5_main_dig4_20260830-104136.jpg,5,day,142.00,reading_est 58521; model saw 5; agree,,,0
day_fill,20260829-130537_dig4,20260829-130537,4,C:\Users\josep\source\repos\AIOTED-digital-rawdigits\20260829\13\5_main_dig4_20260829-130537.jpg,5,day,101.69,reading_est 58501; model saw 5; agree,,,0
day_fill,20260831-075734_dig4,20260831-075734,4,C:\Users\josep\source\repos\AIOTED-digital-rawdigits\20260831\07\5_main_dig4_20260831-075734.jpg,5,day,121.05,reading_est 58556; model saw 5; agree,,,0
day_fill,20260830-104936_dig4,20260830-104936,4,C:\Users\josep\source\repos\AIOTED-digital-rawdigits\20260830\10\5_main_dig4_20260830-104936.jpg,5,day,143.15,reading_est 58521; model saw 5; agree,,,0
day_fill,20260829-135737_dig4,20260829-135737,4,C:\Users\josep\source\repos\AIOTED-digital-rawdigits\20260829\13\5_main_dig4_20260829-135737.jpg,5,day,96.40,reading_est 58502; model saw 5; agree,,,0
day_fill,20260831-080534_dig4,20260831-080534,4,C:\Users\josep\source\repos\AIOTED-digital-rawdigits\20260831\08\5_main_dig4_20260831-080534.jpg,5,day,126.29,reading_est 58556; model saw 5; agree,,,0
day_fill,20260830-163735_dig4,20260830-163735,4,C:\Users\josep\source\repos\AIOTED-digital-rawdigits\20260830\16\5_main_dig4_20260830-163735.jpg,5,day,106.18,reading_est 58536; model saw 5; agree,,,0
day_fill,20260831-112534_dig4,20260831-112534,4,C:\Users\josep\source\repos\AIOTED-digital-rawdigits\20260831\11\5_main_dig4_20260831-112534.jpg,5,day,156.12,reading_est 58563; model saw 5; agree,,,0
day_fill,20260830-114136_dig4,20260830-114136,4,C:\Users\josep\source\repos\AIOTED-digital-rawdigits\20260830\11\5_main_dig4_20260830-114136.jpg,5,day,138.15,reading_est 58524; model saw 5; agree,,,0
day_fill,20260831-121334_dig4,20260831-121334,4,C:\Users\josep\source\repos\AIOTED-digital-rawdigits\20260831\12\5_main_dig4_20260831-121334.jpg,5,day,138.88,reading_est 58566; model saw 5; agree,,,0
day_fill,20260830-154135_dig4,20260830-154135,4,C:\Users\josep\source\repos\AIOTED-digital-rawdigits\20260830\15\5_main_dig4_20260830-154135.jpg,5,day,108.12,reading_est 58534; model saw 5; agree,,,0
day_fill,20260831-111334_dig4,20260831-111334,4,C:\Users\josep\source\repos\AIOTED-digital-rawdigits\20260831\11\5_main_dig4_20260831-111334.jpg,5,day,156.89,reading_est 58562; model saw 5; agree,,,0
day_fill,20260830-084136_dig4,20260830-084136,4,C:\Users\josep\source\repos\AIOTED-digital-rawdigits\20260830\08\5_main_dig4_20260830-084136.jpg,5,day,134.29,reading_est 58519; model saw 5; agree,,,0
day_fill,20260831-101334_dig4,20260831-101334,4,C:\Users\josep\source\repos\AIOTED-digital-rawdigits\20260831\10\5_main_dig4_20260831-101334.jpg,5,day,138.79,reading_est 58561; model saw 5; agree,,,0
day_fill,20260830-165735_dig4,20260830-165735,4,C:\Users\josep\source\repos\AIOTED-digital-rawdigits\20260830\16\5_main_dig4_20260830-165735.jpg,5,day,100.98,reading_est 58537; model saw 5; agree,,,0
day_fill,20260831-143333_dig4,20260831-143333,4,C:\Users\josep\source\repos\AIOTED-digital-rawdigits\20260831\14\5_main_dig4_20260831-143333.jpg,5,day,122.02,reading_est 58572; model saw 5; agree,,,0
day_fill,20260830-114936_dig4,20260830-114936,4,C:\Users\josep\source\repos\AIOTED-digital-rawdigits\20260830\11\5_main_dig4_20260830-114936.jpg,5,day,139.15,reading_est 58524; model saw 5; agree,,,0
day_fill,20260831-075334_dig4,20260831-075334,4,C:\Users\josep\source\repos\AIOTED-digital-rawdigits\20260831\07\5_main_dig4_20260831-075334.jpg,5,day,103.74,reading_est 58556; model saw 5; agree,,,0
day_fill,20260830-074936_dig4,20260830-074936,4,C:\Users\josep\source\repos\AIOTED-digital-rawdigits\20260830\07\5_main_dig4_20260830-074936.jpg,5,day,113.06,reading_est 58518; model saw 5; agree,,,0
day_fill,20260831-160533_dig4,20260831-160533,4,C:\Users\josep\source\repos\AIOTED-digital-rawdigits\20260831\16\5_main_dig4_20260831-160533.jpg,5,day,103.81,reading_est 58577; model saw 5; agree,,,0
day_fill,20260830-092136_dig4,20260830-092136,4,C:\Users\josep\source\repos\AIOTED-digital-rawdigits\20260830\09\5_main_dig4_20260830-092136.jpg,5,day,142.05,reading_est 58520; model saw 5; agree,,,0
day_fill,20260831-110534_dig4,20260831-110534,4,C:\Users\josep\source\repos\AIOTED-digital-rawdigits\20260831\11\5_main_dig4_20260831-110534.jpg,5,day,152.15,reading_est 58562; model saw 5; agree,,,0
day_fill,20260830-072936_dig4,20260830-072936,4,C:\Users\josep\source\repos\AIOTED-digital-rawdigits\20260830\07\5_main_dig4_20260830-072936.jpg,5,day,101.29,reading_est 58518; model saw 5; agree,,,0
day_fill,20260831-113334_dig4,20260831-113334,4,C:\Users\josep\source\repos\AIOTED-digital-rawdigits\20260831\11\5_main_dig4_20260831-113334.jpg,5,day,152.18,reading_est 58563; model saw 5; agree,,,0
day_fill,20260830-161735_dig4,20260830-161735,4,C:\Users\josep\source\repos\AIOTED-digital-rawdigits\20260830\16\5_main_dig4_20260830-161735.jpg,5,day,107.98,reading_est 58536; model saw 5; agree,,,0
day_fill,20260831-105334_dig4,20260831-105334,4,C:\Users\josep\source\repos\AIOTED-digital-rawdigits\20260831\10\5_main_dig4_20260831-105334.jpg,5,day,135.06,reading_est 58561; model saw 5; agree,,,0
day_fill,20260830-152135_dig4,20260830-152135,4,C:\Users\josep\source\repos\AIOTED-digital-rawdigits\20260830\15\5_main_dig4_20260830-152135.jpg,5,day,120.69,reading_est 58533; model saw 5; agree,,,0
day_fill,20260831-163333_dig4,20260831-163333,4,C:\Users\josep\source\repos\AIOTED-digital-rawdigits\20260831\16\5_main_dig4_20260831-163333.jpg,5,day,101.97,reading_est 58579; model saw 5; agree,,,0
day_fill,20260830-092936_dig4,20260830-092936,4,C:\Users\josep\source\repos\AIOTED-digital-rawdigits\20260830\09\5_main_dig4_20260830-092936.jpg,5,day,142.29,reading_est 58520; model saw 5; agree,,,0
day_fill,20260831-093334_dig4,20260831-093334,4,C:\Users\josep\source\repos\AIOTED-digital-rawdigits\20260831\09\5_main_dig4_20260831-093334.jpg,5,day,138.95,reading_est 58560; model saw 5; agree,,,0
day_fill,20260830-171735_dig4,20260830-171735,4,C:\Users\josep\source\repos\AIOTED-digital-rawdigits\20260830\17\5_main_dig4_20260830-171735.jpg,5,day,101.97,reading_est 58538; model saw 5; agree,,,0
day_fill,20260831-145333_dig4,20260831-145333,4,C:\Users\josep\source\repos\AIOTED-digital-rawdigits\20260831\14\5_main_dig4_20260831-145333.jpg,5,day,121.98,reading_est 58573; model saw 5; agree,,,0
day_fill,20260830-112936_dig4,20260830-112936,4,C:\Users\josep\source\repos\AIOTED-digital-rawdigits\20260830\11\5_main_dig4_20260830-112936.jpg,5,day,137.29,reading_est 58523; model saw 5; agree,,,0
day_fill,20260831-130534_dig4,20260831-130534,4,C:\Users\josep\source\repos\AIOTED-digital-rawdigits\20260831\13\5_main_dig4_20260831-130534.jpg,5,day,145.98,reading_est 58568; model saw 5; agree,,,0
day_fill,20260830-080936_dig4,20260830-080936,4,C:\Users\josep\source\repos\AIOTED-digital-rawdigits\20260830\08\5_main_dig4_20260830-080936.jpg,5,day,126.29,reading_est 58518; model saw 5; agree,,,0
day_fill,20260831-083334_dig4,20260831-083334,4,C:\Users\josep\source\repos\AIOTED-digital-rawdigits\20260831\08\5_main_dig4_20260831-083334.jpg,5,day,131.06,reading_est 58557; model saw 5; agree,,,0
day_fill,20260830-094136_dig4,20260830-094136,4,C:\Users\josep\source\repos\AIOTED-digital-rawdigits\20260830\09\5_main_dig4_20260830-094136.jpg,5,day,139.00,reading_est 58520; model saw 5; agree,,,0
day_fill,20260831-094534_dig4,20260831-094534,4,C:\Users\josep\source\repos\AIOTED-digital-rawdigits\20260831\09\5_main_dig4_20260831-094534.jpg,5,day,142.05,reading_est 58560; model saw 5; agree,,,0
day_fill,20260830-072136_dig4,20260830-072136,4,C:\Users\josep\source\repos\AIOTED-digital-rawdigits\20260830\07\5_main_dig4_20260830-072136.jpg,5,day,98.16,reading_est 58517; model saw 5; agree,,,0
day_fill,20260831-141334_dig4,20260831-141334,4,C:\Users\josep\source\repos\AIOTED-digital-rawdigits\20260831\14\5_main_dig4_20260831-141334.jpg,5,day,126.02,reading_est 58572; model saw 5; agree,,,0
day_fill,20260830-151735_dig4,20260830-151735,4,C:\Users\josep\source\repos\AIOTED-digital-rawdigits\20260830\15\5_main_dig4_20260830-151735.jpg,5,day,119.29,reading_est 58533; model saw 5; agree,,,0
day_fill,20260831-161333_dig4,20260831-161333,4,C:\Users\josep\source\repos\AIOTED-digital-rawdigits\20260831\16\5_main_dig4_20260831-161333.jpg,5,day,98.25,reading_est 58578; model saw 5; agree,,,0
day_fill,20260830-150935_dig4,20260830-150935,4,C:\Users\josep\source\repos\AIOTED-digital-rawdigits\20260830\15\5_main_dig4_20260830-150935.jpg,5,day,115.95,reading_est 58533; model saw 5; agree,,,0
day_fill,20260831-081334_dig4,20260831-081334,4,C:\Users\josep\source\repos\AIOTED-digital-rawdigits\20260831\08\5_main_dig4_20260831-081334.jpg,5,day,128.95,reading_est 58557; model saw 5; agree,,,0
day_fill,20260830-090136_dig4,20260830-090136,4,C:\Users\josep\source\repos\AIOTED-digital-rawdigits\20260830\09\5_main_dig4_20260830-090136.jpg,5,day,138.06,reading_est 58520; model saw 5; agree,,,0
day_fill,20260831-122534_dig4,20260831-122534,4,C:\Users\josep\source\repos\AIOTED-digital-rawdigits\20260831\12\5_main_dig4_20260831-122534.jpg,5,day,149.19,reading_est 58566; model saw 5; agree,,,0
day_fill,20260830-172935_dig4,20260830-172935,4,C:\Users\josep\source\repos\AIOTED-digital-rawdigits\20260830\17\5_main_dig4_20260830-172935.jpg,5,day,98.97,reading_est 58539; model saw 5; agree,,,0
day_fill,20260831-133334_dig4,20260831-133334,4,C:\Users\josep\source\repos\AIOTED-digital-rawdigits\20260831\13\5_main_dig4_20260831-133334.jpg,5,day,138.06,reading_est 58569; model saw 5; agree,,,0
day_fill,20260830-074136_dig4,20260830-074136,4,C:\Users\josep\source\repos\AIOTED-digital-rawdigits\20260830\07\5_main_dig4_20260830-074136.jpg,5,day,107.29,reading_est 58518; model saw 5; agree,,,0
day_fill,20260831-162533_dig4,20260831-162533,4,C:\Users\josep\source\repos\AIOTED-digital-rawdigits\20260831\16\5_main_dig4_20260831-162533.jpg,5,day,105.98,reading_est 58578; model saw 5; agree,,,0
day_fill,20260903-105107_dig4,20260903-105107,4,C:\Users\josep\source\repos\AIOTED-digital-rawdigits\20260903\10\6_main_dig4_20260903-105107.jpg,6,day,97.97,reading_est 58694; model saw 6; agree,,,0
day_fill,20260902-150309_dig4,20260902-150309,4,C:\Users\josep\source\repos\AIOTED-digital-rawdigits\20260902\15\6_main_dig4_20260902-150309.jpg,6,day,133.97,reading_est 58662; model saw 6; agree,,,0
day_fill,20260903-103107_dig4,20260903-103107,4,C:\Users\josep\source\repos\AIOTED-digital-rawdigits\20260903\10\6_main_dig4_20260903-103107.jpg,6,day,116.98,reading_est 58694; model saw 6; agree,,,0
day_fill,20260902-110309_dig4,20260902-110309,4,C:\Users\josep\source\repos\AIOTED-digital-rawdigits\20260902\11\6_main_dig4_20260902-110309.jpg,6,day,142.15,reading_est 58654; model saw 6; agree,,,0
day_fill,20260903-121907_dig4,20260903-121907,4,C:\Users\josep\source\repos\AIOTED-digital-rawdigits\20260903\12\6_main_dig4_20260903-121907.jpg,6,day,139.00,reading_est 58696; model saw 6; agree,,,0
day_fill,20260902-110709_dig4,20260902-110709,4,C:\Users\josep\source\repos\AIOTED-digital-rawdigits\20260902\11\6_main_dig4_20260902-110709.jpg,6,day,139.15,reading_est 58654; model saw 6; agree,,,0
day_fill,20260903-125907_dig4,20260903-125907,4,C:\Users\josep\source\repos\AIOTED-digital-rawdigits\20260903\12\6_main_dig4_20260903-125907.jpg,6,day,138.29,reading_est 58698; model saw 6; agree,,,0
day_fill,20260902-093510_dig4,20260902-093510,4,C:\Users\josep\source\repos\AIOTED-digital-rawdigits\20260902\09\6_main_dig4_20260902-093510.jpg,6,day,103.77,reading_est 58653; model saw 6; agree,,,0
day_fill,20260903-105907_dig4,20260903-105907,4,C:\Users\josep\source\repos\AIOTED-digital-rawdigits\20260903\10\6_main_dig4_20260903-105907.jpg,6,day,101.19,reading_est 58695; model saw 6; agree,,,0
day_fill,20260902-154309_dig4,20260902-154309,4,C:\Users\josep\source\repos\AIOTED-digital-rawdigits\20260902\15\6_main_dig4_20260902-154309.jpg,6,day,121.29,reading_est 58664; model saw 6; agree,,,0
day_fill,20260903-123907_dig4,20260903-123907,4,C:\Users\josep\source\repos\AIOTED-digital-rawdigits\20260903\12\6_main_dig4_20260903-123907.jpg,6,day,147.31,reading_est 58697; model saw 6; agree,,,0
day_fill,20260902-141509_dig4,20260902-141509,4,C:\Users\josep\source\repos\AIOTED-digital-rawdigits\20260902\14\6_main_dig4_20260902-141509.jpg,6,day,140.31,reading_est 58660; model saw 6; agree,,,0
day_fill,20260903-111907_dig4,20260903-111907,4,C:\Users\josep\source\repos\AIOTED-digital-rawdigits\20260903\11\6_main_dig4_20260903-111907.jpg,6,day,126.16,reading_est 58695; model saw 6; agree,,,0
day_fill,20260902-104709_dig4,20260902-104709,4,C:\Users\josep\source\repos\AIOTED-digital-rawdigits\20260902\10\6_main_dig4_20260902-104709.jpg,6,day,143.29,reading_est 58654; model saw 6; agree,,,0
day_fill,20260903-125107_dig4,20260903-125107,4,C:\Users\josep\source\repos\AIOTED-digital-rawdigits\20260903\12\6_main_dig4_20260903-125107.jpg,6,day,139.06,reading_est 58697; model saw 6; agree,,,0
day_fill,20260902-092310_dig4,20260902-092310,4,C:\Users\josep\source\repos\AIOTED-digital-rawdigits\20260902\09\6_main_dig4_20260902-092310.jpg,6,day,96.16,reading_est 58652; model saw 6; agree,,,0
day_fill,20260903-101907_dig4,20260903-101907,4,C:\Users\josep\source\repos\AIOTED-digital-rawdigits\20260903\10\6_main_dig4_20260903-101907.jpg,6,day,102.98,reading_est 58694; model saw 6; agree,,,0
day_fill,20260902-123509_dig4,20260902-123509,4,C:\Users\josep\source\repos\AIOTED-digital-rawdigits\20260902\12\6_main_dig4_20260902-123509.jpg,6,day,140.15,reading_est 58656; model saw 6; agree,,,0
day_fill,20260903-113907_dig4,20260903-113907,4,C:\Users\josep\source\repos\AIOTED-digital-rawdigits\20260903\11\6_main_dig4_20260903-113907.jpg,6,day,124.81,reading_est 58695; model saw 6; agree,,,0
day_fill,20260902-104309_dig4,20260902-104309,4,C:\Users\josep\source\repos\AIOTED-digital-rawdigits\20260902\10\6_main_dig4_20260902-104309.jpg,6,day,137.07,reading_est 58654; model saw 6; agree,,,0
day_fill,20260903-115907_dig4,20260903-115907,4,C:\Users\josep\source\repos\AIOTED-digital-rawdigits\20260903\11\6_main_dig4_20260903-115907.jpg,6,day,141.79,reading_est 58696; model saw 6; agree,,,0
day_fill,20260902-124309_dig4,20260902-124309,4,C:\Users\josep\source\repos\AIOTED-digital-rawdigits\20260902\12\6_main_dig4_20260902-124309.jpg,6,day,144.69,reading_est 58656; model saw 6; agree,,,0
day_fill,20260903-135107_dig4,20260903-135107,4,C:\Users\josep\source\repos\AIOTED-digital-rawdigits\20260903\13\6_main_dig4_20260903-135107.jpg,6,day,137.02,reading_est 58699; model saw 6; agree_soft,,,0
day_fill,20260902-153509_dig4,20260902-153509,4,C:\Users\josep\source\repos\AIOTED-digital-rawdigits\20260902\15\6_main_dig4_20260902-153509.jpg,6,day,106.20,reading_est 58664; model saw 6; agree,,,0
day_fill,20260903-133907_dig4,20260903-133907,4,C:\Users\josep\source\repos\AIOTED-digital-rawdigits\20260903\13\6_main_dig4_20260903-133907.jpg,6,day,107.97,reading_est 58699; model saw 6; agree,,,0
day_fill,20260902-152309_dig4,20260902-152309,4,C:\Users\josep\source\repos\AIOTED-digital-rawdigits\20260902\15\6_main_dig4_20260902-152309.jpg,6,day,125.19,reading_est 58663; model saw 6; agree,,,0
day_fill,20260903-131907_dig4,20260903-131907,4,C:\Users\josep\source\repos\AIOTED-digital-rawdigits\20260903\13\6_main_dig4_20260903-131907.jpg,6,day,123.29,reading_est 58698; model saw 6; agree,,,0
day_fill,20260902-102309_dig4,20260902-102309,4,C:\Users\josep\source\repos\AIOTED-digital-rawdigits\20260902\10\6_main_dig4_20260902-102309.jpg,6,day,125.31,reading_est 58654; model saw 6; agree,,,0
day_fill,20260903-123107_dig4,20260903-123107,4,C:\Users\josep\source\repos\AIOTED-digital-rawdigits\20260903\12\6_main_dig4_20260903-123107.jpg,6,day,142.08,reading_est 58697; model saw 6; agree,,,0
day_fill,20260902-134309_dig4,20260902-134309,4,C:\Users\josep\source\repos\AIOTED-digital-rawdigits\20260902\13\6_main_dig4_20260902-134309.jpg,6,day,138.05,reading_est 58659; model saw 6; agree,,,0
day_fill,20260903-121107_dig4,20260903-121107,4,C:\Users\josep\source\repos\AIOTED-digital-rawdigits\20260903\12\6_main_dig4_20260903-121107.jpg,6,day,138.02,reading_est 58696; model saw 6; agree,,,0
day_fill,20260902-163509_dig4,20260902-163509,4,C:\Users\josep\source\repos\AIOTED-digital-rawdigits\20260902\16\6_main_dig4_20260902-163509.jpg,6,day,96.10,reading_est 58667; model saw 6; agree,,,0
day_fill,20260903-131107_dig4,20260903-131107,4,C:\Users\josep\source\repos\AIOTED-digital-rawdigits\20260903\13\6_main_dig4_20260903-131107.jpg,6,day,113.29,reading_est 58698; model saw 6; agree,,,0
day_fill,20260902-130309_dig4,20260902-130309,4,C:\Users\josep\source\repos\AIOTED-digital-rawdigits\20260902\13\6_main_dig4_20260902-130309.jpg,6,day,144.15,reading_est 58657; model saw 6; agree,,,0
day_fill,20260903-115107_dig4,20260903-115107,4,C:\Users\josep\source\repos\AIOTED-digital-rawdigits\20260903\11\6_main_dig4_20260903-115107.jpg,6,day,127.13,reading_est 58696; model saw 6; agree,,,0
day_fill,20260902-115509_dig4,20260902-115509,4,C:\Users\josep\source\repos\AIOTED-digital-rawdigits\20260902\11\6_main_dig4_20260902-115509.jpg,6,day,142.29,reading_est 58655; model saw 6; agree,,,0
day_fill,20260903-111107_dig4,20260903-111107,4,C:\Users\josep\source\repos\AIOTED-digital-rawdigits\20260903\11\6_main_dig4_20260903-111107.jpg,6,day,113.75,reading_est 58695; model saw 6; agree,,,0
day_fill,20260902-122309_dig4,20260902-122309,4,C:\Users\josep\source\repos\AIOTED-digital-rawdigits\20260902\12\6_main_dig4_20260902-122309.jpg,6,day,138.00,reading_est 58656; model saw 6; agree,,,0
day_fill,20260903-113107_dig4,20260903-113107,4,C:\Users\josep\source\repos\AIOTED-digital-rawdigits\20260903\11\6_main_dig4_20260903-113107.jpg,6,day,127.82,reading_est 58695; model saw 6; agree,,,0
day_fill,20260902-161509_dig4,20260902-161509,4,C:\Users\josep\source\repos\AIOTED-digital-rawdigits\20260902\16\6_main_dig4_20260902-161509.jpg,6,day,104.19,reading_est 58666; model saw 6; agree,,,0
day_fill,20260903-093108_dig4,20260903-093108,4,C:\Users\josep\source\repos\AIOTED-digital-rawdigits\20260903\09\6_main_dig4_20260903-093108.jpg,6,day,96.97,reading_est 58693; model saw 6; agree,,,0
day_fill,20260902-143509_dig4,20260902-143509,4,C:\Users\josep\source\repos\AIOTED-digital-rawdigits\20260902\14\6_main_dig4_20260902-143509.jpg,6,day,132.84,reading_est 58661; model saw 6; agree,,,0
day_fill,20260903-133107_dig4,20260903-133107,4,C:\Users\josep\source\repos\AIOTED-digital-rawdigits\20260903\13\6_main_dig4_20260903-133107.jpg,6,day,112.97,reading_est 58699; model saw 6; agree,,,0
day_fill,20260902-125509_dig4,20260902-125509,4,C:\Users\josep\source\repos\AIOTED-digital-rawdigits\20260902\12\6_main_dig4_20260902-125509.jpg,6,day,143.79,reading_est 58657; model saw 6; agree,,,0
day_fill,20260903-103907_dig4,20260903-103907,4,C:\Users\josep\source\repos\AIOTED-digital-rawdigits\20260903\10\6_main_dig4_20260903-103907.jpg,6,day,104.97,reading_est 58694; model saw 6; agree,,,0
day_fill,20260902-131509_dig4,20260902-131509,4,C:\Users\josep\source\repos\AIOTED-digital-rawdigits\20260902\13\6_main_dig4_20260902-131509.jpg,6,day,144.98,reading_est 58658; model saw 6; agree,,,0
day_fill,20260903-101107_dig4,20260903-101107,4,C:\Users\josep\source\repos\AIOTED-digital-rawdigits\20260903\10\6_main_dig4_20260903-101107.jpg,6,day,96.97,reading_est 58694; model saw 6; agree,,,0
day_fill,20260902-162309_dig4,20260902-162309,4,C:\Users\josep\source\repos\AIOTED-digital-rawdigits\20260902\16\6_main_dig4_20260902-162309.jpg,6,day,98.25,reading_est 58666; model saw 6; agree,,,0
day_fill,20260902-151509_dig4,20260902-151509,4,C:\Users\josep\source\repos\AIOTED-digital-rawdigits\20260902\15\6_main_dig4_20260902-151509.jpg,6,day,127.83,reading_est 58662; model saw 6; agree,,,0
day_fill,20260902-112309_dig4,20260902-112309,4,C:\Users\josep\source\repos\AIOTED-digital-rawdigits\20260902\11\6_main_dig4_20260902-112309.jpg,6,day,122.82,reading_est 58655; model saw 6; agree,,,0
day_fill,20260902-102709_dig4,20260902-102709,4,C:\Users\josep\source\repos\AIOTED-digital-rawdigits\20260902\10\6_main_dig4_20260902-102709.jpg,6,day,132.00,reading_est 58654; model saw 6; agree,,,0
day_fill,20260902-092710_dig4,20260902-092710,4,C:\Users\josep\source\repos\AIOTED-digital-rawdigits\20260902\09\6_main_dig4_20260902-092710.jpg,6,day,101.29,reading_est 58653; model saw 6; agree,,,0
day_fill,20260902-135509_dig4,20260902-135509,4,C:\Users\josep\source\repos\AIOTED-digital-rawdigits\20260902\13\6_main_dig4_20260902-135509.jpg,6,day,146.31,reading_est 58659; model saw 6; agree,,,0
day_fill,20260902-132309_dig4,20260902-132309,4,C:\Users\josep\source\repos\AIOTED-digital-rawdigits\20260902\13\6_main_dig4_20260902-132309.jpg,6,day,132.20,reading_est 58658; model saw 6; agree,,,0
day_fill,20260902-114309_dig4,20260902-114309,4,C:\Users\josep\source\repos\AIOTED-digital-rawdigits\20260902\11\6_main_dig4_20260902-114309.jpg,6,day,142.21,reading_est 58655; model saw 6; agree,,,0
day_fill,20260902-145509_dig4,20260902-145509,4,C:\Users\josep\source\repos\AIOTED-digital-rawdigits\20260902\14\6_main_dig4_20260902-145509.jpg,6,day,125.31,reading_est 58662; model saw 6; agree,,,0
day_fill,20260902-140309_dig4,20260902-140309,4,C:\Users\josep\source\repos\AIOTED-digital-rawdigits\20260902\14\6_main_dig4_20260902-140309.jpg,6,day,147.11,reading_est 58659; model saw 6; agree,,,0
day_fill,20260902-133509_dig4,20260902-133509,4,C:\Users\josep\source\repos\AIOTED-digital-rawdigits\20260902\13\6_main_dig4_20260902-133509.jpg,6,day,140.98,reading_est 58659; model saw 6; agree,,,0
day_fill,20260902-111509_dig4,20260902-111509,4,C:\Users\josep\source\repos\AIOTED-digital-rawdigits\20260902\11\6_main_dig4_20260902-111509.jpg,6,day,141.15,reading_est 58654; model saw 6; agree,,,0
day_fill,20260902-105509_dig4,20260902-105509,4,C:\Users\josep\source\repos\AIOTED-digital-rawdigits\20260902\10\6_main_dig4_20260902-105509.jpg,6,day,142.86,reading_est 58654; model saw 6; agree,,,0
day_fill,20260902-120309_dig4,20260902-120309,4,C:\Users\josep\source\repos\AIOTED-digital-rawdigits\20260902\12\6_main_dig4_20260902-120309.jpg,6,day,142.06,reading_est 58655; model saw 6; agree,,,0
day_fill,20260902-155509_dig4,20260902-155509,4,C:\Users\josep\source\repos\AIOTED-digital-rawdigits\20260902\15\6_main_dig4_20260902-155509.jpg,6,day,119.06,reading_est 58665; model saw 6; agree,,,0
day_fill,20260902-142309_dig4,20260902-142309,4,C:\Users\josep\source\repos\AIOTED-digital-rawdigits\20260902\14\6_main_dig4_20260902-142309.jpg,6,day,134.74,reading_est 58660; model saw 6; agree,,,0
day_fill,20260902-103509_dig4,20260902-103509,4,C:\Users\josep\source\repos\AIOTED-digital-rawdigits\20260902\10\6_main_dig4_20260902-103509.jpg,6,day,143.14,reading_est 58654; model saw 6; agree,,,0
day_fill,20260920-084928_dig5,20260920-084928,5,C:\Users\josep\source\repos\AIOTED-digital-rawdigits\20260920\08\9_main_dig5_20260920-084928.jpg,9,day,107.29,reading_est 59198; model saw 9; agree_soft,,,0
day_fill,20260823-170948_dig5,20260823-170948,5,C:\Users\josep\source\repos\AIOTED-digital-rawdigits\20260823\17\9_main_dig5_20260823-170948.jpg,9,day,96.97,reading_est 58299; model saw 9; agree,,,0
day_fill,20260924-153018_dig5,20260924-153018,5,C:\Users\josep\source\repos\AIOTED-digital-rawdigits\20260924\15\9_main_dig5_20260924-153018.jpg,9,day,148.29,reading_est 59290; model saw 9; agree_soft,,,0
day_fill,20260915-121736_dig5,20260915-121736,5,C:\Users\josep\source\repos\AIOTED-digital-rawdigits\20260915\12\9_main_dig5_20260915-121736.jpg,9,day,154.00,reading_est 59090; model saw 9; agree_soft,,,0
day_fill,20260903-105107_dig5,20260903-105107,5,C:\Users\josep\source\repos\AIOTED-digital-rawdigits\20260903\10\9_main_dig5_20260903-105107.jpg,9,day,97.97,reading_est 58694; model saw 9; agree,,,0
day_fill,20260829-095737_dig5,20260829-095737,5,C:\Users\josep\source\repos\AIOTED-digital-rawdigits\20260829\09\9_main_dig5_20260829-095737.jpg,9,day,98.90,reading_est 58497; model saw 9; agree,,,0
day_fill,20260826-113343_dig5,20260826-113343,5,C:\Users\josep\source\repos\AIOTED-digital-rawdigits\20260826\11\9_main_dig5_20260826-113343.jpg,9,day,137.29,reading_est 58390; model saw 9; agree_soft,,,0
day_fill,20260820-152554_dig5,20260820-152554,5,C:\Users\josep\source\repos\AIOTED-digital-rawdigits\20260820\15\9_main_dig5_20260820-152554.jpg,9,day,134.98,reading_est 58194; model saw 9; agree,,,0
day_fill,20260815-095004_dig5,20260815-095004,5,C:\Users\josep\source\repos\AIOTED-digital-rawdigits\20260815\09\9_main_dig5_20260815-095004.jpg,9,day,117.97,reading_est 57994; model saw 9; agree,,,0
day_fill,20260911-152028_dig5,20260911-152028,5,C:\Users\josep\source\repos\AIOTED-digital-rawdigits\20260911\15\9_main_dig5_20260911-152028.jpg,9,day,147.77,reading_est 58990; model saw 9; agree_soft,,,0
day_fill,20260920-075728_dig5,20260920-075728,5,C:\Users\josep\source\repos\AIOTED-digital-rawdigits\20260920\07\9_main_dig5_20260920-075728.jpg,9,day,99.29,reading_est 59198; model saw 9; agree_soft,,,0
day_fill,20260823-142148_dig5,20260823-142148,5,C:\Users\josep\source\repos\AIOTED-digital-rawdigits\20260823\14\9_main_dig5_20260823-142148.jpg,9,day,117.98,reading_est 58292; model saw 9; agree,,,0
day_fill,20260924-161018_dig5,20260924-161018,5,C:\Users\josep\source\repos\AIOTED-digital-rawdigits\20260924\16\9_main_dig5_20260924-161018.jpg,9,day,100.97,reading_est 59291; model saw 9; agree,,,0
day_fill,20260915-162536_dig5,20260915-162536,5,C:\Users\josep\source\repos\AIOTED-digital-rawdigits\20260915\16\9_main_dig5_20260915-162536.jpg,9,day,103.31,reading_est 59096; model saw 9; agree,,,0
day_fill,20260903-131907_dig5,20260903-131907,5,C:\Users\josep\source\repos\AIOTED-digital-rawdigits\20260903\13\9_main_dig5_20260903-131907.jpg,9,day,123.29,reading_est 58698; model saw 9; agree,,,0
day_fill,20260829-105737_dig5,20260829-105737,5,C:\Users\josep\source\repos\AIOTED-digital-rawdigits\20260829\10\9_main_dig5_20260829-105737.jpg,9,day,99.29,reading_est 58498; model saw 9; agree,,,0
day_fill,20260826-120543_dig5,20260826-120543,5,C:\Users\josep\source\repos\AIOTED-digital-rawdigits\20260826\12\9_main_dig5_20260826-120543.jpg,9,day,143.02,reading_est 58392; model saw 9; agree,,,0
day_fill,20260820-171754_dig5,20260820-171754,5,C:\Users\josep\source\repos\AIOTED-digital-rawdigits\20260820\17\9_main_dig5_20260820-171754.jpg,9,day,96.98,reading_est 58199; model saw 9; agree,,,0
day_fill,20260815-103804_dig5,20260815-103804,5,C:\Users\josep\source\repos\AIOTED-digital-rawdigits\20260815\10\9_main_dig5_20260815-103804.jpg,9,day,115.29,reading_est 57995; model saw 9; agree,,,0
day_fill,20260911-152428_dig5,20260911-152428,5,C:\Users\josep\source\repos\AIOTED-digital-rawdigits\20260911\15\9_main_dig5_20260911-152428.jpg,9,day,149.00,reading_est 58990; model saw 9; agree_soft,,,0
day_fill,20260920-082928_dig5,20260920-082928,5,C:\Users\josep\source\repos\AIOTED-digital-rawdigits\20260920\08\9_main_dig5_20260920-082928.jpg,9,day,102.76,reading_est 59198; model saw 9; agree_soft,,,0
day_fill,20260823-152948_dig5,20260823-152948,5,C:\Users\josep\source\repos\AIOTED-digital-rawdigits\20260823\15\9_main_dig5_20260823-152948.jpg,9,day,137.10,reading_est 58295; model saw 9; agree,,,0
day_fill,20260924-145019_dig5,20260924-145019,5,C:\Users\josep\source\repos\AIOTED-digital-rawdigits\20260924\14\9_main_dig5_20260924-145019.jpg,9,day,140.21,reading_est 59290; model saw 9; agree_soft,,,0
day_fill,20260915-144536_dig5,20260915-144536,5,C:\Users\josep\source\repos\AIOTED-digital-rawdigits\20260915\14\9_main_dig5_20260915-144536.jpg,9,day,153.29,reading_est 59093; model saw 9; agree,,,0
day_fill,20260903-125107_dig5,20260903-125107,5,C:\Users\josep\source\repos\AIOTED-digital-rawdigits\20260903\12\9_main_dig5_20260903-125107.jpg,9,day,139.06,reading_est 58697; model saw 9; agree,,,0
day_fill,20260829-110537_dig5,20260829-110537,5,C:\Users\josep\source\repos\AIOTED-digital-rawdigits\20260829\11\9_main_dig5_20260829-110537.jpg,9,day,103.69,reading_est 58498; model saw 9; agree,,,0
day_fill,20260826-153342_dig5,20260826-153342,5,C:\Users\josep\source\repos\AIOTED-digital-rawdigits\20260826\15\9_main_dig5_20260826-153342.jpg,9,day,96.98,reading_est 58399; model saw 9; agree,,,0
day_fill,20260820-165754_dig5,20260820-165754,5,C:\Users\josep\source\repos\AIOTED-digital-rawdigits\20260820\16\9_main_dig5_20260820-165754.jpg,9,day,98.06,reading_est 58198; model saw 9; agree,,,0
day_fill,20260815-122604_dig5,20260815-122604,5,C:\Users\josep\source\repos\AIOTED-digital-rawdigits\20260815\12\9_main_dig5_20260815-122604.jpg,9,day,139.15,reading_est 57997; model saw 9; agree,,,0
day_fill,20260911-160028_dig5,20260911-160028,5,C:\Users\josep\source\repos\AIOTED-digital-rawdigits\20260911\16\9_main_dig5_20260911-160028.jpg,9,day,99.97,reading_est 58991; model saw 9; agree,,,0
day_fill,20260920-085728_dig5,20260920-085728,5,C:\Users\josep\source\repos\AIOTED-digital-rawdigits\20260920\08\9_main_dig5_20260920-085728.jpg,9,day,115.40,reading_est 59198; model saw 9; agree_soft,,,0
day_fill,20260823-142948_dig5,20260823-142948,5,C:\Users\josep\source\repos\AIOTED-digital-rawdigits\20260823\14\9_main_dig5_20260823-142948.jpg,9,day,101.98,reading_est 58292; model saw 9; agree,,,0
day_fill,20260924-145819_dig5,20260924-145819,5,C:\Users\josep\source\repos\AIOTED-digital-rawdigits\20260924\14\9_main_dig5_20260924-145819.jpg,9,day,151.69,reading_est 59290; model saw 9; agree_soft,,,0
day_fill,20260915-120936_dig5,20260915-120936,5,C:\Users\josep\source\repos\AIOTED-digital-rawdigits\20260915\12\9_main_dig5_20260915-120936.jpg,9,day,149.29,reading_est 59090; model saw 9; agree_soft,,,0
day_fill,20260903-105907_dig5,20260903-105907,5,C:\Users\josep\source\repos\AIOTED-digital-rawdigits\20260903\10\9_main_dig5_20260903-105907.jpg,9,day,101.19,reading_est 58695; model saw 9; agree,,,0
day_fill,20260829-115737_dig5,20260829-115737,5,C:\Users\josep\source\repos\AIOTED-digital-rawdigits\20260829\11\9_main_dig5_20260829-115737.jpg,9,day,102.84,reading_est 58499; model saw 9; agree_soft,,,0
day_fill,20260826-140143_dig5,20260826-140143,5,C:\Users\josep\source\repos\AIOTED-digital-rawdigits\20260826\14\9_main_dig5_20260826-140143.jpg,9,day,124.74,reading_est 58396; model saw 9; agree,,,0
day_fill,20260820-154554_dig5,20260820-154554,5,C:\Users\josep\source\repos\AIOTED-digital-rawdigits\20260820\15\9_main_dig5_20260820-154554.jpg,9,day,132.74,reading_est 58195; model saw 9; agree,,,0
day_fill,20260815-104604_dig5,20260815-104604,5,C:\Users\josep\source\repos\AIOTED-digital-rawdigits\20260815\10\9_main_dig5_20260815-104604.jpg,9,day,138.13,reading_est 57995; model saw 9; agree,,,0
day_fill,20260911-153228_dig5,20260911-153228,5,C:\Users\josep\source\repos\AIOTED-digital-rawdigits\20260911\15\9_main_dig5_20260911-153228.jpg,9,day,146.69,reading_est 58990; model saw 9; agree_soft,,,0
day_fill,20260920-091728_dig5,20260920-091728,5,C:\Users\josep\source\repos\AIOTED-digital-rawdigits\20260920\09\9_main_dig5_20260920-091728.jpg,9,day,121.34,reading_est 59198; model saw 9; agree_soft,,,0
day_fill,20260823-140948_dig5,20260823-140948,5,C:\Users\josep\source\repos\AIOTED-digital-rawdigits\20260823\14\9_main_dig5_20260823-140948.jpg,9,day,132.11,reading_est 58291; model saw 9; agree,,,0
day_fill,20260924-155818_dig5,20260924-155818,5,C:\Users\josep\source\repos\AIOTED-digital-rawdigits\20260924\15\9_main_dig5_20260924-155818.jpg,9,day,99.98,reading_est 59291; model saw 9; agree,,,0
day_fill,20260915-153736_dig5,20260915-153736,5,C:\Users\josep\source\repos\AIOTED-digital-rawdigits\20260915\15\9_main_dig5_20260915-153736.jpg,9,day,121.05,reading_est 59096; model saw 9; agree,,,0
day_fill,20260903-113907_dig5,20260903-113907,5,C:\Users\josep\source\repos\AIOTED-digital-rawdigits\20260903\11\9_main_dig5_20260903-113907.jpg,9,day,124.81,reading_est 58695; model saw 9; agree,,,0
day_fill,20260829-112537_dig5,20260829-112537,5,C:\Users\josep\source\repos\AIOTED-digital-rawdigits\20260829\11\9_main_dig5_20260829-112537.jpg,9,day,99.97,reading_est 58499; model saw 9; agree,,,0
day_fill,20260826-122543_dig5,20260826-122543,5,C:\Users\josep\source\repos\AIOTED-digital-rawdigits\20260826\12\9_main_dig5_20260826-122543.jpg,9,day,142.93,reading_est 58392; model saw 9; agree,,,0
day_fill,20260820-145754_dig5,20260820-145754,5,C:\Users\josep\source\repos\AIOTED-digital-rawdigits\20260820\14\9_main_dig5_20260820-145754.jpg,9,day,139.06,reading_est 58192; model saw 9; agree,,,0
day_fill,20260815-101004_dig5,20260815-101004,5,C:\Users\josep\source\repos\AIOTED-digital-rawdigits\20260815\10\9_main_dig5_20260815-101004.jpg,9,day,104.98,reading_est 57994; model saw 9; agree,,,0
day_fill,20260911-163228_dig5,20260911-163228,5,C:\Users\josep\source\repos\AIOTED-digital-rawdigits\20260911\16\9_main_dig5_20260911-163228.jpg,9,day,97.74,reading_est 58993; model saw 9; agree,,,0
day_fill,20260920-080928_dig5,20260920-080928,5,C:\Users\josep\source\repos\AIOTED-digital-rawdigits\20260920\08\9_main_dig5_20260920-080928.jpg,9,day,105.29,reading_est 59198; model saw 9; agree_soft,,,0
day_fill,20260823-160148_dig5,20260823-160148,5,C:\Users\josep\source\repos\AIOTED-digital-rawdigits\20260823\16\9_main_dig5_20260823-160148.jpg,9,day,138.29,reading_est 58296; model saw 9; agree,,,0
day_fill,20260924-153818_dig5,20260924-153818,5,C:\Users\josep\source\repos\AIOTED-digital-rawdigits\20260924\15\9_main_dig5_20260924-153818.jpg,9,day,128.20,reading_est 59291; model saw 9; agree,,,0
day_fill,20260915-135736_dig5,20260915-135736,5,C:\Users\josep\source\repos\AIOTED-digital-rawdigits\20260915\13\9_main_dig5_20260915-135736.jpg,9,day,126.02,reading_est 59092; model saw 9; agree,,,0
day_fill,20260903-121907_dig5,20260903-121907,5,C:\Users\josep\source\repos\AIOTED-digital-rawdigits\20260903\12\9_main_dig5_20260903-121907.jpg,9,day,139.00,reading_est 58696; model saw 9; agree,,,0
day_fill,20260829-113737_dig5,20260829-113737,5,C:\Users\josep\source\repos\AIOTED-digital-rawdigits\20260829\11\9_main_dig5_20260829-113737.jpg,9,day,96.98,reading_est 58499; model saw 9; agree,,,0
day_fill,20260826-150143_dig5,20260826-150143,5,C:\Users\josep\source\repos\AIOTED-digital-rawdigits\20260826\15\9_main_dig5_20260826-150143.jpg,9,day,100.97,reading_est 58398; model saw 9; agree,,,0
day_fill,20260820-170554_dig5,20260820-170554,5,C:\Users\josep\source\repos\AIOTED-digital-rawdigits\20260820\17\9_main_dig5_20260820-170554.jpg,9,day,96.69,reading_est 58198; model saw 9; agree,,,0
day_fill,20260815-095804_dig5,20260815-095804,5,C:\Users\josep\source\repos\AIOTED-digital-rawdigits\20260815\09\9_main_dig5_20260815-095804.jpg,9,day,113.11,reading_est 57994; model saw 9; agree,,,0
day_fill,20260911-154428_dig5,20260911-154428,5,C:\Users\josep\source\repos\AIOTED-digital-rawdigits\20260911\15\9_main_dig5_20260911-154428.jpg,9,day,147.98,reading_est 58991; model saw 9; agree,,,0
day_fill,20260920-083728_dig5,20260920-083728,5,C:\Users\josep\source\repos\AIOTED-digital-rawdigits\20260920\08\9_main_dig5_20260920-083728.jpg,9,day,102.29,reading_est 59198; model saw 9; agree_soft,,,0
day_fill,20260823-171748_dig5,20260823-171748,5,C:\Users\josep\source\repos\AIOTED-digital-rawdigits\20260823\17\9_main_dig5_20260823-171748.jpg,9,day,97.97,reading_est 58299; model saw 9; agree,,,0
day_fill,20260924-151819_dig5,20260924-151819,5,C:\Users\josep\source\repos\AIOTED-digital-rawdigits\20260924\15\9_main_dig5_20260924-151819.jpg,9,day,147.11,reading_est 59290; model saw 9; agree_soft,,,0
day_fill,20260915-122936_dig5,20260915-122936,5,C:\Users\josep\source\repos\AIOTED-digital-rawdigits\20260915\12\9_main_dig5_20260915-122936.jpg,9,day,141.77,reading_est 59090; model saw 9; agree_soft,,,0
day_fill,20260906-104256_dig2,20260906-104256,2,C:\Users\josep\source\repos\AIOTED-digital-rawdigits\20260906\10\8_main_dig2_20260906-104256.jpg,8,day,146.98,screen test8; model saw 8; agree,,,0
day_fill,20260926-143415_dig2,20260926-143415,2,C:\Users\josep\source\repos\AIOTED-digital-rawdigits\20260926\14\8_main_dig2_20260926-143415.jpg,8,day,143.98,screen test8; model saw 8; agree,,,0
day_fill,20260824-140146_dig2,20260824-140146,2,C:\Users\josep\source\repos\AIOTED-digital-rawdigits\20260824\14\8_main_dig2_20260824-140146.jpg,8,day,135.74,screen test8; model saw 8; agree,,,0
day_fill,20260921-155725_dig2,20260921-155725,2,C:\Users\josep\source\repos\AIOTED-digital-rawdigits\20260921\15\8_main_dig2_20260921-155725.jpg,8,day,105.29,screen test8; model saw 8; agree,,,0
day_fill,20260911-094029_dig2,20260911-094029,2,C:\Users\josep\source\repos\AIOTED-digital-rawdigits\20260911\09\8_main_dig2_20260911-094029.jpg,8,day,148.95,screen test8; model saw 8; agree,,,0
day_fill,20260928-081041_dig2,20260928-081041,2,C:\Users\josep\source\repos\AIOTED-digital-rawdigits\20260928\08\8_main_dig2_20260928-081041.jpg,8,day,133.88,screen test8; model saw 8; agree,,,0
day_fill,20260823-081749_dig2,20260823-081749,2,C:\Users\josep\source\repos\AIOTED-digital-rawdigits\20260823\08\8_main_dig2_20260823-081749.jpg,8,day,123.14,screen test8; model saw 8; agree,,,0
day_fill,20260912-151227_dig2,20260912-151227,2,C:\Users\josep\source\repos\AIOTED-digital-rawdigits\20260912\15\8_main_dig2_20260912-151227.jpg,8,day,121.84,screen test8; model saw 8; agree,,,0
day_fill,20260902-135109_dig2,20260902-135109,2,C:\Users\josep\source\repos\AIOTED-digital-rawdigits\20260902\13\8_main_dig2_20260902-135109.jpg,8,day,136.05,screen test8; model saw 8; agree,,,0
day_fill,20260821-145752_dig2,20260821-145752,2,C:\Users\josep\source\repos\AIOTED-digital-rawdigits\20260821\14\8_main_dig2_20260821-145752.jpg,8,day,102.24,screen test8; model saw 8; agree,,,0
day_fill,20260816-085002_dig2,20260816-085002,2,C:\Users\josep\source\repos\AIOTED-digital-rawdigits\20260816\08\8_main_dig2_20260816-085002.jpg,8,day,98.69,screen test8; model saw 8; agree,,,0
day_fill,20260913-074457_dig2,20260913-074457,2,C:\Users\josep\source\repos\AIOTED-digital-rawdigits\20260913\07\8_main_dig2_20260913-074457.jpg,8,day,105.74,screen test8; model saw 8; agree,,,0
day_fill,20260925-123017_dig2,20260925-123017,2,C:\Users\josep\source\repos\AIOTED-digital-rawdigits\20260925\12\8_main_dig2_20260925-123017.jpg,8,day,143.77,screen test8; model saw 8; agree,,,0
day_fill,20260917-111332_dig2,20260917-111332,2,C:\Users\josep\source\repos\AIOTED-digital-rawdigits\20260917\11\8_main_dig2_20260917-111332.jpg,8,day,112.98,screen test8; model saw 8; agree,,,0
day_fill,20260922-154124_dig2,20260922-154124,2,C:\Users\josep\source\repos\AIOTED-digital-rawdigits\20260922\15\8_main_dig2_20260922-154124.jpg,8,day,118.29,screen test8; model saw 8; agree,,,0
day_fill,20260829-140137_dig2,20260829-140137,2,C:\Users\josep\source\repos\AIOTED-digital-rawdigits\20260829\14\8_main_dig2_20260829-140137.jpg,8,day,97.98,screen test8; model saw 8; agree,,,0
day_fill,20260827-121341_dig2,20260827-121341,2,C:\Users\josep\source\repos\AIOTED-digital-rawdigits\20260827\12\8_main_dig2_20260827-121341.jpg,8,day,133.69,screen test8; model saw 8; agree,,,0
day_fill,20260907-085523_dig2,20260907-085523,2,C:\Users\josep\source\repos\AIOTED-digital-rawdigits\20260907\08\8_main_dig2_20260907-085523.jpg,8,day,146.12,screen test8; model saw 8; agree,,,0
day_fill,20260927-142642_dig2,20260927-142642,2,C:\Users\josep\source\repos\AIOTED-digital-rawdigits\20260927\14\8_main_dig2_20260927-142642.jpg,8,day,137.92,screen test8; model saw 8; agree,,,0
day_fill,20260915-163336_dig2,20260915-163336,2,C:\Users\josep\source\repos\AIOTED-digital-rawdigits\20260915\16\8_main_dig2_20260915-163336.jpg,8,day,99.84,screen test8; model saw 8; agree,,,0
day_fill,20260918-113731_dig2,20260918-113731,2,C:\Users\josep\source\repos\AIOTED-digital-rawdigits\20260918\11\8_main_dig2_20260918-113731.jpg,8,day,102.98,screen test8; model saw 8; agree,,,0
day_fill,20260830-085736_dig2,20260830-085736,2,C:\Users\josep\source\repos\AIOTED-digital-rawdigits\20260830\08\8_main_dig2_20260830-085736.jpg,8,day,130.83,screen test8; model saw 8; agree,,,0
day_fill,20260904-103105_dig2,20260904-103105,2,C:\Users\josep\source\repos\AIOTED-digital-rawdigits\20260904\10\8_main_dig2_20260904-103105.jpg,8,day,110.17,screen test8; model saw 8; agree,,,0
day_fill,20260930-095837_dig2,20260930-095837,2,C:\Users\josep\source\repos\AIOTED-digital-rawdigits\20260930\09\8_main_dig2_20260930-095837.jpg,8,day,112.98,screen test8; model saw 8; agree,,,0
day_fill,20260905-114657_dig2,20260905-114657,2,C:\Users\josep\source\repos\AIOTED-digital-rawdigits\20260905\11\8_main_dig2_20260905-114657.jpg,8,day,122.29,screen test8; model saw 8; agree,,,0
day_fill,20260919-130129_dig2,20260919-130129,2,C:\Users\josep\source\repos\AIOTED-digital-rawdigits\20260919\13\8_main_dig2_20260919-130129.jpg,8,day,108.98,screen test8; model saw 8; agree,,,0
day_fill,20260924-074950_dig2,20260924-074950,2,C:\Users\josep\source\repos\AIOTED-digital-rawdigits\20260924\07\8_main_dig2_20260924-074950.jpg,8,day,107.84,screen test8; model saw 8; agree,,,0
day_fill,20260820-161354_dig2,20260820-161354,2,C:\Users\josep\source\repos\AIOTED-digital-rawdigits\20260820\16\8_main_dig2_20260820-161354.jpg,8,day,124.98,screen test8; model saw 8; agree,,,0
day_fill,20260819-114156_dig2,20260819-114156,2,C:\Users\josep\source\repos\AIOTED-digital-rawdigits\20260819\11\8_main_dig2_20260819-114156.jpg,8,day,137.79,screen test8; model saw 8; agree,,,0
day_fill,20260910-090718_dig2,20260910-090718,2,C:\Users\josep\source\repos\AIOTED-digital-rawdigits\20260910\09\8_main_dig2_20260910-090718.jpg,8,day,148.70,screen test8; model saw 8; agree,,,0
day_fill,20260826-144943_dig2,20260826-144943,2,C:\Users\josep\source\repos\AIOTED-digital-rawdigits\20260826\14\8_main_dig2_20260826-144943.jpg,8,day,136.05,screen test8; model saw 8; agree,,,0
day_fill,20260920-143327_dig2,20260920-143327,2,C:\Users\josep\source\repos\AIOTED-digital-rawdigits\20260920\14\8_main_dig2_20260920-143327.jpg,8,day,107.98,screen test8; model saw 8; agree,,,0
day_fill,20260908-140721_dig2,20260908-140721,2,C:\Users\josep\source\repos\AIOTED-digital-rawdigits\20260908\14\8_main_dig2_20260908-140721.jpg,8,day,117.06,screen test8; model saw 8; agree,,,0
day_fill,20260817-105400_dig2,20260817-105400,2,C:\Users\josep\source\repos\AIOTED-digital-rawdigits\20260817\10\8_main_dig2_20260817-105400.jpg,8,day,138.93,screen test8; model saw 8; agree,,,0
day_fill,20260914-134938_dig2,20260914-134938,2,C:\Users\josep\source\repos\AIOTED-digital-rawdigits\20260914\13\8_main_dig2_20260914-134938.jpg,8,day,123.30,screen test8; model saw 8; agree,,,0
day_fill,20260831-152933_dig2,20260831-152933,2,C:\Users\josep\source\repos\AIOTED-digital-rawdigits\20260831\15\8_main_dig2_20260831-152933.jpg,8,day,100.09,screen test8; model saw 8; agree,,,0
day_fill,20260822-141350_dig2,20260822-141350,2,C:\Users\josep\source\repos\AIOTED-digital-rawdigits\20260822\14\8_main_dig2_20260822-141350.jpg,8,day,133.98,screen test8; model saw 8; agree,,,0
day_fill,20260828-074940_dig2,20260828-074940,2,C:\Users\josep\source\repos\AIOTED-digital-rawdigits\20260828\07\8_main_dig2_20260828-074940.jpg,8,day,111.29,screen test8; model saw 8; agree,,,0
day_fill,20260815-085404_dig2,20260815-085404,2,C:\Users\josep\source\repos\AIOTED-digital-rawdigits\20260815\08\8_main_dig2_20260815-085404.jpg,8,day,126.13,screen test8; model saw 8; agree,,,0
day_fill,20260903-165507_dig2,20260903-165507,2,C:\Users\josep\source\repos\AIOTED-digital-rawdigits\20260903\16\8_main_dig2_20260903-165507.jpg,8,day,98.19,screen test8; model saw 8; agree,,,0
day_fill,20260906-105056_dig2,20260906-105056,2,C:\Users\josep\source\repos\AIOTED-digital-rawdigits\20260906\10\8_main_dig2_20260906-105056.jpg,8,day,144.20,screen test8; model saw 8; agree,,,0
day_fill,20260926-150215_dig2,20260926-150215,2,C:\Users\josep\source\repos\AIOTED-digital-rawdigits\20260926\15\8_main_dig2_20260926-150215.jpg,8,day,142.82,screen test8; model saw 8; agree,,,0
day_fill,20260824-160146_dig2,20260824-160146,2,C:\Users\josep\source\repos\AIOTED-digital-rawdigits\20260824\16\8_main_dig2_20260824-160146.jpg,8,day,135.75,screen test8; model saw 8; agree,,,0
day_fill,20260921-125726_dig2,20260921-125726,2,C:\Users\josep\source\repos\AIOTED-digital-rawdigits\20260921\12\8_main_dig2_20260921-125726.jpg,8,day,146.84,screen test8; model saw 8; agree,,,0
day_fill,20260911-150828_dig2,20260911-150828,2,C:\Users\josep\source\repos\AIOTED-digital-rawdigits\20260911\15\8_main_dig2_20260911-150828.jpg,8,day,142.00,screen test8; model saw 8; agree,,,0
day_fill,20260928-151040_dig2,20260928-151040,2,C:\Users\josep\source\repos\AIOTED-digital-rawdigits\20260928\15\8_main_dig2_20260928-151040.jpg,8,day,143.05,screen test8; model saw 8; agree,,,0
day_fill,20260823-121748_dig2,20260823-121748,2,C:\Users\josep\source\repos\AIOTED-digital-rawdigits\20260823\12\8_main_dig2_20260823-121748.jpg,8,day,117.29,screen test8; model saw 8; agree,,,0
day_fill,20260912-092427_dig2,20260912-092427,2,C:\Users\josep\source\repos\AIOTED-digital-rawdigits\20260912\09\8_main_dig2_20260912-092427.jpg,8,day,149.95,screen test8; model saw 8; agree,,,0
day_fill,20260902-131109_dig2,20260902-131109,2,C:\Users\josep\source\repos\AIOTED-digital-rawdigits\20260902\13\8_main_dig2_20260902-131109.jpg,8,day,142.03,screen test8; model saw 8; agree,,,0
day_fill,20260821-150952_dig2,20260821-150952,2,C:\Users\josep\source\repos\AIOTED-digital-rawdigits\20260821\15\8_main_dig2_20260821-150952.jpg,8,day,97.05,screen test8; model saw 8; agree,,,0
day_fill,20260816-133802_dig2,20260816-133802,2,C:\Users\josep\source\repos\AIOTED-digital-rawdigits\20260816\13\8_main_dig2_20260816-133802.jpg,8,day,121.97,screen test8; model saw 8; agree,,,0
day_fill,20260913-142540_dig2,20260913-142540,2,C:\Users\josep\source\repos\AIOTED-digital-rawdigits\20260913\14\8_main_dig2_20260913-142540.jpg,8,day,140.98,screen test8; model saw 8; agree,,,0
day_fill,20260925-121017_dig2,20260925-121017,2,C:\Users\josep\source\repos\AIOTED-digital-rawdigits\20260925\12\8_main_dig2_20260925-121017.jpg,8,day,146.84,screen test8; model saw 8; agree,,,0
day_fill,20260917-154132_dig2,20260917-154132,2,C:\Users\josep\source\repos\AIOTED-digital-rawdigits\20260917\15\8_main_dig2_20260917-154132.jpg,8,day,96.93,screen test8; model saw 8; agree,,,0
day_fill,20260922-162123_dig2,20260922-162123,2,C:\Users\josep\source\repos\AIOTED-digital-rawdigits\20260922\16\8_main_dig2_20260922-162123.jpg,8,day,98.83,screen test8; model saw 8; agree,,,0
day_fill,20260829-130137_dig2,20260829-130137,2,C:\Users\josep\source\repos\AIOTED-digital-rawdigits\20260829\13\8_main_dig2_20260829-130137.jpg,8,day,96.29,screen test8; model saw 8; agree,,,0
day_fill,20260827-131341_dig2,20260827-131341,2,C:\Users\josep\source\repos\AIOTED-digital-rawdigits\20260827\13\8_main_dig2_20260827-131341.jpg,8,day,136.10,screen test8; model saw 8; agree,,,0
day_fill,20260907-084323_dig2,20260907-084323,2,C:\Users\josep\source\repos\AIOTED-digital-rawdigits\20260907\08\8_main_dig2_20260907-084323.jpg,8,day,141.98,screen test8; model saw 8; agree,,,0
day_fill,20260927-163442_dig2,20260927-163442,2,C:\Users\josep\source\repos\AIOTED-digital-rawdigits\20260927\16\8_main_dig2_20260927-163442.jpg,8,day,96.96,screen test8; model saw 8; agree,,,0
day_fill,20260915-122536_dig2,20260915-122536,2,C:\Users\josep\source\repos\AIOTED-digital-rawdigits\20260915\12\8_main_dig2_20260915-122536.jpg,8,day,149.84,screen test8; model saw 8; agree,,,0
day_fill,20260918-132531_dig2,20260918-132531,2,C:\Users\josep\source\repos\AIOTED-digital-rawdigits\20260918\13\8_main_dig2_20260918-132531.jpg,8,day,102.21,screen test8; model saw 8; agree,,,0
day_fill,20260830-141735_dig2,20260830-141735,2,C:\Users\josep\source\repos\AIOTED-digital-rawdigits\20260830\14\8_main_dig2_20260830-141735.jpg,8,day,108.00,screen test8; model saw 8; agree,,,0
day_fill,20260904-095105_dig2,20260904-095105,2,C:\Users\josep\source\repos\AIOTED-digital-rawdigits\20260904\09\8_main_dig2_20260904-095105.jpg,8,day,99.29,screen test8; model saw 8; agree,,,0
day_fill,20260830-114936_dig3,20260830-114936,3,C:\Users\josep\source\repos\AIOTED-digital-rawdigits\20260830\11\8_main_dig3_20260830-114936.jpg,8,day,139.15,reading_est 58524; model saw 8; agree,,,0
day_fill,20260905-103057_dig3,20260905-103057,3,C:\Users\josep\source\repos\AIOTED-digital-rawdigits\20260905\10\8_main_dig3_20260905-103057.jpg,8,day,117.41,reading_est 58775; model saw 8; agree,,,0
day_fill,20260829-112537_dig3,20260829-112537,3,C:\Users\josep\source\repos\AIOTED-digital-rawdigits\20260829\11\8_main_dig3_20260829-112537.jpg,8,day,99.97,reading_est 58499; model saw 8; agree,,,0
day_fill,20260820-152554_dig3,20260820-152554,3,C:\Users\josep\source\repos\AIOTED-digital-rawdigits\20260820\15\8_main_dig3_20260820-152554.jpg,8,day,134.98,reading_est 58194; model saw 8; agree,,,0
day_fill,20260817-131400_dig3,20260817-131400,3,C:\Users\josep\source\repos\AIOTED-digital-rawdigits\20260817\13\8_main_dig3_20260817-131400.jpg,8,day,128.06,reading_est 58070; model saw 8; agree,,,0
day_fill,20260824-095347_dig3,20260824-095347,3,C:\Users\josep\source\repos\AIOTED-digital-rawdigits\20260824\09\8_main_dig3_20260824-095347.jpg,8,day,142.02,reading_est 58318; model saw 8; agree,,,0
day_fill,20260911-163228_dig3,20260911-163228,3,C:\Users\josep\source\repos\AIOTED-digital-rawdigits\20260911\16\8_main_dig3_20260911-163228.jpg,8,day,97.74,reading_est 58993; model saw 8; agree,,,0
day_fill,20260821-152152_dig3,20260821-152152,3,C:\Users\josep\source\repos\AIOTED-digital-rawdigits\20260821\15\8_main_dig3_20260821-152152.jpg,8,day,105.98,reading_est 58229; model saw 8; agree,,,0
day_fill,20260831-145333_dig3,20260831-145333,3,C:\Users\josep\source\repos\AIOTED-digital-rawdigits\20260831\14\8_main_dig3_20260831-145333.jpg,8,day,121.98,reading_est 58573; model saw 8; agree,,,0
day_fill,20260904-134659_dig3,20260904-134659,3,C:\Users\josep\source\repos\AIOTED-digital-rawdigits\20260904\13\8_main_dig3_20260904-134659.jpg,8,day,147.00,reading_est 58740; model saw 8; agree,,,0
day_fill,20260910-162001_dig3,20260910-162001,3,C:\Users\josep\source\repos\AIOTED-digital-rawdigits\20260910\16\8_main_dig3_20260910-162001.jpg,8,day,96.08,reading_est 58958; model saw 8; agree,,,0
day_fill,20260906-074656_dig3,20260906-074656,3,C:\Users\josep\source\repos\AIOTED-digital-rawdigits\20260906\07\8_main_dig3_20260906-074656.jpg,8,day,110.29,reading_est 58801; model saw 8; agree,,,0
day_fill,20260908-151121_dig3,20260908-151121,3,C:\Users\josep\source\repos\AIOTED-digital-rawdigits\20260908\15\8_main_dig3_20260908-151121.jpg,8,day,115.00,reading_est 58881; model saw 8; agree,,,0
day_fill,20260902-135509_dig3,20260902-135509,3,C:\Users\josep\source\repos\AIOTED-digital-rawdigits\20260902\13\8_main_dig3_20260902-135509.jpg,8,day,146.31,reading_est 58659; model saw 8; agree,,,0
day_fill,20260823-130148_dig3,20260823-130148,3,C:\Users\josep\source\repos\AIOTED-digital-rawdigits\20260823\13\8_main_dig3_20260823-130148.jpg,8,day,114.08,reading_est 58289; model saw 8; agree,,,0
day_fill,20260827-111741_dig3,20260827-111741,3,C:\Users\josep\source\repos\AIOTED-digital-rawdigits\20260827\11\8_main_dig3_20260827-111741.jpg,8,day,129.31,reading_est 58423; model saw 8; agree,,,0
day_fill,20260819-120556_dig3,20260819-120556,3,C:\Users\josep\source\repos\AIOTED-digital-rawdigits\20260819\12\8_main_dig3_20260819-120556.jpg,8,day,137.15,reading_est 58148; model saw 8; agree,,,0
day_fill,20260822-102550_dig3,20260822-102550,3,C:\Users\josep\source\repos\AIOTED-digital-rawdigits\20260822\10\8_main_dig3_20260822-102550.jpg,8,day,138.15,reading_est 58250; model saw 8; agree,,,0
day_fill,20260828-152139_dig3,20260828-152139,3,C:\Users\josep\source\repos\AIOTED-digital-rawdigits\20260828\15\8_main_dig3_20260828-152139.jpg,8,day,97.08,reading_est 58472; model saw 8; agree,,,0
day_fill,20260907-110723_dig3,20260907-110723,3,C:\Users\josep\source\repos\AIOTED-digital-rawdigits\20260907\11\8_main_dig3_20260907-110723.jpg,8,day,106.97,reading_est 58838; model saw 8; agree,,,0
day_fill,20260826-123343_dig3,20260826-123343,3,C:\Users\josep\source\repos\AIOTED-digital-rawdigits\20260826\12\8_main_dig3_20260826-123343.jpg,8,day,138.13,reading_est 58392; model saw 8; agree,,,0
day_fill,20260816-112202_dig3,20260816-112202,3,C:\Users\josep\source\repos\AIOTED-digital-rawdigits\20260816\11\8_main_dig3_20260816-112202.jpg,8,day,135.06,reading_est 58031; model saw 8; agree,,,0
day_fill,20260815-161803_dig3,20260815-161803,3,C:\Users\josep\source\repos\AIOTED-digital-rawdigits\20260815\16\8_main_dig3_20260815-161803.jpg,8,day,128.29,reading_est 58006; model saw 8; agree,,,0
day_fill,20260903-171907_dig3,20260903-171907,3,C:\Users\josep\source\repos\AIOTED-digital-rawdigits\20260903\17\8_main_dig3_20260903-171907.jpg,8,day,97.24,reading_est 58708; model saw 8; agree,,,0
day_fill,20260830-132935_dig3,20260830-132935,3,C:\Users\josep\source\repos\AIOTED-digital-rawdigits\20260830\13\8_main_dig3_20260830-132935.jpg,8,day,106.97,reading_est 58529; model saw 8; agree,,,0
day_fill,20260905-141057_dig3,20260905-141057,3,C:\Users\josep\source\repos\AIOTED-digital-rawdigits\20260905\14\8_main_dig3_20260905-141057.jpg,8,day,122.98,reading_est 58781; model saw 8; agree,,,0
day_fill,20260829-095737_dig3,20260829-095737,3,C:\Users\josep\source\repos\AIOTED-digital-rawdigits\20260829\09\8_main_dig3_20260829-095737.jpg,8,day,98.90,reading_est 58497; model saw 8; agree,,,0
day_fill,20260820-113754_dig3,20260820-113754,3,C:\Users\josep\source\repos\AIOTED-digital-rawdigits\20260820\11\8_main_dig3_20260820-113754.jpg,8,day,135.29,reading_est 58183; model saw 8; agree,,,0
day_fill,20260817-134600_dig3,20260817-134600,3,C:\Users\josep\source\repos\AIOTED-digital-rawdigits\20260817\13\8_main_dig3_20260817-134600.jpg,8,day,138.83,reading_est 58072; model saw 8; agree,,,0
day_fill,20260824-152546_dig3,20260824-152546,3,C:\Users\josep\source\repos\AIOTED-digital-rawdigits\20260824\15\8_main_dig3_20260824-152546.jpg,8,day,136.98,reading_est 58325; model saw 8; agree,,,0
day_fill,20260911-144028_dig3,20260911-144028,3,C:\Users\josep\source\repos\AIOTED-digital-rawdigits\20260911\14\8_main_dig3_20260911-144028.jpg,8,day,147.92,reading_est 58988; model saw 8; agree,,,0
day_fill,20260821-135352_dig3,20260821-135352,3,C:\Users\josep\source\repos\AIOTED-digital-rawdigits\20260821\13\8_main_dig3_20260821-135352.jpg,8,day,144.77,reading_est 58226; model saw 8; agree,,,0
day_fill,20260831-081734_dig3,20260831-081734,3,C:\Users\josep\source\repos\AIOTED-digital-rawdigits\20260831\08\8_main_dig3_20260831-081734.jpg,8,day,128.12,reading_est 58557; model saw 8; agree,,,0
day_fill,20260904-110306_dig3,20260904-110306,3,C:\Users\josep\source\repos\AIOTED-digital-rawdigits\20260904\11\8_main_dig3_20260904-110306.jpg,8,day,146.98,reading_est 58733; model saw 8; agree,,,0
day_fill,20260910-094718_dig3,20260910-094718,3,C:\Users\josep\source\repos\AIOTED-digital-rawdigits\20260910\09\8_main_dig3_20260910-094718.jpg,8,day,147.84,reading_est 58946; model saw 8; agree,,,0
day_fill,20260906-110656_dig3,20260906-110656,3,C:\Users\josep\source\repos\AIOTED-digital-rawdigits\20260906\11\8_main_dig3_20260906-110656.jpg,8,day,136.84,reading_est 58806; model saw 8; agree,,,0
day_fill,20260908-171921_dig3,20260908-171921,3,C:\Users\josep\source\repos\AIOTED-digital-rawdigits\20260908\17\8_main_dig3_20260908-171921.jpg,8,day,103.84,reading_est 58885; model saw 8; agree,,,0
day_fill,20260902-141509_dig3,20260902-141509,3,C:\Users\josep\source\repos\AIOTED-digital-rawdigits\20260902\14\8_main_dig3_20260902-141509.jpg,8,day,140.31,reading_est 58660; model saw 8; agree,,,0
day_fill,20260823-164948_dig3,20260823-164948,3,C:\Users\josep\source\repos\AIOTED-digital-rawdigits\20260823\16\8_main_dig3_20260823-164948.jpg,8,day,96.98,reading_est 58298; model saw 8; agree,,,0
day_fill,20260827-122941_dig3,20260827-122941,3,C:\Users\josep\source\repos\AIOTED-digital-rawdigits\20260827\12\8_main_dig3_20260827-122941.jpg,8,day,139.30,reading_est 58426; model saw 8; agree,,,0
day_fill,20260819-140156_dig3,20260819-140156,3,C:\Users\josep\source\repos\AIOTED-digital-rawdigits\20260819\14\8_main_dig3_20260819-140156.jpg,8,day,143.75,reading_est 58153; model saw 8; agree,,,0
day_fill,20260822-074951_dig3,20260822-074951,3,C:\Users\josep\source\repos\AIOTED-digital-rawdigits\20260822\07\8_main_dig3_20260822-074951.jpg,8,day,114.98,reading_est 58247; model saw 8; agree,,,0
day_fill,20260828-140139_dig3,20260828-140139,3,C:\Users\josep\source\repos\AIOTED-digital-rawdigits\20260828\14\8_main_dig3_20260828-140139.jpg,8,day,139.06,reading_est 58470; model saw 8; agree,,,0
day_fill,20260907-143523_dig3,20260907-143523,3,C:\Users\josep\source\repos\AIOTED-digital-rawdigits\20260907\14\8_main_dig3_20260907-143523.jpg,8,day,146.77,reading_est 58848; model saw 8; agree,,,0
day_fill,20260826-131343_dig3,20260826-131343,3,C:\Users\josep\source\repos\AIOTED-digital-rawdigits\20260826\13\8_main_dig3_20260826-131343.jpg,8,day,128.99,reading_est 58394; model saw 8; agree,,,0
day_fill,20260816-143001_dig3,20260816-143001,3,C:\Users\josep\source\repos\AIOTED-digital-rawdigits\20260816\14\8_main_dig3_20260816-143001.jpg,8,day,138.13,reading_est 58037; model saw 8; agree,,,0
day_fill,20260815-142603_dig3,20260815-142603,3,C:\Users\josep\source\repos\AIOTED-digital-rawdigits\20260815\14\8_main_dig3_20260815-142603.jpg,8,day,116.00,reading_est 58002; model saw 8; agree,,,0
day_fill,20260903-115907_dig3,20260903-115907,3,C:\Users\josep\source\repos\AIOTED-digital-rawdigits\20260903\11\8_main_dig3_20260903-115907.jpg,8,day,141.79,reading_est 58696; model saw 8; agree,,,0
day_fill,20260830-165735_dig3,20260830-165735,3,C:\Users\josep\source\repos\AIOTED-digital-rawdigits\20260830\16\8_main_dig3_20260830-165735.jpg,8,day,100.98,reading_est 58537; model saw 8; agree,,,0
day_fill,20260905-123057_dig3,20260905-123057,3,C:\Users\josep\source\repos\AIOTED-digital-rawdigits\20260905\12\8_main_dig3_20260905-123057.jpg,8,day,122.80,reading_est 58778; model saw 8; agree,,,0
day_fill,20260829-113737_dig3,20260829-113737,3,C:\Users\josep\source\repos\AIOTED-digital-rawdigits\20260829\11\8_main_dig3_20260829-113737.jpg,8,day,96.98,reading_est 58499; model saw 8; agree,,,0
day_fill,20260820-133754_dig3,20260820-133754,3,C:\Users\josep\source\repos\AIOTED-digital-rawdigits\20260820\13\8_main_dig3_20260820-133754.jpg,8,day,134.21,reading_est 58188; model saw 8; agree,,,0
day_fill,20260817-095800_dig3,20260817-095800,3,C:\Users\josep\source\repos\AIOTED-digital-rawdigits\20260817\09\8_main_dig3_20260817-095800.jpg,8,day,135.77,reading_est 58064; model saw 8; agree,,,0
day_fill,20260824-142546_dig3,20260824-142546,3,C:\Users\josep\source\repos\AIOTED-digital-rawdigits\20260824\14\8_main_dig3_20260824-142546.jpg,8,day,141.06,reading_est 58323; model saw 8; agree,,,0
day_fill,20260911-161228_dig3,20260911-161228,3,C:\Users\josep\source\repos\AIOTED-digital-rawdigits\20260911\16\8_main_dig3_20260911-161228.jpg,8,day,97.98,reading_est 58992; model saw 8; agree,,,0
day_fill,20260821-160952_dig3,20260821-160952,3,C:\Users\josep\source\repos\AIOTED-digital-rawdigits\20260821\16\8_main_dig3_20260821-160952.jpg,8,day,113.02,reading_est 58231; model saw 8; agree,,,0
day_fill,20260831-155333_dig3,20260831-155333,3,C:\Users\josep\source\repos\AIOTED-digital-rawdigits\20260831\15\8_main_dig3_20260831-155333.jpg,8,day,116.19,reading_est 58576; model saw 8; agree,,,0
day_fill,20260904-111506_dig3,20260904-111506,3,C:\Users\josep\source\repos\AIOTED-digital-rawdigits\20260904\11\8_main_dig3_20260904-111506.jpg,8,day,142.97,reading_est 58733; model saw 8; agree,,,0
day_fill,20260910-091118_dig3,20260910-091118,3,C:\Users\josep\source\repos\AIOTED-digital-rawdigits\20260910\09\8_main_dig3_20260910-091118.jpg,8,day,154.69,reading_est 58946; model saw 8; agree,,,0
day_fill,20260906-134325_dig3,20260906-134325,3,C:\Users\josep\source\repos\AIOTED-digital-rawdigits\20260906\13\8_main_dig3_20260906-134325.jpg,8,day,152.98,reading_est 58811; model saw 8; agree,,,0
day_fill,20260908-113121_dig3,20260908-113121,3,C:\Users\josep\source\repos\AIOTED-digital-rawdigits\20260908\11\8_main_dig3_20260908-113121.jpg,8,day,99.19,reading_est 58876; model saw 8; agree,,,0
day_fill,20260902-161509_dig3,20260902-161509,3,C:\Users\josep\source\repos\AIOTED-digital-rawdigits\20260902\16\8_main_dig3_20260902-161509.jpg,8,day,104.19,reading_est 58666; model saw 8; agree,,,0
day_fill,20260827-163741_dig6,20260827-163741,6,C:\Users\josep\source\repos\AIOTED-digital-rawdigits\20260827\16\7_main_dig6_20260827-163741.jpg,7,day,104.97,reading_est 58437; model saw 7; agree,,,0
day_fill,20260817-153359_dig6,20260817-153359,6,C:\Users\josep\source\repos\AIOTED-digital-rawdigits\20260817\15\7_main_dig6_20260817-153359.jpg,7,day,135.83,reading_est 58077; model saw 7; agree_soft,,,0
day_fill,20260902-163509_dig6,20260902-163509,6,C:\Users\josep\source\repos\AIOTED-digital-rawdigits\20260902\16\7_main_dig6_20260902-163509.jpg,7,day,96.10,reading_est 58667; model saw 7; agree,,,0
day_fill,20260910-160001_dig6,20260910-160001,6,C:\Users\josep\source\repos\AIOTED-digital-rawdigits\20260910\16\7_main_dig6_20260910-160001.jpg,7,day,104.12,reading_est 58957; model saw 7; agree_soft,,,0
day_fill,20260903-170707_dig6,20260903-170707,6,C:\Users\josep\source\repos\AIOTED-digital-rawdigits\20260903\17\7_main_dig6_20260903-170707.jpg,7,day,98.97,reading_est 58707; model saw 7; agree_soft,,,0
day_fill,20260908-123921_dig6,20260908-123921,6,C:\Users\josep\source\repos\AIOTED-digital-rawdigits\20260908\12\7_main_dig6_20260908-123921.jpg,7,day,102.79,reading_est 58877; model saw 7; agree_soft,,,0
day_fill,20260912-114827_dig6,20260912-114827,6,C:\Users\josep\source\repos\AIOTED-digital-rawdigits\20260912\11\7_main_dig6_20260912-114827.jpg,7,day,98.97,reading_est 59017; model saw 7; agree,,,0
day_fill,20260829-095737_dig6,20260829-095737,6,C:\Users\josep\source\repos\AIOTED-digital-rawdigits\20260829\09\7_main_dig6_20260829-095737.jpg,7,day,98.90,reading_est 58497; model saw 7; agree,,,0
day_fill,20260914-115338_dig6,20260914-115338,6,C:\Users\josep\source\repos\AIOTED-digital-rawdigits\20260914\11\7_main_dig6_20260914-115338.jpg,7,day,127.29,reading_est 59067; model saw 7; agree_soft,,,0
day_fill,20260816-084202_dig6,20260816-084202,6,C:\Users\josep\source\repos\AIOTED-digital-rawdigits\20260816\08\7_main_dig6_20260816-084202.jpg,7,day,104.98,reading_est 58027; model saw 7; agree_soft,,,0
day_fill,20260826-143343_dig6,20260826-143343,6,C:\Users\josep\source\repos\AIOTED-digital-rawdigits\20260826\14\7_main_dig6_20260826-143343.jpg,7,day,142.11,reading_est 58397; model saw 7; agree,,,0
day_fill,20260905-114257_dig6,20260905-114257,6,C:\Users\josep\source\repos\AIOTED-digital-rawdigits\20260905\11\7_main_dig6_20260905-114257.jpg,7,day,147.21,reading_est 58777; model saw 7; agree,,,0
day_fill,20260907-174323_dig6,20260907-174323,6,C:\Users\josep\source\repos\AIOTED-digital-rawdigits\20260907\17\7_main_dig6_20260907-174323.jpg,7,day,98.12,reading_est 58857; model saw 7; agree,,,0
day_fill,20260906-113125_dig6,20260906-113125,6,C:\Users\josep\source\repos\AIOTED-digital-rawdigits\20260906\11\7_main_dig6_20260906-113125.jpg,7,day,134.30,reading_est 58807; model saw 7; agree,,,0
day_fill,20260922-124524_dig6,20260922-124524,6,C:\Users\josep\source\repos\AIOTED-digital-rawdigits\20260922\12\7_main_dig6_20260922-124524.jpg,7,day,156.29,reading_est 59247; model saw 7; agree,,,0
day_fill,20260925-101417_dig6,20260925-101417,6,C:\Users\josep\source\repos\AIOTED-digital-rawdigits\20260925\10\7_main_dig6_20260925-101417.jpg,7,day,116.97,reading_est 59307; model saw 7; agree,,,0
day_fill,20260911-143228_dig6,20260911-143228,6,C:\Users\josep\source\repos\AIOTED-digital-rawdigits\20260911\14\7_main_dig6_20260911-143228.jpg,7,day,151.13,reading_est 58987; model saw 7; agree_soft,,,0
day_fill,20260915-164536_dig6,20260915-164536,6,C:\Users\josep\source\repos\AIOTED-digital-rawdigits\20260915\16\7_main_dig6_20260915-164536.jpg,7,day,100.13,reading_est 59097; model saw 7; agree,,,0
day_fill,20260819-114556_dig6,20260819-114556,6,C:\Users\josep\source\repos\AIOTED-digital-rawdigits\20260819\11\7_main_dig6_20260819-114556.jpg,7,day,138.04,reading_est 58147; model saw 7; agree,,,0
day_fill,20260921-144125_dig6,20260921-144125,6,C:\Users\josep\source\repos\AIOTED-digital-rawdigits\20260921\14\7_main_dig6_20260921-144125.jpg,7,day,111.98,reading_est 59227; model saw 7; agree,,,0
day_fill,20260928-092241_dig6,20260928-092241,6,C:\Users\josep\source\repos\AIOTED-digital-rawdigits\20260928\09\7_main_dig6_20260928-092241.jpg,7,day,156.05,reading_est 59367; model saw 7; agree,,,0
day_fill,20260828-081340_dig6,20260828-081340,6,C:\Users\josep\source\repos\AIOTED-digital-rawdigits\20260828\08\7_main_dig6_20260828-081340.jpg,7,day,124.77,reading_est 58457; model saw 7; agree,,,0
day_fill,20260815-123804_dig6,20260815-123804,6,C:\Users\josep\source\repos\AIOTED-digital-rawdigits\20260815\12\7_main_dig6_20260815-123804.jpg,7,day,136.69,reading_est 57997; model saw 7; agree,,,0
day_fill,20260920-164527_dig6,20260920-164527,6,C:\Users\josep\source\repos\AIOTED-digital-rawdigits\20260920\16\7_main_dig6_20260920-164527.jpg,7,day,102.29,reading_est 59207; model saw 7; agree,,,0
day_fill,20260904-160659_dig6,20260904-160659,6,C:\Users\josep\source\repos\AIOTED-digital-rawdigits\20260904\16\7_main_dig6_20260904-160659.jpg,7,day,114.97,reading_est 58747; model saw 7; agree_soft,,,0
day_fill,20260821-142152_dig6,20260821-142152,6,C:\Users\josep\source\repos\AIOTED-digital-rawdigits\20260821\14\7_main_dig6_20260821-142152.jpg,7,day,113.00,reading_est 58227; model saw 7; agree_soft,,,0
day_fill,20260930-093437_dig6,20260930-093437,6,C:\Users\josep\source\repos\AIOTED-digital-rawdigits\20260930\09\7_main_dig6_20260930-093437.jpg,7,day,106.98,reading_est 59407; model saw 7; agree,,,0
day_fill,20260917-110532_dig6,20260917-110532,6,C:\Users\josep\source\repos\AIOTED-digital-rawdigits\20260917\11\7_main_dig6_20260917-110532.jpg,7,day,111.94,reading_est 59137; model saw 7; agree_soft,,,0
day_fill,20260823-162148_dig6,20260823-162148,6,C:\Users\josep\source\repos\AIOTED-digital-rawdigits\20260823\16\7_main_dig6_20260823-162148.jpg,7,day,100.74,reading_est 58297; model saw 7; agree,,,0
day_fill,20260822-074551_dig6,20260822-074551,6,C:\Users\josep\source\repos\AIOTED-digital-rawdigits\20260822\07\7_main_dig6_20260822-074551.jpg,7,day,110.29,reading_est 58247; model saw 7; agree,,,0
day_fill,20260927-084214_dig6,20260927-084214,6,C:\Users\josep\source\repos\AIOTED-digital-rawdigits\20260927\08\7_main_dig6_20260927-084214.jpg,7,day,155.21,reading_est 59347; model saw 7; agree,,,0
day_fill,20260824-093347_dig6,20260824-093347,6,C:\Users\josep\source\repos\AIOTED-digital-rawdigits\20260824\09\7_main_dig6_20260824-093347.jpg,7,day,138.30,reading_est 58317; model saw 7; agree,,,0
day_fill,20260924-121819_dig6,20260924-121819,6,C:\Users\josep\source\repos\AIOTED-digital-rawdigits\20260924\12\7_main_dig6_20260924-121819.jpg,7,day,148.02,reading_est 59287; model saw 7; agree_soft,,,0
day_fill,20260913-131740_dig6,20260913-131740,6,C:\Users\josep\source\repos\AIOTED-digital-rawdigits\20260913\13\7_main_dig6_20260913-131740.jpg,7,day,147.00,reading_est 59047; model saw 7; agree,,,0
day_fill,20260820-131754_dig6,20260820-131754,6,C:\Users\josep\source\repos\AIOTED-digital-rawdigits\20260820\13\7_main_dig6_20260820-131754.jpg,7,day,135.83,reading_est 58187; model saw 7; agree_soft,,,0
day_fill,20260831-123334_dig6,20260831-123334,6,C:\Users\josep\source\repos\AIOTED-digital-rawdigits\20260831\12\7_main_dig6_20260831-123334.jpg,7,day,148.15,reading_est 58567; model saw 7; agree,,,0
day_fill,20260830-164935_dig6,20260830-164935,6,C:\Users\josep\source\repos\AIOTED-digital-rawdigits\20260830\16\7_main_dig6_20260830-164935.jpg,7,day,101.98,reading_est 58537; model saw 7; agree,,,0
day_fill,20260827-130941_dig6,20260827-130941,6,C:\Users\josep\source\repos\AIOTED-digital-rawdigits\20260827\13\7_main_dig6_20260827-130941.jpg,7,day,136.98,reading_est 58427; model saw 7; agree_soft,,,0
day_fill,20260817-114600_dig6,20260817-114600,6,C:\Users\josep\source\repos\AIOTED-digital-rawdigits\20260817\11\7_main_dig6_20260817-114600.jpg,7,day,133.15,reading_est 58067; model saw 7; agree_soft,,,0
day_fill,20260902-130309_dig6,20260902-130309,6,C:\Users\josep\source\repos\AIOTED-digital-rawdigits\20260902\13\7_main_dig6_20260902-130309.jpg,7,day,144.15,reading_est 58657; model saw 7; agree_soft,,,0
day_fill,20260910-111918_dig6,20260910-111918,6,C:\Users\josep\source\repos\AIOTED-digital-rawdigits\20260910\11\7_main_dig6_20260910-111918.jpg,7,day,144.21,reading_est 58947; model saw 7; agree,,,0
day_fill,20260903-125107_dig6,20260903-125107,6,C:\Users\josep\source\repos\AIOTED-digital-rawdigits\20260903\12\7_main_dig6_20260903-125107.jpg,7,day,139.06,reading_est 58697; model saw 7; agree_soft,,,0
day_fill,20260908-123121_dig6,20260908-123121,6,C:\Users\josep\source\repos\AIOTED-digital-rawdigits\20260908\12\7_main_dig6_20260908-123121.jpg,7,day,109.27,reading_est 58877; model saw 7; agree,,,0
day_fill,20260912-113627_dig6,20260912-113627,6,C:\Users\josep\source\repos\AIOTED-digital-rawdigits\20260912\11\7_main_dig6_20260912-113627.jpg,7,day,133.90,reading_est 59017; model saw 7; agree,,,0
day_fill,20260914-112538_dig6,20260914-112538,6,C:\Users\josep\source\repos\AIOTED-digital-rawdigits\20260914\11\7_main_dig6_20260914-112538.jpg,7,day,150.14,reading_est 59067; model saw 7; agree,,,0
day_fill,20260816-143001_dig6,20260816-143001,6,C:\Users\josep\source\repos\AIOTED-digital-rawdigits\20260816\14\7_main_dig6_20260816-143001.jpg,7,day,138.13,reading_est 58037; model saw 7; agree_soft,,,0
day_fill,20260826-144143_dig6,20260826-144143,6,C:\Users\josep\source\repos\AIOTED-digital-rawdigits\20260826\14\7_main_dig6_20260826-144143.jpg,7,day,102.98,reading_est 58397; model saw 7; agree_soft,,,0
day_fill,20260905-113857_dig6,20260905-113857,6,C:\Users\josep\source\repos\AIOTED-digital-rawdigits\20260905\11\7_main_dig6_20260905-113857.jpg,7,day,142.98,reading_est 58777; model saw 7; agree,,,0
day_fill,20260907-141523_dig6,20260907-141523,6,C:\Users\josep\source\repos\AIOTED-digital-rawdigits\20260907\14\7_main_dig6_20260907-141523.jpg,7,day,154.77,reading_est 58847; model saw 7; agree_soft,,,0
day_fill,20260906-115125_dig6,20260906-115125,6,C:\Users\josep\source\repos\AIOTED-digital-rawdigits\20260906\11\7_main_dig6_20260906-115125.jpg,7,day,143.79,reading_est 58807; model saw 7; agree_soft,,,0
day_fill,20260922-122524_dig6,20260922-122524,6,C:\Users\josep\source\repos\AIOTED-digital-rawdigits\20260922\12\7_main_dig6_20260922-122524.jpg,7,day,143.13,reading_est 59247; model saw 7; agree,,,0
day_fill,20260925-100217_dig6,20260925-100217,6,C:\Users\josep\source\repos\AIOTED-digital-rawdigits\20260925\10\7_main_dig6_20260925-100217.jpg,7,day,132.14,reading_est 59307; model saw 7; agree,,,0
day_fill,20260911-142428_dig6,20260911-142428,6,C:\Users\josep\source\repos\AIOTED-digital-rawdigits\20260911\14\7_main_dig6_20260911-142428.jpg,7,day,151.21,reading_est 58987; model saw 7; agree,,,0
day_fill,20260827-072941_dig5,20260827-072941,5,C:\Users\josep\source\repos\AIOTED-digital-rawdigits\20260827\07\1_main_dig5_20260827-072941.jpg,1,day,99.29,reading_est 58418; model saw 1; agree,,,0
day_fill,20260830-080936_dig5,20260830-080936,5,C:\Users\josep\source\repos\AIOTED-digital-rawdigits\20260830\08\1_main_dig5_20260830-080936.jpg,1,day,126.29,reading_est 58518; model saw 1; agree,,,0
day_fill,20260925-150217_dig5,20260925-150217,5,C:\Users\josep\source\repos\AIOTED-digital-rawdigits\20260925\15\1_main_dig5_20260925-150217.jpg,1,day,155.77,reading_est 59314; model saw 1; agree,,,0
day_fill,20260824-095347_dig5,20260824-095347,5,C:\Users\josep\source\repos\AIOTED-digital-rawdigits\20260824\09\1_main_dig5_20260824-095347.jpg,1,day,142.02,reading_est 58318; model saw 1; agree,,,0
day_fill,20260906-163125_dig5,20260906-163125,5,C:\Users\josep\source\repos\AIOTED-digital-rawdigits\20260906\16\1_main_dig5_20260906-163125.jpg,1,day,98.97,reading_est 58817; model saw 1; agree,,,0
day_fill,20260912-094827_dig5,20260912-094827,5,C:\Users\josep\source\repos\AIOTED-digital-rawdigits\20260912\09\1_main_dig5_20260912-094827.jpg,1,day,149.20,reading_est 59014; model saw 1; agree,,,0
day_fill,20260827-075741_dig5,20260827-075741,5,C:\Users\josep\source\repos\AIOTED-digital-rawdigits\20260827\07\1_main_dig5_20260827-075741.jpg,1,day,123.84,reading_est 58418; model saw 1; agree,,,0
day_fill,20260830-084136_dig5,20260830-084136,5,C:\Users\josep\source\repos\AIOTED-digital-rawdigits\20260830\08\1_main_dig5_20260830-084136.jpg,1,day,134.29,reading_est 58519; model saw 1; agree_soft,,,0
day_fill,20260925-123417_dig5,20260925-123417,5,C:\Users\josep\source\repos\AIOTED-digital-rawdigits\20260925\12\1_main_dig5_20260925-123417.jpg,1,day,148.13,reading_est 59311; model saw 1; agree,,,0
day_fill,20260824-072547_dig5,20260824-072547,5,C:\Users\josep\source\repos\AIOTED-digital-rawdigits\20260824\07\1_main_dig5_20260824-072547.jpg,1,day,98.84,reading_est 58315; model saw 1; agree,,,0
day_fill,20260906-153125_dig5,20260906-153125,5,C:\Users\josep\source\repos\AIOTED-digital-rawdigits\20260906\15\1_main_dig5_20260906-153125.jpg,1,day,140.29,reading_est 58815; model saw 1; agree,,,0
day_fill,20260912-103627_dig5,20260912-103627,5,C:\Users\josep\source\repos\AIOTED-digital-rawdigits\20260912\10\1_main_dig5_20260912-103627.jpg,1,day,119.69,reading_est 59016; model saw 1; agree,,,0
day_fill,20260827-084940_dig5,20260827-084940,5,C:\Users\josep\source\repos\AIOTED-digital-rawdigits\20260827\08\1_main_dig5_20260827-084940.jpg,1,day,134.39,reading_est 58419; model saw 1; agree_soft,,,0
day_fill,20260830-074936_dig5,20260830-074936,5,C:\Users\josep\source\repos\AIOTED-digital-rawdigits\20260830\07\1_main_dig5_20260830-074936.jpg,1,day,113.06,reading_est 58518; model saw 1; agree,,,0
day_fill,20260925-151417_dig5,20260925-151417,5,C:\Users\josep\source\repos\AIOTED-digital-rawdigits\20260925\15\1_main_dig5_20260925-151417.jpg,1,day,153.00,reading_est 59314; model saw 1; agree,,,0
day_fill,20260824-074547_dig5,20260824-074547,5,C:\Users\josep\source\repos\AIOTED-digital-rawdigits\20260824\07\1_main_dig5_20260824-074547.jpg,1,day,122.04,reading_est 58316; model saw 1; agree,,,0
day_fill,20260906-134325_dig5,20260906-134325,5,C:\Users\josep\source\repos\AIOTED-digital-rawdigits\20260906\13\1_main_dig5_20260906-134325.jpg,1,day,152.98,reading_est 58811; model saw 1; agree,,,0
day_fill,20260912-110827_dig5,20260912-110827,5,C:\Users\josep\source\repos\AIOTED-digital-rawdigits\20260912\11\1_main_dig5_20260912-110827.jpg,1,day,142.00,reading_est 59016; model saw 1; agree,,,0
day_fill,20260827-073741_dig5,20260827-073741,5,C:\Users\josep\source\repos\AIOTED-digital-rawdigits\20260827\07\1_main_dig5_20260827-073741.jpg,1,day,99.91,reading_est 58418; model saw 1; agree,,,0
day_fill,20260830-082136_dig5,20260830-082136,5,C:\Users\josep\source\repos\AIOTED-digital-rawdigits\20260830\08\1_main_dig5_20260830-082136.jpg,1,day,129.03,reading_est 58518; model saw 1; agree,,,0
day_fill,20260925-124217_dig5,20260925-124217,5,C:\Users\josep\source\repos\AIOTED-digital-rawdigits\20260925\12\1_main_dig5_20260925-124217.jpg,1,day,141.00,reading_est 59311; model saw 1; agree,,,0
day_fill,20260824-092547_dig5,20260824-092547,5,C:\Users\josep\source\repos\AIOTED-digital-rawdigits\20260824\09\1_main_dig5_20260824-092547.jpg,1,day,137.05,reading_est 58317; model saw 1; agree,,,0
day_fill,20260906-170325_dig5,20260906-170325,5,C:\Users\josep\source\repos\AIOTED-digital-rawdigits\20260906\17\1_main_dig5_20260906-170325.jpg,1,day,97.19,reading_est 58818; model saw 1; agree_soft,,,0
day_fill,20260912-102827_dig5,20260912-102827,5,C:\Users\josep\source\repos\AIOTED-digital-rawdigits\20260912\10\1_main_dig5_20260912-102827.jpg,1,day,108.98,reading_est 59016; model saw 1; agree,,,0
day_fill,20260827-074941_dig5,20260827-074941,5,C:\Users\josep\source\repos\AIOTED-digital-rawdigits\20260827\07\1_main_dig5_20260827-074941.jpg,1,day,120.88,reading_est 58418; model saw 1; agree,,,0
day_fill,20260830-080136_dig5,20260830-080136,5,C:\Users\josep\source\repos\AIOTED-digital-rawdigits\20260830\08\1_main_dig5_20260830-080136.jpg,1,day,118.11,reading_est 58518; model saw 1; agree,,,0
day_fill,20260925-131417_dig5,20260925-131417,5,C:\Users\josep\source\repos\AIOTED-digital-rawdigits\20260925\13\1_main_dig5_20260925-131417.jpg,1,day,156.29,reading_est 59312; model saw 1; agree,,,0
day_fill,20260824-105347_dig5,20260824-105347,5,C:\Users\josep\source\repos\AIOTED-digital-rawdigits\20260824\10\1_main_dig5_20260824-105347.jpg,1,day,136.77,reading_est 58318; model saw 1; agree,,,0
day_fill,20260906-133125_dig5,20260906-133125,5,C:\Users\josep\source\repos\AIOTED-digital-rawdigits\20260906\13\1_main_dig5_20260906-133125.jpg,1,day,144.29,reading_est 58811; model saw 1; agree,,,0
day_fill,20260912-084827_dig5,20260912-084827,5,C:\Users\josep\source\repos\AIOTED-digital-rawdigits\20260912\08\1_main_dig5_20260912-084827.jpg,1,day,145.32,reading_est 59012; model saw 1; agree,,,0
day_fill,20260827-080941_dig5,20260827-080941,5,C:\Users\josep\source\repos\AIOTED-digital-rawdigits\20260827\08\1_main_dig5_20260827-080941.jpg,1,day,128.00,reading_est 58419; model saw 1; agree,,,0
day_fill,20260830-082936_dig5,20260830-082936,5,C:\Users\josep\source\repos\AIOTED-digital-rawdigits\20260830\08\1_main_dig5_20260830-082936.jpg,1,day,130.84,reading_est 58519; model saw 1; agree,,,0
day_fill,20260925-134217_dig5,20260925-134217,5,C:\Users\josep\source\repos\AIOTED-digital-rawdigits\20260925\13\1_main_dig5_20260925-134217.jpg,1,day,146.29,reading_est 59312; model saw 1; agree,,,0
day_fill,20260824-071747_dig5,20260824-071747,5,C:\Users\josep\source\repos\AIOTED-digital-rawdigits\20260824\07\1_main_dig5_20260824-071747.jpg,1,day,97.98,reading_est 58315; model saw 1; agree,,,0
day_fill,20260906-140325_dig5,20260906-140325,5,C:\Users\josep\source\repos\AIOTED-digital-rawdigits\20260906\14\1_main_dig5_20260906-140325.jpg,1,day,157.98,reading_est 58811; model saw 1; agree,,,0
day_fill,20260912-111627_dig5,20260912-111627,5,C:\Users\josep\source\repos\AIOTED-digital-rawdigits\20260912\11\1_main_dig5_20260912-111627.jpg,1,day,122.74,reading_est 59016; model saw 1; agree,,,0
day_fill,20260827-081740_dig5,20260827-081740,5,C:\Users\josep\source\repos\AIOTED-digital-rawdigits\20260827\08\1_main_dig5_20260827-081740.jpg,1,day,129.34,reading_est 58419; model saw 1; agree,,,0
day_fill,20260830-072136_dig5,20260830-072136,5,C:\Users\josep\source\repos\AIOTED-digital-rawdigits\20260830\07\1_main_dig5_20260830-072136.jpg,1,day,98.16,reading_est 58517; model saw 1; agree,,,0
day_fill,20260925-143417_dig5,20260925-143417,5,C:\Users\josep\source\repos\AIOTED-digital-rawdigits\20260925\14\1_main_dig5_20260925-143417.jpg,1,day,158.00,reading_est 59313; model saw 1; agree,,,0
day_fill,20260824-073747_dig5,20260824-073747,5,C:\Users\josep\source\repos\AIOTED-digital-rawdigits\20260824\07\1_main_dig5_20260824-073747.jpg,1,day,97.29,reading_est 58315; model saw 1; agree,,,0
day_fill,20260906-165125_dig5,20260906-165125,5,C:\Users\josep\source\repos\AIOTED-digital-rawdigits\20260906\16\1_main_dig5_20260906-165125.jpg,1,day,98.19,reading_est 58818; model saw 1; agree_soft,,,0
day_fill,20260912-105627_dig5,20260912-105627,5,C:\Users\josep\source\repos\AIOTED-digital-rawdigits\20260912\10\1_main_dig5_20260912-105627.jpg,1,day,132.20,reading_est 59016; model saw 1; agree,,,0
day_fill,20260827-083740_dig5,20260827-083740,5,C:\Users\josep\source\repos\AIOTED-digital-rawdigits\20260827\08\1_main_dig5_20260827-083740.jpg,1,day,132.31,reading_est 58419; model saw 1; agree,,,0
day_fill,20260830-074136_dig5,20260830-074136,5,C:\Users\josep\source\repos\AIOTED-digital-rawdigits\20260830\07\1_main_dig5_20260830-074136.jpg,1,day,107.29,reading_est 58518; model saw 1; agree,,,0
day_fill,20260925-121417_dig5,20260925-121417,5,C:\Users\josep\source\repos\AIOTED-digital-rawdigits\20260925\12\1_main_dig5_20260925-121417.jpg,1,day,148.98,reading_est 59310; model saw 1; agree_soft,,,0
day_fill,20260824-080547_dig5,20260824-080547,5,C:\Users\josep\source\repos\AIOTED-digital-rawdigits\20260824\08\1_main_dig5_20260824-080547.jpg,1,day,127.69,reading_est 58316; model saw 1; agree,,,0
day_fill,20260906-135125_dig5,20260906-135125,5,C:\Users\josep\source\repos\AIOTED-digital-rawdigits\20260906\13\1_main_dig5_20260906-135125.jpg,1,day,150.29,reading_est 58811; model saw 1; agree,,,0
day_fill,20260912-085627_dig5,20260912-085627,5,C:\Users\josep\source\repos\AIOTED-digital-rawdigits\20260912\08\1_main_dig5_20260912-085627.jpg,1,day,128.02,reading_est 59013; model saw 1; agree,,,0
day_fill,20260827-082940_dig5,20260827-082940,5,C:\Users\josep\source\repos\AIOTED-digital-rawdigits\20260827\08\1_main_dig5_20260827-082940.jpg,1,day,131.54,reading_est 58419; model saw 1; agree,,,0
day_fill,20260830-072936_dig5,20260830-072936,5,C:\Users\josep\source\repos\AIOTED-digital-rawdigits\20260830\07\1_main_dig5_20260830-072936.jpg,1,day,101.29,reading_est 58518; model saw 1; agree,,,0
day_fill,20260925-153417_dig5,20260925-153417,5,C:\Users\josep\source\repos\AIOTED-digital-rawdigits\20260925\15\1_main_dig5_20260925-153417.jpg,1,day,140.98,reading_est 59316; model saw 1; agree,,,0
day_fill,20260824-115347_dig5,20260824-115347,5,C:\Users\josep\source\repos\AIOTED-digital-rawdigits\20260824\11\1_main_dig5_20260824-115347.jpg,1,day,141.29,reading_est 58319; model saw 1; agree,,,0
day_fill,20260906-131125_dig5,20260906-131125,5,C:\Users\josep\source\repos\AIOTED-digital-rawdigits\20260906\13\1_main_dig5_20260906-131125.jpg,1,day,153.69,reading_est 58810; model saw 1; agree,,,0
day_fill,20260912-092827_dig5,20260912-092827,5,C:\Users\josep\source\repos\AIOTED-digital-rawdigits\20260912\09\1_main_dig5_20260912-092827.jpg,1,day,141.69,reading_est 59013; model saw 1; agree,,,0
day_fill,20260925-144217_dig5,20260925-144217,5,C:\Users\josep\source\repos\AIOTED-digital-rawdigits\20260925\14\1_main_dig5_20260925-144217.jpg,1,day,158.98,reading_est 59314; model saw 1; agree,,,0
day_fill,20260824-075747_dig5,20260824-075747,5,C:\Users\josep\source\repos\AIOTED-digital-rawdigits\20260824\07\1_main_dig5_20260824-075747.jpg,1,day,125.88,reading_est 58316; model saw 1; agree,,,0
day_fill,20260906-165925_dig5,20260906-165925,5,C:\Users\josep\source\repos\AIOTED-digital-rawdigits\20260906\16\1_main_dig5_20260906-165925.jpg,1,day,99.12,reading_est 58818; model saw 1; agree_soft,,,0
day_fill,20260912-112827_dig5,20260912-112827,5,C:\Users\josep\source\repos\AIOTED-digital-rawdigits\20260912\11\1_main_dig5_20260912-112827.jpg,1,day,122.14,reading_est 59017; model saw 1; agree,,,0
day_fill,20260925-122217_dig5,20260925-122217,5,C:\Users\josep\source\repos\AIOTED-digital-rawdigits\20260925\12\1_main_dig5_20260925-122217.jpg,1,day,153.75,reading_est 59310; model saw 1; agree_soft,,,0
day_fill,20260824-094547_dig5,20260824-094547,5,C:\Users\josep\source\repos\AIOTED-digital-rawdigits\20260824\09\1_main_dig5_20260824-094547.jpg,1,day,140.02,reading_est 58317; model saw 1; agree,,,0
day_fill,20260906-143125_dig5,20260906-143125,5,C:\Users\josep\source\repos\AIOTED-digital-rawdigits\20260906\14\1_main_dig5_20260906-143125.jpg,1,day,153.00,reading_est 58813; model saw 1; agree,,,0
day_fill,20260831-121334_dig5,20260831-121334,5,C:\Users\josep\source\repos\AIOTED-digital-rawdigits\20260831\12\6_main_dig5_20260831-121334.jpg,6,day,138.88,reading_est 58566; model saw 6; agree,,,0
day_fill,20260819-163356_dig5,20260819-163356,5,C:\Users\josep\source\repos\AIOTED-digital-rawdigits\20260819\16\6_main_dig5_20260819-163356.jpg,6,day,97.97,reading_est 58160; model saw 6; agree,,,0
day_fill,20260914-123338_dig5,20260914-123338,5,C:\Users\josep\source\repos\AIOTED-digital-rawdigits\20260914\12\6_main_dig5_20260914-123338.jpg,6,day,149.92,reading_est 59068; model saw 6; agree_soft,,,0
day_fill,20260918-120931_dig5,20260918-120931,5,C:\Users\josep\source\repos\AIOTED-digital-rawdigits\20260918\12\6_main_dig5_20260918-120931.jpg,6,day,105.75,reading_est 59160; model saw 6; agree_soft,,,0
day_fill,20260902-163509_dig5,20260902-163509,5,C:\Users\josep\source\repos\AIOTED-digital-rawdigits\20260902\16\6_main_dig5_20260902-163509.jpg,6,day,96.10,reading_est 58667; model saw 6; agree,,,0
day_fill,20260928-101441_dig5,20260928-101441,5,C:\Users\josep\source\repos\AIOTED-digital-rawdigits\20260928\10\6_main_dig5_20260928-101441.jpg,6,day,147.23,reading_est 59368; model saw 6; agree_soft,,,0
day_fill,20260822-160550_dig5,20260822-160550,5,C:\Users\josep\source\repos\AIOTED-digital-rawdigits\20260822\16\6_main_dig5_20260822-160550.jpg,6,day,136.29,reading_est 58264; model saw 6; agree,,,0
day_fill,20260828-112139_dig5,20260828-112139,5,C:\Users\josep\source\repos\AIOTED-digital-rawdigits\20260828\11\6_main_dig5_20260828-112139.jpg,6,day,142.00,reading_est 58461; model saw 6; agree,,,0
day_fill,20260817-122600_dig5,20260817-122600,5,C:\Users\josep\source\repos\AIOTED-digital-rawdigits\20260817\12\6_main_dig5_20260817-122600.jpg,6,day,101.22,reading_est 58068; model saw 6; agree,,,0
day_fill,20260831-115334_dig5,20260831-115334,5,C:\Users\josep\source\repos\AIOTED-digital-rawdigits\20260831\11\6_main_dig5_20260831-115334.jpg,6,day,163.81,reading_est 58565; model saw 6; agree,,,0
day_fill,20260819-165355_dig5,20260819-165355,5,C:\Users\josep\source\repos\AIOTED-digital-rawdigits\20260819\16\6_main_dig5_20260819-165355.jpg,6,day,97.17,reading_est 58161; model saw 6; agree,,,0
day_fill,20260914-124538_dig5,20260914-124538,5,C:\Users\josep\source\repos\AIOTED-digital-rawdigits\20260914\12\6_main_dig5_20260914-124538.jpg,6,day,127.77,reading_est 59068; model saw 6; agree_soft,,,0
day_fill,20260918-150931_dig5,20260918-150931,5,C:\Users\josep\source\repos\AIOTED-digital-rawdigits\20260918\15\6_main_dig5_20260918-150931.jpg,6,day,99.92,reading_est 59163; model saw 6; agree,,,0
day_fill,20260902-161509_dig5,20260902-161509,5,C:\Users\josep\source\repos\AIOTED-digital-rawdigits\20260902\16\6_main_dig5_20260902-161509.jpg,6,day,104.19,reading_est 58666; model saw 6; agree,,,0
day_fill,20260928-093441_dig5,20260928-093441,5,C:\Users\josep\source\repos\AIOTED-digital-rawdigits\20260928\09\6_main_dig5_20260928-093441.jpg,6,day,150.20,reading_est 59367; model saw 6; agree,,,0
day_fill,20260822-161750_dig5,20260822-161750,5,C:\Users\josep\source\repos\AIOTED-digital-rawdigits\20260822\16\6_main_dig5_20260822-161750.jpg,6,day,124.82,reading_est 58265; model saw 6; agree,,,0
day_fill,20260828-100139_dig5,20260828-100139,5,C:\Users\josep\source\repos\AIOTED-digital-rawdigits\20260828\10\6_main_dig5_20260828-100139.jpg,6,day,111.98,reading_est 58460; model saw 6; agree,,,0
day_fill,20260817-075800_dig5,20260817-075800,5,C:\Users\josep\source\repos\AIOTED-digital-rawdigits\20260817\07\6_main_dig5_20260817-075800.jpg,6,day,118.06,reading_est 58061; model saw 6; agree,,,0
day_fill,20260831-123334_dig5,20260831-123334,5,C:\Users\josep\source\repos\AIOTED-digital-rawdigits\20260831\12\6_main_dig5_20260831-123334.jpg,6,day,148.15,reading_est 58567; model saw 6; agree,,,0
day_fill,20260819-164156_dig5,20260819-164156,5,C:\Users\josep\source\repos\AIOTED-digital-rawdigits\20260819\16\6_main_dig5_20260819-164156.jpg,6,day,97.16,reading_est 58160; model saw 6; agree,,,0
day_fill,20260914-103338_dig5,20260914-103338,5,C:\Users\josep\source\repos\AIOTED-digital-rawdigits\20260914\10\6_main_dig5_20260914-103338.jpg,6,day,142.02,reading_est 59066; model saw 6; agree,,,0
day_fill,20260918-150130_dig5,20260918-150130,5,C:\Users\josep\source\repos\AIOTED-digital-rawdigits\20260918\15\6_main_dig5_20260918-150130.jpg,6,day,97.16,reading_est 59163; model saw 6; agree,,,0
day_fill,20260902-143509_dig5,20260902-143509,5,C:\Users\josep\source\repos\AIOTED-digital-rawdigits\20260902\14\6_main_dig5_20260902-143509.jpg,6,day,132.84,reading_est 58661; model saw 6; agree,,,0
day_fill,20260928-110241_dig5,20260928-110241,5,C:\Users\josep\source\repos\AIOTED-digital-rawdigits\20260928\11\6_main_dig5_20260928-110241.jpg,6,day,150.98,reading_est 59368; model saw 6; agree_soft,,,0
day_fill,20260822-171750_dig5,20260822-171750,5,C:\Users\josep\source\repos\AIOTED-digital-rawdigits\20260822\17\6_main_dig5_20260822-171750.jpg,6,day,97.32,reading_est 58267; model saw 6; agree,,,0
day_fill,20260828-125339_dig5,20260828-125339,5,C:\Users\josep\source\repos\AIOTED-digital-rawdigits\20260828\12\6_main_dig5_20260828-125339.jpg,6,day,109.75,reading_est 58466; model saw 6; agree,,,0
day_fill,20260817-081800_dig5,20260817-081800,5,C:\Users\josep\source\repos\AIOTED-digital-rawdigits\20260817\08\6_main_dig5_20260817-081800.jpg,6,day,128.06,reading_est 58062; model saw 6; agree,,,0
day_fill,20260831-124534_dig5,20260831-124534,5,C:\Users\josep\source\repos\AIOTED-digital-rawdigits\20260831\12\6_main_dig5_20260831-124534.jpg,6,day,151.00,reading_est 58567; model saw 6; agree,,,0
day_fill,20260819-170155_dig5,20260819-170155,5,C:\Users\josep\source\repos\AIOTED-digital-rawdigits\20260819\17\6_main_dig5_20260819-170155.jpg,6,day,96.90,reading_est 58161; model saw 6; agree,,,0
day_fill,20260914-090538_dig5,20260914-090538,5,C:\Users\josep\source\repos\AIOTED-digital-rawdigits\20260914\09\6_main_dig5_20260914-090538.jpg,6,day,150.69,reading_est 59064; model saw 6; agree,,,0
day_fill,20260918-134931_dig5,20260918-134931,5,C:\Users\josep\source\repos\AIOTED-digital-rawdigits\20260918\13\6_main_dig5_20260918-134931.jpg,6,day,99.69,reading_est 59162; model saw 6; agree,,,0
day_fill,20260902-144309_dig5,20260902-144309,5,C:\Users\josep\source\repos\AIOTED-digital-rawdigits\20260902\14\6_main_dig5_20260902-144309.jpg,6,day,137.98,reading_est 58661; model saw 6; agree,,,0
day_fill,20260928-075441_dig5,20260928-075441,5,C:\Users\josep\source\repos\AIOTED-digital-rawdigits\20260928\07\6_main_dig5_20260928-075441.jpg,6,day,128.11,reading_est 59366; model saw 6; agree,,,0
day_fill,20260822-144550_dig5,20260822-144550,5,C:\Users\josep\source\repos\AIOTED-digital-rawdigits\20260822\14\6_main_dig5_20260822-144550.jpg,6,day,138.75,reading_est 58260; model saw 6; agree,,,0
day_fill,20260828-120139_dig5,20260828-120139,5,C:\Users\josep\source\repos\AIOTED-digital-rawdigits\20260828\12\6_main_dig5_20260828-120139.jpg,6,day,130.93,reading_est 58463; model saw 6; agree,,,0
day_fill,20260817-094600_dig5,20260817-094600,5,C:\Users\josep\source\repos\AIOTED-digital-rawdigits\20260817\09\6_main_dig5_20260817-094600.jpg,6,day,140.15,reading_est 58064; model saw 6; agree,,,0
day_fill,20260831-133334_dig5,20260831-133334,5,C:\Users\josep\source\repos\AIOTED-digital-rawdigits\20260831\13\6_main_dig5_20260831-133334.jpg,6,day,138.06,reading_est 58569; model saw 6; agree_soft,,,0
day_fill,20260914-111338_dig5,20260914-111338,5,C:\Users\josep\source\repos\AIOTED-digital-rawdigits\20260914\11\6_main_dig5_20260914-111338.jpg,6,day,119.74,reading_est 59066; model saw 6; agree,,,0
day_fill,20260918-114931_dig5,20260918-114931,5,C:\Users\josep\source\repos\AIOTED-digital-rawdigits\20260918\11\6_main_dig5_20260918-114931.jpg,6,day,106.29,reading_est 59160; model saw 6; agree_soft,,,0
day_fill,20260902-162309_dig5,20260902-162309,5,C:\Users\josep\source\repos\AIOTED-digital-rawdigits\20260902\16\6_main_dig5_20260902-162309.jpg,6,day,98.25,reading_est 58666; model saw 6; agree,,,0
day_fill,20260928-081441_dig5,20260928-081441,5,C:\Users\josep\source\repos\AIOTED-digital-rawdigits\20260928\08\6_main_dig5_20260928-081441.jpg,6,day,140.29,reading_est 59366; model saw 6; agree,,,0
day_fill,20260822-173350_dig5,20260822-173350,5,C:\Users\josep\source\repos\AIOTED-digital-rawdigits\20260822\17\6_main_dig5_20260822-173350.jpg,6,day,96.26,reading_est 58268; model saw 6; agree,,,0
day_fill,20260828-132139_dig5,20260828-132139,5,C:\Users\josep\source\repos\AIOTED-digital-rawdigits\20260828\13\6_main_dig5_20260828-132139.jpg,6,day,142.75,reading_est 58468; model saw 6; agree,,,0
day_fill,20260817-121800_dig5,20260817-121800,5,C:\Users\josep\source\repos\AIOTED-digital-rawdigits\20260817\12\6_main_dig5_20260817-121800.jpg,6,day,103.90,reading_est 58068; model saw 6; agree,,,0
day_fill,20260831-114534_dig5,20260831-114534,5,C:\Users\josep\source\repos\AIOTED-digital-rawdigits\20260831\11\6_main_dig5_20260831-114534.jpg,6,day,160.92,reading_est 58564; model saw 6; agree,,,0
day_fill,20260914-083338_dig5,20260914-083338,5,C:\Users\josep\source\repos\AIOTED-digital-rawdigits\20260914\08\6_main_dig5_20260914-083338.jpg,6,day,143.29,reading_est 59063; model saw 6; agree,,,0
day_fill,20260918-140931_dig5,20260918-140931,5,C:\Users\josep\source\repos\AIOTED-digital-rawdigits\20260918\14\6_main_dig5_20260918-140931.jpg,6,day,98.29,reading_est 59162; model saw 6; agree,,,0
day_fill,20260902-151509_dig5,20260902-151509,5,C:\Users\josep\source\repos\AIOTED-digital-rawdigits\20260902\15\6_main_dig5_20260902-151509.jpg,6,day,127.83,reading_est 58662; model saw 6; agree,,,0
day_fill,20260928-095441_dig5,20260928-095441,5,C:\Users\josep\source\repos\AIOTED-digital-rawdigits\20260928\09\6_main_dig5_20260928-095441.jpg,6,day,153.84,reading_est 59367; model saw 6; agree,,,0
day_fill,20260822-170550_dig5,20260822-170550,5,C:\Users\josep\source\repos\AIOTED-digital-rawdigits\20260822\17\6_main_dig5_20260822-170550.jpg,6,day,102.90,reading_est 58266; model saw 6; agree,,,0
day_fill,20260828-113339_dig5,20260828-113339,5,C:\Users\josep\source\repos\AIOTED-digital-rawdigits\20260828\11\6_main_dig5_20260828-113339.jpg,6,day,117.75,reading_est 58462; model saw 6; agree,,,0
day_fill,20260817-121400_dig5,20260817-121400,5,C:\Users\josep\source\repos\AIOTED-digital-rawdigits\20260817\12\6_main_dig5_20260817-121400.jpg,6,day,114.03,reading_est 58068; model saw 6; agree,,,0
day_fill,20260831-093334_dig5,20260831-093334,5,C:\Users\josep\source\repos\AIOTED-digital-rawdigits\20260831\09\6_main_dig5_20260831-093334.jpg,6,day,138.95,reading_est 58560; model saw 6; agree,,,0
day_fill,20260914-092538_dig5,20260914-092538,5,C:\Users\josep\source\repos\AIOTED-digital-rawdigits\20260914\09\6_main_dig5_20260914-092538.jpg,6,day,148.84,reading_est 59064; model saw 6; agree,,,0
day_fill,20260918-134131_dig5,20260918-134131,5,C:\Users\josep\source\repos\AIOTED-digital-rawdigits\20260918\13\6_main_dig5_20260918-134131.jpg,6,day,97.98,reading_est 59162; model saw 6; agree,,,0
day_fill,20260902-141509_dig5,20260902-141509,5,C:\Users\josep\source\repos\AIOTED-digital-rawdigits\20260902\14\6_main_dig5_20260902-141509.jpg,6,day,140.31,reading_est 58660; model saw 6; agree,,,0
day_fill,20260928-111441_dig5,20260928-111441,5,C:\Users\josep\source\repos\AIOTED-digital-rawdigits\20260928\11\6_main_dig5_20260928-111441.jpg,6,day,152.05,reading_est 59368; model saw 6; agree_soft,,,0
day_fill,20260822-145750_dig5,20260822-145750,5,C:\Users\josep\source\repos\AIOTED-digital-rawdigits\20260822\14\6_main_dig5_20260822-145750.jpg,6,day,139.80,reading_est 58261; model saw 6; agree,,,0
day_fill,20260828-111339_dig5,20260828-111339,5,C:\Users\josep\source\repos\AIOTED-digital-rawdigits\20260828\11\6_main_dig5_20260828-111339.jpg,6,day,129.09,reading_est 58461; model saw 6; agree,,,0
day_fill,20260817-110600_dig5,20260817-110600,5,C:\Users\josep\source\repos\AIOTED-digital-rawdigits\20260817\11\6_main_dig5_20260817-110600.jpg,6,day,135.79,reading_est 58066; model saw 6; agree,,,0
day_fill,20260831-110534_dig5,20260831-110534,5,C:\Users\josep\source\repos\AIOTED-digital-rawdigits\20260831\11\6_main_dig5_20260831-110534.jpg,6,day,152.15,reading_est 58562; model saw 6; agree,,,0
day_fill,20260820-162554_dig6,20260820-162554,6,C:\Users\josep\source\repos\AIOTED-digital-rawdigits\20260820\16\6_main_dig6_20260820-162554.jpg,6,day,107.94,reading_est 58196; model saw 6; agree_soft,,,0
day_fill,20260830-122935_dig6,20260830-122935,6,C:\Users\josep\source\repos\AIOTED-digital-rawdigits\20260830\12\6_main_dig6_20260830-122935.jpg,6,day,137.06,reading_est 58526; model saw 6; agree_soft,,,0
day_fill,20260903-115907_dig6,20260903-115907,6,C:\Users\josep\source\repos\AIOTED-digital-rawdigits\20260903\11\6_main_dig6_20260903-115907.jpg,6,day,141.79,reading_est 58696; model saw 6; agree,,,0
day_fill,20260905-110258_dig6,20260905-110258,6,C:\Users\josep\source\repos\AIOTED-digital-rawdigits\20260905\11\6_main_dig6_20260905-110258.jpg,6,day,110.94,reading_est 58776; model saw 6; agree,,,0
day_fill,20260821-134152_dig6,20260821-134152,6,C:\Users\josep\source\repos\AIOTED-digital-rawdigits\20260821\13\6_main_dig6_20260821-134152.jpg,6,day,143.15,reading_est 58226; model saw 6; agree,,,0
day_fill,20260815-161803_dig6,20260815-161803,6,C:\Users\josep\source\repos\AIOTED-digital-rawdigits\20260815\16\6_main_dig6_20260815-161803.jpg,6,day,128.29,reading_est 58006; model saw 6; agree,,,0
day_fill,20260831-074534_dig6,20260831-074534,6,C:\Users\josep\source\repos\AIOTED-digital-rawdigits\20260831\07\6_main_dig6_20260831-074534.jpg,6,day,97.26,reading_est 58556; model saw 6; agree,,,0
day_fill,20260816-135001_dig6,20260816-135001,6,C:\Users\josep\source\repos\AIOTED-digital-rawdigits\20260816\13\6_main_dig6_20260816-135001.jpg,6,day,108.89,reading_est 58036; model saw 6; agree,,,0
day_fill,20260827-161741_dig6,20260827-161741,6,C:\Users\josep\source\repos\AIOTED-digital-rawdigits\20260827\16\6_main_dig6_20260827-161741.jpg,6,day,100.97,reading_est 58436; model saw 6; agree,,,0
day_fill,20260902-123509_dig6,20260902-123509,6,C:\Users\josep\source\repos\AIOTED-digital-rawdigits\20260902\12\6_main_dig6_20260902-123509.jpg,6,day,140.15,reading_est 58656; model saw 6; agree,,,0
day_fill,20260930-091037_dig6,20260930-091037,6,C:\Users\josep\source\repos\AIOTED-digital-rawdigits\20260930\09\6_main_dig6_20260930-091037.jpg,6,day,106.00,reading_est 59406; model saw 6; agree_soft,,,0
day_fill,20260904-123028_dig6,20260904-123028,6,C:\Users\josep\source\repos\AIOTED-digital-rawdigits\20260904\12\6_main_dig6_20260904-123028.jpg,6,day,144.12,reading_est 58736; model saw 6; agree_soft,,,0
day_fill,20260927-075414_dig6,20260927-075414,6,C:\Users\josep\source\repos\AIOTED-digital-rawdigits\20260927\07\6_main_dig6_20260927-075414.jpg,6,day,118.29,reading_est 59346; model saw 6; agree_soft,,,0
day_fill,20260822-125750_dig6,20260822-125750,6,C:\Users\josep\source\repos\AIOTED-digital-rawdigits\20260822\12\6_main_dig6_20260822-125750.jpg,6,day,141.12,reading_est 58256; model saw 6; agree,,,0
day_fill,20260928-080641_dig6,20260928-080641,6,C:\Users\josep\source\repos\AIOTED-digital-rawdigits\20260928\08\6_main_dig6_20260928-080641.jpg,6,day,135.82,reading_est 59366; model saw 6; agree_soft,,,0
day_fill,20260824-074547_dig6,20260824-074547,6,C:\Users\josep\source\repos\AIOTED-digital-rawdigits\20260824\07\6_main_dig6_20260824-074547.jpg,6,day,122.04,reading_est 58316; model saw 6; agree,,,0
day_fill,20260823-154948_dig6,20260823-154948,6,C:\Users\josep\source\repos\AIOTED-digital-rawdigits\20260823\15\6_main_dig6_20260823-154948.jpg,6,day,137.29,reading_est 58296; model saw 6; agree,,,0
day_fill,20260907-090723_dig6,20260907-090723,6,C:\Users\josep\source\repos\AIOTED-digital-rawdigits\20260907\09\6_main_dig6_20260907-090723.jpg,6,day,152.21,reading_est 58836; model saw 6; agree,,,0
day_fill,20260819-110556_dig6,20260819-110556,6,C:\Users\josep\source\repos\AIOTED-digital-rawdigits\20260819\11\6_main_dig6_20260819-110556.jpg,6,day,130.92,reading_est 58146; model saw 6; agree,,,0
day_fill,20260906-155125_dig6,20260906-155125,6,C:\Users\josep\source\repos\AIOTED-digital-rawdigits\20260906\15\6_main_dig6_20260906-155125.jpg,6,day,149.06,reading_est 58816; model saw 6; agree,,,0
day_fill,20260817-103800_dig6,20260817-103800,6,C:\Users\josep\source\repos\AIOTED-digital-rawdigits\20260817\10\6_main_dig6_20260817-103800.jpg,6,day,134.77,reading_est 58066; model saw 6; agree,,,0
day_fill,20260826-140143_dig6,20260826-140143,6,C:\Users\josep\source\repos\AIOTED-digital-rawdigits\20260826\14\6_main_dig6_20260826-140143.jpg,6,day,124.74,reading_est 58396; model saw 6; agree,,,0
day_fill,20260828-164939_dig6,20260828-164939,6,C:\Users\josep\source\repos\AIOTED-digital-rawdigits\20260828\16\6_main_dig6_20260828-164939.jpg,6,day,101.98,reading_est 58476; model saw 6; agree_soft,,,0
day_fill,20260820-125754_dig6,20260820-125754,6,C:\Users\josep\source\repos\AIOTED-digital-rawdigits\20260820\12\6_main_dig6_20260820-125754.jpg,6,day,137.74,reading_est 58186; model saw 6; agree_soft,,,0
day_fill,20260830-160135_dig6,20260830-160135,6,C:\Users\josep\source\repos\AIOTED-digital-rawdigits\20260830\16\6_main_dig6_20260830-160135.jpg,6,day,107.97,reading_est 58536; model saw 6; agree,,,0
day_fill,20260903-163907_dig6,20260903-163907,6,C:\Users\josep\source\repos\AIOTED-digital-rawdigits\20260903\16\6_main_dig6_20260903-163907.jpg,6,day,101.98,reading_est 58706; model saw 6; agree,,,0
day_fill,20260905-111857_dig6,20260905-111857,6,C:\Users\josep\source\repos\AIOTED-digital-rawdigits\20260905\11\6_main_dig6_20260905-111857.jpg,6,day,120.25,reading_est 58776; model saw 6; agree,,,0
day_fill,20260821-135352_dig6,20260821-135352,6,C:\Users\josep\source\repos\AIOTED-digital-rawdigits\20260821\13\6_main_dig6_20260821-135352.jpg,6,day,144.77,reading_est 58226; model saw 6; agree_soft,,,0
day_fill,20260815-120604_dig6,20260815-120604,6,C:\Users\josep\source\repos\AIOTED-digital-rawdigits\20260815\12\6_main_dig6_20260815-120604.jpg,6,day,135.79,reading_est 57996; model saw 6; agree_soft,,,0
day_fill,20260831-154133_dig6,20260831-154133,6,C:\Users\josep\source\repos\AIOTED-digital-rawdigits\20260831\15\6_main_dig6_20260831-154133.jpg,6,day,128.26,reading_est 58576; model saw 6; agree,,,0
day_fill,20260816-134202_dig6,20260816-134202,6,C:\Users\josep\source\repos\AIOTED-digital-rawdigits\20260816\13\6_main_dig6_20260816-134202.jpg,6,day,138.06,reading_est 58036; model saw 6; agree,,,0
day_fill,20260827-162541_dig6,20260827-162541,6,C:\Users\josep\source\repos\AIOTED-digital-rawdigits\20260827\16\6_main_dig6_20260827-162541.jpg,6,day,106.74,reading_est 58436; model saw 6; agree_soft,,,0
day_fill,20260902-121509_dig6,20260902-121509,6,C:\Users\josep\source\repos\AIOTED-digital-rawdigits\20260902\12\6_main_dig6_20260902-121509.jpg,6,day,146.67,reading_est 58656; model saw 6; agree,,,0
day_fill,20260904-154659_dig6,20260904-154659,6,C:\Users\josep\source\repos\AIOTED-digital-rawdigits\20260904\15\6_main_dig6_20260904-154659.jpg,6,day,119.19,reading_est 58746; model saw 6; agree_soft,,,0
day_fill,20260927-081414_dig6,20260927-081414,6,C:\Users\josep\source\repos\AIOTED-digital-rawdigits\20260927\08\6_main_dig6_20260927-081414.jpg,6,day,143.05,reading_est 59346; model saw 6; agree_soft,,,0
day_fill,20260822-165750_dig6,20260822-165750,6,C:\Users\josep\source\repos\AIOTED-digital-rawdigits\20260822\16\6_main_dig6_20260822-165750.jpg,6,day,108.98,reading_est 58266; model saw 6; agree,,,0
day_fill,20260928-082641_dig6,20260928-082641,6,C:\Users\josep\source\repos\AIOTED-digital-rawdigits\20260928\08\6_main_dig6_20260928-082641.jpg,6,day,145.82,reading_est 59366; model saw 6; agree_soft,,,0
day_fill,20260824-160546_dig6,20260824-160546,6,C:\Users\josep\source\repos\AIOTED-digital-rawdigits\20260824\16\6_main_dig6_20260824-160546.jpg,6,day,135.98,reading_est 58326; model saw 6; agree,,,0
day_fill,20260823-112148_dig6,20260823-112148,6,C:\Users\josep\source\repos\AIOTED-digital-rawdigits\20260823\11\6_main_dig6_20260823-112148.jpg,6,day,133.02,reading_est 58286; model saw 6; agree,,,0
day_fill,20260907-091923_dig6,20260907-091923,6,C:\Users\josep\source\repos\AIOTED-digital-rawdigits\20260907\09\6_main_dig6_20260907-091923.jpg,6,day,148.11,reading_est 58836; model saw 6; agree,,,0
day_fill,20260819-113356_dig6,20260819-113356,6,C:\Users\josep\source\repos\AIOTED-digital-rawdigits\20260819\11\6_main_dig6_20260819-113356.jpg,6,day,136.71,reading_est 58146; model saw 6; agree_soft,,,0
day_fill,20260906-112656_dig6,20260906-112656,6,C:\Users\josep\source\repos\AIOTED-digital-rawdigits\20260906\11\6_main_dig6_20260906-112656.jpg,6,day,145.14,reading_est 58806; model saw 6; agree_soft,,,0
day_fill,20260817-111800_dig6,20260817-111800,6,C:\Users\josep\source\repos\AIOTED-digital-rawdigits\20260817\11\6_main_dig6_20260817-111800.jpg,6,day,137.02,reading_est 58066; model saw 6; agree,,,0
day_fill,20260826-142143_dig6,20260826-142143,6,C:\Users\josep\source\repos\AIOTED-digital-rawdigits\20260826\14\6_main_dig6_20260826-142143.jpg,6,day,138.98,reading_est 58396; model saw 6; agree_soft,,,0
day_fill,20260828-130139_dig6,20260828-130139,6,C:\Users\josep\source\repos\AIOTED-digital-rawdigits\20260828\13\6_main_dig6_20260828-130139.jpg,6,day,122.03,reading_est 58466; model saw 6; agree_soft,,,0
day_fill,20260820-124954_dig6,20260820-124954,6,C:\Users\josep\source\repos\AIOTED-digital-rawdigits\20260820\12\6_main_dig6_20260820-124954.jpg,6,day,138.11,reading_est 58186; model saw 6; agree,,,0
day_fill,20260830-122135_dig6,20260830-122135,6,C:\Users\josep\source\repos\AIOTED-digital-rawdigits\20260830\12\6_main_dig6_20260830-122135.jpg,6,day,140.06,reading_est 58526; model saw 6; agree,,,0
day_fill,20260903-115107_dig6,20260903-115107,6,C:\Users\josep\source\repos\AIOTED-digital-rawdigits\20260903\11\6_main_dig6_20260903-115107.jpg,6,day,127.13,reading_est 58696; model saw 6; agree,,,0
day_fill,20260905-113057_dig6,20260905-113057,6,C:\Users\josep\source\repos\AIOTED-digital-rawdigits\20260905\11\6_main_dig6_20260905-113057.jpg,6,day,134.19,reading_est 58776; model saw 6; agree_soft,,,0
day_fill,20260815-114604_dig6,20260815-114604,6,C:\Users\josep\source\repos\AIOTED-digital-rawdigits\20260815\11\6_main_dig6_20260815-114604.jpg,6,day,137.79,reading_est 57996; model saw 6; agree,,,0
day_fill,20260831-075334_dig6,20260831-075334,6,C:\Users\josep\source\repos\AIOTED-digital-rawdigits\20260831\07\6_main_dig6_20260831-075334.jpg,6,day,103.74,reading_est 58556; model saw 6; agree,,,0
day_fill,20260816-140201_dig6,20260816-140201,6,C:\Users\josep\source\repos\AIOTED-digital-rawdigits\20260816\14\6_main_dig6_20260816-140201.jpg,6,day,142.30,reading_est 58036; model saw 6; agree,,,0
day_fill,20260827-124541_dig6,20260827-124541,6,C:\Users\josep\source\repos\AIOTED-digital-rawdigits\20260827\12\6_main_dig6_20260827-124541.jpg,6,day,137.06,reading_est 58426; model saw 6; agree_soft,,,0
day_fill,20260902-162309_dig6,20260902-162309,6,C:\Users\josep\source\repos\AIOTED-digital-rawdigits\20260902\16\6_main_dig6_20260902-162309.jpg,6,day,98.25,reading_est 58666; model saw 6; agree_soft,,,0
day_fill,20260904-122306_dig6,20260904-122306,6,C:\Users\josep\source\repos\AIOTED-digital-rawdigits\20260904\12\6_main_dig6_20260904-122306.jpg,6,day,146.13,reading_est 58736; model saw 6; agree_soft,,,0
day_fill,20260927-082213_dig6,20260927-082213,6,C:\Users\josep\source\repos\AIOTED-digital-rawdigits\20260927\08\6_main_dig6_20260927-082213.jpg,6,day,117.99,reading_est 59346; model saw 6; agree_soft,,,0
day_fill,20260822-130550_dig6,20260822-130550,6,C:\Users\josep\source\repos\AIOTED-digital-rawdigits\20260822\13\6_main_dig6_20260822-130550.jpg,6,day,139.98,reading_est 58256; model saw 6; agree_soft,,,0
day_fill,20260928-075441_dig6,20260928-075441,6,C:\Users\josep\source\repos\AIOTED-digital-rawdigits\20260928\07\6_main_dig6_20260928-075441.jpg,6,day,128.11,reading_est 59366; model saw 6; agree_soft,,,0
day_fill,20260819-071356_dig5,20260819-071356,5,C:\Users\josep\source\repos\AIOTED-digital-rawdigits\20260819\07\3_main_dig5_20260819-071356.jpg,3,day,97.29,reading_est 58139; model saw 3; agree,,,0
day_fill,20260926-151815_dig5,20260926-151815,5,C:\Users\josep\source\repos\AIOTED-digital-rawdigits\20260926\15\3_main_dig5_20260926-151815.jpg,3,day,147.69,reading_est 59336; model saw 3; agree,,,0
day_fill,20260827-161741_dig5,20260827-161741,5,C:\Users\josep\source\repos\AIOTED-digital-rawdigits\20260827\16\3_main_dig5_20260827-161741.jpg,3,day,100.97,reading_est 58436; model saw 3; agree,,,0
day_fill,20260917-120532_dig5,20260917-120532,5,C:\Users\josep\source\repos\AIOTED-digital-rawdigits\20260917\12\3_main_dig5_20260917-120532.jpg,3,day,121.29,reading_est 59138; model saw 3; agree_soft,,,0
day_fill,20260907-110723_dig5,20260907-110723,5,C:\Users\josep\source\repos\AIOTED-digital-rawdigits\20260907\11\3_main_dig5_20260907-110723.jpg,3,day,106.97,reading_est 58838; model saw 3; agree_soft,,,0
day_fill,20260816-133001_dig5,20260816-133001,5,C:\Users\josep\source\repos\AIOTED-digital-rawdigits\20260816\13\3_main_dig5_20260816-133001.jpg,3,day,114.13,reading_est 58036; model saw 3; agree,,,0
day_fill,20260921-170125_dig5,20260921-170125,5,C:\Users\josep\source\repos\AIOTED-digital-rawdigits\20260921\17\3_main_dig5_20260921-170125.jpg,3,day,96.95,reading_est 59230; model saw 3; agree_soft,,,0
day_fill,20260904-125459_dig5,20260904-125459,5,C:\Users\josep\source\repos\AIOTED-digital-rawdigits\20260904\12\3_main_dig5_20260904-125459.jpg,3,day,152.21,reading_est 58738; model saw 3; agree,,,0
day_fill,20260830-140135_dig5,20260830-140135,5,C:\Users\josep\source\repos\AIOTED-digital-rawdigits\20260830\14\3_main_dig5_20260830-140135.jpg,3,day,110.03,reading_est 58530; model saw 3; agree,,,0
day_fill,20260821-182952_dig5,20260821-182952,5,C:\Users\josep\source\repos\AIOTED-digital-rawdigits\20260821\18\3_main_dig5_20260821-182952.jpg,3,day,96.98,reading_est 58235; model saw 3; agree,,,0
day_fill,20260819-072556_dig5,20260819-072556,5,C:\Users\josep\source\repos\AIOTED-digital-rawdigits\20260819\07\3_main_dig5_20260819-072556.jpg,3,day,97.24,reading_est 58139; model saw 3; agree_soft,,,0
day_fill,20260926-143815_dig5,20260926-143815,5,C:\Users\josep\source\repos\AIOTED-digital-rawdigits\20260926\14\3_main_dig5_20260926-143815.jpg,3,day,153.05,reading_est 59334; model saw 3; agree,,,0
day_fill,20260827-141741_dig5,20260827-141741,5,C:\Users\josep\source\repos\AIOTED-digital-rawdigits\20260827\14\3_main_dig5_20260827-141741.jpg,3,day,143.05,reading_est 58430; model saw 3; agree,,,0
day_fill,20260917-114532_dig5,20260917-114532,5,C:\Users\josep\source\repos\AIOTED-digital-rawdigits\20260917\11\3_main_dig5_20260917-114532.jpg,3,day,138.77,reading_est 59138; model saw 3; agree_soft,,,0
day_fill,20260907-111523_dig5,20260907-111523,5,C:\Users\josep\source\repos\AIOTED-digital-rawdigits\20260907\11\3_main_dig5_20260907-111523.jpg,3,day,146.86,reading_est 58838; model saw 3; agree_soft,,,0
day_fill,20260816-103002_dig5,20260816-103002,5,C:\Users\josep\source\repos\AIOTED-digital-rawdigits\20260816\10\3_main_dig5_20260816-103002.jpg,3,day,127.07,reading_est 58030; model saw 3; agree,,,0
day_fill,20260904-100305_dig5,20260904-100305,5,C:\Users\josep\source\repos\AIOTED-digital-rawdigits\20260904\10\3_main_dig5_20260904-100305.jpg,3,day,112.87,reading_est 58732; model saw 3; agree,,,0
day_fill,20260830-154935_dig5,20260830-154935,5,C:\Users\josep\source\repos\AIOTED-digital-rawdigits\20260830\15\3_main_dig5_20260830-154935.jpg,3,day,124.31,reading_est 58534; model saw 3; agree,,,0
day_fill,20260821-155352_dig5,20260821-155352,5,C:\Users\josep\source\repos\AIOTED-digital-rawdigits\20260821\15\3_main_dig5_20260821-155352.jpg,3,day,113.69,reading_est 58230; model saw 3; agree,,,0
day_fill,20260926-113415_dig5,20260926-113415,5,C:\Users\josep\source\repos\AIOTED-digital-rawdigits\20260926\11\3_main_dig5_20260926-113415.jpg,3,day,157.98,reading_est 59331; model saw 3; agree,,,0
day_fill,20260827-163741_dig5,20260827-163741,5,C:\Users\josep\source\repos\AIOTED-digital-rawdigits\20260827\16\3_main_dig5_20260827-163741.jpg,3,day,104.97,reading_est 58437; model saw 3; agree,,,0
day_fill,20260917-103733_dig5,20260917-103733,5,C:\Users\josep\source\repos\AIOTED-digital-rawdigits\20260917\10\3_main_dig5_20260917-103733.jpg,3,day,106.98,reading_est 59137; model saw 3; agree,,,0
day_fill,20260907-084723_dig5,20260907-084723,5,C:\Users\josep\source\repos\AIOTED-digital-rawdigits\20260907\08\3_main_dig5_20260907-084723.jpg,3,day,145.77,reading_est 58836; model saw 3; agree,,,0
day_fill,20260816-145001_dig5,20260816-145001,5,C:\Users\josep\source\repos\AIOTED-digital-rawdigits\20260816\14\3_main_dig5_20260816-145001.jpg,3,day,142.97,reading_est 58038; model saw 3; agree,,,0
day_fill,20260904-104305_dig5,20260904-104305,5,C:\Users\josep\source\repos\AIOTED-digital-rawdigits\20260904\10\3_main_dig5_20260904-104305.jpg,3,day,123.02,reading_est 58733; model saw 3; agree,,,0
day_fill,20260830-150135_dig5,20260830-150135,5,C:\Users\josep\source\repos\AIOTED-digital-rawdigits\20260830\15\3_main_dig5_20260830-150135.jpg,3,day,130.75,reading_est 58533; model saw 3; agree,,,0
day_fill,20260821-154952_dig5,20260821-154952,5,C:\Users\josep\source\repos\AIOTED-digital-rawdigits\20260821\15\3_main_dig5_20260821-154952.jpg,3,day,131.06,reading_est 58230; model saw 3; agree,,,0
day_fill,20260926-163815_dig5,20260926-163815,5,C:\Users\josep\source\repos\AIOTED-digital-rawdigits\20260926\16\3_main_dig5_20260926-163815.jpg,3,day,97.98,reading_est 59336; model saw 3; agree,,,0
day_fill,20260827-162541_dig5,20260827-162541,5,C:\Users\josep\source\repos\AIOTED-digital-rawdigits\20260827\16\3_main_dig5_20260827-162541.jpg,3,day,106.74,reading_est 58436; model saw 3; agree,,,0
day_fill,20260917-115732_dig5,20260917-115732,5,C:\Users\josep\source\repos\AIOTED-digital-rawdigits\20260917\11\3_main_dig5_20260917-115732.jpg,3,day,119.29,reading_est 59138; model saw 3; agree_soft,,,0
day_fill,20260907-105523_dig5,20260907-105523,5,C:\Users\josep\source\repos\AIOTED-digital-rawdigits\20260907\10\3_main_dig5_20260907-105523.jpg,3,day,141.06,reading_est 58838; model saw 3; agree_soft,,,0
day_fill,20260816-105402_dig5,20260816-105402,5,C:\Users\josep\source\repos\AIOTED-digital-rawdigits\20260816\10\3_main_dig5_20260816-105402.jpg,3,day,110.29,reading_est 58031; model saw 3; agree,,,0
day_fill,20260904-121506_dig5,20260904-121506,5,C:\Users\josep\source\repos\AIOTED-digital-rawdigits\20260904\12\3_main_dig5_20260904-121506.jpg,3,day,147.15,reading_est 58736; model saw 3; agree,,,0
day_fill,20260830-140935_dig5,20260830-140935,5,C:\Users\josep\source\repos\AIOTED-digital-rawdigits\20260830\14\3_main_dig5_20260830-140935.jpg,3,day,113.97,reading_est 58530; model saw 3; agree,,,0
day_fill,20260821-161352_dig5,20260821-161352,5,C:\Users\josep\source\repos\AIOTED-digital-rawdigits\20260821\16\3_main_dig5_20260821-161352.jpg,3,day,96.93,reading_est 58231; model saw 3; agree,,,0
day_fill,20260926-141815_dig5,20260926-141815,5,C:\Users\josep\source\repos\AIOTED-digital-rawdigits\20260926\14\3_main_dig5_20260926-141815.jpg,3,day,142.92,reading_est 59334; model saw 3; agree,,,0
day_fill,20260827-160541_dig5,20260827-160541,5,C:\Users\josep\source\repos\AIOTED-digital-rawdigits\20260827\16\3_main_dig5_20260827-160541.jpg,3,day,138.11,reading_est 58435; model saw 3; agree,,,0
day_fill,20260917-110532_dig5,20260917-110532,5,C:\Users\josep\source\repos\AIOTED-digital-rawdigits\20260917\11\3_main_dig5_20260917-110532.jpg,3,day,111.94,reading_est 59137; model saw 3; agree,,,0
day_fill,20260907-101923_dig5,20260907-101923,5,C:\Users\josep\source\repos\AIOTED-digital-rawdigits\20260907\10\3_main_dig5_20260907-101923.jpg,3,day,146.84,reading_est 58837; model saw 3; agree,,,0
day_fill,20260816-135001_dig5,20260816-135001,5,C:\Users\josep\source\repos\AIOTED-digital-rawdigits\20260816\13\3_main_dig5_20260816-135001.jpg,3,day,108.89,reading_est 58036; model saw 3; agree,,,0
day_fill,20260904-132659_dig5,20260904-132659,5,C:\Users\josep\source\repos\AIOTED-digital-rawdigits\20260904\13\3_main_dig5_20260904-132659.jpg,3,day,148.00,reading_est 58739; model saw 3; agree,,,0
day_fill,20260830-152135_dig5,20260830-152135,5,C:\Users\josep\source\repos\AIOTED-digital-rawdigits\20260830\15\3_main_dig5_20260830-152135.jpg,3,day,120.69,reading_est 58533; model saw 3; agree,,,0
day_fill,20260821-160152_dig5,20260821-160152,5,C:\Users\josep\source\repos\AIOTED-digital-rawdigits\20260821\16\3_main_dig5_20260821-160152.jpg,3,day,117.90,reading_est 58230; model saw 3; agree,,,0
day_fill,20260926-120615_dig5,20260926-120615,5,C:\Users\josep\source\repos\AIOTED-digital-rawdigits\20260926\12\3_main_dig5_20260926-120615.jpg,3,day,143.98,reading_est 59332; model saw 3; agree,,,0
day_fill,20260817-162559_dig5,20260817-162559,5,C:\Users\josep\source\repos\AIOTED-digital-rawdigits\20260817\16\8_main_dig5_20260817-162559.jpg,8,day,108.75,reading_est 58080; model saw 8; agree,,,0
day_fill,20260908-141121_dig5,20260908-141121,5,C:\Users\josep\source\repos\AIOTED-digital-rawdigits\20260908\14\8_main_dig5_20260908-141121.jpg,8,day,115.29,reading_est 58880; model saw 8; agree_soft,,,0
day_fill,20260905-145857_dig5,20260905-145857,5,C:\Users\josep\source\repos\AIOTED-digital-rawdigits\20260905\14\8_main_dig5_20260905-145857.jpg,8,day,122.94,reading_est 58783; model saw 8; agree,,,0
day_fill,20260823-124148_dig5,20260823-124148,5,C:\Users\josep\source\repos\AIOTED-digital-rawdigits\20260823\12\8_main_dig5_20260823-124148.jpg,8,day,141.82,reading_est 58288; model saw 8; agree,,,0
day_fill,20260826-074543_dig5,20260826-074543,5,C:\Users\josep\source\repos\AIOTED-digital-rawdigits\20260826\07\8_main_dig5_20260826-074543.jpg,8,day,108.98,reading_est 58383; model saw 8; agree,,,0
day_fill,20260919-111329_dig5,20260919-111329,5,C:\Users\josep\source\repos\AIOTED-digital-rawdigits\20260919\11\8_main_dig5_20260919-111329.jpg,8,day,101.11,reading_est 59180; model saw 8; agree_soft,,,0
day_fill,20260915-104936_dig5,20260915-104936,5,C:\Users\josep\source\repos\AIOTED-digital-rawdigits\20260915\10\8_main_dig5_20260915-104936.jpg,8,day,117.21,reading_est 59088; model saw 8; agree_soft,,,0
day_fill,20260924-121019_dig5,20260924-121019,5,C:\Users\josep\source\repos\AIOTED-digital-rawdigits\20260924\12\8_main_dig5_20260924-121019.jpg,8,day,149.15,reading_est 59287; model saw 8; agree,,,0
day_fill,20260820-092954_dig5,20260820-092954,5,C:\Users\josep\source\repos\AIOTED-digital-rawdigits\20260820\09\8_main_dig5_20260820-092954.jpg,8,day,140.84,reading_est 58180; model saw 8; agree,,,0
day_fill,20260911-144028_dig5,20260911-144028,5,C:\Users\josep\source\repos\AIOTED-digital-rawdigits\20260911\14\8_main_dig5_20260911-144028.jpg,8,day,147.92,reading_est 58988; model saw 8; agree_soft,,,0
day_fill,20260908-145121_dig5,20260908-145121,5,C:\Users\josep\source\repos\AIOTED-digital-rawdigits\20260908\14\8_main_dig5_20260908-145121.jpg,8,day,104.98,reading_est 58880; model saw 8; agree_soft,,,0
day_fill,20260905-143057_dig5,20260905-143057,5,C:\Users\josep\source\repos\AIOTED-digital-rawdigits\20260905\14\8_main_dig5_20260905-143057.jpg,8,day,129.00,reading_est 58782; model saw 8; agree,,,0
day_fill,20260823-074149_dig5,20260823-074149,5,C:\Users\josep\source\repos\AIOTED-digital-rawdigits\20260823\07\8_main_dig5_20260823-074149.jpg,8,day,100.69,reading_est 58281; model saw 8; agree,,,0
day_fill,20260826-100543_dig5,20260826-100543,5,C:\Users\josep\source\repos\AIOTED-digital-rawdigits\20260826\10\8_main_dig5_20260826-100543.jpg,8,day,131.24,reading_est 58387; model saw 8; agree,,,0
day_fill,20260919-134129_dig5,20260919-134129,5,C:\Users\josep\source\repos\AIOTED-digital-rawdigits\20260919\13\8_main_dig5_20260919-134129.jpg,8,day,103.06,reading_est 59182; model saw 8; agree,,,0
day_fill,20260915-113736_dig5,20260915-113736,5,C:\Users\josep\source\repos\AIOTED-digital-rawdigits\20260915\11\8_main_dig5_20260915-113736.jpg,8,day,130.98,reading_est 59088; model saw 8; agree_soft,,,0
day_fill,20260924-080150_dig5,20260924-080150,5,C:\Users\josep\source\repos\AIOTED-digital-rawdigits\20260924\08\8_main_dig5_20260924-080150.jpg,8,day,116.29,reading_est 59283; model saw 8; agree,,,0
day_fill,20260820-104954_dig5,20260820-104954,5,C:\Users\josep\source\repos\AIOTED-digital-rawdigits\20260820\10\8_main_dig5_20260820-104954.jpg,8,day,138.77,reading_est 58181; model saw 8; agree,,,0
day_fill,20260911-104429_dig5,20260911-104429,5,C:\Users\josep\source\repos\AIOTED-digital-rawdigits\20260911\10\8_main_dig5_20260911-104429.jpg,8,day,151.21,reading_est 58980; model saw 8; agree_soft,,,0
day_fill,20260908-141921_dig5,20260908-141921,5,C:\Users\josep\source\repos\AIOTED-digital-rawdigits\20260908\14\8_main_dig5_20260908-141921.jpg,8,day,129.00,reading_est 58880; model saw 8; agree_soft,,,0
day_fill,20260905-163057_dig5,20260905-163057,5,C:\Users\josep\source\repos\AIOTED-digital-rawdigits\20260905\16\8_main_dig5_20260905-163057.jpg,8,day,101.98,reading_est 58786; model saw 8; agree,,,0
day_fill,20260823-122948_dig5,20260823-122948,5,C:\Users\josep\source\repos\AIOTED-digital-rawdigits\20260823\12\8_main_dig5_20260823-122948.jpg,8,day,133.29,reading_est 58288; model saw 8; agree,,,0
day_fill,20260826-105343_dig5,20260826-105343,5,C:\Users\josep\source\repos\AIOTED-digital-rawdigits\20260826\10\8_main_dig5_20260826-105343.jpg,8,day,142.79,reading_est 58388; model saw 8; agree_soft,,,0
day_fill,20260919-121329_dig5,20260919-121329,5,C:\Users\josep\source\repos\AIOTED-digital-rawdigits\20260919\12\8_main_dig5_20260919-121329.jpg,8,day,104.29,reading_est 59181; model saw 8; agree,,,0
day_fill,20260915-103736_dig5,20260915-103736,5,C:\Users\josep\source\repos\AIOTED-digital-rawdigits\20260915\10\8_main_dig5_20260915-103736.jpg,8,day,114.98,reading_est 59088; model saw 8; agree_soft,,,0
day_fill,20260924-103019_dig5,20260924-103019,5,C:\Users\josep\source\repos\AIOTED-digital-rawdigits\20260924\10\8_main_dig5_20260924-103019.jpg,8,day,147.06,reading_est 59286; model saw 8; agree,,,0
day_fill,20260820-114954_dig5,20260820-114954,5,C:\Users\josep\source\repos\AIOTED-digital-rawdigits\20260820\11\8_main_dig5_20260820-114954.jpg,8,day,135.98,reading_est 58183; model saw 8; agree,,,0
day_fill,20260911-121229_dig5,20260911-121229,5,C:\Users\josep\source\repos\AIOTED-digital-rawdigits\20260911\12\8_main_dig5_20260911-121229.jpg,8,day,143.79,reading_est 58982; model saw 8; agree,,,0
day_fill,20260908-161121_dig5,20260908-161121,5,C:\Users\josep\source\repos\AIOTED-digital-rawdigits\20260908\16\8_main_dig5_20260908-161121.jpg,8,day,97.69,reading_est 58883; model saw 8; agree,,,0
day_fill,20260905-143857_dig5,20260905-143857,5,C:\Users\josep\source\repos\AIOTED-digital-rawdigits\20260905\14\8_main_dig5_20260905-143857.jpg,8,day,124.69,reading_est 58782; model saw 8; agree,,,0
day_fill,20260823-114148_dig5,20260823-114148,5,C:\Users\josep\source\repos\AIOTED-digital-rawdigits\20260823\11\8_main_dig5_20260823-114148.jpg,8,day,140.15,reading_est 58286; model saw 8; agree,,,0
day_fill,20260826-073343_dig5,20260826-073343,5,C:\Users\josep\source\repos\AIOTED-digital-rawdigits\20260826\07\8_main_dig5_20260826-073343.jpg,8,day,99.69,reading_est 58383; model saw 8; agree,,,0
day_fill,20260919-120529_dig5,20260919-120529,5,C:\Users\josep\source\repos\AIOTED-digital-rawdigits\20260919\12\8_main_dig5_20260919-120529.jpg,8,day,98.86,reading_est 59181; model saw 8; agree,,,0
day_fill,20260915-114936_dig5,20260915-114936,5,C:\Users\josep\source\repos\AIOTED-digital-rawdigits\20260915\11\8_main_dig5_20260915-114936.jpg,8,day,119.02,reading_est 59088; model saw 8; agree_soft,,,0
day_fill,20260924-113819_dig5,20260924-113819,5,C:\Users\josep\source\repos\AIOTED-digital-rawdigits\20260924\11\8_main_dig5_20260924-113819.jpg,8,day,146.98,reading_est 59287; model saw 8; agree,,,0
day_fill,20260820-111754_dig5,20260820-111754,5,C:\Users\josep\source\repos\AIOTED-digital-rawdigits\20260820\11\8_main_dig5_20260820-111754.jpg,8,day,141.79,reading_est 58182; model saw 8; agree,,,0
day_fill,20260911-143228_dig5,20260911-143228,5,C:\Users\josep\source\repos\AIOTED-digital-rawdigits\20260911\14\8_main_dig5_20260911-143228.jpg,8,day,151.13,reading_est 58987; model saw 8; agree,,,0
day_fill,20260908-163921_dig5,20260908-163921,5,C:\Users\josep\source\repos\AIOTED-digital-rawdigits\20260908\16\8_main_dig5_20260908-163921.jpg,8,day,96.80,reading_est 58883; model saw 8; agree,,,0
day_fill,20260905-155857_dig5,20260905-155857,5,C:\Users\josep\source\repos\AIOTED-digital-rawdigits\20260905\15\8_main_dig5_20260905-155857.jpg,8,day,97.16,reading_est 58785; model saw 8; agree,,,0
day_fill,20260823-130148_dig5,20260823-130148,5,C:\Users\josep\source\repos\AIOTED-digital-rawdigits\20260823\13\8_main_dig5_20260823-130148.jpg,8,day,114.08,reading_est 58289; model saw 8; agree,,,0
day_fill,20260826-075343_dig5,20260826-075343,5,C:\Users\josep\source\repos\AIOTED-digital-rawdigits\20260826\07\8_main_dig5_20260826-075343.jpg,8,day,116.97,reading_est 58384; model saw 8; agree,,,0
day_fill,20260919-145329_dig5,20260919-145329,5,C:\Users\josep\source\repos\AIOTED-digital-rawdigits\20260919\14\8_main_dig5_20260919-145329.jpg,8,day,97.22,reading_est 59184; model saw 8; agree,,,0
day_fill,20260915-105736_dig5,20260915-105736,5,C:\Users\josep\source\repos\AIOTED-digital-rawdigits\20260915\10\8_main_dig5_20260915-105736.jpg,8,day,117.69,reading_est 59088; model saw 8; agree_soft,,,0
day_fill,20260924-111819_dig5,20260924-111819,5,C:\Users\josep\source\repos\AIOTED-digital-rawdigits\20260924\11\8_main_dig5_20260924-111819.jpg,8,day,149.29,reading_est 59286; model saw 8; agree,,,0
day_fill,20260820-094954_dig5,20260820-094954,5,C:\Users\josep\source\repos\AIOTED-digital-rawdigits\20260820\09\8_main_dig5_20260820-094954.jpg,8,day,138.06,reading_est 58180; model saw 8; agree,,,0
day_fill,20260911-120429_dig5,20260911-120429,5,C:\Users\josep\source\repos\AIOTED-digital-rawdigits\20260911\12\8_main_dig5_20260911-120429.jpg,8,day,148.09,reading_est 58982; model saw 8; agree,,,0
day_fill,20260908-153121_dig5,20260908-153121,5,C:\Users\josep\source\repos\AIOTED-digital-rawdigits\20260908\15\8_main_dig5_20260908-153121.jpg,8,day,98.19,reading_est 58881; model saw 8; agree,,,0
day_fill,20260905-135857_dig5,20260905-135857,5,C:\Users\josep\source\repos\AIOTED-digital-rawdigits\20260905\13\8_main_dig5_20260905-135857.jpg,8,day,125.98,reading_est 58780; model saw 8; agree,,,0
day_fill,20260823-102948_dig5,20260823-102948,5,C:\Users\josep\source\repos\AIOTED-digital-rawdigits\20260823\10\8_main_dig5_20260823-102948.jpg,8,day,131.30,reading_est 58284; model saw 8; agree,,,0
day_fill,20260826-102543_dig5,20260826-102543,5,C:\Users\josep\source\repos\AIOTED-digital-rawdigits\20260826\10\8_main_dig5_20260826-102543.jpg,8,day,141.11,reading_est 58387; model saw 8; agree,,,0
day_fill,20260919-122529_dig5,20260919-122529,5,C:\Users\josep\source\repos\AIOTED-digital-rawdigits\20260919\12\8_main_dig5_20260919-122529.jpg,8,day,108.97,reading_est 59181; model saw 8; agree,,,0
day_fill,20260908-131121_dig4,20260908-131121,4,C:\Users\josep\source\repos\AIOTED-digital-rawdigits\20260908\13\8_main_dig4_20260908-131121.jpg,8,day,106.05,reading_est 58878; model saw 8; agree,,,0
day_fill,20260906-085456_dig4,20260906-085456,4,C:\Users\josep\source\repos\AIOTED-digital-rawdigits\20260906\08\8_main_dig4_20260906-085456.jpg,8,day,114.06,reading_est 58802; model saw 8; agree,,,0
day_fill,20260907-100723_dig4,20260907-100723,4,C:\Users\josep\source\repos\AIOTED-digital-rawdigits\20260907\10\8_main_dig4_20260907-100723.jpg,8,day,145.85,reading_est 58837; model saw 8; agree,,,0
day_fill,20260908-141921_dig4,20260908-141921,4,C:\Users\josep\source\repos\AIOTED-digital-rawdigits\20260908\14\8_main_dig4_20260908-141921.jpg,8,day,129.00,reading_est 58880; model saw 8; agree,,,0
day_fill,20260906-151125_dig4,20260906-151125,4,C:\Users\josep\source\repos\AIOTED-digital-rawdigits\20260906\15\8_main_dig4_20260906-151125.jpg,8,day,148.00,reading_est 58815; model saw 8; agree,,,0
day_fill,20260907-092723_dig4,20260907-092723,4,C:\Users\josep\source\repos\AIOTED-digital-rawdigits\20260907\09\8_main_dig4_20260907-092723.jpg,8,day,148.85,reading_est 58836; model saw 8; agree,,,0
day_fill,20260908-163921_dig4,20260908-163921,4,C:\Users\josep\source\repos\AIOTED-digital-rawdigits\20260908\16\8_main_dig4_20260908-163921.jpg,8,day,96.80,reading_est 58883; model saw 8; agree,,,0
day_fill,20260906-112256_dig4,20260906-112256,4,C:\Users\josep\source\repos\AIOTED-digital-rawdigits\20260906\11\8_main_dig4_20260906-112256.jpg,8,day,144.79,reading_est 58806; model saw 8; agree,,,0
day_fill,20260907-165523_dig4,20260907-165523,4,C:\Users\josep\source\repos\AIOTED-digital-rawdigits\20260907\16\8_main_dig4_20260907-165523.jpg,8,day,102.84,reading_est 58854; model saw 8; agree,,,0
day_fill,20260908-143921_dig4,20260908-143921,4,C:\Users\josep\source\repos\AIOTED-digital-rawdigits\20260908\14\8_main_dig4_20260908-143921.jpg,8,day,108.90,reading_est 58880; model saw 8; agree,,,0
day_fill,20260906-165925_dig4,20260906-165925,4,C:\Users\josep\source\repos\AIOTED-digital-rawdigits\20260906\16\8_main_dig4_20260906-165925.jpg,8,day,99.12,reading_est 58818; model saw 8; agree,,,0
day_fill,20260907-162723_dig4,20260907-162723,4,C:\Users\josep\source\repos\AIOTED-digital-rawdigits\20260907\16\8_main_dig4_20260907-162723.jpg,8,day,104.19,reading_est 58853; model saw 8; agree,,,0
day_fill,20260908-103921_dig4,20260908-103921,4,C:\Users\josep\source\repos\AIOTED-digital-rawdigits\20260908\10\8_main_dig4_20260908-103921.jpg,8,day,100.98,reading_est 58874; model saw 8; agree,,,0
day_fill,20260906-074656_dig4,20260906-074656,4,C:\Users\josep\source\repos\AIOTED-digital-rawdigits\20260906\07\8_main_dig4_20260906-074656.jpg,8,day,110.29,reading_est 58801; model saw 8; agree,,,0
day_fill,20260907-081923_dig4,20260907-081923,4,C:\Users\josep\source\repos\AIOTED-digital-rawdigits\20260907\08\8_main_dig4_20260907-081923.jpg,8,day,135.98,reading_est 58835; model saw 8; agree,,,0
day_fill,20260908-131921_dig4,20260908-131921,4,C:\Users\josep\source\repos\AIOTED-digital-rawdigits\20260908\13\8_main_dig4_20260908-131921.jpg,8,day,108.98,reading_est 58878; model saw 8; agree,,,0
day_fill,20260906-155125_dig4,20260906-155125,4,C:\Users\josep\source\repos\AIOTED-digital-rawdigits\20260906\15\8_main_dig4_20260906-155125.jpg,8,day,149.06,reading_est 58816; model saw 8; agree,,,0
day_fill,20260907-084723_dig4,20260907-084723,4,C:\Users\josep\source\repos\AIOTED-digital-rawdigits\20260907\08\8_main_dig4_20260907-084723.jpg,8,day,145.77,reading_est 58836; model saw 8; agree,,,0
day_fill,20260908-113121_dig4,20260908-113121,4,C:\Users\josep\source\repos\AIOTED-digital-rawdigits\20260908\11\8_main_dig4_20260908-113121.jpg,8,day,99.19,reading_est 58876; model saw 8; agree,,,0
day_fill,20260906-120325_dig4,20260906-120325,4,C:\Users\josep\source\repos\AIOTED-digital-rawdigits\20260906\12\8_main_dig4_20260906-120325.jpg,8,day,144.15,reading_est 58808; model saw 8; agree,,,0
day_fill,20260907-173523_dig4,20260907-173523,4,C:\Users\josep\source\repos\AIOTED-digital-rawdigits\20260907\17\8_main_dig4_20260907-173523.jpg,8,day,99.24,reading_est 58856; model saw 8; agree,,,0
day_fill,20260908-125121_dig4,20260908-125121,4,C:\Users\josep\source\repos\AIOTED-digital-rawdigits\20260908\12\8_main_dig4_20260908-125121.jpg,8,day,107.98,reading_est 58878; model saw 8; agree,,,0
day_fill,20260906-162325_dig4,20260906-162325,4,C:\Users\josep\source\repos\AIOTED-digital-rawdigits\20260906\16\8_main_dig4_20260906-162325.jpg,8,day,102.98,reading_est 58817; model saw 8; agree,,,0
day_fill,20260907-130723_dig4,20260907-130723,4,C:\Users\josep\source\repos\AIOTED-digital-rawdigits\20260907\13\8_main_dig4_20260907-130723.jpg,8,day,122.13,reading_est 58844; model saw 8; agree,,,0
day_fill,20260908-121121_dig4,20260908-121121,4,C:\Users\josep\source\repos\AIOTED-digital-rawdigits\20260908\12\8_main_dig4_20260908-121121.jpg,8,day,97.02,reading_est 58877; model saw 8; agree,,,0
day_fill,20260906-081456_dig4,20260906-081456,4,C:\Users\josep\source\repos\AIOTED-digital-rawdigits\20260906\08\8_main_dig4_20260906-081456.jpg,8,day,114.79,reading_est 58802; model saw 8; agree,,,0
day_fill,20260907-095923_dig4,20260907-095923,4,C:\Users\josep\source\repos\AIOTED-digital-rawdigits\20260907\09\8_main_dig4_20260907-095923.jpg,8,day,145.84,reading_est 58837; model saw 8; agree,,,0
day_fill,20260908-141121_dig4,20260908-141121,4,C:\Users\josep\source\repos\AIOTED-digital-rawdigits\20260908\14\8_main_dig4_20260908-141121.jpg,8,day,115.29,reading_est 58880; model saw 8; agree,,,0
day_fill,20260906-101456_dig4,20260906-101456,4,C:\Users\josep\source\repos\AIOTED-digital-rawdigits\20260906\10\8_main_dig4_20260906-101456.jpg,8,day,138.28,reading_est 58805; model saw 8; agree,,,0
day_fill,20260907-091523_dig4,20260907-091523,4,C:\Users\josep\source\repos\AIOTED-digital-rawdigits\20260907\09\8_main_dig4_20260907-091523.jpg,8,day,151.97,reading_est 58836; model saw 8; agree,,,0
day_fill,20260908-153921_dig4,20260908-153921,4,C:\Users\josep\source\repos\AIOTED-digital-rawdigits\20260908\15\8_main_dig4_20260908-153921.jpg,8,day,101.06,reading_est 58882; model saw 8; agree,,,0
day_fill,20260906-122325_dig4,20260906-122325,4,C:\Users\josep\source\repos\AIOTED-digital-rawdigits\20260906\12\8_main_dig4_20260906-122325.jpg,8,day,144.15,reading_est 58808; model saw 8; agree,,,0
day_fill,20260907-172723_dig4,20260907-172723,4,C:\Users\josep\source\repos\AIOTED-digital-rawdigits\20260907\17\8_main_dig4_20260907-172723.jpg,8,day,100.84,reading_est 58856; model saw 8; agree,,,0
day_fill,20260908-143121_dig4,20260908-143121,4,C:\Users\josep\source\repos\AIOTED-digital-rawdigits\20260908\14\8_main_dig4_20260908-143121.jpg,8,day,113.98,reading_est 58880; model saw 8; agree,,,0
day_fill,20260906-163125_dig4,20260906-163125,4,C:\Users\josep\source\repos\AIOTED-digital-rawdigits\20260906\16\8_main_dig4_20260906-163125.jpg,8,day,98.97,reading_est 58817; model saw 8; agree,,,0
day_fill,20260907-120723_dig4,20260907-120723,4,C:\Users\josep\source\repos\AIOTED-digital-rawdigits\20260907\12\8_main_dig4_20260907-120723.jpg,8,day,117.98,reading_est 58842; model saw 8; agree,,,0
day_fill,20260908-113922_dig4,20260908-113922,4,C:\Users\josep\source\repos\AIOTED-digital-rawdigits\20260908\11\8_main_dig4_20260908-113922.jpg,8,day,96.12,reading_est 58876; model saw 8; agree,,,0
day_fill,20260906-091456_dig4,20260906-091456,4,C:\Users\josep\source\repos\AIOTED-digital-rawdigits\20260906\09\8_main_dig4_20260906-091456.jpg,8,day,119.84,reading_est 58803; model saw 8; agree,,,0
day_fill,20260907-152723_dig4,20260907-152723,4,C:\Users\josep\source\repos\AIOTED-digital-rawdigits\20260907\15\8_main_dig4_20260907-152723.jpg,8,day,141.90,reading_est 58850; model saw 8; agree,,,0
day_fill,20260908-135921_dig4,20260908-135921,4,C:\Users\josep\source\repos\AIOTED-digital-rawdigits\20260908\13\8_main_dig4_20260908-135921.jpg,8,day,121.97,reading_est 58878; model saw 8; agree,,,0
day_fill,20260906-142325_dig4,20260906-142325,4,C:\Users\josep\source\repos\AIOTED-digital-rawdigits\20260906\14\8_main_dig4_20260906-142325.jpg,8,day,148.98,reading_est 58812; model saw 8; agree,,,0
day_fill,20260907-085923_dig4,20260907-085923,4,C:\Users\josep\source\repos\AIOTED-digital-rawdigits\20260907\08\8_main_dig4_20260907-085923.jpg,8,day,150.15,reading_est 58836; model saw 8; agree,,,0
day_fill,20260908-161921_dig4,20260908-161921,4,C:\Users\josep\source\repos\AIOTED-digital-rawdigits\20260908\16\8_main_dig4_20260908-161921.jpg,8,day,105.19,reading_est 58883; model saw 8; agree,,,0
day_fill,20260906-131125_dig4,20260906-131125,4,C:\Users\josep\source\repos\AIOTED-digital-rawdigits\20260906\13\8_main_dig4_20260906-131125.jpg,8,day,153.69,reading_est 58810; model saw 8; agree,,,0
day_fill,20260907-170723_dig4,20260907-170723,4,C:\Users\josep\source\repos\AIOTED-digital-rawdigits\20260907\17\8_main_dig4_20260907-170723.jpg,8,day,102.24,reading_est 58856; model saw 8; agree,,,0
day_fill,20260908-125921_dig4,20260908-125921,4,C:\Users\josep\source\repos\AIOTED-digital-rawdigits\20260908\12\8_main_dig4_20260908-125921.jpg,8,day,106.88,reading_est 58878; model saw 8; agree,,,0
day_fill,20260906-161125_dig4,20260906-161125,4,C:\Users\josep\source\repos\AIOTED-digital-rawdigits\20260906\16\8_main_dig4_20260906-161125.jpg,8,day,104.03,reading_est 58817; model saw 8; agree,,,0
day_fill,20260907-133523_dig4,20260907-133523,4,C:\Users\josep\source\repos\AIOTED-digital-rawdigits\20260907\13\8_main_dig4_20260907-133523.jpg,8,day,113.06,reading_est 58846; model saw 8; agree,,,0
day_fill,20260908-105921_dig4,20260908-105921,4,C:\Users\josep\source\repos\AIOTED-digital-rawdigits\20260908\10\8_main_dig4_20260908-105921.jpg,8,day,101.98,reading_est 58876; model saw 8; agree,,,0
day_fill,20260906-152325_dig4,20260906-152325,4,C:\Users\josep\source\repos\AIOTED-digital-rawdigits\20260906\15\8_main_dig4_20260906-152325.jpg,8,day,125.97,reading_est 58815; model saw 8; agree,,,0
day_fill,20260907-150723_dig4,20260907-150723,4,C:\Users\josep\source\repos\AIOTED-digital-rawdigits\20260907\15\8_main_dig4_20260907-150723.jpg,8,day,152.13,reading_est 58848; model saw 8; agree,,,0
day_fill,20260908-135121_dig4,20260908-135121,4,C:\Users\josep\source\repos\AIOTED-digital-rawdigits\20260908\13\8_main_dig4_20260908-135121.jpg,8,day,111.97,reading_est 58878; model saw 8; agree,,,0
day_fill,20260906-110656_dig4,20260906-110656,4,C:\Users\josep\source\repos\AIOTED-digital-rawdigits\20260906\11\8_main_dig4_20260906-110656.jpg,8,day,136.84,reading_est 58806; model saw 8; agree,,,0
day_fill,20260907-083923_dig4,20260907-083923,4,C:\Users\josep\source\repos\AIOTED-digital-rawdigits\20260907\08\8_main_dig4_20260907-083923.jpg,8,day,143.20,reading_est 58836; model saw 8; agree,,,0
day_fill,20260908-161121_dig4,20260908-161121,4,C:\Users\josep\source\repos\AIOTED-digital-rawdigits\20260908\16\8_main_dig4_20260908-161121.jpg,8,day,97.69,reading_est 58883; model saw 8; agree,,,0
day_fill,20260906-140325_dig4,20260906-140325,4,C:\Users\josep\source\repos\AIOTED-digital-rawdigits\20260906\14\8_main_dig4_20260906-140325.jpg,8,day,157.98,reading_est 58811; model saw 8; agree,,,0
day_fill,20260907-073924_dig4,20260907-073924,4,C:\Users\josep\source\repos\AIOTED-digital-rawdigits\20260907\07\8_main_dig4_20260907-073924.jpg,8,day,101.69,reading_est 58834; model saw 8; agree,,,0
day_fill,20260908-151121_dig4,20260908-151121,4,C:\Users\josep\source\repos\AIOTED-digital-rawdigits\20260908\15\8_main_dig4_20260908-151121.jpg,8,day,115.00,reading_est 58881; model saw 8; agree,,,0
day_fill,20260906-165125_dig4,20260906-165125,4,C:\Users\josep\source\repos\AIOTED-digital-rawdigits\20260906\16\8_main_dig4_20260906-165125.jpg,8,day,98.19,reading_est 58818; model saw 8; agree,,,0
day_fill,20260926-094615_dig5,20260926-094615,5,C:\Users\josep\source\repos\AIOTED-digital-rawdigits\20260926\09\2_main_dig5_20260926-094615.jpg,2,day,148.69,reading_est 59328; model saw 2; agree_soft,,,0
day_fill,20260912-152458_dig5,20260912-152458,5,C:\Users\josep\source\repos\AIOTED-digital-rawdigits\20260912\15\2_main_dig5_20260912-152458.jpg,2,day,150.77,reading_est 59023; model saw 2; agree,,,0
day_fill,20260827-090940_dig5,20260827-090940,5,C:\Users\josep\source\repos\AIOTED-digital-rawdigits\20260827\09\2_main_dig5_20260827-090940.jpg,2,day,138.29,reading_est 58420; model saw 2; agree,,,0
day_fill,20260921-084126_dig5,20260921-084126,5,C:\Users\josep\source\repos\AIOTED-digital-rawdigits\20260921\08\2_main_dig5_20260921-084126.jpg,2,day,111.29,reading_est 59220; model saw 2; agree_soft,,,0
day_fill,20260821-114152_dig5,20260821-114152,5,C:\Users\josep\source\repos\AIOTED-digital-rawdigits\20260821\11\2_main_dig5_20260821-114152.jpg,2,day,100.29,reading_est 58222; model saw 2; agree,,,0
day_fill,20260816-082202_dig5,20260816-082202,5,C:\Users\josep\source\repos\AIOTED-digital-rawdigits\20260816\08\2_main_dig5_20260816-082202.jpg,2,day,109.24,reading_est 58027; model saw 2; agree,,,0
day_fill,20260824-161346_dig5,20260824-161346,5,C:\Users\josep\source\repos\AIOTED-digital-rawdigits\20260824\16\2_main_dig5_20260824-161346.jpg,2,day,131.75,reading_est 58326; model saw 2; agree,,,0
day_fill,20260830-122935_dig5,20260830-122935,5,C:\Users\josep\source\repos\AIOTED-digital-rawdigits\20260830\12\2_main_dig5_20260830-122935.jpg,2,day,137.06,reading_est 58526; model saw 2; agree,,,0
day_fill,20260926-095815_dig5,20260926-095815,5,C:\Users\josep\source\repos\AIOTED-digital-rawdigits\20260926\09\2_main_dig5_20260926-095815.jpg,2,day,151.93,reading_est 59328; model saw 2; agree_soft,,,0
day_fill,20260912-150827_dig5,20260912-150827,5,C:\Users\josep\source\repos\AIOTED-digital-rawdigits\20260912\15\2_main_dig5_20260912-150827.jpg,2,day,150.21,reading_est 59022; model saw 2; agree,,,0
day_fill,20260827-115741_dig5,20260827-115741,5,C:\Users\josep\source\repos\AIOTED-digital-rawdigits\20260827\11\2_main_dig5_20260827-115741.jpg,2,day,141.02,reading_est 58425; model saw 2; agree,,,0
day_fill,20260921-140925_dig5,20260921-140925,5,C:\Users\josep\source\repos\AIOTED-digital-rawdigits\20260921\14\2_main_dig5_20260921-140925.jpg,2,day,154.29,reading_est 59227; model saw 2; agree,,,0
day_fill,20260821-145352_dig5,20260821-145352,5,C:\Users\josep\source\repos\AIOTED-digital-rawdigits\20260821\14\2_main_dig5_20260821-145352.jpg,2,day,100.98,reading_est 58228; model saw 2; agree,,,0
day_fill,20260816-080202_dig5,20260816-080202,5,C:\Users\josep\source\repos\AIOTED-digital-rawdigits\20260816\08\2_main_dig5_20260816-080202.jpg,2,day,116.84,reading_est 58027; model saw 2; agree,,,0
day_fill,20260824-131346_dig5,20260824-131346,5,C:\Users\josep\source\repos\AIOTED-digital-rawdigits\20260824\13\2_main_dig5_20260824-131346.jpg,2,day,135.21,reading_est 58320; model saw 2; agree,,,0
day_fill,20260830-132935_dig5,20260830-132935,5,C:\Users\josep\source\repos\AIOTED-digital-rawdigits\20260830\13\2_main_dig5_20260830-132935.jpg,2,day,106.97,reading_est 58529; model saw 2; agree,,,0
day_fill,20260926-085815_dig5,20260926-085815,5,C:\Users\josep\source\repos\AIOTED-digital-rawdigits\20260926\08\2_main_dig5_20260926-085815.jpg,2,day,156.84,reading_est 59326; model saw 2; agree_soft,,,0
day_fill,20260912-143627_dig5,20260912-143627,5,C:\Users\josep\source\repos\AIOTED-digital-rawdigits\20260912\14\2_main_dig5_20260912-143627.jpg,2,day,97.97,reading_est 59022; model saw 2; agree,,,0
day_fill,20260827-111741_dig5,20260827-111741,5,C:\Users\josep\source\repos\AIOTED-digital-rawdigits\20260827\11\2_main_dig5_20260827-111741.jpg,2,day,129.31,reading_est 58423; model saw 2; agree,,,0
day_fill,20260921-130126_dig5,20260921-130126,5,C:\Users\josep\source\repos\AIOTED-digital-rawdigits\20260921\13\2_main_dig5_20260921-130126.jpg,2,day,148.13,reading_est 59226; model saw 2; agree,,,0
day_fill,20260821-152952_dig5,20260821-152952,5,C:\Users\josep\source\repos\AIOTED-digital-rawdigits\20260821\15\2_main_dig5_20260821-152952.jpg,2,day,113.98,reading_est 58229; model saw 2; agree,,,0
day_fill,20260816-091402_dig5,20260816-091402,5,C:\Users\josep\source\repos\AIOTED-digital-rawdigits\20260816\09\2_main_dig5_20260816-091402.jpg,2,day,102.20,reading_est 58029; model saw 2; agree,,,0
day_fill,20260824-162546_dig5,20260824-162546,5,C:\Users\josep\source\repos\AIOTED-digital-rawdigits\20260824\16\2_main_dig5_20260824-162546.jpg,2,day,103.05,reading_est 58327; model saw 2; agree,,,0
day_fill,20260830-130935_dig5,20260830-130935,5,C:\Users\josep\source\repos\AIOTED-digital-rawdigits\20260830\13\2_main_dig5_20260830-130935.jpg,2,day,120.02,reading_est 58528; model saw 2; agree,,,0
day_fill,20260926-081015_dig5,20260926-081015,5,C:\Users\josep\source\repos\AIOTED-digital-rawdigits\20260926\08\2_main_dig5_20260926-081015.jpg,2,day,140.29,reading_est 59326; model saw 2; agree_soft,,,0
day_fill,20260912-154458_dig5,20260912-154458,5,C:\Users\josep\source\repos\AIOTED-digital-rawdigits\20260912\15\2_main_dig5_20260912-154458.jpg,2,day,148.98,reading_est 59024; model saw 2; agree,,,0
day_fill,20260827-093741_dig5,20260827-093741,5,C:\Users\josep\source\repos\AIOTED-digital-rawdigits\20260827\09\2_main_dig5_20260827-093741.jpg,2,day,137.02,reading_est 58421; model saw 2; agree,,,0
day_fill,20260921-125326_dig5,20260921-125326,5,C:\Users\josep\source\repos\AIOTED-digital-rawdigits\20260921\12\2_main_dig5_20260921-125326.jpg,2,day,138.05,reading_est 59226; model saw 2; agree,,,0
day_fill,20260821-134152_dig5,20260821-134152,5,C:\Users\josep\source\repos\AIOTED-digital-rawdigits\20260821\13\2_main_dig5_20260821-134152.jpg,2,day,143.15,reading_est 58226; model saw 2; agree,,,0
day_fill,20260816-092202_dig5,20260816-092202,5,C:\Users\josep\source\repos\AIOTED-digital-rawdigits\20260816\09\2_main_dig5_20260816-092202.jpg,2,day,113.17,reading_est 58029; model saw 2; agree,,,0
day_fill,20260824-153346_dig5,20260824-153346,5,C:\Users\josep\source\repos\AIOTED-digital-rawdigits\20260824\15\2_main_dig5_20260824-153346.jpg,2,day,128.75,reading_est 58325; model saw 2; agree,,,0
day_fill,20260830-094136_dig5,20260830-094136,5,C:\Users\josep\source\repos\AIOTED-digital-rawdigits\20260830\09\2_main_dig5_20260830-094136.jpg,2,day,139.00,reading_est 58520; model saw 2; agree,,,0
day_fill,20260926-083815_dig5,20260926-083815,5,C:\Users\josep\source\repos\AIOTED-digital-rawdigits\20260926\08\2_main_dig5_20260926-083815.jpg,2,day,153.05,reading_est 59326; model saw 2; agree_soft,,,0
day_fill,20260912-150427_dig5,20260912-150427,5,C:\Users\josep\source\repos\AIOTED-digital-rawdigits\20260912\15\2_main_dig5_20260912-150427.jpg,2,day,155.29,reading_est 59022; model saw 2; agree,,,0
day_fill,20260827-102941_dig5,20260827-102941,5,C:\Users\josep\source\repos\AIOTED-digital-rawdigits\20260827\10\2_main_dig5_20260827-102941.jpg,2,day,129.15,reading_est 58422; model saw 2; agree,,,0
day_fill,20260921-122126_dig5,20260921-122126,5,C:\Users\josep\source\repos\AIOTED-digital-rawdigits\20260921\12\2_main_dig5_20260921-122126.jpg,2,day,131.29,reading_est 59224; model saw 2; agree,,,0
day_fill,20260821-110152_dig5,20260821-110152,5,C:\Users\josep\source\repos\AIOTED-digital-rawdigits\20260821\11\2_main_dig5_20260821-110152.jpg,2,day,97.75,reading_est 58221; model saw 2; agree,,,0
day_fill,20260816-083402_dig5,20260816-083402,5,C:\Users\josep\source\repos\AIOTED-digital-rawdigits\20260816\08\2_main_dig5_20260816-083402.jpg,2,day,119.69,reading_est 58027; model saw 2; agree,,,0
day_fill,20260824-151346_dig5,20260824-151346,5,C:\Users\josep\source\repos\AIOTED-digital-rawdigits\20260824\15\2_main_dig5_20260824-151346.jpg,2,day,146.21,reading_est 58325; model saw 2; agree,,,0
day_fill,20260830-100136_dig5,20260830-100136,5,C:\Users\josep\source\repos\AIOTED-digital-rawdigits\20260830\10\2_main_dig5_20260830-100136.jpg,2,day,141.98,reading_est 58521; model saw 2; agree,,,0
day_fill,20260926-093015_dig5,20260926-093015,5,C:\Users\josep\source\repos\AIOTED-digital-rawdigits\20260926\09\2_main_dig5_20260926-093015.jpg,2,day,158.29,reading_est 59326; model saw 2; agree_soft,,,0
day_fill,20260912-161258_dig5,20260912-161258,5,C:\Users\josep\source\repos\AIOTED-digital-rawdigits\20260912\16\2_main_dig5_20260912-161258.jpg,2,day,100.97,reading_est 59024; model saw 2; agree,,,0
day_fill,20260827-134541_dig5,20260827-134541,5,C:\Users\josep\source\repos\AIOTED-digital-rawdigits\20260827\13\2_main_dig5_20260827-134541.jpg,2,day,142.00,reading_est 58429; model saw 2; agree_soft,,,0
day_fill,20260921-124126_dig5,20260921-124126,5,C:\Users\josep\source\repos\AIOTED-digital-rawdigits\20260921\12\2_main_dig5_20260921-124126.jpg,2,day,152.02,reading_est 59226; model saw 2; agree,,,0
day_fill,20260821-112152_dig5,20260821-112152,5,C:\Users\josep\source\repos\AIOTED-digital-rawdigits\20260821\11\2_main_dig5_20260821-112152.jpg,2,day,106.02,reading_est 58221; model saw 2; agree,,,0
day_fill,20260816-093402_dig5,20260816-093402,5,C:\Users\josep\source\repos\AIOTED-digital-rawdigits\20260816\09\2_main_dig5_20260816-093402.jpg,2,day,102.98,reading_est 58029; model saw 2; agree,,,0
day_fill,20260824-163346_dig5,20260824-163346,5,C:\Users\josep\source\repos\AIOTED-digital-rawdigits\20260824\16\2_main_dig5_20260824-163346.jpg,2,day,102.98,reading_est 58327; model saw 2; agree,,,0
day_fill,20260830-134135_dig5,20260830-134135,5,C:\Users\josep\source\repos\AIOTED-digital-rawdigits\20260830\13\2_main_dig5_20260830-134135.jpg,2,day,113.05,reading_est 58529; model saw 2; agree,,,0
day_fill,20260926-081815_dig5,20260926-081815,5,C:\Users\josep\source\repos\AIOTED-digital-rawdigits\20260926\08\2_main_dig5_20260926-081815.jpg,2,day,141.00,reading_est 59326; model saw 2; agree_soft,,,0
day_fill,20260912-153258_dig5,20260912-153258,5,C:\Users\josep\source\repos\AIOTED-digital-rawdigits\20260912\15\2_main_dig5_20260912-153258.jpg,2,day,154.29,reading_est 59023; model saw 2; agree,,,0
day_fill,20260827-133741_dig5,20260827-133741,5,C:\Users\josep\source\repos\AIOTED-digital-rawdigits\20260827\13\2_main_dig5_20260827-133741.jpg,2,day,106.96,reading_est 58429; model saw 2; agree,,,0
day_fill,20260921-150925_dig5,20260921-150925,5,C:\Users\josep\source\repos\AIOTED-digital-rawdigits\20260921\15\2_main_dig5_20260921-150925.jpg,2,day,115.29,reading_est 59227; model saw 2; agree,,,0
day_fill,20260821-140152_dig5,20260821-140152,5,C:\Users\josep\source\repos\AIOTED-digital-rawdigits\20260821\14\2_main_dig5_20260821-140152.jpg,2,day,125.06,reading_est 58227; model saw 2; agree,,,0
day_fill,20260816-084202_dig5,20260816-084202,5,C:\Users\josep\source\repos\AIOTED-digital-rawdigits\20260816\08\2_main_dig5_20260816-084202.jpg,2,day,104.98,reading_est 58027; model saw 2; agree,,,0
day_fill,20260824-130546_dig5,20260824-130546,5,C:\Users\josep\source\repos\AIOTED-digital-rawdigits\20260824\13\2_main_dig5_20260824-130546.jpg,2,day,135.13,reading_est 58320; model saw 2; agree,,,0
day_fill,20260830-132135_dig5,20260830-132135,5,C:\Users\josep\source\repos\AIOTED-digital-rawdigits\20260830\13\2_main_dig5_20260830-132135.jpg,2,day,101.29,reading_est 58529; model saw 2; agree,,,0
day_fill,20260926-101815_dig5,20260926-101815,5,C:\Users\josep\source\repos\AIOTED-digital-rawdigits\20260926\10\2_main_dig5_20260926-101815.jpg,2,day,153.97,reading_est 59328; model saw 2; agree_soft,,,0
day_fill,20260912-163258_dig5,20260912-163258,5,C:\Users\josep\source\repos\AIOTED-digital-rawdigits\20260912\16\2_main_dig5_20260912-163258.jpg,2,day,96.98,reading_est 59026; model saw 2; agree,,,0
day_fill,20260827-100941_dig5,20260827-100941,5,C:\Users\josep\source\repos\AIOTED-digital-rawdigits\20260827\10\2_main_dig5_20260827-100941.jpg,2,day,139.28,reading_est 58421; model saw 2; agree,,,0
day_fill,20260829-135737_dig6,20260829-135737,6,C:\Users\josep\source\repos\AIOTED-digital-rawdigits\20260829\13\2_main_dig6_20260829-135737.jpg,2,day,96.40,reading_est 58502; model saw 2; agree,,,0
day_fill,20260911-121229_dig6,20260911-121229,6,C:\Users\josep\source\repos\AIOTED-digital-rawdigits\20260911\12\2_main_dig6_20260911-121229.jpg,2,day,143.79,reading_est 58982; model saw 2; agree_soft,,,0
day_fill,20260926-120615_dig6,20260926-120615,6,C:\Users\josep\source\repos\AIOTED-digital-rawdigits\20260926\12\2_main_dig6_20260926-120615.jpg,2,day,143.98,reading_est 59332; model saw 2; agree,,,0
day_fill,20260815-083004_dig6,20260815-083004,6,C:\Users\josep\source\repos\AIOTED-digital-rawdigits\20260815\08\2_main_dig6_20260815-083004.jpg,2,day,126.95,reading_est 57992; model saw 2; agree_soft,,,0
day_fill,20260913-080857_dig6,20260913-080857,6,C:\Users\josep\source\repos\AIOTED-digital-rawdigits\20260913\08\2_main_dig6_20260913-080857.jpg,2,day,108.97,reading_est 59042; model saw 2; agree_soft,,,0
day_fill,20260817-134600_dig6,20260817-134600,6,C:\Users\josep\source\repos\AIOTED-digital-rawdigits\20260817\13\2_main_dig6_20260817-134600.jpg,2,day,138.83,reading_est 58072; model saw 2; agree,,,0
day_fill,20260831-111334_dig6,20260831-111334,6,C:\Users\josep\source\repos\AIOTED-digital-rawdigits\20260831\11\2_main_dig6_20260831-111334.jpg,2,day,156.89,reading_est 58562; model saw 2; agree_soft,,,0
day_fill,20260826-121343_dig6,20260826-121343,6,C:\Users\josep\source\repos\AIOTED-digital-rawdigits\20260826\12\2_main_dig6_20260826-121343.jpg,2,day,136.79,reading_est 58392; model saw 2; agree,,,0
day_fill,20260823-142948_dig6,20260823-142948,6,C:\Users\josep\source\repos\AIOTED-digital-rawdigits\20260823\14\2_main_dig6_20260823-142948.jpg,2,day,101.98,reading_est 58292; model saw 2; agree_soft,,,0
day_fill,20260819-134556_dig6,20260819-134556,6,C:\Users\josep\source\repos\AIOTED-digital-rawdigits\20260819\13\2_main_dig6_20260819-134556.jpg,2,day,139.20,reading_est 58152; model saw 2; agree_soft,,,0
day_fill,20260914-160138_dig6,20260914-160138,6,C:\Users\josep\source\repos\AIOTED-digital-rawdigits\20260914\16\2_main_dig6_20260914-160138.jpg,2,day,97.97,reading_est 59072; model saw 2; agree,,,0
day_fill,20260902-092310_dig6,20260902-092310,6,C:\Users\josep\source\repos\AIOTED-digital-rawdigits\20260902\09\2_main_dig6_20260902-092310.jpg,2,day,96.16,reading_est 58652; model saw 2; agree_soft,,,0
day_fill,20260927-131843_dig6,20260927-131843,6,C:\Users\josep\source\repos\AIOTED-digital-rawdigits\20260927\13\2_main_dig6_20260927-131843.jpg,2,day,141.29,reading_est 59352; model saw 2; agree,,,0
day_fill,20260827-145741_dig6,20260827-145741,6,C:\Users\josep\source\repos\AIOTED-digital-rawdigits\20260827\14\2_main_dig6_20260827-145741.jpg,2,day,102.25,reading_est 58432; model saw 2; agree,,,0
day_fill,20260912-150427_dig6,20260912-150427,6,C:\Users\josep\source\repos\AIOTED-digital-rawdigits\20260912\15\2_main_dig6_20260912-150427.jpg,2,day,155.29,reading_est 59022; model saw 2; agree,,,0
day_fill,20260904-100305_dig6,20260904-100305,6,C:\Users\josep\source\repos\AIOTED-digital-rawdigits\20260904\10\2_main_dig6_20260904-100305.jpg,2,day,112.87,reading_est 58732; model saw 2; agree,,,0
day_fill,20260907-161523_dig6,20260907-161523,6,C:\Users\josep\source\repos\AIOTED-digital-rawdigits\20260907\16\2_main_dig6_20260907-161523.jpg,2,day,107.69,reading_est 58852; model saw 2; agree_soft,,,0
day_fill,20260908-153921_dig6,20260908-153921,6,C:\Users\josep\source\repos\AIOTED-digital-rawdigits\20260908\15\2_main_dig6_20260908-153921.jpg,2,day,101.06,reading_est 58882; model saw 2; agree,,,0
day_fill,20260918-134931_dig6,20260918-134931,6,C:\Users\josep\source\repos\AIOTED-digital-rawdigits\20260918\13\2_main_dig6_20260918-134931.jpg,2,day,99.69,reading_est 59162; model saw 2; agree,,,0
day_fill,20260830-144935_dig6,20260830-144935,6,C:\Users\josep\source\repos\AIOTED-digital-rawdigits\20260830\14\2_main_dig6_20260830-144935.jpg,2,day,106.25,reading_est 58532; model saw 2; agree,,,0
day_fill,20260917-145732_dig6,20260917-145732,6,C:\Users\josep\source\repos\AIOTED-digital-rawdigits\20260917\14\2_main_dig6_20260917-145732.jpg,2,day,99.97,reading_est 59142; model saw 2; agree,,,0
day_fill,20260919-132529_dig6,20260919-132529,6,C:\Users\josep\source\repos\AIOTED-digital-rawdigits\20260919\13\2_main_dig6_20260919-132529.jpg,2,day,109.98,reading_est 59182; model saw 2; agree,,,0
day_fill,20260828-114139_dig6,20260828-114139,6,C:\Users\josep\source\repos\AIOTED-digital-rawdigits\20260828\11\2_main_dig6_20260828-114139.jpg,2,day,137.77,reading_est 58462; model saw 2; agree_soft,,,0
day_fill,20260920-115727_dig6,20260920-115727,6,C:\Users\josep\source\repos\AIOTED-digital-rawdigits\20260920\11\2_main_dig6_20260920-115727.jpg,2,day,149.13,reading_est 59202; model saw 2; agree,,,0
day_fill,20260824-134546_dig6,20260824-134546,6,C:\Users\josep\source\repos\AIOTED-digital-rawdigits\20260824\13\2_main_dig6_20260824-134546.jpg,2,day,136.97,reading_est 58322; model saw 2; agree,,,0
day_fill,20260906-083456_dig6,20260906-083456,6,C:\Users\josep\source\repos\AIOTED-digital-rawdigits\20260906\08\2_main_dig6_20260906-083456.jpg,2,day,111.92,reading_est 58802; model saw 2; agree,,,0
day_fill,20260821-114152_dig6,20260821-114152,6,C:\Users\josep\source\repos\AIOTED-digital-rawdigits\20260821\11\2_main_dig6_20260821-114152.jpg,2,day,100.29,reading_est 58222; model saw 2; agree,,,0
day_fill,20260822-112550_dig6,20260822-112550,6,C:\Users\josep\source\repos\AIOTED-digital-rawdigits\20260822\11\2_main_dig6_20260822-112550.jpg,2,day,136.79,reading_est 58252; model saw 2; agree_soft,,,0
day_fill,20260915-142936_dig6,20260915-142936,6,C:\Users\josep\source\repos\AIOTED-digital-rawdigits\20260915\14\2_main_dig6_20260915-142936.jpg,2,day,115.01,reading_est 59092; model saw 2; agree_soft,,,0
day_fill,20260816-163001_dig6,20260816-163001,6,C:\Users\josep\source\repos\AIOTED-digital-rawdigits\20260816\16\2_main_dig6_20260816-163001.jpg,2,day,102.98,reading_est 58042; model saw 2; agree,,,0
day_fill,20260925-132217_dig6,20260925-132217,6,C:\Users\josep\source\repos\AIOTED-digital-rawdigits\20260925\13\2_main_dig6_20260925-132217.jpg,2,day,156.29,reading_est 59312; model saw 2; agree,,,0
day_fill,20260903-143907_dig6,20260903-143907,6,C:\Users\josep\source\repos\AIOTED-digital-rawdigits\20260903\14\2_main_dig6_20260903-143907.jpg,2,day,102.21,reading_est 58702; model saw 2; agree,,,0
day_fill,20260910-141201_dig6,20260910-141201,6,C:\Users\josep\source\repos\AIOTED-digital-rawdigits\20260910\14\2_main_dig6_20260910-141201.jpg,2,day,147.97,reading_est 58952; model saw 2; agree_soft,,,0
day_fill,20260928-134241_dig6,20260928-134241,6,C:\Users\josep\source\repos\AIOTED-digital-rawdigits\20260928\13\2_main_dig6_20260928-134241.jpg,2,day,140.29,reading_est 59372; model saw 2; agree_soft,,,0
day_fill,20260922-082524_dig6,20260922-082524,6,C:\Users\josep\source\repos\AIOTED-digital-rawdigits\20260922\08\2_main_dig6_20260922-082524.jpg,2,day,119.97,reading_est 59242; model saw 2; agree,,,0
day_fill,20260820-144954_dig6,20260820-144954,6,C:\Users\josep\source\repos\AIOTED-digital-rawdigits\20260820\14\2_main_dig6_20260820-144954.jpg,2,day,139.97,reading_est 58192; model saw 2; agree,,,0
day_fill,20260921-102126_dig6,20260921-102126,6,C:\Users\josep\source\repos\AIOTED-digital-rawdigits\20260921\10\2_main_dig6_20260921-102126.jpg,2,day,119.97,reading_est 59222; model saw 2; agree,,,0
day_fill,20260829-140537_dig6,20260829-140537,6,C:\Users\josep\source\repos\AIOTED-digital-rawdigits\20260829\14\2_main_dig6_20260829-140537.jpg,2,day,106.24,reading_est 58502; model saw 2; agree,,,0
day_fill,20260911-120429_dig6,20260911-120429,6,C:\Users\josep\source\repos\AIOTED-digital-rawdigits\20260911\12\2_main_dig6_20260911-120429.jpg,2,day,148.09,reading_est 58982; model saw 2; agree,,,0
day_fill,20260926-121815_dig6,20260926-121815,6,C:\Users\josep\source\repos\AIOTED-digital-rawdigits\20260926\12\2_main_dig6_20260926-121815.jpg,2,day,151.00,reading_est 59332; model saw 2; agree,,,0
day_fill,20260815-142603_dig6,20260815-142603,6,C:\Users\josep\source\repos\AIOTED-digital-rawdigits\20260815\14\2_main_dig6_20260815-142603.jpg,2,day,116.00,reading_est 58002; model saw 2; agree,,,0
day_fill,20260913-074857_dig6,20260913-074857,6,C:\Users\josep\source\repos\AIOTED-digital-rawdigits\20260913\07\2_main_dig6_20260913-074857.jpg,2,day,124.05,reading_est 59042; model saw 2; agree_soft,,,0
day_fill,20260817-082600_dig6,20260817-082600,6,C:\Users\josep\source\repos\AIOTED-digital-rawdigits\20260817\08\2_main_dig6_20260817-082600.jpg,2,day,131.06,reading_est 58062; model saw 2; agree,,,0
day_fill,20260831-110534_dig6,20260831-110534,6,C:\Users\josep\source\repos\AIOTED-digital-rawdigits\20260831\11\2_main_dig6_20260831-110534.jpg,2,day,152.15,reading_est 58562; model saw 2; agree,,,0
day_fill,20260826-171342_dig6,20260826-171342,6,C:\Users\josep\source\repos\AIOTED-digital-rawdigits\20260826\17\2_main_dig6_20260826-171342.jpg,2,day,96.97,reading_est 58402; model saw 2; agree_soft,,,0
day_fill,20260823-142148_dig6,20260823-142148,6,C:\Users\josep\source\repos\AIOTED-digital-rawdigits\20260823\14\2_main_dig6_20260823-142148.jpg,2,day,117.98,reading_est 58292; model saw 2; agree,,,0
day_fill,20260819-133356_dig6,20260819-133356,6,C:\Users\josep\source\repos\AIOTED-digital-rawdigits\20260819\13\2_main_dig6_20260819-133356.jpg,2,day,130.29,reading_est 58152; model saw 2; agree,,,0
day_fill,20260914-151338_dig6,20260914-151338,6,C:\Users\josep\source\repos\AIOTED-digital-rawdigits\20260914\15\2_main_dig6_20260914-151338.jpg,2,day,98.90,reading_est 59072; model saw 2; agree,,,0
day_fill,20260902-145509_dig6,20260902-145509,6,C:\Users\josep\source\repos\AIOTED-digital-rawdigits\20260902\14\2_main_dig6_20260902-145509.jpg,2,day,125.31,reading_est 58662; model saw 2; agree,,,0
day_fill,20260927-131042_dig6,20260927-131042,6,C:\Users\josep\source\repos\AIOTED-digital-rawdigits\20260927\13\2_main_dig6_20260927-131042.jpg,2,day,154.00,reading_est 59352; model saw 2; agree,,,0
day_fill,20260827-103741_dig6,20260827-103741,6,C:\Users\josep\source\repos\AIOTED-digital-rawdigits\20260827\10\2_main_dig6_20260827-103741.jpg,2,day,125.03,reading_est 58422; model saw 2; agree,,,0
day_fill,20260912-084827_dig6,20260912-084827,6,C:\Users\josep\source\repos\AIOTED-digital-rawdigits\20260912\08\2_main_dig6_20260912-084827.jpg,2,day,145.32,reading_est 59012; model saw 2; agree_soft,,,0
day_fill,20260904-143459_dig6,20260904-143459,6,C:\Users\josep\source\repos\AIOTED-digital-rawdigits\20260904\14\2_main_dig6_20260904-143459.jpg,2,day,148.06,reading_est 58742; model saw 2; agree_soft,,,0
day_fill,20260907-120723_dig6,20260907-120723,6,C:\Users\josep\source\repos\AIOTED-digital-rawdigits\20260907\12\2_main_dig6_20260907-120723.jpg,2,day,117.98,reading_est 58842; model saw 2; agree,,,0
day_fill,20260918-141731_dig6,20260918-141731,6,C:\Users\josep\source\repos\AIOTED-digital-rawdigits\20260918\14\2_main_dig6_20260918-141731.jpg,2,day,97.84,reading_est 59162; model saw 2; agree_soft,,,0
day_fill,20260830-110936_dig6,20260830-110936,6,C:\Users\josep\source\repos\AIOTED-digital-rawdigits\20260830\11\2_main_dig6_20260830-110936.jpg,2,day,137.02,reading_est 58522; model saw 2; agree_soft,,,0
day_fill,20260917-143732_dig6,20260917-143732,6,C:\Users\josep\source\repos\AIOTED-digital-rawdigits\20260917\14\2_main_dig6_20260917-143732.jpg,2,day,100.69,reading_est 59142; model saw 2; agree,,,0
day_fill,20260919-130529_dig6,20260919-130529,6,C:\Users\josep\source\repos\AIOTED-digital-rawdigits\20260919\13\2_main_dig6_20260919-130529.jpg,2,day,113.98,reading_est 59182; model saw 2; agree,,,0
day_fill,20260907-081923_dig6,20260907-081923,6,C:\Users\josep\source\repos\AIOTED-digital-rawdigits\20260907\08\5_main_dig6_20260907-081923.jpg,5,day,135.98,reading_est 58835; model saw 5; agree,,,0
day_fill,20260831-153333_dig6,20260831-153333,6,C:\Users\josep\source\repos\AIOTED-digital-rawdigits\20260831\15\5_main_dig6_20260831-153333.jpg,5,day,132.75,reading_est 58575; model saw 5; agree_soft,,,0
day_fill,20260908-171921_dig6,20260908-171921,6,C:\Users\josep\source\repos\AIOTED-digital-rawdigits\20260908\17\5_main_dig6_20260908-171921.jpg,5,day,103.84,reading_est 58885; model saw 5; agree,,,0
day_fill,20260819-104556_dig6,20260819-104556,6,C:\Users\josep\source\repos\AIOTED-digital-rawdigits\20260819\10\5_main_dig6_20260819-104556.jpg,5,day,138.09,reading_est 58145; model saw 5; agree,,,0
day_fill,20260820-155754_dig6,20260820-155754,6,C:\Users\josep\source\repos\AIOTED-digital-rawdigits\20260820\15\5_main_dig6_20260820-155754.jpg,5,day,129.75,reading_est 58195; model saw 5; agree,,,0
day_fill,20260904-120306_dig6,20260904-120306,6,C:\Users\josep\source\repos\AIOTED-digital-rawdigits\20260904\12\5_main_dig6_20260904-120306.jpg,5,day,147.15,reading_est 58735; model saw 5; agree_soft,,,0
day_fill,20260902-112309_dig6,20260902-112309,6,C:\Users\josep\source\repos\AIOTED-digital-rawdigits\20260902\11\5_main_dig6_20260902-112309.jpg,5,day,122.82,reading_est 58655; model saw 5; agree,,,0
day_fill,20260817-102600_dig6,20260817-102600,6,C:\Users\josep\source\repos\AIOTED-digital-rawdigits\20260817\10\5_main_dig6_20260817-102600.jpg,5,day,142.02,reading_est 58065; model saw 5; agree_soft,,,0
day_fill,20260823-154148_dig6,20260823-154148,6,C:\Users\josep\source\repos\AIOTED-digital-rawdigits\20260823\15\5_main_dig6_20260823-154148.jpg,5,day,136.75,reading_est 58295; model saw 5; agree_soft,,,0
day_fill,20260903-155907_dig6,20260903-155907,6,C:\Users\josep\source\repos\AIOTED-digital-rawdigits\20260903\15\5_main_dig6_20260903-155907.jpg,5,day,118.06,reading_est 58705; model saw 5; agree,,,0
day_fill,20260828-162139_dig6,20260828-162139,6,C:\Users\josep\source\repos\AIOTED-digital-rawdigits\20260828\16\5_main_dig6_20260828-162139.jpg,5,day,103.98,reading_est 58475; model saw 5; agree,,,0
day_fill,20260822-163750_dig6,20260822-163750,6,C:\Users\josep\source\repos\AIOTED-digital-rawdigits\20260822\16\5_main_dig6_20260822-163750.jpg,5,day,102.97,reading_est 58265; model saw 5; agree,,,0
day_fill,20260821-182952_dig6,20260821-182952,6,C:\Users\josep\source\repos\AIOTED-digital-rawdigits\20260821\18\5_main_dig6_20260821-182952.jpg,5,day,96.98,reading_est 58235; model saw 5; agree,,,0
day_fill,20260815-160603_dig6,20260815-160603,6,C:\Users\josep\source\repos\AIOTED-digital-rawdigits\20260815\16\5_main_dig6_20260815-160603.jpg,5,day,127.29,reading_est 58005; model saw 5; agree_soft,,,0
day_fill,20260824-153346_dig6,20260824-153346,6,C:\Users\josep\source\repos\AIOTED-digital-rawdigits\20260824\15\5_main_dig6_20260824-153346.jpg,5,day,128.75,reading_est 58325; model saw 5; agree,,,0
day_fill,20260827-115741_dig6,20260827-115741,6,C:\Users\josep\source\repos\AIOTED-digital-rawdigits\20260827\11\5_main_dig6_20260827-115741.jpg,5,day,141.02,reading_est 58425; model saw 5; agree,,,0
day_fill,20260826-135343_dig6,20260826-135343,6,C:\Users\josep\source\repos\AIOTED-digital-rawdigits\20260826\13\5_main_dig6_20260826-135343.jpg,5,day,130.05,reading_est 58395; model saw 5; agree_soft,,,0
day_fill,20260823-134148_dig6,20260823-134148,6,C:\Users\josep\source\repos\AIOTED-digital-rawdigits\20260823\13\0_main_dig6_20260823-134148.jpg,0,day,137.82,reading_est 58290; model saw 0; agree_soft,,,0
day_fill,20260915-121736_dig6,20260915-121736,6,C:\Users\josep\source\repos\AIOTED-digital-rawdigits\20260915\12\0_main_dig6_20260915-121736.jpg,0,day,154.00,reading_est 59090; model saw 0; agree_soft,,,0
day_fill,20260824-124547_dig6,20260824-124547,6,C:\Users\josep\source\repos\AIOTED-digital-rawdigits\20260824\12\0_main_dig6_20260824-124547.jpg,0,day,136.06,reading_est 58320; model saw 0; agree,,,0
day_fill,20260904-173459_dig6,20260904-173459,6,C:\Users\josep\source\repos\AIOTED-digital-rawdigits\20260904\17\0_main_dig6_20260904-173459.jpg,0,day,103.00,reading_est 58750; model saw 0; agree,,,0
day_fill,20260821-155352_dig6,20260821-155352,6,C:\Users\josep\source\repos\AIOTED-digital-rawdigits\20260821\15\0_main_dig6_20260821-155352.jpg,0,day,113.69,reading_est 58230; model saw 0; agree,,,0
day_fill,20260828-134939_dig6,20260828-134939,6,C:\Users\josep\source\repos\AIOTED-digital-rawdigits\20260828\13\0_main_dig6_20260828-134939.jpg,0,day,122.75,reading_est 58470; model saw 0; agree,,,0
day_fill,20260906-132325_dig6,20260906-132325,6,C:\Users\josep\source\repos\AIOTED-digital-rawdigits\20260906\13\0_main_dig6_20260906-132325.jpg,0,day,148.29,reading_est 58810; model saw 0; agree_soft,,,0
day_fill,20260918-122131_dig6,20260918-122131,6,C:\Users\josep\source\repos\AIOTED-digital-rawdigits\20260918\12\0_main_dig6_20260918-122131.jpg,0,day,106.88,reading_est 59160; model saw 0; agree_soft,,,0
day_fill,20260911-152028_dig6,20260911-152028,6,C:\Users\josep\source\repos\AIOTED-digital-rawdigits\20260911\15\0_main_dig6_20260911-152028.jpg,0,day,147.77,reading_est 58990; model saw 0; agree_soft,,,0
day_fill,20260913-154939_dig6,20260913-154939,6,C:\Users\josep\source\repos\AIOTED-digital-rawdigits\20260913\15\0_main_dig6_20260913-154939.jpg,0,day,139.30,reading_est 59050; model saw 0; agree_soft,,,0
day_fill,20260927-111843_dig6,20260927-111843,6,C:\Users\josep\source\repos\AIOTED-digital-rawdigits\20260927\11\0_main_dig6_20260927-111843.jpg,0,day,147.98,reading_est 59350; model saw 0; agree,,,0
day_fill,20260820-093754_dig6,20260820-093754,6,C:\Users\josep\source\repos\AIOTED-digital-rawdigits\20260820\09\0_main_dig6_20260820-093754.jpg,0,day,141.88,reading_est 58180; model saw 0; agree,,,0
day_fill,20260816-103402_dig6,20260816-103402,6,C:\Users\josep\source\repos\AIOTED-digital-rawdigits\20260816\10\0_main_dig6_20260816-103402.jpg,0,day,106.98,reading_est 58030; model saw 0; agree,,,0
day_fill,20260917-131732_dig6,20260917-131732,6,C:\Users\josep\source\repos\AIOTED-digital-rawdigits\20260917\13\0_main_dig6_20260917-131732.jpg,0,day,120.97,reading_est 59140; model saw 0; agree_soft,,,0
day_fill,20260908-141921_dig6,20260908-141921,6,C:\Users\josep\source\repos\AIOTED-digital-rawdigits\20260908\14\0_main_dig6_20260908-141921.jpg,0,day,129.00,reading_est 58880; model saw 0; agree_soft,,,0
day_fill,20260902-141509_dig6,20260902-141509,6,C:\Users\josep\source\repos\AIOTED-digital-rawdigits\20260902\14\0_main_dig6_20260902-141509.jpg,0,day,140.31,reading_est 58660; model saw 0; agree,,,0
day_fill,20260922-151324_dig6,20260922-151324,6,C:\Users\josep\source\repos\AIOTED-digital-rawdigits\20260922\15\0_main_dig6_20260922-151324.jpg,0,day,114.84,reading_est 59250; model saw 0; agree_soft,,,0
day_fill,20260822-144550_dig6,20260822-144550,6,C:\Users\josep\source\repos\AIOTED-digital-rawdigits\20260822\14\0_main_dig6_20260822-144550.jpg,0,day,138.75,reading_est 58260; model saw 0; agree_soft,,,0
day_fill,20260830-140935_dig6,20260830-140935,6,C:\Users\josep\source\repos\AIOTED-digital-rawdigits\20260830\14\0_main_dig6_20260830-140935.jpg,0,day,113.97,reading_est 58530; model saw 0; agree_soft,,,0
day_fill,20260914-133338_dig6,20260914-133338,6,C:\Users\josep\source\repos\AIOTED-digital-rawdigits\20260914\13\0_main_dig6_20260914-133338.jpg,0,day,150.02,reading_est 59070; model saw 0; agree_soft,,,0
day_fill,20260817-072600_dig6,20260817-072600,6,C:\Users\josep\source\repos\AIOTED-digital-rawdigits\20260817\07\0_main_dig6_20260817-072600.jpg,0,day,97.97,reading_est 58060; model saw 0; agree_soft,,,0
day_fill,20260831-094534_dig6,20260831-094534,6,C:\Users\josep\source\repos\AIOTED-digital-rawdigits\20260831\09\0_main_dig6_20260831-094534.jpg,0,day,142.05,reading_est 58560; model saw 0; agree,,,0
day_fill,20260928-115441_dig6,20260928-115441,6,C:\Users\josep\source\repos\AIOTED-digital-rawdigits\20260928\11\0_main_dig6_20260928-115441.jpg,0,day,140.25,reading_est 59370; model saw 0; agree_soft,,,0
day_fill,20260925-115417_dig6,20260925-115417,6,C:\Users\josep\source\repos\AIOTED-digital-rawdigits\20260925\11\0_main_dig6_20260925-115417.jpg,0,day,152.95,reading_est 59310; model saw 0; agree_soft,,,0
day_fill,20260920-101728_dig6,20260920-101728,6,C:\Users\josep\source\repos\AIOTED-digital-rawdigits\20260920\10\0_main_dig6_20260920-101728.jpg,0,day,109.29,reading_est 59200; model saw 0; agree_soft,,,0
day_fill,20260921-085326_dig6,20260921-085326,6,C:\Users\josep\source\repos\AIOTED-digital-rawdigits\20260921\08\0_main_dig6_20260921-085326.jpg,0,day,130.98,reading_est 59220; model saw 0; agree_soft,,,0
day_fill,20260924-143019_dig6,20260924-143019,6,C:\Users\josep\source\repos\AIOTED-digital-rawdigits\20260924\14\0_main_dig6_20260924-143019.jpg,0,day,141.98,reading_est 59290; model saw 0; agree_soft,,,0
day_fill,20260815-135803_dig6,20260815-135803,6,C:\Users\josep\source\repos\AIOTED-digital-rawdigits\20260815\13\0_main_dig6_20260815-135803.jpg,0,day,136.99,reading_est 58000; model saw 0; agree_soft,,,0
day_fill,20260829-121737_dig6,20260829-121737,6,C:\Users\josep\source\repos\AIOTED-digital-rawdigits\20260829\12\0_main_dig6_20260829-121737.jpg,0,day,100.98,reading_est 58500; model saw 0; agree,,,0
day_fill,20260919-113329_dig6,20260919-113329,6,C:\Users\josep\source\repos\AIOTED-digital-rawdigits\20260919\11\0_main_dig6_20260919-113329.jpg,0,day,100.81,reading_est 59180; model saw 0; agree_soft,,,0
day_fill,20260827-085740_dig6,20260827-085740,6,C:\Users\josep\source\repos\AIOTED-digital-rawdigits\20260827\08\0_main_dig6_20260827-085740.jpg,0,day,135.06,reading_est 58420; model saw 0; agree,,,0
day_fill,20260819-163356_dig6,20260819-163356,6,C:\Users\josep\source\repos\AIOTED-digital-rawdigits\20260819\16\0_main_dig6_20260819-163356.jpg,0,day,97.97,reading_est 58160; model saw 0; agree,,,0
day_fill,20260903-135907_dig6,20260903-135907,6,C:\Users\josep\source\repos\AIOTED-digital-rawdigits\20260903\13\0_main_dig6_20260903-135907.jpg,0,day,115.26,reading_est 58700; model saw 0; agree_soft,,,0
day_fill,20260910-125201_dig6,20260910-125201,6,C:\Users\josep\source\repos\AIOTED-digital-rawdigits\20260910\12\0_main_dig6_20260910-125201.jpg,0,day,155.77,reading_est 58950; model saw 0; agree_soft,,,0
day_fill,20260912-134827_dig6,20260912-134827,6,C:\Users\josep\source\repos\AIOTED-digital-rawdigits\20260912\13\0_main_dig6_20260912-134827.jpg,0,day,100.97,reading_est 59020; model saw 0; agree_soft,,,0
day_fill,20260907-113523_dig6,20260907-113523,6,C:\Users\josep\source\repos\AIOTED-digital-rawdigits\20260907\11\0_main_dig6_20260907-113523.jpg,0,day,144.00,reading_est 58840; model saw 0; agree_soft,,,0
day_fill,20260826-155342_dig6,20260826-155342,6,C:\Users\josep\source\repos\AIOTED-digital-rawdigits\20260826\15\0_main_dig6_20260826-155342.jpg,0,day,131.29,reading_est 58400; model saw 0; agree,,,0
day_fill,20260823-132948_dig6,20260823-132948,6,C:\Users\josep\source\repos\AIOTED-digital-rawdigits\20260823\13\0_main_dig6_20260823-132948.jpg,0,day,139.10,reading_est 58290; model saw 0; agree,,,0
day_fill,20260915-120936_dig6,20260915-120936,6,C:\Users\josep\source\repos\AIOTED-digital-rawdigits\20260915\12\0_main_dig6_20260915-120936.jpg,0,day,149.29,reading_est 59090; model saw 0; agree_soft,,,0
day_fill,20260824-125346_dig6,20260824-125346,6,C:\Users\josep\source\repos\AIOTED-digital-rawdigits\20260824\12\0_main_dig6_20260824-125346.jpg,0,day,135.21,reading_est 58320; model saw 0; agree,,,0
day_fill,20260904-134659_dig6,20260904-134659,6,C:\Users\josep\source\repos\AIOTED-digital-rawdigits\20260904\13\0_main_dig6_20260904-134659.jpg,0,day,147.00,reading_est 58740; model saw 0; agree,,,0
day_fill,20260821-154952_dig6,20260821-154952,6,C:\Users\josep\source\repos\AIOTED-digital-rawdigits\20260821\15\0_main_dig6_20260821-154952.jpg,0,day,131.06,reading_est 58230; model saw 0; agree,,,0
day_fill,20260828-102139_dig6,20260828-102139,6,C:\Users\josep\source\repos\AIOTED-digital-rawdigits\20260828\10\0_main_dig6_20260828-102139.jpg,0,day,128.06,reading_est 58460; model saw 0; agree,,,0
day_fill,20260906-131125_dig6,20260906-131125,6,C:\Users\josep\source\repos\AIOTED-digital-rawdigits\20260906\13\0_main_dig6_20260906-131125.jpg,0,day,153.69,reading_est 58810; model saw 0; agree,,,0
day_fill,20260918-114931_dig6,20260918-114931,6,C:\Users\josep\source\repos\AIOTED-digital-rawdigits\20260918\11\0_main_dig6_20260918-114931.jpg,0,day,106.29,reading_est 59160; model saw 0; agree_soft,,,0
day_fill,20260911-111229_dig6,20260911-111229,6,C:\Users\josep\source\repos\AIOTED-digital-rawdigits\20260911\11\0_main_dig6_20260911-111229.jpg,0,day,143.29,reading_est 58980; model saw 0; agree_soft,,,0
day_fill,20260913-155740_dig6,20260913-155740,6,C:\Users\josep\source\repos\AIOTED-digital-rawdigits\20260913\15\0_main_dig6_20260913-155740.jpg,0,day,97.99,reading_est 59050; model saw 0; agree_soft,,,0
day_fill,20260927-113843_dig6,20260927-113843,6,C:\Users\josep\source\repos\AIOTED-digital-rawdigits\20260927\11\0_main_dig6_20260927-113843.jpg,0,day,145.98,reading_est 59350; model saw 0; agree,,,0
day_fill,20260820-141754_dig6,20260820-141754,6,C:\Users\josep\source\repos\AIOTED-digital-rawdigits\20260820\14\0_main_dig6_20260820-141754.jpg,0,day,137.75,reading_est 58190; model saw 0; agree_soft,,,0
day_fill,20260816-102202_dig6,20260816-102202,6,C:\Users\josep\source\repos\AIOTED-digital-rawdigits\20260816\10\0_main_dig6_20260816-102202.jpg,0,day,113.06,reading_est 58030; model saw 0; agree,,,0
day_fill,20260917-124532_dig6,20260917-124532,6,C:\Users\josep\source\repos\AIOTED-digital-rawdigits\20260917\12\0_main_dig6_20260917-124532.jpg,0,day,105.97,reading_est 59140; model saw 0; agree_soft,,,0
day_fill,20260908-145121_dig6,20260908-145121,6,C:\Users\josep\source\repos\AIOTED-digital-rawdigits\20260908\14\0_main_dig6_20260908-145121.jpg,0,day,104.98,reading_est 58880; model saw 0; agree_soft,,,0
day_fill,20260902-142309_dig6,20260902-142309,6,C:\Users\josep\source\repos\AIOTED-digital-rawdigits\20260902\14\0_main_dig6_20260902-142309.jpg,0,day,134.74,reading_est 58660; model saw 0; agree_soft,,,0
day_fill,20260922-152524_dig6,20260922-152524,6,C:\Users\josep\source\repos\AIOTED-digital-rawdigits\20260922\15\0_main_dig6_20260922-152524.jpg,0,day,148.21,reading_est 59250; model saw 0; agree_soft,,,0
day_fill,20260822-101750_dig6,20260822-101750,6,C:\Users\josep\source\repos\AIOTED-digital-rawdigits\20260822\10\0_main_dig6_20260822-101750.jpg,0,day,136.79,reading_est 58250; model saw 0; agree,,,0
day_fill,20260830-092936_dig6,20260830-092936,6,C:\Users\josep\source\repos\AIOTED-digital-rawdigits\20260830\09\0_main_dig6_20260830-092936.jpg,0,day,142.29,reading_est 58520; model saw 0; agree,,,0
day_fill,20260905-084258_dig6,20260905-084258,6,C:\Users\josep\source\repos\AIOTED-digital-rawdigits\20260905\08\1_main_dig6_20260905-084258.jpg,1,day,96.97,reading_est 58771; model saw 1; agree_soft,,,0
day_fill,20260919-125329_dig6,20260919-125329,6,C:\Users\josep\source\repos\AIOTED-digital-rawdigits\20260919\12\1_main_dig6_20260919-125329.jpg,1,day,110.69,reading_est 59181; model saw 1; agree_soft,,,0
day_fill,20260831-101334_dig6,20260831-101334,6,C:\Users\josep\source\repos\AIOTED-digital-rawdigits\20260831\10\1_main_dig6_20260831-101334.jpg,1,day,138.79,reading_est 58561; model saw 1; agree,,,0
day_fill,20260820-101754_dig6,20260820-101754,6,C:\Users\josep\source\repos\AIOTED-digital-rawdigits\20260820\10\1_main_dig6_20260820-101754.jpg,1,day,140.79,reading_est 58181; model saw 1; agree,,,0
day_fill,20260918-132131_dig6,20260918-132131,6,C:\Users\josep\source\repos\AIOTED-digital-rawdigits\20260918\13\1_main_dig6_20260918-132131.jpg,1,day,106.98,reading_est 59161; model saw 1; agree_soft,,,0
day_fill,20260819-081356_dig6,20260819-081356,6,C:\Users\josep\source\repos\AIOTED-digital-rawdigits\20260819\08\1_main_dig6_20260819-081356.jpg,1,day,131.69,reading_est 58141; model saw 1; agree,,,0
day_fill,20260830-102136_dig6,20260830-102136,6,C:\Users\josep\source\repos\AIOTED-digital-rawdigits\20260830\10\1_main_dig6_20260830-102136.jpg,1,day,131.13,reading_est 58521; model saw 1; agree,,,0
day_fill,20260924-162619_dig6,20260924-162619,6,C:\Users\josep\source\repos\AIOTED-digital-rawdigits\20260924\16\1_main_dig6_20260924-162619.jpg,1,day,96.12,reading_est 59291; model saw 1; agree_soft,,,0
day_fill,20260823-074149_dig6,20260823-074149,6,C:\Users\josep\source\repos\AIOTED-digital-rawdigits\20260823\07\1_main_dig6_20260823-074149.jpg,1,day,100.69,reading_est 58281; model saw 1; agree,,,0
day_fill,20260915-130936_dig6,20260915-130936,6,C:\Users\josep\source\repos\AIOTED-digital-rawdigits\20260915\13\1_main_dig6_20260915-130936.jpg,1,day,121.21,reading_est 59091; model saw 1; agree,,,0
day_fill,20260822-145750_dig6,20260822-145750,6,C:\Users\josep\source\repos\AIOTED-digital-rawdigits\20260822\14\1_main_dig6_20260822-145750.jpg,1,day,139.80,reading_est 58261; model saw 1; agree,,,0
day_fill,20260827-094941_dig6,20260827-094941,6,C:\Users\josep\source\repos\AIOTED-digital-rawdigits\20260827\09\1_main_dig6_20260827-094941.jpg,1,day,140.00,reading_est 58421; model saw 1; agree,,,0
day_fill,20260920-103728_dig6,20260920-103728,6,C:\Users\josep\source\repos\AIOTED-digital-rawdigits\20260920\10\1_main_dig6_20260920-103728.jpg,1,day,107.97,reading_est 59201; model saw 1; agree,,,0
day_fill,20260826-161342_dig6,20260826-161342,6,C:\Users\josep\source\repos\AIOTED-digital-rawdigits\20260826\16\1_main_dig6_20260826-161342.jpg,1,day,122.13,reading_est 58401; model saw 1; agree,,,0
day_fill,20260926-112615_dig6,20260926-112615,6,C:\Users\josep\source\repos\AIOTED-digital-rawdigits\20260926\11\1_main_dig6_20260926-112615.jpg,1,day,155.06,reading_est 59331; model saw 1; agree,,,0
day_fill,20260904-141459_dig6,20260904-141459,6,C:\Users\josep\source\repos\AIOTED-digital-rawdigits\20260904\14\1_main_dig6_20260904-141459.jpg,1,day,154.84,reading_est 58741; model saw 1; agree_soft,,,0
day_fill,20260914-150138_dig6,20260914-150138,6,C:\Users\josep\source\repos\AIOTED-digital-rawdigits\20260914\15\1_main_dig6_20260914-150138.jpg,1,day,107.98,reading_est 59071; model saw 1; agree_soft,,,0
day_fill,20260903-141907_dig6,20260903-141907,6,C:\Users\josep\source\repos\AIOTED-digital-rawdigits\20260903\14\1_main_dig6_20260903-141907.jpg,1,day,105.26,reading_est 58701; model saw 1; agree_soft,,,0
day_fill,20260911-113229_dig6,20260911-113229,6,C:\Users\josep\source\repos\AIOTED-digital-rawdigits\20260911\11\1_main_dig6_20260911-113229.jpg,1,day,145.19,reading_est 58981; model saw 1; agree,,,0
day_fill,20260815-140603_dig6,20260815-140603,6,C:\Users\josep\source\repos\AIOTED-digital-rawdigits\20260815\14\1_main_dig6_20260815-140603.jpg,1,day,122.98,reading_est 58001; model saw 1; agree,,,0
day_fill,20260908-151921_dig6,20260908-151921,6,C:\Users\josep\source\repos\AIOTED-digital-rawdigits\20260908\15\1_main_dig6_20260908-151921.jpg,1,day,101.19,reading_est 58881; model saw 1; agree,,,0
day_fill,20260902-144309_dig6,20260902-144309,6,C:\Users\josep\source\repos\AIOTED-digital-rawdigits\20260902\14\1_main_dig6_20260902-144309.jpg,1,day,137.98,reading_est 58661; model saw 1; agree_soft,,,0
day_fill,20260927-121043_dig6,20260927-121043,6,C:\Users\josep\source\repos\AIOTED-digital-rawdigits\20260927\12\1_main_dig6_20260927-121043.jpg,1,day,147.15,reading_est 59351; model saw 1; agree,,,0
day_fill,20260925-125417_dig6,20260925-125417,6,C:\Users\josep\source\repos\AIOTED-digital-rawdigits\20260925\12\1_main_dig6_20260925-125417.jpg,1,day,143.00,reading_est 59311; model saw 1; agree,,,0
day_fill,20260828-144939_dig6,20260828-144939,6,C:\Users\josep\source\repos\AIOTED-digital-rawdigits\20260828\14\1_main_dig6_20260828-144939.jpg,1,day,100.97,reading_est 58471; model saw 1; agree,,,0
day_fill,20260921-093326_dig6,20260921-093326,6,C:\Users\josep\source\repos\AIOTED-digital-rawdigits\20260921\09\1_main_dig6_20260921-093326.jpg,1,day,117.14,reading_est 59221; model saw 1; agree,,,0
day_fill,20260928-122241_dig6,20260928-122241,6,C:\Users\josep\source\repos\AIOTED-digital-rawdigits\20260928\12\1_main_dig6_20260928-122241.jpg,1,day,151.15,reading_est 59371; model saw 1; agree,,,0
day_fill,20260906-134325_dig6,20260906-134325,6,C:\Users\josep\source\repos\AIOTED-digital-rawdigits\20260906\13\1_main_dig6_20260906-134325.jpg,1,day,152.98,reading_est 58811; model saw 1; agree,,,0
day_fill,20260907-154723_dig6,20260907-154723,6,C:\Users\josep\source\repos\AIOTED-digital-rawdigits\20260907\15\1_main_dig6_20260907-154723.jpg,1,day,127.97,reading_est 58851; model saw 1; agree,,,0
day_fill,20260922-163323_dig6,20260922-163323,6,C:\Users\josep\source\repos\AIOTED-digital-rawdigits\20260922\16\1_main_dig6_20260922-163323.jpg,1,day,100.19,reading_est 59251; model saw 1; agree,,,0
day_fill,20260817-075800_dig6,20260817-075800,6,C:\Users\josep\source\repos\AIOTED-digital-rawdigits\20260817\07\1_main_dig6_20260817-075800.jpg,1,day,118.06,reading_est 58061; model saw 1; agree,,,0
day_fill,20260829-130537_dig6,20260829-130537,6,C:\Users\josep\source\repos\AIOTED-digital-rawdigits\20260829\13\1_main_dig6_20260829-130537.jpg,1,day,101.69,reading_est 58501; model saw 1; agree,,,0
day_fill,20260910-135201_dig6,20260910-135201,6,C:\Users\josep\source\repos\AIOTED-digital-rawdigits\20260910\13\1_main_dig6_20260910-135201.jpg,1,day,151.77,reading_est 58951; model saw 1; agree_soft,,,0
day_fill,20260821-160952_dig6,20260821-160952,6,C:\Users\josep\source\repos\AIOTED-digital-rawdigits\20260821\16\1_main_dig6_20260821-160952.jpg,1,day,113.02,reading_est 58231; model saw 1; agree,,,0
day_fill,20260917-141732_dig6,20260917-141732,6,C:\Users\josep\source\repos\AIOTED-digital-rawdigits\20260917\14\1_main_dig6_20260917-141732.jpg,1,day,107.00,reading_est 59141; model saw 1; agree_soft,,,0
day_fill,20260816-110202_dig6,20260816-110202,6,C:\Users\josep\source\repos\AIOTED-digital-rawdigits\20260816\11\1_main_dig6_20260816-110202.jpg,1,day,130.06,reading_est 58031; model saw 1; agree,,,0
day_fill,20260824-132546_dig6,20260824-132546,6,C:\Users\josep\source\repos\AIOTED-digital-rawdigits\20260824\13\1_main_dig6_20260824-132546.jpg,1,day,141.83,reading_est 58321; model saw 1; agree,,,0
day_fill,20260919-121329_dig6,20260919-121329,6,C:\Users\josep\source\repos\AIOTED-digital-rawdigits\20260919\12\1_main_dig6_20260919-121329.jpg,1,day,104.29,reading_est 59181; model saw 1; agree,,,0
day_fill,20260831-135334_dig6,20260831-135334,6,C:\Users\josep\source\repos\AIOTED-digital-rawdigits\20260831\13\1_main_dig6_20260831-135334.jpg,1,day,135.02,reading_est 58571; model saw 1; agree,,,0
day_fill,20260820-142954_dig6,20260820-142954,6,C:\Users\josep\source\repos\AIOTED-digital-rawdigits\20260820\14\1_main_dig6_20260820-142954.jpg,1,day,137.10,reading_est 58191; model saw 1; agree,,,0
day_fill,20260918-130931_dig6,20260918-130931,6,C:\Users\josep\source\repos\AIOTED-digital-rawdigits\20260918\13\1_main_dig6_20260918-130931.jpg,1,day,110.97,reading_est 59161; model saw 1; agree,,,0
day_fill,20260819-082556_dig6,20260819-082556,6,C:\Users\josep\source\repos\AIOTED-digital-rawdigits\20260819\08\1_main_dig6_20260819-082556.jpg,1,day,133.98,reading_est 58141; model saw 1; agree,,,0
day_fill,20260830-100936_dig6,20260830-100936,6,C:\Users\josep\source\repos\AIOTED-digital-rawdigits\20260830\10\1_main_dig6_20260830-100936.jpg,1,day,142.02,reading_est 58521; model saw 1; agree,,,0
day_fill,20260924-153818_dig6,20260924-153818,6,C:\Users\josep\source\repos\AIOTED-digital-rawdigits\20260924\15\1_main_dig6_20260924-153818.jpg,1,day,128.20,reading_est 59291; model saw 1; agree,,,0
day_fill,20260823-072149_dig6,20260823-072149,6,C:\Users\josep\source\repos\AIOTED-digital-rawdigits\20260823\07\1_main_dig6_20260823-072149.jpg,1,day,101.86,reading_est 58281; model saw 1; agree,,,0
day_fill,20260915-131736_dig6,20260915-131736,6,C:\Users\josep\source\repos\AIOTED-digital-rawdigits\20260915\13\1_main_dig6_20260915-131736.jpg,1,day,123.74,reading_est 59091; model saw 1; agree,,,0
day_fill,20260822-150550_dig6,20260822-150550,6,C:\Users\josep\source\repos\AIOTED-digital-rawdigits\20260822\15\1_main_dig6_20260822-150550.jpg,1,day,140.11,reading_est 58261; model saw 1; agree_soft,,,0
day_fill,20260827-095741_dig6,20260827-095741,6,C:\Users\josep\source\repos\AIOTED-digital-rawdigits\20260827\09\1_main_dig6_20260827-095741.jpg,1,day,141.69,reading_est 58421; model saw 1; agree,,,0
day_fill,20260920-105728_dig6,20260920-105728,6,C:\Users\josep\source\repos\AIOTED-digital-rawdigits\20260920\10\1_main_dig6_20260920-105728.jpg,1,day,146.69,reading_est 59201; model saw 1; agree,,,0
day_fill,20260826-114543_dig6,20260826-114543,6,C:\Users\josep\source\repos\AIOTED-digital-rawdigits\20260826\11\1_main_dig6_20260826-114543.jpg,1,day,138.15,reading_est 58391; model saw 1; agree,,,0
day_fill,20260926-111815_dig6,20260926-111815,6,C:\Users\josep\source\repos\AIOTED-digital-rawdigits\20260926\11\1_main_dig6_20260926-111815.jpg,1,day,148.83,reading_est 59331; model saw 1; agree,,,0
day_fill,20260904-140659_dig6,20260904-140659,6,C:\Users\josep\source\repos\AIOTED-digital-rawdigits\20260904\14\1_main_dig6_20260904-140659.jpg,1,day,157.77,reading_est 58741; model saw 1; agree,,,0
day_fill,20260914-141338_dig6,20260914-141338,6,C:\Users\josep\source\repos\AIOTED-digital-rawdigits\20260914\14\1_main_dig6_20260914-141338.jpg,1,day,120.29,reading_est 59071; model saw 1; agree,,,0
day_fill,20260912-095627_dig6,20260912-095627,6,C:\Users\josep\source\repos\AIOTED-digital-rawdigits\20260912\09\4_main_dig6_20260912-095627.jpg,4,day,120.25,reading_est 59014; model saw 4; agree_soft,,,0
day_fill,20260830-114136_dig6,20260830-114136,6,C:\Users\josep\source\repos\AIOTED-digital-rawdigits\20260830\11\4_main_dig6_20260830-114136.jpg,4,day,138.15,reading_est 58524; model saw 4; agree,,,0
day_fill,20260826-131343_dig6,20260826-131343,6,C:\Users\josep\source\repos\AIOTED-digital-rawdigits\20260826\13\4_main_dig6_20260826-131343.jpg,4,day,128.99,reading_est 58394; model saw 4; agree,,,0
day_fill,20260924-100149_dig6,20260924-100149,6,C:\Users\josep\source\repos\AIOTED-digital-rawdigits\20260924\10\4_main_dig6_20260924-100149.jpg,4,day,149.25,reading_est 59284; model saw 4; agree_soft,,,0
day_fill,20260914-084538_dig6,20260914-084538,6,C:\Users\josep\source\repos\AIOTED-digital-rawdigits\20260914\08\4_main_dig6_20260914-084538.jpg,4,day,146.59,reading_est 59064; model saw 4; agree_soft,,,0
day_fill,20260919-145329_dig6,20260919-145329,6,C:\Users\josep\source\repos\AIOTED-digital-rawdigits\20260919\14\4_main_dig6_20260919-145329.jpg,4,day,97.22,reading_est 59184; model saw 4; agree_soft,,,0
day_fill,20260911-130428_dig6,20260911-130428,6,C:\Users\josep\source\repos\AIOTED-digital-rawdigits\20260911\13\4_main_dig6_20260911-130428.jpg,4,day,151.13,reading_est 58984; model saw 4; agree_soft,,,0
day_fill,20260915-151736_dig6,20260915-151736,6,C:\Users\josep\source\repos\AIOTED-digital-rawdigits\20260915\15\4_main_dig6_20260915-151736.jpg,4,day,115.20,reading_est 59094; model saw 4; agree_soft,,,0
day_fill,20260922-102524_dig6,20260922-102524,6,C:\Users\josep\source\repos\AIOTED-digital-rawdigits\20260922\10\4_main_dig6_20260922-102524.jpg,4,day,112.88,reading_est 59244; model saw 4; agree_soft,,,0
day_fill,20260817-142600_dig6,20260817-142600,6,C:\Users\josep\source\repos\AIOTED-digital-rawdigits\20260817\14\4_main_dig6_20260817-142600.jpg,4,day,138.21,reading_est 58074; model saw 4; agree,,,0
day_fill,20260905-101058_dig6,20260905-101058,6,C:\Users\josep\source\repos\AIOTED-digital-rawdigits\20260905\10\4_main_dig6_20260905-101058.jpg,4,day,109.19,reading_est 58774; model saw 4; agree,,,0
day_fill,20260815-150603_dig6,20260815-150603,6,C:\Users\josep\source\repos\AIOTED-digital-rawdigits\20260815\15\4_main_dig6_20260815-150603.jpg,4,day,138.29,reading_est 58004; model saw 4; agree,,,0
day_fill,20260906-145925_dig6,20260906-145925,6,C:\Users\josep\source\repos\AIOTED-digital-rawdigits\20260906\14\4_main_dig6_20260906-145925.jpg,4,day,152.29,reading_est 58814; model saw 4; agree,,,0
day_fill,20260828-121339_dig6,20260828-121339,6,C:\Users\josep\source\repos\AIOTED-digital-rawdigits\20260828\12\4_main_dig6_20260828-121339.jpg,4,day,138.15,reading_est 58464; model saw 4; agree,,,0
day_fill,20260927-154642_dig6,20260927-154642,6,C:\Users\josep\source\repos\AIOTED-digital-rawdigits\20260927\15\4_main_dig6_20260927-154642.jpg,4,day,112.20,reading_est 59354; model saw 4; agree_soft,,,0
day_fill,20260926-144615_dig6,20260926-144615,6,C:\Users\josep\source\repos\AIOTED-digital-rawdigits\20260926\14\4_main_dig6_20260926-144615.jpg,4,day,132.99,reading_est 59334; model saw 4; agree_soft,,,0
day_fill,20260925-152217_dig6,20260925-152217,6,C:\Users\josep\source\repos\AIOTED-digital-rawdigits\20260925\15\4_main_dig6_20260925-152217.jpg,4,day,157.00,reading_est 59314; model saw 4; agree_soft,,,0
day_fill,20260910-081118_dig6,20260910-081118,6,C:\Users\josep\source\repos\AIOTED-digital-rawdigits\20260910\08\4_main_dig6_20260910-081118.jpg,4,day,133.98,reading_est 58944; model saw 4; agree_soft,,,0
day_fill,20260823-150948_dig6,20260823-150948,6,C:\Users\josep\source\repos\AIOTED-digital-rawdigits\20260823\15\4_main_dig6_20260823-150948.jpg,4,day,135.11,reading_est 58294; model saw 4; agree,,,0
day_fill,20260821-125352_dig6,20260821-125352,6,C:\Users\josep\source\repos\AIOTED-digital-rawdigits\20260821\12\4_main_dig6_20260821-125352.jpg,4,day,127.69,reading_est 58224; model saw 4; agree_soft,,,0
day_fill,20260921-115326_dig6,20260921-115326,6,C:\Users\josep\source\repos\AIOTED-digital-rawdigits\20260921\11\4_main_dig6_20260921-115326.jpg,4,day,137.21,reading_est 59224; model saw 4; agree_soft,,,0
day_fill,20260928-152240_dig6,20260928-152240,6,C:\Users\josep\source\repos\AIOTED-digital-rawdigits\20260928\15\4_main_dig6_20260928-152240.jpg,4,day,155.06,reading_est 59374; model saw 4; agree_soft,,,0
day_fill,20260822-115750_dig6,20260822-115750,6,C:\Users\josep\source\repos\AIOTED-digital-rawdigits\20260822\11\4_main_dig6_20260822-115750.jpg,4,day,139.02,reading_est 58254; model saw 4; agree,,,0
day_fill,20260820-152954_dig6,20260820-152954,6,C:\Users\josep\source\repos\AIOTED-digital-rawdigits\20260820\15\4_main_dig6_20260820-152954.jpg,4,day,134.74,reading_est 58194; model saw 4; agree,,,0
day_fill,20260908-171121_dig6,20260908-171121,6,C:\Users\josep\source\repos\AIOTED-digital-rawdigits\20260908\17\4_main_dig6_20260908-171121.jpg,4,day,101.97,reading_est 58884; model saw 4; agree_soft,,,0
day_fill,20260903-151907_dig6,20260903-151907,6,C:\Users\josep\source\repos\AIOTED-digital-rawdigits\20260903\15\4_main_dig6_20260903-151907.jpg,4,day,110.97,reading_est 58704; model saw 4; agree,,,0
day_fill,20260819-103356_dig6,20260819-103356,6,C:\Users\josep\source\repos\AIOTED-digital-rawdigits\20260819\10\4_main_dig6_20260819-103356.jpg,4,day,130.00,reading_est 58144; model saw 4; agree_soft,,,0
day_fill,20260904-151459_dig6,20260904-151459,6,C:\Users\josep\source\repos\AIOTED-digital-rawdigits\20260904\15\4_main_dig6_20260904-151459.jpg,4,day,146.29,reading_est 58744; model saw 4; agree_soft,,,0
day_fill,20260831-150533_dig6,20260831-150533,6,C:\Users\josep\source\repos\AIOTED-digital-rawdigits\20260831\15\4_main_dig6_20260831-150533.jpg,4,day,111.31,reading_est 58574; model saw 4; agree,,,0
day_fill,20260816-124202_dig6,20260816-124202,6,C:\Users\josep\source\repos\AIOTED-digital-rawdigits\20260816\12\4_main_dig6_20260816-124202.jpg,4,day,130.83,reading_est 58034; model saw 4; agree,,,0
day_fill,20260907-125523_dig6,20260907-125523,6,C:\Users\josep\source\repos\AIOTED-digital-rawdigits\20260907\12\4_main_dig6_20260907-125523.jpg,4,day,139.02,reading_est 58844; model saw 4; agree_soft,,,0
day_fill,20260920-141727_dig6,20260920-141727,6,C:\Users\josep\source\repos\AIOTED-digital-rawdigits\20260920\14\4_main_dig6_20260920-141727.jpg,4,day,110.97,reading_est 59204; model saw 4; agree_soft,,,0
day_fill,20260824-145346_dig6,20260824-145346,6,C:\Users\josep\source\repos\AIOTED-digital-rawdigits\20260824\14\4_main_dig6_20260824-145346.jpg,4,day,127.75,reading_est 58324; model saw 4; agree,,,0
day_fill,20260827-112941_dig6,20260827-112941,6,C:\Users\josep\source\repos\AIOTED-digital-rawdigits\20260827\11\4_main_dig6_20260827-112941.jpg,4,day,120.31,reading_est 58424; model saw 4; agree,,,0
day_fill,20260913-100140_dig6,20260913-100140,6,C:\Users\josep\source\repos\AIOTED-digital-rawdigits\20260913\10\4_main_dig6_20260913-100140.jpg,4,day,100.98,reading_est 59044; model saw 4; agree_soft,,,0
day_fill,20260902-110309_dig6,20260902-110309,6,C:\Users\josep\source\repos\AIOTED-digital-rawdigits\20260902\11\4_main_dig6_20260902-110309.jpg,4,day,142.15,reading_est 58654; model saw 4; agree,,,0
day_fill,20260912-094827_dig6,20260912-094827,6,C:\Users\josep\source\repos\AIOTED-digital-rawdigits\20260912\09\4_main_dig6_20260912-094827.jpg,4,day,149.20,reading_est 59014; model saw 4; agree_soft,,,0
day_fill,20260830-154935_dig6,20260830-154935,6,C:\Users\josep\source\repos\AIOTED-digital-rawdigits\20260830\15\4_main_dig6_20260830-154935.jpg,4,day,124.31,reading_est 58534; model saw 4; agree_soft,,,0
day_fill,20260826-133343_dig6,20260826-133343,6,C:\Users\josep\source\repos\AIOTED-digital-rawdigits\20260826\13\4_main_dig6_20260826-133343.jpg,4,day,136.99,reading_est 58394; model saw 4; agree_soft,,,0
day_fill,20260924-093350_dig6,20260924-093350,6,C:\Users\josep\source\repos\AIOTED-digital-rawdigits\20260924\09\4_main_dig6_20260924-093350.jpg,4,day,157.29,reading_est 59284; model saw 4; agree_soft,,,0
day_fill,20260914-085338_dig6,20260914-085338,6,C:\Users\josep\source\repos\AIOTED-digital-rawdigits\20260914\08\4_main_dig6_20260914-085338.jpg,4,day,149.38,reading_est 59064; model saw 4; agree_soft,,,0
day_fill,20260911-125228_dig6,20260911-125228,6,C:\Users\josep\source\repos\AIOTED-digital-rawdigits\20260911\12\4_main_dig6_20260911-125228.jpg,4,day,153.06,reading_est 58984; model saw 4; agree_soft,,,0
day_fill,20260915-152536_dig6,20260915-152536,6,C:\Users\josep\source\repos\AIOTED-digital-rawdigits\20260915\15\4_main_dig6_20260915-152536.jpg,4,day,134.00,reading_est 59094; model saw 4; agree_soft,,,0
day_fill,20260922-101724_dig6,20260922-101724,6,C:\Users\josep\source\repos\AIOTED-digital-rawdigits\20260922\10\4_main_dig6_20260922-101724.jpg,4,day,153.69,reading_est 59244; model saw 4; agree_soft,,,0
day_fill,20260817-100600_dig6,20260817-100600,6,C:\Users\josep\source\repos\AIOTED-digital-rawdigits\20260817\10\4_main_dig6_20260817-100600.jpg,4,day,126.31,reading_est 58064; model saw 4; agree_soft,,,0
day_fill,20260905-102258_dig6,20260905-102258,6,C:\Users\josep\source\repos\AIOTED-digital-rawdigits\20260905\10\4_main_dig6_20260905-102258.jpg,4,day,108.98,reading_est 58774; model saw 4; agree_soft,,,0
day_fill,20260815-100604_dig6,20260815-100604,6,C:\Users\josep\source\repos\AIOTED-digital-rawdigits\20260815\10\4_main_dig6_20260815-100604.jpg,4,day,104.69,reading_est 57994; model saw 4; agree,,,0
day_fill,20260906-095456_dig6,20260906-095456,6,C:\Users\josep\source\repos\AIOTED-digital-rawdigits\20260906\09\4_main_dig6_20260906-095456.jpg,4,day,143.12,reading_est 58804; model saw 4; agree,,,0
day_fill,20260828-154939_dig6,20260828-154939,6,C:\Users\josep\source\repos\AIOTED-digital-rawdigits\20260828\15\4_main_dig6_20260828-154939.jpg,4,day,96.97,reading_est 58474; model saw 4; agree,,,0
day_fill,20260927-153042_dig6,20260927-153042,6,C:\Users\josep\source\repos\AIOTED-digital-rawdigits\20260927\15\4_main_dig6_20260927-153042.jpg,4,day,146.77,reading_est 59354; model saw 4; agree_soft,,,0
day_fill,20260926-141815_dig6,20260926-141815,6,C:\Users\josep\source\repos\AIOTED-digital-rawdigits\20260926\14\4_main_dig6_20260926-141815.jpg,4,day,142.92,reading_est 59334; model saw 4; agree_soft,,,0
day_fill,20260925-144217_dig6,20260925-144217,6,C:\Users\josep\source\repos\AIOTED-digital-rawdigits\20260925\14\4_main_dig6_20260925-144217.jpg,4,day,158.98,reading_est 59314; model saw 4; agree_soft,,,0
day_fill,20260830-152935_dig6,20260830-152935,6,C:\Users\josep\source\repos\AIOTED-digital-rawdigits\20260830\15\3_main_dig6_20260830-152935.jpg,3,day,108.07,reading_est 58533; model saw 3; agree_soft,,,0
day_fill,20260907-123523_dig6,20260907-123523,6,C:\Users\josep\source\repos\AIOTED-digital-rawdigits\20260907\12\3_main_dig6_20260907-123523.jpg,3,day,134.13,reading_est 58843; model saw 3; agree,,,0
day_fill,20260817-084600_dig6,20260817-084600,6,C:\Users\josep\source\repos\AIOTED-digital-rawdigits\20260817\08\3_main_dig6_20260817-084600.jpg,3,day,133.79,reading_est 58063; model saw 3; agree,,,0
day_fill,20260828-154139_dig6,20260828-154139,6,C:\Users\josep\source\repos\AIOTED-digital-rawdigits\20260828\15\3_main_dig6_20260828-154139.jpg,3,day,145.82,reading_est 58473; model saw 3; agree_soft,,,0
day_fill,20260820-114954_dig6,20260820-114954,6,C:\Users\josep\source\repos\AIOTED-digital-rawdigits\20260820\11\3_main_dig6_20260820-114954.jpg,3,day,135.98,reading_est 58183; model saw 3; agree_soft,,,0
day_fill,20260824-141346_dig6,20260824-141346,6,C:\Users\josep\source\repos\AIOTED-digital-rawdigits\20260824\14\3_main_dig6_20260824-141346.jpg,3,day,135.29,reading_est 58323; model saw 3; agree,,,0
day_fill,20260823-144948_dig6,20260823-144948,6,C:\Users\josep\source\repos\AIOTED-digital-rawdigits\20260823\14\3_main_dig6_20260823-144948.jpg,3,day,142.98,reading_est 58293; model saw 3; agree_soft,,,0
day_fill,20260905-100258_dig6,20260905-100258,6,C:\Users\josep\source\repos\AIOTED-digital-rawdigits\20260905\10\3_main_dig6_20260905-100258.jpg,3,day,100.97,reading_est 58773; model saw 3; agree_soft,,,0
day_fill,20260924-075350_dig6,20260924-075350,6,C:\Users\josep\source\repos\AIOTED-digital-rawdigits\20260924\07\3_main_dig6_20260924-075350.jpg,3,day,104.98,reading_est 59283; model saw 3; agree,,,0
day_fill,20260928-142241_dig6,20260928-142241,6,C:\Users\josep\source\repos\AIOTED-digital-rawdigits\20260928\14\3_main_dig6_20260928-142241.jpg,3,day,151.77,reading_est 59373; model saw 3; agree,,,0
day_fill,20260913-082857_dig6,20260913-082857,6,C:\Users\josep\source\repos\AIOTED-digital-rawdigits\20260913\08\3_main_dig6_20260913-082857.jpg,3,day,137.97,reading_est 59043; model saw 3; agree,,,0
day_fill,20260906-092656_dig6,20260906-092656,6,C:\Users\josep\source\repos\AIOTED-digital-rawdigits\20260906\09\3_main_dig6_20260906-092656.jpg,3,day,139.85,reading_est 58803; model saw 3; agree_soft,,,0
day_fill,20260903-093108_dig6,20260903-093108,6,C:\Users\josep\source\repos\AIOTED-digital-rawdigits\20260903\09\3_main_dig6_20260903-093108.jpg,3,day,96.97,reading_est 58693; model saw 3; agree,,,0
day_fill,20260925-142217_dig6,20260925-142217,6,C:\Users\josep\source\repos\AIOTED-digital-rawdigits\20260925\14\3_main_dig6_20260925-142217.jpg,3,day,152.29,reading_est 59313; model saw 3; agree,,,0
day_fill,20260926-130615_dig6,20260926-130615,6,C:\Users\josep\source\repos\AIOTED-digital-rawdigits\20260926\13\3_main_dig6_20260926-130615.jpg,3,day,156.21,reading_est 59333; model saw 3; agree,,,0
day_fill,20260914-083338_dig6,20260914-083338,6,C:\Users\josep\source\repos\AIOTED-digital-rawdigits\20260914\08\3_main_dig6_20260914-083338.jpg,3,day,143.29,reading_est 59063; model saw 3; agree_soft,,,0
day_fill,20260827-105741_dig6,20260827-105741,6,C:\Users\josep\source\repos\AIOTED-digital-rawdigits\20260827\10\3_main_dig6_20260827-105741.jpg,3,day,140.02,reading_est 58423; model saw 3; agree,,,0
day_fill,20260922-091724_dig6,20260922-091724,6,C:\Users\josep\source\repos\AIOTED-digital-rawdigits\20260922\09\3_main_dig6_20260922-091724.jpg,3,day,150.98,reading_est 59243; model saw 3; agree,,,0
day_fill,20260815-091004_dig6,20260815-091004,6,C:\Users\josep\source\repos\AIOTED-digital-rawdigits\20260815\09\3_main_dig6_20260815-091004.jpg,3,day,128.74,reading_est 57993; model saw 3; agree,,,0
day_fill,20260910-143201_dig6,20260910-143201,6,C:\Users\josep\source\repos\AIOTED-digital-rawdigits\20260910\14\3_main_dig6_20260910-143201.jpg,3,day,155.05,reading_est 58953; model saw 3; agree_soft,,,0
day_fill,20260902-092710_dig6,20260902-092710,6,C:\Users\josep\source\repos\AIOTED-digital-rawdigits\20260902\09\3_main_dig6_20260902-092710.jpg,3,day,101.29,reading_est 58653; model saw 3; agree,,,0
day_fill,20260918-150931_dig6,20260918-150931,6,C:\Users\josep\source\repos\AIOTED-digital-rawdigits\20260918\15\3_main_dig6_20260918-150931.jpg,3,day,99.92,reading_est 59163; model saw 3; agree,,,0
day_fill,20260915-144536_dig6,20260915-144536,6,C:\Users\josep\source\repos\AIOTED-digital-rawdigits\20260915\14\3_main_dig6_20260915-144536.jpg,3,day,153.29,reading_est 59093; model saw 3; agree,,,0
day_fill,20260920-133727_dig6,20260920-133727,6,C:\Users\josep\source\repos\AIOTED-digital-rawdigits\20260920\13\3_main_dig6_20260920-133727.jpg,3,day,128.98,reading_est 59203; model saw 3; agree,,,0
day_fill,20260822-154550_dig6,20260822-154550,6,C:\Users\josep\source\repos\AIOTED-digital-rawdigits\20260822\15\3_main_dig6_20260822-154550.jpg,3,day,138.98,reading_est 58263; model saw 3; agree_soft,,,0
day_fill,20260917-153332_dig6,20260917-153332,6,C:\Users\josep\source\repos\AIOTED-digital-rawdigits\20260917\15\3_main_dig6_20260917-153332.jpg,3,day,103.25,reading_est 59143; model saw 3; agree,,,0
day_fill,20260921-110126_dig6,20260921-110126,6,C:\Users\josep\source\repos\AIOTED-digital-rawdigits\20260921\11\3_main_dig6_20260921-110126.jpg,3,day,147.08,reading_est 59223; model saw 3; agree,,,0
day_fill,20260819-093356_dig6,20260819-093356,6,C:\Users\josep\source\repos\AIOTED-digital-rawdigits\20260819\09\3_main_dig6_20260819-093356.jpg,3,day,143.80,reading_est 58143; model saw 3; agree,,,0
day_fill,20260908-163121_dig6,20260908-163121,6,C:\Users\josep\source\repos\AIOTED-digital-rawdigits\20260908\16\3_main_dig6_20260908-163121.jpg,3,day,108.98,reading_est 58883; model saw 3; agree,,,0
day_fill,20260912-085627_dig6,20260912-085627,6,C:\Users\josep\source\repos\AIOTED-digital-rawdigits\20260912\08\3_main_dig6_20260912-085627.jpg,3,day,128.02,reading_est 59013; model saw 3; agree,,,0
day_fill,20260831-145333_dig6,20260831-145333,6,C:\Users\josep\source\repos\AIOTED-digital-rawdigits\20260831\14\3_main_dig6_20260831-145333.jpg,3,day,121.98,reading_est 58573; model saw 3; agree_soft,,,0
day_fill,20260826-125343_dig6,20260826-125343,6,C:\Users\josep\source\repos\AIOTED-digital-rawdigits\20260826\12\3_main_dig6_20260826-125343.jpg,3,day,137.98,reading_est 58393; model saw 3; agree_soft,,,0
day_fill,20260816-115002_dig6,20260816-115002,6,C:\Users\josep\source\repos\AIOTED-digital-rawdigits\20260816\11\3_main_dig6_20260816-115002.jpg,3,day,108.97,reading_est 58033; model saw 3; agree,,,0
day_fill,20260927-145842_dig6,20260927-145842,6,C:\Users\josep\source\repos\AIOTED-digital-rawdigits\20260927\14\3_main_dig6_20260927-145842.jpg,3,day,145.77,reading_est 59353; model saw 3; agree,,,0
day_fill,20260821-122152_dig6,20260821-122152,6,C:\Users\josep\source\repos\AIOTED-digital-rawdigits\20260821\12\3_main_dig6_20260821-122152.jpg,3,day,103.84,reading_est 58223; model saw 3; agree,,,0
day_fill,20260904-104305_dig6,20260904-104305,6,C:\Users\josep\source\repos\AIOTED-digital-rawdigits\20260904\10\3_main_dig6_20260904-104305.jpg,3,day,123.02,reading_est 58733; model saw 3; agree_soft,,,0
day_fill,20260911-163228_dig6,20260911-163228,6,C:\Users\josep\source\repos\AIOTED-digital-rawdigits\20260911\16\3_main_dig6_20260911-163228.jpg,3,day,97.74,reading_est 58993; model saw 3; agree,,,0
day_fill,20260830-152135_dig6,20260830-152135,6,C:\Users\josep\source\repos\AIOTED-digital-rawdigits\20260830\15\3_main_dig6_20260830-152135.jpg,3,day,120.69,reading_est 58533; model saw 3; agree,,,0
day_fill,20260907-124723_dig6,20260907-124723,6,C:\Users\josep\source\repos\AIOTED-digital-rawdigits\20260907\12\3_main_dig6_20260907-124723.jpg,3,day,148.15,reading_est 58843; model saw 3; agree_soft,,,0
day_fill,20260817-085800_dig6,20260817-085800,6,C:\Users\josep\source\repos\AIOTED-digital-rawdigits\20260817\08\3_main_dig6_20260817-085800.jpg,3,day,136.02,reading_est 58063; model saw 3; agree,,,0
day_fill,20260828-120139_dig6,20260828-120139,6,C:\Users\josep\source\repos\AIOTED-digital-rawdigits\20260828\12\3_main_dig6_20260828-120139.jpg,3,day,130.93,reading_est 58463; model saw 3; agree_soft,,,0
day_fill,20260820-151754_dig6,20260820-151754,6,C:\Users\josep\source\repos\AIOTED-digital-rawdigits\20260820\15\3_main_dig6_20260820-151754.jpg,3,day,136.97,reading_est 58193; model saw 3; agree_soft,,,0
day_fill,20260824-144546_dig6,20260824-144546,6,C:\Users\josep\source\repos\AIOTED-digital-rawdigits\20260824\14\3_main_dig6_20260824-144546.jpg,3,day,136.83,reading_est 58323; model saw 3; agree_soft,,,0
day_fill,20260823-090149_dig6,20260823-090149,6,C:\Users\josep\source\repos\AIOTED-digital-rawdigits\20260823\09\3_main_dig6_20260823-090149.jpg,3,day,136.05,reading_est 58283; model saw 3; agree,,,0
day_fill,20260924-081350_dig6,20260924-081350,6,C:\Users\josep\source\repos\AIOTED-digital-rawdigits\20260924\08\3_main_dig6_20260924-081350.jpg,3,day,139.29,reading_est 59283; model saw 3; agree,,,0
day_fill,20260928-140241_dig6,20260928-140241,6,C:\Users\josep\source\repos\AIOTED-digital-rawdigits\20260928\14\3_main_dig6_20260928-140241.jpg,3,day,153.06,reading_est 59373; model saw 3; agree,,,0
day_fill,20260913-083657_dig6,20260913-083657,6,C:\Users\josep\source\repos\AIOTED-digital-rawdigits\20260913\08\3_main_dig6_20260913-083657.jpg,3,day,143.93,reading_est 59043; model saw 3; agree,,,0
day_fill,20260906-143125_dig6,20260906-143125,6,C:\Users\josep\source\repos\AIOTED-digital-rawdigits\20260906\14\3_main_dig6_20260906-143125.jpg,3,day,153.00,reading_est 58813; model saw 3; agree,,,0
day_fill,20260903-145907_dig6,20260903-145907,6,C:\Users\josep\source\repos\AIOTED-digital-rawdigits\20260903\14\3_main_dig6_20260903-145907.jpg,3,day,109.96,reading_est 58703; model saw 3; agree,,,0
day_fill,20260925-143417_dig6,20260925-143417,6,C:\Users\josep\source\repos\AIOTED-digital-rawdigits\20260925\14\3_main_dig6_20260925-143417.jpg,3,day,158.00,reading_est 59313; model saw 3; agree_soft,,,0
day_fill,20260926-133815_dig6,20260926-133815,6,C:\Users\josep\source\repos\AIOTED-digital-rawdigits\20260926\13\3_main_dig6_20260926-133815.jpg,3,day,148.29,reading_est 59333; model saw 3; agree,,,0
day_fill,20260914-082538_dig6,20260914-082538,6,C:\Users\josep\source\repos\AIOTED-digital-rawdigits\20260914\08\3_main_dig6_20260914-082538.jpg,3,day,128.24,reading_est 59063; model saw 3; agree,,,0
day_fill,20260905-114257_dig2,20260905-114257,2,C:\Users\josep\source\repos\AIOTED-digital-rawdigits\20260905\11\5_main_dig2_20260905-114257.jpg,5,day,147.21,reading_est 58777; model saw 5; agree,,,0
day_fill,20260917-114532_dig2,20260917-114532,2,C:\Users\josep\source\repos\AIOTED-digital-rawdigits\20260917\11\5_main_dig2_20260917-114532.jpg,5,day,138.77,reading_est 59138; model saw 5; agree,,,0
day_fill,20260915-151736_dig2,20260915-151736,2,C:\Users\josep\source\repos\AIOTED-digital-rawdigits\20260915\15\5_main_dig2_20260915-151736.jpg,5,day,115.20,reading_est 59094; model saw 5; agree,,,0
day_fill,20260921-162125_dig2,20260921-162125,2,C:\Users\josep\source\repos\AIOTED-digital-rawdigits\20260921\16\5_main_dig2_20260921-162125.jpg,5,day,104.06,reading_est 59228; model saw 5; agree,,,0
day_fill,20260815-120604_dig2,20260815-120604,2,C:\Users\josep\source\repos\AIOTED-digital-rawdigits\20260815\12\5_main_dig2_20260815-120604.jpg,5,day,135.79,reading_est 57996; model saw 5; agree,,,0
day_fill,20260827-094941_dig2,20260827-094941,2,C:\Users\josep\source\repos\AIOTED-digital-rawdigits\20260827\09\5_main_dig2_20260827-094941.jpg,5,day,140.00,reading_est 58421; model saw 5; agree,,,0
day_fill,20260912-144827_dig2,20260912-144827,2,C:\Users\josep\source\repos\AIOTED-digital-rawdigits\20260912\14\5_main_dig2_20260912-144827.jpg,5,day,112.35,reading_est 59022; model saw 5; agree,,,0
day_fill,20260830-132135_dig2,20260830-132135,2,C:\Users\josep\source\repos\AIOTED-digital-rawdigits\20260830\13\5_main_dig2_20260830-132135.jpg,5,day,101.29,reading_est 58529; model saw 5; agree,,,0
day_fill,20260829-120537_dig2,20260829-120537,2,C:\Users\josep\source\repos\AIOTED-digital-rawdigits\20260829\12\5_main_dig2_20260829-120537.jpg,5,day,104.77,reading_est 58500; model saw 5; agree,,,0
day_fill,20260821-134152_dig2,20260821-134152,2,C:\Users\josep\source\repos\AIOTED-digital-rawdigits\20260821\13\5_main_dig2_20260821-134152.jpg,5,day,143.15,reading_est 58226; model saw 5; agree,,,0
day_fill,20260910-081918_dig2,20260910-081918,2,C:\Users\josep\source\repos\AIOTED-digital-rawdigits\20260910\08\5_main_dig2_20260910-081918.jpg,5,day,121.98,reading_est 58944; model saw 5; agree,,,0
day_fill,20260816-083402_dig2,20260816-083402,2,C:\Users\josep\source\repos\AIOTED-digital-rawdigits\20260816\08\5_main_dig2_20260816-083402.jpg,5,day,119.69,reading_est 58027; model saw 5; agree,,,0
day_fill,20260930-091437_dig2,20260930-091437,2,C:\Users\josep\source\repos\AIOTED-digital-rawdigits\20260930\09\5_main_dig2_20260930-091437.jpg,5,day,112.98,reading_est 59406; model saw 5; agree,,,0
day_fill,20260820-100954_dig2,20260820-100954,2,C:\Users\josep\source\repos\AIOTED-digital-rawdigits\20260820\10\5_main_dig2_20260820-100954.jpg,5,day,139.75,reading_est 58181; model saw 5; agree,,,0
day_fill,20260817-085800_dig2,20260817-085800,2,C:\Users\josep\source\repos\AIOTED-digital-rawdigits\20260817\08\5_main_dig2_20260817-085800.jpg,5,day,136.02,reading_est 58063; model saw 5; agree,,,0
day_fill,20260826-171342_dig2,20260826-171342,2,C:\Users\josep\source\repos\AIOTED-digital-rawdigits\20260826\17\5_main_dig2_20260826-171342.jpg,5,day,96.97,reading_est 58402; model saw 5; agree,,,0
day_fill,20260908-141121_dig2,20260908-141121,2,C:\Users\josep\source\repos\AIOTED-digital-rawdigits\20260908\14\5_main_dig2_20260908-141121.jpg,5,day,115.29,reading_est 58880; model saw 5; agree,,,0
day_fill,20260911-085559_dig2,20260911-085559,2,C:\Users\josep\source\repos\AIOTED-digital-rawdigits\20260911\08\5_main_dig2_20260911-085559.jpg,5,day,152.29,reading_est 58977; model saw 5; agree,,,0
day_fill,20260823-084149_dig2,20260823-084149,2,C:\Users\josep\source\repos\AIOTED-digital-rawdigits\20260823\08\5_main_dig2_20260823-084149.jpg,5,day,132.06,reading_est 58282; model saw 5; agree,,,0
day_fill,20260922-161323_dig2,20260922-161323,2,C:\Users\josep\source\repos\AIOTED-digital-rawdigits\20260922\16\5_main_dig2_20260922-161323.jpg,5,day,98.97,reading_est 59251; model saw 5; agree,,,0
day_fill,20260928-145440_dig2,20260928-145440,2,C:\Users\josep\source\repos\AIOTED-digital-rawdigits\20260928\14\5_main_dig2_20260928-145440.jpg,5,day,146.29,reading_est 59374; model saw 5; agree,,,0
day_fill,20260924-143019_dig2,20260924-143019,2,C:\Users\josep\source\repos\AIOTED-digital-rawdigits\20260924\14\5_main_dig2_20260924-143019.jpg,5,day,141.98,reading_est 59290; model saw 5; agree,,,0
day_fill,20260926-075815_dig2,20260926-075815,2,C:\Users\josep\source\repos\AIOTED-digital-rawdigits\20260926\07\5_main_dig2_20260926-075815.jpg,5,day,133.29,reading_est 59326; model saw 5; agree,,,0
day_fill,20260920-101728_dig2,20260920-101728,2,C:\Users\josep\source\repos\AIOTED-digital-rawdigits\20260920\10\5_main_dig2_20260920-101728.jpg,5,day,109.29,reading_est 59200; model saw 5; agree,,,0
day_fill,20260918-124931_dig2,20260918-124931,2,C:\Users\josep\source\repos\AIOTED-digital-rawdigits\20260918\12\5_main_dig2_20260918-124931.jpg,5,day,116.97,reading_est 59161; model saw 5; agree,,,0
day_fill,20260903-113907_dig2,20260903-113907,2,C:\Users\josep\source\repos\AIOTED-digital-rawdigits\20260903\11\5_main_dig2_20260903-113907.jpg,5,day,124.81,reading_est 58695; model saw 5; agree,,,0
day_fill,20260907-084723_dig2,20260907-084723,2,C:\Users\josep\source\repos\AIOTED-digital-rawdigits\20260907\08\5_main_dig2_20260907-084723.jpg,5,day,145.77,reading_est 58836; model saw 5; agree,,,0
day_fill,20260824-164546_dig2,20260824-164546,2,C:\Users\josep\source\repos\AIOTED-digital-rawdigits\20260824\16\5_main_dig2_20260824-164546.jpg,5,day,100.98,reading_est 58328; model saw 5; agree,,,0
day_fill,20260914-105338_dig2,20260914-105338,2,C:\Users\josep\source\repos\AIOTED-digital-rawdigits\20260914\10\5_main_dig2_20260914-105338.jpg,5,day,144.29,reading_est 59066; model saw 5; agree,,,0
day_fill,20260819-094556_dig2,20260819-094556,2,C:\Users\josep\source\repos\AIOTED-digital-rawdigits\20260819\09\5_main_dig2_20260819-094556.jpg,5,day,138.98,reading_est 58143; model saw 5; agree,,,0
day_fill,20260902-112309_dig2,20260902-112309,2,C:\Users\josep\source\repos\AIOTED-digital-rawdigits\20260902\11\5_main_dig2_20260902-112309.jpg,5,day,122.82,reading_est 58655; model saw 5; agree,,,0
day_fill,20260831-161333_dig2,20260831-161333,2,C:\Users\josep\source\repos\AIOTED-digital-rawdigits\20260831\16\5_main_dig2_20260831-161333.jpg,5,day,98.25,reading_est 58578; model saw 5; agree,,,0
day_fill,20260828-122139_dig2,20260828-122139,2,C:\Users\josep\source\repos\AIOTED-digital-rawdigits\20260828\12\5_main_dig2_20260828-122139.jpg,5,day,140.29,reading_est 58464; model saw 5; agree,,,0
day_fill,20260919-123329_dig2,20260919-123329,2,C:\Users\josep\source\repos\AIOTED-digital-rawdigits\20260919\12\5_main_dig2_20260919-123329.jpg,5,day,108.99,reading_est 59181; model saw 5; agree,,,0
day_fill,20260906-151125_dig2,20260906-151125,2,C:\Users\josep\source\repos\AIOTED-digital-rawdigits\20260906\15\5_main_dig2_20260906-151125.jpg,5,day,148.00,reading_est 58815; model saw 5; agree,,,0
day_fill,20260913-104940_dig2,20260913-104940,2,C:\Users\josep\source\repos\AIOTED-digital-rawdigits\20260913\10\5_main_dig2_20260913-104940.jpg,5,day,105.98,reading_est 59046; model saw 5; agree,,,0
day_fill,20260927-092214_dig2,20260927-092214,2,C:\Users\josep\source\repos\AIOTED-digital-rawdigits\20260927\09\5_main_dig2_20260927-092214.jpg,5,day,151.59,reading_est 59347; model saw 5; agree,,,0
day_fill,20260822-101750_dig2,20260822-101750,2,C:\Users\josep\source\repos\AIOTED-digital-rawdigits\20260822\10\5_main_dig2_20260822-101750.jpg,5,day,136.79,reading_est 58250; model saw 5; agree,,,0
day_fill,20260925-130217_dig2,20260925-130217,2,C:\Users\josep\source\repos\AIOTED-digital-rawdigits\20260925\13\5_main_dig2_20260925-130217.jpg,5,day,151.73,reading_est 59311; model saw 5; agree,,,0
day_fill,20260904-102305_dig2,20260904-102305,2,C:\Users\josep\source\repos\AIOTED-digital-rawdigits\20260904\10\5_main_dig2_20260904-102305.jpg,5,day,114.97,reading_est 58732; model saw 5; agree,,,0
day_fill,20260905-115857_dig2,20260905-115857,2,C:\Users\josep\source\repos\AIOTED-digital-rawdigits\20260905\11\5_main_dig2_20260905-115857.jpg,5,day,119.98,reading_est 58778; model saw 5; agree,,,0
day_fill,20260917-112532_dig2,20260917-112532,2,C:\Users\josep\source\repos\AIOTED-digital-rawdigits\20260917\11\5_main_dig2_20260917-112532.jpg,5,day,113.97,reading_est 59138; model saw 5; agree,,,0
day_fill,20260915-163736_dig2,20260915-163736,2,C:\Users\josep\source\repos\AIOTED-digital-rawdigits\20260915\16\5_main_dig2_20260915-163736.jpg,5,day,100.16,reading_est 59096; model saw 5; agree,,,0
day_fill,20260921-140925_dig2,20260921-140925,2,C:\Users\josep\source\repos\AIOTED-digital-rawdigits\20260921\14\5_main_dig2_20260921-140925.jpg,5,day,154.29,reading_est 59227; model saw 5; agree,,,0
day_fill,20260815-135803_dig2,20260815-135803,2,C:\Users\josep\source\repos\AIOTED-digital-rawdigits\20260815\13\5_main_dig2_20260815-135803.jpg,5,day,136.99,reading_est 58000; model saw 5; agree,,,0
day_fill,20260827-142541_dig2,20260827-142541,2,C:\Users\josep\source\repos\AIOTED-digital-rawdigits\20260827\14\5_main_dig2_20260827-142541.jpg,5,day,142.11,reading_est 58430; model saw 5; agree,,,0
day_fill,20260912-161258_dig2,20260912-161258,2,C:\Users\josep\source\repos\AIOTED-digital-rawdigits\20260912\16\5_main_dig2_20260912-161258.jpg,5,day,100.97,reading_est 59024; model saw 5; agree,,,0
day_fill,20260830-110136_dig2,20260830-110136,2,C:\Users\josep\source\repos\AIOTED-digital-rawdigits\20260830\11\5_main_dig2_20260830-110136.jpg,5,day,136.29,reading_est 58521; model saw 5; agree,,,0
day_fill,20260829-095737_dig2,20260829-095737,2,C:\Users\josep\source\repos\AIOTED-digital-rawdigits\20260829\09\5_main_dig2_20260829-095737.jpg,5,day,98.90,reading_est 58497; model saw 5; agree,,,0
day_fill,20260906-122325_dig6,20260906-122325,6,C:\Users\josep\source\repos\AIOTED-digital-rawdigits\20260906\12\8_main_dig6_20260906-122325.jpg,8,day,144.15,reading_est 58808; model saw 8; agree,,,0
day_fill,20260817-122600_dig6,20260817-122600,6,C:\Users\josep\source\repos\AIOTED-digital-rawdigits\20260817\12\8_main_dig6_20260817-122600.jpg,8,day,101.22,reading_est 58068; model saw 8; agree_soft,,,0
day_fill,20260902-132309_dig6,20260902-132309,6,C:\Users\josep\source\repos\AIOTED-digital-rawdigits\20260902\13\8_main_dig6_20260902-132309.jpg,8,day,132.20,reading_est 58658; model saw 8; agree_soft,,,0
day_fill,20260826-150143_dig6,20260826-150143,6,C:\Users\josep\source\repos\AIOTED-digital-rawdigits\20260826\15\8_main_dig6_20260826-150143.jpg,8,day,100.97,reading_est 58398; model saw 8; agree_soft,,,0
day_fill,20260816-151001_dig6,20260816-151001,6,C:\Users\josep\source\repos\AIOTED-digital-rawdigits\20260816\15\8_main_dig6_20260816-151001.jpg,8,day,137.06,reading_est 58038; model saw 8; agree_soft,,,0
day_fill,20260927-094213_dig6,20260927-094213,6,C:\Users\josep\source\repos\AIOTED-digital-rawdigits\20260927\09\8_main_dig6_20260927-094213.jpg,8,day,124.97,reading_est 59348; model saw 8; agree,,,0
day_fill,20260823-122948_dig6,20260823-122948,6,C:\Users\josep\source\repos\AIOTED-digital-rawdigits\20260823\12\8_main_dig6_20260823-122948.jpg,8,day,133.29,reading_est 58288; model saw 8; agree,,,0
day_fill,20260821-145352_dig6,20260821-145352,6,C:\Users\josep\source\repos\AIOTED-digital-rawdigits\20260821\14\8_main_dig6_20260821-145352.jpg,8,day,100.98,reading_est 58228; model saw 8; agree_soft,,,0
day_fill,20260822-173350_dig6,20260822-173350,6,C:\Users\josep\source\repos\AIOTED-digital-rawdigits\20260822\17\8_main_dig6_20260822-173350.jpg,8,day,96.26,reading_est 58268; model saw 8; agree,,,0
day_fill,20260830-130935_dig6,20260830-130935,6,C:\Users\josep\source\repos\AIOTED-digital-rawdigits\20260830\13\8_main_dig6_20260830-130935.jpg,8,day,120.02,reading_est 58528; model saw 8; agree_soft,,,0
day_fill,20260831-084534_dig6,20260831-084534,6,C:\Users\josep\source\repos\AIOTED-digital-rawdigits\20260831\08\8_main_dig6_20260831-084534.jpg,8,day,136.90,reading_est 58558; model saw 8; agree_soft,,,0
day_fill,20260820-082954_dig6,20260820-082954,6,C:\Users\josep\source\repos\AIOTED-digital-rawdigits\20260820\08\8_main_dig6_20260820-082954.jpg,8,day,129.76,reading_est 58178; model saw 8; agree,,,0
day_fill,20260824-165346_dig6,20260824-165346,6,C:\Users\josep\source\repos\AIOTED-digital-rawdigits\20260824\16\8_main_dig6_20260824-165346.jpg,8,day,96.98,reading_est 58328; model saw 8; agree_soft,,,0
day_fill,20260904-161459_dig6,20260904-161459,6,C:\Users\josep\source\repos\AIOTED-digital-rawdigits\20260904\16\8_main_dig6_20260904-161459.jpg,8,day,112.41,reading_est 58748; model saw 8; agree,,,0
day_fill,20260819-121356_dig6,20260819-121356,6,C:\Users\josep\source\repos\AIOTED-digital-rawdigits\20260819\12\8_main_dig6_20260819-121356.jpg,8,day,136.81,reading_est 58148; model saw 8; agree_soft,,,0
day_fill,20260815-165803_dig6,20260815-165803,6,C:\Users\josep\source\repos\AIOTED-digital-rawdigits\20260815\16\8_main_dig6_20260815-165803.jpg,8,day,97.98,reading_est 58008; model saw 8; agree,,,0
day_fill,20260828-084139_dig6,20260828-084139,6,C:\Users\josep\source\repos\AIOTED-digital-rawdigits\20260828\08\8_main_dig6_20260828-084139.jpg,8,day,105.98,reading_est 58458; model saw 8; agree,,,0
day_fill,20260829-105737_dig6,20260829-105737,6,C:\Users\josep\source\repos\AIOTED-digital-rawdigits\20260829\10\8_main_dig6_20260829-105737.jpg,8,day,99.29,reading_est 58498; model saw 8; agree,,,0
day_fill,20260905-121057_dig6,20260905-121057,6,C:\Users\josep\source\repos\AIOTED-digital-rawdigits\20260905\12\8_main_dig6_20260905-121057.jpg,8,day,124.90,reading_est 58778; model saw 8; agree,,,0
day_fill,20260903-125907_dig6,20260903-125907,6,C:\Users\josep\source\repos\AIOTED-digital-rawdigits\20260903\12\8_main_dig6_20260903-125907.jpg,8,day,138.29,reading_est 58698; model saw 8; agree,,,0
day_fill,20260827-073741_dig6,20260827-073741,6,C:\Users\josep\source\repos\AIOTED-digital-rawdigits\20260827\07\8_main_dig6_20260827-073741.jpg,8,day,99.91,reading_est 58418; model saw 8; agree,,,0
day_fill,20260906-120325_dig6,20260906-120325,6,C:\Users\josep\source\repos\AIOTED-digital-rawdigits\20260906\12\8_main_dig6_20260906-120325.jpg,8,day,144.15,reading_est 58808; model saw 8; agree,,,0
day_fill,20260817-115400_dig6,20260817-115400,6,C:\Users\josep\source\repos\AIOTED-digital-rawdigits\20260817\11\8_main_dig6_20260817-115400.jpg,8,day,132.29,reading_est 58068; model saw 8; agree,,,0
day_fill,20260902-131509_dig6,20260902-131509,6,C:\Users\josep\source\repos\AIOTED-digital-rawdigits\20260902\13\8_main_dig6_20260902-131509.jpg,8,day,144.98,reading_est 58658; model saw 8; agree,,,0
day_fill,20260826-145343_dig6,20260826-145343,6,C:\Users\josep\source\repos\AIOTED-digital-rawdigits\20260826\14\8_main_dig6_20260826-145343.jpg,8,day,133.88,reading_est 58398; model saw 8; agree,,,0
day_fill,20260816-150201_dig6,20260816-150201,6,C:\Users\josep\source\repos\AIOTED-digital-rawdigits\20260816\15\8_main_dig6_20260816-150201.jpg,8,day,139.11,reading_est 58038; model saw 8; agree,,,0
day_fill,20260927-105043_dig6,20260927-105043,6,C:\Users\josep\source\repos\AIOTED-digital-rawdigits\20260927\10\8_main_dig6_20260927-105043.jpg,8,day,151.29,reading_est 59348; model saw 8; agree_soft,,,0
day_fill,20260823-124148_dig6,20260823-124148,6,C:\Users\josep\source\repos\AIOTED-digital-rawdigits\20260823\12\8_main_dig6_20260823-124148.jpg,8,day,141.82,reading_est 58288; model saw 8; agree_soft,,,0
day_fill,20260821-143352_dig6,20260821-143352,6,C:\Users\josep\source\repos\AIOTED-digital-rawdigits\20260821\14\8_main_dig6_20260821-143352.jpg,8,day,101.97,reading_est 58228; model saw 8; agree,,,0
day_fill,20260822-082551_dig6,20260822-082551,6,C:\Users\josep\source\repos\AIOTED-digital-rawdigits\20260822\08\8_main_dig6_20260822-082551.jpg,8,day,128.77,reading_est 58248; model saw 8; agree,,,0
day_fill,20260830-082136_dig6,20260830-082136,6,C:\Users\josep\source\repos\AIOTED-digital-rawdigits\20260830\08\8_main_dig6_20260830-082136.jpg,8,day,129.03,reading_est 58518; model saw 8; agree_soft,,,0
day_fill,20260831-161333_dig6,20260831-161333,6,C:\Users\josep\source\repos\AIOTED-digital-rawdigits\20260831\16\8_main_dig6_20260831-161333.jpg,8,day,98.25,reading_est 58578; model saw 8; agree,,,0
day_fill,20260820-165754_dig6,20260820-165754,6,C:\Users\josep\source\repos\AIOTED-digital-rawdigits\20260820\16\8_main_dig6_20260820-165754.jpg,8,day,98.06,reading_est 58198; model saw 8; agree,,,0
day_fill,20260824-164546_dig6,20260824-164546,6,C:\Users\josep\source\repos\AIOTED-digital-rawdigits\20260824\16\8_main_dig6_20260824-164546.jpg,8,day,100.98,reading_est 58328; model saw 8; agree,,,0
day_fill,20260904-130659_dig6,20260904-130659,6,C:\Users\josep\source\repos\AIOTED-digital-rawdigits\20260904\13\8_main_dig6_20260904-130659.jpg,8,day,152.02,reading_est 58738; model saw 8; agree_soft,,,0
day_fill,20260819-154156_dig6,20260819-154156,6,C:\Users\josep\source\repos\AIOTED-digital-rawdigits\20260819\15\8_main_dig6_20260819-154156.jpg,8,day,135.94,reading_est 58158; model saw 8; agree,,,0
day_fill,20260815-130604_dig6,20260815-130604,6,C:\Users\josep\source\repos\AIOTED-digital-rawdigits\20260815\13\8_main_dig6_20260815-130604.jpg,8,day,140.98,reading_est 57998; model saw 8; agree_soft,,,0
day_fill,20260826-171342_dig4,20260826-171342,4,C:\Users\josep\source\repos\AIOTED-digital-rawdigits\20260826\17\4_main_dig4_20260826-171342.jpg,4,day,96.97,reading_est 58402; model saw 4; agree,,,0
day_fill,20260828-100139_dig4,20260828-100139,4,C:\Users\josep\source\repos\AIOTED-digital-rawdigits\20260828\10\4_main_dig4_20260828-100139.jpg,4,day,111.98,reading_est 58460; model saw 4; agree,,,0
day_fill,20260829-111737_dig4,20260829-111737,4,C:\Users\josep\source\repos\AIOTED-digital-rawdigits\20260829\11\4_main_dig4_20260829-111737.jpg,4,day,101.21,reading_est 58498; model saw 4; agree,,,0
day_fill,20260827-152541_dig4,20260827-152541,4,C:\Users\josep\source\repos\AIOTED-digital-rawdigits\20260827\15\4_main_dig4_20260827-152541.jpg,4,day,141.31,reading_est 58433; model saw 4; agree,,,0
day_fill,20260930-092237_dig4,20260930-092237,4,C:\Users\josep\source\repos\AIOTED-digital-rawdigits\20260930\09\4_main_dig4_20260930-092237.jpg,4,day,108.98,reading_est 59407; model saw 4; agree,,,0
day_fill,20260826-170142_dig4,20260826-170142,4,C:\Users\josep\source\repos\AIOTED-digital-rawdigits\20260826\17\4_main_dig4_20260826-170142.jpg,4,day,98.90,reading_est 58402; model saw 4; agree,,,0
day_fill,20260828-134139_dig4,20260828-134139,4,C:\Users\josep\source\repos\AIOTED-digital-rawdigits\20260828\13\4_main_dig4_20260828-134139.jpg,4,day,128.06,reading_est 58469; model saw 4; agree,,,0
day_fill,20260829-112537_dig4,20260829-112537,4,C:\Users\josep\source\repos\AIOTED-digital-rawdigits\20260829\11\4_main_dig4_20260829-112537.jpg,4,day,99.97,reading_est 58499; model saw 4; agree,,,0
day_fill,20260827-102941_dig4,20260827-102941,4,C:\Users\josep\source\repos\AIOTED-digital-rawdigits\20260827\10\4_main_dig4_20260827-102941.jpg,4,day,129.15,reading_est 58422; model saw 4; agree,,,0
day_fill,20260930-091437_dig4,20260930-091437,4,C:\Users\josep\source\repos\AIOTED-digital-rawdigits\20260930\09\4_main_dig4_20260930-091437.jpg,4,day,112.98,reading_est 59406; model saw 4; agree,,,0
day_fill,20260826-161342_dig4,20260826-161342,4,C:\Users\josep\source\repos\AIOTED-digital-rawdigits\20260826\16\4_main_dig4_20260826-161342.jpg,4,day,122.13,reading_est 58401; model saw 4; agree,,,0
day_fill,20260828-142139_dig4,20260828-142139,4,C:\Users\josep\source\repos\AIOTED-digital-rawdigits\20260828\14\4_main_dig4_20260828-142139.jpg,4,day,142.97,reading_est 58470; model saw 4; agree,,,0
day_fill,20260829-115737_dig4,20260829-115737,4,C:\Users\josep\source\repos\AIOTED-digital-rawdigits\20260829\11\4_main_dig4_20260829-115737.jpg,4,day,102.84,reading_est 58499; model saw 4; agree_soft,,,0
day_fill,20260827-164541_dig4,20260827-164541,4,C:\Users\josep\source\repos\AIOTED-digital-rawdigits\20260827\16\4_main_dig4_20260827-164541.jpg,4,day,104.93,reading_est 58437; model saw 4; agree,,,0
day_fill,20260930-093037_dig4,20260930-093037,4,C:\Users\josep\source\repos\AIOTED-digital-rawdigits\20260930\09\4_main_dig4_20260930-093037.jpg,4,day,108.98,reading_est 59407; model saw 4; agree,,,0
day_fill,20260826-155342_dig4,20260826-155342,4,C:\Users\josep\source\repos\AIOTED-digital-rawdigits\20260826\15\4_main_dig4_20260826-155342.jpg,4,day,131.29,reading_est 58400; model saw 4; agree,,,0
day_fill,20260828-104139_dig4,20260828-104139,4,C:\Users\josep\source\repos\AIOTED-digital-rawdigits\20260828\10\4_main_dig4_20260828-104139.jpg,4,day,136.79,reading_est 58461; model saw 4; agree,,,0
day_fill,20260829-095737_dig4,20260829-095737,4,C:\Users\josep\source\repos\AIOTED-digital-rawdigits\20260829\09\4_main_dig4_20260829-095737.jpg,4,day,98.90,reading_est 58497; model saw 4; agree,,,0
day_fill,20260827-083740_dig4,20260827-083740,4,C:\Users\josep\source\repos\AIOTED-digital-rawdigits\20260827\08\4_main_dig4_20260827-083740.jpg,4,day,132.31,reading_est 58419; model saw 4; agree,,,0
day_fill,20260930-094237_dig4,20260930-094237,4,C:\Users\josep\source\repos\AIOTED-digital-rawdigits\20260930\09\4_main_dig4_20260930-094237.jpg,4,day,114.74,reading_est 59407; model saw 4; agree,,,0
day_fill,20260826-174142_dig4,20260826-174142,4,C:\Users\josep\source\repos\AIOTED-digital-rawdigits\20260826\17\4_main_dig4_20260826-174142.jpg,4,day,98.74,reading_est 58403; model saw 4; agree,,,0
day_fill,20260828-162939_dig4,20260828-162939,4,C:\Users\josep\source\repos\AIOTED-digital-rawdigits\20260828\16\4_main_dig4_20260828-162939.jpg,4,day,105.98,reading_est 58475; model saw 4; agree,,,0
day_fill,20260829-105737_dig4,20260829-105737,4,C:\Users\josep\source\repos\AIOTED-digital-rawdigits\20260829\10\4_main_dig4_20260829-105737.jpg,4,day,99.29,reading_est 58498; model saw 4; agree,,,0
day_fill,20260827-151741_dig4,20260827-151741,4,C:\Users\josep\source\repos\AIOTED-digital-rawdigits\20260827\15\4_main_dig4_20260827-151741.jpg,4,day,141.97,reading_est 58433; model saw 4; agree,,,0
day_fill,20260930-093437_dig4,20260930-093437,4,C:\Users\josep\source\repos\AIOTED-digital-rawdigits\20260930\09\4_main_dig4_20260930-093437.jpg,4,day,106.98,reading_est 59407; model saw 4; agree,,,0
day_fill,20260826-160142_dig4,20260826-160142,4,C:\Users\josep\source\repos\AIOTED-digital-rawdigits\20260826\16\4_main_dig4_20260826-160142.jpg,4,day,136.22,reading_est 58400; model saw 4; agree,,,0
day_fill,20260828-134939_dig4,20260828-134939,4,C:\Users\josep\source\repos\AIOTED-digital-rawdigits\20260828\13\4_main_dig4_20260828-134939.jpg,4,day,122.75,reading_est 58470; model saw 4; agree,,,0
day_fill,20260829-110537_dig4,20260829-110537,4,C:\Users\josep\source\repos\AIOTED-digital-rawdigits\20260829\11\4_main_dig4_20260829-110537.jpg,4,day,103.69,reading_est 58498; model saw 4; agree,,,0
day_fill,20260827-105741_dig4,20260827-105741,4,C:\Users\josep\source\repos\AIOTED-digital-rawdigits\20260827\10\4_main_dig4_20260827-105741.jpg,4,day,140.02,reading_est 58423; model saw 4; agree,,,0
day_fill,20260930-095437_dig4,20260930-095437,4,C:\Users\josep\source\repos\AIOTED-digital-rawdigits\20260930\09\4_main_dig4_20260930-095437.jpg,4,day,110.98,reading_est 59407; model saw 4; agree,,,0
day_fill,20260828-150139_dig4,20260828-150139,4,C:\Users\josep\source\repos\AIOTED-digital-rawdigits\20260828\15\4_main_dig4_20260828-150139.jpg,4,day,142.05,reading_est 58471; model saw 4; agree,,,0
day_fill,20260829-113737_dig4,20260829-113737,4,C:\Users\josep\source\repos\AIOTED-digital-rawdigits\20260829\11\4_main_dig4_20260829-113737.jpg,4,day,96.98,reading_est 58499; model saw 4; agree,,,0
day_fill,20260827-161741_dig4,20260827-161741,4,C:\Users\josep\source\repos\AIOTED-digital-rawdigits\20260827\16\4_main_dig4_20260827-161741.jpg,4,day,100.97,reading_est 58436; model saw 4; agree,,,0
day_fill,20260930-100237_dig4,20260930-100237,4,C:\Users\josep\source\repos\AIOTED-digital-rawdigits\20260930\10\4_main_dig4_20260930-100237.jpg,4,day,107.98,reading_est 59407; model saw 4; agree,,,0
day_fill,20260828-152139_dig4,20260828-152139,4,C:\Users\josep\source\repos\AIOTED-digital-rawdigits\20260828\15\4_main_dig4_20260828-152139.jpg,4,day,97.08,reading_est 58472; model saw 4; agree,,,0
day_fill,20260827-112941_dig4,20260827-112941,4,C:\Users\josep\source\repos\AIOTED-digital-rawdigits\20260827\11\4_main_dig4_20260827-112941.jpg,4,day,120.31,reading_est 58424; model saw 4; agree,,,0
day_fill,20260930-095037_dig4,20260930-095037,4,C:\Users\josep\source\repos\AIOTED-digital-rawdigits\20260930\09\4_main_dig4_20260930-095037.jpg,4,day,107.84,reading_est 59407; model saw 4; agree,,,0
day_fill,20260828-112139_dig4,20260828-112139,4,C:\Users\josep\source\repos\AIOTED-digital-rawdigits\20260828\11\4_main_dig4_20260828-112139.jpg,4,day,142.00,reading_est 58461; model saw 4; agree,,,0
day_fill,20260827-103741_dig4,20260827-103741,4,C:\Users\josep\source\repos\AIOTED-digital-rawdigits\20260827\10\4_main_dig4_20260827-103741.jpg,4,day,125.03,reading_est 58422; model saw 4; agree,,,0
day_fill,20260930-091037_dig4,20260930-091037,4,C:\Users\josep\source\repos\AIOTED-digital-rawdigits\20260930\09\4_main_dig4_20260930-091037.jpg,4,day,106.00,reading_est 59406; model saw 4; agree,,,0
day_fill,20260828-143339_dig4,20260828-143339,4,C:\Users\josep\source\repos\AIOTED-digital-rawdigits\20260828\14\4_main_dig4_20260828-143339.jpg,4,day,121.98,reading_est 58471; model saw 4; agree,,,0
day_fill,20260827-170541_dig4,20260827-170541,4,C:\Users\josep\source\repos\AIOTED-digital-rawdigits\20260827\17\4_main_dig4_20260827-170541.jpg,4,day,101.90,reading_est 58438; model saw 4; agree,,,0
day_fill,20260828-144139_dig4,20260828-144139,4,C:\Users\josep\source\repos\AIOTED-digital-rawdigits\20260828\14\4_main_dig4_20260828-144139.jpg,4,day,137.75,reading_est 58471; model saw 4; agree,,,0
day_fill,20260827-162541_dig4,20260827-162541,4,C:\Users\josep\source\repos\AIOTED-digital-rawdigits\20260827\16\4_main_dig4_20260827-162541.jpg,4,day,106.74,reading_est 58436; model saw 4; agree,,,0
day_fill,20260828-121339_dig4,20260828-121339,4,C:\Users\josep\source\repos\AIOTED-digital-rawdigits\20260828\12\4_main_dig4_20260828-121339.jpg,4,day,138.15,reading_est 58464; model saw 4; agree,,,0
day_fill,20260827-090940_dig4,20260827-090940,4,C:\Users\josep\source\repos\AIOTED-digital-rawdigits\20260827\09\4_main_dig4_20260827-090940.jpg,4,day,138.29,reading_est 58420; model saw 4; agree,,,0
day_fill,20260815-083004_dig3,20260815-083004,3,C:\Users\josep\source\repos\AIOTED-digital-rawdigits\20260815\08\7_main_dig3_20260815-083004.jpg,7,day,126.95,reading_est 57992; model saw 7; agree,,,0
day_fill,20260815-083804_dig3,20260815-083804,3,C:\Users\josep\source\repos\AIOTED-digital-rawdigits\20260815\08\7_main_dig3_20260815-083804.jpg,7,day,128.25,reading_est 57993; model saw 7; agree,,,0
day_fill,20260815-085004_dig3,20260815-085004,3,C:\Users\josep\source\repos\AIOTED-digital-rawdigits\20260815\08\7_main_dig3_20260815-085004.jpg,7,day,129.97,reading_est 57993; model saw 7; agree,,,0
day_fill,20260815-085804_dig3,20260815-085804,3,C:\Users\josep\source\repos\AIOTED-digital-rawdigits\20260815\08\7_main_dig3_20260815-085804.jpg,7,day,132.29,reading_est 57993; model saw 7; agree,,,0
day_fill,20260815-090604_dig3,20260815-090604,3,C:\Users\josep\source\repos\AIOTED-digital-rawdigits\20260815\09\7_main_dig3_20260815-090604.jpg,7,day,132.98,reading_est 57993; model saw 7; agree,,,0
day_fill,20260815-091004_dig3,20260815-091004,3,C:\Users\josep\source\repos\AIOTED-digital-rawdigits\20260815\09\7_main_dig3_20260815-091004.jpg,7,day,128.74,reading_est 57993; model saw 7; agree,,,0
day_fill,20260815-091804_dig3,20260815-091804,3,C:\Users\josep\source\repos\AIOTED-digital-rawdigits\20260815\09\7_main_dig3_20260815-091804.jpg,7,day,135.21,reading_est 57993; model saw 7; agree,,,0
day_fill,20260815-092604_dig3,20260815-092604,3,C:\Users\josep\source\repos\AIOTED-digital-rawdigits\20260815\09\7_main_dig3_20260815-092604.jpg,7,day,135.77,reading_est 57993; model saw 7; agree,,,0
day_fill,20260815-093004_dig3,20260815-093004,3,C:\Users\josep\source\repos\AIOTED-digital-rawdigits\20260815\09\7_main_dig3_20260815-093004.jpg,7,day,126.29,reading_est 57993; model saw 7; agree,,,0
day_fill,20260815-093804_dig3,20260815-093804,3,C:\Users\josep\source\repos\AIOTED-digital-rawdigits\20260815\09\7_main_dig3_20260815-093804.jpg,7,day,123.98,reading_est 57994; model saw 7; agree,,,0
day_fill,20260815-094604_dig3,20260815-094604,3,C:\Users\josep\source\repos\AIOTED-digital-rawdigits\20260815\09\7_main_dig3_20260815-094604.jpg,7,day,122.70,reading_est 57994; model saw 7; agree,,,0
day_fill,20260815-095004_dig3,20260815-095004,3,C:\Users\josep\source\repos\AIOTED-digital-rawdigits\20260815\09\7_main_dig3_20260815-095004.jpg,7,day,117.97,reading_est 57994; model saw 7; agree,,,0
day_fill,20260815-095804_dig3,20260815-095804,3,C:\Users\josep\source\repos\AIOTED-digital-rawdigits\20260815\09\7_main_dig3_20260815-095804.jpg,7,day,113.11,reading_est 57994; model saw 7; agree,,,0
day_fill,20260815-100604_dig3,20260815-100604,3,C:\Users\josep\source\repos\AIOTED-digital-rawdigits\20260815\10\7_main_dig3_20260815-100604.jpg,7,day,104.69,reading_est 57994; model saw 7; agree,,,0
day_fill,20260815-101004_dig3,20260815-101004,3,C:\Users\josep\source\repos\AIOTED-digital-rawdigits\20260815\10\7_main_dig3_20260815-101004.jpg,7,day,104.98,reading_est 57994; model saw 7; agree,,,0
day_fill,20260815-101804_dig3,20260815-101804,3,C:\Users\josep\source\repos\AIOTED-digital-rawdigits\20260815\10\7_main_dig3_20260815-101804.jpg,7,day,107.69,reading_est 57994; model saw 7; agree,,,0
day_fill,20260815-102604_dig3,20260815-102604,3,C:\Users\josep\source\repos\AIOTED-digital-rawdigits\20260815\10\7_main_dig3_20260815-102604.jpg,7,day,111.69,reading_est 57994; model saw 7; agree,,,0
day_fill,20260815-103804_dig3,20260815-103804,3,C:\Users\josep\source\repos\AIOTED-digital-rawdigits\20260815\10\7_main_dig3_20260815-103804.jpg,7,day,115.29,reading_est 57995; model saw 7; agree,,,0
day_fill,20260815-104604_dig3,20260815-104604,3,C:\Users\josep\source\repos\AIOTED-digital-rawdigits\20260815\10\7_main_dig3_20260815-104604.jpg,7,day,138.13,reading_est 57995; model saw 7; agree,,,0
day_fill,20260815-105804_dig3,20260815-105804,3,C:\Users\josep\source\repos\AIOTED-digital-rawdigits\20260815\10\7_main_dig3_20260815-105804.jpg,7,day,133.83,reading_est 57995; model saw 7; agree,,,0
day_fill,20260815-110604_dig3,20260815-110604,3,C:\Users\josep\source\repos\AIOTED-digital-rawdigits\20260815\11\7_main_dig3_20260815-110604.jpg,7,day,131.02,reading_est 57995; model saw 7; agree,,,0
day_fill,20260815-111804_dig3,20260815-111804,3,C:\Users\josep\source\repos\AIOTED-digital-rawdigits\20260815\11\7_main_dig3_20260815-111804.jpg,7,day,116.04,reading_est 57995; model saw 7; agree,,,0
day_fill,20260815-112603_dig3,20260815-112603,3,C:\Users\josep\source\repos\AIOTED-digital-rawdigits\20260815\11\7_main_dig3_20260815-112603.jpg,7,day,108.41,reading_est 57995; model saw 7; agree,,,0
day_fill,20260815-113804_dig3,20260815-113804,3,C:\Users\josep\source\repos\AIOTED-digital-rawdigits\20260815\11\7_main_dig3_20260815-113804.jpg,7,day,132.02,reading_est 57996; model saw 7; agree,,,0
day_fill,20260815-114604_dig3,20260815-114604,3,C:\Users\josep\source\repos\AIOTED-digital-rawdigits\20260815\11\7_main_dig3_20260815-114604.jpg,7,day,137.79,reading_est 57996; model saw 7; agree,,,0
day_fill,20260815-115804_dig3,20260815-115804,3,C:\Users\josep\source\repos\AIOTED-digital-rawdigits\20260815\11\7_main_dig3_20260815-115804.jpg,7,day,136.15,reading_est 57996; model saw 7; agree,,,0
day_fill,20260815-120604_dig3,20260815-120604,3,C:\Users\josep\source\repos\AIOTED-digital-rawdigits\20260815\12\7_main_dig3_20260815-120604.jpg,7,day,135.79,reading_est 57996; model saw 7; agree,,,0
day_fill,20260815-121804_dig3,20260815-121804,3,C:\Users\josep\source\repos\AIOTED-digital-rawdigits\20260815\12\7_main_dig3_20260815-121804.jpg,7,day,134.13,reading_est 57997; model saw 7; agree,,,0
day_fill,20260815-122604_dig3,20260815-122604,3,C:\Users\josep\source\repos\AIOTED-digital-rawdigits\20260815\12\7_main_dig3_20260815-122604.jpg,7,day,139.15,reading_est 57997; model saw 7; agree,,,0
day_fill,20260815-123804_dig3,20260815-123804,3,C:\Users\josep\source\repos\AIOTED-digital-rawdigits\20260815\12\7_main_dig3_20260815-123804.jpg,7,day,136.69,reading_est 57997; model saw 7; agree,,,0
day_fill,20260815-124604_dig3,20260815-124604,3,C:\Users\josep\source\repos\AIOTED-digital-rawdigits\20260815\12\7_main_dig3_20260815-124604.jpg,7,day,136.06,reading_est 57997; model saw 7; agree,,,0
day_fill,20260815-125804_dig3,20260815-125804,3,C:\Users\josep\source\repos\AIOTED-digital-rawdigits\20260815\12\7_main_dig3_20260815-125804.jpg,7,day,140.97,reading_est 57998; model saw 7; agree,,,0
day_fill,20260815-130604_dig3,20260815-130604,3,C:\Users\josep\source\repos\AIOTED-digital-rawdigits\20260815\13\7_main_dig3_20260815-130604.jpg,7,day,140.98,reading_est 57998; model saw 7; agree,,,0
day_fill,20260815-131804_dig3,20260815-131804,3,C:\Users\josep\source\repos\AIOTED-digital-rawdigits\20260815\13\7_main_dig3_20260815-131804.jpg,7,day,140.98,reading_est 57999; model saw 7; agree,,,0
day_fill,20260815-132603_dig3,20260815-132603,3,C:\Users\josep\source\repos\AIOTED-digital-rawdigits\20260815\13\7_main_dig3_20260815-132603.jpg,7,day,138.99,reading_est 57999; model saw 7; agree_soft,,,0
day_fill,20260917-142532_dig5,20260917-142532,5,C:\Users\josep\source\repos\AIOTED-digital-rawdigits\20260917\14\4_main_dig5_20260917-142532.jpg,4,day,104.19,reading_est 59142; model saw 4; agree,,,0
day_fill,20260822-071751_dig5,20260822-071751,5,C:\Users\josep\source\repos\AIOTED-digital-rawdigits\20260822\07\4_main_dig5_20260822-071751.jpg,4,day,96.12,reading_est 58247; model saw 4; agree,,,0
day_fill,20260922-141724_dig5,20260922-141724,5,C:\Users\josep\source\repos\AIOTED-digital-rawdigits\20260922\14\4_main_dig5_20260922-141724.jpg,4,day,153.77,reading_est 59248; model saw 4; agree_soft,,,0
day_fill,20260816-161001_dig5,20260816-161001,5,C:\Users\josep\source\repos\AIOTED-digital-rawdigits\20260816\16\4_main_dig5_20260816-161001.jpg,4,day,133.00,reading_est 58041; model saw 4; agree,,,0
day_fill,20260907-122723_dig5,20260907-122723,5,C:\Users\josep\source\repos\AIOTED-digital-rawdigits\20260907\12\4_main_dig5_20260907-122723.jpg,4,day,112.98,reading_est 58843; model saw 4; agree,,,0
day_fill,20260927-094213_dig5,20260927-094213,5,C:\Users\josep\source\repos\AIOTED-digital-rawdigits\20260927\09\4_main_dig5_20260927-094213.jpg,4,day,124.97,reading_est 59348; model saw 4; agree,,,0
day_fill,20260913-142140_dig5,20260913-142140,5,C:\Users\josep\source\repos\AIOTED-digital-rawdigits\20260913\14\4_main_dig5_20260913-142140.jpg,4,day,145.29,reading_est 59048; model saw 4; agree_soft,,,0
day_fill,20260904-140659_dig5,20260904-140659,5,C:\Users\josep\source\repos\AIOTED-digital-rawdigits\20260904\14\4_main_dig5_20260904-140659.jpg,4,day,157.77,reading_est 58741; model saw 4; agree,,,0
day_fill,20260910-083118_dig5,20260910-083118,5,C:\Users\josep\source\repos\AIOTED-digital-rawdigits\20260910\08\4_main_dig5_20260910-083118.jpg,4,day,119.88,reading_est 58944; model saw 4; agree,,,0
day_fill,20260819-074556_dig5,20260819-074556,5,C:\Users\josep\source\repos\AIOTED-digital-rawdigits\20260819\07\4_main_dig5_20260819-074556.jpg,4,day,100.16,reading_est 58140; model saw 4; agree,,,0
day_fill,20260917-131732_dig5,20260917-131732,5,C:\Users\josep\source\repos\AIOTED-digital-rawdigits\20260917\13\4_main_dig5_20260917-131732.jpg,4,day,120.97,reading_est 59140; model saw 4; agree_soft,,,0
day_fill,20260822-082951_dig5,20260822-082951,5,C:\Users\josep\source\repos\AIOTED-digital-rawdigits\20260822\08\4_main_dig5_20260822-082951.jpg,4,day,129.06,reading_est 58248; model saw 4; agree,,,0
day_fill,20260922-122524_dig5,20260922-122524,5,C:\Users\josep\source\repos\AIOTED-digital-rawdigits\20260922\12\4_main_dig5_20260922-122524.jpg,4,day,143.13,reading_est 59247; model saw 4; agree,,,0
day_fill,20260816-172201_dig5,20260816-172201,5,C:\Users\josep\source\repos\AIOTED-digital-rawdigits\20260816\17\4_main_dig5_20260816-172201.jpg,4,day,100.90,reading_est 58044; model saw 4; agree,,,0
day_fill,20260907-130723_dig5,20260907-130723,5,C:\Users\josep\source\repos\AIOTED-digital-rawdigits\20260907\13\4_main_dig5_20260907-130723.jpg,4,day,122.13,reading_est 58844; model saw 4; agree,,,0
day_fill,20260927-101043_dig5,20260927-101043,5,C:\Users\josep\source\repos\AIOTED-digital-rawdigits\20260927\10\4_main_dig5_20260927-101043.jpg,4,day,150.77,reading_est 59348; model saw 4; agree,,,0
day_fill,20260913-122140_dig5,20260913-122140,5,C:\Users\josep\source\repos\AIOTED-digital-rawdigits\20260913\12\4_main_dig5_20260913-122140.jpg,4,day,148.26,reading_est 59046; model saw 4; agree,,,0
day_fill,20260904-154659_dig5,20260904-154659,5,C:\Users\josep\source\repos\AIOTED-digital-rawdigits\20260904\15\4_main_dig5_20260904-154659.jpg,4,day,119.19,reading_est 58746; model saw 4; agree,,,0
day_fill,20260910-105118_dig5,20260910-105118,5,C:\Users\josep\source\repos\AIOTED-digital-rawdigits\20260910\10\4_main_dig5_20260910-105118.jpg,4,day,142.20,reading_est 58946; model saw 4; agree,,,0
day_fill,20260819-111356_dig5,20260819-111356,5,C:\Users\josep\source\repos\AIOTED-digital-rawdigits\20260819\11\4_main_dig5_20260819-111356.jpg,4,day,130.20,reading_est 58146; model saw 4; agree,,,0
day_fill,20260917-150532_dig5,20260917-150532,5,C:\Users\josep\source\repos\AIOTED-digital-rawdigits\20260917\15\4_main_dig5_20260917-150532.jpg,4,day,105.98,reading_est 59142; model saw 4; agree,,,0
day_fill,20260822-085751_dig5,20260822-085751,5,C:\Users\josep\source\repos\AIOTED-digital-rawdigits\20260822\08\4_main_dig5_20260822-085751.jpg,4,day,124.75,reading_est 58249; model saw 4; agree,,,0
day_fill,20260922-083724_dig5,20260922-083724,5,C:\Users\josep\source\repos\AIOTED-digital-rawdigits\20260922\08\4_main_dig5_20260922-083724.jpg,4,day,116.29,reading_est 59242; model saw 4; agree,,,0
day_fill,20260816-162201_dig5,20260816-162201,5,C:\Users\josep\source\repos\AIOTED-digital-rawdigits\20260816\16\4_main_dig5_20260816-162201.jpg,4,day,126.74,reading_est 58042; model saw 4; agree,,,0
day_fill,20260907-131523_dig5,20260907-131523,5,C:\Users\josep\source\repos\AIOTED-digital-rawdigits\20260907\13\4_main_dig5_20260907-131523.jpg,4,day,150.78,reading_est 58846; model saw 4; agree,,,0
day_fill,20260927-085414_dig5,20260927-085414,5,C:\Users\josep\source\repos\AIOTED-digital-rawdigits\20260927\08\4_main_dig5_20260927-085414.jpg,4,day,156.29,reading_est 59347; model saw 4; agree,,,0
day_fill,20260913-114940_dig5,20260913-114940,5,C:\Users\josep\source\repos\AIOTED-digital-rawdigits\20260913\11\4_main_dig5_20260913-114940.jpg,4,day,114.97,reading_est 59046; model saw 4; agree,,,0
day_fill,20260904-164659_dig5,20260904-164659,5,C:\Users\josep\source\repos\AIOTED-digital-rawdigits\20260904\16\4_main_dig5_20260904-164659.jpg,4,day,102.93,reading_est 58748; model saw 4; agree,,,0
day_fill,20260910-111118_dig5,20260910-111118,5,C:\Users\josep\source\repos\AIOTED-digital-rawdigits\20260910\11\4_main_dig5_20260910-111118.jpg,4,day,142.92,reading_est 58947; model saw 4; agree,,,0
day_fill,20260819-084556_dig5,20260819-084556,5,C:\Users\josep\source\repos\AIOTED-digital-rawdigits\20260819\08\4_main_dig5_20260819-084556.jpg,4,day,136.75,reading_est 58141; model saw 4; agree,,,0
day_fill,20260917-134532_dig5,20260917-134532,5,C:\Users\josep\source\repos\AIOTED-digital-rawdigits\20260917\13\4_main_dig5_20260917-134532.jpg,4,day,107.29,reading_est 59141; model saw 4; agree,,,0
day_fill,20260822-091750_dig5,20260822-091750,5,C:\Users\josep\source\repos\AIOTED-digital-rawdigits\20260822\09\4_main_dig5_20260822-091750.jpg,4,day,105.98,reading_est 58249; model saw 4; agree,,,0
day_fill,20260922-131324_dig5,20260922-131324,5,C:\Users\josep\source\repos\AIOTED-digital-rawdigits\20260922\13\4_main_dig5_20260922-131324.jpg,4,day,141.77,reading_est 59248; model saw 4; agree_soft,,,0
day_fill,20260816-160201_dig5,20260816-160201,5,C:\Users\josep\source\repos\AIOTED-digital-rawdigits\20260816\16\4_main_dig5_20260816-160201.jpg,4,day,130.74,reading_est 58041; model saw 4; agree,,,0
day_fill,20260907-115523_dig5,20260907-115523,5,C:\Users\josep\source\repos\AIOTED-digital-rawdigits\20260907\11\4_main_dig5_20260907-115523.jpg,4,day,145.83,reading_est 58841; model saw 4; agree,,,0
day_fill,20260927-082213_dig5,20260927-082213,5,C:\Users\josep\source\repos\AIOTED-digital-rawdigits\20260927\08\4_main_dig5_20260927-082213.jpg,4,day,117.99,reading_est 59346; model saw 4; agree,,,0
day_fill,20260913-084057_dig5,20260913-084057,5,C:\Users\josep\source\repos\AIOTED-digital-rawdigits\20260913\08\4_main_dig5_20260913-084057.jpg,4,day,136.21,reading_est 59043; model saw 4; agree,,,0
day_fill,20260904-143459_dig5,20260904-143459,5,C:\Users\josep\source\repos\AIOTED-digital-rawdigits\20260904\14\4_main_dig5_20260904-143459.jpg,4,day,148.06,reading_est 58742; model saw 4; agree,,,0
day_fill,20260910-120001_dig5,20260910-120001,5,C:\Users\josep\source\repos\AIOTED-digital-rawdigits\20260910\12\4_main_dig5_20260910-120001.jpg,4,day,144.84,reading_est 58948; model saw 4; agree_soft,,,0
day_fill,20260819-075356_dig5,20260819-075356,5,C:\Users\josep\source\repos\AIOTED-digital-rawdigits\20260819\07\4_main_dig5_20260819-075356.jpg,4,day,118.25,reading_est 58140; model saw 4; agree,,,0
day_fill,20260917-151732_dig5,20260917-151732,5,C:\Users\josep\source\repos\AIOTED-digital-rawdigits\20260917\15\4_main_dig5_20260917-151732.jpg,4,day,105.95,reading_est 59143; model saw 4; agree,,,0
day_fill,20260822-082551_dig5,20260822-082551,5,C:\Users\josep\source\repos\AIOTED-digital-rawdigits\20260822\08\4_main_dig5_20260822-082551.jpg,4,day,128.77,reading_est 58248; model saw 4; agree,,,0
day_fill,20260830-104536_dig4,20260830-104536,4,C:\Users\josep\source\repos\AIOTED-digital-rawdigits\20260830\10\10_main_dig4_20260830-104536.jpg,N,day,151.75,dash screen; model saw N; agree,,,0
day_fill,20260917-112132_dig4,20260917-112132,4,C:\Users\josep\source\repos\AIOTED-digital-rawdigits\20260917\11\10_main_dig4_20260917-112132.jpg,N,day,113.98,dash screen; model saw N; agree,,,0
day_fill,20260817-090200_dig4,20260817-090200,4,C:\Users\josep\source\repos\AIOTED-digital-rawdigits\20260817\09\10_main_dig4_20260817-090200.jpg,N,day,149.79,dash screen; model saw N; agree,,,0
day_fill,20260822-150150_dig4,20260822-150150,4,C:\Users\josep\source\repos\AIOTED-digital-rawdigits\20260822\15\10_main_dig4_20260822-150150.jpg,N,day,136.98,dash screen; model saw N; agree,,,0
day_fill,20260821-113752_dig4,20260821-113752,4,C:\Users\josep\source\repos\AIOTED-digital-rawdigits\20260821\11\10_main_dig4_20260821-113752.jpg,N,day,105.77,dash screen; model saw N; agree,,,0
day_fill,20260819-151756_dig4,20260819-151756,4,C:\Users\josep\source\repos\AIOTED-digital-rawdigits\20260819\15\10_main_dig4_20260819-151756.jpg,N,day,144.30,dash screen; model saw N; agree,,,0
day_fill,20260914-080938_dig4,20260914-080938,4,C:\Users\josep\source\repos\AIOTED-digital-rawdigits\20260914\08\10_main_dig4_20260914-080938.jpg,N,day,141.88,dash screen; model saw N; agree,,,0
day_fill,20260911-124829_dig4,20260911-124829,4,C:\Users\josep\source\repos\AIOTED-digital-rawdigits\20260911\12\10_main_dig4_20260911-124829.jpg,N,day,154.69,dash screen; model saw N; agree,,,0
day_fill,20260919-102929_dig4,20260919-102929,4,C:\Users\josep\source\repos\AIOTED-digital-rawdigits\20260919\10\10_main_dig4_20260919-102929.jpg,N,day,104.98,dash screen; model saw N; agree,,,0
day_fill,20260828-093739_dig4,20260828-093739,4,C:\Users\josep\source\repos\AIOTED-digital-rawdigits\20260828\09\10_main_dig4_20260828-093739.jpg,N,day,153.98,dash screen; model saw N; agree,,,0
day_fill,20260902-125909_dig4,20260902-125909,4,C:\Users\josep\source\repos\AIOTED-digital-rawdigits\20260902\12\10_main_dig4_20260902-125909.jpg,N,day,140.97,dash screen; model saw N; agree,,,0
day_fill,20260928-081841_dig4,20260928-081841,4,C:\Users\josep\source\repos\AIOTED-digital-rawdigits\20260928\08\10_main_dig4_20260928-081841.jpg,N,day,146.00,dash screen; model saw N; agree,,,0
day_fill,20260827-091340_dig4,20260827-091340,4,C:\Users\josep\source\repos\AIOTED-digital-rawdigits\20260827\09\10_main_dig4_20260827-091340.jpg,N,day,150.13,dash screen; model saw N; agree,,,0
day_fill,20260815-160203_dig4,20260815-160203,4,C:\Users\josep\source\repos\AIOTED-digital-rawdigits\20260815\16\10_main_dig4_20260815-160203.jpg,N,day,140.02,dash screen; model saw N; agree,,,0
day_fill,20260904-151059_dig4,20260904-151059,4,C:\Users\josep\source\repos\AIOTED-digital-rawdigits\20260904\15\10_main_dig4_20260904-151059.jpg,N,day,150.20,dash screen; model saw N; agree,,,0
day_fill,20260927-123442_dig4,20260927-123442,4,C:\Users\josep\source\repos\AIOTED-digital-rawdigits\20260927\12\10_main_dig4_20260927-123442.jpg,N,day,153.05,dash screen; model saw N; agree,,,0
day_fill,20260922-164923_dig4,20260922-164923,4,C:\Users\josep\source\repos\AIOTED-digital-rawdigits\20260922\16\10_main_dig4_20260922-164923.jpg,N,day,96.29,dash screen; model saw N; agree,,,0
day_fill,20260820-101354_dig4,20260820-101354,4,C:\Users\josep\source\repos\AIOTED-digital-rawdigits\20260820\10\10_main_dig4_20260820-101354.jpg,N,day,151.06,dash screen; model saw N; agree,,,0
day_fill,20260926-140215_dig4,20260926-140215,4,C:\Users\josep\source\repos\AIOTED-digital-rawdigits\20260926\14\10_main_dig4_20260926-140215.jpg,N,day,144.00,dash screen; model saw N; agree,,,0
day_fill,20260908-165521_dig4,20260908-165521,4,C:\Users\josep\source\repos\AIOTED-digital-rawdigits\20260908\16\10_main_dig4_20260908-165521.jpg,N,day,97.69,dash screen; model saw N; agree,,,0
day_fill,20260912-125227_dig4,20260912-125227,4,C:\Users\josep\source\repos\AIOTED-digital-rawdigits\20260912\12\10_main_dig4_20260912-125227.jpg,N,day,104.90,dash screen; model saw N; agree,,,0
day_fill,20260831-100934_dig4,20260831-100934,4,C:\Users\josep\source\repos\AIOTED-digital-rawdigits\20260831\10\10_main_dig4_20260831-100934.jpg,N,day,146.13,dash screen; model saw N; agree,,,0
day_fill,20260920-093328_dig4,20260920-093328,4,C:\Users\josep\source\repos\AIOTED-digital-rawdigits\20260920\09\10_main_dig4_20260920-093328.jpg,N,day,123.29,dash screen; model saw N; agree,,,0
day_fill,20260905-133457_dig4,20260905-133457,4,C:\Users\josep\source\repos\AIOTED-digital-rawdigits\20260905\13\10_main_dig4_20260905-133457.jpg,N,day,150.29,dash screen; model saw N; agree,,,0
day_fill,20260913-112540_dig4,20260913-112540,4,C:\Users\josep\source\repos\AIOTED-digital-rawdigits\20260913\11\10_main_dig4_20260913-112540.jpg,N,day,105.90,dash screen; model saw N; agree,,,0
day_fill,20260924-151419_dig4,20260924-151419,4,C:\Users\josep\source\repos\AIOTED-digital-rawdigits\20260924\15\10_main_dig4_20260924-151419.jpg,N,day,152.84,dash screen; model saw N; agree,,,0
day_fill,20260907-153123_dig4,20260907-153123,4,C:\Users\josep\source\repos\AIOTED-digital-rawdigits\20260907\15\10_main_dig4_20260907-153123.jpg,N,day,150.77,dash screen; model saw N; agree,,,0
day_fill,20260903-123507_dig4,20260903-123507,4,C:\Users\josep\source\repos\AIOTED-digital-rawdigits\20260903\12\10_main_dig4_20260903-123507.jpg,N,day,143.77,dash screen; model saw N; agree,,,0
day_fill,20260921-081726_dig4,20260921-081726,4,C:\Users\josep\source\repos\AIOTED-digital-rawdigits\20260921\08\10_main_dig4_20260921-081726.jpg,N,day,97.29,dash screen; model saw N; agree,,,0
day_fill,20260906-160725_dig4,20260906-160725,4,C:\Users\josep\source\repos\AIOTED-digital-rawdigits\20260906\16\10_main_dig4_20260906-160725.jpg,N,day,107.24,dash screen; model saw N; agree,,,0
day_fill,20260816-075802_dig4,20260816-075802,4,C:\Users\josep\source\repos\AIOTED-digital-rawdigits\20260816\07\10_main_dig4_20260816-075802.jpg,N,day,115.98,dash screen; model saw N; agree,,,0
day_fill,20260918-102531_dig4,20260918-102531,4,C:\Users\josep\source\repos\AIOTED-digital-rawdigits\20260918\10\10_main_dig4_20260918-102531.jpg,N,day,98.29,dash screen; model saw N; agree,,,0
day_fill,20260823-122548_dig4,20260823-122548,4,C:\Users\josep\source\repos\AIOTED-digital-rawdigits\20260823\12\10_main_dig4_20260823-122548.jpg,N,day,134.06,dash screen; model saw N; agree,,,0
day_fill,20260829-120137_dig4,20260829-120137,4,C:\Users\josep\source\repos\AIOTED-digital-rawdigits\20260829\12\10_main_dig4_20260829-120137.jpg,N,day,109.97,dash screen; model saw N; agree,,,0
day_fill,20260915-111336_dig4,20260915-111336,4,C:\Users\josep\source\repos\AIOTED-digital-rawdigits\20260915\11\10_main_dig4_20260915-111336.jpg,N,day,119.91,dash screen; model saw N; agree,,,0
day_fill,20260824-072147_dig4,20260824-072147,4,C:\Users\josep\source\repos\AIOTED-digital-rawdigits\20260824\07\10_main_dig4_20260824-072147.jpg,N,day,109.29,dash screen; model saw N; agree,,,0
day_fill,20260826-090943_dig4,20260826-090943,4,C:\Users\josep\source\repos\AIOTED-digital-rawdigits\20260826\09\10_main_dig4_20260826-090943.jpg,N,day,147.06,dash screen; model saw N; agree,,,0
day_fill,20260910-145601_dig4,20260910-145601,4,C:\Users\josep\source\repos\AIOTED-digital-rawdigits\20260910\14\10_main_dig4_20260910-145601.jpg,N,day,145.29,dash screen; model saw N; agree,,,0
day_fill,20260907-123123_dig2,20260907-123123,2,C:\Users\josep\source\repos\AIOTED-digital-rawdigits\20260907\12\10_main_dig2_20260907-123123.jpg,N,day,145.06,dash screen; model saw N; agree,,,0
day_fill,20260817-084200_dig2,20260817-084200,2,C:\Users\josep\source\repos\AIOTED-digital-rawdigits\20260817\08\10_main_dig2_20260817-084200.jpg,N,day,145.29,dash screen; model saw N; agree,,,0
day_fill,20260919-122929_dig2,20260919-122929,2,C:\Users\josep\source\repos\AIOTED-digital-rawdigits\20260919\12\10_main_dig2_20260919-122929.jpg,N,day,114.29,dash screen; model saw N; agree,,,0
day_fill,20260917-124132_dig2,20260917-124132,2,C:\Users\josep\source\repos\AIOTED-digital-rawdigits\20260917\12\10_main_dig2_20260917-124132.jpg,N,day,106.84,dash screen; model saw N; agree,,,0
day_fill,20260904-133059_dig2,20260904-133059,2,C:\Users\josep\source\repos\AIOTED-digital-rawdigits\20260904\13\10_main_dig2_20260904-133059.jpg,N,day,141.84,dash screen; model saw N; agree,,,0
day_fill,20260920-105328_dig2,20260920-105328,2,C:\Users\josep\source\repos\AIOTED-digital-rawdigits\20260920\10\10_main_dig2_20260920-105328.jpg,N,day,154.01,dash screen; model saw N; agree,,,0
day_fill,20260815-142203_dig2,20260815-142203,2,C:\Users\josep\source\repos\AIOTED-digital-rawdigits\20260815\14\10_main_dig2_20260815-142203.jpg,N,day,132.69,dash screen; model saw N; agree,,,0
day_fill,20260902-161909_dig2,20260902-161909,2,C:\Users\josep\source\repos\AIOTED-digital-rawdigits\20260902\16\10_main_dig2_20260902-161909.jpg,N,day,106.25,dash screen; model saw N; agree,,,0
day_fill,20260915-121336_dig2,20260915-121336,2,C:\Users\josep\source\repos\AIOTED-digital-rawdigits\20260915\12\10_main_dig2_20260915-121336.jpg,N,day,155.86,dash screen; model saw N; agree,,,0
day_fill,20260821-123752_dig2,20260821-123752,2,C:\Users\josep\source\repos\AIOTED-digital-rawdigits\20260821\12\10_main_dig2_20260821-123752.jpg,N,day,118.00,dash screen; model saw N; agree,,,0
day_fill,20260826-080943_dig2,20260826-080943,2,C:\Users\josep\source\repos\AIOTED-digital-rawdigits\20260826\08\10_main_dig2_20260826-080943.jpg,N,day,130.77,dash screen; model saw N; agree,,,0
day_fill,20260921-081726_dig2,20260921-081726,2,C:\Users\josep\source\repos\AIOTED-digital-rawdigits\20260921\08\10_main_dig2_20260921-081726.jpg,N,day,97.29,dash screen; model saw N; agree,,,0
day_fill,20260824-130946_dig2,20260824-130946,2,C:\Users\josep\source\repos\AIOTED-digital-rawdigits\20260824\13\10_main_dig2_20260824-130946.jpg,N,day,134.98,dash screen; model saw N; agree,,,0
day_fill,20260913-122540_dig2,20260913-122540,2,C:\Users\josep\source\repos\AIOTED-digital-rawdigits\20260913\12\10_main_dig2_20260913-122540.jpg,N,day,156.09,dash screen; model saw N; agree,,,0
day_fill,20260829-120137_dig2,20260829-120137,2,C:\Users\josep\source\repos\AIOTED-digital-rawdigits\20260829\12\10_main_dig2_20260829-120137.jpg,N,day,109.97,dash screen; model saw N; agree,,,0
day_fill,20260928-093841_dig2,20260928-093841,2,C:\Users\josep\source\repos\AIOTED-digital-rawdigits\20260928\09\10_main_dig2_20260928-093841.jpg,N,day,156.69,dash screen; model saw N; agree,,,0
day_fill,20260903-123507_dig2,20260903-123507,2,C:\Users\josep\source\repos\AIOTED-digital-rawdigits\20260903\12\10_main_dig2_20260903-123507.jpg,N,day,143.77,dash screen; model saw N; agree,,,0
day_fill,20260911-092829_dig2,20260911-092829,2,C:\Users\josep\source\repos\AIOTED-digital-rawdigits\20260911\09\10_main_dig2_20260911-092829.jpg,N,day,158.21,dash screen; model saw N; agree,,,0
day_fill,20260822-134150_dig2,20260822-134150,2,C:\Users\josep\source\repos\AIOTED-digital-rawdigits\20260822\13\10_main_dig2_20260822-134150.jpg,N,day,124.97,dash screen; model saw N; agree,,,0
day_fill,20260914-161738_dig2,20260914-161738,2,C:\Users\josep\source\repos\AIOTED-digital-rawdigits\20260914\16\10_main_dig2_20260914-161738.jpg,N,day,96.06,dash screen; model saw N; agree,,,0
day_fill,20260926-110215_dig2,20260926-110215,2,C:\Users\josep\source\repos\AIOTED-digital-rawdigits\20260926\11\10_main_dig2_20260926-110215.jpg,N,day,153.02,dash screen; model saw N; agree,,,0
day_fill,20260912-091227_dig2,20260912-091227,2,C:\Users\josep\source\repos\AIOTED-digital-rawdigits\20260912\09\10_main_dig2_20260912-091227.jpg,N,day,158.98,dash screen; model saw N; agree,,,0
day_fill,20260827-170141_dig2,20260827-170141,2,C:\Users\josep\source\repos\AIOTED-digital-rawdigits\20260827\17\10_main_dig2_20260827-170141.jpg,N,day,108.29,dash screen; model saw N; agree,,,0
day_fill,20260924-093750_dig2,20260924-093750,2,C:\Users\josep\source\repos\AIOTED-digital-rawdigits\20260924\09\10_main_dig2_20260924-093750.jpg,N,day,154.29,dash screen; model saw N; agree,,,0
day_fill,20260910-125601_dig2,20260910-125601,2,C:\Users\josep\source\repos\AIOTED-digital-rawdigits\20260910\12\10_main_dig2_20260910-125601.jpg,N,day,143.72,dash screen; model saw N; agree,,,0
day_fill,20260905-133457_dig2,20260905-133457,2,C:\Users\josep\source\repos\AIOTED-digital-rawdigits\20260905\13\10_main_dig2_20260905-133457.jpg,N,day,150.29,dash screen; model saw N; agree,,,0
day_fill,20260820-083354_dig2,20260820-083354,2,C:\Users\josep\source\repos\AIOTED-digital-rawdigits\20260820\08\10_main_dig2_20260820-083354.jpg,N,day,137.05,dash screen; model saw N; agree,,,0
day_fill,20260823-160548_dig2,20260823-160548,2,C:\Users\josep\source\repos\AIOTED-digital-rawdigits\20260823\16\10_main_dig2_20260823-160548.jpg,N,day,111.26,dash screen; model saw N; agree,,,0
day_fill,20260906-122725_dig2,20260906-122725,2,C:\Users\josep\source\repos\AIOTED-digital-rawdigits\20260906\12\10_main_dig2_20260906-122725.jpg,N,day,148.29,dash screen; model saw N; agree,,,0
day_fill,20260927-123442_dig2,20260927-123442,2,C:\Users\josep\source\repos\AIOTED-digital-rawdigits\20260927\12\10_main_dig2_20260927-123442.jpg,N,day,153.05,dash screen; model saw N; agree,,,0
day_fill,20260828-075740_dig2,20260828-075740,2,C:\Users\josep\source\repos\AIOTED-digital-rawdigits\20260828\07\10_main_dig2_20260828-075740.jpg,N,day,121.06,dash screen; model saw N; agree,,,0
day_fill,20260831-102934_dig2,20260831-102934,2,C:\Users\josep\source\repos\AIOTED-digital-rawdigits\20260831\10\10_main_dig2_20260831-102934.jpg,N,day,149.83,dash screen; model saw N; agree,,,0
day_fill,20260922-094124_dig2,20260922-094124,2,C:\Users\josep\source\repos\AIOTED-digital-rawdigits\20260922\09\10_main_dig2_20260922-094124.jpg,N,day,148.29,dash screen; model saw N; agree,,,0
day_fill,20260925-135817_dig3,20260925-135817,3,C:\Users\josep\source\repos\AIOTED-digital-rawdigits\20260925\13\10_main_dig3_20260925-135817.jpg,N,day,151.06,dash screen; model saw N; agree,,,0
day_fill,20260907-121123_dig3,20260907-121123,3,C:\Users\josep\source\repos\AIOTED-digital-rawdigits\20260907\12\10_main_dig3_20260907-121123.jpg,N,day,153.84,dash screen; model saw N; agree,,,0
day_fill,20260924-103419_dig3,20260924-103419,3,C:\Users\josep\source\repos\AIOTED-digital-rawdigits\20260924\10\10_main_dig3_20260924-103419.jpg,N,day,150.79,dash screen; model saw N; agree,,,0
day_fill,20260922-164923_dig3,20260922-164923,3,C:\Users\josep\source\repos\AIOTED-digital-rawdigits\20260922\16\10_main_dig3_20260922-164923.jpg,N,day,96.29,dash screen; model saw N; agree,,,0
day_fill,20260816-144601_dig3,20260816-144601,3,C:\Users\josep\source\repos\AIOTED-digital-rawdigits\20260816\14\10_main_dig3_20260816-144601.jpg,N,day,139.02,dash screen; model saw N; agree,,,0
day_fill,20260919-120929_dig3,20260919-120929,3,C:\Users\josep\source\repos\AIOTED-digital-rawdigits\20260919\12\10_main_dig3_20260919-120929.jpg,N,day,106.84,dash screen; model saw N; agree,,,0
day_fill,20260821-131752_dig3,20260821-131752,3,C:\Users\josep\source\repos\AIOTED-digital-rawdigits\20260821\13\10_main_dig3_20260821-131752.jpg,N,day,141.06,dash screen; model saw N; agree,,,0
day_fill,20260822-130150_dig3,20260822-130150,3,C:\Users\josep\source\repos\AIOTED-digital-rawdigits\20260822\13\10_main_dig3_20260822-130150.jpg,N,day,115.04,dash screen; model saw N; agree,,,0
day_fill,20260911-120829_dig3,20260911-120829,3,C:\Users\josep\source\repos\AIOTED-digital-rawdigits\20260911\12\10_main_dig3_20260911-120829.jpg,N,day,149.05,dash screen; model saw N; agree,,,0
day_fill,20260823-130548_dig3,20260823-130548,3,C:\Users\josep\source\repos\AIOTED-digital-rawdigits\20260823\13\10_main_dig3_20260823-130548.jpg,N,day,136.75,dash screen; model saw N; agree,,,0
day_fill,20260815-160203_dig3,20260815-160203,3,C:\Users\josep\source\repos\AIOTED-digital-rawdigits\20260815\16\10_main_dig3_20260815-160203.jpg,N,day,140.02,dash screen; model saw N; agree,,,0
day_fill,20260927-115443_dig3,20260927-115443,3,C:\Users\josep\source\repos\AIOTED-digital-rawdigits\20260927\11\10_main_dig3_20260927-115443.jpg,N,day,158.05,dash screen; model saw N; agree,,,0
day_fill,20260820-121354_dig3,20260820-121354,3,C:\Users\josep\source\repos\AIOTED-digital-rawdigits\20260820\12\10_main_dig3_20260820-121354.jpg,N,day,137.98,dash screen; model saw N; agree,,,0
day_fill,20260831-092934_dig3,20260831-092934,3,C:\Users\josep\source\repos\AIOTED-digital-rawdigits\20260831\09\10_main_dig3_20260831-092934.jpg,N,day,152.83,dash screen; model saw N; agree,,,0
day_fill,20260905-094657_dig3,20260905-094657,3,C:\Users\josep\source\repos\AIOTED-digital-rawdigits\20260905\09\10_main_dig3_20260905-094657.jpg,N,day,98.97,dash screen; model saw N; agree,,,0
day_fill,20260904-101905_dig3,20260904-101905,3,C:\Users\josep\source\repos\AIOTED-digital-rawdigits\20260904\10\10_main_dig3_20260904-101905.jpg,N,day,115.06,dash screen; model saw N; agree,,,0
day_fill,20260819-114956_dig3,20260819-114956,3,C:\Users\josep\source\repos\AIOTED-digital-rawdigits\20260819\11\10_main_dig3_20260819-114956.jpg,N,day,138.77,dash screen; model saw N; agree,,,0
day_fill,20260829-120137_dig3,20260829-120137,3,C:\Users\josep\source\repos\AIOTED-digital-rawdigits\20260829\12\10_main_dig3_20260829-120137.jpg,N,day,109.97,dash screen; model saw N; agree,,,0
day_fill,20260824-152946_dig3,20260824-152946,3,C:\Users\josep\source\repos\AIOTED-digital-rawdigits\20260824\15\10_main_dig3_20260824-152946.jpg,N,day,127.98,dash screen; model saw N; agree,,,0
day_fill,20260913-161339_dig3,20260913-161339,3,C:\Users\josep\source\repos\AIOTED-digital-rawdigits\20260913\16\10_main_dig3_20260913-161339.jpg,N,day,101.12,dash screen; model saw N; agree,,,0
day_fill,20260914-100938_dig3,20260914-100938,3,C:\Users\josep\source\repos\AIOTED-digital-rawdigits\20260914\10\10_main_dig3_20260914-100938.jpg,N,day,157.29,dash screen; model saw N; agree,,,0
day_fill,20260912-091227_dig3,20260912-091227,3,C:\Users\josep\source\repos\AIOTED-digital-rawdigits\20260912\09\10_main_dig3_20260912-091227.jpg,N,day,158.98,dash screen; model saw N; agree,,,0
day_fill,20260908-141521_dig3,20260908-141521,3,C:\Users\josep\source\repos\AIOTED-digital-rawdigits\20260908\14\10_main_dig3_20260908-141521.jpg,N,day,125.77,dash screen; model saw N; agree,,,0
day_fill,20260928-133841_dig3,20260928-133841,3,C:\Users\josep\source\repos\AIOTED-digital-rawdigits\20260928\13\10_main_dig3_20260928-133841.jpg,N,day,149.90,dash screen; model saw N; agree,,,0
day_fill,20260830-104536_dig3,20260830-104536,3,C:\Users\josep\source\repos\AIOTED-digital-rawdigits\20260830\10\10_main_dig3_20260830-104536.jpg,N,day,151.75,dash screen; model saw N; agree,,,0
day_fill,20260903-111507_dig3,20260903-111507,3,C:\Users\josep\source\repos\AIOTED-digital-rawdigits\20260903\11\10_main_dig3_20260903-111507.jpg,N,day,144.77,dash screen; model saw N; agree,,,0
day_fill,20260826-155742_dig3,20260826-155742,3,C:\Users\josep\source\repos\AIOTED-digital-rawdigits\20260826\15\10_main_dig3_20260826-155742.jpg,N,day,142.29,dash screen; model saw N; agree,,,0
day_fill,20260926-160215_dig3,20260926-160215,3,C:\Users\josep\source\repos\AIOTED-digital-rawdigits\20260926\16\10_main_dig3_20260926-160215.jpg,N,day,105.97,dash screen; model saw N; agree,,,0
day_fill,20260910-135601_dig3,20260910-135601,3,C:\Users\josep\source\repos\AIOTED-digital-rawdigits\20260910\13\10_main_dig3_20260910-135601.jpg,N,day,146.98,dash screen; model saw N; agree,,,0
day_fill,20260917-104133_dig3,20260917-104133,3,C:\Users\josep\source\repos\AIOTED-digital-rawdigits\20260917\10\10_main_dig3_20260917-104133.jpg,N,day,108.85,dash screen; model saw N; agree,,,0
day_fill,20260921-093726_dig3,20260921-093726,3,C:\Users\josep\source\repos\AIOTED-digital-rawdigits\20260921\09\10_main_dig3_20260921-093726.jpg,N,day,116.96,dash screen; model saw N; agree,,,0
day_fill,20260920-083328_dig3,20260920-083328,3,C:\Users\josep\source\repos\AIOTED-digital-rawdigits\20260920\08\10_main_dig3_20260920-083328.jpg,N,day,104.19,dash screen; model saw N; agree,,,0
day_fill,20260817-100200_dig3,20260817-100200,3,C:\Users\josep\source\repos\AIOTED-digital-rawdigits\20260817\10\10_main_dig3_20260817-100200.jpg,N,day,141.20,dash screen; model saw N; agree,,,0
day_fill,20260827-091340_dig3,20260827-091340,3,C:\Users\josep\source\repos\AIOTED-digital-rawdigits\20260827\09\10_main_dig3_20260827-091340.jpg,N,day,150.13,dash screen; model saw N; agree,,,0
day_fill,20260918-130531_dig3,20260918-130531,3,C:\Users\josep\source\repos\AIOTED-digital-rawdigits\20260918\13\10_main_dig3_20260918-130531.jpg,N,day,119.98,dash screen; model saw N; agree,,,0
day_fill,20260906-075056_dig3,20260906-075056,3,C:\Users\josep\source\repos\AIOTED-digital-rawdigits\20260906\07\10_main_dig3_20260906-075056.jpg,N,day,106.98,dash screen; model saw N; agree,,,0
day_fill,20260915-121336_dig3,20260915-121336,3,C:\Users\josep\source\repos\AIOTED-digital-rawdigits\20260915\12\10_main_dig3_20260915-121336.jpg,N,day,155.86,dash screen; model saw N; agree,,,0
day_fill,20260917-112132_dig5,20260917-112132,5,C:\Users\josep\source\repos\AIOTED-digital-rawdigits\20260917\11\0_main_dig5_20260917-112132.jpg,0,day,113.98,"dash screen (dig5/6 believed 0 9, unverified); model saw 0",,,1
day_fill,20260904-133059_dig5,20260904-133059,5,C:\Users\josep\source\repos\AIOTED-digital-rawdigits\20260904\13\0_main_dig5_20260904-133059.jpg,0,day,141.84,"dash screen (dig5/6 believed 0 9, unverified); model saw 0",,,1
day_fill,20260907-143123_dig5,20260907-143123,5,C:\Users\josep\source\repos\AIOTED-digital-rawdigits\20260907\14\0_main_dig5_20260907-143123.jpg,0,day,151.98,"dash screen (dig5/6 believed 0 9, unverified); model saw 0",,,1
day_fill,20260921-162525_dig5,20260921-162525,5,C:\Users\josep\source\repos\AIOTED-digital-rawdigits\20260921\16\0_main_dig5_20260921-162525.jpg,0,day,106.97,"dash screen (dig5/6 believed 0 9, unverified); model saw 0",,,1
day_fill,20260816-073802_dig5,20260816-073802,5,C:\Users\josep\source\repos\AIOTED-digital-rawdigits\20260816\07\0_main_dig5_20260816-073802.jpg,0,day,96.77,"dash screen (dig5/6 believed 0 9, unverified); model saw 0",,,1
day_fill,20260823-162548_dig5,20260823-162548,5,C:\Users\josep\source\repos\AIOTED-digital-rawdigits\20260823\16\0_main_dig5_20260823-162548.jpg,0,day,103.25,"dash screen (dig5/6 believed 0 9, unverified); model saw 0",,,1
day_fill,20260924-133419_dig5,20260924-133419,5,C:\Users\josep\source\repos\AIOTED-digital-rawdigits\20260924\13\0_main_dig5_20260924-133419.jpg,0,day,150.98,"dash screen (dig5/6 believed 0 9, unverified); model saw 0",,,1
day_fill,20260815-164603_dig5,20260815-164603,5,C:\Users\josep\source\repos\AIOTED-digital-rawdigits\20260815\16\0_main_dig5_20260815-164603.jpg,0,day,97.98,reading_est 58007; model saw 0; agree,,,0
day_fill,20260920-142927_dig5,20260920-142927,5,C:\Users\josep\source\repos\AIOTED-digital-rawdigits\20260920\14\0_main_dig5_20260920-142927.jpg,0,day,120.97,reading_est 59204; model saw 0; agree,,,0
day_fill,20260829-130537_dig5,20260829-130537,5,C:\Users\josep\source\repos\AIOTED-digital-rawdigits\20260829\13\0_main_dig5_20260829-130537.jpg,0,day,101.69,reading_est 58501; model saw 0; agree,,,0
day_fill,20260930-092237_dig5,20260930-092237,5,C:\Users\josep\source\repos\AIOTED-digital-rawdigits\20260930\09\0_main_dig5_20260930-092237.jpg,0,day,108.98,reading_est 59407; model saw 0; agree,,,0
day_fill,20260906-083456_dig5,20260906-083456,5,C:\Users\josep\source\repos\AIOTED-digital-rawdigits\20260906\08\0_main_dig5_20260906-083456.jpg,0,day,111.92,reading_est 58802; model saw 0; agree,,,0
day_fill,20260925-103417_dig5,20260925-103417,5,C:\Users\josep\source\repos\AIOTED-digital-rawdigits\20260925\10\0_main_dig5_20260925-103417.jpg,0,day,126.04,reading_est 59308; model saw 0; agree_soft,,,0
day_fill,20260826-174142_dig5,20260826-174142,5,C:\Users\josep\source\repos\AIOTED-digital-rawdigits\20260826\17\0_main_dig5_20260826-174142.jpg,0,day,98.74,reading_est 58403; model saw 0; agree,,,0
day_fill,20260903-143907_dig5,20260903-143907,5,C:\Users\josep\source\repos\AIOTED-digital-rawdigits\20260903\14\0_main_dig5_20260903-143907.jpg,0,day,102.21,reading_est 58702; model saw 0; agree,,,0
day_fill,20260815-163803_dig5,20260815-163803,5,C:\Users\josep\source\repos\AIOTED-digital-rawdigits\20260815\16\0_main_dig5_20260815-163803.jpg,0,day,108.21,reading_est 58007; model saw 0; agree,,,0
day_fill,20260920-112927_dig5,20260920-112927,5,C:\Users\josep\source\repos\AIOTED-digital-rawdigits\20260920\11\0_main_dig5_20260920-112927.jpg,0,day,143.77,reading_est 59201; model saw 0; agree,,,0
day_fill,20260829-121737_dig5,20260829-121737,5,C:\Users\josep\source\repos\AIOTED-digital-rawdigits\20260829\12\0_main_dig5_20260829-121737.jpg,0,day,100.98,reading_est 58500; model saw 0; agree,,,0
day_fill,20260930-100237_dig5,20260930-100237,5,C:\Users\josep\source\repos\AIOTED-digital-rawdigits\20260930\10\0_main_dig5_20260930-100237.jpg,0,day,107.98,reading_est 59407; model saw 0; agree,,,0
day_fill,20260906-090656_dig5,20260906-090656,5,C:\Users\josep\source\repos\AIOTED-digital-rawdigits\20260906\09\0_main_dig5_20260906-090656.jpg,0,day,114.10,reading_est 58803; model saw 0; agree,,,0
day_fill,20260925-113417_dig5,20260925-113417,5,C:\Users\josep\source\repos\AIOTED-digital-rawdigits\20260925\11\0_main_dig5_20260925-113417.jpg,0,day,134.06,reading_est 59308; model saw 0; agree_soft,,,0
day_fill,20260826-160142_dig5,20260826-160142,5,C:\Users\josep\source\repos\AIOTED-digital-rawdigits\20260826\16\0_main_dig5_20260826-160142.jpg,0,day,136.22,reading_est 58400; model saw 0; agree,,,0
day_fill,20260903-151907_dig5,20260903-151907,5,C:\Users\josep\source\repos\AIOTED-digital-rawdigits\20260903\15\0_main_dig5_20260903-151907.jpg,0,day,110.97,reading_est 58704; model saw 0; agree,,,0
day_fill,20260815-140603_dig5,20260815-140603,5,C:\Users\josep\source\repos\AIOTED-digital-rawdigits\20260815\14\0_main_dig5_20260815-140603.jpg,0,day,122.98,reading_est 58001; model saw 0; agree,,,0
day_fill,20260920-111727_dig5,20260920-111727,5,C:\Users\josep\source\repos\AIOTED-digital-rawdigits\20260920\11\0_main_dig5_20260920-111727.jpg,0,day,144.29,reading_est 59201; model saw 0; agree,,,0
day_fill,20260829-122537_dig5,20260829-122537,5,C:\Users\josep\source\repos\AIOTED-digital-rawdigits\20260829\12\0_main_dig5_20260829-122537.jpg,0,day,101.69,reading_est 58500; model saw 0; agree,,,0
day_fill,20260930-091037_dig5,20260930-091037,5,C:\Users\josep\source\repos\AIOTED-digital-rawdigits\20260930\09\0_main_dig5_20260930-091037.jpg,0,day,106.00,reading_est 59406; model saw 0; agree,,,0
day_fill,20260906-092656_dig5,20260906-092656,5,C:\Users\josep\source\repos\AIOTED-digital-rawdigits\20260906\09\0_main_dig5_20260906-092656.jpg,0,day,139.85,reading_est 58803; model saw 0; agree,,,0
day_fill,20260925-112217_dig5,20260925-112217,5,C:\Users\josep\source\repos\AIOTED-digital-rawdigits\20260925\11\0_main_dig5_20260925-112217.jpg,0,day,145.78,reading_est 59308; model saw 0; agree_soft,,,0
day_fill,20260826-170142_dig5,20260826-170142,5,C:\Users\josep\source\repos\AIOTED-digital-rawdigits\20260826\17\0_main_dig5_20260826-170142.jpg,0,day,98.90,reading_est 58402; model saw 0; agree,,,0
day_fill,20260903-141107_dig5,20260903-141107,5,C:\Users\josep\source\repos\AIOTED-digital-rawdigits\20260903\14\0_main_dig5_20260903-141107.jpg,0,day,104.97,reading_est 58701; model saw 0; agree,,,0
day_fill,20260815-162603_dig5,20260815-162603,5,C:\Users\josep\source\repos\AIOTED-digital-rawdigits\20260815\16\0_main_dig5_20260815-162603.jpg,0,day,111.29,reading_est 58006; model saw 0; agree,,,0
day_fill,20260920-161727_dig5,20260920-161727,5,C:\Users\josep\source\repos\AIOTED-digital-rawdigits\20260920\16\0_main_dig5_20260920-161727.jpg,0,day,101.17,reading_est 59206; model saw 0; agree,,,0
day_fill,20260829-120537_dig5,20260829-120537,5,C:\Users\josep\source\repos\AIOTED-digital-rawdigits\20260829\12\0_main_dig5_20260829-120537.jpg,0,day,104.77,reading_est 58500; model saw 0; agree,,,0
day_fill,20260930-095037_dig5,20260930-095037,5,C:\Users\josep\source\repos\AIOTED-digital-rawdigits\20260930\09\0_main_dig5_20260930-095037.jpg,0,day,107.84,reading_est 59407; model saw 0; agree,,,0
day_fill,20260906-104656_dig5,20260906-104656,5,C:\Users\josep\source\repos\AIOTED-digital-rawdigits\20260906\10\0_main_dig5_20260906-104656.jpg,0,day,148.09,reading_est 58805; model saw 0; agree,,,0
