queue,item_id,stamp,pos,src,proposed,bucket,brightness,context,preflag,group,needs_verify
night_err,20260816-201801_dig6,20260816-201801,6,C:\Users\josep\source\repos\AIOTED-digital-rawdigits\20260816\20\9_main_dig6_20260816-201801.jpg,1,flash,76.00,reading_est 58051; model saw 9; ambiguous,model_disagrees,,1
night_err,20260821-232151_dig6,20260821-232151,6,C:\Users\josep\source\repos\AIOTED-digital-rawdigits\20260821\23\9_main_dig6_20260821-232151.jpg,1,flash,76.87,reading_est 58241; model saw 9; disagree,model_disagrees,,1
night_err,20260914-055738_dig6,20260914-055738,6,C:\Users\josep\source\repos\AIOTED-digital-rawdigits\20260914\05\0_main_dig6_20260914-055738.jpg,1,flash,76.94,reading_est 59061; model saw 0; ambiguous,model_disagrees,,1
night_err,20260829-220136_dig6,20260829-220136,6,C:\Users\josep\source\repos\AIOTED-digital-rawdigits\20260829\22\9_main_dig6_20260829-220136.jpg,1,flash,75.13,reading_est 58511; model saw 9; ambiguous,model_disagrees,,1
night_err,20260902-221509_dig6,20260902-221509,6,C:\Users\josep\source\repos\AIOTED-digital-rawdigits\20260902\22\9_main_dig6_20260902-221509.jpg,1,flash,74.13,reading_est 58681; model saw 9; ambiguous,model_disagrees,,1
night_err,20260911-024800_dig6,20260911-024800,6,C:\Users\josep\source\repos\AIOTED-digital-rawdigits\20260911\02\4_main_dig6_20260911-024800.jpg,1,flash,77.81,reading_est 58971; model saw 4; ambiguous,model_disagrees,,1
night_err,20260817-202159_dig6,20260817-202159,6,C:\Users\josep\source\repos\AIOTED-digital-rawdigits\20260817\20\9_main_dig6_20260817-202159.jpg,1,flash,75.87,reading_est 58091; model saw 9; disagree,model_disagrees,,1
night_err,20260819-232155_dig6,20260819-232155,6,C:\Users\josep\source\repos\AIOTED-digital-rawdigits\20260819\23\9_main_dig6_20260819-232155.jpg,1,flash,76.81,reading_est 58171; model saw 9; ambiguous,model_disagrees,,1
night_err,20260925-055418_dig6,20260925-055418,6,C:\Users\josep\source\repos\AIOTED-digital-rawdigits\20260925\05\4_main_dig6_20260925-055418.jpg,1,flash,77.87,reading_est 59301; model saw 4; ambiguous,model_disagrees,,1
night_err,20260824-021746_dig6,20260824-021746,6,C:\Users\josep\source\repos\AIOTED-digital-rawdigits\20260824\02\9_main_dig6_20260824-021746.jpg,1,flash,76.94,reading_est 58311; model saw 9; ambiguous,model_disagrees,,1
night_err,20260907-192323_dig6,20260907-192323,6,C:\Users\josep\source\repos\AIOTED-digital-rawdigits\20260907\19\4_main_dig6_20260907-192323.jpg,1,flash,77.93,reading_est 58861; model saw 4; ambiguous,model_disagrees,,1
night_err,20260912-194058_dig6,20260912-194058,6,C:\Users\josep\source\repos\AIOTED-digital-rawdigits\20260912\19\8_main_dig6_20260912-194058.jpg,1,flash,77.31,reading_est 59030; skip 59030->59032: inferred 59031 (lower run); model saw 8; ambiguous,model_disagrees,,1
night_err,20260831-040534_dig6,20260831-040534,6,C:\Users\josep\source\repos\AIOTED-digital-rawdigits\20260831\04\9_main_dig6_20260831-040534.jpg,1,flash,76.10,reading_est 58551; model saw 9; disagree,model_disagrees,,1
night_err,20260910-055118_dig6,20260910-055118,6,C:\Users\josep\source\repos\AIOTED-digital-rawdigits\20260910\05\4_main_dig6_20260910-055118.jpg,1,flash,77.81,reading_est 58941; model saw 4; disagree,model_disagrees,,1
night_err,20260928-012642_dig6,20260928-012642,6,C:\Users\josep\source\repos\AIOTED-digital-rawdigits\20260928\01\4_main_dig6_20260928-012642.jpg,1,flash,78.93,reading_est 59361; model saw 4; ambiguous,model_disagrees,,1
night_err,20260905-000258_dig6,20260905-000258,6,C:\Users\josep\source\repos\AIOTED-digital-rawdigits\20260905\00\4_main_dig6_20260905-000258.jpg,1,flash,76.94,reading_est 58761; model saw 4; ambiguous,model_disagrees,,1
night_err,20260917-033733_dig6,20260917-033733,6,C:\Users\josep\source\repos\AIOTED-digital-rawdigits\20260917\03\4_main_dig6_20260917-033733.jpg,1,flash,78.17,reading_est 59131; model saw 4; ambiguous,model_disagrees,,1
night_err,20260904-082306_dig6,20260904-082306,6,C:\Users\josep\source\repos\AIOTED-digital-rawdigits\20260904\08\9_main_dig6_20260904-082306.jpg,1,flash,77.80,reading_est 58731; model saw 9; ambiguous,model_disagrees,,1
night_err,20260816-033402_dig6,20260816-033402,6,C:\Users\josep\source\repos\AIOTED-digital-rawdigits\20260816\03\9_main_dig6_20260816-033402.jpg,1,flash,75.23,reading_est 58021; model saw 9; ambiguous,model_disagrees,,1
night_err,20260821-022553_dig6,20260821-022553,6,C:\Users\josep\source\repos\AIOTED-digital-rawdigits\20260821\02\9_main_dig6_20260821-022553.jpg,1,flash,76.22,reading_est 58211; model saw 9; ambiguous,model_disagrees,,1
night_err,20260914-051739_dig6,20260914-051739,6,C:\Users\josep\source\repos\AIOTED-digital-rawdigits\20260914\05\4_main_dig6_20260914-051739.jpg,1,flash,76.93,reading_est 59061; model saw 4; ambiguous,model_disagrees,,1
night_err,20260902-221109_dig6,20260902-221109,6,C:\Users\josep\source\repos\AIOTED-digital-rawdigits\20260902\22\9_main_dig6_20260902-221109.jpg,1,flash,74.81,reading_est 58681; model saw 9; ambiguous,model_disagrees,,1
night_err,20260911-022000_dig6,20260911-022000,6,C:\Users\josep\source\repos\AIOTED-digital-rawdigits\20260911\02\4_main_dig6_20260911-022000.jpg,1,flash,77.17,reading_est 58971; model saw 4; disagree,model_disagrees,,1
night_err,20260819-231355_dig6,20260819-231355,6,C:\Users\josep\source\repos\AIOTED-digital-rawdigits\20260819\23\9_main_dig6_20260819-231355.jpg,1,flash,76.87,reading_est 58171; model saw 9; ambiguous,model_disagrees,,1
night_err,20260907-044724_dig6,20260907-044724,6,C:\Users\josep\source\repos\AIOTED-digital-rawdigits\20260907\04\8_main_dig6_20260907-044724.jpg,1,flash,77.86,reading_est 58831; model saw 8; ambiguous,model_disagrees,,1
night_err,20260912-192058_dig6,20260912-192058,6,C:\Users\josep\source\repos\AIOTED-digital-rawdigits\20260912\19\2_main_dig6_20260912-192058.jpg,1,flash,77.13,reading_est 59030; skip 59030->59032: inferred 59031 (lower run); model saw 2; ambiguous,model_disagrees,,1
night_err,20260928-020641_dig6,20260928-020641,6,C:\Users\josep\source\repos\AIOTED-digital-rawdigits\20260928\02\4_main_dig6_20260928-020641.jpg,1,flash,78.93,reading_est 59361; model saw 4; ambiguous,model_disagrees,,1
night_err,20260917-035733_dig6,20260917-035733,6,C:\Users\josep\source\repos\AIOTED-digital-rawdigits\20260917\03\4_main_dig6_20260917-035733.jpg,1,flash,78.00,reading_est 59131; model saw 4; ambiguous,model_disagrees,,1
night_err,20260904-080306_dig6,20260904-080306,6,C:\Users\josep\source\repos\AIOTED-digital-rawdigits\20260904\08\6_main_dig6_20260904-080306.jpg,1,flash,76.96,reading_est 58731; model saw 6; ambiguous,model_disagrees,,1
night_err,20260816-202201_dig6,20260816-202201,6,C:\Users\josep\source\repos\AIOTED-digital-rawdigits\20260816\20\9_main_dig6_20260816-202201.jpg,1,flash,75.82,reading_est 58051; model saw 9; ambiguous,model_disagrees,,1
night_err,20260821-023353_dig6,20260821-023353,6,C:\Users\josep\source\repos\AIOTED-digital-rawdigits\20260821\02\9_main_dig6_20260821-023353.jpg,1,flash,76.29,reading_est 58211; model saw 9; ambiguous,model_disagrees,,1
night_err,20260914-053738_dig6,20260914-053738,6,C:\Users\josep\source\repos\AIOTED-digital-rawdigits\20260914\05\0_main_dig6_20260914-053738.jpg,1,flash,77.00,reading_est 59061; model saw 0; ambiguous,model_disagrees,,1
night_err,20260902-214309_dig6,20260902-214309,6,C:\Users\josep\source\repos\AIOTED-digital-rawdigits\20260902\21\9_main_dig6_20260902-214309.jpg,1,flash,74.87,reading_est 58681; model saw 9; ambiguous,model_disagrees,,1
night_err,20260907-194323_dig6,20260907-194323,6,C:\Users\josep\source\repos\AIOTED-digital-rawdigits\20260907\19\4_main_dig6_20260907-194323.jpg,1,flash,78.17,reading_est 58861; model saw 4; ambiguous,model_disagrees,,1
night_err,20260912-193258_dig6,20260912-193258,6,C:\Users\josep\source\repos\AIOTED-digital-rawdigits\20260912\19\8_main_dig6_20260912-193258.jpg,1,flash,77.29,reading_est 59030; skip 59030->59032: inferred 59031 (lower run); model saw 8; ambiguous,model_disagrees,,1
night_err,20260917-034933_dig6,20260917-034933,6,C:\Users\josep\source\repos\AIOTED-digital-rawdigits\20260917\03\0_main_dig6_20260917-034933.jpg,1,flash,77.75,reading_est 59131; model saw 0; ambiguous,model_disagrees,,1
night_err,20260904-074706_dig6,20260904-074706,6,C:\Users\josep\source\repos\AIOTED-digital-rawdigits\20260904\07\6_main_dig6_20260904-074706.jpg,1,flash,76.00,reading_est 58731; model saw 6; ambiguous,model_disagrees,,1
night_err,20260816-040202_dig6,20260816-040202,6,C:\Users\josep\source\repos\AIOTED-digital-rawdigits\20260816\04\9_main_dig6_20260816-040202.jpg,1,flash,75.10,reading_est 58021; model saw 9; ambiguous,model_disagrees,,1
night_err,20260821-230951_dig6,20260821-230951,6,C:\Users\josep\source\repos\AIOTED-digital-rawdigits\20260821\23\9_main_dig6_20260821-230951.jpg,1,flash,76.62,reading_est 58241; model saw 9; disagree,model_disagrees,,1
night_err,20260902-234308_dig6,20260902-234308,6,C:\Users\josep\source\repos\AIOTED-digital-rawdigits\20260902\23\6_main_dig6_20260902-234308.jpg,1,flash,75.17,reading_est 58681; model saw 6; ambiguous,model_disagrees,,1
night_err,20260907-193523_dig6,20260907-193523,6,C:\Users\josep\source\repos\AIOTED-digital-rawdigits\20260907\19\4_main_dig6_20260907-193523.jpg,1,flash,77.86,reading_est 58861; model saw 4; ambiguous,model_disagrees,,1
night_err,20260912-200058_dig6,20260912-200058,6,C:\Users\josep\source\repos\AIOTED-digital-rawdigits\20260912\20\0_main_dig6_20260912-200058.jpg,1,flash,77.13,reading_est 59030; skip 59030->59032: inferred 59031 (lower run); model saw 0; agree_soft,model_disagrees,,1
night_err,20260904-085506_dig6,20260904-085506,6,C:\Users\josep\source\repos\AIOTED-digital-rawdigits\20260904\08\0_main_dig6_20260904-085506.jpg,1,flash,79.03,reading_est 58731; model saw 0; ambiguous,model_disagrees,,1
night_err,20260816-041402_dig6,20260816-041402,6,C:\Users\josep\source\repos\AIOTED-digital-rawdigits\20260816\04\9_main_dig6_20260816-041402.jpg,1,flash,75.17,reading_est 58021; model saw 9; ambiguous,model_disagrees,,1
night_err,20260821-024553_dig6,20260821-024553,6,C:\Users\josep\source\repos\AIOTED-digital-rawdigits\20260821\02\9_main_dig6_20260821-024553.jpg,1,flash,76.94,reading_est 58211; model saw 9; ambiguous,model_disagrees,,1
night_err,20260902-220309_dig6,20260902-220309,6,C:\Users\josep\source\repos\AIOTED-digital-rawdigits\20260902\22\9_main_dig6_20260902-220309.jpg,1,flash,74.79,reading_est 58681; model saw 9; ambiguous,model_disagrees,,1
night_err,20260912-195258_dig6,20260912-195258,6,C:\Users\josep\source\repos\AIOTED-digital-rawdigits\20260912\19\0_main_dig6_20260912-195258.jpg,1,flash,77.13,reading_est 59030; skip 59030->59032: inferred 59031 (lower run); model saw 0; agree_soft,model_disagrees,,1
night_err,20260904-021506_dig6,20260904-021506,6,C:\Users\josep\source\repos\AIOTED-digital-rawdigits\20260904\02\6_main_dig6_20260904-021506.jpg,1,flash,76.86,reading_est 58721; model saw 6; ambiguous,model_disagrees,,1
night_err,20260816-035402_dig6,20260816-035402,6,C:\Users\josep\source\repos\AIOTED-digital-rawdigits\20260816\03\9_main_dig6_20260816-035402.jpg,1,flash,75.81,reading_est 58021; model saw 9; ambiguous,model_disagrees,,1
night_err,20260902-213509_dig6,20260902-213509,6,C:\Users\josep\source\repos\AIOTED-digital-rawdigits\20260902\21\9_main_dig6_20260902-213509.jpg,1,flash,75.12,reading_est 58681; model saw 9; ambiguous,model_disagrees,,1
night_err,20260904-075506_dig6,20260904-075506,6,C:\Users\josep\source\repos\AIOTED-digital-rawdigits\20260904\07\6_main_dig6_20260904-075506.jpg,1,flash,76.93,reading_est 58731; model saw 6; ambiguous,model_disagrees,,1
night_err,20260816-201001_dig6,20260816-201001,6,C:\Users\josep\source\repos\AIOTED-digital-rawdigits\20260816\20\9_main_dig6_20260816-201001.jpg,1,flash,76.00,reading_est 58051; model saw 9; ambiguous,model_disagrees,,1
night_err,20260902-232308_dig6,20260902-232308,6,C:\Users\josep\source\repos\AIOTED-digital-rawdigits\20260902\23\9_main_dig6_20260902-232308.jpg,1,flash,75.15,reading_est 58681; model saw 9; ambiguous,model_disagrees,,1
night_err,20260904-072706_dig6,20260904-072706,6,C:\Users\josep\source\repos\AIOTED-digital-rawdigits\20260904\07\6_main_dig6_20260904-072706.jpg,1,flash,75.85,reading_est 58731; model saw 6; ambiguous,model_disagrees,,1
night_err,20260816-032202_dig6,20260816-032202,6,C:\Users\josep\source\repos\AIOTED-digital-rawdigits\20260816\03\9_main_dig6_20260816-032202.jpg,1,flash,75.12,reading_est 58021; model saw 9; ambiguous,model_disagrees,,1
night_err,20260902-204309_dig6,20260902-204309,6,C:\Users\josep\source\repos\AIOTED-digital-rawdigits\20260902\20\6_main_dig6_20260902-204309.jpg,1,flash,75.62,reading_est 58681; model saw 6; ambiguous,model_disagrees,,1
night_err,20260904-084306_dig6,20260904-084306,6,C:\Users\josep\source\repos\AIOTED-digital-rawdigits\20260904\08\0_main_dig6_20260904-084306.jpg,1,flash,78.26,reading_est 58731; model saw 0; ambiguous,model_disagrees,,1
night_err,20260902-212309_dig6,20260902-212309,6,C:\Users\josep\source\repos\AIOTED-digital-rawdigits\20260902\21\9_main_dig6_20260902-212309.jpg,1,flash,74.82,reading_est 58681; model saw 9; ambiguous,model_disagrees,,1
night_err,20260904-014706_dig6,20260904-014706,6,C:\Users\josep\source\repos\AIOTED-digital-rawdigits\20260904\01\9_main_dig6_20260904-014706.jpg,1,flash,76.86,reading_est 58721; model saw 9; ambiguous,model_disagrees,,1
night_err,20260902-225509_dig6,20260902-225509,6,C:\Users\josep\source\repos\AIOTED-digital-rawdigits\20260902\22\9_main_dig6_20260902-225509.jpg,1,flash,74.76,reading_est 58681; model saw 9; ambiguous,model_disagrees,,1
night_err,20260913-185739_dig3,20260913-185739,3,C:\Users\josep\source\repos\AIOTED-digital-rawdigits\20260913\18\8_main_dig3_20260913-185739.jpg,9,flash,79.16,reading_est 59053; model saw 8; disagree,model_disagrees,,0
night_err,20260918-052131_dig3,20260918-052131,3,C:\Users\josep\source\repos\AIOTED-digital-rawdigits\20260918\05\8_main_dig3_20260918-052131.jpg,9,flash,78.12,reading_est 59153; model saw 8; disagree,model_disagrees,,0
night_err,20260928-053441_dig3,20260928-053441,3,C:\Users\josep\source\repos\AIOTED-digital-rawdigits\20260928\05\8_main_dig3_20260928-053441.jpg,9,flash,79.17,reading_est 59366; model saw 8; disagree,model_disagrees,,0
night_err,20260915-054937_dig3,20260915-054937,3,C:\Users\josep\source\repos\AIOTED-digital-rawdigits\20260915\05\8_main_dig3_20260915-054937.jpg,9,flash,77.00,reading_est 59084; model saw 8; disagree,model_disagrees,,0
night_err,20260919-074529_dig3,20260919-074529,3,C:\Users\josep\source\repos\AIOTED-digital-rawdigits\20260919\07\8_main_dig3_20260919-074529.jpg,9,flash,79.93,reading_est 59177; model saw 8; disagree,model_disagrees,,0
night_err,20260930-041438_dig3,20260930-041438,3,C:\Users\josep\source\repos\AIOTED-digital-rawdigits\20260930\04\8_main_dig3_20260930-041438.jpg,9,flash,77.78,reading_est 59402; model saw 8; disagree,model_disagrees,,0
night_err,20260925-065417_dig3,20260925-065417,3,C:\Users\josep\source\repos\AIOTED-digital-rawdigits\20260925\06\8_main_dig3_20260925-065417.jpg,9,flash,77.87,reading_est 59302; model saw 8; disagree,model_disagrees,,0
night_err,20260920-010128_dig3,20260920-010128,3,C:\Users\josep\source\repos\AIOTED-digital-rawdigits\20260920\01\8_main_dig3_20260920-010128.jpg,9,flash,78.22,reading_est 59194; model saw 8; disagree,model_disagrees,,0
night_err,20260914-021739_dig3,20260914-021739,3,C:\Users\josep\source\repos\AIOTED-digital-rawdigits\20260914\02\8_main_dig3_20260914-021739.jpg,9,flash,76.93,reading_est 59059; model saw 8; disagree,model_disagrees,,0
night_err,20260921-032526_dig3,20260921-032526,3,C:\Users\josep\source\repos\AIOTED-digital-rawdigits\20260921\03\8_main_dig3_20260921-032526.jpg,9,flash,78.13,reading_est 59216; model saw 8; disagree,model_disagrees,,0
night_err,20260922-050924_dig3,20260922-050924,3,C:\Users\josep\source\repos\AIOTED-digital-rawdigits\20260922\05\8_main_dig3_20260922-050924.jpg,9,flash,78.00,reading_est 59240; model saw 8; disagree,model_disagrees,,0
night_err,20260927-231442_dig3,20260927-231442,3,C:\Users\josep\source\repos\AIOTED-digital-rawdigits\20260927\23\8_main_dig3_20260927-231442.jpg,9,flash,78.16,reading_est 59360; model saw 8; disagree,model_disagrees,,0
night_err,20260926-231414_dig3,20260926-231414,3,C:\Users\josep\source\repos\AIOTED-digital-rawdigits\20260926\23\8_main_dig3_20260926-231414.jpg,9,flash,78.12,reading_est 59344; model saw 8; disagree,model_disagrees,,0
night_err,20260911-232828_dig3,20260911-232828,3,C:\Users\josep\source\repos\AIOTED-digital-rawdigits\20260911\23\8_main_dig3_20260911-232828.jpg,9,flash,77.93,reading_est 59006; model saw 8; ambiguous,model_disagrees,,1
night_err,20260924-024550_dig3,20260924-024550,3,C:\Users\josep\source\repos\AIOTED-digital-rawdigits\20260924\02\8_main_dig3_20260924-024550.jpg,9,flash,78.17,reading_est 59279; model saw 8; disagree,model_disagrees,,0
night_err,20260912-040027_dig3,20260912-040027,3,C:\Users\josep\source\repos\AIOTED-digital-rawdigits\20260912\04\8_main_dig3_20260912-040027.jpg,9,flash,77.93,reading_est 59009; model saw 8; disagree,model_disagrees,,0
night_err,20260917-000933_dig3,20260917-000933,3,C:\Users\josep\source\repos\AIOTED-digital-rawdigits\20260917\00\8_main_dig3_20260917-000933.jpg,9,flash,78.22,reading_est 59129; model saw 8; disagree,model_disagrees,,0
night_err,20260913-212539_dig3,20260913-212539,3,C:\Users\josep\source\repos\AIOTED-digital-rawdigits\20260913\21\8_main_dig3_20260913-212539.jpg,9,flash,77.22,reading_est 59056; model saw 8; disagree,model_disagrees,,0
night_err,20260918-064131_dig3,20260918-064131,3,C:\Users\josep\source\repos\AIOTED-digital-rawdigits\20260918\06\8_main_dig3_20260918-064131.jpg,9,flash,79.25,reading_est 59154; model saw 8; disagree,model_disagrees,,0
night_err,20260928-015442_dig3,20260928-015442,3,C:\Users\josep\source\repos\AIOTED-digital-rawdigits\20260928\01\8_main_dig3_20260928-015442.jpg,9,flash,78.93,reading_est 59361; model saw 8; disagree,model_disagrees,,0
night_err,20260915-215335_dig3,20260915-215335,3,C:\Users\josep\source\repos\AIOTED-digital-rawdigits\20260915\21\8_main_dig3_20260915-215335.jpg,9,flash,76.91,reading_est 59104; model saw 8; disagree,model_disagrees,,0
night_err,20260919-222128_dig3,20260919-222128,3,C:\Users\josep\source\repos\AIOTED-digital-rawdigits\20260919\22\8_main_dig3_20260919-222128.jpg,9,flash,78.83,reading_est 59194; model saw 8; disagree,model_disagrees,,0
night_err,20260930-072237_dig3,20260930-072237,3,C:\Users\josep\source\repos\AIOTED-digital-rawdigits\20260930\07\8_main_dig3_20260930-072237.jpg,9,flash,78.10,reading_est 59405; model saw 8; disagree,model_disagrees,,0
night_err,20260925-205016_dig3,20260925-205016,3,C:\Users\josep\source\repos\AIOTED-digital-rawdigits\20260925\20\8_main_dig3_20260925-205016.jpg,9,flash,79.86,reading_est 59319; model saw 8; disagree,model_disagrees,,0
night_err,20260920-193727_dig3,20260920-193727,3,C:\Users\josep\source\repos\AIOTED-digital-rawdigits\20260920\19\8_main_dig3_20260920-193727.jpg,9,flash,78.17,reading_est 59210; model saw 8; disagree,model_disagrees,,0
night_err,20260914-042539_dig3,20260914-042539,3,C:\Users\josep\source\repos\AIOTED-digital-rawdigits\20260914\04\8_main_dig3_20260914-042539.jpg,9,flash,76.93,reading_est 59060; model saw 8; disagree,model_disagrees,,0
night_err,20260921-054126_dig3,20260921-054126,3,C:\Users\josep\source\repos\AIOTED-digital-rawdigits\20260921\05\8_main_dig3_20260921-054126.jpg,9,flash,78.10,reading_est 59217; model saw 8; disagree,model_disagrees,,0
night_err,20260922-231323_dig3,20260922-231323,3,C:\Users\josep\source\repos\AIOTED-digital-rawdigits\20260922\23\8_main_dig3_20260922-231323.jpg,9,flash,78.00,reading_est 59256; model saw 8; disagree,model_disagrees,,0
night_err,20260927-215842_dig3,20260927-215842,3,C:\Users\josep\source\repos\AIOTED-digital-rawdigits\20260927\21\8_main_dig3_20260927-215842.jpg,9,flash,78.22,reading_est 59359; model saw 8; disagree,model_disagrees,,0
night_err,20260926-190615_dig3,20260926-190615,3,C:\Users\josep\source\repos\AIOTED-digital-rawdigits\20260926\19\8_main_dig3_20260926-190615.jpg,9,flash,79.00,reading_est 59338; model saw 8; disagree,model_disagrees,,0
night_err,20260911-230028_dig3,20260911-230028,3,C:\Users\josep\source\repos\AIOTED-digital-rawdigits\20260911\23\8_main_dig3_20260911-230028.jpg,9,flash,77.85,reading_est 59006; model saw 8; ambiguous,model_disagrees,,1
night_err,20260924-044150_dig3,20260924-044150,3,C:\Users\josep\source\repos\AIOTED-digital-rawdigits\20260924\04\8_main_dig3_20260924-044150.jpg,9,flash,78.16,reading_est 59280; model saw 8; disagree,model_disagrees,,0
night_err,20260912-064827_dig3,20260912-064827,3,C:\Users\josep\source\repos\AIOTED-digital-rawdigits\20260912\06\8_main_dig3_20260912-064827.jpg,9,flash,80.93,reading_est 59011; model saw 8; disagree,model_disagrees,,0
night_err,20260917-183332_dig3,20260917-183332,3,C:\Users\josep\source\repos\AIOTED-digital-rawdigits\20260917\18\8_main_dig3_20260917-183332.jpg,9,flash,78.94,reading_est 59146; model saw 8; disagree,model_disagrees,,0
night_err,20260913-040857_dig3,20260913-040857,3,C:\Users\josep\source\repos\AIOTED-digital-rawdigits\20260913\04\8_main_dig3_20260913-040857.jpg,9,flash,77.93,reading_est 59039; model saw 8; disagree,model_disagrees,,0
night_err,20260918-053331_dig3,20260918-053331,3,C:\Users\josep\source\repos\AIOTED-digital-rawdigits\20260918\05\8_main_dig3_20260918-053331.jpg,9,flash,77.94,reading_est 59153; model saw 8; disagree,model_disagrees,,0
night_err,20260928-230240_dig3,20260928-230240,3,C:\Users\josep\source\repos\AIOTED-digital-rawdigits\20260928\23\8_main_dig3_20260928-230240.jpg,9,flash,79.16,reading_est 59380; model saw 8; disagree,model_disagrees,,0
night_err,20260915-194535_dig3,20260915-194535,3,C:\Users\josep\source\repos\AIOTED-digital-rawdigits\20260915\19\8_main_dig3_20260915-194535.jpg,9,flash,77.13,reading_est 59102; model saw 8; disagree,model_disagrees,,0
night_err,20260919-195329_dig3,20260919-195329,3,C:\Users\josep\source\repos\AIOTED-digital-rawdigits\20260919\19\8_main_dig3_20260919-195329.jpg,9,flash,78.22,reading_est 59190; model saw 8; disagree,model_disagrees,,0
night_err,20260930-025438_dig3,20260930-025438,3,C:\Users\josep\source\repos\AIOTED-digital-rawdigits\20260930\02\8_main_dig3_20260930-025438.jpg,9,flash,77.71,reading_est 59402; model saw 8; disagree,model_disagrees,,0
night_err,20260925-045417_dig3,20260925-045417,3,C:\Users\josep\source\repos\AIOTED-digital-rawdigits\20260925\04\8_main_dig3_20260925-045417.jpg,9,flash,78.12,reading_est 59301; model saw 8; disagree,model_disagrees,,0
night_err,20260920-232527_dig3,20260920-232527,3,C:\Users\josep\source\repos\AIOTED-digital-rawdigits\20260920\23\8_main_dig3_20260920-232527.jpg,9,flash,77.87,reading_est 59213; model saw 8; disagree,model_disagrees,,0
night_err,20260914-211337_dig3,20260914-211337,3,C:\Users\josep\source\repos\AIOTED-digital-rawdigits\20260914\21\8_main_dig3_20260914-211337.jpg,9,flash,77.10,reading_est 59080; model saw 8; disagree,model_disagrees,,0
night_err,20260921-005326_dig3,20260921-005326,3,C:\Users\josep\source\repos\AIOTED-digital-rawdigits\20260921\00\8_main_dig3_20260921-005326.jpg,9,flash,77.87,reading_est 59214; model saw 8; disagree,model_disagrees,,0
night_err,20260922-002925_dig3,20260922-002925,3,C:\Users\josep\source\repos\AIOTED-digital-rawdigits\20260922\00\8_main_dig3_20260922-002925.jpg,9,flash,78.13,reading_est 59237; model saw 8; disagree,model_disagrees,,0
night_err,20260927-184642_dig3,20260927-184642,3,C:\Users\josep\source\repos\AIOTED-digital-rawdigits\20260927\18\8_main_dig3_20260927-184642.jpg,9,flash,79.17,reading_est 59357; model saw 8; disagree,model_disagrees,,0
night_err,20260926-035816_dig3,20260926-035816,3,C:\Users\josep\source\repos\AIOTED-digital-rawdigits\20260926\03\8_main_dig3_20260926-035816.jpg,9,flash,78.13,reading_est 59324; model saw 8; disagree,model_disagrees,,0
night_err,20260911-215228_dig3,20260911-215228,3,C:\Users\josep\source\repos\AIOTED-digital-rawdigits\20260911\21\8_main_dig3_20260911-215228.jpg,9,flash,78.00,reading_est 59004; model saw 8; ambiguous,model_disagrees,,1
night_err,20260924-233818_dig3,20260924-233818,3,C:\Users\josep\source\repos\AIOTED-digital-rawdigits\20260924\23\8_main_dig3_20260924-233818.jpg,9,flash,78.17,reading_est 59297; model saw 8; disagree,model_disagrees,,0
night_err,20260912-202058_dig3,20260912-202058,3,C:\Users\josep\source\repos\AIOTED-digital-rawdigits\20260912\20\8_main_dig3_20260912-202058.jpg,9,flash,78.07,reading_est 59034; model saw 8; disagree,model_disagrees,,0
night_err,20260917-195332_dig3,20260917-195332,3,C:\Users\josep\source\repos\AIOTED-digital-rawdigits\20260917\19\8_main_dig3_20260917-195332.jpg,9,flash,78.16,reading_est 59146; model saw 8; disagree,model_disagrees,,0
night_err,20260913-014857_dig3,20260913-014857,3,C:\Users\josep\source\repos\AIOTED-digital-rawdigits\20260913\01\8_main_dig3_20260913-014857.jpg,9,flash,77.86,reading_est 59036; model saw 8; disagree,model_disagrees,,0
night_err,20260918-173730_dig3,20260918-173730,3,C:\Users\josep\source\repos\AIOTED-digital-rawdigits\20260918\17\8_main_dig3_20260918-173730.jpg,9,flash,79.25,reading_est 59166; model saw 8; disagree,model_disagrees,,0
night_err,20260928-235040_dig3,20260928-235040,3,C:\Users\josep\source\repos\AIOTED-digital-rawdigits\20260928\23\8_main_dig3_20260928-235040.jpg,9,flash,79.16,reading_est 59380; model saw 8; disagree,model_disagrees,,0
night_err,20260915-063736_dig3,20260915-063736,3,C:\Users\josep\source\repos\AIOTED-digital-rawdigits\20260915\06\8_main_dig3_20260915-063736.jpg,9,flash,77.81,reading_est 59084; model saw 8; disagree,model_disagrees,,0
night_err,20260919-061730_dig3,20260919-061730,3,C:\Users\josep\source\repos\AIOTED-digital-rawdigits\20260919\06\8_main_dig3_20260919-061730.jpg,9,flash,78.18,reading_est 59176; model saw 8; disagree,model_disagrees,,0
night_err,20260930-001438_dig3,20260930-001438,3,C:\Users\josep\source\repos\AIOTED-digital-rawdigits\20260930\00\8_main_dig3_20260930-001438.jpg,9,flash,78.10,reading_est 59400; model saw 8; disagree,model_disagrees,,0
night_err,20260925-044618_dig3,20260925-044618,3,C:\Users\josep\source\repos\AIOTED-digital-rawdigits\20260925\04\8_main_dig3_20260925-044618.jpg,9,flash,77.62,reading_est 59301; model saw 8; disagree,model_disagrees,,0
night_err,20260920-020928_dig3,20260920-020928,3,C:\Users\josep\source\repos\AIOTED-digital-rawdigits\20260920\02\8_main_dig3_20260920-020928.jpg,9,flash,78.22,reading_est 59194; model saw 8; disagree,model_disagrees,,0
night_err,20260914-234137_dig3,20260914-234137,3,C:\Users\josep\source\repos\AIOTED-digital-rawdigits\20260914\23\8_main_dig3_20260914-234137.jpg,9,flash,76.81,reading_est 59080; model saw 8; disagree,model_disagrees,,0
night_err,20260920-162527_dig3,20260920-162527,3,C:\Users\josep\source\repos\AIOTED-digital-rawdigits\20260920\16\8_main_dig3_20260920-162527.jpg,9,transition,93.90,reading_est 59206; model saw 8; disagree,model_disagrees,,0
night_err,20260928-071441_dig3,20260928-071441,3,C:\Users\josep\source\repos\AIOTED-digital-rawdigits\20260928\07\8_main_dig3_20260928-071441.jpg,9,transition,83.16,reading_est 59366; model saw 8; disagree,model_disagrees,,0
night_err,20260924-071350_dig3,20260924-071350,3,C:\Users\josep\source\repos\AIOTED-digital-rawdigits\20260924\07\8_main_dig3_20260924-071350.jpg,9,transition,82.90,reading_est 59282; model saw 8; disagree,model_disagrees,,0
night_err,20260925-174217_dig3,20260925-174217,3,C:\Users\josep\source\repos\AIOTED-digital-rawdigits\20260925\17\8_main_dig3_20260925-174217.jpg,9,transition,84.97,reading_est 59316; model saw 8; disagree,model_disagrees,,0
night_err,20260919-084529_dig3,20260919-084529,3,C:\Users\josep\source\repos\AIOTED-digital-rawdigits\20260919\08\8_main_dig3_20260919-084529.jpg,9,transition,82.97,reading_est 59177; model saw 8; disagree,model_disagrees,,0
night_err,20260915-072936_dig3,20260915-072936,3,C:\Users\josep\source\repos\AIOTED-digital-rawdigits\20260915\07\8_main_dig3_20260915-072936.jpg,9,transition,81.12,reading_est 59084; model saw 8; disagree,model_disagrees,,0
night_err,20260930-084237_dig3,20260930-084237,3,C:\Users\josep\source\repos\AIOTED-digital-rawdigits\20260930\08\8_main_dig3_20260930-084237.jpg,9,transition,86.32,reading_est 59406; model saw 8; disagree,model_disagrees,,0
night_err,20260913-064857_dig3,20260913-064857,3,C:\Users\josep\source\repos\AIOTED-digital-rawdigits\20260913\06\8_main_dig3_20260913-064857.jpg,9,transition,81.12,reading_est 59041; model saw 8; disagree,model_disagrees,,0
night_err,20260917-094532_dig3,20260917-094532,3,C:\Users\josep\source\repos\AIOTED-digital-rawdigits\20260917\09\8_main_dig3_20260917-094532.jpg,9,transition,91.88,reading_est 59136; model saw 8; disagree,model_disagrees,,0
night_err,20260926-175815_dig3,20260926-175815,3,C:\Users\josep\source\repos\AIOTED-digital-rawdigits\20260926\17\8_main_dig3_20260926-175815.jpg,9,transition,84.97,reading_est 59338; model saw 8; disagree,model_disagrees,,0
night_err,20260927-072214_dig3,20260927-072214,3,C:\Users\josep\source\repos\AIOTED-digital-rawdigits\20260927\07\8_main_dig3_20260927-072214.jpg,9,transition,84.12,reading_est 59346; model saw 8; disagree,model_disagrees,,0
night_err,20260918-171730_dig3,20260918-171730,3,C:\Users\josep\source\repos\AIOTED-digital-rawdigits\20260918\17\8_main_dig3_20260918-171730.jpg,9,transition,81.25,reading_est 59166; model saw 8; disagree,model_disagrees,,0
night_err,20260914-071338_dig3,20260914-071338,3,C:\Users\josep\source\repos\AIOTED-digital-rawdigits\20260914\07\8_main_dig3_20260914-071338.jpg,9,transition,83.84,reading_est 59062; model saw 8; disagree,model_disagrees,,0
night_err,20260912-140827_dig3,20260912-140827,3,C:\Users\josep\source\repos\AIOTED-digital-rawdigits\20260912\14\8_main_dig3_20260912-140827.jpg,9,transition,90.98,reading_est 59021; model saw 8; disagree,model_disagrees,,0
night_err,20260922-183323_dig3,20260922-183323,3,C:\Users\josep\source\repos\AIOTED-digital-rawdigits\20260922\18\8_main_dig3_20260922-183323.jpg,9,transition,81.74,reading_est 59253; model saw 8; disagree,model_disagrees,,0
night_err,20260921-075326_dig3,20260921-075326,3,C:\Users\josep\source\repos\AIOTED-digital-rawdigits\20260921\07\8_main_dig3_20260921-075326.jpg,9,transition,87.97,reading_est 59218; model saw 8; disagree,model_disagrees,,0
night_err,20260920-070928_dig3,20260920-070928,3,C:\Users\josep\source\repos\AIOTED-digital-rawdigits\20260920\07\8_main_dig3_20260920-070928.jpg,9,transition,82.93,reading_est 59197; model saw 8; disagree,model_disagrees,,0
night_err,20260928-181040_dig3,20260928-181040,3,C:\Users\josep\source\repos\AIOTED-digital-rawdigits\20260928\18\8_main_dig3_20260928-181040.jpg,9,transition,82.93,reading_est 59377; model saw 8; disagree,model_disagrees,,0
night_err,20260924-165818_dig3,20260924-165818,3,C:\Users\josep\source\repos\AIOTED-digital-rawdigits\20260924\16\8_main_dig3_20260924-165818.jpg,9,transition,85.97,reading_est 59292; model saw 8; disagree,model_disagrees,,0
night_err,20260925-075417_dig3,20260925-075417,3,C:\Users\josep\source\repos\AIOTED-digital-rawdigits\20260925\07\8_main_dig3_20260925-075417.jpg,9,transition,82.97,reading_est 59304; model saw 8; disagree,model_disagrees,,0
night_err,20260919-080529_dig3,20260919-080529,3,C:\Users\josep\source\repos\AIOTED-digital-rawdigits\20260919\08\8_main_dig3_20260919-080529.jpg,9,transition,82.16,reading_est 59177; model saw 8; disagree,model_disagrees,,0
night_err,20260915-183735_dig3,20260915-183735,3,C:\Users\josep\source\repos\AIOTED-digital-rawdigits\20260915\18\8_main_dig3_20260915-183735.jpg,9,transition,81.90,reading_est 59101; model saw 8; disagree,model_disagrees,,0
night_err,20260913-172939_dig3,20260913-172939,3,C:\Users\josep\source\repos\AIOTED-digital-rawdigits\20260913\17\8_main_dig3_20260913-172939.jpg,9,transition,90.26,reading_est 59051; model saw 8; disagree,model_disagrees,,0
night_err,20260917-082533_dig3,20260917-082533,3,C:\Users\josep\source\repos\AIOTED-digital-rawdigits\20260917\08\8_main_dig3_20260917-082533.jpg,9,transition,83.20,reading_est 59136; model saw 8; disagree,model_disagrees,,0
night_err,20260926-181415_dig3,20260926-181415,3,C:\Users\josep\source\repos\AIOTED-digital-rawdigits\20260926\18\8_main_dig3_20260926-181415.jpg,9,transition,82.97,reading_est 59338; model saw 8; disagree,model_disagrees,,0
night_err,20260927-172642_dig3,20260927-172642,3,C:\Users\josep\source\repos\AIOTED-digital-rawdigits\20260927\17\8_main_dig3_20260927-172642.jpg,9,transition,88.19,reading_est 59356; model saw 8; disagree,model_disagrees,,0
night_err,20260918-100931_dig3,20260918-100931,3,C:\Users\josep\source\repos\AIOTED-digital-rawdigits\20260918\10\8_main_dig3_20260918-100931.jpg,9,transition,88.12,reading_est 59158; model saw 8; disagree,model_disagrees,,0
night_err,20260914-070538_dig3,20260914-070538,3,C:\Users\josep\source\repos\AIOTED-digital-rawdigits\20260914\07\8_main_dig3_20260914-070538.jpg,9,transition,81.97,reading_est 59062; model saw 8; disagree,model_disagrees,,0
night_err,20260912-180058_dig3,20260912-180058,3,C:\Users\josep\source\repos\AIOTED-digital-rawdigits\20260912\18\8_main_dig3_20260912-180058.jpg,9,transition,84.90,reading_est 59030; model saw 8; disagree,model_disagrees,,0
night_err,20260922-070524_dig3,20260922-070524,3,C:\Users\josep\source\repos\AIOTED-digital-rawdigits\20260922\07\8_main_dig3_20260922-070524.jpg,9,transition,81.81,reading_est 59241; model saw 8; disagree,model_disagrees,,0
night_err,20260921-080126_dig3,20260921-080126,3,C:\Users\josep\source\repos\AIOTED-digital-rawdigits\20260921\08\8_main_dig3_20260921-080126.jpg,9,transition,86.19,reading_est 59218; model saw 8; disagree,model_disagrees,,0
night_err,20260920-182527_dig3,20260920-182527,3,C:\Users\josep\source\repos\AIOTED-digital-rawdigits\20260920\18\8_main_dig3_20260920-182527.jpg,9,transition,82.86,reading_est 59208; model saw 8; disagree,model_disagrees,,0
night_err,20260928-072641_dig3,20260928-072641,3,C:\Users\josep\source\repos\AIOTED-digital-rawdigits\20260928\07\8_main_dig3_20260928-072641.jpg,9,transition,86.24,reading_est 59366; model saw 8; disagree,model_disagrees,,0
night_err,20260924-180618_dig3,20260924-180618,3,C:\Users\josep\source\repos\AIOTED-digital-rawdigits\20260924\18\8_main_dig3_20260924-180618.jpg,9,transition,82.97,reading_est 59293; model saw 8; disagree,model_disagrees,,0
night_err,20260925-074617_dig3,20260925-074617,3,C:\Users\josep\source\repos\AIOTED-digital-rawdigits\20260925\07\8_main_dig3_20260925-074617.jpg,9,transition,81.97,reading_est 59304; model saw 8; disagree,model_disagrees,,0
night_err,20260919-174129_dig3,20260919-174129,3,C:\Users\josep\source\repos\AIOTED-digital-rawdigits\20260919\17\8_main_dig3_20260919-174129.jpg,9,transition,82.25,reading_est 59187; model saw 8; disagree,model_disagrees,,0
night_err,20260915-080936_dig3,20260915-080936,3,C:\Users\josep\source\repos\AIOTED-digital-rawdigits\20260915\08\8_main_dig3_20260915-080936.jpg,9,transition,81.18,reading_est 59084; model saw 8; disagree,model_disagrees,,0
night_err,20260913-183739_dig3,20260913-183739,3,C:\Users\josep\source\repos\AIOTED-digital-rawdigits\20260913\18\8_main_dig3_20260913-183739.jpg,9,transition,81.90,reading_est 59053; model saw 8; disagree,model_disagrees,,0
night_err,20260917-171332_dig3,20260917-171332,3,C:\Users\josep\source\repos\AIOTED-digital-rawdigits\20260917\17\8_main_dig3_20260917-171332.jpg,9,transition,82.80,reading_est 59144; model saw 8; disagree,model_disagrees,,0
night_err,20260926-171815_dig3,20260926-171815,3,C:\Users\josep\source\repos\AIOTED-digital-rawdigits\20260926\17\8_main_dig3_20260926-171815.jpg,9,transition,94.12,reading_est 59337; model saw 8; disagree,model_disagrees,,0
night_err,20260927-181842_dig3,20260927-181842,3,C:\Users\josep\source\repos\AIOTED-digital-rawdigits\20260927\18\8_main_dig3_20260927-181842.jpg,9,transition,81.93,reading_est 59357; model saw 8; disagree,model_disagrees,,0
night_err,20260918-070931_dig3,20260918-070931,3,C:\Users\josep\source\repos\AIOTED-digital-rawdigits\20260918\07\8_main_dig3_20260918-070931.jpg,9,transition,82.25,reading_est 59154; model saw 8; disagree,model_disagrees,,0
night_err,20260914-171337_dig3,20260914-171337,3,C:\Users\josep\source\repos\AIOTED-digital-rawdigits\20260914\17\8_main_dig3_20260914-171337.jpg,9,transition,86.98,reading_est 59074; model saw 8; disagree,model_disagrees,,0
night_err,20260912-071627_dig3,20260912-071627,3,C:\Users\josep\source\repos\AIOTED-digital-rawdigits\20260912\07\8_main_dig3_20260912-071627.jpg,9,transition,81.12,reading_est 59011; model saw 8; disagree,model_disagrees,,0
night_err,20260922-164523_dig3,20260922-164523,3,C:\Users\josep\source\repos\AIOTED-digital-rawdigits\20260922\16\8_main_dig3_20260922-164523.jpg,9,transition,95.29,reading_est 59251; model saw 8; disagree,model_disagrees,,0
night_err,20260921-072126_dig3,20260921-072126,3,C:\Users\josep\source\repos\AIOTED-digital-rawdigits\20260921\07\8_main_dig3_20260921-072126.jpg,9,transition,82.97,reading_est 59218; model saw 8; disagree,model_disagrees,,0
night_err,20260920-065728_dig3,20260920-065728,3,C:\Users\josep\source\repos\AIOTED-digital-rawdigits\20260920\06\8_main_dig3_20260920-065728.jpg,9,transition,81.25,reading_est 59197; model saw 8; disagree,model_disagrees,,0
night_err,20260928-070641_dig3,20260928-070641,3,C:\Users\josep\source\repos\AIOTED-digital-rawdigits\20260928\07\8_main_dig3_20260928-070641.jpg,9,transition,82.12,reading_est 59366; model saw 8; disagree,model_disagrees,,0
night_err,20260924-171818_dig3,20260924-171818,3,C:\Users\josep\source\repos\AIOTED-digital-rawdigits\20260924\17\8_main_dig3_20260924-171818.jpg,9,transition,85.97,reading_est 59292; model saw 8; disagree,model_disagrees,,0
night_err,20260925-072617_dig3,20260925-072617,3,C:\Users\josep\source\repos\AIOTED-digital-rawdigits\20260925\07\8_main_dig3_20260925-072617.jpg,9,transition,81.25,reading_est 59303; model saw 8; disagree,model_disagrees,,0
night_err,20260919-092529_dig3,20260919-092529,3,C:\Users\josep\source\repos\AIOTED-digital-rawdigits\20260919\09\8_main_dig3_20260919-092529.jpg,9,transition,82.97,reading_est 59178; model saw 8; disagree,model_disagrees,,0
night_err,20260915-174536_dig3,20260915-174536,3,C:\Users\josep\source\repos\AIOTED-digital-rawdigits\20260915\17\8_main_dig3_20260915-174536.jpg,9,transition,87.02,reading_est 59100; model saw 8; disagree,model_disagrees,,0
night_err,20260913-072057_dig3,20260913-072057,3,C:\Users\josep\source\repos\AIOTED-digital-rawdigits\20260913\07\8_main_dig3_20260913-072057.jpg,9,transition,83.24,reading_est 59042; model saw 8; disagree,model_disagrees,,0
night_err,20260917-072933_dig3,20260917-072933,3,C:\Users\josep\source\repos\AIOTED-digital-rawdigits\20260917\07\8_main_dig3_20260917-072933.jpg,9,transition,81.12,reading_est 59134; model saw 8; disagree,model_disagrees,,0
night_err,20260926-173815_dig3,20260926-173815,3,C:\Users\josep\source\repos\AIOTED-digital-rawdigits\20260926\17\8_main_dig3_20260926-173815.jpg,9,transition,87.97,reading_est 59337; model saw 8; disagree,model_disagrees,,0
night_err,20260927-070214_dig3,20260927-070214,3,C:\Users\josep\source\repos\AIOTED-digital-rawdigits\20260927\07\8_main_dig3_20260927-070214.jpg,9,transition,81.97,reading_est 59346; model saw 8; disagree,model_disagrees,,0
night_err,20260918-074131_dig3,20260918-074131,3,C:\Users\josep\source\repos\AIOTED-digital-rawdigits\20260918\07\8_main_dig3_20260918-074131.jpg,9,transition,85.97,reading_est 59156; model saw 8; disagree,model_disagrees,,0
night_err,20260912-121627_dig3,20260912-121627,3,C:\Users\josep\source\repos\AIOTED-digital-rawdigits\20260912\12\8_main_dig3_20260912-121627.jpg,9,transition,95.12,reading_est 59018; model saw 8; disagree,model_disagrees,,0
night_err,20260922-175323_dig3,20260922-175323,3,C:\Users\josep\source\repos\AIOTED-digital-rawdigits\20260922\17\8_main_dig3_20260922-175323.jpg,9,transition,83.97,reading_est 59252; model saw 8; disagree,model_disagrees,,0
night_err,20260921-174125_dig3,20260921-174125,3,C:\Users\josep\source\repos\AIOTED-digital-rawdigits\20260921\17\8_main_dig3_20260921-174125.jpg,9,transition,87.20,reading_est 59231; model saw 8; disagree,model_disagrees,,0
night_err,20260928-232240_dig5,20260928-232240,5,C:\Users\josep\source\repos\AIOTED-digital-rawdigits\20260928\23\0_main_dig5_20260928-232240.jpg,8,flash,79.10,reading_est 59380; model saw 0; ambiguous,model_disagrees,,1
night_err,20260915-014937_dig5,20260915-014937,5,C:\Users\josep\source\repos\AIOTED-digital-rawdigits\20260915\01\0_main_dig5_20260915-014937.jpg,8,flash,76.13,reading_est 59084; model saw 0; ambiguous,model_disagrees,,1
night_err,20260914-213337_dig5,20260914-213337,5,C:\Users\josep\source\repos\AIOTED-digital-rawdigits\20260914\21\3_main_dig5_20260914-213337.jpg,8,flash,76.17,reading_est 59080; model saw 3; ambiguous,model_disagrees,,1
night_err,20260919-175329_dig5,20260919-175329,5,C:\Users\josep\source\repos\AIOTED-digital-rawdigits\20260919\17\0_main_dig5_20260919-175329.jpg,8,flash,79.90,reading_est 59187; model saw 0; ambiguous,model_disagrees,,1
night_err,20260924-063350_dig5,20260924-063350,5,C:\Users\josep\source\repos\AIOTED-digital-rawdigits\20260924\06\0_main_dig5_20260924-063350.jpg,8,flash,78.22,reading_est 59281; model saw 0; ambiguous,model_disagrees,,1
night_err,20260902-204309_dig5,20260902-204309,5,C:\Users\josep\source\repos\AIOTED-digital-rawdigits\20260902\20\3_main_dig5_20260902-204309.jpg,8,flash,75.62,reading_est 58681; model saw 3; ambiguous,model_disagrees,,1
night_err,20260928-231040_dig5,20260928-231040,5,C:\Users\josep\source\repos\AIOTED-digital-rawdigits\20260928\23\0_main_dig5_20260928-231040.jpg,8,flash,79.12,reading_est 59380; model saw 0; ambiguous,model_disagrees,,1
night_err,20260915-060937_dig5,20260915-060937,5,C:\Users\josep\source\repos\AIOTED-digital-rawdigits\20260915\06\0_main_dig5_20260915-060937.jpg,8,flash,76.22,reading_est 59084; model saw 0; ambiguous,model_disagrees,,1
night_err,20260914-220137_dig5,20260914-220137,5,C:\Users\josep\source\repos\AIOTED-digital-rawdigits\20260914\22\3_main_dig5_20260914-220137.jpg,8,flash,76.94,reading_est 59080; model saw 3; ambiguous,model_disagrees,,1
night_err,20260924-052150_dig5,20260924-052150,5,C:\Users\josep\source\repos\AIOTED-digital-rawdigits\20260924\05\0_main_dig5_20260924-052150.jpg,8,flash,77.87,reading_est 59280; model saw 0; ambiguous,model_disagrees,,1
night_err,20260902-203509_dig5,20260902-203509,5,C:\Users\josep\source\repos\AIOTED-digital-rawdigits\20260902\20\3_main_dig5_20260902-203509.jpg,8,flash,74.03,reading_est 58681; model saw 3; ambiguous,model_disagrees,,1
night_err,20260928-223040_dig5,20260928-223040,5,C:\Users\josep\source\repos\AIOTED-digital-rawdigits\20260928\22\0_main_dig5_20260928-223040.jpg,8,flash,79.17,reading_est 59380; model saw 0; ambiguous,model_disagrees,,1
night_err,20260915-012937_dig5,20260915-012937,5,C:\Users\josep\source\repos\AIOTED-digital-rawdigits\20260915\01\0_main_dig5_20260915-012937.jpg,8,flash,76.87,reading_est 59080; model saw 0; ambiguous,model_disagrees,,1
night_err,20260914-200137_dig5,20260914-200137,5,C:\Users\josep\source\repos\AIOTED-digital-rawdigits\20260914\20\0_main_dig5_20260914-200137.jpg,8,flash,76.93,reading_est 59080; model saw 0; ambiguous,model_disagrees,,1
night_err,20260924-062150_dig5,20260924-062150,5,C:\Users\josep\source\repos\AIOTED-digital-rawdigits\20260924\06\0_main_dig5_20260924-062150.jpg,8,flash,78.17,reading_est 59281; model saw 0; ambiguous,model_disagrees,,1
night_err,20260902-211509_dig5,20260902-211509,5,C:\Users\josep\source\repos\AIOTED-digital-rawdigits\20260902\21\3_main_dig5_20260902-211509.jpg,8,flash,74.87,reading_est 58681; model saw 3; ambiguous,model_disagrees,,1
night_err,20260928-230240_dig5,20260928-230240,5,C:\Users\josep\source\repos\AIOTED-digital-rawdigits\20260928\23\0_main_dig5_20260928-230240.jpg,8,flash,79.16,reading_est 59380; model saw 0; ambiguous,model_disagrees,,1
night_err,20260915-064136_dig5,20260915-064136,5,C:\Users\josep\source\repos\AIOTED-digital-rawdigits\20260915\06\0_main_dig5_20260915-064136.jpg,8,flash,77.81,reading_est 59084; model saw 0; ambiguous,model_disagrees,,1
night_err,20260914-201337_dig5,20260914-201337,5,C:\Users\josep\source\repos\AIOTED-digital-rawdigits\20260914\20\3_main_dig5_20260914-201337.jpg,8,flash,77.10,reading_est 59080; model saw 3; ambiguous,model_disagrees,,1
night_err,20260924-050150_dig5,20260924-050150,5,C:\Users\josep\source\repos\AIOTED-digital-rawdigits\20260924\05\0_main_dig5_20260924-050150.jpg,8,flash,78.17,reading_est 59280; model saw 0; ambiguous,model_disagrees,,1
night_err,20260902-202309_dig5,20260902-202309,5,C:\Users\josep\source\repos\AIOTED-digital-rawdigits\20260902\20\3_main_dig5_20260902-202309.jpg,8,flash,74.03,reading_est 58681; model saw 3; ambiguous,model_disagrees,,1
night_err,20260928-224240_dig5,20260928-224240,5,C:\Users\josep\source\repos\AIOTED-digital-rawdigits\20260928\22\0_main_dig5_20260928-224240.jpg,8,flash,78.13,reading_est 59380; model saw 0; ambiguous,model_disagrees,,1
night_err,20260915-052137_dig5,20260915-052137,5,C:\Users\josep\source\repos\AIOTED-digital-rawdigits\20260915\05\0_main_dig5_20260915-052137.jpg,8,flash,77.07,reading_est 59084; model saw 0; ambiguous,model_disagrees,,1
night_err,20260914-232937_dig5,20260914-232937,5,C:\Users\josep\source\repos\AIOTED-digital-rawdigits\20260914\23\7_main_dig5_20260914-232937.jpg,8,flash,76.93,reading_est 59080; model saw 7; ambiguous,model_disagrees,,1
night_err,20260924-064150_dig5,20260924-064150,5,C:\Users\josep\source\repos\AIOTED-digital-rawdigits\20260924\06\0_main_dig5_20260924-064150.jpg,8,flash,78.86,reading_est 59281; model saw 0; ambiguous,model_disagrees,,1
night_err,20260902-213509_dig5,20260902-213509,5,C:\Users\josep\source\repos\AIOTED-digital-rawdigits\20260902\21\3_main_dig5_20260902-213509.jpg,8,flash,75.12,reading_est 58681; model saw 3; ambiguous,model_disagrees,,1
night_err,20260928-235040_dig5,20260928-235040,5,C:\Users\josep\source\repos\AIOTED-digital-rawdigits\20260928\23\0_main_dig5_20260928-235040.jpg,8,flash,79.16,reading_est 59380; model saw 0; ambiguous,model_disagrees,,1
night_err,20260915-000937_dig5,20260915-000937,5,C:\Users\josep\source\repos\AIOTED-digital-rawdigits\20260915\00\0_main_dig5_20260915-000937.jpg,8,flash,77.17,reading_est 59080; model saw 0; ambiguous,model_disagrees,,1
night_err,20260914-221337_dig5,20260914-221337,5,C:\Users\josep\source\repos\AIOTED-digital-rawdigits\20260914\22\3_main_dig5_20260914-221337.jpg,8,flash,77.16,reading_est 59080; model saw 3; ambiguous,model_disagrees,,1
night_err,20260924-060150_dig5,20260924-060150,5,C:\Users\josep\source\repos\AIOTED-digital-rawdigits\20260924\06\0_main_dig5_20260924-060150.jpg,8,flash,78.17,reading_est 59281; model saw 0; ambiguous,model_disagrees,,1
night_err,20260902-210309_dig5,20260902-210309,5,C:\Users\josep\source\repos\AIOTED-digital-rawdigits\20260902\21\3_main_dig5_20260902-210309.jpg,8,flash,74.91,reading_est 58681; model saw 3; ambiguous,model_disagrees,,1
night_err,20260928-220240_dig5,20260928-220240,5,C:\Users\josep\source\repos\AIOTED-digital-rawdigits\20260928\22\3_main_dig5_20260928-220240.jpg,8,flash,79.00,reading_est 59380; model saw 3; ambiguous,model_disagrees,,1
night_err,20260915-004137_dig5,20260915-004137,5,C:\Users\josep\source\repos\AIOTED-digital-rawdigits\20260915\00\0_main_dig5_20260915-004137.jpg,8,flash,76.86,reading_est 59080; model saw 0; ambiguous,model_disagrees,,1
night_err,20260914-205337_dig5,20260914-205337,5,C:\Users\josep\source\repos\AIOTED-digital-rawdigits\20260914\20\3_main_dig5_20260914-205337.jpg,8,flash,76.85,reading_est 59080; model saw 3; ambiguous,model_disagrees,,1
night_err,20260924-042150_dig5,20260924-042150,5,C:\Users\josep\source\repos\AIOTED-digital-rawdigits\20260924\04\0_main_dig5_20260924-042150.jpg,8,flash,78.17,reading_est 59280; model saw 0; ambiguous,model_disagrees,,1
night_err,20260902-212309_dig5,20260902-212309,5,C:\Users\josep\source\repos\AIOTED-digital-rawdigits\20260902\21\3_main_dig5_20260902-212309.jpg,8,flash,74.82,reading_est 58681; model saw 3; ambiguous,model_disagrees,,1
night_err,20260928-221040_dig5,20260928-221040,5,C:\Users\josep\source\repos\AIOTED-digital-rawdigits\20260928\22\3_main_dig5_20260928-221040.jpg,8,flash,79.17,reading_est 59380; model saw 3; ambiguous,model_disagrees,,1
night_err,20260915-014137_dig5,20260915-014137,5,C:\Users\josep\source\repos\AIOTED-digital-rawdigits\20260915\01\0_main_dig5_20260915-014137.jpg,8,flash,76.17,reading_est 59084; model saw 0; ambiguous,model_disagrees,,1
night_err,20260914-230937_dig5,20260914-230937,5,C:\Users\josep\source\repos\AIOTED-digital-rawdigits\20260914\23\0_main_dig5_20260914-230937.jpg,8,flash,76.85,reading_est 59080; model saw 0; ambiguous,model_disagrees,,1
night_err,20260924-051350_dig5,20260924-051350,5,C:\Users\josep\source\repos\AIOTED-digital-rawdigits\20260924\05\0_main_dig5_20260924-051350.jpg,8,flash,77.86,reading_est 59280; model saw 0; ambiguous,model_disagrees,,1
night_err,20260902-205509_dig5,20260902-205509,5,C:\Users\josep\source\repos\AIOTED-digital-rawdigits\20260902\20\3_main_dig5_20260902-205509.jpg,8,flash,75.09,reading_est 58681; model saw 3; ambiguous,model_disagrees,,1
night_err,20260928-215040_dig5,20260928-215040,5,C:\Users\josep\source\repos\AIOTED-digital-rawdigits\20260928\21\7_main_dig5_20260928-215040.jpg,8,flash,78.16,reading_est 59380; model saw 7; ambiguous,model_disagrees,,1
night_err,20260915-060137_dig5,20260915-060137,5,C:\Users\josep\source\repos\AIOTED-digital-rawdigits\20260915\06\0_main_dig5_20260915-060137.jpg,8,flash,76.86,reading_est 59084; model saw 0; ambiguous,model_disagrees,,1
night_err,20260914-234937_dig5,20260914-234937,5,C:\Users\josep\source\repos\AIOTED-digital-rawdigits\20260914\23\3_main_dig5_20260914-234937.jpg,8,flash,76.87,reading_est 59080; model saw 3; ambiguous,model_disagrees,,1
night_err,20260924-065350_dig5,20260924-065350,5,C:\Users\josep\source\repos\AIOTED-digital-rawdigits\20260924\06\0_main_dig5_20260924-065350.jpg,8,flash,80.26,reading_est 59282; model saw 0; ambiguous,model_disagrees,,1
night_err,20260902-213109_dig5,20260902-213109,5,C:\Users\josep\source\repos\AIOTED-digital-rawdigits\20260902\21\3_main_dig5_20260902-213109.jpg,8,flash,75.10,reading_est 58681; model saw 3; ambiguous,model_disagrees,,1
night_err,20260928-222240_dig5,20260928-222240,5,C:\Users\josep\source\repos\AIOTED-digital-rawdigits\20260928\22\0_main_dig5_20260928-222240.jpg,8,flash,79.17,reading_est 59380; model saw 0; ambiguous,model_disagrees,,1
night_err,20260915-000137_dig5,20260915-000137,5,C:\Users\josep\source\repos\AIOTED-digital-rawdigits\20260915\00\3_main_dig5_20260915-000137.jpg,8,flash,76.86,reading_est 59080; model saw 3; ambiguous,model_disagrees,,1
night_err,20260914-223337_dig5,20260914-223337,5,C:\Users\josep\source\repos\AIOTED-digital-rawdigits\20260914\22\7_main_dig5_20260914-223337.jpg,8,flash,77.08,reading_est 59080; model saw 7; ambiguous,model_disagrees,,1
night_err,20260924-061350_dig5,20260924-061350,5,C:\Users\josep\source\repos\AIOTED-digital-rawdigits\20260924\06\0_main_dig5_20260924-061350.jpg,8,flash,78.17,reading_est 59281; model saw 0; ambiguous,model_disagrees,,1
night_err,20260902-214309_dig5,20260902-214309,5,C:\Users\josep\source\repos\AIOTED-digital-rawdigits\20260902\21\3_main_dig5_20260902-214309.jpg,8,flash,74.87,reading_est 58681; model saw 3; ambiguous,model_disagrees,,1
night_err,20260928-225040_dig5,20260928-225040,5,C:\Users\josep\source\repos\AIOTED-digital-rawdigits\20260928\22\0_main_dig5_20260928-225040.jpg,8,flash,79.17,reading_est 59380; model saw 0; ambiguous,model_disagrees,,1
night_err,20260915-030937_dig5,20260915-030937,5,C:\Users\josep\source\repos\AIOTED-digital-rawdigits\20260915\03\0_main_dig5_20260915-030937.jpg,8,flash,76.85,reading_est 59084; model saw 0; ambiguous,model_disagrees,,1
night_err,20260914-204137_dig5,20260914-204137,5,C:\Users\josep\source\repos\AIOTED-digital-rawdigits\20260914\20\3_main_dig5_20260914-204137.jpg,8,flash,76.86,reading_est 59080; model saw 3; ambiguous,model_disagrees,,1
night_err,20260924-054150_dig5,20260924-054150,5,C:\Users\josep\source\repos\AIOTED-digital-rawdigits\20260924\05\0_main_dig5_20260924-054150.jpg,8,flash,77.07,reading_est 59280; model saw 0; ambiguous,model_disagrees,,1
night_err,20260928-234240_dig5,20260928-234240,5,C:\Users\josep\source\repos\AIOTED-digital-rawdigits\20260928\23\0_main_dig5_20260928-234240.jpg,8,flash,78.86,reading_est 59380; model saw 0; ambiguous,model_disagrees,,1
night_err,20260915-042137_dig5,20260915-042137,5,C:\Users\josep\source\repos\AIOTED-digital-rawdigits\20260915\04\0_main_dig5_20260915-042137.jpg,8,flash,77.10,reading_est 59084; model saw 0; ambiguous,model_disagrees,,1
night_err,20260914-230137_dig5,20260914-230137,5,C:\Users\josep\source\repos\AIOTED-digital-rawdigits\20260914\23\3_main_dig5_20260914-230137.jpg,8,flash,77.00,reading_est 59080; model saw 3; ambiguous,model_disagrees,,1
night_err,20260924-044150_dig5,20260924-044150,5,C:\Users\josep\source\repos\AIOTED-digital-rawdigits\20260924\04\0_main_dig5_20260924-044150.jpg,8,flash,78.16,reading_est 59280; model saw 0; ambiguous,model_disagrees,,1
night_err,20260915-024137_dig5,20260915-024137,5,C:\Users\josep\source\repos\AIOTED-digital-rawdigits\20260915\02\0_main_dig5_20260915-024137.jpg,8,flash,76.86,reading_est 59084; model saw 0; ambiguous,model_disagrees,,1
night_err,20260908-165921_dig5,20260908-165921,5,C:\Users\josep\source\repos\AIOTED-digital-rawdigits\20260908\16\0_main_dig5_20260908-165921.jpg,8,transition,92.19,reading_est 58884; model saw 0; disagree,model_disagrees,,1
night_err,20260915-072936_dig5,20260915-072936,5,C:\Users\josep\source\repos\AIOTED-digital-rawdigits\20260915\07\0_main_dig5_20260915-072936.jpg,8,transition,81.12,reading_est 59084; model saw 0; ambiguous,model_disagrees,,1
night_err,20260915-074936_dig5,20260915-074936,5,C:\Users\josep\source\repos\AIOTED-digital-rawdigits\20260915\07\0_main_dig5_20260915-074936.jpg,8,transition,81.41,reading_est 59084; model saw 0; ambiguous,model_disagrees,,1
night_err,20260915-080936_dig5,20260915-080936,5,C:\Users\josep\source\repos\AIOTED-digital-rawdigits\20260915\08\0_main_dig5_20260915-080936.jpg,8,transition,81.18,reading_est 59084; model saw 0; ambiguous,model_disagrees,,1
night_err,20260915-082936_dig5,20260915-082936,5,C:\Users\josep\source\repos\AIOTED-digital-rawdigits\20260915\08\0_main_dig5_20260915-082936.jpg,8,transition,82.16,reading_est 59084; model saw 0; ambiguous,model_disagrees,,1
night_err,20260915-083736_dig5,20260915-083736,5,C:\Users\josep\source\repos\AIOTED-digital-rawdigits\20260915\08\0_main_dig5_20260915-083736.jpg,8,transition,81.90,reading_est 59084; model saw 0; ambiguous,model_disagrees,,1
night_err,20260915-084936_dig5,20260915-084936,5,C:\Users\josep\source\repos\AIOTED-digital-rawdigits\20260915\08\0_main_dig5_20260915-084936.jpg,8,transition,89.29,reading_est 59084; model saw 0; ambiguous,model_disagrees,,1
night_err,20260915-090936_dig5,20260915-090936,5,C:\Users\josep\source\repos\AIOTED-digital-rawdigits\20260915\09\0_main_dig5_20260915-090936.jpg,8,transition,82.14,reading_est 59087; model saw 0; disagree,model_disagrees,,1
night_err,20260915-091736_dig5,20260915-091736,5,C:\Users\josep\source\repos\AIOTED-digital-rawdigits\20260915\09\0_main_dig5_20260915-091736.jpg,8,transition,81.90,reading_est 59087; model saw 0; disagree,model_disagrees,,1
night_err,20260915-092936_dig5,20260915-092936,5,C:\Users\josep\source\repos\AIOTED-digital-rawdigits\20260915\09\0_main_dig5_20260915-092936.jpg,8,transition,83.25,reading_est 59087; model saw 0; disagree,model_disagrees,,1
night_err,20260915-094936_dig5,20260915-094936,5,C:\Users\josep\source\repos\AIOTED-digital-rawdigits\20260915\09\0_main_dig5_20260915-094936.jpg,8,transition,88.29,reading_est 59087; model saw 0; disagree,model_disagrees,,1
night_err,20260915-095736_dig5,20260915-095736,5,C:\Users\josep\source\repos\AIOTED-digital-rawdigits\20260915\09\0_main_dig5_20260915-095736.jpg,8,transition,86.07,reading_est 59087; model saw 0; disagree,model_disagrees,,1
night_err,20260919-143329_dig5,20260919-143329,5,C:\Users\josep\source\repos\AIOTED-digital-rawdigits\20260919\14\0_main_dig5_20260919-143329.jpg,8,transition,87.90,reading_est 59183; model saw 0; disagree,model_disagrees,,1
night_err,20260919-150129_dig5,20260919-150129,5,C:\Users\josep\source\repos\AIOTED-digital-rawdigits\20260919\15\0_main_dig5_20260919-150129.jpg,8,transition,93.00,reading_est 59184; model saw 0; disagree,model_disagrees,,1
night_err,20260919-152129_dig5,20260919-152129,5,C:\Users\josep\source\repos\AIOTED-digital-rawdigits\20260919\15\0_main_dig5_20260919-152129.jpg,8,transition,86.26,reading_est 59184; model saw 0; disagree,model_disagrees,,1
night_err,20260919-153329_dig5,20260919-153329,5,C:\Users\josep\source\repos\AIOTED-digital-rawdigits\20260919\15\0_main_dig5_20260919-153329.jpg,8,transition,86.88,reading_est 59186; model saw 0; disagree,model_disagrees,,1
night_err,20260919-155329_dig5,20260919-155329,5,C:\Users\josep\source\repos\AIOTED-digital-rawdigits\20260919\15\0_main_dig5_20260919-155329.jpg,8,transition,93.20,reading_est 59186; model saw 0; disagree,model_disagrees,,1
night_err,20260919-162129_dig5,20260919-162129,5,C:\Users\josep\source\repos\AIOTED-digital-rawdigits\20260919\16\0_main_dig5_20260919-162129.jpg,8,transition,84.39,reading_est 59186; model saw 0; disagree,model_disagrees,,1
night_err,20260919-163329_dig5,20260919-163329,5,C:\Users\josep\source\repos\AIOTED-digital-rawdigits\20260919\16\0_main_dig5_20260919-163329.jpg,8,transition,84.22,reading_est 59186; model saw 0; disagree,model_disagrees,,1
night_err,20260919-164129_dig5,20260919-164129,5,C:\Users\josep\source\repos\AIOTED-digital-rawdigits\20260919\16\0_main_dig5_20260919-164129.jpg,8,transition,86.17,reading_est 59186; model saw 0; disagree,model_disagrees,,1
night_err,20260919-165329_dig5,20260919-165329,5,C:\Users\josep\source\repos\AIOTED-digital-rawdigits\20260919\16\0_main_dig5_20260919-165329.jpg,8,transition,83.97,reading_est 59186; model saw 0; disagree,model_disagrees,,1
night_err,20260919-170129_dig5,20260919-170129,5,C:\Users\josep\source\repos\AIOTED-digital-rawdigits\20260919\17\0_main_dig5_20260919-170129.jpg,8,transition,86.97,reading_est 59186; model saw 0; disagree,model_disagrees,,1
night_err,20260919-172129_dig5,20260919-172129,5,C:\Users\josep\source\repos\AIOTED-digital-rawdigits\20260919\17\0_main_dig5_20260919-172129.jpg,8,transition,84.97,reading_est 59187; model saw 0; ambiguous,model_disagrees,,1
night_err,20260919-173329_dig5,20260919-173329,5,C:\Users\josep\source\repos\AIOTED-digital-rawdigits\20260919\17\0_main_dig5_20260919-173329.jpg,8,transition,83.12,reading_est 59187; model saw 0; ambiguous,model_disagrees,,1
night_err,20260919-174129_dig5,20260919-174129,5,C:\Users\josep\source\repos\AIOTED-digital-rawdigits\20260919\17\0_main_dig5_20260919-174129.jpg,8,transition,82.25,reading_est 59187; model saw 0; ambiguous,model_disagrees,,1
night_err,20260924-070150_dig5,20260924-070150,5,C:\Users\josep\source\repos\AIOTED-digital-rawdigits\20260924\07\0_main_dig5_20260924-070150.jpg,8,transition,81.25,reading_est 59282; model saw 0; ambiguous,model_disagrees,,1
night_err,20260924-071350_dig5,20260924-071350,5,C:\Users\josep\source\repos\AIOTED-digital-rawdigits\20260924\07\0_main_dig5_20260924-071350.jpg,8,transition,82.90,reading_est 59282; model saw 0; ambiguous,model_disagrees,,1
night_err,20260924-073350_dig5,20260924-073350,5,C:\Users\josep\source\repos\AIOTED-digital-rawdigits\20260924\07\0_main_dig5_20260924-073350.jpg,8,transition,88.84,reading_est 59282; model saw 0; disagree,model_disagrees,,1
night_err,20260924-074150_dig5,20260924-074150,5,C:\Users\josep\source\repos\AIOTED-digital-rawdigits\20260924\07\0_main_dig5_20260924-074150.jpg,8,transition,90.97,reading_est 59282; model saw 0; disagree,model_disagrees,,1
night_err,20260908-090722_dig5,20260908-090722,5,C:\Users\josep\source\repos\AIOTED-digital-rawdigits\20260908\09\0_main_dig5_20260908-090722.jpg,8,transition,84.24,screen test8; model saw 0; disagree,model_disagrees,,0
night_err,20260904-181059_dig5,20260904-181059,5,C:\Users\josep\source\repos\AIOTED-digital-rawdigits\20260904\18\0_main_dig5_20260904-181059.jpg,8,transition,85.10,screen test8; model saw 0; disagree,model_disagrees,,0
night_err,20260828-065740_dig5,20260828-065740,5,C:\Users\josep\source\repos\AIOTED-digital-rawdigits\20260828\06\0_main_dig5_20260828-065740.jpg,8,transition,84.59,screen test8; model saw 0; disagree,model_disagrees,,0
night_err,20260911-070400_dig5,20260911-070400,5,C:\Users\josep\source\repos\AIOTED-digital-rawdigits\20260911\07\0_main_dig5_20260911-070400.jpg,8,transition,82.03,screen test8; model saw 0; disagree,model_disagrees,,0
night_err,20260917-091333_dig5,20260917-091333,5,C:\Users\josep\source\repos\AIOTED-digital-rawdigits\20260917\09\0_main_dig5_20260917-091333.jpg,8,transition,86.29,screen test8; model saw 0; disagree,model_disagrees,,0
night_err,20260920-171327_dig5,20260920-171327,5,C:\Users\josep\source\repos\AIOTED-digital-rawdigits\20260920\17\0_main_dig5_20260920-171327.jpg,8,transition,91.90,screen test8; model saw 0; disagree,model_disagrees,,0
night_err,20260927-071014_dig5,20260927-071014,5,C:\Users\josep\source\repos\AIOTED-digital-rawdigits\20260927\07\0_main_dig5_20260927-071014.jpg,8,transition,81.97,screen test8; model saw 0; disagree,model_disagrees,,0
night_err,20260905-081858_dig5,20260905-081858,5,C:\Users\josep\source\repos\AIOTED-digital-rawdigits\20260905\08\0_main_dig5_20260905-081858.jpg,8,transition,82.90,screen test8; model saw 0; disagree,model_disagrees,,0
night_err,20260925-161817_dig5,20260925-161817,5,C:\Users\josep\source\repos\AIOTED-digital-rawdigits\20260925\16\0_main_dig5_20260925-161817.jpg,8,transition,87.41,screen test8; model saw 0; disagree,model_disagrees,,0
night_err,20260926-072616_dig5,20260926-072616,5,C:\Users\josep\source\repos\AIOTED-digital-rawdigits\20260926\07\0_main_dig5_20260926-072616.jpg,8,transition,83.25,screen test8; model saw 0; disagree,model_disagrees,,0
night_err,20260910-070718_dig5,20260910-070718,5,C:\Users\josep\source\repos\AIOTED-digital-rawdigits\20260910\07\0_main_dig5_20260910-070718.jpg,8,transition,82.97,screen test8; model saw 0; disagree,model_disagrees,,0
night_err,20260903-081508_dig5,20260903-081508,5,C:\Users\josep\source\repos\AIOTED-digital-rawdigits\20260903\08\0_main_dig5_20260903-081508.jpg,8,transition,87.20,screen test8; model saw 0; disagree,model_disagrees,,0
night_err,20260928-192240_dig6,20260928-192240,6,C:\Users\josep\source\repos\AIOTED-digital-rawdigits\20260928\19\6_main_dig6_20260928-192240.jpg,8,flash,78.17,reading_est 59378; model saw 6; ambiguous,model_disagrees,,1
night_err,20260924-005350_dig6,20260924-005350,6,C:\Users\josep\source\repos\AIOTED-digital-rawdigits\20260924\00\6_main_dig6_20260924-005350.jpg,8,flash,78.16,reading_est 59279; skip 59277->59279: inferred 59278 (upper run); model saw 6; ambiguous,model_disagrees,,1
night_err,20260821-194152_dig6,20260821-194152,6,C:\Users\josep\source\repos\AIOTED-digital-rawdigits\20260821\19\6_main_dig6_20260821-194152.jpg,8,flash,77.17,reading_est 58238; model saw 6; ambiguous,model_disagrees,,1
night_err,20260925-010618_dig6,20260925-010618,6,C:\Users\josep\source\repos\AIOTED-digital-rawdigits\20260925\01\6_main_dig6_20260925-010618.jpg,8,flash,78.10,reading_est 59298; model saw 6; ambiguous,model_disagrees,,1
night_err,20260817-050600_dig6,20260817-050600,6,C:\Users\josep\source\repos\AIOTED-digital-rawdigits\20260817\05\9_main_dig6_20260817-050600.jpg,8,flash,76.12,reading_est 58059; skip 58057->58059: inferred 58058 (upper run); model saw 9; agree_soft,model_disagrees,,1
night_err,20260829-192537_dig6,20260829-192537,6,C:\Users\josep\source\repos\AIOTED-digital-rawdigits\20260829\19\6_main_dig6_20260829-192537.jpg,8,flash,77.17,reading_est 58508; model saw 6; ambiguous,model_disagrees,,1
night_err,20260826-194942_dig6,20260826-194942,6,C:\Users\josep\source\repos\AIOTED-digital-rawdigits\20260826\19\6_main_dig6_20260826-194942.jpg,8,flash,75.22,reading_est 58408; model saw 6; ambiguous,model_disagrees,,1
night_err,20260820-223753_dig6,20260820-223753,6,C:\Users\josep\source\repos\AIOTED-digital-rawdigits\20260820\22\6_main_dig6_20260820-223753.jpg,8,flash,76.87,reading_est 58209; skip 58207->58209: inferred 58208 (upper run); model saw 6; ambiguous,model_disagrees,,1
night_err,20260902-070710_dig6,20260902-070710,6,C:\Users\josep\source\repos\AIOTED-digital-rawdigits\20260902\07\9_main_dig6_20260902-070710.jpg,8,flash,80.31,reading_est 58649; skip 58647->58649: inferred 58648 (upper run); model saw 9; agree_soft,model_disagrees,,1
night_err,20260819-203355_dig6,20260819-203355,6,C:\Users\josep\source\repos\AIOTED-digital-rawdigits\20260819\20\6_main_dig6_20260819-203355.jpg,8,flash,77.17,reading_est 58169; skip 58167->58169: inferred 58168 (upper run); model saw 6; ambiguous,model_disagrees,,1
night_err,20260823-224948_dig6,20260823-224948,6,C:\Users\josep\source\repos\AIOTED-digital-rawdigits\20260823\22\6_main_dig6_20260823-224948.jpg,8,flash,76.23,reading_est 58309; skip 58307->58309: inferred 58308 (upper run); model saw 6; ambiguous,model_disagrees,,1
night_err,20260906-233124_dig6,20260906-233124,6,C:\Users\josep\source\repos\AIOTED-digital-rawdigits\20260906\23\0_main_dig6_20260906-233124.jpg,8,flash,77.86,reading_est 58828; model saw 0; ambiguous,model_disagrees,,1
night_err,20260908-041122_dig6,20260908-041122,6,C:\Users\josep\source\repos\AIOTED-digital-rawdigits\20260908\04\0_main_dig6_20260908-041122.jpg,8,flash,77.72,reading_est 58868; skip-host run; model saw 0; ambiguous,model_disagrees,,1
night_err,20260914-004539_dig6,20260914-004539,6,C:\Users\josep\source\repos\AIOTED-digital-rawdigits\20260914\00\6_main_dig6_20260914-004539.jpg,8,flash,77.17,reading_est 59058; skip-host run; model saw 6; ambiguous,model_disagrees,,1
night_err,20260828-235738_dig6,20260828-235738,6,C:\Users\josep\source\repos\AIOTED-digital-rawdigits\20260828\23\6_main_dig6_20260828-235738.jpg,8,flash,74.13,reading_est 58488; model saw 6; ambiguous,model_disagrees,,1
night_err,20260912-032827_dig6,20260912-032827,6,C:\Users\josep\source\repos\AIOTED-digital-rawdigits\20260912\03\6_main_dig6_20260912-032827.jpg,8,flash,77.93,reading_est 59008; model saw 6; ambiguous,model_disagrees,,1
night_err,20260927-192642_dig6,20260927-192642,6,C:\Users\josep\source\repos\AIOTED-digital-rawdigits\20260927\19\0_main_dig6_20260927-192642.jpg,8,flash,79.25,reading_est 59358; model saw 0; ambiguous,model_disagrees,,1
night_err,20260907-003124_dig6,20260907-003124,6,C:\Users\josep\source\repos\AIOTED-digital-rawdigits\20260907\00\0_main_dig6_20260907-003124.jpg,8,flash,77.22,reading_est 58828; model saw 0; ambiguous,model_disagrees,,1
night_err,20260917-230532_dig6,20260917-230532,6,C:\Users\josep\source\repos\AIOTED-digital-rawdigits\20260917\23\6_main_dig6_20260917-230532.jpg,8,flash,78.17,reading_est 59148; model saw 6; ambiguous,model_disagrees,,1
night_err,20260913-034057_dig6,20260913-034057,6,C:\Users\josep\source\repos\AIOTED-digital-rawdigits\20260913\03\6_main_dig6_20260913-034057.jpg,8,flash,78.12,reading_est 59039; skip 59037->59039: inferred 59038 (upper run); model saw 6; ambiguous,model_disagrees,,1
night_err,20260922-015725_dig6,20260922-015725,6,C:\Users\josep\source\repos\AIOTED-digital-rawdigits\20260922\01\6_main_dig6_20260922-015725.jpg,8,flash,78.00,reading_est 59238; model saw 6; ambiguous,model_disagrees,,1
night_err,20260815-233403_dig6,20260815-233403,6,C:\Users\josep\source\repos\AIOTED-digital-rawdigits\20260815\23\6_main_dig6_20260815-233403.jpg,8,flash,75.13,reading_est 58018; model saw 6; ambiguous,model_disagrees,,1
night_err,20260910-220000_dig6,20260910-220000,6,C:\Users\josep\source\repos\AIOTED-digital-rawdigits\20260910\22\6_main_dig6_20260910-220000.jpg,8,flash,78.08,reading_est 58968; model saw 6; disagree,model_disagrees,,1
night_err,20260904-203458_dig6,20260904-203458,6,C:\Users\josep\source\repos\AIOTED-digital-rawdigits\20260904\20\6_main_dig6_20260904-203458.jpg,8,flash,76.87,reading_est 58758; model saw 6; ambiguous,model_disagrees,,1
night_err,20260905-200657_dig6,20260905-200657,6,C:\Users\josep\source\repos\AIOTED-digital-rawdigits\20260905\20\2_main_dig6_20260905-200657.jpg,8,flash,78.93,reading_est 58798; skip-host run; model saw 2; ambiguous,model_disagrees,,1
night_err,20260831-200133_dig6,20260831-200133,6,C:\Users\josep\source\repos\AIOTED-digital-rawdigits\20260831\20\6_main_dig6_20260831-200133.jpg,8,flash,72.91,reading_est 58588; model saw 6; ambiguous,model_disagrees,,1
night_err,20260824-230146_dig6,20260824-230146,6,C:\Users\josep\source\repos\AIOTED-digital-rawdigits\20260824\23\6_main_dig6_20260824-230146.jpg,8,flash,76.10,reading_est 58339; skip 58337->58339: inferred 58338 (upper run); model saw 6; ambiguous,model_disagrees,,1
night_err,20260827-211740_dig6,20260827-211740,6,C:\Users\josep\source\repos\AIOTED-digital-rawdigits\20260827\21\6_main_dig6_20260827-211740.jpg,8,flash,76.17,reading_est 58449; skip 58447->58449: inferred 58448 (upper run); model saw 6; ambiguous,model_disagrees,,1
night_err,20260928-211040_dig6,20260928-211040,6,C:\Users\josep\source\repos\AIOTED-digital-rawdigits\20260928\21\0_main_dig6_20260928-211040.jpg,8,flash,78.09,reading_est 59378; model saw 0; ambiguous,model_disagrees,,1
night_err,20260924-235818_dig6,20260924-235818,6,C:\Users\josep\source\repos\AIOTED-digital-rawdigits\20260924\23\6_main_dig6_20260924-235818.jpg,8,flash,77.13,reading_est 59298; model saw 6; ambiguous,model_disagrees,,1
night_err,20260925-003418_dig6,20260925-003418,6,C:\Users\josep\source\repos\AIOTED-digital-rawdigits\20260925\00\6_main_dig6_20260925-003418.jpg,8,flash,77.13,reading_est 59298; model saw 6; ambiguous,model_disagrees,,1
night_err,20260817-041800_dig6,20260817-041800,6,C:\Users\josep\source\repos\AIOTED-digital-rawdigits\20260817\04\9_main_dig6_20260817-041800.jpg,8,flash,76.13,reading_est 58059; skip 58057->58059: inferred 58058 (upper run); model saw 9; agree_soft,model_disagrees,,1
night_err,20260829-000938_dig6,20260829-000938,6,C:\Users\josep\source\repos\AIOTED-digital-rawdigits\20260829\00\6_main_dig6_20260829-000938.jpg,8,flash,74.82,reading_est 58488; model saw 6; ambiguous,model_disagrees,,1
night_err,20260826-022544_dig6,20260826-022544,6,C:\Users\josep\source\repos\AIOTED-digital-rawdigits\20260826\02\6_main_dig6_20260826-022544.jpg,8,flash,76.23,reading_est 58379; skip 58377->58379: inferred 58378 (upper run); model saw 6; ambiguous,model_disagrees,,1
night_err,20260820-215753_dig6,20260820-215753,6,C:\Users\josep\source\repos\AIOTED-digital-rawdigits\20260820\21\9_main_dig6_20260820-215753.jpg,8,flash,76.86,reading_est 58209; skip 58207->58209: inferred 58208 (upper run); model saw 9; agree_soft,model_disagrees,,1
night_err,20260902-201509_dig6,20260902-201509,6,C:\Users\josep\source\repos\AIOTED-digital-rawdigits\20260902\20\6_main_dig6_20260902-201509.jpg,8,flash,74.87,reading_est 58678; skip-host run; model saw 6; ambiguous,model_disagrees,,1
night_err,20260819-202155_dig6,20260819-202155,6,C:\Users\josep\source\repos\AIOTED-digital-rawdigits\20260819\20\9_main_dig6_20260819-202155.jpg,8,flash,77.00,reading_est 58169; skip 58167->58169: inferred 58168 (upper run); model saw 9; agree_soft,model_disagrees,,1
night_err,20260823-030149_dig6,20260823-030149,6,C:\Users\josep\source\repos\AIOTED-digital-rawdigits\20260823\03\9_main_dig6_20260823-030149.jpg,8,flash,77.12,reading_est 58279; skip 58277->58279: inferred 58278 (upper run); model saw 9; agree_soft,model_disagrees,,1
night_err,20260906-231124_dig6,20260906-231124,6,C:\Users\josep\source\repos\AIOTED-digital-rawdigits\20260906\23\0_main_dig6_20260906-231124.jpg,8,flash,77.22,reading_est 58828; model saw 0; ambiguous,model_disagrees,,1
night_err,20260908-050322_dig6,20260908-050322,6,C:\Users\josep\source\repos\AIOTED-digital-rawdigits\20260908\05\0_main_dig6_20260908-050322.jpg,8,flash,77.81,reading_est 58868; skip-host run; model saw 0; ambiguous,model_disagrees,,1
night_err,20260914-005739_dig6,20260914-005739,6,C:\Users\josep\source\repos\AIOTED-digital-rawdigits\20260914\00\0_main_dig6_20260914-005739.jpg,8,flash,77.10,reading_est 59058; skip-host run; model saw 0; ambiguous,model_disagrees,,1
night_err,20260912-034827_dig6,20260912-034827,6,C:\Users\josep\source\repos\AIOTED-digital-rawdigits\20260912\03\6_main_dig6_20260912-034827.jpg,8,flash,77.93,reading_est 59008; model saw 6; ambiguous,model_disagrees,,1
night_err,20260907-001924_dig6,20260907-001924,6,C:\Users\josep\source\repos\AIOTED-digital-rawdigits\20260907\00\0_main_dig6_20260907-001924.jpg,8,flash,77.17,reading_est 58828; model saw 0; ambiguous,model_disagrees,,1
night_err,20260917-225331_dig6,20260917-225331,6,C:\Users\josep\source\repos\AIOTED-digital-rawdigits\20260917\22\5_main_dig6_20260917-225331.jpg,8,flash,78.22,reading_est 59148; model saw 5; ambiguous,model_disagrees,,1
night_err,20260913-034857_dig6,20260913-034857,6,C:\Users\josep\source\repos\AIOTED-digital-rawdigits\20260913\03\9_main_dig6_20260913-034857.jpg,8,flash,78.08,reading_est 59039; skip 59037->59039: inferred 59038 (upper run); model saw 9; agree_soft,model_disagrees,,1
night_err,20260922-021725_dig6,20260922-021725,6,C:\Users\josep\source\repos\AIOTED-digital-rawdigits\20260922\02\6_main_dig6_20260922-021725.jpg,8,flash,77.87,reading_est 59238; model saw 6; ambiguous,model_disagrees,,1
night_err,20260910-222800_dig6,20260910-222800,6,C:\Users\josep\source\repos\AIOTED-digital-rawdigits\20260910\22\0_main_dig6_20260910-222800.jpg,8,flash,77.82,reading_est 58968; model saw 0; ambiguous,model_disagrees,,1
night_err,20260904-202258_dig6,20260904-202258,6,C:\Users\josep\source\repos\AIOTED-digital-rawdigits\20260904\20\6_main_dig6_20260904-202258.jpg,8,flash,77.10,reading_est 58758; model saw 6; ambiguous,model_disagrees,,1
night_err,20260905-225857_dig6,20260905-225857,6,C:\Users\josep\source\repos\AIOTED-digital-rawdigits\20260905\22\6_main_dig6_20260905-225857.jpg,8,flash,78.17,reading_est 58798; skip-host run; model saw 6; ambiguous,model_disagrees,,1
night_err,20260831-193333_dig6,20260831-193333,6,C:\Users\josep\source\repos\AIOTED-digital-rawdigits\20260831\19\6_main_dig6_20260831-193333.jpg,8,flash,74.10,reading_est 58588; model saw 6; ambiguous,model_disagrees,,1
night_err,20260824-221346_dig6,20260824-221346,6,C:\Users\josep\source\repos\AIOTED-digital-rawdigits\20260824\22\9_main_dig6_20260824-221346.jpg,8,flash,76.05,reading_est 58339; skip 58337->58339: inferred 58338 (upper run); model saw 9; agree_soft,model_disagrees,,1
night_err,20260827-205740_dig6,20260827-205740,6,C:\Users\josep\source\repos\AIOTED-digital-rawdigits\20260827\20\7_main_dig6_20260827-205740.jpg,8,flash,74.17,reading_est 58449; skip 58447->58449: inferred 58448 (upper run); model saw 7; ambiguous,model_disagrees,,1
night_err,20260924-000550_dig6,20260924-000550,6,C:\Users\josep\source\repos\AIOTED-digital-rawdigits\20260924\00\0_main_dig6_20260924-000550.jpg,8,flash,78.22,reading_est 59279; skip 59277->59279: inferred 59278 (upper run); model saw 0; ambiguous,model_disagrees,,1
night_err,20260925-000618_dig6,20260925-000618,6,C:\Users\josep\source\repos\AIOTED-digital-rawdigits\20260925\00\6_main_dig6_20260925-000618.jpg,8,flash,77.13,reading_est 59298; model saw 6; ambiguous,model_disagrees,,1
night_err,20260817-044600_dig6,20260817-044600,6,C:\Users\josep\source\repos\AIOTED-digital-rawdigits\20260817\04\9_main_dig6_20260817-044600.jpg,8,flash,76.13,reading_est 58059; skip 58057->58059: inferred 58058 (upper run); model saw 9; agree_soft,model_disagrees,,1
night_err,20260829-193337_dig6,20260829-193337,6,C:\Users\josep\source\repos\AIOTED-digital-rawdigits\20260829\19\6_main_dig6_20260829-193337.jpg,8,flash,76.12,reading_est 58508; model saw 6; ambiguous,model_disagrees,,1
night_err,20260826-014544_dig6,20260826-014544,6,C:\Users\josep\source\repos\AIOTED-digital-rawdigits\20260826\01\9_main_dig6_20260826-014544.jpg,8,flash,76.22,reading_est 58379; skip 58377->58379: inferred 58378 (upper run); model saw 9; agree_soft,model_disagrees,,1
night_err,20260820-221753_dig6,20260820-221753,6,C:\Users\josep\source\repos\AIOTED-digital-rawdigits\20260820\22\9_main_dig6_20260820-221753.jpg,8,flash,76.94,reading_est 58209; skip 58207->58209: inferred 58208 (upper run); model saw 9; agree_soft,model_disagrees,,1
night_err,20260902-065510_dig6,20260902-065510,6,C:\Users\josep\source\repos\AIOTED-digital-rawdigits\20260902\06\9_main_dig6_20260902-065510.jpg,8,flash,78.97,reading_est 58649; skip 58647->58649: inferred 58648 (upper run); model saw 9; agree_soft,model_disagrees,,1
night_err,20260819-201355_dig6,20260819-201355,6,C:\Users\josep\source\repos\AIOTED-digital-rawdigits\20260819\20\9_main_dig6_20260819-201355.jpg,8,flash,76.04,reading_est 58169; skip 58167->58169: inferred 58168 (upper run); model saw 9; agree_soft,model_disagrees,,1
night_err,20260905-185057_dig6,20260905-185057,6,C:\Users\josep\source\repos\AIOTED-digital-rawdigits\20260905\18\0_main_dig6_20260905-185057.jpg,8,transition,81.25,reading_est 58798; skip-host run; model saw 0; ambiguous,model_disagrees,,1
night_err,20260907-183523_dig6,20260907-183523,6,C:\Users\josep\source\repos\AIOTED-digital-rawdigits\20260907\18\9_main_dig6_20260907-183523.jpg,8,transition,82.94,reading_est 58858; model saw 9; ambiguous,model_disagrees,,1
night_err,20260821-091752_dig6,20260821-091752,6,C:\Users\josep\source\repos\AIOTED-digital-rawdigits\20260821\09\9_main_dig6_20260821-091752.jpg,8,transition,81.16,screen test8; model saw 9; disagree,model_disagrees,,0
night_err,20260828-065740_dig6,20260828-065740,6,C:\Users\josep\source\repos\AIOTED-digital-rawdigits\20260828\06\9_main_dig6_20260828-065740.jpg,8,transition,84.59,screen test8; model saw 9; disagree,model_disagrees,,0
night_err,20260903-081508_dig6,20260903-081508,6,C:\Users\josep\source\repos\AIOTED-digital-rawdigits\20260903\08\9_main_dig6_20260903-081508.jpg,8,transition,87.20,screen test8; model saw 9; disagree,model_disagrees,,0
night_err,20260920-071328_dig6,20260920-071328,6,C:\Users\josep\source\repos\AIOTED-digital-rawdigits\20260920\07\0_main_dig6_20260920-071328.jpg,8,transition,83.20,screen test8; model saw 0; disagree,model_disagrees,,0
night_err,20260904-084706_dig3,20260904-084706,3,C:\Users\josep\source\repos\AIOTED-digital-rawdigits\20260904\08\8_main_dig3_20260904-084706.jpg,0,flash,78.31,screen test0; model saw 8; disagree,model_disagrees,,0
night_err,20260912-045227_dig3,20260912-045227,3,C:\Users\josep\source\repos\AIOTED-digital-rawdigits\20260912\04\8_main_dig3_20260912-045227.jpg,0,flash,77.76,screen test0; model saw 8; disagree,model_disagrees,,0
night_err,20260819-234555_dig3,20260819-234555,3,C:\Users\josep\source\repos\AIOTED-digital-rawdigits\20260819\23\8_main_dig3_20260819-234555.jpg,0,flash,77.84,screen test0; model saw 8; disagree,model_disagrees,,0
night_err,20260928-215440_dig3,20260928-215440,3,C:\Users\josep\source\repos\AIOTED-digital-rawdigits\20260928\21\8_main_dig3_20260928-215440.jpg,0,flash,78.16,screen test0; model saw 8; disagree,model_disagrees,,0
night_err,20260913-224139_dig3,20260913-224139,3,C:\Users\josep\source\repos\AIOTED-digital-rawdigits\20260913\22\8_main_dig3_20260913-224139.jpg,0,flash,77.16,screen test0; model saw 8; disagree,model_disagrees,,0
night_err,20260831-224533_dig3,20260831-224533,3,C:\Users\josep\source\repos\AIOTED-digital-rawdigits\20260831\22\8_main_dig3_20260831-224533.jpg,0,flash,73.79,screen test0; model saw 8; disagree,model_disagrees,,0
night_err,20260906-224324_dig3,20260906-224324,3,C:\Users\josep\source\repos\AIOTED-digital-rawdigits\20260906\22\8_main_dig3_20260906-224324.jpg,0,flash,77.83,screen test0; model saw 8; disagree,model_disagrees,,0
night_err,20260822-225749_dig3,20260822-225749,3,C:\Users\josep\source\repos\AIOTED-digital-rawdigits\20260822\22\8_main_dig3_20260822-225749.jpg,0,flash,76.16,screen test0; model saw 8; disagree,model_disagrees,,0
night_err,20260915-023337_dig3,20260915-023337,3,C:\Users\josep\source\repos\AIOTED-digital-rawdigits\20260915\02\8_main_dig3_20260915-023337.jpg,0,flash,76.86,screen test0; model saw 8; disagree,model_disagrees,,0
night_err,20260827-220940_dig3,20260827-220940,3,C:\Users\josep\source\repos\AIOTED-digital-rawdigits\20260827\22\8_main_dig3_20260827-220940.jpg,0,flash,75.87,screen test0; model saw 8; disagree,model_disagrees,,0
night_err,20260920-225727_dig3,20260920-225727,3,C:\Users\josep\source\repos\AIOTED-digital-rawdigits\20260920\22\8_main_dig3_20260920-225727.jpg,0,flash,77.10,screen test0; model saw 8; disagree,model_disagrees,,0
night_err,20260910-190401_dig3,20260910-190401,3,C:\Users\josep\source\repos\AIOTED-digital-rawdigits\20260910\19\8_main_dig3_20260910-190401.jpg,0,flash,78.16,screen test0; model saw 8; disagree,model_disagrees,,0
night_err,20260907-045124_dig3,20260907-045124,3,C:\Users\josep\source\repos\AIOTED-digital-rawdigits\20260907\04\8_main_dig3_20260907-045124.jpg,0,flash,77.86,screen test0; model saw 8; disagree,model_disagrees,,0
night_err,20260927-054614_dig3,20260927-054614,3,C:\Users\josep\source\repos\AIOTED-digital-rawdigits\20260927\05\8_main_dig3_20260927-054614.jpg,0,flash,77.86,screen test0; model saw 8; disagree,model_disagrees,,0
night_err,20260820-212953_dig3,20260820-212953,3,C:\Users\josep\source\repos\AIOTED-digital-rawdigits\20260820\21\8_main_dig3_20260820-212953.jpg,0,flash,75.79,screen test0; model saw 8; disagree,model_disagrees,,0
night_err,20260817-034200_dig3,20260817-034200,3,C:\Users\josep\source\repos\AIOTED-digital-rawdigits\20260817\03\8_main_dig3_20260817-034200.jpg,0,flash,77.00,screen test0; model saw 8; disagree,model_disagrees,,0
night_err,20260908-002722_dig3,20260908-002722,3,C:\Users\josep\source\repos\AIOTED-digital-rawdigits\20260908\00\8_main_dig3_20260908-002722.jpg,0,flash,77.91,screen test0; model saw 8; disagree,model_disagrees,,0
night_err,20260926-185015_dig3,20260926-185015,3,C:\Users\josep\source\repos\AIOTED-digital-rawdigits\20260926\18\8_main_dig3_20260926-185015.jpg,0,flash,77.87,screen test0; model saw 8; disagree,model_disagrees,,0
night_err,20260824-024146_dig3,20260824-024146,3,C:\Users\josep\source\repos\AIOTED-digital-rawdigits\20260824\02\8_main_dig3_20260824-024146.jpg,0,flash,77.86,screen test0; model saw 8; disagree,model_disagrees,,0
night_err,20260902-214709_dig3,20260902-214709,3,C:\Users\josep\source\repos\AIOTED-digital-rawdigits\20260902\21\8_main_dig3_20260902-214709.jpg,0,flash,74.44,screen test0; model saw 8; disagree,model_disagrees,,0
night_err,20260919-032930_dig3,20260919-032930,3,C:\Users\josep\source\repos\AIOTED-digital-rawdigits\20260919\03\8_main_dig3_20260919-032930.jpg,0,flash,76.86,screen test0; model saw 8; disagree,model_disagrees,,0
night_err,20260914-054938_dig3,20260914-054938,3,C:\Users\josep\source\repos\AIOTED-digital-rawdigits\20260914\05\8_main_dig3_20260914-054938.jpg,0,flash,76.86,screen test0; model saw 8; disagree,model_disagrees,,0
night_err,20260816-015802_dig3,20260816-015802,3,C:\Users\josep\source\repos\AIOTED-digital-rawdigits\20260816\01\8_main_dig3_20260816-015802.jpg,0,flash,75.17,screen test0; model saw 8; disagree,model_disagrees,,0
night_err,20260826-215342_dig3,20260826-215342,3,C:\Users\josep\source\repos\AIOTED-digital-rawdigits\20260826\21\8_main_dig3_20260826-215342.jpg,0,flash,76.00,screen test0; model saw 8; disagree,model_disagrees,,0
night_err,20260922-024124_dig3,20260922-024124,3,C:\Users\josep\source\repos\AIOTED-digital-rawdigits\20260922\02\8_main_dig3_20260922-024124.jpg,0,flash,77.07,screen test0; model saw 8; disagree,model_disagrees,,0
night_err,20260911-235228_dig3,20260911-235228,3,C:\Users\josep\source\repos\AIOTED-digital-rawdigits\20260911\23\8_main_dig3_20260911-235228.jpg,0,flash,77.22,screen test0; model saw 8; disagree,model_disagrees,,0
night_err,20260917-000133_dig3,20260917-000133,3,C:\Users\josep\source\repos\AIOTED-digital-rawdigits\20260917\00\8_main_dig3_20260917-000133.jpg,0,flash,77.17,screen test0; model saw 8; disagree,model_disagrees,,0
night_err,20260918-010531_dig3,20260918-010531,3,C:\Users\josep\source\repos\AIOTED-digital-rawdigits\20260918\01\8_main_dig3_20260918-010531.jpg,0,flash,77.12,screen test0; model saw 8; disagree,model_disagrees,,0
night_err,20260830-204135_dig3,20260830-204135,3,C:\Users\josep\source\repos\AIOTED-digital-rawdigits\20260830\20\8_main_dig3_20260830-204135.jpg,0,flash,75.29,screen test0; model saw 8; disagree,model_disagrees,,0
night_err,20260925-205416_dig3,20260925-205416,3,C:\Users\josep\source\repos\AIOTED-digital-rawdigits\20260925\20\8_main_dig3_20260925-205416.jpg,0,flash,78.93,screen test0; model saw 8; disagree,model_disagrees,,0
night_err,20260921-061726_dig3,20260921-061726,3,C:\Users\josep\source\repos\AIOTED-digital-rawdigits\20260921\06\8_main_dig3_20260921-061726.jpg,0,flash,77.09,screen test0; model saw 8; disagree,model_disagrees,,0
night_err,20260823-062549_dig3,20260823-062549,3,C:\Users\josep\source\repos\AIOTED-digital-rawdigits\20260823\06\8_main_dig3_20260823-062549.jpg,0,flash,79.41,screen test0; model saw 8; disagree,model_disagrees,,0
night_err,20260828-213339_dig3,20260828-213339,3,C:\Users\josep\source\repos\AIOTED-digital-rawdigits\20260828\21\8_main_dig3_20260828-213339.jpg,0,flash,75.13,screen test0; model saw 8; disagree,model_disagrees,,0
night_err,20260821-051753_dig3,20260821-051753,3,C:\Users\josep\source\repos\AIOTED-digital-rawdigits\20260821\05\8_main_dig3_20260821-051753.jpg,0,flash,76.86,screen test0; model saw 8; disagree,model_disagrees,,0
night_err,20260930-022638_dig3,20260930-022638,3,C:\Users\josep\source\repos\AIOTED-digital-rawdigits\20260930\02\8_main_dig3_20260930-022638.jpg,0,flash,77.12,screen test0; model saw 8; disagree,model_disagrees,,0
night_err,20260903-031508_dig3,20260903-031508,3,C:\Users\josep\source\repos\AIOTED-digital-rawdigits\20260903\03\8_main_dig3_20260903-031508.jpg,0,flash,74.91,screen test0; model saw 8; disagree,model_disagrees,,0
night_err,20260815-205803_dig3,20260815-205803,3,C:\Users\josep\source\repos\AIOTED-digital-rawdigits\20260815\20\8_main_dig3_20260815-205803.jpg,0,flash,75.86,screen test0; model saw 8; disagree,model_disagrees,,0
night_err,20260924-044550_dig3,20260924-044550,3,C:\Users\josep\source\repos\AIOTED-digital-rawdigits\20260924\04\8_main_dig3_20260924-044550.jpg,0,flash,77.00,screen test0; model saw 8; disagree,model_disagrees,,0
night_err,20260904-013906_dig3,20260904-013906,3,C:\Users\josep\source\repos\AIOTED-digital-rawdigits\20260904\01\8_main_dig3_20260904-013906.jpg,0,flash,76.08,screen test0; model saw 8; disagree,model_disagrees,,0
night_err,20260912-031228_dig3,20260912-031228,3,C:\Users\josep\source\repos\AIOTED-digital-rawdigits\20260912\03\8_main_dig3_20260912-031228.jpg,0,flash,77.78,screen test0; model saw 8; disagree,model_disagrees,,0
night_err,20260819-054956_dig3,20260819-054956,3,C:\Users\josep\source\repos\AIOTED-digital-rawdigits\20260819\05\8_main_dig3_20260819-054956.jpg,0,flash,77.81,screen test0; model saw 8; disagree,model_disagrees,,0
night_err,20260928-031841_dig3,20260928-031841,3,C:\Users\josep\source\repos\AIOTED-digital-rawdigits\20260928\03\8_main_dig3_20260928-031841.jpg,0,flash,77.17,screen test0; model saw 8; disagree,model_disagrees,,0
night_err,20260913-002457_dig3,20260913-002457,3,C:\Users\josep\source\repos\AIOTED-digital-rawdigits\20260913\00\8_main_dig3_20260913-002457.jpg,0,flash,77.94,screen test0; model saw 8; disagree,model_disagrees,,0
night_err,20260831-210533_dig3,20260831-210533,3,C:\Users\josep\source\repos\AIOTED-digital-rawdigits\20260831\21\8_main_dig3_20260831-210533.jpg,0,flash,74.22,screen test0; model saw 8; disagree,model_disagrees,,0
night_err,20260822-193750_dig3,20260822-193750,3,C:\Users\josep\source\repos\AIOTED-digital-rawdigits\20260822\19\8_main_dig3_20260822-193750.jpg,0,flash,77.17,screen test0; model saw 8; disagree,model_disagrees,,0
night_err,20260915-041337_dig3,20260915-041337,3,C:\Users\josep\source\repos\AIOTED-digital-rawdigits\20260915\04\8_main_dig3_20260915-041337.jpg,0,flash,77.00,screen test0; model saw 8; disagree,model_disagrees,,0
night_err,20260827-001342_dig3,20260827-001342,3,C:\Users\josep\source\repos\AIOTED-digital-rawdigits\20260827\00\8_main_dig3_20260827-001342.jpg,0,flash,76.07,screen test0; model saw 8; disagree,model_disagrees,,0
night_err,20260920-031328_dig3,20260920-031328,3,C:\Users\josep\source\repos\AIOTED-digital-rawdigits\20260920\03\8_main_dig3_20260920-031328.jpg,0,flash,78.08,screen test0; model saw 8; disagree,model_disagrees,,0
night_err,20260910-054318_dig3,20260910-054318,3,C:\Users\josep\source\repos\AIOTED-digital-rawdigits\20260910\05\8_main_dig3_20260910-054318.jpg,0,flash,77.22,screen test0; model saw 8; disagree,model_disagrees,,0
night_err,20260907-025124_dig3,20260907-025124,3,C:\Users\josep\source\repos\AIOTED-digital-rawdigits\20260907\02\8_main_dig3_20260907-025124.jpg,0,flash,77.78,screen test0; model saw 8; disagree,model_disagrees,,0
night_err,20260927-235042_dig3,20260927-235042,3,C:\Users\josep\source\repos\AIOTED-digital-rawdigits\20260927\23\8_main_dig3_20260927-235042.jpg,0,flash,78.22,screen test0; model saw 8; disagree,model_disagrees,,0
night_err,20260820-055355_dig3,20260820-055355,3,C:\Users\josep\source\repos\AIOTED-digital-rawdigits\20260820\05\8_main_dig3_20260820-055355.jpg,0,flash,77.84,screen test0; model saw 8; disagree,model_disagrees,,0
night_err,20260817-044200_dig3,20260817-044200,3,C:\Users\josep\source\repos\AIOTED-digital-rawdigits\20260817\04\8_main_dig3_20260817-044200.jpg,0,flash,76.82,screen test0; model saw 8; disagree,model_disagrees,,0
night_err,20260908-032722_dig3,20260908-032722,3,C:\Users\josep\source\repos\AIOTED-digital-rawdigits\20260908\03\8_main_dig3_20260908-032722.jpg,0,flash,77.86,screen test0; model saw 8; disagree,model_disagrees,,0
night_err,20260926-011416_dig3,20260926-011416,3,C:\Users\josep\source\repos\AIOTED-digital-rawdigits\20260926\01\8_main_dig3_20260926-011416.jpg,0,flash,77.79,screen test0; model saw 8; disagree,model_disagrees,,0
night_err,20260824-192546_dig3,20260824-192546,3,C:\Users\josep\source\repos\AIOTED-digital-rawdigits\20260824\19\8_main_dig3_20260824-192546.jpg,0,flash,76.95,screen test0; model saw 8; disagree,model_disagrees,,0
night_err,20260902-194709_dig3,20260902-194709,3,C:\Users\josep\source\repos\AIOTED-digital-rawdigits\20260902\19\8_main_dig3_20260902-194709.jpg,0,flash,74.15,screen test0; model saw 8; disagree,model_disagrees,,0
night_err,20260919-042930_dig3,20260919-042930,3,C:\Users\josep\source\repos\AIOTED-digital-rawdigits\20260919\04\8_main_dig3_20260919-042930.jpg,0,flash,77.00,screen test0; model saw 8; disagree,model_disagrees,,0
night_err,20260914-042939_dig3,20260914-042939,3,C:\Users\josep\source\repos\AIOTED-digital-rawdigits\20260914\04\8_main_dig3_20260914-042939.jpg,0,flash,76.86,screen test0; model saw 8; disagree,model_disagrees,,0
night_err,20260816-234201_dig3,20260816-234201,3,C:\Users\josep\source\repos\AIOTED-digital-rawdigits\20260816\23\8_main_dig3_20260816-234201.jpg,0,flash,77.00,screen test0; model saw 8; disagree,model_disagrees,,0
night_err,20260816-181401_dig3,20260816-181401,3,C:\Users\josep\source\repos\AIOTED-digital-rawdigits\20260816\18\8_main_dig3_20260816-181401.jpg,0,transition,86.90,screen test0; model saw 8; disagree,model_disagrees,,0
night_err,20260816-183401_dig3,20260816-183401,3,C:\Users\josep\source\repos\AIOTED-digital-rawdigits\20260816\18\8_main_dig3_20260816-183401.jpg,0,transition,83.97,screen test0; model saw 8; disagree,model_disagrees,,0
night_err,20260816-185401_dig3,20260816-185401,3,C:\Users\josep\source\repos\AIOTED-digital-rawdigits\20260816\18\8_main_dig3_20260816-185401.jpg,0,transition,82.03,screen test0; model saw 8; disagree,model_disagrees,,0
night_err,20260817-063000_dig3,20260817-063000,3,C:\Users\josep\source\repos\AIOTED-digital-rawdigits\20260817\06\8_main_dig3_20260817-063000.jpg,0,transition,81.03,screen test0; model saw 8; disagree,model_disagrees,,0
night_err,20260817-065000_dig3,20260817-065000,3,C:\Users\josep\source\repos\AIOTED-digital-rawdigits\20260817\06\8_main_dig3_20260817-065000.jpg,0,transition,83.16,screen test0; model saw 8; disagree,model_disagrees,,0
night_err,20260817-071000_dig3,20260817-071000,3,C:\Users\josep\source\repos\AIOTED-digital-rawdigits\20260817\07\8_main_dig3_20260817-071000.jpg,0,transition,91.98,screen test0; model saw 8; disagree,model_disagrees,,0
night_err,20260817-165759_dig3,20260817-165759,3,C:\Users\josep\source\repos\AIOTED-digital-rawdigits\20260817\16\8_main_dig3_20260817-165759.jpg,0,transition,91.91,screen test0; model saw 8; disagree,model_disagrees,,0
night_err,20260817-171759_dig3,20260817-171759,3,C:\Users\josep\source\repos\AIOTED-digital-rawdigits\20260817\17\8_main_dig3_20260817-171759.jpg,0,transition,86.98,screen test0; model saw 8; disagree,model_disagrees,,0
night_err,20260817-173759_dig3,20260817-173759,3,C:\Users\josep\source\repos\AIOTED-digital-rawdigits\20260817\17\8_main_dig3_20260817-173759.jpg,0,transition,84.31,screen test0; model saw 8; disagree,model_disagrees,,0
night_err,20260817-175759_dig3,20260817-175759,3,C:\Users\josep\source\repos\AIOTED-digital-rawdigits\20260817\17\8_main_dig3_20260817-175759.jpg,0,transition,83.97,screen test0; model saw 8; disagree,model_disagrees,,0
night_err,20260817-181759_dig3,20260817-181759,3,C:\Users\josep\source\repos\AIOTED-digital-rawdigits\20260817\18\8_main_dig3_20260817-181759.jpg,0,transition,83.25,screen test0; model saw 8; disagree,model_disagrees,,0
night_err,20260817-183759_dig3,20260817-183759,3,C:\Users\josep\source\repos\AIOTED-digital-rawdigits\20260817\18\8_main_dig3_20260817-183759.jpg,0,transition,81.97,screen test0; model saw 8; disagree,model_disagrees,,0
night_err,20260819-062956_dig3,20260819-062956,3,C:\Users\josep\source\repos\AIOTED-digital-rawdigits\20260819\06\8_main_dig3_20260819-062956.jpg,0,transition,81.93,screen test0; model saw 8; disagree,model_disagrees,,0
night_err,20260819-063756_dig3,20260819-063756,3,C:\Users\josep\source\repos\AIOTED-digital-rawdigits\20260819\06\8_main_dig3_20260819-063756.jpg,0,transition,82.03,screen test0; model saw 8; disagree,model_disagrees,,0
night_err,20260819-064956_dig3,20260819-064956,3,C:\Users\josep\source\repos\AIOTED-digital-rawdigits\20260819\06\8_main_dig3_20260819-064956.jpg,0,transition,82.97,screen test0; model saw 8; disagree,model_disagrees,,0
night_err,20260819-065756_dig3,20260819-065756,3,C:\Users\josep\source\repos\AIOTED-digital-rawdigits\20260819\06\8_main_dig3_20260819-065756.jpg,0,transition,84.60,screen test0; model saw 8; disagree,model_disagrees,,0
night_err,20260819-172555_dig3,20260819-172555,3,C:\Users\josep\source\repos\AIOTED-digital-rawdigits\20260819\17\8_main_dig3_20260819-172555.jpg,0,transition,88.98,screen test0; model saw 8; disagree,model_disagrees,,0
night_err,20260819-174555_dig3,20260819-174555,3,C:\Users\josep\source\repos\AIOTED-digital-rawdigits\20260819\17\8_main_dig3_20260819-174555.jpg,0,transition,86.12,screen test0; model saw 8; disagree,model_disagrees,,0
night_err,20260819-180555_dig3,20260819-180555,3,C:\Users\josep\source\repos\AIOTED-digital-rawdigits\20260819\18\8_main_dig3_20260819-180555.jpg,0,transition,84.90,screen test0; model saw 8; disagree,model_disagrees,,0
night_err,20260819-182555_dig3,20260819-182555,3,C:\Users\josep\source\repos\AIOTED-digital-rawdigits\20260819\18\8_main_dig3_20260819-182555.jpg,0,transition,83.31,screen test0; model saw 8; disagree,model_disagrees,,0
night_err,20260819-184555_dig3,20260819-184555,3,C:\Users\josep\source\repos\AIOTED-digital-rawdigits\20260819\18\8_main_dig3_20260819-184555.jpg,0,transition,82.16,screen test0; model saw 8; disagree,model_disagrees,,0
night_err,20260819-190555_dig3,20260819-190555,3,C:\Users\josep\source\repos\AIOTED-digital-rawdigits\20260819\19\8_main_dig3_20260819-190555.jpg,0,transition,81.22,screen test0; model saw 8; disagree,model_disagrees,,0
night_err,20260820-071354_dig3,20260820-071354,3,C:\Users\josep\source\repos\AIOTED-digital-rawdigits\20260820\07\8_main_dig3_20260820-071354.jpg,0,transition,93.90,screen test0; model saw 8; disagree,model_disagrees,,0
night_err,20260820-180953_dig3,20260820-180953,3,C:\Users\josep\source\repos\AIOTED-digital-rawdigits\20260820\18\8_main_dig3_20260820-180953.jpg,0,transition,85.31,screen test0; model saw 8; disagree,model_disagrees,,0
night_err,20260821-164552_dig3,20260821-164552,3,C:\Users\josep\source\repos\AIOTED-digital-rawdigits\20260821\16\8_main_dig3_20260821-164552.jpg,0,transition,84.41,screen test0; model saw 8; disagree,model_disagrees,,0
night_err,20260821-165352_dig3,20260821-165352,3,C:\Users\josep\source\repos\AIOTED-digital-rawdigits\20260821\16\8_main_dig3_20260821-165352.jpg,0,transition,88.98,screen test0; model saw 8; disagree,model_disagrees,,0
night_err,20260822-074151_dig3,20260822-074151,3,C:\Users\josep\source\repos\AIOTED-digital-rawdigits\20260822\07\8_main_dig3_20260822-074151.jpg,0,transition,89.19,screen test0; model saw 8; disagree,model_disagrees,,0
night_err,20260822-182950_dig3,20260822-182950,3,C:\Users\josep\source\repos\AIOTED-digital-rawdigits\20260822\18\8_main_dig3_20260822-182950.jpg,0,transition,91.21,screen test0; model saw 8; disagree,model_disagrees,,0
night_err,20260823-181348_dig3,20260823-181348,3,C:\Users\josep\source\repos\AIOTED-digital-rawdigits\20260823\18\8_main_dig3_20260823-181348.jpg,0,transition,84.86,screen test0; model saw 8; disagree,model_disagrees,,0
night_err,20260902-174709_dig3,20260902-174709,3,C:\Users\josep\source\repos\AIOTED-digital-rawdigits\20260902\17\8_main_dig3_20260902-174709.jpg,0,transition,84.26,screen test0; model saw 8; disagree,model_disagrees,,0
night_err,20260903-071508_dig3,20260903-071508,3,C:\Users\josep\source\repos\AIOTED-digital-rawdigits\20260903\07\8_main_dig3_20260903-071508.jpg,0,transition,81.97,screen test0; model saw 8; disagree,model_disagrees,,0
night_err,20260903-072308_dig3,20260903-072308,3,C:\Users\josep\source\repos\AIOTED-digital-rawdigits\20260903\07\8_main_dig3_20260903-072308.jpg,0,transition,84.19,screen test0; model saw 8; disagree,model_disagrees,,0
night_err,20260903-084308_dig3,20260903-084308,3,C:\Users\josep\source\repos\AIOTED-digital-rawdigits\20260903\08\8_main_dig3_20260903-084308.jpg,0,transition,84.19,screen test0; model saw 8; disagree,model_disagrees,,0
night_err,20260903-094308_dig3,20260903-094308,3,C:\Users\josep\source\repos\AIOTED-digital-rawdigits\20260903\09\8_main_dig3_20260903-094308.jpg,0,transition,83.20,screen test0; model saw 8; disagree,model_disagrees,,0
night_err,20260903-183107_dig3,20260903-183107,3,C:\Users\josep\source\repos\AIOTED-digital-rawdigits\20260903\18\8_main_dig3_20260903-183107.jpg,0,transition,83.17,screen test0; model saw 8; disagree,model_disagrees,,0
night_err,20260904-092706_dig3,20260904-092706,3,C:\Users\josep\source\repos\AIOTED-digital-rawdigits\20260904\09\8_main_dig3_20260904-092706.jpg,0,transition,82.12,screen test0; model saw 8; disagree,model_disagrees,,0
night_err,20260912-071227_dig3,20260912-071227,3,C:\Users\josep\source\repos\AIOTED-digital-rawdigits\20260912\07\8_main_dig3_20260912-071227.jpg,0,transition,81.25,screen test0; model saw 8; disagree,model_disagrees,,0
night_err,20260912-182458_dig3,20260912-182458,3,C:\Users\josep\source\repos\AIOTED-digital-rawdigits\20260912\18\8_main_dig3_20260912-182458.jpg,0,transition,82.31,screen test0; model saw 8; disagree,model_disagrees,,0
night_err,20260919-144529_dig3,20260919-144529,3,C:\Users\josep\source\repos\AIOTED-digital-rawdigits\20260919\14\8_main_dig3_20260919-144529.jpg,0,transition,88.24,screen test0; model saw 8; disagree,model_disagrees,,0
night_err,20260927-181042_dig3,20260927-181042,3,C:\Users\josep\source\repos\AIOTED-digital-rawdigits\20260927\18\8_main_dig3_20260927-181042.jpg,0,transition,81.90,screen test0; model saw 8; disagree,model_disagrees,,0
night_err,20260918-080931_dig4,20260918-080931,4,C:\Users\josep\source\repos\AIOTED-digital-rawdigits\20260918\08\7_main_dig4_20260918-080931.jpg,1,transition,92.84,reading_est 59156; model saw 7; disagree,model_disagrees,,1
night_err,20260918-102131_dig4,20260918-102131,4,C:\Users\josep\source\repos\AIOTED-digital-rawdigits\20260918\10\7_main_dig4_20260918-102131.jpg,1,transition,94.77,reading_est 59158; model saw 7; disagree,model_disagrees,,1
night_err,20260904-074306_dig4,20260904-074306,4,C:\Users\josep\source\repos\AIOTED-digital-rawdigits\20260904\07\1_main_dig4_20260904-074306.jpg,7,flash,76.17,reading_est 58731; model saw 1; disagree,model_disagrees,,1
night_err,20260904-075506_dig4,20260904-075506,4,C:\Users\josep\source\repos\AIOTED-digital-rawdigits\20260904\07\1_main_dig4_20260904-075506.jpg,7,flash,76.93,reading_est 58731; model saw 1; disagree,model_disagrees,,1
night_err,20260904-080306_dig4,20260904-080306,4,C:\Users\josep\source\repos\AIOTED-digital-rawdigits\20260904\08\1_main_dig4_20260904-080306.jpg,7,flash,76.96,reading_est 58731; model saw 1; disagree,model_disagrees,,1
night_err,20260904-080706_dig4,20260904-080706,4,C:\Users\josep\source\repos\AIOTED-digital-rawdigits\20260904\08\1_main_dig4_20260904-080706.jpg,7,flash,77.08,reading_est 58731; model saw 1; disagree,model_disagrees,,1
night_err,20260904-081506_dig4,20260904-081506,4,C:\Users\josep\source\repos\AIOTED-digital-rawdigits\20260904\08\1_main_dig4_20260904-081506.jpg,7,flash,77.17,reading_est 58731; model saw 1; disagree,model_disagrees,,1
night_err,20260904-082306_dig4,20260904-082306,4,C:\Users\josep\source\repos\AIOTED-digital-rawdigits\20260904\08\1_main_dig4_20260904-082306.jpg,7,flash,77.80,reading_est 58731; model saw 1; disagree,model_disagrees,,1
night_err,20260906-025456_dig4,20260906-025456,4,C:\Users\josep\source\repos\AIOTED-digital-rawdigits\20260906\02\0_main_dig4_20260906-025456.jpg,7,flash,77.85,reading_est 58798; model saw 0; ambiguous,model_disagrees,,1
night_err,20260924-232618_dig5,20260924-232618,5,C:\Users\josep\source\repos\AIOTED-digital-rawdigits\20260924\23\4_main_dig5_20260924-232618.jpg,9,flash,77.13,reading_est 59297; model saw 4; disagree,model_disagrees,,1
night_err,20260925-025418_dig5,20260925-025418,5,C:\Users\josep\source\repos\AIOTED-digital-rawdigits\20260925\02\4_main_dig5_20260925-025418.jpg,9,flash,77.13,reading_est 59299; model saw 4; ambiguous,model_disagrees,,1
night_err,20260919-234928_dig5,20260919-234928,5,C:\Users\josep\source\repos\AIOTED-digital-rawdigits\20260919\23\4_main_dig5_20260919-234928.jpg,9,flash,78.17,reading_est 59194; model saw 4; ambiguous,model_disagrees,,1
night_err,20260906-022656_dig5,20260906-022656,5,C:\Users\josep\source\repos\AIOTED-digital-rawdigits\20260906\02\4_main_dig5_20260906-022656.jpg,9,flash,78.00,reading_est 58798; model saw 4; ambiguous,model_disagrees,,1
night_err,20260908-185121_dig5,20260908-185121,5,C:\Users\josep\source\repos\AIOTED-digital-rawdigits\20260908\18\0_main_dig5_20260908-185121.jpg,9,flash,79.25,reading_est 58897; model saw 0; ambiguous,model_disagrees,,1
night_err,20260905-234656_dig5,20260905-234656,5,C:\Users\josep\source\repos\AIOTED-digital-rawdigits\20260905\23\4_main_dig5_20260905-234656.jpg,9,flash,78.22,reading_est 58798; model saw 4; ambiguous,model_disagrees,,1
night_err,20260831-204133_dig5,20260831-204133,5,C:\Users\josep\source\repos\AIOTED-digital-rawdigits\20260831\20\4_main_dig5_20260831-204133.jpg,9,flash,74.13,reading_est 58590; model saw 4; disagree,model_disagrees,,1
night_err,20260920-002928_dig5,20260920-002928,5,C:\Users\josep\source\repos\AIOTED-digital-rawdigits\20260920\00\4_main_dig5_20260920-002928.jpg,9,flash,78.17,reading_est 59194; model saw 4; ambiguous,model_disagrees,,1
night_err,20260911-190028_dig5,20260911-190028,5,C:\Users\josep\source\repos\AIOTED-digital-rawdigits\20260911\19\4_main_dig5_20260911-190028.jpg,9,flash,78.93,reading_est 58999; model saw 4; ambiguous,model_disagrees,,1
night_err,20260924-190618_dig5,20260924-190618,5,C:\Users\josep\source\repos\AIOTED-digital-rawdigits\20260924\19\4_main_dig5_20260924-190618.jpg,9,flash,77.86,reading_est 59294; model saw 4; disagree,model_disagrees,,1
night_err,20260925-001818_dig5,20260925-001818,5,C:\Users\josep\source\repos\AIOTED-digital-rawdigits\20260925\00\4_main_dig5_20260925-001818.jpg,9,flash,78.17,reading_est 59298; model saw 4; disagree,model_disagrees,,1
night_err,20260919-202129_dig5,20260919-202129,5,C:\Users\josep\source\repos\AIOTED-digital-rawdigits\20260919\20\0_main_dig5_20260919-202129.jpg,9,flash,78.00,reading_est 59190; model saw 0; ambiguous,model_disagrees,,1
night_err,20260906-051456_dig5,20260906-051456,5,C:\Users\josep\source\repos\AIOTED-digital-rawdigits\20260906\05\4_main_dig5_20260906-051456.jpg,9,flash,78.13,reading_est 58798; model saw 4; ambiguous,model_disagrees,,1
night_err,20260908-185921_dig5,20260908-185921,5,C:\Users\josep\source\repos\AIOTED-digital-rawdigits\20260908\18\0_main_dig5_20260908-185921.jpg,9,flash,78.17,reading_est 58897; model saw 0; ambiguous,model_disagrees,,1
night_err,20260905-205857_dig5,20260905-205857,5,C:\Users\josep\source\repos\AIOTED-digital-rawdigits\20260905\20\4_main_dig5_20260905-205857.jpg,9,flash,78.00,reading_est 58798; model saw 4; ambiguous,model_disagrees,,1
night_err,20260831-232133_dig5,20260831-232133,5,C:\Users\josep\source\repos\AIOTED-digital-rawdigits\20260831\23\4_main_dig5_20260831-232133.jpg,9,flash,73.23,reading_est 58594; model saw 4; disagree,model_disagrees,,1
night_err,20260920-012928_dig5,20260920-012928,5,C:\Users\josep\source\repos\AIOTED-digital-rawdigits\20260920\01\4_main_dig5_20260920-012928.jpg,9,flash,78.17,reading_est 59194; model saw 4; ambiguous,model_disagrees,,1
night_err,20260911-191228_dig5,20260911-191228,5,C:\Users\josep\source\repos\AIOTED-digital-rawdigits\20260911\19\4_main_dig5_20260911-191228.jpg,9,flash,77.87,reading_est 58999; model saw 4; ambiguous,model_disagrees,,1
night_err,20260924-210618_dig5,20260924-210618,5,C:\Users\josep\source\repos\AIOTED-digital-rawdigits\20260924\21\4_main_dig5_20260924-210618.jpg,9,flash,77.62,reading_est 59296; model saw 4; disagree,model_disagrees,,1
night_err,20260919-191329_dig5,20260919-191329,5,C:\Users\josep\source\repos\AIOTED-digital-rawdigits\20260919\19\0_main_dig5_20260919-191329.jpg,9,flash,78.94,reading_est 59190; model saw 0; ambiguous,model_disagrees,,1
night_err,20260906-011856_dig5,20260906-011856,5,C:\Users\josep\source\repos\AIOTED-digital-rawdigits\20260906\01\4_main_dig5_20260906-011856.jpg,9,flash,78.17,reading_est 58798; model saw 4; ambiguous,model_disagrees,,1
night_err,20260908-201921_dig5,20260908-201921,5,C:\Users\josep\source\repos\AIOTED-digital-rawdigits\20260908\20\4_main_dig5_20260908-201921.jpg,9,flash,77.22,reading_est 58897; model saw 4; ambiguous,model_disagrees,,1
night_err,20260905-193857_dig5,20260905-193857,5,C:\Users\josep\source\repos\AIOTED-digital-rawdigits\20260905\19\4_main_dig5_20260905-193857.jpg,9,flash,78.10,reading_est 58798; model saw 4; ambiguous,model_disagrees,,1
night_err,20260831-230133_dig5,20260831-230133,5,C:\Users\josep\source\repos\AIOTED-digital-rawdigits\20260831\23\4_main_dig5_20260831-230133.jpg,9,flash,73.83,reading_est 58594; model saw 4; disagree,model_disagrees,,1
night_err,20260920-004928_dig5,20260920-004928,5,C:\Users\josep\source\repos\AIOTED-digital-rawdigits\20260920\00\4_main_dig5_20260920-004928.jpg,9,flash,78.22,reading_est 59194; model saw 4; ambiguous,model_disagrees,,1
night_err,20260919-211329_dig5,20260919-211329,5,C:\Users\josep\source\repos\AIOTED-digital-rawdigits\20260919\21\4_main_dig5_20260919-211329.jpg,9,flash,78.86,reading_est 59190; model saw 4; ambiguous,model_disagrees,,1
night_err,20260906-025456_dig5,20260906-025456,5,C:\Users\josep\source\repos\AIOTED-digital-rawdigits\20260906\02\0_main_dig5_20260906-025456.jpg,9,flash,77.85,reading_est 58798; model saw 0; ambiguous,model_disagrees,,1
night_err,20260908-231921_dig5,20260908-231921,5,C:\Users\josep\source\repos\AIOTED-digital-rawdigits\20260908\23\4_main_dig5_20260908-231921.jpg,9,flash,77.09,reading_est 58897; model saw 4; ambiguous,model_disagrees,,1
night_err,20260905-223857_dig5,20260905-223857,5,C:\Users\josep\source\repos\AIOTED-digital-rawdigits\20260905\22\4_main_dig5_20260905-223857.jpg,9,flash,78.17,reading_est 58798; model saw 4; ambiguous,model_disagrees,,1
night_err,20260831-215333_dig5,20260831-215333,5,C:\Users\josep\source\repos\AIOTED-digital-rawdigits\20260831\21\4_main_dig5_20260831-215333.jpg,9,flash,73.87,reading_est 58593; model saw 4; disagree,model_disagrees,,1
night_err,20260920-063728_dig5,20260920-063728,5,C:\Users\josep\source\repos\AIOTED-digital-rawdigits\20260920\06\4_main_dig5_20260920-063728.jpg,9,flash,79.07,reading_est 59197; model saw 4; ambiguous,model_disagrees,,1
night_err,20260919-205329_dig5,20260919-205329,5,C:\Users\josep\source\repos\AIOTED-digital-rawdigits\20260919\20\4_main_dig5_20260919-205329.jpg,9,flash,79.10,reading_est 59190; model saw 4; ambiguous,model_disagrees,,1
night_err,20260906-000657_dig5,20260906-000657,5,C:\Users\josep\source\repos\AIOTED-digital-rawdigits\20260906\00\4_main_dig5_20260906-000657.jpg,9,flash,78.17,reading_est 58798; model saw 4; ambiguous,model_disagrees,,1
night_err,20260908-183921_dig5,20260908-183921,5,C:\Users\josep\source\repos\AIOTED-digital-rawdigits\20260908\18\0_main_dig5_20260908-183921.jpg,9,flash,80.09,reading_est 58897; model saw 0; ambiguous,model_disagrees,,1
night_err,20260905-235857_dig5,20260905-235857,5,C:\Users\josep\source\repos\AIOTED-digital-rawdigits\20260905\23\4_main_dig5_20260905-235857.jpg,9,flash,78.17,reading_est 58798; model saw 4; ambiguous,model_disagrees,,1
night_err,20260831-220133_dig5,20260831-220133,5,C:\Users\josep\source\repos\AIOTED-digital-rawdigits\20260831\22\4_main_dig5_20260831-220133.jpg,9,flash,73.87,reading_est 58593; model saw 4; disagree,model_disagrees,,1
night_err,20260920-053728_dig5,20260920-053728,5,C:\Users\josep\source\repos\AIOTED-digital-rawdigits\20260920\05\4_main_dig5_20260920-053728.jpg,9,flash,78.93,reading_est 59196; model saw 4; ambiguous,model_disagrees,,1
night_err,20260919-183329_dig5,20260919-183329,5,C:\Users\josep\source\repos\AIOTED-digital-rawdigits\20260919\18\0_main_dig5_20260919-183329.jpg,9,flash,79.25,reading_est 59190; model saw 0; ambiguous,model_disagrees,,1
night_err,20260906-033456_dig5,20260906-033456,5,C:\Users\josep\source\repos\AIOTED-digital-rawdigits\20260906\03\4_main_dig5_20260906-033456.jpg,9,flash,78.16,reading_est 58798; model saw 4; ambiguous,model_disagrees,,1
night_err,20260908-194721_dig5,20260908-194721,5,C:\Users\josep\source\repos\AIOTED-digital-rawdigits\20260908\19\4_main_dig5_20260908-194721.jpg,9,flash,78.17,reading_est 58897; model saw 4; ambiguous,model_disagrees,,1
night_err,20260905-213857_dig5,20260905-213857,5,C:\Users\josep\source\repos\AIOTED-digital-rawdigits\20260905\21\4_main_dig5_20260905-213857.jpg,9,flash,78.81,reading_est 58798; model saw 4; ambiguous,model_disagrees,,1
night_err,20260831-214133_dig5,20260831-214133,5,C:\Users\josep\source\repos\AIOTED-digital-rawdigits\20260831\21\4_main_dig5_20260831-214133.jpg,9,flash,73.86,reading_est 58592; model saw 4; disagree,model_disagrees,,1
night_err,20260920-012128_dig5,20260920-012128,5,C:\Users\josep\source\repos\AIOTED-digital-rawdigits\20260920\01\4_main_dig5_20260920-012128.jpg,9,flash,78.72,reading_est 59194; model saw 4; ambiguous,model_disagrees,,1
night_err,20260919-212129_dig5,20260919-212129,5,C:\Users\josep\source\repos\AIOTED-digital-rawdigits\20260919\21\4_main_dig5_20260919-212129.jpg,9,flash,78.93,reading_est 59190; model saw 4; ambiguous,model_disagrees,,1
night_err,20260906-054656_dig5,20260906-054656,5,C:\Users\josep\source\repos\AIOTED-digital-rawdigits\20260906\05\4_main_dig5_20260906-054656.jpg,9,flash,78.13,reading_est 58798; model saw 4; ambiguous,model_disagrees,,1
night_err,20260908-195921_dig5,20260908-195921,5,C:\Users\josep\source\repos\AIOTED-digital-rawdigits\20260908\19\4_main_dig5_20260908-195921.jpg,9,flash,77.31,reading_est 58897; model saw 4; ambiguous,model_disagrees,,1
night_err,20260905-220657_dig5,20260905-220657,5,C:\Users\josep\source\repos\AIOTED-digital-rawdigits\20260905\22\4_main_dig5_20260905-220657.jpg,9,flash,78.87,reading_est 58798; model saw 4; ambiguous,model_disagrees,,1
night_err,20260831-224133_dig5,20260831-224133,5,C:\Users\josep\source\repos\AIOTED-digital-rawdigits\20260831\22\4_main_dig5_20260831-224133.jpg,9,flash,73.78,reading_est 58594; model saw 4; disagree,model_disagrees,,1
night_err,20260920-044128_dig5,20260920-044128,5,C:\Users\josep\source\repos\AIOTED-digital-rawdigits\20260920\04\0_main_dig5_20260920-044128.jpg,9,flash,78.86,reading_est 59196; model saw 0; ambiguous,model_disagrees,,1
night_err,20260919-194129_dig5,20260919-194129,5,C:\Users\josep\source\repos\AIOTED-digital-rawdigits\20260919\19\0_main_dig5_20260919-194129.jpg,9,flash,79.16,reading_est 59190; model saw 0; ambiguous,model_disagrees,,1
night_err,20260906-034656_dig5,20260906-034656,5,C:\Users\josep\source\repos\AIOTED-digital-rawdigits\20260906\03\4_main_dig5_20260906-034656.jpg,9,flash,78.16,reading_est 58798; model saw 4; ambiguous,model_disagrees,,1
night_err,20260908-213921_dig5,20260908-213921,5,C:\Users\josep\source\repos\AIOTED-digital-rawdigits\20260908\21\4_main_dig5_20260908-213921.jpg,9,flash,77.22,reading_est 58897; model saw 4; ambiguous,model_disagrees,,1
night_err,20260905-192657_dig5,20260905-192657,5,C:\Users\josep\source\repos\AIOTED-digital-rawdigits\20260905\19\4_main_dig5_20260905-192657.jpg,9,flash,78.17,reading_est 58798; model saw 4; ambiguous,model_disagrees,,1
night_err,20260831-233333_dig5,20260831-233333,5,C:\Users\josep\source\repos\AIOTED-digital-rawdigits\20260831\23\4_main_dig5_20260831-233333.jpg,9,flash,73.83,reading_est 58595; model saw 4; disagree,model_disagrees,,1
night_err,20260920-032128_dig5,20260920-032128,5,C:\Users\josep\source\repos\AIOTED-digital-rawdigits\20260920\03\4_main_dig5_20260920-032128.jpg,9,flash,78.22,reading_est 59194; model saw 4; ambiguous,model_disagrees,,1
night_err,20260919-180129_dig5,20260919-180129,5,C:\Users\josep\source\repos\AIOTED-digital-rawdigits\20260919\18\0_main_dig5_20260919-180129.jpg,9,flash,79.86,reading_est 59190; model saw 0; ambiguous,model_disagrees,,1
night_err,20260906-053456_dig5,20260906-053456,5,C:\Users\josep\source\repos\AIOTED-digital-rawdigits\20260906\05\4_main_dig5_20260906-053456.jpg,9,flash,78.17,reading_est 58798; model saw 4; ambiguous,model_disagrees,,1
night_err,20260908-184721_dig5,20260908-184721,5,C:\Users\josep\source\repos\AIOTED-digital-rawdigits\20260908\18\0_main_dig5_20260908-184721.jpg,9,flash,79.25,reading_est 58897; model saw 0; ambiguous,model_disagrees,,1
night_err,20260905-201057_dig5,20260905-201057,5,C:\Users\josep\source\repos\AIOTED-digital-rawdigits\20260905\20\4_main_dig5_20260905-201057.jpg,9,flash,77.91,reading_est 58798; model saw 4; ambiguous,model_disagrees,,1
night_err,20260831-212133_dig5,20260831-212133,5,C:\Users\josep\source\repos\AIOTED-digital-rawdigits\20260831\21\4_main_dig5_20260831-212133.jpg,9,flash,73.91,reading_est 58592; model saw 4; disagree,model_disagrees,,1
night_err,20260905-181857_dig5,20260905-181857,5,C:\Users\josep\source\repos\AIOTED-digital-rawdigits\20260905\18\8_main_dig5_20260905-181857.jpg,9,transition,83.97,reading_est 58798; model saw 8; ambiguous,model_disagrees,,1
night_err,20260905-183057_dig5,20260905-183057,5,C:\Users\josep\source\repos\AIOTED-digital-rawdigits\20260905\18\0_main_dig5_20260905-183057.jpg,9,transition,83.20,reading_est 58798; model saw 0; ambiguous,model_disagrees,,1
night_err,20260905-183857_dig5,20260905-183857,5,C:\Users\josep\source\repos\AIOTED-digital-rawdigits\20260905\18\0_main_dig5_20260905-183857.jpg,9,transition,82.93,reading_est 58798; model saw 0; ambiguous,model_disagrees,,1
night_err,20260905-185057_dig5,20260905-185057,5,C:\Users\josep\source\repos\AIOTED-digital-rawdigits\20260905\18\4_main_dig5_20260905-185057.jpg,9,transition,81.25,reading_est 58798; model saw 4; ambiguous,model_disagrees,,1
night_err,20260908-175921_dig5,20260908-175921,5,C:\Users\josep\source\repos\AIOTED-digital-rawdigits\20260908\17\0_main_dig5_20260908-175921.jpg,9,transition,84.97,reading_est 58896; model saw 0; ambiguous,model_disagrees,,1
night_err,20260908-180721_dig5,20260908-180721,5,C:\Users\josep\source\repos\AIOTED-digital-rawdigits\20260908\18\0_main_dig5_20260908-180721.jpg,9,transition,82.90,reading_est 58896; model saw 0; ambiguous,model_disagrees,,1
night_err,20260908-181121_dig5,20260908-181121,5,C:\Users\josep\source\repos\AIOTED-digital-rawdigits\20260908\18\0_main_dig5_20260908-181121.jpg,9,transition,82.25,reading_est 58896; model saw 0; ambiguous,model_disagrees,,1
night_err,20260908-181921_dig5,20260908-181921,5,C:\Users\josep\source\repos\AIOTED-digital-rawdigits\20260908\18\0_main_dig5_20260908-181921.jpg,9,transition,82.18,reading_est 58897; model saw 0; ambiguous,model_disagrees,,1
night_err,20260908-182721_dig5,20260908-182721,5,C:\Users\josep\source\repos\AIOTED-digital-rawdigits\20260908\18\0_main_dig5_20260908-182721.jpg,9,transition,81.93,reading_est 58897; model saw 0; ambiguous,model_disagrees,,1
night_err,20260911-181228_dig5,20260911-181228,5,C:\Users\josep\source\repos\AIOTED-digital-rawdigits\20260911\18\4_main_dig5_20260911-181228.jpg,9,transition,82.97,reading_est 58997; model saw 4; ambiguous,model_disagrees,,1
night_err,20260911-182028_dig5,20260911-182028,5,C:\Users\josep\source\repos\AIOTED-digital-rawdigits\20260911\18\4_main_dig5_20260911-182028.jpg,9,transition,83.03,reading_est 58998; model saw 4; ambiguous,model_disagrees,,1
night_err,20260911-183228_dig5,20260911-183228,5,C:\Users\josep\source\repos\AIOTED-digital-rawdigits\20260911\18\4_main_dig5_20260911-183228.jpg,9,transition,81.97,reading_est 58998; model saw 4; ambiguous,model_disagrees,,1
night_err,20260911-184028_dig5,20260911-184028,5,C:\Users\josep\source\repos\AIOTED-digital-rawdigits\20260911\18\4_main_dig5_20260911-184028.jpg,9,transition,82.12,reading_est 58998; model saw 4; ambiguous,model_disagrees,,1
night_err,20260920-065728_dig5,20260920-065728,5,C:\Users\josep\source\repos\AIOTED-digital-rawdigits\20260920\06\4_main_dig5_20260920-065728.jpg,9,transition,81.25,reading_est 59197; model saw 4; ambiguous,model_disagrees,,1
night_err,20260920-070928_dig5,20260920-070928,5,C:\Users\josep\source\repos\AIOTED-digital-rawdigits\20260920\07\4_main_dig5_20260920-070928.jpg,9,transition,82.93,reading_est 59197; model saw 4; ambiguous,model_disagrees,,1
night_err,20260920-071728_dig5,20260920-071728,5,C:\Users\josep\source\repos\AIOTED-digital-rawdigits\20260920\07\4_main_dig5_20260920-071728.jpg,9,transition,84.26,reading_est 59197; model saw 4; ambiguous,model_disagrees,,1
night_err,20260920-072928_dig5,20260920-072928,5,C:\Users\josep\source\repos\AIOTED-digital-rawdigits\20260920\07\4_main_dig5_20260920-072928.jpg,9,transition,86.84,reading_est 59198; model saw 4; ambiguous,model_disagrees,,1
night_err,20260924-164619_dig5,20260924-164619,5,C:\Users\josep\source\repos\AIOTED-digital-rawdigits\20260924\16\4_main_dig5_20260924-164619.jpg,9,transition,87.97,reading_est 59292; model saw 4; disagree,model_disagrees,,1
night_err,20260816-053402_dig6,20260816-053402,6,C:\Users\josep\source\repos\AIOTED-digital-rawdigits\20260816\05\7_main_dig6_20260816-053402.jpg,3,flash,75.94,reading_est 58023; model saw 7; disagree,model_disagrees,,1
night_err,20260922-191323_dig6,20260922-191323,6,C:\Users\josep\source\repos\AIOTED-digital-rawdigits\20260922\19\0_main_dig6_20260922-191323.jpg,3,flash,78.17,reading_est 59253; model saw 0; ambiguous,model_disagrees,,1
night_err,20260918-045331_dig6,20260918-045331,6,C:\Users\josep\source\repos\AIOTED-digital-rawdigits\20260918\04\8_main_dig6_20260918-045331.jpg,3,flash,78.17,reading_est 59153; model saw 8; ambiguous,model_disagrees,,1
night_err,20260822-195350_dig6,20260822-195350,6,C:\Users\josep\source\repos\AIOTED-digital-rawdigits\20260822\19\7_main_dig6_20260822-195350.jpg,3,flash,76.17,reading_est 58273; model saw 7; disagree,model_disagrees,,1
night_err,20260912-202058_dig6,20260912-202058,6,C:\Users\josep\source\repos\AIOTED-digital-rawdigits\20260912\20\4_main_dig6_20260912-202058.jpg,3,flash,78.07,reading_est 59034; skip 59032->59034: inferred 59033 (upper run); model saw 4; agree_soft,model_disagrees,,1
night_err,20260827-012142_dig6,20260827-012142,6,C:\Users\josep\source\repos\AIOTED-digital-rawdigits\20260827\01\9_main_dig6_20260827-012142.jpg,3,flash,76.00,reading_est 58413; model saw 9; disagree,model_disagrees,,1
night_err,20260920-223327_dig6,20260920-223327,6,C:\Users\josep\source\repos\AIOTED-digital-rawdigits\20260920\22\8_main_dig6_20260920-223327.jpg,3,flash,78.07,reading_est 59213; model saw 8; ambiguous,model_disagrees,,1
night_err,20260828-043340_dig6,20260828-043340,6,C:\Users\josep\source\repos\AIOTED-digital-rawdigits\20260828\04\9_main_dig6_20260828-043340.jpg,3,flash,75.81,reading_est 58453; model saw 9; disagree,model_disagrees,,1
night_err,20260906-191124_dig6,20260906-191124,6,C:\Users\josep\source\repos\AIOTED-digital-rawdigits\20260906\19\0_main_dig6_20260906-191124.jpg,3,flash,78.90,reading_est 58823; model saw 0; ambiguous,model_disagrees,,1
night_err,20260902-000531_dig6,20260902-000531,6,C:\Users\josep\source\repos\AIOTED-digital-rawdigits\20260902\00\1_main_dig6_20260902-000531.jpg,3,flash,73.29,reading_est 58643; model saw 1; ambiguous,model_disagrees,,1
night_err,20260911-045600_dig6,20260911-045600,6,C:\Users\josep\source\repos\AIOTED-digital-rawdigits\20260911\04\8_main_dig6_20260911-045600.jpg,3,flash,77.22,reading_est 58973; model saw 8; disagree,model_disagrees,,1
night_err,20260917-064933_dig6,20260917-064933,6,C:\Users\josep\source\repos\AIOTED-digital-rawdigits\20260917\06\8_main_dig6_20260917-064933.jpg,3,flash,78.18,reading_est 59133; model saw 8; ambiguous,model_disagrees,,1
night_err,20260930-044238_dig6,20260930-044238,6,C:\Users\josep\source\repos\AIOTED-digital-rawdigits\20260930\04\6_main_dig6_20260930-044238.jpg,3,flash,77.86,reading_est 59403; model saw 6; ambiguous,model_disagrees,,1
night_err,20260904-034706_dig6,20260904-034706,6,C:\Users\josep\source\repos\AIOTED-digital-rawdigits\20260904\03\10_main_dig6_20260904-034706.jpg,3,flash,75.12,reading_est 58723; model saw N; ambiguous,model_disagrees,,1
night_err,20260820-032155_dig6,20260820-032155,6,C:\Users\josep\source\repos\AIOTED-digital-rawdigits\20260820\03\7_main_dig6_20260820-032155.jpg,3,flash,77.94,reading_est 58173; model saw 7; ambiguous,model_disagrees,,1
night_err,20260819-000557_dig6,20260819-000557,6,C:\Users\josep\source\repos\AIOTED-digital-rawdigits\20260819\00\9_main_dig6_20260819-000557.jpg,3,flash,76.94,reading_est 58133; model saw 9; ambiguous,model_disagrees,,1
night_err,20260831-053734_dig6,20260831-053734,6,C:\Users\josep\source\repos\AIOTED-digital-rawdigits\20260831\05\6_main_dig6_20260831-053734.jpg,3,flash,75.94,reading_est 58553; model saw 6; disagree,model_disagrees,,1
night_err,20260907-213523_dig6,20260907-213523,6,C:\Users\josep\source\repos\AIOTED-digital-rawdigits\20260907\21\8_main_dig6_20260907-213523.jpg,3,flash,77.86,reading_est 58863; model saw 8; ambiguous,model_disagrees,,1
night_err,20260919-031730_dig6,20260919-031730,6,C:\Users\josep\source\repos\AIOTED-digital-rawdigits\20260919\03\6_main_dig6_20260919-031730.jpg,3,flash,77.86,reading_est 59173; model saw 6; ambiguous,model_disagrees,,1
night_err,20260903-014308_dig6,20260903-014308,6,C:\Users\josep\source\repos\AIOTED-digital-rawdigits\20260903\01\9_main_dig6_20260903-014308.jpg,3,flash,74.17,reading_est 58683; model saw 9; ambiguous,model_disagrees,,1
night_err,20260915-204535_dig6,20260915-204535,6,C:\Users\josep\source\repos\AIOTED-digital-rawdigits\20260915\20\0_main_dig6_20260915-204535.jpg,3,flash,77.00,reading_est 59104; skip 59102->59104: inferred 59103 (upper run); model saw 0; ambiguous,model_disagrees,,1
night_err,20260830-013336_dig6,20260830-013336,6,C:\Users\josep\source\repos\AIOTED-digital-rawdigits\20260830\01\9_main_dig6_20260830-013336.jpg,3,flash,75.93,reading_est 58513; model saw 9; disagree,model_disagrees,,1
night_err,20260817-221359_dig6,20260817-221359,6,C:\Users\josep\source\repos\AIOTED-digital-rawdigits\20260817\22\7_main_dig6_20260817-221359.jpg,3,flash,76.15,reading_est 58093; model saw 7; ambiguous,model_disagrees,,1
night_err,20260816-223801_dig6,20260816-223801,6,C:\Users\josep\source\repos\AIOTED-digital-rawdigits\20260816\22\7_main_dig6_20260816-223801.jpg,3,flash,76.78,reading_est 58053; model saw 7; ambiguous,model_disagrees,,1
night_err,20260918-054131_dig6,20260918-054131,6,C:\Users\josep\source\repos\AIOTED-digital-rawdigits\20260918\05\8_main_dig6_20260918-054131.jpg,3,flash,78.06,reading_est 59153; model saw 8; ambiguous,model_disagrees,,1
night_err,20260822-200550_dig6,20260822-200550,6,C:\Users\josep\source\repos\AIOTED-digital-rawdigits\20260822\20\9_main_dig6_20260822-200550.jpg,3,flash,76.12,reading_est 58273; model saw 9; disagree,model_disagrees,,1
night_err,20260912-204058_dig6,20260912-204058,6,C:\Users\josep\source\repos\AIOTED-digital-rawdigits\20260912\20\4_main_dig6_20260912-204058.jpg,3,flash,77.22,reading_est 59034; skip 59032->59034: inferred 59033 (upper run); model saw 4; agree_soft,model_disagrees,,1
night_err,20260827-012942_dig6,20260827-012942,6,C:\Users\josep\source\repos\AIOTED-digital-rawdigits\20260827\01\7_main_dig6_20260827-012942.jpg,3,flash,75.87,reading_est 58413; model saw 7; disagree,model_disagrees,,1
night_err,20260920-224527_dig6,20260920-224527,6,C:\Users\josep\source\repos\AIOTED-digital-rawdigits\20260920\22\8_main_dig6_20260920-224527.jpg,3,flash,77.87,reading_est 59213; model saw 8; ambiguous,model_disagrees,,1
night_err,20260911-053600_dig6,20260911-053600,6,C:\Users\josep\source\repos\AIOTED-digital-rawdigits\20260911\05\8_main_dig6_20260911-053600.jpg,3,flash,77.82,reading_est 58973; model saw 8; ambiguous,model_disagrees,,1
night_err,20260917-061733_dig6,20260917-061733,6,C:\Users\josep\source\repos\AIOTED-digital-rawdigits\20260917\06\8_main_dig6_20260917-061733.jpg,3,flash,77.93,reading_est 59133; model saw 8; ambiguous,model_disagrees,,1
night_err,20260820-032955_dig6,20260820-032955,6,C:\Users\josep\source\repos\AIOTED-digital-rawdigits\20260820\03\9_main_dig6_20260820-032955.jpg,3,flash,77.94,reading_est 58173; model saw 9; ambiguous,model_disagrees,,1
night_err,20260819-001757_dig6,20260819-001757,6,C:\Users\josep\source\repos\AIOTED-digital-rawdigits\20260819\00\9_main_dig6_20260819-001757.jpg,3,flash,78.00,reading_est 58133; model saw 9; ambiguous,model_disagrees,,1
night_err,20260907-212322_dig6,20260907-212322,6,C:\Users\josep\source\repos\AIOTED-digital-rawdigits\20260907\21\8_main_dig6_20260907-212322.jpg,3,flash,78.00,reading_est 58863; model saw 8; ambiguous,model_disagrees,,1
night_err,20260903-010308_dig6,20260903-010308,6,C:\Users\josep\source\repos\AIOTED-digital-rawdigits\20260903\01\10_main_dig6_20260903-010308.jpg,3,flash,74.91,reading_est 58683; model saw N; disagree,model_disagrees,,1
night_err,20260915-203735_dig6,20260915-203735,6,C:\Users\josep\source\repos\AIOTED-digital-rawdigits\20260915\20\8_main_dig6_20260915-203735.jpg,3,flash,77.15,reading_est 59104; skip 59102->59104: inferred 59103 (upper run); model saw 8; ambiguous,model_disagrees,,1
night_err,20260830-014136_dig6,20260830-014136,6,C:\Users\josep\source\repos\AIOTED-digital-rawdigits\20260830\01\9_main_dig6_20260830-014136.jpg,3,flash,75.10,reading_est 58513; model saw 9; disagree,model_disagrees,,1
night_err,20260817-223359_dig6,20260817-223359,6,C:\Users\josep\source\repos\AIOTED-digital-rawdigits\20260817\22\9_main_dig6_20260817-223359.jpg,3,flash,76.62,reading_est 58093; model saw 9; ambiguous,model_disagrees,,1
night_err,20260918-051331_dig6,20260918-051331,6,C:\Users\josep\source\repos\AIOTED-digital-rawdigits\20260918\05\0_main_dig6_20260918-051331.jpg,3,flash,78.10,reading_est 59153; model saw 0; ambiguous,model_disagrees,,1
night_err,20260822-203350_dig6,20260822-203350,6,C:\Users\josep\source\repos\AIOTED-digital-rawdigits\20260822\20\9_main_dig6_20260822-203350.jpg,3,flash,75.13,reading_est 58273; model saw 9; disagree,model_disagrees,,1
night_err,20260912-203258_dig6,20260912-203258,6,C:\Users\josep\source\repos\AIOTED-digital-rawdigits\20260912\20\4_main_dig6_20260912-203258.jpg,3,flash,78.22,reading_est 59034; skip 59032->59034: inferred 59033 (upper run); model saw 4; agree_soft,model_disagrees,,1
night_err,20260827-010942_dig6,20260827-010942,6,C:\Users\josep\source\repos\AIOTED-digital-rawdigits\20260827\01\9_main_dig6_20260827-010942.jpg,3,flash,75.87,reading_est 58413; model saw 9; disagree,model_disagrees,,1
night_err,20260920-233326_dig6,20260920-233326,6,C:\Users\josep\source\repos\AIOTED-digital-rawdigits\20260920\23\8_main_dig6_20260920-233326.jpg,3,flash,77.87,reading_est 59213; model saw 8; ambiguous,model_disagrees,,1
night_err,20260911-204028_dig6,20260911-204028,6,C:\Users\josep\source\repos\AIOTED-digital-rawdigits\20260911\20\8_main_dig6_20260911-204028.jpg,3,flash,77.10,reading_est 59003; model saw 8; ambiguous,model_disagrees,,1
night_err,20260917-063733_dig6,20260917-063733,6,C:\Users\josep\source\repos\AIOTED-digital-rawdigits\20260917\06\0_main_dig6_20260917-063733.jpg,3,flash,77.13,reading_est 59133; model saw 0; ambiguous,model_disagrees,,1
night_err,20260820-024155_dig6,20260820-024155,6,C:\Users\josep\source\repos\AIOTED-digital-rawdigits\20260820\02\9_main_dig6_20260820-024155.jpg,3,flash,77.23,reading_est 58173; model saw 9; disagree,model_disagrees,,1
night_err,20260907-214323_dig6,20260907-214323,6,C:\Users\josep\source\repos\AIOTED-digital-rawdigits\20260907\21\8_main_dig6_20260907-214323.jpg,3,flash,78.07,reading_est 58863; model saw 8; ambiguous,model_disagrees,,1
night_err,20260903-023108_dig6,20260903-023108,6,C:\Users\josep\source\repos\AIOTED-digital-rawdigits\20260903\02\9_main_dig6_20260903-023108.jpg,3,flash,75.76,reading_est 58683; model saw 9; ambiguous,model_disagrees,,1
night_err,20260915-195736_dig6,20260915-195736,6,C:\Users\josep\source\repos\AIOTED-digital-rawdigits\20260915\19\8_main_dig6_20260915-195736.jpg,3,flash,77.85,reading_est 59104; skip 59102->59104: inferred 59103 (upper run); model saw 8; ambiguous,model_disagrees,,1
night_err,20260830-011336_dig6,20260830-011336,6,C:\Users\josep\source\repos\AIOTED-digital-rawdigits\20260830\01\9_main_dig6_20260830-011336.jpg,3,flash,75.00,reading_est 58513; model saw 9; disagree,model_disagrees,,1
night_err,20260817-222159_dig6,20260817-222159,6,C:\Users\josep\source\repos\AIOTED-digital-rawdigits\20260817\22\7_main_dig6_20260817-222159.jpg,3,flash,76.22,reading_est 58093; model saw 7; ambiguous,model_disagrees,,1
night_err,20260918-043331_dig6,20260918-043331,6,C:\Users\josep\source\repos\AIOTED-digital-rawdigits\20260918\04\0_main_dig6_20260918-043331.jpg,3,flash,77.81,reading_est 59153; model saw 0; ambiguous,model_disagrees,,1
night_err,20260822-204549_dig6,20260822-204549,6,C:\Users\josep\source\repos\AIOTED-digital-rawdigits\20260822\20\7_main_dig6_20260822-204549.jpg,3,flash,77.16,reading_est 58273; model saw 7; disagree,model_disagrees,,1
night_err,20260912-205258_dig6,20260912-205258,6,C:\Users\josep\source\repos\AIOTED-digital-rawdigits\20260912\20\4_main_dig6_20260912-205258.jpg,3,flash,78.10,reading_est 59034; skip 59032->59034: inferred 59033 (upper run); model saw 4; agree_soft,model_disagrees,,1
night_err,20260827-002942_dig6,20260827-002942,6,C:\Users\josep\source\repos\AIOTED-digital-rawdigits\20260827\00\9_main_dig6_20260827-002942.jpg,3,flash,76.00,reading_est 58413; model saw 9; disagree,model_disagrees,,1
night_err,20260920-231327_dig6,20260920-231327,6,C:\Users\josep\source\repos\AIOTED-digital-rawdigits\20260920\23\6_main_dig6_20260920-231327.jpg,3,flash,77.87,reading_est 59213; model saw 6; ambiguous,model_disagrees,,1
night_err,20260911-051600_dig6,20260911-051600,6,C:\Users\josep\source\repos\AIOTED-digital-rawdigits\20260911\05\0_main_dig6_20260911-051600.jpg,3,flash,77.22,reading_est 58973; model saw 0; ambiguous,model_disagrees,,1
night_err,20260917-062533_dig6,20260917-062533,6,C:\Users\josep\source\repos\AIOTED-digital-rawdigits\20260917\06\0_main_dig6_20260917-062533.jpg,3,flash,78.17,reading_est 59133; model saw 0; ambiguous,model_disagrees,,1
night_err,20260820-024955_dig6,20260820-024955,6,C:\Users\josep\source\repos\AIOTED-digital-rawdigits\20260820\02\9_main_dig6_20260820-024955.jpg,3,flash,77.84,reading_est 58173; model saw 9; disagree,model_disagrees,,1
night_err,20260903-015108_dig6,20260903-015108,6,C:\Users\josep\source\repos\AIOTED-digital-rawdigits\20260903\01\9_main_dig6_20260903-015108.jpg,3,flash,74.29,reading_est 58683; model saw 9; ambiguous,model_disagrees,,1
night_err,20260827-034142_dig6,20260827-034142,6,C:\Users\josep\source\repos\AIOTED-digital-rawdigits\20260827\03\6_main_dig6_20260827-034142.jpg,5,flash,75.10,reading_est 58415; model saw 6; disagree,model_disagrees,,1
night_err,20260828-202939_dig6,20260828-202939,6,C:\Users\josep\source\repos\AIOTED-digital-rawdigits\20260828\20\6_main_dig6_20260828-202939.jpg,5,flash,75.81,reading_est 58485; model saw 6; disagree,model_disagrees,,1
night_err,20260911-230028_dig6,20260911-230028,6,C:\Users\josep\source\repos\AIOTED-digital-rawdigits\20260911\23\6_main_dig6_20260911-230028.jpg,5,flash,77.85,reading_est 59006; skip 59004->59006: inferred 59005 (upper run); model saw 6; agree_soft,model_disagrees,,1
night_err,20260912-214058_dig6,20260912-214058,6,C:\Users\josep\source\repos\AIOTED-digital-rawdigits\20260912\21\6_main_dig6_20260912-214058.jpg,5,flash,77.17,reading_est 59036; skip 59034->59036: inferred 59035 (upper run); model saw 6; agree_soft,model_disagrees,,1
night_err,20260919-055330_dig6,20260919-055330,6,C:\Users\josep\source\repos\AIOTED-digital-rawdigits\20260919\05\6_main_dig6_20260919-055330.jpg,5,flash,78.17,reading_est 59176; skip 59174->59176: inferred 59175 (upper run); model saw 6; agree_soft,model_disagrees,,1
night_err,20260913-203739_dig6,20260913-203739,6,C:\Users\josep\source\repos\AIOTED-digital-rawdigits\20260913\20\6_main_dig6_20260913-203739.jpg,5,flash,77.17,reading_est 59056; skip 59054->59056: inferred 59055 (upper run); model saw 6; agree_soft,model_disagrees,,1
night_err,20260907-235522_dig6,20260907-235522,6,C:\Users\josep\source\repos\AIOTED-digital-rawdigits\20260907\23\6_main_dig6_20260907-235522.jpg,5,flash,77.17,reading_est 58866; skip 58864->58866: inferred 58865 (upper run); model saw 6; agree_soft,model_disagrees,,1
night_err,20260917-193332_dig6,20260917-193332,6,C:\Users\josep\source\repos\AIOTED-digital-rawdigits\20260917\19\0_main_dig6_20260917-193332.jpg,5,flash,77.93,reading_est 59146; skip 59144->59146: inferred 59145 (upper run); model saw 0; ambiguous,model_disagrees,,1
night_err,20260903-211907_dig6,20260903-211907,6,C:\Users\josep\source\repos\AIOTED-digital-rawdigits\20260903\21\7_main_dig6_20260903-211907.jpg,5,flash,75.29,reading_est 58716; skip 58714->58716: inferred 58715 (upper run); model saw 7; ambiguous,model_disagrees,,1
night_err,20260820-052955_dig6,20260820-052955,6,C:\Users\josep\source\repos\AIOTED-digital-rawdigits\20260820\05\6_main_dig6_20260820-052955.jpg,5,flash,77.84,reading_est 58176; skip 58174->58176: inferred 58175 (upper run); model saw 6; agree_soft,model_disagrees,,1
night_err,20260830-204935_dig6,20260830-204935,6,C:\Users\josep\source\repos\AIOTED-digital-rawdigits\20260830\20\6_main_dig6_20260830-204935.jpg,5,flash,75.23,reading_est 58546; skip 58544->58546: inferred 58545 (upper run); model saw 6; agree_soft,model_disagrees,,1
night_err,20260927-003414_dig6,20260927-003414,6,C:\Users\josep\source\repos\AIOTED-digital-rawdigits\20260927\00\2_main_dig6_20260927-003414.jpg,5,flash,78.17,reading_est 59345; model saw 2; ambiguous,model_disagrees,,1
night_err,20260822-221349_dig6,20260822-221349,6,C:\Users\josep\source\repos\AIOTED-digital-rawdigits\20260822\22\9_main_dig6_20260822-221349.jpg,5,flash,76.23,reading_est 58275; model saw 9; ambiguous,model_disagrees,,1
night_err,20260904-045506_dig6,20260904-045506,6,C:\Users\josep\source\repos\AIOTED-digital-rawdigits\20260904\04\9_main_dig6_20260904-045506.jpg,5,flash,76.08,reading_est 58725; model saw 9; ambiguous,model_disagrees,,1
night_err,20260819-021757_dig6,20260819-021757,6,C:\Users\josep\source\repos\AIOTED-digital-rawdigits\20260819\02\6_main_dig6_20260819-021757.jpg,5,flash,77.76,reading_est 58135; model saw 6; disagree,model_disagrees,,1
night_err,20260815-210603_dig6,20260815-210603,6,C:\Users\josep\source\repos\AIOTED-digital-rawdigits\20260815\21\6_main_dig6_20260815-210603.jpg,5,flash,75.64,reading_est 58016; skip 58014->58016: inferred 58015 (upper run); model saw 6; agree_soft,model_disagrees,,1
night_err,20260910-200000_dig6,20260910-200000,6,C:\Users\josep\source\repos\AIOTED-digital-rawdigits\20260910\20\6_main_dig6_20260910-200000.jpg,5,flash,77.17,reading_est 58966; skip 58964->58966: inferred 58965 (upper run); model saw 6; agree_soft,model_disagrees,,1
night_err,20260922-212123_dig6,20260922-212123,6,C:\Users\josep\source\repos\AIOTED-digital-rawdigits\20260922\21\6_main_dig6_20260922-212123.jpg,5,flash,77.87,reading_est 59256; skip 59254->59256: inferred 59255 (upper run); model saw 6; agree_soft,model_disagrees,,1
night_err,20260906-195124_dig6,20260906-195124,6,C:\Users\josep\source\repos\AIOTED-digital-rawdigits\20260906\19\6_main_dig6_20260906-195124.jpg,5,flash,77.94,reading_est 58826; skip 58824->58826: inferred 58825 (upper run); model saw 6; agree_soft,model_disagrees,,1
night_err,20260924-193818_dig6,20260924-193818,6,C:\Users\josep\source\repos\AIOTED-digital-rawdigits\20260924\19\6_main_dig6_20260924-193818.jpg,5,flash,77.22,reading_est 59296; skip 59294->59296: inferred 59295 (upper run); model saw 6; agree_soft,model_disagrees,,1
night_err,20260908-002322_dig6,20260908-002322,6,C:\Users\josep\source\repos\AIOTED-digital-rawdigits\20260908\00\6_main_dig6_20260908-002322.jpg,5,flash,77.87,reading_est 58866; skip 58864->58866: inferred 58865 (upper run); model saw 6; agree_soft,model_disagrees,,1
night_err,20260921-023326_dig6,20260921-023326,6,C:\Users\josep\source\repos\AIOTED-digital-rawdigits\20260921\02\6_main_dig6_20260921-023326.jpg,5,flash,77.87,reading_est 59216; skip 59214->59216: inferred 59215 (upper run); model saw 6; agree_soft,model_disagrees,,1
night_err,20260914-174137_dig6,20260914-174137,6,C:\Users\josep\source\repos\AIOTED-digital-rawdigits\20260914\17\6_main_dig6_20260914-174137.jpg,5,flash,78.93,reading_est 59076; skip 59074->59076: inferred 59075 (upper run); model saw 6; agree_soft,model_disagrees,,1
night_err,20260827-034942_dig6,20260827-034942,6,C:\Users\josep\source\repos\AIOTED-digital-rawdigits\20260827\03\6_main_dig6_20260827-034942.jpg,5,flash,75.22,reading_est 58415; model saw 6; disagree,model_disagrees,,1
night_err,20260911-232828_dig6,20260911-232828,6,C:\Users\josep\source\repos\AIOTED-digital-rawdigits\20260911\23\6_main_dig6_20260911-232828.jpg,5,flash,77.93,reading_est 59006; skip 59004->59006: inferred 59005 (upper run); model saw 6; agree_soft,model_disagrees,,1
night_err,20260912-224057_dig6,20260912-224057,6,C:\Users\josep\source\repos\AIOTED-digital-rawdigits\20260912\22\6_main_dig6_20260912-224057.jpg,5,flash,78.22,reading_est 59036; skip 59034->59036: inferred 59035 (upper run); model saw 6; agree_soft,model_disagrees,,1
night_err,20260919-052530_dig6,20260919-052530,6,C:\Users\josep\source\repos\AIOTED-digital-rawdigits\20260919\05\6_main_dig6_20260919-052530.jpg,5,flash,78.12,reading_est 59176; skip 59174->59176: inferred 59175 (upper run); model saw 6; agree_soft,model_disagrees,,1
night_err,20260913-204939_dig6,20260913-204939,6,C:\Users\josep\source\repos\AIOTED-digital-rawdigits\20260913\20\6_main_dig6_20260913-204939.jpg,5,flash,76.78,reading_est 59056; skip 59054->59056: inferred 59055 (upper run); model saw 6; agree_soft,model_disagrees,,1
night_err,20260907-232322_dig6,20260907-232322,6,C:\Users\josep\source\repos\AIOTED-digital-rawdigits\20260907\23\6_main_dig6_20260907-232322.jpg,5,flash,77.86,reading_est 58866; skip 58864->58866: inferred 58865 (upper run); model saw 6; agree_soft,model_disagrees,,1
night_err,20260917-190532_dig6,20260917-190532,6,C:\Users\josep\source\repos\AIOTED-digital-rawdigits\20260917\19\6_main_dig6_20260917-190532.jpg,5,flash,78.08,reading_est 59146; skip 59144->59146: inferred 59145 (upper run); model saw 6; agree_soft,model_disagrees,,1
night_err,20260903-203907_dig6,20260903-203907,6,C:\Users\josep\source\repos\AIOTED-digital-rawdigits\20260903\20\6_main_dig6_20260903-203907.jpg,5,flash,75.87,reading_est 58716; skip 58714->58716: inferred 58715 (upper run); model saw 6; agree_soft,model_disagrees,,1
night_err,20260820-050155_dig6,20260820-050155,6,C:\Users\josep\source\repos\AIOTED-digital-rawdigits\20260820\05\6_main_dig6_20260820-050155.jpg,5,flash,77.62,reading_est 58176; skip 58174->58176: inferred 58175 (upper run); model saw 6; agree_soft,model_disagrees,,1
night_err,20260830-210935_dig6,20260830-210935,6,C:\Users\josep\source\repos\AIOTED-digital-rawdigits\20260830\21\6_main_dig6_20260830-210935.jpg,5,flash,75.71,reading_est 58546; skip 58544->58546: inferred 58545 (upper run); model saw 6; agree_soft,model_disagrees,,1
night_err,20260927-004614_dig6,20260927-004614,6,C:\Users\josep\source\repos\AIOTED-digital-rawdigits\20260927\00\2_main_dig6_20260927-004614.jpg,5,flash,78.16,reading_est 59345; model saw 2; ambiguous,model_disagrees,,1
night_err,20260822-220549_dig6,20260822-220549,6,C:\Users\josep\source\repos\AIOTED-digital-rawdigits\20260822\22\9_main_dig6_20260822-220549.jpg,5,flash,76.22,reading_est 58275; model saw 9; ambiguous,model_disagrees,,1
night_err,20260904-044706_dig6,20260904-044706,6,C:\Users\josep\source\repos\AIOTED-digital-rawdigits\20260904\04\9_main_dig6_20260904-044706.jpg,5,flash,74.00,reading_est 58725; model saw 9; ambiguous,model_disagrees,,1
night_err,20260815-203403_dig6,20260815-203403,6,C:\Users\josep\source\repos\AIOTED-digital-rawdigits\20260815\20\6_main_dig6_20260815-203403.jpg,5,flash,75.91,reading_est 58016; skip 58014->58016: inferred 58015 (upper run); model saw 6; agree_soft,model_disagrees,,1
night_err,20260910-192800_dig6,20260910-192800,6,C:\Users\josep\source\repos\AIOTED-digital-rawdigits\20260910\19\6_main_dig6_20260910-192800.jpg,5,flash,77.22,reading_est 58966; skip 58964->58966: inferred 58965 (upper run); model saw 6; agree_soft,model_disagrees,,1
night_err,20260922-214523_dig6,20260922-214523,6,C:\Users\josep\source\repos\AIOTED-digital-rawdigits\20260922\21\6_main_dig6_20260922-214523.jpg,5,flash,77.87,reading_est 59256; skip 59254->59256: inferred 59255 (upper run); model saw 6; agree_soft,model_disagrees,,1
night_err,20260906-203124_dig6,20260906-203124,6,C:\Users\josep\source\repos\AIOTED-digital-rawdigits\20260906\20\6_main_dig6_20260906-203124.jpg,5,flash,76.22,reading_est 58826; skip 58824->58826: inferred 58825 (upper run); model saw 6; agree_soft,model_disagrees,,1
night_err,20260924-200618_dig6,20260924-200618,6,C:\Users\josep\source\repos\AIOTED-digital-rawdigits\20260924\20\6_main_dig6_20260924-200618.jpg,5,flash,77.17,reading_est 59296; skip 59294->59296: inferred 59295 (upper run); model saw 6; agree_soft,model_disagrees,,1
night_err,20260908-001522_dig6,20260908-001522,6,C:\Users\josep\source\repos\AIOTED-digital-rawdigits\20260908\00\6_main_dig6_20260908-001522.jpg,5,flash,77.17,reading_est 58866; skip 58864->58866: inferred 58865 (upper run); model saw 6; agree_soft,model_disagrees,,1
night_err,20260921-020526_dig6,20260921-020526,6,C:\Users\josep\source\repos\AIOTED-digital-rawdigits\20260921\02\6_main_dig6_20260921-020526.jpg,5,flash,77.87,reading_est 59216; skip 59214->59216: inferred 59215 (upper run); model saw 6; agree_soft,model_disagrees,,1
night_err,20260914-181338_dig6,20260914-181338,6,C:\Users\josep\source\repos\AIOTED-digital-rawdigits\20260914\18\6_main_dig6_20260914-181338.jpg,5,flash,77.93,reading_est 59076; skip 59074->59076: inferred 59075 (upper run); model saw 6; agree_soft,model_disagrees,,1
night_err,20260911-222828_dig6,20260911-222828,6,C:\Users\josep\source\repos\AIOTED-digital-rawdigits\20260911\22\6_main_dig6_20260911-222828.jpg,5,flash,77.17,reading_est 59006; skip 59004->59006: inferred 59005 (upper run); model saw 6; agree_soft,model_disagrees,,1
night_err,20260912-220058_dig6,20260912-220058,6,C:\Users\josep\source\repos\AIOTED-digital-rawdigits\20260912\22\6_main_dig6_20260912-220058.jpg,5,flash,77.22,reading_est 59036; skip 59034->59036: inferred 59035 (upper run); model saw 6; agree_soft,model_disagrees,,1
night_err,20260919-053730_dig6,20260919-053730,6,C:\Users\josep\source\repos\AIOTED-digital-rawdigits\20260919\05\6_main_dig6_20260919-053730.jpg,5,flash,78.17,reading_est 59176; skip 59174->59176: inferred 59175 (upper run); model saw 6; agree_soft,model_disagrees,,1
night_err,20260913-195739_dig6,20260913-195739,6,C:\Users\josep\source\repos\AIOTED-digital-rawdigits\20260913\19\6_main_dig6_20260913-195739.jpg,5,flash,77.22,reading_est 59056; skip 59054->59056: inferred 59055 (upper run); model saw 6; agree_soft,model_disagrees,,1
night_err,20260907-234322_dig6,20260907-234322,6,C:\Users\josep\source\repos\AIOTED-digital-rawdigits\20260907\23\6_main_dig6_20260907-234322.jpg,5,flash,77.86,reading_est 58866; skip 58864->58866: inferred 58865 (upper run); model saw 6; agree_soft,model_disagrees,,1
night_err,20260917-191332_dig6,20260917-191332,6,C:\Users\josep\source\repos\AIOTED-digital-rawdigits\20260917\19\6_main_dig6_20260917-191332.jpg,5,flash,77.87,reading_est 59146; skip 59144->59146: inferred 59145 (upper run); model saw 6; agree_soft,model_disagrees,,1
night_err,20260903-201907_dig6,20260903-201907,6,C:\Users\josep\source\repos\AIOTED-digital-rawdigits\20260903\20\6_main_dig6_20260903-201907.jpg,5,flash,75.87,reading_est 58716; skip 58714->58716: inferred 58715 (upper run); model saw 6; agree_soft,model_disagrees,,1
night_err,20260820-044955_dig6,20260820-044955,6,C:\Users\josep\source\repos\AIOTED-digital-rawdigits\20260820\04\6_main_dig6_20260820-044955.jpg,5,flash,77.71,reading_est 58176; skip 58174->58176: inferred 58175 (upper run); model saw 6; agree_soft,model_disagrees,,1
night_err,20260830-202935_dig6,20260830-202935,6,C:\Users\josep\source\repos\AIOTED-digital-rawdigits\20260830\20\6_main_dig6_20260830-202935.jpg,5,flash,75.91,reading_est 58546; skip 58544->58546: inferred 58545 (upper run); model saw 6; agree_soft,model_disagrees,,1
night_err,20260927-010614_dig6,20260927-010614,6,C:\Users\josep\source\repos\AIOTED-digital-rawdigits\20260927\01\2_main_dig6_20260927-010614.jpg,5,flash,78.13,reading_est 59345; model saw 2; ambiguous,model_disagrees,,1
night_err,20260822-045751_dig6,20260822-045751,6,C:\Users\josep\source\repos\AIOTED-digital-rawdigits\20260822\04\6_main_dig6_20260822-045751.jpg,5,flash,77.36,reading_est 58245; model saw 6; disagree,model_disagrees,,1
night_err,20260904-050706_dig6,20260904-050706,6,C:\Users\josep\source\repos\AIOTED-digital-rawdigits\20260904\05\9_main_dig6_20260904-050706.jpg,5,flash,76.00,reading_est 58725; model saw 9; ambiguous,model_disagrees,,1
night_err,20260815-211403_dig6,20260815-211403,6,C:\Users\josep\source\repos\AIOTED-digital-rawdigits\20260815\21\6_main_dig6_20260815-211403.jpg,5,flash,75.87,reading_est 58016; skip 58014->58016: inferred 58015 (upper run); model saw 6; agree_soft,model_disagrees,,1
night_err,20260910-194800_dig6,20260910-194800,6,C:\Users\josep\source\repos\AIOTED-digital-rawdigits\20260910\19\6_main_dig6_20260910-194800.jpg,5,flash,77.10,reading_est 58966; skip 58964->58966: inferred 58965 (upper run); model saw 6; agree_soft,model_disagrees,,1
night_err,20260922-222123_dig6,20260922-222123,6,C:\Users\josep\source\repos\AIOTED-digital-rawdigits\20260922\22\6_main_dig6_20260922-222123.jpg,5,flash,78.13,reading_est 59256; skip 59254->59256: inferred 59255 (upper run); model saw 6; agree_soft,model_disagrees,,1
night_err,20260906-195924_dig6,20260906-195924,6,C:\Users\josep\source\repos\AIOTED-digital-rawdigits\20260906\19\6_main_dig6_20260906-195924.jpg,5,flash,78.00,reading_est 58826; skip 58824->58826: inferred 58825 (upper run); model saw 6; agree_soft,model_disagrees,,1
night_err,20260908-111121_dig6,20260908-111121,6,C:\Users\josep\source\repos\AIOTED-digital-rawdigits\20260908\11\6_main_dig6_20260908-111121.jpg,5,transition,95.76,reading_est 58876; skip 58874->58876: inferred 58875 (upper run); model saw 6; agree_soft,model_disagrees,,1
night_err,20260911-065600_dig6,20260911-065600,6,C:\Users\josep\source\repos\AIOTED-digital-rawdigits\20260911\06\6_main_dig6_20260911-065600.jpg,5,transition,81.41,reading_est 58976; skip 58974->58976: inferred 58975 (upper run); model saw 6; agree_soft,model_disagrees,,1
night_err,20260911-070800_dig6,20260911-070800,6,C:\Users\josep\source\repos\AIOTED-digital-rawdigits\20260911\07\6_main_dig6_20260911-070800.jpg,5,transition,83.03,reading_est 58976; skip 58974->58976: inferred 58975 (upper run); model saw 6; agree_soft,model_disagrees,,1
night_err,20260911-071600_dig6,20260911-071600,6,C:\Users\josep\source\repos\AIOTED-digital-rawdigits\20260911\07\6_main_dig6_20260911-071600.jpg,5,transition,84.03,reading_est 58976; skip 58974->58976: inferred 58975 (upper run); model saw 6; agree_soft,model_disagrees,,1
night_err,20260911-072800_dig6,20260911-072800,6,C:\Users\josep\source\repos\AIOTED-digital-rawdigits\20260911\07\6_main_dig6_20260911-072800.jpg,5,transition,89.29,reading_est 58976; skip 58974->58976: inferred 58975 (upper run); model saw 6; agree_soft,model_disagrees,,1
night_err,20260911-171228_dig6,20260911-171228,6,C:\Users\josep\source\repos\AIOTED-digital-rawdigits\20260911\17\6_main_dig6_20260911-171228.jpg,5,transition,91.41,reading_est 58996; skip 58994->58996: inferred 58995 (upper run); model saw 6; agree_soft,model_disagrees,,1
night_err,20260917-080533_dig6,20260917-080533,6,C:\Users\josep\source\repos\AIOTED-digital-rawdigits\20260917\08\6_main_dig6_20260917-080533.jpg,5,transition,82.97,reading_est 59136; skip 59134->59136: inferred 59135 (upper run); model saw 6; agree_soft,model_disagrees,,1
night_err,20260917-081733_dig6,20260917-081733,6,C:\Users\josep\source\repos\AIOTED-digital-rawdigits\20260917\08\6_main_dig6_20260917-081733.jpg,5,transition,82.97,reading_est 59136; skip 59134->59136: inferred 59135 (upper run); model saw 6; agree_soft,model_disagrees,,1
night_err,20260917-082533_dig6,20260917-082533,6,C:\Users\josep\source\repos\AIOTED-digital-rawdigits\20260917\08\6_main_dig6_20260917-082533.jpg,5,transition,83.20,reading_est 59136; skip 59134->59136: inferred 59135 (upper run); model saw 6; agree_soft,model_disagrees,,1
night_err,20260917-083733_dig6,20260917-083733,6,C:\Users\josep\source\repos\AIOTED-digital-rawdigits\20260917\08\6_main_dig6_20260917-083733.jpg,5,transition,84.90,reading_est 59136; skip 59134->59136: inferred 59135 (upper run); model saw 6; agree_soft,model_disagrees,,1
night_err,20260917-084533_dig6,20260917-084533,6,C:\Users\josep\source\repos\AIOTED-digital-rawdigits\20260917\08\6_main_dig6_20260917-084533.jpg,5,transition,83.94,reading_est 59136; skip 59134->59136: inferred 59135 (upper run); model saw 6; agree_soft,model_disagrees,,1
night_err,20260917-085733_dig6,20260917-085733,6,C:\Users\josep\source\repos\AIOTED-digital-rawdigits\20260917\08\6_main_dig6_20260917-085733.jpg,5,transition,82.97,reading_est 59136; skip 59134->59136: inferred 59135 (upper run); model saw 6; agree_soft,model_disagrees,,1
night_err,20260917-172532_dig6,20260917-172532,6,C:\Users\josep\source\repos\AIOTED-digital-rawdigits\20260917\17\6_main_dig6_20260917-172532.jpg,5,transition,82.86,reading_est 59146; skip 59144->59146: inferred 59145 (upper run); model saw 6; agree_soft,model_disagrees,,1
night_err,20260917-173332_dig6,20260917-173332,6,C:\Users\josep\source\repos\AIOTED-digital-rawdigits\20260917\17\6_main_dig6_20260917-173332.jpg,5,transition,85.90,reading_est 59146; skip 59144->59146: inferred 59145 (upper run); model saw 6; agree_soft,model_disagrees,,1
night_err,20260917-174532_dig6,20260917-174532,6,C:\Users\josep\source\repos\AIOTED-digital-rawdigits\20260917\17\6_main_dig6_20260917-174532.jpg,5,transition,83.08,reading_est 59146; skip 59144->59146: inferred 59145 (upper run); model saw 6; agree_soft,model_disagrees,,1
night_err,20260917-175332_dig6,20260917-175332,6,C:\Users\josep\source\repos\AIOTED-digital-rawdigits\20260917\17\6_main_dig6_20260917-175332.jpg,5,transition,82.97,reading_est 59146; skip 59144->59146: inferred 59145 (upper run); model saw 6; agree_soft,model_disagrees,,1
night_err,20260918-071331_dig6,20260918-071331,6,C:\Users\josep\source\repos\AIOTED-digital-rawdigits\20260918\07\6_main_dig6_20260918-071331.jpg,5,transition,82.20,reading_est 59156; skip 59154->59156: inferred 59155 (upper run); model saw 6; agree_soft,model_disagrees,,1
night_err,20260918-072131_dig6,20260918-072131,6,C:\Users\josep\source\repos\AIOTED-digital-rawdigits\20260918\07\6_main_dig6_20260918-072131.jpg,5,transition,82.97,reading_est 59156; skip 59154->59156: inferred 59155 (upper run); model saw 6; agree_soft,model_disagrees,,1
night_err,20260918-072931_dig6,20260918-072931,6,C:\Users\josep\source\repos\AIOTED-digital-rawdigits\20260918\07\6_main_dig6_20260918-072931.jpg,5,transition,83.12,reading_est 59156; skip 59154->59156: inferred 59155 (upper run); model saw 6; agree_soft,model_disagrees,,1
night_err,20260918-074931_dig6,20260918-074931,6,C:\Users\josep\source\repos\AIOTED-digital-rawdigits\20260918\07\6_main_dig6_20260918-074931.jpg,5,transition,87.98,reading_est 59156; skip 59154->59156: inferred 59155 (upper run); model saw 6; agree_soft,model_disagrees,,1
night_err,20260918-080131_dig6,20260918-080131,6,C:\Users\josep\source\repos\AIOTED-digital-rawdigits\20260918\08\6_main_dig6_20260918-080131.jpg,5,transition,93.25,reading_est 59156; skip 59154->59156: inferred 59155 (upper run); model saw 6; agree_soft,model_disagrees,,1
night_err,20260918-160930_dig6,20260918-160930,6,C:\Users\josep\source\repos\AIOTED-digital-rawdigits\20260918\16\6_main_dig6_20260918-160930.jpg,5,transition,84.26,reading_est 59166; skip 59164->59166: inferred 59165 (upper run); model saw 6; agree_soft,model_disagrees,,1
night_err,20260918-161730_dig6,20260918-161730,6,C:\Users\josep\source\repos\AIOTED-digital-rawdigits\20260918\16\6_main_dig6_20260918-161730.jpg,5,transition,84.24,reading_est 59166; skip 59164->59166: inferred 59165 (upper run); model saw 6; agree_soft,model_disagrees,,1
night_err,20260918-162930_dig6,20260918-162930,6,C:\Users\josep\source\repos\AIOTED-digital-rawdigits\20260918\16\6_main_dig6_20260918-162930.jpg,5,transition,83.90,reading_est 59166; skip 59164->59166: inferred 59165 (upper run); model saw 6; agree_soft,model_disagrees,,1
night_err,20260918-163730_dig6,20260918-163730,6,C:\Users\josep\source\repos\AIOTED-digital-rawdigits\20260918\16\6_main_dig6_20260918-163730.jpg,5,transition,84.12,reading_est 59166; skip 59164->59166: inferred 59165 (upper run); model saw 6; agree_soft,model_disagrees,,1
night_err,20260918-164930_dig6,20260918-164930,6,C:\Users\josep\source\repos\AIOTED-digital-rawdigits\20260918\16\6_main_dig6_20260918-164930.jpg,5,transition,82.97,reading_est 59166; skip 59164->59166: inferred 59165 (upper run); model saw 6; agree_soft,model_disagrees,,1
night_err,20260918-165730_dig6,20260918-165730,6,C:\Users\josep\source\repos\AIOTED-digital-rawdigits\20260918\16\6_main_dig6_20260918-165730.jpg,5,transition,83.97,reading_est 59166; skip 59164->59166: inferred 59165 (upper run); model saw 6; agree_soft,model_disagrees,,1
night_err,20260919-153329_dig6,20260919-153329,6,C:\Users\josep\source\repos\AIOTED-digital-rawdigits\20260919\15\6_main_dig6_20260919-153329.jpg,5,transition,86.88,reading_est 59186; skip 59184->59186: inferred 59185 (upper run); model saw 6; agree_soft,model_disagrees,,1
night_err,20260919-154129_dig6,20260919-154129,6,C:\Users\josep\source\repos\AIOTED-digital-rawdigits\20260919\15\6_main_dig6_20260919-154129.jpg,5,transition,93.03,reading_est 59186; skip 59184->59186: inferred 59185 (upper run); model saw 6; agree_soft,model_disagrees,,1
night_err,20260919-155329_dig6,20260919-155329,6,C:\Users\josep\source\repos\AIOTED-digital-rawdigits\20260919\15\6_main_dig6_20260919-155329.jpg,5,transition,93.20,reading_est 59186; skip 59184->59186: inferred 59185 (upper run); model saw 6; agree_soft,model_disagrees,,1
night_err,20260919-161329_dig6,20260919-161329,6,C:\Users\josep\source\repos\AIOTED-digital-rawdigits\20260919\16\6_main_dig6_20260919-161329.jpg,5,transition,92.98,reading_est 59186; skip 59184->59186: inferred 59185 (upper run); model saw 6; agree_soft,model_disagrees,,1
night_err,20260925-082617_dig6,20260925-082617,6,C:\Users\josep\source\repos\AIOTED-digital-rawdigits\20260925\08\6_main_dig6_20260925-082617.jpg,5,transition,87.12,reading_est 59306; skip 59304->59306: inferred 59305 (upper run); model saw 6; agree_soft,model_disagrees,,1
night_err,20260925-083417_dig6,20260925-083417,6,C:\Users\josep\source\repos\AIOTED-digital-rawdigits\20260925\08\6_main_dig6_20260925-083417.jpg,5,transition,88.97,reading_est 59306; skip 59304->59306: inferred 59305 (upper run); model saw 6; agree_soft,model_disagrees,,1
night_err,20260925-084217_dig6,20260925-084217,6,C:\Users\josep\source\repos\AIOTED-digital-rawdigits\20260925\08\6_main_dig6_20260925-084217.jpg,5,transition,90.19,reading_est 59306; skip 59304->59306: inferred 59305 (upper run); model saw 6; agree_soft,model_disagrees,,1
night_err,20260925-154217_dig6,20260925-154217,6,C:\Users\josep\source\repos\AIOTED-digital-rawdigits\20260925\15\6_main_dig6_20260925-154217.jpg,5,transition,93.98,reading_est 59316; skip 59314->59316: inferred 59315 (upper run); model saw 6; agree_soft,model_disagrees,,1
night_err,20260925-155417_dig6,20260925-155417,6,C:\Users\josep\source\repos\AIOTED-digital-rawdigits\20260925\15\6_main_dig6_20260925-155417.jpg,5,transition,92.77,reading_est 59316; skip 59314->59316: inferred 59315 (upper run); model saw 6; agree_soft,model_disagrees,,1
night_err,20260925-160217_dig6,20260925-160217,6,C:\Users\josep\source\repos\AIOTED-digital-rawdigits\20260925\16\6_main_dig6_20260925-160217.jpg,5,transition,91.21,reading_est 59316; skip 59314->59316: inferred 59315 (upper run); model saw 6; agree_soft,model_disagrees,,1
night_err,20260925-161417_dig6,20260925-161417,6,C:\Users\josep\source\repos\AIOTED-digital-rawdigits\20260925\16\6_main_dig6_20260925-161417.jpg,5,transition,91.29,reading_est 59316; skip 59314->59316: inferred 59315 (upper run); model saw 6; agree_soft,model_disagrees,,1
night_err,20260925-162217_dig6,20260925-162217,6,C:\Users\josep\source\repos\AIOTED-digital-rawdigits\20260925\16\6_main_dig6_20260925-162217.jpg,5,transition,89.24,reading_est 59316; skip 59314->59316: inferred 59315 (upper run); model saw 6; agree_soft,model_disagrees,,1
night_err,20260928-154240_dig6,20260928-154240,6,C:\Users\josep\source\repos\AIOTED-digital-rawdigits\20260928\15\6_main_dig6_20260928-154240.jpg,5,transition,92.69,reading_est 59376; skip 59374->59376: inferred 59375 (upper run); model saw 6; agree_soft,model_disagrees,,1
night_err,20260928-162240_dig6,20260928-162240,6,C:\Users\josep\source\repos\AIOTED-digital-rawdigits\20260928\16\6_main_dig6_20260928-162240.jpg,5,transition,91.77,reading_est 59376; skip 59374->59376: inferred 59375 (upper run); model saw 6; agree_soft,model_disagrees,,1
night_err,20260928-163040_dig6,20260928-163040,6,C:\Users\josep\source\repos\AIOTED-digital-rawdigits\20260928\16\6_main_dig6_20260928-163040.jpg,5,transition,93.97,reading_est 59376; skip 59374->59376: inferred 59375 (upper run); model saw 6; agree_soft,model_disagrees,,1
night_err,20260925-084617_dig6,20260925-084617,6,C:\Users\josep\source\repos\AIOTED-digital-rawdigits\20260925\08\6_main_dig6_20260925-084617.jpg,5,transition,93.77,reading_est 59306; skip 59304->59306: inferred 59305 (upper run); model saw 6; agree_soft,drift|model_disagrees,,1
night_err,20260907-190723_dig5,20260907-190723,5,C:\Users\josep\source\repos\AIOTED-digital-rawdigits\20260907\19\0_main_dig5_20260907-190723.jpg,6,flash,78.16,reading_est 58860; model saw 0; ambiguous,model_disagrees,,1
night_err,20260914-025739_dig5,20260914-025739,5,C:\Users\josep\source\repos\AIOTED-digital-rawdigits\20260914\02\0_main_dig5_20260914-025739.jpg,6,flash,76.93,reading_est 59060; model saw 0; ambiguous,model_disagrees,,1
night_err,20260914-031739_dig5,20260914-031739,5,C:\Users\josep\source\repos\AIOTED-digital-rawdigits\20260914\03\0_main_dig5_20260914-031739.jpg,6,flash,76.86,reading_est 59060; model saw 0; ambiguous,model_disagrees,,1
night_err,20260914-032539_dig5,20260914-032539,5,C:\Users\josep\source\repos\AIOTED-digital-rawdigits\20260914\03\0_main_dig5_20260914-032539.jpg,6,flash,76.81,reading_est 59060; model saw 0; ambiguous,model_disagrees,,1
night_err,20260914-034539_dig5,20260914-034539,5,C:\Users\josep\source\repos\AIOTED-digital-rawdigits\20260914\03\0_main_dig5_20260914-034539.jpg,6,flash,76.86,reading_est 59060; model saw 0; ambiguous,model_disagrees,,1
night_err,20260914-042539_dig5,20260914-042539,5,C:\Users\josep\source\repos\AIOTED-digital-rawdigits\20260914\04\0_main_dig5_20260914-042539.jpg,6,flash,76.93,reading_est 59060; model saw 0; ambiguous,model_disagrees,,1
night_err,20260914-043739_dig5,20260914-043739,5,C:\Users\josep\source\repos\AIOTED-digital-rawdigits\20260914\04\0_main_dig5_20260914-043739.jpg,6,flash,76.93,reading_est 59060; model saw 0; ambiguous,model_disagrees,,1
night_err,20260914-044539_dig5,20260914-044539,5,C:\Users\josep\source\repos\AIOTED-digital-rawdigits\20260914\04\0_main_dig5_20260914-044539.jpg,6,flash,76.22,reading_est 59060; model saw 0; ambiguous,model_disagrees,,1
night_err,20260914-051339_dig5,20260914-051339,5,C:\Users\josep\source\repos\AIOTED-digital-rawdigits\20260914\05\0_main_dig5_20260914-051339.jpg,6,flash,76.86,reading_est 59061; model saw 0; ambiguous,model_disagrees,,1
night_err,20260914-051739_dig5,20260914-051739,5,C:\Users\josep\source\repos\AIOTED-digital-rawdigits\20260914\05\0_main_dig5_20260914-051739.jpg,6,flash,76.93,reading_est 59061; model saw 0; ambiguous,model_disagrees,,1
night_err,20260914-052539_dig5,20260914-052539,5,C:\Users\josep\source\repos\AIOTED-digital-rawdigits\20260914\05\0_main_dig5_20260914-052539.jpg,6,flash,76.86,reading_est 59061; model saw 0; ambiguous,model_disagrees,,1
night_err,20260914-053338_dig5,20260914-053338,5,C:\Users\josep\source\repos\AIOTED-digital-rawdigits\20260914\05\0_main_dig5_20260914-053338.jpg,6,flash,76.86,reading_est 59061; model saw 0; ambiguous,model_disagrees,,1
night_err,20260914-053738_dig5,20260914-053738,5,C:\Users\josep\source\repos\AIOTED-digital-rawdigits\20260914\05\0_main_dig5_20260914-053738.jpg,6,flash,77.00,reading_est 59061; model saw 0; ambiguous,model_disagrees,,1
night_err,20260914-055338_dig5,20260914-055338,5,C:\Users\josep\source\repos\AIOTED-digital-rawdigits\20260914\05\0_main_dig5_20260914-055338.jpg,6,flash,76.94,reading_est 59061; model saw 0; ambiguous,model_disagrees,,1
night_err,20260914-060538_dig5,20260914-060538,5,C:\Users\josep\source\repos\AIOTED-digital-rawdigits\20260914\06\0_main_dig5_20260914-060538.jpg,6,flash,76.86,reading_est 59061; model saw 0; ambiguous,model_disagrees,,1
night_err,20260914-062538_dig5,20260914-062538,5,C:\Users\josep\source\repos\AIOTED-digital-rawdigits\20260914\06\0_main_dig5_20260914-062538.jpg,6,flash,77.17,reading_est 59062; model saw 0; ambiguous,model_disagrees,,1
night_err,20260927-224642_dig5,20260927-224642,5,C:\Users\josep\source\repos\AIOTED-digital-rawdigits\20260927\22\0_main_dig5_20260927-224642.jpg,6,flash,79.00,reading_est 59360; model saw 0; ambiguous,model_disagrees,,1
night_err,20260927-233842_dig5,20260927-233842,5,C:\Users\josep\source\repos\AIOTED-digital-rawdigits\20260927\23\0_main_dig5_20260927-233842.jpg,6,flash,78.17,reading_est 59360; model saw 0; ambiguous,model_disagrees,,1
night_err,20260928-001442_dig5,20260928-001442,5,C:\Users\josep\source\repos\AIOTED-digital-rawdigits\20260928\00\0_main_dig5_20260928-001442.jpg,6,flash,79.18,reading_est 59360; model saw 0; ambiguous,model_disagrees,,1
night_err,20260928-001842_dig5,20260928-001842,5,C:\Users\josep\source\repos\AIOTED-digital-rawdigits\20260928\00\0_main_dig5_20260928-001842.jpg,6,flash,78.81,reading_est 59360; model saw 0; ambiguous,model_disagrees,,1
night_err,20260816-043402_dig6,20260816-043402,6,C:\Users\josep\source\repos\AIOTED-digital-rawdigits\20260816\04\7_main_dig6_20260816-043402.jpg,2,flash,75.17,reading_est 58022; model saw 7; disagree,model_disagrees,,1
night_err,20260816-044202_dig6,20260816-044202,6,C:\Users\josep\source\repos\AIOTED-digital-rawdigits\20260816\04\8_main_dig6_20260816-044202.jpg,2,flash,75.94,reading_est 58022; model saw 8; disagree,model_disagrees,,1
night_err,20260816-215001_dig6,20260816-215001,6,C:\Users\josep\source\repos\AIOTED-digital-rawdigits\20260816\21\7_main_dig6_20260816-215001.jpg,2,flash,76.78,reading_est 58052; model saw 7; ambiguous,model_disagrees,,1
night_err,20260816-215801_dig6,20260816-215801,6,C:\Users\josep\source\repos\AIOTED-digital-rawdigits\20260816\21\9_main_dig6_20260816-215801.jpg,2,flash,76.12,reading_est 58052; model saw 9; ambiguous,model_disagrees,,1
night_err,20260816-221001_dig6,20260816-221001,6,C:\Users\josep\source\repos\AIOTED-digital-rawdigits\20260816\22\7_main_dig6_20260816-221001.jpg,2,flash,75.81,reading_est 58052; model saw 7; ambiguous,model_disagrees,,1
night_err,20260816-221801_dig6,20260816-221801,6,C:\Users\josep\source\repos\AIOTED-digital-rawdigits\20260816\22\7_main_dig6_20260816-221801.jpg,2,flash,77.10,reading_est 58052; model saw 7; ambiguous,model_disagrees,,1
night_err,20260820-012955_dig6,20260820-012955,6,C:\Users\josep\source\repos\AIOTED-digital-rawdigits\20260820\01\8_main_dig6_20260820-012955.jpg,2,flash,77.16,reading_est 58172; model saw 8; disagree,model_disagrees,,1
night_err,20260821-033353_dig6,20260821-033353,6,C:\Users\josep\source\repos\AIOTED-digital-rawdigits\20260821\03\3_main_dig6_20260821-033353.jpg,2,flash,76.00,reading_est 58212; model saw 3; disagree,model_disagrees,,1
night_err,20260821-041353_dig6,20260821-041353,6,C:\Users\josep\source\repos\AIOTED-digital-rawdigits\20260821\04\8_main_dig6_20260821-041353.jpg,2,flash,77.13,reading_est 58212; model saw 8; ambiguous,model_disagrees,,1
night_err,20260821-042553_dig6,20260821-042553,6,C:\Users\josep\source\repos\AIOTED-digital-rawdigits\20260821\04\7_main_dig6_20260821-042553.jpg,2,flash,76.62,reading_est 58212; model saw 7; ambiguous,model_disagrees,,1
night_err,20260821-043353_dig6,20260821-043353,6,C:\Users\josep\source\repos\AIOTED-digital-rawdigits\20260821\04\9_main_dig6_20260821-043353.jpg,2,flash,76.87,reading_est 58212; model saw 9; ambiguous,model_disagrees,,1
night_err,20260821-044553_dig6,20260821-044553,6,C:\Users\josep\source\repos\AIOTED-digital-rawdigits\20260821\04\7_main_dig6_20260821-044553.jpg,2,flash,76.87,reading_est 58212; model saw 7; ambiguous,model_disagrees,,1
night_err,20260821-045353_dig6,20260821-045353,6,C:\Users\josep\source\repos\AIOTED-digital-rawdigits\20260821\04\7_main_dig6_20260821-045353.jpg,2,flash,76.23,reading_est 58212; model saw 7; ambiguous,model_disagrees,,1
night_err,20260822-004151_dig6,20260822-004151,6,C:\Users\josep\source\repos\AIOTED-digital-rawdigits\20260822\00\7_main_dig6_20260822-004151.jpg,2,flash,76.17,reading_est 58242; model saw 7; disagree,model_disagrees,,1
night_err,20260822-004951_dig6,20260822-004951,6,C:\Users\josep\source\repos\AIOTED-digital-rawdigits\20260822\00\6_main_dig6_20260822-004951.jpg,2,flash,76.62,reading_est 58242; model saw 6; disagree,model_disagrees,,1
night_err,20260822-011751_dig6,20260822-011751,6,C:\Users\josep\source\repos\AIOTED-digital-rawdigits\20260822\01\7_main_dig6_20260822-011751.jpg,2,flash,76.78,reading_est 58242; model saw 7; ambiguous,model_disagrees,,1
night_err,20260822-012951_dig6,20260822-012951,6,C:\Users\josep\source\repos\AIOTED-digital-rawdigits\20260822\01\9_main_dig6_20260822-012951.jpg,2,flash,76.78,reading_est 58242; model saw 9; ambiguous,model_disagrees,,1
night_err,20260822-013751_dig6,20260822-013751,6,C:\Users\josep\source\repos\AIOTED-digital-rawdigits\20260822\01\9_main_dig6_20260822-013751.jpg,2,flash,76.17,reading_est 58242; model saw 9; ambiguous,model_disagrees,,1
night_err,20260822-014951_dig6,20260822-014951,6,C:\Users\josep\source\repos\AIOTED-digital-rawdigits\20260822\01\7_main_dig6_20260822-014951.jpg,2,flash,76.76,reading_est 58242; model saw 7; ambiguous,model_disagrees,,1
night_err,20260822-015751_dig6,20260822-015751,6,C:\Users\josep\source\repos\AIOTED-digital-rawdigits\20260822\01\9_main_dig6_20260822-015751.jpg,2,flash,76.94,reading_est 58242; model saw 9; ambiguous,model_disagrees,,1
night_err,20260822-020951_dig6,20260822-020951,6,C:\Users\josep\source\repos\AIOTED-digital-rawdigits\20260822\02\7_main_dig6_20260822-020951.jpg,2,flash,76.23,reading_est 58242; model saw 7; ambiguous,model_disagrees,,1
night_err,20260822-021751_dig6,20260822-021751,6,C:\Users\josep\source\repos\AIOTED-digital-rawdigits\20260822\02\7_main_dig6_20260822-021751.jpg,2,flash,77.17,reading_est 58242; model saw 7; ambiguous,model_disagrees,,1
night_err,20260824-041747_dig6,20260824-041747,6,C:\Users\josep\source\repos\AIOTED-digital-rawdigits\20260824\04\6_main_dig6_20260824-041747.jpg,2,flash,77.84,reading_est 58312; model saw 6; disagree,model_disagrees,,1
night_err,20260826-224942_dig6,20260826-224942,6,C:\Users\josep\source\repos\AIOTED-digital-rawdigits\20260826\22\6_main_dig6_20260826-224942.jpg,2,flash,76.09,reading_est 58412; model saw 6; disagree,model_disagrees,,1
night_err,20260828-032540_dig6,20260828-032540,6,C:\Users\josep\source\repos\AIOTED-digital-rawdigits\20260828\03\10_main_dig6_20260828-032540.jpg,2,flash,75.29,reading_est 58452; model saw N; disagree,model_disagrees,,1
night_err,20260903-002308_dig6,20260903-002308,6,C:\Users\josep\source\repos\AIOTED-digital-rawdigits\20260903\00\6_main_dig6_20260903-002308.jpg,2,flash,74.15,reading_est 58682; model saw 6; ambiguous,model_disagrees,,1
night_err,20260904-024706_dig6,20260904-024706,6,C:\Users\josep\source\repos\AIOTED-digital-rawdigits\20260904\02\6_main_dig6_20260904-024706.jpg,2,flash,76.93,reading_est 58722; model saw 6; disagree,model_disagrees,,1
night_err,20260904-025506_dig6,20260904-025506,6,C:\Users\josep\source\repos\AIOTED-digital-rawdigits\20260904\02\10_main_dig6_20260904-025506.jpg,2,flash,76.94,reading_est 58722; model saw N; disagree,model_disagrees,,1
night_err,20260904-031506_dig6,20260904-031506,6,C:\Users\josep\source\repos\AIOTED-digital-rawdigits\20260904\03\6_main_dig6_20260904-031506.jpg,2,flash,75.94,reading_est 58722; model saw 6; ambiguous,model_disagrees,,1
night_err,20260907-060724_dig6,20260907-060724,6,C:\Users\josep\source\repos\AIOTED-digital-rawdigits\20260907\06\8_main_dig6_20260907-060724.jpg,2,flash,77.83,reading_est 58832; model saw 8; disagree,model_disagrees,,1
night_err,20260907-205523_dig6,20260907-205523,6,C:\Users\josep\source\repos\AIOTED-digital-rawdigits\20260907\20\8_main_dig6_20260907-205523.jpg,2,flash,78.12,reading_est 58862; model saw 8; ambiguous,model_disagrees,,1
night_err,20260907-210322_dig6,20260907-210322,6,C:\Users\josep\source\repos\AIOTED-digital-rawdigits\20260907\21\8_main_dig6_20260907-210322.jpg,2,flash,77.96,reading_est 58862; model saw 8; ambiguous,model_disagrees,,1
night_err,20260911-042800_dig6,20260911-042800,6,C:\Users\josep\source\repos\AIOTED-digital-rawdigits\20260911\04\8_main_dig6_20260911-042800.jpg,2,flash,77.22,reading_est 58972; model saw 8; ambiguous,model_disagrees,,1
night_err,20260912-201258_dig6,20260912-201258,6,C:\Users\josep\source\repos\AIOTED-digital-rawdigits\20260912\20\8_main_dig6_20260912-201258.jpg,2,flash,77.94,reading_est 59032; model saw 8; ambiguous,model_disagrees,,1
night_err,20260930-041438_dig6,20260930-041438,6,C:\Users\josep\source\repos\AIOTED-digital-rawdigits\20260930\04\8_main_dig6_20260930-041438.jpg,2,flash,77.78,reading_est 59402; model saw 8; ambiguous,model_disagrees,,1
night_err,20260908-034722_dig4,20260908-034722,4,C:\Users\josep\source\repos\AIOTED-digital-rawdigits\20260908\03\8_main_dig4_20260908-034722.jpg,0,flash,78.80,screen test0; model saw 8; disagree,model_disagrees,,0
night_err,20260920-223727_dig4,20260920-223727,4,C:\Users\josep\source\repos\AIOTED-digital-rawdigits\20260920\22\8_main_dig4_20260920-223727.jpg,0,flash,77.62,screen test0; model saw 8; disagree,model_disagrees,,0
night_err,20260822-182950_dig4,20260822-182950,4,C:\Users\josep\source\repos\AIOTED-digital-rawdigits\20260822\18\8_main_dig4_20260822-182950.jpg,0,transition,91.21,screen test0; model saw 8; disagree,model_disagrees,,0
night_err,20260830-071336_dig4,20260830-071336,4,C:\Users\josep\source\repos\AIOTED-digital-rawdigits\20260830\07\6_main_dig4_20260830-071336.jpg,0,transition,90.93,screen test0; model saw 6; disagree,model_disagrees,,0
night_err,20260830-230535_dig6,20260830-230535,6,C:\Users\josep\source\repos\AIOTED-digital-rawdigits\20260830\23\7_main_dig6_20260830-230535.jpg,6,flash,75.17,reading_est 58546; skip-host run; model saw 7; ambiguous,model_disagrees,,1
night_err,20260827-042942_dig6,20260827-042942,6,C:\Users\josep\source\repos\AIOTED-digital-rawdigits\20260827\04\5_main_dig6_20260827-042942.jpg,6,flash,75.09,reading_est 58416; model saw 5; disagree,model_disagrees,,1
night_err,20260927-041414_dig6,20260927-041414,6,C:\Users\josep\source\repos\AIOTED-digital-rawdigits\20260927\04\0_main_dig6_20260927-041414.jpg,6,flash,78.17,reading_est 59346; model saw 0; ambiguous,model_disagrees,,1
night_err,20260822-224549_dig6,20260822-224549,6,C:\Users\josep\source\repos\AIOTED-digital-rawdigits\20260822\22\5_main_dig6_20260822-224549.jpg,6,flash,76.00,reading_est 58276; model saw 5; ambiguous,model_disagrees,,1
night_err,20260915-230534_dig6,20260915-230534,6,C:\Users\josep\source\repos\AIOTED-digital-rawdigits\20260915\23\5_main_dig6_20260915-230534.jpg,6,flash,78.17,reading_est 59106; skip-host run; model saw 5; ambiguous,model_disagrees,,1
night_err,20260910-202800_dig6,20260910-202800,6,C:\Users\josep\source\repos\AIOTED-digital-rawdigits\20260910\20\0_main_dig6_20260910-202800.jpg,6,flash,77.10,reading_est 58966; skip-host run; model saw 0; ambiguous,model_disagrees,,1
night_err,20260902-025331_dig6,20260902-025331,6,C:\Users\josep\source\repos\AIOTED-digital-rawdigits\20260902\02\7_main_dig6_20260902-025331.jpg,6,flash,75.13,reading_est 58646; model saw 7; ambiguous,model_disagrees,,1
night_err,20260928-051441_dig6,20260928-051441,6,C:\Users\josep\source\repos\AIOTED-digital-rawdigits\20260928\05\3_main_dig6_20260928-051441.jpg,6,flash,79.16,reading_est 59366; model saw 3; ambiguous,model_disagrees,,1
night_err,20260904-053506_dig6,20260904-053506,6,C:\Users\josep\source\repos\AIOTED-digital-rawdigits\20260904\05\5_main_dig6_20260904-053506.jpg,6,flash,74.87,reading_est 58726; model saw 5; disagree,model_disagrees,,1
night_err,20260913-012857_dig6,20260913-012857,6,C:\Users\josep\source\repos\AIOTED-digital-rawdigits\20260913\01\0_main_dig6_20260913-012857.jpg,6,flash,77.86,reading_est 59036; skip-host run; model saw 0; ambiguous,model_disagrees,,1
night_err,20260905-045058_dig6,20260905-045058,6,C:\Users\josep\source\repos\AIOTED-digital-rawdigits\20260905\04\3_main_dig6_20260905-045058.jpg,6,flash,77.87,reading_est 58766; model saw 3; ambiguous,model_disagrees,,1
night_err,20260819-030557_dig6,20260819-030557,6,C:\Users\josep\source\repos\AIOTED-digital-rawdigits\20260819\03\5_main_dig6_20260819-030557.jpg,6,flash,76.91,reading_est 58136; model saw 5; disagree,model_disagrees,,1
night_err,20260903-221907_dig6,20260903-221907,6,C:\Users\josep\source\repos\AIOTED-digital-rawdigits\20260903\22\1_main_dig6_20260903-221907.jpg,6,flash,76.12,reading_est 58716; skip-host run; model saw 1; ambiguous,model_disagrees,,1
night_err,20260830-225735_dig6,20260830-225735,6,C:\Users\josep\source\repos\AIOTED-digital-rawdigits\20260830\22\7_main_dig6_20260830-225735.jpg,6,flash,75.16,reading_est 58546; skip-host run; model saw 7; ambiguous,model_disagrees,,1
night_err,20260927-045414_dig6,20260927-045414,6,C:\Users\josep\source\repos\AIOTED-digital-rawdigits\20260927\04\4_main_dig6_20260927-045414.jpg,6,flash,77.87,reading_est 59346; model saw 4; ambiguous,model_disagrees,,1
night_err,20260822-233349_dig6,20260822-233349,6,C:\Users\josep\source\repos\AIOTED-digital-rawdigits\20260822\23\5_main_dig6_20260822-233349.jpg,6,flash,75.91,reading_est 58276; model saw 5; ambiguous,model_disagrees,,1
night_err,20260915-221335_dig6,20260915-221335,6,C:\Users\josep\source\repos\AIOTED-digital-rawdigits\20260915\22\5_main_dig6_20260915-221335.jpg,6,flash,78.17,reading_est 59106; skip-host run; model saw 5; ambiguous,model_disagrees,,1
night_err,20260910-204000_dig6,20260910-204000,6,C:\Users\josep\source\repos\AIOTED-digital-rawdigits\20260910\20\0_main_dig6_20260910-204000.jpg,6,flash,76.82,reading_est 58966; skip-host run; model saw 0; ambiguous,model_disagrees,,1
night_err,20260902-014531_dig6,20260902-014531,6,C:\Users\josep\source\repos\AIOTED-digital-rawdigits\20260902\01\5_main_dig6_20260902-014531.jpg,6,flash,74.22,reading_est 58646; model saw 5; ambiguous,model_disagrees,,1
night_err,20260928-055441_dig6,20260928-055441,6,C:\Users\josep\source\repos\AIOTED-digital-rawdigits\20260928\05\4_main_dig6_20260928-055441.jpg,6,flash,79.17,reading_est 59366; model saw 4; ambiguous,model_disagrees,,1
night_err,20260913-020857_dig6,20260913-020857,6,C:\Users\josep\source\repos\AIOTED-digital-rawdigits\20260913\02\8_main_dig6_20260913-020857.jpg,6,flash,77.78,reading_est 59036; skip-host run; model saw 8; ambiguous,model_disagrees,,1
night_err,20260903-045108_dig6,20260903-045108,6,C:\Users\josep\source\repos\AIOTED-digital-rawdigits\20260903\04\1_main_dig6_20260903-045108.jpg,6,flash,75.19,reading_est 58686; model saw 1; ambiguous,model_disagrees,,1
night_err,20260830-230935_dig6,20260830-230935,6,C:\Users\josep\source\repos\AIOTED-digital-rawdigits\20260830\23\9_main_dig6_20260830-230935.jpg,6,flash,75.13,reading_est 58546; skip-host run; model saw 9; ambiguous,model_disagrees,,1
night_err,20260927-065414_dig6,20260927-065414,6,C:\Users\josep\source\repos\AIOTED-digital-rawdigits\20260927\06\5_main_dig6_20260927-065414.jpg,6,flash,79.22,reading_est 59346; model saw 5; ambiguous,model_disagrees,,1
night_err,20260822-232549_dig6,20260822-232549,6,C:\Users\josep\source\repos\AIOTED-digital-rawdigits\20260822\23\5_main_dig6_20260822-232549.jpg,6,flash,76.13,reading_est 58276; model saw 5; ambiguous,model_disagrees,,1
night_err,20260915-224535_dig6,20260915-224535,6,C:\Users\josep\source\repos\AIOTED-digital-rawdigits\20260915\22\5_main_dig6_20260915-224535.jpg,6,flash,77.62,reading_est 59106; skip-host run; model saw 5; ambiguous,model_disagrees,,1
night_err,20260910-202000_dig6,20260910-202000,6,C:\Users\josep\source\repos\AIOTED-digital-rawdigits\20260910\20\0_main_dig6_20260910-202000.jpg,6,flash,77.08,reading_est 58966; skip-host run; model saw 0; ambiguous,model_disagrees,,1
night_err,20260902-031731_dig6,20260902-031731,6,C:\Users\josep\source\repos\AIOTED-digital-rawdigits\20260902\03\0_main_dig6_20260902-031731.jpg,6,flash,75.17,reading_est 58646; model saw 0; ambiguous,model_disagrees,,1
night_err,20260928-050641_dig6,20260928-050641,6,C:\Users\josep\source\repos\AIOTED-digital-rawdigits\20260928\05\3_main_dig6_20260928-050641.jpg,6,flash,79.17,reading_est 59366; model saw 3; ambiguous,model_disagrees,,1
night_err,20260913-022857_dig6,20260913-022857,6,C:\Users\josep\source\repos\AIOTED-digital-rawdigits\20260913\02\8_main_dig6_20260913-022857.jpg,6,flash,77.74,reading_est 59036; skip-host run; model saw 8; ambiguous,model_disagrees,,1
night_err,20260903-051108_dig6,20260903-051108,6,C:\Users\josep\source\repos\AIOTED-digital-rawdigits\20260903\05\1_main_dig6_20260903-051108.jpg,6,flash,74.77,reading_est 58686; model saw 1; ambiguous,model_disagrees,,1
night_err,20260830-224935_dig6,20260830-224935,6,C:\Users\josep\source\repos\AIOTED-digital-rawdigits\20260830\22\1_main_dig6_20260830-224935.jpg,6,flash,75.19,reading_est 58546; skip-host run; model saw 1; ambiguous,model_disagrees,,1
night_err,20260927-013414_dig6,20260927-013414,6,C:\Users\josep\source\repos\AIOTED-digital-rawdigits\20260927\01\2_main_dig6_20260927-013414.jpg,6,flash,77.91,reading_est 59346; model saw 2; ambiguous,model_disagrees,,1
night_err,20260822-231349_dig6,20260822-231349,6,C:\Users\josep\source\repos\AIOTED-digital-rawdigits\20260822\23\5_main_dig6_20260822-231349.jpg,6,flash,76.10,reading_est 58276; model saw 5; ambiguous,model_disagrees,,1
night_err,20260915-223335_dig6,20260915-223335,6,C:\Users\josep\source\repos\AIOTED-digital-rawdigits\20260915\22\5_main_dig6_20260915-223335.jpg,6,flash,78.19,reading_est 59106; skip-host run; model saw 5; ambiguous,model_disagrees,,1
night_err,20260902-031331_dig6,20260902-031331,6,C:\Users\josep\source\repos\AIOTED-digital-rawdigits\20260902\03\0_main_dig6_20260902-031331.jpg,6,flash,76.10,reading_est 58646; model saw 0; ambiguous,model_disagrees,,1
night_err,20260928-052641_dig6,20260928-052641,6,C:\Users\josep\source\repos\AIOTED-digital-rawdigits\20260928\05\0_main_dig6_20260928-052641.jpg,6,flash,79.17,reading_est 59366; model saw 0; ambiguous,model_disagrees,,1
night_err,20260913-014057_dig6,20260913-014057,6,C:\Users\josep\source\repos\AIOTED-digital-rawdigits\20260913\01\0_main_dig6_20260913-014057.jpg,6,flash,77.86,reading_est 59036; skip-host run; model saw 0; ambiguous,model_disagrees,,1
night_err,20260903-050308_dig6,20260903-050308,6,C:\Users\josep\source\repos\AIOTED-digital-rawdigits\20260903\05\1_main_dig6_20260903-050308.jpg,6,flash,76.12,reading_est 58686; model saw 1; ambiguous,model_disagrees,,1
night_err,20260927-012614_dig6,20260927-012614,6,C:\Users\josep\source\repos\AIOTED-digital-rawdigits\20260927\01\2_main_dig6_20260927-012614.jpg,6,flash,78.00,reading_est 59346; model saw 2; ambiguous,model_disagrees,,1
night_err,20260822-230549_dig6,20260822-230549,6,C:\Users\josep\source\repos\AIOTED-digital-rawdigits\20260822\23\5_main_dig6_20260822-230549.jpg,6,flash,76.17,reading_est 58276; model saw 5; ambiguous,model_disagrees,,1
night_err,20260902-024531_dig6,20260902-024531,6,C:\Users\josep\source\repos\AIOTED-digital-rawdigits\20260902\02\7_main_dig6_20260902-024531.jpg,6,flash,75.17,reading_est 58646; model saw 7; ambiguous,model_disagrees,,1
night_err,20260928-065441_dig6,20260928-065441,6,C:\Users\josep\source\repos\AIOTED-digital-rawdigits\20260928\06\4_main_dig6_20260928-065441.jpg,6,flash,80.22,reading_est 59366; model saw 4; ambiguous,model_disagrees,,1
night_err,20260913-011257_dig6,20260913-011257,6,C:\Users\josep\source\repos\AIOTED-digital-rawdigits\20260913\01\0_main_dig6_20260913-011257.jpg,6,flash,77.81,reading_est 59036; skip-host run; model saw 0; ambiguous,model_disagrees,,1
night_err,20260903-220707_dig6,20260903-220707,6,C:\Users\josep\source\repos\AIOTED-digital-rawdigits\20260903\22\1_main_dig6_20260903-220707.jpg,6,flash,76.12,reading_est 58716; skip-host run; model saw 1; ambiguous,model_disagrees,,1
night_err,20260927-043414_dig6,20260927-043414,6,C:\Users\josep\source\repos\AIOTED-digital-rawdigits\20260927\04\4_main_dig6_20260927-043414.jpg,6,flash,78.84,reading_est 59346; model saw 4; ambiguous,model_disagrees,,1
night_err,20260902-013731_dig6,20260902-013731,6,C:\Users\josep\source\repos\AIOTED-digital-rawdigits\20260902\01\5_main_dig6_20260902-013731.jpg,6,flash,74.23,reading_est 58646; model saw 5; ambiguous,model_disagrees,,1
night_err,20260928-062641_dig6,20260928-062641,6,C:\Users\josep\source\repos\AIOTED-digital-rawdigits\20260928\06\4_main_dig6_20260928-062641.jpg,6,flash,79.17,reading_est 59366; model saw 4; ambiguous,model_disagrees,,1
night_err,20260913-010057_dig6,20260913-010057,6,C:\Users\josep\source\repos\AIOTED-digital-rawdigits\20260913\01\0_main_dig6_20260913-010057.jpg,6,flash,77.87,reading_est 59036; skip-host run; model saw 0; ambiguous,model_disagrees,,1
night_err,20260903-052308_dig6,20260903-052308,6,C:\Users\josep\source\repos\AIOTED-digital-rawdigits\20260903\05\1_main_dig6_20260903-052308.jpg,6,flash,75.29,reading_est 58686; model saw 1; ambiguous,model_disagrees,,1
night_err,20260927-055414_dig6,20260927-055414,6,C:\Users\josep\source\repos\AIOTED-digital-rawdigits\20260927\05\4_main_dig6_20260927-055414.jpg,6,flash,77.91,reading_est 59346; model saw 4; ambiguous,model_disagrees,,1
night_err,20260902-033331_dig6,20260902-033331,6,C:\Users\josep\source\repos\AIOTED-digital-rawdigits\20260902\03\0_main_dig6_20260902-033331.jpg,6,flash,74.17,reading_est 58646; model saw 0; ambiguous,model_disagrees,,1
night_err,20260928-064641_dig6,20260928-064641,6,C:\Users\josep\source\repos\AIOTED-digital-rawdigits\20260928\06\4_main_dig6_20260928-064641.jpg,6,flash,79.17,reading_est 59366; model saw 4; ambiguous,model_disagrees,,1
night_err,20260913-020057_dig6,20260913-020057,6,C:\Users\josep\source\repos\AIOTED-digital-rawdigits\20260913\02\8_main_dig6_20260913-020057.jpg,6,flash,78.08,reading_est 59036; skip-host run; model saw 8; ambiguous,model_disagrees,,1
night_err,20260903-222707_dig6,20260903-222707,6,C:\Users\josep\source\repos\AIOTED-digital-rawdigits\20260903\22\1_main_dig6_20260903-222707.jpg,6,flash,76.17,reading_est 58716; skip-host run; model saw 1; ambiguous,model_disagrees,,1
night_err,20260927-042214_dig6,20260927-042214,6,C:\Users\josep\source\repos\AIOTED-digital-rawdigits\20260927\04\4_main_dig6_20260927-042214.jpg,6,flash,78.86,reading_est 59346; model saw 4; ambiguous,model_disagrees,,1
night_err,20260902-023731_dig6,20260902-023731,6,C:\Users\josep\source\repos\AIOTED-digital-rawdigits\20260902\02\1_main_dig6_20260902-023731.jpg,6,flash,74.05,reading_est 58646; model saw 1; ambiguous,model_disagrees,,1
night_err,20260928-061441_dig6,20260928-061441,6,C:\Users\josep\source\repos\AIOTED-digital-rawdigits\20260928\06\4_main_dig6_20260928-061441.jpg,6,flash,79.17,reading_est 59366; model saw 4; ambiguous,model_disagrees,,1
night_err,20260913-024057_dig6,20260913-024057,6,C:\Users\josep\source\repos\AIOTED-digital-rawdigits\20260913\02\0_main_dig6_20260913-024057.jpg,6,flash,78.08,reading_est 59036; skip-host run; model saw 0; ambiguous,model_disagrees,,1
night_err,20260903-215907_dig6,20260903-215907,6,C:\Users\josep\source\repos\AIOTED-digital-rawdigits\20260903\21\1_main_dig6_20260903-215907.jpg,6,flash,76.12,reading_est 58716; skip-host run; model saw 1; ambiguous,model_disagrees,,1
night_err,20260928-070641_dig6,20260928-070641,6,C:\Users\josep\source\repos\AIOTED-digital-rawdigits\20260928\07\5_main_dig6_20260928-070641.jpg,6,transition,82.12,reading_est 59366; model saw 5; ambiguous,model_disagrees,,1
night_err,20260928-072641_dig6,20260928-072641,6,C:\Users\josep\source\repos\AIOTED-digital-rawdigits\20260928\07\5_main_dig6_20260928-072641.jpg,6,transition,86.24,reading_est 59366; model saw 5; ambiguous,model_disagrees,,1
night_err,20260904-055506_dig5,20260904-055506,5,C:\Users\josep\source\repos\AIOTED-digital-rawdigits\20260904\05\8_main_dig5_20260904-055506.jpg,2,flash,75.94,reading_est 58726; model saw 8; disagree,model_disagrees,,1
night_err,20260904-061506_dig5,20260904-061506,5,C:\Users\josep\source\repos\AIOTED-digital-rawdigits\20260904\06\8_main_dig5_20260904-061506.jpg,2,flash,76.17,reading_est 58726; model saw 8; disagree,model_disagrees,,1
night_err,20260904-062306_dig5,20260904-062306,5,C:\Users\josep\source\repos\AIOTED-digital-rawdigits\20260904\06\8_main_dig5_20260904-062306.jpg,2,flash,76.10,reading_est 58726; model saw 8; disagree,model_disagrees,,1
night_err,20260904-063506_dig5,20260904-063506,5,C:\Users\josep\source\repos\AIOTED-digital-rawdigits\20260904\06\8_main_dig5_20260904-063506.jpg,2,flash,75.83,reading_est 58726; model saw 8; disagree,model_disagrees,,1
night_err,20260904-064706_dig5,20260904-064706,5,C:\Users\josep\source\repos\AIOTED-digital-rawdigits\20260904\06\10_main_dig5_20260904-064706.jpg,2,flash,75.81,reading_est 58726; model saw N; disagree,model_disagrees,,1
night_err,20260904-065506_dig5,20260904-065506,5,C:\Users\josep\source\repos\AIOTED-digital-rawdigits\20260904\06\10_main_dig5_20260904-065506.jpg,2,flash,75.94,reading_est 58726; model saw N; disagree,model_disagrees,,1
night_err,20260904-070306_dig5,20260904-070306,5,C:\Users\josep\source\repos\AIOTED-digital-rawdigits\20260904\07\8_main_dig5_20260904-070306.jpg,2,flash,76.17,reading_est 58727; model saw 8; disagree,model_disagrees,,1
night_err,20260904-070706_dig5,20260904-070706,5,C:\Users\josep\source\repos\AIOTED-digital-rawdigits\20260904\07\8_main_dig5_20260904-070706.jpg,2,flash,76.16,reading_est 58727; model saw 8; disagree,model_disagrees,,1
night_err,20260904-221458_dig5,20260904-221458,5,C:\Users\josep\source\repos\AIOTED-digital-rawdigits\20260904\22\6_main_dig5_20260904-221458.jpg,5,flash,76.85,reading_est 58759; model saw 6; ambiguous,model_disagrees,,1
night_err,20260904-083106_dig4,20260904-083106,4,C:\Users\josep\source\repos\AIOTED-digital-rawdigits\20260904\08\6_main_dig4_20260904-083106.jpg,8,flash,76.90,screen test8; model saw 6; disagree,model_disagrees,,0
night_err,20260824-170946_dig4,20260824-170946,4,C:\Users\josep\source\repos\AIOTED-digital-rawdigits\20260824\17\6_main_dig4_20260824-170946.jpg,8,transition,92.06,screen test8; model saw 6; disagree,model_disagrees,,0
night_err,20260904-093105_dig4,20260904-093105,4,C:\Users\josep\source\repos\AIOTED-digital-rawdigits\20260904\09\6_main_dig4_20260904-093105.jpg,8,transition,82.36,screen test8; model saw 6; disagree,model_disagrees,,0
night_err,20260826-010544_dig6,20260826-010544,6,C:\Users\josep\source\repos\AIOTED-digital-rawdigits\20260826\01\3_main_dig6_20260826-010544.jpg,7,flash,76.94,reading_est 58377; model saw 3; ambiguous,model_disagrees,,1
night_err,20260819-055356_dig6,20260819-055356,6,C:\Users\josep\source\repos\AIOTED-digital-rawdigits\20260819\05\9_main_dig6_20260819-055356.jpg,7,flash,77.94,reading_est 58137; model saw 9; ambiguous,model_disagrees,,1
night_err,20260910-002318_dig6,20260910-002318,6,C:\Users\josep\source\repos\AIOTED-digital-rawdigits\20260910\00\9_main_dig6_20260910-002318.jpg,7,flash,78.10,reading_est 58937; model saw 9; ambiguous,model_disagrees,,1
night_err,20260906-223124_dig6,20260906-223124,6,C:\Users\josep\source\repos\AIOTED-digital-rawdigits\20260906\22\0_main_dig6_20260906-223124.jpg,7,flash,77.78,reading_est 58827; model saw 0; ambiguous,model_disagrees,,1
night_err,20260912-022028_dig6,20260912-022028,6,C:\Users\josep\source\repos\AIOTED-digital-rawdigits\20260912\02\0_main_dig6_20260912-022028.jpg,7,flash,77.86,reading_est 59006; skip 59006->59008: inferred 59007 (lower run); model saw 0; ambiguous,model_disagrees,,1
night_err,20260918-182930_dig6,20260918-182930,6,C:\Users\josep\source\repos\AIOTED-digital-rawdigits\20260918\18\0_main_dig6_20260918-182930.jpg,7,flash,77.87,reading_est 59167; model saw 0; ambiguous,model_disagrees,,1
night_err,20260920-061728_dig6,20260920-061728,6,C:\Users\josep\source\repos\AIOTED-digital-rawdigits\20260920\06\0_main_dig6_20260920-061728.jpg,7,flash,78.93,reading_est 59197; model saw 0; ambiguous,model_disagrees,,1
night_err,20260908-235921_dig6,20260908-235921,6,C:\Users\josep\source\repos\AIOTED-digital-rawdigits\20260908\23\6_main_dig6_20260908-235921.jpg,7,flash,77.81,reading_est 58897; model saw 6; ambiguous,model_disagrees,,1
night_err,20260924-222618_dig6,20260924-222618,6,C:\Users\josep\source\repos\AIOTED-digital-rawdigits\20260924\22\0_main_dig6_20260924-222618.jpg,7,flash,78.17,reading_est 59297; model saw 0; ambiguous,model_disagrees,,1
night_err,20260922-005725_dig6,20260922-005725,6,C:\Users\josep\source\repos\AIOTED-digital-rawdigits\20260922\00\0_main_dig6_20260922-005725.jpg,7,flash,78.17,reading_est 59237; model saw 0; ambiguous,model_disagrees,,1
night_err,20260904-070706_dig6,20260904-070706,6,C:\Users\josep\source\repos\AIOTED-digital-rawdigits\20260904\07\0_main_dig6_20260904-070706.jpg,7,flash,76.16,reading_est 58727; model saw 0; ambiguous,model_disagrees,,1
night_err,20260905-051058_dig6,20260905-051058,6,C:\Users\josep\source\repos\AIOTED-digital-rawdigits\20260905\05\3_main_dig6_20260905-051058.jpg,7,flash,77.16,reading_est 58767; model saw 3; ambiguous,model_disagrees,,1
night_err,20260902-064710_dig6,20260902-064710,6,C:\Users\josep\source\repos\AIOTED-digital-rawdigits\20260902\06\5_main_dig6_20260902-064710.jpg,7,flash,78.97,reading_est 58647; model saw 5; ambiguous,model_disagrees,,1
night_err,20260913-224539_dig6,20260913-224539,6,C:\Users\josep\source\repos\AIOTED-digital-rawdigits\20260913\22\0_main_dig6_20260913-224539.jpg,7,flash,77.09,reading_est 59058; skip 59056->59058: inferred 59057 (upper run); model saw 0; ambiguous,model_disagrees,,1
night_err,20260817-031800_dig6,20260817-031800,6,C:\Users\josep\source\repos\AIOTED-digital-rawdigits\20260817\03\9_main_dig6_20260817-031800.jpg,7,flash,76.06,reading_est 58057; model saw 9; ambiguous,model_disagrees,,1
night_err,20260921-053326_dig6,20260921-053326,6,C:\Users\josep\source\repos\AIOTED-digital-rawdigits\20260921\05\0_main_dig6_20260921-053326.jpg,7,flash,78.10,reading_est 59217; model saw 0; ambiguous,model_disagrees,,1
night_err,20260821-085352_dig6,20260821-085352,6,C:\Users\josep\source\repos\AIOTED-digital-rawdigits\20260821\08\9_main_dig6_20260821-085352.jpg,7,flash,78.94,reading_est 58217; model saw 9; ambiguous,model_disagrees,,1
night_err,20260917-221332_dig6,20260917-221332,6,C:\Users\josep\source\repos\AIOTED-digital-rawdigits\20260917\22\6_main_dig6_20260917-221332.jpg,7,flash,78.80,reading_est 59146; skip 59146->59148: inferred 59147 (lower run); model saw 6; agree_soft,model_disagrees,,1
night_err,20260928-185040_dig6,20260928-185040,6,C:\Users\josep\source\repos\AIOTED-digital-rawdigits\20260928\18\0_main_dig6_20260928-185040.jpg,7,flash,77.91,reading_est 59377; model saw 0; ambiguous,model_disagrees,,1
night_err,20260826-003744_dig6,20260826-003744,6,C:\Users\josep\source\repos\AIOTED-digital-rawdigits\20260826\00\9_main_dig6_20260826-003744.jpg,7,flash,76.17,reading_est 58377; model saw 9; ambiguous,model_disagrees,,1
night_err,20260910-000319_dig6,20260910-000319,6,C:\Users\josep\source\repos\AIOTED-digital-rawdigits\20260910\00\0_main_dig6_20260910-000319.jpg,7,flash,76.87,reading_est 58937; model saw 0; ambiguous,model_disagrees,,1
night_err,20260906-213924_dig6,20260906-213924,6,C:\Users\josep\source\repos\AIOTED-digital-rawdigits\20260906\21\0_main_dig6_20260906-213924.jpg,7,flash,77.86,reading_est 58827; model saw 0; ambiguous,model_disagrees,,1
night_err,20260912-014028_dig6,20260912-014028,6,C:\Users\josep\source\repos\AIOTED-digital-rawdigits\20260912\01\0_main_dig6_20260912-014028.jpg,7,flash,77.87,reading_est 59006; skip 59006->59008: inferred 59007 (lower run); model saw 0; ambiguous,model_disagrees,,1
night_err,20260918-185730_dig6,20260918-185730,6,C:\Users\josep\source\repos\AIOTED-digital-rawdigits\20260918\18\0_main_dig6_20260918-185730.jpg,7,flash,77.17,reading_est 59167; model saw 0; ambiguous,model_disagrees,,1
night_err,20260920-062928_dig6,20260920-062928,6,C:\Users\josep\source\repos\AIOTED-digital-rawdigits\20260920\06\0_main_dig6_20260920-062928.jpg,7,flash,78.17,reading_est 59197; model saw 0; ambiguous,model_disagrees,,1
night_err,20260908-195921_dig6,20260908-195921,6,C:\Users\josep\source\repos\AIOTED-digital-rawdigits\20260908\19\1_main_dig6_20260908-195921.jpg,7,flash,77.31,reading_est 58897; model saw 1; ambiguous,model_disagrees,,1
night_err,20260924-233818_dig6,20260924-233818,6,C:\Users\josep\source\repos\AIOTED-digital-rawdigits\20260924\23\0_main_dig6_20260924-233818.jpg,7,flash,78.17,reading_est 59297; model saw 0; ambiguous,model_disagrees,,1
night_err,20260922-000925_dig6,20260922-000925,6,C:\Users\josep\source\repos\AIOTED-digital-rawdigits\20260922\00\0_main_dig6_20260922-000925.jpg,7,flash,78.08,reading_est 59237; model saw 0; ambiguous,model_disagrees,,1
night_err,20260905-052258_dig6,20260905-052258,6,C:\Users\josep\source\repos\AIOTED-digital-rawdigits\20260905\05\3_main_dig6_20260905-052258.jpg,7,flash,77.08,reading_est 58767; model saw 3; ambiguous,model_disagrees,,1
night_err,20260902-193509_dig6,20260902-193509,6,C:\Users\josep\source\repos\AIOTED-digital-rawdigits\20260902\19\5_main_dig6_20260902-193509.jpg,7,flash,75.10,reading_est 58678; skip 58676->58678: inferred 58677 (upper run); model saw 5; ambiguous,model_disagrees,,1
night_err,20260913-221739_dig6,20260913-221739,6,C:\Users\josep\source\repos\AIOTED-digital-rawdigits\20260913\22\0_main_dig6_20260913-221739.jpg,7,flash,77.17,reading_est 59058; skip 59056->59058: inferred 59057 (upper run); model saw 0; ambiguous,model_disagrees,,1
night_err,20260817-033000_dig6,20260817-033000,6,C:\Users\josep\source\repos\AIOTED-digital-rawdigits\20260817\03\9_main_dig6_20260817-033000.jpg,7,flash,76.13,reading_est 58057; model saw 9; ambiguous,model_disagrees,,1
night_err,20260921-054526_dig6,20260921-054526,6,C:\Users\josep\source\repos\AIOTED-digital-rawdigits\20260921\05\0_main_dig6_20260921-054526.jpg,7,flash,78.10,reading_est 59217; model saw 0; ambiguous,model_disagrees,,1
night_err,20260917-224531_dig6,20260917-224531,6,C:\Users\josep\source\repos\AIOTED-digital-rawdigits\20260917\22\6_main_dig6_20260917-224531.jpg,7,flash,78.17,reading_est 59146; skip 59146->59148: inferred 59147 (lower run); model saw 6; agree_soft,model_disagrees,,1
night_err,20260928-184240_dig6,20260928-184240,6,C:\Users\josep\source\repos\AIOTED-digital-rawdigits\20260928\18\3_main_dig6_20260928-184240.jpg,7,flash,78.12,reading_est 59377; model saw 3; ambiguous,model_disagrees,,1
night_err,20260826-011744_dig6,20260826-011744,6,C:\Users\josep\source\repos\AIOTED-digital-rawdigits\20260826\01\9_main_dig6_20260826-011744.jpg,7,flash,76.85,reading_est 58377; model saw 9; ambiguous,model_disagrees,,1
night_err,20260910-212000_dig6,20260910-212000,6,C:\Users\josep\source\repos\AIOTED-digital-rawdigits\20260910\21\0_main_dig6_20260910-212000.jpg,7,flash,78.10,reading_est 58967; model saw 0; disagree,model_disagrees,,1
night_err,20260906-215924_dig6,20260906-215924,6,C:\Users\josep\source\repos\AIOTED-digital-rawdigits\20260906\21\0_main_dig6_20260906-215924.jpg,7,flash,77.86,reading_est 58827; model saw 0; ambiguous,model_disagrees,,1
night_err,20260912-012828_dig6,20260912-012828,6,C:\Users\josep\source\repos\AIOTED-digital-rawdigits\20260912\01\0_main_dig6_20260912-012828.jpg,7,flash,77.86,reading_est 59006; skip 59006->59008: inferred 59007 (lower run); model saw 0; ambiguous,model_disagrees,,1
night_err,20260918-190930_dig6,20260918-190930,6,C:\Users\josep\source\repos\AIOTED-digital-rawdigits\20260918\19\0_main_dig6_20260918-190930.jpg,7,flash,77.10,reading_est 59167; model saw 0; ambiguous,model_disagrees,,1
night_err,20260920-063728_dig6,20260920-063728,6,C:\Users\josep\source\repos\AIOTED-digital-rawdigits\20260920\06\0_main_dig6_20260920-063728.jpg,7,flash,79.07,reading_est 59197; model saw 0; ambiguous,model_disagrees,,1
night_err,20260908-024322_dig6,20260908-024322,6,C:\Users\josep\source\repos\AIOTED-digital-rawdigits\20260908\02\0_main_dig6_20260908-024322.jpg,7,flash,77.17,reading_est 58867; model saw 0; ambiguous,model_disagrees,,1
night_err,20260924-225818_dig6,20260924-225818,6,C:\Users\josep\source\repos\AIOTED-digital-rawdigits\20260924\22\0_main_dig6_20260924-225818.jpg,7,flash,77.10,reading_est 59297; model saw 0; ambiguous,model_disagrees,,1
night_err,20260922-003725_dig6,20260922-003725,6,C:\Users\josep\source\repos\AIOTED-digital-rawdigits\20260922\00\3_main_dig6_20260922-003725.jpg,7,flash,78.13,reading_est 59237; model saw 3; ambiguous,model_disagrees,,1
night_err,20260902-194309_dig6,20260902-194309,6,C:\Users\josep\source\repos\AIOTED-digital-rawdigits\20260902\19\6_main_dig6_20260902-194309.jpg,7,flash,74.29,reading_est 58678; skip 58676->58678: inferred 58677 (upper run); model saw 6; ambiguous,model_disagrees,,1
night_err,20260913-232539_dig6,20260913-232539,6,C:\Users\josep\source\repos\AIOTED-digital-rawdigits\20260913\23\0_main_dig6_20260913-232539.jpg,7,flash,76.93,reading_est 59058; skip 59056->59058: inferred 59057 (upper run); model saw 0; ambiguous,model_disagrees,,1
night_err,20260921-052526_dig6,20260921-052526,6,C:\Users\josep\source\repos\AIOTED-digital-rawdigits\20260921\05\0_main_dig6_20260921-052526.jpg,7,flash,78.13,reading_est 59217; model saw 0; ambiguous,model_disagrees,,1
night_err,20260917-214532_dig6,20260917-214532,6,C:\Users\josep\source\repos\AIOTED-digital-rawdigits\20260917\21\6_main_dig6_20260917-214532.jpg,7,flash,77.87,reading_est 59146; skip 59146->59148: inferred 59147 (lower run); model saw 6; agree_soft,model_disagrees,,1
night_err,20260910-214000_dig6,20260910-214000,6,C:\Users\josep\source\repos\AIOTED-digital-rawdigits\20260910\21\6_main_dig6_20260910-214000.jpg,7,flash,77.81,reading_est 58967; model saw 6; ambiguous,model_disagrees,,1
night_err,20260906-213124_dig6,20260906-213124,6,C:\Users\josep\source\repos\AIOTED-digital-rawdigits\20260906\21\0_main_dig6_20260906-213124.jpg,7,flash,77.31,reading_est 58827; model saw 0; ambiguous,model_disagrees,,1
night_err,20260912-014828_dig6,20260912-014828,6,C:\Users\josep\source\repos\AIOTED-digital-rawdigits\20260912\01\0_main_dig6_20260912-014828.jpg,7,flash,77.87,reading_est 59006; skip 59006->59008: inferred 59007 (lower run); model saw 0; ambiguous,model_disagrees,,1
night_err,20260918-191730_dig6,20260918-191730,6,C:\Users\josep\source\repos\AIOTED-digital-rawdigits\20260918\19\0_main_dig6_20260918-191730.jpg,7,flash,77.10,reading_est 59167; model saw 0; ambiguous,model_disagrees,,1
night_err,20260920-062128_dig6,20260920-062128,6,C:\Users\josep\source\repos\AIOTED-digital-rawdigits\20260920\06\0_main_dig6_20260920-062128.jpg,7,flash,78.17,reading_est 59197; model saw 0; ambiguous,model_disagrees,,1
night_err,20260908-023522_dig6,20260908-023522,6,C:\Users\josep\source\repos\AIOTED-digital-rawdigits\20260908\02\0_main_dig6_20260908-023522.jpg,7,flash,77.17,reading_est 58867; model saw 0; ambiguous,model_disagrees,,1
night_err,20260924-215818_dig6,20260924-215818,6,C:\Users\josep\source\repos\AIOTED-digital-rawdigits\20260924\21\0_main_dig6_20260924-215818.jpg,7,flash,78.08,reading_est 59297; model saw 0; ambiguous,model_disagrees,,1
night_err,20260922-004925_dig6,20260922-004925,6,C:\Users\josep\source\repos\AIOTED-digital-rawdigits\20260922\00\0_main_dig6_20260922-004925.jpg,7,flash,78.12,reading_est 59237; model saw 0; ambiguous,model_disagrees,,1
night_err,20260913-222539_dig6,20260913-222539,6,C:\Users\josep\source\repos\AIOTED-digital-rawdigits\20260913\22\0_main_dig6_20260913-222539.jpg,7,flash,77.17,reading_est 59058; skip 59056->59058: inferred 59057 (upper run); model saw 0; ambiguous,model_disagrees,,1
night_err,20260921-045326_dig6,20260921-045326,6,C:\Users\josep\source\repos\AIOTED-digital-rawdigits\20260921\04\0_main_dig6_20260921-045326.jpg,7,flash,77.86,reading_est 59217; model saw 0; ambiguous,model_disagrees,,1
night_err,20260917-205332_dig6,20260917-205332,6,C:\Users\josep\source\repos\AIOTED-digital-rawdigits\20260917\20\0_main_dig6_20260917-205332.jpg,7,flash,78.81,reading_est 59146; skip 59146->59148: inferred 59147 (lower run); model saw 0; ambiguous,model_disagrees,,1
night_err,20260910-005118_dig6,20260910-005118,6,C:\Users\josep\source\repos\AIOTED-digital-rawdigits\20260910\00\0_main_dig6_20260910-005118.jpg,7,flash,78.16,reading_est 58937; model saw 0; ambiguous,model_disagrees,,1
night_err,20260816-041802_dig2,20260816-041802,2,C:\Users\josep\source\repos\AIOTED-digital-rawdigits\20260816\04\8_main_dig2_20260816-041802.jpg,N,flash,77.23,dash screen; model saw 8; disagree,model_disagrees,,0
night_err,20260817-021401_dig2,20260817-021401,2,C:\Users\josep\source\repos\AIOTED-digital-rawdigits\20260817\02\8_main_dig2_20260817-021401.jpg,N,flash,78.10,dash screen; model saw 8; disagree,model_disagrees,,0
night_err,20260918-051731_dig2,20260918-051731,2,C:\Users\josep\source\repos\AIOTED-digital-rawdigits\20260918\05\8_main_dig2_20260918-051731.jpg,N,flash,78.22,dash screen; model saw 8; disagree,model_disagrees,,0
night_err,20260921-202525_dig2,20260921-202525,2,C:\Users\josep\source\repos\AIOTED-digital-rawdigits\20260921\20\8_main_dig2_20260921-202525.jpg,N,flash,78.13,dash screen; model saw 8; disagree,model_disagrees,,0
night_err,20260927-222242_dig2,20260927-222242,2,C:\Users\josep\source\repos\AIOTED-digital-rawdigits\20260927\22\8_main_dig2_20260927-222242.jpg,N,flash,80.22,dash screen; model saw 8; disagree,model_disagrees,,0
night_err,20260826-185742_dig2,20260826-185742,2,C:\Users\josep\source\repos\AIOTED-digital-rawdigits\20260826\18\5_main_dig2_20260826-185742.jpg,N,transition,81.25,dash screen; model saw 5; disagree,model_disagrees,,0
night_err,20260930-075837_dig2,20260930-075837,2,C:\Users\josep\source\repos\AIOTED-digital-rawdigits\20260930\07\8_main_dig2_20260930-075837.jpg,N,transition,88.12,dash screen; model saw 8; disagree,model_disagrees,,0
night_err,20260817-191759_dig2,20260817-191759,2,C:\Users\josep\source\repos\AIOTED-digital-rawdigits\20260817\19\8_main_dig2_20260817-191759.jpg,0,flash,78.96,screen test0; model saw 8; disagree,model_disagrees,,0
night_err,20260905-041458_dig2,20260905-041458,2,C:\Users\josep\source\repos\AIOTED-digital-rawdigits\20260905\04\8_main_dig2_20260905-041458.jpg,0,flash,76.62,screen test0; model saw 8; disagree,model_disagrees,,0
night_err,20260913-013257_dig2,20260913-013257,2,C:\Users\josep\source\repos\AIOTED-digital-rawdigits\20260913\01\5_main_dig2_20260913-013257.jpg,0,flash,77.84,screen test0; model saw 5; disagree,model_disagrees,,0
night_err,20260914-061738_dig2,20260914-061738,2,C:\Users\josep\source\repos\AIOTED-digital-rawdigits\20260914\06\5_main_dig2_20260914-061738.jpg,0,flash,77.07,screen test0; model saw 5; disagree,model_disagrees,,0
night_err,20260914-212937_dig2,20260914-212937,2,C:\Users\josep\source\repos\AIOTED-digital-rawdigits\20260914\21\5_main_dig2_20260914-212937.jpg,0,flash,76.13,screen test0; model saw 5; disagree,model_disagrees,,0
night_err,20260819-184555_dig2,20260819-184555,2,C:\Users\josep\source\repos\AIOTED-digital-rawdigits\20260819\18\8_main_dig2_20260819-184555.jpg,0,transition,82.16,screen test0; model saw 8; disagree,model_disagrees,,0
night_err,20260824-064947_dig2,20260824-064947,2,C:\Users\josep\source\repos\AIOTED-digital-rawdigits\20260824\06\8_main_dig2_20260824-064947.jpg,0,transition,83.20,screen test0; model saw 8; disagree,model_disagrees,,0
night_err,20260830-071336_dig2,20260830-071336,2,C:\Users\josep\source\repos\AIOTED-digital-rawdigits\20260830\07\5_main_dig2_20260830-071336.jpg,0,transition,90.93,screen test0; model saw 5; disagree,model_disagrees,,0
night_err,20260819-232155_dig5,20260819-232155,5,C:\Users\josep\source\repos\AIOTED-digital-rawdigits\20260819\23\3_main_dig5_20260819-232155.jpg,7,flash,76.81,reading_est 58171; model saw 3; ambiguous,model_disagrees,,1
night_err,20260919-055330_dig5,20260919-055330,5,C:\Users\josep\source\repos\AIOTED-digital-rawdigits\20260919\05\3_main_dig5_20260919-055330.jpg,7,flash,78.17,reading_est 59176; model saw 3; ambiguous,model_disagrees,,1
night_err,20260911-041600_dig5,20260911-041600,5,C:\Users\josep\source\repos\AIOTED-digital-rawdigits\20260911\04\3_main_dig5_20260911-041600.jpg,7,flash,77.18,reading_est 58972; model saw 3; disagree,model_disagrees,,1
night_err,20260918-225730_dig5,20260918-225730,5,C:\Users\josep\source\repos\AIOTED-digital-rawdigits\20260918\22\3_main_dig5_20260918-225730.jpg,7,flash,77.94,reading_est 59170; model saw 3; ambiguous,model_disagrees,,1
night_err,20260826-004544_dig5,20260826-004544,5,C:\Users\josep\source\repos\AIOTED-digital-rawdigits\20260826\00\3_main_dig5_20260826-004544.jpg,7,flash,75.86,reading_est 58377; model saw 3; ambiguous,model_disagrees,,1
night_err,20260914-181338_dig5,20260914-181338,5,C:\Users\josep\source\repos\AIOTED-digital-rawdigits\20260914\18\3_main_dig5_20260914-181338.jpg,7,flash,77.93,reading_est 59076; model saw 3; ambiguous,model_disagrees,,1
night_err,20260820-052155_dig5,20260820-052155,5,C:\Users\josep\source\repos\AIOTED-digital-rawdigits\20260820\05\3_main_dig5_20260820-052155.jpg,7,flash,77.94,reading_est 58176; model saw 3; disagree,model_disagrees,,1
night_err,20260902-200309_dig5,20260902-200309,5,C:\Users\josep\source\repos\AIOTED-digital-rawdigits\20260902\20\3_main_dig5_20260902-200309.jpg,7,flash,74.09,reading_est 58678; model saw 3; ambiguous,model_disagrees,,1
night_err,20260924-022550_dig5,20260924-022550,5,C:\Users\josep\source\repos\AIOTED-digital-rawdigits\20260924\02\3_main_dig5_20260924-022550.jpg,7,flash,78.17,reading_est 59279; model saw 3; ambiguous,model_disagrees,,1
night_err,20260823-022149_dig5,20260823-022149,5,C:\Users\josep\source\repos\AIOTED-digital-rawdigits\20260823\02\3_main_dig5_20260823-022149.jpg,7,flash,76.78,reading_est 58277; model saw 3; disagree,model_disagrees,,1
night_err,20260928-214240_dig5,20260928-214240,5,C:\Users\josep\source\repos\AIOTED-digital-rawdigits\20260928\21\0_main_dig5_20260928-214240.jpg,7,flash,78.93,reading_est 59379; model saw 0; ambiguous,model_disagrees,,1
night_err,20260822-233349_dig5,20260822-233349,5,C:\Users\josep\source\repos\AIOTED-digital-rawdigits\20260822\23\3_main_dig5_20260822-233349.jpg,7,flash,75.91,reading_est 58276; model saw 3; disagree,model_disagrees,,1
night_err,20260819-222955_dig5,20260819-222955,5,C:\Users\josep\source\repos\AIOTED-digital-rawdigits\20260819\22\3_main_dig5_20260819-222955.jpg,7,flash,76.17,reading_est 58170; model saw 3; ambiguous,model_disagrees,,1
night_err,20260919-050530_dig5,20260919-050530,5,C:\Users\josep\source\repos\AIOTED-digital-rawdigits\20260919\05\3_main_dig5_20260919-050530.jpg,7,flash,78.17,reading_est 59176; model saw 3; ambiguous,model_disagrees,,1
night_err,20260911-062800_dig5,20260911-062800,5,C:\Users\josep\source\repos\AIOTED-digital-rawdigits\20260911\06\3_main_dig5_20260911-062800.jpg,7,flash,77.94,reading_est 58974; model saw 3; disagree,model_disagrees,,1
night_err,20260918-195730_dig5,20260918-195730,5,C:\Users\josep\source\repos\AIOTED-digital-rawdigits\20260918\19\6_main_dig5_20260918-195730.jpg,7,flash,77.17,reading_est 59170; model saw 6; ambiguous,model_disagrees,,1
night_err,20260826-000544_dig5,20260826-000544,5,C:\Users\josep\source\repos\AIOTED-digital-rawdigits\20260826\00\3_main_dig5_20260826-000544.jpg,7,flash,76.00,reading_est 58376; model saw 3; disagree,model_disagrees,,1
night_err,20260914-183338_dig5,20260914-183338,5,C:\Users\josep\source\repos\AIOTED-digital-rawdigits\20260914\18\3_main_dig5_20260914-183338.jpg,7,flash,77.17,reading_est 59076; model saw 3; ambiguous,model_disagrees,,1
night_err,20260820-032155_dig5,20260820-032155,5,C:\Users\josep\source\repos\AIOTED-digital-rawdigits\20260820\03\3_main_dig5_20260820-032155.jpg,7,flash,77.94,reading_est 58173; model saw 3; disagree,model_disagrees,,1
night_err,20260902-194309_dig5,20260902-194309,5,C:\Users\josep\source\repos\AIOTED-digital-rawdigits\20260902\19\3_main_dig5_20260902-194309.jpg,7,flash,74.29,reading_est 58678; model saw 3; ambiguous,model_disagrees,,1
night_err,20260924-005350_dig5,20260924-005350,5,C:\Users\josep\source\repos\AIOTED-digital-rawdigits\20260924\00\3_main_dig5_20260924-005350.jpg,7,flash,78.16,reading_est 59279; model saw 3; ambiguous,model_disagrees,,1
night_err,20260823-043349_dig5,20260823-043349,5,C:\Users\josep\source\repos\AIOTED-digital-rawdigits\20260823\04\3_main_dig5_20260823-043349.jpg,7,flash,76.78,reading_est 58279; model saw 3; disagree,model_disagrees,,1
night_err,20260928-191040_dig5,20260928-191040,5,C:\Users\josep\source\repos\AIOTED-digital-rawdigits\20260928\19\3_main_dig5_20260928-191040.jpg,7,flash,78.62,reading_est 59378; model saw 3; disagree,model_disagrees,,1
night_err,20260822-223349_dig5,20260822-223349,5,C:\Users\josep\source\repos\AIOTED-digital-rawdigits\20260822\22\3_main_dig5_20260822-223349.jpg,7,flash,76.21,reading_est 58276; model saw 3; disagree,model_disagrees,,1
night_err,20260819-234955_dig5,20260819-234955,5,C:\Users\josep\source\repos\AIOTED-digital-rawdigits\20260819\23\3_main_dig5_20260819-234955.jpg,7,flash,77.94,reading_est 58171; model saw 3; ambiguous,model_disagrees,,1
night_err,20260919-052530_dig5,20260919-052530,5,C:\Users\josep\source\repos\AIOTED-digital-rawdigits\20260919\05\3_main_dig5_20260919-052530.jpg,7,flash,78.12,reading_est 59176; model saw 3; ambiguous,model_disagrees,,1
night_err,20260911-060800_dig5,20260911-060800,5,C:\Users\josep\source\repos\AIOTED-digital-rawdigits\20260911\06\3_main_dig5_20260911-060800.jpg,7,flash,77.22,reading_est 58974; model saw 3; disagree,model_disagrees,,1
night_err,20260918-221730_dig5,20260918-221730,5,C:\Users\josep\source\repos\AIOTED-digital-rawdigits\20260918\22\3_main_dig5_20260918-221730.jpg,7,flash,77.06,reading_est 59170; model saw 3; ambiguous,model_disagrees,,1
night_err,20260914-193337_dig5,20260914-193337,5,C:\Users\josep\source\repos\AIOTED-digital-rawdigits\20260914\19\0_main_dig5_20260914-193337.jpg,7,flash,77.00,reading_est 59076; model saw 0; ambiguous,model_disagrees,,1
night_err,20260820-054155_dig5,20260820-054155,5,C:\Users\josep\source\repos\AIOTED-digital-rawdigits\20260820\05\3_main_dig5_20260820-054155.jpg,7,flash,77.93,reading_est 58176; model saw 3; disagree,model_disagrees,,1
night_err,20260902-195509_dig5,20260902-195509,5,C:\Users\josep\source\repos\AIOTED-digital-rawdigits\20260902\19\3_main_dig5_20260902-195509.jpg,7,flash,74.15,reading_est 58678; model saw 3; ambiguous,model_disagrees,,1
night_err,20260924-003350_dig5,20260924-003350,5,C:\Users\josep\source\repos\AIOTED-digital-rawdigits\20260924\00\0_main_dig5_20260924-003350.jpg,7,flash,78.13,reading_est 59279; model saw 0; ambiguous,model_disagrees,,1
night_err,20260823-051349_dig5,20260823-051349,5,C:\Users\josep\source\repos\AIOTED-digital-rawdigits\20260823\05\3_main_dig5_20260823-051349.jpg,7,flash,77.85,reading_est 58279; model saw 3; disagree,model_disagrees,,1
night_err,20260822-230549_dig5,20260822-230549,5,C:\Users\josep\source\repos\AIOTED-digital-rawdigits\20260822\23\3_main_dig5_20260822-230549.jpg,7,flash,76.17,reading_est 58276; model saw 3; disagree,model_disagrees,,1
night_err,20260819-230955_dig5,20260819-230955,5,C:\Users\josep\source\repos\AIOTED-digital-rawdigits\20260819\23\3_main_dig5_20260819-230955.jpg,7,flash,77.22,reading_est 58171; model saw 3; ambiguous,model_disagrees,,1
night_err,20260919-073329_dig5,20260919-073329,5,C:\Users\josep\source\repos\AIOTED-digital-rawdigits\20260919\07\3_main_dig5_20260919-073329.jpg,7,flash,79.25,reading_est 59176; model saw 3; ambiguous,model_disagrees,,1
night_err,20260918-222530_dig5,20260918-222530,5,C:\Users\josep\source\repos\AIOTED-digital-rawdigits\20260918\22\3_main_dig5_20260918-222530.jpg,7,flash,77.22,reading_est 59170; model saw 3; ambiguous,model_disagrees,,1
night_err,20260914-174137_dig5,20260914-174137,5,C:\Users\josep\source\repos\AIOTED-digital-rawdigits\20260914\17\0_main_dig5_20260914-174137.jpg,7,flash,78.93,reading_est 59076; model saw 0; ambiguous,model_disagrees,,1
night_err,20260902-193509_dig5,20260902-193509,5,C:\Users\josep\source\repos\AIOTED-digital-rawdigits\20260902\19\3_main_dig5_20260902-193509.jpg,7,flash,75.10,reading_est 58678; model saw 3; ambiguous,model_disagrees,,1
night_err,20260924-001350_dig5,20260924-001350,5,C:\Users\josep\source\repos\AIOTED-digital-rawdigits\20260924\00\0_main_dig5_20260924-001350.jpg,7,flash,78.17,reading_est 59279; model saw 0; ambiguous,model_disagrees,,1
night_err,20260823-010149_dig5,20260823-010149,5,C:\Users\josep\source\repos\AIOTED-digital-rawdigits\20260823\01\3_main_dig5_20260823-010149.jpg,7,flash,76.10,reading_est 58276; model saw 3; disagree,model_disagrees,,1
night_err,20260822-214550_dig5,20260822-214550,5,C:\Users\josep\source\repos\AIOTED-digital-rawdigits\20260822\21\3_main_dig5_20260822-214550.jpg,7,flash,76.22,reading_est 58274; model saw 3; disagree,model_disagrees,,1
night_err,20260819-233355_dig5,20260819-233355,5,C:\Users\josep\source\repos\AIOTED-digital-rawdigits\20260819\23\3_main_dig5_20260819-233355.jpg,7,flash,76.78,reading_est 58171; model saw 3; ambiguous,model_disagrees,,1
night_err,20260919-003730_dig5,20260919-003730,5,C:\Users\josep\source\repos\AIOTED-digital-rawdigits\20260919\00\3_main_dig5_20260919-003730.jpg,7,flash,77.94,reading_est 59172; model saw 3; ambiguous,model_disagrees,,1
night_err,20260918-220930_dig5,20260918-220930,5,C:\Users\josep\source\repos\AIOTED-digital-rawdigits\20260918\22\3_main_dig5_20260918-220930.jpg,7,flash,77.22,reading_est 59170; model saw 3; ambiguous,model_disagrees,,1
night_err,20260914-190138_dig5,20260914-190138,5,C:\Users\josep\source\repos\AIOTED-digital-rawdigits\20260914\19\3_main_dig5_20260914-190138.jpg,7,flash,76.93,reading_est 59076; model saw 3; ambiguous,model_disagrees,,1
night_err,20260902-201509_dig5,20260902-201509,5,C:\Users\josep\source\repos\AIOTED-digital-rawdigits\20260902\20\3_main_dig5_20260902-201509.jpg,7,flash,74.87,reading_est 58678; model saw 3; ambiguous,model_disagrees,,1
night_err,20260924-021350_dig5,20260924-021350,5,C:\Users\josep\source\repos\AIOTED-digital-rawdigits\20260924\02\3_main_dig5_20260924-021350.jpg,7,flash,78.17,reading_est 59279; model saw 3; ambiguous,model_disagrees,,1
night_err,20260823-055349_dig5,20260823-055349,5,C:\Users\josep\source\repos\AIOTED-digital-rawdigits\20260823\05\8_main_dig5_20260823-055349.jpg,7,flash,77.71,reading_est 58279; model saw 8; ambiguous,model_disagrees,,1
night_err,20260822-232549_dig5,20260822-232549,5,C:\Users\josep\source\repos\AIOTED-digital-rawdigits\20260822\23\3_main_dig5_20260822-232549.jpg,7,flash,76.13,reading_est 58276; model saw 3; disagree,model_disagrees,,1
night_err,20260919-031730_dig5,20260919-031730,5,C:\Users\josep\source\repos\AIOTED-digital-rawdigits\20260919\03\3_main_dig5_20260919-031730.jpg,7,flash,77.86,reading_est 59173; model saw 3; disagree,model_disagrees,,1
night_err,20260918-204930_dig5,20260918-204930,5,C:\Users\josep\source\repos\AIOTED-digital-rawdigits\20260918\20\6_main_dig5_20260918-204930.jpg,7,flash,77.17,reading_est 59170; model saw 6; ambiguous,model_disagrees,,1
night_err,20260914-194137_dig5,20260914-194137,5,C:\Users\josep\source\repos\AIOTED-digital-rawdigits\20260914\19\3_main_dig5_20260914-194137.jpg,7,flash,76.93,reading_est 59076; model saw 3; ambiguous,model_disagrees,,1
night_err,20260924-015350_dig5,20260924-015350,5,C:\Users\josep\source\repos\AIOTED-digital-rawdigits\20260924\01\0_main_dig5_20260924-015350.jpg,7,flash,78.17,reading_est 59279; model saw 0; ambiguous,model_disagrees,,1
night_err,20260919-045730_dig5,20260919-045730,5,C:\Users\josep\source\repos\AIOTED-digital-rawdigits\20260919\04\3_main_dig5_20260919-045730.jpg,7,flash,78.17,reading_est 59174; model saw 3; ambiguous,model_disagrees,,1
night_err,20260918-231730_dig5,20260918-231730,5,C:\Users\josep\source\repos\AIOTED-digital-rawdigits\20260918\23\3_main_dig5_20260918-231730.jpg,7,flash,77.62,reading_est 59171; model saw 3; ambiguous,model_disagrees,,1
night_err,20260914-185338_dig5,20260914-185338,5,C:\Users\josep\source\repos\AIOTED-digital-rawdigits\20260914\18\3_main_dig5_20260914-185338.jpg,7,flash,77.13,reading_est 59076; model saw 3; ambiguous,model_disagrees,,1
night_err,20260924-024550_dig5,20260924-024550,5,C:\Users\josep\source\repos\AIOTED-digital-rawdigits\20260924\02\0_main_dig5_20260924-024550.jpg,7,flash,78.17,reading_est 59279; model saw 0; ambiguous,model_disagrees,,1
night_err,20260919-074529_dig5,20260919-074529,5,C:\Users\josep\source\repos\AIOTED-digital-rawdigits\20260919\07\3_main_dig5_20260919-074529.jpg,7,flash,79.93,reading_est 59177; model saw 3; ambiguous,model_disagrees,,1
night_err,20260918-214930_dig5,20260918-214930,5,C:\Users\josep\source\repos\AIOTED-digital-rawdigits\20260918\21\3_main_dig5_20260918-214930.jpg,7,flash,77.17,reading_est 59170; model saw 3; ambiguous,model_disagrees,,1
night_err,20260819-004557_dig6,20260819-004557,6,C:\Users\josep\source\repos\AIOTED-digital-rawdigits\20260819\00\9_main_dig6_20260819-004557.jpg,4,flash,76.91,reading_est 58134; model saw 9; disagree,model_disagrees,,1
night_err,20260828-200939_dig6,20260828-200939,6,C:\Users\josep\source\repos\AIOTED-digital-rawdigits\20260828\20\6_main_dig6_20260828-200939.jpg,4,flash,75.22,reading_est 58484; model saw 6; ambiguous,model_disagrees,,1
night_err,20260930-055437_dig6,20260930-055437,6,C:\Users\josep\source\repos\AIOTED-digital-rawdigits\20260930\05\8_main_dig6_20260930-055437.jpg,4,flash,77.86,reading_est 59404; model saw 8; ambiguous,model_disagrees,,1
night_err,20260926-043816_dig6,20260926-043816,6,C:\Users\josep\source\repos\AIOTED-digital-rawdigits\20260926\04\6_main_dig6_20260926-043816.jpg,4,flash,78.09,reading_est 59324; model saw 6; ambiguous,model_disagrees,,1
night_err,20260920-000928_dig6,20260920-000928,6,C:\Users\josep\source\repos\AIOTED-digital-rawdigits\20260920\00\2_main_dig6_20260920-000928.jpg,4,flash,78.17,reading_est 59194; model saw 2; ambiguous,model_disagrees,,1
night_err,20260816-231001_dig6,20260816-231001,6,C:\Users\josep\source\repos\AIOTED-digital-rawdigits\20260816\23\9_main_dig6_20260816-231001.jpg,4,flash,77.07,reading_est 58054; model saw 9; disagree,model_disagrees,,1
night_err,20260925-235016_dig6,20260925-235016,6,C:\Users\josep\source\repos\AIOTED-digital-rawdigits\20260925\23\1_main_dig6_20260925-235016.jpg,4,flash,79.00,reading_est 59324; model saw 1; ambiguous,model_disagrees,,1
night_err,20260903-193907_dig6,20260903-193907,6,C:\Users\josep\source\repos\AIOTED-digital-rawdigits\20260903\19\9_main_dig6_20260903-193907.jpg,4,flash,75.15,reading_est 58714; model saw 9; ambiguous,model_disagrees,,1
night_err,20260904-041506_dig6,20260904-041506,6,C:\Users\josep\source\repos\AIOTED-digital-rawdigits\20260904\04\9_main_dig6_20260904-041506.jpg,4,flash,76.17,reading_est 58724; model saw 9; ambiguous,model_disagrees,,1
night_err,20260915-050137_dig6,20260915-050137,6,C:\Users\josep\source\repos\AIOTED-digital-rawdigits\20260915\05\0_main_dig6_20260915-050137.jpg,4,flash,77.12,reading_est 59084; skip-host run; model saw 0; ambiguous,model_disagrees,,1
night_err,20260921-213725_dig6,20260921-213725,6,C:\Users\josep\source\repos\AIOTED-digital-rawdigits\20260921\21\6_main_dig6_20260921-213725.jpg,4,flash,78.08,reading_est 59234; model saw 6; ambiguous,model_disagrees,,1
night_err,20260817-234159_dig6,20260817-234159,6,C:\Users\josep\source\repos\AIOTED-digital-rawdigits\20260817\23\9_main_dig6_20260817-234159.jpg,4,flash,76.10,reading_est 58094; model saw 9; disagree,model_disagrees,,1
night_err,20260831-231333_dig6,20260831-231333,6,C:\Users\josep\source\repos\AIOTED-digital-rawdigits\20260831\23\9_main_dig6_20260831-231333.jpg,4,flash,73.29,reading_est 58594; model saw 9; ambiguous,model_disagrees,,1
night_err,20260827-032142_dig6,20260827-032142,6,C:\Users\josep\source\repos\AIOTED-digital-rawdigits\20260827\03\6_main_dig6_20260827-032142.jpg,4,flash,74.87,reading_est 58414; model saw 6; ambiguous,model_disagrees,,1
night_err,20260902-004531_dig6,20260902-004531,6,C:\Users\josep\source\repos\AIOTED-digital-rawdigits\20260902\00\6_main_dig6_20260902-004531.jpg,4,flash,73.29,reading_est 58644; model saw 6; ambiguous,model_disagrees,,1
night_err,20260919-234928_dig6,20260919-234928,6,C:\Users\josep\source\repos\AIOTED-digital-rawdigits\20260919\23\2_main_dig6_20260919-234928.jpg,4,flash,78.17,reading_est 59194; model saw 2; ambiguous,model_disagrees,,1
night_err,20260819-014557_dig6,20260819-014557,6,C:\Users\josep\source\repos\AIOTED-digital-rawdigits\20260819\01\9_main_dig6_20260819-014557.jpg,4,flash,77.12,reading_est 58134; model saw 9; ambiguous,model_disagrees,,1
night_err,20260930-060237_dig6,20260930-060237,6,C:\Users\josep\source\repos\AIOTED-digital-rawdigits\20260930\06\8_main_dig6_20260930-060237.jpg,4,flash,77.89,reading_est 59404; model saw 8; ambiguous,model_disagrees,,1
night_err,20260926-004216_dig6,20260926-004216,6,C:\Users\josep\source\repos\AIOTED-digital-rawdigits\20260926\00\1_main_dig6_20260926-004216.jpg,4,flash,78.86,reading_est 59324; model saw 1; ambiguous,model_disagrees,,1
night_err,20260920-010928_dig6,20260920-010928,6,C:\Users\josep\source\repos\AIOTED-digital-rawdigits\20260920\01\6_main_dig6_20260920-010928.jpg,4,flash,78.29,reading_est 59194; model saw 6; ambiguous,model_disagrees,,1
night_err,20260816-233801_dig6,20260816-233801,6,C:\Users\josep\source\repos\AIOTED-digital-rawdigits\20260816\23\9_main_dig6_20260816-233801.jpg,4,flash,76.78,reading_est 58054; model saw 9; ambiguous,model_disagrees,,1
night_err,20260903-195907_dig6,20260903-195907,6,C:\Users\josep\source\repos\AIOTED-digital-rawdigits\20260903\19\9_main_dig6_20260903-195907.jpg,4,flash,75.87,reading_est 58714; model saw 9; ambiguous,model_disagrees,,1
night_err,20260915-042137_dig6,20260915-042137,6,C:\Users\josep\source\repos\AIOTED-digital-rawdigits\20260915\04\2_main_dig6_20260915-042137.jpg,4,flash,77.10,reading_est 59084; skip-host run; model saw 2; ambiguous,model_disagrees,,1
night_err,20260921-212125_dig6,20260921-212125,6,C:\Users\josep\source\repos\AIOTED-digital-rawdigits\20260921\21\6_main_dig6_20260921-212125.jpg,4,flash,78.08,reading_est 59234; model saw 6; ambiguous,model_disagrees,,1
night_err,20260817-225359_dig6,20260817-225359,6,C:\Users\josep\source\repos\AIOTED-digital-rawdigits\20260817\22\9_main_dig6_20260817-225359.jpg,4,flash,76.29,reading_est 58094; model saw 9; disagree,model_disagrees,,1
night_err,20260831-232133_dig6,20260831-232133,6,C:\Users\josep\source\repos\AIOTED-digital-rawdigits\20260831\23\9_main_dig6_20260831-232133.jpg,4,flash,73.23,reading_est 58594; model saw 9; ambiguous,model_disagrees,,1
night_err,20260827-032942_dig6,20260827-032942,6,C:\Users\josep\source\repos\AIOTED-digital-rawdigits\20260827\03\6_main_dig6_20260827-032942.jpg,4,flash,75.22,reading_est 58414; model saw 6; ambiguous,model_disagrees,,1
night_err,20260919-223328_dig6,20260919-223328,6,C:\Users\josep\source\repos\AIOTED-digital-rawdigits\20260919\22\1_main_dig6_20260919-223328.jpg,4,flash,78.93,reading_est 59194; model saw 1; ambiguous,model_disagrees,,1
night_err,20260819-015757_dig6,20260819-015757,6,C:\Users\josep\source\repos\AIOTED-digital-rawdigits\20260819\01\6_main_dig6_20260819-015757.jpg,4,flash,76.78,reading_est 58134; model saw 6; ambiguous,model_disagrees,,1
night_err,20260926-025016_dig6,20260926-025016,6,C:\Users\josep\source\repos\AIOTED-digital-rawdigits\20260926\02\2_main_dig6_20260926-025016.jpg,4,flash,78.22,reading_est 59324; model saw 2; ambiguous,model_disagrees,,1
night_err,20260920-004128_dig6,20260920-004128,6,C:\Users\josep\source\repos\AIOTED-digital-rawdigits\20260920\00\3_main_dig6_20260920-004128.jpg,4,flash,78.22,reading_est 59194; model saw 3; ambiguous,model_disagrees,,1
night_err,20260816-225801_dig6,20260816-225801,6,C:\Users\josep\source\repos\AIOTED-digital-rawdigits\20260816\22\9_main_dig6_20260816-225801.jpg,4,flash,75.81,reading_est 58054; model saw 9; disagree,model_disagrees,,1
night_err,20260903-194707_dig6,20260903-194707,6,C:\Users\josep\source\repos\AIOTED-digital-rawdigits\20260903\19\9_main_dig6_20260903-194707.jpg,4,flash,76.00,reading_est 58714; model saw 9; ambiguous,model_disagrees,,1
night_err,20260915-040937_dig6,20260915-040937,6,C:\Users\josep\source\repos\AIOTED-digital-rawdigits\20260915\04\2_main_dig6_20260915-040937.jpg,4,flash,76.93,reading_est 59084; skip-host run; model saw 2; ambiguous,model_disagrees,,1
night_err,20260921-210925_dig6,20260921-210925,6,C:\Users\josep\source\repos\AIOTED-digital-rawdigits\20260921\21\6_main_dig6_20260921-210925.jpg,4,flash,78.08,reading_est 59234; model saw 6; ambiguous,model_disagrees,,1
night_err,20260817-230159_dig6,20260817-230159,6,C:\Users\josep\source\repos\AIOTED-digital-rawdigits\20260817\23\9_main_dig6_20260817-230159.jpg,4,flash,76.22,reading_est 58094; model saw 9; disagree,model_disagrees,,1
night_err,20260919-230928_dig6,20260919-230928,6,C:\Users\josep\source\repos\AIOTED-digital-rawdigits\20260919\23\1_main_dig6_20260919-230928.jpg,4,flash,78.22,reading_est 59194; model saw 1; ambiguous,model_disagrees,,1
night_err,20260819-013757_dig6,20260819-013757,6,C:\Users\josep\source\repos\AIOTED-digital-rawdigits\20260819\01\9_main_dig6_20260819-013757.jpg,4,flash,76.82,reading_est 58134; model saw 9; ambiguous,model_disagrees,,1
night_err,20260926-045816_dig6,20260926-045816,6,C:\Users\josep\source\repos\AIOTED-digital-rawdigits\20260926\04\8_main_dig6_20260926-045816.jpg,4,flash,78.13,reading_est 59324; model saw 8; ambiguous,model_disagrees,,1
night_err,20260920-014928_dig6,20260920-014928,6,C:\Users\josep\source\repos\AIOTED-digital-rawdigits\20260920\01\0_main_dig6_20260920-014928.jpg,4,flash,78.17,reading_est 59194; model saw 0; ambiguous,model_disagrees,,1
night_err,20260915-055737_dig6,20260915-055737,6,C:\Users\josep\source\repos\AIOTED-digital-rawdigits\20260915\05\0_main_dig6_20260915-055737.jpg,4,flash,77.81,reading_est 59084; skip-host run; model saw 0; ambiguous,model_disagrees,,1
night_err,20260921-214125_dig6,20260921-214125,6,C:\Users\josep\source\repos\AIOTED-digital-rawdigits\20260921\21\6_main_dig6_20260921-214125.jpg,4,flash,78.17,reading_est 59234; model saw 6; ambiguous,model_disagrees,,1
night_err,20260919-232928_dig6,20260919-232928,6,C:\Users\josep\source\repos\AIOTED-digital-rawdigits\20260919\23\2_main_dig6_20260919-232928.jpg,4,flash,78.22,reading_est 59194; model saw 2; ambiguous,model_disagrees,,1
night_err,20260926-231414_dig6,20260926-231414,6,C:\Users\josep\source\repos\AIOTED-digital-rawdigits\20260926\23\1_main_dig6_20260926-231414.jpg,4,flash,78.12,reading_est 59344; model saw 1; ambiguous,model_disagrees,,1
night_err,20260920-012128_dig6,20260920-012128,6,C:\Users\josep\source\repos\AIOTED-digital-rawdigits\20260920\01\0_main_dig6_20260920-012128.jpg,4,flash,78.72,reading_est 59194; model saw 0; ambiguous,model_disagrees,,1
night_err,20260915-073736_dig6,20260915-073736,6,C:\Users\josep\source\repos\AIOTED-digital-rawdigits\20260915\07\6_main_dig6_20260915-073736.jpg,4,flash,80.18,reading_est 59084; skip-host run; model saw 6; ambiguous,model_disagrees,,1
night_err,20260921-212925_dig6,20260921-212925,6,C:\Users\josep\source\repos\AIOTED-digital-rawdigits\20260921\21\6_main_dig6_20260921-212925.jpg,4,flash,77.87,reading_est 59234; model saw 6; ambiguous,model_disagrees,,1
night_err,20260919-222128_dig6,20260919-222128,6,C:\Users\josep\source\repos\AIOTED-digital-rawdigits\20260919\22\1_main_dig6_20260919-222128.jpg,4,flash,78.83,reading_est 59194; model saw 1; ambiguous,model_disagrees,,1
night_err,20260926-230614_dig6,20260926-230614,6,C:\Users\josep\source\repos\AIOTED-digital-rawdigits\20260926\23\1_main_dig6_20260926-230614.jpg,4,flash,78.08,reading_est 59344; model saw 1; ambiguous,model_disagrees,,1
night_err,20260920-014128_dig6,20260920-014128,6,C:\Users\josep\source\repos\AIOTED-digital-rawdigits\20260920\01\0_main_dig6_20260920-014128.jpg,4,flash,78.17,reading_est 59194; model saw 0; ambiguous,model_disagrees,,1
night_err,20260915-040137_dig6,20260915-040137,6,C:\Users\josep\source\repos\AIOTED-digital-rawdigits\20260915\04\2_main_dig6_20260915-040137.jpg,4,flash,76.93,reading_est 59084; skip-host run; model saw 2; ambiguous,model_disagrees,,1
night_err,20260919-222928_dig6,20260919-222928,6,C:\Users\josep\source\repos\AIOTED-digital-rawdigits\20260919\22\1_main_dig6_20260919-222928.jpg,4,flash,78.31,reading_est 59194; model saw 1; ambiguous,model_disagrees,,1
night_err,20260926-031816_dig6,20260926-031816,6,C:\Users\josep\source\repos\AIOTED-digital-rawdigits\20260926\03\2_main_dig6_20260926-031816.jpg,4,flash,78.22,reading_est 59324; model saw 2; ambiguous,model_disagrees,,1
night_err,20260920-010128_dig6,20260920-010128,6,C:\Users\josep\source\repos\AIOTED-digital-rawdigits\20260920\01\8_main_dig6_20260920-010128.jpg,4,flash,78.22,reading_est 59194; model saw 8; ambiguous,model_disagrees,,1
night_err,20260915-032937_dig6,20260915-032937,6,C:\Users\josep\source\repos\AIOTED-digital-rawdigits\20260915\03\2_main_dig6_20260915-032937.jpg,4,flash,76.94,reading_est 59084; skip-host run; model saw 2; ambiguous,model_disagrees,,1
night_err,20260919-234128_dig6,20260919-234128,6,C:\Users\josep\source\repos\AIOTED-digital-rawdigits\20260919\23\2_main_dig6_20260919-234128.jpg,4,flash,78.22,reading_est 59194; model saw 2; ambiguous,model_disagrees,,1
night_err,20260926-035016_dig6,20260926-035016,6,C:\Users\josep\source\repos\AIOTED-digital-rawdigits\20260926\03\8_main_dig6_20260926-035016.jpg,4,flash,78.13,reading_est 59324; model saw 8; ambiguous,model_disagrees,,1
night_err,20260920-002928_dig6,20260920-002928,6,C:\Users\josep\source\repos\AIOTED-digital-rawdigits\20260920\00\3_main_dig6_20260920-002928.jpg,4,flash,78.17,reading_est 59194; model saw 3; ambiguous,model_disagrees,,1
night_err,20260915-060137_dig6,20260915-060137,6,C:\Users\josep\source\repos\AIOTED-digital-rawdigits\20260915\06\8_main_dig6_20260915-060137.jpg,4,flash,76.86,reading_est 59084; skip-host run; model saw 8; ambiguous,model_disagrees,,1
night_err,20260919-221328_dig6,20260919-221328,6,C:\Users\josep\source\repos\AIOTED-digital-rawdigits\20260919\22\1_main_dig6_20260919-221328.jpg,4,flash,78.72,reading_est 59194; model saw 1; ambiguous,model_disagrees,,1
night_err,20260915-072936_dig6,20260915-072936,6,C:\Users\josep\source\repos\AIOTED-digital-rawdigits\20260915\07\6_main_dig6_20260915-072936.jpg,4,transition,81.12,reading_est 59084; skip-host run; model saw 6; ambiguous,model_disagrees,,1
night_err,20260915-074936_dig6,20260915-074936,6,C:\Users\josep\source\repos\AIOTED-digital-rawdigits\20260915\07\6_main_dig6_20260915-074936.jpg,4,transition,81.41,reading_est 59084; skip-host run; model saw 6; ambiguous,model_disagrees,,1
night_err,20260915-080936_dig6,20260915-080936,6,C:\Users\josep\source\repos\AIOTED-digital-rawdigits\20260915\08\6_main_dig6_20260915-080936.jpg,4,transition,81.18,reading_est 59084; skip-host run; model saw 6; ambiguous,model_disagrees,,1
night_err,20260915-082936_dig6,20260915-082936,6,C:\Users\josep\source\repos\AIOTED-digital-rawdigits\20260915\08\6_main_dig6_20260915-082936.jpg,4,transition,82.16,reading_est 59084; skip-host run; model saw 6; ambiguous,model_disagrees,,1
night_err,20260915-083736_dig6,20260915-083736,6,C:\Users\josep\source\repos\AIOTED-digital-rawdigits\20260915\08\6_main_dig6_20260915-083736.jpg,4,transition,81.90,reading_est 59084; skip-host run; model saw 6; ambiguous,model_disagrees,,1
night_err,20260915-084936_dig6,20260915-084936,6,C:\Users\josep\source\repos\AIOTED-digital-rawdigits\20260915\08\6_main_dig6_20260915-084936.jpg,4,transition,89.29,reading_est 59084; skip-host run; model saw 6; ambiguous,model_disagrees,,1
night_err,20260907-063924_dig5,20260907-063924,5,C:\Users\josep\source\repos\AIOTED-digital-rawdigits\20260907\06\7_main_dig5_20260907-063924.jpg,3,flash,79.90,reading_est 58832; model saw 7; disagree,model_disagrees,,1
night_err,20260821-214151_dig5,20260821-214151,5,C:\Users\josep\source\repos\AIOTED-digital-rawdigits\20260821\21\4_main_dig5_20260821-214151.jpg,3,flash,76.94,reading_est 58239; model saw 4; ambiguous,model_disagrees,,1
night_err,20260910-013118_dig5,20260910-013118,5,C:\Users\josep\source\repos\AIOTED-digital-rawdigits\20260910\01\7_main_dig5_20260910-013118.jpg,3,flash,78.10,reading_est 58938; model saw 7; disagree,model_disagrees,,1
night_err,20260912-220058_dig5,20260912-220058,5,C:\Users\josep\source\repos\AIOTED-digital-rawdigits\20260912\22\7_main_dig5_20260912-220058.jpg,3,flash,77.22,reading_est 59036; model saw 7; ambiguous,model_disagrees,,1
night_err,20260904-084306_dig5,20260904-084306,5,C:\Users\josep\source\repos\AIOTED-digital-rawdigits\20260904\08\8_main_dig5_20260904-084306.jpg,3,flash,78.26,reading_est 58731; model saw 8; ambiguous,model_disagrees,,1
night_err,20260922-021725_dig5,20260922-021725,5,C:\Users\josep\source\repos\AIOTED-digital-rawdigits\20260922\02\8_main_dig5_20260922-021725.jpg,3,flash,77.87,reading_est 59238; model saw 8; ambiguous,model_disagrees,,1
night_err,20260913-014057_dig5,20260913-014057,5,C:\Users\josep\source\repos\AIOTED-digital-rawdigits\20260913\01\8_main_dig5_20260913-014057.jpg,3,flash,77.86,reading_est 59036; model saw 8; ambiguous,model_disagrees,,1
night_err,20260917-053733_dig5,20260917-053733,5,C:\Users\josep\source\repos\AIOTED-digital-rawdigits\20260917\05\8_main_dig5_20260917-053733.jpg,3,flash,78.18,reading_est 59132; model saw 8; ambiguous,model_disagrees,,1
night_err,20260907-035923_dig5,20260907-035923,5,C:\Users\josep\source\repos\AIOTED-digital-rawdigits\20260907\03\2_main_dig5_20260907-035923.jpg,3,flash,77.76,reading_est 58831; model saw 2; disagree,model_disagrees,,1
night_err,20260821-220151_dig5,20260821-220151,5,C:\Users\josep\source\repos\AIOTED-digital-rawdigits\20260821\22\4_main_dig5_20260821-220151.jpg,3,flash,76.23,reading_est 58239; model saw 4; ambiguous,model_disagrees,,1
night_err,20260910-033118_dig5,20260910-033118,5,C:\Users\josep\source\repos\AIOTED-digital-rawdigits\20260910\03\7_main_dig5_20260910-033118.jpg,3,flash,77.22,reading_est 58939; model saw 7; disagree,model_disagrees,,1
night_err,20260912-185258_dig5,20260912-185258,5,C:\Users\josep\source\repos\AIOTED-digital-rawdigits\20260912\18\7_main_dig5_20260912-185258.jpg,3,flash,79.25,reading_est 59030; model saw 7; ambiguous,model_disagrees,,1
night_err,20260904-090306_dig5,20260904-090306,5,C:\Users\josep\source\repos\AIOTED-digital-rawdigits\20260904\09\7_main_dig5_20260904-090306.jpg,3,flash,79.25,reading_est 58731; model saw 7; ambiguous,model_disagrees,,1
night_err,20260913-022857_dig5,20260913-022857,5,C:\Users\josep\source\repos\AIOTED-digital-rawdigits\20260913\02\7_main_dig5_20260913-022857.jpg,3,flash,77.74,reading_est 59036; model saw 7; ambiguous,model_disagrees,,1
night_err,20260917-015733_dig5,20260917-015733,5,C:\Users\josep\source\repos\AIOTED-digital-rawdigits\20260917\01\7_main_dig5_20260917-015733.jpg,3,flash,78.18,reading_est 59130; model saw 7; ambiguous,model_disagrees,,1
night_err,20260907-033923_dig5,20260907-033923,5,C:\Users\josep\source\repos\AIOTED-digital-rawdigits\20260907\03\2_main_dig5_20260907-033923.jpg,3,flash,77.22,reading_est 58831; model saw 2; disagree,model_disagrees,,1
night_err,20260821-214951_dig5,20260821-214951,5,C:\Users\josep\source\repos\AIOTED-digital-rawdigits\20260821\21\4_main_dig5_20260821-214951.jpg,3,flash,76.86,reading_est 58239; model saw 4; ambiguous,model_disagrees,,1
night_err,20260910-023118_dig5,20260910-023118,5,C:\Users\josep\source\repos\AIOTED-digital-rawdigits\20260910\02\7_main_dig5_20260910-023118.jpg,3,flash,77.93,reading_est 58939; model saw 7; disagree,model_disagrees,,1
night_err,20260912-211258_dig5,20260912-211258,5,C:\Users\josep\source\repos\AIOTED-digital-rawdigits\20260912\21\8_main_dig5_20260912-211258.jpg,3,flash,78.17,reading_est 59034; model saw 8; ambiguous,model_disagrees,,1
night_err,20260904-074706_dig5,20260904-074706,5,C:\Users\josep\source\repos\AIOTED-digital-rawdigits\20260904\07\1_main_dig5_20260904-074706.jpg,3,flash,76.00,reading_est 58731; model saw 1; ambiguous,model_disagrees,,1
night_err,20260913-004057_dig5,20260913-004057,5,C:\Users\josep\source\repos\AIOTED-digital-rawdigits\20260913\00\7_main_dig5_20260913-004057.jpg,3,flash,78.10,reading_est 59036; model saw 7; ambiguous,model_disagrees,,1
night_err,20260917-070533_dig5,20260917-070533,5,C:\Users\josep\source\repos\AIOTED-digital-rawdigits\20260917\07\8_main_dig5_20260917-070533.jpg,3,flash,79.41,reading_est 59134; model saw 8; ambiguous,model_disagrees,,1
night_err,20260907-020724_dig5,20260907-020724,5,C:\Users\josep\source\repos\AIOTED-digital-rawdigits\20260907\02\7_main_dig5_20260907-020724.jpg,3,flash,77.93,reading_est 58830; model saw 7; disagree,model_disagrees,,1
night_err,20260910-022318_dig5,20260910-022318,5,C:\Users\josep\source\repos\AIOTED-digital-rawdigits\20260910\02\7_main_dig5_20260910-022318.jpg,3,flash,77.86,reading_est 58939; model saw 7; disagree,model_disagrees,,1
night_err,20260912-193258_dig5,20260912-193258,5,C:\Users\josep\source\repos\AIOTED-digital-rawdigits\20260912\19\7_main_dig5_20260912-193258.jpg,3,flash,77.29,reading_est 59030; model saw 7; ambiguous,model_disagrees,,1
night_err,20260904-083506_dig5,20260904-083506,5,C:\Users\josep\source\repos\AIOTED-digital-rawdigits\20260904\08\7_main_dig5_20260904-083506.jpg,3,flash,78.26,reading_est 58731; model saw 7; ambiguous,model_disagrees,,1
night_err,20260913-030857_dig5,20260913-030857,5,C:\Users\josep\source\repos\AIOTED-digital-rawdigits\20260913\03\7_main_dig5_20260913-030857.jpg,3,flash,78.00,reading_est 59037; model saw 7; ambiguous,model_disagrees,,1
night_err,20260917-023733_dig5,20260917-023733,5,C:\Users\josep\source\repos\AIOTED-digital-rawdigits\20260917\02\8_main_dig5_20260917-023733.jpg,3,flash,78.81,reading_est 59130; model saw 8; ambiguous,model_disagrees,,1
night_err,20260907-042723_dig5,20260907-042723,5,C:\Users\josep\source\repos\AIOTED-digital-rawdigits\20260907\04\2_main_dig5_20260907-042723.jpg,3,flash,77.22,reading_est 58831; model saw 2; disagree,model_disagrees,,1
night_err,20260912-190058_dig5,20260912-190058,5,C:\Users\josep\source\repos\AIOTED-digital-rawdigits\20260912\19\7_main_dig5_20260912-190058.jpg,3,flash,78.31,reading_est 59030; model saw 7; ambiguous,model_disagrees,,1
night_err,20260904-085506_dig5,20260904-085506,5,C:\Users\josep\source\repos\AIOTED-digital-rawdigits\20260904\08\7_main_dig5_20260904-085506.jpg,3,flash,79.03,reading_est 58731; model saw 7; ambiguous,model_disagrees,,1
night_err,20260917-035733_dig5,20260917-035733,5,C:\Users\josep\source\repos\AIOTED-digital-rawdigits\20260917\03\7_main_dig5_20260917-035733.jpg,3,flash,78.00,reading_est 59131; model saw 7; ambiguous,model_disagrees,,1
night_err,20260907-050724_dig5,20260907-050724,5,C:\Users\josep\source\repos\AIOTED-digital-rawdigits\20260907\05\7_main_dig5_20260907-050724.jpg,3,flash,77.62,reading_est 58832; model saw 7; disagree,model_disagrees,,1
night_err,20260912-202058_dig5,20260912-202058,5,C:\Users\josep\source\repos\AIOTED-digital-rawdigits\20260912\20\7_main_dig5_20260912-202058.jpg,3,flash,78.07,reading_est 59034; model saw 7; ambiguous,model_disagrees,,1
night_err,20260904-072306_dig5,20260904-072306,5,C:\Users\josep\source\repos\AIOTED-digital-rawdigits\20260904\07\10_main_dig5_20260904-072306.jpg,3,flash,76.10,reading_est 58731; model saw N; ambiguous,model_disagrees,,1
night_err,20260917-044933_dig5,20260917-044933,5,C:\Users\josep\source\repos\AIOTED-digital-rawdigits\20260917\04\7_main_dig5_20260917-044933.jpg,3,flash,78.17,reading_est 59132; model saw 7; ambiguous,model_disagrees,,1
night_err,20260907-053924_dig5,20260907-053924,5,C:\Users\josep\source\repos\AIOTED-digital-rawdigits\20260907\05\7_main_dig5_20260907-053924.jpg,3,flash,77.93,reading_est 58832; model saw 7; disagree,model_disagrees,,1
night_err,20260912-232058_dig5,20260912-232058,5,C:\Users\josep\source\repos\AIOTED-digital-rawdigits\20260912\23\7_main_dig5_20260912-232058.jpg,3,flash,78.08,reading_est 59036; model saw 7; ambiguous,model_disagrees,,1
night_err,20260904-082306_dig5,20260904-082306,5,C:\Users\josep\source\repos\AIOTED-digital-rawdigits\20260904\08\8_main_dig5_20260904-082306.jpg,3,flash,77.80,reading_est 58731; model saw 8; ambiguous,model_disagrees,,1
night_err,20260917-041733_dig5,20260917-041733,5,C:\Users\josep\source\repos\AIOTED-digital-rawdigits\20260917\04\8_main_dig5_20260917-041733.jpg,3,flash,78.17,reading_est 59131; model saw 8; ambiguous,model_disagrees,,1
night_err,20260907-032724_dig5,20260907-032724,5,C:\Users\josep\source\repos\AIOTED-digital-rawdigits\20260907\03\7_main_dig5_20260907-032724.jpg,3,flash,77.78,reading_est 58830; model saw 7; disagree,model_disagrees,,1
night_err,20260912-205258_dig5,20260912-205258,5,C:\Users\josep\source\repos\AIOTED-digital-rawdigits\20260912\20\7_main_dig5_20260912-205258.jpg,3,flash,78.10,reading_est 59034; model saw 7; ambiguous,model_disagrees,,1
night_err,20260904-073506_dig5,20260904-073506,5,C:\Users\josep\source\repos\AIOTED-digital-rawdigits\20260904\07\8_main_dig5_20260904-073506.jpg,3,flash,76.00,reading_est 58731; model saw 8; ambiguous,model_disagrees,,1
night_err,20260917-021733_dig5,20260917-021733,5,C:\Users\josep\source\repos\AIOTED-digital-rawdigits\20260917\02\8_main_dig5_20260917-021733.jpg,3,flash,78.16,reading_est 59130; model saw 8; ambiguous,model_disagrees,,1
night_err,20260907-054724_dig5,20260907-054724,5,C:\Users\josep\source\repos\AIOTED-digital-rawdigits\20260907\05\7_main_dig5_20260907-054724.jpg,3,flash,78.00,reading_est 58832; model saw 7; disagree,model_disagrees,,1
night_err,20260912-191258_dig5,20260912-191258,5,C:\Users\josep\source\repos\AIOTED-digital-rawdigits\20260912\19\7_main_dig5_20260912-191258.jpg,3,flash,77.93,reading_est 59030; model saw 7; ambiguous,model_disagrees,,1
night_err,20260904-080706_dig5,20260904-080706,5,C:\Users\josep\source\repos\AIOTED-digital-rawdigits\20260904\08\2_main_dig5_20260904-080706.jpg,3,flash,77.08,reading_est 58731; model saw 2; ambiguous,model_disagrees,,1
night_err,20260917-064533_dig5,20260917-064533,5,C:\Users\josep\source\repos\AIOTED-digital-rawdigits\20260917\06\8_main_dig5_20260917-064533.jpg,3,flash,78.17,reading_est 59133; model saw 8; ambiguous,model_disagrees,,1
night_err,20260912-222058_dig5,20260912-222058,5,C:\Users\josep\source\repos\AIOTED-digital-rawdigits\20260912\22\7_main_dig5_20260912-222058.jpg,3,flash,78.16,reading_est 59036; model saw 7; ambiguous,model_disagrees,,1
night_err,20260904-075506_dig5,20260904-075506,5,C:\Users\josep\source\repos\AIOTED-digital-rawdigits\20260904\07\1_main_dig5_20260904-075506.jpg,3,flash,76.93,reading_est 58731; model saw 1; ambiguous,model_disagrees,,1
night_err,20260917-014933_dig5,20260917-014933,5,C:\Users\josep\source\repos\AIOTED-digital-rawdigits\20260917\01\8_main_dig5_20260917-014933.jpg,3,flash,78.13,reading_est 59130; model saw 8; ambiguous,model_disagrees,,1
night_err,20260912-230057_dig5,20260912-230057,5,C:\Users\josep\source\repos\AIOTED-digital-rawdigits\20260912\23\7_main_dig5_20260912-230057.jpg,3,flash,78.17,reading_est 59036; model saw 7; ambiguous,model_disagrees,,1
night_err,20260904-074306_dig5,20260904-074306,5,C:\Users\josep\source\repos\AIOTED-digital-rawdigits\20260904\07\2_main_dig5_20260904-074306.jpg,3,flash,76.17,reading_est 58731; model saw 2; ambiguous,model_disagrees,,1
night_err,20260917-054933_dig5,20260917-054933,5,C:\Users\josep\source\repos\AIOTED-digital-rawdigits\20260917\05\8_main_dig5_20260917-054933.jpg,3,flash,78.18,reading_est 59132; model saw 8; ambiguous,model_disagrees,,1
night_err,20260904-080306_dig5,20260904-080306,5,C:\Users\josep\source\repos\AIOTED-digital-rawdigits\20260904\08\2_main_dig5_20260904-080306.jpg,3,flash,76.96,reading_est 58731; model saw 2; ambiguous,model_disagrees,,1
night_err,20260917-045733_dig5,20260917-045733,5,C:\Users\josep\source\repos\AIOTED-digital-rawdigits\20260917\04\8_main_dig5_20260917-045733.jpg,3,flash,78.17,reading_est 59132; model saw 8; ambiguous,model_disagrees,,1
night_err,20260904-081506_dig5,20260904-081506,5,C:\Users\josep\source\repos\AIOTED-digital-rawdigits\20260904\08\2_main_dig5_20260904-081506.jpg,3,flash,77.17,reading_est 58731; model saw 2; ambiguous,model_disagrees,,1
night_err,20260917-031733_dig5,20260917-031733,5,C:\Users\josep\source\repos\AIOTED-digital-rawdigits\20260917\03\8_main_dig5_20260917-031733.jpg,3,flash,78.22,reading_est 59131; model saw 8; ambiguous,model_disagrees,,1
night_err,20260917-022933_dig5,20260917-022933,5,C:\Users\josep\source\repos\AIOTED-digital-rawdigits\20260917\02\7_main_dig5_20260917-022933.jpg,3,flash,78.31,reading_est 59130; model saw 7; ambiguous,model_disagrees,,1
night_err,20260917-070933_dig5,20260917-070933,5,C:\Users\josep\source\repos\AIOTED-digital-rawdigits\20260917\07\7_main_dig5_20260917-070933.jpg,3,flash,79.93,reading_est 59134; model saw 7; ambiguous,model_disagrees,,1
night_err,20260904-091506_dig5,20260904-091506,5,C:\Users\josep\source\repos\AIOTED-digital-rawdigits\20260904\09\7_main_dig5_20260904-091506.jpg,3,transition,81.08,reading_est 58731; model saw 7; ambiguous,model_disagrees,,1
night_err,20260904-092306_dig5,20260904-092306,5,C:\Users\josep\source\repos\AIOTED-digital-rawdigits\20260904\09\7_main_dig5_20260904-092306.jpg,3,transition,82.14,reading_est 58731; model saw 7; ambiguous,model_disagrees,,1
night_err,20260904-093505_dig5,20260904-093505,5,C:\Users\josep\source\repos\AIOTED-digital-rawdigits\20260904\09\8_main_dig5_20260904-093505.jpg,3,transition,84.14,reading_est 58731; model saw 8; ambiguous,model_disagrees,,1
night_err,20260907-064724_dig5,20260907-064724,5,C:\Users\josep\source\repos\AIOTED-digital-rawdigits\20260907\06\7_main_dig5_20260907-064724.jpg,3,transition,81.12,reading_est 58832; model saw 7; disagree,model_disagrees,,1
night_err,20260907-065924_dig5,20260907-065924,5,C:\Users\josep\source\repos\AIOTED-digital-rawdigits\20260907\06\7_main_dig5_20260907-065924.jpg,3,transition,82.20,reading_est 58833; model saw 7; disagree,model_disagrees,,1
night_err,20260907-072724_dig5,20260907-072724,5,C:\Users\josep\source\repos\AIOTED-digital-rawdigits\20260907\07\2_main_dig5_20260907-072724.jpg,3,transition,91.00,reading_est 58834; model saw 2; disagree,model_disagrees,,1
night_err,20260912-182058_dig5,20260912-182058,5,C:\Users\josep\source\repos\AIOTED-digital-rawdigits\20260912\18\7_main_dig5_20260912-182058.jpg,3,transition,83.20,reading_est 59030; model saw 7; ambiguous,model_disagrees,,1
night_err,20260912-183258_dig5,20260912-183258,5,C:\Users\josep\source\repos\AIOTED-digital-rawdigits\20260912\18\7_main_dig5_20260912-183258.jpg,3,transition,81.90,reading_est 59030; model saw 7; ambiguous,model_disagrees,,1
night_err,20260912-184058_dig5,20260912-184058,5,C:\Users\josep\source\repos\AIOTED-digital-rawdigits\20260912\18\7_main_dig5_20260912-184058.jpg,3,transition,81.19,reading_est 59030; model saw 7; ambiguous,model_disagrees,,1
night_err,20260917-071733_dig5,20260917-071733,5,C:\Users\josep\source\repos\AIOTED-digital-rawdigits\20260917\07\8_main_dig5_20260917-071733.jpg,3,transition,81.16,reading_est 59134; model saw 8; ambiguous,model_disagrees,,1
night_err,20260917-072533_dig5,20260917-072533,5,C:\Users\josep\source\repos\AIOTED-digital-rawdigits\20260917\07\8_main_dig5_20260917-072533.jpg,3,transition,81.97,reading_est 59134; model saw 8; ambiguous,model_disagrees,,1
night_err,20260917-072933_dig5,20260917-072933,5,C:\Users\josep\source\repos\AIOTED-digital-rawdigits\20260917\07\8_main_dig5_20260917-072933.jpg,3,transition,81.12,reading_est 59134; model saw 8; ambiguous,model_disagrees,,1
night_err,20260917-073733_dig5,20260917-073733,5,C:\Users\josep\source\repos\AIOTED-digital-rawdigits\20260917\07\2_main_dig5_20260917-073733.jpg,3,transition,81.97,reading_est 59134; model saw 2; ambiguous,model_disagrees,,1
night_err,20260917-093733_dig5,20260917-093733,5,C:\Users\josep\source\repos\AIOTED-digital-rawdigits\20260917\09\7_main_dig5_20260917-093733.jpg,3,transition,90.96,reading_est 59136; model saw 7; disagree,model_disagrees,,1
night_err,20260917-095733_dig5,20260917-095733,5,C:\Users\josep\source\repos\AIOTED-digital-rawdigits\20260917\09\7_main_dig5_20260917-095733.jpg,3,transition,93.67,reading_est 59136; model saw 7; disagree,model_disagrees,,1
night_err,20260917-101733_dig5,20260917-101733,5,C:\Users\josep\source\repos\AIOTED-digital-rawdigits\20260917\10\2_main_dig5_20260917-101733.jpg,3,transition,94.75,reading_est 59137; model saw 2; disagree,model_disagrees,,1
night_err,20260917-102533_dig5,20260917-102533,5,C:\Users\josep\source\repos\AIOTED-digital-rawdigits\20260917\10\2_main_dig5_20260917-102533.jpg,3,transition,93.77,reading_est 59137; model saw 2; disagree,model_disagrees,,1
night_err,20260921-170925_dig5,20260921-170925,5,C:\Users\josep\source\repos\AIOTED-digital-rawdigits\20260921\17\2_main_dig5_20260921-170925.jpg,3,transition,93.97,reading_est 59231; model saw 2; disagree,model_disagrees,,1
night_err,20260921-172925_dig5,20260921-172925,5,C:\Users\josep\source\repos\AIOTED-digital-rawdigits\20260921\17\2_main_dig5_20260921-172925.jpg,3,transition,89.00,reading_est 59231; model saw 2; disagree,model_disagrees,,1
night_err,20260926-175415_dig5,20260926-175415,5,C:\Users\josep\source\repos\AIOTED-digital-rawdigits\20260926\17\7_main_dig5_20260926-175415.jpg,3,transition,86.02,reading_est 59338; model saw 7; disagree,model_disagrees,,1
night_err,20260903-193907_dig5,20260903-193907,5,C:\Users\josep\source\repos\AIOTED-digital-rawdigits\20260903\19\3_main_dig5_20260903-193907.jpg,1,flash,75.15,reading_est 58714; model saw 3; ambiguous,model_disagrees,,1
night_err,20260903-223507_dig5,20260903-223507,5,C:\Users\josep\source\repos\AIOTED-digital-rawdigits\20260903\22\8_main_dig5_20260903-223507.jpg,1,flash,75.87,reading_est 58716; model saw 8; ambiguous,model_disagrees,,1
night_err,20260903-223907_dig5,20260903-223907,5,C:\Users\josep\source\repos\AIOTED-digital-rawdigits\20260903\22\8_main_dig5_20260903-223907.jpg,1,flash,76.00,reading_est 58716; model saw 8; ambiguous,model_disagrees,,1
night_err,20260928-220240_dig6,20260928-220240,6,C:\Users\josep\source\repos\AIOTED-digital-rawdigits\20260928\22\9_main_dig6_20260928-220240.jpg,0,flash,79.00,reading_est 59380; model saw 9; ambiguous,model_disagrees,,1
night_err,20260904-224258_dig6,20260904-224258,6,C:\Users\josep\source\repos\AIOTED-digital-rawdigits\20260904\22\4_main_dig6_20260904-224258.jpg,0,flash,76.85,reading_est 58760; model saw 4; ambiguous,model_disagrees,,1
night_err,20260926-203415_dig6,20260926-203415,6,C:\Users\josep\source\repos\AIOTED-digital-rawdigits\20260926\20\9_main_dig6_20260926-203415.jpg,0,flash,79.00,reading_est 59340; model saw 9; ambiguous,model_disagrees,,1
night_err,20260824-003747_dig6,20260824-003747,6,C:\Users\josep\source\repos\AIOTED-digital-rawdigits\20260824\00\9_main_dig6_20260824-003747.jpg,0,flash,76.87,reading_est 58310; model saw 9; ambiguous,model_disagrees,,1
night_err,20260918-203730_dig6,20260918-203730,6,C:\Users\josep\source\repos\AIOTED-digital-rawdigits\20260918\20\8_main_dig6_20260918-203730.jpg,0,flash,77.17,reading_est 59170; skip-host run; model saw 8; ambiguous,model_disagrees,,1
night_err,20260821-005353_dig6,20260821-005353,6,C:\Users\josep\source\repos\AIOTED-digital-rawdigits\20260821\00\9_main_dig6_20260821-005353.jpg,0,flash,76.82,reading_est 58210; model saw 9; ambiguous,model_disagrees,,1
night_err,20260826-042544_dig6,20260826-042544,6,C:\Users\josep\source\repos\AIOTED-digital-rawdigits\20260826\04\9_main_dig6_20260826-042544.jpg,0,flash,76.17,reading_est 58380; model saw 9; ambiguous,model_disagrees,,1
night_err,20260819-214155_dig6,20260819-214155,6,C:\Users\josep\source\repos\AIOTED-digital-rawdigits\20260819\21\9_main_dig6_20260819-214155.jpg,0,flash,76.94,reading_est 58170; model saw 9; ambiguous,model_disagrees,,1
night_err,20260919-195329_dig6,20260919-195329,6,C:\Users\josep\source\repos\AIOTED-digital-rawdigits\20260919\19\9_main_dig6_20260919-195329.jpg,0,flash,78.22,reading_est 59190; model saw 9; ambiguous,model_disagrees,,1
night_err,20260912-185258_dig6,20260912-185258,6,C:\Users\josep\source\repos\AIOTED-digital-rawdigits\20260912\18\1_main_dig6_20260912-185258.jpg,0,flash,79.25,reading_est 59030; skip-host run; model saw 1; ambiguous,model_disagrees,,1
night_err,20260827-234540_dig6,20260827-234540,6,C:\Users\josep\source\repos\AIOTED-digital-rawdigits\20260827\23\9_main_dig6_20260827-234540.jpg,0,flash,75.71,reading_est 58450; model saw 9; ambiguous,model_disagrees,,1
night_err,20260829-211336_dig6,20260829-211336,6,C:\Users\josep\source\repos\AIOTED-digital-rawdigits\20260829\21\9_main_dig6_20260829-211336.jpg,0,flash,75.09,reading_est 58510; model saw 9; ambiguous,model_disagrees,,1
night_err,20260930-011438_dig6,20260930-011438,6,C:\Users\josep\source\repos\AIOTED-digital-rawdigits\20260930\01\4_main_dig6_20260930-011438.jpg,0,flash,78.00,reading_est 59400; model saw 4; ambiguous,model_disagrees,,1
night_err,20260816-022202_dig6,20260816-022202,6,C:\Users\josep\source\repos\AIOTED-digital-rawdigits\20260816\02\9_main_dig6_20260816-022202.jpg,0,flash,75.17,reading_est 58020; model saw 9; ambiguous,model_disagrees,,1
night_err,20260828-004540_dig6,20260828-004540,6,C:\Users\josep\source\repos\AIOTED-digital-rawdigits\20260828\00\9_main_dig6_20260828-004540.jpg,0,flash,75.71,reading_est 58450; model saw 9; ambiguous,model_disagrees,,1
night_err,20260914-222937_dig6,20260914-222937,6,C:\Users\josep\source\repos\AIOTED-digital-rawdigits\20260914\22\6_main_dig6_20260914-222937.jpg,0,flash,77.10,reading_est 59080; model saw 6; ambiguous,model_disagrees,,1
night_err,20260925-042618_dig6,20260925-042618,6,C:\Users\josep\source\repos\AIOTED-digital-rawdigits\20260925\04\4_main_dig6_20260925-042618.jpg,0,flash,78.10,reading_est 59300; model saw 4; ambiguous,model_disagrees,,1
night_err,20260915-000937_dig6,20260915-000937,6,C:\Users\josep\source\repos\AIOTED-digital-rawdigits\20260915\00\5_main_dig6_20260915-000937.jpg,0,flash,77.17,reading_est 59080; model saw 5; ambiguous,model_disagrees,,1
night_err,20260831-024534_dig6,20260831-024534,6,C:\Users\josep\source\repos\AIOTED-digital-rawdigits\20260831\02\9_main_dig6_20260831-024534.jpg,0,flash,75.23,reading_est 58550; model saw 9; ambiguous,model_disagrees,,1
night_err,20260928-221040_dig6,20260928-221040,6,C:\Users\josep\source\repos\AIOTED-digital-rawdigits\20260928\22\9_main_dig6_20260928-221040.jpg,0,flash,79.17,reading_est 59380; model saw 9; ambiguous,model_disagrees,,1
night_err,20260904-002706_dig6,20260904-002706,6,C:\Users\josep\source\repos\AIOTED-digital-rawdigits\20260904\00\9_main_dig6_20260904-002706.jpg,0,flash,75.87,reading_est 58720; model saw 9; ambiguous,model_disagrees,,1
night_err,20260926-223414_dig6,20260926-223414,6,C:\Users\josep\source\repos\AIOTED-digital-rawdigits\20260926\22\4_main_dig6_20260926-223414.jpg,0,flash,78.17,reading_est 59340; model saw 4; ambiguous,model_disagrees,,1
night_err,20260824-004947_dig6,20260824-004947,6,C:\Users\josep\source\repos\AIOTED-digital-rawdigits\20260824\00\9_main_dig6_20260824-004947.jpg,0,flash,77.94,reading_est 58310; model saw 9; ambiguous,model_disagrees,,1
night_err,20260918-214530_dig6,20260918-214530,6,C:\Users\josep\source\repos\AIOTED-digital-rawdigits\20260918\21\6_main_dig6_20260918-214530.jpg,0,flash,77.22,reading_est 59170; skip-host run; model saw 6; ambiguous,model_disagrees,,1
night_err,20260821-224951_dig6,20260821-224951,6,C:\Users\josep\source\repos\AIOTED-digital-rawdigits\20260821\22\9_main_dig6_20260821-224951.jpg,0,flash,76.82,reading_est 58240; model saw 9; ambiguous,model_disagrees,,1
night_err,20260826-040544_dig6,20260826-040544,6,C:\Users\josep\source\repos\AIOTED-digital-rawdigits\20260826\04\9_main_dig6_20260826-040544.jpg,0,flash,76.76,reading_est 58380; model saw 9; ambiguous,model_disagrees,,1
night_err,20260819-224955_dig6,20260819-224955,6,C:\Users\josep\source\repos\AIOTED-digital-rawdigits\20260819\22\9_main_dig6_20260819-224955.jpg,0,flash,76.12,reading_est 58170; model saw 9; ambiguous,model_disagrees,,1
night_err,20260919-185329_dig6,20260919-185329,6,C:\Users\josep\source\repos\AIOTED-digital-rawdigits\20260919\18\6_main_dig6_20260919-185329.jpg,0,flash,79.17,reading_est 59190; model saw 6; ambiguous,model_disagrees,,1
night_err,20260827-235340_dig6,20260827-235340,6,C:\Users\josep\source\repos\AIOTED-digital-rawdigits\20260827\23\9_main_dig6_20260827-235340.jpg,0,flash,75.87,reading_est 58450; model saw 9; ambiguous,model_disagrees,,1
night_err,20260829-040938_dig6,20260829-040938,6,C:\Users\josep\source\repos\AIOTED-digital-rawdigits\20260829\04\9_main_dig6_20260829-040938.jpg,0,flash,76.10,reading_est 58490; model saw 9; ambiguous,model_disagrees,,1
night_err,20260930-014238_dig6,20260930-014238,6,C:\Users\josep\source\repos\AIOTED-digital-rawdigits\20260930\01\4_main_dig6_20260930-014238.jpg,0,flash,78.04,reading_est 59400; model saw 4; ambiguous,model_disagrees,,1
night_err,20260816-022602_dig6,20260816-022602,6,C:\Users\josep\source\repos\AIOTED-digital-rawdigits\20260816\02\9_main_dig6_20260816-022602.jpg,0,flash,75.09,reading_est 58020; model saw 9; ambiguous,model_disagrees,,1
night_err,20260828-010540_dig6,20260828-010540,6,C:\Users\josep\source\repos\AIOTED-digital-rawdigits\20260828\01\9_main_dig6_20260828-010540.jpg,0,flash,75.10,reading_est 58450; model saw 9; ambiguous,model_disagrees,,1
night_err,20260914-232937_dig6,20260914-232937,6,C:\Users\josep\source\repos\AIOTED-digital-rawdigits\20260914\23\6_main_dig6_20260914-232937.jpg,0,flash,76.93,reading_est 59080; model saw 6; ambiguous,model_disagrees,,1
night_err,20260915-000137_dig6,20260915-000137,6,C:\Users\josep\source\repos\AIOTED-digital-rawdigits\20260915\00\9_main_dig6_20260915-000137.jpg,0,flash,76.86,reading_est 59080; model saw 9; ambiguous,model_disagrees,,1
night_err,20260928-003442_dig6,20260928-003442,6,C:\Users\josep\source\repos\AIOTED-digital-rawdigits\20260928\00\4_main_dig6_20260928-003442.jpg,0,flash,78.22,reading_est 59360; model saw 4; ambiguous,model_disagrees,,1
night_err,20260904-003506_dig6,20260904-003506,6,C:\Users\josep\source\repos\AIOTED-digital-rawdigits\20260904\00\9_main_dig6_20260904-003506.jpg,0,flash,77.17,reading_est 58720; model saw 9; ambiguous,model_disagrees,,1
night_err,20260824-010947_dig6,20260824-010947,6,C:\Users\josep\source\repos\AIOTED-digital-rawdigits\20260824\01\9_main_dig6_20260824-010947.jpg,0,flash,77.12,reading_est 58310; model saw 9; ambiguous,model_disagrees,,1
night_err,20260918-200930_dig6,20260918-200930,6,C:\Users\josep\source\repos\AIOTED-digital-rawdigits\20260918\20\8_main_dig6_20260918-200930.jpg,0,flash,77.22,reading_est 59170; skip-host run; model saw 8; ambiguous,model_disagrees,,1
night_err,20260821-012553_dig6,20260821-012553,6,C:\Users\josep\source\repos\AIOTED-digital-rawdigits\20260821\01\9_main_dig6_20260821-012553.jpg,0,flash,76.87,reading_est 58210; model saw 9; ambiguous,model_disagrees,,1
night_err,20260826-043344_dig6,20260826-043344,6,C:\Users\josep\source\repos\AIOTED-digital-rawdigits\20260826\04\9_main_dig6_20260826-043344.jpg,0,flash,76.22,reading_est 58380; model saw 9; ambiguous,model_disagrees,,1
night_err,20260819-224155_dig6,20260819-224155,6,C:\Users\josep\source\repos\AIOTED-digital-rawdigits\20260819\22\9_main_dig6_20260819-224155.jpg,0,flash,77.16,reading_est 58170; model saw 9; ambiguous,model_disagrees,,1
night_err,20260919-192129_dig6,20260919-192129,6,C:\Users\josep\source\repos\AIOTED-digital-rawdigits\20260919\19\9_main_dig6_20260919-192129.jpg,0,flash,78.81,reading_est 59190; model saw 9; ambiguous,model_disagrees,,1
night_err,20260829-204537_dig6,20260829-204537,6,C:\Users\josep\source\repos\AIOTED-digital-rawdigits\20260829\20\9_main_dig6_20260829-204537.jpg,0,flash,75.82,reading_est 58510; model saw 9; ambiguous,model_disagrees,,1
night_err,20260930-012238_dig6,20260930-012238,6,C:\Users\josep\source\repos\AIOTED-digital-rawdigits\20260930\01\4_main_dig6_20260930-012238.jpg,0,flash,77.86,reading_est 59400; model saw 4; ambiguous,model_disagrees,,1
night_err,20260816-024202_dig6,20260816-024202,6,C:\Users\josep\source\repos\AIOTED-digital-rawdigits\20260816\02\9_main_dig6_20260816-024202.jpg,0,flash,75.10,reading_est 58020; model saw 9; ambiguous,model_disagrees,,1
night_err,20260828-002540_dig6,20260828-002540,6,C:\Users\josep\source\repos\AIOTED-digital-rawdigits\20260828\00\9_main_dig6_20260828-002540.jpg,0,flash,75.22,reading_est 58450; model saw 9; ambiguous,model_disagrees,,1
night_err,20260914-224937_dig6,20260914-224937,6,C:\Users\josep\source\repos\AIOTED-digital-rawdigits\20260914\22\9_main_dig6_20260914-224937.jpg,0,flash,77.13,reading_est 59080; model saw 9; ambiguous,model_disagrees,,1
night_err,20260904-005506_dig6,20260904-005506,6,C:\Users\josep\source\repos\AIOTED-digital-rawdigits\20260904\00\9_main_dig6_20260904-005506.jpg,0,flash,75.87,reading_est 58720; model saw 9; ambiguous,model_disagrees,,1
night_err,20260824-013747_dig6,20260824-013747,6,C:\Users\josep\source\repos\AIOTED-digital-rawdigits\20260824\01\9_main_dig6_20260824-013747.jpg,0,flash,78.10,reading_est 58310; model saw 9; ambiguous,model_disagrees,,1
night_err,20260918-195730_dig6,20260918-195730,6,C:\Users\josep\source\repos\AIOTED-digital-rawdigits\20260918\19\8_main_dig6_20260918-195730.jpg,0,flash,77.17,reading_est 59170; skip-host run; model saw 8; ambiguous,model_disagrees,,1
night_err,20260821-222951_dig6,20260821-222951,6,C:\Users\josep\source\repos\AIOTED-digital-rawdigits\20260821\22\9_main_dig6_20260821-222951.jpg,0,flash,76.17,reading_est 58240; model saw 9; ambiguous,model_disagrees,,1
night_err,20260826-041344_dig6,20260826-041344,6,C:\Users\josep\source\repos\AIOTED-digital-rawdigits\20260826\04\9_main_dig6_20260826-041344.jpg,0,flash,76.23,reading_est 58380; model saw 9; ambiguous,model_disagrees,,1
night_err,20260819-225355_dig6,20260819-225355,6,C:\Users\josep\source\repos\AIOTED-digital-rawdigits\20260819\22\9_main_dig6_20260819-225355.jpg,0,flash,76.87,reading_est 58170; model saw 9; ambiguous,model_disagrees,,1
night_err,20260919-182129_dig6,20260919-182129,6,C:\Users\josep\source\repos\AIOTED-digital-rawdigits\20260919\18\8_main_dig6_20260919-182129.jpg,0,flash,79.25,reading_est 59190; model saw 8; ambiguous,model_disagrees,,1
night_err,20260829-032938_dig6,20260829-032938,6,C:\Users\josep\source\repos\AIOTED-digital-rawdigits\20260829\03\9_main_dig6_20260829-032938.jpg,0,flash,75.94,reading_est 58490; model saw 9; ambiguous,model_disagrees,,1
night_err,20260930-013438_dig6,20260930-013438,6,C:\Users\josep\source\repos\AIOTED-digital-rawdigits\20260930\01\4_main_dig6_20260930-013438.jpg,0,flash,77.93,reading_est 59400; model saw 4; ambiguous,model_disagrees,,1
night_err,20260816-024602_dig6,20260816-024602,6,C:\Users\josep\source\repos\AIOTED-digital-rawdigits\20260816\02\9_main_dig6_20260816-024602.jpg,0,flash,75.12,reading_est 58020; model saw 9; ambiguous,model_disagrees,,1
night_err,20260828-000540_dig6,20260828-000540,6,C:\Users\josep\source\repos\AIOTED-digital-rawdigits\20260828\00\9_main_dig6_20260828-000540.jpg,0,flash,75.22,reading_est 58450; model saw 9; ambiguous,model_disagrees,,1
night_err,20260914-213337_dig6,20260914-213337,6,C:\Users\josep\source\repos\AIOTED-digital-rawdigits\20260914\21\6_main_dig6_20260914-213337.jpg,0,flash,76.17,reading_est 59080; model saw 6; ambiguous,model_disagrees,,1
night_err,20260912-182058_dig6,20260912-182058,6,C:\Users\josep\source\repos\AIOTED-digital-rawdigits\20260912\18\1_main_dig6_20260912-182058.jpg,0,transition,83.20,reading_est 59030; skip-host run; model saw 1; ambiguous,model_disagrees,,1
night_err,20260912-183258_dig6,20260912-183258,6,C:\Users\josep\source\repos\AIOTED-digital-rawdigits\20260912\18\1_main_dig6_20260912-183258.jpg,0,transition,81.90,reading_est 59030; skip-host run; model saw 1; ambiguous,model_disagrees,,1
night_err,20260912-184058_dig6,20260912-184058,6,C:\Users\josep\source\repos\AIOTED-digital-rawdigits\20260912\18\1_main_dig6_20260912-184058.jpg,0,transition,81.19,reading_est 59030; skip-host run; model saw 1; ambiguous,model_disagrees,,1
night_err,20260924-061750_dig6,20260924-061750,6,C:\Users\josep\source\repos\AIOTED-digital-rawdigits\20260924\06\0_main_dig6_20260924-061750.jpg,9,flash,79.22,"dash screen (dig5/6 believed 0 9, unverified); model saw 0",model_disagrees,,1
night_err,20260914-032139_dig6,20260914-032139,6,C:\Users\josep\source\repos\AIOTED-digital-rawdigits\20260914\03\5_main_dig6_20260914-032139.jpg,9,flash,78.17,"dash screen (dig5/6 believed 0 9, unverified); model saw 5",model_disagrees,,1
night_err,20260903-010708_dig6,20260903-010708,6,C:\Users\josep\source\repos\AIOTED-digital-rawdigits\20260903\01\5_main_dig6_20260903-010708.jpg,9,flash,76.91,"dash screen (dig5/6 believed 0 9, unverified); model saw 5",model_disagrees,,1
night_err,20260911-033200_dig6,20260911-033200,6,C:\Users\josep\source\repos\AIOTED-digital-rawdigits\20260911\03\5_main_dig6_20260911-033200.jpg,9,flash,79.17,"dash screen (dig5/6 believed 0 9, unverified); model saw 5",model_disagrees,,1
night_err,20260906-193524_dig6,20260906-193524,6,C:\Users\josep\source\repos\AIOTED-digital-rawdigits\20260906\19\0_main_dig6_20260906-193524.jpg,9,flash,79.17,"dash screen (dig5/6 believed 0 9, unverified); model saw 0",model_disagrees,,1
night_err,20260905-062658_dig6,20260905-062658,6,C:\Users\josep\source\repos\AIOTED-digital-rawdigits\20260905\06\5_main_dig6_20260905-062658.jpg,9,flash,79.08,"dash screen (dig5/6 believed 0 9, unverified); model saw 5",model_disagrees,,1
night_err,20260915-234934_dig6,20260915-234934,6,C:\Users\josep\source\repos\AIOTED-digital-rawdigits\20260915\23\0_main_dig6_20260915-234934.jpg,9,flash,78.78,"dash screen (dig5/6 believed 0 9, unverified); model saw 0",model_disagrees,,1
night_err,20260828-004940_dig6,20260828-004940,6,C:\Users\josep\source\repos\AIOTED-digital-rawdigits\20260828\00\5_main_dig6_20260828-004940.jpg,9,flash,77.23,"dash screen (dig5/6 believed 0 9, unverified); model saw 5",model_disagrees,,1
night_err,20260912-193658_dig6,20260912-193658,6,C:\Users\josep\source\repos\AIOTED-digital-rawdigits\20260912\19\8_main_dig6_20260912-193658.jpg,9,flash,78.78,"dash screen (dig5/6 believed 0 9, unverified); model saw 8",model_disagrees,,1
night_err,20260917-210932_dig6,20260917-210932,6,C:\Users\josep\source\repos\AIOTED-digital-rawdigits\20260917\21\8_main_dig6_20260917-210932.jpg,9,flash,78.22,"dash screen (dig5/6 believed 0 9, unverified); model saw 8",model_disagrees,,1
night_err,20260926-233014_dig6,20260926-233014,6,C:\Users\josep\source\repos\AIOTED-digital-rawdigits\20260926\23\6_main_dig6_20260926-233014.jpg,9,flash,79.16,"dash screen (dig5/6 believed 0 9, unverified); model saw 6",model_disagrees,,1
night_err,20260928-222640_dig6,20260928-222640,6,C:\Users\josep\source\repos\AIOTED-digital-rawdigits\20260928\22\6_main_dig6_20260928-222640.jpg,9,flash,79.13,"dash screen (dig5/6 believed 0 9, unverified); model saw 6",model_disagrees,,1
night_err,20260904-205858_dig6,20260904-205858,6,C:\Users\josep\source\repos\AIOTED-digital-rawdigits\20260904\20\5_main_dig6_20260904-205858.jpg,9,flash,78.17,"dash screen (dig5/6 believed 0 9, unverified); model saw 5",model_disagrees,,1
night_err,20260907-050324_dig6,20260907-050324,6,C:\Users\josep\source\repos\AIOTED-digital-rawdigits\20260907\05\8_main_dig6_20260907-050324.jpg,9,flash,79.93,"dash screen (dig5/6 believed 0 9, unverified); model saw 8",model_disagrees,,1
night_err,20260925-222616_dig6,20260925-222616,6,C:\Users\josep\source\repos\AIOTED-digital-rawdigits\20260925\22\0_main_dig6_20260925-222616.jpg,9,flash,79.17,"dash screen (dig5/6 believed 0 9, unverified); model saw 0",model_disagrees,,1
night_err,20260917-012933_dig6,20260917-012933,6,C:\Users\josep\source\repos\AIOTED-digital-rawdigits\20260917\01\0_main_dig6_20260917-012933.jpg,9,flash,78.05,reading_est 59129; model saw 0; ambiguous,model_disagrees,,1
night_err,20260829-010938_dig6,20260829-010938,6,C:\Users\josep\source\repos\AIOTED-digital-rawdigits\20260829\01\6_main_dig6_20260829-010938.jpg,9,flash,75.06,reading_est 58489; model saw 6; ambiguous,model_disagrees,,1
night_err,20260926-200615_dig6,20260926-200615,6,C:\Users\josep\source\repos\AIOTED-digital-rawdigits\20260926\20\0_main_dig6_20260926-200615.jpg,9,flash,79.17,reading_est 59339; model saw 0; ambiguous,model_disagrees,,1
night_err,20260816-004603_dig6,20260816-004603,6,C:\Users\josep\source\repos\AIOTED-digital-rawdigits\20260816\00\6_main_dig6_20260816-004603.jpg,9,flash,75.12,reading_est 58019; model saw 6; ambiguous,model_disagrees,,1
night_err,20260911-000800_dig6,20260911-000800,6,C:\Users\josep\source\repos\AIOTED-digital-rawdigits\20260911\00\5_main_dig6_20260911-000800.jpg,9,flash,77.62,reading_est 58969; model saw 5; ambiguous,model_disagrees,,1
night_err,20260913-044057_dig6,20260913-044057,6,C:\Users\josep\source\repos\AIOTED-digital-rawdigits\20260913\04\0_main_dig6_20260913-044057.jpg,9,flash,78.08,reading_est 59039; skip-host run; model saw 0; ambiguous,model_disagrees,,1
night_err,20260927-213842_dig6,20260927-213842,6,C:\Users\josep\source\repos\AIOTED-digital-rawdigits\20260927\21\5_main_dig6_20260927-213842.jpg,9,flash,78.93,reading_est 59359; model saw 5; ambiguous,model_disagrees,,1
night_err,20260912-044027_dig6,20260912-044027,6,C:\Users\josep\source\repos\AIOTED-digital-rawdigits\20260912\04\5_main_dig6_20260912-044027.jpg,9,flash,78.09,reading_est 59009; model saw 5; ambiguous,model_disagrees,,1
night_err,20260925-211016_dig6,20260925-211016,6,C:\Users\josep\source\repos\AIOTED-digital-rawdigits\20260925\21\8_main_dig6_20260925-211016.jpg,9,flash,79.93,reading_est 59319; model saw 8; ambiguous,model_disagrees,,1
night_err,20260904-210258_dig6,20260904-210258,6,C:\Users\josep\source\repos\AIOTED-digital-rawdigits\20260904\21\8_main_dig6_20260904-210258.jpg,9,flash,76.76,reading_est 58759; model saw 8; ambiguous,model_disagrees,,1
night_err,20260910-023118_dig6,20260910-023118,6,C:\Users\josep\source\repos\AIOTED-digital-rawdigits\20260910\02\0_main_dig6_20260910-023118.jpg,9,flash,77.93,reading_est 58939; model saw 0; ambiguous,model_disagrees,,1
night_err,20260922-044924_dig6,20260922-044924,6,C:\Users\josep\source\repos\AIOTED-digital-rawdigits\20260922\04\6_main_dig6_20260922-044924.jpg,9,flash,77.87,reading_est 59239; model saw 6; ambiguous,model_disagrees,,1
night_err,20260907-185523_dig6,20260907-185523,6,C:\Users\josep\source\repos\AIOTED-digital-rawdigits\20260907\18\0_main_dig6_20260907-185523.jpg,9,flash,80.26,reading_est 58859; model saw 0; ambiguous,model_disagrees,,1
night_err,20260905-063058_dig6,20260905-063058,6,C:\Users\josep\source\repos\AIOTED-digital-rawdigits\20260905\06\8_main_dig6_20260905-063058.jpg,9,flash,76.97,reading_est 58769; model saw 8; ambiguous,model_disagrees,,1
night_err,20260906-024656_dig6,20260906-024656,6,C:\Users\josep\source\repos\AIOTED-digital-rawdigits\20260906\02\0_main_dig6_20260906-024656.jpg,9,flash,78.17,reading_est 58798; skip 58798->58800: inferred 58799 (lower run); model saw 0; ambiguous,model_disagrees,,1
night_err,20260924-030550_dig6,20260924-030550,6,C:\Users\josep\source\repos\AIOTED-digital-rawdigits\20260924\03\5_main_dig6_20260924-030550.jpg,9,flash,78.00,reading_est 59279; skip-host run; model saw 5; ambiguous,model_disagrees,,1
night_err,20260903-234707_dig6,20260903-234707,6,C:\Users\josep\source\repos\AIOTED-digital-rawdigits\20260903\23\5_main_dig6_20260903-234707.jpg,9,flash,75.91,reading_est 58719; model saw 5; ambiguous,model_disagrees,,1
night_err,20260908-054322_dig6,20260908-054322,6,C:\Users\josep\source\repos\AIOTED-digital-rawdigits\20260908\05\0_main_dig6_20260908-054322.jpg,9,flash,77.86,reading_est 58868; skip 58868->58870: inferred 58869 (lower run); model saw 0; ambiguous,model_disagrees,,1
night_err,20260815-235403_dig6,20260815-235403,6,C:\Users\josep\source\repos\AIOTED-digital-rawdigits\20260815\23\6_main_dig6_20260815-235403.jpg,9,flash,75.17,reading_est 58019; model saw 6; ambiguous,model_disagrees,,1
night_err,20260821-200152_dig6,20260821-200152,6,C:\Users\josep\source\repos\AIOTED-digital-rawdigits\20260821\20\6_main_dig6_20260821-200152.jpg,9,flash,76.13,reading_est 58239; model saw 6; ambiguous,model_disagrees,,1
night_err,20260920-191727_dig6,20260920-191727,6,C:\Users\josep\source\repos\AIOTED-digital-rawdigits\20260920\19\0_main_dig6_20260920-191727.jpg,9,flash,78.17,reading_est 59209; model saw 0; ambiguous,model_disagrees,,1
night_err,20260914-023739_dig6,20260914-023739,6,C:\Users\josep\source\repos\AIOTED-digital-rawdigits\20260914\02\6_main_dig6_20260914-023739.jpg,9,flash,76.87,reading_est 59059; model saw 6; ambiguous,model_disagrees,,1
night_err,20260917-004933_dig6,20260917-004933,6,C:\Users\josep\source\repos\AIOTED-digital-rawdigits\20260917\00\5_main_dig6_20260917-004933.jpg,9,flash,77.05,reading_est 59129; model saw 5; ambiguous,model_disagrees,,1
night_err,20260829-201337_dig6,20260829-201337,6,C:\Users\josep\source\repos\AIOTED-digital-rawdigits\20260829\20\5_main_dig6_20260829-201337.jpg,9,flash,75.12,reading_est 58509; model saw 5; ambiguous,model_disagrees,,1
night_err,20260816-003403_dig6,20260816-003403,6,C:\Users\josep\source\repos\AIOTED-digital-rawdigits\20260816\00\6_main_dig6_20260816-003403.jpg,9,flash,75.10,reading_est 58019; model saw 6; ambiguous,model_disagrees,,1
night_err,20260913-042057_dig6,20260913-042057,6,C:\Users\josep\source\repos\AIOTED-digital-rawdigits\20260913\04\6_main_dig6_20260913-042057.jpg,9,flash,77.86,reading_est 59039; skip-host run; model saw 6; ambiguous,model_disagrees,,1
night_err,20260927-214642_dig6,20260927-214642,6,C:\Users\josep\source\repos\AIOTED-digital-rawdigits\20260927\21\8_main_dig6_20260927-214642.jpg,9,flash,78.22,reading_est 59359; model saw 8; ambiguous,model_disagrees,,1
night_err,20260912-044827_dig6,20260912-044827,6,C:\Users\josep\source\repos\AIOTED-digital-rawdigits\20260912\04\6_main_dig6_20260912-044827.jpg,9,flash,77.93,reading_est 59009; model saw 6; ambiguous,model_disagrees,,1
night_err,20260925-014618_dig6,20260925-014618,6,C:\Users\josep\source\repos\AIOTED-digital-rawdigits\20260925\01\6_main_dig6_20260925-014618.jpg,9,flash,77.86,reading_est 59299; model saw 6; ambiguous,model_disagrees,,1
night_err,20260904-214258_dig6,20260904-214258,6,C:\Users\josep\source\repos\AIOTED-digital-rawdigits\20260904\21\5_main_dig6_20260904-214258.jpg,9,flash,76.87,reading_est 58759; model saw 5; ambiguous,model_disagrees,,1
night_err,20260910-232800_dig6,20260910-232800,6,C:\Users\josep\source\repos\AIOTED-digital-rawdigits\20260910\23\0_main_dig6_20260910-232800.jpg,9,flash,77.86,reading_est 58969; model saw 0; disagree,model_disagrees,,1
night_err,20260922-042924_dig6,20260922-042924,6,C:\Users\josep\source\repos\AIOTED-digital-rawdigits\20260922\04\5_main_dig6_20260922-042924.jpg,9,flash,77.62,reading_est 59239; model saw 5; ambiguous,model_disagrees,,1
night_err,20260907-011124_dig6,20260907-011124,6,C:\Users\josep\source\repos\AIOTED-digital-rawdigits\20260907\01\0_main_dig6_20260907-011124.jpg,9,flash,76.93,reading_est 58829; model saw 0; ambiguous,model_disagrees,,1
night_err,20260906-050656_dig6,20260906-050656,6,C:\Users\josep\source\repos\AIOTED-digital-rawdigits\20260906\05\0_main_dig6_20260906-050656.jpg,9,flash,78.10,reading_est 58798; skip 58798->58800: inferred 58799 (lower run); model saw 0; ambiguous,model_disagrees,,1
night_err,20260924-031350_dig6,20260924-031350,6,C:\Users\josep\source\repos\AIOTED-digital-rawdigits\20260924\03\6_main_dig6_20260924-031350.jpg,9,flash,78.17,reading_est 59279; skip-host run; model saw 6; ambiguous,model_disagrees,,1
night_err,20260903-235907_dig6,20260903-235907,6,C:\Users\josep\source\repos\AIOTED-digital-rawdigits\20260903\23\5_main_dig6_20260903-235907.jpg,9,flash,75.91,reading_est 58719; model saw 5; ambiguous,model_disagrees,,1
night_err,20260908-063122_dig6,20260908-063122,6,C:\Users\josep\source\repos\AIOTED-digital-rawdigits\20260908\06\8_main_dig6_20260908-063122.jpg,9,flash,77.94,reading_est 58868; skip 58868->58870: inferred 58869 (lower run); model saw 8; agree_soft,model_disagrees,,1
night_err,20260920-190527_dig6,20260920-190527,6,C:\Users\josep\source\repos\AIOTED-digital-rawdigits\20260920\19\8_main_dig6_20260920-190527.jpg,9,flash,78.22,reading_est 59209; model saw 8; ambiguous,model_disagrees,,1
night_err,20260914-015739_dig6,20260914-015739,6,C:\Users\josep\source\repos\AIOTED-digital-rawdigits\20260914\01\5_main_dig6_20260914-015739.jpg,9,flash,76.86,reading_est 59059; model saw 5; ambiguous,model_disagrees,,1
night_err,20260917-235331_dig6,20260917-235331,6,C:\Users\josep\source\repos\AIOTED-digital-rawdigits\20260917\23\0_main_dig6_20260917-235331.jpg,9,flash,78.17,reading_est 59149; model saw 0; ambiguous,model_disagrees,,1
night_err,20260829-002938_dig6,20260829-002938,6,C:\Users\josep\source\repos\AIOTED-digital-rawdigits\20260829\00\6_main_dig6_20260829-002938.jpg,9,flash,74.12,reading_est 58489; model saw 6; ambiguous,model_disagrees,,1
night_err,20260816-001403_dig6,20260816-001403,6,C:\Users\josep\source\repos\AIOTED-digital-rawdigits\20260816\00\6_main_dig6_20260816-001403.jpg,9,flash,75.23,reading_est 58019; model saw 6; ambiguous,model_disagrees,,1
night_err,20260913-042857_dig6,20260913-042857,6,C:\Users\josep\source\repos\AIOTED-digital-rawdigits\20260913\04\0_main_dig6_20260913-042857.jpg,9,flash,77.93,reading_est 59039; skip-host run; model saw 0; ambiguous,model_disagrees,,1
night_err,20260927-201842_dig6,20260927-201842,6,C:\Users\josep\source\repos\AIOTED-digital-rawdigits\20260927\20\0_main_dig6_20260927-201842.jpg,9,flash,78.93,reading_est 59359; model saw 0; ambiguous,model_disagrees,,1
night_err,20260925-015418_dig6,20260925-015418,6,C:\Users\josep\source\repos\AIOTED-digital-rawdigits\20260925\01\5_main_dig6_20260925-015418.jpg,9,flash,77.10,reading_est 59299; model saw 5; ambiguous,model_disagrees,,1
night_err,20260911-185628_dig6,20260911-185628,6,C:\Users\josep\source\repos\AIOTED-digital-rawdigits\20260911\18\8_main_dig6_20260911-185628.jpg,9,transition,82.25,"dash screen (dig5/6 believed 0 9, unverified); model saw 8",model_disagrees,,1
night_err,20260912-183658_dig6,20260912-183658,6,C:\Users\josep\source\repos\AIOTED-digital-rawdigits\20260912\18\8_main_dig6_20260912-183658.jpg,9,transition,83.97,"dash screen (dig5/6 believed 0 9, unverified); model saw 8",model_disagrees,,1
night_err,20260908-080722_dig6,20260908-080722,6,C:\Users\josep\source\repos\AIOTED-digital-rawdigits\20260908\08\8_main_dig6_20260908-080722.jpg,9,transition,87.20,"dash screen (dig5/6 believed 0 9, unverified); model saw 8",model_disagrees,,1
night_err,20260910-073518_dig6,20260910-073518,6,C:\Users\josep\source\repos\AIOTED-digital-rawdigits\20260910\07\8_main_dig6_20260910-073518.jpg,9,transition,94.21,"dash screen (dig5/6 believed 0 9, unverified); model saw 8",model_disagrees,,1
night_err,20260906-063056_dig6,20260906-063056,6,C:\Users\josep\source\repos\AIOTED-digital-rawdigits\20260906\06\8_main_dig6_20260906-063056.jpg,9,transition,81.93,"dash screen (dig5/6 believed 0 9, unverified); model saw 8",model_disagrees,,1
night_err,20260907-064324_dig6,20260907-064324,6,C:\Users\josep\source\repos\AIOTED-digital-rawdigits\20260907\06\8_main_dig6_20260907-064324.jpg,9,transition,82.90,"dash screen (dig5/6 believed 0 9, unverified); model saw 8",model_disagrees,,1
night_err,20260921-174525_dig6,20260921-174525,6,C:\Users\josep\source\repos\AIOTED-digital-rawdigits\20260921\17\8_main_dig6_20260921-174525.jpg,9,transition,88.24,"dash screen (dig5/6 believed 0 9, unverified); model saw 8",model_disagrees,,1
night_err,20260920-073328_dig6,20260920-073328,6,C:\Users\josep\source\repos\AIOTED-digital-rawdigits\20260920\07\8_main_dig6_20260920-073328.jpg,9,transition,88.90,"dash screen (dig5/6 believed 0 9, unverified); model saw 8",model_disagrees,,1
night_err,20260924-065750_dig6,20260924-065750,6,C:\Users\josep\source\repos\AIOTED-digital-rawdigits\20260924\06\8_main_dig6_20260924-065750.jpg,9,transition,82.25,"dash screen (dig5/6 believed 0 9, unverified); model saw 8",model_disagrees,,1
night_err,20260925-155817_dig6,20260925-155817,6,C:\Users\josep\source\repos\AIOTED-digital-rawdigits\20260925\15\8_main_dig6_20260925-155817.jpg,9,transition,92.25,"dash screen (dig5/6 believed 0 9, unverified); model saw 8",model_disagrees,,1
night_err,20260913-175339_dig6,20260913-175339,6,C:\Users\josep\source\repos\AIOTED-digital-rawdigits\20260913\17\8_main_dig6_20260913-175339.jpg,9,transition,86.97,"dash screen (dig5/6 believed 0 9, unverified); model saw 8",model_disagrees,,1
night_err,20260915-174136_dig6,20260915-174136,6,C:\Users\josep\source\repos\AIOTED-digital-rawdigits\20260915\17\8_main_dig6_20260915-174136.jpg,9,transition,88.97,"dash screen (dig5/6 believed 0 9, unverified); model saw 8",model_disagrees,,1
night_err,20260926-071416_dig6,20260926-071416,6,C:\Users\josep\source\repos\AIOTED-digital-rawdigits\20260926\07\8_main_dig6_20260926-071416.jpg,9,transition,83.97,"dash screen (dig5/6 believed 0 9, unverified); model saw 8",model_disagrees,,1
night_err,20260917-084133_dig6,20260917-084133,6,C:\Users\josep\source\repos\AIOTED-digital-rawdigits\20260917\08\8_main_dig6_20260917-084133.jpg,9,transition,84.24,"dash screen (dig5/6 believed 0 9, unverified); model saw 8",model_disagrees,,1
night_err,20260918-100531_dig6,20260918-100531,6,C:\Users\josep\source\repos\AIOTED-digital-rawdigits\20260918\10\8_main_dig6_20260918-100531.jpg,9,transition,87.97,"dash screen (dig5/6 believed 0 9, unverified); model saw 8",model_disagrees,,1
night_err,20260906-171925_dig6,20260906-171925,6,C:\Users\josep\source\repos\AIOTED-digital-rawdigits\20260906\17\8_main_dig6_20260906-171925.jpg,9,transition,94.90,reading_est 58818; skip 58818->58820: inferred 58819 (lower run); model saw 8; agree_soft,model_disagrees,,1
night_err,20260906-172325_dig6,20260906-172325,6,C:\Users\josep\source\repos\AIOTED-digital-rawdigits\20260906\17\8_main_dig6_20260906-172325.jpg,9,transition,89.29,reading_est 58818; skip 58818->58820: inferred 58819 (lower run); model saw 8; agree_soft,model_disagrees,,1
night_err,20260910-165201_dig6,20260910-165201,6,C:\Users\josep\source\repos\AIOTED-digital-rawdigits\20260910\16\8_main_dig6_20260910-165201.jpg,9,transition,91.97,reading_est 58958; skip 58958->58960: inferred 58959 (lower run); model saw 8; agree_soft,model_disagrees,,1
night_err,20260910-170001_dig6,20260910-170001,6,C:\Users\josep\source\repos\AIOTED-digital-rawdigits\20260910\17\8_main_dig6_20260910-170001.jpg,9,transition,90.97,reading_est 58958; skip 58958->58960: inferred 58959 (lower run); model saw 8; agree_soft,model_disagrees,,1
night_err,20260912-130827_dig6,20260912-130827,6,C:\Users\josep\source\repos\AIOTED-digital-rawdigits\20260912\13\8_main_dig6_20260912-130827.jpg,9,transition,92.93,reading_est 59018; skip 59018->59020: inferred 59019 (lower run); model saw 8; agree_soft,model_disagrees,,1
night_err,20260921-074126_dig6,20260921-074126,6,C:\Users\josep\source\repos\AIOTED-digital-rawdigits\20260921\07\8_main_dig6_20260921-074126.jpg,9,transition,85.19,reading_est 59218; skip 59218->59220: inferred 59219 (lower run); model saw 8; agree_soft,model_disagrees,,1
night_err,20260921-075326_dig6,20260921-075326,6,C:\Users\josep\source\repos\AIOTED-digital-rawdigits\20260921\07\8_main_dig6_20260921-075326.jpg,9,transition,87.97,reading_est 59218; skip 59218->59220: inferred 59219 (lower run); model saw 8; agree_soft,model_disagrees,,1
night_err,20260921-080126_dig6,20260921-080126,6,C:\Users\josep\source\repos\AIOTED-digital-rawdigits\20260921\08\8_main_dig6_20260921-080126.jpg,9,transition,86.19,reading_est 59218; skip 59218->59220: inferred 59219 (lower run); model saw 8; agree_soft,model_disagrees,,1
night_err,20260918-110931_dig6,20260918-110931,6,C:\Users\josep\source\repos\AIOTED-digital-rawdigits\20260918\11\8_main_dig6_20260918-110931.jpg,9,transition,95.24,reading_est 59158; skip 59158->59160: inferred 59159 (lower run); model saw 8; agree_soft,drift|model_disagrees,,1
night_err,20260919-103329_dig6,20260919-103329,6,C:\Users\josep\source\repos\AIOTED-digital-rawdigits\20260919\10\8_main_dig6_20260919-103329.jpg,9,transition,88.24,reading_est 59178; skip 59178->59180: inferred 59179 (lower run); model saw 8; agree_soft,drift|model_disagrees,,1
night_err,20260921-081326_dig6,20260921-081326,6,C:\Users\josep\source\repos\AIOTED-digital-rawdigits\20260921\08\8_main_dig6_20260921-081326.jpg,9,transition,94.29,reading_est 59218; skip 59218->59220: inferred 59219 (lower run); model saw 8; agree_soft,drift|model_disagrees,,1
night_err,20260921-082126_dig6,20260921-082126,6,C:\Users\josep\source\repos\AIOTED-digital-rawdigits\20260921\08\8_main_dig6_20260921-082126.jpg,9,transition,95.97,reading_est 59218; skip 59218->59220: inferred 59219 (lower run); model saw 8; agree_soft,drift|model_disagrees,,1
night_err,20260831-011734_dig5,20260831-011734,5,C:\Users\josep\source\repos\AIOTED-digital-rawdigits\20260831\01\5_main_dig5_20260831-011734.jpg,4,flash,75.29,reading_est 58549; model saw 5; ambiguous,model_disagrees,,1
night_err,20260831-012534_dig5,20260831-012534,5,C:\Users\josep\source\repos\AIOTED-digital-rawdigits\20260831\01\5_main_dig5_20260831-012534.jpg,4,flash,75.00,reading_est 58549; model saw 5; ambiguous,model_disagrees,,1
night_err,20260831-013734_dig5,20260831-013734,5,C:\Users\josep\source\repos\AIOTED-digital-rawdigits\20260831\01\5_main_dig5_20260831-013734.jpg,4,flash,75.12,reading_est 58549; model saw 5; ambiguous,model_disagrees,,1
night_err,20260831-014534_dig5,20260831-014534,5,C:\Users\josep\source\repos\AIOTED-digital-rawdigits\20260831\01\5_main_dig5_20260831-014534.jpg,4,flash,74.99,reading_est 58549; model saw 5; ambiguous,model_disagrees,,1
night_err,20260831-015734_dig5,20260831-015734,5,C:\Users\josep\source\repos\AIOTED-digital-rawdigits\20260831\01\5_main_dig5_20260831-015734.jpg,4,flash,74.91,reading_est 58549; model saw 5; ambiguous,model_disagrees,,1
night_err,20260831-020534_dig5,20260831-020534,5,C:\Users\josep\source\repos\AIOTED-digital-rawdigits\20260831\02\5_main_dig5_20260831-020534.jpg,4,flash,75.09,reading_est 58549; model saw 5; ambiguous,model_disagrees,,1
night_err,20260831-021734_dig5,20260831-021734,5,C:\Users\josep\source\repos\AIOTED-digital-rawdigits\20260831\02\5_main_dig5_20260831-021734.jpg,4,flash,75.17,reading_est 58549; model saw 5; ambiguous,model_disagrees,,1
night_err,20260831-022534_dig5,20260831-022534,5,C:\Users\josep\source\repos\AIOTED-digital-rawdigits\20260831\02\5_main_dig5_20260831-022534.jpg,4,flash,75.13,reading_est 58549; model saw 5; ambiguous,model_disagrees,,1
night_err,20260926-201415_dig5,20260926-201415,5,C:\Users\josep\source\repos\AIOTED-digital-rawdigits\20260926\20\7_main_dig5_20260926-201415.jpg,4,flash,78.87,reading_est 59340; model saw 7; ambiguous,model_disagrees,,1
night_err,20260926-202615_dig5,20260926-202615,5,C:\Users\josep\source\repos\AIOTED-digital-rawdigits\20260926\20\3_main_dig5_20260926-202615.jpg,4,flash,79.00,reading_est 59340; model saw 3; ambiguous,model_disagrees,,1
night_err,20260926-203415_dig5,20260926-203415,5,C:\Users\josep\source\repos\AIOTED-digital-rawdigits\20260926\20\7_main_dig5_20260926-203415.jpg,4,flash,79.00,reading_est 59340; model saw 7; ambiguous,model_disagrees,,1
night_err,20260926-204615_dig5,20260926-204615,5,C:\Users\josep\source\repos\AIOTED-digital-rawdigits\20260926\20\7_main_dig5_20260926-204615.jpg,4,flash,78.87,reading_est 59340; model saw 7; ambiguous,model_disagrees,,1
night_err,20260904-055106_dig5,20260904-055106,5,C:\Users\josep\source\repos\AIOTED-digital-rawdigits\20260904\05\10_main_dig5_20260904-055106.jpg,0,flash,77.94,"dash screen (dig5/6 believed 0 9, unverified); model saw N",model_disagrees,,1
night_err,20260826-205342_dig5,20260826-205342,5,C:\Users\josep\source\repos\AIOTED-digital-rawdigits\20260826\20\1_main_dig5_20260826-205342.jpg,0,flash,75.07,reading_est 58409; model saw 1; ambiguous,model_disagrees,,1
night_err,20260826-210142_dig5,20260826-210142,5,C:\Users\josep\source\repos\AIOTED-digital-rawdigits\20260826\21\1_main_dig5_20260826-210142.jpg,0,flash,74.77,reading_est 58409; model saw 1; ambiguous,model_disagrees,,1
night_err,20260826-210942_dig5,20260826-210942,5,C:\Users\josep\source\repos\AIOTED-digital-rawdigits\20260826\21\1_main_dig5_20260826-210942.jpg,0,flash,75.09,reading_est 58409; model saw 1; ambiguous,model_disagrees,,1
night_err,20260826-212142_dig5,20260826-212142,5,C:\Users\josep\source\repos\AIOTED-digital-rawdigits\20260826\21\1_main_dig5_20260826-212142.jpg,0,flash,75.76,reading_est 58409; model saw 1; ambiguous,model_disagrees,,1
