queue,item_id,stamp,pos,src,proposed,bucket,brightness,context,preflag,group,needs_verify
night_fill,20260913-064057_dig6,20260913-064057,6,C:\Users\josep\source\repos\AIOTED-digital-rawdigits\20260913\06\1_main_dig6_20260913-064057.jpg,1,flash,78.17,reading_est 59041; model saw 1; agree_soft,,,0
night_fill,20260918-235730_dig6,20260918-235730,6,C:\Users\josep\source\repos\AIOTED-digital-rawdigits\20260918\23\1_main_dig6_20260918-235730.jpg,1,flash,77.86,reading_est 59171; model saw 1; agree_soft,,,0
night_fill,20260911-195228_dig6,20260911-195228,6,C:\Users\josep\source\repos\AIOTED-digital-rawdigits\20260911\19\1_main_dig6_20260911-195228.jpg,1,flash,77.89,reading_est 59001; model saw 1; agree_soft,,,0
night_fill,20260815-183803_dig6,20260815-183803,6,C:\Users\josep\source\repos\AIOTED-digital-rawdigits\20260815\18\1_main_dig6_20260815-183803.jpg,1,flash,79.25,reading_est 58011; model saw 1; agree,,,0
night_fill,20260919-001730_dig6,20260919-001730,6,C:\Users\josep\source\repos\AIOTED-digital-rawdigits\20260919\00\1_main_dig6_20260919-001730.jpg,1,flash,77.22,reading_est 59171; model saw 1; agree_soft,,,0
night_fill,20260904-020706_dig6,20260904-020706,6,C:\Users\josep\source\repos\AIOTED-digital-rawdigits\20260904\02\1_main_dig6_20260904-020706.jpg,1,flash,75.62,reading_est 58721; model saw 1; agree_soft,,,0
night_fill,20260928-011442_dig6,20260928-011442,6,C:\Users\josep\source\repos\AIOTED-digital-rawdigits\20260928\01\1_main_dig6_20260928-011442.jpg,1,flash,78.86,reading_est 59361; model saw 1; agree_soft,,,0
night_fill,20260914-060538_dig6,20260914-060538,6,C:\Users\josep\source\repos\AIOTED-digital-rawdigits\20260914\06\1_main_dig6_20260914-060538.jpg,1,flash,76.86,reading_est 59061; model saw 1; agree_soft,,,0
night_fill,20260816-193801_dig6,20260816-193801,6,C:\Users\josep\source\repos\AIOTED-digital-rawdigits\20260816\19\1_main_dig6_20260816-193801.jpg,1,flash,78.94,reading_est 58051; model saw 1; agree,,,0
night_fill,20260829-220536_dig6,20260829-220536,6,C:\Users\josep\source\repos\AIOTED-digital-rawdigits\20260829\22\1_main_dig6_20260829-220536.jpg,1,flash,75.05,reading_est 58511; model saw 1; agree_soft,,,0
night_fill,20260926-224614_dig6,20260926-224614,6,C:\Users\josep\source\repos\AIOTED-digital-rawdigits\20260926\22\1_main_dig6_20260926-224614.jpg,1,flash,78.17,reading_est 59341; model saw 1; agree_soft,,,0
night_fill,20260817-195359_dig6,20260817-195359,6,C:\Users\josep\source\repos\AIOTED-digital-rawdigits\20260817\19\1_main_dig6_20260817-195359.jpg,1,flash,75.09,reading_est 58091; model saw 1; agree,,,0
night_fill,20260831-210133_dig6,20260831-210133,6,C:\Users\josep\source\repos\AIOTED-digital-rawdigits\20260831\21\1_main_dig6_20260831-210133.jpg,1,flash,74.19,reading_est 58591; model saw 1; agree_soft,,,0
night_fill,20260924-055350_dig6,20260924-055350,6,C:\Users\josep\source\repos\AIOTED-digital-rawdigits\20260924\05\1_main_dig6_20260924-055350.jpg,1,flash,78.09,reading_est 59281; model saw 1; agree_soft,,,0
night_fill,20260925-050617_dig6,20260925-050617,6,C:\Users\josep\source\repos\AIOTED-digital-rawdigits\20260925\05\1_main_dig6_20260925-050617.jpg,1,flash,76.91,reading_est 59301; model saw 1; agree,,,0
night_fill,20260907-040723_dig6,20260907-040723,6,C:\Users\josep\source\repos\AIOTED-digital-rawdigits\20260907\04\1_main_dig6_20260907-040723.jpg,1,flash,77.17,reading_est 58831; model saw 1; agree,,,0
night_fill,20260822-000151_dig6,20260822-000151,6,C:\Users\josep\source\repos\AIOTED-digital-rawdigits\20260822\00\1_main_dig6_20260822-000151.jpg,1,flash,76.17,reading_est 58241; model saw 1; agree,,,0
night_fill,20260922-064524_dig6,20260922-064524,6,C:\Users\josep\source\repos\AIOTED-digital-rawdigits\20260922\06\1_main_dig6_20260922-064524.jpg,1,flash,78.17,reading_est 59241; model saw 1; agree_soft,,,0
night_fill,20260902-202309_dig6,20260902-202309,6,C:\Users\josep\source\repos\AIOTED-digital-rawdigits\20260902\20\1_main_dig6_20260902-202309.jpg,1,flash,74.03,reading_est 58681; model saw 1; agree_soft,,,0
night_fill,20260820-002155_dig6,20260820-002155,6,C:\Users\josep\source\repos\AIOTED-digital-rawdigits\20260820\00\1_main_dig6_20260820-002155.jpg,1,flash,76.87,reading_est 58171; model saw 1; agree_soft,,,0
night_fill,20260912-063627_dig6,20260912-063627,6,C:\Users\josep\source\repos\AIOTED-digital-rawdigits\20260912\06\1_main_dig6_20260912-063627.jpg,1,flash,77.94,reading_est 59011; model saw 1; agree_soft,,,0
night_fill,20260920-203727_dig6,20260920-203727,6,C:\Users\josep\source\repos\AIOTED-digital-rawdigits\20260920\20\1_main_dig6_20260920-203727.jpg,1,flash,78.17,reading_est 59211; model saw 1; agree_soft,,,0
night_fill,20260819-230955_dig6,20260819-230955,6,C:\Users\josep\source\repos\AIOTED-digital-rawdigits\20260819\23\1_main_dig6_20260819-230955.jpg,1,flash,77.22,reading_est 58171; model saw 1; agree_soft,,,0
night_fill,20260821-020553_dig6,20260821-020553,6,C:\Users\josep\source\repos\AIOTED-digital-rawdigits\20260821\02\1_main_dig6_20260821-020553.jpg,1,flash,76.29,reading_est 58211; model saw 1; agree_soft,,,0
night_fill,20260917-031733_dig6,20260917-031733,6,C:\Users\josep\source\repos\AIOTED-digital-rawdigits\20260917\03\1_main_dig6_20260917-031733.jpg,1,flash,78.22,reading_est 59131; model saw 1; agree_soft,,,0
night_fill,20260915-184535_dig6,20260915-184535,6,C:\Users\josep\source\repos\AIOTED-digital-rawdigits\20260915\18\1_main_dig6_20260915-184535.jpg,1,flash,80.91,reading_est 59101; model saw 1; agree_soft,,,0
night_fill,20260824-174546_dig6,20260824-174546,6,C:\Users\josep\source\repos\AIOTED-digital-rawdigits\20260824\17\1_main_dig6_20260824-174546.jpg,1,transition,94.26,reading_est 58331; model saw 1; agree,,,0
night_fill,20260913-171739_dig6,20260913-171739,6,C:\Users\josep\source\repos\AIOTED-digital-rawdigits\20260913\17\1_main_dig6_20260913-171739.jpg,1,transition,92.12,reading_est 59051; model saw 1; agree_soft,,,0
night_fill,20260904-091506_dig6,20260904-091506,6,C:\Users\josep\source\repos\AIOTED-digital-rawdigits\20260904\09\1_main_dig6_20260904-091506.jpg,1,transition,81.08,reading_est 58731; model saw 1; agree_soft,,,0
night_fill,20260823-071349_dig6,20260823-071349,6,C:\Users\josep\source\repos\AIOTED-digital-rawdigits\20260823\07\1_main_dig6_20260823-071349.jpg,1,transition,94.16,reading_est 58281; model saw 1; agree,,,0
night_fill,20260915-183735_dig6,20260915-183735,6,C:\Users\josep\source\repos\AIOTED-digital-rawdigits\20260915\18\1_main_dig6_20260915-183735.jpg,1,transition,81.90,reading_est 59101; model saw 1; agree_soft,,,0
night_fill,20260921-172125_dig6,20260921-172125,6,C:\Users\josep\source\repos\AIOTED-digital-rawdigits\20260921\17\1_main_dig6_20260921-172125.jpg,1,transition,92.24,reading_est 59231; model saw 1; agree_soft,,,0
night_fill,20260906-175925_dig6,20260906-175925,6,C:\Users\josep\source\repos\AIOTED-digital-rawdigits\20260906\17\1_main_dig6_20260906-175925.jpg,1,transition,81.90,reading_est 58821; model saw 1; agree,,,0
night_fill,20260822-191350_dig6,20260822-191350,6,C:\Users\josep\source\repos\AIOTED-digital-rawdigits\20260822\19\1_main_dig6_20260822-191350.jpg,1,transition,81.76,reading_est 58271; model saw 1; agree_soft,,,0
night_fill,20260830-180935_dig6,20260830-180935,6,C:\Users\josep\source\repos\AIOTED-digital-rawdigits\20260830\18\1_main_dig6_20260830-180935.jpg,1,transition,95.90,reading_est 58541; model saw 1; agree,,,0
night_fill,20260903-073108_dig6,20260903-073108,6,C:\Users\josep\source\repos\AIOTED-digital-rawdigits\20260903\07\1_main_dig6_20260903-073108.jpg,1,transition,87.41,reading_est 58691; model saw 1; agree,,,0
night_fill,20260910-172801_dig6,20260910-172801,6,C:\Users\josep\source\repos\AIOTED-digital-rawdigits\20260910\17\1_main_dig6_20260910-172801.jpg,1,transition,88.90,reading_est 58961; model saw 1; agree,,,0
night_fill,20260826-162143_dig6,20260826-162143,6,C:\Users\josep\source\repos\AIOTED-digital-rawdigits\20260826\16\1_main_dig6_20260826-162143.jpg,1,transition,95.74,reading_est 58401; model saw 1; agree,,,0
night_fill,20260922-071724_dig6,20260922-071724,6,C:\Users\josep\source\repos\AIOTED-digital-rawdigits\20260922\07\1_main_dig6_20260922-071724.jpg,1,transition,83.24,reading_est 59241; model saw 1; agree_soft,,,0
night_fill,20260905-083058_dig6,20260905-083058,6,C:\Users\josep\source\repos\AIOTED-digital-rawdigits\20260905\08\1_main_dig6_20260905-083058.jpg,1,transition,87.20,reading_est 58771; model saw 1; agree,,,0
night_fill,20260817-165359_dig6,20260817-165359,6,C:\Users\josep\source\repos\AIOTED-digital-rawdigits\20260817\16\1_main_dig6_20260817-165359.jpg,1,transition,92.08,reading_est 58081; model saw 1; agree_soft,,,0
night_fill,20260908-074322_dig6,20260908-074322,6,C:\Users\josep\source\repos\AIOTED-digital-rawdigits\20260908\07\1_main_dig6_20260908-074322.jpg,1,transition,82.20,reading_est 58871; model saw 1; agree,,,0
night_fill,20260902-175509_dig6,20260902-175509,6,C:\Users\josep\source\repos\AIOTED-digital-rawdigits\20260902\17\1_main_dig6_20260902-175509.jpg,1,transition,83.12,reading_est 58671; model saw 1; agree,,,0
night_fill,20260912-073627_dig6,20260912-073627,6,C:\Users\josep\source\repos\AIOTED-digital-rawdigits\20260912\07\1_main_dig6_20260912-073627.jpg,1,transition,84.12,reading_est 59011; model saw 1; agree_soft,,,0
night_fill,20260829-132537_dig6,20260829-132537,6,C:\Users\josep\source\repos\AIOTED-digital-rawdigits\20260829\13\1_main_dig6_20260829-132537.jpg,1,transition,93.21,reading_est 58501; model saw 1; agree_soft,,,0
night_fill,20260821-105352_dig6,20260821-105352,6,C:\Users\josep\source\repos\AIOTED-digital-rawdigits\20260821\10\1_main_dig6_20260821-105352.jpg,1,transition,95.95,reading_est 58221; model saw 1; agree,,,0
night_fill,20260819-171355_dig6,20260819-171355,6,C:\Users\josep\source\repos\AIOTED-digital-rawdigits\20260819\17\1_main_dig6_20260819-171355.jpg,1,transition,95.26,reading_est 58161; model saw 1; agree_soft,,,0
night_fill,20260820-180553_dig6,20260820-180553,6,C:\Users\josep\source\repos\AIOTED-digital-rawdigits\20260820\18\1_main_dig6_20260820-180553.jpg,1,transition,91.06,reading_est 58201; model saw 1; agree_soft,,,0
night_fill,20260827-175741_dig6,20260827-175741,6,C:\Users\josep\source\repos\AIOTED-digital-rawdigits\20260827\17\1_main_dig6_20260827-175741.jpg,1,transition,87.25,reading_est 58441; model saw 1; agree,,,0
night_fill,20260824-175346_dig6,20260824-175346,6,C:\Users\josep\source\repos\AIOTED-digital-rawdigits\20260824\17\1_main_dig6_20260824-175346.jpg,1,transition,95.81,reading_est 58331; model saw 1; agree_soft,,,0
night_fill,20260913-164939_dig6,20260913-164939,6,C:\Users\josep\source\repos\AIOTED-digital-rawdigits\20260913\16\1_main_dig6_20260913-164939.jpg,1,transition,92.98,reading_est 59051; model saw 1; agree,,,0
night_fill,20260904-094305_dig6,20260904-094305,6,C:\Users\josep\source\repos\AIOTED-digital-rawdigits\20260904\09\1_main_dig6_20260904-094305.jpg,1,transition,92.49,reading_est 58731; model saw 1; agree_soft,,,0
night_fill,20260823-175748_dig6,20260823-175748,6,C:\Users\josep\source\repos\AIOTED-digital-rawdigits\20260823\17\1_main_dig6_20260823-175748.jpg,1,transition,91.71,reading_est 58301; model saw 1; agree,,,0
night_fill,20260921-170925_dig6,20260921-170925,6,C:\Users\josep\source\repos\AIOTED-digital-rawdigits\20260921\17\1_main_dig6_20260921-170925.jpg,1,transition,93.97,reading_est 59231; model saw 1; agree_soft,,,0
night_fill,20260906-181125_dig6,20260906-181125,6,C:\Users\josep\source\repos\AIOTED-digital-rawdigits\20260906\18\1_main_dig6_20260906-181125.jpg,1,transition,81.93,reading_est 58821; model saw 1; agree_soft,,,0
night_fill,20260822-184550_dig6,20260822-184550,6,C:\Users\josep\source\repos\AIOTED-digital-rawdigits\20260822\18\1_main_dig6_20260822-184550.jpg,1,transition,82.25,reading_est 58271; model saw 1; agree,,,0
night_fill,20260830-142935_dig6,20260830-142935,6,C:\Users\josep\source\repos\AIOTED-digital-rawdigits\20260830\14\1_main_dig6_20260830-142935.jpg,1,transition,95.26,reading_est 58531; model saw 1; agree_soft,,,0
night_fill,20260903-075908_dig6,20260903-075908,6,C:\Users\josep\source\repos\AIOTED-digital-rawdigits\20260903\07\1_main_dig6_20260903-075908.jpg,1,transition,91.98,reading_est 58691; model saw 1; agree_soft,,,0
night_fill,20260910-174801_dig6,20260910-174801,6,C:\Users\josep\source\repos\AIOTED-digital-rawdigits\20260910\17\1_main_dig6_20260910-174801.jpg,1,transition,83.24,reading_est 58961; model saw 1; agree_soft,,,0
night_fill,20260826-163342_dig6,20260826-163342,6,C:\Users\josep\source\repos\AIOTED-digital-rawdigits\20260826\16\1_main_dig6_20260826-163342.jpg,1,transition,95.80,reading_est 58401; model saw 1; agree,,,0
night_fill,20260922-072524_dig6,20260922-072524,6,C:\Users\josep\source\repos\AIOTED-digital-rawdigits\20260922\07\1_main_dig6_20260922-072524.jpg,1,transition,86.13,reading_est 59241; model saw 1; agree_soft,,,0
night_fill,20260905-081058_dig6,20260905-081058,6,C:\Users\josep\source\repos\AIOTED-digital-rawdigits\20260905\08\1_main_dig6_20260905-081058.jpg,1,transition,82.84,reading_est 58771; model saw 1; agree,,,0
night_fill,20260817-164559_dig6,20260817-164559,6,C:\Users\josep\source\repos\AIOTED-digital-rawdigits\20260817\16\1_main_dig6_20260817-164559.jpg,1,transition,91.97,reading_est 58081; model saw 1; agree,,,0
night_fill,20260908-073122_dig6,20260908-073122,6,C:\Users\josep\source\repos\AIOTED-digital-rawdigits\20260908\07\1_main_dig6_20260908-073122.jpg,1,transition,81.97,reading_est 58871; model saw 1; agree,,,0
night_fill,20260902-084710_dig6,20260902-084710,6,C:\Users\josep\source\repos\AIOTED-digital-rawdigits\20260902\08\1_main_dig6_20260902-084710.jpg,1,transition,91.98,reading_est 58651; model saw 1; agree_soft,,,0
night_fill,20260912-141627_dig6,20260912-141627,6,C:\Users\josep\source\repos\AIOTED-digital-rawdigits\20260912\14\1_main_dig6_20260912-141627.jpg,1,transition,93.03,reading_est 59021; model saw 1; agree_soft,,,0
night_fill,20260829-125737_dig6,20260829-125737,6,C:\Users\josep\source\repos\AIOTED-digital-rawdigits\20260829\12\1_main_dig6_20260829-125737.jpg,1,transition,95.74,reading_est 58501; model saw 1; agree,,,0
night_fill,20260821-163352_dig6,20260821-163352,6,C:\Users\josep\source\repos\AIOTED-digital-rawdigits\20260821\16\1_main_dig6_20260821-163352.jpg,1,transition,82.76,reading_est 58231; model saw 1; agree,,,0
night_fill,20260820-175753_dig6,20260820-175753,6,C:\Users\josep\source\repos\AIOTED-digital-rawdigits\20260820\17\1_main_dig6_20260820-175753.jpg,1,transition,93.03,reading_est 58201; model saw 1; agree,,,0
night_fill,20260827-180541_dig6,20260827-180541,6,C:\Users\josep\source\repos\AIOTED-digital-rawdigits\20260827\18\1_main_dig6_20260827-180541.jpg,1,transition,87.05,reading_est 58441; model saw 1; agree_soft,,,0
night_fill,20260922-041724_dig3,20260922-041724,3,C:\Users\josep\source\repos\AIOTED-digital-rawdigits\20260922\04\9_main_dig3_20260922-041724.jpg,9,flash,77.87,reading_est 59239; model saw 9; agree,,,0
night_fill,20260930-015438_dig3,20260930-015438,3,C:\Users\josep\source\repos\AIOTED-digital-rawdigits\20260930\01\9_main_dig3_20260930-015438.jpg,9,flash,77.86,reading_est 59401; model saw 9; agree,,,0
night_fill,20260918-220930_dig3,20260918-220930,3,C:\Users\josep\source\repos\AIOTED-digital-rawdigits\20260918\22\9_main_dig3_20260918-220930.jpg,9,flash,77.22,reading_est 59170; model saw 9; agree,,,0
night_fill,20260924-035350_dig3,20260924-035350,3,C:\Users\josep\source\repos\AIOTED-digital-rawdigits\20260924\03\9_main_dig3_20260924-035350.jpg,9,flash,78.17,reading_est 59279; model saw 9; agree,,,0
night_fill,20260915-190536_dig3,20260915-190536,3,C:\Users\josep\source\repos\AIOTED-digital-rawdigits\20260915\19\9_main_dig3_20260915-190536.jpg,9,flash,78.12,reading_est 59102; model saw 9; agree,,,0
night_fill,20260911-205228_dig3,20260911-205228,3,C:\Users\josep\source\repos\AIOTED-digital-rawdigits\20260911\20\9_main_dig3_20260911-205228.jpg,9,flash,77.09,reading_est 59003; model saw 9; agree_soft,,,0
night_fill,20260917-212532_dig3,20260917-212532,3,C:\Users\josep\source\repos\AIOTED-digital-rawdigits\20260917\21\9_main_dig3_20260917-212532.jpg,9,flash,77.31,reading_est 59146; model saw 9; agree,,,0
night_fill,20260921-033326_dig3,20260921-033326,3,C:\Users\josep\source\repos\AIOTED-digital-rawdigits\20260921\03\9_main_dig3_20260921-033326.jpg,9,flash,78.00,reading_est 59216; model saw 9; agree,,,0
night_fill,20260926-235414_dig3,20260926-235414,3,C:\Users\josep\source\repos\AIOTED-digital-rawdigits\20260926\23\9_main_dig3_20260926-235414.jpg,9,flash,77.87,reading_est 59344; model saw 9; agree,,,0
night_fill,20260920-050128_dig3,20260920-050128,3,C:\Users\josep\source\repos\AIOTED-digital-rawdigits\20260920\05\9_main_dig3_20260920-050128.jpg,9,flash,78.86,reading_est 59196; model saw 9; agree,,,0
night_fill,20260928-013442_dig3,20260928-013442,3,C:\Users\josep\source\repos\AIOTED-digital-rawdigits\20260928\01\9_main_dig3_20260928-013442.jpg,9,flash,79.17,reading_est 59361; model saw 9; agree,,,0
night_fill,20260927-190642_dig3,20260927-190642,3,C:\Users\josep\source\repos\AIOTED-digital-rawdigits\20260927\19\9_main_dig3_20260927-190642.jpg,9,flash,79.17,reading_est 59357; model saw 9; agree,,,0
night_fill,20260913-192939_dig3,20260913-192939,3,C:\Users\josep\source\repos\AIOTED-digital-rawdigits\20260913\19\9_main_dig3_20260913-192939.jpg,9,flash,77.78,reading_est 59054; model saw 9; agree,,,0
night_fill,20260912-212058_dig3,20260912-212058,3,C:\Users\josep\source\repos\AIOTED-digital-rawdigits\20260912\21\9_main_dig3_20260912-212058.jpg,9,flash,78.00,reading_est 59034; model saw 9; agree,,,0
night_fill,20260925-191017_dig3,20260925-191017,3,C:\Users\josep\source\repos\AIOTED-digital-rawdigits\20260925\19\9_main_dig3_20260925-191017.jpg,9,flash,78.86,reading_est 59318; model saw 9; agree,,,0
night_fill,20260914-173337_dig3,20260914-173337,3,C:\Users\josep\source\repos\AIOTED-digital-rawdigits\20260914\17\9_main_dig3_20260914-173337.jpg,9,flash,78.90,reading_est 59074; model saw 9; agree,,,0
night_fill,20260919-061330_dig3,20260919-061330,3,C:\Users\josep\source\repos\AIOTED-digital-rawdigits\20260919\06\9_main_dig3_20260919-061330.jpg,9,flash,78.17,reading_est 59176; model saw 9; agree,,,0
night_fill,20260922-204523_dig3,20260922-204523,3,C:\Users\josep\source\repos\AIOTED-digital-rawdigits\20260922\20\9_main_dig3_20260922-204523.jpg,9,flash,78.10,reading_est 59254; model saw 9; agree,,,0
night_fill,20260930-002638_dig3,20260930-002638,3,C:\Users\josep\source\repos\AIOTED-digital-rawdigits\20260930\00\9_main_dig3_20260930-002638.jpg,9,flash,78.10,reading_est 59400; model saw 9; agree,,,0
night_fill,20260918-232530_dig3,20260918-232530,3,C:\Users\josep\source\repos\AIOTED-digital-rawdigits\20260918\23\9_main_dig3_20260918-232530.jpg,9,flash,78.10,reading_est 59171; model saw 9; agree,,,0
night_fill,20260924-032550_dig3,20260924-032550,3,C:\Users\josep\source\repos\AIOTED-digital-rawdigits\20260924\03\9_main_dig3_20260924-032550.jpg,9,flash,78.17,reading_est 59279; model saw 9; agree,,,0
night_fill,20260915-191736_dig3,20260915-191736,3,C:\Users\josep\source\repos\AIOTED-digital-rawdigits\20260915\19\9_main_dig3_20260915-191736.jpg,9,flash,78.17,reading_est 59102; model saw 9; agree,,,0
night_fill,20260911-213228_dig3,20260911-213228,3,C:\Users\josep\source\repos\AIOTED-digital-rawdigits\20260911\21\9_main_dig3_20260911-213228.jpg,9,flash,78.00,reading_est 59004; model saw 9; agree_soft,,,0
night_fill,20260917-203332_dig3,20260917-203332,3,C:\Users\josep\source\repos\AIOTED-digital-rawdigits\20260917\20\9_main_dig3_20260917-203332.jpg,9,flash,78.22,reading_est 59146; model saw 9; agree,,,0
night_fill,20260921-055326_dig3,20260921-055326,3,C:\Users\josep\source\repos\AIOTED-digital-rawdigits\20260921\05\9_main_dig3_20260921-055326.jpg,9,flash,78.16,reading_est 59217; model saw 9; agree,,,0
night_fill,20260926-225414_dig3,20260926-225414,3,C:\Users\josep\source\repos\AIOTED-digital-rawdigits\20260926\22\9_main_dig3_20260926-225414.jpg,9,flash,78.17,reading_est 59344; model saw 9; agree,,,0
night_fill,20260920-014928_dig3,20260920-014928,3,C:\Users\josep\source\repos\AIOTED-digital-rawdigits\20260920\01\9_main_dig3_20260920-014928.jpg,9,flash,78.17,reading_est 59194; model saw 9; agree,,,0
night_fill,20260928-210240_dig3,20260928-210240,3,C:\Users\josep\source\repos\AIOTED-digital-rawdigits\20260928\21\9_main_dig3_20260928-210240.jpg,9,flash,78.08,reading_est 59378; model saw 9; agree,,,0
night_fill,20260927-193842_dig3,20260927-193842,3,C:\Users\josep\source\repos\AIOTED-digital-rawdigits\20260927\19\9_main_dig3_20260927-193842.jpg,9,flash,78.85,reading_est 59358; model saw 9; agree,,,0
night_fill,20260913-024857_dig3,20260913-024857,3,C:\Users\josep\source\repos\AIOTED-digital-rawdigits\20260913\02\9_main_dig3_20260913-024857.jpg,9,flash,78.00,reading_est 59036; model saw 9; agree,,,0
night_fill,20260912-224057_dig3,20260912-224057,3,C:\Users\josep\source\repos\AIOTED-digital-rawdigits\20260912\22\9_main_dig3_20260912-224057.jpg,9,flash,78.22,reading_est 59036; model saw 9; agree,,,0
night_fill,20260925-064618_dig3,20260925-064618,3,C:\Users\josep\source\repos\AIOTED-digital-rawdigits\20260925\06\9_main_dig3_20260925-064618.jpg,9,flash,78.00,reading_est 59302; model saw 9; agree,,,0
night_fill,20260815-171803_dig6,20260815-171803,6,C:\Users\josep\source\repos\AIOTED-digital-rawdigits\20260815\17\8_main_dig6_20260815-171803.jpg,8,transition,95.98,reading_est 58008; model saw 8; agree,,,0
night_fill,20260926-175415_dig6,20260926-175415,6,C:\Users\josep\source\repos\AIOTED-digital-rawdigits\20260926\17\8_main_dig6_20260926-175415.jpg,8,transition,86.02,reading_est 59338; model saw 8; agree_soft,,,0
night_fill,20260822-173750_dig6,20260822-173750,6,C:\Users\josep\source\repos\AIOTED-digital-rawdigits\20260822\17\8_main_dig6_20260822-173750.jpg,8,transition,85.26,reading_est 58268; model saw 8; agree,,,0
night_fill,20260911-184028_dig6,20260911-184028,6,C:\Users\josep\source\repos\AIOTED-digital-rawdigits\20260911\18\8_main_dig6_20260911-184028.jpg,8,transition,82.12,reading_est 58998; model saw 8; agree_soft,,,0
night_fill,20260827-070941_dig6,20260827-070941,6,C:\Users\josep\source\repos\AIOTED-digital-rawdigits\20260827\07\8_main_dig6_20260827-070941.jpg,8,transition,86.97,reading_est 58418; model saw 8; agree,,,0
night_fill,20260907-182323_dig6,20260907-182323,6,C:\Users\josep\source\repos\AIOTED-digital-rawdigits\20260907\18\8_main_dig6_20260907-182323.jpg,8,transition,84.97,reading_est 58858; model saw 8; agree_soft,,,0
night_fill,20260816-090202_dig6,20260816-090202,6,C:\Users\josep\source\repos\AIOTED-digital-rawdigits\20260816\09\8_main_dig6_20260816-090202.jpg,8,transition,93.98,reading_est 58028; model saw 8; agree_soft,,,0
night_fill,20260828-172939_dig6,20260828-172939,6,C:\Users\josep\source\repos\AIOTED-digital-rawdigits\20260828\17\8_main_dig6_20260828-172939.jpg,8,transition,90.93,reading_est 58478; model saw 8; agree_soft,,,0
night_fill,20260829-104537_dig6,20260829-104537,6,C:\Users\josep\source\repos\AIOTED-digital-rawdigits\20260829\10\8_main_dig6_20260829-104537.jpg,8,transition,85.97,reading_est 58498; model saw 8; agree,,,0
night_fill,20260819-063356_dig6,20260819-063356,6,C:\Users\josep\source\repos\AIOTED-digital-rawdigits\20260819\06\8_main_dig6_20260819-063356.jpg,8,transition,81.97,reading_est 58138; model saw 8; agree,,,0
night_fill,20260920-174527_dig6,20260920-174527,6,C:\Users\josep\source\repos\AIOTED-digital-rawdigits\20260920\17\8_main_dig6_20260920-174527.jpg,8,transition,92.69,reading_est 59208; model saw 8; agree,,,0
night_fill,20260902-170309_dig6,20260902-170309,6,C:\Users\josep\source\repos\AIOTED-digital-rawdigits\20260902\17\8_main_dig6_20260902-170309.jpg,8,transition,91.97,reading_est 58668; model saw 8; agree_soft,,,0
night_fill,20260903-172707_dig6,20260903-172707,6,C:\Users\josep\source\repos\AIOTED-digital-rawdigits\20260903\17\8_main_dig6_20260903-172707.jpg,8,transition,89.21,reading_est 58708; model saw 8; agree,,,0
night_fill,20260815-173803_dig6,20260815-173803,6,C:\Users\josep\source\repos\AIOTED-digital-rawdigits\20260815\17\8_main_dig6_20260815-173803.jpg,8,transition,92.06,reading_est 58008; model saw 8; agree_soft,,,0
night_fill,20260926-175815_dig6,20260926-175815,6,C:\Users\josep\source\repos\AIOTED-digital-rawdigits\20260926\17\8_main_dig6_20260926-175815.jpg,8,transition,84.97,reading_est 59338; model saw 8; agree_soft,,,0
night_fill,20260822-174550_dig6,20260822-174550,6,C:\Users\josep\source\repos\AIOTED-digital-rawdigits\20260822\17\8_main_dig6_20260822-174550.jpg,8,transition,84.26,reading_est 58268; model saw 8; agree_soft,,,0
night_fill,20260911-182028_dig6,20260911-182028,6,C:\Users\josep\source\repos\AIOTED-digital-rawdigits\20260911\18\8_main_dig6_20260911-182028.jpg,8,transition,83.03,reading_est 58998; model saw 8; agree_soft,,,0
night_fill,20260827-071741_dig6,20260827-071741,6,C:\Users\josep\source\repos\AIOTED-digital-rawdigits\20260827\07\8_main_dig6_20260827-071741.jpg,8,transition,91.98,reading_est 58418; model saw 8; agree,,,0
night_fill,20260907-181523_dig6,20260907-181523,6,C:\Users\josep\source\repos\AIOTED-digital-rawdigits\20260907\18\8_main_dig6_20260907-181523.jpg,8,transition,85.88,reading_est 58858; model saw 8; agree_soft,,,0
night_fill,20260816-185001_dig6,20260816-185001,6,C:\Users\josep\source\repos\AIOTED-digital-rawdigits\20260816\18\8_main_dig6_20260816-185001.jpg,8,transition,82.25,reading_est 58048; model saw 8; agree_soft,,,0
night_fill,20260828-172139_dig6,20260828-172139,6,C:\Users\josep\source\repos\AIOTED-digital-rawdigits\20260828\17\8_main_dig6_20260828-172139.jpg,8,transition,89.26,reading_est 58478; model saw 8; agree,,,0
night_fill,20260829-103737_dig6,20260829-103737,6,C:\Users\josep\source\repos\AIOTED-digital-rawdigits\20260829\10\8_main_dig6_20260829-103737.jpg,8,transition,92.06,reading_est 58498; model saw 8; agree,,,0
night_fill,20260819-062556_dig6,20260819-062556,6,C:\Users\josep\source\repos\AIOTED-digital-rawdigits\20260819\06\8_main_dig6_20260819-062556.jpg,8,transition,81.97,reading_est 58138; model saw 8; agree,,,0
night_fill,20260920-182527_dig6,20260920-182527,6,C:\Users\josep\source\repos\AIOTED-digital-rawdigits\20260920\18\8_main_dig6_20260920-182527.jpg,8,transition,82.86,reading_est 59208; model saw 8; agree_soft,,,0
night_fill,20260902-165509_dig6,20260902-165509,6,C:\Users\josep\source\repos\AIOTED-digital-rawdigits\20260902\16\8_main_dig6_20260902-165509.jpg,8,transition,93.06,reading_est 58668; model saw 8; agree,,,0
night_fill,20260903-173907_dig6,20260903-173907,6,C:\Users\josep\source\repos\AIOTED-digital-rawdigits\20260903\17\8_main_dig6_20260903-173907.jpg,8,transition,95.97,reading_est 58708; model saw 8; agree_soft,,,0
night_fill,20260815-172603_dig6,20260815-172603,6,C:\Users\josep\source\repos\AIOTED-digital-rawdigits\20260815\17\8_main_dig6_20260815-172603.jpg,8,transition,93.25,reading_est 58008; model saw 8; agree,,,0
night_fill,20260926-180615_dig6,20260926-180615,6,C:\Users\josep\source\repos\AIOTED-digital-rawdigits\20260926\18\8_main_dig6_20260926-180615.jpg,8,transition,83.25,reading_est 59338; model saw 8; agree_soft,,,0
night_fill,20260911-183228_dig6,20260911-183228,6,C:\Users\josep\source\repos\AIOTED-digital-rawdigits\20260911\18\8_main_dig6_20260911-183228.jpg,8,transition,81.97,reading_est 58998; model saw 8; agree_soft,,,0
night_fill,20260827-065742_dig6,20260827-065742,6,C:\Users\josep\source\repos\AIOTED-digital-rawdigits\20260827\06\8_main_dig6_20260827-065742.jpg,8,transition,81.97,reading_est 58418; model saw 8; agree,,,0
night_fill,20260907-184723_dig6,20260907-184723,6,C:\Users\josep\source\repos\AIOTED-digital-rawdigits\20260907\18\8_main_dig6_20260907-184723.jpg,8,transition,81.90,reading_est 58858; model saw 8; agree_soft,,,0
night_fill,20260816-085402_dig6,20260816-085402,6,C:\Users\josep\source\repos\AIOTED-digital-rawdigits\20260816\08\8_main_dig6_20260816-085402.jpg,8,transition,94.86,reading_est 58028; model saw 8; agree,,,0
night_fill,20260829-102537_dig6,20260829-102537,6,C:\Users\josep\source\repos\AIOTED-digital-rawdigits\20260829\10\8_main_dig6_20260829-102537.jpg,8,transition,92.92,reading_est 58498; model saw 8; agree,,,0
night_fill,20260819-064556_dig6,20260819-064556,6,C:\Users\josep\source\repos\AIOTED-digital-rawdigits\20260819\06\8_main_dig6_20260819-064556.jpg,8,transition,83.25,reading_est 58138; model saw 8; agree_soft,,,0
night_fill,20260908-035522_dig3,20260908-035522,3,C:\Users\josep\source\repos\AIOTED-digital-rawdigits\20260908\03\0_main_dig3_20260908-035522.jpg,0,flash,77.86,screen test0; model saw 0; agree,,,0
night_fill,20260922-014125_dig3,20260922-014125,3,C:\Users\josep\source\repos\AIOTED-digital-rawdigits\20260922\01\0_main_dig3_20260922-014125.jpg,0,flash,77.13,screen test0; model saw 0; agree,,,0
night_fill,20260924-054550_dig3,20260924-054550,3,C:\Users\josep\source\repos\AIOTED-digital-rawdigits\20260924\05\0_main_dig3_20260924-054550.jpg,0,flash,77.17,screen test0; model saw 0; agree,,,0
night_fill,20260917-175732_dig3,20260917-175732,3,C:\Users\josep\source\repos\AIOTED-digital-rawdigits\20260917\17\0_main_dig3_20260917-175732.jpg,0,flash,80.90,screen test0; model saw 0; agree,,,0
night_fill,20260903-191107_dig3,20260903-191107,3,C:\Users\josep\source\repos\AIOTED-digital-rawdigits\20260903\19\0_main_dig3_20260903-191107.jpg,0,flash,77.81,screen test0; model saw 0; agree,,,0
night_fill,20260914-212937_dig3,20260914-212937,3,C:\Users\josep\source\repos\AIOTED-digital-rawdigits\20260914\21\0_main_dig3_20260914-212937.jpg,0,flash,76.13,screen test0; model saw 0; agree,,,0
night_fill,20260918-220130_dig3,20260918-220130,3,C:\Users\josep\source\repos\AIOTED-digital-rawdigits\20260918\22\0_main_dig3_20260918-220130.jpg,0,flash,76.13,screen test0; model saw 0; agree,,,0
night_fill,20260902-014931_dig3,20260902-014931,3,C:\Users\josep\source\repos\AIOTED-digital-rawdigits\20260902\01\0_main_dig3_20260902-014931.jpg,0,flash,74.23,screen test0; model saw 0; agree,,,0
night_fill,20260820-011355_dig3,20260820-011355,3,C:\Users\josep\source\repos\AIOTED-digital-rawdigits\20260820\01\0_main_dig3_20260820-011355.jpg,0,flash,76.29,screen test0; model saw 0; agree,,,0
night_fill,20260822-191750_dig3,20260822-191750,3,C:\Users\josep\source\repos\AIOTED-digital-rawdigits\20260822\19\0_main_dig3_20260822-191750.jpg,0,flash,79.90,screen test0; model saw 0; agree,,,0
night_fill,20260829-195737_dig3,20260829-195737,3,C:\Users\josep\source\repos\AIOTED-digital-rawdigits\20260829\19\0_main_dig3_20260829-195737.jpg,0,flash,75.21,screen test0; model saw 0; agree,,,0
night_fill,20260828-001740_dig3,20260828-001740,3,C:\Users\josep\source\repos\AIOTED-digital-rawdigits\20260828\00\0_main_dig3_20260828-001740.jpg,0,flash,75.71,screen test0; model saw 0; agree,,,0
night_fill,20260817-050200_dig3,20260817-050200,3,C:\Users\josep\source\repos\AIOTED-digital-rawdigits\20260817\05\0_main_dig3_20260817-050200.jpg,0,flash,77.29,screen test0; model saw 0; agree,,,0
night_fill,20260928-005042_dig3,20260928-005042,3,C:\Users\josep\source\repos\AIOTED-digital-rawdigits\20260928\00\0_main_dig3_20260928-005042.jpg,0,flash,78.00,screen test0; model saw 0; agree,,,0
night_fill,20260819-222555_dig3,20260819-222555,3,C:\Users\josep\source\repos\AIOTED-digital-rawdigits\20260819\22\0_main_dig3_20260819-222555.jpg,0,flash,76.10,screen test0; model saw 0; agree,,,0
night_fill,20260905-194257_dig3,20260905-194257,3,C:\Users\josep\source\repos\AIOTED-digital-rawdigits\20260905\19\0_main_dig3_20260905-194257.jpg,0,flash,77.00,screen test0; model saw 0; agree,,,0
night_fill,20260831-000135_dig3,20260831-000135,3,C:\Users\josep\source\repos\AIOTED-digital-rawdigits\20260831\00\0_main_dig3_20260831-000135.jpg,0,flash,75.62,screen test0; model saw 0; agree,,,0
night_fill,20260824-234546_dig3,20260824-234546,3,C:\Users\josep\source\repos\AIOTED-digital-rawdigits\20260824\23\0_main_dig3_20260824-234546.jpg,0,flash,75.12,screen test0; model saw 0; agree,,,0
night_fill,20260830-220135_dig3,20260830-220135,3,C:\Users\josep\source\repos\AIOTED-digital-rawdigits\20260830\22\0_main_dig3_20260830-220135.jpg,0,flash,75.22,screen test0; model saw 0; agree,,,0
night_fill,20260913-224939_dig3,20260913-224939,3,C:\Users\josep\source\repos\AIOTED-digital-rawdigits\20260913\22\0_main_dig3_20260913-224939.jpg,0,flash,77.00,screen test0; model saw 0; agree,,,0
night_fill,20260827-224940_dig3,20260827-224940,3,C:\Users\josep\source\repos\AIOTED-digital-rawdigits\20260827\22\0_main_dig3_20260827-224940.jpg,0,flash,76.00,screen test0; model saw 0; agree,,,0
night_fill,20260925-231416_dig3,20260925-231416,3,C:\Users\josep\source\repos\AIOTED-digital-rawdigits\20260925\23\0_main_dig3_20260925-231416.jpg,0,flash,78.00,screen test0; model saw 0; agree,,,0
night_fill,20260821-100552_dig3,20260821-100552,3,C:\Users\josep\source\repos\AIOTED-digital-rawdigits\20260821\10\0_main_dig3_20260821-100552.jpg,0,flash,80.97,screen test0; model saw 0; agree,,,0
night_fill,20260907-192723_dig3,20260907-192723,3,C:\Users\josep\source\repos\AIOTED-digital-rawdigits\20260907\19\0_main_dig3_20260907-192723.jpg,0,flash,77.10,screen test0; model saw 0; agree,,,0
night_fill,20260927-185042_dig3,20260927-185042,3,C:\Users\josep\source\repos\AIOTED-digital-rawdigits\20260927\18\0_main_dig3_20260927-185042.jpg,0,flash,78.94,screen test0; model saw 0; agree,,,0
night_fill,20260815-193003_dig3,20260815-193003,3,C:\Users\josep\source\repos\AIOTED-digital-rawdigits\20260815\19\0_main_dig3_20260815-193003.jpg,0,flash,77.22,screen test0; model saw 0; agree,,,0
night_fill,20260906-212324_dig3,20260906-212324,3,C:\Users\josep\source\repos\AIOTED-digital-rawdigits\20260906\21\0_main_dig3_20260906-212324.jpg,0,flash,77.86,screen test0; model saw 0; agree,,,0
night_fill,20260904-214658_dig3,20260904-214658,3,C:\Users\josep\source\repos\AIOTED-digital-rawdigits\20260904\21\0_main_dig3_20260904-214658.jpg,0,flash,76.17,screen test0; model saw 0; agree,,,0
night_fill,20260920-063328_dig3,20260920-063328,3,C:\Users\josep\source\repos\AIOTED-digital-rawdigits\20260920\06\0_main_dig3_20260920-063328.jpg,0,flash,77.62,screen test0; model saw 0; agree,,,0
night_fill,20260915-070136_dig3,20260915-070136,3,C:\Users\josep\source\repos\AIOTED-digital-rawdigits\20260915\07\0_main_dig3_20260915-070136.jpg,0,flash,77.22,screen test0; model saw 0; agree,,,0
night_fill,20260919-192529_dig3,20260919-192529,3,C:\Users\josep\source\repos\AIOTED-digital-rawdigits\20260919\19\0_main_dig3_20260919-192529.jpg,0,flash,78.00,screen test0; model saw 0; agree,,,0
night_fill,20260823-020549_dig3,20260823-020549,3,C:\Users\josep\source\repos\AIOTED-digital-rawdigits\20260823\02\0_main_dig3_20260823-020549.jpg,0,flash,76.18,screen test0; model saw 0; agree,,,0
night_fill,20260816-090602_dig3,20260816-090602,3,C:\Users\josep\source\repos\AIOTED-digital-rawdigits\20260816\09\0_main_dig3_20260816-090602.jpg,0,transition,94.26,screen test0; model saw 0; agree,,,0
night_fill,20260905-081458_dig3,20260905-081458,3,C:\Users\josep\source\repos\AIOTED-digital-rawdigits\20260905\08\0_main_dig3_20260905-081458.jpg,0,transition,82.84,screen test0; model saw 0; agree,,,0
night_fill,20260906-065856_dig3,20260906-065856,3,C:\Users\josep\source\repos\AIOTED-digital-rawdigits\20260906\06\0_main_dig3_20260906-065856.jpg,0,transition,82.24,screen test0; model saw 0; agree,,,0
night_fill,20260912-171658_dig3,20260912-171658,3,C:\Users\josep\source\repos\AIOTED-digital-rawdigits\20260912\17\0_main_dig3_20260912-171658.jpg,0,transition,91.21,screen test0; model saw 0; agree,,,0
night_fill,20260819-210155_dig4,20260819-210155,4,C:\Users\josep\source\repos\AIOTED-digital-rawdigits\20260819\21\1_main_dig4_20260819-210155.jpg,1,flash,77.00,reading_est 58169; model saw 1; agree,,,0
night_fill,20260920-010928_dig4,20260920-010928,4,C:\Users\josep\source\repos\AIOTED-digital-rawdigits\20260920\01\1_main_dig4_20260920-010928.jpg,1,flash,78.29,reading_est 59194; model saw 1; agree_soft,,,0
night_fill,20260820-052955_dig4,20260820-052955,4,C:\Users\josep\source\repos\AIOTED-digital-rawdigits\20260820\05\1_main_dig4_20260820-052955.jpg,1,flash,77.84,reading_est 58176; model saw 1; agree,,,0
night_fill,20260917-205332_dig4,20260917-205332,4,C:\Users\josep\source\repos\AIOTED-digital-rawdigits\20260917\20\1_main_dig4_20260917-205332.jpg,1,flash,78.81,reading_est 59146; model saw 1; agree,,,0
night_fill,20260919-203329_dig4,20260919-203329,4,C:\Users\josep\source\repos\AIOTED-digital-rawdigits\20260919\20\1_main_dig4_20260919-203329.jpg,1,flash,78.89,reading_est 59190; model saw 1; agree_soft,,,0
night_fill,20260915-195736_dig4,20260915-195736,4,C:\Users\josep\source\repos\AIOTED-digital-rawdigits\20260915\19\1_main_dig4_20260915-195736.jpg,1,flash,77.85,reading_est 59104; model saw 1; agree_soft,,,0
night_fill,20260918-183730_dig4,20260918-183730,4,C:\Users\josep\source\repos\AIOTED-digital-rawdigits\20260918\18\1_main_dig4_20260918-183730.jpg,1,flash,78.17,reading_est 59167; model saw 1; agree,,,0
night_fill,20260819-021757_dig4,20260819-021757,4,C:\Users\josep\source\repos\AIOTED-digital-rawdigits\20260819\02\1_main_dig4_20260819-021757.jpg,1,flash,77.76,reading_est 58135; model saw 1; agree,,,0
night_fill,20260920-022128_dig4,20260920-022128,4,C:\Users\josep\source\repos\AIOTED-digital-rawdigits\20260920\02\1_main_dig4_20260920-022128.jpg,1,flash,78.86,reading_est 59194; model saw 1; agree_soft,,,0
night_fill,20260820-002955_dig4,20260820-002955,4,C:\Users\josep\source\repos\AIOTED-digital-rawdigits\20260820\00\1_main_dig4_20260820-002955.jpg,1,flash,76.32,reading_est 58171; model saw 1; agree,,,0
night_fill,20260917-021733_dig4,20260917-021733,4,C:\Users\josep\source\repos\AIOTED-digital-rawdigits\20260917\02\1_main_dig4_20260917-021733.jpg,1,flash,78.16,reading_est 59130; model saw 1; agree,,,0
night_fill,20260919-044530_dig4,20260919-044530,4,C:\Users\josep\source\repos\AIOTED-digital-rawdigits\20260919\04\1_main_dig4_20260919-044530.jpg,1,flash,77.86,reading_est 59174; model saw 1; agree,,,0
night_fill,20260915-233334_dig4,20260915-233334,4,C:\Users\josep\source\repos\AIOTED-digital-rawdigits\20260915\23\1_main_dig4_20260915-233334.jpg,1,flash,77.86,reading_est 59106; model saw 1; agree_soft,,,0
night_fill,20260918-064131_dig4,20260918-064131,4,C:\Users\josep\source\repos\AIOTED-digital-rawdigits\20260918\06\1_main_dig4_20260918-064131.jpg,1,flash,79.25,reading_est 59154; model saw 1; agree,,,0
night_fill,20260819-212155_dig4,20260819-212155,4,C:\Users\josep\source\repos\AIOTED-digital-rawdigits\20260819\21\1_main_dig4_20260819-212155.jpg,1,flash,76.94,reading_est 58169; model saw 1; agree,,,0
night_fill,20260920-052128_dig4,20260920-052128,4,C:\Users\josep\source\repos\AIOTED-digital-rawdigits\20260920\05\1_main_dig4_20260920-052128.jpg,1,flash,78.62,reading_est 59196; model saw 1; agree_soft,,,0
night_fill,20260820-022155_dig4,20260820-022155,4,C:\Users\josep\source\repos\AIOTED-digital-rawdigits\20260820\02\1_main_dig4_20260820-022155.jpg,1,flash,77.84,reading_est 58173; model saw 1; agree,,,0
night_fill,20260917-191332_dig4,20260917-191332,4,C:\Users\josep\source\repos\AIOTED-digital-rawdigits\20260917\19\1_main_dig4_20260917-191332.jpg,1,flash,77.87,reading_est 59146; model saw 1; agree,,,0
night_fill,20260919-195329_dig4,20260919-195329,4,C:\Users\josep\source\repos\AIOTED-digital-rawdigits\20260919\19\1_main_dig4_20260919-195329.jpg,1,flash,78.22,reading_est 59190; model saw 1; agree_soft,,,0
night_fill,20260915-190536_dig4,20260915-190536,4,C:\Users\josep\source\repos\AIOTED-digital-rawdigits\20260915\19\1_main_dig4_20260915-190536.jpg,1,flash,78.12,reading_est 59102; model saw 1; agree_soft,,,0
night_fill,20260918-191730_dig4,20260918-191730,4,C:\Users\josep\source\repos\AIOTED-digital-rawdigits\20260918\19\1_main_dig4_20260918-191730.jpg,1,flash,77.10,reading_est 59167; model saw 1; agree,,,0
night_fill,20260819-233355_dig4,20260819-233355,4,C:\Users\josep\source\repos\AIOTED-digital-rawdigits\20260819\23\1_main_dig4_20260819-233355.jpg,1,flash,76.78,reading_est 58171; model saw 1; agree,,,0
night_fill,20260920-000928_dig4,20260920-000928,4,C:\Users\josep\source\repos\AIOTED-digital-rawdigits\20260920\00\1_main_dig4_20260920-000928.jpg,1,flash,78.17,reading_est 59194; model saw 1; agree_soft,,,0
night_fill,20260820-060955_dig4,20260820-060955,4,C:\Users\josep\source\repos\AIOTED-digital-rawdigits\20260820\06\1_main_dig4_20260820-060955.jpg,1,flash,78.97,reading_est 58176; model saw 1; agree,,,0
night_fill,20260917-042933_dig4,20260917-042933,4,C:\Users\josep\source\repos\AIOTED-digital-rawdigits\20260917\04\1_main_dig4_20260917-042933.jpg,1,flash,78.17,reading_est 59132; model saw 1; agree,,,0
night_fill,20260919-013730_dig4,20260919-013730,4,C:\Users\josep\source\repos\AIOTED-digital-rawdigits\20260919\01\1_main_dig4_20260919-013730.jpg,1,flash,78.04,reading_est 59172; model saw 1; agree,,,0
night_fill,20260915-215335_dig4,20260915-215335,4,C:\Users\josep\source\repos\AIOTED-digital-rawdigits\20260915\21\1_main_dig4_20260915-215335.jpg,1,flash,76.91,reading_est 59104; model saw 1; agree_soft,,,0
night_fill,20260918-200930_dig4,20260918-200930,4,C:\Users\josep\source\repos\AIOTED-digital-rawdigits\20260918\20\1_main_dig4_20260918-200930.jpg,1,flash,77.22,reading_est 59170; model saw 1; agree,,,0
night_fill,20260819-053356_dig4,20260819-053356,4,C:\Users\josep\source\repos\AIOTED-digital-rawdigits\20260819\05\1_main_dig4_20260819-053356.jpg,1,flash,77.85,reading_est 58137; model saw 1; agree,,,0
night_fill,20260920-010128_dig4,20260920-010128,4,C:\Users\josep\source\repos\AIOTED-digital-rawdigits\20260920\01\1_main_dig4_20260920-010128.jpg,1,flash,78.22,reading_est 59194; model saw 1; agree_soft,,,0
night_fill,20260820-054155_dig4,20260820-054155,4,C:\Users\josep\source\repos\AIOTED-digital-rawdigits\20260820\05\1_main_dig4_20260820-054155.jpg,1,flash,77.93,reading_est 58176; model saw 1; agree,,,0
night_fill,20260917-203332_dig4,20260917-203332,4,C:\Users\josep\source\repos\AIOTED-digital-rawdigits\20260917\20\1_main_dig4_20260917-203332.jpg,1,flash,78.22,reading_est 59146; model saw 1; agree,,,0
night_fill,20260919-054530_dig4,20260919-054530,4,C:\Users\josep\source\repos\AIOTED-digital-rawdigits\20260919\05\1_main_dig4_20260919-054530.jpg,1,flash,78.17,reading_est 59176; model saw 1; agree,,,0
night_fill,20260915-215735_dig4,20260915-215735,4,C:\Users\josep\source\repos\AIOTED-digital-rawdigits\20260915\21\1_main_dig4_20260915-215735.jpg,1,flash,77.86,reading_est 59104; model saw 1; agree_soft,,,0
night_fill,20260918-032131_dig4,20260918-032131,4,C:\Users\josep\source\repos\AIOTED-digital-rawdigits\20260918\03\1_main_dig4_20260918-032131.jpg,1,flash,78.17,reading_est 59152; model saw 1; agree,,,0
night_fill,20260819-192155_dig4,20260819-192155,4,C:\Users\josep\source\repos\AIOTED-digital-rawdigits\20260819\19\1_main_dig4_20260819-192155.jpg,1,flash,79.90,reading_est 58166; model saw 1; agree,,,0
night_fill,20260920-012128_dig4,20260920-012128,4,C:\Users\josep\source\repos\AIOTED-digital-rawdigits\20260920\01\1_main_dig4_20260920-012128.jpg,1,flash,78.72,reading_est 59194; model saw 1; agree_soft,,,0
night_fill,20260820-040155_dig4,20260820-040155,4,C:\Users\josep\source\repos\AIOTED-digital-rawdigits\20260820\04\1_main_dig4_20260820-040155.jpg,1,flash,77.22,reading_est 58174; model saw 1; agree,,,0
night_fill,20260917-193332_dig4,20260917-193332,4,C:\Users\josep\source\repos\AIOTED-digital-rawdigits\20260917\19\1_main_dig4_20260917-193332.jpg,1,flash,77.93,reading_est 59146; model saw 1; agree,,,0
night_fill,20260919-062530_dig4,20260919-062530,4,C:\Users\josep\source\repos\AIOTED-digital-rawdigits\20260919\06\1_main_dig4_20260919-062530.jpg,1,flash,78.17,reading_est 59176; model saw 1; agree,,,0
night_fill,20260915-232534_dig4,20260915-232534,4,C:\Users\josep\source\repos\AIOTED-digital-rawdigits\20260915\23\1_main_dig4_20260915-232534.jpg,1,flash,78.17,reading_est 59106; model saw 1; agree_soft,,,0
night_fill,20260918-062131_dig4,20260918-062131,4,C:\Users\josep\source\repos\AIOTED-digital-rawdigits\20260918\06\1_main_dig4_20260918-062131.jpg,1,flash,78.17,reading_est 59154; model saw 1; agree,,,0
night_fill,20260819-230955_dig4,20260819-230955,4,C:\Users\josep\source\repos\AIOTED-digital-rawdigits\20260819\23\1_main_dig4_20260819-230955.jpg,1,flash,77.22,reading_est 58171; model saw 1; agree,,,0
night_fill,20260920-004928_dig4,20260920-004928,4,C:\Users\josep\source\repos\AIOTED-digital-rawdigits\20260920\00\1_main_dig4_20260920-004928.jpg,1,flash,78.22,reading_est 59194; model saw 1; agree_soft,,,0
night_fill,20260820-030955_dig4,20260820-030955,4,C:\Users\josep\source\repos\AIOTED-digital-rawdigits\20260820\03\1_main_dig4_20260820-030955.jpg,1,flash,77.17,reading_est 58173; model saw 1; agree,,,0
night_fill,20260917-023733_dig4,20260917-023733,4,C:\Users\josep\source\repos\AIOTED-digital-rawdigits\20260917\02\1_main_dig4_20260917-023733.jpg,1,flash,78.81,reading_est 59130; model saw 1; agree,,,0
night_fill,20260919-052530_dig4,20260919-052530,4,C:\Users\josep\source\repos\AIOTED-digital-rawdigits\20260919\05\1_main_dig4_20260919-052530.jpg,1,flash,78.12,reading_est 59176; model saw 1; agree,,,0
night_fill,20260915-191736_dig4,20260915-191736,4,C:\Users\josep\source\repos\AIOTED-digital-rawdigits\20260915\19\1_main_dig4_20260915-191736.jpg,1,flash,78.17,reading_est 59102; model saw 1; agree_soft,,,0
night_fill,20260918-231730_dig4,20260918-231730,4,C:\Users\josep\source\repos\AIOTED-digital-rawdigits\20260918\23\1_main_dig4_20260918-231730.jpg,1,flash,77.62,reading_est 59171; model saw 1; agree,,,0
night_fill,20260819-213355_dig4,20260819-213355,4,C:\Users\josep\source\repos\AIOTED-digital-rawdigits\20260819\21\1_main_dig4_20260819-213355.jpg,1,flash,76.29,reading_est 58169; model saw 1; agree,,,0
night_fill,20260920-061728_dig4,20260920-061728,4,C:\Users\josep\source\repos\AIOTED-digital-rawdigits\20260920\06\1_main_dig4_20260920-061728.jpg,1,flash,78.93,reading_est 59197; model saw 1; agree_soft,,,0
night_fill,20260820-050955_dig4,20260820-050955,4,C:\Users\josep\source\repos\AIOTED-digital-rawdigits\20260820\05\1_main_dig4_20260820-050955.jpg,1,flash,77.94,reading_est 58176; model saw 1; agree,,,0
night_fill,20260917-222532_dig4,20260917-222532,4,C:\Users\josep\source\repos\AIOTED-digital-rawdigits\20260917\22\1_main_dig4_20260917-222532.jpg,1,flash,78.19,reading_est 59146; model saw 1; agree,,,0
night_fill,20260919-035730_dig4,20260919-035730,4,C:\Users\josep\source\repos\AIOTED-digital-rawdigits\20260919\03\1_main_dig4_20260919-035730.jpg,1,flash,78.08,reading_est 59174; model saw 1; agree,,,0
night_fill,20260915-202535_dig4,20260915-202535,4,C:\Users\josep\source\repos\AIOTED-digital-rawdigits\20260915\20\1_main_dig4_20260915-202535.jpg,1,flash,77.13,reading_est 59104; model saw 1; agree_soft,,,0
night_fill,20260918-005331_dig4,20260918-005331,4,C:\Users\josep\source\repos\AIOTED-digital-rawdigits\20260918\00\1_main_dig4_20260918-005331.jpg,1,flash,78.17,reading_est 59150; model saw 1; agree,,,0
night_fill,20260819-031757_dig4,20260819-031757,4,C:\Users\josep\source\repos\AIOTED-digital-rawdigits\20260819\03\1_main_dig4_20260819-031757.jpg,1,flash,77.31,reading_est 58136; model saw 1; agree,,,0
night_fill,20260920-034128_dig4,20260920-034128,4,C:\Users\josep\source\repos\AIOTED-digital-rawdigits\20260920\03\1_main_dig4_20260920-034128.jpg,1,flash,78.17,reading_est 59196; model saw 1; agree_soft,,,0
night_fill,20260820-032155_dig4,20260820-032155,4,C:\Users\josep\source\repos\AIOTED-digital-rawdigits\20260820\03\1_main_dig4_20260820-032155.jpg,1,flash,77.94,reading_est 58173; model saw 1; agree,,,0
night_fill,20260917-195332_dig4,20260917-195332,4,C:\Users\josep\source\repos\AIOTED-digital-rawdigits\20260917\19\1_main_dig4_20260917-195332.jpg,1,flash,78.16,reading_est 59146; model saw 1; agree,,,0
night_fill,20260919-003730_dig4,20260919-003730,4,C:\Users\josep\source\repos\AIOTED-digital-rawdigits\20260919\00\1_main_dig4_20260919-003730.jpg,1,flash,77.94,reading_est 59172; model saw 1; agree,,,0
night_fill,20260915-192536_dig4,20260915-192536,4,C:\Users\josep\source\repos\AIOTED-digital-rawdigits\20260915\19\1_main_dig4_20260915-192536.jpg,1,flash,78.17,reading_est 59102; model saw 1; agree_soft,,,0
night_fill,20260918-174930_dig4,20260918-174930,4,C:\Users\josep\source\repos\AIOTED-digital-rawdigits\20260918\17\1_main_dig4_20260918-174930.jpg,1,flash,78.86,reading_est 59166; model saw 1; agree,,,0
night_fill,20260819-015757_dig4,20260819-015757,4,C:\Users\josep\source\repos\AIOTED-digital-rawdigits\20260819\01\1_main_dig4_20260819-015757.jpg,1,flash,76.78,reading_est 58134; model saw 1; agree,,,0
night_fill,20260920-063728_dig4,20260920-063728,4,C:\Users\josep\source\repos\AIOTED-digital-rawdigits\20260920\06\1_main_dig4_20260920-063728.jpg,1,flash,79.07,reading_est 59197; model saw 1; agree_soft,,,0
night_fill,20260820-044155_dig4,20260820-044155,4,C:\Users\josep\source\repos\AIOTED-digital-rawdigits\20260820\04\1_main_dig4_20260820-044155.jpg,1,flash,77.22,reading_est 58174; model saw 1; agree,,,0
night_fill,20260917-070933_dig4,20260917-070933,4,C:\Users\josep\source\repos\AIOTED-digital-rawdigits\20260917\07\1_main_dig4_20260917-070933.jpg,1,flash,79.93,reading_est 59134; model saw 1; agree,,,0
night_fill,20260919-061330_dig4,20260919-061330,4,C:\Users\josep\source\repos\AIOTED-digital-rawdigits\20260919\06\1_main_dig4_20260919-061330.jpg,1,flash,78.17,reading_est 59176; model saw 1; agree,,,0
night_fill,20260915-231334_dig4,20260915-231334,4,C:\Users\josep\source\repos\AIOTED-digital-rawdigits\20260915\23\1_main_dig4_20260915-231334.jpg,1,flash,77.29,reading_est 59106; model saw 1; agree_soft,,,0
night_fill,20260918-194930_dig4,20260918-194930,4,C:\Users\josep\source\repos\AIOTED-digital-rawdigits\20260918\19\1_main_dig4_20260918-194930.jpg,1,flash,78.10,reading_est 59170; model saw 1; agree,,,0
night_fill,20260819-003757_dig4,20260819-003757,4,C:\Users\josep\source\repos\AIOTED-digital-rawdigits\20260819\00\1_main_dig4_20260819-003757.jpg,1,flash,77.22,reading_est 58134; model saw 1; agree,,,0
night_fill,20260920-002928_dig4,20260920-002928,4,C:\Users\josep\source\repos\AIOTED-digital-rawdigits\20260920\00\1_main_dig4_20260920-002928.jpg,1,flash,78.17,reading_est 59194; model saw 1; agree_soft,,,0
night_fill,20260820-062154_dig4,20260820-062154,4,C:\Users\josep\source\repos\AIOTED-digital-rawdigits\20260820\06\1_main_dig4_20260820-062154.jpg,1,flash,79.97,reading_est 58176; model saw 1; agree,,,0
night_fill,20260917-182532_dig4,20260917-182532,4,C:\Users\josep\source\repos\AIOTED-digital-rawdigits\20260917\18\1_main_dig4_20260917-182532.jpg,1,flash,80.26,reading_est 59146; model saw 1; agree,,,0
night_fill,20260919-034530_dig4,20260919-034530,4,C:\Users\josep\source\repos\AIOTED-digital-rawdigits\20260919\03\1_main_dig4_20260919-034530.jpg,1,flash,77.22,reading_est 59174; model saw 1; agree,,,0
night_fill,20260915-223735_dig4,20260915-223735,4,C:\Users\josep\source\repos\AIOTED-digital-rawdigits\20260915\22\1_main_dig4_20260915-223735.jpg,1,flash,78.18,reading_est 59106; model saw 1; agree_soft,,,0
night_fill,20260918-014131_dig4,20260918-014131,4,C:\Users\josep\source\repos\AIOTED-digital-rawdigits\20260918\01\1_main_dig4_20260918-014131.jpg,1,flash,78.17,reading_est 59151; model saw 1; agree,,,0
night_fill,20260819-044557_dig4,20260819-044557,4,C:\Users\josep\source\repos\AIOTED-digital-rawdigits\20260819\04\1_main_dig4_20260819-044557.jpg,1,flash,77.87,reading_est 58137; model saw 1; agree,,,0
night_fill,20260920-040928_dig4,20260920-040928,4,C:\Users\josep\source\repos\AIOTED-digital-rawdigits\20260920\04\1_main_dig4_20260920-040928.jpg,1,flash,78.31,reading_est 59196; model saw 1; agree_soft,,,0
night_fill,20260820-012955_dig4,20260820-012955,4,C:\Users\josep\source\repos\AIOTED-digital-rawdigits\20260820\01\1_main_dig4_20260820-012955.jpg,1,flash,77.16,reading_est 58172; model saw 1; agree,,,0
night_fill,20260917-030933_dig4,20260917-030933,4,C:\Users\josep\source\repos\AIOTED-digital-rawdigits\20260917\03\1_main_dig4_20260917-030933.jpg,1,flash,76.91,reading_est 59131; model saw 1; agree,,,0
night_fill,20260919-063730_dig4,20260919-063730,4,C:\Users\josep\source\repos\AIOTED-digital-rawdigits\20260919\06\1_main_dig4_20260919-063730.jpg,1,flash,78.17,reading_est 59176; model saw 1; agree,,,0
night_fill,20260915-193736_dig4,20260915-193736,4,C:\Users\josep\source\repos\AIOTED-digital-rawdigits\20260915\19\1_main_dig4_20260915-193736.jpg,1,flash,77.86,reading_est 59102; model saw 1; agree_soft,,,0
night_fill,20260918-031331_dig4,20260918-031331,4,C:\Users\josep\source\repos\AIOTED-digital-rawdigits\20260918\03\1_main_dig4_20260918-031331.jpg,1,flash,78.00,reading_est 59152; model saw 1; agree,,,0
night_fill,20260819-035757_dig4,20260819-035757,4,C:\Users\josep\source\repos\AIOTED-digital-rawdigits\20260819\03\1_main_dig4_20260819-035757.jpg,1,flash,77.78,reading_est 58136; model saw 1; agree,,,0
night_fill,20260920-050928_dig4,20260920-050928,4,C:\Users\josep\source\repos\AIOTED-digital-rawdigits\20260920\05\1_main_dig4_20260920-050928.jpg,1,flash,78.31,reading_est 59196; model saw 1; agree_soft,,,0
night_fill,20260820-042955_dig4,20260820-042955,4,C:\Users\josep\source\repos\AIOTED-digital-rawdigits\20260820\04\1_main_dig4_20260820-042955.jpg,1,flash,77.94,reading_est 58174; model saw 1; agree,,,0
night_fill,20260917-035733_dig4,20260917-035733,4,C:\Users\josep\source\repos\AIOTED-digital-rawdigits\20260917\03\1_main_dig4_20260917-035733.jpg,1,flash,78.00,reading_est 59131; model saw 1; agree,,,0
night_fill,20260919-224928_dig4,20260919-224928,4,C:\Users\josep\source\repos\AIOTED-digital-rawdigits\20260919\22\1_main_dig4_20260919-224928.jpg,1,flash,78.78,reading_est 59194; model saw 1; agree_soft,,,0
night_fill,20260915-205735_dig4,20260915-205735,4,C:\Users\josep\source\repos\AIOTED-digital-rawdigits\20260915\20\1_main_dig4_20260915-205735.jpg,1,flash,78.22,reading_est 59104; model saw 1; agree_soft,,,0
night_fill,20260918-215730_dig4,20260918-215730,4,C:\Users\josep\source\repos\AIOTED-digital-rawdigits\20260918\21\1_main_dig4_20260918-215730.jpg,1,flash,77.81,reading_est 59170; model saw 1; agree,,,0
night_fill,20260819-220155_dig4,20260819-220155,4,C:\Users\josep\source\repos\AIOTED-digital-rawdigits\20260819\22\1_main_dig4_20260819-220155.jpg,1,flash,76.86,reading_est 58170; model saw 1; agree,,,0
night_fill,20260920-072928_dig4,20260920-072928,4,C:\Users\josep\source\repos\AIOTED-digital-rawdigits\20260920\07\1_main_dig4_20260920-072928.jpg,1,transition,86.84,reading_est 59198; model saw 1; agree_soft,,,0
night_fill,20260918-090931_dig4,20260918-090931,4,C:\Users\josep\source\repos\AIOTED-digital-rawdigits\20260918\09\1_main_dig4_20260918-090931.jpg,1,transition,83.24,reading_est 59156; model saw 1; agree,,,0
night_fill,20260919-162129_dig4,20260919-162129,4,C:\Users\josep\source\repos\AIOTED-digital-rawdigits\20260919\16\1_main_dig4_20260919-162129.jpg,1,transition,84.39,reading_est 59186; model saw 1; agree,,,0
night_fill,20260915-183735_dig4,20260915-183735,4,C:\Users\josep\source\repos\AIOTED-digital-rawdigits\20260915\18\1_main_dig4_20260915-183735.jpg,1,transition,81.90,reading_est 59101; model saw 1; agree_soft,,,0
night_fill,20260819-070556_dig4,20260819-070556,4,C:\Users\josep\source\repos\AIOTED-digital-rawdigits\20260819\07\1_main_dig4_20260819-070556.jpg,1,transition,90.29,reading_est 58139; model saw 1; agree,,,0
night_fill,20260917-095733_dig4,20260917-095733,4,C:\Users\josep\source\repos\AIOTED-digital-rawdigits\20260917\09\1_main_dig4_20260917-095733.jpg,1,transition,93.67,reading_est 59136; model saw 1; agree,,,0
night_fill,20260820-064954_dig4,20260820-064954,4,C:\Users\josep\source\repos\AIOTED-digital-rawdigits\20260820\06\1_main_dig4_20260820-064954.jpg,1,transition,83.97,reading_est 58176; model saw 1; agree,,,0
night_fill,20260920-070928_dig4,20260920-070928,4,C:\Users\josep\source\repos\AIOTED-digital-rawdigits\20260920\07\1_main_dig4_20260920-070928.jpg,1,transition,82.93,reading_est 59197; model saw 1; agree_soft,,,0
night_fill,20260918-092931_dig4,20260918-092931,4,C:\Users\josep\source\repos\AIOTED-digital-rawdigits\20260918\09\1_main_dig4_20260918-092931.jpg,1,transition,82.20,reading_est 59157; model saw 1; agree,,,0
night_fill,20260919-154129_dig4,20260919-154129,4,C:\Users\josep\source\repos\AIOTED-digital-rawdigits\20260919\15\1_main_dig4_20260919-154129.jpg,1,transition,93.03,reading_est 59186; model saw 1; agree,,,0
night_fill,20260915-174536_dig4,20260915-174536,4,C:\Users\josep\source\repos\AIOTED-digital-rawdigits\20260915\17\1_main_dig4_20260915-174536.jpg,1,transition,87.02,reading_est 59100; model saw 1; agree_soft,,,0
night_fill,20260819-172155_dig4,20260819-172155,4,C:\Users\josep\source\repos\AIOTED-digital-rawdigits\20260819\17\1_main_dig4_20260819-172155.jpg,1,transition,94.26,reading_est 58162; model saw 1; agree,,,0
night_fill,20260917-161332_dig4,20260917-161332,4,C:\Users\josep\source\repos\AIOTED-digital-rawdigits\20260917\16\1_main_dig4_20260917-161332.jpg,1,transition,91.41,reading_est 59143; model saw 1; agree,,,0
night_fill,20260820-070154_dig4,20260820-070154,4,C:\Users\josep\source\repos\AIOTED-digital-rawdigits\20260820\07\1_main_dig4_20260820-070154.jpg,1,transition,88.29,reading_est 58176; model saw 1; agree,,,0
night_fill,20260920-073728_dig4,20260920-073728,4,C:\Users\josep\source\repos\AIOTED-digital-rawdigits\20260920\07\1_main_dig4_20260920-073728.jpg,1,transition,88.97,reading_est 59198; model saw 1; agree_soft,,,0
night_fill,20260918-080131_dig4,20260918-080131,4,C:\Users\josep\source\repos\AIOTED-digital-rawdigits\20260918\08\1_main_dig4_20260918-080131.jpg,1,transition,93.25,reading_est 59156; model saw 1; agree,,,0
night_fill,20260919-095329_dig4,20260919-095329,4,C:\Users\josep\source\repos\AIOTED-digital-rawdigits\20260919\09\1_main_dig4_20260919-095329.jpg,1,transition,87.24,reading_est 59178; model saw 1; agree,,,0
night_fill,20260915-182535_dig4,20260915-182535,4,C:\Users\josep\source\repos\AIOTED-digital-rawdigits\20260915\18\1_main_dig4_20260915-182535.jpg,1,transition,82.97,reading_est 59100; model saw 1; agree_soft,,,0
night_fill,20260819-185355_dig4,20260819-185355,4,C:\Users\josep\source\repos\AIOTED-digital-rawdigits\20260819\18\1_main_dig4_20260819-185355.jpg,1,transition,82.25,reading_est 58165; model saw 1; agree,,,0
night_fill,20260917-144532_dig4,20260917-144532,4,C:\Users\josep\source\repos\AIOTED-digital-rawdigits\20260917\14\1_main_dig4_20260917-144532.jpg,1,transition,95.98,reading_est 59142; model saw 1; agree,,,0
night_fill,20260820-064154_dig4,20260820-064154,4,C:\Users\josep\source\repos\AIOTED-digital-rawdigits\20260820\06\1_main_dig4_20260820-064154.jpg,1,transition,82.98,reading_est 58176; model saw 1; agree,,,0
night_fill,20260920-071728_dig4,20260920-071728,4,C:\Users\josep\source\repos\AIOTED-digital-rawdigits\20260920\07\1_main_dig4_20260920-071728.jpg,1,transition,84.26,reading_est 59197; model saw 1; agree_soft,,,0
night_fill,20260918-153731_dig4,20260918-153731,4,C:\Users\josep\source\repos\AIOTED-digital-rawdigits\20260918\15\1_main_dig4_20260918-153731.jpg,1,transition,84.39,reading_est 59164; model saw 1; agree,,,0
night_fill,20260919-103329_dig4,20260919-103329,4,C:\Users\josep\source\repos\AIOTED-digital-rawdigits\20260919\10\1_main_dig4_20260919-103329.jpg,1,transition,88.24,reading_est 59178; model saw 1; agree,,,0
night_fill,20260915-180536_dig4,20260915-180536,4,C:\Users\josep\source\repos\AIOTED-digital-rawdigits\20260915\18\1_main_dig4_20260915-180536.jpg,1,transition,84.90,reading_est 59100; model saw 1; agree_soft,,,0
night_fill,20260819-173355_dig4,20260819-173355,4,C:\Users\josep\source\repos\AIOTED-digital-rawdigits\20260819\17\1_main_dig4_20260819-173355.jpg,1,transition,93.86,reading_est 58162; model saw 1; agree,,,0
night_fill,20260917-071733_dig4,20260917-071733,4,C:\Users\josep\source\repos\AIOTED-digital-rawdigits\20260917\07\1_main_dig4_20260917-071733.jpg,1,transition,81.16,reading_est 59134; model saw 1; agree,,,0
night_fill,20260820-172554_dig4,20260820-172554,4,C:\Users\josep\source\repos\AIOTED-digital-rawdigits\20260820\17\1_main_dig4_20260820-172554.jpg,1,transition,95.29,reading_est 58199; model saw 1; agree_soft,,,0
night_fill,20260920-074928_dig4,20260920-074928,4,C:\Users\josep\source\repos\AIOTED-digital-rawdigits\20260920\07\1_main_dig4_20260920-074928.jpg,1,transition,93.84,reading_est 59198; model saw 1; agree_soft,,,0
night_fill,20260918-165730_dig4,20260918-165730,4,C:\Users\josep\source\repos\AIOTED-digital-rawdigits\20260918\16\1_main_dig4_20260918-165730.jpg,1,transition,83.97,reading_est 59166; model saw 1; agree,,,0
night_fill,20260919-172129_dig4,20260919-172129,4,C:\Users\josep\source\repos\AIOTED-digital-rawdigits\20260919\17\1_main_dig4_20260919-172129.jpg,1,transition,84.97,reading_est 59187; model saw 1; agree_soft,,,0
night_fill,20260915-175736_dig4,20260915-175736,4,C:\Users\josep\source\repos\AIOTED-digital-rawdigits\20260915\17\1_main_dig4_20260915-175736.jpg,1,transition,84.90,reading_est 59100; model saw 1; agree_soft,,,0
night_fill,20260819-171355_dig4,20260819-171355,4,C:\Users\josep\source\repos\AIOTED-digital-rawdigits\20260819\17\1_main_dig4_20260819-171355.jpg,1,transition,95.26,reading_est 58161; model saw 1; agree,,,0
night_fill,20260917-164532_dig4,20260917-164532,4,C:\Users\josep\source\repos\AIOTED-digital-rawdigits\20260917\16\1_main_dig4_20260917-164532.jpg,1,transition,85.24,reading_est 59144; model saw 1; agree,,,0
night_fill,20260820-065754_dig4,20260820-065754,4,C:\Users\josep\source\repos\AIOTED-digital-rawdigits\20260820\06\1_main_dig4_20260820-065754.jpg,1,transition,86.98,reading_est 58176; model saw 1; agree,,,0
night_fill,20260920-065728_dig4,20260920-065728,4,C:\Users\josep\source\repos\AIOTED-digital-rawdigits\20260920\06\1_main_dig4_20260920-065728.jpg,1,transition,81.25,reading_est 59197; model saw 1; agree_soft,,,0
night_fill,20260918-084931_dig4,20260918-084931,4,C:\Users\josep\source\repos\AIOTED-digital-rawdigits\20260918\08\1_main_dig4_20260918-084931.jpg,1,transition,83.12,reading_est 59156; model saw 1; agree,,,0
night_fill,20260919-135329_dig4,20260919-135329,4,C:\Users\josep\source\repos\AIOTED-digital-rawdigits\20260919\13\1_main_dig4_20260919-135329.jpg,1,transition,94.12,reading_est 59182; model saw 1; agree,,,0
night_fill,20260915-181735_dig4,20260915-181735,4,C:\Users\josep\source\repos\AIOTED-digital-rawdigits\20260915\18\1_main_dig4_20260915-181735.jpg,1,transition,83.20,reading_est 59100; model saw 1; agree_soft,,,0
night_fill,20260819-065356_dig4,20260819-065356,4,C:\Users\josep\source\repos\AIOTED-digital-rawdigits\20260819\06\1_main_dig4_20260819-065356.jpg,1,transition,84.14,reading_est 58139; model saw 1; agree,,,0
night_fill,20260917-165332_dig4,20260917-165332,4,C:\Users\josep\source\repos\AIOTED-digital-rawdigits\20260917\16\1_main_dig4_20260917-165332.jpg,1,transition,86.97,reading_est 59144; model saw 1; agree,,,0
night_fill,20260820-063754_dig4,20260820-063754,4,C:\Users\josep\source\repos\AIOTED-digital-rawdigits\20260820\06\1_main_dig4_20260820-063754.jpg,1,transition,82.25,reading_est 58176; model saw 1; agree,,,0
night_fill,20260918-110931_dig4,20260918-110931,4,C:\Users\josep\source\repos\AIOTED-digital-rawdigits\20260918\11\1_main_dig4_20260918-110931.jpg,1,transition,95.24,reading_est 59158; model saw 1; agree,,,0
night_fill,20260919-075329_dig4,20260919-075329,4,C:\Users\josep\source\repos\AIOTED-digital-rawdigits\20260919\07\1_main_dig4_20260919-075329.jpg,1,transition,81.97,reading_est 59177; model saw 1; agree,,,0
night_fill,20260922-212123_dig4,20260922-212123,4,C:\Users\josep\source\repos\AIOTED-digital-rawdigits\20260922\21\2_main_dig4_20260922-212123.jpg,2,flash,77.87,reading_est 59256; model saw 2; agree,,,0
night_fill,20260820-185753_dig4,20260820-185753,4,C:\Users\josep\source\repos\AIOTED-digital-rawdigits\20260820\18\2_main_dig4_20260820-185753.jpg,2,flash,79.90,reading_est 58203; model saw 2; agree,,,0
night_fill,20260822-235349_dig4,20260822-235349,4,C:\Users\josep\source\repos\AIOTED-digital-rawdigits\20260822\23\2_main_dig4_20260822-235349.jpg,2,flash,76.10,reading_est 58276; model saw 2; agree,,,0
night_fill,20260823-005349_dig4,20260823-005349,4,C:\Users\josep\source\repos\AIOTED-digital-rawdigits\20260823\00\2_main_dig4_20260823-005349.jpg,2,flash,76.78,reading_est 58276; model saw 2; agree,,,0
night_fill,20260925-024618_dig4,20260925-024618,4,C:\Users\josep\source\repos\AIOTED-digital-rawdigits\20260925\02\2_main_dig4_20260925-024618.jpg,2,flash,77.74,reading_est 59299; model saw 2; agree_soft,,,0
night_fill,20260920-231327_dig4,20260920-231327,4,C:\Users\josep\source\repos\AIOTED-digital-rawdigits\20260920\23\2_main_dig4_20260920-231327.jpg,2,flash,77.87,reading_est 59213; model saw 2; agree,,,0
night_fill,20260924-191818_dig4,20260924-191818,4,C:\Users\josep\source\repos\AIOTED-digital-rawdigits\20260924\19\2_main_dig4_20260924-191818.jpg,2,flash,77.86,reading_est 59294; model saw 2; agree,,,0
night_fill,20260821-045353_dig4,20260821-045353,4,C:\Users\josep\source\repos\AIOTED-digital-rawdigits\20260821\04\2_main_dig4_20260821-045353.jpg,2,flash,76.23,reading_est 58212; model saw 2; agree,,,0
night_fill,20260921-032526_dig4,20260921-032526,4,C:\Users\josep\source\repos\AIOTED-digital-rawdigits\20260921\03\2_main_dig4_20260921-032526.jpg,2,flash,78.13,reading_est 59216; model saw 2; agree,,,0
night_fill,20260922-232123_dig4,20260922-232123,4,C:\Users\josep\source\repos\AIOTED-digital-rawdigits\20260922\23\2_main_dig4_20260922-232123.jpg,2,flash,78.00,reading_est 59256; model saw 2; agree,,,0
night_fill,20260820-204553_dig4,20260820-204553,4,C:\Users\josep\source\repos\AIOTED-digital-rawdigits\20260820\20\2_main_dig4_20260820-204553.jpg,2,flash,76.17,reading_est 58207; model saw 2; agree,,,0
night_fill,20260822-202550_dig4,20260822-202550,4,C:\Users\josep\source\repos\AIOTED-digital-rawdigits\20260822\20\2_main_dig4_20260822-202550.jpg,2,flash,75.19,reading_est 58273; model saw 2; agree,,,0
night_fill,20260823-050149_dig4,20260823-050149,4,C:\Users\josep\source\repos\AIOTED-digital-rawdigits\20260823\05\2_main_dig4_20260823-050149.jpg,2,flash,77.81,reading_est 58279; model saw 2; agree,,,0
night_fill,20260925-002618_dig4,20260925-002618,4,C:\Users\josep\source\repos\AIOTED-digital-rawdigits\20260925\00\2_main_dig4_20260925-002618.jpg,2,flash,77.86,reading_est 59298; model saw 2; agree,,,0
night_fill,20260920-225327_dig4,20260920-225327,4,C:\Users\josep\source\repos\AIOTED-digital-rawdigits\20260920\22\2_main_dig4_20260920-225327.jpg,2,flash,78.10,reading_est 59213; model saw 2; agree,,,0
night_fill,20260924-021350_dig4,20260924-021350,4,C:\Users\josep\source\repos\AIOTED-digital-rawdigits\20260924\02\2_main_dig4_20260924-021350.jpg,2,flash,78.17,reading_est 59279; model saw 2; agree,,,0
night_fill,20260821-082152_dig4,20260821-082152,4,C:\Users\josep\source\repos\AIOTED-digital-rawdigits\20260821\08\2_main_dig4_20260821-082152.jpg,2,flash,78.18,reading_est 58217; model saw 2; agree,,,0
night_fill,20260921-230925_dig4,20260921-230925,4,C:\Users\josep\source\repos\AIOTED-digital-rawdigits\20260921\23\2_main_dig4_20260921-230925.jpg,2,flash,77.87,reading_est 59236; model saw 2; agree,,,0
night_fill,20260922-220523_dig4,20260922-220523,4,C:\Users\josep\source\repos\AIOTED-digital-rawdigits\20260922\22\2_main_dig4_20260922-220523.jpg,2,flash,78.00,reading_est 59256; model saw 2; agree,,,0
night_fill,20260820-223753_dig4,20260820-223753,4,C:\Users\josep\source\repos\AIOTED-digital-rawdigits\20260820\22\2_main_dig4_20260820-223753.jpg,2,flash,76.87,reading_est 58209; model saw 2; agree,,,0
night_fill,20260822-050951_dig4,20260822-050951,4,C:\Users\josep\source\repos\AIOTED-digital-rawdigits\20260822\05\2_main_dig4_20260822-050951.jpg,2,flash,77.81,reading_est 58245; model saw 2; agree,,,0
night_fill,20260823-022149_dig4,20260823-022149,4,C:\Users\josep\source\repos\AIOTED-digital-rawdigits\20260823\02\2_main_dig4_20260823-022149.jpg,2,flash,76.78,reading_est 58277; model saw 2; agree,,,0
night_fill,20260925-022618_dig4,20260925-022618,4,C:\Users\josep\source\repos\AIOTED-digital-rawdigits\20260925\02\2_main_dig4_20260925-022618.jpg,2,flash,78.00,reading_est 59299; model saw 2; agree,,,0
night_fill,20260920-235327_dig4,20260920-235327,4,C:\Users\josep\source\repos\AIOTED-digital-rawdigits\20260920\23\2_main_dig4_20260920-235327.jpg,2,flash,77.87,reading_est 59213; model saw 2; agree,,,0
night_fill,20260924-035350_dig4,20260924-035350,4,C:\Users\josep\source\repos\AIOTED-digital-rawdigits\20260924\03\2_main_dig4_20260924-035350.jpg,2,flash,78.17,reading_est 59279; model saw 2; agree,,,0
night_fill,20260821-234151_dig4,20260821-234151,4,C:\Users\josep\source\repos\AIOTED-digital-rawdigits\20260821\23\2_main_dig4_20260821-234151.jpg,2,flash,76.23,reading_est 58241; model saw 2; agree,,,0
night_fill,20260921-034526_dig4,20260921-034526,4,C:\Users\josep\source\repos\AIOTED-digital-rawdigits\20260921\03\2_main_dig4_20260921-034526.jpg,2,flash,78.00,reading_est 59216; model saw 2; agree,,,0
night_fill,20260922-064524_dig4,20260922-064524,4,C:\Users\josep\source\repos\AIOTED-digital-rawdigits\20260922\06\2_main_dig4_20260922-064524.jpg,2,flash,78.17,reading_est 59241; model saw 2; agree,,,0
night_fill,20260820-203753_dig4,20260820-203753,4,C:\Users\josep\source\repos\AIOTED-digital-rawdigits\20260820\20\2_main_dig4_20260820-203753.jpg,2,flash,76.10,reading_est 58206; model saw 2; agree,,,0
night_fill,20260822-020951_dig4,20260822-020951,4,C:\Users\josep\source\repos\AIOTED-digital-rawdigits\20260822\02\2_main_dig4_20260822-020951.jpg,2,flash,76.23,reading_est 58242; model saw 2; agree,,,0
night_fill,20260823-030149_dig4,20260823-030149,4,C:\Users\josep\source\repos\AIOTED-digital-rawdigits\20260823\03\2_main_dig4_20260823-030149.jpg,2,flash,77.12,reading_est 58279; model saw 2; agree,,,0
night_fill,20260925-001818_dig4,20260925-001818,4,C:\Users\josep\source\repos\AIOTED-digital-rawdigits\20260925\00\2_main_dig4_20260925-001818.jpg,2,flash,78.17,reading_est 59298; model saw 2; agree,,,0
night_fill,20260920-211727_dig4,20260920-211727,4,C:\Users\josep\source\repos\AIOTED-digital-rawdigits\20260920\21\2_main_dig4_20260920-211727.jpg,2,flash,77.91,reading_est 59212; model saw 2; agree,,,0
night_fill,20260924-203818_dig4,20260924-203818,4,C:\Users\josep\source\repos\AIOTED-digital-rawdigits\20260924\20\2_main_dig4_20260924-203818.jpg,2,flash,77.22,reading_est 59296; model saw 2; agree,,,0
night_fill,20260821-093352_dig4,20260821-093352,4,C:\Users\josep\source\repos\AIOTED-digital-rawdigits\20260821\09\2_main_dig4_20260821-093352.jpg,2,flash,80.90,reading_est 58219; model saw 2; agree,,,0
night_fill,20260921-060526_dig4,20260921-060526,4,C:\Users\josep\source\repos\AIOTED-digital-rawdigits\20260921\06\2_main_dig4_20260921-060526.jpg,2,flash,78.22,reading_est 59217; model saw 2; agree,,,0
night_fill,20260922-052524_dig4,20260922-052524,4,C:\Users\josep\source\repos\AIOTED-digital-rawdigits\20260922\05\2_main_dig4_20260922-052524.jpg,2,flash,77.86,reading_est 59240; model saw 2; agree,,,0
night_fill,20260820-190553_dig4,20260820-190553,4,C:\Users\josep\source\repos\AIOTED-digital-rawdigits\20260820\19\2_main_dig4_20260820-190553.jpg,2,flash,80.83,reading_est 58203; model saw 2; agree,,,0
night_fill,20260822-232549_dig4,20260822-232549,4,C:\Users\josep\source\repos\AIOTED-digital-rawdigits\20260822\23\2_main_dig4_20260822-232549.jpg,2,flash,76.13,reading_est 58276; model saw 2; agree,,,0
night_fill,20260823-000549_dig4,20260823-000549,4,C:\Users\josep\source\repos\AIOTED-digital-rawdigits\20260823\00\2_main_dig4_20260823-000549.jpg,2,flash,76.00,reading_est 58276; model saw 2; agree,,,0
night_fill,20260925-020618_dig4,20260925-020618,4,C:\Users\josep\source\repos\AIOTED-digital-rawdigits\20260925\02\2_main_dig4_20260925-020618.jpg,2,flash,78.17,reading_est 59299; model saw 2; agree,,,0
night_fill,20260920-193727_dig4,20260920-193727,4,C:\Users\josep\source\repos\AIOTED-digital-rawdigits\20260920\19\2_main_dig4_20260920-193727.jpg,2,flash,78.17,reading_est 59210; model saw 2; agree,,,0
night_fill,20260924-000550_dig4,20260924-000550,4,C:\Users\josep\source\repos\AIOTED-digital-rawdigits\20260924\00\2_main_dig4_20260924-000550.jpg,2,flash,78.22,reading_est 59279; model saw 2; agree,,,0
night_fill,20260821-050553_dig4,20260821-050553,4,C:\Users\josep\source\repos\AIOTED-digital-rawdigits\20260821\05\2_main_dig4_20260821-050553.jpg,2,flash,76.87,reading_est 58213; model saw 2; agree,,,0
night_fill,20260921-224925_dig4,20260921-224925,4,C:\Users\josep\source\repos\AIOTED-digital-rawdigits\20260921\22\2_main_dig4_20260921-224925.jpg,2,flash,77.87,reading_est 59236; model saw 2; agree,,,0
night_fill,20260922-201323_dig4,20260922-201323,4,C:\Users\josep\source\repos\AIOTED-digital-rawdigits\20260922\20\2_main_dig4_20260922-201323.jpg,2,flash,78.17,reading_est 59254; model saw 2; agree,,,0
night_fill,20260820-234553_dig4,20260820-234553,4,C:\Users\josep\source\repos\AIOTED-digital-rawdigits\20260820\23\2_main_dig4_20260820-234553.jpg,2,flash,76.23,reading_est 58209; model saw 2; agree,,,0
night_fill,20260822-034951_dig4,20260822-034951,4,C:\Users\josep\source\repos\AIOTED-digital-rawdigits\20260822\03\2_main_dig4_20260822-034951.jpg,2,flash,76.85,reading_est 58244; model saw 2; agree,,,0
night_fill,20260823-035349_dig4,20260823-035349,4,C:\Users\josep\source\repos\AIOTED-digital-rawdigits\20260823\03\2_main_dig4_20260823-035349.jpg,2,flash,77.22,reading_est 58279; model saw 2; agree,,,0
night_fill,20260925-014618_dig4,20260925-014618,4,C:\Users\josep\source\repos\AIOTED-digital-rawdigits\20260925\01\2_main_dig4_20260925-014618.jpg,2,flash,77.86,reading_est 59299; model saw 2; agree,,,0
night_fill,20260920-213727_dig4,20260920-213727,4,C:\Users\josep\source\repos\AIOTED-digital-rawdigits\20260920\21\2_main_dig4_20260920-213727.jpg,2,flash,78.17,reading_est 59212; model saw 2; agree,,,0
night_fill,20260924-213818_dig4,20260924-213818,4,C:\Users\josep\source\repos\AIOTED-digital-rawdigits\20260924\21\2_main_dig4_20260924-213818.jpg,2,flash,77.87,reading_est 59296; model saw 2; agree,,,0
night_fill,20260821-091352_dig4,20260821-091352,4,C:\Users\josep\source\repos\AIOTED-digital-rawdigits\20260821\09\2_main_dig4_20260821-091352.jpg,2,flash,79.16,reading_est 58218; model saw 2; agree,,,0
night_fill,20260921-050526_dig4,20260921-050526,4,C:\Users\josep\source\repos\AIOTED-digital-rawdigits\20260921\05\2_main_dig4_20260921-050526.jpg,2,flash,77.91,reading_est 59217; model saw 2; agree,,,0
night_fill,20260922-055724_dig4,20260922-055724,4,C:\Users\josep\source\repos\AIOTED-digital-rawdigits\20260922\05\2_main_dig4_20260922-055724.jpg,2,flash,78.00,reading_est 59240; model saw 2; agree,,,0
night_fill,20260820-233753_dig4,20260820-233753,4,C:\Users\josep\source\repos\AIOTED-digital-rawdigits\20260820\23\2_main_dig4_20260820-233753.jpg,2,flash,76.87,reading_est 58209; model saw 2; agree,,,0
night_fill,20260822-043751_dig4,20260822-043751,4,C:\Users\josep\source\repos\AIOTED-digital-rawdigits\20260822\04\2_main_dig4_20260822-043751.jpg,2,flash,77.90,reading_est 58245; model saw 2; agree,,,0
night_fill,20260823-001349_dig4,20260823-001349,4,C:\Users\josep\source\repos\AIOTED-digital-rawdigits\20260823\00\2_main_dig4_20260823-001349.jpg,2,flash,76.17,reading_est 58276; model saw 2; agree,,,0
night_fill,20260925-013418_dig4,20260925-013418,4,C:\Users\josep\source\repos\AIOTED-digital-rawdigits\20260925\01\2_main_dig4_20260925-013418.jpg,2,flash,78.10,reading_est 59299; model saw 2; agree,,,0
night_fill,20260920-224527_dig4,20260920-224527,4,C:\Users\josep\source\repos\AIOTED-digital-rawdigits\20260920\22\2_main_dig4_20260920-224527.jpg,2,flash,77.87,reading_est 59213; model saw 2; agree,,,0
night_fill,20260924-190618_dig4,20260924-190618,4,C:\Users\josep\source\repos\AIOTED-digital-rawdigits\20260924\19\2_main_dig4_20260924-190618.jpg,2,flash,77.86,reading_est 59294; model saw 2; agree,,,0
night_fill,20260821-033353_dig4,20260821-033353,4,C:\Users\josep\source\repos\AIOTED-digital-rawdigits\20260821\03\2_main_dig4_20260821-033353.jpg,2,flash,76.00,reading_est 58212; model saw 2; agree,,,0
night_fill,20260921-020526_dig4,20260921-020526,4,C:\Users\josep\source\repos\AIOTED-digital-rawdigits\20260921\02\2_main_dig4_20260921-020526.jpg,2,flash,77.87,reading_est 59216; model saw 2; agree,,,0
night_fill,20260922-035724_dig4,20260922-035724,4,C:\Users\josep\source\repos\AIOTED-digital-rawdigits\20260922\03\2_main_dig4_20260922-035724.jpg,2,flash,77.87,reading_est 59239; model saw 2; agree,,,0
night_fill,20260820-195753_dig4,20260820-195753,4,C:\Users\josep\source\repos\AIOTED-digital-rawdigits\20260820\19\2_main_dig4_20260820-195753.jpg,2,flash,75.15,reading_est 58206; model saw 2; agree,,,0
night_fill,20260822-231349_dig4,20260822-231349,4,C:\Users\josep\source\repos\AIOTED-digital-rawdigits\20260822\23\2_main_dig4_20260822-231349.jpg,2,flash,76.10,reading_est 58276; model saw 2; agree,,,0
night_fill,20260823-044149_dig4,20260823-044149,4,C:\Users\josep\source\repos\AIOTED-digital-rawdigits\20260823\04\2_main_dig4_20260823-044149.jpg,2,flash,77.31,reading_est 58279; model saw 2; agree,,,0
night_fill,20260925-003418_dig4,20260925-003418,4,C:\Users\josep\source\repos\AIOTED-digital-rawdigits\20260925\00\2_main_dig4_20260925-003418.jpg,2,flash,77.13,reading_est 59298; model saw 2; agree,,,0
night_fill,20260920-192527_dig4,20260920-192527,4,C:\Users\josep\source\repos\AIOTED-digital-rawdigits\20260920\19\2_main_dig4_20260920-192527.jpg,2,flash,78.78,reading_est 59209; model saw 2; agree,,,0
night_fill,20260924-202618_dig4,20260924-202618,4,C:\Users\josep\source\repos\AIOTED-digital-rawdigits\20260924\20\2_main_dig4_20260924-202618.jpg,2,flash,77.91,reading_est 59296; model saw 2; agree,,,0
night_fill,20260821-220951_dig4,20260821-220951,4,C:\Users\josep\source\repos\AIOTED-digital-rawdigits\20260821\22\2_main_dig4_20260821-220951.jpg,2,flash,76.17,reading_est 58240; model saw 2; agree,,,0
night_fill,20260921-204125_dig4,20260921-204125,4,C:\Users\josep\source\repos\AIOTED-digital-rawdigits\20260921\20\2_main_dig4_20260921-204125.jpg,2,flash,77.87,reading_est 59234; model saw 2; agree,,,0
night_fill,20260922-040924_dig4,20260922-040924,4,C:\Users\josep\source\repos\AIOTED-digital-rawdigits\20260922\04\2_main_dig4_20260922-040924.jpg,2,flash,78.00,reading_est 59239; model saw 2; agree,,,0
night_fill,20260820-194553_dig4,20260820-194553,4,C:\Users\josep\source\repos\AIOTED-digital-rawdigits\20260820\19\2_main_dig4_20260820-194553.jpg,2,flash,76.23,reading_est 58205; model saw 2; agree,,,0
night_fill,20260822-051751_dig4,20260822-051751,4,C:\Users\josep\source\repos\AIOTED-digital-rawdigits\20260822\05\2_main_dig4_20260822-051751.jpg,2,flash,77.83,reading_est 58245; model saw 2; agree,,,0
night_fill,20260823-043349_dig4,20260823-043349,4,C:\Users\josep\source\repos\AIOTED-digital-rawdigits\20260823\04\2_main_dig4_20260823-043349.jpg,2,flash,76.78,reading_est 58279; model saw 2; agree,,,0
night_fill,20260925-015418_dig4,20260925-015418,4,C:\Users\josep\source\repos\AIOTED-digital-rawdigits\20260925\01\2_main_dig4_20260925-015418.jpg,2,flash,77.10,reading_est 59299; model saw 2; agree,,,0
night_fill,20260920-212527_dig4,20260920-212527,4,C:\Users\josep\source\repos\AIOTED-digital-rawdigits\20260920\21\2_main_dig4_20260920-212527.jpg,2,flash,78.08,reading_est 59212; model saw 2; agree,,,0
night_fill,20260924-230618_dig4,20260924-230618,4,C:\Users\josep\source\repos\AIOTED-digital-rawdigits\20260924\23\2_main_dig4_20260924-230618.jpg,2,flash,77.10,reading_est 59297; model saw 2; agree,,,0
night_fill,20260821-042553_dig4,20260821-042553,4,C:\Users\josep\source\repos\AIOTED-digital-rawdigits\20260821\04\2_main_dig4_20260821-042553.jpg,2,flash,76.62,reading_est 58212; model saw 2; agree,,,0
night_fill,20260921-202925_dig4,20260921-202925,4,C:\Users\josep\source\repos\AIOTED-digital-rawdigits\20260921\20\2_main_dig4_20260921-202925.jpg,2,flash,78.00,reading_est 59234; model saw 2; agree,,,0
night_fill,20260922-025724_dig4,20260922-025724,4,C:\Users\josep\source\repos\AIOTED-digital-rawdigits\20260922\02\2_main_dig4_20260922-025724.jpg,2,flash,77.87,reading_est 59239; model saw 2; agree,,,0
night_fill,20260820-202553_dig4,20260820-202553,4,C:\Users\josep\source\repos\AIOTED-digital-rawdigits\20260820\20\2_main_dig4_20260820-202553.jpg,2,flash,76.12,reading_est 58206; model saw 2; agree,,,0
night_fill,20260822-195350_dig4,20260822-195350,4,C:\Users\josep\source\repos\AIOTED-digital-rawdigits\20260822\19\2_main_dig4_20260822-195350.jpg,2,flash,76.17,reading_est 58273; model saw 2; agree,,,0
night_fill,20260823-063349_dig4,20260823-063349,4,C:\Users\josep\source\repos\AIOTED-digital-rawdigits\20260823\06\2_main_dig4_20260823-063349.jpg,2,flash,80.97,reading_est 58280; model saw 2; agree,,,0
night_fill,20260925-013818_dig4,20260925-013818,4,C:\Users\josep\source\repos\AIOTED-digital-rawdigits\20260925\01\2_main_dig4_20260925-013818.jpg,2,flash,78.17,reading_est 59299; model saw 2; agree,,,0
night_fill,20260920-223327_dig4,20260920-223327,4,C:\Users\josep\source\repos\AIOTED-digital-rawdigits\20260920\22\2_main_dig4_20260920-223327.jpg,2,flash,78.07,reading_est 59213; model saw 2; agree,,,0
night_fill,20260924-194618_dig4,20260924-194618,4,C:\Users\josep\source\repos\AIOTED-digital-rawdigits\20260924\19\2_main_dig4_20260924-194618.jpg,2,flash,78.09,reading_est 59296; model saw 2; agree,,,0
night_fill,20260821-014553_dig4,20260821-014553,4,C:\Users\josep\source\repos\AIOTED-digital-rawdigits\20260821\01\2_main_dig4_20260821-014553.jpg,2,flash,76.29,reading_est 58210; model saw 2; agree,,,0
night_fill,20260921-012526_dig4,20260921-012526,4,C:\Users\josep\source\repos\AIOTED-digital-rawdigits\20260921\01\2_main_dig4_20260921-012526.jpg,2,flash,77.87,reading_est 59214; model saw 2; agree,,,0
night_fill,20260922-043724_dig4,20260922-043724,4,C:\Users\josep\source\repos\AIOTED-digital-rawdigits\20260922\04\2_main_dig4_20260922-043724.jpg,2,flash,77.86,reading_est 59239; model saw 2; agree,,,0
night_fill,20260820-230553_dig4,20260820-230553,4,C:\Users\josep\source\repos\AIOTED-digital-rawdigits\20260820\23\2_main_dig4_20260820-230553.jpg,2,flash,76.21,reading_est 58209; model saw 2; agree,,,0
night_fill,20260924-073350_dig4,20260924-073350,4,C:\Users\josep\source\repos\AIOTED-digital-rawdigits\20260924\07\2_main_dig4_20260924-073350.jpg,2,transition,88.84,reading_est 59282; model saw 2; agree,,,0
night_fill,20260921-075326_dig4,20260921-075326,4,C:\Users\josep\source\repos\AIOTED-digital-rawdigits\20260921\07\2_main_dig4_20260921-075326.jpg,2,transition,87.97,reading_est 59218; model saw 2; agree,,,0
night_fill,20260920-174527_dig4,20260920-174527,4,C:\Users\josep\source\repos\AIOTED-digital-rawdigits\20260920\17\2_main_dig4_20260920-174527.jpg,2,transition,92.69,reading_est 59208; model saw 2; agree,,,0
night_fill,20260822-175350_dig4,20260822-175350,4,C:\Users\josep\source\repos\AIOTED-digital-rawdigits\20260822\17\2_main_dig4_20260822-175350.jpg,2,transition,89.98,reading_est 58269; model saw 2; agree,,,0
night_fill,20260821-103352_dig4,20260821-103352,4,C:\Users\josep\source\repos\AIOTED-digital-rawdigits\20260821\10\2_main_dig4_20260821-103352.jpg,2,transition,85.12,reading_est 58220; model saw 2; agree,,,0
night_fill,20260820-180553_dig4,20260820-180553,4,C:\Users\josep\source\repos\AIOTED-digital-rawdigits\20260820\18\2_main_dig4_20260820-180553.jpg,2,transition,91.06,reading_est 58201; model saw 2; agree,,,0
night_fill,20260823-071349_dig4,20260823-071349,4,C:\Users\josep\source\repos\AIOTED-digital-rawdigits\20260823\07\2_main_dig4_20260823-071349.jpg,2,transition,94.16,reading_est 58281; model saw 2; agree,,,0
night_fill,20260922-173323_dig4,20260922-173323,4,C:\Users\josep\source\repos\AIOTED-digital-rawdigits\20260922\17\2_main_dig4_20260922-173323.jpg,2,transition,86.14,reading_est 59252; model saw 2; agree,,,0
night_fill,20260924-163819_dig4,20260924-163819,4,C:\Users\josep\source\repos\AIOTED-digital-rawdigits\20260924\16\2_main_dig4_20260924-163819.jpg,2,transition,90.77,reading_est 59292; model saw 2; agree,,,0
night_fill,20260921-071326_dig4,20260921-071326,4,C:\Users\josep\source\repos\AIOTED-digital-rawdigits\20260921\07\2_main_dig4_20260921-071326.jpg,2,transition,81.97,reading_est 59218; model saw 2; agree,,,0
night_fill,20260920-162527_dig4,20260920-162527,4,C:\Users\josep\source\repos\AIOTED-digital-rawdigits\20260920\16\2_main_dig4_20260920-162527.jpg,2,transition,93.90,reading_est 59206; model saw 2; agree,,,0
night_fill,20260822-073751_dig4,20260822-073751,4,C:\Users\josep\source\repos\AIOTED-digital-rawdigits\20260822\07\2_main_dig4_20260822-073751.jpg,2,transition,94.93,reading_est 58247; model saw 2; agree,,,0
night_fill,20260821-164952_dig4,20260821-164952,4,C:\Users\josep\source\repos\AIOTED-digital-rawdigits\20260821\16\2_main_dig4_20260821-164952.jpg,2,transition,85.77,reading_est 58232; model saw 2; agree,,,0
night_fill,20260820-183753_dig4,20260820-183753,4,C:\Users\josep\source\repos\AIOTED-digital-rawdigits\20260820\18\2_main_dig4_20260820-183753.jpg,2,transition,82.25,reading_est 58203; model saw 2; agree,,,0
night_fill,20260823-164148_dig4,20260823-164148,4,C:\Users\josep\source\repos\AIOTED-digital-rawdigits\20260823\16\2_main_dig4_20260823-164148.jpg,2,transition,88.97,reading_est 58297; model saw 2; agree,,,0
night_fill,20260922-171323_dig4,20260922-171323,4,C:\Users\josep\source\repos\AIOTED-digital-rawdigits\20260922\17\2_main_dig4_20260922-171323.jpg,2,transition,89.93,reading_est 59252; model saw 2; agree,,,0
night_fill,20260924-172619_dig4,20260924-172619,4,C:\Users\josep\source\repos\AIOTED-digital-rawdigits\20260924\17\2_main_dig4_20260924-172619.jpg,2,transition,86.12,reading_est 59292; model saw 2; agree,,,0
night_fill,20260921-081326_dig4,20260921-081326,4,C:\Users\josep\source\repos\AIOTED-digital-rawdigits\20260921\08\2_main_dig4_20260921-081326.jpg,2,transition,94.29,reading_est 59218; model saw 2; agree,,,0
night_fill,20260920-171727_dig4,20260920-171727,4,C:\Users\josep\source\repos\AIOTED-digital-rawdigits\20260920\17\2_main_dig4_20260920-171727.jpg,2,transition,86.97,reading_est 59208; model saw 2; agree,,,0
night_fill,20260822-185350_dig4,20260822-185350,4,C:\Users\josep\source\repos\AIOTED-digital-rawdigits\20260822\18\2_main_dig4_20260822-185350.jpg,2,transition,82.97,reading_est 58271; model saw 2; agree,,,0
night_fill,20260821-174152_dig4,20260821-174152,4,C:\Users\josep\source\repos\AIOTED-digital-rawdigits\20260821\17\2_main_dig4_20260821-174152.jpg,2,transition,85.97,reading_est 58233; model saw 2; agree,,,0
night_fill,20260820-173754_dig4,20260820-173754,4,C:\Users\josep\source\repos\AIOTED-digital-rawdigits\20260820\17\2_main_dig4_20260820-173754.jpg,2,transition,89.69,reading_est 58200; model saw 2; agree,,,0
night_fill,20260823-172148_dig4,20260823-172148,4,C:\Users\josep\source\repos\AIOTED-digital-rawdigits\20260823\17\2_main_dig4_20260823-172148.jpg,2,transition,95.03,reading_est 58299; model saw 2; agree_soft,,,0
night_fill,20260922-070524_dig4,20260922-070524,4,C:\Users\josep\source\repos\AIOTED-digital-rawdigits\20260922\07\2_main_dig4_20260922-070524.jpg,2,transition,81.81,reading_est 59241; model saw 2; agree,,,0
night_fill,20260924-174618_dig4,20260924-174618,4,C:\Users\josep\source\repos\AIOTED-digital-rawdigits\20260924\17\2_main_dig4_20260924-174618.jpg,2,transition,84.90,reading_est 59293; model saw 2; agree,,,0
night_fill,20260921-073326_dig4,20260921-073326,4,C:\Users\josep\source\repos\AIOTED-digital-rawdigits\20260921\07\2_main_dig4_20260921-073326.jpg,2,transition,84.24,reading_est 59218; model saw 2; agree,,,0
night_fill,20260920-170527_dig4,20260920-170527,4,C:\Users\josep\source\repos\AIOTED-digital-rawdigits\20260920\17\2_main_dig4_20260920-170527.jpg,2,transition,94.12,reading_est 59207; model saw 2; agree,,,0
night_fill,20260822-181350_dig4,20260822-181350,4,C:\Users\josep\source\repos\AIOTED-digital-rawdigits\20260822\18\2_main_dig4_20260822-181350.jpg,2,transition,86.77,reading_est 58269; model saw 2; agree,,,0
night_fill,20260821-182152_dig4,20260821-182152,4,C:\Users\josep\source\repos\AIOTED-digital-rawdigits\20260821\18\2_main_dig4_20260821-182152.jpg,2,transition,92.77,reading_est 58234; model saw 2; agree,,,0
night_fill,20260820-184553_dig4,20260820-184553,4,C:\Users\josep\source\repos\AIOTED-digital-rawdigits\20260820\18\2_main_dig4_20260820-184553.jpg,2,transition,81.25,reading_est 58203; model saw 2; agree,,,0
night_fill,20260823-170148_dig4,20260823-170148,4,C:\Users\josep\source\repos\AIOTED-digital-rawdigits\20260823\17\2_main_dig4_20260823-170148.jpg,2,transition,85.97,reading_est 58299; model saw 2; agree,,,0
night_fill,20260922-162523_dig4,20260922-162523,4,C:\Users\josep\source\repos\AIOTED-digital-rawdigits\20260922\16\2_main_dig4_20260922-162523.jpg,2,transition,93.74,reading_est 59251; model saw 2; agree,,,0
night_fill,20260924-173818_dig4,20260924-173818,4,C:\Users\josep\source\repos\AIOTED-digital-rawdigits\20260924\17\2_main_dig4_20260924-173818.jpg,2,transition,85.97,reading_est 59293; model saw 2; agree,,,0
night_fill,20260921-172925_dig4,20260921-172925,4,C:\Users\josep\source\repos\AIOTED-digital-rawdigits\20260921\17\2_main_dig4_20260921-172925.jpg,2,transition,89.00,reading_est 59231; model saw 2; agree,,,0
night_fill,20260920-180527_dig4,20260920-180527,4,C:\Users\josep\source\repos\AIOTED-digital-rawdigits\20260920\18\2_main_dig4_20260920-180527.jpg,2,transition,86.12,reading_est 59208; model saw 2; agree,,,0
night_fill,20260822-174550_dig4,20260822-174550,4,C:\Users\josep\source\repos\AIOTED-digital-rawdigits\20260822\17\2_main_dig4_20260822-174550.jpg,2,transition,84.26,reading_est 58268; model saw 2; agree,,,0
night_fill,20260821-170152_dig4,20260821-170152,4,C:\Users\josep\source\repos\AIOTED-digital-rawdigits\20260821\17\2_main_dig4_20260821-170152.jpg,2,transition,92.31,reading_est 58232; model saw 2; agree,,,0
night_fill,20260820-175753_dig4,20260820-175753,4,C:\Users\josep\source\repos\AIOTED-digital-rawdigits\20260820\17\2_main_dig4_20260820-175753.jpg,2,transition,93.03,reading_est 58201; model saw 2; agree,,,0
night_fill,20260823-064149_dig4,20260823-064149,4,C:\Users\josep\source\repos\AIOTED-digital-rawdigits\20260823\06\2_main_dig4_20260823-064149.jpg,2,transition,81.97,reading_est 58280; model saw 2; agree,,,0
night_fill,20260922-183323_dig4,20260922-183323,4,C:\Users\josep\source\repos\AIOTED-digital-rawdigits\20260922\18\2_main_dig4_20260922-183323.jpg,2,transition,81.74,reading_est 59253; model saw 2; agree,,,0
night_fill,20260924-070150_dig4,20260924-070150,4,C:\Users\josep\source\repos\AIOTED-digital-rawdigits\20260924\07\2_main_dig4_20260924-070150.jpg,2,transition,81.25,reading_est 59282; model saw 2; agree,,,0
night_fill,20260921-172125_dig4,20260921-172125,4,C:\Users\josep\source\repos\AIOTED-digital-rawdigits\20260921\17\2_main_dig4_20260921-172125.jpg,2,transition,92.24,reading_est 59231; model saw 2; agree,,,0
night_fill,20260920-163727_dig4,20260920-163727,4,C:\Users\josep\source\repos\AIOTED-digital-rawdigits\20260920\16\2_main_dig4_20260920-163727.jpg,2,transition,94.41,reading_est 59207; model saw 2; agree,,,0
night_fill,20260822-070951_dig4,20260822-070951,4,C:\Users\josep\source\repos\AIOTED-digital-rawdigits\20260822\07\2_main_dig4_20260822-070951.jpg,2,transition,92.19,reading_est 58247; model saw 2; agree,,,0
night_fill,20260821-164152_dig4,20260821-164152,4,C:\Users\josep\source\repos\AIOTED-digital-rawdigits\20260821\16\2_main_dig4_20260821-164152.jpg,2,transition,84.26,reading_est 58231; model saw 2; agree,,,0
night_fill,20260820-181753_dig4,20260820-181753,4,C:\Users\josep\source\repos\AIOTED-digital-rawdigits\20260820\18\2_main_dig4_20260820-181753.jpg,2,transition,86.29,reading_est 58202; model saw 2; agree,,,0
night_fill,20260926-065016_dig4,20260926-065016,4,C:\Users\josep\source\repos\AIOTED-digital-rawdigits\20260926\06\3_main_dig4_20260926-065016.jpg,3,flash,79.17,reading_est 59325; model saw 3; agree,,,0
night_fill,20260823-190948_dig4,20260823-190948,4,C:\Users\josep\source\repos\AIOTED-digital-rawdigits\20260823\19\3_main_dig4_20260823-190948.jpg,3,flash,80.26,reading_est 58304; model saw 3; agree,,,0
night_fill,20260826-002544_dig4,20260826-002544,4,C:\Users\josep\source\repos\AIOTED-digital-rawdigits\20260826\00\3_main_dig4_20260826-002544.jpg,3,flash,76.94,reading_est 58377; model saw 3; agree,,,0
night_fill,20260925-065417_dig4,20260925-065417,4,C:\Users\josep\source\repos\AIOTED-digital-rawdigits\20260925\06\3_main_dig4_20260925-065417.jpg,3,flash,77.87,reading_est 59302; model saw 3; agree,,,0
night_fill,20260927-191842_dig4,20260927-191842,4,C:\Users\josep\source\repos\AIOTED-digital-rawdigits\20260927\19\3_main_dig4_20260927-191842.jpg,3,flash,79.17,reading_est 59358; model saw 3; agree,,,0
night_fill,20260824-062547_dig4,20260824-062547,4,C:\Users\josep\source\repos\AIOTED-digital-rawdigits\20260824\06\3_main_dig4_20260824-062547.jpg,3,flash,80.85,reading_est 58314; model saw 3; agree,,,0
night_fill,20260928-224240_dig4,20260928-224240,4,C:\Users\josep\source\repos\AIOTED-digital-rawdigits\20260928\22\3_main_dig4_20260928-224240.jpg,3,flash,78.13,reading_est 59380; model saw 3; agree,,,0
night_fill,20260926-235414_dig4,20260926-235414,4,C:\Users\josep\source\repos\AIOTED-digital-rawdigits\20260926\23\3_main_dig4_20260926-235414.jpg,3,flash,77.87,reading_est 59344; model saw 3; agree,,,0
night_fill,20260823-204948_dig4,20260823-204948,4,C:\Users\josep\source\repos\AIOTED-digital-rawdigits\20260823\20\3_main_dig4_20260823-204948.jpg,3,flash,77.10,reading_est 58307; model saw 3; agree,,,0
night_fill,20260826-032544_dig4,20260826-032544,4,C:\Users\josep\source\repos\AIOTED-digital-rawdigits\20260826\03\3_main_dig4_20260826-032544.jpg,3,flash,76.17,reading_est 58379; model saw 3; agree,,,0
night_fill,20260925-210216_dig4,20260925-210216,4,C:\Users\josep\source\repos\AIOTED-digital-rawdigits\20260925\21\3_main_dig4_20260925-210216.jpg,3,flash,79.86,reading_est 59319; model saw 3; agree,,,0
night_fill,20260927-054214_dig4,20260927-054214,4,C:\Users\josep\source\repos\AIOTED-digital-rawdigits\20260927\05\3_main_dig4_20260927-054214.jpg,3,flash,78.00,reading_est 59346; model saw 3; agree,,,0
night_fill,20260824-035747_dig4,20260824-035747,4,C:\Users\josep\source\repos\AIOTED-digital-rawdigits\20260824\03\3_main_dig4_20260824-035747.jpg,3,flash,77.94,reading_est 58312; model saw 3; agree,,,0
night_fill,20260928-012642_dig4,20260928-012642,4,C:\Users\josep\source\repos\AIOTED-digital-rawdigits\20260928\01\3_main_dig4_20260928-012642.jpg,3,flash,78.93,reading_est 59361; model saw 3; agree,,,0
night_fill,20260926-230614_dig4,20260926-230614,4,C:\Users\josep\source\repos\AIOTED-digital-rawdigits\20260926\23\3_main_dig4_20260926-230614.jpg,3,flash,78.08,reading_est 59344; model saw 3; agree,,,0
night_fill,20260823-235747_dig4,20260823-235747,4,C:\Users\josep\source\repos\AIOTED-digital-rawdigits\20260823\23\3_main_dig4_20260823-235747.jpg,3,flash,77.93,reading_est 58309; model saw 3; agree,,,0
night_fill,20260826-063343_dig4,20260826-063343,4,C:\Users\josep\source\repos\AIOTED-digital-rawdigits\20260826\06\3_main_dig4_20260826-063343.jpg,3,flash,80.18,reading_est 58382; model saw 3; agree,,,0
night_fill,20260925-225016_dig4,20260925-225016,4,C:\Users\josep\source\repos\AIOTED-digital-rawdigits\20260925\22\3_main_dig4_20260925-225016.jpg,3,flash,79.08,reading_est 59320; model saw 3; agree,,,0
night_fill,20260927-015414_dig4,20260927-015414,4,C:\Users\josep\source\repos\AIOTED-digital-rawdigits\20260927\01\3_main_dig4_20260927-015414.jpg,3,flash,78.09,reading_est 59346; model saw 3; agree,,,0
night_fill,20260824-215346_dig4,20260824-215346,4,C:\Users\josep\source\repos\AIOTED-digital-rawdigits\20260824\21\3_main_dig4_20260824-215346.jpg,3,flash,76.22,reading_est 58337; model saw 3; agree,,,0
night_fill,20260928-190240_dig4,20260928-190240,4,C:\Users\josep\source\repos\AIOTED-digital-rawdigits\20260928\19\3_main_dig4_20260928-190240.jpg,3,flash,78.17,reading_est 59377; model saw 3; agree,,,0
night_fill,20260926-061016_dig4,20260926-061016,4,C:\Users\josep\source\repos\AIOTED-digital-rawdigits\20260926\06\3_main_dig4_20260926-061016.jpg,3,flash,78.00,reading_est 59324; model saw 3; agree,,,0
night_fill,20260823-221748_dig4,20260823-221748,4,C:\Users\josep\source\repos\AIOTED-digital-rawdigits\20260823\22\3_main_dig4_20260823-221748.jpg,3,flash,76.89,reading_est 58309; model saw 3; agree,,,0
night_fill,20260826-004544_dig4,20260826-004544,4,C:\Users\josep\source\repos\AIOTED-digital-rawdigits\20260826\00\3_main_dig4_20260826-004544.jpg,3,flash,75.86,reading_est 58377; model saw 3; agree,,,0
night_fill,20260925-050617_dig4,20260925-050617,4,C:\Users\josep\source\repos\AIOTED-digital-rawdigits\20260925\05\3_main_dig4_20260925-050617.jpg,3,flash,76.91,reading_est 59301; model saw 3; agree,,,0
night_fill,20260927-060214_dig4,20260927-060214,4,C:\Users\josep\source\repos\AIOTED-digital-rawdigits\20260927\06\3_main_dig4_20260927-060214.jpg,3,flash,78.13,reading_est 59346; model saw 3; agree,,,0
night_fill,20260824-045747_dig4,20260824-045747,4,C:\Users\josep\source\repos\AIOTED-digital-rawdigits\20260824\04\3_main_dig4_20260824-045747.jpg,3,flash,77.23,reading_est 58313; model saw 3; agree,,,0
night_fill,20260928-230240_dig4,20260928-230240,4,C:\Users\josep\source\repos\AIOTED-digital-rawdigits\20260928\23\3_main_dig4_20260928-230240.jpg,3,flash,79.16,reading_est 59380; model saw 3; agree,,,0
night_fill,20260926-025016_dig4,20260926-025016,4,C:\Users\josep\source\repos\AIOTED-digital-rawdigits\20260926\02\3_main_dig4_20260926-025016.jpg,3,flash,78.22,reading_est 59324; model saw 3; agree,,,0
night_fill,20260823-232948_dig4,20260823-232948,4,C:\Users\josep\source\repos\AIOTED-digital-rawdigits\20260823\23\3_main_dig4_20260823-232948.jpg,3,flash,77.86,reading_est 58309; model saw 3; agree,,,0
night_fill,20260826-030544_dig4,20260826-030544,4,C:\Users\josep\source\repos\AIOTED-digital-rawdigits\20260826\03\3_main_dig4_20260826-030544.jpg,3,flash,76.22,reading_est 58379; model saw 3; agree,,,0
night_fill,20260925-032618_dig4,20260925-032618,4,C:\Users\josep\source\repos\AIOTED-digital-rawdigits\20260925\03\3_main_dig4_20260925-032618.jpg,3,flash,77.29,reading_est 59300; model saw 3; agree_soft,,,0
night_fill,20260927-225842_dig4,20260927-225842,4,C:\Users\josep\source\repos\AIOTED-digital-rawdigits\20260927\22\3_main_dig4_20260927-225842.jpg,3,flash,78.22,reading_est 59360; model saw 3; agree,,,0
night_fill,20260824-230146_dig4,20260824-230146,4,C:\Users\josep\source\repos\AIOTED-digital-rawdigits\20260824\23\3_main_dig4_20260824-230146.jpg,3,flash,76.10,reading_est 58339; model saw 3; agree,,,0
night_fill,20260928-020641_dig4,20260928-020641,4,C:\Users\josep\source\repos\AIOTED-digital-rawdigits\20260928\02\3_main_dig4_20260928-020641.jpg,3,flash,78.93,reading_est 59361; model saw 3; agree,,,0
night_fill,20260926-214614_dig4,20260926-214614,4,C:\Users\josep\source\repos\AIOTED-digital-rawdigits\20260926\21\3_main_dig4_20260926-214614.jpg,3,flash,78.13,reading_est 59340; model saw 3; agree,,,0
night_fill,20260823-225748_dig4,20260823-225748,4,C:\Users\josep\source\repos\AIOTED-digital-rawdigits\20260823\22\3_main_dig4_20260823-225748.jpg,3,flash,77.10,reading_est 58309; model saw 3; agree,,,0
night_fill,20260826-031344_dig4,20260826-031344,4,C:\Users\josep\source\repos\AIOTED-digital-rawdigits\20260826\03\3_main_dig4_20260826-031344.jpg,3,flash,76.20,reading_est 58379; model saw 3; agree,,,0
night_fill,20260925-194216_dig4,20260925-194216,4,C:\Users\josep\source\repos\AIOTED-digital-rawdigits\20260925\19\3_main_dig4_20260925-194216.jpg,3,flash,78.94,reading_est 59318; model saw 3; agree,,,0
night_fill,20260927-014214_dig4,20260927-014214,4,C:\Users\josep\source\repos\AIOTED-digital-rawdigits\20260927\01\3_main_dig4_20260927-014214.jpg,3,flash,77.91,reading_est 59346; model saw 3; agree,,,0
night_fill,20260824-221346_dig4,20260824-221346,4,C:\Users\josep\source\repos\AIOTED-digital-rawdigits\20260824\22\3_main_dig4_20260824-221346.jpg,3,flash,76.05,reading_est 58339; model saw 3; agree,,,0
night_fill,20260928-235040_dig4,20260928-235040,4,C:\Users\josep\source\repos\AIOTED-digital-rawdigits\20260928\23\3_main_dig4_20260928-235040.jpg,3,flash,79.16,reading_est 59380; model saw 3; agree,,,0
night_fill,20260926-192615_dig4,20260926-192615,4,C:\Users\josep\source\repos\AIOTED-digital-rawdigits\20260926\19\3_main_dig4_20260926-192615.jpg,3,flash,79.17,reading_est 59339; model saw 3; agree,,,0
night_fill,20260823-220948_dig4,20260823-220948,4,C:\Users\josep\source\repos\AIOTED-digital-rawdigits\20260823\22\3_main_dig4_20260823-220948.jpg,3,flash,76.87,reading_est 58309; model saw 3; agree,,,0
night_fill,20260826-055343_dig4,20260826-055343,4,C:\Users\josep\source\repos\AIOTED-digital-rawdigits\20260826\05\3_main_dig4_20260826-055343.jpg,3,flash,76.23,reading_est 58381; model saw 3; agree,,,0
night_fill,20260925-034618_dig4,20260925-034618,4,C:\Users\josep\source\repos\AIOTED-digital-rawdigits\20260925\03\3_main_dig4_20260925-034618.jpg,3,flash,78.86,reading_est 59300; model saw 3; agree,,,0
night_fill,20260927-230642_dig4,20260927-230642,4,C:\Users\josep\source\repos\AIOTED-digital-rawdigits\20260927\23\3_main_dig4_20260927-230642.jpg,3,flash,79.17,reading_est 59360; model saw 3; agree,,,0
night_fill,20260824-212146_dig4,20260824-212146,4,C:\Users\josep\source\repos\AIOTED-digital-rawdigits\20260824\21\3_main_dig4_20260824-212146.jpg,3,flash,76.78,reading_est 58337; model saw 3; agree,,,0
night_fill,20260928-201040_dig4,20260928-201040,4,C:\Users\josep\source\repos\AIOTED-digital-rawdigits\20260928\20\3_main_dig4_20260928-201040.jpg,3,flash,78.17,reading_est 59378; model saw 3; agree,,,0
night_fill,20260926-004216_dig4,20260926-004216,4,C:\Users\josep\source\repos\AIOTED-digital-rawdigits\20260926\00\3_main_dig4_20260926-004216.jpg,3,flash,78.86,reading_est 59324; model saw 3; agree,,,0
night_fill,20260823-212948_dig4,20260823-212948,4,C:\Users\josep\source\repos\AIOTED-digital-rawdigits\20260823\21\3_main_dig4_20260823-212948.jpg,3,flash,77.17,reading_est 58307; model saw 3; agree,,,0
night_fill,20260826-025744_dig4,20260826-025744,4,C:\Users\josep\source\repos\AIOTED-digital-rawdigits\20260826\02\3_main_dig4_20260826-025744.jpg,3,flash,76.85,reading_est 58379; model saw 3; agree,,,0
night_fill,20260925-223016_dig4,20260925-223016,4,C:\Users\josep\source\repos\AIOTED-digital-rawdigits\20260925\22\3_main_dig4_20260925-223016.jpg,3,flash,79.17,reading_est 59320; model saw 3; agree,,,0
night_fill,20260927-055414_dig4,20260927-055414,4,C:\Users\josep\source\repos\AIOTED-digital-rawdigits\20260927\05\3_main_dig4_20260927-055414.jpg,3,flash,77.91,reading_est 59346; model saw 3; agree,,,0
night_fill,20260824-192146_dig4,20260824-192146,4,C:\Users\josep\source\repos\AIOTED-digital-rawdigits\20260824\19\3_main_dig4_20260824-192146.jpg,3,flash,77.97,reading_est 58334; model saw 3; agree,,,0
night_fill,20260928-222240_dig4,20260928-222240,4,C:\Users\josep\source\repos\AIOTED-digital-rawdigits\20260928\22\3_main_dig4_20260928-222240.jpg,3,flash,79.17,reading_est 59380; model saw 3; agree,,,0
night_fill,20260926-202615_dig4,20260926-202615,4,C:\Users\josep\source\repos\AIOTED-digital-rawdigits\20260926\20\3_main_dig4_20260926-202615.jpg,3,flash,79.00,reading_est 59340; model saw 3; agree,,,0
night_fill,20260823-195748_dig4,20260823-195748,4,C:\Users\josep\source\repos\AIOTED-digital-rawdigits\20260823\19\3_main_dig4_20260823-195748.jpg,3,flash,76.29,reading_est 58306; model saw 3; agree,,,0
night_fill,20260826-024544_dig4,20260826-024544,4,C:\Users\josep\source\repos\AIOTED-digital-rawdigits\20260826\02\3_main_dig4_20260826-024544.jpg,3,flash,76.85,reading_est 58379; model saw 3; agree,,,0
night_fill,20260925-184217_dig4,20260925-184217,4,C:\Users\josep\source\repos\AIOTED-digital-rawdigits\20260925\18\3_main_dig4_20260925-184217.jpg,3,flash,79.12,reading_est 59317; model saw 3; agree,,,0
night_fill,20260927-004614_dig4,20260927-004614,4,C:\Users\josep\source\repos\AIOTED-digital-rawdigits\20260927\00\3_main_dig4_20260927-004614.jpg,3,flash,78.16,reading_est 59345; model saw 3; agree,,,0
night_fill,20260824-050547_dig4,20260824-050547,4,C:\Users\josep\source\repos\AIOTED-digital-rawdigits\20260824\05\3_main_dig4_20260824-050547.jpg,3,flash,77.23,reading_est 58313; model saw 3; agree,,,0
night_fill,20260928-225040_dig4,20260928-225040,4,C:\Users\josep\source\repos\AIOTED-digital-rawdigits\20260928\22\3_main_dig4_20260928-225040.jpg,3,flash,79.17,reading_est 59380; model saw 3; agree,,,0
night_fill,20260926-013816_dig4,20260926-013816,4,C:\Users\josep\source\repos\AIOTED-digital-rawdigits\20260926\01\3_main_dig4_20260926-013816.jpg,3,flash,78.82,reading_est 59324; model saw 3; agree,,,0
night_fill,20260823-230948_dig4,20260823-230948,4,C:\Users\josep\source\repos\AIOTED-digital-rawdigits\20260823\23\3_main_dig4_20260823-230948.jpg,3,flash,77.17,reading_est 58309; model saw 3; agree,,,0
night_fill,20260826-014544_dig4,20260826-014544,4,C:\Users\josep\source\repos\AIOTED-digital-rawdigits\20260826\01\3_main_dig4_20260826-014544.jpg,3,flash,76.22,reading_est 58379; model saw 3; agree,,,0
night_fill,20260925-051417_dig4,20260925-051417,4,C:\Users\josep\source\repos\AIOTED-digital-rawdigits\20260925\05\3_main_dig4_20260925-051417.jpg,3,flash,78.16,reading_est 59301; model saw 3; agree,,,0
night_fill,20260927-190642_dig4,20260927-190642,4,C:\Users\josep\source\repos\AIOTED-digital-rawdigits\20260927\19\3_main_dig4_20260927-190642.jpg,3,flash,79.17,reading_est 59357; model saw 3; agree,,,0
night_fill,20260824-053747_dig4,20260824-053747,4,C:\Users\josep\source\repos\AIOTED-digital-rawdigits\20260824\05\3_main_dig4_20260824-053747.jpg,3,flash,77.23,reading_est 58313; model saw 3; agree,,,0
night_fill,20260928-221040_dig4,20260928-221040,4,C:\Users\josep\source\repos\AIOTED-digital-rawdigits\20260928\22\3_main_dig4_20260928-221040.jpg,3,flash,79.17,reading_est 59380; model saw 3; agree,,,0
night_fill,20260926-195415_dig4,20260926-195415,4,C:\Users\josep\source\repos\AIOTED-digital-rawdigits\20260926\19\3_main_dig4_20260926-195415.jpg,3,flash,79.17,reading_est 59339; model saw 3; agree,,,0
night_fill,20260823-202948_dig4,20260823-202948,4,C:\Users\josep\source\repos\AIOTED-digital-rawdigits\20260823\20\3_main_dig4_20260823-202948.jpg,3,flash,77.10,reading_est 58306; model saw 3; agree,,,0
night_fill,20260826-033744_dig4,20260826-033744,4,C:\Users\josep\source\repos\AIOTED-digital-rawdigits\20260826\03\3_main_dig4_20260826-033744.jpg,3,flash,76.23,reading_est 58379; model saw 3; agree,,,0
night_fill,20260925-221016_dig4,20260925-221016,4,C:\Users\josep\source\repos\AIOTED-digital-rawdigits\20260925\22\3_main_dig4_20260925-221016.jpg,3,flash,79.16,reading_est 59320; model saw 3; agree,,,0
night_fill,20260927-234642_dig4,20260927-234642,4,C:\Users\josep\source\repos\AIOTED-digital-rawdigits\20260927\23\3_main_dig4_20260927-234642.jpg,3,flash,78.13,reading_est 59360; model saw 3; agree,,,0
night_fill,20260824-005747_dig4,20260824-005747,4,C:\Users\josep\source\repos\AIOTED-digital-rawdigits\20260824\00\3_main_dig4_20260824-005747.jpg,3,flash,78.00,reading_est 58310; model saw 3; agree,,,0
night_fill,20260928-025441_dig4,20260928-025441,4,C:\Users\josep\source\repos\AIOTED-digital-rawdigits\20260928\02\3_main_dig4_20260928-025441.jpg,3,flash,79.00,reading_est 59362; model saw 3; agree,,,0
night_fill,20260926-213414_dig4,20260926-213414,4,C:\Users\josep\source\repos\AIOTED-digital-rawdigits\20260926\21\3_main_dig4_20260926-213414.jpg,3,flash,78.22,reading_est 59340; model saw 3; agree,,,0
night_fill,20260823-214948_dig4,20260823-214948,4,C:\Users\josep\source\repos\AIOTED-digital-rawdigits\20260823\21\3_main_dig4_20260823-214948.jpg,3,flash,76.87,reading_est 58309; model saw 3; agree,,,0
night_fill,20260826-041344_dig4,20260826-041344,4,C:\Users\josep\source\repos\AIOTED-digital-rawdigits\20260826\04\3_main_dig4_20260826-041344.jpg,3,flash,76.23,reading_est 58380; model saw 3; agree,,,0
night_fill,20260925-193017_dig4,20260925-193017,4,C:\Users\josep\source\repos\AIOTED-digital-rawdigits\20260925\19\3_main_dig4_20260925-193017.jpg,3,flash,78.10,reading_est 59318; model saw 3; agree,,,0
night_fill,20260927-041414_dig4,20260927-041414,4,C:\Users\josep\source\repos\AIOTED-digital-rawdigits\20260927\04\3_main_dig4_20260927-041414.jpg,3,flash,78.17,reading_est 59346; model saw 3; agree,,,0
night_fill,20260824-041747_dig4,20260824-041747,4,C:\Users\josep\source\repos\AIOTED-digital-rawdigits\20260824\04\3_main_dig4_20260824-041747.jpg,3,flash,77.84,reading_est 58312; model saw 3; agree,,,0
night_fill,20260928-233040_dig4,20260928-233040,4,C:\Users\josep\source\repos\AIOTED-digital-rawdigits\20260928\23\3_main_dig4_20260928-233040.jpg,3,flash,79.17,reading_est 59380; model saw 3; agree,,,0
night_fill,20260926-045016_dig4,20260926-045016,4,C:\Users\josep\source\repos\AIOTED-digital-rawdigits\20260926\04\3_main_dig4_20260926-045016.jpg,3,flash,78.13,reading_est 59324; model saw 3; agree,,,0
night_fill,20260823-200948_dig4,20260823-200948,4,C:\Users\josep\source\repos\AIOTED-digital-rawdigits\20260823\20\3_main_dig4_20260823-200948.jpg,3,flash,77.17,reading_est 58306; model saw 3; agree,,,0
night_fill,20260826-033344_dig4,20260826-033344,4,C:\Users\josep\source\repos\AIOTED-digital-rawdigits\20260826\03\3_main_dig4_20260826-033344.jpg,3,flash,76.23,reading_est 58379; model saw 3; agree,,,0
night_fill,20260925-062618_dig4,20260925-062618,4,C:\Users\josep\source\repos\AIOTED-digital-rawdigits\20260925\06\3_main_dig4_20260925-062618.jpg,3,flash,78.17,reading_est 59302; model saw 3; agree,,,0
night_fill,20260927-215842_dig4,20260927-215842,4,C:\Users\josep\source\repos\AIOTED-digital-rawdigits\20260927\21\3_main_dig4_20260927-215842.jpg,3,flash,78.22,reading_est 59359; model saw 3; agree,,,0
night_fill,20260824-024546_dig4,20260824-024546,4,C:\Users\josep\source\repos\AIOTED-digital-rawdigits\20260824\02\3_main_dig4_20260824-024546.jpg,3,flash,78.12,reading_est 58311; model saw 3; agree,,,0
night_fill,20260928-021442_dig4,20260928-021442,4,C:\Users\josep\source\repos\AIOTED-digital-rawdigits\20260928\02\3_main_dig4_20260928-021442.jpg,3,flash,77.87,reading_est 59361; model saw 3; agree,,,0
night_fill,20260926-023816_dig4,20260926-023816,4,C:\Users\josep\source\repos\AIOTED-digital-rawdigits\20260926\02\3_main_dig4_20260926-023816.jpg,3,flash,78.10,reading_est 59324; model saw 3; agree,,,0
night_fill,20260826-064543_dig4,20260826-064543,4,C:\Users\josep\source\repos\AIOTED-digital-rawdigits\20260826\06\3_main_dig4_20260826-064543.jpg,3,transition,82.25,reading_est 58382; model saw 3; agree,,,0
night_fill,20260925-165417_dig4,20260925-165417,4,C:\Users\josep\source\repos\AIOTED-digital-rawdigits\20260925\16\3_main_dig4_20260925-165417.jpg,3,transition,92.33,reading_est 59316; model saw 3; agree,,,0
night_fill,20260824-064547_dig4,20260824-064547,4,C:\Users\josep\source\repos\AIOTED-digital-rawdigits\20260824\06\3_main_dig4_20260824-064547.jpg,3,transition,83.03,reading_est 58314; model saw 3; agree,,,0
night_fill,20260928-154240_dig4,20260928-154240,4,C:\Users\josep\source\repos\AIOTED-digital-rawdigits\20260928\15\3_main_dig4_20260928-154240.jpg,3,transition,92.69,reading_est 59376; model saw 3; agree,,,0
night_fill,20260926-073815_dig4,20260926-073815,4,C:\Users\josep\source\repos\AIOTED-digital-rawdigits\20260926\07\3_main_dig4_20260926-073815.jpg,3,transition,89.98,reading_est 59326; model saw 3; agree,,,0
night_fill,20260823-175748_dig4,20260823-175748,4,C:\Users\josep\source\repos\AIOTED-digital-rawdigits\20260823\17\3_main_dig4_20260823-175748.jpg,3,transition,91.71,reading_est 58301; model saw 3; agree,,,0
night_fill,20260927-165842_dig4,20260927-165842,4,C:\Users\josep\source\repos\AIOTED-digital-rawdigits\20260927\16\3_main_dig4_20260927-165842.jpg,3,transition,95.90,reading_est 59356; model saw 3; agree,,,0
night_fill,20260826-152142_dig4,20260826-152142,4,C:\Users\josep\source\repos\AIOTED-digital-rawdigits\20260826\15\3_main_dig4_20260826-152142.jpg,3,transition,94.22,reading_est 58399; model saw 3; agree,,,0
night_fill,20260925-160217_dig4,20260925-160217,4,C:\Users\josep\source\repos\AIOTED-digital-rawdigits\20260925\16\3_main_dig4_20260925-160217.jpg,3,transition,91.21,reading_est 59316; model saw 3; agree,,,0
night_fill,20260824-173346_dig4,20260824-173346,4,C:\Users\josep\source\repos\AIOTED-digital-rawdigits\20260824\17\3_main_dig4_20260824-173346.jpg,3,transition,91.00,reading_est 58330; model saw 3; agree,,,0
night_fill,20260928-073441_dig4,20260928-073441,4,C:\Users\josep\source\repos\AIOTED-digital-rawdigits\20260928\07\3_main_dig4_20260928-073441.jpg,3,transition,88.97,reading_est 59366; model saw 3; agree,,,0
night_fill,20260926-180615_dig4,20260926-180615,4,C:\Users\josep\source\repos\AIOTED-digital-rawdigits\20260926\18\3_main_dig4_20260926-180615.jpg,3,transition,83.25,reading_est 59338; model saw 3; agree,,,0
night_fill,20260823-172948_dig4,20260823-172948,4,C:\Users\josep\source\repos\AIOTED-digital-rawdigits\20260823\17\3_main_dig4_20260823-172948.jpg,3,transition,93.15,reading_est 58300; model saw 3; agree,,,0
night_fill,20260927-181842_dig4,20260927-181842,4,C:\Users\josep\source\repos\AIOTED-digital-rawdigits\20260927\18\3_main_dig4_20260927-181842.jpg,3,transition,81.93,reading_est 59357; model saw 3; agree,,,0
night_fill,20260826-070543_dig4,20260826-070543,4,C:\Users\josep\source\repos\AIOTED-digital-rawdigits\20260826\07\3_main_dig4_20260826-070543.jpg,3,transition,86.00,reading_est 58383; model saw 3; agree,,,0
night_fill,20260925-082617_dig4,20260925-082617,4,C:\Users\josep\source\repos\AIOTED-digital-rawdigits\20260925\08\3_main_dig4_20260925-082617.jpg,3,transition,87.12,reading_est 59306; model saw 3; agree,,,0
night_fill,20260824-065747_dig4,20260824-065747,4,C:\Users\josep\source\repos\AIOTED-digital-rawdigits\20260824\06\3_main_dig4_20260824-065747.jpg,3,transition,85.97,reading_est 58314; model saw 3; agree,,,0
night_fill,20260928-070641_dig4,20260928-070641,4,C:\Users\josep\source\repos\AIOTED-digital-rawdigits\20260928\07\3_main_dig4_20260928-070641.jpg,3,transition,82.12,reading_est 59366; model saw 3; agree,,,0
night_fill,20260926-170615_dig4,20260926-170615,4,C:\Users\josep\source\repos\AIOTED-digital-rawdigits\20260926\17\3_main_dig4_20260926-170615.jpg,3,transition,95.97,reading_est 59337; model saw 3; agree,,,0
night_fill,20260823-180148_dig4,20260823-180148,4,C:\Users\josep\source\repos\AIOTED-digital-rawdigits\20260823\18\3_main_dig4_20260823-180148.jpg,3,transition,88.77,reading_est 58301; model saw 3; agree,,,0
night_fill,20260927-174642_dig4,20260927-174642,4,C:\Users\josep\source\repos\AIOTED-digital-rawdigits\20260927\17\3_main_dig4_20260927-174642.jpg,3,transition,85.90,reading_est 59356; model saw 3; agree,,,0
night_fill,20260826-065343_dig4,20260826-065343,4,C:\Users\josep\source\repos\AIOTED-digital-rawdigits\20260826\06\3_main_dig4_20260826-065343.jpg,3,transition,83.16,reading_est 58382; model saw 3; agree,,,0
night_fill,20260925-175017_dig4,20260925-175017,4,C:\Users\josep\source\repos\AIOTED-digital-rawdigits\20260925\17\3_main_dig4_20260925-175017.jpg,3,transition,84.97,reading_est 59317; model saw 3; agree,,,0
night_fill,20260824-063747_dig4,20260824-063747,4,C:\Users\josep\source\repos\AIOTED-digital-rawdigits\20260824\06\3_main_dig4_20260824-063747.jpg,3,transition,81.98,reading_est 58314; model saw 3; agree,,,0
night_fill,20260928-165440_dig4,20260928-165440,4,C:\Users\josep\source\repos\AIOTED-digital-rawdigits\20260928\16\3_main_dig4_20260928-165440.jpg,3,transition,91.90,reading_est 59376; model saw 3; agree,,,0
night_fill,20260926-071816_dig4,20260926-071816,4,C:\Users\josep\source\repos\AIOTED-digital-rawdigits\20260926\07\3_main_dig4_20260926-071816.jpg,3,transition,83.25,reading_est 59326; model saw 3; agree,,,0
night_fill,20260823-185748_dig4,20260823-185748,4,C:\Users\josep\source\repos\AIOTED-digital-rawdigits\20260823\18\3_main_dig4_20260823-185748.jpg,3,transition,81.97,reading_est 58303; model saw 3; agree,,,0
night_fill,20260927-173842_dig4,20260927-173842,4,C:\Users\josep\source\repos\AIOTED-digital-rawdigits\20260927\17\3_main_dig4_20260927-173842.jpg,3,transition,86.97,reading_est 59356; model saw 3; agree,,,0
night_fill,20260826-072543_dig4,20260826-072543,4,C:\Users\josep\source\repos\AIOTED-digital-rawdigits\20260826\07\3_main_dig4_20260826-072543.jpg,3,transition,95.24,reading_est 58383; model saw 3; agree,,,0
night_fill,20260925-080617_dig4,20260925-080617,4,C:\Users\josep\source\repos\AIOTED-digital-rawdigits\20260925\08\3_main_dig4_20260925-080617.jpg,3,transition,84.90,reading_est 59304; model saw 3; agree,,,0
night_fill,20260824-184146_dig4,20260824-184146,4,C:\Users\josep\source\repos\AIOTED-digital-rawdigits\20260824\18\3_main_dig4_20260824-184146.jpg,3,transition,83.97,reading_est 58333; model saw 3; agree,,,0
night_fill,20260928-072241_dig4,20260928-072241,4,C:\Users\josep\source\repos\AIOTED-digital-rawdigits\20260928\07\3_main_dig4_20260928-072241.jpg,3,transition,84.94,reading_est 59366; model saw 3; agree,,,0
night_fill,20260926-172615_dig4,20260926-172615,4,C:\Users\josep\source\repos\AIOTED-digital-rawdigits\20260926\17\3_main_dig4_20260926-172615.jpg,3,transition,89.29,reading_est 59337; model saw 3; agree,,,0
night_fill,20260823-181748_dig4,20260823-181748,4,C:\Users\josep\source\repos\AIOTED-digital-rawdigits\20260823\18\3_main_dig4_20260823-181748.jpg,3,transition,84.97,reading_est 58302; model saw 3; agree,,,0
night_fill,20260927-170642_dig4,20260927-170642,4,C:\Users\josep\source\repos\AIOTED-digital-rawdigits\20260927\17\3_main_dig4_20260927-170642.jpg,3,transition,94.98,reading_est 59356; model saw 3; agree,,,0
night_fill,20260826-071343_dig4,20260826-071343,4,C:\Users\josep\source\repos\AIOTED-digital-rawdigits\20260826\07\3_main_dig4_20260826-071343.jpg,3,transition,91.27,reading_est 58383; model saw 3; agree,,,0
night_fill,20260925-084217_dig4,20260925-084217,4,C:\Users\josep\source\repos\AIOTED-digital-rawdigits\20260925\08\3_main_dig4_20260925-084217.jpg,3,transition,90.19,reading_est 59306; model saw 3; agree,,,0
night_fill,20260824-070547_dig4,20260824-070547,4,C:\Users\josep\source\repos\AIOTED-digital-rawdigits\20260824\07\3_main_dig4_20260824-070547.jpg,3,transition,89.00,reading_est 58315; model saw 3; agree,,,0
night_fill,20260928-074641_dig4,20260928-074641,4,C:\Users\josep\source\repos\AIOTED-digital-rawdigits\20260928\07\3_main_dig4_20260928-074641.jpg,3,transition,92.06,reading_est 59366; model saw 3; agree,,,0
night_fill,20260926-065816_dig4,20260926-065816,4,C:\Users\josep\source\repos\AIOTED-digital-rawdigits\20260926\06\3_main_dig4_20260926-065816.jpg,3,transition,81.25,reading_est 59325; model saw 3; agree,,,0
night_fill,20260823-182148_dig4,20260823-182148,4,C:\Users\josep\source\repos\AIOTED-digital-rawdigits\20260823\18\3_main_dig4_20260823-182148.jpg,3,transition,84.93,reading_est 58302; model saw 3; agree,,,0
night_fill,20260927-172642_dig4,20260927-172642,4,C:\Users\josep\source\repos\AIOTED-digital-rawdigits\20260927\17\3_main_dig4_20260927-172642.jpg,3,transition,88.19,reading_est 59356; model saw 3; agree,,,0
night_fill,20260925-170217_dig4,20260925-170217,4,C:\Users\josep\source\repos\AIOTED-digital-rawdigits\20260925\17\3_main_dig4_20260925-170217.jpg,3,transition,92.24,reading_est 59316; model saw 3; agree,,,0
night_fill,20260824-172546_dig4,20260824-172546,4,C:\Users\josep\source\repos\AIOTED-digital-rawdigits\20260824\17\3_main_dig4_20260824-172546.jpg,3,transition,94.13,reading_est 58330; model saw 3; agree,,,0
night_fill,20260928-175040_dig4,20260928-175040,4,C:\Users\josep\source\repos\AIOTED-digital-rawdigits\20260928\17\3_main_dig4_20260928-175040.jpg,3,transition,84.26,reading_est 59377; model saw 3; agree,,,0
night_fill,20260926-174615_dig4,20260926-174615,4,C:\Users\josep\source\repos\AIOTED-digital-rawdigits\20260926\17\3_main_dig4_20260926-174615.jpg,3,transition,87.03,reading_est 59337; model saw 3; agree,,,0
night_fill,20260906-035856_dig4,20260906-035856,4,C:\Users\josep\source\repos\AIOTED-digital-rawdigits\20260906\03\7_main_dig4_20260906-035856.jpg,7,flash,78.12,reading_est 58798; model saw 7; agree_soft,,,0
night_fill,20260904-231458_dig4,20260904-231458,4,C:\Users\josep\source\repos\AIOTED-digital-rawdigits\20260904\23\7_main_dig4_20260904-231458.jpg,7,flash,77.08,reading_est 58761; model saw 7; agree,,,0
night_fill,20260905-030258_dig4,20260905-030258,4,C:\Users\josep\source\repos\AIOTED-digital-rawdigits\20260905\03\7_main_dig4_20260905-030258.jpg,7,flash,76.78,reading_est 58764; model saw 7; agree,,,0
night_fill,20260903-205907_dig4,20260903-205907,4,C:\Users\josep\source\repos\AIOTED-digital-rawdigits\20260903\20\7_main_dig4_20260903-205907.jpg,7,flash,75.10,reading_est 58716; model saw 7; agree,,,0
night_fill,20260906-055456_dig4,20260906-055456,4,C:\Users\josep\source\repos\AIOTED-digital-rawdigits\20260906\05\7_main_dig4_20260906-055456.jpg,7,flash,78.17,reading_est 58798; model saw 7; agree_soft,,,0
night_fill,20260904-213458_dig4,20260904-213458,4,C:\Users\josep\source\repos\AIOTED-digital-rawdigits\20260904\21\7_main_dig4_20260904-213458.jpg,7,flash,76.85,reading_est 58759; model saw 7; agree,,,0
night_fill,20260905-222657_dig4,20260905-222657,4,C:\Users\josep\source\repos\AIOTED-digital-rawdigits\20260905\22\7_main_dig4_20260905-222657.jpg,7,flash,78.22,reading_est 58798; model saw 7; agree_soft,,,0
night_fill,20260903-200707_dig4,20260903-200707,4,C:\Users\josep\source\repos\AIOTED-digital-rawdigits\20260903\20\7_main_dig4_20260903-200707.jpg,7,flash,75.87,reading_est 58716; model saw 7; agree,,,0
night_fill,20260906-031856_dig4,20260906-031856,4,C:\Users\josep\source\repos\AIOTED-digital-rawdigits\20260906\03\7_main_dig4_20260906-031856.jpg,7,flash,78.13,reading_est 58798; model saw 7; agree_soft,,,0
night_fill,20260904-045506_dig4,20260904-045506,4,C:\Users\josep\source\repos\AIOTED-digital-rawdigits\20260904\04\7_main_dig4_20260904-045506.jpg,7,flash,76.08,reading_est 58725; model saw 7; agree,,,0
night_fill,20260905-045058_dig4,20260905-045058,4,C:\Users\josep\source\repos\AIOTED-digital-rawdigits\20260905\04\7_main_dig4_20260905-045058.jpg,7,flash,77.87,reading_est 58766; model saw 7; agree,,,0
night_fill,20260903-210707_dig4,20260903-210707,4,C:\Users\josep\source\repos\AIOTED-digital-rawdigits\20260903\21\7_main_dig4_20260903-210707.jpg,7,flash,77.00,reading_est 58716; model saw 7; agree,,,0
night_fill,20260906-033456_dig4,20260906-033456,4,C:\Users\josep\source\repos\AIOTED-digital-rawdigits\20260906\03\7_main_dig4_20260906-033456.jpg,7,flash,78.16,reading_est 58798; model saw 7; agree_soft,,,0
night_fill,20260904-185459_dig4,20260904-185459,4,C:\Users\josep\source\repos\AIOTED-digital-rawdigits\20260904\18\7_main_dig4_20260904-185459.jpg,7,flash,80.31,reading_est 58753; model saw 7; agree,,,0
night_fill,20260905-063058_dig4,20260905-063058,4,C:\Users\josep\source\repos\AIOTED-digital-rawdigits\20260905\06\7_main_dig4_20260905-063058.jpg,7,flash,76.97,reading_est 58769; model saw 7; agree,,,0
night_fill,20260903-201907_dig4,20260903-201907,4,C:\Users\josep\source\repos\AIOTED-digital-rawdigits\20260903\20\7_main_dig4_20260903-201907.jpg,7,flash,75.87,reading_est 58716; model saw 7; agree,,,0
night_fill,20260906-053456_dig4,20260906-053456,4,C:\Users\josep\source\repos\AIOTED-digital-rawdigits\20260906\05\7_main_dig4_20260906-053456.jpg,7,flash,78.17,reading_est 58798; model saw 7; agree_soft,,,0
night_fill,20260904-192258_dig4,20260904-192258,4,C:\Users\josep\source\repos\AIOTED-digital-rawdigits\20260904\19\7_main_dig4_20260904-192258.jpg,7,flash,77.17,reading_est 58755; model saw 7; agree,,,0
night_fill,20260905-235857_dig4,20260905-235857,4,C:\Users\josep\source\repos\AIOTED-digital-rawdigits\20260905\23\7_main_dig4_20260905-235857.jpg,7,flash,78.17,reading_est 58798; model saw 7; agree_soft,,,0
night_fill,20260903-225907_dig4,20260903-225907,4,C:\Users\josep\source\repos\AIOTED-digital-rawdigits\20260903\22\7_main_dig4_20260903-225907.jpg,7,flash,75.87,reading_est 58716; model saw 7; agree,,,0
night_fill,20260906-023856_dig4,20260906-023856,4,C:\Users\josep\source\repos\AIOTED-digital-rawdigits\20260906\02\7_main_dig4_20260906-023856.jpg,7,flash,78.17,reading_est 58798; model saw 7; agree_soft,,,0
night_fill,20260904-222258_dig4,20260904-222258,4,C:\Users\josep\source\repos\AIOTED-digital-rawdigits\20260904\22\7_main_dig4_20260904-222258.jpg,7,flash,76.22,reading_est 58760; model saw 7; agree,,,0
night_fill,20260905-043058_dig4,20260905-043058,4,C:\Users\josep\source\repos\AIOTED-digital-rawdigits\20260905\04\7_main_dig4_20260905-043058.jpg,7,flash,76.87,reading_est 58766; model saw 7; agree,,,0
night_fill,20260903-185907_dig4,20260903-185907,4,C:\Users\josep\source\repos\AIOTED-digital-rawdigits\20260903\18\7_main_dig4_20260903-185907.jpg,7,flash,79.86,reading_est 58712; model saw 7; agree,,,0
night_fill,20260906-024656_dig4,20260906-024656,4,C:\Users\josep\source\repos\AIOTED-digital-rawdigits\20260906\02\7_main_dig4_20260906-024656.jpg,7,flash,78.17,reading_est 58798; model saw 7; agree_soft,,,0
night_fill,20260904-010706_dig4,20260904-010706,4,C:\Users\josep\source\repos\AIOTED-digital-rawdigits\20260904\01\7_main_dig4_20260904-010706.jpg,7,flash,75.87,reading_est 58720; model saw 7; agree,,,0
night_fill,20260905-021458_dig4,20260905-021458,4,C:\Users\josep\source\repos\AIOTED-digital-rawdigits\20260905\02\7_main_dig4_20260905-021458.jpg,7,flash,76.87,reading_est 58764; model saw 7; agree,,,0
night_fill,20260903-192707_dig4,20260903-192707,4,C:\Users\josep\source\repos\AIOTED-digital-rawdigits\20260903\19\7_main_dig4_20260903-192707.jpg,7,flash,76.23,reading_est 58713; model saw 7; agree,,,0
night_fill,20260906-032656_dig4,20260906-032656,4,C:\Users\josep\source\repos\AIOTED-digital-rawdigits\20260906\03\7_main_dig4_20260906-032656.jpg,7,flash,78.17,reading_est 58798; model saw 7; agree_soft,,,0
night_fill,20260904-233458_dig4,20260904-233458,4,C:\Users\josep\source\repos\AIOTED-digital-rawdigits\20260904\23\7_main_dig4_20260904-233458.jpg,7,flash,76.76,reading_est 58761; model saw 7; agree,,,0
night_fill,20260905-233856_dig4,20260905-233856,4,C:\Users\josep\source\repos\AIOTED-digital-rawdigits\20260905\23\7_main_dig4_20260905-233856.jpg,7,flash,78.17,reading_est 58798; model saw 7; agree_soft,,,0
night_fill,20260903-190707_dig4,20260903-190707,4,C:\Users\josep\source\repos\AIOTED-digital-rawdigits\20260903\19\7_main_dig4_20260903-190707.jpg,7,flash,78.81,reading_est 58712; model saw 7; agree,,,0
night_fill,20260906-031456_dig4,20260906-031456,4,C:\Users\josep\source\repos\AIOTED-digital-rawdigits\20260906\03\7_main_dig4_20260906-031456.jpg,7,flash,78.10,reading_est 58798; model saw 7; agree_soft,,,0
night_fill,20260904-190259_dig4,20260904-190259,4,C:\Users\josep\source\repos\AIOTED-digital-rawdigits\20260904\19\7_main_dig4_20260904-190259.jpg,7,flash,79.22,reading_est 58754; model saw 7; agree,,,0
night_fill,20260905-194657_dig4,20260905-194657,4,C:\Users\josep\source\repos\AIOTED-digital-rawdigits\20260905\19\7_main_dig4_20260905-194657.jpg,7,flash,78.13,reading_est 58798; model saw 7; agree_soft,,,0
night_fill,20260903-230707_dig4,20260903-230707,4,C:\Users\josep\source\repos\AIOTED-digital-rawdigits\20260903\23\7_main_dig4_20260903-230707.jpg,7,flash,75.86,reading_est 58719; model saw 7; agree,,,0
night_fill,20260906-015856_dig4,20260906-015856,4,C:\Users\josep\source\repos\AIOTED-digital-rawdigits\20260906\01\7_main_dig4_20260906-015856.jpg,7,flash,78.17,reading_est 58798; model saw 7; agree_soft,,,0
night_fill,20260904-015506_dig4,20260904-015506,4,C:\Users\josep\source\repos\AIOTED-digital-rawdigits\20260904\01\7_main_dig4_20260904-015506.jpg,7,flash,75.87,reading_est 58721; model saw 7; agree,,,0
night_fill,20260905-020258_dig4,20260905-020258,4,C:\Users\josep\source\repos\AIOTED-digital-rawdigits\20260905\02\7_main_dig4_20260905-020258.jpg,7,flash,76.85,reading_est 58764; model saw 7; agree,,,0
night_fill,20260903-223507_dig4,20260903-223507,4,C:\Users\josep\source\repos\AIOTED-digital-rawdigits\20260903\22\7_main_dig4_20260903-223507.jpg,7,flash,75.87,reading_est 58716; model saw 7; agree,,,0
night_fill,20260906-021856_dig4,20260906-021856,4,C:\Users\josep\source\repos\AIOTED-digital-rawdigits\20260906\02\7_main_dig4_20260906-021856.jpg,7,flash,78.17,reading_est 58798; model saw 7; agree_soft,,,0
night_fill,20260904-194258_dig4,20260904-194258,4,C:\Users\josep\source\repos\AIOTED-digital-rawdigits\20260904\19\7_main_dig4_20260904-194258.jpg,7,flash,77.17,reading_est 58756; model saw 7; agree,,,0
night_fill,20260905-201857_dig4,20260905-201857,4,C:\Users\josep\source\repos\AIOTED-digital-rawdigits\20260905\20\7_main_dig4_20260905-201857.jpg,7,flash,78.31,reading_est 58798; model saw 7; agree_soft,,,0
night_fill,20260903-215907_dig4,20260903-215907,4,C:\Users\josep\source\repos\AIOTED-digital-rawdigits\20260903\21\7_main_dig4_20260903-215907.jpg,7,flash,76.12,reading_est 58716; model saw 7; agree,,,0
night_fill,20260906-040656_dig4,20260906-040656,4,C:\Users\josep\source\repos\AIOTED-digital-rawdigits\20260906\04\7_main_dig4_20260906-040656.jpg,7,flash,78.16,reading_est 58798; model saw 7; agree_soft,,,0
night_fill,20260904-070306_dig4,20260904-070306,4,C:\Users\josep\source\repos\AIOTED-digital-rawdigits\20260904\07\7_main_dig4_20260904-070306.jpg,7,flash,76.17,reading_est 58727; model saw 7; agree,,,0
night_fill,20260905-012258_dig4,20260905-012258,4,C:\Users\josep\source\repos\AIOTED-digital-rawdigits\20260905\01\7_main_dig4_20260905-012258.jpg,7,flash,76.82,reading_est 58763; model saw 7; agree,,,0
night_fill,20260903-221907_dig4,20260903-221907,4,C:\Users\josep\source\repos\AIOTED-digital-rawdigits\20260903\22\7_main_dig4_20260903-221907.jpg,7,flash,76.12,reading_est 58716; model saw 7; agree,,,0
night_fill,20260906-043456_dig4,20260906-043456,4,C:\Users\josep\source\repos\AIOTED-digital-rawdigits\20260906\04\7_main_dig4_20260906-043456.jpg,7,flash,78.12,reading_est 58798; model saw 7; agree_soft,,,0
night_fill,20260904-004706_dig4,20260904-004706,4,C:\Users\josep\source\repos\AIOTED-digital-rawdigits\20260904\00\7_main_dig4_20260904-004706.jpg,7,flash,76.23,reading_est 58720; model saw 7; agree,,,0
night_fill,20260905-031058_dig4,20260905-031058,4,C:\Users\josep\source\repos\AIOTED-digital-rawdigits\20260905\03\7_main_dig4_20260905-031058.jpg,7,flash,76.85,reading_est 58765; model saw 7; agree,,,0
night_fill,20260903-204707_dig4,20260903-204707,4,C:\Users\josep\source\repos\AIOTED-digital-rawdigits\20260903\20\7_main_dig4_20260903-204707.jpg,7,flash,75.13,reading_est 58716; model saw 7; agree,,,0
night_fill,20260906-004656_dig4,20260906-004656,4,C:\Users\josep\source\repos\AIOTED-digital-rawdigits\20260906\00\7_main_dig4_20260906-004656.jpg,7,flash,78.17,reading_est 58798; model saw 7; agree_soft,,,0
night_fill,20260904-200258_dig4,20260904-200258,4,C:\Users\josep\source\repos\AIOTED-digital-rawdigits\20260904\20\7_main_dig4_20260904-200258.jpg,7,flash,77.17,reading_est 58757; model saw 7; agree,,,0
night_fill,20260905-200657_dig4,20260905-200657,4,C:\Users\josep\source\repos\AIOTED-digital-rawdigits\20260905\20\7_main_dig4_20260905-200657.jpg,7,flash,78.93,reading_est 58798; model saw 7; agree_soft,,,0
night_fill,20260903-211907_dig4,20260903-211907,4,C:\Users\josep\source\repos\AIOTED-digital-rawdigits\20260903\21\7_main_dig4_20260903-211907.jpg,7,flash,75.29,reading_est 58716; model saw 7; agree,,,0
night_fill,20260906-051456_dig4,20260906-051456,4,C:\Users\josep\source\repos\AIOTED-digital-rawdigits\20260906\05\7_main_dig4_20260906-051456.jpg,7,flash,78.13,reading_est 58798; model saw 7; agree_soft,,,0
night_fill,20260904-071506_dig4,20260904-071506,4,C:\Users\josep\source\repos\AIOTED-digital-rawdigits\20260904\07\7_main_dig4_20260904-071506.jpg,7,flash,76.67,reading_est 58727; model saw 7; agree,,,0
night_fill,20260905-060258_dig4,20260905-060258,4,C:\Users\josep\source\repos\AIOTED-digital-rawdigits\20260905\06\7_main_dig4_20260905-060258.jpg,7,flash,77.86,reading_est 58768; model saw 7; agree,,,0
night_fill,20260903-233507_dig4,20260903-233507,4,C:\Users\josep\source\repos\AIOTED-digital-rawdigits\20260903\23\7_main_dig4_20260903-233507.jpg,7,flash,75.91,reading_est 58719; model saw 7; agree,,,0
night_fill,20260906-042656_dig4,20260906-042656,4,C:\Users\josep\source\repos\AIOTED-digital-rawdigits\20260906\04\7_main_dig4_20260906-042656.jpg,7,flash,78.17,reading_est 58798; model saw 7; agree_soft,,,0
night_fill,20260904-070706_dig4,20260904-070706,4,C:\Users\josep\source\repos\AIOTED-digital-rawdigits\20260904\07\7_main_dig4_20260904-070706.jpg,7,flash,76.16,reading_est 58727; model saw 7; agree,,,0
night_fill,20260905-022258_dig4,20260905-022258,4,C:\Users\josep\source\repos\AIOTED-digital-rawdigits\20260905\02\7_main_dig4_20260905-022258.jpg,7,flash,76.13,reading_est 58764; model saw 7; agree,,,0
night_fill,20260903-194707_dig4,20260903-194707,4,C:\Users\josep\source\repos\AIOTED-digital-rawdigits\20260903\19\7_main_dig4_20260903-194707.jpg,7,flash,76.00,reading_est 58714; model saw 7; agree,,,0
night_fill,20260906-035456_dig4,20260906-035456,4,C:\Users\josep\source\repos\AIOTED-digital-rawdigits\20260906\03\7_main_dig4_20260906-035456.jpg,7,flash,78.17,reading_est 58798; model saw 7; agree_soft,,,0
night_fill,20260904-203458_dig4,20260904-203458,4,C:\Users\josep\source\repos\AIOTED-digital-rawdigits\20260904\20\7_main_dig4_20260904-203458.jpg,7,flash,76.87,reading_est 58758; model saw 7; agree,,,0
night_fill,20260905-210657_dig4,20260905-210657,4,C:\Users\josep\source\repos\AIOTED-digital-rawdigits\20260905\21\7_main_dig4_20260905-210657.jpg,7,flash,78.93,reading_est 58798; model saw 7; agree_soft,,,0
night_fill,20260903-235907_dig4,20260903-235907,4,C:\Users\josep\source\repos\AIOTED-digital-rawdigits\20260903\23\7_main_dig4_20260903-235907.jpg,7,flash,75.91,reading_est 58719; model saw 7; agree,,,0
night_fill,20260906-002657_dig4,20260906-002657,4,C:\Users\josep\source\repos\AIOTED-digital-rawdigits\20260906\00\7_main_dig4_20260906-002657.jpg,7,flash,78.17,reading_est 58798; model saw 7; agree_soft,,,0
night_fill,20260904-230258_dig4,20260904-230258,4,C:\Users\josep\source\repos\AIOTED-digital-rawdigits\20260904\23\7_main_dig4_20260904-230258.jpg,7,flash,76.81,reading_est 58761; model saw 7; agree,,,0
night_fill,20260905-033058_dig4,20260905-033058,4,C:\Users\josep\source\repos\AIOTED-digital-rawdigits\20260905\03\7_main_dig4_20260905-033058.jpg,7,flash,77.84,reading_est 58765; model saw 7; agree,,,0
night_fill,20260903-235507_dig4,20260903-235507,4,C:\Users\josep\source\repos\AIOTED-digital-rawdigits\20260903\23\7_main_dig4_20260903-235507.jpg,7,flash,76.00,reading_est 58719; model saw 7; agree,,,0
night_fill,20260906-045456_dig4,20260906-045456,4,C:\Users\josep\source\repos\AIOTED-digital-rawdigits\20260906\04\7_main_dig4_20260906-045456.jpg,7,flash,78.17,reading_est 58798; model saw 7; agree_soft,,,0
night_fill,20260904-034706_dig4,20260904-034706,4,C:\Users\josep\source\repos\AIOTED-digital-rawdigits\20260904\03\7_main_dig4_20260904-034706.jpg,7,flash,75.12,reading_est 58723; model saw 7; agree,,,0
night_fill,20260905-024258_dig4,20260905-024258,4,C:\Users\josep\source\repos\AIOTED-digital-rawdigits\20260905\02\7_main_dig4_20260905-024258.jpg,7,flash,76.87,reading_est 58764; model saw 7; agree,,,0
night_fill,20260903-234707_dig4,20260903-234707,4,C:\Users\josep\source\repos\AIOTED-digital-rawdigits\20260903\23\7_main_dig4_20260903-234707.jpg,7,flash,75.91,reading_est 58719; model saw 7; agree,,,0
night_fill,20260906-025856_dig4,20260906-025856,4,C:\Users\josep\source\repos\AIOTED-digital-rawdigits\20260906\02\7_main_dig4_20260906-025856.jpg,7,flash,78.17,reading_est 58798; model saw 7; agree_soft,,,0
night_fill,20260904-190659_dig4,20260904-190659,4,C:\Users\josep\source\repos\AIOTED-digital-rawdigits\20260904\19\7_main_dig4_20260904-190659.jpg,7,flash,79.25,reading_est 58754; model saw 7; agree,,,0
night_fill,20260905-212657_dig4,20260905-212657,4,C:\Users\josep\source\repos\AIOTED-digital-rawdigits\20260905\21\7_main_dig4_20260905-212657.jpg,7,flash,78.87,reading_est 58798; model saw 7; agree_soft,,,0
night_fill,20260903-214707_dig4,20260903-214707,4,C:\Users\josep\source\repos\AIOTED-digital-rawdigits\20260903\21\7_main_dig4_20260903-214707.jpg,7,flash,75.12,reading_est 58716; model saw 7; agree,,,0
night_fill,20260906-054656_dig4,20260906-054656,4,C:\Users\josep\source\repos\AIOTED-digital-rawdigits\20260906\05\7_main_dig4_20260906-054656.jpg,7,flash,78.13,reading_est 58798; model saw 7; agree_soft,,,0
night_fill,20260904-050706_dig4,20260904-050706,4,C:\Users\josep\source\repos\AIOTED-digital-rawdigits\20260904\05\7_main_dig4_20260904-050706.jpg,7,flash,76.00,reading_est 58725; model saw 7; agree,,,0
night_fill,20260905-050258_dig4,20260905-050258,4,C:\Users\josep\source\repos\AIOTED-digital-rawdigits\20260905\05\7_main_dig4_20260905-050258.jpg,7,flash,76.91,reading_est 58767; model saw 7; agree,,,0
night_fill,20260903-195907_dig4,20260903-195907,4,C:\Users\josep\source\repos\AIOTED-digital-rawdigits\20260903\19\7_main_dig4_20260903-195907.jpg,7,flash,75.87,reading_est 58714; model saw 7; agree,,,0
night_fill,20260906-033856_dig4,20260906-033856,4,C:\Users\josep\source\repos\AIOTED-digital-rawdigits\20260906\03\7_main_dig4_20260906-033856.jpg,7,flash,78.17,reading_est 58798; model saw 7; agree_soft,,,0
night_fill,20260904-180659_dig4,20260904-180659,4,C:\Users\josep\source\repos\AIOTED-digital-rawdigits\20260904\18\7_main_dig4_20260904-180659.jpg,7,transition,86.26,reading_est 58751; model saw 7; agree,,,0
night_fill,20260905-083058_dig4,20260905-083058,4,C:\Users\josep\source\repos\AIOTED-digital-rawdigits\20260905\08\7_main_dig4_20260905-083058.jpg,7,transition,87.20,reading_est 58771; model saw 7; agree,,,0
night_fill,20260903-181907_dig4,20260903-181907,4,C:\Users\josep\source\repos\AIOTED-digital-rawdigits\20260903\18\7_main_dig4_20260903-181907.jpg,7,transition,84.26,reading_est 58710; model saw 7; agree,,,0
night_fill,20260904-094305_dig4,20260904-094305,4,C:\Users\josep\source\repos\AIOTED-digital-rawdigits\20260904\09\7_main_dig4_20260904-094305.jpg,7,transition,92.49,reading_est 58731; model saw 7; agree,,,0
night_fill,20260905-183857_dig4,20260905-183857,4,C:\Users\josep\source\repos\AIOTED-digital-rawdigits\20260905\18\7_main_dig4_20260905-183857.jpg,7,transition,82.93,reading_est 58798; model saw 7; agree_soft,,,0
night_fill,20260903-172707_dig4,20260903-172707,4,C:\Users\josep\source\repos\AIOTED-digital-rawdigits\20260903\17\7_main_dig4_20260903-172707.jpg,7,transition,89.21,reading_est 58708; model saw 7; agree,,,0
night_fill,20260904-091506_dig4,20260904-091506,4,C:\Users\josep\source\repos\AIOTED-digital-rawdigits\20260904\09\7_main_dig4_20260904-091506.jpg,7,transition,81.08,reading_est 58731; model saw 7; agree,,,0
night_fill,20260905-092258_dig4,20260905-092258,4,C:\Users\josep\source\repos\AIOTED-digital-rawdigits\20260905\09\7_main_dig4_20260905-092258.jpg,7,transition,86.98,reading_est 58773; model saw 7; agree,,,0
night_fill,20260903-173907_dig4,20260903-173907,4,C:\Users\josep\source\repos\AIOTED-digital-rawdigits\20260903\17\7_main_dig4_20260903-173907.jpg,7,transition,95.97,reading_est 58708; model saw 7; agree,,,0
night_fill,20260904-182659_dig4,20260904-182659,4,C:\Users\josep\source\repos\AIOTED-digital-rawdigits\20260904\18\7_main_dig4_20260904-182659.jpg,7,transition,84.12,reading_est 58752; model saw 7; agree,,,0
night_fill,20260905-181857_dig4,20260905-181857,4,C:\Users\josep\source\repos\AIOTED-digital-rawdigits\20260905\18\7_main_dig4_20260905-181857.jpg,7,transition,83.97,reading_est 58798; model saw 7; agree_soft,,,0
night_fill,20260903-183907_dig4,20260903-183907,4,C:\Users\josep\source\repos\AIOTED-digital-rawdigits\20260903\18\7_main_dig4_20260903-183907.jpg,7,transition,82.12,reading_est 58711; model saw 7; agree,,,0
night_fill,20260904-183459_dig4,20260904-183459,4,C:\Users\josep\source\repos\AIOTED-digital-rawdigits\20260904\18\7_main_dig4_20260904-183459.jpg,7,transition,83.03,reading_est 58752; model saw 7; agree,,,0
night_fill,20260905-080258_dig4,20260905-080258,4,C:\Users\josep\source\repos\AIOTED-digital-rawdigits\20260905\08\7_main_dig4_20260905-080258.jpg,7,transition,81.25,reading_est 58771; model saw 7; agree,,,0
night_fill,20260903-174707_dig4,20260903-174707,4,C:\Users\josep\source\repos\AIOTED-digital-rawdigits\20260903\17\7_main_dig4_20260903-174707.jpg,7,transition,91.90,reading_est 58709; model saw 7; agree,,,0
night_fill,20260904-092306_dig4,20260904-092306,4,C:\Users\josep\source\repos\AIOTED-digital-rawdigits\20260904\09\7_main_dig4_20260904-092306.jpg,7,transition,82.14,reading_est 58731; model saw 7; agree,,,0
night_fill,20260905-181057_dig4,20260905-181057,4,C:\Users\josep\source\repos\AIOTED-digital-rawdigits\20260905\18\7_main_dig4_20260905-181057.jpg,7,transition,86.11,reading_est 58789; model saw 7; agree_soft,,,0
night_fill,20260903-184707_dig4,20260903-184707,4,C:\Users\josep\source\repos\AIOTED-digital-rawdigits\20260903\18\7_main_dig4_20260903-184707.jpg,7,transition,81.25,reading_est 58711; model saw 7; agree,,,0
night_fill,20260904-181459_dig4,20260904-181459,4,C:\Users\josep\source\repos\AIOTED-digital-rawdigits\20260904\18\7_main_dig4_20260904-181459.jpg,7,transition,85.97,reading_est 58751; model saw 7; agree,,,0
night_fill,20260905-081058_dig4,20260905-081058,4,C:\Users\josep\source\repos\AIOTED-digital-rawdigits\20260905\08\7_main_dig4_20260905-081058.jpg,7,transition,82.84,reading_est 58771; model saw 7; agree,,,0
night_fill,20260903-175907_dig4,20260903-175907,4,C:\Users\josep\source\repos\AIOTED-digital-rawdigits\20260903\17\7_main_dig4_20260903-175907.jpg,7,transition,91.84,reading_est 58709; model saw 7; agree,,,0
night_fill,20260904-093505_dig4,20260904-093505,4,C:\Users\josep\source\repos\AIOTED-digital-rawdigits\20260904\09\7_main_dig4_20260904-093505.jpg,7,transition,84.14,reading_est 58731; model saw 7; agree,,,0
night_fill,20260905-074258_dig4,20260905-074258,4,C:\Users\josep\source\repos\AIOTED-digital-rawdigits\20260905\07\7_main_dig4_20260905-074258.jpg,7,transition,81.25,reading_est 58770; model saw 7; agree,,,0
night_fill,20260903-180707_dig4,20260903-180707,4,C:\Users\josep\source\repos\AIOTED-digital-rawdigits\20260903\18\7_main_dig4_20260903-180707.jpg,7,transition,91.29,reading_est 58709; model saw 7; agree,,,0
night_fill,20260904-175459_dig4,20260904-175459,4,C:\Users\josep\source\repos\AIOTED-digital-rawdigits\20260904\17\7_main_dig4_20260904-175459.jpg,7,transition,88.69,reading_est 58750; model saw 7; agree,,,0
night_fill,20260905-175057_dig4,20260905-175057,4,C:\Users\josep\source\repos\AIOTED-digital-rawdigits\20260905\17\7_main_dig4_20260905-175057.jpg,7,transition,92.00,reading_est 58788; model saw 7; agree,,,0
night_fill,20260903-182707_dig4,20260903-182707,4,C:\Users\josep\source\repos\AIOTED-digital-rawdigits\20260903\18\7_main_dig4_20260903-182707.jpg,7,transition,83.20,reading_est 58710; model saw 7; agree,,,0
night_fill,20260904-184659_dig4,20260904-184659,4,C:\Users\josep\source\repos\AIOTED-digital-rawdigits\20260904\18\7_main_dig4_20260904-184659.jpg,7,transition,81.88,reading_est 58753; model saw 7; agree,,,0
night_fill,20260905-095057_dig4,20260905-095057,4,C:\Users\josep\source\repos\AIOTED-digital-rawdigits\20260905\09\7_main_dig4_20260905-095057.jpg,7,transition,91.97,reading_est 58773; model saw 7; agree,,,0
night_fill,20260904-184259_dig4,20260904-184259,4,C:\Users\josep\source\repos\AIOTED-digital-rawdigits\20260904\18\7_main_dig4_20260904-184259.jpg,7,transition,81.97,reading_est 58753; model saw 7; agree,,,0
night_fill,20260905-073058_dig4,20260905-073058,4,C:\Users\josep\source\repos\AIOTED-digital-rawdigits\20260905\07\7_main_dig4_20260905-073058.jpg,7,transition,81.19,reading_est 58770; model saw 7; agree,,,0
night_fill,20260904-172659_dig4,20260904-172659,4,C:\Users\josep\source\repos\AIOTED-digital-rawdigits\20260904\17\7_main_dig4_20260904-172659.jpg,7,transition,95.97,reading_est 58750; model saw 7; agree,,,0
night_fill,20260905-155057_dig4,20260905-155057,4,C:\Users\josep\source\repos\AIOTED-digital-rawdigits\20260905\15\7_main_dig4_20260905-155057.jpg,7,transition,88.29,reading_est 58784; model saw 7; agree,,,0
night_fill,20260905-082258_dig4,20260905-082258,4,C:\Users\josep\source\repos\AIOTED-digital-rawdigits\20260905\08\7_main_dig4_20260905-082258.jpg,7,transition,83.20,reading_est 58771; model saw 7; agree,,,0
night_fill,20260905-094257_dig4,20260905-094257,4,C:\Users\josep\source\repos\AIOTED-digital-rawdigits\20260905\09\7_main_dig4_20260905-094257.jpg,7,transition,94.97,reading_est 58773; model saw 7; agree,,,0
night_fill,20260905-173057_dig4,20260905-173057,4,C:\Users\josep\source\repos\AIOTED-digital-rawdigits\20260905\17\7_main_dig4_20260905-173057.jpg,7,transition,92.69,reading_est 58787; model saw 7; agree,,,0
night_fill,20260905-183057_dig4,20260905-183057,4,C:\Users\josep\source\repos\AIOTED-digital-rawdigits\20260905\18\7_main_dig4_20260905-183057.jpg,7,transition,83.20,reading_est 58798; model saw 7; agree_soft,,,0
night_fill,20260905-171057_dig4,20260905-171057,4,C:\Users\josep\source\repos\AIOTED-digital-rawdigits\20260905\17\7_main_dig4_20260905-171057.jpg,7,transition,94.90,reading_est 58787; model saw 7; agree,,,0
night_fill,20260905-090258_dig4,20260905-090258,4,C:\Users\josep\source\repos\AIOTED-digital-rawdigits\20260905\09\7_main_dig4_20260905-090258.jpg,7,transition,93.21,reading_est 58772; model saw 7; agree,,,0
night_fill,20260905-175857_dig4,20260905-175857,4,C:\Users\josep\source\repos\AIOTED-digital-rawdigits\20260905\17\7_main_dig4_20260905-175857.jpg,7,transition,86.90,reading_est 58788; model saw 7; agree,,,0
night_fill,20260905-185057_dig4,20260905-185057,4,C:\Users\josep\source\repos\AIOTED-digital-rawdigits\20260905\18\7_main_dig4_20260905-185057.jpg,7,transition,81.25,reading_est 58798; model saw 7; agree_soft,,,0
night_fill,20260905-171857_dig4,20260905-171857,4,C:\Users\josep\source\repos\AIOTED-digital-rawdigits\20260905\17\7_main_dig4_20260905-171857.jpg,7,transition,95.90,reading_est 58787; model saw 7; agree,,,0
night_fill,20260905-093058_dig4,20260905-093058,4,C:\Users\josep\source\repos\AIOTED-digital-rawdigits\20260905\09\7_main_dig4_20260905-093058.jpg,7,transition,91.77,reading_est 58773; model saw 7; agree,,,0
night_fill,20260905-173857_dig4,20260905-173857,4,C:\Users\josep\source\repos\AIOTED-digital-rawdigits\20260905\17\7_main_dig4_20260905-173857.jpg,7,transition,93.29,reading_est 58788; model saw 7; agree,,,0
night_fill,20260905-075058_dig4,20260905-075058,4,C:\Users\josep\source\repos\AIOTED-digital-rawdigits\20260905\07\7_main_dig4_20260905-075058.jpg,7,transition,81.94,reading_est 58771; model saw 7; agree,,,0
night_fill,20260905-085058_dig4,20260905-085058,4,C:\Users\josep\source\repos\AIOTED-digital-rawdigits\20260905\08\7_main_dig4_20260905-085058.jpg,7,transition,92.98,reading_est 58772; model saw 7; agree,,,0
night_fill,20260911-064800_dig4,20260911-064800,4,C:\Users\josep\source\repos\AIOTED-digital-rawdigits\20260911\06\9_main_dig4_20260911-064800.jpg,9,flash,80.28,reading_est 58974; model saw 9; agree,,,0
night_fill,20260910-232800_dig4,20260910-232800,4,C:\Users\josep\source\repos\AIOTED-digital-rawdigits\20260910\23\9_main_dig4_20260910-232800.jpg,9,flash,77.86,reading_est 58969; model saw 9; agree,,,0
night_fill,20260911-034800_dig4,20260911-034800,4,C:\Users\josep\source\repos\AIOTED-digital-rawdigits\20260911\03\9_main_dig4_20260911-034800.jpg,9,flash,77.17,reading_est 58972; model saw 9; agree,,,0
night_fill,20260910-040318_dig4,20260910-040318,4,C:\Users\josep\source\repos\AIOTED-digital-rawdigits\20260910\04\9_main_dig4_20260910-040318.jpg,9,flash,77.78,reading_est 58940; model saw 9; agree,,,0
night_fill,20260911-032800_dig4,20260911-032800,4,C:\Users\josep\source\repos\AIOTED-digital-rawdigits\20260911\03\9_main_dig4_20260911-032800.jpg,9,flash,77.22,reading_est 58972; model saw 9; agree,,,0
night_fill,20260910-194000_dig4,20260910-194000,4,C:\Users\josep\source\repos\AIOTED-digital-rawdigits\20260910\19\9_main_dig4_20260910-194000.jpg,9,flash,77.22,reading_est 58966; model saw 9; agree,,,0
night_fill,20260911-053600_dig4,20260911-053600,4,C:\Users\josep\source\repos\AIOTED-digital-rawdigits\20260911\05\9_main_dig4_20260911-053600.jpg,9,flash,77.82,reading_est 58973; model saw 9; agree,,,0
night_fill,20260910-212800_dig4,20260910-212800,4,C:\Users\josep\source\repos\AIOTED-digital-rawdigits\20260910\21\9_main_dig4_20260910-212800.jpg,9,flash,78.17,reading_est 58967; model saw 9; agree,,,0
night_fill,20260911-063600_dig4,20260911-063600,4,C:\Users\josep\source\repos\AIOTED-digital-rawdigits\20260911\06\9_main_dig4_20260911-063600.jpg,9,flash,78.96,reading_est 58974; model saw 9; agree,,,0
night_fill,20260910-035118_dig4,20260910-035118,4,C:\Users\josep\source\repos\AIOTED-digital-rawdigits\20260910\03\9_main_dig4_20260910-035118.jpg,9,flash,77.81,reading_est 58940; model saw 9; agree,,,0
night_fill,20260911-024800_dig4,20260911-024800,4,C:\Users\josep\source\repos\AIOTED-digital-rawdigits\20260911\02\9_main_dig4_20260911-024800.jpg,9,flash,77.81,reading_est 58971; model saw 9; agree,,,0
night_fill,20260910-025118_dig4,20260910-025118,4,C:\Users\josep\source\repos\AIOTED-digital-rawdigits\20260910\02\9_main_dig4_20260910-025118.jpg,9,flash,77.86,reading_est 58939; model saw 9; agree,,,0
night_fill,20260911-060800_dig4,20260911-060800,4,C:\Users\josep\source\repos\AIOTED-digital-rawdigits\20260911\06\9_main_dig4_20260911-060800.jpg,9,flash,77.22,reading_est 58974; model saw 9; agree,,,0
night_fill,20260910-210800_dig4,20260910-210800,4,C:\Users\josep\source\repos\AIOTED-digital-rawdigits\20260910\21\9_main_dig4_20260910-210800.jpg,9,flash,76.87,reading_est 58967; model saw 9; agree,,,0
night_fill,20260911-014000_dig4,20260911-014000,4,C:\Users\josep\source\repos\AIOTED-digital-rawdigits\20260911\01\9_main_dig4_20260911-014000.jpg,9,flash,77.87,reading_est 58971; model saw 9; agree,,,0
night_fill,20260910-001119_dig4,20260910-001119,4,C:\Users\josep\source\repos\AIOTED-digital-rawdigits\20260910\00\9_main_dig4_20260910-001119.jpg,9,flash,78.08,reading_est 58937; model saw 9; agree,,,0
night_fill,20260911-042800_dig4,20260911-042800,4,C:\Users\josep\source\repos\AIOTED-digital-rawdigits\20260911\04\9_main_dig4_20260911-042800.jpg,9,flash,77.22,reading_est 58972; model saw 9; agree,,,0
night_fill,20260910-014318_dig4,20260910-014318,4,C:\Users\josep\source\repos\AIOTED-digital-rawdigits\20260910\01\9_main_dig4_20260910-014318.jpg,9,flash,78.08,reading_est 58938; model saw 9; agree,,,0
night_fill,20260911-045600_dig4,20260911-045600,4,C:\Users\josep\source\repos\AIOTED-digital-rawdigits\20260911\04\9_main_dig4_20260911-045600.jpg,9,flash,77.22,reading_est 58973; model saw 9; agree,,,0
night_fill,20260910-063118_dig4,20260910-063118,4,C:\Users\josep\source\repos\AIOTED-digital-rawdigits\20260910\06\9_main_dig4_20260910-063118.jpg,9,flash,78.18,reading_est 58942; model saw 9; agree,,,0
night_fill,20260911-013600_dig4,20260911-013600,4,C:\Users\josep\source\repos\AIOTED-digital-rawdigits\20260911\01\9_main_dig4_20260911-013600.jpg,9,flash,77.86,reading_est 58971; model saw 9; agree,,,0
night_fill,20260910-204000_dig4,20260910-204000,4,C:\Users\josep\source\repos\AIOTED-digital-rawdigits\20260910\20\9_main_dig4_20260910-204000.jpg,9,flash,76.82,reading_est 58966; model saw 9; agree,,,0
night_fill,20260911-050800_dig4,20260911-050800,4,C:\Users\josep\source\repos\AIOTED-digital-rawdigits\20260911\05\9_main_dig4_20260911-050800.jpg,9,flash,77.17,reading_est 58973; model saw 9; agree,,,0
night_fill,20260910-041118_dig4,20260910-041118,4,C:\Users\josep\source\repos\AIOTED-digital-rawdigits\20260910\04\9_main_dig4_20260910-041118.jpg,9,flash,77.22,reading_est 58940; model saw 9; agree,,,0
night_fill,20260911-015600_dig4,20260911-015600,4,C:\Users\josep\source\repos\AIOTED-digital-rawdigits\20260911\01\9_main_dig4_20260911-015600.jpg,9,flash,77.87,reading_est 58971; model saw 9; agree,,,0
night_fill,20260910-045918_dig4,20260910-045918,4,C:\Users\josep\source\repos\AIOTED-digital-rawdigits\20260910\04\9_main_dig4_20260910-045918.jpg,9,flash,77.85,reading_est 58940; model saw 9; agree,,,0
night_fill,20260911-012000_dig4,20260911-012000,4,C:\Users\josep\source\repos\AIOTED-digital-rawdigits\20260911\01\9_main_dig4_20260911-012000.jpg,9,flash,77.82,reading_est 58970; model saw 9; agree,,,0
night_fill,20260910-043118_dig4,20260910-043118,4,C:\Users\josep\source\repos\AIOTED-digital-rawdigits\20260910\04\9_main_dig4_20260910-043118.jpg,9,flash,77.31,reading_est 58940; model saw 9; agree,,,0
night_fill,20260911-010800_dig4,20260911-010800,4,C:\Users\josep\source\repos\AIOTED-digital-rawdigits\20260911\01\9_main_dig4_20260911-010800.jpg,9,flash,77.71,reading_est 58970; model saw 9; agree,,,0
night_fill,20260910-192000_dig4,20260910-192000,4,C:\Users\josep\source\repos\AIOTED-digital-rawdigits\20260910\19\9_main_dig4_20260910-192000.jpg,9,flash,76.22,reading_est 58964; model saw 9; agree,,,0
night_fill,20260911-014800_dig4,20260911-014800,4,C:\Users\josep\source\repos\AIOTED-digital-rawdigits\20260911\01\9_main_dig4_20260911-014800.jpg,9,flash,77.86,reading_est 58971; model saw 9; agree,,,0
night_fill,20260910-224000_dig4,20260910-224000,4,C:\Users\josep\source\repos\AIOTED-digital-rawdigits\20260910\22\9_main_dig4_20260910-224000.jpg,9,flash,77.94,reading_est 58968; model saw 9; agree,,,0
night_fill,20260911-022000_dig4,20260911-022000,4,C:\Users\josep\source\repos\AIOTED-digital-rawdigits\20260911\02\9_main_dig4_20260911-022000.jpg,9,flash,77.17,reading_est 58971; model saw 9; agree,,,0
night_fill,20260910-011118_dig4,20260910-011118,4,C:\Users\josep\source\repos\AIOTED-digital-rawdigits\20260910\01\9_main_dig4_20260910-011118.jpg,9,flash,78.00,reading_est 58938; model saw 9; agree,,,0
night_fill,20260911-000000_dig4,20260911-000000,4,C:\Users\josep\source\repos\AIOTED-digital-rawdigits\20260911\00\9_main_dig4_20260911-000000.jpg,9,flash,77.22,reading_est 58969; model saw 9; agree,,,0
night_fill,20260910-010318_dig4,20260910-010318,4,C:\Users\josep\source\repos\AIOTED-digital-rawdigits\20260910\01\9_main_dig4_20260910-010318.jpg,9,flash,77.86,reading_est 58938; model saw 9; agree,,,0
night_fill,20260911-011600_dig4,20260911-011600,4,C:\Users\josep\source\repos\AIOTED-digital-rawdigits\20260911\01\9_main_dig4_20260911-011600.jpg,9,flash,77.22,reading_est 58970; model saw 9; agree,,,0
night_fill,20260910-061118_dig4,20260910-061118,4,C:\Users\josep\source\repos\AIOTED-digital-rawdigits\20260910\06\9_main_dig4_20260910-061118.jpg,9,flash,77.62,reading_est 58941; model saw 9; agree,,,0
night_fill,20260911-020800_dig4,20260911-020800,4,C:\Users\josep\source\repos\AIOTED-digital-rawdigits\20260911\02\9_main_dig4_20260911-020800.jpg,9,flash,77.86,reading_est 58971; model saw 9; agree,,,0
night_fill,20260910-214000_dig4,20260910-214000,4,C:\Users\josep\source\repos\AIOTED-digital-rawdigits\20260910\21\9_main_dig4_20260910-214000.jpg,9,flash,77.81,reading_est 58967; model saw 9; agree,,,0
night_fill,20260911-022800_dig4,20260911-022800,4,C:\Users\josep\source\repos\AIOTED-digital-rawdigits\20260911\02\9_main_dig4_20260911-022800.jpg,9,flash,77.86,reading_est 58971; model saw 9; agree,,,0
night_fill,20260910-015118_dig4,20260910-015118,4,C:\Users\josep\source\repos\AIOTED-digital-rawdigits\20260910\01\9_main_dig4_20260910-015118.jpg,9,flash,77.93,reading_est 58938; model saw 9; agree,,,0
night_fill,20260911-004800_dig4,20260911-004800,4,C:\Users\josep\source\repos\AIOTED-digital-rawdigits\20260911\00\9_main_dig4_20260911-004800.jpg,9,flash,77.82,reading_est 58970; model saw 9; agree,,,0
night_fill,20260910-212000_dig4,20260910-212000,4,C:\Users\josep\source\repos\AIOTED-digital-rawdigits\20260910\21\9_main_dig4_20260910-212000.jpg,9,flash,78.10,reading_est 58967; model saw 9; agree,,,0
night_fill,20260911-030800_dig4,20260911-030800,4,C:\Users\josep\source\repos\AIOTED-digital-rawdigits\20260911\03\9_main_dig4_20260911-030800.jpg,9,flash,77.22,reading_est 58972; model saw 9; agree,,,0
night_fill,20260910-055118_dig4,20260910-055118,4,C:\Users\josep\source\repos\AIOTED-digital-rawdigits\20260910\05\9_main_dig4_20260910-055118.jpg,9,flash,77.81,reading_est 58941; model saw 9; agree,,,0
night_fill,20260911-002000_dig4,20260911-002000,4,C:\Users\josep\source\repos\AIOTED-digital-rawdigits\20260911\00\9_main_dig4_20260911-002000.jpg,9,flash,77.78,reading_est 58970; model saw 9; agree,,,0
night_fill,20260910-220000_dig4,20260910-220000,4,C:\Users\josep\source\repos\AIOTED-digital-rawdigits\20260910\22\9_main_dig4_20260910-220000.jpg,9,flash,78.08,reading_est 58968; model saw 9; agree,,,0
night_fill,20260911-010000_dig4,20260911-010000,4,C:\Users\josep\source\repos\AIOTED-digital-rawdigits\20260911\01\9_main_dig4_20260911-010000.jpg,9,flash,77.22,reading_est 58970; model saw 9; agree,,,0
night_fill,20260910-002318_dig4,20260910-002318,4,C:\Users\josep\source\repos\AIOTED-digital-rawdigits\20260910\00\9_main_dig4_20260910-002318.jpg,9,flash,78.10,reading_est 58937; model saw 9; agree,,,0
night_fill,20260911-002800_dig4,20260911-002800,4,C:\Users\josep\source\repos\AIOTED-digital-rawdigits\20260911\00\9_main_dig4_20260911-002800.jpg,9,flash,77.86,reading_est 58970; model saw 9; agree,,,0
night_fill,20260910-033918_dig4,20260910-033918,4,C:\Users\josep\source\repos\AIOTED-digital-rawdigits\20260910\03\9_main_dig4_20260910-033918.jpg,9,flash,77.23,reading_est 58939; model saw 9; agree,,,0
night_fill,20260911-044800_dig4,20260911-044800,4,C:\Users\josep\source\repos\AIOTED-digital-rawdigits\20260911\04\9_main_dig4_20260911-044800.jpg,9,flash,77.22,reading_est 58973; model saw 9; agree,,,0
night_fill,20260910-034318_dig4,20260910-034318,4,C:\Users\josep\source\repos\AIOTED-digital-rawdigits\20260910\03\9_main_dig4_20260910-034318.jpg,9,flash,77.81,reading_est 58939; model saw 9; agree,,,0
night_fill,20260911-021600_dig4,20260911-021600,4,C:\Users\josep\source\repos\AIOTED-digital-rawdigits\20260911\02\9_main_dig4_20260911-021600.jpg,9,flash,77.87,reading_est 58971; model saw 9; agree,,,0
night_fill,20260910-234800_dig4,20260910-234800,4,C:\Users\josep\source\repos\AIOTED-digital-rawdigits\20260910\23\9_main_dig4_20260910-234800.jpg,9,flash,77.23,reading_est 58969; model saw 9; agree,,,0
night_fill,20260911-051600_dig4,20260911-051600,4,C:\Users\josep\source\repos\AIOTED-digital-rawdigits\20260911\05\9_main_dig4_20260911-051600.jpg,9,flash,77.22,reading_est 58973; model saw 9; agree,,,0
night_fill,20260910-024318_dig4,20260910-024318,4,C:\Users\josep\source\repos\AIOTED-digital-rawdigits\20260910\02\9_main_dig4_20260910-024318.jpg,9,flash,77.94,reading_est 58939; model saw 9; agree,,,0
night_fill,20260911-062800_dig4,20260911-062800,4,C:\Users\josep\source\repos\AIOTED-digital-rawdigits\20260911\06\9_main_dig4_20260911-062800.jpg,9,flash,77.94,reading_est 58974; model saw 9; agree,,,0
night_fill,20260910-184800_dig4,20260910-184800,4,C:\Users\josep\source\repos\AIOTED-digital-rawdigits\20260910\18\9_main_dig4_20260910-184800.jpg,9,flash,79.81,reading_est 58963; model saw 9; agree,,,0
night_fill,20260911-035600_dig4,20260911-035600,4,C:\Users\josep\source\repos\AIOTED-digital-rawdigits\20260911\03\9_main_dig4_20260911-035600.jpg,9,flash,76.97,reading_est 58972; model saw 9; agree,,,0
night_fill,20260910-190801_dig4,20260910-190801,4,C:\Users\josep\source\repos\AIOTED-digital-rawdigits\20260910\19\9_main_dig4_20260910-190801.jpg,9,flash,77.22,reading_est 58964; model saw 9; agree,,,0
night_fill,20260911-012800_dig4,20260911-012800,4,C:\Users\josep\source\repos\AIOTED-digital-rawdigits\20260911\01\9_main_dig4_20260911-012800.jpg,9,flash,77.86,reading_est 58970; model saw 9; agree,,,0
night_fill,20260910-030318_dig4,20260910-030318,4,C:\Users\josep\source\repos\AIOTED-digital-rawdigits\20260910\03\9_main_dig4_20260910-030318.jpg,9,flash,77.94,reading_est 58939; model saw 9; agree,,,0
night_fill,20260911-185228_dig4,20260911-185228,4,C:\Users\josep\source\repos\AIOTED-digital-rawdigits\20260911\18\9_main_dig4_20260911-185228.jpg,9,flash,80.24,reading_est 58999; model saw 9; agree_soft,,,0
night_fill,20260910-220800_dig4,20260910-220800,4,C:\Users\josep\source\repos\AIOTED-digital-rawdigits\20260910\22\9_main_dig4_20260910-220800.jpg,9,flash,77.92,reading_est 58968; model saw 9; agree,,,0
night_fill,20260911-004000_dig4,20260911-004000,4,C:\Users\josep\source\repos\AIOTED-digital-rawdigits\20260911\00\9_main_dig4_20260911-004000.jpg,9,flash,78.00,reading_est 58970; model saw 9; agree,,,0
night_fill,20260910-051918_dig4,20260910-051918,4,C:\Users\josep\source\repos\AIOTED-digital-rawdigits\20260910\05\9_main_dig4_20260910-051918.jpg,9,flash,77.22,reading_est 58941; model saw 9; agree,,,0
night_fill,20260911-052800_dig4,20260911-052800,4,C:\Users\josep\source\repos\AIOTED-digital-rawdigits\20260911\05\9_main_dig4_20260911-052800.jpg,9,flash,77.81,reading_est 58973; model saw 9; agree,,,0
night_fill,20260910-003118_dig4,20260910-003118,4,C:\Users\josep\source\repos\AIOTED-digital-rawdigits\20260910\00\9_main_dig4_20260910-003118.jpg,9,flash,77.00,reading_est 58937; model saw 9; agree,,,0
night_fill,20260911-033600_dig4,20260911-033600,4,C:\Users\josep\source\repos\AIOTED-digital-rawdigits\20260911\03\9_main_dig4_20260911-033600.jpg,9,flash,77.17,reading_est 58972; model saw 9; agree,,,0
night_fill,20260910-063918_dig4,20260910-063918,4,C:\Users\josep\source\repos\AIOTED-digital-rawdigits\20260910\06\9_main_dig4_20260910-063918.jpg,9,flash,79.18,reading_est 58942; model saw 9; agree,,,0
night_fill,20260911-043600_dig4,20260911-043600,4,C:\Users\josep\source\repos\AIOTED-digital-rawdigits\20260911\04\9_main_dig4_20260911-043600.jpg,9,flash,77.22,reading_est 58973; model saw 9; agree,,,0
night_fill,20260910-230800_dig4,20260910-230800,4,C:\Users\josep\source\repos\AIOTED-digital-rawdigits\20260910\23\9_main_dig4_20260910-230800.jpg,9,flash,77.94,reading_est 58969; model saw 9; agree,,,0
night_fill,20260911-054800_dig4,20260911-054800,4,C:\Users\josep\source\repos\AIOTED-digital-rawdigits\20260911\05\9_main_dig4_20260911-054800.jpg,9,flash,77.22,reading_est 58973; model saw 9; agree,,,0
night_fill,20260910-200800_dig4,20260910-200800,4,C:\Users\josep\source\repos\AIOTED-digital-rawdigits\20260910\20\9_main_dig4_20260910-200800.jpg,9,flash,77.17,reading_est 58966; model saw 9; agree,,,0
night_fill,20260911-191228_dig4,20260911-191228,4,C:\Users\josep\source\repos\AIOTED-digital-rawdigits\20260911\19\9_main_dig4_20260911-191228.jpg,9,flash,77.87,reading_est 58999; model saw 9; agree_soft,,,0
night_fill,20260910-032318_dig4,20260910-032318,4,C:\Users\josep\source\repos\AIOTED-digital-rawdigits\20260910\03\9_main_dig4_20260910-032318.jpg,9,flash,77.85,reading_est 58939; model saw 9; agree,,,0
night_fill,20260911-023600_dig4,20260911-023600,4,C:\Users\josep\source\repos\AIOTED-digital-rawdigits\20260911\02\9_main_dig4_20260911-023600.jpg,9,flash,77.81,reading_est 58971; model saw 9; agree,,,0
night_fill,20260910-224800_dig4,20260910-224800,4,C:\Users\josep\source\repos\AIOTED-digital-rawdigits\20260910\22\9_main_dig4_20260910-224800.jpg,9,flash,77.81,reading_est 58968; model saw 9; agree,,,0
night_fill,20260911-041600_dig4,20260911-041600,4,C:\Users\josep\source\repos\AIOTED-digital-rawdigits\20260911\04\9_main_dig4_20260911-041600.jpg,9,flash,77.18,reading_est 58972; model saw 9; agree,,,0
night_fill,20260910-042318_dig4,20260910-042318,4,C:\Users\josep\source\repos\AIOTED-digital-rawdigits\20260910\04\9_main_dig4_20260910-042318.jpg,9,flash,77.81,reading_est 58940; model saw 9; agree,,,0
night_fill,20260911-040800_dig4,20260911-040800,4,C:\Users\josep\source\repos\AIOTED-digital-rawdigits\20260911\04\9_main_dig4_20260911-040800.jpg,9,flash,77.22,reading_est 58972; model saw 9; agree,,,0
night_fill,20260910-214800_dig4,20260910-214800,4,C:\Users\josep\source\repos\AIOTED-digital-rawdigits\20260910\21\9_main_dig4_20260910-214800.jpg,9,flash,77.00,reading_est 58968; model saw 9; agree,,,0
night_fill,20260911-031600_dig4,20260911-031600,4,C:\Users\josep\source\repos\AIOTED-digital-rawdigits\20260911\03\9_main_dig4_20260911-031600.jpg,9,flash,77.86,reading_est 58972; model saw 9; agree,,,0
night_fill,20260910-035918_dig4,20260910-035918,4,C:\Users\josep\source\repos\AIOTED-digital-rawdigits\20260910\03\9_main_dig4_20260910-035918.jpg,9,flash,77.81,reading_est 58940; model saw 9; agree,,,0
night_fill,20260911-020000_dig4,20260911-020000,4,C:\Users\josep\source\repos\AIOTED-digital-rawdigits\20260911\02\9_main_dig4_20260911-020000.jpg,9,flash,77.86,reading_est 58971; model saw 9; agree,,,0
night_fill,20260910-013118_dig4,20260910-013118,4,C:\Users\josep\source\repos\AIOTED-digital-rawdigits\20260910\01\9_main_dig4_20260910-013118.jpg,9,flash,78.10,reading_est 58938; model saw 9; agree,,,0
night_fill,20260911-000800_dig4,20260911-000800,4,C:\Users\josep\source\repos\AIOTED-digital-rawdigits\20260911\00\9_main_dig4_20260911-000800.jpg,9,flash,77.62,reading_est 58969; model saw 9; agree,,,0
night_fill,20260910-204800_dig4,20260910-204800,4,C:\Users\josep\source\repos\AIOTED-digital-rawdigits\20260910\20\9_main_dig4_20260910-204800.jpg,9,flash,77.93,reading_est 58967; model saw 9; agree,,,0
night_fill,20260911-025600_dig4,20260911-025600,4,C:\Users\josep\source\repos\AIOTED-digital-rawdigits\20260911\02\9_main_dig4_20260911-025600.jpg,9,flash,77.22,reading_est 58972; model saw 9; agree,,,0
night_fill,20260910-234000_dig4,20260910-234000,4,C:\Users\josep\source\repos\AIOTED-digital-rawdigits\20260910\23\9_main_dig4_20260910-234000.jpg,9,flash,77.86,reading_est 58969; model saw 9; agree,,,0
night_fill,20260910-065118_dig4,20260910-065118,4,C:\Users\josep\source\repos\AIOTED-digital-rawdigits\20260910\06\9_main_dig4_20260910-065118.jpg,9,transition,81.12,reading_est 58942; model saw 9; agree,,,0
night_fill,20260910-065918_dig4,20260910-065918,4,C:\Users\josep\source\repos\AIOTED-digital-rawdigits\20260910\06\9_main_dig4_20260910-065918.jpg,9,transition,81.90,reading_est 58942; model saw 9; agree,,,0
night_fill,20260910-071118_dig4,20260910-071118,4,C:\Users\josep\source\repos\AIOTED-digital-rawdigits\20260910\07\9_main_dig4_20260910-071118.jpg,9,transition,83.90,reading_est 58943; model saw 9; agree,,,0
night_fill,20260910-071918_dig4,20260910-071918,4,C:\Users\josep\source\repos\AIOTED-digital-rawdigits\20260910\07\9_main_dig4_20260910-071918.jpg,9,transition,84.19,reading_est 58943; model saw 9; agree,,,0
night_fill,20260910-073118_dig4,20260910-073118,4,C:\Users\josep\source\repos\AIOTED-digital-rawdigits\20260910\07\9_main_dig4_20260910-073118.jpg,9,transition,93.74,reading_est 58943; model saw 9; agree,,,0
night_fill,20260910-073918_dig4,20260910-073918,4,C:\Users\josep\source\repos\AIOTED-digital-rawdigits\20260910\07\9_main_dig4_20260910-073918.jpg,9,transition,94.98,reading_est 58944; model saw 9; agree,,,0
night_fill,20260910-142001_dig4,20260910-142001,4,C:\Users\josep\source\repos\AIOTED-digital-rawdigits\20260910\14\9_main_dig4_20260910-142001.jpg,9,transition,92.94,reading_est 58953; model saw 9; agree,,,0
night_fill,20260910-145201_dig4,20260910-145201,4,C:\Users\josep\source\repos\AIOTED-digital-rawdigits\20260910\14\9_main_dig4_20260910-145201.jpg,9,transition,92.64,reading_est 58954; model saw 9; agree,,,0
night_fill,20260910-161201_dig4,20260910-161201,4,C:\Users\josep\source\repos\AIOTED-digital-rawdigits\20260910\16\9_main_dig4_20260910-161201.jpg,9,transition,95.97,reading_est 58958; model saw 9; agree,,,0
night_fill,20260910-163201_dig4,20260910-163201,4,C:\Users\josep\source\repos\AIOTED-digital-rawdigits\20260910\16\9_main_dig4_20260910-163201.jpg,9,transition,92.93,reading_est 58958; model saw 9; agree,,,0
night_fill,20260910-164001_dig4,20260910-164001,4,C:\Users\josep\source\repos\AIOTED-digital-rawdigits\20260910\16\9_main_dig4_20260910-164001.jpg,9,transition,92.28,reading_est 58958; model saw 9; agree,,,0
night_fill,20260910-165201_dig4,20260910-165201,4,C:\Users\josep\source\repos\AIOTED-digital-rawdigits\20260910\16\9_main_dig4_20260910-165201.jpg,9,transition,91.97,reading_est 58958; model saw 9; agree,,,0
night_fill,20260910-170001_dig4,20260910-170001,4,C:\Users\josep\source\repos\AIOTED-digital-rawdigits\20260910\17\9_main_dig4_20260910-170001.jpg,9,transition,90.97,reading_est 58958; model saw 9; agree,,,0
night_fill,20260910-170801_dig4,20260910-170801,4,C:\Users\josep\source\repos\AIOTED-digital-rawdigits\20260910\17\9_main_dig4_20260910-170801.jpg,9,transition,88.77,reading_est 58960; model saw 9; agree,,,0
night_fill,20260910-171201_dig4,20260910-171201,4,C:\Users\josep\source\repos\AIOTED-digital-rawdigits\20260910\17\9_main_dig4_20260910-171201.jpg,9,transition,88.05,reading_est 58960; model saw 9; agree,,,0
night_fill,20260910-172001_dig4,20260910-172001,4,C:\Users\josep\source\repos\AIOTED-digital-rawdigits\20260910\17\9_main_dig4_20260910-172001.jpg,9,transition,90.03,reading_est 58960; model saw 9; agree,,,0
night_fill,20260910-172801_dig4,20260910-172801,4,C:\Users\josep\source\repos\AIOTED-digital-rawdigits\20260910\17\9_main_dig4_20260910-172801.jpg,9,transition,88.90,reading_est 58961; model saw 9; agree,,,0
night_fill,20260910-173201_dig4,20260910-173201,4,C:\Users\josep\source\repos\AIOTED-digital-rawdigits\20260910\17\9_main_dig4_20260910-173201.jpg,9,transition,87.98,reading_est 58961; model saw 9; agree,,,0
night_fill,20260910-174001_dig4,20260910-174001,4,C:\Users\josep\source\repos\AIOTED-digital-rawdigits\20260910\17\9_main_dig4_20260910-174001.jpg,9,transition,84.69,reading_est 58961; model saw 9; agree,,,0
night_fill,20260910-174801_dig4,20260910-174801,4,C:\Users\josep\source\repos\AIOTED-digital-rawdigits\20260910\17\9_main_dig4_20260910-174801.jpg,9,transition,83.24,reading_est 58961; model saw 9; agree,,,0
night_fill,20260910-175201_dig4,20260910-175201,4,C:\Users\josep\source\repos\AIOTED-digital-rawdigits\20260910\17\9_main_dig4_20260910-175201.jpg,9,transition,83.74,reading_est 58962; model saw 9; agree,,,0
night_fill,20260910-180001_dig4,20260910-180001,4,C:\Users\josep\source\repos\AIOTED-digital-rawdigits\20260910\18\9_main_dig4_20260910-180001.jpg,9,transition,83.90,reading_est 58962; model saw 9; agree,,,0
night_fill,20260910-180801_dig4,20260910-180801,4,C:\Users\josep\source\repos\AIOTED-digital-rawdigits\20260910\18\9_main_dig4_20260910-180801.jpg,9,transition,82.93,reading_est 58962; model saw 9; agree,,,0
night_fill,20260910-181201_dig4,20260910-181201,4,C:\Users\josep\source\repos\AIOTED-digital-rawdigits\20260910\18\9_main_dig4_20260910-181201.jpg,9,transition,82.18,reading_est 58962; model saw 9; agree,,,0
night_fill,20260910-182001_dig4,20260910-182001,4,C:\Users\josep\source\repos\AIOTED-digital-rawdigits\20260910\18\9_main_dig4_20260910-182001.jpg,9,transition,82.90,reading_est 58962; model saw 9; agree,,,0
night_fill,20260910-182801_dig4,20260910-182801,4,C:\Users\josep\source\repos\AIOTED-digital-rawdigits\20260910\18\9_main_dig4_20260910-182801.jpg,9,transition,82.17,reading_est 58962; model saw 9; agree,,,0
night_fill,20260910-184000_dig4,20260910-184000,4,C:\Users\josep\source\repos\AIOTED-digital-rawdigits\20260910\18\9_main_dig4_20260910-184000.jpg,9,transition,81.18,reading_est 58963; model saw 9; agree,,,0
night_fill,20260911-065600_dig4,20260911-065600,4,C:\Users\josep\source\repos\AIOTED-digital-rawdigits\20260911\06\9_main_dig4_20260911-065600.jpg,9,transition,81.41,reading_est 58976; model saw 9; agree,,,0
night_fill,20260911-070800_dig4,20260911-070800,4,C:\Users\josep\source\repos\AIOTED-digital-rawdigits\20260911\07\9_main_dig4_20260911-070800.jpg,9,transition,83.03,reading_est 58976; model saw 9; agree,,,0
night_fill,20260911-071600_dig4,20260911-071600,4,C:\Users\josep\source\repos\AIOTED-digital-rawdigits\20260911\07\9_main_dig4_20260911-071600.jpg,9,transition,84.03,reading_est 58976; model saw 9; agree,,,0
night_fill,20260911-072800_dig4,20260911-072800,4,C:\Users\josep\source\repos\AIOTED-digital-rawdigits\20260911\07\9_main_dig4_20260911-072800.jpg,9,transition,89.29,reading_est 58976; model saw 9; agree,,,0
night_fill,20260911-073559_dig4,20260911-073559,4,C:\Users\josep\source\repos\AIOTED-digital-rawdigits\20260911\07\9_main_dig4_20260911-073559.jpg,9,transition,94.29,reading_est 58976; model saw 9; agree,,,0
night_fill,20260911-164028_dig4,20260911-164028,4,C:\Users\josep\source\repos\AIOTED-digital-rawdigits\20260911\16\9_main_dig4_20260911-164028.jpg,9,transition,95.74,reading_est 58993; model saw 9; agree,,,0
night_fill,20260911-165228_dig4,20260911-165228,4,C:\Users\josep\source\repos\AIOTED-digital-rawdigits\20260911\16\9_main_dig4_20260911-165228.jpg,9,transition,93.91,reading_est 58994; model saw 9; agree,,,0
night_fill,20260911-170028_dig4,20260911-170028,4,C:\Users\josep\source\repos\AIOTED-digital-rawdigits\20260911\17\9_main_dig4_20260911-170028.jpg,9,transition,92.98,reading_est 58994; model saw 9; agree,,,0
night_fill,20260911-171228_dig4,20260911-171228,4,C:\Users\josep\source\repos\AIOTED-digital-rawdigits\20260911\17\9_main_dig4_20260911-171228.jpg,9,transition,91.41,reading_est 58996; model saw 9; agree,,,0
night_fill,20260911-172028_dig4,20260911-172028,4,C:\Users\josep\source\repos\AIOTED-digital-rawdigits\20260911\17\9_main_dig4_20260911-172028.jpg,9,transition,91.19,reading_est 58996; model saw 9; agree,,,0
night_fill,20260911-173228_dig4,20260911-173228,4,C:\Users\josep\source\repos\AIOTED-digital-rawdigits\20260911\17\9_main_dig4_20260911-173228.jpg,9,transition,88.29,reading_est 58996; model saw 9; agree,,,0
night_fill,20260911-174028_dig4,20260911-174028,4,C:\Users\josep\source\repos\AIOTED-digital-rawdigits\20260911\17\9_main_dig4_20260911-174028.jpg,9,transition,85.98,reading_est 58996; model saw 9; agree,,,0
night_fill,20260911-175228_dig4,20260911-175228,4,C:\Users\josep\source\repos\AIOTED-digital-rawdigits\20260911\17\9_main_dig4_20260911-175228.jpg,9,transition,82.97,reading_est 58997; model saw 9; agree_soft,,,0
night_fill,20260911-180028_dig4,20260911-180028,4,C:\Users\josep\source\repos\AIOTED-digital-rawdigits\20260911\18\9_main_dig4_20260911-180028.jpg,9,transition,83.90,reading_est 58997; model saw 9; agree_soft,,,0
night_fill,20260911-181228_dig4,20260911-181228,4,C:\Users\josep\source\repos\AIOTED-digital-rawdigits\20260911\18\9_main_dig4_20260911-181228.jpg,9,transition,82.97,reading_est 58997; model saw 9; agree_soft,,,0
night_fill,20260911-182028_dig4,20260911-182028,4,C:\Users\josep\source\repos\AIOTED-digital-rawdigits\20260911\18\9_main_dig4_20260911-182028.jpg,9,transition,83.03,reading_est 58998; model saw 9; agree_soft,,,0
night_fill,20260911-183228_dig4,20260911-183228,4,C:\Users\josep\source\repos\AIOTED-digital-rawdigits\20260911\18\9_main_dig4_20260911-183228.jpg,9,transition,81.97,reading_est 58998; model saw 9; agree_soft,,,0
night_fill,20260911-184028_dig4,20260911-184028,4,C:\Users\josep\source\repos\AIOTED-digital-rawdigits\20260911\18\9_main_dig4_20260911-184028.jpg,9,transition,82.12,reading_est 58998; model saw 9; agree_soft,,,0
night_fill,20260903-065108_dig5,20260903-065108,5,C:\Users\josep\source\repos\AIOTED-digital-rawdigits\20260903\06\9_main_dig5_20260903-065108.jpg,9,flash,79.86,reading_est 58690; model saw 9; agree,,,0
night_fill,20260920-052928_dig5,20260920-052928,5,C:\Users\josep\source\repos\AIOTED-digital-rawdigits\20260920\05\9_main_dig5_20260920-052928.jpg,9,flash,78.94,reading_est 59196; model saw 9; agree_soft,,,0
night_fill,20260919-224128_dig5,20260919-224128,5,C:\Users\josep\source\repos\AIOTED-digital-rawdigits\20260919\22\9_main_dig5_20260919-224128.jpg,9,flash,78.86,reading_est 59194; model saw 9; agree_soft,,,0
night_fill,20260925-005818_dig5,20260925-005818,5,C:\Users\josep\source\repos\AIOTED-digital-rawdigits\20260925\00\9_main_dig5_20260925-005818.jpg,9,flash,78.12,reading_est 59298; model saw 9; agree,,,0
night_fill,20260831-223333_dig5,20260831-223333,5,C:\Users\josep\source\repos\AIOTED-digital-rawdigits\20260831\22\9_main_dig5_20260831-223333.jpg,9,flash,73.44,reading_est 58593; model saw 9; agree,,,0
night_fill,20260911-185228_dig5,20260911-185228,5,C:\Users\josep\source\repos\AIOTED-digital-rawdigits\20260911\18\9_main_dig5_20260911-185228.jpg,9,flash,80.24,reading_est 58999; model saw 9; agree_soft,,,0
night_fill,20260829-024938_dig5,20260829-024938,5,C:\Users\josep\source\repos\AIOTED-digital-rawdigits\20260829\02\9_main_dig5_20260829-024938.jpg,9,flash,76.17,reading_est 58490; model saw 9; agree_soft,,,0
night_fill,20260924-214618_dig5,20260924-214618,5,C:\Users\josep\source\repos\AIOTED-digital-rawdigits\20260924\21\9_main_dig5_20260924-214618.jpg,9,flash,78.17,reading_est 59297; model saw 9; agree,,,0
night_fill,20260817-214159_dig5,20260817-214159,5,C:\Users\josep\source\repos\AIOTED-digital-rawdigits\20260817\21\9_main_dig5_20260817-214159.jpg,9,flash,76.22,reading_est 58092; model saw 9; agree,,,0
night_fill,20260903-064308_dig5,20260903-064308,5,C:\Users\josep\source\repos\AIOTED-digital-rawdigits\20260903\06\9_main_dig5_20260903-064308.jpg,9,flash,78.26,reading_est 58690; model saw 9; agree,,,0
night_fill,20260920-052128_dig5,20260920-052128,5,C:\Users\josep\source\repos\AIOTED-digital-rawdigits\20260920\05\9_main_dig5_20260920-052128.jpg,9,flash,78.62,reading_est 59196; model saw 9; agree_soft,,,0
night_fill,20260919-224928_dig5,20260919-224928,5,C:\Users\josep\source\repos\AIOTED-digital-rawdigits\20260919\22\9_main_dig5_20260919-224928.jpg,9,flash,78.78,reading_est 59194; model saw 9; agree_soft,,,0
night_fill,20260925-024618_dig5,20260925-024618,5,C:\Users\josep\source\repos\AIOTED-digital-rawdigits\20260925\02\9_main_dig5_20260925-024618.jpg,9,flash,77.74,reading_est 59299; model saw 9; agree_soft,,,0
night_fill,20260831-203333_dig5,20260831-203333,5,C:\Users\josep\source\repos\AIOTED-digital-rawdigits\20260831\20\9_main_dig5_20260831-203333.jpg,9,flash,74.23,reading_est 58590; model saw 9; agree,,,0
night_fill,20260829-050938_dig5,20260829-050938,5,C:\Users\josep\source\repos\AIOTED-digital-rawdigits\20260829\05\9_main_dig5_20260829-050938.jpg,9,flash,75.87,reading_est 58491; model saw 9; agree_soft,,,0
night_fill,20260924-200618_dig5,20260924-200618,5,C:\Users\josep\source\repos\AIOTED-digital-rawdigits\20260924\20\9_main_dig5_20260924-200618.jpg,9,flash,77.17,reading_est 59296; model saw 9; agree,,,0
night_fill,20260817-230159_dig5,20260817-230159,5,C:\Users\josep\source\repos\AIOTED-digital-rawdigits\20260817\23\9_main_dig5_20260817-230159.jpg,9,flash,76.22,reading_est 58094; model saw 9; agree,,,0
night_fill,20260903-065908_dig5,20260903-065908,5,C:\Users\josep\source\repos\AIOTED-digital-rawdigits\20260903\06\9_main_dig5_20260903-065908.jpg,9,flash,79.03,reading_est 58690; model saw 9; agree,,,0
night_fill,20260920-062928_dig5,20260920-062928,5,C:\Users\josep\source\repos\AIOTED-digital-rawdigits\20260920\06\9_main_dig5_20260920-062928.jpg,9,flash,78.17,reading_est 59197; model saw 9; agree_soft,,,0
night_fill,20260919-220128_dig5,20260919-220128,5,C:\Users\josep\source\repos\AIOTED-digital-rawdigits\20260919\22\9_main_dig5_20260919-220128.jpg,9,flash,79.08,reading_est 59191; model saw 9; agree_soft,,,0
night_fill,20260925-013418_dig5,20260925-013418,5,C:\Users\josep\source\repos\AIOTED-digital-rawdigits\20260925\01\9_main_dig5_20260925-013418.jpg,9,flash,78.10,reading_est 59299; model saw 9; agree,,,0
night_fill,20260831-222133_dig5,20260831-222133,5,C:\Users\josep\source\repos\AIOTED-digital-rawdigits\20260831\22\9_main_dig5_20260831-222133.jpg,9,flash,73.78,reading_est 58593; model saw 9; agree,,,0
night_fill,20260829-063738_dig5,20260829-063738,5,C:\Users\josep\source\repos\AIOTED-digital-rawdigits\20260829\06\9_main_dig5_20260829-063738.jpg,9,flash,80.17,reading_est 58493; model saw 9; agree,,,0
night_fill,20260924-235818_dig5,20260924-235818,5,C:\Users\josep\source\repos\AIOTED-digital-rawdigits\20260924\23\9_main_dig5_20260924-235818.jpg,9,flash,77.13,reading_est 59298; model saw 9; agree,,,0
night_fill,20260817-224159_dig5,20260817-224159,5,C:\Users\josep\source\repos\AIOTED-digital-rawdigits\20260817\22\9_main_dig5_20260817-224159.jpg,9,flash,76.62,reading_est 58094; model saw 9; agree,,,0
night_fill,20260903-071108_dig5,20260903-071108,5,C:\Users\josep\source\repos\AIOTED-digital-rawdigits\20260903\07\9_main_dig5_20260903-071108.jpg,9,flash,80.12,reading_est 58690; model saw 9; agree,,,0
night_fill,20260920-040928_dig5,20260920-040928,5,C:\Users\josep\source\repos\AIOTED-digital-rawdigits\20260920\04\9_main_dig5_20260920-040928.jpg,9,flash,78.31,reading_est 59196; model saw 9; agree_soft,,,0
night_fill,20260919-204129_dig5,20260919-204129,5,C:\Users\josep\source\repos\AIOTED-digital-rawdigits\20260919\20\9_main_dig5_20260919-204129.jpg,9,flash,78.84,reading_est 59190; model saw 9; agree_soft,,,0
night_fill,20260925-014618_dig5,20260925-014618,5,C:\Users\josep\source\repos\AIOTED-digital-rawdigits\20260925\01\9_main_dig5_20260925-014618.jpg,9,flash,77.86,reading_est 59299; model saw 9; agree,,,0
night_fill,20260831-210133_dig5,20260831-210133,5,C:\Users\josep\source\repos\AIOTED-digital-rawdigits\20260831\21\9_main_dig5_20260831-210133.jpg,9,flash,74.19,reading_est 58591; model saw 9; agree,,,0
night_fill,20260829-062938_dig5,20260829-062938,5,C:\Users\josep\source\repos\AIOTED-digital-rawdigits\20260829\06\9_main_dig5_20260829-062938.jpg,9,flash,78.83,reading_est 58493; model saw 9; agree,,,0
night_fill,20260924-194618_dig5,20260924-194618,5,C:\Users\josep\source\repos\AIOTED-digital-rawdigits\20260924\19\9_main_dig5_20260924-194618.jpg,9,flash,78.09,reading_est 59296; model saw 9; agree,,,0
night_fill,20260820-172554_dig5,20260820-172554,5,C:\Users\josep\source\repos\AIOTED-digital-rawdigits\20260820\17\9_main_dig5_20260820-172554.jpg,9,transition,95.29,reading_est 58199; model saw 9; agree_soft,,,0
night_fill,20260915-171736_dig5,20260915-171736,5,C:\Users\josep\source\repos\AIOTED-digital-rawdigits\20260915\17\9_main_dig5_20260915-171736.jpg,9,transition,91.77,reading_est 59098; model saw 9; agree_soft,,,0
night_fill,20260903-091108_dig5,20260903-091108,5,C:\Users\josep\source\repos\AIOTED-digital-rawdigits\20260903\09\9_main_dig5_20260903-091108.jpg,9,transition,92.41,reading_est 58692; model saw 9; agree,,,0
night_fill,20260829-081737_dig5,20260829-081737,5,C:\Users\josep\source\repos\AIOTED-digital-rawdigits\20260829\08\9_main_dig5_20260829-081737.jpg,9,transition,87.98,reading_est 58495; model saw 9; agree,,,0
night_fill,20260823-164148_dig5,20260823-164148,5,C:\Users\josep\source\repos\AIOTED-digital-rawdigits\20260823\16\9_main_dig5_20260823-164148.jpg,9,transition,88.97,reading_est 58297; model saw 9; agree,,,0
night_fill,20260911-175228_dig5,20260911-175228,5,C:\Users\josep\source\repos\AIOTED-digital-rawdigits\20260911\17\9_main_dig5_20260911-175228.jpg,9,transition,82.97,reading_est 58997; model saw 9; agree_soft,,,0
night_fill,20260924-173018_dig5,20260924-173018,5,C:\Users\josep\source\repos\AIOTED-digital-rawdigits\20260924\17\9_main_dig5_20260924-173018.jpg,9,transition,86.74,reading_est 59293; model saw 9; agree,,,0
night_fill,20260826-152142_dig5,20260826-152142,5,C:\Users\josep\source\repos\AIOTED-digital-rawdigits\20260826\15\9_main_dig5_20260826-152142.jpg,9,transition,94.22,reading_est 58399; model saw 9; agree,,,0
night_fill,20260920-074928_dig5,20260920-074928,5,C:\Users\josep\source\repos\AIOTED-digital-rawdigits\20260920\07\9_main_dig5_20260920-074928.jpg,9,transition,93.84,reading_est 59198; model saw 9; agree_soft,,,0
night_fill,20260915-173736_dig5,20260915-173736,5,C:\Users\josep\source\repos\AIOTED-digital-rawdigits\20260915\17\9_main_dig5_20260915-173736.jpg,9,transition,88.06,reading_est 59098; model saw 9; agree_soft,,,0
night_fill,20260903-083108_dig5,20260903-083108,5,C:\Users\josep\source\repos\AIOTED-digital-rawdigits\20260903\08\9_main_dig5_20260903-083108.jpg,9,transition,83.18,reading_est 58692; model saw 9; agree,,,0
night_fill,20260829-085737_dig5,20260829-085737,5,C:\Users\josep\source\repos\AIOTED-digital-rawdigits\20260829\08\9_main_dig5_20260829-085737.jpg,9,transition,92.98,reading_est 58496; model saw 9; agree,,,0
night_fill,20260823-170148_dig5,20260823-170148,5,C:\Users\josep\source\repos\AIOTED-digital-rawdigits\20260823\17\9_main_dig5_20260823-170148.jpg,9,transition,85.97,reading_est 58299; model saw 9; agree,,,0
night_fill,20260911-165228_dig5,20260911-165228,5,C:\Users\josep\source\repos\AIOTED-digital-rawdigits\20260911\16\9_main_dig5_20260911-165228.jpg,9,transition,93.91,reading_est 58994; model saw 9; agree,,,0
night_fill,20260924-175818_dig5,20260924-175818,5,C:\Users\josep\source\repos\AIOTED-digital-rawdigits\20260924\17\9_main_dig5_20260924-175818.jpg,9,transition,83.97,reading_est 59293; model saw 9; agree,,,0
night_fill,20260920-073728_dig5,20260920-073728,5,C:\Users\josep\source\repos\AIOTED-digital-rawdigits\20260920\07\9_main_dig5_20260920-073728.jpg,9,transition,88.97,reading_est 59198; model saw 9; agree_soft,,,0
night_fill,20260915-172536_dig5,20260915-172536,5,C:\Users\josep\source\repos\AIOTED-digital-rawdigits\20260915\17\9_main_dig5_20260915-172536.jpg,9,transition,90.41,reading_est 59098; model saw 9; agree_soft,,,0
night_fill,20260903-091908_dig5,20260903-091908,5,C:\Users\josep\source\repos\AIOTED-digital-rawdigits\20260903\09\9_main_dig5_20260903-091908.jpg,9,transition,92.90,reading_est 58693; model saw 9; agree,,,0
night_fill,20260829-114537_dig5,20260829-114537,5,C:\Users\josep\source\repos\AIOTED-digital-rawdigits\20260829\11\9_main_dig5_20260829-114537.jpg,9,transition,94.92,reading_est 58499; model saw 9; agree,,,0
night_fill,20260823-172148_dig5,20260823-172148,5,C:\Users\josep\source\repos\AIOTED-digital-rawdigits\20260823\17\9_main_dig5_20260823-172148.jpg,9,transition,95.03,reading_est 58299; model saw 9; agree_soft,,,0
night_fill,20260911-172028_dig5,20260911-172028,5,C:\Users\josep\source\repos\AIOTED-digital-rawdigits\20260911\17\9_main_dig5_20260911-172028.jpg,9,transition,91.19,reading_est 58996; model saw 9; agree,,,0
night_fill,20260924-163819_dig5,20260924-163819,5,C:\Users\josep\source\repos\AIOTED-digital-rawdigits\20260924\16\9_main_dig5_20260924-163819.jpg,9,transition,90.77,reading_est 59292; model saw 9; agree,,,0
night_fill,20260903-081908_dig5,20260903-081908,5,C:\Users\josep\source\repos\AIOTED-digital-rawdigits\20260903\08\9_main_dig5_20260903-081908.jpg,9,transition,85.70,reading_est 58692; model saw 9; agree,,,0
night_fill,20260829-104537_dig5,20260829-104537,5,C:\Users\josep\source\repos\AIOTED-digital-rawdigits\20260829\10\9_main_dig5_20260829-104537.jpg,9,transition,85.97,reading_est 58498; model saw 9; agree,,,0
night_fill,20260911-170028_dig5,20260911-170028,5,C:\Users\josep\source\repos\AIOTED-digital-rawdigits\20260911\17\9_main_dig5_20260911-170028.jpg,9,transition,92.98,reading_est 58994; model saw 9; agree,,,0
night_fill,20260924-172619_dig5,20260924-172619,5,C:\Users\josep\source\repos\AIOTED-digital-rawdigits\20260924\17\9_main_dig5_20260924-172619.jpg,9,transition,86.12,reading_est 59292; model saw 9; agree,,,0
night_fill,20260903-075108_dig5,20260903-075108,5,C:\Users\josep\source\repos\AIOTED-digital-rawdigits\20260903\07\9_main_dig5_20260903-075108.jpg,9,transition,88.90,reading_est 58691; model saw 9; agree,,,0
night_fill,20260829-094537_dig5,20260829-094537,5,C:\Users\josep\source\repos\AIOTED-digital-rawdigits\20260829\09\9_main_dig5_20260829-094537.jpg,9,transition,92.90,reading_est 58497; model saw 9; agree,,,0
night_fill,20260925-070617_dig6,20260925-070617,6,C:\Users\josep\source\repos\AIOTED-digital-rawdigits\20260925\07\3_main_dig6_20260925-070617.jpg,3,flash,78.86,reading_est 59303; model saw 3; agree_soft,,,0
night_fill,20260920-235327_dig6,20260920-235327,6,C:\Users\josep\source\repos\AIOTED-digital-rawdigits\20260920\23\3_main_dig6_20260920-235327.jpg,3,flash,77.87,reading_est 59213; model saw 3; agree_soft,,,0
night_fill,20260822-194550_dig6,20260822-194550,6,C:\Users\josep\source\repos\AIOTED-digital-rawdigits\20260822\19\3_main_dig6_20260822-194550.jpg,3,flash,76.22,reading_est 58273; model saw 3; agree,,,0
night_fill,20260911-211228_dig6,20260911-211228,6,C:\Users\josep\source\repos\AIOTED-digital-rawdigits\20260911\21\3_main_dig6_20260911-211228.jpg,3,flash,77.94,reading_est 59003; model saw 3; agree_soft,,,0
night_fill,20260830-191735_dig6,20260830-191735,6,C:\Users\josep\source\repos\AIOTED-digital-rawdigits\20260830\19\3_main_dig6_20260830-191735.jpg,3,flash,77.26,reading_est 58543; model saw 3; agree_soft,,,0
night_fill,20260903-011108_dig6,20260903-011108,6,C:\Users\josep\source\repos\AIOTED-digital-rawdigits\20260903\01\3_main_dig6_20260903-011108.jpg,3,flash,74.15,reading_est 58683; model saw 3; agree_soft,,,0
night_fill,20260913-185739_dig6,20260913-185739,6,C:\Users\josep\source\repos\AIOTED-digital-rawdigits\20260913\18\3_main_dig6_20260913-185739.jpg,3,flash,79.16,reading_est 59053; model saw 3; agree_soft,,,0
night_fill,20260816-223001_dig6,20260816-223001,6,C:\Users\josep\source\repos\AIOTED-digital-rawdigits\20260816\22\3_main_dig6_20260816-223001.jpg,3,flash,76.82,reading_est 58053; model saw 3; agree_soft,,,0
night_fill,20260817-220159_dig6,20260817-220159,6,C:\Users\josep\source\repos\AIOTED-digital-rawdigits\20260817\22\3_main_dig6_20260817-220159.jpg,3,flash,76.85,reading_est 58093; model saw 3; agree_soft,,,0
night_fill,20260905-012258_dig6,20260905-012258,6,C:\Users\josep\source\repos\AIOTED-digital-rawdigits\20260905\01\3_main_dig6_20260905-012258.jpg,3,flash,76.82,reading_est 58763; model saw 3; agree,,,0
night_fill,20260827-004942_dig6,20260827-004942,6,C:\Users\josep\source\repos\AIOTED-digital-rawdigits\20260827\00\3_main_dig6_20260827-004942.jpg,3,flash,75.87,reading_est 58413; model saw 3; agree,,,0
night_fill,20260821-050553_dig6,20260821-050553,6,C:\Users\josep\source\repos\AIOTED-digital-rawdigits\20260821\05\3_main_dig6_20260821-050553.jpg,3,flash,76.87,reading_est 58213; model saw 3; agree,,,0
night_fill,20260815-193403_dig6,20260815-193403,6,C:\Users\josep\source\repos\AIOTED-digital-rawdigits\20260815\19\3_main_dig6_20260815-193403.jpg,3,flash,76.96,reading_est 58013; model saw 3; agree,,,0
night_fill,20260910-184800_dig6,20260910-184800,6,C:\Users\josep\source\repos\AIOTED-digital-rawdigits\20260910\18\3_main_dig6_20260910-184800.jpg,3,flash,79.81,reading_est 58963; model saw 3; agree_soft,,,0
night_fill,20260824-045747_dig6,20260824-045747,6,C:\Users\josep\source\repos\AIOTED-digital-rawdigits\20260824\04\3_main_dig6_20260824-045747.jpg,3,flash,77.23,reading_est 58313; model saw 3; agree,,,0
night_fill,20260831-222133_dig6,20260831-222133,6,C:\Users\josep\source\repos\AIOTED-digital-rawdigits\20260831\22\3_main_dig6_20260831-222133.jpg,3,flash,73.78,reading_est 58593; model saw 3; agree_soft,,,0
night_fill,20260919-024530_dig6,20260919-024530,6,C:\Users\josep\source\repos\AIOTED-digital-rawdigits\20260919\02\3_main_dig6_20260919-024530.jpg,3,flash,77.87,reading_est 59173; model saw 3; agree_soft,,,0
night_fill,20260829-062938_dig6,20260829-062938,6,C:\Users\josep\source\repos\AIOTED-digital-rawdigits\20260829\06\3_main_dig6_20260829-062938.jpg,3,flash,78.83,reading_est 58493; model saw 3; agree,,,0
night_fill,20260820-020155_dig6,20260820-020155,6,C:\Users\josep\source\repos\AIOTED-digital-rawdigits\20260820\02\3_main_dig6_20260820-020155.jpg,3,flash,77.94,reading_est 58173; model saw 3; agree,,,0
night_fill,20260904-185459_dig6,20260904-185459,6,C:\Users\josep\source\repos\AIOTED-digital-rawdigits\20260904\18\3_main_dig6_20260904-185459.jpg,3,flash,80.31,reading_est 58753; model saw 3; agree_soft,,,0
night_fill,20260917-064533_dig6,20260917-064533,6,C:\Users\josep\source\repos\AIOTED-digital-rawdigits\20260917\06\3_main_dig6_20260917-064533.jpg,3,flash,78.17,reading_est 59133; model saw 3; agree_soft,,,0
night_fill,20260828-192939_dig6,20260828-192939,6,C:\Users\josep\source\repos\AIOTED-digital-rawdigits\20260828\19\3_main_dig6_20260828-192939.jpg,3,flash,75.13,reading_est 58483; model saw 3; agree,,,0
night_fill,20260930-052238_dig6,20260930-052238,6,C:\Users\josep\source\repos\AIOTED-digital-rawdigits\20260930\05\3_main_dig6_20260930-052238.jpg,3,flash,77.78,reading_est 59403; model saw 3; agree_soft,,,0
night_fill,20260921-184925_dig6,20260921-184925,6,C:\Users\josep\source\repos\AIOTED-digital-rawdigits\20260921\18\3_main_dig6_20260921-184925.jpg,3,flash,78.87,reading_est 59233; model saw 3; agree_soft,,,0
night_fill,20260902-184309_dig6,20260902-184309,6,C:\Users\josep\source\repos\AIOTED-digital-rawdigits\20260902\18\3_main_dig6_20260902-184309.jpg,3,flash,79.86,reading_est 58673; model saw 3; agree_soft,,,0
night_fill,20260922-190523_dig6,20260922-190523,6,C:\Users\josep\source\repos\AIOTED-digital-rawdigits\20260922\19\3_main_dig6_20260922-190523.jpg,3,flash,78.17,reading_est 59253; model saw 3; agree_soft,,,0
night_fill,20260925-071417_dig6,20260925-071417,6,C:\Users\josep\source\repos\AIOTED-digital-rawdigits\20260925\07\3_main_dig6_20260925-071417.jpg,3,flash,79.90,reading_est 59303; model saw 3; agree_soft,,,0
night_fill,20260920-230527_dig6,20260920-230527,6,C:\Users\josep\source\repos\AIOTED-digital-rawdigits\20260920\23\3_main_dig6_20260920-230527.jpg,3,flash,77.87,reading_est 59213; model saw 3; agree_soft,,,0
night_fill,20260822-022951_dig6,20260822-022951,6,C:\Users\josep\source\repos\AIOTED-digital-rawdigits\20260822\02\3_main_dig6_20260822-022951.jpg,3,flash,76.87,reading_est 58243; model saw 3; agree,,,0
night_fill,20260911-050800_dig6,20260911-050800,6,C:\Users\josep\source\repos\AIOTED-digital-rawdigits\20260911\05\3_main_dig6_20260911-050800.jpg,3,flash,77.17,reading_est 58973; model saw 3; agree_soft,,,0
night_fill,20260830-022136_dig6,20260830-022136,6,C:\Users\josep\source\repos\AIOTED-digital-rawdigits\20260830\02\3_main_dig6_20260830-022136.jpg,3,flash,75.09,reading_est 58513; model saw 3; agree_soft,,,0
night_fill,20260903-003108_dig6,20260903-003108,6,C:\Users\josep\source\repos\AIOTED-digital-rawdigits\20260903\00\3_main_dig6_20260903-003108.jpg,3,flash,74.77,reading_est 58683; model saw 3; agree,,,0
night_fill,20260817-171359_dig6,20260817-171359,6,C:\Users\josep\source\repos\AIOTED-digital-rawdigits\20260817\17\3_main_dig6_20260817-171359.jpg,3,transition,89.98,reading_est 58083; model saw 3; agree,,,0
night_fill,20260924-173818_dig6,20260924-173818,6,C:\Users\josep\source\repos\AIOTED-digital-rawdigits\20260924\17\3_main_dig6_20260924-173818.jpg,3,transition,85.97,reading_est 59293; model saw 3; agree,,,0
night_fill,20260821-172152_dig6,20260821-172152,6,C:\Users\josep\source\repos\AIOTED-digital-rawdigits\20260821\17\3_main_dig6_20260821-172152.jpg,3,transition,82.12,reading_est 58233; model saw 3; agree,,,0
night_fill,20260820-184553_dig6,20260820-184553,6,C:\Users\josep\source\repos\AIOTED-digital-rawdigits\20260820\18\3_main_dig6_20260820-184553.jpg,3,transition,81.25,reading_est 58203; model saw 3; agree,,,0
night_fill,20260905-092258_dig6,20260905-092258,6,C:\Users\josep\source\repos\AIOTED-digital-rawdigits\20260905\09\3_main_dig6_20260905-092258.jpg,3,transition,86.98,reading_est 58773; model saw 3; agree,,,0
night_fill,20260826-070543_dig6,20260826-070543,6,C:\Users\josep\source\repos\AIOTED-digital-rawdigits\20260826\07\3_main_dig6_20260826-070543.jpg,3,transition,86.00,reading_est 58383; model saw 3; agree,,,0
night_fill,20260913-182939_dig6,20260913-182939,6,C:\Users\josep\source\repos\AIOTED-digital-rawdigits\20260913\18\3_main_dig6_20260913-182939.jpg,3,transition,81.93,reading_est 59053; model saw 3; agree_soft,,,0
night_fill,20260816-165001_dig6,20260816-165001,6,C:\Users\josep\source\repos\AIOTED-digital-rawdigits\20260816\16\3_main_dig6_20260816-165001.jpg,3,transition,92.98,reading_est 58043; model saw 3; agree,,,0
night_fill,20260919-140529_dig6,20260919-140529,6,C:\Users\josep\source\repos\AIOTED-digital-rawdigits\20260919\14\3_main_dig6_20260919-140529.jpg,3,transition,87.93,reading_est 59183; model saw 3; agree_soft,,,0
night_fill,20260910-071918_dig6,20260910-071918,6,C:\Users\josep\source\repos\AIOTED-digital-rawdigits\20260910\07\3_main_dig6_20260910-071918.jpg,3,transition,84.19,reading_est 58943; model saw 3; agree,,,0
night_fill,20260907-065924_dig6,20260907-065924,6,C:\Users\josep\source\repos\AIOTED-digital-rawdigits\20260907\06\3_main_dig6_20260907-065924.jpg,3,transition,82.20,reading_est 58833; model saw 3; agree_soft,,,0
night_fill,20260829-064938_dig6,20260829-064938,6,C:\Users\josep\source\repos\AIOTED-digital-rawdigits\20260829\06\3_main_dig6_20260829-064938.jpg,3,transition,82.97,reading_est 58493; model saw 3; agree,,,0
night_fill,20260922-183323_dig6,20260922-183323,6,C:\Users\josep\source\repos\AIOTED-digital-rawdigits\20260922\18\3_main_dig6_20260922-183323.jpg,3,transition,81.74,reading_est 59253; model saw 3; agree_soft,,,0
night_fill,20260902-100310_dig6,20260902-100310,6,C:\Users\josep\source\repos\AIOTED-digital-rawdigits\20260902\10\3_main_dig6_20260902-100310.jpg,3,transition,82.97,reading_est 58653; model saw 3; agree,,,0
night_fill,20260911-164028_dig6,20260911-164028,6,C:\Users\josep\source\repos\AIOTED-digital-rawdigits\20260911\16\3_main_dig6_20260911-164028.jpg,3,transition,95.74,reading_est 58993; model saw 3; agree_soft,,,0
night_fill,20260914-163338_dig6,20260914-163338,6,C:\Users\josep\source\repos\AIOTED-digital-rawdigits\20260914\16\3_main_dig6_20260914-163338.jpg,3,transition,92.77,reading_est 59073; model saw 3; agree,,,0
night_fill,20260831-175333_dig6,20260831-175333,6,C:\Users\josep\source\repos\AIOTED-digital-rawdigits\20260831\17\3_main_dig6_20260831-175333.jpg,3,transition,83.69,reading_est 58583; model saw 3; agree_soft,,,0
night_fill,20260917-160532_dig6,20260917-160532,6,C:\Users\josep\source\repos\AIOTED-digital-rawdigits\20260917\16\3_main_dig6_20260917-160532.jpg,3,transition,92.90,reading_est 59143; model saw 3; agree,,,0
night_fill,20260903-095107_dig6,20260903-095107,6,C:\Users\josep\source\repos\AIOTED-digital-rawdigits\20260903\09\3_main_dig6_20260903-095107.jpg,3,transition,91.77,reading_est 58693; model saw 3; agree,,,0
night_fill,20260823-185748_dig6,20260823-185748,6,C:\Users\josep\source\repos\AIOTED-digital-rawdigits\20260823\18\3_main_dig6_20260823-185748.jpg,3,transition,81.97,reading_est 58303; model saw 3; agree_soft,,,0
night_fill,20260819-181355_dig6,20260819-181355,6,C:\Users\josep\source\repos\AIOTED-digital-rawdigits\20260819\18\3_main_dig6_20260819-181355.jpg,3,transition,85.16,reading_est 58163; model saw 3; agree,,,0
night_fill,20260904-184259_dig6,20260904-184259,6,C:\Users\josep\source\repos\AIOTED-digital-rawdigits\20260904\18\3_main_dig6_20260904-184259.jpg,3,transition,81.97,reading_est 58753; model saw 3; agree,,,0
night_fill,20260925-073417_dig6,20260925-073417,6,C:\Users\josep\source\repos\AIOTED-digital-rawdigits\20260925\07\3_main_dig6_20260925-073417.jpg,3,transition,81.25,reading_est 59303; model saw 3; agree_soft,,,0
night_fill,20260824-184146_dig6,20260824-184146,6,C:\Users\josep\source\repos\AIOTED-digital-rawdigits\20260824\18\3_main_dig6_20260824-184146.jpg,3,transition,83.97,reading_est 58333; model saw 3; agree,,,0
night_fill,20260827-184541_dig6,20260827-184541,6,C:\Users\josep\source\repos\AIOTED-digital-rawdigits\20260827\18\3_main_dig6_20260827-184541.jpg,3,transition,81.25,reading_est 58443; model saw 3; agree,,,0
night_fill,20260908-165121_dig6,20260908-165121,6,C:\Users\josep\source\repos\AIOTED-digital-rawdigits\20260908\16\3_main_dig6_20260908-165121.jpg,3,transition,91.97,reading_est 58883; model saw 3; agree_soft,,,0
night_fill,20260817-172559_dig6,20260817-172559,6,C:\Users\josep\source\repos\AIOTED-digital-rawdigits\20260817\17\3_main_dig6_20260817-172559.jpg,3,transition,89.94,reading_est 58083; model saw 3; agree_soft,,,0
night_fill,20260924-175818_dig6,20260924-175818,6,C:\Users\josep\source\repos\AIOTED-digital-rawdigits\20260924\17\3_main_dig6_20260924-175818.jpg,3,transition,83.97,reading_est 59293; model saw 3; agree_soft,,,0
night_fill,20260821-174152_dig6,20260821-174152,6,C:\Users\josep\source\repos\AIOTED-digital-rawdigits\20260821\17\3_main_dig6_20260821-174152.jpg,3,transition,85.97,reading_est 58233; model saw 3; agree,,,0
night_fill,20260820-183753_dig6,20260820-183753,6,C:\Users\josep\source\repos\AIOTED-digital-rawdigits\20260820\18\3_main_dig6_20260820-183753.jpg,3,transition,82.25,reading_est 58203; model saw 3; agree,,,0
night_fill,20260905-093058_dig6,20260905-093058,6,C:\Users\josep\source\repos\AIOTED-digital-rawdigits\20260905\09\3_main_dig6_20260905-093058.jpg,3,transition,91.77,reading_est 58773; model saw 3; agree,,,0
night_fill,20260826-173342_dig6,20260826-173342,6,C:\Users\josep\source\repos\AIOTED-digital-rawdigits\20260826\17\3_main_dig6_20260826-173342.jpg,3,transition,92.81,reading_est 58403; model saw 3; agree,,,0
night_fill,20260913-183739_dig6,20260913-183739,6,C:\Users\josep\source\repos\AIOTED-digital-rawdigits\20260913\18\3_main_dig6_20260913-183739.jpg,3,transition,81.90,reading_est 59053; model saw 3; agree_soft,,,0
night_fill,20260816-170201_dig6,20260816-170201,6,C:\Users\josep\source\repos\AIOTED-digital-rawdigits\20260816\17\3_main_dig6_20260816-170201.jpg,3,transition,92.03,reading_est 58043; model saw 3; agree_soft,,,0
night_fill,20260919-143329_dig6,20260919-143329,6,C:\Users\josep\source\repos\AIOTED-digital-rawdigits\20260919\14\3_main_dig6_20260919-143329.jpg,3,transition,87.90,reading_est 59183; model saw 3; agree_soft,,,0
night_fill,20260910-073118_dig6,20260910-073118,6,C:\Users\josep\source\repos\AIOTED-digital-rawdigits\20260910\07\3_main_dig6_20260910-073118.jpg,3,transition,93.74,reading_est 58943; model saw 3; agree_soft,,,0
night_fill,20260907-070724_dig6,20260907-070724,6,C:\Users\josep\source\repos\AIOTED-digital-rawdigits\20260907\07\3_main_dig6_20260907-070724.jpg,3,transition,83.90,reading_est 58833; model saw 3; agree_soft,,,0
night_fill,20260829-065738_dig6,20260829-065738,6,C:\Users\josep\source\repos\AIOTED-digital-rawdigits\20260829\06\3_main_dig6_20260829-065738.jpg,3,transition,84.13,reading_est 58493; model saw 3; agree_soft,,,0
night_fill,20260922-181323_dig6,20260922-181323,6,C:\Users\josep\source\repos\AIOTED-digital-rawdigits\20260922\18\3_main_dig6_20260922-181323.jpg,3,transition,82.97,reading_est 59253; model saw 3; agree_soft,,,0
night_fill,20260902-094310_dig6,20260902-094310,6,C:\Users\josep\source\repos\AIOTED-digital-rawdigits\20260902\09\3_main_dig6_20260902-094310.jpg,3,transition,92.77,reading_est 58653; model saw 3; agree,,,0
night_fill,20260914-165338_dig6,20260914-165338,6,C:\Users\josep\source\repos\AIOTED-digital-rawdigits\20260914\16\3_main_dig6_20260914-165338.jpg,3,transition,83.94,reading_est 59073; model saw 3; agree,,,0
night_fill,20260904-192658_dig6,20260904-192658,6,C:\Users\josep\source\repos\AIOTED-digital-rawdigits\20260904\19\5_main_dig6_20260904-192658.jpg,5,flash,77.07,reading_est 58755; model saw 5; agree,,,0
night_fill,20260831-235333_dig6,20260831-235333,6,C:\Users\josep\source\repos\AIOTED-digital-rawdigits\20260831\23\5_main_dig6_20260831-235333.jpg,5,flash,73.91,reading_est 58595; model saw 5; agree_soft,,,0
night_fill,20260822-040951_dig6,20260822-040951,6,C:\Users\josep\source\repos\AIOTED-digital-rawdigits\20260822\04\5_main_dig6_20260822-040951.jpg,5,flash,76.23,reading_est 58245; model saw 5; agree,,,0
night_fill,20260930-072237_dig6,20260930-072237,6,C:\Users\josep\source\repos\AIOTED-digital-rawdigits\20260930\07\5_main_dig6_20260930-072237.jpg,5,flash,78.10,reading_est 59405; model saw 5; agree_soft,,,0
night_fill,20260829-174537_dig6,20260829-174537,6,C:\Users\josep\source\repos\AIOTED-digital-rawdigits\20260829\17\5_main_dig6_20260829-174537.jpg,5,flash,79.17,reading_est 58505; model saw 5; agree,,,0
night_fill,20260830-044136_dig6,20260830-044136,6,C:\Users\josep\source\repos\AIOTED-digital-rawdigits\20260830\04\5_main_dig6_20260830-044136.jpg,5,flash,75.78,reading_est 58515; model saw 5; agree,,,0
night_fill,20260824-193346_dig6,20260824-193346,6,C:\Users\josep\source\repos\AIOTED-digital-rawdigits\20260824\19\5_main_dig6_20260824-193346.jpg,5,flash,77.93,reading_est 58335; model saw 5; agree,,,0
night_fill,20260827-035742_dig6,20260827-035742,6,C:\Users\josep\source\repos\AIOTED-digital-rawdigits\20260827\03\5_main_dig6_20260827-035742.jpg,5,flash,74.87,reading_est 58415; model saw 5; agree,,,0
night_fill,20260903-025108_dig6,20260903-025108,6,C:\Users\josep\source\repos\AIOTED-digital-rawdigits\20260903\02\5_main_dig6_20260903-025108.jpg,5,flash,74.17,reading_est 58685; model saw 5; agree_soft,,,0
night_fill,20260921-214925_dig6,20260921-214925,6,C:\Users\josep\source\repos\AIOTED-digital-rawdigits\20260921\21\5_main_dig6_20260921-214925.jpg,5,flash,77.87,reading_est 59235; model saw 5; agree_soft,,,0
night_fill,20260817-005801_dig6,20260817-005801,6,C:\Users\josep\source\repos\AIOTED-digital-rawdigits\20260817\00\5_main_dig6_20260817-005801.jpg,5,flash,76.91,reading_est 58055; model saw 5; agree_soft,,,0
night_fill,20260926-065016_dig6,20260926-065016,6,C:\Users\josep\source\repos\AIOTED-digital-rawdigits\20260926\06\5_main_dig6_20260926-065016.jpg,5,flash,79.17,reading_est 59325; model saw 5; agree_soft,,,0
night_fill,20260816-064202_dig6,20260816-064202,6,C:\Users\josep\source\repos\AIOTED-digital-rawdigits\20260816\06\5_main_dig6_20260816-064202.jpg,5,flash,78.90,reading_est 58025; model saw 5; agree,,,0
night_fill,20260821-070553_dig6,20260821-070553,6,C:\Users\josep\source\repos\AIOTED-digital-rawdigits\20260821\07\5_main_dig6_20260821-070553.jpg,5,flash,77.94,reading_est 58215; model saw 5; agree_soft,,,0
night_fill,20260902-191509_dig6,20260902-191509,6,C:\Users\josep\source\repos\AIOTED-digital-rawdigits\20260902\19\5_main_dig6_20260902-191509.jpg,5,flash,76.87,reading_est 58675; model saw 5; agree_soft,,,0
night_fill,20260819-191355_dig6,20260819-191355,6,C:\Users\josep\source\repos\AIOTED-digital-rawdigits\20260819\19\5_main_dig6_20260819-191355.jpg,5,flash,80.26,reading_est 58165; model saw 5; agree_soft,,,0
night_fill,20260820-193753_dig6,20260820-193753,6,C:\Users\josep\source\repos\AIOTED-digital-rawdigits\20260820\19\5_main_dig6_20260820-193753.jpg,5,flash,76.94,reading_est 58205; model saw 5; agree,,,0
night_fill,20260920-032928_dig6,20260920-032928,6,C:\Users\josep\source\repos\AIOTED-digital-rawdigits\20260920\03\5_main_dig6_20260920-032928.jpg,5,flash,78.81,reading_est 59195; model saw 5; agree_soft,,,0
night_fill,20260828-063340_dig6,20260828-063340,6,C:\Users\josep\source\repos\AIOTED-digital-rawdigits\20260828\06\5_main_dig6_20260828-063340.jpg,5,flash,78.86,reading_est 58455; model saw 5; agree,,,0
night_fill,20260823-193748_dig6,20260823-193748,6,C:\Users\josep\source\repos\AIOTED-digital-rawdigits\20260823\19\5_main_dig6_20260823-193748.jpg,5,flash,77.17,reading_est 58305; model saw 5; agree_soft,,,0
night_fill,20260905-033058_dig6,20260905-033058,6,C:\Users\josep\source\repos\AIOTED-digital-rawdigits\20260905\03\5_main_dig6_20260905-033058.jpg,5,flash,77.84,reading_est 58765; model saw 5; agree,,,0
night_fill,20260904-042706_dig6,20260904-042706,6,C:\Users\josep\source\repos\AIOTED-digital-rawdigits\20260904\04\5_main_dig6_20260904-042706.jpg,5,flash,74.86,reading_est 58725; model saw 5; agree_soft,,,0
night_fill,20260831-233333_dig6,20260831-233333,6,C:\Users\josep\source\repos\AIOTED-digital-rawdigits\20260831\23\5_main_dig6_20260831-233333.jpg,5,flash,73.83,reading_est 58595; model saw 5; agree_soft,,,0
night_fill,20260822-044951_dig6,20260822-044951,6,C:\Users\josep\source\repos\AIOTED-digital-rawdigits\20260822\04\5_main_dig6_20260822-044951.jpg,5,flash,76.82,reading_est 58245; model saw 5; agree,,,0
night_fill,20260829-171337_dig6,20260829-171337,6,C:\Users\josep\source\repos\AIOTED-digital-rawdigits\20260829\17\5_main_dig6_20260829-171337.jpg,5,flash,80.96,reading_est 58505; model saw 5; agree,,,0
night_fill,20260830-035336_dig6,20260830-035336,6,C:\Users\josep\source\repos\AIOTED-digital-rawdigits\20260830\03\5_main_dig6_20260830-035336.jpg,5,flash,75.00,reading_est 58515; model saw 5; agree,,,0
night_fill,20260824-194146_dig6,20260824-194146,6,C:\Users\josep\source\repos\AIOTED-digital-rawdigits\20260824\19\5_main_dig6_20260824-194146.jpg,5,flash,76.94,reading_est 58335; model saw 5; agree,,,0
night_fill,20260827-192540_dig6,20260827-192540,6,C:\Users\josep\source\repos\AIOTED-digital-rawdigits\20260827\19\5_main_dig6_20260827-192540.jpg,5,flash,76.94,reading_est 58445; model saw 5; agree,,,0
night_fill,20260817-005001_dig6,20260817-005001,6,C:\Users\josep\source\repos\AIOTED-digital-rawdigits\20260817\00\5_main_dig6_20260817-005001.jpg,5,flash,77.00,reading_est 58055; model saw 5; agree,,,0
night_fill,20260816-235801_dig6,20260816-235801,6,C:\Users\josep\source\repos\AIOTED-digital-rawdigits\20260816\23\5_main_dig6_20260816-235801.jpg,5,flash,77.10,reading_est 58055; model saw 5; agree,,,0
night_fill,20260821-063353_dig6,20260821-063353,6,C:\Users\josep\source\repos\AIOTED-digital-rawdigits\20260821\06\5_main_dig6_20260821-063353.jpg,5,flash,77.93,reading_est 58215; model saw 5; agree,,,0
night_fill,20260902-010531_dig6,20260902-010531,6,C:\Users\josep\source\repos\AIOTED-digital-rawdigits\20260902\01\5_main_dig6_20260902-010531.jpg,5,flash,74.06,reading_est 58645; model saw 5; agree_soft,,,0
night_fill,20260908-183921_dig3,20260908-183921,3,C:\Users\josep\source\repos\AIOTED-digital-rawdigits\20260908\18\8_main_dig3_20260908-183921.jpg,8,flash,80.09,reading_est 58897; model saw 8; agree,,,0
night_fill,20260903-071108_dig3,20260903-071108,3,C:\Users\josep\source\repos\AIOTED-digital-rawdigits\20260903\07\8_main_dig3_20260903-071108.jpg,8,flash,80.12,reading_est 58690; model saw 8; agree,,,0
night_fill,20260826-040544_dig3,20260826-040544,3,C:\Users\josep\source\repos\AIOTED-digital-rawdigits\20260826\04\8_main_dig3_20260826-040544.jpg,8,flash,76.76,reading_est 58380; model saw 8; agree,,,0
night_fill,20260827-040142_dig3,20260827-040142,3,C:\Users\josep\source\repos\AIOTED-digital-rawdigits\20260827\04\8_main_dig3_20260827-040142.jpg,8,flash,75.22,reading_est 58415; model saw 8; agree,,,0
night_fill,20260906-195924_dig3,20260906-195924,3,C:\Users\josep\source\repos\AIOTED-digital-rawdigits\20260906\19\8_main_dig3_20260906-195924.jpg,8,flash,78.00,reading_est 58826; model saw 8; agree,,,0
night_fill,20260830-194935_dig3,20260830-194935,3,C:\Users\josep\source\repos\AIOTED-digital-rawdigits\20260830\19\8_main_dig3_20260830-194935.jpg,8,flash,74.81,reading_est 58544; model saw 8; agree,,,0
night_fill,20260910-003118_dig3,20260910-003118,3,C:\Users\josep\source\repos\AIOTED-digital-rawdigits\20260910\00\8_main_dig3_20260910-003118.jpg,8,flash,77.00,reading_est 58937; model saw 8; agree,,,0
night_fill,20260905-192657_dig3,20260905-192657,3,C:\Users\josep\source\repos\AIOTED-digital-rawdigits\20260905\19\8_main_dig3_20260905-192657.jpg,8,flash,78.17,reading_est 58798; model saw 8; agree,,,0
night_fill,20260819-224155_dig3,20260819-224155,3,C:\Users\josep\source\repos\AIOTED-digital-rawdigits\20260819\22\8_main_dig3_20260819-224155.jpg,8,flash,77.16,reading_est 58170; model saw 8; agree,,,0
night_fill,20260831-012534_dig3,20260831-012534,3,C:\Users\josep\source\repos\AIOTED-digital-rawdigits\20260831\01\8_main_dig3_20260831-012534.jpg,8,flash,75.00,reading_est 58549; model saw 8; agree,,,0
night_fill,20260904-034706_dig3,20260904-034706,3,C:\Users\josep\source\repos\AIOTED-digital-rawdigits\20260904\03\8_main_dig3_20260904-034706.jpg,8,flash,75.12,reading_est 58723; model saw 8; agree,,,0
night_fill,20260828-062140_dig3,20260828-062140,3,C:\Users\josep\source\repos\AIOTED-digital-rawdigits\20260828\06\8_main_dig3_20260828-062140.jpg,8,flash,76.94,reading_est 58454; model saw 8; agree,,,0
night_fill,20260821-093352_dig3,20260821-093352,3,C:\Users\josep\source\repos\AIOTED-digital-rawdigits\20260821\09\8_main_dig3_20260821-093352.jpg,8,flash,80.90,reading_est 58219; model saw 8; agree,,,0
night_fill,20260823-214948_dig3,20260823-214948,3,C:\Users\josep\source\repos\AIOTED-digital-rawdigits\20260823\21\8_main_dig3_20260823-214948.jpg,8,flash,76.87,reading_est 58309; model saw 8; agree,,,0
night_fill,20260822-053751_dig3,20260822-053751,3,C:\Users\josep\source\repos\AIOTED-digital-rawdigits\20260822\05\8_main_dig3_20260822-053751.jpg,8,flash,77.93,reading_est 58245; model saw 8; agree,,,0
night_fill,20260829-050938_dig3,20260829-050938,3,C:\Users\josep\source\repos\AIOTED-digital-rawdigits\20260829\05\8_main_dig3_20260829-050938.jpg,8,flash,75.87,reading_est 58491; model saw 8; agree,,,0
night_fill,20260815-183403_dig3,20260815-183403,3,C:\Users\josep\source\repos\AIOTED-digital-rawdigits\20260815\18\8_main_dig3_20260815-183403.jpg,8,flash,80.97,reading_est 58011; model saw 8; agree,,,0
night_fill,20260907-235522_dig3,20260907-235522,3,C:\Users\josep\source\repos\AIOTED-digital-rawdigits\20260907\23\8_main_dig3_20260907-235522.jpg,8,flash,77.17,reading_est 58866; model saw 8; agree,,,0
night_fill,20260817-031000_dig3,20260817-031000,3,C:\Users\josep\source\repos\AIOTED-digital-rawdigits\20260817\03\8_main_dig3_20260817-031000.jpg,8,flash,76.12,reading_est 58057; model saw 8; agree,,,0
night_fill,20260816-221801_dig3,20260816-221801,3,C:\Users\josep\source\repos\AIOTED-digital-rawdigits\20260816\22\8_main_dig3_20260816-221801.jpg,8,flash,77.10,reading_est 58052; model saw 8; agree,,,0
night_fill,20260911-051600_dig3,20260911-051600,3,C:\Users\josep\source\repos\AIOTED-digital-rawdigits\20260911\05\8_main_dig3_20260911-051600.jpg,8,flash,77.22,reading_est 58973; model saw 8; agree,,,0
night_fill,20260824-054547_dig3,20260824-054547,3,C:\Users\josep\source\repos\AIOTED-digital-rawdigits\20260824\05\8_main_dig3_20260824-054547.jpg,8,flash,77.86,reading_est 58313; model saw 8; agree,,,0
night_fill,20260820-185753_dig3,20260820-185753,3,C:\Users\josep\source\repos\AIOTED-digital-rawdigits\20260820\18\8_main_dig3_20260820-185753.jpg,8,flash,79.90,reading_est 58203; model saw 8; agree,,,0
night_fill,20260902-223508_dig3,20260902-223508,3,C:\Users\josep\source\repos\AIOTED-digital-rawdigits\20260902\22\8_main_dig3_20260902-223508.jpg,8,flash,74.29,reading_est 58681; model saw 8; agree,,,0
night_fill,20260908-025522_dig3,20260908-025522,3,C:\Users\josep\source\repos\AIOTED-digital-rawdigits\20260908\02\8_main_dig3_20260908-025522.jpg,8,flash,77.71,reading_est 58867; model saw 8; agree,,,0
night_fill,20260903-043108_dig3,20260903-043108,3,C:\Users\josep\source\repos\AIOTED-digital-rawdigits\20260903\04\8_main_dig3_20260903-043108.jpg,8,flash,74.29,reading_est 58686; model saw 8; agree,,,0
night_fill,20260826-200942_dig3,20260826-200942,3,C:\Users\josep\source\repos\AIOTED-digital-rawdigits\20260826\20\8_main_dig3_20260826-200942.jpg,8,flash,74.22,reading_est 58409; model saw 8; agree,,,0
night_fill,20260827-205740_dig3,20260827-205740,3,C:\Users\josep\source\repos\AIOTED-digital-rawdigits\20260827\20\8_main_dig3_20260827-205740.jpg,8,flash,74.17,reading_est 58449; model saw 8; agree,,,0
night_fill,20260906-235924_dig3,20260906-235924,3,C:\Users\josep\source\repos\AIOTED-digital-rawdigits\20260906\23\8_main_dig3_20260906-235924.jpg,8,flash,77.86,reading_est 58828; model saw 8; agree,,,0
night_fill,20260830-183735_dig3,20260830-183735,3,C:\Users\josep\source\repos\AIOTED-digital-rawdigits\20260830\18\8_main_dig3_20260830-183735.jpg,8,flash,80.96,reading_est 58542; model saw 8; agree,,,0
night_fill,20260910-214000_dig3,20260910-214000,3,C:\Users\josep\source\repos\AIOTED-digital-rawdigits\20260910\21\8_main_dig3_20260910-214000.jpg,8,flash,77.81,reading_est 58967; model saw 8; agree,,,0
night_fill,20260905-065058_dig3,20260905-065058,3,C:\Users\josep\source\repos\AIOTED-digital-rawdigits\20260905\06\8_main_dig3_20260905-065058.jpg,8,flash,78.84,reading_est 58769; model saw 8; agree,,,0
night_fill,20260819-234155_dig3,20260819-234155,3,C:\Users\josep\source\repos\AIOTED-digital-rawdigits\20260819\23\8_main_dig3_20260819-234155.jpg,8,flash,77.86,reading_est 58171; model saw 8; agree,,,0
night_fill,20260831-203333_dig3,20260831-203333,3,C:\Users\josep\source\repos\AIOTED-digital-rawdigits\20260831\20\8_main_dig3_20260831-203333.jpg,8,flash,74.23,reading_est 58590; model saw 8; agree,,,0
night_fill,20260904-063506_dig3,20260904-063506,3,C:\Users\josep\source\repos\AIOTED-digital-rawdigits\20260904\06\8_main_dig3_20260904-063506.jpg,8,flash,75.83,reading_est 58726; model saw 8; agree,,,0
night_fill,20260828-194939_dig3,20260828-194939,3,C:\Users\josep\source\repos\AIOTED-digital-rawdigits\20260828\19\8_main_dig3_20260828-194939.jpg,8,flash,74.13,reading_est 58484; model saw 8; agree,,,0
night_fill,20260821-020553_dig3,20260821-020553,3,C:\Users\josep\source\repos\AIOTED-digital-rawdigits\20260821\02\8_main_dig3_20260821-020553.jpg,8,flash,76.29,reading_est 58211; model saw 8; agree,,,0
night_fill,20260823-202948_dig3,20260823-202948,3,C:\Users\josep\source\repos\AIOTED-digital-rawdigits\20260823\20\8_main_dig3_20260823-202948.jpg,8,flash,77.10,reading_est 58306; model saw 8; agree,,,0
night_fill,20260822-013751_dig3,20260822-013751,3,C:\Users\josep\source\repos\AIOTED-digital-rawdigits\20260822\01\8_main_dig3_20260822-013751.jpg,8,flash,76.17,reading_est 58242; model saw 8; agree,,,0
night_fill,20260829-202537_dig3,20260829-202537,3,C:\Users\josep\source\repos\AIOTED-digital-rawdigits\20260829\20\8_main_dig3_20260829-202537.jpg,8,flash,75.13,reading_est 58509; model saw 8; agree,,,0
night_fill,20260815-203403_dig3,20260815-203403,3,C:\Users\josep\source\repos\AIOTED-digital-rawdigits\20260815\20\8_main_dig3_20260815-203403.jpg,8,flash,75.91,reading_est 58016; model saw 8; agree,,,0
night_fill,20260907-011124_dig3,20260907-011124,3,C:\Users\josep\source\repos\AIOTED-digital-rawdigits\20260907\01\8_main_dig3_20260907-011124.jpg,8,flash,76.93,reading_est 58829; model saw 8; agree,,,0
night_fill,20260817-235359_dig3,20260817-235359,3,C:\Users\josep\source\repos\AIOTED-digital-rawdigits\20260817\23\8_main_dig3_20260817-235359.jpg,8,flash,76.09,reading_est 58094; model saw 8; agree,,,0
night_fill,20260816-064202_dig3,20260816-064202,3,C:\Users\josep\source\repos\AIOTED-digital-rawdigits\20260816\06\8_main_dig3_20260816-064202.jpg,8,flash,78.90,reading_est 58025; model saw 8; agree,,,0
night_fill,20260911-022800_dig3,20260911-022800,3,C:\Users\josep\source\repos\AIOTED-digital-rawdigits\20260911\02\8_main_dig3_20260911-022800.jpg,8,flash,77.86,reading_est 58971; model saw 8; agree,,,0
night_fill,20260824-044547_dig3,20260824-044547,3,C:\Users\josep\source\repos\AIOTED-digital-rawdigits\20260824\04\8_main_dig3_20260824-044547.jpg,8,flash,77.86,reading_est 58312; model saw 8; agree,,,0
night_fill,20260820-002155_dig3,20260820-002155,3,C:\Users\josep\source\repos\AIOTED-digital-rawdigits\20260820\00\8_main_dig3_20260820-002155.jpg,8,flash,76.87,reading_est 58171; model saw 8; agree,,,0
night_fill,20260902-074710_dig3,20260902-074710,3,C:\Users\josep\source\repos\AIOTED-digital-rawdigits\20260902\07\8_main_dig3_20260902-074710.jpg,8,flash,80.97,reading_est 58650; model saw 8; agree,,,0
night_fill,20260908-065122_dig3,20260908-065122,3,C:\Users\josep\source\repos\AIOTED-digital-rawdigits\20260908\06\8_main_dig3_20260908-065122.jpg,8,flash,78.94,reading_est 58870; model saw 8; agree,,,0
night_fill,20260903-012308_dig3,20260903-012308,3,C:\Users\josep\source\repos\AIOTED-digital-rawdigits\20260903\01\8_main_dig3_20260903-012308.jpg,8,flash,74.37,reading_est 58683; model saw 8; agree,,,0
night_fill,20260826-000544_dig3,20260826-000544,3,C:\Users\josep\source\repos\AIOTED-digital-rawdigits\20260826\00\8_main_dig3_20260826-000544.jpg,8,flash,76.00,reading_est 58376; model saw 8; agree,,,0
night_fill,20260827-212540_dig3,20260827-212540,3,C:\Users\josep\source\repos\AIOTED-digital-rawdigits\20260827\21\8_main_dig3_20260827-212540.jpg,8,flash,75.87,reading_est 58449; model saw 8; agree,,,0
night_fill,20260906-063456_dig3,20260906-063456,3,C:\Users\josep\source\repos\AIOTED-digital-rawdigits\20260906\06\8_main_dig3_20260906-063456.jpg,8,flash,79.12,reading_est 58800; model saw 8; agree,,,0
night_fill,20260830-215735_dig3,20260830-215735,3,C:\Users\josep\source\repos\AIOTED-digital-rawdigits\20260830\21\8_main_dig3_20260830-215735.jpg,8,flash,75.13,reading_est 58546; model saw 8; agree,,,0
night_fill,20260910-053918_dig3,20260910-053918,3,C:\Users\josep\source\repos\AIOTED-digital-rawdigits\20260910\05\8_main_dig3_20260910-053918.jpg,8,flash,77.86,reading_est 58941; model saw 8; agree,,,0
night_fill,20260905-235857_dig3,20260905-235857,3,C:\Users\josep\source\repos\AIOTED-digital-rawdigits\20260905\23\8_main_dig3_20260905-235857.jpg,8,flash,78.17,reading_est 58798; model saw 8; agree,,,0
night_fill,20260819-191355_dig3,20260819-191355,3,C:\Users\josep\source\repos\AIOTED-digital-rawdigits\20260819\19\8_main_dig3_20260819-191355.jpg,8,flash,80.26,reading_est 58165; model saw 8; agree,,,0
night_fill,20260831-065734_dig3,20260831-065734,3,C:\Users\josep\source\repos\AIOTED-digital-rawdigits\20260831\06\8_main_dig3_20260831-065734.jpg,8,flash,80.93,reading_est 58554; model saw 8; agree,,,0
night_fill,20260904-203458_dig3,20260904-203458,3,C:\Users\josep\source\repos\AIOTED-digital-rawdigits\20260904\20\8_main_dig3_20260904-203458.jpg,8,flash,76.87,reading_est 58758; model saw 8; agree,,,0
night_fill,20260828-061340_dig3,20260828-061340,3,C:\Users\josep\source\repos\AIOTED-digital-rawdigits\20260828\06\8_main_dig3_20260828-061340.jpg,8,flash,76.17,reading_est 58454; model saw 8; agree,,,0
night_fill,20260821-060553_dig3,20260821-060553,3,C:\Users\josep\source\repos\AIOTED-digital-rawdigits\20260821\06\8_main_dig3_20260821-060553.jpg,8,flash,76.94,reading_est 58214; model saw 8; agree,,,0
night_fill,20260823-014149_dig3,20260823-014149,3,C:\Users\josep\source\repos\AIOTED-digital-rawdigits\20260823\01\8_main_dig3_20260823-014149.jpg,8,flash,76.62,reading_est 58277; model saw 8; agree,,,0
night_fill,20260822-211350_dig3,20260822-211350,3,C:\Users\josep\source\repos\AIOTED-digital-rawdigits\20260822\21\8_main_dig3_20260822-211350.jpg,8,flash,76.17,reading_est 58274; model saw 8; agree,,,0
night_fill,20260829-194537_dig3,20260829-194537,3,C:\Users\josep\source\repos\AIOTED-digital-rawdigits\20260829\19\8_main_dig3_20260829-194537.jpg,8,flash,74.82,reading_est 58509; model saw 8; agree,,,0
night_fill,20260815-223403_dig3,20260815-223403,3,C:\Users\josep\source\repos\AIOTED-digital-rawdigits\20260815\22\8_main_dig3_20260815-223403.jpg,8,flash,75.09,reading_est 58016; model saw 8; agree,,,0
night_fill,20260907-021124_dig3,20260907-021124,3,C:\Users\josep\source\repos\AIOTED-digital-rawdigits\20260907\02\8_main_dig3_20260907-021124.jpg,8,flash,78.10,reading_est 58830; model saw 8; agree,,,0
night_fill,20260817-035800_dig3,20260817-035800,3,C:\Users\josep\source\repos\AIOTED-digital-rawdigits\20260817\03\8_main_dig3_20260817-035800.jpg,8,flash,76.17,reading_est 58057; model saw 8; agree,,,0
night_fill,20260816-024602_dig3,20260816-024602,3,C:\Users\josep\source\repos\AIOTED-digital-rawdigits\20260816\02\8_main_dig3_20260816-024602.jpg,8,flash,75.12,reading_est 58020; model saw 8; agree,,,0
night_fill,20260911-040800_dig3,20260911-040800,3,C:\Users\josep\source\repos\AIOTED-digital-rawdigits\20260911\04\8_main_dig3_20260911-040800.jpg,8,flash,77.22,reading_est 58972; model saw 8; agree,,,0
night_fill,20260824-225346_dig3,20260824-225346,3,C:\Users\josep\source\repos\AIOTED-digital-rawdigits\20260824\22\8_main_dig3_20260824-225346.jpg,8,flash,75.87,reading_est 58339; model saw 8; agree,,,0
night_fill,20260820-214553_dig3,20260820-214553,3,C:\Users\josep\source\repos\AIOTED-digital-rawdigits\20260820\21\8_main_dig3_20260820-214553.jpg,8,flash,76.94,reading_est 58209; model saw 8; agree,,,0
night_fill,20260902-024531_dig3,20260902-024531,3,C:\Users\josep\source\repos\AIOTED-digital-rawdigits\20260902\02\8_main_dig3_20260902-024531.jpg,8,flash,75.17,reading_est 58646; model saw 8; agree,,,0
night_fill,20260908-232721_dig3,20260908-232721,3,C:\Users\josep\source\repos\AIOTED-digital-rawdigits\20260908\23\8_main_dig3_20260908-232721.jpg,8,flash,77.17,reading_est 58897; model saw 8; agree,,,0
night_fill,20260903-192707_dig3,20260903-192707,3,C:\Users\josep\source\repos\AIOTED-digital-rawdigits\20260903\19\8_main_dig3_20260903-192707.jpg,8,flash,76.23,reading_est 58713; model saw 8; agree,,,0
night_fill,20260826-200142_dig3,20260826-200142,3,C:\Users\josep\source\repos\AIOTED-digital-rawdigits\20260826\20\8_main_dig3_20260826-200142.jpg,8,flash,75.00,reading_est 58409; model saw 8; agree,,,0
night_fill,20260827-214540_dig3,20260827-214540,3,C:\Users\josep\source\repos\AIOTED-digital-rawdigits\20260827\21\8_main_dig3_20260827-214540.jpg,8,flash,76.08,reading_est 58449; model saw 8; agree,,,0
night_fill,20260906-221124_dig3,20260906-221124,3,C:\Users\josep\source\repos\AIOTED-digital-rawdigits\20260906\22\8_main_dig3_20260906-221124.jpg,8,flash,77.85,reading_est 58827; model saw 8; agree,,,0
night_fill,20260830-045336_dig3,20260830-045336,3,C:\Users\josep\source\repos\AIOTED-digital-rawdigits\20260830\04\8_main_dig3_20260830-045336.jpg,8,flash,75.08,reading_est 58515; model saw 8; agree,,,0
night_fill,20260910-012318_dig3,20260910-012318,3,C:\Users\josep\source\repos\AIOTED-digital-rawdigits\20260910\01\8_main_dig3_20260910-012318.jpg,8,flash,78.16,reading_est 58938; model saw 8; agree,,,0
night_fill,20260905-224657_dig3,20260905-224657,3,C:\Users\josep\source\repos\AIOTED-digital-rawdigits\20260905\22\8_main_dig3_20260905-224657.jpg,8,flash,78.17,reading_est 58798; model saw 8; agree,,,0
night_fill,20260819-042556_dig3,20260819-042556,3,C:\Users\josep\source\repos\AIOTED-digital-rawdigits\20260819\04\8_main_dig3_20260819-042556.jpg,8,flash,77.76,reading_est 58136; model saw 8; agree,,,0
night_fill,20260831-183333_dig3,20260831-183333,3,C:\Users\josep\source\repos\AIOTED-digital-rawdigits\20260831\18\8_main_dig3_20260831-183333.jpg,8,flash,79.25,reading_est 58586; model saw 8; agree,,,0
night_fill,20260904-014706_dig3,20260904-014706,3,C:\Users\josep\source\repos\AIOTED-digital-rawdigits\20260904\01\8_main_dig3_20260904-014706.jpg,8,flash,76.86,reading_est 58721; model saw 8; agree,,,0
night_fill,20260828-222938_dig3,20260828-222938,3,C:\Users\josep\source\repos\AIOTED-digital-rawdigits\20260828\22\8_main_dig3_20260828-222938.jpg,8,flash,74.82,reading_est 58487; model saw 8; agree,,,0
night_fill,20260821-062553_dig3,20260821-062553,3,C:\Users\josep\source\repos\AIOTED-digital-rawdigits\20260821\06\8_main_dig3_20260821-062553.jpg,8,flash,77.90,reading_est 58215; model saw 8; agree,,,0
night_fill,20260823-235747_dig3,20260823-235747,3,C:\Users\josep\source\repos\AIOTED-digital-rawdigits\20260823\23\8_main_dig3_20260823-235747.jpg,8,flash,77.93,reading_est 58309; model saw 8; agree,,,0
night_fill,20260822-003751_dig3,20260822-003751,3,C:\Users\josep\source\repos\AIOTED-digital-rawdigits\20260822\00\8_main_dig3_20260822-003751.jpg,8,flash,76.82,reading_est 58242; model saw 8; agree,,,0
night_fill,20260822-182550_dig3,20260822-182550,3,C:\Users\josep\source\repos\AIOTED-digital-rawdigits\20260822\18\8_main_dig3_20260822-182550.jpg,8,transition,89.06,reading_est 58270; model saw 8; agree,,,0
night_fill,20260826-175342_dig3,20260826-175342,3,C:\Users\josep\source\repos\AIOTED-digital-rawdigits\20260826\17\8_main_dig3_20260826-175342.jpg,8,transition,84.26,reading_est 58404; model saw 8; agree,,,0
night_fill,20260823-183748_dig3,20260823-183748,3,C:\Users\josep\source\repos\AIOTED-digital-rawdigits\20260823\18\8_main_dig3_20260823-183748.jpg,8,transition,83.12,reading_est 58302; model saw 8; agree,,,0
night_fill,20260831-180133_dig3,20260831-180133,3,C:\Users\josep\source\repos\AIOTED-digital-rawdigits\20260831\18\8_main_dig3_20260831-180133.jpg,8,transition,81.90,reading_est 58584; model saw 8; agree,,,0
night_fill,20260816-165001_dig3,20260816-165001,3,C:\Users\josep\source\repos\AIOTED-digital-rawdigits\20260816\16\8_main_dig3_20260816-165001.jpg,8,transition,92.98,reading_est 58043; model saw 8; agree,,,0
night_fill,20260830-070136_dig3,20260830-070136,3,C:\Users\josep\source\repos\AIOTED-digital-rawdigits\20260830\07\8_main_dig3_20260830-070136.jpg,8,transition,83.98,reading_est 58517; model saw 8; agree,,,0
night_fill,20260907-072724_dig3,20260907-072724,3,C:\Users\josep\source\repos\AIOTED-digital-rawdigits\20260907\07\8_main_dig3_20260907-072724.jpg,8,transition,91.00,reading_est 58834; model saw 8; agree,,,0
night_fill,20260903-183907_dig3,20260903-183907,3,C:\Users\josep\source\repos\AIOTED-digital-rawdigits\20260903\18\8_main_dig3_20260903-183907.jpg,8,transition,82.12,reading_est 58711; model saw 8; agree,,,0
night_fill,20260906-171125_dig3,20260906-171125,3,C:\Users\josep\source\repos\AIOTED-digital-rawdigits\20260906\17\8_main_dig3_20260906-171125.jpg,8,transition,94.97,reading_est 58818; model saw 8; agree,,,0
night_fill,20260817-171359_dig3,20260817-171359,3,C:\Users\josep\source\repos\AIOTED-digital-rawdigits\20260817\17\8_main_dig3_20260817-171359.jpg,8,transition,89.98,reading_est 58083; model saw 8; agree,,,0
night_fill,20260902-172309_dig3,20260902-172309,3,C:\Users\josep\source\repos\AIOTED-digital-rawdigits\20260902\17\8_main_dig3_20260902-172309.jpg,8,transition,89.80,reading_est 58669; model saw 8; agree,,,0
night_fill,20260828-071340_dig3,20260828-071340,3,C:\Users\josep\source\repos\AIOTED-digital-rawdigits\20260828\07\8_main_dig3_20260828-071340.jpg,8,transition,87.29,reading_est 58455; model saw 8; agree,,,0
night_fill,20260827-070941_dig3,20260827-070941,3,C:\Users\josep\source\repos\AIOTED-digital-rawdigits\20260827\07\8_main_dig3_20260827-070941.jpg,8,transition,86.97,reading_est 58418; model saw 8; agree,,,0
night_fill,20260911-175228_dig3,20260911-175228,3,C:\Users\josep\source\repos\AIOTED-digital-rawdigits\20260911\17\8_main_dig3_20260911-175228.jpg,8,transition,82.97,reading_est 58997; model saw 8; agree_soft,,,0
night_fill,20260815-175403_dig3,20260815-175403,3,C:\Users\josep\source\repos\AIOTED-digital-rawdigits\20260815\17\8_main_dig3_20260815-175403.jpg,8,transition,92.70,reading_est 58009; model saw 8; agree,,,0
night_fill,20260821-172952_dig3,20260821-172952,3,C:\Users\josep\source\repos\AIOTED-digital-rawdigits\20260821\17\8_main_dig3_20260821-172952.jpg,8,transition,82.25,reading_est 58233; model saw 8; agree,,,0
night_fill,20260904-180659_dig3,20260904-180659,3,C:\Users\josep\source\repos\AIOTED-digital-rawdigits\20260904\18\8_main_dig3_20260904-180659.jpg,8,transition,86.26,reading_est 58751; model saw 8; agree,,,0
night_fill,20260910-181201_dig3,20260910-181201,3,C:\Users\josep\source\repos\AIOTED-digital-rawdigits\20260910\18\8_main_dig3_20260910-181201.jpg,8,transition,82.18,reading_est 58962; model saw 8; agree,,,0
night_fill,20260819-171355_dig3,20260819-171355,3,C:\Users\josep\source\repos\AIOTED-digital-rawdigits\20260819\17\8_main_dig3_20260819-171355.jpg,8,transition,95.26,reading_est 58161; model saw 8; agree,,,0
night_fill,20260908-082322_dig3,20260908-082322,3,C:\Users\josep\source\repos\AIOTED-digital-rawdigits\20260908\08\8_main_dig3_20260908-082322.jpg,8,transition,92.02,reading_est 58872; model saw 8; agree,,,0
night_fill,20260905-075058_dig3,20260905-075058,3,C:\Users\josep\source\repos\AIOTED-digital-rawdigits\20260905\07\8_main_dig3_20260905-075058.jpg,8,transition,81.94,reading_est 58771; model saw 8; agree,,,0
night_fill,20260824-070547_dig3,20260824-070547,3,C:\Users\josep\source\repos\AIOTED-digital-rawdigits\20260824\07\8_main_dig3_20260824-070547.jpg,8,transition,89.00,reading_est 58315; model saw 8; agree,,,0
night_fill,20260820-173754_dig3,20260820-173754,3,C:\Users\josep\source\repos\AIOTED-digital-rawdigits\20260820\17\8_main_dig3_20260820-173754.jpg,8,transition,89.69,reading_est 58200; model saw 8; agree,,,0
night_fill,20260829-150537_dig3,20260829-150537,3,C:\Users\josep\source\repos\AIOTED-digital-rawdigits\20260829\15\8_main_dig3_20260829-150537.jpg,8,transition,86.06,reading_est 58503; model saw 8; agree,,,0
night_fill,20260822-070951_dig3,20260822-070951,3,C:\Users\josep\source\repos\AIOTED-digital-rawdigits\20260822\07\8_main_dig3_20260822-070951.jpg,8,transition,92.19,reading_est 58247; model saw 8; agree,,,0
night_fill,20260826-072543_dig3,20260826-072543,3,C:\Users\josep\source\repos\AIOTED-digital-rawdigits\20260826\07\8_main_dig3_20260826-072543.jpg,8,transition,95.24,reading_est 58383; model saw 8; agree,,,0
night_fill,20260823-185748_dig3,20260823-185748,3,C:\Users\josep\source\repos\AIOTED-digital-rawdigits\20260823\18\8_main_dig3_20260823-185748.jpg,8,transition,81.97,reading_est 58303; model saw 8; agree,,,0
night_fill,20260831-073734_dig3,20260831-073734,3,C:\Users\josep\source\repos\AIOTED-digital-rawdigits\20260831\07\8_main_dig3_20260831-073734.jpg,8,transition,95.77,reading_est 58556; model saw 8; agree,,,0
night_fill,20260816-065402_dig3,20260816-065402,3,C:\Users\josep\source\repos\AIOTED-digital-rawdigits\20260816\06\8_main_dig3_20260816-065402.jpg,8,transition,81.16,reading_est 58025; model saw 8; agree,,,0
night_fill,20260830-180935_dig3,20260830-180935,3,C:\Users\josep\source\repos\AIOTED-digital-rawdigits\20260830\18\8_main_dig3_20260830-180935.jpg,8,transition,95.90,reading_est 58541; model saw 8; agree,,,0
night_fill,20260907-064724_dig3,20260907-064724,3,C:\Users\josep\source\repos\AIOTED-digital-rawdigits\20260907\06\8_main_dig3_20260907-064724.jpg,8,transition,81.12,reading_est 58832; model saw 8; agree,,,0
night_fill,20260903-173907_dig3,20260903-173907,3,C:\Users\josep\source\repos\AIOTED-digital-rawdigits\20260903\17\8_main_dig3_20260903-173907.jpg,8,transition,95.97,reading_est 58708; model saw 8; agree,,,0
night_fill,20260906-181125_dig3,20260906-181125,3,C:\Users\josep\source\repos\AIOTED-digital-rawdigits\20260906\18\8_main_dig3_20260906-181125.jpg,8,transition,81.93,reading_est 58821; model saw 8; agree,,,0
night_fill,20260817-151359_dig3,20260817-151359,3,C:\Users\josep\source\repos\AIOTED-digital-rawdigits\20260817\15\8_main_dig3_20260817-151359.jpg,8,transition,94.26,reading_est 58076; model saw 8; agree,,,0
night_fill,20260902-083510_dig3,20260902-083510,3,C:\Users\josep\source\repos\AIOTED-digital-rawdigits\20260902\08\8_main_dig3_20260902-083510.jpg,8,transition,83.84,reading_est 58651; model saw 8; agree,,,0
night_fill,20260828-180939_dig3,20260828-180939,3,C:\Users\josep\source\repos\AIOTED-digital-rawdigits\20260828\18\8_main_dig3_20260828-180939.jpg,8,transition,83.25,reading_est 58479; model saw 8; agree,,,0
night_fill,20260827-174541_dig3,20260827-174541,3,C:\Users\josep\source\repos\AIOTED-digital-rawdigits\20260827\17\8_main_dig3_20260827-174541.jpg,8,transition,85.69,reading_est 58440; model saw 8; agree,,,0
night_fill,20260911-065600_dig3,20260911-065600,3,C:\Users\josep\source\repos\AIOTED-digital-rawdigits\20260911\06\8_main_dig3_20260911-065600.jpg,8,transition,81.41,reading_est 58976; model saw 8; agree,,,0
night_fill,20260815-180603_dig3,20260815-180603,3,C:\Users\josep\source\repos\AIOTED-digital-rawdigits\20260815\18\8_main_dig3_20260815-180603.jpg,8,transition,89.96,reading_est 58010; model saw 8; agree,,,0
night_fill,20260821-184152_dig3,20260821-184152,3,C:\Users\josep\source\repos\AIOTED-digital-rawdigits\20260821\18\8_main_dig3_20260821-184152.jpg,8,transition,95.97,reading_est 58235; model saw 8; agree,,,0
night_fill,20260904-184259_dig3,20260904-184259,3,C:\Users\josep\source\repos\AIOTED-digital-rawdigits\20260904\18\8_main_dig3_20260904-184259.jpg,8,transition,81.97,reading_est 58753; model saw 8; agree,,,0
night_fill,20260910-065918_dig3,20260910-065918,3,C:\Users\josep\source\repos\AIOTED-digital-rawdigits\20260910\06\8_main_dig3_20260910-065918.jpg,8,transition,81.90,reading_est 58942; model saw 8; agree,,,0
night_fill,20260819-185355_dig3,20260819-185355,3,C:\Users\josep\source\repos\AIOTED-digital-rawdigits\20260819\18\8_main_dig3_20260819-185355.jpg,8,transition,82.25,reading_est 58165; model saw 8; agree,,,0
night_fill,20260908-111121_dig3,20260908-111121,3,C:\Users\josep\source\repos\AIOTED-digital-rawdigits\20260908\11\8_main_dig3_20260908-111121.jpg,8,transition,95.76,reading_est 58876; model saw 8; agree,,,0
night_fill,20260905-155057_dig3,20260905-155057,3,C:\Users\josep\source\repos\AIOTED-digital-rawdigits\20260905\15\8_main_dig3_20260905-155057.jpg,8,transition,88.29,reading_est 58784; model saw 8; agree,,,0
night_fill,20260930-073437_dig4,20260930-073437,4,C:\Users\josep\source\repos\AIOTED-digital-rawdigits\20260930\07\4_main_dig4_20260930-073437.jpg,4,flash,79.00,reading_est 59406; model saw 4; agree,,,0
night_fill,20260828-002540_dig4,20260828-002540,4,C:\Users\josep\source\repos\AIOTED-digital-rawdigits\20260828\00\4_main_dig4_20260828-002540.jpg,4,flash,75.22,reading_est 58450; model saw 4; agree,,,0
night_fill,20260826-220942_dig4,20260826-220942,4,C:\Users\josep\source\repos\AIOTED-digital-rawdigits\20260826\22\4_main_dig4_20260826-220942.jpg,4,flash,75.09,reading_est 58411; model saw 4; agree,,,0
night_fill,20260829-001738_dig4,20260829-001738,4,C:\Users\josep\source\repos\AIOTED-digital-rawdigits\20260829\00\4_main_dig4_20260829-001738.jpg,4,flash,75.10,reading_est 58489; model saw 4; agree,,,0
night_fill,20260827-014142_dig4,20260827-014142,4,C:\Users\josep\source\repos\AIOTED-digital-rawdigits\20260827\01\4_main_dig4_20260827-014142.jpg,4,flash,75.29,reading_est 58413; model saw 4; agree,,,0
night_fill,20260930-051438_dig4,20260930-051438,4,C:\Users\josep\source\repos\AIOTED-digital-rawdigits\20260930\05\4_main_dig4_20260930-051438.jpg,4,flash,77.87,reading_est 59403; model saw 4; agree,,,0
night_fill,20260828-010540_dig4,20260828-010540,4,C:\Users\josep\source\repos\AIOTED-digital-rawdigits\20260828\01\4_main_dig4_20260828-010540.jpg,4,flash,75.10,reading_est 58450; model saw 4; agree,,,0
night_fill,20260826-192142_dig4,20260826-192142,4,C:\Users\josep\source\repos\AIOTED-digital-rawdigits\20260826\19\4_main_dig4_20260826-192142.jpg,4,flash,77.10,reading_est 58407; model saw 4; agree,,,0
night_fill,20260829-062938_dig4,20260829-062938,4,C:\Users\josep\source\repos\AIOTED-digital-rawdigits\20260829\06\4_main_dig4_20260829-062938.jpg,4,flash,78.83,reading_est 58493; model saw 4; agree,,,0
night_fill,20260827-222540_dig4,20260827-222540,4,C:\Users\josep\source\repos\AIOTED-digital-rawdigits\20260827\22\4_main_dig4_20260827-222540.jpg,4,flash,75.86,reading_est 58449; model saw 4; agree,,,0
night_fill,20260930-014638_dig4,20260930-014638,4,C:\Users\josep\source\repos\AIOTED-digital-rawdigits\20260930\01\4_main_dig4_20260930-014638.jpg,4,flash,77.86,reading_est 59401; model saw 4; agree,,,0
night_fill,20260828-042540_dig4,20260828-042540,4,C:\Users\josep\source\repos\AIOTED-digital-rawdigits\20260828\04\4_main_dig4_20260828-042540.jpg,4,flash,75.12,reading_est 58453; model saw 4; agree,,,0
night_fill,20260826-232942_dig4,20260826-232942,4,C:\Users\josep\source\repos\AIOTED-digital-rawdigits\20260826\23\4_main_dig4_20260826-232942.jpg,4,flash,76.10,reading_est 58412; model saw 4; agree,,,0
night_fill,20260829-060938_dig4,20260829-060938,4,C:\Users\josep\source\repos\AIOTED-digital-rawdigits\20260829\06\4_main_dig4_20260829-060938.jpg,4,flash,76.96,reading_est 58493; model saw 4; agree,,,0
night_fill,20260827-215340_dig4,20260827-215340,4,C:\Users\josep\source\repos\AIOTED-digital-rawdigits\20260827\21\4_main_dig4_20260827-215340.jpg,4,flash,76.00,reading_est 58449; model saw 4; agree,,,0
night_fill,20260930-064237_dig4,20260930-064237,4,C:\Users\josep\source\repos\AIOTED-digital-rawdigits\20260930\06\4_main_dig4_20260930-064237.jpg,4,flash,77.86,reading_est 59404; model saw 4; agree,,,0
night_fill,20260828-015340_dig4,20260828-015340,4,C:\Users\josep\source\repos\AIOTED-digital-rawdigits\20260828\01\4_main_dig4_20260828-015340.jpg,4,flash,75.29,reading_est 58451; model saw 4; agree,,,0
night_fill,20260826-202942_dig4,20260826-202942,4,C:\Users\josep\source\repos\AIOTED-digital-rawdigits\20260826\20\4_main_dig4_20260826-202942.jpg,4,flash,75.87,reading_est 58409; model saw 4; agree,,,0
night_fill,20260829-023738_dig4,20260829-023738,4,C:\Users\josep\source\repos\AIOTED-digital-rawdigits\20260829\02\4_main_dig4_20260829-023738.jpg,4,flash,74.22,reading_est 58489; model saw 4; agree,,,0
night_fill,20260827-201740_dig4,20260827-201740,4,C:\Users\josep\source\repos\AIOTED-digital-rawdigits\20260827\20\4_main_dig4_20260827-201740.jpg,4,flash,74.87,reading_est 58447; model saw 4; agree,,,0
night_fill,20260930-024238_dig4,20260930-024238,4,C:\Users\josep\source\repos\AIOTED-digital-rawdigits\20260930\02\4_main_dig4_20260930-024238.jpg,4,flash,77.86,reading_est 59402; model saw 4; agree,,,0
night_fill,20260828-052540_dig4,20260828-052540,4,C:\Users\josep\source\repos\AIOTED-digital-rawdigits\20260828\05\4_main_dig4_20260828-052540.jpg,4,flash,75.86,reading_est 58454; model saw 4; agree,,,0
night_fill,20260826-201342_dig4,20260826-201342,4,C:\Users\josep\source\repos\AIOTED-digital-rawdigits\20260826\20\4_main_dig4_20260826-201342.jpg,4,flash,74.29,reading_est 58409; model saw 4; agree,,,0
night_fill,20260829-045738_dig4,20260829-045738,4,C:\Users\josep\source\repos\AIOTED-digital-rawdigits\20260829\04\4_main_dig4_20260829-045738.jpg,4,flash,75.22,reading_est 58491; model saw 4; agree,,,0
night_fill,20260827-050942_dig4,20260827-050942,4,C:\Users\josep\source\repos\AIOTED-digital-rawdigits\20260827\05\4_main_dig4_20260827-050942.jpg,4,flash,75.87,reading_est 58416; model saw 4; agree,,,0
night_fill,20260930-022238_dig4,20260930-022238,4,C:\Users\josep\source\repos\AIOTED-digital-rawdigits\20260930\02\4_main_dig4_20260930-022238.jpg,4,flash,77.86,reading_est 59401; model saw 4; agree,,,0
night_fill,20260828-030540_dig4,20260828-030540,4,C:\Users\josep\source\repos\AIOTED-digital-rawdigits\20260828\03\4_main_dig4_20260828-030540.jpg,4,flash,76.00,reading_est 58452; model saw 4; agree,,,0
night_fill,20260826-214142_dig4,20260826-214142,4,C:\Users\josep\source\repos\AIOTED-digital-rawdigits\20260826\21\4_main_dig4_20260826-214142.jpg,4,flash,75.13,reading_est 58410; model saw 4; agree,,,0
night_fill,20260829-062538_dig4,20260829-062538,4,C:\Users\josep\source\repos\AIOTED-digital-rawdigits\20260829\06\4_main_dig4_20260829-062538.jpg,4,flash,78.18,reading_est 58493; model saw 4; agree,,,0
night_fill,20260827-205340_dig4,20260827-205340,4,C:\Users\josep\source\repos\AIOTED-digital-rawdigits\20260827\20\4_main_dig4_20260827-205340.jpg,4,flash,75.10,reading_est 58449; model saw 4; agree,,,0
night_fill,20260930-062237_dig4,20260930-062237,4,C:\Users\josep\source\repos\AIOTED-digital-rawdigits\20260930\06\4_main_dig4_20260930-062237.jpg,4,flash,77.93,reading_est 59404; model saw 4; agree,,,0
night_fill,20260828-190939_dig4,20260828-190939,4,C:\Users\josep\source\repos\AIOTED-digital-rawdigits\20260828\19\4_main_dig4_20260828-190939.jpg,4,flash,77.18,reading_est 58482; model saw 4; agree,,,0
night_fill,20260826-204942_dig4,20260826-204942,4,C:\Users\josep\source\repos\AIOTED-digital-rawdigits\20260826\20\4_main_dig4_20260826-204942.jpg,4,flash,75.93,reading_est 58409; model saw 4; agree,,,0
night_fill,20260829-033738_dig4,20260829-033738,4,C:\Users\josep\source\repos\AIOTED-digital-rawdigits\20260829\03\4_main_dig4_20260829-033738.jpg,4,flash,75.86,reading_est 58490; model saw 4; agree,,,0
night_fill,20260827-185741_dig4,20260827-185741,4,C:\Users\josep\source\repos\AIOTED-digital-rawdigits\20260827\18\4_main_dig4_20260827-185741.jpg,4,flash,78.96,reading_est 58443; model saw 4; agree,,,0
night_fill,20260930-015438_dig4,20260930-015438,4,C:\Users\josep\source\repos\AIOTED-digital-rawdigits\20260930\01\4_main_dig4_20260930-015438.jpg,4,flash,77.86,reading_est 59401; model saw 4; agree,,,0
night_fill,20260828-062140_dig4,20260828-062140,4,C:\Users\josep\source\repos\AIOTED-digital-rawdigits\20260828\06\4_main_dig4_20260828-062140.jpg,4,flash,76.94,reading_est 58454; model saw 4; agree,,,0
night_fill,20260826-234942_dig4,20260826-234942,4,C:\Users\josep\source\repos\AIOTED-digital-rawdigits\20260826\23\4_main_dig4_20260826-234942.jpg,4,flash,76.10,reading_est 58412; model saw 4; agree,,,0
night_fill,20260829-030938_dig4,20260829-030938,4,C:\Users\josep\source\repos\AIOTED-digital-rawdigits\20260829\03\4_main_dig4_20260829-030938.jpg,4,flash,75.86,reading_est 58490; model saw 4; agree,,,0
night_fill,20260827-230540_dig4,20260827-230540,4,C:\Users\josep\source\repos\AIOTED-digital-rawdigits\20260827\23\4_main_dig4_20260827-230540.jpg,4,flash,75.19,reading_est 58449; model saw 4; agree,,,0
night_fill,20260930-065437_dig4,20260930-065437,4,C:\Users\josep\source\repos\AIOTED-digital-rawdigits\20260930\06\4_main_dig4_20260930-065437.jpg,4,flash,78.07,reading_est 59404; model saw 4; agree,,,0
night_fill,20260828-061340_dig4,20260828-061340,4,C:\Users\josep\source\repos\AIOTED-digital-rawdigits\20260828\06\4_main_dig4_20260828-061340.jpg,4,flash,76.17,reading_est 58454; model saw 4; agree,,,0
night_fill,20260826-210142_dig4,20260826-210142,4,C:\Users\josep\source\repos\AIOTED-digital-rawdigits\20260826\21\4_main_dig4_20260826-210142.jpg,4,flash,74.77,reading_est 58409; model saw 4; agree,,,0
night_fill,20260829-011738_dig4,20260829-011738,4,C:\Users\josep\source\repos\AIOTED-digital-rawdigits\20260829\01\4_main_dig4_20260829-011738.jpg,4,flash,74.17,reading_est 58489; model saw 4; agree,,,0
night_fill,20260827-012142_dig4,20260827-012142,4,C:\Users\josep\source\repos\AIOTED-digital-rawdigits\20260827\01\4_main_dig4_20260827-012142.jpg,4,flash,76.00,reading_est 58413; model saw 4; agree,,,0
night_fill,20260930-071437_dig4,20260930-071437,4,C:\Users\josep\source\repos\AIOTED-digital-rawdigits\20260930\07\4_main_dig4_20260930-071437.jpg,4,flash,78.17,reading_est 59404; model saw 4; agree,,,0
night_fill,20260828-052140_dig4,20260828-052140,4,C:\Users\josep\source\repos\AIOTED-digital-rawdigits\20260828\05\4_main_dig4_20260828-052140.jpg,4,flash,75.22,reading_est 58453; model saw 4; agree,,,0
night_fill,20260826-190142_dig4,20260826-190142,4,C:\Users\josep\source\repos\AIOTED-digital-rawdigits\20260826\19\4_main_dig4_20260826-190142.jpg,4,flash,78.26,reading_est 58406; model saw 4; agree,,,0
night_fill,20260829-063738_dig4,20260829-063738,4,C:\Users\josep\source\repos\AIOTED-digital-rawdigits\20260829\06\4_main_dig4_20260829-063738.jpg,4,flash,80.17,reading_est 58493; model saw 4; agree,,,0
night_fill,20260827-040142_dig4,20260827-040142,4,C:\Users\josep\source\repos\AIOTED-digital-rawdigits\20260827\04\4_main_dig4_20260827-040142.jpg,4,flash,75.22,reading_est 58415; model saw 4; agree,,,0
night_fill,20260930-010638_dig4,20260930-010638,4,C:\Users\josep\source\repos\AIOTED-digital-rawdigits\20260930\01\4_main_dig4_20260930-010638.jpg,4,flash,78.10,reading_est 59400; model saw 4; agree,,,0
night_fill,20260828-192939_dig4,20260828-192939,4,C:\Users\josep\source\repos\AIOTED-digital-rawdigits\20260828\19\4_main_dig4_20260828-192939.jpg,4,flash,75.13,reading_est 58483; model saw 4; agree,,,0
night_fill,20260826-222142_dig4,20260826-222142,4,C:\Users\josep\source\repos\AIOTED-digital-rawdigits\20260826\22\4_main_dig4_20260826-222142.jpg,4,flash,75.83,reading_est 58411; model saw 4; agree,,,0
night_fill,20260829-034938_dig4,20260829-034938,4,C:\Users\josep\source\repos\AIOTED-digital-rawdigits\20260829\03\4_main_dig4_20260829-034938.jpg,4,flash,76.00,reading_est 58490; model saw 4; agree,,,0
night_fill,20260827-000142_dig4,20260827-000142,4,C:\Users\josep\source\repos\AIOTED-digital-rawdigits\20260827\00\4_main_dig4_20260827-000142.jpg,4,flash,76.00,reading_est 58412; model saw 4; agree,,,0
night_fill,20260930-042238_dig4,20260930-042238,4,C:\Users\josep\source\repos\AIOTED-digital-rawdigits\20260930\04\4_main_dig4_20260930-042238.jpg,4,flash,77.81,reading_est 59402; model saw 4; agree,,,0
night_fill,20260828-064140_dig4,20260828-064140,4,C:\Users\josep\source\repos\AIOTED-digital-rawdigits\20260828\06\4_main_dig4_20260828-064140.jpg,4,flash,80.97,reading_est 58455; model saw 4; agree,,,0
night_fill,20260826-220142_dig4,20260826-220142,4,C:\Users\josep\source\repos\AIOTED-digital-rawdigits\20260826\22\4_main_dig4_20260826-220142.jpg,4,flash,76.10,reading_est 58411; model saw 4; agree,,,0
night_fill,20260829-052938_dig4,20260829-052938,4,C:\Users\josep\source\repos\AIOTED-digital-rawdigits\20260829\05\4_main_dig4_20260829-052938.jpg,4,flash,75.91,reading_est 58491; model saw 4; agree,,,0
night_fill,20260827-231340_dig4,20260827-231340,4,C:\Users\josep\source\repos\AIOTED-digital-rawdigits\20260827\23\4_main_dig4_20260827-231340.jpg,4,flash,75.81,reading_est 58449; model saw 4; agree,,,0
night_fill,20260930-040238_dig4,20260930-040238,4,C:\Users\josep\source\repos\AIOTED-digital-rawdigits\20260930\04\4_main_dig4_20260930-040238.jpg,4,flash,77.22,reading_est 59402; model saw 4; agree,,,0
night_fill,20260828-060540_dig4,20260828-060540,4,C:\Users\josep\source\repos\AIOTED-digital-rawdigits\20260828\06\4_main_dig4_20260828-060540.jpg,4,flash,76.22,reading_est 58454; model saw 4; agree,,,0
night_fill,20260826-230942_dig4,20260826-230942,4,C:\Users\josep\source\repos\AIOTED-digital-rawdigits\20260826\23\4_main_dig4_20260826-230942.jpg,4,flash,76.08,reading_est 58412; model saw 4; agree,,,0
night_fill,20260829-004938_dig4,20260829-004938,4,C:\Users\josep\source\repos\AIOTED-digital-rawdigits\20260829\00\4_main_dig4_20260829-004938.jpg,4,flash,75.13,reading_est 58489; model saw 4; agree,,,0
night_fill,20260827-042142_dig4,20260827-042142,4,C:\Users\josep\source\repos\AIOTED-digital-rawdigits\20260827\04\4_main_dig4_20260827-042142.jpg,4,flash,75.82,reading_est 58416; model saw 4; agree,,,0
night_fill,20260930-023438_dig4,20260930-023438,4,C:\Users\josep\source\repos\AIOTED-digital-rawdigits\20260930\02\4_main_dig4_20260930-023438.jpg,4,flash,77.86,reading_est 59401; model saw 4; agree,,,0
night_fill,20260828-224938_dig4,20260828-224938,4,C:\Users\josep\source\repos\AIOTED-digital-rawdigits\20260828\22\4_main_dig4_20260828-224938.jpg,4,flash,74.29,reading_est 58487; model saw 4; agree,,,0
night_fill,20260826-214942_dig4,20260826-214942,4,C:\Users\josep\source\repos\AIOTED-digital-rawdigits\20260826\21\4_main_dig4_20260826-214942.jpg,4,flash,74.91,reading_est 58410; model saw 4; agree,,,0
night_fill,20260829-051738_dig4,20260829-051738,4,C:\Users\josep\source\repos\AIOTED-digital-rawdigits\20260829\05\4_main_dig4_20260829-051738.jpg,4,flash,75.86,reading_est 58491; model saw 4; agree,,,0
night_fill,20260827-032942_dig4,20260827-032942,4,C:\Users\josep\source\repos\AIOTED-digital-rawdigits\20260827\03\4_main_dig4_20260827-032942.jpg,4,flash,75.22,reading_est 58414; model saw 4; agree,,,0
night_fill,20260930-053437_dig4,20260930-053437,4,C:\Users\josep\source\repos\AIOTED-digital-rawdigits\20260930\05\4_main_dig4_20260930-053437.jpg,4,flash,77.71,reading_est 59403; model saw 4; agree,,,0
night_fill,20260828-190139_dig4,20260828-190139,4,C:\Users\josep\source\repos\AIOTED-digital-rawdigits\20260828\19\4_main_dig4_20260828-190139.jpg,4,flash,77.96,reading_est 58481; model saw 4; agree,,,0
night_fill,20260826-230142_dig4,20260826-230142,4,C:\Users\josep\source\repos\AIOTED-digital-rawdigits\20260826\23\4_main_dig4_20260826-230142.jpg,4,flash,75.94,reading_est 58412; model saw 4; agree,,,0
night_fill,20260829-032938_dig4,20260829-032938,4,C:\Users\josep\source\repos\AIOTED-digital-rawdigits\20260829\03\4_main_dig4_20260829-032938.jpg,4,flash,75.94,reading_est 58490; model saw 4; agree,,,0
night_fill,20260827-002142_dig4,20260827-002142,4,C:\Users\josep\source\repos\AIOTED-digital-rawdigits\20260827\00\4_main_dig4_20260827-002142.jpg,4,flash,75.94,reading_est 58413; model saw 4; agree,,,0
night_fill,20260930-072237_dig4,20260930-072237,4,C:\Users\josep\source\repos\AIOTED-digital-rawdigits\20260930\07\4_main_dig4_20260930-072237.jpg,4,flash,78.10,reading_est 59405; model saw 4; agree,,,0
night_fill,20260828-063340_dig4,20260828-063340,4,C:\Users\josep\source\repos\AIOTED-digital-rawdigits\20260828\06\4_main_dig4_20260828-063340.jpg,4,flash,78.86,reading_est 58455; model saw 4; agree,,,0
night_fill,20260826-212942_dig4,20260826-212942,4,C:\Users\josep\source\repos\AIOTED-digital-rawdigits\20260826\21\4_main_dig4_20260826-212942.jpg,4,flash,76.17,reading_est 58410; model saw 4; agree,,,0
night_fill,20260829-021738_dig4,20260829-021738,4,C:\Users\josep\source\repos\AIOTED-digital-rawdigits\20260829\02\4_main_dig4_20260829-021738.jpg,4,flash,75.13,reading_est 58489; model saw 4; agree,,,0
night_fill,20260827-191741_dig4,20260827-191741,4,C:\Users\josep\source\repos\AIOTED-digital-rawdigits\20260827\19\4_main_dig4_20260827-191741.jpg,4,flash,77.22,reading_est 58444; model saw 4; agree,,,0
night_fill,20260930-020238_dig4,20260930-020238,4,C:\Users\josep\source\repos\AIOTED-digital-rawdigits\20260930\02\4_main_dig4_20260930-020238.jpg,4,flash,77.87,reading_est 59401; model saw 4; agree,,,0
night_fill,20260828-041340_dig4,20260828-041340,4,C:\Users\josep\source\repos\AIOTED-digital-rawdigits\20260828\04\4_main_dig4_20260828-041340.jpg,4,flash,75.87,reading_est 58453; model saw 4; agree,,,0
night_fill,20260826-185342_dig4,20260826-185342,4,C:\Users\josep\source\repos\AIOTED-digital-rawdigits\20260826\18\4_main_dig4_20260826-185342.jpg,4,flash,78.96,reading_est 58406; model saw 4; agree,,,0
night_fill,20260829-014938_dig4,20260829-014938,4,C:\Users\josep\source\repos\AIOTED-digital-rawdigits\20260829\01\4_main_dig4_20260829-014938.jpg,4,flash,76.17,reading_est 58489; model saw 4; agree,,,0
night_fill,20260827-062942_dig4,20260827-062942,4,C:\Users\josep\source\repos\AIOTED-digital-rawdigits\20260827\06\4_main_dig4_20260827-062942.jpg,4,flash,78.12,reading_est 58417; model saw 4; agree,,,0
night_fill,20260930-012638_dig4,20260930-012638,4,C:\Users\josep\source\repos\AIOTED-digital-rawdigits\20260930\01\4_main_dig4_20260930-012638.jpg,4,flash,78.07,reading_est 59400; model saw 4; agree,,,0
night_fill,20260828-011340_dig4,20260828-011340,4,C:\Users\josep\source\repos\AIOTED-digital-rawdigits\20260828\01\4_main_dig4_20260828-011340.jpg,4,flash,75.17,reading_est 58451; model saw 4; agree,,,0
night_fill,20260826-210942_dig4,20260826-210942,4,C:\Users\josep\source\repos\AIOTED-digital-rawdigits\20260826\21\4_main_dig4_20260826-210942.jpg,4,flash,75.09,reading_est 58409; model saw 4; agree,,,0
night_fill,20260829-042938_dig4,20260829-042938,4,C:\Users\josep\source\repos\AIOTED-digital-rawdigits\20260829\04\4_main_dig4_20260829-042938.jpg,4,flash,75.62,reading_est 58491; model saw 4; agree,,,0
night_fill,20260827-213740_dig4,20260827-213740,4,C:\Users\josep\source\repos\AIOTED-digital-rawdigits\20260827\21\4_main_dig4_20260827-213740.jpg,4,flash,75.22,reading_est 58449; model saw 4; agree,,,0
night_fill,20260930-001438_dig4,20260930-001438,4,C:\Users\josep\source\repos\AIOTED-digital-rawdigits\20260930\00\4_main_dig4_20260930-001438.jpg,4,flash,78.10,reading_est 59400; model saw 4; agree_soft,,,0
night_fill,20260828-071340_dig4,20260828-071340,4,C:\Users\josep\source\repos\AIOTED-digital-rawdigits\20260828\07\4_main_dig4_20260828-071340.jpg,4,transition,87.29,reading_est 58455; model saw 4; agree,,,0
night_fill,20260930-084237_dig4,20260930-084237,4,C:\Users\josep\source\repos\AIOTED-digital-rawdigits\20260930\08\4_main_dig4_20260930-084237.jpg,4,transition,86.32,reading_est 59406; model saw 4; agree,,,0
night_fill,20260829-103737_dig4,20260829-103737,4,C:\Users\josep\source\repos\AIOTED-digital-rawdigits\20260829\10\4_main_dig4_20260829-103737.jpg,4,transition,92.06,reading_est 58498; model saw 4; agree,,,0
night_fill,20260827-174541_dig4,20260827-174541,4,C:\Users\josep\source\repos\AIOTED-digital-rawdigits\20260827\17\4_main_dig4_20260827-174541.jpg,4,transition,85.69,reading_est 58440; model saw 4; agree,,,0
night_fill,20260826-181342_dig4,20260826-181342,4,C:\Users\josep\source\repos\AIOTED-digital-rawdigits\20260826\18\4_main_dig4_20260826-181342.jpg,4,transition,83.81,reading_est 58405; model saw 4; agree,,,0
night_fill,20260828-073340_dig4,20260828-073340,4,C:\Users\josep\source\repos\AIOTED-digital-rawdigits\20260828\07\4_main_dig4_20260828-073340.jpg,4,transition,92.79,reading_est 58456; model saw 4; agree,,,0
night_fill,20260930-075437_dig4,20260930-075437,4,C:\Users\josep\source\repos\AIOTED-digital-rawdigits\20260930\07\4_main_dig4_20260930-075437.jpg,4,transition,83.97,reading_est 59406; model saw 4; agree,,,0
night_fill,20260829-114537_dig4,20260829-114537,4,C:\Users\josep\source\repos\AIOTED-digital-rawdigits\20260829\11\4_main_dig4_20260829-114537.jpg,4,transition,94.92,reading_est 58499; model saw 4; agree,,,0
night_fill,20260827-070941_dig4,20260827-070941,4,C:\Users\josep\source\repos\AIOTED-digital-rawdigits\20260827\07\4_main_dig4_20260827-070941.jpg,4,transition,86.97,reading_est 58418; model saw 4; agree,,,0
night_fill,20260826-180142_dig4,20260826-180142,4,C:\Users\josep\source\repos\AIOTED-digital-rawdigits\20260826\18\4_main_dig4_20260826-180142.jpg,4,transition,83.25,reading_est 58404; model saw 4; agree,,,0
night_fill,20260828-172939_dig4,20260828-172939,4,C:\Users\josep\source\repos\AIOTED-digital-rawdigits\20260828\17\4_main_dig4_20260828-172939.jpg,4,transition,90.93,reading_est 58478; model saw 4; agree,,,0
night_fill,20260930-083437_dig4,20260930-083437,4,C:\Users\josep\source\repos\AIOTED-digital-rawdigits\20260930\08\4_main_dig4_20260930-083437.jpg,4,transition,87.29,reading_est 59406; model saw 4; agree,,,0
night_fill,20260829-082537_dig4,20260829-082537,4,C:\Users\josep\source\repos\AIOTED-digital-rawdigits\20260829\08\4_main_dig4_20260829-082537.jpg,4,transition,91.25,reading_est 58495; model saw 4; agree,,,0
night_fill,20260827-071741_dig4,20260827-071741,4,C:\Users\josep\source\repos\AIOTED-digital-rawdigits\20260827\07\4_main_dig4_20260827-071741.jpg,4,transition,91.98,reading_est 58418; model saw 4; agree,,,0
night_fill,20260826-172142_dig4,20260826-172142,4,C:\Users\josep\source\repos\AIOTED-digital-rawdigits\20260826\17\4_main_dig4_20260826-172142.jpg,4,transition,92.98,reading_est 58403; model saw 4; agree,,,0
night_fill,20260828-182939_dig4,20260828-182939,4,C:\Users\josep\source\repos\AIOTED-digital-rawdigits\20260828\18\4_main_dig4_20260828-182939.jpg,4,transition,81.93,reading_est 58480; model saw 4; agree,,,0
night_fill,20260930-085037_dig4,20260930-085037,4,C:\Users\josep\source\repos\AIOTED-digital-rawdigits\20260930\08\4_main_dig4_20260930-085037.jpg,4,transition,91.97,reading_est 59406; model saw 4; agree,,,0
night_fill,20260829-104537_dig4,20260829-104537,4,C:\Users\josep\source\repos\AIOTED-digital-rawdigits\20260829\10\4_main_dig4_20260829-104537.jpg,4,transition,85.97,reading_est 58498; model saw 4; agree,,,0
night_fill,20260827-182541_dig4,20260827-182541,4,C:\Users\josep\source\repos\AIOTED-digital-rawdigits\20260827\18\4_main_dig4_20260827-182541.jpg,4,transition,84.05,reading_est 58442; model saw 4; agree,,,0
night_fill,20260826-184142_dig4,20260826-184142,4,C:\Users\josep\source\repos\AIOTED-digital-rawdigits\20260826\18\4_main_dig4_20260826-184142.jpg,4,transition,81.18,reading_est 58406; model saw 4; agree,,,0
night_fill,20260828-070140_dig4,20260828-070140,4,C:\Users\josep\source\repos\AIOTED-digital-rawdigits\20260828\07\4_main_dig4_20260828-070140.jpg,4,transition,85.29,reading_est 58455; model saw 4; agree,,,0
night_fill,20260930-081437_dig4,20260930-081437,4,C:\Users\josep\source\repos\AIOTED-digital-rawdigits\20260930\08\4_main_dig4_20260930-081437.jpg,4,transition,86.85,reading_est 59406; model saw 4; agree,,,0
night_fill,20260829-085737_dig4,20260829-085737,4,C:\Users\josep\source\repos\AIOTED-digital-rawdigits\20260829\08\4_main_dig4_20260829-085737.jpg,4,transition,92.98,reading_est 58496; model saw 4; agree,,,0
night_fill,20260827-154541_dig4,20260827-154541,4,C:\Users\josep\source\repos\AIOTED-digital-rawdigits\20260827\15\4_main_dig4_20260827-154541.jpg,4,transition,93.25,reading_est 58434; model saw 4; agree,,,0
night_fill,20260826-163342_dig4,20260826-163342,4,C:\Users\josep\source\repos\AIOTED-digital-rawdigits\20260826\16\4_main_dig4_20260826-163342.jpg,4,transition,95.80,reading_est 58401; model saw 4; agree,,,0
night_fill,20260828-180939_dig4,20260828-180939,4,C:\Users\josep\source\repos\AIOTED-digital-rawdigits\20260828\18\4_main_dig4_20260828-180939.jpg,4,transition,83.25,reading_est 58479; model saw 4; agree,,,0
night_fill,20260930-090237_dig4,20260930-090237,4,C:\Users\josep\source\repos\AIOTED-digital-rawdigits\20260930\09\4_main_dig4_20260930-090237.jpg,4,transition,91.98,reading_est 59406; model saw 4; agree,,,0
night_fill,20260829-070538_dig4,20260829-070538,4,C:\Users\josep\source\repos\AIOTED-digital-rawdigits\20260829\07\4_main_dig4_20260829-070538.jpg,4,transition,88.06,reading_est 58494; model saw 4; agree,,,0
night_fill,20260827-064942_dig4,20260827-064942,4,C:\Users\josep\source\repos\AIOTED-digital-rawdigits\20260827\06\4_main_dig4_20260827-064942.jpg,4,transition,81.12,reading_est 58417; model saw 4; agree,,,0
night_fill,20260826-182142_dig4,20260826-182142,4,C:\Users\josep\source\repos\AIOTED-digital-rawdigits\20260826\18\4_main_dig4_20260826-182142.jpg,4,transition,81.19,reading_est 58405; model saw 4; agree,,,0
night_fill,20260828-174939_dig4,20260828-174939,4,C:\Users\josep\source\repos\AIOTED-digital-rawdigits\20260828\17\4_main_dig4_20260828-174939.jpg,4,transition,85.15,reading_est 58479; model saw 4; agree,,,0
night_fill,20260930-085437_dig4,20260930-085437,4,C:\Users\josep\source\repos\AIOTED-digital-rawdigits\20260930\08\4_main_dig4_20260930-085437.jpg,4,transition,90.77,reading_est 59406; model saw 4; agree,,,0
night_fill,20260829-093737_dig4,20260829-093737,4,C:\Users\josep\source\repos\AIOTED-digital-rawdigits\20260829\09\4_main_dig4_20260829-093737.jpg,4,transition,91.90,reading_est 58497; model saw 4; agree,,,0
night_fill,20260827-065742_dig4,20260827-065742,4,C:\Users\josep\source\repos\AIOTED-digital-rawdigits\20260827\06\4_main_dig4_20260827-065742.jpg,4,transition,81.97,reading_est 58418; model saw 4; agree,,,0
night_fill,20260826-173342_dig4,20260826-173342,4,C:\Users\josep\source\repos\AIOTED-digital-rawdigits\20260826\17\4_main_dig4_20260826-173342.jpg,4,transition,92.81,reading_est 58403; model saw 4; agree,,,0
night_fill,20260828-065340_dig4,20260828-065340,4,C:\Users\josep\source\repos\AIOTED-digital-rawdigits\20260828\06\4_main_dig4_20260828-065340.jpg,4,transition,82.90,reading_est 58455; model saw 4; agree,,,0
night_fill,20260930-074237_dig4,20260930-074237,4,C:\Users\josep\source\repos\AIOTED-digital-rawdigits\20260930\07\4_main_dig4_20260930-074237.jpg,4,transition,81.12,reading_est 59406; model saw 4; agree,,,0
night_fill,20260829-080537_dig4,20260829-080537,4,C:\Users\josep\source\repos\AIOTED-digital-rawdigits\20260829\08\4_main_dig4_20260829-080537.jpg,4,transition,88.97,reading_est 58495; model saw 4; agree,,,0
night_fill,20260827-181741_dig4,20260827-181741,4,C:\Users\josep\source\repos\AIOTED-digital-rawdigits\20260827\18\4_main_dig4_20260827-181741.jpg,4,transition,85.69,reading_est 58442; model saw 4; agree,,,0
night_fill,20260826-183342_dig4,20260826-183342,4,C:\Users\josep\source\repos\AIOTED-digital-rawdigits\20260826\18\4_main_dig4_20260826-183342.jpg,4,transition,81.97,reading_est 58405; model saw 4; agree,,,0
night_fill,20260828-180139_dig4,20260828-180139,4,C:\Users\josep\source\repos\AIOTED-digital-rawdigits\20260828\18\4_main_dig4_20260828-180139.jpg,4,transition,83.97,reading_est 58479; model saw 4; agree,,,0
night_fill,20260927-230642_dig5,20260927-230642,5,C:\Users\josep\source\repos\AIOTED-digital-rawdigits\20260927\23\6_main_dig5_20260927-230642.jpg,6,flash,79.17,reading_est 59360; model saw 6; agree_soft,,,0
night_fill,20260928-005442_dig5,20260928-005442,5,C:\Users\josep\source\repos\AIOTED-digital-rawdigits\20260928\00\6_main_dig5_20260928-005442.jpg,6,flash,78.00,reading_est 59361; model saw 6; agree_soft,,,0
night_fill,20260907-220322_dig5,20260907-220322,5,C:\Users\josep\source\repos\AIOTED-digital-rawdigits\20260907\22\6_main_dig5_20260907-220322.jpg,6,flash,77.93,reading_est 58864; model saw 6; agree_soft,,,0
night_fill,20260914-030539_dig5,20260914-030539,5,C:\Users\josep\source\repos\AIOTED-digital-rawdigits\20260914\03\6_main_dig5_20260914-030539.jpg,6,flash,76.86,reading_est 59060; model saw 6; agree_soft,,,0
night_fill,20260918-173730_dig5,20260918-173730,5,C:\Users\josep\source\repos\AIOTED-digital-rawdigits\20260918\17\6_main_dig5_20260918-173730.jpg,6,flash,79.25,reading_est 59166; model saw 6; agree_soft,,,0
night_fill,20260911-000800_dig5,20260911-000800,5,C:\Users\josep\source\repos\AIOTED-digital-rawdigits\20260911\00\6_main_dig5_20260911-000800.jpg,6,flash,77.62,reading_est 58969; model saw 6; agree_soft,,,0
night_fill,20260819-201355_dig5,20260819-201355,5,C:\Users\josep\source\repos\AIOTED-digital-rawdigits\20260819\20\6_main_dig5_20260819-201355.jpg,6,flash,76.04,reading_est 58169; model saw 6; agree_soft,,,0
night_fill,20260905-015458_dig5,20260905-015458,5,C:\Users\josep\source\repos\AIOTED-digital-rawdigits\20260905\01\6_main_dig5_20260905-015458.jpg,6,flash,77.22,reading_est 58764; model saw 6; agree,,,0
night_fill,20260910-184800_dig5,20260910-184800,5,C:\Users\josep\source\repos\AIOTED-digital-rawdigits\20260910\18\6_main_dig5_20260910-184800.jpg,6,flash,79.81,reading_est 58963; model saw 6; agree,,,0
night_fill,20260908-030322_dig5,20260908-030322,5,C:\Users\josep\source\repos\AIOTED-digital-rawdigits\20260908\03\6_main_dig5_20260908-030322.jpg,6,flash,77.22,reading_est 58867; model saw 6; agree_soft,,,0
night_fill,20260904-235458_dig5,20260904-235458,5,C:\Users\josep\source\repos\AIOTED-digital-rawdigits\20260904\23\6_main_dig5_20260904-235458.jpg,6,flash,77.12,reading_est 58761; model saw 6; agree,,,0
night_fill,20260927-235442_dig5,20260927-235442,5,C:\Users\josep\source\repos\AIOTED-digital-rawdigits\20260927\23\6_main_dig5_20260927-235442.jpg,6,flash,78.16,reading_est 59360; model saw 6; agree_soft,,,0
night_fill,20260928-020641_dig5,20260928-020641,5,C:\Users\josep\source\repos\AIOTED-digital-rawdigits\20260928\02\6_main_dig5_20260928-020641.jpg,6,flash,78.93,reading_est 59361; model saw 6; agree_soft,,,0
night_fill,20260907-202323_dig5,20260907-202323,5,C:\Users\josep\source\repos\AIOTED-digital-rawdigits\20260907\20\6_main_dig5_20260907-202323.jpg,6,flash,78.10,reading_est 58862; model saw 6; agree_soft,,,0
night_fill,20260914-055738_dig5,20260914-055738,5,C:\Users\josep\source\repos\AIOTED-digital-rawdigits\20260914\05\6_main_dig5_20260914-055738.jpg,6,flash,76.94,reading_est 59061; model saw 6; agree_soft,,,0
night_fill,20260918-193730_dig5,20260918-193730,5,C:\Users\josep\source\repos\AIOTED-digital-rawdigits\20260918\19\6_main_dig5_20260918-193730.jpg,6,flash,77.17,reading_est 59168; model saw 6; agree_soft,,,0
night_fill,20260911-000000_dig5,20260911-000000,5,C:\Users\josep\source\repos\AIOTED-digital-rawdigits\20260911\00\6_main_dig5_20260911-000000.jpg,6,flash,77.22,reading_est 58969; model saw 6; agree_soft,,,0
night_fill,20260819-194155_dig5,20260819-194155,5,C:\Users\josep\source\repos\AIOTED-digital-rawdigits\20260819\19\6_main_dig5_20260819-194155.jpg,6,flash,77.47,reading_est 58167; model saw 6; agree_soft,,,0
night_fill,20260905-064258_dig5,20260905-064258,5,C:\Users\josep\source\repos\AIOTED-digital-rawdigits\20260905\06\6_main_dig5_20260905-064258.jpg,6,flash,77.93,reading_est 58769; model saw 6; agree,,,0
night_fill,20260910-212800_dig5,20260910-212800,5,C:\Users\josep\source\repos\AIOTED-digital-rawdigits\20260910\21\6_main_dig5_20260910-212800.jpg,6,flash,78.17,reading_est 58967; model saw 6; agree,,,0
night_fill,20260908-054322_dig5,20260908-054322,5,C:\Users\josep\source\repos\AIOTED-digital-rawdigits\20260908\05\6_main_dig5_20260908-054322.jpg,6,flash,77.86,reading_est 58868; model saw 6; agree_soft,,,0
night_fill,20260904-223458_dig5,20260904-223458,5,C:\Users\josep\source\repos\AIOTED-digital-rawdigits\20260904\22\6_main_dig5_20260904-223458.jpg,6,flash,76.81,reading_est 58760; model saw 6; agree,,,0
night_fill,20260927-235842_dig5,20260927-235842,5,C:\Users\josep\source\repos\AIOTED-digital-rawdigits\20260927\23\6_main_dig5_20260927-235842.jpg,6,flash,79.17,reading_est 59360; model saw 6; agree_soft,,,0
night_fill,20260928-002642_dig5,20260928-002642,5,C:\Users\josep\source\repos\AIOTED-digital-rawdigits\20260928\00\6_main_dig5_20260928-002642.jpg,6,flash,78.13,reading_est 59360; model saw 6; agree_soft,,,0
night_fill,20260907-223522_dig5,20260907-223522,5,C:\Users\josep\source\repos\AIOTED-digital-rawdigits\20260907\22\6_main_dig5_20260907-223522.jpg,6,flash,77.93,reading_est 58864; model saw 6; agree_soft,,,0
night_fill,20260914-063338_dig5,20260914-063338,5,C:\Users\josep\source\repos\AIOTED-digital-rawdigits\20260914\06\6_main_dig5_20260914-063338.jpg,6,flash,77.94,reading_est 59062; model saw 6; agree_soft,,,0
night_fill,20260918-181730_dig5,20260918-181730,5,C:\Users\josep\source\repos\AIOTED-digital-rawdigits\20260918\18\6_main_dig5_20260918-181730.jpg,6,flash,78.17,reading_est 59167; model saw 6; agree_soft,,,0
night_fill,20260819-210155_dig5,20260819-210155,5,C:\Users\josep\source\repos\AIOTED-digital-rawdigits\20260819\21\6_main_dig5_20260819-210155.jpg,6,flash,77.00,reading_est 58169; model saw 6; agree_soft,,,0
night_fill,20260905-051058_dig5,20260905-051058,5,C:\Users\josep\source\repos\AIOTED-digital-rawdigits\20260905\05\6_main_dig5_20260905-051058.jpg,6,flash,77.16,reading_est 58767; model saw 6; agree,,,0
night_fill,20260910-190001_dig5,20260910-190001,5,C:\Users\josep\source\repos\AIOTED-digital-rawdigits\20260910\19\6_main_dig5_20260910-190001.jpg,6,flash,78.32,reading_est 58964; model saw 6; agree,,,0
night_fill,20260908-061122_dig5,20260908-061122,5,C:\Users\josep\source\repos\AIOTED-digital-rawdigits\20260908\06\6_main_dig5_20260908-061122.jpg,6,flash,77.93,reading_est 58868; model saw 6; agree_soft,,,0
night_fill,20260904-231458_dig5,20260904-231458,5,C:\Users\josep\source\repos\AIOTED-digital-rawdigits\20260904\23\6_main_dig5_20260904-231458.jpg,6,flash,77.08,reading_est 58761; model saw 6; agree,,,0
night_fill,20260927-231442_dig5,20260927-231442,5,C:\Users\josep\source\repos\AIOTED-digital-rawdigits\20260927\23\6_main_dig5_20260927-231442.jpg,6,flash,78.16,reading_est 59360; model saw 6; agree_soft,,,0
night_fill,20260928-023441_dig5,20260928-023441,5,C:\Users\josep\source\repos\AIOTED-digital-rawdigits\20260928\02\6_main_dig5_20260928-023441.jpg,6,flash,79.17,reading_est 59362; model saw 6; agree,,,0
night_fill,20260907-235522_dig5,20260907-235522,5,C:\Users\josep\source\repos\AIOTED-digital-rawdigits\20260907\23\6_main_dig5_20260907-235522.jpg,6,flash,77.17,reading_est 58866; model saw 6; agree_soft,,,0
night_fill,20260914-041739_dig5,20260914-041739,5,C:\Users\josep\source\repos\AIOTED-digital-rawdigits\20260914\04\6_main_dig5_20260914-041739.jpg,6,flash,76.22,reading_est 59060; model saw 6; agree_soft,,,0
night_fill,20260918-192930_dig5,20260918-192930,5,C:\Users\josep\source\repos\AIOTED-digital-rawdigits\20260918\19\6_main_dig5_20260918-192930.jpg,6,flash,77.10,reading_est 59168; model saw 6; agree_soft,,,0
night_fill,20260819-200155_dig5,20260819-200155,5,C:\Users\josep\source\repos\AIOTED-digital-rawdigits\20260819\20\6_main_dig5_20260819-200155.jpg,6,flash,76.13,reading_est 58167; model saw 6; agree_soft,,,0
night_fill,20260905-044258_dig5,20260905-044258,5,C:\Users\josep\source\repos\AIOTED-digital-rawdigits\20260905\04\6_main_dig5_20260905-044258.jpg,6,flash,77.17,reading_est 58766; model saw 6; agree,,,0
night_fill,20260910-204000_dig5,20260910-204000,5,C:\Users\josep\source\repos\AIOTED-digital-rawdigits\20260910\20\6_main_dig5_20260910-204000.jpg,6,flash,76.82,reading_est 58966; model saw 6; agree,,,0
night_fill,20260908-023522_dig5,20260908-023522,5,C:\Users\josep\source\repos\AIOTED-digital-rawdigits\20260908\02\6_main_dig5_20260908-023522.jpg,6,flash,77.17,reading_est 58867; model saw 6; agree_soft,,,0
night_fill,20260904-225458_dig5,20260904-225458,5,C:\Users\josep\source\repos\AIOTED-digital-rawdigits\20260904\22\6_main_dig5_20260904-225458.jpg,6,flash,76.87,reading_est 58761; model saw 6; agree,,,0
night_fill,20260927-231842_dig5,20260927-231842,5,C:\Users\josep\source\repos\AIOTED-digital-rawdigits\20260927\23\6_main_dig5_20260927-231842.jpg,6,flash,78.17,reading_est 59360; model saw 6; agree_soft,,,0
night_fill,20260928-033441_dig5,20260928-033441,5,C:\Users\josep\source\repos\AIOTED-digital-rawdigits\20260928\03\6_main_dig5_20260928-033441.jpg,6,flash,78.17,reading_est 59362; model saw 6; agree,,,0
night_fill,20260907-195523_dig5,20260907-195523,5,C:\Users\josep\source\repos\AIOTED-digital-rawdigits\20260907\19\6_main_dig5_20260907-195523.jpg,6,flash,78.17,reading_est 58862; model saw 6; agree_soft,,,0
night_fill,20260914-065338_dig5,20260914-065338,5,C:\Users\josep\source\repos\AIOTED-digital-rawdigits\20260914\06\6_main_dig5_20260914-065338.jpg,6,flash,79.90,reading_est 59062; model saw 6; agree_soft,,,0
night_fill,20260918-180930_dig5,20260918-180930,5,C:\Users\josep\source\repos\AIOTED-digital-rawdigits\20260918\18\6_main_dig5_20260918-180930.jpg,6,flash,78.17,reading_est 59166; model saw 6; agree_soft,,,0
night_fill,20260819-191355_dig5,20260819-191355,5,C:\Users\josep\source\repos\AIOTED-digital-rawdigits\20260819\19\6_main_dig5_20260819-191355.jpg,6,flash,80.26,reading_est 58165; model saw 6; agree,,,0
night_fill,20260905-050258_dig5,20260905-050258,5,C:\Users\josep\source\repos\AIOTED-digital-rawdigits\20260905\05\6_main_dig5_20260905-050258.jpg,6,flash,76.91,reading_est 58767; model saw 6; agree,,,0
night_fill,20260910-204800_dig5,20260910-204800,5,C:\Users\josep\source\repos\AIOTED-digital-rawdigits\20260910\20\6_main_dig5_20260910-204800.jpg,6,flash,77.93,reading_est 58967; model saw 6; agree,,,0
night_fill,20260908-022322_dig5,20260908-022322,5,C:\Users\josep\source\repos\AIOTED-digital-rawdigits\20260908\02\6_main_dig5_20260908-022322.jpg,6,flash,77.72,reading_est 58866; model saw 6; agree_soft,,,0
night_fill,20260904-233458_dig5,20260904-233458,5,C:\Users\josep\source\repos\AIOTED-digital-rawdigits\20260904\23\6_main_dig5_20260904-233458.jpg,6,flash,76.76,reading_est 58761; model saw 6; agree,,,0
night_fill,20260927-234642_dig5,20260927-234642,5,C:\Users\josep\source\repos\AIOTED-digital-rawdigits\20260927\23\6_main_dig5_20260927-234642.jpg,6,flash,78.13,reading_est 59360; model saw 6; agree_soft,,,0
night_fill,20260928-065441_dig5,20260928-065441,5,C:\Users\josep\source\repos\AIOTED-digital-rawdigits\20260928\06\6_main_dig5_20260928-065441.jpg,6,flash,80.22,reading_est 59366; model saw 6; agree,,,0
night_fill,20260907-205523_dig5,20260907-205523,5,C:\Users\josep\source\repos\AIOTED-digital-rawdigits\20260907\20\6_main_dig5_20260907-205523.jpg,6,flash,78.12,reading_est 58862; model saw 6; agree_soft,,,0
night_fill,20260914-050539_dig5,20260914-050539,5,C:\Users\josep\source\repos\AIOTED-digital-rawdigits\20260914\05\6_main_dig5_20260914-050539.jpg,6,flash,76.85,reading_est 59061; model saw 6; agree_soft,,,0
night_fill,20260918-174930_dig5,20260918-174930,5,C:\Users\josep\source\repos\AIOTED-digital-rawdigits\20260918\17\6_main_dig5_20260918-174930.jpg,6,flash,78.86,reading_est 59166; model saw 6; agree_soft,,,0
night_fill,20260819-205355_dig5,20260819-205355,5,C:\Users\josep\source\repos\AIOTED-digital-rawdigits\20260819\20\6_main_dig5_20260819-205355.jpg,6,flash,77.00,reading_est 58169; model saw 6; agree_soft,,,0
night_fill,20260905-065058_dig5,20260905-065058,5,C:\Users\josep\source\repos\AIOTED-digital-rawdigits\20260905\06\6_main_dig5_20260905-065058.jpg,6,flash,78.84,reading_est 58769; model saw 6; agree,,,0
night_fill,20260910-212000_dig5,20260910-212000,5,C:\Users\josep\source\repos\AIOTED-digital-rawdigits\20260910\21\6_main_dig5_20260910-212000.jpg,6,flash,78.10,reading_est 58967; model saw 6; agree,,,0
night_fill,20260908-033122_dig5,20260908-033122,5,C:\Users\josep\source\repos\AIOTED-digital-rawdigits\20260908\03\6_main_dig5_20260908-033122.jpg,6,flash,77.85,reading_est 58867; model saw 6; agree_soft,,,0
night_fill,20260904-224258_dig5,20260904-224258,5,C:\Users\josep\source\repos\AIOTED-digital-rawdigits\20260904\22\6_main_dig5_20260904-224258.jpg,6,flash,76.85,reading_est 58760; model saw 6; agree,,,0
night_fill,20260927-223842_dig5,20260927-223842,5,C:\Users\josep\source\repos\AIOTED-digital-rawdigits\20260927\22\6_main_dig5_20260927-223842.jpg,6,flash,79.17,reading_est 59360; model saw 6; agree_soft,,,0
night_fill,20260928-003442_dig5,20260928-003442,5,C:\Users\josep\source\repos\AIOTED-digital-rawdigits\20260928\00\6_main_dig5_20260928-003442.jpg,6,flash,78.22,reading_est 59360; model saw 6; agree_soft,,,0
night_fill,20260907-193523_dig5,20260907-193523,5,C:\Users\josep\source\repos\AIOTED-digital-rawdigits\20260907\19\6_main_dig5_20260907-193523.jpg,6,flash,77.86,reading_est 58861; model saw 6; agree_soft,,,0
night_fill,20260914-061338_dig5,20260914-061338,5,C:\Users\josep\source\repos\AIOTED-digital-rawdigits\20260914\06\6_main_dig5_20260914-061338.jpg,6,flash,76.86,reading_est 59061; model saw 6; agree_soft,,,0
night_fill,20260918-175730_dig5,20260918-175730,5,C:\Users\josep\source\repos\AIOTED-digital-rawdigits\20260918\17\6_main_dig5_20260918-175730.jpg,6,flash,78.81,reading_est 59166; model saw 6; agree_soft,,,0
night_fill,20260819-211355_dig5,20260819-211355,5,C:\Users\josep\source\repos\AIOTED-digital-rawdigits\20260819\21\6_main_dig5_20260819-211355.jpg,6,flash,76.86,reading_est 58169; model saw 6; agree_soft,,,0
night_fill,20260905-060258_dig5,20260905-060258,5,C:\Users\josep\source\repos\AIOTED-digital-rawdigits\20260905\06\6_main_dig5_20260905-060258.jpg,6,flash,77.86,reading_est 58768; model saw 6; agree,,,0
night_fill,20260910-202800_dig5,20260910-202800,5,C:\Users\josep\source\repos\AIOTED-digital-rawdigits\20260910\20\6_main_dig5_20260910-202800.jpg,6,flash,77.10,reading_est 58966; model saw 6; agree,,,0
night_fill,20260908-015122_dig5,20260908-015122,5,C:\Users\josep\source\repos\AIOTED-digital-rawdigits\20260908\01\6_main_dig5_20260908-015122.jpg,6,flash,77.22,reading_est 58866; model saw 6; agree_soft,,,0
night_fill,20260928-074641_dig5,20260928-074641,5,C:\Users\josep\source\repos\AIOTED-digital-rawdigits\20260928\07\6_main_dig5_20260928-074641.jpg,6,transition,92.06,reading_est 59366; model saw 6; agree,,,0
night_fill,20260822-180550_dig5,20260822-180550,5,C:\Users\josep\source\repos\AIOTED-digital-rawdigits\20260822\18\6_main_dig5_20260822-180550.jpg,6,transition,83.97,reading_est 58269; model saw 6; agree,,,0
night_fill,20260918-154930_dig5,20260918-154930,5,C:\Users\josep\source\repos\AIOTED-digital-rawdigits\20260918\15\6_main_dig5_20260918-154930.jpg,6,transition,84.03,reading_est 59164; model saw 6; agree_soft,,,0
night_fill,20260914-073338_dig5,20260914-073338,5,C:\Users\josep\source\repos\AIOTED-digital-rawdigits\20260914\07\6_main_dig5_20260914-073338.jpg,6,transition,90.98,reading_est 59063; model saw 6; agree,,,0
night_fill,20260902-170309_dig5,20260902-170309,5,C:\Users\josep\source\repos\AIOTED-digital-rawdigits\20260902\17\6_main_dig5_20260902-170309.jpg,6,transition,91.97,reading_est 58668; model saw 6; agree,,,0
night_fill,20260817-071800_dig5,20260817-071800,5,C:\Users\josep\source\repos\AIOTED-digital-rawdigits\20260817\07\6_main_dig5_20260817-071800.jpg,6,transition,94.03,reading_est 58060; model saw 6; agree,,,0
night_fill,20260819-171355_dig5,20260819-171355,5,C:\Users\josep\source\repos\AIOTED-digital-rawdigits\20260819\17\6_main_dig5_20260819-171355.jpg,6,transition,95.26,reading_est 58161; model saw 6; agree,,,0
night_fill,20260910-171201_dig5,20260910-171201,5,C:\Users\josep\source\repos\AIOTED-digital-rawdigits\20260910\17\6_main_dig5_20260910-171201.jpg,6,transition,88.05,reading_est 58960; model saw 6; agree_soft,,,0
night_fill,20260928-070641_dig5,20260928-070641,5,C:\Users\josep\source\repos\AIOTED-digital-rawdigits\20260928\07\6_main_dig5_20260928-070641.jpg,6,transition,82.12,reading_est 59366; model saw 6; agree,,,0
night_fill,20260822-172550_dig5,20260822-172550,5,C:\Users\josep\source\repos\AIOTED-digital-rawdigits\20260822\17\6_main_dig5_20260822-172550.jpg,6,transition,93.25,reading_est 58267; model saw 6; agree,,,0
night_fill,20260918-155730_dig5,20260918-155730,5,C:\Users\josep\source\repos\AIOTED-digital-rawdigits\20260918\15\6_main_dig5_20260918-155730.jpg,6,transition,82.97,reading_est 59164; model saw 6; agree_soft,,,0
night_fill,20260914-070538_dig5,20260914-070538,5,C:\Users\josep\source\repos\AIOTED-digital-rawdigits\20260914\07\6_main_dig5_20260914-070538.jpg,6,transition,81.97,reading_est 59062; model saw 6; agree_soft,,,0
night_fill,20260902-172309_dig5,20260902-172309,5,C:\Users\josep\source\repos\AIOTED-digital-rawdigits\20260902\17\6_main_dig5_20260902-172309.jpg,6,transition,89.80,reading_est 58669; model saw 6; agree_soft,,,0
night_fill,20260817-064600_dig5,20260817-064600,5,C:\Users\josep\source\repos\AIOTED-digital-rawdigits\20260817\06\6_main_dig5_20260817-064600.jpg,6,transition,83.94,reading_est 58060; model saw 6; agree,,,0
night_fill,20260819-185355_dig5,20260819-185355,5,C:\Users\josep\source\repos\AIOTED-digital-rawdigits\20260819\18\6_main_dig5_20260819-185355.jpg,6,transition,82.25,reading_est 58165; model saw 6; agree,,,0
night_fill,20260910-184000_dig5,20260910-184000,5,C:\Users\josep\source\repos\AIOTED-digital-rawdigits\20260910\18\6_main_dig5_20260910-184000.jpg,6,transition,81.18,reading_est 58963; model saw 6; agree,,,0
night_fill,20260928-073441_dig5,20260928-073441,5,C:\Users\josep\source\repos\AIOTED-digital-rawdigits\20260928\07\6_main_dig5_20260928-073441.jpg,6,transition,88.97,reading_est 59366; model saw 6; agree,,,0
night_fill,20260822-173750_dig5,20260822-173750,5,C:\Users\josep\source\repos\AIOTED-digital-rawdigits\20260822\17\6_main_dig5_20260822-173750.jpg,6,transition,85.26,reading_est 58268; model saw 6; agree,,,0
night_fill,20260918-165730_dig5,20260918-165730,5,C:\Users\josep\source\repos\AIOTED-digital-rawdigits\20260918\16\6_main_dig5_20260918-165730.jpg,6,transition,83.97,reading_est 59166; model saw 6; agree_soft,,,0
night_fill,20260914-072538_dig5,20260914-072538,5,C:\Users\josep\source\repos\AIOTED-digital-rawdigits\20260914\07\6_main_dig5_20260914-072538.jpg,6,transition,87.21,reading_est 59062; model saw 6; agree_soft,,,0
night_fill,20260902-165509_dig5,20260902-165509,5,C:\Users\josep\source\repos\AIOTED-digital-rawdigits\20260902\16\6_main_dig5_20260902-165509.jpg,6,transition,93.06,reading_est 58668; model saw 6; agree,,,0
night_fill,20260817-065800_dig5,20260817-065800,5,C:\Users\josep\source\repos\AIOTED-digital-rawdigits\20260817\06\6_main_dig5_20260817-065800.jpg,6,transition,85.21,reading_est 58060; model saw 6; agree,,,0
night_fill,20260819-175355_dig5,20260819-175355,5,C:\Users\josep\source\repos\AIOTED-digital-rawdigits\20260819\17\6_main_dig5_20260819-175355.jpg,6,transition,88.77,reading_est 58163; model saw 6; agree,,,0
night_fill,20260910-172801_dig5,20260910-172801,5,C:\Users\josep\source\repos\AIOTED-digital-rawdigits\20260910\17\6_main_dig5_20260910-172801.jpg,6,transition,88.90,reading_est 58961; model saw 6; agree,,,0
night_fill,20260928-072241_dig5,20260928-072241,5,C:\Users\josep\source\repos\AIOTED-digital-rawdigits\20260928\07\6_main_dig5_20260928-072241.jpg,6,transition,84.94,reading_est 59366; model saw 6; agree,,,0
night_fill,20260822-175350_dig5,20260822-175350,5,C:\Users\josep\source\repos\AIOTED-digital-rawdigits\20260822\17\6_main_dig5_20260822-175350.jpg,6,transition,89.98,reading_est 58269; model saw 6; agree,,,0
night_fill,20260918-171730_dig5,20260918-171730,5,C:\Users\josep\source\repos\AIOTED-digital-rawdigits\20260918\17\6_main_dig5_20260918-171730.jpg,6,transition,81.25,reading_est 59166; model saw 6; agree_soft,,,0
night_fill,20260914-071338_dig5,20260914-071338,5,C:\Users\josep\source\repos\AIOTED-digital-rawdigits\20260914\07\6_main_dig5_20260914-071338.jpg,6,transition,83.84,reading_est 59062; model saw 6; agree_soft,,,0
night_fill,20260902-171509_dig5,20260902-171509,5,C:\Users\josep\source\repos\AIOTED-digital-rawdigits\20260902\17\6_main_dig5_20260902-171509.jpg,6,transition,90.12,reading_est 58669; model saw 6; agree,,,0
night_fill,20260817-070600_dig5,20260817-070600,5,C:\Users\josep\source\repos\AIOTED-digital-rawdigits\20260817\07\6_main_dig5_20260817-070600.jpg,6,transition,89.29,reading_est 58060; model saw 6; agree,,,0
night_fill,20260819-184155_dig5,20260819-184155,5,C:\Users\josep\source\repos\AIOTED-digital-rawdigits\20260819\18\6_main_dig5_20260819-184155.jpg,6,transition,82.97,reading_est 58164; model saw 6; agree,,,0
night_fill,20260910-174001_dig5,20260910-174001,5,C:\Users\josep\source\repos\AIOTED-digital-rawdigits\20260910\17\6_main_dig5_20260910-174001.jpg,6,transition,84.69,reading_est 58961; model saw 6; agree,,,0
night_fill,20260928-074241_dig5,20260928-074241,5,C:\Users\josep\source\repos\AIOTED-digital-rawdigits\20260928\07\6_main_dig5_20260928-074241.jpg,6,transition,90.90,reading_est 59366; model saw 6; agree,,,0
night_fill,20260822-181350_dig5,20260822-181350,5,C:\Users\josep\source\repos\AIOTED-digital-rawdigits\20260822\18\6_main_dig5_20260822-181350.jpg,6,transition,86.77,reading_est 58269; model saw 6; agree_soft,,,0
night_fill,20260918-160930_dig5,20260918-160930,5,C:\Users\josep\source\repos\AIOTED-digital-rawdigits\20260918\16\6_main_dig5_20260918-160930.jpg,6,transition,84.26,reading_est 59166; model saw 6; agree_soft,,,0
night_fill,20260902-164309_dig5,20260902-164309,5,C:\Users\josep\source\repos\AIOTED-digital-rawdigits\20260902\16\6_main_dig5_20260902-164309.jpg,6,transition,93.97,reading_est 58667; model saw 6; agree,,,0
night_fill,20260819-181355_dig5,20260819-181355,5,C:\Users\josep\source\repos\AIOTED-digital-rawdigits\20260819\18\6_main_dig5_20260819-181355.jpg,6,transition,85.16,reading_est 58163; model saw 6; agree,,,0
night_fill,20260910-170801_dig5,20260910-170801,5,C:\Users\josep\source\repos\AIOTED-digital-rawdigits\20260910\17\6_main_dig5_20260910-170801.jpg,6,transition,88.77,reading_est 58960; model saw 6; agree_soft,,,0
night_fill,20260928-072641_dig5,20260928-072641,5,C:\Users\josep\source\repos\AIOTED-digital-rawdigits\20260928\07\6_main_dig5_20260928-072641.jpg,6,transition,86.24,reading_est 59366; model saw 6; agree,,,0
night_fill,20260822-174550_dig5,20260822-174550,5,C:\Users\josep\source\repos\AIOTED-digital-rawdigits\20260822\17\6_main_dig5_20260822-174550.jpg,6,transition,84.26,reading_est 58268; model saw 6; agree,,,0
night_fill,20260918-170930_dig5,20260918-170930,5,C:\Users\josep\source\repos\AIOTED-digital-rawdigits\20260918\17\6_main_dig5_20260918-170930.jpg,6,transition,82.94,reading_est 59166; model saw 6; agree_soft,,,0
night_fill,20260902-235108_dig6,20260902-235108,6,C:\Users\josep\source\repos\AIOTED-digital-rawdigits\20260902\23\2_main_dig6_20260902-235108.jpg,2,flash,74.29,reading_est 58682; model saw 2; agree,,,0
night_fill,20260917-042933_dig6,20260917-042933,6,C:\Users\josep\source\repos\AIOTED-digital-rawdigits\20260917\04\2_main_dig6_20260917-042933.jpg,2,flash,78.17,reading_est 59132; model saw 2; agree_soft,,,0
night_fill,20260821-030553_dig6,20260821-030553,6,C:\Users\josep\source\repos\AIOTED-digital-rawdigits\20260821\03\2_main_dig6_20260821-030553.jpg,2,flash,77.23,reading_est 58212; model saw 2; agree,,,0
night_fill,20260918-032131_dig6,20260918-032131,6,C:\Users\josep\source\repos\AIOTED-digital-rawdigits\20260918\03\2_main_dig6_20260918-032131.jpg,2,flash,78.17,reading_est 59152; model saw 2; agree_soft,,,0
night_fill,20260831-212133_dig6,20260831-212133,6,C:\Users\josep\source\repos\AIOTED-digital-rawdigits\20260831\21\2_main_dig6_20260831-212133.jpg,2,flash,73.91,reading_est 58592; model saw 2; agree_soft,,,0
night_fill,20260828-190939_dig6,20260828-190939,6,C:\Users\josep\source\repos\AIOTED-digital-rawdigits\20260828\19\2_main_dig6_20260828-190939.jpg,2,flash,77.18,reading_est 58482; model saw 2; agree,,,0
night_fill,20260820-010955_dig6,20260820-010955,6,C:\Users\josep\source\repos\AIOTED-digital-rawdigits\20260820\01\2_main_dig6_20260820-010955.jpg,2,flash,77.94,reading_est 58172; model saw 2; agree,,,0
night_fill,20260907-200323_dig6,20260907-200323,6,C:\Users\josep\source\repos\AIOTED-digital-rawdigits\20260907\20\2_main_dig6_20260907-200323.jpg,2,flash,77.87,reading_est 58862; model saw 2; agree_soft,,,0
night_fill,20260915-190536_dig6,20260915-190536,6,C:\Users\josep\source\repos\AIOTED-digital-rawdigits\20260915\19\2_main_dig6_20260915-190536.jpg,2,flash,78.12,reading_est 59102; model saw 2; agree_soft,,,0
night_fill,20260830-183735_dig6,20260830-183735,6,C:\Users\josep\source\repos\AIOTED-digital-rawdigits\20260830\18\2_main_dig6_20260830-183735.jpg,2,flash,80.96,reading_est 58542; model saw 2; agree,,,0
night_fill,20260826-060543_dig6,20260826-060543,6,C:\Users\josep\source\repos\AIOTED-digital-rawdigits\20260826\06\2_main_dig6_20260826-060543.jpg,2,flash,76.84,reading_est 58382; model saw 2; agree,,,0
night_fill,20260925-061418_dig6,20260925-061418,6,C:\Users\josep\source\repos\AIOTED-digital-rawdigits\20260925\06\2_main_dig6_20260925-061418.jpg,2,flash,77.13,reading_est 59302; model saw 2; agree,,,0
night_fill,20260928-031441_dig6,20260928-031441,6,C:\Users\josep\source\repos\AIOTED-digital-rawdigits\20260928\03\2_main_dig6_20260928-031441.jpg,2,flash,79.17,reading_est 59362; model saw 2; agree_soft,,,0
night_fill,20260906-185125_dig6,20260906-185125,6,C:\Users\josep\source\repos\AIOTED-digital-rawdigits\20260906\18\2_main_dig6_20260906-185125.jpg,2,flash,80.19,reading_est 58822; model saw 2; agree_soft,,,0
night_fill,20260903-000308_dig6,20260903-000308,6,C:\Users\josep\source\repos\AIOTED-digital-rawdigits\20260903\00\2_main_dig6_20260903-000308.jpg,2,flash,74.44,reading_est 58682; model saw 2; agree,,,0
night_fill,20260924-065350_dig6,20260924-065350,6,C:\Users\josep\source\repos\AIOTED-digital-rawdigits\20260924\06\2_main_dig6_20260924-065350.jpg,2,flash,80.26,reading_est 59282; model saw 2; agree_soft,,,0
night_fill,20260816-050202_dig6,20260816-050202,6,C:\Users\josep\source\repos\AIOTED-digital-rawdigits\20260816\05\2_main_dig6_20260816-050202.jpg,2,flash,75.78,reading_est 58022; model saw 2; agree_soft,,,0
night_fill,20260815-190603_dig6,20260815-190603,6,C:\Users\josep\source\repos\AIOTED-digital-rawdigits\20260815\19\2_main_dig6_20260815-190603.jpg,2,flash,78.26,reading_est 58012; model saw 2; agree,,,0
night_fill,20260829-233336_dig6,20260829-233336,6,C:\Users\josep\source\repos\AIOTED-digital-rawdigits\20260829\23\2_main_dig6_20260829-233336.jpg,2,flash,75.23,reading_est 58512; model saw 2; agree,,,0
night_fill,20260919-013730_dig6,20260919-013730,6,C:\Users\josep\source\repos\AIOTED-digital-rawdigits\20260919\01\2_main_dig6_20260919-013730.jpg,2,flash,78.04,reading_est 59172; model saw 2; agree_soft,,,0
night_fill,20260920-211727_dig6,20260920-211727,6,C:\Users\josep\source\repos\AIOTED-digital-rawdigits\20260920\21\2_main_dig6_20260920-211727.jpg,2,flash,77.91,reading_est 59212; model saw 2; agree_soft,,,0
night_fill,20260911-034800_dig6,20260911-034800,6,C:\Users\josep\source\repos\AIOTED-digital-rawdigits\20260911\03\2_main_dig6_20260911-034800.jpg,2,flash,77.17,reading_est 58972; model saw 2; agree,,,0
night_fill,20260824-034547_dig6,20260824-034547,6,C:\Users\josep\source\repos\AIOTED-digital-rawdigits\20260824\03\2_main_dig6_20260824-034547.jpg,2,flash,77.94,reading_est 58312; model saw 2; agree,,,0
night_fill,20260827-000142_dig6,20260827-000142,6,C:\Users\josep\source\repos\AIOTED-digital-rawdigits\20260827\00\2_main_dig6_20260827-000142.jpg,2,flash,76.00,reading_est 58412; model saw 2; agree,,,0
night_fill,20260904-030706_dig6,20260904-030706,6,C:\Users\josep\source\repos\AIOTED-digital-rawdigits\20260904\03\2_main_dig6_20260904-030706.jpg,2,flash,75.23,reading_est 58722; model saw 2; agree_soft,,,0
night_fill,20260930-042238_dig6,20260930-042238,6,C:\Users\josep\source\repos\AIOTED-digital-rawdigits\20260930\04\2_main_dig6_20260930-042238.jpg,2,flash,77.81,reading_est 59402; model saw 2; agree_soft,,,0
night_fill,20260822-192550_dig6,20260822-192550,6,C:\Users\josep\source\repos\AIOTED-digital-rawdigits\20260822\19\2_main_dig6_20260822-192550.jpg,2,flash,78.72,reading_est 58272; model saw 2; agree,,,0
night_fill,20260905-002258_dig6,20260905-002258,6,C:\Users\josep\source\repos\AIOTED-digital-rawdigits\20260905\00\2_main_dig6_20260905-002258.jpg,2,flash,78.16,reading_est 58762; model saw 2; agree,,,0
night_fill,20260914-063338_dig6,20260914-063338,6,C:\Users\josep\source\repos\AIOTED-digital-rawdigits\20260914\06\2_main_dig6_20260914-063338.jpg,2,flash,77.94,reading_est 59062; model saw 2; agree_soft,,,0
night_fill,20260817-211359_dig6,20260817-211359,6,C:\Users\josep\source\repos\AIOTED-digital-rawdigits\20260817\21\2_main_dig6_20260817-211359.jpg,2,flash,76.10,reading_est 58092; model saw 2; agree,,,0
night_fill,20260910-061918_dig6,20260910-061918,6,C:\Users\josep\source\repos\AIOTED-digital-rawdigits\20260910\06\2_main_dig6_20260910-061918.jpg,2,flash,77.93,reading_est 58942; model saw 2; agree,,,0
night_fill,20260917-052933_dig6,20260917-052933,6,C:\Users\josep\source\repos\AIOTED-digital-rawdigits\20260917\05\2_main_dig6_20260917-052933.jpg,2,flash,77.12,reading_est 59132; model saw 2; agree_soft,,,0
night_fill,20260821-034553_dig6,20260821-034553,6,C:\Users\josep\source\repos\AIOTED-digital-rawdigits\20260821\03\2_main_dig6_20260821-034553.jpg,2,flash,76.87,reading_est 58212; model saw 2; agree,,,0
night_fill,20260918-040131_dig6,20260918-040131,6,C:\Users\josep\source\repos\AIOTED-digital-rawdigits\20260918\04\2_main_dig6_20260918-040131.jpg,2,flash,77.87,reading_est 59152; model saw 2; agree_soft,,,0
night_fill,20260831-050534_dig6,20260831-050534,6,C:\Users\josep\source\repos\AIOTED-digital-rawdigits\20260831\05\2_main_dig6_20260831-050534.jpg,2,flash,76.00,reading_est 58552; model saw 2; agree_soft,,,0
night_fill,20260828-030540_dig6,20260828-030540,6,C:\Users\josep\source\repos\AIOTED-digital-rawdigits\20260828\03\2_main_dig6_20260828-030540.jpg,2,flash,76.00,reading_est 58452; model saw 2; agree,,,0
night_fill,20260820-004955_dig6,20260820-004955,6,C:\Users\josep\source\repos\AIOTED-digital-rawdigits\20260820\00\2_main_dig6_20260820-004955.jpg,2,flash,76.91,reading_est 58172; model saw 2; agree,,,0
night_fill,20260907-045924_dig6,20260907-045924,6,C:\Users\josep\source\repos\AIOTED-digital-rawdigits\20260907\04\2_main_dig6_20260907-045924.jpg,2,flash,77.83,reading_est 58832; model saw 2; agree,,,0
night_fill,20260915-194535_dig6,20260915-194535,6,C:\Users\josep\source\repos\AIOTED-digital-rawdigits\20260915\19\2_main_dig6_20260915-194535.jpg,2,flash,77.13,reading_est 59102; model saw 2; agree_soft,,,0
night_fill,20260830-185735_dig6,20260830-185735,6,C:\Users\josep\source\repos\AIOTED-digital-rawdigits\20260830\18\2_main_dig6_20260830-185735.jpg,2,flash,78.32,reading_est 58542; model saw 2; agree_soft,,,0
night_fill,20260826-230942_dig6,20260826-230942,6,C:\Users\josep\source\repos\AIOTED-digital-rawdigits\20260826\23\2_main_dig6_20260826-230942.jpg,2,flash,76.08,reading_est 58412; model saw 2; agree,,,0
night_fill,20260925-064618_dig6,20260925-064618,6,C:\Users\josep\source\repos\AIOTED-digital-rawdigits\20260925\06\2_main_dig6_20260925-064618.jpg,2,flash,78.00,reading_est 59302; model saw 2; agree_soft,,,0
night_fill,20260928-025441_dig6,20260928-025441,6,C:\Users\josep\source\repos\AIOTED-digital-rawdigits\20260928\02\2_main_dig6_20260928-025441.jpg,2,flash,79.00,reading_est 59362; model saw 2; agree_soft,,,0
night_fill,20260906-185925_dig6,20260906-185925,6,C:\Users\josep\source\repos\AIOTED-digital-rawdigits\20260906\18\2_main_dig6_20260906-185925.jpg,2,flash,79.24,reading_est 58822; model saw 2; agree_soft,,,0
night_fill,20260903-185907_dig6,20260903-185907,6,C:\Users\josep\source\repos\AIOTED-digital-rawdigits\20260903\18\2_main_dig6_20260903-185907.jpg,2,flash,79.86,reading_est 58712; model saw 2; agree,,,0
night_fill,20260816-205801_dig6,20260816-205801,6,C:\Users\josep\source\repos\AIOTED-digital-rawdigits\20260816\20\2_main_dig6_20260816-205801.jpg,2,flash,75.13,reading_est 58052; model saw 2; agree,,,0
night_fill,20260815-191803_dig6,20260815-191803,6,C:\Users\josep\source\repos\AIOTED-digital-rawdigits\20260815\19\2_main_dig6_20260815-191803.jpg,2,flash,77.03,reading_est 58012; model saw 2; agree_soft,,,0
night_fill,20260829-054938_dig6,20260829-054938,6,C:\Users\josep\source\repos\AIOTED-digital-rawdigits\20260829\05\2_main_dig6_20260829-054938.jpg,2,flash,75.29,reading_est 58492; model saw 2; agree,,,0
night_fill,20260919-015730_dig6,20260919-015730,6,C:\Users\josep\source\repos\AIOTED-digital-rawdigits\20260919\01\2_main_dig6_20260919-015730.jpg,2,flash,77.81,reading_est 59172; model saw 2; agree_soft,,,0
night_fill,20260920-213727_dig6,20260920-213727,6,C:\Users\josep\source\repos\AIOTED-digital-rawdigits\20260920\21\2_main_dig6_20260920-213727.jpg,2,flash,78.17,reading_est 59212; model saw 2; agree,,,0
night_fill,20260911-035600_dig6,20260911-035600,6,C:\Users\josep\source\repos\AIOTED-digital-rawdigits\20260911\03\2_main_dig6_20260911-035600.jpg,2,flash,76.97,reading_est 58972; model saw 2; agree,,,0
night_fill,20260824-040547_dig6,20260824-040547,6,C:\Users\josep\source\repos\AIOTED-digital-rawdigits\20260824\04\2_main_dig6_20260824-040547.jpg,2,flash,77.94,reading_est 58312; model saw 2; agree,,,0
night_fill,20260827-000942_dig6,20260827-000942,6,C:\Users\josep\source\repos\AIOTED-digital-rawdigits\20260827\00\2_main_dig6_20260827-000942.jpg,2,flash,76.00,reading_est 58412; model saw 2; agree_soft,,,0
night_fill,20260904-023506_dig6,20260904-023506,6,C:\Users\josep\source\repos\AIOTED-digital-rawdigits\20260904\02\2_main_dig6_20260904-023506.jpg,2,flash,76.22,reading_est 58722; model saw 2; agree,,,0
night_fill,20260930-035438_dig6,20260930-035438,6,C:\Users\josep\source\repos\AIOTED-digital-rawdigits\20260930\03\2_main_dig6_20260930-035438.jpg,2,flash,77.81,reading_est 59402; model saw 2; agree_soft,,,0
night_fill,20260822-001751_dig6,20260822-001751,6,C:\Users\josep\source\repos\AIOTED-digital-rawdigits\20260822\00\2_main_dig6_20260822-001751.jpg,2,flash,76.23,reading_est 58242; model saw 2; agree,,,0
night_fill,20260912-074027_dig6,20260912-074027,6,C:\Users\josep\source\repos\AIOTED-digital-rawdigits\20260912\07\2_main_dig6_20260912-074027.jpg,2,transition,84.93,reading_est 59012; model saw 2; agree_soft,,,0
night_fill,20260824-182146_dig6,20260824-182146,6,C:\Users\josep\source\repos\AIOTED-digital-rawdigits\20260824\18\2_main_dig6_20260824-182146.jpg,2,transition,92.96,reading_est 58332; model saw 2; agree,,,0
night_fill,20260904-183459_dig6,20260904-183459,6,C:\Users\josep\source\repos\AIOTED-digital-rawdigits\20260904\18\2_main_dig6_20260904-183459.jpg,2,transition,83.03,reading_est 58752; model saw 2; agree_soft,,,0
night_fill,20260913-180939_dig6,20260913-180939,6,C:\Users\josep\source\repos\AIOTED-digital-rawdigits\20260913\18\2_main_dig6_20260913-180939.jpg,2,transition,82.90,reading_est 59052; model saw 2; agree_soft,,,0
night_fill,20260910-065118_dig6,20260910-065118,6,C:\Users\josep\source\repos\AIOTED-digital-rawdigits\20260910\06\2_main_dig6_20260910-065118.jpg,2,transition,81.12,reading_est 58942; model saw 2; agree,,,0
night_fill,20260902-181509_dig6,20260902-181509,6,C:\Users\josep\source\repos\AIOTED-digital-rawdigits\20260902\18\2_main_dig6_20260902-181509.jpg,2,transition,82.25,reading_est 58672; model saw 2; agree,,,0
night_fill,20260826-065343_dig6,20260826-065343,6,C:\Users\josep\source\repos\AIOTED-digital-rawdigits\20260826\06\2_main_dig6_20260826-065343.jpg,2,transition,83.16,reading_est 58382; model saw 2; agree_soft,,,0
night_fill,20260922-170523_dig6,20260922-170523,6,C:\Users\josep\source\repos\AIOTED-digital-rawdigits\20260922\17\2_main_dig6_20260922-170523.jpg,2,transition,90.24,reading_est 59252; model saw 2; agree_soft,,,0
night_fill,20260924-170618_dig6,20260924-170618,6,C:\Users\josep\source\repos\AIOTED-digital-rawdigits\20260924\17\2_main_dig6_20260924-170618.jpg,2,transition,86.12,reading_est 59292; model saw 2; agree,,,0
night_fill,20260823-181748_dig6,20260823-181748,6,C:\Users\josep\source\repos\AIOTED-digital-rawdigits\20260823\18\2_main_dig6_20260823-181748.jpg,2,transition,84.97,reading_est 58302; model saw 2; agree,,,0
night_fill,20260905-090258_dig6,20260905-090258,6,C:\Users\josep\source\repos\AIOTED-digital-rawdigits\20260905\09\2_main_dig6_20260905-090258.jpg,2,transition,93.21,reading_est 58772; model saw 2; agree,,,0
night_fill,20260906-181925_dig6,20260906-181925,6,C:\Users\josep\source\repos\AIOTED-digital-rawdigits\20260906\18\2_main_dig6_20260906-181925.jpg,2,transition,82.90,reading_est 58822; model saw 2; agree_soft,,,0
night_fill,20260907-064724_dig6,20260907-064724,6,C:\Users\josep\source\repos\AIOTED-digital-rawdigits\20260907\06\2_main_dig6_20260907-064724.jpg,2,transition,81.12,reading_est 58832; model saw 2; agree_soft,,,0
night_fill,20260817-170559_dig6,20260817-170559,6,C:\Users\josep\source\repos\AIOTED-digital-rawdigits\20260817\17\2_main_dig6_20260817-170559.jpg,2,transition,91.07,reading_est 58082; model saw 2; agree_soft,,,0
night_fill,20260819-172155_dig6,20260819-172155,6,C:\Users\josep\source\repos\AIOTED-digital-rawdigits\20260819\17\2_main_dig6_20260819-172155.jpg,2,transition,94.26,reading_est 58162; model saw 2; agree,,,0
night_fill,20260831-173333_dig6,20260831-173333,6,C:\Users\josep\source\repos\AIOTED-digital-rawdigits\20260831\17\2_main_dig6_20260831-173333.jpg,2,transition,85.69,reading_est 58582; model saw 2; agree_soft,,,0
night_fill,20260903-083108_dig6,20260903-083108,6,C:\Users\josep\source\repos\AIOTED-digital-rawdigits\20260903\08\2_main_dig6_20260903-083108.jpg,2,transition,83.18,reading_est 58692; model saw 2; agree,,,0
night_fill,20260820-181753_dig6,20260820-181753,6,C:\Users\josep\source\repos\AIOTED-digital-rawdigits\20260820\18\2_main_dig6_20260820-181753.jpg,2,transition,86.29,reading_est 58202; model saw 2; agree,,,0
night_fill,20260914-162138_dig6,20260914-162138,6,C:\Users\josep\source\repos\AIOTED-digital-rawdigits\20260914\16\2_main_dig6_20260914-162138.jpg,2,transition,92.97,reading_est 59072; model saw 2; agree_soft,,,0
night_fill,20260908-090322_dig6,20260908-090322,6,C:\Users\josep\source\repos\AIOTED-digital-rawdigits\20260908\09\2_main_dig6_20260908-090322.jpg,2,transition,85.12,reading_est 58872; model saw 2; agree_soft,,,0
night_fill,20260821-164952_dig6,20260821-164952,6,C:\Users\josep\source\repos\AIOTED-digital-rawdigits\20260821\16\2_main_dig6_20260821-164952.jpg,2,transition,85.77,reading_est 58232; model saw 2; agree,,,0
night_fill,20260827-182541_dig6,20260827-182541,6,C:\Users\josep\source\repos\AIOTED-digital-rawdigits\20260827\18\2_main_dig6_20260827-182541.jpg,2,transition,84.05,reading_est 58442; model saw 2; agree_soft,,,0
night_fill,20260919-135329_dig6,20260919-135329,6,C:\Users\josep\source\repos\AIOTED-digital-rawdigits\20260919\13\2_main_dig6_20260919-135329.jpg,2,transition,94.12,reading_est 59182; model saw 2; agree,,,0
night_fill,20260921-174925_dig6,20260921-174925,6,C:\Users\josep\source\repos\AIOTED-digital-rawdigits\20260921\17\2_main_dig6_20260921-174925.jpg,2,transition,86.24,reading_est 59232; model saw 2; agree_soft,,,0
night_fill,20260917-145332_dig6,20260917-145332,6,C:\Users\josep\source\repos\AIOTED-digital-rawdigits\20260917\14\2_main_dig6_20260917-145332.jpg,2,transition,93.12,reading_est 59142; model saw 2; agree,,,0
night_fill,20260830-144135_dig6,20260830-144135,6,C:\Users\josep\source\repos\AIOTED-digital-rawdigits\20260830\14\2_main_dig6_20260830-144135.jpg,2,transition,94.97,reading_est 58532; model saw 2; agree,,,0
night_fill,20260829-143337_dig6,20260829-143337,6,C:\Users\josep\source\repos\AIOTED-digital-rawdigits\20260829\14\2_main_dig6_20260829-143337.jpg,2,transition,86.77,reading_est 58502; model saw 2; agree,,,0
night_fill,20260912-074827_dig6,20260912-074827,6,C:\Users\josep\source\repos\AIOTED-digital-rawdigits\20260912\07\2_main_dig6_20260912-074827.jpg,2,transition,90.69,reading_est 59012; model saw 2; agree,,,0
night_fill,20260824-180546_dig6,20260824-180546,6,C:\Users\josep\source\repos\AIOTED-digital-rawdigits\20260824\18\2_main_dig6_20260824-180546.jpg,2,transition,94.26,reading_est 58332; model saw 2; agree,,,0
night_fill,20260904-182659_dig6,20260904-182659,6,C:\Users\josep\source\repos\AIOTED-digital-rawdigits\20260904\18\2_main_dig6_20260904-182659.jpg,2,transition,84.12,reading_est 58752; model saw 2; agree,,,0
night_fill,20260913-174939_dig6,20260913-174939,6,C:\Users\josep\source\repos\AIOTED-digital-rawdigits\20260913\17\2_main_dig6_20260913-174939.jpg,2,transition,84.97,reading_est 59052; model saw 2; agree,,,0
night_fill,20260910-175201_dig6,20260910-175201,6,C:\Users\josep\source\repos\AIOTED-digital-rawdigits\20260910\17\2_main_dig6_20260910-175201.jpg,2,transition,83.74,reading_est 58962; model saw 2; agree,,,0
night_fill,20260902-091510_dig6,20260902-091510,6,C:\Users\josep\source\repos\AIOTED-digital-rawdigits\20260902\09\2_main_dig6_20260902-091510.jpg,2,transition,85.97,reading_est 58652; model saw 2; agree,,,0
night_fill,20260826-165342_dig6,20260826-165342,6,C:\Users\josep\source\repos\AIOTED-digital-rawdigits\20260826\16\2_main_dig6_20260826-165342.jpg,2,transition,94.98,reading_est 58402; model saw 2; agree,,,0
night_fill,20260922-180523_dig6,20260922-180523,6,C:\Users\josep\source\repos\AIOTED-digital-rawdigits\20260922\18\2_main_dig6_20260922-180523.jpg,2,transition,83.97,reading_est 59252; model saw 2; agree_soft,,,0
night_fill,20260924-164619_dig6,20260924-164619,6,C:\Users\josep\source\repos\AIOTED-digital-rawdigits\20260924\16\2_main_dig6_20260924-164619.jpg,2,transition,87.97,reading_est 59292; model saw 2; agree,,,0
night_fill,20260823-182948_dig6,20260823-182948,6,C:\Users\josep\source\repos\AIOTED-digital-rawdigits\20260823\18\2_main_dig6_20260823-182948.jpg,2,transition,83.97,reading_est 58302; model saw 2; agree,,,0
night_fill,20260905-085058_dig6,20260905-085058,6,C:\Users\josep\source\repos\AIOTED-digital-rawdigits\20260905\08\2_main_dig6_20260905-085058.jpg,2,transition,92.98,reading_est 58772; model saw 2; agree,,,0
night_fill,20260906-183925_dig6,20260906-183925,6,C:\Users\josep\source\repos\AIOTED-digital-rawdigits\20260906\18\2_main_dig6_20260906-183925.jpg,2,transition,81.93,reading_est 58822; model saw 2; agree_soft,,,0
night_fill,20260819-173355_dig6,20260819-173355,6,C:\Users\josep\source\repos\AIOTED-digital-rawdigits\20260819\17\2_main_dig6_20260819-173355.jpg,2,transition,93.86,reading_est 58162; model saw 2; agree_soft,,,0
night_fill,20260903-083908_dig6,20260903-083908,6,C:\Users\josep\source\repos\AIOTED-digital-rawdigits\20260903\08\2_main_dig6_20260903-083908.jpg,2,transition,85.83,reading_est 58692; model saw 2; agree,,,0
night_fill,20260911-233228_dig4,20260911-233228,4,C:\Users\josep\source\repos\AIOTED-digital-rawdigits\20260911\23\0_main_dig4_20260911-233228.jpg,0,flash,77.86,reading_est 59006; model saw 0; agree_soft,,,0
night_fill,20260914-221337_dig4,20260914-221337,4,C:\Users\josep\source\repos\AIOTED-digital-rawdigits\20260914\22\0_main_dig4_20260914-221337.jpg,0,flash,77.16,reading_est 59080; model saw 0; agree,,,0
night_fill,20260817-192559_dig4,20260817-192559,4,C:\Users\josep\source\repos\AIOTED-digital-rawdigits\20260817\19\0_main_dig4_20260817-192559.jpg,0,flash,78.26,reading_est 58089; model saw 0; agree,,,0
night_fill,20260912-210058_dig4,20260912-210058,4,C:\Users\josep\source\repos\AIOTED-digital-rawdigits\20260912\21\0_main_dig4_20260912-210058.jpg,0,flash,77.22,reading_est 59034; model saw 0; agree,,,0
night_fill,20260915-065737_dig4,20260915-065737,4,C:\Users\josep\source\repos\AIOTED-digital-rawdigits\20260915\06\0_main_dig4_20260915-065737.jpg,0,flash,78.84,reading_est 59084; model saw 0; agree,,,0
night_fill,20260913-024057_dig4,20260913-024057,4,C:\Users\josep\source\repos\AIOTED-digital-rawdigits\20260913\02\0_main_dig4_20260913-024057.jpg,0,flash,78.08,reading_est 59036; model saw 0; agree,,,0
night_fill,20260816-014602_dig4,20260816-014602,4,C:\Users\josep\source\repos\AIOTED-digital-rawdigits\20260816\01\0_main_dig4_20260816-014602.jpg,0,flash,75.07,reading_est 58020; model saw 0; agree,,,0
night_fill,20260815-223403_dig4,20260815-223403,4,C:\Users\josep\source\repos\AIOTED-digital-rawdigits\20260815\22\0_main_dig4_20260815-223403.jpg,0,flash,75.09,reading_est 58016; model saw 0; agree,,,0
night_fill,20260911-193228_dig4,20260911-193228,4,C:\Users\josep\source\repos\AIOTED-digital-rawdigits\20260911\19\0_main_dig4_20260911-193228.jpg,0,flash,77.17,reading_est 59000; model saw 0; agree_soft,,,0
night_fill,20260914-220937_dig4,20260914-220937,4,C:\Users\josep\source\repos\AIOTED-digital-rawdigits\20260914\22\0_main_dig4_20260914-220937.jpg,0,flash,77.00,reading_est 59080; model saw 0; agree,,,0
night_fill,20260817-212159_dig4,20260817-212159,4,C:\Users\josep\source\repos\AIOTED-digital-rawdigits\20260817\21\0_main_dig4_20260817-212159.jpg,0,flash,76.12,reading_est 58092; model saw 0; agree,,,0
night_fill,20260912-062827_dig4,20260912-062827,4,C:\Users\josep\source\repos\AIOTED-digital-rawdigits\20260912\06\0_main_dig4_20260912-062827.jpg,0,flash,77.93,reading_est 59010; model saw 0; agree,,,0
night_fill,20260915-000137_dig4,20260915-000137,4,C:\Users\josep\source\repos\AIOTED-digital-rawdigits\20260915\00\0_main_dig4_20260915-000137.jpg,0,flash,76.86,reading_est 59080; model saw 0; agree,,,0
night_fill,20260913-040057_dig4,20260913-040057,4,C:\Users\josep\source\repos\AIOTED-digital-rawdigits\20260913\04\0_main_dig4_20260913-040057.jpg,0,flash,77.86,reading_est 59039; model saw 0; agree,,,0
night_fill,20260816-010603_dig4,20260816-010603,4,C:\Users\josep\source\repos\AIOTED-digital-rawdigits\20260816\01\0_main_dig4_20260816-010603.jpg,0,flash,75.09,reading_est 58019; model saw 0; agree,,,0
night_fill,20260815-185803_dig4,20260815-185803,4,C:\Users\josep\source\repos\AIOTED-digital-rawdigits\20260815\18\0_main_dig4_20260815-185803.jpg,0,flash,78.97,reading_est 58011; model saw 0; agree,,,0
night_fill,20260911-212028_dig4,20260911-212028,4,C:\Users\josep\source\repos\AIOTED-digital-rawdigits\20260911\21\0_main_dig4_20260911-212028.jpg,0,flash,78.08,reading_est 59004; model saw 0; agree_soft,,,0
night_fill,20260914-234137_dig4,20260914-234137,4,C:\Users\josep\source\repos\AIOTED-digital-rawdigits\20260914\23\0_main_dig4_20260914-234137.jpg,0,flash,76.81,reading_est 59080; model saw 0; agree,,,0
night_fill,20260817-062600_dig4,20260817-062600,4,C:\Users\josep\source\repos\AIOTED-digital-rawdigits\20260817\06\0_main_dig4_20260817-062600.jpg,0,flash,80.97,reading_est 58059; model saw 0; agree,,,0
night_fill,20260912-004828_dig4,20260912-004828,4,C:\Users\josep\source\repos\AIOTED-digital-rawdigits\20260912\00\0_main_dig4_20260912-004828.jpg,0,flash,78.10,reading_est 59006; model saw 0; agree_soft,,,0
night_fill,20260915-050137_dig4,20260915-050137,4,C:\Users\josep\source\repos\AIOTED-digital-rawdigits\20260915\05\0_main_dig4_20260915-050137.jpg,0,flash,77.12,reading_est 59084; model saw 0; agree,,,0
night_fill,20260913-211739_dig4,20260913-211739,4,C:\Users\josep\source\repos\AIOTED-digital-rawdigits\20260913\21\0_main_dig4_20260913-211739.jpg,0,flash,77.16,reading_est 59056; model saw 0; agree,,,0
night_fill,20260816-004603_dig4,20260816-004603,4,C:\Users\josep\source\repos\AIOTED-digital-rawdigits\20260816\00\0_main_dig4_20260816-004603.jpg,0,flash,75.12,reading_est 58019; model saw 0; agree,,,0
night_fill,20260815-201402_dig4,20260815-201402,4,C:\Users\josep\source\repos\AIOTED-digital-rawdigits\20260815\20\0_main_dig4_20260815-201402.jpg,0,flash,75.23,reading_est 58014; model saw 0; agree,,,0
night_fill,20260911-204028_dig4,20260911-204028,4,C:\Users\josep\source\repos\AIOTED-digital-rawdigits\20260911\20\0_main_dig4_20260911-204028.jpg,0,flash,77.10,reading_est 59003; model saw 0; agree_soft,,,0
night_fill,20260914-025739_dig4,20260914-025739,4,C:\Users\josep\source\repos\AIOTED-digital-rawdigits\20260914\02\0_main_dig4_20260914-025739.jpg,0,flash,76.93,reading_est 59060; model saw 0; agree,,,0
night_fill,20260817-220159_dig4,20260817-220159,4,C:\Users\josep\source\repos\AIOTED-digital-rawdigits\20260817\22\0_main_dig4_20260817-220159.jpg,0,flash,76.85,reading_est 58093; model saw 0; agree,,,0
night_fill,20260912-030028_dig4,20260912-030028,4,C:\Users\josep\source\repos\AIOTED-digital-rawdigits\20260912\03\0_main_dig4_20260912-030028.jpg,0,flash,77.93,reading_est 59006; model saw 0; agree_soft,,,0
night_fill,20260915-012937_dig4,20260915-012937,4,C:\Users\josep\source\repos\AIOTED-digital-rawdigits\20260915\01\0_main_dig4_20260915-012937.jpg,0,flash,76.87,reading_est 59080; model saw 0; agree,,,0
night_fill,20260913-003257_dig4,20260913-003257,4,C:\Users\josep\source\repos\AIOTED-digital-rawdigits\20260913\00\0_main_dig4_20260913-003257.jpg,0,flash,78.16,reading_est 59036; model saw 0; agree,,,0
night_fill,20260816-235001_dig4,20260816-235001,4,C:\Users\josep\source\repos\AIOTED-digital-rawdigits\20260816\23\0_main_dig4_20260816-235001.jpg,0,flash,76.86,reading_est 58055; model saw 0; agree,,,0
night_fill,20260815-215403_dig4,20260815-215403,4,C:\Users\josep\source\repos\AIOTED-digital-rawdigits\20260815\21\0_main_dig4_20260815-215403.jpg,0,flash,75.17,reading_est 58016; model saw 0; agree,,,0
night_fill,20260911-205228_dig4,20260911-205228,4,C:\Users\josep\source\repos\AIOTED-digital-rawdigits\20260911\20\0_main_dig4_20260911-205228.jpg,0,flash,77.09,reading_est 59003; model saw 0; agree_soft,,,0
night_fill,20260914-202137_dig4,20260914-202137,4,C:\Users\josep\source\repos\AIOTED-digital-rawdigits\20260914\20\0_main_dig4_20260914-202137.jpg,0,flash,77.00,reading_est 59080; model saw 0; agree,,,0
night_fill,20260817-185359_dig4,20260817-185359,4,C:\Users\josep\source\repos\AIOTED-digital-rawdigits\20260817\18\0_main_dig4_20260817-185359.jpg,0,flash,80.12,reading_est 58088; model saw 0; agree,,,0
night_fill,20260912-004028_dig4,20260912-004028,4,C:\Users\josep\source\repos\AIOTED-digital-rawdigits\20260912\00\0_main_dig4_20260912-004028.jpg,0,flash,77.94,reading_est 59006; model saw 0; agree_soft,,,0
night_fill,20260915-062136_dig4,20260915-062136,4,C:\Users\josep\source\repos\AIOTED-digital-rawdigits\20260915\06\0_main_dig4_20260915-062136.jpg,0,flash,77.08,reading_est 59084; model saw 0; agree,,,0
night_fill,20260913-024857_dig4,20260913-024857,4,C:\Users\josep\source\repos\AIOTED-digital-rawdigits\20260913\02\0_main_dig4_20260913-024857.jpg,0,flash,78.00,reading_est 59036; model saw 0; agree,,,0
night_fill,20260816-022602_dig4,20260816-022602,4,C:\Users\josep\source\repos\AIOTED-digital-rawdigits\20260816\02\0_main_dig4_20260816-022602.jpg,0,flash,75.09,reading_est 58020; model saw 0; agree,,,0
night_fill,20260815-235403_dig4,20260815-235403,4,C:\Users\josep\source\repos\AIOTED-digital-rawdigits\20260815\23\0_main_dig4_20260815-235403.jpg,0,flash,75.17,reading_est 58019; model saw 0; agree,,,0
night_fill,20260911-200028_dig4,20260911-200028,4,C:\Users\josep\source\repos\AIOTED-digital-rawdigits\20260911\20\0_main_dig4_20260911-200028.jpg,0,flash,77.17,reading_est 59002; model saw 0; agree_soft,,,0
night_fill,20260914-062538_dig4,20260914-062538,4,C:\Users\josep\source\repos\AIOTED-digital-rawdigits\20260914\06\0_main_dig4_20260914-062538.jpg,0,flash,77.17,reading_est 59062; model saw 0; agree,,,0
night_fill,20260817-023001_dig4,20260817-023001,4,C:\Users\josep\source\repos\AIOTED-digital-rawdigits\20260817\02\0_main_dig4_20260817-023001.jpg,0,flash,76.71,reading_est 58056; model saw 0; agree,,,0
night_fill,20260912-050827_dig4,20260912-050827,4,C:\Users\josep\source\repos\AIOTED-digital-rawdigits\20260912\05\0_main_dig4_20260912-050827.jpg,0,flash,77.86,reading_est 59009; model saw 0; agree,,,0
night_fill,20260915-004137_dig4,20260915-004137,4,C:\Users\josep\source\repos\AIOTED-digital-rawdigits\20260915\00\0_main_dig4_20260915-004137.jpg,0,flash,76.86,reading_est 59080; model saw 0; agree,,,0
night_fill,20260913-201739_dig4,20260913-201739,4,C:\Users\josep\source\repos\AIOTED-digital-rawdigits\20260913\20\0_main_dig4_20260913-201739.jpg,0,flash,77.22,reading_est 59056; model saw 0; agree,,,0
night_fill,20260816-020602_dig4,20260816-020602,4,C:\Users\josep\source\repos\AIOTED-digital-rawdigits\20260816\02\0_main_dig4_20260816-020602.jpg,0,flash,75.17,reading_est 58020; model saw 0; agree,,,0
night_fill,20260815-224603_dig4,20260815-224603,4,C:\Users\josep\source\repos\AIOTED-digital-rawdigits\20260815\22\0_main_dig4_20260815-224603.jpg,0,flash,75.11,reading_est 58017; model saw 0; agree,,,0
night_fill,20260911-221228_dig4,20260911-221228,4,C:\Users\josep\source\repos\AIOTED-digital-rawdigits\20260911\22\0_main_dig4_20260911-221228.jpg,0,flash,77.62,reading_est 59004; model saw 0; agree_soft,,,0
night_fill,20260914-212137_dig4,20260914-212137,4,C:\Users\josep\source\repos\AIOTED-digital-rawdigits\20260914\21\0_main_dig4_20260914-212137.jpg,0,flash,76.78,reading_est 59080; model saw 0; agree,,,0
night_fill,20260817-060600_dig4,20260817-060600,4,C:\Users\josep\source\repos\AIOTED-digital-rawdigits\20260817\06\0_main_dig4_20260817-060600.jpg,0,flash,78.80,reading_est 58059; model saw 0; agree,,,0
night_fill,20260912-203258_dig4,20260912-203258,4,C:\Users\josep\source\repos\AIOTED-digital-rawdigits\20260912\20\0_main_dig4_20260912-203258.jpg,0,flash,78.22,reading_est 59034; model saw 0; agree,,,0
night_fill,20260915-012137_dig4,20260915-012137,4,C:\Users\josep\source\repos\AIOTED-digital-rawdigits\20260915\01\0_main_dig4_20260915-012137.jpg,0,flash,76.87,reading_est 59080; model saw 0; agree,,,0
night_fill,20260913-030857_dig4,20260913-030857,4,C:\Users\josep\source\repos\AIOTED-digital-rawdigits\20260913\03\0_main_dig4_20260913-030857.jpg,0,flash,78.00,reading_est 59037; model saw 0; agree,,,0
night_fill,20260816-064202_dig4,20260816-064202,4,C:\Users\josep\source\repos\AIOTED-digital-rawdigits\20260816\06\0_main_dig4_20260816-064202.jpg,0,flash,78.90,reading_est 58025; model saw 0; agree,,,0
night_fill,20260815-230603_dig4,20260815-230603,4,C:\Users\josep\source\repos\AIOTED-digital-rawdigits\20260815\23\0_main_dig4_20260815-230603.jpg,0,flash,75.64,reading_est 58017; model saw 0; agree,,,0
night_fill,20260911-225228_dig4,20260911-225228,4,C:\Users\josep\source\repos\AIOTED-digital-rawdigits\20260911\22\0_main_dig4_20260911-225228.jpg,0,flash,77.86,reading_est 59006; model saw 0; agree_soft,,,0
night_fill,20260914-061338_dig4,20260914-061338,4,C:\Users\josep\source\repos\AIOTED-digital-rawdigits\20260914\06\0_main_dig4_20260914-061338.jpg,0,flash,76.86,reading_est 59061; model saw 0; agree,,,0
night_fill,20260817-025000_dig4,20260817-025000,4,C:\Users\josep\source\repos\AIOTED-digital-rawdigits\20260817\02\0_main_dig4_20260817-025000.jpg,0,flash,76.13,reading_est 58057; model saw 0; agree,,,0
night_fill,20260912-054027_dig4,20260912-054027,4,C:\Users\josep\source\repos\AIOTED-digital-rawdigits\20260912\05\0_main_dig4_20260912-054027.jpg,0,flash,77.93,reading_est 59010; model saw 0; agree,,,0
night_fill,20260915-055737_dig4,20260915-055737,4,C:\Users\josep\source\repos\AIOTED-digital-rawdigits\20260915\05\0_main_dig4_20260915-055737.jpg,0,flash,77.81,reading_est 59084; model saw 0; agree,,,0
night_fill,20260913-020057_dig4,20260913-020057,4,C:\Users\josep\source\repos\AIOTED-digital-rawdigits\20260913\02\0_main_dig4_20260913-020057.jpg,0,flash,78.08,reading_est 59036; model saw 0; agree,,,0
night_fill,20260816-030602_dig4,20260816-030602,4,C:\Users\josep\source\repos\AIOTED-digital-rawdigits\20260816\03\0_main_dig4_20260816-030602.jpg,0,flash,75.17,reading_est 58020; model saw 0; agree,,,0
night_fill,20260815-233403_dig4,20260815-233403,4,C:\Users\josep\source\repos\AIOTED-digital-rawdigits\20260815\23\0_main_dig4_20260815-233403.jpg,0,flash,75.13,reading_est 58018; model saw 0; agree,,,0
night_fill,20260911-211228_dig4,20260911-211228,4,C:\Users\josep\source\repos\AIOTED-digital-rawdigits\20260911\21\0_main_dig4_20260911-211228.jpg,0,flash,77.94,reading_est 59003; model saw 0; agree_soft,,,0
night_fill,20260914-232137_dig4,20260914-232137,4,C:\Users\josep\source\repos\AIOTED-digital-rawdigits\20260914\23\0_main_dig4_20260914-232137.jpg,0,flash,77.00,reading_est 59080; model saw 0; agree,,,0
night_fill,20260817-210559_dig4,20260817-210559,4,C:\Users\josep\source\repos\AIOTED-digital-rawdigits\20260817\21\0_main_dig4_20260817-210559.jpg,0,flash,75.10,reading_est 58092; model saw 0; agree,,,0
night_fill,20260912-032827_dig4,20260912-032827,4,C:\Users\josep\source\repos\AIOTED-digital-rawdigits\20260912\03\0_main_dig4_20260912-032827.jpg,0,flash,77.93,reading_est 59008; model saw 0; agree,,,0
night_fill,20260915-030937_dig4,20260915-030937,4,C:\Users\josep\source\repos\AIOTED-digital-rawdigits\20260915\03\0_main_dig4_20260915-030937.jpg,0,flash,76.85,reading_est 59084; model saw 0; agree,,,0
night_fill,20260913-213739_dig4,20260913-213739,4,C:\Users\josep\source\repos\AIOTED-digital-rawdigits\20260913\21\0_main_dig4_20260913-213739.jpg,0,flash,77.16,reading_est 59056; model saw 0; agree,,,0
night_fill,20260816-050202_dig4,20260816-050202,4,C:\Users\josep\source\repos\AIOTED-digital-rawdigits\20260816\05\0_main_dig4_20260816-050202.jpg,0,flash,75.78,reading_est 58022; model saw 0; agree,,,0
night_fill,20260815-184603_dig4,20260815-184603,4,C:\Users\josep\source\repos\AIOTED-digital-rawdigits\20260815\18\0_main_dig4_20260815-184603.jpg,0,flash,79.22,reading_est 58011; model saw 0; agree,,,0
night_fill,20260911-194028_dig4,20260911-194028,4,C:\Users\josep\source\repos\AIOTED-digital-rawdigits\20260911\19\0_main_dig4_20260911-194028.jpg,0,flash,77.22,reading_est 59000; model saw 0; agree_soft,,,0
night_fill,20260914-195337_dig4,20260914-195337,4,C:\Users\josep\source\repos\AIOTED-digital-rawdigits\20260914\19\0_main_dig4_20260914-195337.jpg,0,flash,77.00,reading_est 59080; model saw 0; agree,,,0
night_fill,20260817-190559_dig4,20260817-190559,4,C:\Users\josep\source\repos\AIOTED-digital-rawdigits\20260817\19\0_main_dig4_20260817-190559.jpg,0,flash,78.94,reading_est 58088; model saw 0; agree,,,0
night_fill,20260912-044027_dig4,20260912-044027,4,C:\Users\josep\source\repos\AIOTED-digital-rawdigits\20260912\04\0_main_dig4_20260912-044027.jpg,0,flash,78.09,reading_est 59009; model saw 0; agree,,,0
night_fill,20260915-024137_dig4,20260915-024137,4,C:\Users\josep\source\repos\AIOTED-digital-rawdigits\20260915\02\0_main_dig4_20260915-024137.jpg,0,flash,76.86,reading_est 59084; model saw 0; agree,,,0
night_fill,20260913-011257_dig4,20260913-011257,4,C:\Users\josep\source\repos\AIOTED-digital-rawdigits\20260913\01\0_main_dig4_20260913-011257.jpg,0,flash,77.81,reading_est 59036; model saw 0; agree,,,0
night_fill,20260816-005403_dig4,20260816-005403,4,C:\Users\josep\source\repos\AIOTED-digital-rawdigits\20260816\00\0_main_dig4_20260816-005403.jpg,0,flash,75.10,reading_est 58019; model saw 0; agree,,,0
night_fill,20260815-190603_dig4,20260815-190603,4,C:\Users\josep\source\repos\AIOTED-digital-rawdigits\20260815\19\0_main_dig4_20260815-190603.jpg,0,flash,78.26,reading_est 58012; model saw 0; agree,,,0
night_fill,20260911-195228_dig4,20260911-195228,4,C:\Users\josep\source\repos\AIOTED-digital-rawdigits\20260911\19\0_main_dig4_20260911-195228.jpg,0,flash,77.89,reading_est 59001; model saw 0; agree_soft,,,0
night_fill,20260914-211337_dig4,20260914-211337,4,C:\Users\josep\source\repos\AIOTED-digital-rawdigits\20260914\21\0_main_dig4_20260914-211337.jpg,0,flash,77.10,reading_est 59080; model saw 0; agree,,,0
night_fill,20260817-001801_dig4,20260817-001801,4,C:\Users\josep\source\repos\AIOTED-digital-rawdigits\20260817\00\0_main_dig4_20260817-001801.jpg,0,flash,77.00,reading_est 58055; model saw 0; agree,,,0
night_fill,20260912-064827_dig4,20260912-064827,4,C:\Users\josep\source\repos\AIOTED-digital-rawdigits\20260912\06\0_main_dig4_20260912-064827.jpg,0,flash,80.93,reading_est 59011; model saw 0; agree,,,0
night_fill,20260915-020137_dig4,20260915-020137,4,C:\Users\josep\source\repos\AIOTED-digital-rawdigits\20260915\02\0_main_dig4_20260915-020137.jpg,0,flash,76.12,reading_est 59084; model saw 0; agree,,,0
night_fill,20260913-052857_dig4,20260913-052857,4,C:\Users\josep\source\repos\AIOTED-digital-rawdigits\20260913\05\0_main_dig4_20260913-052857.jpg,0,flash,77.94,reading_est 59040; model saw 0; agree,,,0
night_fill,20260816-041402_dig4,20260816-041402,4,C:\Users\josep\source\repos\AIOTED-digital-rawdigits\20260816\04\0_main_dig4_20260816-041402.jpg,0,flash,75.17,reading_est 58021; model saw 0; agree,,,0
night_fill,20260815-181403_dig4,20260815-181403,4,C:\Users\josep\source\repos\AIOTED-digital-rawdigits\20260815\18\0_main_dig4_20260815-181403.jpg,0,transition,89.98,reading_est 58010; model saw 0; agree,,,0
night_fill,20260817-071800_dig4,20260817-071800,4,C:\Users\josep\source\repos\AIOTED-digital-rawdigits\20260817\07\0_main_dig4_20260817-071800.jpg,0,transition,94.03,reading_est 58060; model saw 0; agree,,,0
night_fill,20260816-085402_dig4,20260816-085402,4,C:\Users\josep\source\repos\AIOTED-digital-rawdigits\20260816\08\0_main_dig4_20260816-085402.jpg,0,transition,94.86,reading_est 58028; model saw 0; agree,,,0
night_fill,20260913-175739_dig4,20260913-175739,4,C:\Users\josep\source\repos\AIOTED-digital-rawdigits\20260913\17\0_main_dig4_20260913-175739.jpg,0,transition,83.97,reading_est 59052; model saw 0; agree,,,0
night_fill,20260912-182058_dig4,20260912-182058,4,C:\Users\josep\source\repos\AIOTED-digital-rawdigits\20260912\18\0_main_dig4_20260912-182058.jpg,0,transition,83.20,reading_est 59030; model saw 0; agree,,,0
night_fill,20260914-165338_dig4,20260914-165338,4,C:\Users\josep\source\repos\AIOTED-digital-rawdigits\20260914\16\0_main_dig4_20260914-165338.jpg,0,transition,83.94,reading_est 59073; model saw 0; agree,,,0
night_fill,20260915-094936_dig4,20260915-094936,4,C:\Users\josep\source\repos\AIOTED-digital-rawdigits\20260915\09\0_main_dig4_20260915-094936.jpg,0,transition,88.29,reading_est 59087; model saw 0; agree,,,0
night_fill,20260815-180603_dig4,20260815-180603,4,C:\Users\josep\source\repos\AIOTED-digital-rawdigits\20260815\18\0_main_dig4_20260815-180603.jpg,0,transition,89.96,reading_est 58010; model saw 0; agree,,,0
night_fill,20260817-171359_dig4,20260817-171359,4,C:\Users\josep\source\repos\AIOTED-digital-rawdigits\20260817\17\0_main_dig4_20260817-171359.jpg,0,transition,89.98,reading_est 58083; model saw 0; agree,,,0
night_fill,20260816-190201_dig4,20260816-190201,4,C:\Users\josep\source\repos\AIOTED-digital-rawdigits\20260816\19\0_main_dig4_20260816-190201.jpg,0,transition,81.09,reading_est 58049; model saw 0; agree,,,0
night_fill,20260913-072857_dig4,20260913-072857,4,C:\Users\josep\source\repos\AIOTED-digital-rawdigits\20260913\07\0_main_dig4_20260913-072857.jpg,0,transition,86.29,reading_est 59042; model saw 0; agree,,,0
night_fill,20260912-121627_dig4,20260912-121627,4,C:\Users\josep\source\repos\AIOTED-digital-rawdigits\20260912\12\0_main_dig4_20260912-121627.jpg,0,transition,95.12,reading_est 59018; model saw 0; agree,,,0
night_fill,20260914-172137_dig4,20260914-172137,4,C:\Users\josep\source\repos\AIOTED-digital-rawdigits\20260914\17\0_main_dig4_20260914-172137.jpg,0,transition,81.93,reading_est 59074; model saw 0; agree,,,0
night_fill,20260915-171736_dig4,20260915-171736,4,C:\Users\josep\source\repos\AIOTED-digital-rawdigits\20260915\17\0_main_dig4_20260915-171736.jpg,0,transition,91.77,reading_est 59098; model saw 0; agree_soft,,,0
night_fill,20260815-171803_dig4,20260815-171803,4,C:\Users\josep\source\repos\AIOTED-digital-rawdigits\20260815\17\0_main_dig4_20260815-171803.jpg,0,transition,95.98,reading_est 58008; model saw 0; agree,,,0
night_fill,20260817-173359_dig4,20260817-173359,4,C:\Users\josep\source\repos\AIOTED-digital-rawdigits\20260817\17\0_main_dig4_20260817-173359.jpg,0,transition,86.69,reading_est 58084; model saw 0; agree,,,0
night_fill,20260816-065402_dig4,20260816-065402,4,C:\Users\josep\source\repos\AIOTED-digital-rawdigits\20260816\06\0_main_dig4_20260816-065402.jpg,0,transition,81.16,reading_est 58025; model saw 0; agree,,,0
night_fill,20260913-070857_dig4,20260913-070857,4,C:\Users\josep\source\repos\AIOTED-digital-rawdigits\20260913\07\0_main_dig4_20260913-070857.jpg,0,transition,82.69,reading_est 59041; model saw 0; agree,,,0
night_fill,20260912-072827_dig4,20260912-072827,4,C:\Users\josep\source\repos\AIOTED-digital-rawdigits\20260912\07\0_main_dig4_20260912-072827.jpg,0,transition,82.97,reading_est 59011; model saw 0; agree,,,0
night_fill,20260914-153338_dig4,20260914-153338,4,C:\Users\josep\source\repos\AIOTED-digital-rawdigits\20260914\15\0_main_dig4_20260914-153338.jpg,0,transition,88.77,reading_est 59072; model saw 0; agree,,,0
night_fill,20260915-085736_dig4,20260915-085736,4,C:\Users\josep\source\repos\AIOTED-digital-rawdigits\20260915\08\0_main_dig4_20260915-085736.jpg,0,transition,90.26,reading_est 59086; model saw 0; agree,,,0
night_fill,20260815-174603_dig4,20260815-174603,4,C:\Users\josep\source\repos\AIOTED-digital-rawdigits\20260815\17\0_main_dig4_20260815-174603.jpg,0,transition,94.90,reading_est 58009; model saw 0; agree,,,0
night_fill,20260817-174559_dig4,20260817-174559,4,C:\Users\josep\source\repos\AIOTED-digital-rawdigits\20260817\17\0_main_dig4_20260817-174559.jpg,0,transition,85.26,reading_est 58084; model saw 0; agree,,,0
night_fill,20260816-180201_dig4,20260816-180201,4,C:\Users\josep\source\repos\AIOTED-digital-rawdigits\20260816\18\0_main_dig4_20260816-180201.jpg,0,transition,93.69,reading_est 58046; model saw 0; agree,,,0
night_fill,20260913-164939_dig4,20260913-164939,4,C:\Users\josep\source\repos\AIOTED-digital-rawdigits\20260913\16\0_main_dig4_20260913-164939.jpg,0,transition,92.98,reading_est 59051; model saw 0; agree,,,0
night_fill,20260912-171258_dig4,20260912-171258,4,C:\Users\josep\source\repos\AIOTED-digital-rawdigits\20260912\17\0_main_dig4_20260912-171258.jpg,0,transition,92.94,reading_est 59027; model saw 0; agree,,,0
night_fill,20260914-164138_dig4,20260914-164138,4,C:\Users\josep\source\repos\AIOTED-digital-rawdigits\20260914\16\0_main_dig4_20260914-164138.jpg,0,transition,92.77,reading_est 59073; model saw 0; agree,,,0
night_fill,20260915-093736_dig4,20260915-093736,4,C:\Users\josep\source\repos\AIOTED-digital-rawdigits\20260915\09\0_main_dig4_20260915-093736.jpg,0,transition,90.41,reading_est 59087; model saw 0; agree,,,0
night_fill,20260815-181803_dig4,20260815-181803,4,C:\Users\josep\source\repos\AIOTED-digital-rawdigits\20260815\18\0_main_dig4_20260815-181803.jpg,0,transition,88.97,reading_est 58010; model saw 0; agree,,,0
night_fill,20260817-170559_dig4,20260817-170559,4,C:\Users\josep\source\repos\AIOTED-digital-rawdigits\20260817\17\0_main_dig4_20260817-170559.jpg,0,transition,91.07,reading_est 58082; model saw 0; agree,,,0
night_fill,20260816-071402_dig4,20260816-071402,4,C:\Users\josep\source\repos\AIOTED-digital-rawdigits\20260816\07\0_main_dig4_20260816-071402.jpg,0,transition,82.98,reading_est 58026; model saw 0; agree,,,0
night_fill,20260913-180939_dig4,20260913-180939,4,C:\Users\josep\source\repos\AIOTED-digital-rawdigits\20260913\18\0_main_dig4_20260913-180939.jpg,0,transition,82.90,reading_est 59052; model saw 0; agree,,,0
night_fill,20260912-184058_dig4,20260912-184058,4,C:\Users\josep\source\repos\AIOTED-digital-rawdigits\20260912\18\0_main_dig4_20260912-184058.jpg,0,transition,81.19,reading_est 59030; model saw 0; agree,,,0
night_fill,20260914-152138_dig4,20260914-152138,4,C:\Users\josep\source\repos\AIOTED-digital-rawdigits\20260914\15\0_main_dig4_20260914-152138.jpg,0,transition,82.88,reading_est 59072; model saw 0; agree,,,0
night_fill,20260915-080936_dig4,20260915-080936,4,C:\Users\josep\source\repos\AIOTED-digital-rawdigits\20260915\08\0_main_dig4_20260915-080936.jpg,0,transition,81.18,reading_est 59084; model saw 0; agree,,,0
night_fill,20260815-175403_dig4,20260815-175403,4,C:\Users\josep\source\repos\AIOTED-digital-rawdigits\20260815\17\0_main_dig4_20260815-175403.jpg,0,transition,92.70,reading_est 58009; model saw 0; agree,,,0
night_fill,20260817-175359_dig4,20260817-175359,4,C:\Users\josep\source\repos\AIOTED-digital-rawdigits\20260817\17\0_main_dig4_20260817-175359.jpg,0,transition,83.90,reading_est 58085; model saw 0; agree,,,0
night_fill,20260816-181001_dig4,20260816-181001,4,C:\Users\josep\source\repos\AIOTED-digital-rawdigits\20260816\18\0_main_dig4_20260816-181001.jpg,0,transition,91.93,reading_est 58047; model saw 0; agree,,,0
night_fill,20260913-064857_dig4,20260913-064857,4,C:\Users\josep\source\repos\AIOTED-digital-rawdigits\20260913\06\0_main_dig4_20260913-064857.jpg,0,transition,81.12,reading_est 59041; model saw 0; agree,,,0
night_fill,20260830-063336_dig6,20260830-063336,6,C:\Users\josep\source\repos\AIOTED-digital-rawdigits\20260830\06\6_main_dig6_20260830-063336.jpg,6,flash,78.16,reading_est 58516; model saw 6; agree,,,0
night_fill,20260826-001744_dig6,20260826-001744,6,C:\Users\josep\source\repos\AIOTED-digital-rawdigits\20260826\00\6_main_dig6_20260826-001744.jpg,6,flash,75.94,reading_est 58376; model saw 6; agree_soft,,,0
night_fill,20260904-060706_dig6,20260904-060706,6,C:\Users\josep\source\repos\AIOTED-digital-rawdigits\20260904\06\6_main_dig6_20260904-060706.jpg,6,flash,75.86,reading_est 58726; model saw 6; agree,,,0
night_fill,20260823-001349_dig6,20260823-001349,6,C:\Users\josep\source\repos\AIOTED-digital-rawdigits\20260823\00\6_main_dig6_20260823-001349.jpg,6,flash,76.17,reading_est 58276; model saw 6; agree_soft,,,0
night_fill,20260829-181337_dig6,20260829-181337,6,C:\Users\josep\source\repos\AIOTED-digital-rawdigits\20260829\18\6_main_dig6_20260829-181337.jpg,6,flash,78.26,reading_est 58506; model saw 6; agree,,,0
night_fill,20260930-073437_dig6,20260930-073437,6,C:\Users\josep\source\repos\AIOTED-digital-rawdigits\20260930\07\6_main_dig6_20260930-073437.jpg,6,flash,79.00,reading_est 59406; model saw 6; agree_soft,,,0
night_fill,20260921-233725_dig6,20260921-233725,6,C:\Users\josep\source\repos\AIOTED-digital-rawdigits\20260921\23\6_main_dig6_20260921-233725.jpg,6,flash,78.00,reading_est 59236; model saw 6; agree_soft,,,0
night_fill,20260821-190952_dig6,20260821-190952,6,C:\Users\josep\source\repos\AIOTED-digital-rawdigits\20260821\19\6_main_dig6_20260821-190952.jpg,6,flash,79.90,reading_est 58236; model saw 6; agree_soft,,,0
night_fill,20260905-041058_dig6,20260905-041058,6,C:\Users\josep\source\repos\AIOTED-digital-rawdigits\20260905\04\6_main_dig6_20260905-041058.jpg,6,flash,77.22,reading_est 58766; model saw 6; agree,,,0
night_fill,20260822-060951_dig6,20260822-060951,6,C:\Users\josep\source\repos\AIOTED-digital-rawdigits\20260822\06\6_main_dig6_20260822-060951.jpg,6,flash,78.26,reading_est 58246; model saw 6; agree,,,0
night_fill,20260903-033108_dig6,20260903-033108,6,C:\Users\josep\source\repos\AIOTED-digital-rawdigits\20260903\03\6_main_dig6_20260903-033108.jpg,6,flash,74.13,reading_est 58686; model saw 6; agree_soft,,,0
night_fill,20260819-192155_dig6,20260819-192155,6,C:\Users\josep\source\repos\AIOTED-digital-rawdigits\20260819\19\6_main_dig6_20260819-192155.jpg,6,flash,79.90,reading_est 58166; model saw 6; agree,,,0
night_fill,20260927-061414_dig6,20260927-061414,6,C:\Users\josep\source\repos\AIOTED-digital-rawdigits\20260927\06\6_main_dig6_20260927-061414.jpg,6,flash,78.10,reading_est 59346; model saw 6; agree_soft,,,0
night_fill,20260831-183333_dig6,20260831-183333,6,C:\Users\josep\source\repos\AIOTED-digital-rawdigits\20260831\18\6_main_dig6_20260831-183333.jpg,6,flash,79.25,reading_est 58586; model saw 6; agree,,,0
night_fill,20260827-053742_dig6,20260827-053742,6,C:\Users\josep\source\repos\AIOTED-digital-rawdigits\20260827\05\6_main_dig6_20260827-053742.jpg,6,flash,75.82,reading_est 58416; model saw 6; agree,,,0
night_fill,20260820-200553_dig6,20260820-200553,6,C:\Users\josep\source\repos\AIOTED-digital-rawdigits\20260820\20\6_main_dig6_20260820-200553.jpg,6,flash,75.87,reading_est 58206; model saw 6; agree,,,0
night_fill,20260817-013001_dig6,20260817-013001,6,C:\Users\josep\source\repos\AIOTED-digital-rawdigits\20260817\01\6_main_dig6_20260817-013001.jpg,6,flash,77.10,reading_est 58056; model saw 6; agree,,,0
night_fill,20260828-210138_dig6,20260828-210138,6,C:\Users\josep\source\repos\AIOTED-digital-rawdigits\20260828\21\6_main_dig6_20260828-210138.jpg,6,flash,75.12,reading_est 58486; model saw 6; agree,,,0
night_fill,20260920-054928_dig6,20260920-054928,6,C:\Users\josep\source\repos\AIOTED-digital-rawdigits\20260920\05\6_main_dig6_20260920-054928.jpg,6,flash,78.81,reading_est 59196; model saw 6; agree_soft,,,0
night_fill,20260824-200146_dig6,20260824-200146,6,C:\Users\josep\source\repos\AIOTED-digital-rawdigits\20260824\20\6_main_dig6_20260824-200146.jpg,6,flash,75.87,reading_est 58336; model saw 6; agree,,,0
night_fill,20260928-053441_dig6,20260928-053441,6,C:\Users\josep\source\repos\AIOTED-digital-rawdigits\20260928\05\6_main_dig6_20260928-053441.jpg,6,flash,79.17,reading_est 59366; model saw 6; agree_soft,,,0
night_fill,20260902-042530_dig6,20260902-042530,6,C:\Users\josep\source\repos\AIOTED-digital-rawdigits\20260902\04\6_main_dig6_20260902-042530.jpg,6,flash,74.75,reading_est 58646; model saw 6; agree_soft,,,0
night_fill,20260830-052136_dig6,20260830-052136,6,C:\Users\josep\source\repos\AIOTED-digital-rawdigits\20260830\05\6_main_dig6_20260830-052136.jpg,6,flash,74.91,reading_est 58516; model saw 6; agree,,,0
night_fill,20260826-000544_dig6,20260826-000544,6,C:\Users\josep\source\repos\AIOTED-digital-rawdigits\20260826\00\6_main_dig6_20260826-000544.jpg,6,flash,76.00,reading_est 58376; model saw 6; agree,,,0
night_fill,20260904-051506_dig6,20260904-051506,6,C:\Users\josep\source\repos\AIOTED-digital-rawdigits\20260904\05\6_main_dig6_20260904-051506.jpg,6,flash,74.94,reading_est 58726; model saw 6; agree,,,0
night_fill,20260823-200948_dig6,20260823-200948,6,C:\Users\josep\source\repos\AIOTED-digital-rawdigits\20260823\20\6_main_dig6_20260823-200948.jpg,6,flash,77.17,reading_est 58306; model saw 6; agree,,,0
night_fill,20260829-182537_dig6,20260829-182537,6,C:\Users\josep\source\repos\AIOTED-digital-rawdigits\20260829\18\6_main_dig6_20260829-182537.jpg,6,flash,79.93,reading_est 58506; model saw 6; agree,,,0
night_fill,20260921-222125_dig6,20260921-222125,6,C:\Users\josep\source\repos\AIOTED-digital-rawdigits\20260921\22\6_main_dig6_20260921-222125.jpg,6,flash,77.87,reading_est 59236; model saw 6; agree_soft,,,0
night_fill,20260821-074152_dig6,20260821-074152,6,C:\Users\josep\source\repos\AIOTED-digital-rawdigits\20260821\07\6_main_dig6_20260821-074152.jpg,6,flash,77.94,reading_est 58216; model saw 6; agree,,,0
night_fill,20260905-042258_dig6,20260905-042258,6,C:\Users\josep\source\repos\AIOTED-digital-rawdigits\20260905\04\6_main_dig6_20260905-042258.jpg,6,flash,76.22,reading_est 58766; model saw 6; agree,,,0
night_fill,20260822-062951_dig6,20260822-062951,6,C:\Users\josep\source\repos\AIOTED-digital-rawdigits\20260822\06\6_main_dig6_20260822-062951.jpg,6,flash,80.97,reading_est 58246; model saw 6; agree,,,0
night_fill,20260908-180721_dig6,20260908-180721,6,C:\Users\josep\source\repos\AIOTED-digital-rawdigits\20260908\18\6_main_dig6_20260908-180721.jpg,6,transition,82.90,reading_est 58896; model saw 6; agree_soft,,,0
night_fill,20260826-184142_dig6,20260826-184142,6,C:\Users\josep\source\repos\AIOTED-digital-rawdigits\20260826\18\6_main_dig6_20260826-184142.jpg,6,transition,81.18,reading_est 58406; model saw 6; agree,,,0
night_fill,20260817-182559_dig6,20260817-182559,6,C:\Users\josep\source\repos\AIOTED-digital-rawdigits\20260817\18\6_main_dig6_20260817-182559.jpg,6,transition,82.25,reading_est 58086; model saw 6; agree_soft,,,0
night_fill,20260829-084537_dig6,20260829-084537,6,C:\Users\josep\source\repos\AIOTED-digital-rawdigits\20260829\08\6_main_dig6_20260829-084537.jpg,6,transition,92.76,reading_est 58496; model saw 6; agree,,,0
night_fill,20260831-072534_dig6,20260831-072534,6,C:\Users\josep\source\repos\AIOTED-digital-rawdigits\20260831\07\6_main_dig6_20260831-072534.jpg,6,transition,86.69,reading_est 58556; model saw 6; agree,,,0
night_fill,20260828-073340_dig6,20260828-073340,6,C:\Users\josep\source\repos\AIOTED-digital-rawdigits\20260828\07\6_main_dig6_20260828-073340.jpg,6,transition,92.79,reading_est 58456; model saw 6; agree,,,0
night_fill,20260930-082237_dig6,20260930-082237,6,C:\Users\josep\source\repos\AIOTED-digital-rawdigits\20260930\08\6_main_dig6_20260930-082237.jpg,6,transition,86.97,reading_est 59406; model saw 6; agree_soft,,,0
night_fill,20260928-072241_dig6,20260928-072241,6,C:\Users\josep\source\repos\AIOTED-digital-rawdigits\20260928\07\6_main_dig6_20260928-072241.jpg,6,transition,84.94,reading_est 59366; model saw 6; agree_soft,,,0
night_fill,20260821-190152_dig6,20260821-190152,6,C:\Users\josep\source\repos\AIOTED-digital-rawdigits\20260821\19\6_main_dig6_20260821-190152.jpg,6,transition,81.97,reading_est 58236; model saw 6; agree,,,0
night_fill,20260816-071402_dig6,20260816-071402,6,C:\Users\josep\source\repos\AIOTED-digital-rawdigits\20260816\07\6_main_dig6_20260816-071402.jpg,6,transition,82.98,reading_est 58026; model saw 6; agree,,,0
night_fill,20260822-063751_dig6,20260822-063751,6,C:\Users\josep\source\repos\AIOTED-digital-rawdigits\20260822\06\6_main_dig6_20260822-063751.jpg,6,transition,81.81,reading_est 58246; model saw 6; agree,,,0
night_fill,20260927-070214_dig6,20260927-070214,6,C:\Users\josep\source\repos\AIOTED-digital-rawdigits\20260927\07\6_main_dig6_20260927-070214.jpg,6,transition,81.97,reading_est 59346; model saw 6; agree_soft,,,0
night_fill,20260908-175921_dig6,20260908-175921,6,C:\Users\josep\source\repos\AIOTED-digital-rawdigits\20260908\17\6_main_dig6_20260908-175921.jpg,6,transition,84.97,reading_est 58896; model saw 6; agree_soft,,,0
night_fill,20260817-151359_dig6,20260817-151359,6,C:\Users\josep\source\repos\AIOTED-digital-rawdigits\20260817\15\6_main_dig6_20260817-151359.jpg,6,transition,94.26,reading_est 58076; model saw 6; agree_soft,,,0
night_fill,20260829-090537_dig6,20260829-090537,6,C:\Users\josep\source\repos\AIOTED-digital-rawdigits\20260829\09\6_main_dig6_20260829-090537.jpg,6,transition,90.16,reading_est 58496; model saw 6; agree,,,0
night_fill,20260831-073334_dig6,20260831-073334,6,C:\Users\josep\source\repos\AIOTED-digital-rawdigits\20260831\07\6_main_dig6_20260831-073334.jpg,6,transition,92.97,reading_est 58556; model saw 6; agree,,,0
night_fill,20260930-081437_dig6,20260930-081437,6,C:\Users\josep\source\repos\AIOTED-digital-rawdigits\20260930\08\6_main_dig6_20260930-081437.jpg,6,transition,86.85,reading_est 59406; model saw 6; agree_soft,,,0
night_fill,20260928-074241_dig6,20260928-074241,6,C:\Users\josep\source\repos\AIOTED-digital-rawdigits\20260928\07\6_main_dig6_20260928-074241.jpg,6,transition,90.90,reading_est 59366; model saw 6; agree_soft,,,0
night_fill,20260821-184952_dig6,20260821-184952,6,C:\Users\josep\source\repos\AIOTED-digital-rawdigits\20260821\18\6_main_dig6_20260821-184952.jpg,6,transition,85.97,reading_est 58236; model saw 6; agree,,,0
night_fill,20260816-175001_dig6,20260816-175001,6,C:\Users\josep\source\repos\AIOTED-digital-rawdigits\20260816\17\6_main_dig6_20260816-175001.jpg,6,transition,91.98,reading_est 58046; model saw 6; agree,,,0
night_fill,20260822-064951_dig6,20260822-064951,6,C:\Users\josep\source\repos\AIOTED-digital-rawdigits\20260822\06\6_main_dig6_20260822-064951.jpg,6,transition,82.08,reading_est 58246; model saw 6; agree_soft,,,0
night_fill,20260927-074214_dig6,20260927-074214,6,C:\Users\josep\source\repos\AIOTED-digital-rawdigits\20260927\07\6_main_dig6_20260927-074214.jpg,6,transition,87.25,reading_est 59346; model saw 6; agree_soft,,,0
night_fill,20260908-174721_dig6,20260908-174721,6,C:\Users\josep\source\repos\AIOTED-digital-rawdigits\20260908\17\6_main_dig6_20260908-174721.jpg,6,transition,88.97,reading_est 58886; model saw 6; agree_soft,,,0
night_fill,20260817-181359_dig6,20260817-181359,6,C:\Users\josep\source\repos\AIOTED-digital-rawdigits\20260817\18\6_main_dig6_20260817-181359.jpg,6,transition,83.25,reading_est 58086; model saw 6; agree,,,0
night_fill,20260829-085737_dig6,20260829-085737,6,C:\Users\josep\source\repos\AIOTED-digital-rawdigits\20260829\08\6_main_dig6_20260829-085737.jpg,6,transition,92.98,reading_est 58496; model saw 6; agree,,,0
night_fill,20260831-073734_dig6,20260831-073734,6,C:\Users\josep\source\repos\AIOTED-digital-rawdigits\20260831\07\6_main_dig6_20260831-073734.jpg,6,transition,95.77,reading_est 58556; model saw 6; agree,,,0
night_fill,20260930-074237_dig6,20260930-074237,6,C:\Users\josep\source\repos\AIOTED-digital-rawdigits\20260930\07\6_main_dig6_20260930-074237.jpg,6,transition,81.12,reading_est 59406; model saw 6; agree_soft,,,0
night_fill,20260928-071441_dig6,20260928-071441,6,C:\Users\josep\source\repos\AIOTED-digital-rawdigits\20260928\07\6_main_dig6_20260928-071441.jpg,6,transition,83.16,reading_est 59366; model saw 6; agree_soft,,,0
night_fill,20260816-072202_dig6,20260816-072202,6,C:\Users\josep\source\repos\AIOTED-digital-rawdigits\20260816\07\6_main_dig6_20260816-072202.jpg,6,transition,83.12,reading_est 58026; model saw 6; agree,,,0
night_fill,20260927-073414_dig6,20260927-073414,6,C:\Users\josep\source\repos\AIOTED-digital-rawdigits\20260927\07\6_main_dig6_20260927-073414.jpg,6,transition,89.77,reading_est 59346; model saw 6; agree_soft,,,0
night_fill,20260908-181121_dig6,20260908-181121,6,C:\Users\josep\source\repos\AIOTED-digital-rawdigits\20260908\18\6_main_dig6_20260908-181121.jpg,6,transition,82.25,reading_est 58896; model saw 6; agree_soft,,,0
night_fill,20260829-091737_dig6,20260829-091737,6,C:\Users\josep\source\repos\AIOTED-digital-rawdigits\20260829\09\6_main_dig6_20260829-091737.jpg,6,transition,90.98,reading_est 58496; model saw 6; agree_soft,,,0
night_fill,20260930-080237_dig6,20260930-080237,6,C:\Users\josep\source\repos\AIOTED-digital-rawdigits\20260930\08\6_main_dig6_20260930-080237.jpg,6,transition,88.29,reading_est 59406; model saw 6; agree_soft,,,0
night_fill,20260928-073441_dig6,20260928-073441,6,C:\Users\josep\source\repos\AIOTED-digital-rawdigits\20260928\07\6_main_dig6_20260928-073441.jpg,6,transition,88.97,reading_est 59366; model saw 6; agree_soft,,,0
night_fill,20260816-180201_dig6,20260816-180201,6,C:\Users\josep\source\repos\AIOTED-digital-rawdigits\20260816\18\6_main_dig6_20260816-180201.jpg,6,transition,93.69,reading_est 58046; model saw 6; agree_soft,,,0
night_fill,20260927-072214_dig6,20260927-072214,6,C:\Users\josep\source\repos\AIOTED-digital-rawdigits\20260927\07\6_main_dig6_20260927-072214.jpg,6,transition,84.12,reading_est 59346; model saw 6; agree_soft,,,0
night_fill,20260930-071837_dig3,20260930-071837,3,C:\Users\josep\source\repos\AIOTED-digital-rawdigits\20260930\07\10_main_dig3_20260930-071837.jpg,N,flash,80.26,dash screen; model saw N; agree,,,0
night_fill,20260828-204539_dig3,20260828-204539,3,C:\Users\josep\source\repos\AIOTED-digital-rawdigits\20260828\20\10_main_dig3_20260828-204539.jpg,N,flash,77.23,dash screen; model saw N; agree,,,0
night_fill,20260921-190525_dig3,20260921-190525,3,C:\Users\josep\source\repos\AIOTED-digital-rawdigits\20260921\19\10_main_dig3_20260921-190525.jpg,N,flash,79.10,dash screen; model saw N; agree,,,0
night_fill,20260819-004157_dig3,20260819-004157,3,C:\Users\josep\source\repos\AIOTED-digital-rawdigits\20260819\00\10_main_dig3_20260819-004157.jpg,N,flash,80.16,dash screen; model saw N; agree,,,0
night_fill,20260922-190923_dig3,20260922-190923,3,C:\Users\josep\source\repos\AIOTED-digital-rawdigits\20260922\19\10_main_dig3_20260922-190923.jpg,N,flash,78.91,dash screen; model saw N; agree,,,0
night_fill,20260826-050943_dig3,20260826-050943,3,C:\Users\josep\source\repos\AIOTED-digital-rawdigits\20260826\05\10_main_dig3_20260826-050943.jpg,N,flash,77.91,dash screen; model saw N; agree,,,0
night_fill,20260903-050708_dig3,20260903-050708,3,C:\Users\josep\source\repos\AIOTED-digital-rawdigits\20260903\05\10_main_dig3_20260903-050708.jpg,N,flash,78.22,dash screen; model saw N; agree,,,0
night_fill,20260915-200136_dig3,20260915-200136,3,C:\Users\josep\source\repos\AIOTED-digital-rawdigits\20260915\20\10_main_dig3_20260915-200136.jpg,N,flash,78.15,dash screen; model saw N; agree,,,0
night_fill,20260821-012953_dig3,20260821-012953,3,C:\Users\josep\source\repos\AIOTED-digital-rawdigits\20260821\01\10_main_dig3_20260821-012953.jpg,N,flash,77.87,dash screen; model saw N; agree,,,0
night_fill,20260904-045106_dig3,20260904-045106,3,C:\Users\josep\source\repos\AIOTED-digital-rawdigits\20260904\04\10_main_dig3_20260904-045106.jpg,N,flash,77.15,dash screen; model saw N; agree,,,0
night_fill,20260907-201923_dig3,20260907-201923,3,C:\Users\josep\source\repos\AIOTED-digital-rawdigits\20260907\20\10_main_dig3_20260907-201923.jpg,N,flash,79.25,dash screen; model saw N; agree,,,0
night_fill,20260906-203524_dig3,20260906-203524,3,C:\Users\josep\source\repos\AIOTED-digital-rawdigits\20260906\20\10_main_dig3_20260906-203524.jpg,N,flash,79.18,dash screen; model saw N; agree,,,0
night_fill,20260908-202321_dig3,20260908-202321,3,C:\Users\josep\source\repos\AIOTED-digital-rawdigits\20260908\20\10_main_dig3_20260908-202321.jpg,N,flash,79.07,dash screen; model saw N; agree,,,0
night_fill,20260822-212950_dig3,20260822-212950,3,C:\Users\josep\source\repos\AIOTED-digital-rawdigits\20260822\21\10_main_dig3_20260822-212950.jpg,N,flash,78.12,dash screen; model saw N; agree,,,0
night_fill,20260902-191909_dig3,20260902-191909,3,C:\Users\josep\source\repos\AIOTED-digital-rawdigits\20260902\19\10_main_dig3_20260902-191909.jpg,N,flash,78.15,dash screen; model saw N; agree,,,0
night_fill,20260917-212932_dig3,20260917-212932,3,C:\Users\josep\source\repos\AIOTED-digital-rawdigits\20260917\21\10_main_dig3_20260917-212932.jpg,N,flash,78.22,dash screen; model saw N; agree,,,0
night_fill,20260924-232218_dig3,20260924-232218,3,C:\Users\josep\source\repos\AIOTED-digital-rawdigits\20260924\23\10_main_dig3_20260924-232218.jpg,N,flash,79.13,dash screen; model saw N; agree,,,0
night_fill,20260911-205628_dig3,20260911-205628,3,C:\Users\josep\source\repos\AIOTED-digital-rawdigits\20260911\20\10_main_dig3_20260911-205628.jpg,N,flash,79.17,dash screen; model saw N; agree,,,0
night_fill,20260824-052147_dig3,20260824-052147,3,C:\Users\josep\source\repos\AIOTED-digital-rawdigits\20260824\05\10_main_dig3_20260824-052147.jpg,N,flash,79.22,dash screen; model saw N; agree,,,0
night_fill,20260919-024130_dig3,20260919-024130,3,C:\Users\josep\source\repos\AIOTED-digital-rawdigits\20260919\02\10_main_dig3_20260919-024130.jpg,N,flash,78.22,dash screen; model saw N; agree,,,0
night_fill,20260918-035731_dig3,20260918-035731,3,C:\Users\josep\source\repos\AIOTED-digital-rawdigits\20260918\03\10_main_dig3_20260918-035731.jpg,N,flash,79.17,dash screen; model saw N; agree,,,0
night_fill,20260914-195737_dig3,20260914-195737,3,C:\Users\josep\source\repos\AIOTED-digital-rawdigits\20260914\19\10_main_dig3_20260914-195737.jpg,N,flash,78.86,dash screen; model saw N; agree,,,0
night_fill,20260829-031338_dig3,20260829-031338,3,C:\Users\josep\source\repos\AIOTED-digital-rawdigits\20260829\03\10_main_dig3_20260829-031338.jpg,N,flash,78.13,dash screen; model saw N; agree,,,0
night_fill,20260817-223759_dig3,20260817-223759,3,C:\Users\josep\source\repos\AIOTED-digital-rawdigits\20260817\22\10_main_dig3_20260817-223759.jpg,N,flash,78.23,dash screen; model saw N; agree,,,0
night_fill,20260823-025749_dig3,20260823-025749,3,C:\Users\josep\source\repos\AIOTED-digital-rawdigits\20260823\02\10_main_dig3_20260823-025749.jpg,N,flash,78.78,dash screen; model saw N; agree,,,0
night_fill,20260926-213014_dig3,20260926-213014,3,C:\Users\josep\source\repos\AIOTED-digital-rawdigits\20260926\21\10_main_dig3_20260926-213014.jpg,N,flash,80.00,dash screen; model saw N; agree,,,0
night_fill,20260827-014542_dig3,20260827-014542,3,C:\Users\josep\source\repos\AIOTED-digital-rawdigits\20260827\01\10_main_dig3_20260827-014542.jpg,N,flash,77.91,dash screen; model saw N; agree,,,0
night_fill,20260910-222400_dig3,20260910-222400,3,C:\Users\josep\source\repos\AIOTED-digital-rawdigits\20260910\22\10_main_dig3_20260910-222400.jpg,N,flash,79.17,dash screen; model saw N; agree,,,0
night_fill,20260815-213003_dig3,20260815-213003,3,C:\Users\josep\source\repos\AIOTED-digital-rawdigits\20260815\21\10_main_dig3_20260815-213003.jpg,N,flash,78.13,dash screen; model saw N; agree,,,0
night_fill,20260920-024528_dig3,20260920-024528,3,C:\Users\josep\source\repos\AIOTED-digital-rawdigits\20260920\02\10_main_dig3_20260920-024528.jpg,N,flash,79.17,dash screen; model saw N; agree,,,0
night_fill,20260925-222616_dig3,20260925-222616,3,C:\Users\josep\source\repos\AIOTED-digital-rawdigits\20260925\22\10_main_dig3_20260925-222616.jpg,N,flash,79.17,dash screen; model saw N; agree,,,0
night_fill,20260905-230257_dig3,20260905-230257,3,C:\Users\josep\source\repos\AIOTED-digital-rawdigits\20260905\23\10_main_dig3_20260905-230257.jpg,N,flash,79.17,dash screen; model saw N; agree,,,0
night_fill,20260820-192153_dig3,20260820-192153,3,C:\Users\josep\source\repos\AIOTED-digital-rawdigits\20260820\19\10_main_dig3_20260820-192153.jpg,N,flash,80.81,dash screen; model saw N; agree,,,0
night_fill,20260912-223657_dig3,20260912-223657,3,C:\Users\josep\source\repos\AIOTED-digital-rawdigits\20260912\22\10_main_dig3_20260912-223657.jpg,N,flash,80.86,dash screen; model saw N; agree,,,0
night_fill,20260816-063802_dig3,20260816-063802,3,C:\Users\josep\source\repos\AIOTED-digital-rawdigits\20260816\06\10_main_dig3_20260816-063802.jpg,N,flash,80.97,dash screen; model saw N; agree,,,0
night_fill,20260927-174242_dig3,20260927-174242,3,C:\Users\josep\source\repos\AIOTED-digital-rawdigits\20260927\17\10_main_dig3_20260927-174242.jpg,N,transition,87.94,dash screen; model saw N; agree,,,0
night_fill,20260824-070147_dig3,20260824-070147,3,C:\Users\josep\source\repos\AIOTED-digital-rawdigits\20260824\07\10_main_dig3_20260824-070147.jpg,N,transition,88.25,dash screen; model saw N; agree,,,0
night_fill,20260829-160937_dig3,20260829-160937,3,C:\Users\josep\source\repos\AIOTED-digital-rawdigits\20260829\16\10_main_dig3_20260829-160937.jpg,N,transition,81.17,dash screen; model saw N; agree,,,0
night_fill,20260907-070324_dig3,20260907-070324,3,C:\Users\josep\source\repos\AIOTED-digital-rawdigits\20260907\07\10_main_dig3_20260907-070324.jpg,N,transition,85.98,dash screen; model saw N; agree,,,0
night_fill,20260908-082722_dig3,20260908-082722,3,C:\Users\josep\source\repos\AIOTED-digital-rawdigits\20260908\08\10_main_dig3_20260908-082722.jpg,N,transition,94.29,dash screen; model saw N; agree,,,0
night_fill,20260822-190950_dig3,20260822-190950,3,C:\Users\josep\source\repos\AIOTED-digital-rawdigits\20260822\19\10_main_dig3_20260822-190950.jpg,N,transition,83.93,dash screen; model saw N; agree,,,0
night_fill,20260924-071750_dig3,20260924-071750,3,C:\Users\josep\source\repos\AIOTED-digital-rawdigits\20260924\07\10_main_dig3_20260924-071750.jpg,N,transition,85.05,dash screen; model saw N; agree,,,0
night_fill,20260826-070943_dig3,20260826-070943,3,C:\Users\josep\source\repos\AIOTED-digital-rawdigits\20260826\07\10_main_dig3_20260826-070943.jpg,N,transition,87.97,dash screen; model saw N; agree,,,0
night_fill,20260905-080658_dig3,20260905-080658,3,C:\Users\josep\source\repos\AIOTED-digital-rawdigits\20260905\08\10_main_dig3_20260905-080658.jpg,N,transition,82.97,dash screen; model saw N; agree,,,0
night_fill,20260914-165738_dig3,20260914-165738,3,C:\Users\josep\source\repos\AIOTED-digital-rawdigits\20260914\16\10_main_dig3_20260914-165738.jpg,N,transition,87.20,dash screen; model saw N; agree,,,0
night_fill,20260820-180153_dig3,20260820-180153,3,C:\Users\josep\source\repos\AIOTED-digital-rawdigits\20260820\18\10_main_dig3_20260820-180153.jpg,N,transition,89.26,dash screen; model saw N; agree,,,0
night_fill,20260930-075837_dig3,20260930-075837,3,C:\Users\josep\source\repos\AIOTED-digital-rawdigits\20260930\07\10_main_dig3_20260930-075837.jpg,N,transition,88.12,dash screen; model saw N; agree,,,0
night_fill,20260823-065749_dig3,20260823-065749,3,C:\Users\josep\source\repos\AIOTED-digital-rawdigits\20260823\06\10_main_dig3_20260823-065749.jpg,N,transition,85.98,dash screen; model saw N; agree,,,0
night_fill,20260912-121227_dig3,20260912-121227,3,C:\Users\josep\source\repos\AIOTED-digital-rawdigits\20260912\12\10_main_dig3_20260912-121227.jpg,N,transition,88.19,dash screen; model saw N; agree,,,0
night_fill,20260830-185335_dig3,20260830-185335,3,C:\Users\josep\source\repos\AIOTED-digital-rawdigits\20260830\18\10_main_dig3_20260830-185335.jpg,N,transition,81.93,dash screen; model saw N; agree,,,0
night_fill,20260915-093336_dig3,20260915-093336,3,C:\Users\josep\source\repos\AIOTED-digital-rawdigits\20260915\09\10_main_dig3_20260915-093336.jpg,N,transition,87.24,dash screen; model saw N; agree,,,0
night_fill,20260910-073518_dig3,20260910-073518,3,C:\Users\josep\source\repos\AIOTED-digital-rawdigits\20260910\07\10_main_dig3_20260910-073518.jpg,N,transition,94.21,dash screen; model saw N; agree,,,0
night_fill,20260925-155817_dig3,20260925-155817,3,C:\Users\josep\source\repos\AIOTED-digital-rawdigits\20260925\15\10_main_dig3_20260925-155817.jpg,N,transition,92.25,dash screen; model saw N; agree,,,0
night_fill,20260902-171909_dig3,20260902-171909,3,C:\Users\josep\source\repos\AIOTED-digital-rawdigits\20260902\17\10_main_dig3_20260902-171909.jpg,N,transition,90.29,dash screen; model saw N; agree,,,0
night_fill,20260913-173339_dig3,20260913-173339,3,C:\Users\josep\source\repos\AIOTED-digital-rawdigits\20260913\17\10_main_dig3_20260913-173339.jpg,N,transition,88.24,dash screen; model saw N; agree,,,0
night_fill,20260919-155729_dig3,20260919-155729,3,C:\Users\josep\source\repos\AIOTED-digital-rawdigits\20260919\15\10_main_dig3_20260919-155729.jpg,N,transition,89.24,dash screen; model saw N; agree,,,0
night_fill,20260921-182525_dig3,20260921-182525,3,C:\Users\josep\source\repos\AIOTED-digital-rawdigits\20260921\18\10_main_dig3_20260921-182525.jpg,N,transition,82.25,dash screen; model saw N; agree,,,0
night_fill,20260928-182640_dig3,20260928-182640,3,C:\Users\josep\source\repos\AIOTED-digital-rawdigits\20260928\18\10_main_dig3_20260928-182640.jpg,N,transition,81.93,dash screen; model saw N; agree,,,0
night_fill,20260920-073328_dig3,20260920-073328,3,C:\Users\josep\source\repos\AIOTED-digital-rawdigits\20260920\07\10_main_dig3_20260920-073328.jpg,N,transition,88.90,dash screen; model saw N; agree,,,0
night_fill,20260918-110531_dig3,20260918-110531,3,C:\Users\josep\source\repos\AIOTED-digital-rawdigits\20260918\11\10_main_dig3_20260918-110531.jpg,N,transition,93.07,dash screen; model saw N; agree,,,0
night_fill,20260831-183733_dig3,20260831-183733,3,C:\Users\josep\source\repos\AIOTED-digital-rawdigits\20260831\18\10_main_dig3_20260831-183733.jpg,N,transition,81.94,dash screen; model saw N; agree,,,0
night_fill,20260911-071200_dig3,20260911-071200,3,C:\Users\josep\source\repos\AIOTED-digital-rawdigits\20260911\07\10_main_dig3_20260911-071200.jpg,N,transition,86.97,dash screen; model saw N; agree,,,0
night_fill,20260821-190552_dig3,20260821-190552,3,C:\Users\josep\source\repos\AIOTED-digital-rawdigits\20260821\19\10_main_dig3_20260821-190552.jpg,N,transition,82.93,dash screen; model saw N; agree,,,0
night_fill,20260817-170959_dig3,20260817-170959,3,C:\Users\josep\source\repos\AIOTED-digital-rawdigits\20260817\17\10_main_dig3_20260817-170959.jpg,N,transition,90.75,dash screen; model saw N; agree,,,0
night_fill,20260906-073056_dig3,20260906-073056,3,C:\Users\josep\source\repos\AIOTED-digital-rawdigits\20260906\07\10_main_dig3_20260906-073056.jpg,N,transition,92.29,dash screen; model saw N; agree,,,0
night_fill,20260904-093905_dig3,20260904-093905,3,C:\Users\josep\source\repos\AIOTED-digital-rawdigits\20260904\09\10_main_dig3_20260904-093905.jpg,N,transition,88.97,dash screen; model saw N; agree,,,0
night_fill,20260926-071416_dig3,20260926-071416,3,C:\Users\josep\source\repos\AIOTED-digital-rawdigits\20260926\07\10_main_dig3_20260926-071416.jpg,N,transition,83.97,dash screen; model saw N; agree,,,0
night_fill,20260917-102133_dig3,20260917-102133,3,C:\Users\josep\source\repos\AIOTED-digital-rawdigits\20260917\10\10_main_dig3_20260917-102133.jpg,N,transition,95.00,dash screen; model saw N; agree,,,0
night_fill,20260903-180307_dig3,20260903-180307,3,C:\Users\josep\source\repos\AIOTED-digital-rawdigits\20260903\18\10_main_dig3_20260903-180307.jpg,N,transition,92.98,dash screen; model saw N; agree,,,0
night_fill,20260922-182923_dig3,20260922-182923,3,C:\Users\josep\source\repos\AIOTED-digital-rawdigits\20260922\18\10_main_dig3_20260922-182923.jpg,N,transition,82.90,dash screen; model saw N; agree,,,0
night_fill,20260828-071740_dig3,20260828-071740,3,C:\Users\josep\source\repos\AIOTED-digital-rawdigits\20260828\07\10_main_dig3_20260828-071740.jpg,N,transition,88.97,dash screen; model saw N; agree,,,0
night_fill,20260827-071341_dig3,20260827-071341,3,C:\Users\josep\source\repos\AIOTED-digital-rawdigits\20260827\07\10_main_dig3_20260827-071341.jpg,N,transition,89.77,dash screen; model saw N; agree,,,0
night_fill,20260816-174601_dig3,20260816-174601,3,C:\Users\josep\source\repos\AIOTED-digital-rawdigits\20260816\17\10_main_dig3_20260816-174601.jpg,N,transition,94.69,dash screen; model saw N; agree,,,0
night_fill,20260819-171755_dig3,20260819-171755,3,C:\Users\josep\source\repos\AIOTED-digital-rawdigits\20260819\17\10_main_dig3_20260819-171755.jpg,N,transition,93.05,dash screen; model saw N; agree,,,0
night_fill,20260927-073814_dig3,20260927-073814,3,C:\Users\josep\source\repos\AIOTED-digital-rawdigits\20260927\07\10_main_dig3_20260927-073814.jpg,N,transition,92.97,dash screen; model saw N; agree,,,0
night_fill,20260906-185125_dig5,20260906-185125,5,C:\Users\josep\source\repos\AIOTED-digital-rawdigits\20260906\18\2_main_dig5_20260906-185125.jpg,2,flash,80.19,reading_est 58822; model saw 2; agree,,,0
night_fill,20260907-005124_dig5,20260907-005124,5,C:\Users\josep\source\repos\AIOTED-digital-rawdigits\20260907\00\2_main_dig5_20260907-005124.jpg,2,flash,77.22,reading_est 58828; model saw 2; agree,,,0
night_fill,20260904-050706_dig5,20260904-050706,5,C:\Users\josep\source\repos\AIOTED-digital-rawdigits\20260904\05\2_main_dig5_20260904-050706.jpg,2,flash,76.00,reading_est 58725; model saw 2; agree,,,0
night_fill,20260926-035816_dig5,20260926-035816,5,C:\Users\josep\source\repos\AIOTED-digital-rawdigits\20260926\03\2_main_dig5_20260926-035816.jpg,2,flash,78.13,reading_est 59324; model saw 2; agree_soft,,,0
night_fill,20260925-235016_dig5,20260925-235016,5,C:\Users\josep\source\repos\AIOTED-digital-rawdigits\20260925\23\2_main_dig5_20260925-235016.jpg,2,flash,79.00,reading_est 59324; model saw 2; agree_soft,,,0
night_fill,20260917-010933_dig5,20260917-010933,5,C:\Users\josep\source\repos\AIOTED-digital-rawdigits\20260917\01\2_main_dig5_20260917-010933.jpg,2,flash,77.86,reading_est 59129; model saw 2; agree_soft,,,0
night_fill,20260821-100152_dig5,20260821-100152,5,C:\Users\josep\source\repos\AIOTED-digital-rawdigits\20260821\10\2_main_dig5_20260821-100152.jpg,2,flash,80.26,reading_est 58220; model saw 2; agree,,,0
night_fill,20260816-033402_dig5,20260816-033402,5,C:\Users\josep\source\repos\AIOTED-digital-rawdigits\20260816\03\2_main_dig5_20260816-033402.jpg,2,flash,75.23,reading_est 58021; model saw 2; agree_soft,,,0
night_fill,20260906-215924_dig5,20260906-215924,5,C:\Users\josep\source\repos\AIOTED-digital-rawdigits\20260906\21\2_main_dig5_20260906-215924.jpg,2,flash,77.86,reading_est 58827; model saw 2; agree,,,0
night_fill,20260907-005924_dig5,20260907-005924,5,C:\Users\josep\source\repos\AIOTED-digital-rawdigits\20260907\00\2_main_dig5_20260907-005924.jpg,2,flash,77.16,reading_est 58829; model saw 2; agree,,,0
night_fill,20260904-024706_dig5,20260904-024706,5,C:\Users\josep\source\repos\AIOTED-digital-rawdigits\20260904\02\2_main_dig5_20260904-024706.jpg,2,flash,76.93,reading_est 58722; model saw 2; agree,,,0
night_fill,20260926-041816_dig5,20260926-041816,5,C:\Users\josep\source\repos\AIOTED-digital-rawdigits\20260926\04\2_main_dig5_20260926-041816.jpg,2,flash,78.17,reading_est 59324; model saw 2; agree_soft,,,0
night_fill,20260925-223016_dig5,20260925-223016,5,C:\Users\josep\source\repos\AIOTED-digital-rawdigits\20260925\22\2_main_dig5_20260925-223016.jpg,2,flash,79.17,reading_est 59320; model saw 2; agree_soft,,,0
night_fill,20260917-004933_dig5,20260917-004933,5,C:\Users\josep\source\repos\AIOTED-digital-rawdigits\20260917\00\2_main_dig5_20260917-004933.jpg,2,flash,77.05,reading_est 59129; model saw 2; agree_soft,,,0
night_fill,20260816-064202_dig5,20260816-064202,5,C:\Users\josep\source\repos\AIOTED-digital-rawdigits\20260816\06\2_main_dig5_20260816-064202.jpg,2,flash,78.90,reading_est 58025; model saw 2; agree,,,0
night_fill,20260906-235124_dig5,20260906-235124,5,C:\Users\josep\source\repos\AIOTED-digital-rawdigits\20260906\23\2_main_dig5_20260906-235124.jpg,2,flash,77.22,reading_est 58828; model saw 2; agree,,,0
night_fill,20260907-001124_dig5,20260907-001124,5,C:\Users\josep\source\repos\AIOTED-digital-rawdigits\20260907\00\2_main_dig5_20260907-001124.jpg,2,flash,77.78,reading_est 58828; model saw 2; agree,,,0
night_fill,20260904-041506_dig5,20260904-041506,5,C:\Users\josep\source\repos\AIOTED-digital-rawdigits\20260904\04\2_main_dig5_20260904-041506.jpg,2,flash,76.17,reading_est 58724; model saw 2; agree,,,0
night_fill,20260926-014216_dig5,20260926-014216,5,C:\Users\josep\source\repos\AIOTED-digital-rawdigits\20260926\01\2_main_dig5_20260926-014216.jpg,2,flash,78.78,reading_est 59324; model saw 2; agree_soft,,,0
night_fill,20260925-233016_dig5,20260925-233016,5,C:\Users\josep\source\repos\AIOTED-digital-rawdigits\20260925\23\2_main_dig5_20260925-233016.jpg,2,flash,79.10,reading_est 59320; model saw 2; agree_soft,,,0
night_fill,20260917-002933_dig5,20260917-002933,5,C:\Users\josep\source\repos\AIOTED-digital-rawdigits\20260917\00\2_main_dig5_20260917-002933.jpg,2,flash,77.86,reading_est 59129; model saw 2; agree_soft,,,0
night_fill,20260816-053402_dig5,20260816-053402,5,C:\Users\josep\source\repos\AIOTED-digital-rawdigits\20260816\05\2_main_dig5_20260816-053402.jpg,2,flash,75.94,reading_est 58023; model saw 2; agree,,,0
night_fill,20260906-195924_dig5,20260906-195924,5,C:\Users\josep\source\repos\AIOTED-digital-rawdigits\20260906\19\2_main_dig5_20260906-195924.jpg,2,flash,78.00,reading_est 58826; model saw 2; agree,,,0
night_fill,20260907-001924_dig5,20260907-001924,5,C:\Users\josep\source\repos\AIOTED-digital-rawdigits\20260907\00\2_main_dig5_20260907-001924.jpg,2,flash,77.17,reading_est 58828; model saw 2; agree,,,0
night_fill,20260904-004706_dig5,20260904-004706,5,C:\Users\josep\source\repos\AIOTED-digital-rawdigits\20260904\00\2_main_dig5_20260904-004706.jpg,2,flash,76.23,reading_est 58720; model saw 2; agree_soft,,,0
night_fill,20260926-055016_dig5,20260926-055016,5,C:\Users\josep\source\repos\AIOTED-digital-rawdigits\20260926\05\2_main_dig5_20260926-055016.jpg,2,flash,78.17,reading_est 59324; model saw 2; agree_soft,,,0
night_fill,20260925-234216_dig5,20260925-234216,5,C:\Users\josep\source\repos\AIOTED-digital-rawdigits\20260925\23\2_main_dig5_20260925-234216.jpg,2,flash,78.86,reading_est 59324; model saw 2; agree_soft,,,0
night_fill,20260917-000933_dig5,20260917-000933,5,C:\Users\josep\source\repos\AIOTED-digital-rawdigits\20260917\00\2_main_dig5_20260917-000933.jpg,2,flash,78.22,reading_est 59129; model saw 2; agree_soft,,,0
night_fill,20260816-023402_dig5,20260816-023402,5,C:\Users\josep\source\repos\AIOTED-digital-rawdigits\20260816\02\2_main_dig5_20260816-023402.jpg,2,flash,75.09,reading_est 58020; model saw 2; agree_soft,,,0
night_fill,20260906-233924_dig5,20260906-233924,5,C:\Users\josep\source\repos\AIOTED-digital-rawdigits\20260906\23\2_main_dig5_20260906-233924.jpg,2,flash,77.82,reading_est 58828; model saw 2; agree,,,0
night_fill,20260907-011924_dig5,20260907-011924,5,C:\Users\josep\source\repos\AIOTED-digital-rawdigits\20260907\01\2_main_dig5_20260907-011924.jpg,2,flash,77.62,reading_est 58829; model saw 2; agree_soft,,,0
night_fill,20260904-011506_dig5,20260904-011506,5,C:\Users\josep\source\repos\AIOTED-digital-rawdigits\20260904\01\2_main_dig5_20260904-011506.jpg,2,flash,77.12,reading_est 58720; model saw 2; agree_soft,,,0
night_fill,20260926-002216_dig5,20260926-002216,5,C:\Users\josep\source\repos\AIOTED-digital-rawdigits\20260926\00\2_main_dig5_20260926-002216.jpg,2,flash,79.00,reading_est 59324; model saw 2; agree_soft,,,0
night_fill,20260925-230216_dig5,20260925-230216,5,C:\Users\josep\source\repos\AIOTED-digital-rawdigits\20260925\23\2_main_dig5_20260925-230216.jpg,2,flash,79.16,reading_est 59320; model saw 2; agree_soft,,,0
night_fill,20260917-001733_dig5,20260917-001733,5,C:\Users\josep\source\repos\AIOTED-digital-rawdigits\20260917\00\2_main_dig5_20260917-001733.jpg,2,flash,77.13,reading_est 59129; model saw 2; agree_soft,,,0
night_fill,20260816-055402_dig5,20260816-055402,5,C:\Users\josep\source\repos\AIOTED-digital-rawdigits\20260816\05\2_main_dig5_20260816-055402.jpg,2,flash,75.94,reading_est 58024; model saw 2; agree,,,0
night_fill,20260906-203124_dig5,20260906-203124,5,C:\Users\josep\source\repos\AIOTED-digital-rawdigits\20260906\20\2_main_dig5_20260906-203124.jpg,2,flash,76.22,reading_est 58826; model saw 2; agree,,,0
night_fill,20260907-012724_dig5,20260907-012724,5,C:\Users\josep\source\repos\AIOTED-digital-rawdigits\20260907\01\2_main_dig5_20260907-012724.jpg,2,flash,77.22,reading_est 58829; model saw 2; agree_soft,,,0
night_fill,20260904-030706_dig5,20260904-030706,5,C:\Users\josep\source\repos\AIOTED-digital-rawdigits\20260904\03\2_main_dig5_20260904-030706.jpg,2,flash,75.23,reading_est 58722; model saw 2; agree,,,0
night_fill,20260926-012216_dig5,20260926-012216,5,C:\Users\josep\source\repos\AIOTED-digital-rawdigits\20260926\01\2_main_dig5_20260926-012216.jpg,2,flash,78.78,reading_est 59324; model saw 2; agree_soft,,,0
night_fill,20260925-220216_dig5,20260925-220216,5,C:\Users\josep\source\repos\AIOTED-digital-rawdigits\20260925\22\2_main_dig5_20260925-220216.jpg,2,flash,79.17,reading_est 59320; model saw 2; agree_soft,,,0
night_fill,20260917-012933_dig5,20260917-012933,5,C:\Users\josep\source\repos\AIOTED-digital-rawdigits\20260917\01\2_main_dig5_20260917-012933.jpg,2,flash,78.05,reading_est 59129; model saw 2; agree_soft,,,0
night_fill,20260816-032202_dig5,20260816-032202,5,C:\Users\josep\source\repos\AIOTED-digital-rawdigits\20260816\03\2_main_dig5_20260816-032202.jpg,2,flash,75.12,reading_est 58021; model saw 2; agree_soft,,,0
night_fill,20260906-213924_dig5,20260906-213924,5,C:\Users\josep\source\repos\AIOTED-digital-rawdigits\20260906\21\2_main_dig5_20260906-213924.jpg,2,flash,77.86,reading_est 58827; model saw 2; agree,,,0
night_fill,20260907-011124_dig5,20260907-011124,5,C:\Users\josep\source\repos\AIOTED-digital-rawdigits\20260907\01\2_main_dig5_20260907-011124.jpg,2,flash,76.93,reading_est 58829; model saw 2; agree_soft,,,0
night_fill,20260904-034706_dig5,20260904-034706,5,C:\Users\josep\source\repos\AIOTED-digital-rawdigits\20260904\03\2_main_dig5_20260904-034706.jpg,2,flash,75.12,reading_est 58723; model saw 2; agree,,,0
night_fill,20260926-021816_dig5,20260926-021816,5,C:\Users\josep\source\repos\AIOTED-digital-rawdigits\20260926\02\2_main_dig5_20260926-021816.jpg,2,flash,78.10,reading_est 59324; model saw 2; agree_soft,,,0
night_fill,20260925-232216_dig5,20260925-232216,5,C:\Users\josep\source\repos\AIOTED-digital-rawdigits\20260925\23\2_main_dig5_20260925-232216.jpg,2,flash,79.00,reading_est 59320; model saw 2; agree_soft,,,0
night_fill,20260917-005733_dig5,20260917-005733,5,C:\Users\josep\source\repos\AIOTED-digital-rawdigits\20260917\00\2_main_dig5_20260917-005733.jpg,2,flash,78.17,reading_est 59129; model saw 2; agree_soft,,,0
night_fill,20260816-022202_dig5,20260816-022202,5,C:\Users\josep\source\repos\AIOTED-digital-rawdigits\20260816\02\2_main_dig5_20260816-022202.jpg,2,flash,75.17,reading_est 58020; model saw 2; agree_soft,,,0
night_fill,20260906-201924_dig5,20260906-201924,5,C:\Users\josep\source\repos\AIOTED-digital-rawdigits\20260906\20\2_main_dig5_20260906-201924.jpg,2,flash,77.94,reading_est 58826; model saw 2; agree,,,0
night_fill,20260907-010724_dig5,20260907-010724,5,C:\Users\josep\source\repos\AIOTED-digital-rawdigits\20260907\01\2_main_dig5_20260907-010724.jpg,2,flash,77.22,reading_est 58829; model saw 2; agree_soft,,,0
night_fill,20260904-005506_dig5,20260904-005506,5,C:\Users\josep\source\repos\AIOTED-digital-rawdigits\20260904\00\2_main_dig5_20260904-005506.jpg,2,flash,75.87,reading_est 58720; model saw 2; agree_soft,,,0
night_fill,20260926-063816_dig5,20260926-063816,5,C:\Users\josep\source\repos\AIOTED-digital-rawdigits\20260926\06\2_main_dig5_20260926-063816.jpg,2,flash,78.87,reading_est 59324; model saw 2; agree_soft,,,0
night_fill,20260925-225016_dig5,20260925-225016,5,C:\Users\josep\source\repos\AIOTED-digital-rawdigits\20260925\22\2_main_dig5_20260925-225016.jpg,2,flash,79.08,reading_est 59320; model saw 2; agree_soft,,,0
night_fill,20260917-003733_dig5,20260917-003733,5,C:\Users\josep\source\repos\AIOTED-digital-rawdigits\20260917\00\2_main_dig5_20260917-003733.jpg,2,flash,78.17,reading_est 59129; model saw 2; agree_soft,,,0
night_fill,20260816-042202_dig5,20260816-042202,5,C:\Users\josep\source\repos\AIOTED-digital-rawdigits\20260816\04\2_main_dig5_20260816-042202.jpg,2,flash,75.10,reading_est 58022; model saw 2; agree,,,0
night_fill,20260906-225124_dig5,20260906-225124,5,C:\Users\josep\source\repos\AIOTED-digital-rawdigits\20260906\22\2_main_dig5_20260906-225124.jpg,2,flash,77.17,reading_est 58828; model saw 2; agree,,,0
night_fill,20260907-003924_dig5,20260907-003924,5,C:\Users\josep\source\repos\AIOTED-digital-rawdigits\20260907\00\2_main_dig5_20260907-003924.jpg,2,flash,77.17,reading_est 58828; model saw 2; agree,,,0
night_fill,20260904-023506_dig5,20260904-023506,5,C:\Users\josep\source\repos\AIOTED-digital-rawdigits\20260904\02\2_main_dig5_20260904-023506.jpg,2,flash,76.22,reading_est 58722; model saw 2; agree,,,0
night_fill,20260926-033016_dig5,20260926-033016,5,C:\Users\josep\source\repos\AIOTED-digital-rawdigits\20260926\03\2_main_dig5_20260926-033016.jpg,2,flash,78.13,reading_est 59324; model saw 2; agree_soft,,,0
night_fill,20260925-215016_dig5,20260925-215016,5,C:\Users\josep\source\repos\AIOTED-digital-rawdigits\20260925\21\2_main_dig5_20260925-215016.jpg,2,flash,78.13,reading_est 59320; model saw 2; agree_soft,,,0
night_fill,20260917-011733_dig5,20260917-011733,5,C:\Users\josep\source\repos\AIOTED-digital-rawdigits\20260917\01\2_main_dig5_20260917-011733.jpg,2,flash,78.17,reading_est 59129; model saw 2; agree_soft,,,0
night_fill,20260816-030602_dig5,20260816-030602,5,C:\Users\josep\source\repos\AIOTED-digital-rawdigits\20260816\03\2_main_dig5_20260816-030602.jpg,2,flash,75.17,reading_est 58020; model saw 2; agree_soft,,,0
night_fill,20260906-191124_dig5,20260906-191124,5,C:\Users\josep\source\repos\AIOTED-digital-rawdigits\20260906\19\2_main_dig5_20260906-191124.jpg,2,flash,78.90,reading_est 58823; model saw 2; agree,,,0
night_fill,20260907-003124_dig5,20260907-003124,5,C:\Users\josep\source\repos\AIOTED-digital-rawdigits\20260907\00\2_main_dig5_20260907-003124.jpg,2,flash,77.22,reading_est 58828; model saw 2; agree,,,0
night_fill,20260904-051506_dig5,20260904-051506,5,C:\Users\josep\source\repos\AIOTED-digital-rawdigits\20260904\05\2_main_dig5_20260904-051506.jpg,2,flash,74.94,reading_est 58726; model saw 2; agree,,,0
night_fill,20260926-005016_dig5,20260926-005016,5,C:\Users\josep\source\repos\AIOTED-digital-rawdigits\20260926\00\2_main_dig5_20260926-005016.jpg,2,flash,78.78,reading_est 59324; model saw 2; agree_soft,,,0
night_fill,20260925-224216_dig5,20260925-224216,5,C:\Users\josep\source\repos\AIOTED-digital-rawdigits\20260925\22\2_main_dig5_20260925-224216.jpg,2,flash,79.16,reading_est 59320; model saw 2; agree_soft,,,0
night_fill,20260816-045402_dig5,20260816-045402,5,C:\Users\josep\source\repos\AIOTED-digital-rawdigits\20260816\04\2_main_dig5_20260816-045402.jpg,2,flash,75.09,reading_est 58022; model saw 2; agree,,,0
night_fill,20260906-223924_dig5,20260906-223924,5,C:\Users\josep\source\repos\AIOTED-digital-rawdigits\20260906\22\2_main_dig5_20260906-223924.jpg,2,flash,77.86,reading_est 58827; model saw 2; agree,,,0
night_fill,20260907-013124_dig5,20260907-013124,5,C:\Users\josep\source\repos\AIOTED-digital-rawdigits\20260907\01\2_main_dig5_20260907-013124.jpg,2,flash,77.13,reading_est 58829; model saw 2; agree_soft,,,0
night_fill,20260904-003506_dig5,20260904-003506,5,C:\Users\josep\source\repos\AIOTED-digital-rawdigits\20260904\00\2_main_dig5_20260904-003506.jpg,2,flash,77.17,reading_est 58720; model saw 2; agree_soft,,,0
night_fill,20260926-031016_dig5,20260926-031016,5,C:\Users\josep\source\repos\AIOTED-digital-rawdigits\20260926\03\2_main_dig5_20260926-031016.jpg,2,flash,78.12,reading_est 59324; model saw 2; agree_soft,,,0
night_fill,20260926-073016_dig5,20260926-073016,5,C:\Users\josep\source\repos\AIOTED-digital-rawdigits\20260926\07\2_main_dig5_20260926-073016.jpg,2,transition,85.97,reading_est 59326; model saw 2; agree_soft,,,0
night_fill,20260906-183125_dig5,20260906-183125,5,C:\Users\josep\source\repos\AIOTED-digital-rawdigits\20260906\18\2_main_dig5_20260906-183125.jpg,2,transition,83.03,reading_est 58822; model saw 2; agree,,,0
night_fill,20260821-102152_dig5,20260821-102152,5,C:\Users\josep\source\repos\AIOTED-digital-rawdigits\20260821\10\2_main_dig5_20260821-102152.jpg,2,transition,82.21,reading_est 58220; model saw 2; agree,,,0
night_fill,20260816-065402_dig5,20260816-065402,5,C:\Users\josep\source\repos\AIOTED-digital-rawdigits\20260816\06\2_main_dig5_20260816-065402.jpg,2,transition,81.16,reading_est 58025; model saw 2; agree,,,0
night_fill,20260824-171346_dig5,20260824-171346,5,C:\Users\josep\source\repos\AIOTED-digital-rawdigits\20260824\17\2_main_dig5_20260824-171346.jpg,2,transition,94.16,reading_est 58329; model saw 2; agree_soft,,,0
night_fill,20260912-174058_dig5,20260912-174058,5,C:\Users\josep\source\repos\AIOTED-digital-rawdigits\20260912\17\2_main_dig5_20260912-174058.jpg,2,transition,86.41,reading_est 59028; model saw 2; agree_soft,,,0
night_fill,20260926-071816_dig5,20260926-071816,5,C:\Users\josep\source\repos\AIOTED-digital-rawdigits\20260926\07\2_main_dig5_20260926-071816.jpg,2,transition,83.25,reading_est 59326; model saw 2; agree_soft,,,0
night_fill,20260906-181125_dig5,20260906-181125,5,C:\Users\josep\source\repos\AIOTED-digital-rawdigits\20260906\18\2_main_dig5_20260906-181125.jpg,2,transition,81.93,reading_est 58821; model saw 2; agree,,,0
night_fill,20260821-104152_dig5,20260821-104152,5,C:\Users\josep\source\repos\AIOTED-digital-rawdigits\20260821\10\2_main_dig5_20260821-104152.jpg,2,transition,88.21,reading_est 58220; model saw 2; agree,,,0
night_fill,20260816-073402_dig5,20260816-073402,5,C:\Users\josep\source\repos\AIOTED-digital-rawdigits\20260816\07\2_main_dig5_20260816-073402.jpg,2,transition,93.98,reading_est 58026; model saw 2; agree,,,0
night_fill,20260824-170546_dig5,20260824-170546,5,C:\Users\josep\source\repos\AIOTED-digital-rawdigits\20260824\17\2_main_dig5_20260824-170546.jpg,2,transition,94.26,reading_est 58329; model saw 2; agree,,,0
night_fill,20260912-140827_dig5,20260912-140827,5,C:\Users\josep\source\repos\AIOTED-digital-rawdigits\20260912\14\2_main_dig5_20260912-140827.jpg,2,transition,90.98,reading_est 59021; model saw 2; agree,,,0
night_fill,20260926-065816_dig5,20260926-065816,5,C:\Users\josep\source\repos\AIOTED-digital-rawdigits\20260926\06\2_main_dig5_20260926-065816.jpg,2,transition,81.25,reading_est 59325; model saw 2; agree_soft,,,0
night_fill,20260906-173125_dig5,20260906-173125,5,C:\Users\josep\source\repos\AIOTED-digital-rawdigits\20260906\17\2_main_dig5_20260906-173125.jpg,2,transition,91.97,reading_est 58820; model saw 2; agree_soft,,,0
night_fill,20260821-103352_dig5,20260821-103352,5,C:\Users\josep\source\repos\AIOTED-digital-rawdigits\20260821\10\2_main_dig5_20260821-103352.jpg,2,transition,85.12,reading_est 58220; model saw 2; agree,,,0
night_fill,20260816-072202_dig5,20260816-072202,5,C:\Users\josep\source\repos\AIOTED-digital-rawdigits\20260816\07\2_main_dig5_20260816-072202.jpg,2,transition,83.12,reading_est 58026; model saw 2; agree,,,0
night_fill,20260912-141627_dig5,20260912-141627,5,C:\Users\josep\source\repos\AIOTED-digital-rawdigits\20260912\14\2_main_dig5_20260912-141627.jpg,2,transition,93.03,reading_est 59021; model saw 2; agree,,,0
night_fill,20260926-073815_dig5,20260926-073815,5,C:\Users\josep\source\repos\AIOTED-digital-rawdigits\20260926\07\2_main_dig5_20260926-073815.jpg,2,transition,89.98,reading_est 59326; model saw 2; agree_soft,,,0
night_fill,20260906-175925_dig5,20260906-175925,5,C:\Users\josep\source\repos\AIOTED-digital-rawdigits\20260906\17\2_main_dig5_20260906-175925.jpg,2,transition,81.90,reading_est 58821; model saw 2; agree,,,0
night_fill,20260821-105352_dig5,20260821-105352,5,C:\Users\josep\source\repos\AIOTED-digital-rawdigits\20260821\10\2_main_dig5_20260821-105352.jpg,2,transition,95.95,reading_est 58221; model saw 2; agree,,,0
night_fill,20260816-090202_dig5,20260816-090202,5,C:\Users\josep\source\repos\AIOTED-digital-rawdigits\20260816\09\2_main_dig5_20260816-090202.jpg,2,transition,93.98,reading_est 58028; model saw 2; agree,,,0
night_fill,20260912-173258_dig5,20260912-173258,5,C:\Users\josep\source\repos\AIOTED-digital-rawdigits\20260912\17\2_main_dig5_20260912-173258.jpg,2,transition,87.12,reading_est 59028; model saw 2; agree_soft,,,0
night_fill,20260926-071016_dig5,20260926-071016,5,C:\Users\josep\source\repos\AIOTED-digital-rawdigits\20260926\07\2_main_dig5_20260926-071016.jpg,2,transition,82.25,reading_est 59325; model saw 2; agree_soft,,,0
night_fill,20260906-183925_dig5,20260906-183925,5,C:\Users\josep\source\repos\AIOTED-digital-rawdigits\20260906\18\2_main_dig5_20260906-183925.jpg,2,transition,81.93,reading_est 58822; model saw 2; agree,,,0
night_fill,20260821-101352_dig5,20260821-101352,5,C:\Users\josep\source\repos\AIOTED-digital-rawdigits\20260821\10\2_main_dig5_20260821-101352.jpg,2,transition,81.25,reading_est 58220; model saw 2; agree,,,0
night_fill,20260816-070202_dig5,20260816-070202,5,C:\Users\josep\source\repos\AIOTED-digital-rawdigits\20260816\07\2_main_dig5_20260816-070202.jpg,2,transition,82.03,reading_est 58025; model saw 2; agree,,,0
night_fill,20260912-171258_dig5,20260912-171258,5,C:\Users\josep\source\repos\AIOTED-digital-rawdigits\20260912\17\2_main_dig5_20260912-171258.jpg,2,transition,92.94,reading_est 59027; model saw 2; agree,,,0
night_fill,20260906-180325_dig5,20260906-180325,5,C:\Users\josep\source\repos\AIOTED-digital-rawdigits\20260906\18\2_main_dig5_20260906-180325.jpg,2,transition,81.90,reading_est 58821; model saw 2; agree,,,0
night_fill,20260816-085402_dig5,20260816-085402,5,C:\Users\josep\source\repos\AIOTED-digital-rawdigits\20260816\08\2_main_dig5_20260816-085402.jpg,2,transition,94.86,reading_est 58028; model saw 2; agree,,,0
night_fill,20260912-175258_dig5,20260912-175258,5,C:\Users\josep\source\repos\AIOTED-digital-rawdigits\20260912\17\2_main_dig5_20260912-175258.jpg,2,transition,85.12,reading_est 59028; model saw 2; agree_soft,,,0
night_fill,20260906-181925_dig5,20260906-181925,5,C:\Users\josep\source\repos\AIOTED-digital-rawdigits\20260906\18\2_main_dig5_20260906-181925.jpg,2,transition,82.90,reading_est 58822; model saw 2; agree,,,0
night_fill,20260816-071402_dig5,20260816-071402,5,C:\Users\josep\source\repos\AIOTED-digital-rawdigits\20260816\07\2_main_dig5_20260816-071402.jpg,2,transition,82.98,reading_est 58026; model saw 2; agree,,,0
night_fill,20260912-135627_dig5,20260912-135627,5,C:\Users\josep\source\repos\AIOTED-digital-rawdigits\20260912\13\2_main_dig5_20260912-135627.jpg,2,transition,93.97,reading_est 59021; model saw 2; agree,,,0
night_fill,20260906-174325_dig5,20260906-174325,5,C:\Users\josep\source\repos\AIOTED-digital-rawdigits\20260906\17\2_main_dig5_20260906-174325.jpg,2,transition,85.03,reading_est 58820; model saw 2; agree_soft,,,0
night_fill,20260912-133627_dig5,20260912-133627,5,C:\Users\josep\source\repos\AIOTED-digital-rawdigits\20260912\13\2_main_dig5_20260912-133627.jpg,2,transition,92.94,reading_est 59020; model saw 2; agree_soft,,,0
night_fill,20260906-173925_dig5,20260906-173925,5,C:\Users\josep\source\repos\AIOTED-digital-rawdigits\20260906\17\2_main_dig5_20260906-173925.jpg,2,transition,83.98,reading_est 58820; model saw 2; agree_soft,,,0
night_fill,20260912-172458_dig5,20260912-172458,5,C:\Users\josep\source\repos\AIOTED-digital-rawdigits\20260912\17\2_main_dig5_20260912-172458.jpg,2,transition,90.29,reading_est 59028; model saw 2; agree_soft,,,0
night_fill,20260823-051749_dig4,20260823-051749,4,C:\Users\josep\source\repos\AIOTED-digital-rawdigits\20260823\05\10_main_dig4_20260823-051749.jpg,N,flash,79.17,dash screen; model saw N; agree,,,0
night_fill,20260815-231003_dig4,20260815-231003,4,C:\Users\josep\source\repos\AIOTED-digital-rawdigits\20260815\23\10_main_dig4_20260815-231003.jpg,N,flash,77.94,dash screen; model saw N; agree,,,0
night_fill,20260914-042139_dig4,20260914-042139,4,C:\Users\josep\source\repos\AIOTED-digital-rawdigits\20260914\04\10_main_dig4_20260914-042139.jpg,N,flash,78.17,dash screen; model saw N; agree,,,0
night_fill,20260819-022157_dig4,20260819-022157,4,C:\Users\josep\source\repos\AIOTED-digital-rawdigits\20260819\02\10_main_dig4_20260819-022157.jpg,N,flash,78.23,dash screen; model saw N; agree,,,0
night_fill,20260911-211628_dig4,20260911-211628,4,C:\Users\josep\source\repos\AIOTED-digital-rawdigits\20260911\21\10_main_dig4_20260911-211628.jpg,N,flash,80.17,dash screen; model saw N; agree,,,0
night_fill,20260910-000719_dig4,20260910-000719,4,C:\Users\josep\source\repos\AIOTED-digital-rawdigits\20260910\00\10_main_dig4_20260910-000719.jpg,N,flash,80.26,dash screen; model saw N; agree,,,0
night_fill,20260821-024953_dig4,20260821-024953,4,C:\Users\josep\source\repos\AIOTED-digital-rawdigits\20260821\02\10_main_dig4_20260821-024953.jpg,N,flash,78.13,dash screen; model saw N; agree,,,0
night_fill,20260822-041351_dig4,20260822-041351,4,C:\Users\josep\source\repos\AIOTED-digital-rawdigits\20260822\04\10_main_dig4_20260822-041351.jpg,N,flash,78.00,dash screen; model saw N; agree,,,0
night_fill,20260922-184923_dig4,20260922-184923,4,C:\Users\josep\source\repos\AIOTED-digital-rawdigits\20260922\18\10_main_dig4_20260922-184923.jpg,N,flash,80.26,dash screen; model saw N; agree,,,0
night_fill,20260913-060457_dig4,20260913-060457,4,C:\Users\josep\source\repos\AIOTED-digital-rawdigits\20260913\06\10_main_dig4_20260913-060457.jpg,N,flash,79.23,dash screen; model saw N; agree,,,0
night_fill,20260915-042537_dig4,20260915-042537,4,C:\Users\josep\source\repos\AIOTED-digital-rawdigits\20260915\04\10_main_dig4_20260915-042537.jpg,N,flash,78.93,dash screen; model saw N; agree,,,0
night_fill,20260921-194525_dig4,20260921-194525,4,C:\Users\josep\source\repos\AIOTED-digital-rawdigits\20260921\19\10_main_dig4_20260921-194525.jpg,N,flash,78.86,dash screen; model saw N; agree,,,0
night_fill,20260905-222257_dig4,20260905-222257,4,C:\Users\josep\source\repos\AIOTED-digital-rawdigits\20260905\22\10_main_dig4_20260905-222257.jpg,N,flash,79.17,dash screen; model saw N; agree,,,0
night_fill,20260908-230321_dig4,20260908-230321,4,C:\Users\josep\source\repos\AIOTED-digital-rawdigits\20260908\23\10_main_dig4_20260908-230321.jpg,N,flash,79.17,dash screen; model saw N; agree,,,0
night_fill,20260902-044931_dig4,20260902-044931,4,C:\Users\josep\source\repos\AIOTED-digital-rawdigits\20260902\04\10_main_dig4_20260902-044931.jpg,N,flash,76.87,dash screen; model saw N; agree,,,0
night_fill,20260829-051338_dig4,20260829-051338,4,C:\Users\josep\source\repos\AIOTED-digital-rawdigits\20260829\05\10_main_dig4_20260829-051338.jpg,N,flash,77.23,dash screen; model saw N; agree,,,0
night_fill,20260831-054134_dig4,20260831-054134,4,C:\Users\josep\source\repos\AIOTED-digital-rawdigits\20260831\05\10_main_dig4_20260831-054134.jpg,N,flash,77.91,dash screen; model saw N; agree,,,0
night_fill,20260824-034147_dig4,20260824-034147,4,C:\Users\josep\source\repos\AIOTED-digital-rawdigits\20260824\03\10_main_dig4_20260824-034147.jpg,N,flash,79.22,dash screen; model saw N; agree,,,0
night_fill,20260928-212640_dig4,20260928-212640,4,C:\Users\josep\source\repos\AIOTED-digital-rawdigits\20260928\21\10_main_dig4_20260928-212640.jpg,N,flash,79.17,dash screen; model saw N; agree,,,0
night_fill,20260927-184242_dig4,20260927-184242,4,C:\Users\josep\source\repos\AIOTED-digital-rawdigits\20260927\18\10_main_dig4_20260927-184242.jpg,N,flash,79.22,dash screen; model saw N; agree,,,0
night_fill,20260918-035731_dig4,20260918-035731,4,C:\Users\josep\source\repos\AIOTED-digital-rawdigits\20260918\03\10_main_dig4_20260918-035731.jpg,N,flash,79.17,dash screen; model saw N; agree,,,0
night_fill,20260917-194932_dig4,20260917-194932,4,C:\Users\josep\source\repos\AIOTED-digital-rawdigits\20260917\19\10_main_dig4_20260917-194932.jpg,N,flash,79.07,dash screen; model saw N; agree,,,0
night_fill,20260906-061056_dig4,20260906-061056,4,C:\Users\josep\source\repos\AIOTED-digital-rawdigits\20260906\06\10_main_dig4_20260906-061056.jpg,N,flash,79.77,dash screen; model saw N; agree,,,0
night_fill,20260912-205658_dig4,20260912-205658,4,C:\Users\josep\source\repos\AIOTED-digital-rawdigits\20260912\20\10_main_dig4_20260912-205658.jpg,N,flash,79.86,dash screen; model saw N; agree,,,0
night_fill,20260828-190539_dig4,20260828-190539,4,C:\Users\josep\source\repos\AIOTED-digital-rawdigits\20260828\19\10_main_dig4_20260828-190539.jpg,N,flash,79.90,dash screen; model saw N; agree,,,0
night_fill,20260827-192141_dig4,20260827-192141,4,C:\Users\josep\source\repos\AIOTED-digital-rawdigits\20260827\19\10_main_dig4_20260827-192141.jpg,N,flash,79.25,dash screen; model saw N; agree,,,0
night_fill,20260816-211401_dig4,20260816-211401,4,C:\Users\josep\source\repos\AIOTED-digital-rawdigits\20260816\21\10_main_dig4_20260816-211401.jpg,N,flash,78.83,dash screen; model saw N; agree,,,0
night_fill,20260904-031106_dig4,20260904-031106,4,C:\Users\josep\source\repos\AIOTED-digital-rawdigits\20260904\03\10_main_dig4_20260904-031106.jpg,N,flash,78.26,dash screen; model saw N; agree,,,0
night_fill,20260925-031018_dig4,20260925-031018,4,C:\Users\josep\source\repos\AIOTED-digital-rawdigits\20260925\03\10_main_dig4_20260925-031018.jpg,N,flash,79.16,dash screen; model saw N; agree,,,0
night_fill,20260817-225759_dig4,20260817-225759,4,C:\Users\josep\source\repos\AIOTED-digital-rawdigits\20260817\22\10_main_dig4_20260817-225759.jpg,N,flash,78.86,dash screen; model saw N; agree,,,0
night_fill,20260928-182640_dig4,20260928-182640,4,C:\Users\josep\source\repos\AIOTED-digital-rawdigits\20260928\18\10_main_dig4_20260928-182640.jpg,N,transition,81.93,dash screen; model saw N; agree,,,0
night_fill,20260914-163738_dig4,20260914-163738,4,C:\Users\josep\source\repos\AIOTED-digital-rawdigits\20260914\16\10_main_dig4_20260914-163738.jpg,N,transition,95.29,dash screen; model saw N; agree,,,0
night_fill,20260927-180242_dig4,20260927-180242,4,C:\Users\josep\source\repos\AIOTED-digital-rawdigits\20260927\18\10_main_dig4_20260927-180242.jpg,N,transition,84.17,dash screen; model saw N; agree,,,0
night_fill,20260922-070124_dig4,20260922-070124,4,C:\Users\josep\source\repos\AIOTED-digital-rawdigits\20260922\07\10_main_dig4_20260922-070124.jpg,N,transition,81.24,dash screen; model saw N; agree,,,0
night_fill,20260905-173457_dig4,20260905-173457,4,C:\Users\josep\source\repos\AIOTED-digital-rawdigits\20260905\17\10_main_dig4_20260905-173457.jpg,N,transition,90.90,dash screen; model saw N; agree,,,0
night_fill,20260826-185742_dig4,20260826-185742,4,C:\Users\josep\source\repos\AIOTED-digital-rawdigits\20260826\18\10_main_dig4_20260826-185742.jpg,N,transition,81.25,dash screen; model saw N; agree,,,0
night_fill,20260906-063056_dig4,20260906-063056,4,C:\Users\josep\source\repos\AIOTED-digital-rawdigits\20260906\06\10_main_dig4_20260906-063056.jpg,N,transition,81.93,dash screen; model saw N; agree,,,0
night_fill,20260831-183733_dig4,20260831-183733,4,C:\Users\josep\source\repos\AIOTED-digital-rawdigits\20260831\18\10_main_dig4_20260831-183733.jpg,N,transition,81.94,dash screen; model saw N; agree,,,0
night_fill,20260930-075837_dig4,20260930-075837,4,C:\Users\josep\source\repos\AIOTED-digital-rawdigits\20260930\07\10_main_dig4_20260930-075837.jpg,N,transition,88.12,dash screen; model saw N; agree,,,0
night_fill,20260924-174218_dig4,20260924-174218,4,C:\Users\josep\source\repos\AIOTED-digital-rawdigits\20260924\17\10_main_dig4_20260924-174218.jpg,N,transition,86.17,dash screen; model saw N; agree,,,0
night_fill,20260817-184959_dig4,20260817-184959,4,C:\Users\josep\source\repos\AIOTED-digital-rawdigits\20260817\18\10_main_dig4_20260817-184959.jpg,N,transition,83.96,dash screen; model saw N; agree,,,0
night_fill,20260824-062147_dig4,20260824-062147,4,C:\Users\josep\source\repos\AIOTED-digital-rawdigits\20260824\06\10_main_dig4_20260824-062147.jpg,N,transition,81.97,dash screen; model saw N; agree,,,0
night_fill,20260918-104531_dig4,20260918-104531,4,C:\Users\josep\source\repos\AIOTED-digital-rawdigits\20260918\10\10_main_dig4_20260918-104531.jpg,N,transition,89.19,dash screen; model saw N; agree,,,0
night_fill,20260903-085508_dig4,20260903-085508,4,C:\Users\josep\source\repos\AIOTED-digital-rawdigits\20260903\08\10_main_dig4_20260903-085508.jpg,N,transition,87.97,dash screen; model saw N; agree,,,0
night_fill,20260907-070324_dig4,20260907-070324,4,C:\Users\josep\source\repos\AIOTED-digital-rawdigits\20260907\07\10_main_dig4_20260907-070324.jpg,N,transition,85.98,dash screen; model saw N; agree,,,0
night_fill,20260915-174136_dig4,20260915-174136,4,C:\Users\josep\source\repos\AIOTED-digital-rawdigits\20260915\17\10_main_dig4_20260915-174136.jpg,N,transition,88.97,dash screen; model saw N; agree,,,0
night_fill,20260822-184950_dig4,20260822-184950,4,C:\Users\josep\source\repos\AIOTED-digital-rawdigits\20260822\18\10_main_dig4_20260822-184950.jpg,N,transition,85.93,dash screen; model saw N; agree,,,0
night_fill,20260908-082722_dig4,20260908-082722,4,C:\Users\josep\source\repos\AIOTED-digital-rawdigits\20260908\08\10_main_dig4_20260908-082722.jpg,N,transition,94.29,dash screen; model saw N; agree,,,0
night_fill,20260821-101752_dig4,20260821-101752,4,C:\Users\josep\source\repos\AIOTED-digital-rawdigits\20260821\10\10_main_dig4_20260821-101752.jpg,N,transition,83.25,dash screen; model saw N; agree,,,0
night_fill,20260912-185658_dig4,20260912-185658,4,C:\Users\josep\source\repos\AIOTED-digital-rawdigits\20260912\18\10_main_dig4_20260912-185658.jpg,N,transition,81.81,dash screen; model saw N; agree,,,0
night_fill,20260820-180153_dig4,20260820-180153,4,C:\Users\josep\source\repos\AIOTED-digital-rawdigits\20260820\18\10_main_dig4_20260820-180153.jpg,N,transition,89.26,dash screen; model saw N; agree,,,0
night_fill,20260920-172127_dig4,20260920-172127,4,C:\Users\josep\source\repos\AIOTED-digital-rawdigits\20260920\17\10_main_dig4_20260920-172127.jpg,N,transition,91.12,dash screen; model saw N; agree,,,0
night_fill,20260829-162937_dig4,20260829-162937,4,C:\Users\josep\source\repos\AIOTED-digital-rawdigits\20260829\16\10_main_dig4_20260829-162937.jpg,N,transition,81.96,dash screen; model saw N; agree,,,0
night_fill,20260926-065416_dig4,20260926-065416,4,C:\Users\josep\source\repos\AIOTED-digital-rawdigits\20260926\06\10_main_dig4_20260926-065416.jpg,N,transition,81.93,dash screen; model saw N; agree,,,0
night_fill,20260917-090133_dig4,20260917-090133,4,C:\Users\josep\source\repos\AIOTED-digital-rawdigits\20260917\09\10_main_dig4_20260917-090133.jpg,N,transition,85.98,dash screen; model saw N; agree,,,0
night_fill,20260925-155817_dig4,20260925-155817,4,C:\Users\josep\source\repos\AIOTED-digital-rawdigits\20260925\15\10_main_dig4_20260925-155817.jpg,N,transition,92.25,dash screen; model saw N; agree,,,0
night_fill,20260919-080929_dig4,20260919-080929,4,C:\Users\josep\source\repos\AIOTED-digital-rawdigits\20260919\08\10_main_dig4_20260919-080929.jpg,N,transition,82.97,dash screen; model saw N; agree,,,0
night_fill,20260823-065749_dig4,20260823-065749,4,C:\Users\josep\source\repos\AIOTED-digital-rawdigits\20260823\06\10_main_dig4_20260823-065749.jpg,N,transition,85.98,dash screen; model saw N; agree,,,0
night_fill,20260904-091906_dig4,20260904-091906,4,C:\Users\josep\source\repos\AIOTED-digital-rawdigits\20260904\09\10_main_dig4_20260904-091906.jpg,N,transition,83.90,dash screen; model saw N; agree,,,0
night_fill,20260913-185339_dig4,20260913-185339,4,C:\Users\josep\source\repos\AIOTED-digital-rawdigits\20260913\18\10_main_dig4_20260913-185339.jpg,N,transition,81.93,dash screen; model saw N; agree,,,0
night_fill,20260819-185755_dig4,20260819-185755,4,C:\Users\josep\source\repos\AIOTED-digital-rawdigits\20260819\18\10_main_dig4_20260819-185755.jpg,N,transition,83.97,dash screen; model saw N; agree,,,0
night_fill,20260827-154141_dig4,20260827-154141,4,C:\Users\josep\source\repos\AIOTED-digital-rawdigits\20260827\15\10_main_dig4_20260827-154141.jpg,N,transition,92.96,dash screen; model saw N; agree,,,0
night_fill,20260816-174601_dig4,20260816-174601,4,C:\Users\josep\source\repos\AIOTED-digital-rawdigits\20260816\17\10_main_dig4_20260816-174601.jpg,N,transition,94.69,dash screen; model saw N; agree,,,0
night_fill,20260828-071740_dig4,20260828-071740,4,C:\Users\josep\source\repos\AIOTED-digital-rawdigits\20260828\07\10_main_dig4_20260828-071740.jpg,N,transition,88.97,dash screen; model saw N; agree,,,0
night_fill,20260921-182525_dig4,20260921-182525,4,C:\Users\josep\source\repos\AIOTED-digital-rawdigits\20260921\18\10_main_dig4_20260921-182525.jpg,N,transition,82.25,dash screen; model saw N; agree,,,0
night_fill,20260911-065200_dig4,20260911-065200,4,C:\Users\josep\source\repos\AIOTED-digital-rawdigits\20260911\06\10_main_dig4_20260911-065200.jpg,N,transition,83.12,dash screen; model saw N; agree,,,0
night_fill,20260902-071110_dig4,20260902-071110,4,C:\Users\josep\source\repos\AIOTED-digital-rawdigits\20260902\07\10_main_dig4_20260902-071110.jpg,N,transition,81.97,dash screen; model saw N; agree,,,0
night_fill,20260830-175335_dig4,20260830-175335,4,C:\Users\josep\source\repos\AIOTED-digital-rawdigits\20260830\17\10_main_dig4_20260830-175335.jpg,N,transition,89.26,dash screen; model saw N; agree,,,0
night_fill,20260910-065518_dig4,20260910-065518,4,C:\Users\josep\source\repos\AIOTED-digital-rawdigits\20260910\06\10_main_dig4_20260910-065518.jpg,N,transition,83.25,dash screen; model saw N; agree,,,0
night_fill,20260914-173737_dig4,20260914-173737,4,C:\Users\josep\source\repos\AIOTED-digital-rawdigits\20260914\17\10_main_dig4_20260914-173737.jpg,N,transition,81.97,dash screen; model saw N; agree,,,0
night_fill,20260927-214242_dig4,20260927-214242,4,C:\Users\josep\source\repos\AIOTED-digital-rawdigits\20260927\21\10_main_dig4_20260927-214242.jpg,N,transition,81.25,dash screen; model saw N; agree,,,0
night_fill,20260922-174923_dig4,20260922-174923,4,C:\Users\josep\source\repos\AIOTED-digital-rawdigits\20260922\17\10_main_dig4_20260922-174923.jpg,N,transition,86.26,dash screen; model saw N; agree,,,0
night_fill,20260828-064140_dig5,20260828-064140,5,C:\Users\josep\source\repos\AIOTED-digital-rawdigits\20260828\06\5_main_dig5_20260828-064140.jpg,5,flash,80.97,reading_est 58455; model saw 5; agree,,,0
night_fill,20260907-185523_dig5,20260907-185523,5,C:\Users\josep\source\repos\AIOTED-digital-rawdigits\20260907\18\5_main_dig5_20260907-185523.jpg,5,flash,80.26,reading_est 58859; model saw 5; agree_soft,,,0
night_fill,20260902-074710_dig5,20260902-074710,5,C:\Users\josep\source\repos\AIOTED-digital-rawdigits\20260902\07\5_main_dig5_20260902-074710.jpg,5,flash,80.97,reading_est 58650; model saw 5; agree,,,0
night_fill,20260913-225739_dig5,20260913-225739,5,C:\Users\josep\source\repos\AIOTED-digital-rawdigits\20260913\22\5_main_dig5_20260913-225739.jpg,5,flash,76.87,reading_est 59058; model saw 5; agree_soft,,,0
night_fill,20260827-235340_dig5,20260827-235340,5,C:\Users\josep\source\repos\AIOTED-digital-rawdigits\20260827\23\5_main_dig5_20260827-235340.jpg,5,flash,75.87,reading_est 58450; model saw 5; agree_soft,,,0
night_fill,20260831-065734_dig5,20260831-065734,5,C:\Users\josep\source\repos\AIOTED-digital-rawdigits\20260831\06\5_main_dig5_20260831-065734.jpg,5,flash,80.93,reading_est 58554; model saw 5; agree,,,0
night_fill,20260918-002131_dig5,20260918-002131,5,C:\Users\josep\source\repos\AIOTED-digital-rawdigits\20260918\00\5_main_dig5_20260918-002131.jpg,5,flash,78.17,reading_est 59150; model saw 5; agree_soft,,,0
night_fill,20260816-225001_dig5,20260816-225001,5,C:\Users\josep\source\repos\AIOTED-digital-rawdigits\20260816\22\5_main_dig5_20260816-225001.jpg,5,flash,77.00,reading_est 58054; model saw 5; agree,,,0
night_fill,20260927-203842_dig5,20260927-203842,5,C:\Users\josep\source\repos\AIOTED-digital-rawdigits\20260927\20\5_main_dig5_20260927-203842.jpg,5,flash,79.25,reading_est 59359; model saw 5; agree_soft,,,0
night_fill,20260817-062600_dig5,20260817-062600,5,C:\Users\josep\source\repos\AIOTED-digital-rawdigits\20260817\06\5_main_dig5_20260817-062600.jpg,5,flash,80.97,reading_est 58059; model saw 5; agree,,,0
night_fill,20260914-014539_dig5,20260914-014539,5,C:\Users\josep\source\repos\AIOTED-digital-rawdigits\20260914\01\5_main_dig5_20260914-014539.jpg,5,flash,76.71,reading_est 59059; model saw 5; agree_soft,,,0
night_fill,20260922-184523_dig5,20260922-184523,5,C:\Users\josep\source\repos\AIOTED-digital-rawdigits\20260922\18\5_main_dig5_20260922-184523.jpg,5,flash,79.25,reading_est 59253; model saw 5; agree_soft,,,0
night_fill,20260904-185459_dig5,20260904-185459,5,C:\Users\josep\source\repos\AIOTED-digital-rawdigits\20260904\18\5_main_dig5_20260904-185459.jpg,5,flash,80.31,reading_est 58753; model saw 5; agree,,,0
night_fill,20260828-041340_dig5,20260828-041340,5,C:\Users\josep\source\repos\AIOTED-digital-rawdigits\20260828\04\5_main_dig5_20260828-041340.jpg,5,flash,75.87,reading_est 58453; model saw 5; agree,,,0
night_fill,20260913-193739_dig5,20260913-193739,5,C:\Users\josep\source\repos\AIOTED-digital-rawdigits\20260913\19\5_main_dig5_20260913-193739.jpg,5,flash,76.87,reading_est 59054; model saw 5; agree_soft,,,0
night_fill,20260827-234540_dig5,20260827-234540,5,C:\Users\josep\source\repos\AIOTED-digital-rawdigits\20260827\23\5_main_dig5_20260827-234540.jpg,5,flash,75.71,reading_est 58450; model saw 5; agree_soft,,,0
night_fill,20260831-053734_dig5,20260831-053734,5,C:\Users\josep\source\repos\AIOTED-digital-rawdigits\20260831\05\5_main_dig5_20260831-053734.jpg,5,flash,75.94,reading_est 58553; model saw 5; agree,,,0
night_fill,20260918-015331_dig5,20260918-015331,5,C:\Users\josep\source\repos\AIOTED-digital-rawdigits\20260918\01\5_main_dig5_20260918-015331.jpg,5,flash,78.17,reading_est 59151; model saw 5; agree,,,0
night_fill,20260816-193001_dig5,20260816-193001,5,C:\Users\josep\source\repos\AIOTED-digital-rawdigits\20260816\19\5_main_dig5_20260816-193001.jpg,5,flash,78.93,reading_est 58050; model saw 5; agree,,,0
night_fill,20260927-221842_dig5,20260927-221842,5,C:\Users\josep\source\repos\AIOTED-digital-rawdigits\20260927\22\5_main_dig5_20260927-221842.jpg,5,flash,79.22,reading_est 59359; model saw 5; agree_soft,,,0
night_fill,20260817-054600_dig5,20260817-054600,5,C:\Users\josep\source\repos\AIOTED-digital-rawdigits\20260817\05\5_main_dig5_20260817-054600.jpg,5,flash,77.84,reading_est 58059; model saw 5; agree,,,0
night_fill,20260914-002539_dig5,20260914-002539,5,C:\Users\josep\source\repos\AIOTED-digital-rawdigits\20260914\00\5_main_dig5_20260914-002539.jpg,5,flash,77.10,reading_est 59058; model saw 5; agree_soft,,,0
night_fill,20260922-221323_dig5,20260922-221323,5,C:\Users\josep\source\repos\AIOTED-digital-rawdigits\20260922\22\5_main_dig5_20260922-221323.jpg,5,flash,78.17,reading_est 59256; model saw 5; agree_soft,,,0
night_fill,20260904-190659_dig5,20260904-190659,5,C:\Users\josep\source\repos\AIOTED-digital-rawdigits\20260904\19\5_main_dig5_20260904-190659.jpg,5,flash,79.25,reading_est 58754; model saw 5; agree,,,0
night_fill,20260828-024540_dig5,20260828-024540,5,C:\Users\josep\source\repos\AIOTED-digital-rawdigits\20260828\02\5_main_dig5_20260828-024540.jpg,5,flash,75.10,reading_est 58452; model saw 5; agree,,,0
night_fill,20260913-205739_dig5,20260913-205739,5,C:\Users\josep\source\repos\AIOTED-digital-rawdigits\20260913\20\5_main_dig5_20260913-205739.jpg,5,flash,77.22,reading_est 59056; model saw 5; agree_soft,,,0
night_fill,20260831-062534_dig5,20260831-062534,5,C:\Users\josep\source\repos\AIOTED-digital-rawdigits\20260831\06\5_main_dig5_20260831-062534.jpg,5,flash,76.93,reading_est 58554; model saw 5; agree,,,0
night_fill,20260918-063331_dig5,20260918-063331,5,C:\Users\josep\source\repos\AIOTED-digital-rawdigits\20260918\06\5_main_dig5_20260918-063331.jpg,5,flash,78.93,reading_est 59154; model saw 5; agree,,,0
night_fill,20260816-202201_dig5,20260816-202201,5,C:\Users\josep\source\repos\AIOTED-digital-rawdigits\20260816\20\5_main_dig5_20260816-202201.jpg,5,flash,75.82,reading_est 58051; model saw 5; agree,,,0
night_fill,20260927-213842_dig5,20260927-213842,5,C:\Users\josep\source\repos\AIOTED-digital-rawdigits\20260927\21\5_main_dig5_20260927-213842.jpg,5,flash,78.93,reading_est 59359; model saw 5; agree_soft,,,0
night_fill,20260817-041000_dig5,20260817-041000,5,C:\Users\josep\source\repos\AIOTED-digital-rawdigits\20260817\04\5_main_dig5_20260817-041000.jpg,5,flash,76.12,reading_est 58059; model saw 5; agree,,,0
night_fill,20260914-011739_dig5,20260914-011739,5,C:\Users\josep\source\repos\AIOTED-digital-rawdigits\20260914\01\5_main_dig5_20260914-011739.jpg,5,flash,77.07,reading_est 59058; model saw 5; agree_soft,,,0
night_fill,20260922-191323_dig5,20260922-191323,5,C:\Users\josep\source\repos\AIOTED-digital-rawdigits\20260922\19\5_main_dig5_20260922-191323.jpg,5,flash,78.17,reading_est 59253; model saw 5; agree_soft,,,0
night_fill,20260904-194658_dig5,20260904-194658,5,C:\Users\josep\source\repos\AIOTED-digital-rawdigits\20260904\19\5_main_dig5_20260904-194658.jpg,5,flash,77.17,reading_est 58756; model saw 5; agree,,,0
night_fill,20260828-001340_dig5,20260828-001340,5,C:\Users\josep\source\repos\AIOTED-digital-rawdigits\20260828\00\5_main_dig5_20260828-001340.jpg,5,flash,75.10,reading_est 58450; model saw 5; agree_soft,,,0
night_fill,20260913-235739_dig5,20260913-235739,5,C:\Users\josep\source\repos\AIOTED-digital-rawdigits\20260913\23\5_main_dig5_20260913-235739.jpg,5,flash,77.17,reading_est 59058; model saw 5; agree_soft,,,0
night_fill,20260831-054534_dig5,20260831-054534,5,C:\Users\josep\source\repos\AIOTED-digital-rawdigits\20260831\05\5_main_dig5_20260831-054534.jpg,5,flash,75.94,reading_est 58553; model saw 5; agree,,,0
night_fill,20260918-031331_dig5,20260918-031331,5,C:\Users\josep\source\repos\AIOTED-digital-rawdigits\20260918\03\5_main_dig5_20260918-031331.jpg,5,flash,78.00,reading_est 59152; model saw 5; agree,,,0
night_fill,20260816-223801_dig5,20260816-223801,5,C:\Users\josep\source\repos\AIOTED-digital-rawdigits\20260816\22\5_main_dig5_20260816-223801.jpg,5,flash,76.78,reading_est 58053; model saw 5; agree,,,0
night_fill,20260927-222642_dig5,20260927-222642,5,C:\Users\josep\source\repos\AIOTED-digital-rawdigits\20260927\22\5_main_dig5_20260927-222642.jpg,5,flash,79.18,reading_est 59359; model saw 5; agree_soft,,,0
night_fill,20260817-021001_dig5,20260817-021001,5,C:\Users\josep\source\repos\AIOTED-digital-rawdigits\20260817\02\5_main_dig5_20260817-021001.jpg,5,flash,76.17,reading_est 58056; model saw 5; agree,,,0
night_fill,20260914-001739_dig5,20260914-001739,5,C:\Users\josep\source\repos\AIOTED-digital-rawdigits\20260914\00\5_main_dig5_20260914-001739.jpg,5,flash,77.22,reading_est 59058; model saw 5; agree_soft,,,0
night_fill,20260922-233323_dig5,20260922-233323,5,C:\Users\josep\source\repos\AIOTED-digital-rawdigits\20260922\23\5_main_dig5_20260922-233323.jpg,5,flash,77.87,reading_est 59256; model saw 5; agree_soft,,,0
night_fill,20260904-193458_dig5,20260904-193458,5,C:\Users\josep\source\repos\AIOTED-digital-rawdigits\20260904\19\5_main_dig5_20260904-193458.jpg,5,flash,77.17,reading_est 58755; model saw 5; agree,,,0
night_fill,20260828-043340_dig5,20260828-043340,5,C:\Users\josep\source\repos\AIOTED-digital-rawdigits\20260828\04\5_main_dig5_20260828-043340.jpg,5,flash,75.81,reading_est 58453; model saw 5; agree,,,0
night_fill,20260913-192939_dig5,20260913-192939,5,C:\Users\josep\source\repos\AIOTED-digital-rawdigits\20260913\19\5_main_dig5_20260913-192939.jpg,5,flash,77.78,reading_est 59054; model saw 5; agree_soft,,,0
night_fill,20260831-064534_dig5,20260831-064534,5,C:\Users\josep\source\repos\AIOTED-digital-rawdigits\20260831\06\5_main_dig5_20260831-064534.jpg,5,flash,77.94,reading_est 58554; model saw 5; agree,,,0
night_fill,20260918-060931_dig5,20260918-060931,5,C:\Users\josep\source\repos\AIOTED-digital-rawdigits\20260918\06\5_main_dig5_20260918-060931.jpg,5,flash,78.17,reading_est 59154; model saw 5; agree,,,0
night_fill,20260816-201801_dig5,20260816-201801,5,C:\Users\josep\source\repos\AIOTED-digital-rawdigits\20260816\20\5_main_dig5_20260816-201801.jpg,5,flash,76.00,reading_est 58051; model saw 5; agree,,,0
night_fill,20260927-191842_dig5,20260927-191842,5,C:\Users\josep\source\repos\AIOTED-digital-rawdigits\20260927\19\5_main_dig5_20260927-191842.jpg,5,flash,79.17,reading_est 59358; model saw 5; agree,,,0
night_fill,20260817-013801_dig5,20260817-013801,5,C:\Users\josep\source\repos\AIOTED-digital-rawdigits\20260817\01\5_main_dig5_20260817-013801.jpg,5,flash,76.87,reading_est 58056; model saw 5; agree,,,0
night_fill,20260914-023739_dig5,20260914-023739,5,C:\Users\josep\source\repos\AIOTED-digital-rawdigits\20260914\02\5_main_dig5_20260914-023739.jpg,5,flash,76.87,reading_est 59059; model saw 5; agree_soft,,,0
night_fill,20260922-223323_dig5,20260922-223323,5,C:\Users\josep\source\repos\AIOTED-digital-rawdigits\20260922\22\5_main_dig5_20260922-223323.jpg,5,flash,77.87,reading_est 59256; model saw 5; agree_soft,,,0
night_fill,20260904-211458_dig5,20260904-211458,5,C:\Users\josep\source\repos\AIOTED-digital-rawdigits\20260904\21\5_main_dig5_20260904-211458.jpg,5,flash,76.87,reading_est 58759; model saw 5; agree,,,0
night_fill,20260828-010540_dig5,20260828-010540,5,C:\Users\josep\source\repos\AIOTED-digital-rawdigits\20260828\01\5_main_dig5_20260828-010540.jpg,5,flash,75.10,reading_est 58450; model saw 5; agree_soft,,,0
night_fill,20260913-220539_dig5,20260913-220539,5,C:\Users\josep\source\repos\AIOTED-digital-rawdigits\20260913\22\5_main_dig5_20260913-220539.jpg,5,flash,77.10,reading_est 59056; model saw 5; agree_soft,,,0
night_fill,20260831-050534_dig5,20260831-050534,5,C:\Users\josep\source\repos\AIOTED-digital-rawdigits\20260831\05\5_main_dig5_20260831-050534.jpg,5,flash,76.00,reading_est 58552; model saw 5; agree,,,0
night_fill,20260918-053331_dig5,20260918-053331,5,C:\Users\josep\source\repos\AIOTED-digital-rawdigits\20260918\05\5_main_dig5_20260918-053331.jpg,5,flash,77.94,reading_est 59153; model saw 5; agree,,,0
night_fill,20260816-195801_dig5,20260816-195801,5,C:\Users\josep\source\repos\AIOTED-digital-rawdigits\20260816\19\5_main_dig5_20260816-195801.jpg,5,flash,76.91,reading_est 58051; model saw 5; agree,,,0
night_fill,20260927-200642_dig5,20260927-200642,5,C:\Users\josep\source\repos\AIOTED-digital-rawdigits\20260927\20\5_main_dig5_20260927-200642.jpg,5,flash,78.31,reading_est 59359; model saw 5; agree_soft,,,0
night_fill,20260817-023001_dig5,20260817-023001,5,C:\Users\josep\source\repos\AIOTED-digital-rawdigits\20260817\02\5_main_dig5_20260817-023001.jpg,5,flash,76.71,reading_est 58056; model saw 5; agree,,,0
night_fill,20260914-022539_dig5,20260914-022539,5,C:\Users\josep\source\repos\AIOTED-digital-rawdigits\20260914\02\5_main_dig5_20260914-022539.jpg,5,flash,76.86,reading_est 59059; model saw 5; agree_soft,,,0
night_fill,20260922-213323_dig5,20260922-213323,5,C:\Users\josep\source\repos\AIOTED-digital-rawdigits\20260922\21\5_main_dig5_20260922-213323.jpg,5,flash,78.10,reading_est 59256; model saw 5; agree_soft,,,0
night_fill,20260904-190259_dig5,20260904-190259,5,C:\Users\josep\source\repos\AIOTED-digital-rawdigits\20260904\19\5_main_dig5_20260904-190259.jpg,5,flash,79.22,reading_est 58754; model saw 5; agree,,,0
night_fill,20260828-053340_dig5,20260828-053340,5,C:\Users\josep\source\repos\AIOTED-digital-rawdigits\20260828\05\5_main_dig5_20260828-053340.jpg,5,flash,75.22,reading_est 58454; model saw 5; agree,,,0
night_fill,20260913-203739_dig5,20260913-203739,5,C:\Users\josep\source\repos\AIOTED-digital-rawdigits\20260913\20\5_main_dig5_20260913-203739.jpg,5,flash,77.17,reading_est 59056; model saw 5; agree_soft,,,0
night_fill,20260831-063734_dig5,20260831-063734,5,C:\Users\josep\source\repos\AIOTED-digital-rawdigits\20260831\06\5_main_dig5_20260831-063734.jpg,5,flash,77.94,reading_est 58554; model saw 5; agree,,,0
night_fill,20260918-062931_dig5,20260918-062931,5,C:\Users\josep\source\repos\AIOTED-digital-rawdigits\20260918\06\5_main_dig5_20260918-062931.jpg,5,flash,78.90,reading_est 59154; model saw 5; agree,,,0
night_fill,20260816-231001_dig5,20260816-231001,5,C:\Users\josep\source\repos\AIOTED-digital-rawdigits\20260816\23\5_main_dig5_20260816-231001.jpg,5,flash,77.07,reading_est 58054; model saw 5; agree,,,0
night_fill,20260927-205842_dig5,20260927-205842,5,C:\Users\josep\source\repos\AIOTED-digital-rawdigits\20260927\20\5_main_dig5_20260927-205842.jpg,5,flash,78.93,reading_est 59359; model saw 5; agree_soft,,,0
night_fill,20260817-005001_dig5,20260817-005001,5,C:\Users\josep\source\repos\AIOTED-digital-rawdigits\20260817\00\5_main_dig5_20260817-005001.jpg,5,flash,77.00,reading_est 58055; model saw 5; agree,,,0
night_fill,20260914-012539_dig5,20260914-012539,5,C:\Users\josep\source\repos\AIOTED-digital-rawdigits\20260914\01\5_main_dig5_20260914-012539.jpg,5,flash,77.16,reading_est 59059; model saw 5; agree_soft,,,0
night_fill,20260922-185323_dig5,20260922-185323,5,C:\Users\josep\source\repos\AIOTED-digital-rawdigits\20260922\18\5_main_dig5_20260922-185323.jpg,5,flash,78.94,reading_est 59253; model saw 5; agree_soft,,,0
night_fill,20260904-203458_dig5,20260904-203458,5,C:\Users\josep\source\repos\AIOTED-digital-rawdigits\20260904\20\5_main_dig5_20260904-203458.jpg,5,flash,76.87,reading_est 58758; model saw 5; agree,,,0
night_fill,20260817-063800_dig5,20260817-063800,5,C:\Users\josep\source\repos\AIOTED-digital-rawdigits\20260817\06\5_main_dig5_20260817-063800.jpg,5,transition,81.98,reading_est 58059; model saw 5; agree_soft,,,0
night_fill,20260902-100310_dig5,20260902-100310,5,C:\Users\josep\source\repos\AIOTED-digital-rawdigits\20260902\10\5_main_dig5_20260902-100310.jpg,5,transition,82.97,reading_est 58653; model saw 5; agree,,,0
night_fill,20260927-181842_dig5,20260927-181842,5,C:\Users\josep\source\repos\AIOTED-digital-rawdigits\20260927\18\5_main_dig5_20260927-181842.jpg,5,transition,81.93,reading_est 59357; model saw 5; agree,,,0
night_fill,20260904-184259_dig5,20260904-184259,5,C:\Users\josep\source\repos\AIOTED-digital-rawdigits\20260904\18\5_main_dig5_20260904-184259.jpg,5,transition,81.97,reading_est 58753; model saw 5; agree,,,0
night_fill,20260910-170001_dig5,20260910-170001,5,C:\Users\josep\source\repos\AIOTED-digital-rawdigits\20260910\17\5_main_dig5_20260910-170001.jpg,5,transition,90.97,reading_est 58958; model saw 5; agree_soft,,,0
night_fill,20260913-161739_dig5,20260913-161739,5,C:\Users\josep\source\repos\AIOTED-digital-rawdigits\20260913\16\5_main_dig5_20260913-161739.jpg,5,transition,95.98,reading_est 59050; model saw 5; agree_soft,,,0
night_fill,20260907-181523_dig5,20260907-181523,5,C:\Users\josep\source\repos\AIOTED-digital-rawdigits\20260907\18\5_main_dig5_20260907-181523.jpg,5,transition,85.88,reading_est 58858; model saw 5; agree_soft,,,0
night_fill,20260922-174523_dig5,20260922-174523,5,C:\Users\josep\source\repos\AIOTED-digital-rawdigits\20260922\17\5_main_dig5_20260922-174523.jpg,5,transition,84.19,reading_est 59252; model saw 5; agree_soft,,,0
night_fill,20260918-094931_dig5,20260918-094931,5,C:\Users\josep\source\repos\AIOTED-digital-rawdigits\20260918\09\5_main_dig5_20260918-094931.jpg,5,transition,85.24,reading_est 59157; model saw 5; agree,,,0
night_fill,20260828-073340_dig5,20260828-073340,5,C:\Users\josep\source\repos\AIOTED-digital-rawdigits\20260828\07\5_main_dig5_20260828-073340.jpg,5,transition,92.79,reading_est 58456; model saw 5; agree,,,0
night_fill,20260831-071734_dig5,20260831-071734,5,C:\Users\josep\source\repos\AIOTED-digital-rawdigits\20260831\07\5_main_dig5_20260831-071734.jpg,5,transition,84.21,reading_est 58555; model saw 5; agree,,,0
night_fill,20260902-084710_dig5,20260902-084710,5,C:\Users\josep\source\repos\AIOTED-digital-rawdigits\20260902\08\5_main_dig5_20260902-084710.jpg,5,transition,91.98,reading_est 58651; model saw 5; agree,,,0
night_fill,20260927-174642_dig5,20260927-174642,5,C:\Users\josep\source\repos\AIOTED-digital-rawdigits\20260927\17\5_main_dig5_20260927-174642.jpg,5,transition,85.90,reading_est 59356; model saw 5; agree,,,0
night_fill,20260904-172659_dig5,20260904-172659,5,C:\Users\josep\source\repos\AIOTED-digital-rawdigits\20260904\17\5_main_dig5_20260904-172659.jpg,5,transition,95.97,reading_est 58750; model saw 5; agree,,,0
night_fill,20260910-142001_dig5,20260910-142001,5,C:\Users\josep\source\repos\AIOTED-digital-rawdigits\20260910\14\5_main_dig5_20260910-142001.jpg,5,transition,92.94,reading_est 58953; model saw 5; agree,,,0
night_fill,20260913-171739_dig5,20260913-171739,5,C:\Users\josep\source\repos\AIOTED-digital-rawdigits\20260913\17\5_main_dig5_20260913-171739.jpg,5,transition,92.12,reading_est 59051; model saw 5; agree,,,0
night_fill,20260907-183523_dig5,20260907-183523,5,C:\Users\josep\source\repos\AIOTED-digital-rawdigits\20260907\18\5_main_dig5_20260907-183523.jpg,5,transition,82.94,reading_est 58858; model saw 5; agree_soft,,,0
night_fill,20260922-180523_dig5,20260922-180523,5,C:\Users\josep\source\repos\AIOTED-digital-rawdigits\20260922\18\5_main_dig5_20260922-180523.jpg,5,transition,83.97,reading_est 59252; model saw 5; agree_soft,,,0
night_fill,20260918-090931_dig5,20260918-090931,5,C:\Users\josep\source\repos\AIOTED-digital-rawdigits\20260918\09\5_main_dig5_20260918-090931.jpg,5,transition,83.24,reading_est 59156; model saw 5; agree,,,0
night_fill,20260828-065340_dig5,20260828-065340,5,C:\Users\josep\source\repos\AIOTED-digital-rawdigits\20260828\06\5_main_dig5_20260828-065340.jpg,5,transition,82.90,reading_est 58455; model saw 5; agree,,,0
night_fill,20260831-070534_dig5,20260831-070534,5,C:\Users\josep\source\repos\AIOTED-digital-rawdigits\20260831\07\5_main_dig5_20260831-070534.jpg,5,transition,81.97,reading_est 58555; model saw 5; agree,,,0
night_fill,20260902-083510_dig5,20260902-083510,5,C:\Users\josep\source\repos\AIOTED-digital-rawdigits\20260902\08\5_main_dig5_20260902-083510.jpg,5,transition,83.84,reading_est 58651; model saw 5; agree,,,0
night_fill,20260927-171842_dig5,20260927-171842,5,C:\Users\josep\source\repos\AIOTED-digital-rawdigits\20260927\17\5_main_dig5_20260927-171842.jpg,5,transition,91.29,reading_est 59356; model saw 5; agree,,,0
night_fill,20260904-184659_dig5,20260904-184659,5,C:\Users\josep\source\repos\AIOTED-digital-rawdigits\20260904\18\5_main_dig5_20260904-184659.jpg,5,transition,81.88,reading_est 58753; model saw 5; agree,,,0
night_fill,20260910-163201_dig5,20260910-163201,5,C:\Users\josep\source\repos\AIOTED-digital-rawdigits\20260910\16\5_main_dig5_20260910-163201.jpg,5,transition,92.93,reading_est 58958; model saw 5; agree_soft,,,0
night_fill,20260913-170939_dig5,20260913-170939,5,C:\Users\josep\source\repos\AIOTED-digital-rawdigits\20260913\17\5_main_dig5_20260913-170939.jpg,5,transition,92.12,reading_est 59051; model saw 5; agree,,,0
night_fill,20260907-182723_dig5,20260907-182723,5,C:\Users\josep\source\repos\AIOTED-digital-rawdigits\20260907\18\5_main_dig5_20260907-182723.jpg,5,transition,84.31,reading_est 58858; model saw 5; agree_soft,,,0
night_fill,20260922-182523_dig5,20260922-182523,5,C:\Users\josep\source\repos\AIOTED-digital-rawdigits\20260922\18\5_main_dig5_20260922-182523.jpg,5,transition,82.09,reading_est 59253; model saw 5; agree_soft,,,0
night_fill,20260918-094131_dig5,20260918-094131,5,C:\Users\josep\source\repos\AIOTED-digital-rawdigits\20260918\09\5_main_dig5_20260918-094131.jpg,5,transition,84.24,reading_est 59157; model saw 5; agree,,,0
night_fill,20260828-070140_dig5,20260828-070140,5,C:\Users\josep\source\repos\AIOTED-digital-rawdigits\20260828\07\5_main_dig5_20260828-070140.jpg,5,transition,85.29,reading_est 58455; model saw 5; agree,,,0
night_fill,20260831-072534_dig5,20260831-072534,5,C:\Users\josep\source\repos\AIOTED-digital-rawdigits\20260831\07\5_main_dig5_20260831-072534.jpg,5,transition,86.69,reading_est 58556; model saw 5; agree,,,0
night_fill,20260902-095510_dig5,20260902-095510,5,C:\Users\josep\source\repos\AIOTED-digital-rawdigits\20260902\09\5_main_dig5_20260902-095510.jpg,5,transition,83.97,reading_est 58653; model saw 5; agree,,,0
night_fill,20260927-175842_dig5,20260927-175842,5,C:\Users\josep\source\repos\AIOTED-digital-rawdigits\20260927\17\5_main_dig5_20260927-175842.jpg,5,transition,83.97,reading_est 59356; model saw 5; agree,,,0
night_fill,20260904-183459_dig5,20260904-183459,5,C:\Users\josep\source\repos\AIOTED-digital-rawdigits\20260904\18\5_main_dig5_20260904-183459.jpg,5,transition,83.03,reading_est 58752; model saw 5; agree,,,0
night_fill,20260910-145201_dig5,20260910-145201,5,C:\Users\josep\source\repos\AIOTED-digital-rawdigits\20260910\14\5_main_dig5_20260910-145201.jpg,5,transition,92.64,reading_est 58954; model saw 5; agree,,,0
night_fill,20260913-175739_dig5,20260913-175739,5,C:\Users\josep\source\repos\AIOTED-digital-rawdigits\20260913\17\5_main_dig5_20260913-175739.jpg,5,transition,83.97,reading_est 59052; model saw 5; agree,,,0
night_fill,20260907-175523_dig5,20260907-175523,5,C:\Users\josep\source\repos\AIOTED-digital-rawdigits\20260907\17\5_main_dig5_20260907-175523.jpg,5,transition,95.97,reading_est 58857; model saw 5; agree,,,0
night_fill,20260922-164523_dig5,20260922-164523,5,C:\Users\josep\source\repos\AIOTED-digital-rawdigits\20260922\16\5_main_dig5_20260922-164523.jpg,5,transition,95.29,reading_est 59251; model saw 5; agree,,,0
night_fill,20260918-084931_dig5,20260918-084931,5,C:\Users\josep\source\repos\AIOTED-digital-rawdigits\20260918\08\5_main_dig5_20260918-084931.jpg,5,transition,83.12,reading_est 59156; model saw 5; agree,,,0
night_fill,20260828-071340_dig5,20260828-071340,5,C:\Users\josep\source\repos\AIOTED-digital-rawdigits\20260828\07\5_main_dig5_20260828-071340.jpg,5,transition,87.29,reading_est 58455; model saw 5; agree,,,0
night_fill,20260831-073734_dig5,20260831-073734,5,C:\Users\josep\source\repos\AIOTED-digital-rawdigits\20260831\07\5_main_dig5_20260831-073734.jpg,5,transition,95.77,reading_est 58556; model saw 5; agree,,,0
night_fill,20260902-082710_dig5,20260902-082710,5,C:\Users\josep\source\repos\AIOTED-digital-rawdigits\20260902\08\5_main_dig5_20260902-082710.jpg,5,transition,88.77,reading_est 58651; model saw 5; agree,,,0
night_fill,20260907-042723_dig4,20260907-042723,4,C:\Users\josep\source\repos\AIOTED-digital-rawdigits\20260907\04\8_main_dig4_20260907-042723.jpg,8,flash,77.22,reading_est 58831; model saw 8; agree,,,0
night_fill,20260908-060322_dig4,20260908-060322,4,C:\Users\josep\source\repos\AIOTED-digital-rawdigits\20260908\06\8_main_dig4_20260908-060322.jpg,8,flash,77.71,reading_est 58868; model saw 8; agree,,,0
night_fill,20260906-215124_dig4,20260906-215124,4,C:\Users\josep\source\repos\AIOTED-digital-rawdigits\20260906\21\8_main_dig4_20260906-215124.jpg,8,flash,77.85,reading_est 58827; model saw 8; agree,,,0
night_fill,20260907-051924_dig4,20260907-051924,4,C:\Users\josep\source\repos\AIOTED-digital-rawdigits\20260907\05\8_main_dig4_20260907-051924.jpg,8,flash,77.23,reading_est 58832; model saw 8; agree,,,0
night_fill,20260908-013522_dig4,20260908-013522,4,C:\Users\josep\source\repos\AIOTED-digital-rawdigits\20260908\01\8_main_dig4_20260908-013522.jpg,8,flash,77.17,reading_est 58866; model saw 8; agree,,,0
night_fill,20260906-213124_dig4,20260906-213124,4,C:\Users\josep\source\repos\AIOTED-digital-rawdigits\20260906\21\8_main_dig4_20260906-213124.jpg,8,flash,77.31,reading_est 58827; model saw 8; agree,,,0
night_fill,20260907-030724_dig4,20260907-030724,4,C:\Users\josep\source\repos\AIOTED-digital-rawdigits\20260907\03\8_main_dig4_20260907-030724.jpg,8,flash,77.79,reading_est 58830; model saw 8; agree,,,0
night_fill,20260908-211921_dig4,20260908-211921,4,C:\Users\josep\source\repos\AIOTED-digital-rawdigits\20260908\21\8_main_dig4_20260908-211921.jpg,8,flash,77.22,reading_est 58897; model saw 8; agree_soft,,,0
night_fill,20260906-185125_dig4,20260906-185125,4,C:\Users\josep\source\repos\AIOTED-digital-rawdigits\20260906\18\8_main_dig4_20260906-185125.jpg,8,flash,80.19,reading_est 58822; model saw 8; agree,,,0
night_fill,20260907-012724_dig4,20260907-012724,4,C:\Users\josep\source\repos\AIOTED-digital-rawdigits\20260907\01\8_main_dig4_20260907-012724.jpg,8,flash,77.22,reading_est 58829; model saw 8; agree,,,0
night_fill,20260908-065122_dig4,20260908-065122,4,C:\Users\josep\source\repos\AIOTED-digital-rawdigits\20260908\06\8_main_dig4_20260908-065122.jpg,8,flash,78.94,reading_est 58870; model saw 8; agree,,,0
night_fill,20260906-205124_dig4,20260906-205124,4,C:\Users\josep\source\repos\AIOTED-digital-rawdigits\20260906\20\8_main_dig4_20260906-205124.jpg,8,flash,77.87,reading_est 58826; model saw 8; agree,,,0
night_fill,20260907-013124_dig4,20260907-013124,4,C:\Users\josep\source\repos\AIOTED-digital-rawdigits\20260907\01\8_main_dig4_20260907-013124.jpg,8,flash,77.13,reading_est 58829; model saw 8; agree,,,0
night_fill,20260908-184721_dig4,20260908-184721,4,C:\Users\josep\source\repos\AIOTED-digital-rawdigits\20260908\18\8_main_dig4_20260908-184721.jpg,8,flash,79.25,reading_est 58897; model saw 8; agree_soft,,,0
night_fill,20260906-061456_dig4,20260906-061456,4,C:\Users\josep\source\repos\AIOTED-digital-rawdigits\20260906\06\8_main_dig4_20260906-061456.jpg,8,flash,77.81,reading_est 58800; model saw 8; agree_soft,,,0
night_fill,20260907-194323_dig4,20260907-194323,4,C:\Users\josep\source\repos\AIOTED-digital-rawdigits\20260907\19\8_main_dig4_20260907-194323.jpg,8,flash,78.17,reading_est 58861; model saw 8; agree,,,0
night_fill,20260908-035122_dig4,20260908-035122,4,C:\Users\josep\source\repos\AIOTED-digital-rawdigits\20260908\03\8_main_dig4_20260908-035122.jpg,8,flash,77.17,reading_est 58867; model saw 8; agree,,,0
night_fill,20260906-193924_dig4,20260906-193924,4,C:\Users\josep\source\repos\AIOTED-digital-rawdigits\20260906\19\8_main_dig4_20260906-193924.jpg,8,flash,77.12,reading_est 58824; model saw 8; agree,,,0
night_fill,20260907-204323_dig4,20260907-204323,4,C:\Users\josep\source\repos\AIOTED-digital-rawdigits\20260907\20\8_main_dig4_20260907-204323.jpg,8,flash,77.94,reading_est 58862; model saw 8; agree,,,0
night_fill,20260908-235921_dig4,20260908-235921,4,C:\Users\josep\source\repos\AIOTED-digital-rawdigits\20260908\23\8_main_dig4_20260908-235921.jpg,8,flash,77.81,reading_est 58897; model saw 8; agree_soft,,,0
night_fill,20260906-223124_dig4,20260906-223124,4,C:\Users\josep\source\repos\AIOTED-digital-rawdigits\20260906\22\8_main_dig4_20260906-223124.jpg,8,flash,77.78,reading_est 58827; model saw 8; agree,,,0
night_fill,20260907-234322_dig4,20260907-234322,4,C:\Users\josep\source\repos\AIOTED-digital-rawdigits\20260907\23\8_main_dig4_20260907-234322.jpg,8,flash,77.86,reading_est 58866; model saw 8; agree,,,0
night_fill,20260908-041122_dig4,20260908-041122,4,C:\Users\josep\source\repos\AIOTED-digital-rawdigits\20260908\04\8_main_dig4_20260908-041122.jpg,8,flash,77.72,reading_est 58868; model saw 8; agree,,,0
night_fill,20260906-231924_dig4,20260906-231924,4,C:\Users\josep\source\repos\AIOTED-digital-rawdigits\20260906\23\8_main_dig4_20260906-231924.jpg,8,flash,77.31,reading_est 58828; model saw 8; agree,,,0
night_fill,20260907-224322_dig4,20260907-224322,4,C:\Users\josep\source\repos\AIOTED-digital-rawdigits\20260907\22\8_main_dig4_20260907-224322.jpg,8,flash,77.86,reading_est 58864; model saw 8; agree,,,0
night_fill,20260908-053122_dig4,20260908-053122,4,C:\Users\josep\source\repos\AIOTED-digital-rawdigits\20260908\05\8_main_dig4_20260908-053122.jpg,8,flash,77.93,reading_est 58868; model saw 8; agree,,,0
night_fill,20260906-201124_dig4,20260906-201124,4,C:\Users\josep\source\repos\AIOTED-digital-rawdigits\20260906\20\8_main_dig4_20260906-201124.jpg,8,flash,77.93,reading_est 58826; model saw 8; agree,,,0
night_fill,20260907-013924_dig4,20260907-013924,4,C:\Users\josep\source\repos\AIOTED-digital-rawdigits\20260907\01\8_main_dig4_20260907-013924.jpg,8,flash,77.29,reading_est 58830; model saw 8; agree,,,0
night_fill,20260908-054322_dig4,20260908-054322,4,C:\Users\josep\source\repos\AIOTED-digital-rawdigits\20260908\05\8_main_dig4_20260908-054322.jpg,8,flash,77.86,reading_est 58868; model saw 8; agree,,,0
night_fill,20260906-203124_dig4,20260906-203124,4,C:\Users\josep\source\repos\AIOTED-digital-rawdigits\20260906\20\8_main_dig4_20260906-203124.jpg,8,flash,76.22,reading_est 58826; model saw 8; agree,,,0
night_fill,20260907-203523_dig4,20260907-203523,4,C:\Users\josep\source\repos\AIOTED-digital-rawdigits\20260907\20\8_main_dig4_20260907-203523.jpg,8,flash,78.10,reading_est 58862; model saw 8; agree,,,0
night_fill,20260908-232721_dig4,20260908-232721,4,C:\Users\josep\source\repos\AIOTED-digital-rawdigits\20260908\23\8_main_dig4_20260908-232721.jpg,8,flash,77.17,reading_est 58897; model saw 8; agree_soft,,,0
night_fill,20260906-062656_dig4,20260906-062656,4,C:\Users\josep\source\repos\AIOTED-digital-rawdigits\20260906\06\8_main_dig4_20260906-062656.jpg,8,flash,78.17,reading_est 58800; model saw 8; agree_soft,,,0
night_fill,20260907-022724_dig4,20260907-022724,4,C:\Users\josep\source\repos\AIOTED-digital-rawdigits\20260907\02\8_main_dig4_20260907-022724.jpg,8,flash,77.86,reading_est 58830; model saw 8; agree,,,0
night_fill,20260908-025122_dig4,20260908-025122,4,C:\Users\josep\source\repos\AIOTED-digital-rawdigits\20260908\02\8_main_dig4_20260908-025122.jpg,8,flash,77.17,reading_est 58867; model saw 8; agree,,,0
night_fill,20260906-221124_dig4,20260906-221124,4,C:\Users\josep\source\repos\AIOTED-digital-rawdigits\20260906\22\8_main_dig4_20260906-221124.jpg,8,flash,77.85,reading_est 58827; model saw 8; agree,,,0
night_fill,20260907-212322_dig4,20260907-212322,4,C:\Users\josep\source\repos\AIOTED-digital-rawdigits\20260907\21\8_main_dig4_20260907-212322.jpg,8,flash,78.00,reading_est 58863; model saw 8; agree,,,0
night_fill,20260908-185921_dig4,20260908-185921,4,C:\Users\josep\source\repos\AIOTED-digital-rawdigits\20260908\18\8_main_dig4_20260908-185921.jpg,8,flash,78.17,reading_est 58897; model saw 8; agree_soft,,,0
night_fill,20260906-215924_dig4,20260906-215924,4,C:\Users\josep\source\repos\AIOTED-digital-rawdigits\20260906\21\8_main_dig4_20260906-215924.jpg,8,flash,77.86,reading_est 58827; model saw 8; agree,,,0
night_fill,20260907-044724_dig4,20260907-044724,4,C:\Users\josep\source\repos\AIOTED-digital-rawdigits\20260907\04\8_main_dig4_20260907-044724.jpg,8,flash,77.86,reading_est 58831; model saw 8; agree,,,0
night_fill,20260908-031122_dig4,20260908-031122,4,C:\Users\josep\source\repos\AIOTED-digital-rawdigits\20260908\03\8_main_dig4_20260908-031122.jpg,8,flash,77.62,reading_est 58867; model saw 8; agree,,,0
night_fill,20260906-191924_dig4,20260906-191924,4,C:\Users\josep\source\repos\AIOTED-digital-rawdigits\20260906\19\8_main_dig4_20260906-191924.jpg,8,flash,77.17,reading_est 58824; model saw 8; agree,,,0
night_fill,20260907-003124_dig4,20260907-003124,4,C:\Users\josep\source\repos\AIOTED-digital-rawdigits\20260907\00\8_main_dig4_20260907-003124.jpg,8,flash,77.22,reading_est 58828; model saw 8; agree,,,0
night_fill,20260908-200721_dig4,20260908-200721,4,C:\Users\josep\source\repos\AIOTED-digital-rawdigits\20260908\20\8_main_dig4_20260908-200721.jpg,8,flash,77.17,reading_est 58897; model saw 8; agree_soft,,,0
night_fill,20260906-231124_dig4,20260906-231124,4,C:\Users\josep\source\repos\AIOTED-digital-rawdigits\20260906\23\8_main_dig4_20260906-231124.jpg,8,flash,77.22,reading_est 58828; model saw 8; agree,,,0
night_fill,20260907-185523_dig4,20260907-185523,4,C:\Users\josep\source\repos\AIOTED-digital-rawdigits\20260907\18\8_main_dig4_20260907-185523.jpg,8,flash,80.26,reading_est 58859; model saw 8; agree,,,0
night_fill,20260908-015122_dig4,20260908-015122,4,C:\Users\josep\source\repos\AIOTED-digital-rawdigits\20260908\01\8_main_dig4_20260908-015122.jpg,8,flash,77.22,reading_est 58866; model saw 8; agree,,,0
night_fill,20260906-203924_dig4,20260906-203924,4,C:\Users\josep\source\repos\AIOTED-digital-rawdigits\20260906\20\8_main_dig4_20260906-203924.jpg,8,flash,77.94,reading_est 58826; model saw 8; agree,,,0
night_fill,20260907-235522_dig4,20260907-235522,4,C:\Users\josep\source\repos\AIOTED-digital-rawdigits\20260907\23\8_main_dig4_20260907-235522.jpg,8,flash,77.17,reading_est 58866; model saw 8; agree,,,0
night_fill,20260908-022322_dig4,20260908-022322,4,C:\Users\josep\source\repos\AIOTED-digital-rawdigits\20260908\02\8_main_dig4_20260908-022322.jpg,8,flash,77.72,reading_est 58866; model saw 8; agree,,,0
night_fill,20260906-201924_dig4,20260906-201924,4,C:\Users\josep\source\repos\AIOTED-digital-rawdigits\20260906\20\8_main_dig4_20260906-201924.jpg,8,flash,77.94,reading_est 58826; model saw 8; agree,,,0
night_fill,20260907-193523_dig4,20260907-193523,4,C:\Users\josep\source\repos\AIOTED-digital-rawdigits\20260907\19\8_main_dig4_20260907-193523.jpg,8,flash,77.86,reading_est 58861; model saw 8; agree,,,0
night_fill,20260908-190721_dig4,20260908-190721,4,C:\Users\josep\source\repos\AIOTED-digital-rawdigits\20260908\19\8_main_dig4_20260908-190721.jpg,8,flash,78.16,reading_est 58897; model saw 8; agree_soft,,,0
night_fill,20260906-193124_dig4,20260906-193124,4,C:\Users\josep\source\repos\AIOTED-digital-rawdigits\20260906\19\8_main_dig4_20260906-193124.jpg,8,flash,78.16,reading_est 58824; model saw 8; agree,,,0
night_fill,20260907-023924_dig4,20260907-023924,4,C:\Users\josep\source\repos\AIOTED-digital-rawdigits\20260907\02\8_main_dig4_20260907-023924.jpg,8,flash,77.17,reading_est 58830; model saw 8; agree,,,0
night_fill,20260908-201921_dig4,20260908-201921,4,C:\Users\josep\source\repos\AIOTED-digital-rawdigits\20260908\20\8_main_dig4_20260908-201921.jpg,8,flash,77.22,reading_est 58897; model saw 8; agree_soft,,,0
night_fill,20260906-211124_dig4,20260906-211124,4,C:\Users\josep\source\repos\AIOTED-digital-rawdigits\20260906\21\8_main_dig4_20260906-211124.jpg,8,flash,77.87,reading_est 58826; model saw 8; agree,,,0
night_fill,20260907-190723_dig4,20260907-190723,4,C:\Users\josep\source\repos\AIOTED-digital-rawdigits\20260907\19\8_main_dig4_20260907-190723.jpg,8,flash,78.16,reading_est 58860; model saw 8; agree,,,0
night_fill,20260908-070322_dig4,20260908-070322,4,C:\Users\josep\source\repos\AIOTED-digital-rawdigits\20260908\07\8_main_dig4_20260908-070322.jpg,8,flash,79.41,reading_est 58870; model saw 8; agree,,,0
night_fill,20260906-233124_dig4,20260906-233124,4,C:\Users\josep\source\repos\AIOTED-digital-rawdigits\20260906\23\8_main_dig4_20260906-233124.jpg,8,flash,77.86,reading_est 58828; model saw 8; agree,,,0
night_fill,20260907-011124_dig4,20260907-011124,4,C:\Users\josep\source\repos\AIOTED-digital-rawdigits\20260907\01\8_main_dig4_20260907-011124.jpg,8,flash,76.93,reading_est 58829; model saw 8; agree,,,0
night_fill,20260908-045122_dig4,20260908-045122,4,C:\Users\josep\source\repos\AIOTED-digital-rawdigits\20260908\04\8_main_dig4_20260908-045122.jpg,8,flash,77.83,reading_est 58868; model saw 8; agree,,,0
night_fill,20260906-064656_dig4,20260906-064656,4,C:\Users\josep\source\repos\AIOTED-digital-rawdigits\20260906\06\8_main_dig4_20260906-064656.jpg,8,flash,80.81,reading_est 58800; model saw 8; agree_soft,,,0
night_fill,20260907-192323_dig4,20260907-192323,4,C:\Users\josep\source\repos\AIOTED-digital-rawdigits\20260907\19\8_main_dig4_20260907-192323.jpg,8,flash,77.93,reading_est 58861; model saw 8; agree,,,0
night_fill,20260908-042322_dig4,20260908-042322,4,C:\Users\josep\source\repos\AIOTED-digital-rawdigits\20260908\04\8_main_dig4_20260908-042322.jpg,8,flash,77.62,reading_est 58868; model saw 8; agree,,,0
night_fill,20260906-195924_dig4,20260906-195924,4,C:\Users\josep\source\repos\AIOTED-digital-rawdigits\20260906\19\8_main_dig4_20260906-195924.jpg,8,flash,78.00,reading_est 58826; model saw 8; agree,,,0
night_fill,20260907-050724_dig4,20260907-050724,4,C:\Users\josep\source\repos\AIOTED-digital-rawdigits\20260907\05\8_main_dig4_20260907-050724.jpg,8,flash,77.62,reading_est 58832; model saw 8; agree,,,0
night_fill,20260908-195921_dig4,20260908-195921,4,C:\Users\josep\source\repos\AIOTED-digital-rawdigits\20260908\19\8_main_dig4_20260908-195921.jpg,8,flash,77.31,reading_est 58897; model saw 8; agree_soft,,,0
night_fill,20260906-235924_dig4,20260906-235924,4,C:\Users\josep\source\repos\AIOTED-digital-rawdigits\20260906\23\8_main_dig4_20260906-235924.jpg,8,flash,77.86,reading_est 58828; model saw 8; agree,,,0
night_fill,20260907-210322_dig4,20260907-210322,4,C:\Users\josep\source\repos\AIOTED-digital-rawdigits\20260907\21\8_main_dig4_20260907-210322.jpg,8,flash,77.96,reading_est 58862; model saw 8; agree,,,0
night_fill,20260908-011522_dig4,20260908-011522,4,C:\Users\josep\source\repos\AIOTED-digital-rawdigits\20260908\01\8_main_dig4_20260908-011522.jpg,8,flash,77.22,reading_est 58866; model saw 8; agree,,,0
night_fill,20260906-071456_dig4,20260906-071456,4,C:\Users\josep\source\repos\AIOTED-digital-rawdigits\20260906\07\8_main_dig4_20260906-071456.jpg,8,transition,82.94,reading_est 58801; model saw 8; agree,,,0
night_fill,20260908-180721_dig4,20260908-180721,4,C:\Users\josep\source\repos\AIOTED-digital-rawdigits\20260908\18\8_main_dig4_20260908-180721.jpg,8,transition,82.90,reading_est 58896; model saw 8; agree_soft,,,0
night_fill,20260907-180323_dig4,20260907-180323,4,C:\Users\josep\source\repos\AIOTED-digital-rawdigits\20260907\18\8_main_dig4_20260907-180323.jpg,8,transition,91.06,reading_est 58858; model saw 8; agree,,,0
night_fill,20260906-172325_dig4,20260906-172325,4,C:\Users\josep\source\repos\AIOTED-digital-rawdigits\20260906\17\8_main_dig4_20260906-172325.jpg,8,transition,89.29,reading_est 58818; model saw 8; agree,,,0
night_fill,20260908-100322_dig4,20260908-100322,4,C:\Users\josep\source\repos\AIOTED-digital-rawdigits\20260908\10\8_main_dig4_20260908-100322.jpg,8,transition,83.03,reading_est 58874; model saw 8; agree,,,0
night_fill,20260907-184723_dig4,20260907-184723,4,C:\Users\josep\source\repos\AIOTED-digital-rawdigits\20260907\18\8_main_dig4_20260907-184723.jpg,8,transition,81.90,reading_est 58858; model saw 8; agree,,,0
night_fill,20260906-171925_dig4,20260906-171925,4,C:\Users\josep\source\repos\AIOTED-digital-rawdigits\20260906\17\8_main_dig4_20260906-171925.jpg,8,transition,94.90,reading_est 58818; model saw 8; agree,,,0
night_fill,20260908-095922_dig4,20260908-095922,4,C:\Users\josep\source\repos\AIOTED-digital-rawdigits\20260908\09\8_main_dig4_20260908-095922.jpg,8,transition,82.97,reading_est 58874; model saw 8; agree,,,0
night_fill,20260907-072724_dig4,20260907-072724,4,C:\Users\josep\source\repos\AIOTED-digital-rawdigits\20260907\07\8_main_dig4_20260907-072724.jpg,8,transition,91.00,reading_est 58834; model saw 8; agree,,,0
night_fill,20260906-180325_dig4,20260906-180325,4,C:\Users\josep\source\repos\AIOTED-digital-rawdigits\20260906\18\8_main_dig4_20260906-180325.jpg,8,transition,81.90,reading_est 58821; model saw 8; agree,,,0
night_fill,20260908-082322_dig4,20260908-082322,4,C:\Users\josep\source\repos\AIOTED-digital-rawdigits\20260908\08\8_main_dig4_20260908-082322.jpg,8,transition,92.02,reading_est 58872; model saw 8; agree,,,0
night_fill,20260907-175523_dig4,20260907-175523,4,C:\Users\josep\source\repos\AIOTED-digital-rawdigits\20260907\17\8_main_dig4_20260907-175523.jpg,8,transition,95.97,reading_est 58857; model saw 8; agree,,,0
night_fill,20260906-072656_dig4,20260906-072656,4,C:\Users\josep\source\repos\AIOTED-digital-rawdigits\20260906\07\8_main_dig4_20260906-072656.jpg,8,transition,90.98,reading_est 58801; model saw 8; agree,,,0
night_fill,20260908-101921_dig4,20260908-101921,4,C:\Users\josep\source\repos\AIOTED-digital-rawdigits\20260908\10\8_main_dig4_20260908-101921.jpg,8,transition,93.69,reading_est 58874; model saw 8; agree,,,0
night_fill,20260907-180723_dig4,20260907-180723,4,C:\Users\josep\source\repos\AIOTED-digital-rawdigits\20260907\18\8_main_dig4_20260907-180723.jpg,8,transition,87.98,reading_est 58858; model saw 8; agree,,,0
night_fill,20260906-181925_dig4,20260906-181925,4,C:\Users\josep\source\repos\AIOTED-digital-rawdigits\20260906\18\8_main_dig4_20260906-181925.jpg,8,transition,82.90,reading_est 58822; model saw 8; agree,,,0
night_fill,20260908-090322_dig4,20260908-090322,4,C:\Users\josep\source\repos\AIOTED-digital-rawdigits\20260908\09\8_main_dig4_20260908-090322.jpg,8,transition,85.12,reading_est 58872; model saw 8; agree,,,0
night_fill,20260907-184323_dig4,20260907-184323,4,C:\Users\josep\source\repos\AIOTED-digital-rawdigits\20260907\18\8_main_dig4_20260907-184323.jpg,8,transition,81.97,reading_est 58858; model saw 8; agree,,,0
night_fill,20260906-175925_dig4,20260906-175925,4,C:\Users\josep\source\repos\AIOTED-digital-rawdigits\20260906\17\8_main_dig4_20260906-175925.jpg,8,transition,81.90,reading_est 58821; model saw 8; agree,,,0
night_fill,20260908-173921_dig4,20260908-173921,4,C:\Users\josep\source\repos\AIOTED-digital-rawdigits\20260908\17\8_main_dig4_20260908-173921.jpg,8,transition,93.41,reading_est 58886; model saw 8; agree_soft,,,0
night_fill,20260907-071924_dig4,20260907-071924,4,C:\Users\josep\source\repos\AIOTED-digital-rawdigits\20260907\07\8_main_dig4_20260907-071924.jpg,8,transition,87.00,reading_est 58834; model saw 8; agree,,,0
night_fill,20260906-173125_dig4,20260906-173125,4,C:\Users\josep\source\repos\AIOTED-digital-rawdigits\20260906\17\8_main_dig4_20260906-173125.jpg,8,transition,91.97,reading_est 58820; model saw 8; agree,,,0
night_fill,20260908-085122_dig4,20260908-085122,4,C:\Users\josep\source\repos\AIOTED-digital-rawdigits\20260908\08\8_main_dig4_20260908-085122.jpg,8,transition,91.90,reading_est 58872; model saw 8; agree,,,0
night_fill,20260907-183523_dig4,20260907-183523,4,C:\Users\josep\source\repos\AIOTED-digital-rawdigits\20260907\18\8_main_dig4_20260907-183523.jpg,8,transition,82.94,reading_est 58858; model saw 8; agree,,,0
night_fill,20260906-171125_dig4,20260906-171125,4,C:\Users\josep\source\repos\AIOTED-digital-rawdigits\20260906\17\8_main_dig4_20260906-171125.jpg,8,transition,94.97,reading_est 58818; model saw 8; agree,,,0
night_fill,20260908-173121_dig4,20260908-173121,4,C:\Users\josep\source\repos\AIOTED-digital-rawdigits\20260908\17\8_main_dig4_20260908-173121.jpg,8,transition,91.98,reading_est 58885; model saw 8; agree,,,0
night_fill,20260907-182723_dig4,20260907-182723,4,C:\Users\josep\source\repos\AIOTED-digital-rawdigits\20260907\18\8_main_dig4_20260907-182723.jpg,8,transition,84.31,reading_est 58858; model saw 8; agree,,,0
night_fill,20260906-175125_dig4,20260906-175125,4,C:\Users\josep\source\repos\AIOTED-digital-rawdigits\20260906\17\8_main_dig4_20260906-175125.jpg,8,transition,84.26,reading_est 58820; model saw 8; agree,,,0
night_fill,20260908-175921_dig4,20260908-175921,4,C:\Users\josep\source\repos\AIOTED-digital-rawdigits\20260908\17\8_main_dig4_20260908-175921.jpg,8,transition,84.97,reading_est 58896; model saw 8; agree_soft,,,0
night_fill,20260907-181523_dig4,20260907-181523,4,C:\Users\josep\source\repos\AIOTED-digital-rawdigits\20260907\18\8_main_dig4_20260907-181523.jpg,8,transition,85.88,reading_est 58858; model saw 8; agree,,,0
night_fill,20260906-183925_dig4,20260906-183925,4,C:\Users\josep\source\repos\AIOTED-digital-rawdigits\20260906\18\8_main_dig4_20260906-183925.jpg,8,transition,81.93,reading_est 58822; model saw 8; agree,,,0
night_fill,20260908-181921_dig4,20260908-181921,4,C:\Users\josep\source\repos\AIOTED-digital-rawdigits\20260908\18\8_main_dig4_20260908-181921.jpg,8,transition,82.18,reading_est 58897; model saw 8; agree_soft,,,0
night_fill,20260907-070724_dig4,20260907-070724,4,C:\Users\josep\source\repos\AIOTED-digital-rawdigits\20260907\07\8_main_dig4_20260907-070724.jpg,8,transition,83.90,reading_est 58833; model saw 8; agree,,,0
night_fill,20260906-065456_dig4,20260906-065456,4,C:\Users\josep\source\repos\AIOTED-digital-rawdigits\20260906\06\8_main_dig4_20260906-065456.jpg,8,transition,81.94,reading_est 58800; model saw 8; agree_soft,,,0
night_fill,20260908-083122_dig4,20260908-083122,4,C:\Users\josep\source\repos\AIOTED-digital-rawdigits\20260908\08\8_main_dig4_20260908-083122.jpg,8,transition,94.93,reading_est 58872; model saw 8; agree,,,0
night_fill,20260907-065924_dig4,20260907-065924,4,C:\Users\josep\source\repos\AIOTED-digital-rawdigits\20260907\06\8_main_dig4_20260907-065924.jpg,8,transition,82.20,reading_est 58833; model saw 8; agree,,,0
night_fill,20260906-174325_dig4,20260906-174325,4,C:\Users\josep\source\repos\AIOTED-digital-rawdigits\20260906\17\8_main_dig4_20260906-174325.jpg,8,transition,85.03,reading_est 58820; model saw 8; agree,,,0
night_fill,20260908-084322_dig4,20260908-084322,4,C:\Users\josep\source\repos\AIOTED-digital-rawdigits\20260908\08\8_main_dig4_20260908-084322.jpg,8,transition,93.69,reading_est 58872; model saw 8; agree,,,0
night_fill,20260907-064724_dig4,20260907-064724,4,C:\Users\josep\source\repos\AIOTED-digital-rawdigits\20260907\06\8_main_dig4_20260907-064724.jpg,8,transition,81.12,reading_est 58832; model saw 8; agree,,,0
night_fill,20260906-070656_dig4,20260906-070656,4,C:\Users\josep\source\repos\AIOTED-digital-rawdigits\20260906\07\8_main_dig4_20260906-070656.jpg,8,transition,82.20,reading_est 58800; model saw 8; agree_soft,,,0
night_fill,20260908-080322_dig4,20260908-080322,4,C:\Users\josep\source\repos\AIOTED-digital-rawdigits\20260908\08\8_main_dig4_20260908-080322.jpg,8,transition,83.31,reading_est 58872; model saw 8; agree,,,0
night_fill,20260828-225738_dig6,20260828-225738,6,C:\Users\josep\source\repos\AIOTED-digital-rawdigits\20260828\22\7_main_dig6_20260828-225738.jpg,7,flash,74.22,reading_est 58487; model saw 7; agree_soft,,,0
night_fill,20260819-051756_dig6,20260819-051756,6,C:\Users\josep\source\repos\AIOTED-digital-rawdigits\20260819\05\7_main_dig6_20260819-051756.jpg,7,flash,77.94,reading_est 58137; model saw 7; agree,,,0
night_fill,20260831-190133_dig6,20260831-190133,6,C:\Users\josep\source\repos\AIOTED-digital-rawdigits\20260831\19\7_main_dig6_20260831-190133.jpg,7,flash,76.17,reading_est 58587; model saw 7; agree_soft,,,0
night_fill,20260815-230603_dig6,20260815-230603,6,C:\Users\josep\source\repos\AIOTED-digital-rawdigits\20260815\23\7_main_dig6_20260815-230603.jpg,7,flash,75.64,reading_est 58017; model saw 7; agree_soft,,,0
night_fill,20260823-210948_dig6,20260823-210948,6,C:\Users\josep\source\repos\AIOTED-digital-rawdigits\20260823\21\7_main_dig6_20260823-210948.jpg,7,flash,77.13,reading_est 58307; model saw 7; agree_soft,,,0
night_fill,20260918-181730_dig6,20260918-181730,6,C:\Users\josep\source\repos\AIOTED-digital-rawdigits\20260918\18\7_main_dig6_20260918-181730.jpg,7,flash,78.17,reading_est 59167; model saw 7; agree_soft,,,0
night_fill,20260821-080152_dig6,20260821-080152,6,C:\Users\josep\source\repos\AIOTED-digital-rawdigits\20260821\08\7_main_dig6_20260821-080152.jpg,7,flash,77.93,reading_est 58217; model saw 7; agree,,,0
night_fill,20260925-184217_dig6,20260925-184217,6,C:\Users\josep\source\repos\AIOTED-digital-rawdigits\20260925\18\7_main_dig6_20260925-184217.jpg,7,flash,79.12,reading_est 59317; model saw 7; agree_soft,,,0
night_fill,20260921-060526_dig6,20260921-060526,6,C:\Users\josep\source\repos\AIOTED-digital-rawdigits\20260921\06\7_main_dig6_20260921-060526.jpg,7,flash,78.22,reading_est 59217; model saw 7; agree_soft,,,0
night_fill,20260830-064936_dig6,20260830-064936,6,C:\Users\josep\source\repos\AIOTED-digital-rawdigits\20260830\06\7_main_dig6_20260830-064936.jpg,7,flash,80.97,reading_est 58517; model saw 7; agree,,,0
night_fill,20260827-201740_dig6,20260827-201740,6,C:\Users\josep\source\repos\AIOTED-digital-rawdigits\20260827\20\7_main_dig6_20260827-201740.jpg,7,flash,74.87,reading_est 58447; model saw 7; agree_soft,,,0
night_fill,20260908-183921_dig6,20260908-183921,6,C:\Users\josep\source\repos\AIOTED-digital-rawdigits\20260908\18\7_main_dig6_20260908-183921.jpg,7,flash,80.09,reading_est 58897; model saw 7; agree_soft,,,0
night_fill,20260905-053058_dig6,20260905-053058,6,C:\Users\josep\source\repos\AIOTED-digital-rawdigits\20260905\05\7_main_dig6_20260905-053058.jpg,7,flash,77.90,reading_est 58767; model saw 7; agree_soft,,,0
night_fill,20260829-191337_dig6,20260829-191337,6,C:\Users\josep\source\repos\AIOTED-digital-rawdigits\20260829\19\7_main_dig6_20260829-191337.jpg,7,flash,78.26,reading_est 58507; model saw 7; agree_soft,,,0
night_fill,20260820-213753_dig6,20260820-213753,6,C:\Users\josep\source\repos\AIOTED-digital-rawdigits\20260820\21\7_main_dig6_20260820-213753.jpg,7,flash,76.29,reading_est 58207; model saw 7; agree_soft,,,0
night_fill,20260826-004544_dig6,20260826-004544,6,C:\Users\josep\source\repos\AIOTED-digital-rawdigits\20260826\00\7_main_dig6_20260826-004544.jpg,7,flash,75.86,reading_est 58377; model saw 7; agree_soft,,,0
night_fill,20260910-212800_dig6,20260910-212800,6,C:\Users\josep\source\repos\AIOTED-digital-rawdigits\20260910\21\7_main_dig6_20260910-212800.jpg,7,flash,78.17,reading_est 58967; model saw 7; agree_soft,,,0
night_fill,20260927-184642_dig6,20260927-184642,6,C:\Users\josep\source\repos\AIOTED-digital-rawdigits\20260927\18\7_main_dig6_20260927-184642.jpg,7,flash,79.17,reading_est 59357; model saw 7; agree,,,0
night_fill,20260920-064928_dig6,20260920-064928,6,C:\Users\josep\source\repos\AIOTED-digital-rawdigits\20260920\06\7_main_dig6_20260920-064928.jpg,7,flash,79.25,reading_est 59197; model saw 7; agree_soft,,,0
night_fill,20260904-070306_dig6,20260904-070306,6,C:\Users\josep\source\repos\AIOTED-digital-rawdigits\20260904\07\7_main_dig6_20260904-070306.jpg,7,flash,76.17,reading_est 58727; model saw 7; agree_soft,,,0
night_fill,20260817-033800_dig6,20260817-033800,6,C:\Users\josep\source\repos\AIOTED-digital-rawdigits\20260817\03\7_main_dig6_20260817-033800.jpg,7,flash,76.12,reading_est 58057; model saw 7; agree_soft,,,0
night_fill,20260927-181842_dig6,20260927-181842,6,C:\Users\josep\source\repos\AIOTED-digital-rawdigits\20260927\18\7_main_dig6_20260927-181842.jpg,7,transition,81.93,reading_est 59357; model saw 7; agree,,,0
night_fill,20260928-180240_dig6,20260928-180240,6,C:\Users\josep\source\repos\AIOTED-digital-rawdigits\20260928\18\7_main_dig6_20260928-180240.jpg,7,transition,83.24,reading_est 59377; model saw 7; agree,,,0
night_fill,20260919-171329_dig6,20260919-171329,6,C:\Users\josep\source\repos\AIOTED-digital-rawdigits\20260919\17\7_main_dig6_20260919-171329.jpg,7,transition,89.29,reading_est 59187; model saw 7; agree_soft,,,0
night_fill,20260817-183359_dig6,20260817-183359,6,C:\Users\josep\source\repos\AIOTED-digital-rawdigits\20260817\18\7_main_dig6_20260817-183359.jpg,7,transition,82.17,reading_est 58087; model saw 7; agree,,,0
night_fill,20260911-181228_dig6,20260911-181228,6,C:\Users\josep\source\repos\AIOTED-digital-rawdigits\20260911\18\7_main_dig6_20260911-181228.jpg,7,transition,82.97,reading_est 58997; model saw 7; agree_soft,,,0
night_fill,20260820-070954_dig6,20260820-070954,6,C:\Users\josep\source\repos\AIOTED-digital-rawdigits\20260820\07\7_main_dig6_20260820-070954.jpg,7,transition,93.24,reading_est 58177; model saw 7; agree,,,0
night_fill,20260816-183001_dig6,20260816-183001,6,C:\Users\josep\source\repos\AIOTED-digital-rawdigits\20260816\18\7_main_dig6_20260816-183001.jpg,7,transition,83.97,reading_est 58047; model saw 7; agree_soft,,,0
night_fill,20260918-092931_dig6,20260918-092931,6,C:\Users\josep\source\repos\AIOTED-digital-rawdigits\20260918\09\7_main_dig6_20260918-092931.jpg,7,transition,82.20,reading_est 59157; model saw 7; agree,,,0
night_fill,20260912-120827_dig6,20260912-120827,6,C:\Users\josep\source\repos\AIOTED-digital-rawdigits\20260912\12\7_main_dig6_20260912-120827.jpg,7,transition,88.06,reading_est 59017; model saw 7; agree_soft,,,0
night_fill,20260827-064942_dig6,20260827-064942,6,C:\Users\josep\source\repos\AIOTED-digital-rawdigits\20260827\06\7_main_dig6_20260827-064942.jpg,7,transition,81.12,reading_est 58417; model saw 7; agree_soft,,,0
night_fill,20260822-065751_dig6,20260822-065751,6,C:\Users\josep\source\repos\AIOTED-digital-rawdigits\20260822\06\7_main_dig6_20260822-065751.jpg,7,transition,84.00,reading_est 58247; model saw 7; agree,,,0
night_fill,20260823-164148_dig6,20260823-164148,6,C:\Users\josep\source\repos\AIOTED-digital-rawdigits\20260823\16\7_main_dig6_20260823-164148.jpg,7,transition,88.97,reading_est 58297; model saw 7; agree_soft,,,0
night_fill,20260915-092936_dig6,20260915-092936,6,C:\Users\josep\source\repos\AIOTED-digital-rawdigits\20260915\09\7_main_dig6_20260915-092936.jpg,7,transition,83.25,reading_est 59087; model saw 7; agree_soft,,,0
night_fill,20260926-173815_dig6,20260926-173815,6,C:\Users\josep\source\repos\AIOTED-digital-rawdigits\20260926\17\7_main_dig6_20260926-173815.jpg,7,transition,87.97,reading_est 59337; model saw 7; agree_soft,,,0
night_fill,20260908-182721_dig6,20260908-182721,6,C:\Users\josep\source\repos\AIOTED-digital-rawdigits\20260908\18\7_main_dig6_20260908-182721.jpg,7,transition,81.93,reading_est 58897; model saw 7; agree_soft,,,0
night_fill,20260925-183017_dig6,20260925-183017,6,C:\Users\josep\source\repos\AIOTED-digital-rawdigits\20260925\18\7_main_dig6_20260925-183017.jpg,7,transition,81.90,reading_est 59317; model saw 7; agree,,,0
night_fill,20260902-164309_dig6,20260902-164309,6,C:\Users\josep\source\repos\AIOTED-digital-rawdigits\20260902\16\7_main_dig6_20260902-164309.jpg,7,transition,93.97,reading_est 58667; model saw 7; agree_soft,,,0
night_fill,20260907-175523_dig6,20260907-175523,6,C:\Users\josep\source\repos\AIOTED-digital-rawdigits\20260907\17\7_main_dig6_20260907-175523.jpg,7,transition,95.97,reading_est 58857; model saw 7; agree_soft,,,0
night_fill,20260829-092537_dig6,20260829-092537,6,C:\Users\josep\source\repos\AIOTED-digital-rawdigits\20260829\09\7_main_dig6_20260829-092537.jpg,7,transition,89.70,reading_est 58497; model saw 7; agree,,,0
night_fill,20260917-101733_dig6,20260917-101733,6,C:\Users\josep\source\repos\AIOTED-digital-rawdigits\20260917\10\7_main_dig6_20260917-101733.jpg,7,transition,94.75,reading_est 59137; model saw 7; agree_soft,,,0
night_fill,20260830-070936_dig6,20260830-070936,6,C:\Users\josep\source\repos\AIOTED-digital-rawdigits\20260830\07\7_main_dig6_20260830-070936.jpg,7,transition,89.16,reading_est 58517; model saw 7; agree,,,0
night_fill,20260920-071728_dig6,20260920-071728,6,C:\Users\josep\source\repos\AIOTED-digital-rawdigits\20260920\07\7_main_dig6_20260920-071728.jpg,7,transition,84.26,reading_est 59197; model saw 7; agree_soft,,,0
night_fill,20260927-182642_dig6,20260927-182642,6,C:\Users\josep\source\repos\AIOTED-digital-rawdigits\20260927\18\7_main_dig6_20260927-182642.jpg,7,transition,81.17,reading_est 59357; model saw 7; agree,,,0
night_fill,20260928-181040_dig6,20260928-181040,6,C:\Users\josep\source\repos\AIOTED-digital-rawdigits\20260928\18\7_main_dig6_20260928-181040.jpg,7,transition,82.93,reading_est 59377; model saw 7; agree,,,0
night_fill,20260919-084529_dig6,20260919-084529,6,C:\Users\josep\source\repos\AIOTED-digital-rawdigits\20260919\08\7_main_dig6_20260919-084529.jpg,7,transition,82.97,reading_est 59177; model saw 7; agree_soft,,,0
night_fill,20260817-184559_dig6,20260817-184559,6,C:\Users\josep\source\repos\AIOTED-digital-rawdigits\20260817\18\7_main_dig6_20260817-184559.jpg,7,transition,81.25,reading_est 58087; model saw 7; agree_soft,,,0
night_fill,20260911-180028_dig6,20260911-180028,6,C:\Users\josep\source\repos\AIOTED-digital-rawdigits\20260911\18\7_main_dig6_20260911-180028.jpg,7,transition,83.90,reading_est 58997; model saw 7; agree_soft,,,0
night_fill,20260816-181001_dig6,20260816-181001,6,C:\Users\josep\source\repos\AIOTED-digital-rawdigits\20260816\18\7_main_dig6_20260816-181001.jpg,7,transition,91.93,reading_est 58047; model saw 7; agree,,,0
night_fill,20260918-092131_dig6,20260918-092131,6,C:\Users\josep\source\repos\AIOTED-digital-rawdigits\20260918\09\7_main_dig6_20260918-092131.jpg,7,transition,83.90,reading_est 59157; model saw 7; agree,,,0
night_fill,20260912-170058_dig6,20260912-170058,6,C:\Users\josep\source\repos\AIOTED-digital-rawdigits\20260912\17\7_main_dig6_20260912-170058.jpg,7,transition,93.97,reading_est 59027; model saw 7; agree,,,0
night_fill,20260822-073751_dig6,20260822-073751,6,C:\Users\josep\source\repos\AIOTED-digital-rawdigits\20260822\07\7_main_dig6_20260822-073751.jpg,7,transition,94.93,reading_est 58247; model saw 7; agree,,,0
night_fill,20260915-093736_dig6,20260915-093736,6,C:\Users\josep\source\repos\AIOTED-digital-rawdigits\20260915\09\7_main_dig6_20260915-093736.jpg,7,transition,90.41,reading_est 59087; model saw 7; agree,,,0
night_fill,20260926-171815_dig6,20260926-171815,6,C:\Users\josep\source\repos\AIOTED-digital-rawdigits\20260926\17\7_main_dig6_20260926-171815.jpg,7,transition,94.12,reading_est 59337; model saw 7; agree_soft,,,0
night_fill,20260908-181921_dig6,20260908-181921,6,C:\Users\josep\source\repos\AIOTED-digital-rawdigits\20260908\18\7_main_dig6_20260908-181921.jpg,7,transition,82.18,reading_est 58897; model saw 7; agree_soft,,,0
night_fill,20260920-234126_dig2,20260920-234126,2,C:\Users\josep\source\repos\AIOTED-digital-rawdigits\20260920\23\8_main_dig2_20260920-234126.jpg,8,flash,77.00,screen test8; model saw 8; agree,,,0
night_fill,20260912-003628_dig2,20260912-003628,2,C:\Users\josep\source\repos\AIOTED-digital-rawdigits\20260912\00\8_main_dig2_20260912-003628.jpg,8,flash,77.17,screen test8; model saw 8; agree,,,0
night_fill,20260911-004400_dig2,20260911-004400,2,C:\Users\josep\source\repos\AIOTED-digital-rawdigits\20260911\00\8_main_dig2_20260911-004400.jpg,8,flash,77.17,screen test8; model saw 8; agree,,,0
night_fill,20260914-054138_dig2,20260914-054138,2,C:\Users\josep\source\repos\AIOTED-digital-rawdigits\20260914\05\8_main_dig2_20260914-054138.jpg,8,flash,76.17,screen test8; model saw 8; agree,,,0
night_fill,20260921-201725_dig2,20260921-201725,2,C:\Users\josep\source\repos\AIOTED-digital-rawdigits\20260921\20\8_main_dig2_20260921-201725.jpg,8,flash,77.09,screen test8; model saw 8; agree,,,0
night_fill,20260831-222933_dig2,20260831-222933,2,C:\Users\josep\source\repos\AIOTED-digital-rawdigits\20260831\22\8_main_dig2_20260831-222933.jpg,8,flash,73.10,screen test8; model saw 8; agree,,,0
night_fill,20260829-061338_dig2,20260829-061338,2,C:\Users\josep\source\repos\AIOTED-digital-rawdigits\20260829\06\8_main_dig2_20260829-061338.jpg,8,flash,76.86,screen test8; model saw 8; agree,,,0
night_fill,20260826-044943_dig2,20260826-044943,2,C:\Users\josep\source\repos\AIOTED-digital-rawdigits\20260826\04\8_main_dig2_20260826-044943.jpg,8,flash,77.16,screen test8; model saw 8; agree,,,0
night_fill,20260926-200215_dig2,20260926-200215,2,C:\Users\josep\source\repos\AIOTED-digital-rawdigits\20260926\20\8_main_dig2_20260926-200215.jpg,8,flash,77.84,screen test8; model saw 8; agree,,,0
night_fill,20260815-192203_dig2,20260815-192203,2,C:\Users\josep\source\repos\AIOTED-digital-rawdigits\20260815\19\8_main_dig2_20260815-192203.jpg,8,flash,76.23,screen test8; model saw 8; agree,,,0
night_fill,20260917-232932_dig2,20260917-232932,2,C:\Users\josep\source\repos\AIOTED-digital-rawdigits\20260917\23\8_main_dig2_20260917-232932.jpg,8,flash,77.17,screen test8; model saw 8; agree,,,0
night_fill,20260905-215457_dig2,20260905-215457,2,C:\Users\josep\source\repos\AIOTED-digital-rawdigits\20260905\21\8_main_dig2_20260905-215457.jpg,8,flash,77.86,screen test8; model saw 8; agree,,,0
night_fill,20260930-073037_dig2,20260930-073037,2,C:\Users\josep\source\repos\AIOTED-digital-rawdigits\20260930\07\8_main_dig2_20260930-073037.jpg,8,flash,79.12,screen test8; model saw 8; agree,,,0
night_fill,20260821-195752_dig2,20260821-195752,2,C:\Users\josep\source\repos\AIOTED-digital-rawdigits\20260821\19\8_main_dig2_20260821-195752.jpg,8,flash,76.17,screen test8; model saw 8; agree,,,0
night_fill,20260823-214548_dig2,20260823-214548,2,C:\Users\josep\source\repos\AIOTED-digital-rawdigits\20260823\21\8_main_dig2_20260823-214548.jpg,8,flash,76.00,screen test8; model saw 8; agree,,,0
night_fill,20260913-231339_dig2,20260913-231339,2,C:\Users\josep\source\repos\AIOTED-digital-rawdigits\20260913\23\8_main_dig2_20260913-231339.jpg,8,flash,76.22,screen test8; model saw 8; agree,,,0
night_fill,20260925-014218_dig2,20260925-014218,2,C:\Users\josep\source\repos\AIOTED-digital-rawdigits\20260925\01\8_main_dig2_20260925-014218.jpg,8,flash,77.16,screen test8; model saw 8; agree,,,0
night_fill,20260910-221600_dig2,20260910-221600,2,C:\Users\josep\source\repos\AIOTED-digital-rawdigits\20260910\22\8_main_dig2_20260910-221600.jpg,8,flash,77.86,screen test8; model saw 8; agree,,,0
night_fill,20260907-063524_dig2,20260907-063524,2,C:\Users\josep\source\repos\AIOTED-digital-rawdigits\20260907\06\8_main_dig2_20260907-063524.jpg,8,flash,78.93,screen test8; model saw 8; agree,,,0
night_fill,20260830-190535_dig2,20260830-190535,2,C:\Users\josep\source\repos\AIOTED-digital-rawdigits\20260830\19\8_main_dig2_20260830-190535.jpg,8,flash,76.94,screen test8; model saw 8; agree,,,0
night_fill,20260928-181840_dig2,20260928-181840,2,C:\Users\josep\source\repos\AIOTED-digital-rawdigits\20260928\18\8_main_dig2_20260928-181840.jpg,8,flash,79.22,screen test8; model saw 8; agree,,,0
night_fill,20260827-210140_dig2,20260827-210140,2,C:\Users\josep\source\repos\AIOTED-digital-rawdigits\20260827\21\8_main_dig2_20260827-210140.jpg,8,flash,74.13,screen test8; model saw 8; agree,,,0
night_fill,20260906-202724_dig2,20260906-202724,2,C:\Users\josep\source\repos\AIOTED-digital-rawdigits\20260906\20\8_main_dig2_20260906-202724.jpg,8,flash,77.86,screen test8; model saw 8; agree,,,0
night_fill,20260927-063014_dig2,20260927-063014,2,C:\Users\josep\source\repos\AIOTED-digital-rawdigits\20260927\06\8_main_dig2_20260927-063014.jpg,8,flash,76.91,screen test8; model saw 8; agree,,,0
night_fill,20260822-064551_dig2,20260822-064551,2,C:\Users\josep\source\repos\AIOTED-digital-rawdigits\20260822\06\8_main_dig2_20260822-064551.jpg,8,flash,80.93,screen test8; model saw 8; agree,,,0
night_fill,20260819-062156_dig2,20260819-062156,2,C:\Users\josep\source\repos\AIOTED-digital-rawdigits\20260819\06\8_main_dig2_20260819-062156.jpg,8,flash,79.97,screen test8; model saw 8; agree,,,0
night_fill,20260908-025922_dig2,20260908-025922,2,C:\Users\josep\source\repos\AIOTED-digital-rawdigits\20260908\02\8_main_dig2_20260908-025922.jpg,8,flash,77.17,screen test8; model saw 8; agree,,,0
night_fill,20260816-200601_dig2,20260816-200601,2,C:\Users\josep\source\repos\AIOTED-digital-rawdigits\20260816\20\8_main_dig2_20260816-200601.jpg,8,flash,76.00,screen test8; model saw 8; agree,,,0
night_fill,20260824-194946_dig2,20260824-194946,2,C:\Users\josep\source\repos\AIOTED-digital-rawdigits\20260824\19\8_main_dig2_20260824-194946.jpg,8,flash,75.13,screen test8; model saw 8; agree,,,0
night_fill,20260918-012931_dig2,20260918-012931,2,C:\Users\josep\source\repos\AIOTED-digital-rawdigits\20260918\01\8_main_dig2_20260918-012931.jpg,8,flash,76.92,screen test8; model saw 8; agree,,,0
night_fill,20260924-034950_dig2,20260924-034950,2,C:\Users\josep\source\repos\AIOTED-digital-rawdigits\20260924\03\8_main_dig2_20260924-034950.jpg,8,flash,76.13,screen test8; model saw 8; agree,,,0
night_fill,20260915-070536_dig2,20260915-070536,2,C:\Users\josep\source\repos\AIOTED-digital-rawdigits\20260915\07\8_main_dig2_20260915-070536.jpg,8,flash,76.83,screen test8; model saw 8; agree,,,0
night_fill,20260919-180929_dig2,20260919-180929,2,C:\Users\josep\source\repos\AIOTED-digital-rawdigits\20260919\18\8_main_dig2_20260919-180929.jpg,8,flash,79.03,screen test8; model saw 8; agree,,,0
night_fill,20260902-213909_dig2,20260902-213909,2,C:\Users\josep\source\repos\AIOTED-digital-rawdigits\20260902\21\8_main_dig2_20260902-213909.jpg,8,flash,74.95,screen test8; model saw 8; agree,,,0
night_fill,20260828-042140_dig2,20260828-042140,2,C:\Users\josep\source\repos\AIOTED-digital-rawdigits\20260828\04\8_main_dig2_20260828-042140.jpg,8,flash,75.76,screen test8; model saw 8; agree,,,0
night_fill,20260903-005908_dig2,20260903-005908,2,C:\Users\josep\source\repos\AIOTED-digital-rawdigits\20260903\00\8_main_dig2_20260903-005908.jpg,8,flash,74.12,screen test8; model saw 8; agree,,,0
night_fill,20260922-200123_dig2,20260922-200123,2,C:\Users\josep\source\repos\AIOTED-digital-rawdigits\20260922\20\8_main_dig2_20260922-200123.jpg,8,flash,77.12,screen test8; model saw 8; agree,,,0
night_fill,20260820-185353_dig2,20260820-185353,2,C:\Users\josep\source\repos\AIOTED-digital-rawdigits\20260820\18\8_main_dig2_20260820-185353.jpg,8,flash,79.18,screen test8; model saw 8; agree,,,0
night_fill,20260904-012306_dig2,20260904-012306,2,C:\Users\josep\source\repos\AIOTED-digital-rawdigits\20260904\01\8_main_dig2_20260904-012306.jpg,8,flash,76.12,screen test8; model saw 8; agree,,,0
night_fill,20260817-224959_dig2,20260817-224959,2,C:\Users\josep\source\repos\AIOTED-digital-rawdigits\20260817\22\8_main_dig2_20260817-224959.jpg,8,flash,76.17,screen test8; model saw 8; agree,,,0
night_fill,20260920-045728_dig2,20260920-045728,2,C:\Users\josep\source\repos\AIOTED-digital-rawdigits\20260920\04\8_main_dig2_20260920-045728.jpg,8,flash,77.17,screen test8; model saw 8; agree,,,0
night_fill,20260912-045627_dig2,20260912-045627,2,C:\Users\josep\source\repos\AIOTED-digital-rawdigits\20260912\04\8_main_dig2_20260912-045627.jpg,8,flash,77.17,screen test8; model saw 8; agree,,,0
night_fill,20260911-032400_dig2,20260911-032400,2,C:\Users\josep\source\repos\AIOTED-digital-rawdigits\20260911\03\8_main_dig2_20260911-032400.jpg,8,flash,77.17,screen test8; model saw 8; agree,,,0
night_fill,20260914-043339_dig2,20260914-043339,2,C:\Users\josep\source\repos\AIOTED-digital-rawdigits\20260914\04\8_main_dig2_20260914-043339.jpg,8,flash,76.22,screen test8; model saw 8; agree,,,0
night_fill,20260921-234525_dig2,20260921-234525,2,C:\Users\josep\source\repos\AIOTED-digital-rawdigits\20260921\23\8_main_dig2_20260921-234525.jpg,8,flash,77.07,screen test8; model saw 8; agree,,,0
night_fill,20260831-192933_dig2,20260831-192933,2,C:\Users\josep\source\repos\AIOTED-digital-rawdigits\20260831\19\8_main_dig2_20260831-192933.jpg,8,flash,74.17,screen test8; model saw 8; agree,,,0
night_fill,20260829-012538_dig2,20260829-012538,2,C:\Users\josep\source\repos\AIOTED-digital-rawdigits\20260829\01\8_main_dig2_20260829-012538.jpg,8,flash,74.17,screen test8; model saw 8; agree,,,0
night_fill,20260826-024144_dig2,20260826-024144,2,C:\Users\josep\source\repos\AIOTED-digital-rawdigits\20260826\02\8_main_dig2_20260826-024144.jpg,8,flash,75.62,screen test8; model saw 8; agree,,,0
night_fill,20260926-234214_dig2,20260926-234214,2,C:\Users\josep\source\repos\AIOTED-digital-rawdigits\20260926\23\8_main_dig2_20260926-234214.jpg,8,flash,77.13,screen test8; model saw 8; agree,,,0
night_fill,20260815-234203_dig2,20260815-234203,2,C:\Users\josep\source\repos\AIOTED-digital-rawdigits\20260815\23\8_main_dig2_20260815-234203.jpg,8,flash,75.22,screen test8; model saw 8; agree,,,0
night_fill,20260917-200132_dig2,20260917-200132,2,C:\Users\josep\source\repos\AIOTED-digital-rawdigits\20260917\20\8_main_dig2_20260917-200132.jpg,8,flash,76.82,screen test8; model saw 8; agree,,,0
night_fill,20260905-061858_dig2,20260905-061858,2,C:\Users\josep\source\repos\AIOTED-digital-rawdigits\20260905\06\8_main_dig2_20260905-061858.jpg,8,flash,77.89,screen test8; model saw 8; agree,,,0
night_fill,20260930-003038_dig2,20260930-003038,2,C:\Users\josep\source\repos\AIOTED-digital-rawdigits\20260930\00\8_main_dig2_20260930-003038.jpg,8,flash,77.04,screen test8; model saw 8; agree,,,0
night_fill,20260821-223751_dig2,20260821-223751,2,C:\Users\josep\source\repos\AIOTED-digital-rawdigits\20260821\22\8_main_dig2_20260821-223751.jpg,8,flash,75.78,screen test8; model saw 8; agree,,,0
night_fill,20260823-012949_dig2,20260823-012949,2,C:\Users\josep\source\repos\AIOTED-digital-rawdigits\20260823\01\8_main_dig2_20260823-012949.jpg,8,flash,76.18,screen test8; model saw 8; agree,,,0
night_fill,20260913-013657_dig2,20260913-013657,2,C:\Users\josep\source\repos\AIOTED-digital-rawdigits\20260913\01\8_main_dig2_20260913-013657.jpg,8,flash,77.12,screen test8; model saw 8; agree,,,0
night_fill,20260925-060218_dig2,20260925-060218,2,C:\Users\josep\source\repos\AIOTED-digital-rawdigits\20260925\06\8_main_dig2_20260925-060218.jpg,8,flash,76.81,screen test8; model saw 8; agree,,,0
night_fill,20260910-211600_dig2,20260910-211600,2,C:\Users\josep\source\repos\AIOTED-digital-rawdigits\20260910\21\8_main_dig2_20260910-211600.jpg,8,flash,76.85,screen test8; model saw 8; agree,,,0
night_fill,20260907-055524_dig2,20260907-055524,2,C:\Users\josep\source\repos\AIOTED-digital-rawdigits\20260907\05\8_main_dig2_20260907-055524.jpg,8,flash,77.22,screen test8; model saw 8; agree,,,0
night_fill,20260830-032936_dig2,20260830-032936,2,C:\Users\josep\source\repos\AIOTED-digital-rawdigits\20260830\03\8_main_dig2_20260830-032936.jpg,8,flash,74.13,screen test8; model saw 8; agree,,,0
night_fill,20260928-052241_dig2,20260928-052241,2,C:\Users\josep\source\repos\AIOTED-digital-rawdigits\20260928\05\8_main_dig2_20260928-052241.jpg,8,flash,78.17,screen test8; model saw 8; agree,,,0
night_fill,20260827-040542_dig2,20260827-040542,2,C:\Users\josep\source\repos\AIOTED-digital-rawdigits\20260827\04\8_main_dig2_20260827-040542.jpg,8,flash,76.00,screen test8; model saw 8; agree,,,0
night_fill,20260906-013456_dig2,20260906-013456,2,C:\Users\josep\source\repos\AIOTED-digital-rawdigits\20260906\01\8_main_dig2_20260906-013456.jpg,8,flash,77.13,screen test8; model saw 8; agree,,,0
night_fill,20260927-181442_dig2,20260927-181442,2,C:\Users\josep\source\repos\AIOTED-digital-rawdigits\20260927\18\8_main_dig2_20260927-181442.jpg,8,flash,80.96,screen test8; model saw 8; agree,,,0
night_fill,20260822-054551_dig2,20260822-054551,2,C:\Users\josep\source\repos\AIOTED-digital-rawdigits\20260822\05\8_main_dig2_20260822-054551.jpg,8,flash,77.12,screen test8; model saw 8; agree,,,0
night_fill,20260819-221755_dig2,20260819-221755,2,C:\Users\josep\source\repos\AIOTED-digital-rawdigits\20260819\22\8_main_dig2_20260819-221755.jpg,8,flash,76.09,screen test8; model saw 8; agree,,,0
night_fill,20260908-055922_dig2,20260908-055922,2,C:\Users\josep\source\repos\AIOTED-digital-rawdigits\20260908\05\8_main_dig2_20260908-055922.jpg,8,flash,77.87,screen test8; model saw 8; agree,,,0
night_fill,20260816-065002_dig2,20260816-065002,2,C:\Users\josep\source\repos\AIOTED-digital-rawdigits\20260816\06\8_main_dig2_20260816-065002.jpg,8,flash,80.97,screen test8; model saw 8; agree,,,0
night_fill,20260824-025346_dig2,20260824-025346,2,C:\Users\josep\source\repos\AIOTED-digital-rawdigits\20260824\02\8_main_dig2_20260824-025346.jpg,8,flash,77.12,screen test8; model saw 8; agree,,,0
night_fill,20260831-180933_dig2,20260831-180933,2,C:\Users\josep\source\repos\AIOTED-digital-rawdigits\20260831\18\8_main_dig2_20260831-180933.jpg,8,transition,82.17,screen test8; model saw 8; agree,,,0
night_fill,20260905-081858_dig2,20260905-081858,2,C:\Users\josep\source\repos\AIOTED-digital-rawdigits\20260905\08\8_main_dig2_20260905-081858.jpg,8,transition,82.90,screen test8; model saw 8; agree,,,0
night_fill,20260821-171752_dig2,20260821-171752,2,C:\Users\josep\source\repos\AIOTED-digital-rawdigits\20260821\17\8_main_dig2_20260821-171752.jpg,8,transition,83.74,screen test8; model saw 8; agree,,,0
night_fill,20260902-072310_dig2,20260902-072310,2,C:\Users\josep\source\repos\AIOTED-digital-rawdigits\20260902\07\8_main_dig2_20260902-072310.jpg,8,transition,82.20,screen test8; model saw 8; agree,,,0
night_fill,20260914-160938_dig2,20260914-160938,2,C:\Users\josep\source\repos\AIOTED-digital-rawdigits\20260914\16\8_main_dig2_20260914-160938.jpg,8,transition,93.85,screen test8; model saw 8; agree,,,0
night_fill,20260817-150159_dig2,20260817-150159,2,C:\Users\josep\source\repos\AIOTED-digital-rawdigits\20260817\15\8_main_dig2_20260817-150159.jpg,8,transition,95.94,screen test8; model saw 8; agree,,,0
night_fill,20260922-174123_dig2,20260922-174123,2,C:\Users\josep\source\repos\AIOTED-digital-rawdigits\20260922\17\8_main_dig2_20260922-174123.jpg,8,transition,83.12,screen test8; model saw 8; agree,,,0
night_fill,20260829-073338_dig2,20260829-073338,2,C:\Users\josep\source\repos\AIOTED-digital-rawdigits\20260829\07\8_main_dig2_20260829-073338.jpg,8,transition,84.16,screen test8; model saw 8; agree,,,0
night_fill,20260816-091002_dig2,20260816-091002,2,C:\Users\josep\source\repos\AIOTED-digital-rawdigits\20260816\09\8_main_dig2_20260816-091002.jpg,8,transition,92.97,screen test8; model saw 8; agree,,,0
night_fill,20260823-163748_dig2,20260823-163748,2,C:\Users\josep\source\repos\AIOTED-digital-rawdigits\20260823\16\8_main_dig2_20260823-163748.jpg,8,transition,92.25,screen test8; model saw 8; agree,,,0
night_fill,20260819-180955_dig2,20260819-180955,2,C:\Users\josep\source\repos\AIOTED-digital-rawdigits\20260819\18\8_main_dig2_20260819-180955.jpg,8,transition,83.98,screen test8; model saw 8; agree,,,0
night_fill,20260824-174946_dig2,20260824-174946,2,C:\Users\josep\source\repos\AIOTED-digital-rawdigits\20260824\17\8_main_dig2_20260824-174946.jpg,8,transition,90.29,screen test8; model saw 8; agree,,,0
night_fill,20260930-083037_dig2,20260930-083037,2,C:\Users\josep\source\repos\AIOTED-digital-rawdigits\20260930\08\8_main_dig2_20260930-083037.jpg,8,transition,86.84,screen test8; model saw 8; agree,,,0
night_fill,20260915-171336_dig2,20260915-171336,2,C:\Users\josep\source\repos\AIOTED-digital-rawdigits\20260915\17\8_main_dig2_20260915-171336.jpg,8,transition,92.86,screen test8; model saw 8; agree,,,0
night_fill,20260912-120427_dig2,20260912-120427,2,C:\Users\josep\source\repos\AIOTED-digital-rawdigits\20260912\12\8_main_dig2_20260912-120427.jpg,8,transition,84.90,screen test8; model saw 8; agree,,,0
night_fill,20260908-092722_dig2,20260908-092722,2,C:\Users\josep\source\repos\AIOTED-digital-rawdigits\20260908\09\8_main_dig2_20260908-092722.jpg,8,transition,82.25,screen test8; model saw 8; agree,,,0
night_fill,20260904-181059_dig2,20260904-181059,2,C:\Users\josep\source\repos\AIOTED-digital-rawdigits\20260904\18\8_main_dig2_20260904-181059.jpg,8,transition,85.10,screen test8; model saw 8; agree,,,0
night_fill,20260927-075014_dig2,20260927-075014,2,C:\Users\josep\source\repos\AIOTED-digital-rawdigits\20260927\07\8_main_dig2_20260927-075014.jpg,8,transition,94.20,screen test8; model saw 8; agree,,,0
night_fill,20260920-072528_dig2,20260920-072528,2,C:\Users\josep\source\repos\AIOTED-digital-rawdigits\20260920\07\8_main_dig2_20260920-072528.jpg,8,transition,84.24,screen test8; model saw 8; agree,,,0
night_fill,20260926-180215_dig2,20260926-180215,2,C:\Users\josep\source\repos\AIOTED-digital-rawdigits\20260926\18\8_main_dig2_20260926-180215.jpg,8,transition,82.90,screen test8; model saw 8; agree,,,0
night_fill,20260828-070940_dig2,20260828-070940,2,C:\Users\josep\source\repos\AIOTED-digital-rawdigits\20260828\07\8_main_dig2_20260828-070940.jpg,8,transition,83.97,screen test8; model saw 8; agree,,,0
night_fill,20260815-173403_dig2,20260815-173403,2,C:\Users\josep\source\repos\AIOTED-digital-rawdigits\20260815\17\8_main_dig2_20260815-173403.jpg,8,transition,91.94,screen test8; model saw 8; agree,,,0
night_fill,20260925-075017_dig2,20260925-075017,2,C:\Users\josep\source\repos\AIOTED-digital-rawdigits\20260925\07\8_main_dig2_20260925-075017.jpg,8,transition,81.98,screen test8; model saw 8; agree,,,0
night_fill,20260918-071731_dig2,20260918-071731,2,C:\Users\josep\source\repos\AIOTED-digital-rawdigits\20260918\07\8_main_dig2_20260918-071731.jpg,8,transition,81.90,screen test8; model saw 8; agree,,,0
night_fill,20260826-170942_dig2,20260826-170942,2,C:\Users\josep\source\repos\AIOTED-digital-rawdigits\20260826\17\8_main_dig2_20260826-170942.jpg,8,transition,93.17,screen test8; model saw 8; agree,,,0
night_fill,20260910-164801_dig2,20260910-164801,2,C:\Users\josep\source\repos\AIOTED-digital-rawdigits\20260910\16\8_main_dig2_20260910-164801.jpg,8,transition,90.93,screen test8; model saw 8; agree,,,0
night_fill,20260820-175354_dig2,20260820-175354,2,C:\Users\josep\source\repos\AIOTED-digital-rawdigits\20260820\17\8_main_dig2_20260820-175354.jpg,8,transition,86.97,screen test8; model saw 8; agree,,,0
night_fill,20260911-180828_dig2,20260911-180828,2,C:\Users\josep\source\repos\AIOTED-digital-rawdigits\20260911\18\8_main_dig2_20260911-180828.jpg,8,transition,82.90,screen test8; model saw 8; agree,,,0
night_fill,20260924-154618_dig2,20260924-154618,2,C:\Users\josep\source\repos\AIOTED-digital-rawdigits\20260924\15\8_main_dig2_20260924-154618.jpg,8,transition,92.25,screen test8; model saw 8; agree,,,0
night_fill,20260906-170725_dig2,20260906-170725,2,C:\Users\josep\source\repos\AIOTED-digital-rawdigits\20260906\17\8_main_dig2_20260906-170725.jpg,8,transition,94.97,screen test8; model saw 8; agree,,,0
night_fill,20260903-084708_dig2,20260903-084708,2,C:\Users\josep\source\repos\AIOTED-digital-rawdigits\20260903\08\8_main_dig2_20260903-084708.jpg,8,transition,84.18,screen test8; model saw 8; agree,,,0
night_fill,20260830-170535_dig2,20260830-170535,2,C:\Users\josep\source\repos\AIOTED-digital-rawdigits\20260830\17\8_main_dig2_20260830-170535.jpg,8,transition,95.26,screen test8; model saw 8; agree,,,0
night_fill,20260913-162539_dig2,20260913-162539,2,C:\Users\josep\source\repos\AIOTED-digital-rawdigits\20260913\16\8_main_dig2_20260913-162539.jpg,8,transition,93.12,screen test8; model saw 8; agree,,,0
night_fill,20260921-163725_dig2,20260921-163725,2,C:\Users\josep\source\repos\AIOTED-digital-rawdigits\20260921\16\8_main_dig2_20260921-163725.jpg,8,transition,94.98,screen test8; model saw 8; agree,,,0
night_fill,20260919-142929_dig2,20260919-142929,2,C:\Users\josep\source\repos\AIOTED-digital-rawdigits\20260919\14\8_main_dig2_20260919-142929.jpg,8,transition,86.84,screen test8; model saw 8; agree,,,0
night_fill,20260827-072541_dig2,20260827-072541,2,C:\Users\josep\source\repos\AIOTED-digital-rawdigits\20260827\07\8_main_dig2_20260827-072541.jpg,8,transition,93.24,screen test8; model saw 8; agree,,,0
night_fill,20260822-071351_dig2,20260822-071351,2,C:\Users\josep\source\repos\AIOTED-digital-rawdigits\20260822\07\8_main_dig2_20260822-071351.jpg,8,transition,90.12,screen test8; model saw 8; agree,,,0
night_fill,20260917-083333_dig2,20260917-083333,2,C:\Users\josep\source\repos\AIOTED-digital-rawdigits\20260917\08\8_main_dig2_20260917-083333.jpg,8,transition,82.21,screen test8; model saw 8; agree,,,0
night_fill,20260907-175123_dig2,20260907-175123,2,C:\Users\josep\source\repos\AIOTED-digital-rawdigits\20260907\17\8_main_dig2_20260907-175123.jpg,8,transition,94.41,screen test8; model saw 8; agree,,,0
night_fill,20260928-073041_dig2,20260928-073041,2,C:\Users\josep\source\repos\AIOTED-digital-rawdigits\20260928\07\8_main_dig2_20260928-073041.jpg,8,transition,84.97,screen test8; model saw 8; agree,,,0
night_fill,20260831-072134_dig2,20260831-072134,2,C:\Users\josep\source\repos\AIOTED-digital-rawdigits\20260831\07\8_main_dig2_20260831-072134.jpg,8,transition,83.24,screen test8; model saw 8; agree,,,0
night_fill,20260905-075858_dig2,20260905-075858,2,C:\Users\josep\source\repos\AIOTED-digital-rawdigits\20260905\07\8_main_dig2_20260905-075858.jpg,8,transition,81.10,screen test8; model saw 8; agree,,,0
night_fill,20260821-175752_dig2,20260821-175752,2,C:\Users\josep\source\repos\AIOTED-digital-rawdigits\20260821\17\8_main_dig2_20260821-175752.jpg,8,transition,81.90,screen test8; model saw 8; agree,,,0
night_fill,20260902-163109_dig2,20260902-163109,2,C:\Users\josep\source\repos\AIOTED-digital-rawdigits\20260902\16\8_main_dig2_20260902-163109.jpg,8,transition,95.18,screen test8; model saw 8; agree,,,0
night_fill,20260911-191628_dig2,20260911-191628,2,C:\Users\josep\source\repos\AIOTED-digital-rawdigits\20260911\19\10_main_dig2_20260911-191628.jpg,N,flash,79.13,dash screen; model saw N; agree,,,0
night_fill,20260815-211003_dig2,20260815-211003,2,C:\Users\josep\source\repos\AIOTED-digital-rawdigits\20260815\21\10_main_dig2_20260815-211003.jpg,N,flash,78.13,dash screen; model saw N; agree,,,0
night_fill,20260822-220949_dig2,20260822-220949,2,C:\Users\josep\source\repos\AIOTED-digital-rawdigits\20260822\22\10_main_dig2_20260822-220949.jpg,N,flash,78.23,dash screen; model saw N; agree,,,0
night_fill,20260905-220257_dig2,20260905-220257,2,C:\Users\josep\source\repos\AIOTED-digital-rawdigits\20260905\22\10_main_dig2_20260905-220257.jpg,N,flash,79.17,dash screen; model saw N; agree,,,0
night_fill,20260906-211524_dig2,20260906-211524,2,C:\Users\josep\source\repos\AIOTED-digital-rawdigits\20260906\21\10_main_dig2_20260906-211524.jpg,N,flash,79.22,dash screen; model saw N; agree,,,0
night_fill,20260819-193755_dig2,20260819-193755,2,C:\Users\josep\source\repos\AIOTED-digital-rawdigits\20260819\19\10_main_dig2_20260819-193755.jpg,N,flash,80.26,dash screen; model saw N; agree,,,0
night_fill,20260910-012718_dig2,20260910-012718,2,C:\Users\josep\source\repos\AIOTED-digital-rawdigits\20260910\01\10_main_dig2_20260910-012718.jpg,N,flash,79.25,dash screen; model saw N; agree,,,0
night_fill,20260902-185909_dig2,20260902-185909,2,C:\Users\josep\source\repos\AIOTED-digital-rawdigits\20260902\18\10_main_dig2_20260902-185909.jpg,N,flash,80.81,dash screen; model saw N; agree,,,0
night_fill,20260831-030134_dig2,20260831-030134,2,C:\Users\josep\source\repos\AIOTED-digital-rawdigits\20260831\03\10_main_dig2_20260831-030134.jpg,N,flash,77.23,dash screen; model saw N; agree,,,0
night_fill,20260922-025324_dig2,20260922-025324,2,C:\Users\josep\source\repos\AIOTED-digital-rawdigits\20260922\02\10_main_dig2_20260922-025324.jpg,N,flash,78.91,dash screen; model saw N; agree,,,0
night_fill,20260904-055106_dig2,20260904-055106,2,C:\Users\josep\source\repos\AIOTED-digital-rawdigits\20260904\05\10_main_dig2_20260904-055106.jpg,N,flash,77.94,dash screen; model saw N; agree,,,0
night_fill,20260927-033814_dig2,20260927-033814,2,C:\Users\josep\source\repos\AIOTED-digital-rawdigits\20260927\03\10_main_dig2_20260927-033814.jpg,N,flash,79.00,dash screen; model saw N; agree,,,0
night_fill,20260925-043018_dig2,20260925-043018,2,C:\Users\josep\source\repos\AIOTED-digital-rawdigits\20260925\04\10_main_dig2_20260925-043018.jpg,N,flash,78.85,dash screen; model saw N; agree,,,0
night_fill,20260919-185729_dig2,20260919-185729,2,C:\Users\josep\source\repos\AIOTED-digital-rawdigits\20260919\18\10_main_dig2_20260919-185729.jpg,N,flash,79.22,dash screen; model saw N; agree,,,0
night_fill,20260918-021731_dig2,20260918-021731,2,C:\Users\josep\source\repos\AIOTED-digital-rawdigits\20260918\02\10_main_dig2_20260918-021731.jpg,N,flash,79.17,dash screen; model saw N; agree,,,0
night_fill,20260903-004708_dig2,20260903-004708,2,C:\Users\josep\source\repos\AIOTED-digital-rawdigits\20260903\00\10_main_dig2_20260903-004708.jpg,N,flash,77.78,dash screen; model saw N; agree,,,0
night_fill,20260912-213658_dig2,20260912-213658,2,C:\Users\josep\source\repos\AIOTED-digital-rawdigits\20260912\21\10_main_dig2_20260912-213658.jpg,N,flash,80.71,dash screen; model saw N; agree,,,0
night_fill,20260920-194127_dig2,20260920-194127,2,C:\Users\josep\source\repos\AIOTED-digital-rawdigits\20260920\19\10_main_dig2_20260920-194127.jpg,N,flash,79.17,dash screen; model saw N; agree,,,0
night_fill,20260828-200539_dig2,20260828-200539,2,C:\Users\josep\source\repos\AIOTED-digital-rawdigits\20260828\20\10_main_dig2_20260828-200539.jpg,N,flash,77.13,dash screen; model saw N; agree,,,0
night_fill,20260915-192136_dig2,20260915-192136,2,C:\Users\josep\source\repos\AIOTED-digital-rawdigits\20260915\19\10_main_dig2_20260915-192136.jpg,N,flash,78.13,dash screen; model saw N; agree,,,0
night_fill,20260907-205923_dig2,20260907-205923,2,C:\Users\josep\source\repos\AIOTED-digital-rawdigits\20260907\20\10_main_dig2_20260907-205923.jpg,N,flash,79.25,dash screen; model saw N; agree,,,0
night_fill,20260816-063802_dig2,20260816-063802,2,C:\Users\josep\source\repos\AIOTED-digital-rawdigits\20260816\06\10_main_dig2_20260816-063802.jpg,N,flash,80.97,dash screen; model saw N; agree,,,0
night_fill,20260830-023736_dig2,20260830-023736,2,C:\Users\josep\source\repos\AIOTED-digital-rawdigits\20260830\02\10_main_dig2_20260830-023736.jpg,N,flash,77.23,dash screen; model saw N; agree,,,0
night_fill,20260914-163738_dig2,20260914-163738,2,C:\Users\josep\source\repos\AIOTED-digital-rawdigits\20260914\16\10_main_dig2_20260914-163738.jpg,N,transition,95.29,dash screen; model saw N; agree,,,0
night_fill,20260919-094929_dig2,20260919-094929,2,C:\Users\josep\source\repos\AIOTED-digital-rawdigits\20260919\09\10_main_dig2_20260919-094929.jpg,N,transition,85.97,dash screen; model saw N; agree,,,0
night_fill,20260913-185339_dig2,20260913-185339,2,C:\Users\josep\source\repos\AIOTED-digital-rawdigits\20260913\18\10_main_dig2_20260913-185339.jpg,N,transition,81.93,dash screen; model saw N; agree,,,0
night_fill,20260920-184127_dig2,20260920-184127,2,C:\Users\josep\source\repos\AIOTED-digital-rawdigits\20260920\18\10_main_dig2_20260920-184127.jpg,N,transition,81.93,dash screen; model saw N; agree,,,0
night_fill,20260921-172525_dig2,20260921-172525,2,C:\Users\josep\source\repos\AIOTED-digital-rawdigits\20260921\17\10_main_dig2_20260921-172525.jpg,N,transition,91.12,dash screen; model saw N; agree,,,0
night_fill,20260926-073415_dig2,20260926-073415,2,C:\Users\josep\source\repos\AIOTED-digital-rawdigits\20260926\07\10_main_dig2_20260926-073415.jpg,N,transition,90.19,dash screen; model saw N; agree,,,0
night_fill,20260904-091906_dig2,20260904-091906,2,C:\Users\josep\source\repos\AIOTED-digital-rawdigits\20260904\09\10_main_dig2_20260904-091906.jpg,N,transition,83.90,dash screen; model saw N; agree,,,0
night_fill,20260928-182640_dig2,20260928-182640,2,C:\Users\josep\source\repos\AIOTED-digital-rawdigits\20260928\18\10_main_dig2_20260928-182640.jpg,N,transition,81.93,dash screen; model saw N; agree,,,0
night_fill,20260930-073837_dig2,20260930-073837,2,C:\Users\josep\source\repos\AIOTED-digital-rawdigits\20260930\07\10_main_dig2_20260930-073837.jpg,N,transition,82.18,dash screen; model saw N; agree,,,0
night_fill,20260911-173628_dig2,20260911-173628,2,C:\Users\josep\source\repos\AIOTED-digital-rawdigits\20260911\17\10_main_dig2_20260911-173628.jpg,N,transition,88.24,dash screen; model saw N; agree,,,0
night_fill,20260820-182153_dig2,20260820-182153,2,C:\Users\josep\source\repos\AIOTED-digital-rawdigits\20260820\18\10_main_dig2_20260820-182153.jpg,N,transition,87.88,dash screen; model saw N; agree,,,0
night_fill,20260824-064147_dig2,20260824-064147,2,C:\Users\josep\source\repos\AIOTED-digital-rawdigits\20260824\06\10_main_dig2_20260824-064147.jpg,N,transition,84.90,dash screen; model saw N; agree,,,0
night_fill,20260821-182552_dig2,20260821-182552,2,C:\Users\josep\source\repos\AIOTED-digital-rawdigits\20260821\18\10_main_dig2_20260821-182552.jpg,N,transition,93.98,dash screen; model saw N; agree,,,0
night_fill,20260831-183733_dig2,20260831-183733,2,C:\Users\josep\source\repos\AIOTED-digital-rawdigits\20260831\18\10_main_dig2_20260831-183733.jpg,N,transition,81.94,dash screen; model saw N; agree,,,0
night_fill,20260908-074722_dig2,20260908-074722,2,C:\Users\josep\source\repos\AIOTED-digital-rawdigits\20260908\07\10_main_dig2_20260908-074722.jpg,N,transition,85.24,dash screen; model saw N; agree,,,0
night_fill,20260816-180601_dig2,20260816-180601,2,C:\Users\josep\source\repos\AIOTED-digital-rawdigits\20260816\18\10_main_dig2_20260816-180601.jpg,N,transition,92.10,dash screen; model saw N; agree,,,0
night_fill,20260905-092658_dig2,20260905-092658,2,C:\Users\josep\source\repos\AIOTED-digital-rawdigits\20260905\09\10_main_dig2_20260905-092658.jpg,N,transition,93.00,dash screen; model saw N; agree,,,0
night_fill,20260830-183335_dig2,20260830-183335,2,C:\Users\josep\source\repos\AIOTED-digital-rawdigits\20260830\18\10_main_dig2_20260830-183335.jpg,N,transition,82.93,dash screen; model saw N; agree,,,0
night_fill,20260829-160937_dig2,20260829-160937,2,C:\Users\josep\source\repos\AIOTED-digital-rawdigits\20260829\16\10_main_dig2_20260829-160937.jpg,N,transition,81.17,dash screen; model saw N; agree,,,0
night_fill,20260922-070124_dig2,20260922-070124,2,C:\Users\josep\source\repos\AIOTED-digital-rawdigits\20260922\07\10_main_dig2_20260922-070124.jpg,N,transition,81.24,dash screen; model saw N; agree,,,0
night_fill,20260925-155817_dig2,20260925-155817,2,C:\Users\josep\source\repos\AIOTED-digital-rawdigits\20260925\15\10_main_dig2_20260925-155817.jpg,N,transition,92.25,dash screen; model saw N; agree,,,0
night_fill,20260924-071750_dig2,20260924-071750,2,C:\Users\josep\source\repos\AIOTED-digital-rawdigits\20260924\07\10_main_dig2_20260924-071750.jpg,N,transition,85.05,dash screen; model saw N; agree,,,0
night_fill,20260822-190950_dig2,20260822-190950,2,C:\Users\josep\source\repos\AIOTED-digital-rawdigits\20260822\19\10_main_dig2_20260822-190950.jpg,N,transition,83.93,dash screen; model saw N; agree,,,0
night_fill,20260819-191755_dig2,20260819-191755,2,C:\Users\josep\source\repos\AIOTED-digital-rawdigits\20260819\19\10_main_dig2_20260819-191755.jpg,N,transition,81.97,dash screen; model saw N; agree,,,0
night_fill,20260817-164959_dig2,20260817-164959,2,C:\Users\josep\source\repos\AIOTED-digital-rawdigits\20260817\16\10_main_dig2_20260817-164959.jpg,N,transition,95.06,dash screen; model saw N; agree,,,0
night_fill,20260918-100531_dig2,20260918-100531,2,C:\Users\josep\source\repos\AIOTED-digital-rawdigits\20260918\10\10_main_dig2_20260918-100531.jpg,N,transition,87.97,dash screen; model saw N; agree,,,0
night_fill,20260903-190307_dig2,20260903-190307,2,C:\Users\josep\source\repos\AIOTED-digital-rawdigits\20260903\19\10_main_dig2_20260903-190307.jpg,N,transition,81.25,dash screen; model saw N; agree,,,0
night_fill,20260827-063342_dig2,20260827-063342,2,C:\Users\josep\source\repos\AIOTED-digital-rawdigits\20260827\06\10_main_dig2_20260827-063342.jpg,N,transition,81.12,dash screen; model saw N; agree,,,0
night_fill,20260828-071740_dig2,20260828-071740,2,C:\Users\josep\source\repos\AIOTED-digital-rawdigits\20260828\07\10_main_dig2_20260828-071740.jpg,N,transition,88.97,dash screen; model saw N; agree,,,0
night_fill,20260823-065749_dig2,20260823-065749,2,C:\Users\josep\source\repos\AIOTED-digital-rawdigits\20260823\06\10_main_dig2_20260823-065749.jpg,N,transition,85.98,dash screen; model saw N; agree,,,0
night_fill,20260927-180242_dig2,20260927-180242,2,C:\Users\josep\source\repos\AIOTED-digital-rawdigits\20260927\18\10_main_dig2_20260927-180242.jpg,N,transition,84.17,dash screen; model saw N; agree,,,0
night_fill,20260917-180932_dig2,20260917-180932,2,C:\Users\josep\source\repos\AIOTED-digital-rawdigits\20260917\18\10_main_dig2_20260917-180932.jpg,N,transition,82.12,dash screen; model saw N; agree,,,0
night_fill,20260907-072324_dig2,20260907-072324,2,C:\Users\josep\source\repos\AIOTED-digital-rawdigits\20260907\07\10_main_dig2_20260907-072324.jpg,N,transition,91.12,dash screen; model saw N; agree,,,0
night_fill,20260910-065518_dig2,20260910-065518,2,C:\Users\josep\source\repos\AIOTED-digital-rawdigits\20260910\06\10_main_dig2_20260910-065518.jpg,N,transition,83.25,dash screen; model saw N; agree,,,0
night_fill,20260915-083336_dig2,20260915-083336,2,C:\Users\josep\source\repos\AIOTED-digital-rawdigits\20260915\08\10_main_dig2_20260915-083336.jpg,N,transition,83.97,dash screen; model saw N; agree,,,0
night_fill,20260906-065056_dig2,20260906-065056,2,C:\Users\josep\source\repos\AIOTED-digital-rawdigits\20260906\06\10_main_dig2_20260906-065056.jpg,N,transition,83.25,dash screen; model saw N; agree,,,0
night_fill,20260918-022531_dig2,20260918-022531,2,C:\Users\josep\source\repos\AIOTED-digital-rawdigits\20260918\02\0_main_dig2_20260918-022531.jpg,0,flash,77.10,screen test0; model saw 0; agree,,,0
night_fill,20260902-010931_dig2,20260902-010931,2,C:\Users\josep\source\repos\AIOTED-digital-rawdigits\20260902\01\0_main_dig2_20260902-010931.jpg,0,flash,74.15,screen test0; model saw 0; agree,,,0
night_fill,20260816-021802_dig2,20260816-021802,2,C:\Users\josep\source\repos\AIOTED-digital-rawdigits\20260816\02\0_main_dig2_20260816-021802.jpg,0,flash,76.31,screen test0; model saw 0; agree,,,0
night_fill,20260904-053906_dig2,20260904-053906,2,C:\Users\josep\source\repos\AIOTED-digital-rawdigits\20260904\05\0_main_dig2_20260904-053906.jpg,0,flash,76.17,screen test0; model saw 0; agree,,,0
night_fill,20260823-062549_dig2,20260823-062549,2,C:\Users\josep\source\repos\AIOTED-digital-rawdigits\20260823\06\0_main_dig2_20260823-062549.jpg,0,flash,79.41,screen test0; model saw 0; agree,,,0
night_fill,20260930-005838_dig2,20260930-005838,2,C:\Users\josep\source\repos\AIOTED-digital-rawdigits\20260930\00\0_main_dig2_20260930-005838.jpg,0,flash,77.71,screen test0; model saw 0; agree,,,0
night_fill,20260910-235200_dig2,20260910-235200,2,C:\Users\josep\source\repos\AIOTED-digital-rawdigits\20260910\23\0_main_dig2_20260910-235200.jpg,0,flash,77.22,screen test0; model saw 0; agree,,,0
night_fill,20260925-191417_dig2,20260925-191417,2,C:\Users\josep\source\repos\AIOTED-digital-rawdigits\20260925\19\0_main_dig2_20260925-191417.jpg,0,flash,77.76,screen test0; model saw 0; agree,,,0
night_fill,20260829-181737_dig2,20260829-181737,2,C:\Users\josep\source\repos\AIOTED-digital-rawdigits\20260829\18\0_main_dig2_20260829-181737.jpg,0,flash,79.03,screen test0; model saw 0; agree,,,0
night_fill,20260908-190321_dig2,20260908-190321,2,C:\Users\josep\source\repos\AIOTED-digital-rawdigits\20260908\19\0_main_dig2_20260908-190321.jpg,0,flash,78.85,screen test0; model saw 0; agree,,,0
night_fill,20260826-040944_dig2,20260826-040944,2,C:\Users\josep\source\repos\AIOTED-digital-rawdigits\20260826\04\0_main_dig2_20260826-040944.jpg,0,flash,76.10,screen test0; model saw 0; agree,,,0
night_fill,20260906-230324_dig2,20260906-230324,2,C:\Users\josep\source\repos\AIOTED-digital-rawdigits\20260906\23\0_main_dig2_20260906-230324.jpg,0,flash,77.85,screen test0; model saw 0; agree,,,0
night_fill,20260903-065508_dig2,20260903-065508,2,C:\Users\josep\source\repos\AIOTED-digital-rawdigits\20260903\06\0_main_dig2_20260903-065508.jpg,0,flash,79.17,screen test0; model saw 0; agree,,,0
night_fill,20260831-002135_dig2,20260831-002135,2,C:\Users\josep\source\repos\AIOTED-digital-rawdigits\20260831\00\0_main_dig2_20260831-002135.jpg,0,flash,75.17,screen test0; model saw 0; agree,,,0
night_fill,20260828-035740_dig2,20260828-035740,2,C:\Users\josep\source\repos\AIOTED-digital-rawdigits\20260828\03\0_main_dig2_20260828-035740.jpg,0,flash,75.23,screen test0; model saw 0; agree,,,0
night_fill,20260817-224559_dig2,20260817-224559,2,C:\Users\josep\source\repos\AIOTED-digital-rawdigits\20260817\22\0_main_dig2_20260817-224559.jpg,0,flash,76.86,screen test0; model saw 0; agree,,,0
night_fill,20260821-100552_dig2,20260821-100552,2,C:\Users\josep\source\repos\AIOTED-digital-rawdigits\20260821\10\0_main_dig2_20260821-100552.jpg,0,flash,80.97,screen test0; model saw 0; agree,,,0
night_fill,20260911-232428_dig2,20260911-232428,2,C:\Users\josep\source\repos\AIOTED-digital-rawdigits\20260911\23\0_main_dig2_20260911-232428.jpg,0,flash,77.22,screen test0; model saw 0; agree,,,0
night_fill,20260921-043726_dig2,20260921-043726,2,C:\Users\josep\source\repos\AIOTED-digital-rawdigits\20260921\04\0_main_dig2_20260921-043726.jpg,0,flash,77.10,screen test0; model saw 0; agree,,,0
night_fill,20260815-225803_dig2,20260815-225803,2,C:\Users\josep\source\repos\AIOTED-digital-rawdigits\20260815\22\0_main_dig2_20260815-225803.jpg,0,flash,75.87,screen test0; model saw 0; agree,,,0
night_fill,20260907-185923_dig2,20260907-185923,2,C:\Users\josep\source\repos\AIOTED-digital-rawdigits\20260907\18\0_main_dig2_20260907-185923.jpg,0,flash,80.09,screen test0; model saw 0; agree,,,0
night_fill,20260927-040614_dig2,20260927-040614,2,C:\Users\josep\source\repos\AIOTED-digital-rawdigits\20260927\04\0_main_dig2_20260927-040614.jpg,0,flash,77.17,screen test0; model saw 0; agree,,,0
night_fill,20260917-195732_dig2,20260917-195732,2,C:\Users\josep\source\repos\AIOTED-digital-rawdigits\20260917\19\0_main_dig2_20260917-195732.jpg,0,flash,76.87,screen test0; model saw 0; agree,,,0
night_fill,20260824-060947_dig2,20260824-060947,2,C:\Users\josep\source\repos\AIOTED-digital-rawdigits\20260824\06\0_main_dig2_20260824-060947.jpg,0,flash,78.00,screen test0; model saw 0; agree,,,0
night_fill,20260830-064536_dig2,20260830-064536,2,C:\Users\josep\source\repos\AIOTED-digital-rawdigits\20260830\06\0_main_dig2_20260830-064536.jpg,0,flash,79.62,screen test0; model saw 0; agree,,,0
night_fill,20260914-060938_dig2,20260914-060938,2,C:\Users\josep\source\repos\AIOTED-digital-rawdigits\20260914\06\0_main_dig2_20260914-060938.jpg,0,flash,76.71,screen test0; model saw 0; agree,,,0
night_fill,20260919-064930_dig2,20260919-064930,2,C:\Users\josep\source\repos\AIOTED-digital-rawdigits\20260919\06\0_main_dig2_20260919-064930.jpg,0,flash,77.17,screen test0; model saw 0; agree,,,0
night_fill,20260912-063227_dig2,20260912-063227,2,C:\Users\josep\source\repos\AIOTED-digital-rawdigits\20260912\06\0_main_dig2_20260912-063227.jpg,0,flash,77.17,screen test0; model saw 0; agree,,,0
night_fill,20260822-191750_dig2,20260822-191750,2,C:\Users\josep\source\repos\AIOTED-digital-rawdigits\20260822\19\0_main_dig2_20260822-191750.jpg,0,flash,79.90,screen test0; model saw 0; agree,,,0
night_fill,20260926-211814_dig2,20260926-211814,2,C:\Users\josep\source\repos\AIOTED-digital-rawdigits\20260926\21\0_main_dig2_20260926-211814.jpg,0,flash,77.86,screen test0; model saw 0; agree,,,0
night_fill,20260924-054550_dig2,20260924-054550,2,C:\Users\josep\source\repos\AIOTED-digital-rawdigits\20260924\05\0_main_dig2_20260924-054550.jpg,0,flash,77.17,screen test0; model saw 0; agree,,,0
night_fill,20260905-223057_dig2,20260905-223057,2,C:\Users\josep\source\repos\AIOTED-digital-rawdigits\20260905\22\0_main_dig2_20260905-223057.jpg,0,flash,77.86,screen test0; model saw 0; agree,,,0
night_fill,20260915-041337_dig2,20260915-041337,2,C:\Users\josep\source\repos\AIOTED-digital-rawdigits\20260915\04\0_main_dig2_20260915-041337.jpg,0,flash,77.00,screen test0; model saw 0; agree,,,0
night_fill,20260819-060956_dig2,20260819-060956,2,C:\Users\josep\source\repos\AIOTED-digital-rawdigits\20260819\06\0_main_dig2_20260819-060956.jpg,0,flash,79.10,screen test0; model saw 0; agree,,,0
night_fill,20260827-052142_dig2,20260827-052142,2,C:\Users\josep\source\repos\AIOTED-digital-rawdigits\20260827\05\0_main_dig2_20260827-052142.jpg,0,flash,75.78,screen test0; model saw 0; agree,,,0
night_fill,20260820-033355_dig2,20260820-033355,2,C:\Users\josep\source\repos\AIOTED-digital-rawdigits\20260820\03\0_main_dig2_20260820-033355.jpg,0,flash,77.12,screen test0; model saw 0; agree,,,0
night_fill,20260922-020125_dig2,20260922-020125,2,C:\Users\josep\source\repos\AIOTED-digital-rawdigits\20260922\02\0_main_dig2_20260922-020125.jpg,0,flash,77.00,screen test0; model saw 0; agree,,,0
night_fill,20260928-015842_dig2,20260928-015842,2,C:\Users\josep\source\repos\AIOTED-digital-rawdigits\20260928\01\0_main_dig2_20260928-015842.jpg,0,flash,78.17,screen test0; model saw 0; agree,,,0
night_fill,20260920-015328_dig2,20260920-015328,2,C:\Users\josep\source\repos\AIOTED-digital-rawdigits\20260920\01\0_main_dig2_20260920-015328.jpg,0,flash,77.87,screen test0; model saw 0; agree,,,0
night_fill,20260913-035257_dig2,20260913-035257,2,C:\Users\josep\source\repos\AIOTED-digital-rawdigits\20260913\03\0_main_dig2_20260913-035257.jpg,0,flash,77.79,screen test0; model saw 0; agree,,,0
night_fill,20260918-220130_dig2,20260918-220130,2,C:\Users\josep\source\repos\AIOTED-digital-rawdigits\20260918\22\0_main_dig2_20260918-220130.jpg,0,flash,76.13,screen test0; model saw 0; agree,,,0
night_fill,20260902-190709_dig2,20260902-190709,2,C:\Users\josep\source\repos\AIOTED-digital-rawdigits\20260902\19\0_main_dig2_20260902-190709.jpg,0,flash,77.17,screen test0; model saw 0; agree,,,0
night_fill,20260816-193401_dig2,20260816-193401,2,C:\Users\josep\source\repos\AIOTED-digital-rawdigits\20260816\19\0_main_dig2_20260816-193401.jpg,0,flash,78.13,screen test0; model saw 0; agree,,,0
night_fill,20260904-230658_dig2,20260904-230658,2,C:\Users\josep\source\repos\AIOTED-digital-rawdigits\20260904\23\0_main_dig2_20260904-230658.jpg,0,flash,76.22,screen test0; model saw 0; agree,,,0
night_fill,20260823-040549_dig2,20260823-040549,2,C:\Users\josep\source\repos\AIOTED-digital-rawdigits\20260823\04\0_main_dig2_20260823-040549.jpg,0,flash,77.17,screen test0; model saw 0; agree,,,0
night_fill,20260930-062637_dig2,20260930-062637,2,C:\Users\josep\source\repos\AIOTED-digital-rawdigits\20260930\06\0_main_dig2_20260930-062637.jpg,0,flash,77.17,screen test0; model saw 0; agree,,,0
night_fill,20260910-201200_dig2,20260910-201200,2,C:\Users\josep\source\repos\AIOTED-digital-rawdigits\20260910\20\0_main_dig2_20260910-201200.jpg,0,flash,77.10,screen test0; model saw 0; agree,,,0
night_fill,20260925-031818_dig2,20260925-031818,2,C:\Users\josep\source\repos\AIOTED-digital-rawdigits\20260925\03\0_main_dig2_20260925-031818.jpg,0,flash,77.09,screen test0; model saw 0; agree,,,0
night_fill,20260829-205737_dig2,20260829-205737,2,C:\Users\josep\source\repos\AIOTED-digital-rawdigits\20260829\20\0_main_dig2_20260829-205737.jpg,0,flash,75.17,screen test0; model saw 0; agree,,,0
night_fill,20260908-045522_dig2,20260908-045522,2,C:\Users\josep\source\repos\AIOTED-digital-rawdigits\20260908\04\0_main_dig2_20260908-045522.jpg,0,flash,77.86,screen test0; model saw 0; agree,,,0
night_fill,20260826-184542_dig2,20260826-184542,2,C:\Users\josep\source\repos\AIOTED-digital-rawdigits\20260826\18\0_main_dig2_20260826-184542.jpg,0,flash,80.96,screen test0; model saw 0; agree,,,0
night_fill,20260906-212324_dig2,20260906-212324,2,C:\Users\josep\source\repos\AIOTED-digital-rawdigits\20260906\21\0_main_dig2_20260906-212324.jpg,0,flash,77.86,screen test0; model saw 0; agree,,,0
night_fill,20260903-191107_dig2,20260903-191107,2,C:\Users\josep\source\repos\AIOTED-digital-rawdigits\20260903\19\0_main_dig2_20260903-191107.jpg,0,flash,77.81,screen test0; model saw 0; agree,,,0
night_fill,20260831-192533_dig2,20260831-192533,2,C:\Users\josep\source\repos\AIOTED-digital-rawdigits\20260831\19\0_main_dig2_20260831-192533.jpg,0,flash,75.91,screen test0; model saw 0; agree,,,0
night_fill,20260828-011740_dig2,20260828-011740,2,C:\Users\josep\source\repos\AIOTED-digital-rawdigits\20260828\01\0_main_dig2_20260828-011740.jpg,0,flash,75.12,screen test0; model saw 0; agree,,,0
night_fill,20260817-201759_dig2,20260817-201759,2,C:\Users\josep\source\repos\AIOTED-digital-rawdigits\20260817\20\0_main_dig2_20260817-201759.jpg,0,flash,76.12,screen test0; model saw 0; agree,,,0
night_fill,20260821-092552_dig2,20260821-092552,2,C:\Users\josep\source\repos\AIOTED-digital-rawdigits\20260821\09\0_main_dig2_20260821-092552.jpg,0,flash,79.90,screen test0; model saw 0; agree,,,0
night_fill,20260911-025200_dig2,20260911-025200,2,C:\Users\josep\source\repos\AIOTED-digital-rawdigits\20260911\02\0_main_dig2_20260911-025200.jpg,0,flash,77.17,screen test0; model saw 0; agree,,,0
night_fill,20260921-065726_dig2,20260921-065726,2,C:\Users\josep\source\repos\AIOTED-digital-rawdigits\20260921\06\0_main_dig2_20260921-065726.jpg,0,flash,78.26,screen test0; model saw 0; agree,,,0
night_fill,20260815-185003_dig2,20260815-185003,2,C:\Users\josep\source\repos\AIOTED-digital-rawdigits\20260815\18\0_main_dig2_20260815-185003.jpg,0,flash,79.25,screen test0; model saw 0; agree,,,0
night_fill,20260907-212722_dig2,20260907-212722,2,C:\Users\josep\source\repos\AIOTED-digital-rawdigits\20260907\21\0_main_dig2_20260907-212722.jpg,0,flash,77.93,screen test0; model saw 0; agree,,,0
night_fill,20260819-164555_dig2,20260819-164555,2,C:\Users\josep\source\repos\AIOTED-digital-rawdigits\20260819\16\0_main_dig2_20260819-164555.jpg,0,transition,94.07,screen test0; model saw 0; agree,,,0
night_fill,20260914-151738_dig2,20260914-151738,2,C:\Users\josep\source\repos\AIOTED-digital-rawdigits\20260914\15\0_main_dig2_20260914-151738.jpg,0,transition,88.29,screen test0; model saw 0; agree,,,0
night_fill,20260831-070934_dig2,20260831-070934,2,C:\Users\josep\source\repos\AIOTED-digital-rawdigits\20260831\07\0_main_dig2_20260831-070934.jpg,0,transition,82.17,screen test0; model saw 0; agree,,,0
night_fill,20260826-170542_dig2,20260826-170542,2,C:\Users\josep\source\repos\AIOTED-digital-rawdigits\20260826\17\0_main_dig2_20260826-170542.jpg,0,transition,93.95,screen test0; model saw 0; agree,,,0
night_fill,20260917-102933_dig2,20260917-102933,2,C:\Users\josep\source\repos\AIOTED-digital-rawdigits\20260917\10\0_main_dig2_20260917-102933.jpg,0,transition,93.98,screen test0; model saw 0; agree,,,0
night_fill,20260830-174135_dig2,20260830-174135,2,C:\Users\josep\source\repos\AIOTED-digital-rawdigits\20260830\17\0_main_dig2_20260830-174135.jpg,0,transition,88.98,screen test0; model saw 0; agree,,,0
night_fill,20260824-070947_dig2,20260824-070947,2,C:\Users\josep\source\repos\AIOTED-digital-rawdigits\20260824\07\0_main_dig2_20260824-070947.jpg,0,transition,89.92,screen test0; model saw 0; agree,,,0
night_fill,20260815-183003_dig2,20260815-183003,2,C:\Users\josep\source\repos\AIOTED-digital-rawdigits\20260815\18\0_main_dig2_20260815-183003.jpg,0,transition,82.14,screen test0; model saw 0; agree,,,0
night_fill,20260902-164709_dig2,20260902-164709,2,C:\Users\josep\source\repos\AIOTED-digital-rawdigits\20260902\16\0_main_dig2_20260902-164709.jpg,0,transition,92.97,screen test0; model saw 0; agree,,,0
night_fill,20260912-171658_dig2,20260912-171658,2,C:\Users\josep\source\repos\AIOTED-digital-rawdigits\20260912\17\0_main_dig2_20260912-171658.jpg,0,transition,91.21,screen test0; model saw 0; agree,,,0
night_fill,20260927-175042_dig2,20260927-175042,2,C:\Users\josep\source\repos\AIOTED-digital-rawdigits\20260927\17\0_main_dig2_20260927-175042.jpg,0,transition,83.93,screen test0; model saw 0; agree,,,0
night_fill,20260820-063354_dig2,20260820-063354,2,C:\Users\josep\source\repos\AIOTED-digital-rawdigits\20260820\06\0_main_dig2_20260820-063354.jpg,0,transition,81.16,screen test0; model saw 0; agree,,,0
night_fill,20260907-175923_dig2,20260907-175923,2,C:\Users\josep\source\repos\AIOTED-digital-rawdigits\20260907\17\0_main_dig2_20260907-175923.jpg,0,transition,93.90,screen test0; model saw 0; agree,,,0
night_fill,20260924-180218_dig2,20260924-180218,2,C:\Users\josep\source\repos\AIOTED-digital-rawdigits\20260924\18\0_main_dig2_20260924-180218.jpg,0,transition,83.20,screen test0; model saw 0; agree,,,0
night_fill,20260930-082637_dig2,20260930-082637,2,C:\Users\josep\source\repos\AIOTED-digital-rawdigits\20260930\08\0_main_dig2_20260930-082637.jpg,0,transition,86.12,screen test0; model saw 0; agree,,,0
night_fill,20260823-183348_dig2,20260823-183348,2,C:\Users\josep\source\repos\AIOTED-digital-rawdigits\20260823\18\0_main_dig2_20260823-183348.jpg,0,transition,82.98,screen test0; model saw 0; agree,,,0
night_fill,20260919-101729_dig2,20260919-101729,2,C:\Users\josep\source\repos\AIOTED-digital-rawdigits\20260919\10\0_main_dig2_20260919-101729.jpg,0,transition,95.98,screen test0; model saw 0; agree,,,0
night_fill,20260926-165015_dig2,20260926-165015,2,C:\Users\josep\source\repos\AIOTED-digital-rawdigits\20260926\16\0_main_dig2_20260926-165015.jpg,0,transition,94.98,screen test0; model saw 0; agree,,,0
night_fill,20260908-164321_dig2,20260908-164321,2,C:\Users\josep\source\repos\AIOTED-digital-rawdigits\20260908\16\0_main_dig2_20260908-164321.jpg,0,transition,86.98,screen test0; model saw 0; agree,,,0
night_fill,20260922-181723_dig2,20260922-181723,2,C:\Users\josep\source\repos\AIOTED-digital-rawdigits\20260922\18\0_main_dig2_20260922-181723.jpg,0,transition,81.97,screen test0; model saw 0; agree,,,0
night_fill,20260829-130937_dig2,20260829-130937,2,C:\Users\josep\source\repos\AIOTED-digital-rawdigits\20260829\13\0_main_dig2_20260829-130937.jpg,0,transition,95.83,screen test0; model saw 0; agree,,,0
night_fill,20260822-180950_dig2,20260822-180950,2,C:\Users\josep\source\repos\AIOTED-digital-rawdigits\20260822\18\0_main_dig2_20260822-180950.jpg,0,transition,84.90,screen test0; model saw 0; agree,,,0
night_fill,20260918-170130_dig2,20260918-170130,2,C:\Users\josep\source\repos\AIOTED-digital-rawdigits\20260918\17\0_main_dig2_20260918-170130.jpg,0,transition,82.98,screen test0; model saw 0; agree,,,0
night_fill,20260921-082526_dig2,20260921-082526,2,C:\Users\josep\source\repos\AIOTED-digital-rawdigits\20260921\08\0_main_dig2_20260921-082526.jpg,0,transition,94.84,screen test0; model saw 0; agree,,,0
night_fill,20260925-160617_dig2,20260925-160617,2,C:\Users\josep\source\repos\AIOTED-digital-rawdigits\20260925\16\0_main_dig2_20260925-160617.jpg,0,transition,95.41,screen test0; model saw 0; agree,,,0
night_fill,20260913-172139_dig2,20260913-172139,2,C:\Users\josep\source\repos\AIOTED-digital-rawdigits\20260913\17\0_main_dig2_20260913-172139.jpg,0,transition,90.90,screen test0; model saw 0; agree,,,0
night_fill,20260915-084136_dig2,20260915-084136,2,C:\Users\josep\source\repos\AIOTED-digital-rawdigits\20260915\08\0_main_dig2_20260915-084136.jpg,0,transition,83.20,screen test0; model saw 0; agree,,,0
night_fill,20260910-183201_dig2,20260910-183201,2,C:\Users\josep\source\repos\AIOTED-digital-rawdigits\20260910\18\0_main_dig2_20260910-183201.jpg,0,transition,81.41,screen test0; model saw 0; agree,,,0
night_fill,20260911-164428_dig2,20260911-164428,2,C:\Users\josep\source\repos\AIOTED-digital-rawdigits\20260911\16\0_main_dig2_20260911-164428.jpg,0,transition,93.98,screen test0; model saw 0; agree,,,0
night_fill,20260920-162927_dig2,20260920-162927,2,C:\Users\josep\source\repos\AIOTED-digital-rawdigits\20260920\16\0_main_dig2_20260920-162927.jpg,0,transition,90.29,screen test0; model saw 0; agree,,,0
night_fill,20260904-092706_dig2,20260904-092706,2,C:\Users\josep\source\repos\AIOTED-digital-rawdigits\20260904\09\0_main_dig2_20260904-092706.jpg,0,transition,82.12,screen test0; model saw 0; agree,,,0
night_fill,20260906-073856_dig2,20260906-073856,2,C:\Users\josep\source\repos\AIOTED-digital-rawdigits\20260906\07\0_main_dig2_20260906-073856.jpg,0,transition,95.97,screen test0; model saw 0; agree,,,0
night_fill,20260903-173107_dig2,20260903-173107,2,C:\Users\josep\source\repos\AIOTED-digital-rawdigits\20260903\17\0_main_dig2_20260903-173107.jpg,0,transition,90.97,screen test0; model saw 0; agree,,,0
night_fill,20260905-081458_dig2,20260905-081458,2,C:\Users\josep\source\repos\AIOTED-digital-rawdigits\20260905\08\0_main_dig2_20260905-081458.jpg,0,transition,82.84,screen test0; model saw 0; agree,,,0
night_fill,20260928-172640_dig2,20260928-172640,2,C:\Users\josep\source\repos\AIOTED-digital-rawdigits\20260928\17\0_main_dig2_20260928-172640.jpg,0,transition,85.03,screen test0; model saw 0; agree,,,0
night_fill,20260817-171759_dig2,20260817-171759,2,C:\Users\josep\source\repos\AIOTED-digital-rawdigits\20260817\17\0_main_dig2_20260817-171759.jpg,0,transition,86.98,screen test0; model saw 0; agree,,,0
night_fill,20260828-173339_dig2,20260828-173339,2,C:\Users\josep\source\repos\AIOTED-digital-rawdigits\20260828\17\0_main_dig2_20260828-173339.jpg,0,transition,88.13,screen test0; model saw 0; agree,,,0
night_fill,20260821-171352_dig2,20260821-171352,2,C:\Users\josep\source\repos\AIOTED-digital-rawdigits\20260821\17\0_main_dig2_20260821-171352.jpg,0,transition,89.21,screen test0; model saw 0; agree,,,0
night_fill,20260827-172941_dig2,20260827-172941,2,C:\Users\josep\source\repos\AIOTED-digital-rawdigits\20260827\17\0_main_dig2_20260827-172941.jpg,0,transition,87.97,screen test0; model saw 0; agree,,,0
night_fill,20260816-185401_dig2,20260816-185401,2,C:\Users\josep\source\repos\AIOTED-digital-rawdigits\20260816\18\0_main_dig2_20260816-185401.jpg,0,transition,82.03,screen test0; model saw 0; agree,,,0
night_fill,20260819-172555_dig2,20260819-172555,2,C:\Users\josep\source\repos\AIOTED-digital-rawdigits\20260819\17\0_main_dig2_20260819-172555.jpg,0,transition,88.98,screen test0; model saw 0; agree,,,0
night_fill,20260822-192550_dig5,20260822-192550,5,C:\Users\josep\source\repos\AIOTED-digital-rawdigits\20260822\19\7_main_dig5_20260822-192550.jpg,7,flash,78.72,reading_est 58272; model saw 7; agree,,,0
night_fill,20260919-013730_dig5,20260919-013730,5,C:\Users\josep\source\repos\AIOTED-digital-rawdigits\20260919\01\7_main_dig5_20260919-013730.jpg,7,flash,78.04,reading_est 59172; model saw 7; agree_soft,,,0
night_fill,20260819-225355_dig5,20260819-225355,5,C:\Users\josep\source\repos\AIOTED-digital-rawdigits\20260819\22\7_main_dig5_20260819-225355.jpg,7,flash,76.87,reading_est 58170; model saw 7; agree_soft,,,0
night_fill,20260928-210240_dig5,20260928-210240,5,C:\Users\josep\source\repos\AIOTED-digital-rawdigits\20260928\21\7_main_dig5_20260928-210240.jpg,7,flash,78.08,reading_est 59378; model saw 7; agree,,,0
night_fill,20260902-183509_dig5,20260902-183509,5,C:\Users\josep\source\repos\AIOTED-digital-rawdigits\20260902\18\7_main_dig5_20260902-183509.jpg,7,flash,80.26,reading_est 58673; model saw 7; agree,,,0
night_fill,20260826-034544_dig5,20260826-034544,5,C:\Users\josep\source\repos\AIOTED-digital-rawdigits\20260826\03\7_main_dig5_20260826-034544.jpg,7,flash,76.80,reading_est 58379; model saw 7; agree_soft,,,0
night_fill,20260908-064322_dig5,20260908-064322,5,C:\Users\josep\source\repos\AIOTED-digital-rawdigits\20260908\06\7_main_dig5_20260908-064322.jpg,7,flash,78.26,reading_est 58870; model saw 7; agree_soft,,,0
night_fill,20260924-013350_dig5,20260924-013350,5,C:\Users\josep\source\repos\AIOTED-digital-rawdigits\20260924\01\7_main_dig5_20260924-013350.jpg,7,flash,78.17,reading_est 59279; model saw 7; agree_soft,,,0
night_fill,20260820-062154_dig5,20260820-062154,5,C:\Users\josep\source\repos\AIOTED-digital-rawdigits\20260820\06\7_main_dig5_20260820-062154.jpg,7,flash,79.97,reading_est 58176; model saw 7; agree,,,0
night_fill,20260918-224530_dig5,20260918-224530,5,C:\Users\josep\source\repos\AIOTED-digital-rawdigits\20260918\22\7_main_dig5_20260918-224530.jpg,7,flash,77.62,reading_est 59170; model saw 7; agree_soft,,,0
night_fill,20260914-175338_dig5,20260914-175338,5,C:\Users\josep\source\repos\AIOTED-digital-rawdigits\20260914\17\7_main_dig5_20260914-175338.jpg,7,flash,79.12,reading_est 59076; model saw 7; agree_soft,,,0
night_fill,20260820-065754_dig5,20260820-065754,5,C:\Users\josep\source\repos\AIOTED-digital-rawdigits\20260820\06\7_main_dig5_20260820-065754.jpg,7,transition,86.98,reading_est 58176; model saw 7; agree,,,0
night_fill,20260911-072800_dig5,20260911-072800,5,C:\Users\josep\source\repos\AIOTED-digital-rawdigits\20260911\07\7_main_dig5_20260911-072800.jpg,7,transition,89.29,reading_est 58976; model saw 7; agree,,,0
night_fill,20260817-151359_dig5,20260817-151359,5,C:\Users\josep\source\repos\AIOTED-digital-rawdigits\20260817\15\7_main_dig5_20260817-151359.jpg,7,transition,94.26,reading_est 58076; model saw 7; agree,,,0
night_fill,20260828-180139_dig5,20260828-180139,5,C:\Users\josep\source\repos\AIOTED-digital-rawdigits\20260828\18\7_main_dig5_20260828-180139.jpg,7,transition,83.97,reading_est 58479; model saw 7; agree,,,0
night_fill,20260919-080529_dig5,20260919-080529,5,C:\Users\josep\source\repos\AIOTED-digital-rawdigits\20260919\08\7_main_dig5_20260919-080529.jpg,7,transition,82.16,reading_est 59177; model saw 7; agree_soft,,,0
night_fill,20260822-191350_dig5,20260822-191350,5,C:\Users\josep\source\repos\AIOTED-digital-rawdigits\20260822\19\7_main_dig5_20260822-191350.jpg,7,transition,81.76,reading_est 58271; model saw 7; agree,,,0
night_fill,20260905-074258_dig5,20260905-074258,5,C:\Users\josep\source\repos\AIOTED-digital-rawdigits\20260905\07\7_main_dig5_20260905-074258.jpg,7,transition,81.25,reading_est 58770; model saw 7; agree,,,0
night_fill,20260908-072322_dig5,20260908-072322,5,C:\Users\josep\source\repos\AIOTED-digital-rawdigits\20260908\07\7_main_dig5_20260908-072322.jpg,7,transition,81.94,reading_est 58870; model saw 7; agree_soft,,,0
night_fill,20260928-164240_dig5,20260928-164240,5,C:\Users\josep\source\repos\AIOTED-digital-rawdigits\20260928\16\7_main_dig5_20260928-164240.jpg,7,transition,91.97,reading_est 59376; model saw 7; agree,,,0
night_fill,20260902-180309_dig5,20260902-180309,5,C:\Users\josep\source\repos\AIOTED-digital-rawdigits\20260902\18\7_main_dig5_20260902-180309.jpg,7,transition,82.97,reading_est 58671; model saw 7; agree,,,0
night_fill,20260914-172137_dig5,20260914-172137,5,C:\Users\josep\source\repos\AIOTED-digital-rawdigits\20260914\17\7_main_dig5_20260914-172137.jpg,7,transition,81.93,reading_est 59074; model saw 7; agree_soft,,,0
night_fill,20260820-070154_dig5,20260820-070154,5,C:\Users\josep\source\repos\AIOTED-digital-rawdigits\20260820\07\7_main_dig5_20260820-070154.jpg,7,transition,88.29,reading_est 58176; model saw 7; agree,,,0
night_fill,20260911-065600_dig5,20260911-065600,5,C:\Users\josep\source\repos\AIOTED-digital-rawdigits\20260911\06\7_main_dig5_20260911-065600.jpg,7,transition,81.41,reading_est 58976; model saw 7; agree,,,0
night_fill,20260828-172139_dig5,20260828-172139,5,C:\Users\josep\source\repos\AIOTED-digital-rawdigits\20260828\17\7_main_dig5_20260828-172139.jpg,7,transition,89.26,reading_est 58478; model saw 7; agree,,,0
night_fill,20260919-093329_dig5,20260919-093329,5,C:\Users\josep\source\repos\AIOTED-digital-rawdigits\20260919\09\7_main_dig5_20260919-093329.jpg,7,transition,84.12,reading_est 59178; model saw 7; agree_soft,,,0
night_fill,20260822-185350_dig5,20260822-185350,5,C:\Users\josep\source\repos\AIOTED-digital-rawdigits\20260822\18\7_main_dig5_20260822-185350.jpg,7,transition,82.97,reading_est 58271; model saw 7; agree,,,0
night_fill,20260905-092258_dig5,20260905-092258,5,C:\Users\josep\source\repos\AIOTED-digital-rawdigits\20260905\09\7_main_dig5_20260905-092258.jpg,7,transition,86.98,reading_est 58773; model saw 7; agree,,,0
night_fill,20260908-115121_dig5,20260908-115121,5,C:\Users\josep\source\repos\AIOTED-digital-rawdigits\20260908\11\7_main_dig5_20260908-115121.jpg,7,transition,87.98,reading_est 58876; model saw 7; agree,,,0
night_fill,20260928-175040_dig5,20260928-175040,5,C:\Users\josep\source\repos\AIOTED-digital-rawdigits\20260928\17\7_main_dig5_20260928-175040.jpg,7,transition,84.26,reading_est 59377; model saw 7; agree,,,0
night_fill,20260902-175509_dig5,20260902-175509,5,C:\Users\josep\source\repos\AIOTED-digital-rawdigits\20260902\17\7_main_dig5_20260902-175509.jpg,7,transition,83.12,reading_est 58671; model saw 7; agree,,,0
night_fill,20260914-152138_dig5,20260914-152138,5,C:\Users\josep\source\repos\AIOTED-digital-rawdigits\20260914\15\7_main_dig5_20260914-152138.jpg,7,transition,82.88,reading_est 59072; model saw 7; agree,,,0
night_fill,20260820-064954_dig5,20260820-064954,5,C:\Users\josep\source\repos\AIOTED-digital-rawdigits\20260820\06\7_main_dig5_20260820-064954.jpg,7,transition,83.97,reading_est 58176; model saw 7; agree,,,0
night_fill,20260911-073559_dig5,20260911-073559,5,C:\Users\josep\source\repos\AIOTED-digital-rawdigits\20260911\07\7_main_dig5_20260911-073559.jpg,7,transition,94.29,reading_est 58976; model saw 7; agree,,,0
night_fill,20260828-172939_dig5,20260828-172939,5,C:\Users\josep\source\repos\AIOTED-digital-rawdigits\20260828\17\7_main_dig5_20260828-172939.jpg,7,transition,90.93,reading_est 58478; model saw 7; agree,,,0
night_fill,20260919-085329_dig5,20260919-085329,5,C:\Users\josep\source\repos\AIOTED-digital-rawdigits\20260919\08\7_main_dig5_20260919-085329.jpg,7,transition,82.97,reading_est 59178; model saw 7; agree_soft,,,0
night_fill,20260822-184550_dig5,20260822-184550,5,C:\Users\josep\source\repos\AIOTED-digital-rawdigits\20260822\18\7_main_dig5_20260822-184550.jpg,7,transition,82.25,reading_est 58271; model saw 7; agree,,,0
night_fill,20260905-080258_dig5,20260905-080258,5,C:\Users\josep\source\repos\AIOTED-digital-rawdigits\20260905\08\7_main_dig5_20260905-080258.jpg,7,transition,81.25,reading_est 58771; model saw 7; agree,,,0
night_fill,20260908-073122_dig5,20260908-073122,5,C:\Users\josep\source\repos\AIOTED-digital-rawdigits\20260908\07\7_main_dig5_20260908-073122.jpg,7,transition,81.97,reading_est 58871; model saw 7; agree,,,0
night_fill,20260928-173040_dig5,20260928-173040,5,C:\Users\josep\source\repos\AIOTED-digital-rawdigits\20260928\17\7_main_dig5_20260928-173040.jpg,7,transition,85.97,reading_est 59376; model saw 7; agree,,,0
night_fill,20260902-182309_dig5,20260902-182309,5,C:\Users\josep\source\repos\AIOTED-digital-rawdigits\20260902\18\7_main_dig5_20260902-182309.jpg,7,transition,81.25,reading_est 58672; model saw 7; agree,,,0
night_fill,20260914-165338_dig5,20260914-165338,5,C:\Users\josep\source\repos\AIOTED-digital-rawdigits\20260914\16\7_main_dig5_20260914-165338.jpg,7,transition,83.94,reading_est 59073; model saw 7; agree,,,0
night_fill,20260820-063754_dig5,20260820-063754,5,C:\Users\josep\source\repos\AIOTED-digital-rawdigits\20260820\06\7_main_dig5_20260820-063754.jpg,7,transition,82.25,reading_est 58176; model saw 7; agree,,,0
night_fill,20260911-070800_dig5,20260911-070800,5,C:\Users\josep\source\repos\AIOTED-digital-rawdigits\20260911\07\7_main_dig5_20260911-070800.jpg,7,transition,83.03,reading_est 58976; model saw 7; agree,,,0
night_fill,20260828-180939_dig5,20260828-180939,5,C:\Users\josep\source\repos\AIOTED-digital-rawdigits\20260828\18\7_main_dig5_20260828-180939.jpg,7,transition,83.25,reading_est 58479; model saw 7; agree_soft,,,0
night_fill,20260919-090529_dig5,20260919-090529,5,C:\Users\josep\source\repos\AIOTED-digital-rawdigits\20260919\09\7_main_dig5_20260919-090529.jpg,7,transition,82.97,reading_est 59178; model saw 7; agree_soft,,,0
night_fill,20260822-190550_dig5,20260822-190550,5,C:\Users\josep\source\repos\AIOTED-digital-rawdigits\20260822\19\7_main_dig5_20260822-190550.jpg,7,transition,82.25,reading_est 58271; model saw 7; agree,,,0
night_fill,20260905-094257_dig5,20260905-094257,5,C:\Users\josep\source\repos\AIOTED-digital-rawdigits\20260905\09\7_main_dig5_20260905-094257.jpg,7,transition,94.97,reading_est 58773; model saw 7; agree,,,0
night_fill,20260908-085122_dig5,20260908-085122,5,C:\Users\josep\source\repos\AIOTED-digital-rawdigits\20260908\08\7_main_dig5_20260908-085122.jpg,7,transition,91.90,reading_est 58872; model saw 7; agree,,,0
night_fill,20260928-173440_dig5,20260928-173440,5,C:\Users\josep\source\repos\AIOTED-digital-rawdigits\20260928\17\7_main_dig5_20260928-173440.jpg,7,transition,85.26,reading_est 59376; model saw 7; agree,,,0
night_fill,20260902-173509_dig5,20260902-173509,5,C:\Users\josep\source\repos\AIOTED-digital-rawdigits\20260902\17\7_main_dig5_20260902-173509.jpg,7,transition,87.97,reading_est 58670; model saw 7; agree,,,0
night_fill,20260824-062547_dig6,20260824-062547,6,C:\Users\josep\source\repos\AIOTED-digital-rawdigits\20260824\06\4_main_dig6_20260824-062547.jpg,4,flash,80.85,reading_est 58314; model saw 4; agree,,,0
night_fill,20260817-231359_dig6,20260817-231359,6,C:\Users\josep\source\repos\AIOTED-digital-rawdigits\20260817\23\4_main_dig6_20260817-231359.jpg,4,flash,76.10,reading_est 58094; model saw 4; agree,,,0
night_fill,20260821-052553_dig6,20260821-052553,6,C:\Users\josep\source\repos\AIOTED-digital-rawdigits\20260821\05\4_main_dig6_20260821-052553.jpg,4,flash,76.86,reading_est 58214; model saw 4; agree,,,0
night_fill,20260910-190001_dig6,20260910-190001,6,C:\Users\josep\source\repos\AIOTED-digital-rawdigits\20260910\19\4_main_dig6_20260910-190001.jpg,4,flash,78.32,reading_est 58964; model saw 4; agree_soft,,,0
night_fill,20260925-234216_dig6,20260925-234216,6,C:\Users\josep\source\repos\AIOTED-digital-rawdigits\20260925\23\4_main_dig6_20260925-234216.jpg,4,flash,78.86,reading_est 59324; model saw 4; agree_soft,,,0
night_fill,20260822-212550_dig6,20260822-212550,6,C:\Users\josep\source\repos\AIOTED-digital-rawdigits\20260822\21\4_main_dig6_20260822-212550.jpg,4,flash,76.94,reading_est 58274; model saw 4; agree_soft,,,0
night_fill,20260817-174559_dig6,20260817-174559,6,C:\Users\josep\source\repos\AIOTED-digital-rawdigits\20260817\17\4_main_dig6_20260817-174559.jpg,4,transition,85.26,reading_est 58084; model saw 4; agree_soft,,,0
night_fill,20260911-165228_dig6,20260911-165228,6,C:\Users\josep\source\repos\AIOTED-digital-rawdigits\20260911\16\4_main_dig6_20260911-165228.jpg,4,transition,93.91,reading_est 58994; model saw 4; agree_soft,,,0
night_fill,20260905-155057_dig6,20260905-155057,6,C:\Users\josep\source\repos\AIOTED-digital-rawdigits\20260905\15\4_main_dig6_20260905-155057.jpg,4,transition,88.29,reading_est 58784; model saw 4; agree_soft,,,0
night_fill,20260826-175342_dig6,20260826-175342,6,C:\Users\josep\source\repos\AIOTED-digital-rawdigits\20260826\17\4_main_dig6_20260826-175342.jpg,4,transition,84.26,reading_est 58404; model saw 4; agree,,,0
night_fill,20260918-070931_dig6,20260918-070931,6,C:\Users\josep\source\repos\AIOTED-digital-rawdigits\20260918\07\4_main_dig6_20260918-070931.jpg,4,transition,82.25,reading_est 59154; model saw 4; agree_soft,,,0
night_fill,20260827-154541_dig6,20260827-154541,6,C:\Users\josep\source\repos\AIOTED-digital-rawdigits\20260827\15\4_main_dig6_20260827-154541.jpg,4,transition,93.25,reading_est 58434; model saw 4; agree,,,0
night_fill,20260824-065747_dig6,20260824-065747,6,C:\Users\josep\source\repos\AIOTED-digital-rawdigits\20260824\06\4_main_dig6_20260824-065747.jpg,4,transition,85.97,reading_est 58314; model saw 4; agree_soft,,,0
night_fill,20260829-153337_dig6,20260829-153337,6,C:\Users\josep\source\repos\AIOTED-digital-rawdigits\20260829\15\4_main_dig6_20260829-153337.jpg,4,transition,95.74,reading_est 58504; model saw 4; agree,,,0
night_fill,20260831-181333_dig6,20260831-181333,6,C:\Users\josep\source\repos\AIOTED-digital-rawdigits\20260831\18\4_main_dig6_20260831-181333.jpg,4,transition,82.90,reading_est 58584; model saw 4; agree_soft,,,0
night_fill,20260821-180152_dig6,20260821-180152,6,C:\Users\josep\source\repos\AIOTED-digital-rawdigits\20260821\18\4_main_dig6_20260821-180152.jpg,4,transition,82.97,reading_est 58234; model saw 4; agree,,,0
night_fill,20260907-071924_dig6,20260907-071924,6,C:\Users\josep\source\repos\AIOTED-digital-rawdigits\20260907\07\4_main_dig6_20260907-071924.jpg,4,transition,87.00,reading_est 58834; model saw 4; agree,,,0
night_fill,20260908-101921_dig6,20260908-101921,6,C:\Users\josep\source\repos\AIOTED-digital-rawdigits\20260908\10\4_main_dig6_20260908-101921.jpg,4,transition,93.69,reading_est 58874; model saw 4; agree_soft,,,0
night_fill,20260914-172137_dig6,20260914-172137,6,C:\Users\josep\source\repos\AIOTED-digital-rawdigits\20260914\17\4_main_dig6_20260914-172137.jpg,4,transition,81.93,reading_est 59074; model saw 4; agree_soft,,,0
night_fill,20260917-164532_dig6,20260917-164532,6,C:\Users\josep\source\repos\AIOTED-digital-rawdigits\20260917\16\4_main_dig6_20260917-164532.jpg,4,transition,85.24,reading_est 59144; model saw 4; agree_soft,,,0
night_fill,20260925-075417_dig6,20260925-075417,6,C:\Users\josep\source\repos\AIOTED-digital-rawdigits\20260925\07\4_main_dig6_20260925-075417.jpg,4,transition,82.97,reading_est 59304; model saw 4; agree_soft,,,0
night_fill,20260919-152129_dig6,20260919-152129,6,C:\Users\josep\source\repos\AIOTED-digital-rawdigits\20260919\15\4_main_dig6_20260919-152129.jpg,4,transition,86.26,reading_est 59184; model saw 4; agree_soft,,,0
night_fill,20260910-073918_dig6,20260910-073918,6,C:\Users\josep\source\repos\AIOTED-digital-rawdigits\20260910\07\4_main_dig6_20260910-073918.jpg,4,transition,94.98,reading_est 58944; model saw 4; agree_soft,,,0
night_fill,20260819-184155_dig6,20260819-184155,6,C:\Users\josep\source\repos\AIOTED-digital-rawdigits\20260819\18\4_main_dig6_20260819-184155.jpg,4,transition,82.97,reading_est 58164; model saw 4; agree_soft,,,0
night_fill,20260817-173359_dig6,20260817-173359,6,C:\Users\josep\source\repos\AIOTED-digital-rawdigits\20260817\17\4_main_dig6_20260817-173359.jpg,4,transition,86.69,reading_est 58084; model saw 4; agree,,,0
night_fill,20260911-170028_dig6,20260911-170028,6,C:\Users\josep\source\repos\AIOTED-digital-rawdigits\20260911\17\4_main_dig6_20260911-170028.jpg,4,transition,92.98,reading_est 58994; model saw 4; agree_soft,,,0
night_fill,20260826-180142_dig6,20260826-180142,6,C:\Users\josep\source\repos\AIOTED-digital-rawdigits\20260826\18\4_main_dig6_20260826-180142.jpg,4,transition,83.25,reading_est 58404; model saw 4; agree_soft,,,0
night_fill,20260918-153731_dig6,20260918-153731,6,C:\Users\josep\source\repos\AIOTED-digital-rawdigits\20260918\15\4_main_dig6_20260918-153731.jpg,4,transition,84.39,reading_est 59164; model saw 4; agree_soft,,,0
night_fill,20260824-064547_dig6,20260824-064547,6,C:\Users\josep\source\repos\AIOTED-digital-rawdigits\20260824\06\4_main_dig6_20260824-064547.jpg,4,transition,83.03,reading_est 58314; model saw 4; agree,,,0
night_fill,20260829-152537_dig6,20260829-152537,6,C:\Users\josep\source\repos\AIOTED-digital-rawdigits\20260829\15\4_main_dig6_20260829-152537.jpg,4,transition,82.41,reading_est 58504; model saw 4; agree,,,0
night_fill,20260831-180133_dig6,20260831-180133,6,C:\Users\josep\source\repos\AIOTED-digital-rawdigits\20260831\18\4_main_dig6_20260831-180133.jpg,4,transition,81.90,reading_est 58584; model saw 4; agree,,,0
night_fill,20260821-180952_dig6,20260821-180952,6,C:\Users\josep\source\repos\AIOTED-digital-rawdigits\20260821\18\4_main_dig6_20260821-180952.jpg,4,transition,83.25,reading_est 58234; model saw 4; agree,,,0
night_fill,20260907-072724_dig6,20260907-072724,6,C:\Users\josep\source\repos\AIOTED-digital-rawdigits\20260907\07\4_main_dig6_20260907-072724.jpg,4,transition,91.00,reading_est 58834; model saw 4; agree,,,0
night_fill,20260908-100322_dig6,20260908-100322,6,C:\Users\josep\source\repos\AIOTED-digital-rawdigits\20260908\10\4_main_dig6_20260908-100322.jpg,4,transition,83.03,reading_est 58874; model saw 4; agree_soft,,,0
night_fill,20260914-171337_dig6,20260914-171337,6,C:\Users\josep\source\repos\AIOTED-digital-rawdigits\20260914\17\4_main_dig6_20260914-171337.jpg,4,transition,86.98,reading_est 59074; model saw 4; agree_soft,,,0
night_fill,20260917-072533_dig6,20260917-072533,6,C:\Users\josep\source\repos\AIOTED-digital-rawdigits\20260917\07\4_main_dig6_20260917-072533.jpg,4,transition,81.97,reading_est 59134; model saw 4; agree_soft,,,0
night_fill,20260925-081417_dig6,20260925-081417,6,C:\Users\josep\source\repos\AIOTED-digital-rawdigits\20260925\08\4_main_dig6_20260925-081417.jpg,4,transition,86.12,reading_est 59304; model saw 4; agree_soft,,,0
night_fill,20260919-150129_dig6,20260919-150129,6,C:\Users\josep\source\repos\AIOTED-digital-rawdigits\20260919\15\4_main_dig6_20260919-150129.jpg,4,transition,93.00,reading_est 59184; model saw 4; agree_soft,,,0
night_fill,20260910-145201_dig6,20260910-145201,6,C:\Users\josep\source\repos\AIOTED-digital-rawdigits\20260910\14\4_main_dig6_20260910-145201.jpg,4,transition,92.64,reading_est 58954; model saw 4; agree_soft,,,0
night_fill,20260819-183355_dig6,20260819-183355,6,C:\Users\josep\source\repos\AIOTED-digital-rawdigits\20260819\18\4_main_dig6_20260819-183355.jpg,4,transition,83.25,reading_est 58164; model saw 4; agree,,,0
night_fill,20260830-062136_dig4,20260830-062136,4,C:\Users\josep\source\repos\AIOTED-digital-rawdigits\20260830\06\5_main_dig4_20260830-062136.jpg,5,flash,76.81,reading_est 58516; model saw 5; agree,,,0
night_fill,20260831-053734_dig4,20260831-053734,4,C:\Users\josep\source\repos\AIOTED-digital-rawdigits\20260831\05\5_main_dig4_20260831-053734.jpg,5,flash,75.94,reading_est 58553; model saw 5; agree,,,0
night_fill,20260829-200537_dig4,20260829-200537,4,C:\Users\josep\source\repos\AIOTED-digital-rawdigits\20260829\20\5_main_dig4_20260829-200537.jpg,5,flash,75.00,reading_est 58509; model saw 5; agree,,,0
night_fill,20260830-002136_dig4,20260830-002136,4,C:\Users\josep\source\repos\AIOTED-digital-rawdigits\20260830\00\5_main_dig4_20260830-002136.jpg,5,flash,75.08,reading_est 58512; model saw 5; agree,,,0
night_fill,20260831-002535_dig4,20260831-002535,4,C:\Users\josep\source\repos\AIOTED-digital-rawdigits\20260831\00\5_main_dig4_20260831-002535.jpg,5,flash,75.22,reading_est 58546; model saw 5; agree,,,0
night_fill,20260829-183337_dig4,20260829-183337,4,C:\Users\josep\source\repos\AIOTED-digital-rawdigits\20260829\18\5_main_dig4_20260829-183337.jpg,5,flash,79.97,reading_est 58506; model saw 5; agree,,,0
night_fill,20260830-040136_dig4,20260830-040136,4,C:\Users\josep\source\repos\AIOTED-digital-rawdigits\20260830\04\5_main_dig4_20260830-040136.jpg,5,flash,74.77,reading_est 58515; model saw 5; agree,,,0
night_fill,20260831-214133_dig4,20260831-214133,4,C:\Users\josep\source\repos\AIOTED-digital-rawdigits\20260831\21\5_main_dig4_20260831-214133.jpg,5,flash,73.86,reading_est 58592; model saw 5; agree,,,0
night_fill,20260829-224137_dig4,20260829-224137,4,C:\Users\josep\source\repos\AIOTED-digital-rawdigits\20260829\22\5_main_dig4_20260829-224137.jpg,5,flash,75.87,reading_est 58511; model saw 5; agree,,,0
night_fill,20260830-231735_dig4,20260830-231735,4,C:\Users\josep\source\repos\AIOTED-digital-rawdigits\20260830\23\5_main_dig4_20260830-231735.jpg,5,flash,75.17,reading_est 58546; model saw 5; agree,,,0
night_fill,20260831-065734_dig4,20260831-065734,4,C:\Users\josep\source\repos\AIOTED-digital-rawdigits\20260831\06\5_main_dig4_20260831-065734.jpg,5,flash,80.93,reading_est 58554; model saw 5; agree,,,0
night_fill,20260829-203337_dig4,20260829-203337,4,C:\Users\josep\source\repos\AIOTED-digital-rawdigits\20260829\20\5_main_dig4_20260829-203337.jpg,5,flash,75.09,reading_est 58510; model saw 5; agree,,,0
night_fill,20260830-010136_dig4,20260830-010136,4,C:\Users\josep\source\repos\AIOTED-digital-rawdigits\20260830\01\5_main_dig4_20260830-010136.jpg,5,flash,75.10,reading_est 58513; model saw 5; agree,,,0
night_fill,20260831-170533_dig4,20260831-170533,4,C:\Users\josep\source\repos\AIOTED-digital-rawdigits\20260831\17\5_main_dig4_20260831-170533.jpg,5,flash,80.96,reading_est 58581; model saw 5; agree,,,0
night_fill,20260829-220536_dig4,20260829-220536,4,C:\Users\josep\source\repos\AIOTED-digital-rawdigits\20260829\22\5_main_dig4_20260829-220536.jpg,5,flash,75.05,reading_est 58511; model saw 5; agree,,,0
night_fill,20260830-060936_dig4,20260830-060936,4,C:\Users\josep\source\repos\AIOTED-digital-rawdigits\20260830\06\5_main_dig4_20260830-060936.jpg,5,flash,75.87,reading_est 58516; model saw 5; agree,,,0
night_fill,20260831-054534_dig4,20260831-054534,4,C:\Users\josep\source\repos\AIOTED-digital-rawdigits\20260831\05\5_main_dig4_20260831-054534.jpg,5,flash,75.94,reading_est 58553; model saw 5; agree,,,0
night_fill,20260829-225336_dig4,20260829-225336,4,C:\Users\josep\source\repos\AIOTED-digital-rawdigits\20260829\22\5_main_dig4_20260829-225336.jpg,5,flash,75.29,reading_est 58511; model saw 5; agree,,,0
night_fill,20260830-190935_dig4,20260830-190935,4,C:\Users\josep\source\repos\AIOTED-digital-rawdigits\20260830\19\5_main_dig4_20260830-190935.jpg,5,flash,76.96,reading_est 58543; model saw 5; agree,,,0
night_fill,20260831-204133_dig4,20260831-204133,4,C:\Users\josep\source\repos\AIOTED-digital-rawdigits\20260831\20\5_main_dig4_20260831-204133.jpg,5,flash,74.13,reading_est 58590; model saw 5; agree,,,0
night_fill,20260829-192537_dig4,20260829-192537,4,C:\Users\josep\source\repos\AIOTED-digital-rawdigits\20260829\19\5_main_dig4_20260829-192537.jpg,5,flash,77.17,reading_est 58508; model saw 5; agree,,,0
night_fill,20260830-222935_dig4,20260830-222935,4,C:\Users\josep\source\repos\AIOTED-digital-rawdigits\20260830\22\5_main_dig4_20260830-222935.jpg,5,flash,75.29,reading_est 58546; model saw 5; agree,,,0
night_fill,20260831-170133_dig4,20260831-170133,4,C:\Users\josep\source\repos\AIOTED-digital-rawdigits\20260831\17\5_main_dig4_20260831-170133.jpg,5,flash,81.00,reading_est 58581; model saw 5; agree,,,0
night_fill,20260829-193337_dig4,20260829-193337,4,C:\Users\josep\source\repos\AIOTED-digital-rawdigits\20260829\19\5_main_dig4_20260829-193337.jpg,5,flash,76.12,reading_est 58508; model saw 5; agree,,,0
night_fill,20260830-023336_dig4,20260830-023336,4,C:\Users\josep\source\repos\AIOTED-digital-rawdigits\20260830\02\5_main_dig4_20260830-023336.jpg,5,flash,75.10,reading_est 58514; model saw 5; agree,,,0
night_fill,20260831-043734_dig4,20260831-043734,4,C:\Users\josep\source\repos\AIOTED-digital-rawdigits\20260831\04\5_main_dig4_20260831-043734.jpg,5,flash,75.94,reading_est 58552; model saw 5; agree,,,0
night_fill,20260829-191337_dig4,20260829-191337,4,C:\Users\josep\source\repos\AIOTED-digital-rawdigits\20260829\19\5_main_dig4_20260829-191337.jpg,5,flash,78.26,reading_est 58507; model saw 5; agree,,,0
night_fill,20260830-032136_dig4,20260830-032136,4,C:\Users\josep\source\repos\AIOTED-digital-rawdigits\20260830\03\5_main_dig4_20260830-032136.jpg,5,flash,74.87,reading_est 58514; model saw 5; agree,,,0
night_fill,20260831-003735_dig4,20260831-003735,4,C:\Users\josep\source\repos\AIOTED-digital-rawdigits\20260831\00\5_main_dig4_20260831-003735.jpg,5,flash,75.16,reading_est 58549; model saw 5; agree,,,0
night_fill,20260829-202537_dig4,20260829-202537,4,C:\Users\josep\source\repos\AIOTED-digital-rawdigits\20260829\20\5_main_dig4_20260829-202537.jpg,5,flash,75.13,reading_est 58509; model saw 5; agree,,,0
night_fill,20260830-020136_dig4,20260830-020136,4,C:\Users\josep\source\repos\AIOTED-digital-rawdigits\20260830\02\5_main_dig4_20260830-020136.jpg,5,flash,75.09,reading_est 58513; model saw 5; agree,,,0
night_fill,20260831-213333_dig4,20260831-213333,4,C:\Users\josep\source\repos\AIOTED-digital-rawdigits\20260831\21\5_main_dig4_20260831-213333.jpg,5,flash,74.00,reading_est 58592; model saw 5; agree,,,0
night_fill,20260829-182537_dig4,20260829-182537,4,C:\Users\josep\source\repos\AIOTED-digital-rawdigits\20260829\18\5_main_dig4_20260829-182537.jpg,5,flash,79.93,reading_est 58506; model saw 5; agree,,,0
night_fill,20260830-221735_dig4,20260830-221735,4,C:\Users\josep\source\repos\AIOTED-digital-rawdigits\20260830\22\5_main_dig4_20260830-221735.jpg,5,flash,75.13,reading_est 58546; model saw 5; agree,,,0
night_fill,20260831-182133_dig4,20260831-182133,4,C:\Users\josep\source\repos\AIOTED-digital-rawdigits\20260831\18\5_main_dig4_20260831-182133.jpg,5,flash,80.26,reading_est 58585; model saw 5; agree,,,0
night_fill,20260829-233336_dig4,20260829-233336,4,C:\Users\josep\source\repos\AIOTED-digital-rawdigits\20260829\23\5_main_dig4_20260829-233336.jpg,5,flash,75.23,reading_est 58512; model saw 5; agree,,,0
night_fill,20260830-013336_dig4,20260830-013336,4,C:\Users\josep\source\repos\AIOTED-digital-rawdigits\20260830\01\5_main_dig4_20260830-013336.jpg,5,flash,75.93,reading_est 58513; model saw 5; agree,,,0
night_fill,20260831-032534_dig4,20260831-032534,4,C:\Users\josep\source\repos\AIOTED-digital-rawdigits\20260831\03\5_main_dig4_20260831-032534.jpg,5,flash,76.00,reading_est 58551; model saw 5; agree,,,0
night_fill,20260829-184537_dig4,20260829-184537,4,C:\Users\josep\source\repos\AIOTED-digital-rawdigits\20260829\18\5_main_dig4_20260829-184537.jpg,5,flash,79.25,reading_est 58506; model saw 5; agree,,,0
night_fill,20260830-011336_dig4,20260830-011336,4,C:\Users\josep\source\repos\AIOTED-digital-rawdigits\20260830\01\5_main_dig4_20260830-011336.jpg,5,flash,75.00,reading_est 58513; model saw 5; agree,,,0
night_fill,20260831-203333_dig4,20260831-203333,4,C:\Users\josep\source\repos\AIOTED-digital-rawdigits\20260831\20\5_main_dig4_20260831-203333.jpg,5,flash,74.23,reading_est 58590; model saw 5; agree,,,0
night_fill,20260829-230136_dig4,20260829-230136,4,C:\Users\josep\source\repos\AIOTED-digital-rawdigits\20260829\23\5_main_dig4_20260829-230136.jpg,5,flash,75.78,reading_est 58511; model saw 5; agree,,,0
night_fill,20260830-234535_dig4,20260830-234535,4,C:\Users\josep\source\repos\AIOTED-digital-rawdigits\20260830\23\5_main_dig4_20260830-234535.jpg,5,flash,75.13,reading_est 58546; model saw 5; agree,,,0
night_fill,20260831-183333_dig4,20260831-183333,4,C:\Users\josep\source\repos\AIOTED-digital-rawdigits\20260831\18\5_main_dig4_20260831-183333.jpg,5,flash,79.25,reading_est 58586; model saw 5; agree,,,0
night_fill,20260829-175337_dig4,20260829-175337,4,C:\Users\josep\source\repos\AIOTED-digital-rawdigits\20260829\17\5_main_dig4_20260829-175337.jpg,5,flash,79.16,reading_est 58505; model saw 5; agree,,,0
night_fill,20260830-213735_dig4,20260830-213735,4,C:\Users\josep\source\repos\AIOTED-digital-rawdigits\20260830\21\5_main_dig4_20260830-213735.jpg,5,flash,75.78,reading_est 58546; model saw 5; agree,,,0
night_fill,20260831-205333_dig4,20260831-205333,4,C:\Users\josep\source\repos\AIOTED-digital-rawdigits\20260831\20\5_main_dig4_20260831-205333.jpg,5,flash,74.13,reading_est 58591; model saw 5; agree,,,0
night_fill,20260829-220136_dig4,20260829-220136,4,C:\Users\josep\source\repos\AIOTED-digital-rawdigits\20260829\22\5_main_dig4_20260829-220136.jpg,5,flash,75.13,reading_est 58511; model saw 5; agree,,,0
night_fill,20260830-183735_dig4,20260830-183735,4,C:\Users\josep\source\repos\AIOTED-digital-rawdigits\20260830\18\5_main_dig4_20260830-183735.jpg,5,flash,80.96,reading_est 58542; model saw 5; agree,,,0
night_fill,20260831-230133_dig4,20260831-230133,4,C:\Users\josep\source\repos\AIOTED-digital-rawdigits\20260831\23\5_main_dig4_20260831-230133.jpg,5,flash,73.83,reading_est 58594; model saw 5; agree,,,0
night_fill,20260829-210537_dig4,20260829-210537,4,C:\Users\josep\source\repos\AIOTED-digital-rawdigits\20260829\21\5_main_dig4_20260829-210537.jpg,5,flash,75.29,reading_est 58510; model saw 5; agree,,,0
night_fill,20260830-204935_dig4,20260830-204935,4,C:\Users\josep\source\repos\AIOTED-digital-rawdigits\20260830\20\5_main_dig4_20260830-204935.jpg,5,flash,75.23,reading_est 58546; model saw 5; agree,,,0
night_fill,20260831-010534_dig4,20260831-010534,4,C:\Users\josep\source\repos\AIOTED-digital-rawdigits\20260831\01\5_main_dig4_20260831-010534.jpg,5,flash,75.22,reading_est 58549; model saw 5; agree,,,0
night_fill,20260829-201337_dig4,20260829-201337,4,C:\Users\josep\source\repos\AIOTED-digital-rawdigits\20260829\20\5_main_dig4_20260829-201337.jpg,5,flash,75.12,reading_est 58509; model saw 5; agree,,,0
night_fill,20260830-185735_dig4,20260830-185735,4,C:\Users\josep\source\repos\AIOTED-digital-rawdigits\20260830\18\5_main_dig4_20260830-185735.jpg,5,flash,78.32,reading_est 58542; model saw 5; agree,,,0
night_fill,20260831-000935_dig4,20260831-000935,4,C:\Users\josep\source\repos\AIOTED-digital-rawdigits\20260831\00\5_main_dig4_20260831-000935.jpg,5,flash,75.23,reading_est 58546; model saw 5; agree,,,0
night_fill,20260829-231336_dig4,20260829-231336,4,C:\Users\josep\source\repos\AIOTED-digital-rawdigits\20260829\23\5_main_dig4_20260829-231336.jpg,5,flash,75.78,reading_est 58511; model saw 5; agree,,,0
night_fill,20260830-212935_dig4,20260830-212935,4,C:\Users\josep\source\repos\AIOTED-digital-rawdigits\20260830\21\5_main_dig4_20260830-212935.jpg,5,flash,75.23,reading_est 58546; model saw 5; agree,,,0
night_fill,20260831-012534_dig4,20260831-012534,4,C:\Users\josep\source\repos\AIOTED-digital-rawdigits\20260831\01\5_main_dig4_20260831-012534.jpg,5,flash,75.00,reading_est 58549; model saw 5; agree,,,0
night_fill,20260829-194537_dig4,20260829-194537,4,C:\Users\josep\source\repos\AIOTED-digital-rawdigits\20260829\19\5_main_dig4_20260829-194537.jpg,5,flash,74.82,reading_est 58509; model saw 5; agree,,,0
night_fill,20260830-033336_dig4,20260830-033336,4,C:\Users\josep\source\repos\AIOTED-digital-rawdigits\20260830\03\5_main_dig4_20260830-033336.jpg,5,flash,75.79,reading_est 58514; model saw 5; agree,,,0
night_fill,20260830-070936_dig4,20260830-070936,4,C:\Users\josep\source\repos\AIOTED-digital-rawdigits\20260830\07\5_main_dig4_20260830-070936.jpg,5,transition,89.16,reading_est 58517; model saw 5; agree,,,0
night_fill,20260829-153337_dig4,20260829-153337,4,C:\Users\josep\source\repos\AIOTED-digital-rawdigits\20260829\15\5_main_dig4_20260829-153337.jpg,5,transition,95.74,reading_est 58504; model saw 5; agree,,,0
night_fill,20260831-072534_dig4,20260831-072534,4,C:\Users\josep\source\repos\AIOTED-digital-rawdigits\20260831\07\5_main_dig4_20260831-072534.jpg,5,transition,86.69,reading_est 58556; model saw 5; agree,,,0
night_fill,20260830-070136_dig4,20260830-070136,4,C:\Users\josep\source\repos\AIOTED-digital-rawdigits\20260830\07\5_main_dig4_20260830-070136.jpg,5,transition,83.98,reading_est 58517; model saw 5; agree,,,0
night_fill,20260829-170537_dig4,20260829-170537,4,C:\Users\josep\source\repos\AIOTED-digital-rawdigits\20260829\17\5_main_dig4_20260829-170537.jpg,5,transition,81.03,reading_est 58505; model saw 5; agree,,,0
night_fill,20260831-073734_dig4,20260831-073734,4,C:\Users\josep\source\repos\AIOTED-digital-rawdigits\20260831\07\5_main_dig4_20260831-073734.jpg,5,transition,95.77,reading_est 58556; model saw 5; agree,,,0
night_fill,20260830-065336_dig4,20260830-065336,4,C:\Users\josep\source\repos\AIOTED-digital-rawdigits\20260830\06\5_main_dig4_20260830-065336.jpg,5,transition,81.80,reading_est 58517; model saw 5; agree,,,0
night_fill,20260829-142537_dig4,20260829-142537,4,C:\Users\josep\source\repos\AIOTED-digital-rawdigits\20260829\14\5_main_dig4_20260829-142537.jpg,5,transition,91.02,reading_est 58502; model saw 5; agree,,,0
night_fill,20260831-071734_dig4,20260831-071734,4,C:\Users\josep\source\repos\AIOTED-digital-rawdigits\20260831\07\5_main_dig4_20260831-071734.jpg,5,transition,84.21,reading_est 58555; model saw 5; agree,,,0
night_fill,20260830-181735_dig4,20260830-181735,4,C:\Users\josep\source\repos\AIOTED-digital-rawdigits\20260830\18\5_main_dig4_20260830-181735.jpg,5,transition,94.12,reading_est 58541; model saw 5; agree,,,0
night_fill,20260829-141337_dig4,20260829-141337,4,C:\Users\josep\source\repos\AIOTED-digital-rawdigits\20260829\14\5_main_dig4_20260829-141337.jpg,5,transition,93.80,reading_est 58502; model saw 5; agree,,,0
night_fill,20260831-070534_dig4,20260831-070534,4,C:\Users\josep\source\repos\AIOTED-digital-rawdigits\20260831\07\5_main_dig4_20260831-070534.jpg,5,transition,81.97,reading_est 58555; model saw 5; agree,,,0
night_fill,20260830-173735_dig4,20260830-173735,4,C:\Users\josep\source\repos\AIOTED-digital-rawdigits\20260830\17\5_main_dig4_20260830-173735.jpg,5,transition,93.97,reading_est 58539; model saw 5; agree,,,0
night_fill,20260829-125737_dig4,20260829-125737,4,C:\Users\josep\source\repos\AIOTED-digital-rawdigits\20260829\12\5_main_dig4_20260829-125737.jpg,5,transition,95.74,reading_est 58501; model saw 5; agree,,,0
night_fill,20260831-174533_dig4,20260831-174533,4,C:\Users\josep\source\repos\AIOTED-digital-rawdigits\20260831\17\5_main_dig4_20260831-174533.jpg,5,transition,84.06,reading_est 58583; model saw 5; agree,,,0
night_fill,20260830-180935_dig4,20260830-180935,4,C:\Users\josep\source\repos\AIOTED-digital-rawdigits\20260830\18\5_main_dig4_20260830-180935.jpg,5,transition,95.90,reading_est 58541; model saw 5; agree,,,0
night_fill,20260829-151337_dig4,20260829-151337,4,C:\Users\josep\source\repos\AIOTED-digital-rawdigits\20260829\15\5_main_dig4_20260829-151337.jpg,5,transition,83.18,reading_est 58503; model saw 5; agree,,,0
night_fill,20260831-071334_dig4,20260831-071334,4,C:\Users\josep\source\repos\AIOTED-digital-rawdigits\20260831\07\5_main_dig4_20260831-071334.jpg,5,transition,82.94,reading_est 58555; model saw 5; agree,,,0
night_fill,20260830-175735_dig4,20260830-175735,4,C:\Users\josep\source\repos\AIOTED-digital-rawdigits\20260830\17\5_main_dig4_20260830-175735.jpg,5,transition,87.97,reading_est 58540; model saw 5; agree,,,0
night_fill,20260829-143737_dig4,20260829-143737,4,C:\Users\josep\source\repos\AIOTED-digital-rawdigits\20260829\14\5_main_dig4_20260829-143737.jpg,5,transition,92.12,reading_est 58502; model saw 5; agree,,,0
night_fill,20260831-180133_dig4,20260831-180133,4,C:\Users\josep\source\repos\AIOTED-digital-rawdigits\20260831\18\5_main_dig4_20260831-180133.jpg,5,transition,81.90,reading_est 58584; model saw 5; agree,,,0
night_fill,20260830-174935_dig4,20260830-174935,4,C:\Users\josep\source\repos\AIOTED-digital-rawdigits\20260830\17\5_main_dig4_20260830-174935.jpg,5,transition,90.69,reading_est 58540; model saw 5; agree,,,0
night_fill,20260829-155337_dig4,20260829-155337,4,C:\Users\josep\source\repos\AIOTED-digital-rawdigits\20260829\15\5_main_dig4_20260829-155337.jpg,5,transition,81.93,reading_est 58504; model saw 5; agree,,,0
night_fill,20260831-073334_dig4,20260831-073334,4,C:\Users\josep\source\repos\AIOTED-digital-rawdigits\20260831\07\5_main_dig4_20260831-073334.jpg,5,transition,92.97,reading_est 58556; model saw 5; agree,,,0
night_fill,20260830-144135_dig4,20260830-144135,4,C:\Users\josep\source\repos\AIOTED-digital-rawdigits\20260830\14\5_main_dig4_20260830-144135.jpg,5,transition,94.97,reading_est 58532; model saw 5; agree,,,0
night_fill,20260829-141737_dig4,20260829-141737,4,C:\Users\josep\source\repos\AIOTED-digital-rawdigits\20260829\14\5_main_dig4_20260829-141737.jpg,5,transition,92.97,reading_est 58502; model saw 5; agree,,,0
night_fill,20260831-181333_dig4,20260831-181333,4,C:\Users\josep\source\repos\AIOTED-digital-rawdigits\20260831\18\5_main_dig4_20260831-181333.jpg,5,transition,82.90,reading_est 58584; model saw 5; agree,,,0
night_fill,20260830-142935_dig4,20260830-142935,4,C:\Users\josep\source\repos\AIOTED-digital-rawdigits\20260830\14\5_main_dig4_20260830-142935.jpg,5,transition,95.26,reading_est 58531; model saw 5; agree,,,0
night_fill,20260829-132537_dig4,20260829-132537,4,C:\Users\josep\source\repos\AIOTED-digital-rawdigits\20260829\13\5_main_dig4_20260829-132537.jpg,5,transition,93.21,reading_est 58501; model saw 5; agree,,,0
night_fill,20260831-175333_dig4,20260831-175333,4,C:\Users\josep\source\repos\AIOTED-digital-rawdigits\20260831\17\5_main_dig4_20260831-175333.jpg,5,transition,83.69,reading_est 58583; model saw 5; agree,,,0
night_fill,20260829-144537_dig4,20260829-144537,4,C:\Users\josep\source\repos\AIOTED-digital-rawdigits\20260829\14\5_main_dig4_20260829-144537.jpg,5,transition,89.00,reading_est 58503; model saw 5; agree,,,0
night_fill,20260831-164533_dig4,20260831-164533,4,C:\Users\josep\source\repos\AIOTED-digital-rawdigits\20260831\16\5_main_dig4_20260831-164533.jpg,5,transition,87.25,reading_est 58580; model saw 5; agree,,,0
night_fill,20260829-133737_dig4,20260829-133737,4,C:\Users\josep\source\repos\AIOTED-digital-rawdigits\20260829\13\5_main_dig4_20260829-133737.jpg,5,transition,82.41,reading_est 58502; model saw 5; agree,,,0
night_fill,20260831-174133_dig4,20260831-174133,4,C:\Users\josep\source\repos\AIOTED-digital-rawdigits\20260831\17\5_main_dig4_20260831-174133.jpg,5,transition,83.12,reading_est 58583; model saw 5; agree,,,0
night_fill,20260829-154537_dig4,20260829-154537,4,C:\Users\josep\source\repos\AIOTED-digital-rawdigits\20260829\15\5_main_dig4_20260829-154537.jpg,5,transition,84.26,reading_est 58504; model saw 5; agree,,,0
night_fill,20260831-173333_dig4,20260831-173333,4,C:\Users\josep\source\repos\AIOTED-digital-rawdigits\20260831\17\5_main_dig4_20260831-173333.jpg,5,transition,85.69,reading_est 58582; model saw 5; agree,,,0
night_fill,20260829-134537_dig4,20260829-134537,4,C:\Users\josep\source\repos\AIOTED-digital-rawdigits\20260829\13\5_main_dig4_20260829-134537.jpg,5,transition,83.90,reading_est 58502; model saw 5; agree,,,0
night_fill,20260829-152537_dig4,20260829-152537,4,C:\Users\josep\source\repos\AIOTED-digital-rawdigits\20260829\15\5_main_dig4_20260829-152537.jpg,5,transition,82.41,reading_est 58504; model saw 5; agree,,,0
night_fill,20260829-150537_dig4,20260829-150537,4,C:\Users\josep\source\repos\AIOTED-digital-rawdigits\20260829\15\5_main_dig4_20260829-150537.jpg,5,transition,86.06,reading_est 58503; model saw 5; agree,,,0
night_fill,20260829-131737_dig4,20260829-131737,4,C:\Users\josep\source\repos\AIOTED-digital-rawdigits\20260829\13\5_main_dig4_20260829-131737.jpg,5,transition,94.82,reading_est 58501; model saw 5; agree,,,0
night_fill,20260921-174125_dig5,20260921-174125,5,C:\Users\josep\source\repos\AIOTED-digital-rawdigits\20260921\17\3_main_dig5_20260921-174125.jpg,3,transition,87.20,reading_est 59231; model saw 3; agree,,,0
night_fill,20260907-070724_dig5,20260907-070724,5,C:\Users\josep\source\repos\AIOTED-digital-rawdigits\20260907\07\3_main_dig5_20260907-070724.jpg,3,transition,83.90,reading_est 58833; model saw 3; agree,,,0
night_fill,20260824-182546_dig5,20260824-182546,5,C:\Users\josep\source\repos\AIOTED-digital-rawdigits\20260824\18\3_main_dig5_20260824-182546.jpg,3,transition,91.77,reading_est 58332; model saw 3; agree,,,0
night_fill,20260912-180058_dig5,20260912-180058,5,C:\Users\josep\source\repos\AIOTED-digital-rawdigits\20260912\18\3_main_dig5_20260912-180058.jpg,3,transition,84.90,reading_est 59030; model saw 3; agree_soft,,,0
night_fill,20260926-171815_dig5,20260926-171815,5,C:\Users\josep\source\repos\AIOTED-digital-rawdigits\20260926\17\3_main_dig5_20260926-171815.jpg,3,transition,94.12,reading_est 59337; model saw 3; agree,,,0
night_fill,20260819-065356_dig5,20260819-065356,5,C:\Users\josep\source\repos\AIOTED-digital-rawdigits\20260819\06\3_main_dig5_20260819-065356.jpg,3,transition,84.14,reading_est 58139; model saw 3; agree,,,0
night_fill,20260917-090533_dig5,20260917-090533,5,C:\Users\josep\source\repos\AIOTED-digital-rawdigits\20260917\09\3_main_dig5_20260917-090533.jpg,3,transition,86.19,reading_est 59136; model saw 3; agree_soft,,,0
night_fill,20260827-171741_dig5,20260827-171741,5,C:\Users\josep\source\repos\AIOTED-digital-rawdigits\20260827\17\3_main_dig5_20260827-171741.jpg,3,transition,93.29,reading_est 58439; model saw 3; agree,,,0
night_fill,20260904-094305_dig5,20260904-094305,5,C:\Users\josep\source\repos\AIOTED-digital-rawdigits\20260904\09\3_main_dig5_20260904-094305.jpg,3,transition,92.49,reading_est 58731; model saw 3; agree_soft,,,0
night_fill,20260821-170952_dig5,20260821-170952,5,C:\Users\josep\source\repos\AIOTED-digital-rawdigits\20260821\17\3_main_dig5_20260821-170952.jpg,3,transition,94.97,reading_est 58232; model saw 3; agree,,,0
night_fill,20260830-173735_dig5,20260830-173735,5,C:\Users\josep\source\repos\AIOTED-digital-rawdigits\20260830\17\3_main_dig5_20260830-173735.jpg,3,transition,93.97,reading_est 58539; model saw 3; agree_soft,,,0
night_fill,20260921-174925_dig5,20260921-174925,5,C:\Users\josep\source\repos\AIOTED-digital-rawdigits\20260921\17\3_main_dig5_20260921-174925.jpg,3,transition,86.24,reading_est 59232; model saw 3; agree,,,0
night_fill,20260907-071924_dig5,20260907-071924,5,C:\Users\josep\source\repos\AIOTED-digital-rawdigits\20260907\07\3_main_dig5_20260907-071924.jpg,3,transition,87.00,reading_est 58834; model saw 3; agree,,,0
night_fill,20260824-175346_dig5,20260824-175346,5,C:\Users\josep\source\repos\AIOTED-digital-rawdigits\20260824\17\3_main_dig5_20260824-175346.jpg,3,transition,95.81,reading_est 58331; model saw 3; agree,,,0
night_fill,20260912-181258_dig5,20260912-181258,5,C:\Users\josep\source\repos\AIOTED-digital-rawdigits\20260912\18\3_main_dig5_20260912-181258.jpg,3,transition,83.24,reading_est 59030; model saw 3; agree_soft,,,0
night_fill,20260926-181415_dig5,20260926-181415,5,C:\Users\josep\source\repos\AIOTED-digital-rawdigits\20260926\18\3_main_dig5_20260926-181415.jpg,3,transition,82.97,reading_est 59338; model saw 3; agree,,,0
night_fill,20260819-063356_dig5,20260819-063356,5,C:\Users\josep\source\repos\AIOTED-digital-rawdigits\20260819\06\3_main_dig5_20260819-063356.jpg,3,transition,81.97,reading_est 58138; model saw 3; agree,,,0
night_fill,20260917-085733_dig5,20260917-085733,5,C:\Users\josep\source\repos\AIOTED-digital-rawdigits\20260917\08\3_main_dig5_20260917-085733.jpg,3,transition,82.97,reading_est 59136; model saw 3; agree_soft,,,0
night_fill,20260827-172541_dig5,20260827-172541,5,C:\Users\josep\source\repos\AIOTED-digital-rawdigits\20260827\17\3_main_dig5_20260827-172541.jpg,3,transition,91.00,reading_est 58439; model saw 3; agree_soft,,,0
night_fill,20260821-172952_dig5,20260821-172952,5,C:\Users\josep\source\repos\AIOTED-digital-rawdigits\20260821\17\3_main_dig5_20260821-172952.jpg,3,transition,82.25,reading_est 58233; model saw 3; agree,,,0
night_fill,20260921-055326_dig5,20260921-055326,5,C:\Users\josep\source\repos\AIOTED-digital-rawdigits\20260921\05\1_main_dig5_20260921-055326.jpg,1,flash,78.16,reading_est 59217; model saw 1; agree_soft,,,0
night_fill,20260826-220142_dig5,20260826-220142,5,C:\Users\josep\source\repos\AIOTED-digital-rawdigits\20260826\22\1_main_dig5_20260826-220142.jpg,1,flash,76.10,reading_est 58411; model saw 1; agree,,,0
night_fill,20260824-045747_dig5,20260824-045747,5,C:\Users\josep\source\repos\AIOTED-digital-rawdigits\20260824\04\1_main_dig5_20260824-045747.jpg,1,flash,77.23,reading_est 58313; model saw 1; agree,,,0
night_fill,20260912-054027_dig5,20260912-054027,5,C:\Users\josep\source\repos\AIOTED-digital-rawdigits\20260912\05\1_main_dig5_20260912-054027.jpg,1,flash,77.93,reading_est 59010; model saw 1; agree,,,0
night_fill,20260830-063336_dig5,20260830-063336,5,C:\Users\josep\source\repos\AIOTED-digital-rawdigits\20260830\06\1_main_dig5_20260830-063336.jpg,1,flash,78.16,reading_est 58516; model saw 1; agree,,,0
night_fill,20260904-000707_dig5,20260904-000707,5,C:\Users\josep\source\repos\AIOTED-digital-rawdigits\20260904\00\1_main_dig5_20260904-000707.jpg,1,flash,75.87,reading_est 58719; model saw 1; agree_soft,,,0
night_fill,20260821-082552_dig5,20260821-082552,5,C:\Users\josep\source\repos\AIOTED-digital-rawdigits\20260821\08\1_main_dig5_20260821-082552.jpg,1,flash,78.41,reading_est 58217; model saw 1; agree,,,0
night_fill,20260827-063742_dig5,20260827-063742,5,C:\Users\josep\source\repos\AIOTED-digital-rawdigits\20260827\06\1_main_dig5_20260827-063742.jpg,1,flash,79.25,reading_est 58417; model saw 1; agree,,,0
night_fill,20260815-183803_dig5,20260815-183803,5,C:\Users\josep\source\repos\AIOTED-digital-rawdigits\20260815\18\1_main_dig5_20260815-183803.jpg,1,flash,79.25,reading_est 58011; model saw 1; agree,,,0
night_fill,20260925-195016_dig5,20260925-195016,5,C:\Users\josep\source\repos\AIOTED-digital-rawdigits\20260925\19\1_main_dig5_20260925-195016.jpg,1,flash,79.00,reading_est 59318; model saw 1; agree_soft,,,0
night_fill,20260920-200527_dig5,20260920-200527,5,C:\Users\josep\source\repos\AIOTED-digital-rawdigits\20260920\20\1_main_dig5_20260920-200527.jpg,1,flash,78.17,reading_est 59210; model saw 1; agree_soft,,,0
night_fill,20260903-194707_dig5,20260903-194707,5,C:\Users\josep\source\repos\AIOTED-digital-rawdigits\20260903\19\1_main_dig5_20260903-194707.jpg,1,flash,76.00,reading_est 58714; model saw 1; agree_soft,,,0
night_fill,20260816-003403_dig5,20260816-003403,5,C:\Users\josep\source\repos\AIOTED-digital-rawdigits\20260816\00\1_main_dig5_20260816-003403.jpg,1,flash,75.10,reading_est 58019; model saw 1; agree_soft,,,0
night_fill,20260829-220536_dig5,20260829-220536,5,C:\Users\josep\source\repos\AIOTED-digital-rawdigits\20260829\22\1_main_dig5_20260829-220536.jpg,1,flash,75.05,reading_est 58511; model saw 1; agree_soft,,,0
night_fill,20260921-024526_dig5,20260921-024526,5,C:\Users\josep\source\repos\AIOTED-digital-rawdigits\20260921\02\1_main_dig5_20260921-024526.jpg,1,flash,77.87,reading_est 59216; model saw 1; agree_soft,,,0
night_fill,20260826-230142_dig5,20260826-230142,5,C:\Users\josep\source\repos\AIOTED-digital-rawdigits\20260826\23\1_main_dig5_20260826-230142.jpg,1,flash,75.94,reading_est 58412; model saw 1; agree,,,0
night_fill,20260824-021746_dig5,20260824-021746,5,C:\Users\josep\source\repos\AIOTED-digital-rawdigits\20260824\02\1_main_dig5_20260824-021746.jpg,1,flash,76.94,reading_est 58311; model saw 1; agree_soft,,,0
night_fill,20260912-060827_dig5,20260912-060827,5,C:\Users\josep\source\repos\AIOTED-digital-rawdigits\20260912\06\1_main_dig5_20260912-060827.jpg,1,flash,78.00,reading_est 59010; model saw 1; agree,,,0
night_fill,20260830-061336_dig5,20260830-061336,5,C:\Users\josep\source\repos\AIOTED-digital-rawdigits\20260830\06\1_main_dig5_20260830-061336.jpg,1,flash,75.87,reading_est 58516; model saw 1; agree,,,0
night_fill,20260904-001507_dig5,20260904-001507,5,C:\Users\josep\source\repos\AIOTED-digital-rawdigits\20260904\00\1_main_dig5_20260904-001507.jpg,1,flash,75.91,reading_est 58719; model saw 1; agree_soft,,,0
night_fill,20260821-040553_dig5,20260821-040553,5,C:\Users\josep\source\repos\AIOTED-digital-rawdigits\20260821\04\1_main_dig5_20260821-040553.jpg,1,flash,76.78,reading_est 58212; model saw 1; agree,,,0
night_fill,20260827-032142_dig5,20260827-032142,5,C:\Users\josep\source\repos\AIOTED-digital-rawdigits\20260827\03\1_main_dig5_20260827-032142.jpg,1,flash,74.87,reading_est 58414; model saw 1; agree,,,0
night_fill,20260815-192603_dig5,20260815-192603,5,C:\Users\josep\source\repos\AIOTED-digital-rawdigits\20260815\19\1_main_dig5_20260815-192603.jpg,1,flash,77.03,reading_est 58013; model saw 1; agree,,,0
night_fill,20260925-201016_dig5,20260925-201016,5,C:\Users\josep\source\repos\AIOTED-digital-rawdigits\20260925\20\1_main_dig5_20260925-201016.jpg,1,flash,79.13,reading_est 59318; model saw 1; agree_soft,,,0
night_fill,20260920-214527_dig5,20260920-214527,5,C:\Users\josep\source\repos\AIOTED-digital-rawdigits\20260920\21\1_main_dig5_20260920-214527.jpg,1,flash,77.87,reading_est 59212; model saw 1; agree,,,0
night_fill,20260903-191907_dig5,20260903-191907,5,C:\Users\josep\source\repos\AIOTED-digital-rawdigits\20260903\19\1_main_dig5_20260903-191907.jpg,1,flash,76.93,reading_est 58713; model saw 1; agree_soft,,,0
night_fill,20260816-001403_dig5,20260816-001403,5,C:\Users\josep\source\repos\AIOTED-digital-rawdigits\20260816\00\1_main_dig5_20260816-001403.jpg,1,flash,75.23,reading_est 58019; model saw 1; agree_soft,,,0
night_fill,20260829-224137_dig5,20260829-224137,5,C:\Users\josep\source\repos\AIOTED-digital-rawdigits\20260829\22\1_main_dig5_20260829-224137.jpg,1,flash,75.87,reading_est 58511; model saw 1; agree_soft,,,0
night_fill,20260921-041326_dig5,20260921-041326,5,C:\Users\josep\source\repos\AIOTED-digital-rawdigits\20260921\04\1_main_dig5_20260921-041326.jpg,1,flash,77.85,reading_est 59216; model saw 1; agree_soft,,,0
night_fill,20260826-220942_dig5,20260826-220942,5,C:\Users\josep\source\repos\AIOTED-digital-rawdigits\20260826\22\1_main_dig5_20260826-220942.jpg,1,flash,75.09,reading_est 58411; model saw 1; agree,,,0
night_fill,20260824-061747_dig5,20260824-061747,5,C:\Users\josep\source\repos\AIOTED-digital-rawdigits\20260824\06\1_main_dig5_20260824-061747.jpg,1,flash,79.25,reading_est 58314; model saw 1; agree,,,0
night_fill,20260912-064027_dig5,20260912-064027,5,C:\Users\josep\source\repos\AIOTED-digital-rawdigits\20260912\06\1_main_dig5_20260912-064027.jpg,1,flash,79.10,reading_est 59011; model saw 1; agree,,,0
night_fill,20260830-035336_dig5,20260830-035336,5,C:\Users\josep\source\repos\AIOTED-digital-rawdigits\20260830\03\1_main_dig5_20260830-035336.jpg,1,flash,75.00,reading_est 58515; model saw 1; agree,,,0
night_fill,20260821-094152_dig5,20260821-094152,5,C:\Users\josep\source\repos\AIOTED-digital-rawdigits\20260821\09\1_main_dig5_20260821-094152.jpg,1,flash,80.16,reading_est 58219; model saw 1; agree,,,0
night_fill,20260827-042942_dig5,20260827-042942,5,C:\Users\josep\source\repos\AIOTED-digital-rawdigits\20260827\04\1_main_dig5_20260827-042942.jpg,1,flash,75.09,reading_est 58416; model saw 1; agree,,,0
night_fill,20260815-195403_dig5,20260815-195403,5,C:\Users\josep\source\repos\AIOTED-digital-rawdigits\20260815\19\1_main_dig5_20260815-195403.jpg,1,flash,75.94,reading_est 58014; model saw 1; agree,,,0
night_fill,20260925-212216_dig5,20260925-212216,5,C:\Users\josep\source\repos\AIOTED-digital-rawdigits\20260925\21\1_main_dig5_20260925-212216.jpg,1,flash,78.86,reading_est 59319; model saw 1; agree_soft,,,0
night_fill,20260920-215327_dig5,20260920-215327,5,C:\Users\josep\source\repos\AIOTED-digital-rawdigits\20260920\21\1_main_dig5_20260920-215327.jpg,1,flash,78.17,reading_est 59212; model saw 1; agree,,,0
night_fill,20260903-222707_dig5,20260903-222707,5,C:\Users\josep\source\repos\AIOTED-digital-rawdigits\20260903\22\1_main_dig5_20260903-222707.jpg,1,flash,76.17,reading_est 58716; model saw 1; agree_soft,,,0
night_fill,20260816-005403_dig5,20260816-005403,5,C:\Users\josep\source\repos\AIOTED-digital-rawdigits\20260816\00\1_main_dig5_20260816-005403.jpg,1,flash,75.10,reading_est 58019; model saw 1; agree_soft,,,0
night_fill,20260829-235336_dig5,20260829-235336,5,C:\Users\josep\source\repos\AIOTED-digital-rawdigits\20260829\23\1_main_dig5_20260829-235336.jpg,1,flash,75.22,reading_est 58512; model saw 1; agree,,,0
night_fill,20260921-030526_dig5,20260921-030526,5,C:\Users\josep\source\repos\AIOTED-digital-rawdigits\20260921\03\1_main_dig5_20260921-030526.jpg,1,flash,77.87,reading_est 59216; model saw 1; agree_soft,,,0
night_fill,20260826-222942_dig5,20260826-222942,5,C:\Users\josep\source\repos\AIOTED-digital-rawdigits\20260826\22\1_main_dig5_20260826-222942.jpg,1,flash,76.22,reading_est 58411; model saw 1; agree,,,0
night_fill,20260824-040547_dig5,20260824-040547,5,C:\Users\josep\source\repos\AIOTED-digital-rawdigits\20260824\04\1_main_dig5_20260824-040547.jpg,1,flash,77.94,reading_est 58312; model saw 1; agree,,,0
night_fill,20260912-062827_dig5,20260912-062827,5,C:\Users\josep\source\repos\AIOTED-digital-rawdigits\20260912\06\1_main_dig5_20260912-062827.jpg,1,flash,77.93,reading_est 59010; model saw 1; agree,,,0
night_fill,20260830-011336_dig5,20260830-011336,5,C:\Users\josep\source\repos\AIOTED-digital-rawdigits\20260830\01\1_main_dig5_20260830-011336.jpg,1,flash,75.00,reading_est 58513; model saw 1; agree,,,0
night_fill,20260903-181907_dig5,20260903-181907,5,C:\Users\josep\source\repos\AIOTED-digital-rawdigits\20260903\18\1_main_dig5_20260903-181907.jpg,1,transition,84.26,reading_est 58710; model saw 1; agree,,,0
night_fill,20260830-065336_dig5,20260830-065336,5,C:\Users\josep\source\repos\AIOTED-digital-rawdigits\20260830\06\1_main_dig5_20260830-065336.jpg,1,transition,81.80,reading_est 58517; model saw 1; agree,,,0
night_fill,20260925-155417_dig5,20260925-155417,5,C:\Users\josep\source\repos\AIOTED-digital-rawdigits\20260925\15\1_main_dig5_20260925-155417.jpg,1,transition,92.77,reading_est 59316; model saw 1; agree,,,0
night_fill,20260906-172325_dig5,20260906-172325,5,C:\Users\josep\source\repos\AIOTED-digital-rawdigits\20260906\17\1_main_dig5_20260906-172325.jpg,1,transition,89.29,reading_est 58818; model saw 1; agree_soft,,,0
night_fill,20260824-070547_dig5,20260824-070547,5,C:\Users\josep\source\repos\AIOTED-digital-rawdigits\20260824\07\1_main_dig5_20260824-070547.jpg,1,transition,89.00,reading_est 58315; model saw 1; agree,,,0
night_fill,20260827-071741_dig5,20260827-071741,5,C:\Users\josep\source\repos\AIOTED-digital-rawdigits\20260827\07\1_main_dig5_20260827-071741.jpg,1,transition,91.98,reading_est 58418; model saw 1; agree,,,0
night_fill,20260821-095352_dig5,20260821-095352,5,C:\Users\josep\source\repos\AIOTED-digital-rawdigits\20260821\09\1_main_dig5_20260821-095352.jpg,1,transition,81.16,reading_est 58219; model saw 1; agree_soft,,,0
night_fill,20260815-181403_dig5,20260815-181403,5,C:\Users\josep\source\repos\AIOTED-digital-rawdigits\20260815\18\1_main_dig5_20260815-181403.jpg,1,transition,89.98,reading_est 58010; model saw 1; agree,,,0
night_fill,20260921-082126_dig5,20260921-082126,5,C:\Users\josep\source\repos\AIOTED-digital-rawdigits\20260921\08\1_main_dig5_20260921-082126.jpg,1,transition,95.97,reading_est 59218; model saw 1; agree_soft,,,0
night_fill,20260912-070027_dig5,20260912-070027,5,C:\Users\josep\source\repos\AIOTED-digital-rawdigits\20260912\07\1_main_dig5_20260912-070027.jpg,1,transition,81.94,reading_est 59011; model saw 1; agree,,,0
night_fill,20260903-184707_dig5,20260903-184707,5,C:\Users\josep\source\repos\AIOTED-digital-rawdigits\20260903\18\1_main_dig5_20260903-184707.jpg,1,transition,81.25,reading_est 58711; model saw 1; agree,,,0
night_fill,20260830-070936_dig5,20260830-070936,5,C:\Users\josep\source\repos\AIOTED-digital-rawdigits\20260830\07\1_main_dig5_20260830-070936.jpg,1,transition,89.16,reading_est 58517; model saw 1; agree,,,0
night_fill,20260925-165017_dig5,20260925-165017,5,C:\Users\josep\source\repos\AIOTED-digital-rawdigits\20260925\16\1_main_dig5_20260925-165017.jpg,1,transition,92.41,reading_est 59316; model saw 1; agree,,,0
night_fill,20260906-171925_dig5,20260906-171925,5,C:\Users\josep\source\repos\AIOTED-digital-rawdigits\20260906\17\1_main_dig5_20260906-171925.jpg,1,transition,94.90,reading_est 58818; model saw 1; agree_soft,,,0
night_fill,20260824-063747_dig5,20260824-063747,5,C:\Users\josep\source\repos\AIOTED-digital-rawdigits\20260824\06\1_main_dig5_20260824-063747.jpg,1,transition,81.98,reading_est 58314; model saw 1; agree,,,0
night_fill,20260827-065742_dig5,20260827-065742,5,C:\Users\josep\source\repos\AIOTED-digital-rawdigits\20260827\06\1_main_dig5_20260827-065742.jpg,1,transition,81.97,reading_est 58418; model saw 1; agree,,,0
night_fill,20260815-180603_dig5,20260815-180603,5,C:\Users\josep\source\repos\AIOTED-digital-rawdigits\20260815\18\1_main_dig5_20260815-180603.jpg,1,transition,89.96,reading_est 58010; model saw 1; agree,,,0
night_fill,20260921-072126_dig5,20260921-072126,5,C:\Users\josep\source\repos\AIOTED-digital-rawdigits\20260921\07\1_main_dig5_20260921-072126.jpg,1,transition,82.97,reading_est 59218; model saw 1; agree_soft,,,0
night_fill,20260912-122827_dig5,20260912-122827,5,C:\Users\josep\source\repos\AIOTED-digital-rawdigits\20260912\12\1_main_dig5_20260912-122827.jpg,1,transition,87.97,reading_est 59018; model saw 1; agree_soft,,,0
night_fill,20260903-182707_dig5,20260903-182707,5,C:\Users\josep\source\repos\AIOTED-digital-rawdigits\20260903\18\1_main_dig5_20260903-182707.jpg,1,transition,83.20,reading_est 58710; model saw 1; agree,,,0
night_fill,20260830-070136_dig5,20260830-070136,5,C:\Users\josep\source\repos\AIOTED-digital-rawdigits\20260830\07\1_main_dig5_20260830-070136.jpg,1,transition,83.98,reading_est 58517; model saw 1; agree,,,0
night_fill,20260925-171017_dig5,20260925-171017,5,C:\Users\josep\source\repos\AIOTED-digital-rawdigits\20260925\17\1_main_dig5_20260925-171017.jpg,1,transition,91.24,reading_est 59316; model saw 1; agree,,,0
night_fill,20260906-171125_dig5,20260906-171125,5,C:\Users\josep\source\repos\AIOTED-digital-rawdigits\20260906\17\1_main_dig5_20260906-171125.jpg,1,transition,94.97,reading_est 58818; model saw 1; agree_soft,,,0
night_fill,20260824-065747_dig5,20260824-065747,5,C:\Users\josep\source\repos\AIOTED-digital-rawdigits\20260824\06\1_main_dig5_20260824-065747.jpg,1,transition,85.97,reading_est 58314; model saw 1; agree,,,0
night_fill,20260827-070941_dig5,20260827-070941,5,C:\Users\josep\source\repos\AIOTED-digital-rawdigits\20260827\07\1_main_dig5_20260827-070941.jpg,1,transition,86.97,reading_est 58418; model saw 1; agree,,,0
night_fill,20260815-182603_dig5,20260815-182603,5,C:\Users\josep\source\repos\AIOTED-digital-rawdigits\20260815\18\1_main_dig5_20260815-182603.jpg,1,transition,83.97,reading_est 58010; model saw 1; agree,,,0
night_fill,20260921-073326_dig5,20260921-073326,5,C:\Users\josep\source\repos\AIOTED-digital-rawdigits\20260921\07\1_main_dig5_20260921-073326.jpg,1,transition,84.24,reading_est 59218; model saw 1; agree_soft,,,0
night_fill,20260912-120827_dig5,20260912-120827,5,C:\Users\josep\source\repos\AIOTED-digital-rawdigits\20260912\12\1_main_dig5_20260912-120827.jpg,1,transition,88.06,reading_est 59017; model saw 1; agree,,,0
night_fill,20260903-183907_dig5,20260903-183907,5,C:\Users\josep\source\repos\AIOTED-digital-rawdigits\20260903\18\1_main_dig5_20260903-183907.jpg,1,transition,82.12,reading_est 58711; model saw 1; agree,,,0
night_fill,20260925-181017_dig5,20260925-181017,5,C:\Users\josep\source\repos\AIOTED-digital-rawdigits\20260925\18\1_main_dig5_20260925-181017.jpg,1,transition,83.20,reading_est 59317; model saw 1; agree,,,0
night_fill,20260824-064547_dig5,20260824-064547,5,C:\Users\josep\source\repos\AIOTED-digital-rawdigits\20260824\06\1_main_dig5_20260824-064547.jpg,1,transition,83.03,reading_est 58314; model saw 1; agree,,,0
night_fill,20260827-064942_dig5,20260827-064942,5,C:\Users\josep\source\repos\AIOTED-digital-rawdigits\20260827\06\1_main_dig5_20260827-064942.jpg,1,transition,81.12,reading_est 58417; model saw 1; agree,,,0
night_fill,20260815-181803_dig5,20260815-181803,5,C:\Users\josep\source\repos\AIOTED-digital-rawdigits\20260815\18\1_main_dig5_20260815-181803.jpg,1,transition,88.97,reading_est 58010; model saw 1; agree,,,0
night_fill,20260921-080126_dig5,20260921-080126,5,C:\Users\josep\source\repos\AIOTED-digital-rawdigits\20260921\08\1_main_dig5_20260921-080126.jpg,1,transition,86.19,reading_est 59218; model saw 1; agree_soft,,,0
night_fill,20260912-074827_dig5,20260912-074827,5,C:\Users\josep\source\repos\AIOTED-digital-rawdigits\20260912\07\1_main_dig5_20260912-074827.jpg,1,transition,90.69,reading_est 59012; model saw 1; agree,,,0
night_fill,20260925-162217_dig5,20260925-162217,5,C:\Users\josep\source\repos\AIOTED-digital-rawdigits\20260925\16\1_main_dig5_20260925-162217.jpg,1,transition,89.24,reading_est 59316; model saw 1; agree,,,0
night_fill,20260921-074126_dig5,20260921-074126,5,C:\Users\josep\source\repos\AIOTED-digital-rawdigits\20260921\07\1_main_dig5_20260921-074126.jpg,1,transition,85.19,reading_est 59218; model saw 1; agree_soft,,,0
night_fill,20260912-071627_dig5,20260912-071627,5,C:\Users\josep\source\repos\AIOTED-digital-rawdigits\20260912\07\1_main_dig5_20260912-071627.jpg,1,transition,81.12,reading_est 59011; model saw 1; agree,,,0
night_fill,20260925-173017_dig5,20260925-173017,5,C:\Users\josep\source\repos\AIOTED-digital-rawdigits\20260925\17\1_main_dig5_20260925-173017.jpg,1,transition,86.19,reading_est 59316; model saw 1; agree,,,0
night_fill,20260921-071326_dig5,20260921-071326,5,C:\Users\josep\source\repos\AIOTED-digital-rawdigits\20260921\07\1_main_dig5_20260921-071326.jpg,1,transition,81.97,reading_est 59218; model saw 1; agree_soft,,,0
night_fill,20260912-072827_dig5,20260912-072827,5,C:\Users\josep\source\repos\AIOTED-digital-rawdigits\20260912\07\1_main_dig5_20260912-072827.jpg,1,transition,82.97,reading_est 59011; model saw 1; agree,,,0
night_fill,20260925-182217_dig5,20260925-182217,5,C:\Users\josep\source\repos\AIOTED-digital-rawdigits\20260925\18\1_main_dig5_20260925-182217.jpg,1,transition,82.25,reading_est 59317; model saw 1; agree,,,0
night_fill,20260921-075326_dig5,20260921-075326,5,C:\Users\josep\source\repos\AIOTED-digital-rawdigits\20260921\07\1_main_dig5_20260921-075326.jpg,1,transition,87.97,reading_est 59218; model saw 1; agree_soft,,,0
night_fill,20260912-125627_dig5,20260912-125627,5,C:\Users\josep\source\repos\AIOTED-digital-rawdigits\20260912\12\1_main_dig5_20260912-125627.jpg,1,transition,95.99,reading_est 59018; model saw 1; agree_soft,,,0
night_fill,20260925-171417_dig5,20260925-171417,5,C:\Users\josep\source\repos\AIOTED-digital-rawdigits\20260925\17\1_main_dig5_20260925-171417.jpg,1,transition,92.02,reading_est 59316; model saw 1; agree,,,0
night_fill,20260921-081326_dig5,20260921-081326,5,C:\Users\josep\source\repos\AIOTED-digital-rawdigits\20260921\08\1_main_dig5_20260921-081326.jpg,1,transition,94.29,reading_est 59218; model saw 1; agree_soft,,,0
night_fill,20260906-175125_dig6,20260906-175125,6,C:\Users\josep\source\repos\AIOTED-digital-rawdigits\20260906\17\0_main_dig6_20260906-175125.jpg,0,transition,84.26,reading_est 58820; model saw 0; agree_soft,,,0
night_fill,20260822-183350_dig6,20260822-183350,6,C:\Users\josep\source\repos\AIOTED-digital-rawdigits\20260822\18\0_main_dig6_20260822-183350.jpg,0,transition,89.98,reading_est 58270; model saw 0; agree_soft,,,0
night_fill,20260815-181403_dig6,20260815-181403,6,C:\Users\josep\source\repos\AIOTED-digital-rawdigits\20260815\18\0_main_dig6_20260815-181403.jpg,0,transition,89.98,reading_est 58010; model saw 0; agree,,,0
night_fill,20260817-071800_dig6,20260817-071800,6,C:\Users\josep\source\repos\AIOTED-digital-rawdigits\20260817\07\0_main_dig6_20260817-071800.jpg,0,transition,94.03,reading_est 58060; model saw 0; agree,,,0
night_fill,20260824-172546_dig6,20260824-172546,6,C:\Users\josep\source\repos\AIOTED-digital-rawdigits\20260824\17\0_main_dig6_20260824-172546.jpg,0,transition,94.13,reading_est 58330; model saw 0; agree,,,0
night_fill,20260912-133627_dig6,20260912-133627,6,C:\Users\josep\source\repos\AIOTED-digital-rawdigits\20260912\13\0_main_dig6_20260912-133627.jpg,0,transition,92.94,reading_est 59020; model saw 0; agree_soft,,,0
night_fill,20260913-163739_dig6,20260913-163739,6,C:\Users\josep\source\repos\AIOTED-digital-rawdigits\20260913\16\0_main_dig6_20260913-163739.jpg,0,transition,94.84,reading_est 59050; model saw 0; agree_soft,,,0
night_fill,20260904-175459_dig6,20260904-175459,6,C:\Users\josep\source\repos\AIOTED-digital-rawdigits\20260904\17\0_main_dig6_20260904-175459.jpg,0,transition,88.69,reading_est 58750; model saw 0; agree_soft,,,0
night_fill,20260903-182707_dig6,20260903-182707,6,C:\Users\josep\source\repos\AIOTED-digital-rawdigits\20260903\18\0_main_dig6_20260903-182707.jpg,0,transition,83.20,reading_est 58710; model saw 0; agree_soft,,,0
night_fill,20260902-174309_dig6,20260902-174309,6,C:\Users\josep\source\repos\AIOTED-digital-rawdigits\20260902\17\0_main_dig6_20260902-174309.jpg,0,transition,84.26,reading_est 58670; model saw 0; agree_soft,,,0
night_fill,20260829-123737_dig6,20260829-123737,6,C:\Users\josep\source\repos\AIOTED-digital-rawdigits\20260829\12\0_main_dig6_20260829-123737.jpg,0,transition,95.98,reading_est 58500; model saw 0; agree,,,0
night_fill,20260820-173754_dig6,20260820-173754,6,C:\Users\josep\source\repos\AIOTED-digital-rawdigits\20260820\17\0_main_dig6_20260820-173754.jpg,0,transition,89.69,reading_est 58200; model saw 0; agree,,,0
night_fill,20260831-164533_dig6,20260831-164533,6,C:\Users\josep\source\repos\AIOTED-digital-rawdigits\20260831\16\0_main_dig6_20260831-164533.jpg,0,transition,87.25,reading_est 58580; model saw 0; agree,,,0
night_fill,20260828-182939_dig6,20260828-182939,6,C:\Users\josep\source\repos\AIOTED-digital-rawdigits\20260828\18\0_main_dig6_20260828-182939.jpg,0,transition,81.93,reading_est 58480; model saw 0; agree_soft,,,0
night_fill,20260908-072322_dig6,20260908-072322,6,C:\Users\josep\source\repos\AIOTED-digital-rawdigits\20260908\07\0_main_dig6_20260908-072322.jpg,0,transition,81.94,reading_est 58870; model saw 0; agree_soft,,,0
night_fill,20260910-170801_dig6,20260910-170801,6,C:\Users\josep\source\repos\AIOTED-digital-rawdigits\20260910\17\0_main_dig6_20260910-170801.jpg,0,transition,88.77,reading_est 58960; model saw 0; agree_soft,,,0
night_fill,20260821-101352_dig6,20260821-101352,6,C:\Users\josep\source\repos\AIOTED-digital-rawdigits\20260821\10\0_main_dig6_20260821-101352.jpg,0,transition,81.25,reading_est 58220; model saw 0; agree,,,0
night_fill,20260830-174935_dig6,20260830-174935,6,C:\Users\josep\source\repos\AIOTED-digital-rawdigits\20260830\17\0_main_dig6_20260830-174935.jpg,0,transition,90.69,reading_est 58540; model saw 0; agree,,,0
night_fill,20260823-173748_dig6,20260823-173748,6,C:\Users\josep\source\repos\AIOTED-digital-rawdigits\20260823\17\0_main_dig6_20260823-173748.jpg,0,transition,87.90,reading_est 58300; model saw 0; agree,,,0
night_fill,20260905-074258_dig6,20260905-074258,6,C:\Users\josep\source\repos\AIOTED-digital-rawdigits\20260905\07\0_main_dig6_20260905-074258.jpg,0,transition,81.25,reading_est 58770; model saw 0; agree_soft,,,0
night_fill,20260827-174541_dig6,20260827-174541,6,C:\Users\josep\source\repos\AIOTED-digital-rawdigits\20260827\17\0_main_dig6_20260827-174541.jpg,0,transition,85.69,reading_est 58440; model saw 0; agree_soft,,,0
night_fill,20260906-174325_dig6,20260906-174325,6,C:\Users\josep\source\repos\AIOTED-digital-rawdigits\20260906\17\0_main_dig6_20260906-174325.jpg,0,transition,85.03,reading_est 58820; model saw 0; agree_soft,,,0
night_fill,20260822-182550_dig6,20260822-182550,6,C:\Users\josep\source\repos\AIOTED-digital-rawdigits\20260822\18\0_main_dig6_20260822-182550.jpg,0,transition,89.06,reading_est 58270; model saw 0; agree,,,0
night_fill,20260815-181803_dig6,20260815-181803,6,C:\Users\josep\source\repos\AIOTED-digital-rawdigits\20260815\18\0_main_dig6_20260815-181803.jpg,0,transition,88.97,reading_est 58010; model saw 0; agree,,,0
night_fill,20260817-064600_dig6,20260817-064600,6,C:\Users\josep\source\repos\AIOTED-digital-rawdigits\20260817\06\0_main_dig6_20260817-064600.jpg,0,transition,83.94,reading_est 58060; model saw 0; agree,,,0
night_fill,20260824-173346_dig6,20260824-173346,6,C:\Users\josep\source\repos\AIOTED-digital-rawdigits\20260824\17\0_main_dig6_20260824-173346.jpg,0,transition,91.00,reading_est 58330; model saw 0; agree_soft,,,0
night_fill,20260913-161739_dig6,20260913-161739,6,C:\Users\josep\source\repos\AIOTED-digital-rawdigits\20260913\16\0_main_dig6_20260913-161739.jpg,0,transition,95.98,reading_est 59050; model saw 0; agree_soft,,,0
night_fill,20260904-172659_dig6,20260904-172659,6,C:\Users\josep\source\repos\AIOTED-digital-rawdigits\20260904\17\0_main_dig6_20260904-172659.jpg,0,transition,95.97,reading_est 58750; model saw 0; agree,,,0
night_fill,20260903-181907_dig6,20260903-181907,6,C:\Users\josep\source\repos\AIOTED-digital-rawdigits\20260903\18\0_main_dig6_20260903-181907.jpg,0,transition,84.26,reading_est 58710; model saw 0; agree,,,0
night_fill,20260902-073510_dig6,20260902-073510,6,C:\Users\josep\source\repos\AIOTED-digital-rawdigits\20260902\07\0_main_dig6_20260902-073510.jpg,0,transition,81.25,reading_est 58650; model saw 0; agree,,,0
night_fill,20260820-174554_dig6,20260820-174554,6,C:\Users\josep\source\repos\AIOTED-digital-rawdigits\20260820\17\0_main_dig6_20260820-174554.jpg,0,transition,88.90,reading_est 58200; model saw 0; agree_soft,,,0
night_fill,20260828-182139_dig6,20260828-182139,6,C:\Users\josep\source\repos\AIOTED-digital-rawdigits\20260828\18\0_main_dig6_20260828-182139.jpg,0,transition,81.17,reading_est 58480; model saw 0; agree,,,0
night_fill,20260910-172001_dig6,20260910-172001,6,C:\Users\josep\source\repos\AIOTED-digital-rawdigits\20260910\17\0_main_dig6_20260910-172001.jpg,0,transition,90.03,reading_est 58960; model saw 0; agree_soft,,,0
night_fill,20260821-103352_dig6,20260821-103352,6,C:\Users\josep\source\repos\AIOTED-digital-rawdigits\20260821\10\0_main_dig6_20260821-103352.jpg,0,transition,85.12,reading_est 58220; model saw 0; agree,,,0
night_fill,20260830-175735_dig6,20260830-175735,6,C:\Users\josep\source\repos\AIOTED-digital-rawdigits\20260830\17\0_main_dig6_20260830-175735.jpg,0,transition,87.97,reading_est 58540; model saw 0; agree_soft,,,0
night_fill,20260823-172948_dig6,20260823-172948,6,C:\Users\josep\source\repos\AIOTED-digital-rawdigits\20260823\17\0_main_dig6_20260823-172948.jpg,0,transition,93.15,reading_est 58300; model saw 0; agree,,,0
night_fill,20260905-073058_dig6,20260905-073058,6,C:\Users\josep\source\repos\AIOTED-digital-rawdigits\20260905\07\0_main_dig6_20260905-073058.jpg,0,transition,81.19,reading_est 58770; model saw 0; agree,,,0
night_fill,20260827-173741_dig6,20260827-173741,6,C:\Users\josep\source\repos\AIOTED-digital-rawdigits\20260827\17\0_main_dig6_20260827-173741.jpg,0,transition,86.97,reading_est 58440; model saw 0; agree,,,0
night_fill,20260906-173125_dig6,20260906-173125,6,C:\Users\josep\source\repos\AIOTED-digital-rawdigits\20260906\17\0_main_dig6_20260906-173125.jpg,0,transition,91.97,reading_est 58820; model saw 0; agree_soft,,,0
night_fill,20260826-062943_dig6,20260826-062943,6,C:\Users\josep\source\repos\AIOTED-digital-rawdigits\20260826\06\9_main_dig6_20260826-062943.jpg,9,transition,81.12,"dash screen (dig5/6 believed 0 9, unverified); model saw 9",,,1
night_fill,20260826-152142_dig6,20260826-152142,6,C:\Users\josep\source\repos\AIOTED-digital-rawdigits\20260826\15\9_main_dig6_20260826-152142.jpg,9,transition,94.22,reading_est 58399; model saw 9; agree,,,0
night_fill,20260920-183727_dig6,20260920-183727,6,C:\Users\josep\source\repos\AIOTED-digital-rawdigits\20260920\18\9_main_dig6_20260920-183727.jpg,9,transition,81.16,reading_est 59209; model saw 9; agree_soft,,,0
night_fill,20260828-174139_dig6,20260828-174139,6,C:\Users\josep\source\repos\AIOTED-digital-rawdigits\20260828\17\9_main_dig6_20260828-174139.jpg,9,transition,85.98,reading_est 58479; model saw 9; agree,,,0
night_fill,20260819-065356_dig6,20260819-065356,6,C:\Users\josep\source\repos\AIOTED-digital-rawdigits\20260819\06\9_main_dig6_20260819-065356.jpg,9,transition,84.14,reading_est 58139; model saw 9; agree,,,0
night_fill,20260903-175907_dig6,20260903-175907,6,C:\Users\josep\source\repos\AIOTED-digital-rawdigits\20260903\17\9_main_dig6_20260903-175907.jpg,9,transition,91.84,reading_est 58709; model saw 9; agree,,,0
night_fill,20260823-172148_dig6,20260823-172148,6,C:\Users\josep\source\repos\AIOTED-digital-rawdigits\20260823\17\9_main_dig6_20260823-172148.jpg,9,transition,95.03,reading_est 58299; model saw 9; agree_soft,,,0
night_fill,20260902-064710_dig5,20260902-064710,5,C:\Users\josep\source\repos\AIOTED-digital-rawdigits\20260902\06\4_main_dig5_20260902-064710.jpg,4,flash,78.97,reading_est 58647; model saw 4; agree,,,0
night_fill,20260922-051724_dig5,20260922-051724,5,C:\Users\josep\source\repos\AIOTED-digital-rawdigits\20260922\05\4_main_dig5_20260922-051724.jpg,4,flash,77.87,reading_est 59240; model saw 4; agree_soft,,,0
night_fill,20260913-062857_dig5,20260913-062857,5,C:\Users\josep\source\repos\AIOTED-digital-rawdigits\20260913\06\4_main_dig5_20260913-062857.jpg,4,flash,78.09,reading_est 59041; model saw 4; agree,,,0
night_fill,20260927-014214_dig5,20260927-014214,5,C:\Users\josep\source\repos\AIOTED-digital-rawdigits\20260927\01\4_main_dig5_20260927-014214.jpg,4,flash,77.91,reading_est 59346; model saw 4; agree,,,0
night_fill,20260910-063118_dig5,20260910-063118,5,C:\Users\josep\source\repos\AIOTED-digital-rawdigits\20260910\06\4_main_dig5_20260910-063118.jpg,4,flash,78.18,reading_est 58942; model saw 4; agree,,,0
night_fill,20260917-213332_dig5,20260917-213332,5,C:\Users\josep\source\repos\AIOTED-digital-rawdigits\20260917\21\4_main_dig5_20260917-213332.jpg,4,flash,78.12,reading_est 59146; model saw 4; agree_soft,,,0
night_fill,20260816-191001_dig5,20260816-191001,5,C:\Users\josep\source\repos\AIOTED-digital-rawdigits\20260816\19\4_main_dig5_20260816-191001.jpg,4,flash,80.93,reading_est 58049; model saw 4; agree_soft,,,0
night_fill,20260821-230951_dig5,20260821-230951,5,C:\Users\josep\source\repos\AIOTED-digital-rawdigits\20260821\23\4_main_dig5_20260821-230951.jpg,4,flash,76.62,reading_est 58241; model saw 4; agree,,,0
night_fill,20260830-184935_dig5,20260830-184935,5,C:\Users\josep\source\repos\AIOTED-digital-rawdigits\20260830\18\4_main_dig5_20260830-184935.jpg,4,flash,79.25,reading_est 58542; model saw 4; agree,,,0
night_fill,20260831-000535_dig5,20260831-000535,5,C:\Users\josep\source\repos\AIOTED-digital-rawdigits\20260831\00\4_main_dig5_20260831-000535.jpg,4,flash,75.29,reading_est 58546; model saw 4; agree,,,0
night_fill,20260822-045751_dig5,20260822-045751,5,C:\Users\josep\source\repos\AIOTED-digital-rawdigits\20260822\04\4_main_dig5_20260822-045751.jpg,4,flash,77.36,reading_est 58245; model saw 4; agree,,,0
night_fill,20260926-234614_dig5,20260926-234614,5,C:\Users\josep\source\repos\AIOTED-digital-rawdigits\20260926\23\4_main_dig5_20260926-234614.jpg,4,flash,78.10,reading_est 59344; model saw 4; agree,,,0
night_fill,20260827-211740_dig5,20260827-211740,5,C:\Users\josep\source\repos\AIOTED-digital-rawdigits\20260827\21\4_main_dig5_20260827-211740.jpg,4,flash,76.17,reading_est 58449; model saw 4; agree_soft,,,0
night_fill,20260902-011731_dig5,20260902-011731,5,C:\Users\josep\source\repos\AIOTED-digital-rawdigits\20260902\01\4_main_dig5_20260902-011731.jpg,4,flash,74.23,reading_est 58646; model saw 4; agree,,,0
night_fill,20260922-053724_dig5,20260922-053724,5,C:\Users\josep\source\repos\AIOTED-digital-rawdigits\20260922\05\4_main_dig5_20260922-053724.jpg,4,flash,77.87,reading_est 59240; model saw 4; agree_soft,,,0
night_fill,20260913-054857_dig5,20260913-054857,5,C:\Users\josep\source\repos\AIOTED-digital-rawdigits\20260913\05\4_main_dig5_20260913-054857.jpg,4,flash,78.00,reading_est 59040; model saw 4; agree,,,0
night_fill,20260927-020214_dig5,20260927-020214,5,C:\Users\josep\source\repos\AIOTED-digital-rawdigits\20260927\02\4_main_dig5_20260927-020214.jpg,4,flash,78.10,reading_est 59346; model saw 4; agree,,,0
night_fill,20260910-055118_dig5,20260910-055118,5,C:\Users\josep\source\repos\AIOTED-digital-rawdigits\20260910\05\4_main_dig5_20260910-055118.jpg,4,flash,77.81,reading_est 58941; model saw 4; agree,,,0
night_fill,20260917-205332_dig5,20260917-205332,5,C:\Users\josep\source\repos\AIOTED-digital-rawdigits\20260917\20\4_main_dig5_20260917-205332.jpg,4,flash,78.81,reading_est 59146; model saw 4; agree_soft,,,0
night_fill,20260821-233751_dig5,20260821-233751,5,C:\Users\josep\source\repos\AIOTED-digital-rawdigits\20260821\23\4_main_dig5_20260821-233751.jpg,4,flash,76.16,reading_est 58241; model saw 4; agree,,,0
night_fill,20260830-224935_dig5,20260830-224935,5,C:\Users\josep\source\repos\AIOTED-digital-rawdigits\20260830\22\4_main_dig5_20260830-224935.jpg,4,flash,75.19,reading_est 58546; model saw 4; agree,,,0
night_fill,20260831-003735_dig5,20260831-003735,5,C:\Users\josep\source\repos\AIOTED-digital-rawdigits\20260831\00\4_main_dig5_20260831-003735.jpg,4,flash,75.16,reading_est 58549; model saw 4; agree,,,0
night_fill,20260822-034951_dig5,20260822-034951,5,C:\Users\josep\source\repos\AIOTED-digital-rawdigits\20260822\03\4_main_dig5_20260822-034951.jpg,4,flash,76.85,reading_est 58244; model saw 4; agree,,,0
night_fill,20260926-222614_dig5,20260926-222614,5,C:\Users\josep\source\repos\AIOTED-digital-rawdigits\20260926\22\4_main_dig5_20260926-222614.jpg,4,flash,78.13,reading_est 59340; model saw 4; agree,,,0
night_fill,20260827-205340_dig5,20260827-205340,5,C:\Users\josep\source\repos\AIOTED-digital-rawdigits\20260827\20\4_main_dig5_20260827-205340.jpg,4,flash,75.10,reading_est 58449; model saw 4; agree_soft,,,0
night_fill,20260902-002531_dig5,20260902-002531,5,C:\Users\josep\source\repos\AIOTED-digital-rawdigits\20260902\00\4_main_dig5_20260902-002531.jpg,4,flash,73.15,reading_est 58644; model saw 4; agree,,,0
night_fill,20260922-060924_dig5,20260922-060924,5,C:\Users\josep\source\repos\AIOTED-digital-rawdigits\20260922\06\4_main_dig5_20260922-060924.jpg,4,flash,77.87,reading_est 59240; model saw 4; agree_soft,,,0
night_fill,20260913-060857_dig5,20260913-060857,5,C:\Users\josep\source\repos\AIOTED-digital-rawdigits\20260913\06\4_main_dig5_20260913-060857.jpg,4,flash,77.87,reading_est 59041; model saw 4; agree,,,0
night_fill,20260927-044214_dig5,20260927-044214,5,C:\Users\josep\source\repos\AIOTED-digital-rawdigits\20260927\04\4_main_dig5_20260927-044214.jpg,4,flash,78.07,reading_est 59346; model saw 4; agree,,,0
night_fill,20260922-072524_dig5,20260922-072524,5,C:\Users\josep\source\repos\AIOTED-digital-rawdigits\20260922\07\4_main_dig5_20260922-072524.jpg,4,transition,86.13,reading_est 59241; model saw 4; agree_soft,,,0
night_fill,20260910-065918_dig5,20260910-065918,5,C:\Users\josep\source\repos\AIOTED-digital-rawdigits\20260910\06\4_main_dig5_20260910-065918.jpg,4,transition,81.90,reading_est 58942; model saw 4; agree,,,0
night_fill,20260822-073751_dig5,20260822-073751,5,C:\Users\josep\source\repos\AIOTED-digital-rawdigits\20260822\07\4_main_dig5_20260822-073751.jpg,4,transition,94.93,reading_est 58247; model saw 4; agree,,,0
night_fill,20260827-173741_dig5,20260827-173741,5,C:\Users\josep\source\repos\AIOTED-digital-rawdigits\20260827\17\4_main_dig5_20260827-173741.jpg,4,transition,86.97,reading_est 58440; model saw 4; agree,,,0
night_fill,20260816-182201_dig5,20260816-182201,5,C:\Users\josep\source\repos\AIOTED-digital-rawdigits\20260816\18\4_main_dig5_20260816-182201.jpg,4,transition,85.97,reading_est 58047; model saw 4; agree,,,0
night_fill,20260917-172532_dig5,20260917-172532,5,C:\Users\josep\source\repos\AIOTED-digital-rawdigits\20260917\17\4_main_dig5_20260917-172532.jpg,4,transition,82.86,reading_est 59146; model saw 4; agree_soft,,,0
night_fill,20260913-070057_dig5,20260913-070057,5,C:\Users\josep\source\repos\AIOTED-digital-rawdigits\20260913\07\4_main_dig5_20260913-070057.jpg,4,transition,81.25,reading_est 59041; model saw 4; agree,,,0
night_fill,20260902-071510_dig5,20260902-071510,5,C:\Users\josep\source\repos\AIOTED-digital-rawdigits\20260902\07\4_main_dig5_20260902-071510.jpg,4,transition,82.06,reading_est 58649; model saw 4; agree_soft,,,0
night_fill,20260927-074214_dig5,20260927-074214,5,C:\Users\josep\source\repos\AIOTED-digital-rawdigits\20260927\07\4_main_dig5_20260927-074214.jpg,4,transition,87.25,reading_est 59346; model saw 4; agree,,,0
night_fill,20260830-181735_dig5,20260830-181735,5,C:\Users\josep\source\repos\AIOTED-digital-rawdigits\20260830\18\4_main_dig5_20260830-181735.jpg,4,transition,94.12,reading_est 58541; model saw 4; agree,,,0
night_fill,20260922-070524_dig5,20260922-070524,5,C:\Users\josep\source\repos\AIOTED-digital-rawdigits\20260922\07\4_main_dig5_20260922-070524.jpg,4,transition,81.81,reading_est 59241; model saw 4; agree_soft,,,0
night_fill,20260910-065118_dig5,20260910-065118,5,C:\Users\josep\source\repos\AIOTED-digital-rawdigits\20260910\06\4_main_dig5_20260910-065118.jpg,4,transition,81.12,reading_est 58942; model saw 4; agree,,,0
night_fill,20260822-064951_dig5,20260822-064951,5,C:\Users\josep\source\repos\AIOTED-digital-rawdigits\20260822\06\4_main_dig5_20260822-064951.jpg,4,transition,82.08,reading_est 58246; model saw 4; agree,,,0
night_fill,20260827-183741_dig5,20260827-183741,5,C:\Users\josep\source\repos\AIOTED-digital-rawdigits\20260827\18\4_main_dig5_20260827-183741.jpg,4,transition,82.97,reading_est 58443; model saw 4; agree,,,0
night_fill,20260816-170201_dig5,20260816-170201,5,C:\Users\josep\source\repos\AIOTED-digital-rawdigits\20260816\17\4_main_dig5_20260816-170201.jpg,4,transition,92.03,reading_est 58043; model saw 4; agree,,,0
night_fill,20260917-180532_dig5,20260917-180532,5,C:\Users\josep\source\repos\AIOTED-digital-rawdigits\20260917\18\4_main_dig5_20260917-180532.jpg,4,transition,81.25,reading_est 59146; model saw 4; agree_soft,,,0
night_fill,20260913-072857_dig5,20260913-072857,5,C:\Users\josep\source\repos\AIOTED-digital-rawdigits\20260913\07\4_main_dig5_20260913-072857.jpg,4,transition,86.29,reading_est 59042; model saw 4; agree,,,0
night_fill,20260927-072214_dig5,20260927-072214,5,C:\Users\josep\source\repos\AIOTED-digital-rawdigits\20260927\07\4_main_dig5_20260927-072214.jpg,4,transition,84.12,reading_est 59346; model saw 4; agree,,,0
night_fill,20260830-174935_dig5,20260830-174935,5,C:\Users\josep\source\repos\AIOTED-digital-rawdigits\20260830\17\4_main_dig5_20260830-174935.jpg,4,transition,90.69,reading_est 58540; model saw 4; agree,,,0
night_fill,20260922-071724_dig5,20260922-071724,5,C:\Users\josep\source\repos\AIOTED-digital-rawdigits\20260922\07\4_main_dig5_20260922-071724.jpg,4,transition,83.24,reading_est 59241; model saw 4; agree_soft,,,0
night_fill,20260910-073918_dig5,20260910-073918,5,C:\Users\josep\source\repos\AIOTED-digital-rawdigits\20260910\07\4_main_dig5_20260910-073918.jpg,4,transition,94.98,reading_est 58944; model saw 4; agree,,,0
night_fill,20260822-070951_dig5,20260822-070951,5,C:\Users\josep\source\repos\AIOTED-digital-rawdigits\20260822\07\4_main_dig5_20260822-070951.jpg,4,transition,92.19,reading_est 58247; model saw 4; agree,,,0
night_fill,20260827-175741_dig5,20260827-175741,5,C:\Users\josep\source\repos\AIOTED-digital-rawdigits\20260827\17\4_main_dig5_20260827-175741.jpg,4,transition,87.25,reading_est 58441; model saw 4; agree,,,0
night_fill,20260816-180201_dig5,20260816-180201,5,C:\Users\josep\source\repos\AIOTED-digital-rawdigits\20260816\18\4_main_dig5_20260816-180201.jpg,4,transition,93.69,reading_est 58046; model saw 4; agree,,,0
night_fill,20260917-160532_dig5,20260917-160532,5,C:\Users\josep\source\repos\AIOTED-digital-rawdigits\20260917\16\4_main_dig5_20260917-160532.jpg,4,transition,92.90,reading_est 59143; model saw 4; agree,,,0
night_fill,20260913-070857_dig5,20260913-070857,5,C:\Users\josep\source\repos\AIOTED-digital-rawdigits\20260913\07\4_main_dig5_20260913-070857.jpg,4,transition,82.69,reading_est 59041; model saw 4; agree,,,0
night_fill,20260927-073414_dig5,20260927-073414,5,C:\Users\josep\source\repos\AIOTED-digital-rawdigits\20260927\07\4_main_dig5_20260927-073414.jpg,4,transition,89.77,reading_est 59346; model saw 4; agree,,,0
night_fill,20260830-175735_dig5,20260830-175735,5,C:\Users\josep\source\repos\AIOTED-digital-rawdigits\20260830\17\4_main_dig5_20260830-175735.jpg,4,transition,87.97,reading_est 58540; model saw 4; agree,,,0
night_fill,20260910-071118_dig5,20260910-071118,5,C:\Users\josep\source\repos\AIOTED-digital-rawdigits\20260910\07\4_main_dig5_20260910-071118.jpg,4,transition,83.90,reading_est 58943; model saw 4; agree,,,0
night_fill,20260822-063751_dig5,20260822-063751,5,C:\Users\josep\source\repos\AIOTED-digital-rawdigits\20260822\06\4_main_dig5_20260822-063751.jpg,4,transition,81.81,reading_est 58246; model saw 4; agree,,,0
night_fill,20260827-184541_dig5,20260827-184541,5,C:\Users\josep\source\repos\AIOTED-digital-rawdigits\20260827\18\4_main_dig5_20260827-184541.jpg,4,transition,81.25,reading_est 58443; model saw 4; agree,,,0
night_fill,20260816-165001_dig5,20260816-165001,5,C:\Users\josep\source\repos\AIOTED-digital-rawdigits\20260816\16\4_main_dig5_20260816-165001.jpg,4,transition,92.98,reading_est 58043; model saw 4; agree,,,0
night_fill,20260917-170532_dig5,20260917-170532,5,C:\Users\josep\source\repos\AIOTED-digital-rawdigits\20260917\17\4_main_dig5_20260917-170532.jpg,4,transition,83.12,reading_est 59144; model saw 4; agree_soft,,,0
night_fill,20260913-064857_dig5,20260913-064857,5,C:\Users\josep\source\repos\AIOTED-digital-rawdigits\20260913\06\4_main_dig5_20260913-064857.jpg,4,transition,81.12,reading_est 59041; model saw 4; agree,,,0
night_fill,20260927-070214_dig5,20260927-070214,5,C:\Users\josep\source\repos\AIOTED-digital-rawdigits\20260927\07\4_main_dig5_20260927-070214.jpg,4,transition,81.97,reading_est 59346; model saw 4; agree,,,0
night_fill,20260830-180935_dig5,20260830-180935,5,C:\Users\josep\source\repos\AIOTED-digital-rawdigits\20260830\18\4_main_dig5_20260830-180935.jpg,4,transition,95.90,reading_est 58541; model saw 4; agree,,,0
night_fill,20260910-073118_dig5,20260910-073118,5,C:\Users\josep\source\repos\AIOTED-digital-rawdigits\20260910\07\4_main_dig5_20260910-073118.jpg,4,transition,93.74,reading_est 58943; model saw 4; agree,,,0
night_fill,20260822-065751_dig5,20260822-065751,5,C:\Users\josep\source\repos\AIOTED-digital-rawdigits\20260822\06\4_main_dig5_20260822-065751.jpg,4,transition,84.00,reading_est 58247; model saw 4; agree,,,0
night_fill,20260928-031041_dig5,20260928-031041,5,C:\Users\josep\source\repos\AIOTED-digital-rawdigits\20260928\03\0_main_dig5_20260928-031041.jpg,0,flash,80.26,"dash screen (dig5/6 believed 0 9, unverified); model saw 0",,,1
night_fill,20260919-012130_dig5,20260919-012130,5,C:\Users\josep\source\repos\AIOTED-digital-rawdigits\20260919\01\0_main_dig5_20260919-012130.jpg,0,flash,78.85,"dash screen (dig5/6 believed 0 9, unverified); model saw 0",,,1
night_fill,20260926-231014_dig5,20260926-231014,5,C:\Users\josep\source\repos\AIOTED-digital-rawdigits\20260926\23\0_main_dig5_20260926-231014.jpg,0,flash,79.17,"dash screen (dig5/6 believed 0 9, unverified); model saw 0",,,1
night_fill,20260910-222400_dig5,20260910-222400,5,C:\Users\josep\source\repos\AIOTED-digital-rawdigits\20260910\22\0_main_dig5_20260910-222400.jpg,0,flash,79.17,"dash screen (dig5/6 believed 0 9, unverified); model saw 0",,,1
night_fill,20260911-203628_dig5,20260911-203628,5,C:\Users\josep\source\repos\AIOTED-digital-rawdigits\20260911\20\0_main_dig5_20260911-203628.jpg,0,flash,79.93,"dash screen (dig5/6 believed 0 9, unverified); model saw 0",,,1
night_fill,20260824-235746_dig5,20260824-235746,5,C:\Users\josep\source\repos\AIOTED-digital-rawdigits\20260824\23\0_main_dig5_20260824-235746.jpg,0,flash,77.87,"dash screen (dig5/6 believed 0 9, unverified); model saw 0",,,1
night_fill,20260915-223735_dig5,20260915-223735,5,C:\Users\josep\source\repos\AIOTED-digital-rawdigits\20260915\22\0_main_dig5_20260915-223735.jpg,0,flash,78.18,reading_est 59106; model saw 0; agree_soft,,,0
night_fill,20260829-172537_dig5,20260829-172537,5,C:\Users\josep\source\repos\AIOTED-digital-rawdigits\20260829\17\0_main_dig5_20260829-172537.jpg,0,flash,80.24,reading_est 58505; model saw 0; agree,,,0
night_fill,20260824-002947_dig5,20260824-002947,5,C:\Users\josep\source\repos\AIOTED-digital-rawdigits\20260824\00\0_main_dig5_20260824-002947.jpg,0,flash,78.08,reading_est 58309; model saw 0; agree_soft,,,0
night_fill,20260911-211228_dig5,20260911-211228,5,C:\Users\josep\source\repos\AIOTED-digital-rawdigits\20260911\21\0_main_dig5_20260911-211228.jpg,0,flash,77.94,reading_est 59003; model saw 0; agree_soft,,,0
night_fill,20260912-022028_dig5,20260912-022028,5,C:\Users\josep\source\repos\AIOTED-digital-rawdigits\20260912\02\0_main_dig5_20260912-022028.jpg,0,flash,77.86,reading_est 59006; model saw 0; agree_soft,,,0
night_fill,20260820-190553_dig5,20260820-190553,5,C:\Users\josep\source\repos\AIOTED-digital-rawdigits\20260820\19\0_main_dig5_20260820-190553.jpg,0,flash,80.83,reading_est 58203; model saw 0; agree,,,0
night_fill,20260823-232948_dig5,20260823-232948,5,C:\Users\josep\source\repos\AIOTED-digital-rawdigits\20260823\23\0_main_dig5_20260823-232948.jpg,0,flash,77.86,reading_est 58309; model saw 0; agree_soft,,,0
night_fill,20260930-045438_dig5,20260930-045438,5,C:\Users\josep\source\repos\AIOTED-digital-rawdigits\20260930\04\0_main_dig5_20260930-045438.jpg,0,flash,77.87,reading_est 59403; model saw 0; agree,,,0
night_fill,20260925-065417_dig5,20260925-065417,5,C:\Users\josep\source\repos\AIOTED-digital-rawdigits\20260925\06\0_main_dig5_20260925-065417.jpg,0,flash,77.87,reading_est 59302; model saw 0; agree,,,0
night_fill,20260920-191727_dig5,20260920-191727,5,C:\Users\josep\source\repos\AIOTED-digital-rawdigits\20260920\19\0_main_dig5_20260920-191727.jpg,0,flash,78.17,reading_est 59209; model saw 0; agree_soft,,,0
night_fill,20260906-062656_dig5,20260906-062656,5,C:\Users\josep\source\repos\AIOTED-digital-rawdigits\20260906\06\0_main_dig5_20260906-062656.jpg,0,flash,78.17,reading_est 58800; model saw 0; agree_soft,,,0
night_fill,20260826-193342_dig5,20260826-193342,5,C:\Users\josep\source\repos\AIOTED-digital-rawdigits\20260826\19\0_main_dig5_20260826-193342.jpg,0,flash,75.64,reading_est 58407; model saw 0; agree,,,0
night_fill,20260821-000553_dig5,20260821-000553,5,C:\Users\josep\source\repos\AIOTED-digital-rawdigits\20260821\00\0_main_dig5_20260821-000553.jpg,0,flash,76.62,reading_est 58209; model saw 0; agree_soft,,,0
night_fill,20260915-190536_dig5,20260915-190536,5,C:\Users\josep\source\repos\AIOTED-digital-rawdigits\20260915\19\0_main_dig5_20260915-190536.jpg,0,flash,78.12,reading_est 59102; model saw 0; agree_soft,,,0
night_fill,20260829-194537_dig5,20260829-194537,5,C:\Users\josep\source\repos\AIOTED-digital-rawdigits\20260829\19\0_main_dig5_20260829-194537.jpg,0,flash,74.82,reading_est 58509; model saw 0; agree_soft,,,0
night_fill,20260824-000947_dig5,20260824-000947,5,C:\Users\josep\source\repos\AIOTED-digital-rawdigits\20260824\00\0_main_dig5_20260824-000947.jpg,0,flash,77.12,reading_est 58309; model saw 0; agree_soft,,,0
night_fill,20260911-225228_dig5,20260911-225228,5,C:\Users\josep\source\repos\AIOTED-digital-rawdigits\20260911\22\0_main_dig5_20260911-225228.jpg,0,flash,77.86,reading_est 59006; model saw 0; agree_soft,,,0
night_fill,20260912-042027_dig5,20260912-042027,5,C:\Users\josep\source\repos\AIOTED-digital-rawdigits\20260912\04\0_main_dig5_20260912-042027.jpg,0,flash,77.94,reading_est 59009; model saw 0; agree,,,0
night_fill,20260820-195753_dig5,20260820-195753,5,C:\Users\josep\source\repos\AIOTED-digital-rawdigits\20260820\19\0_main_dig5_20260820-195753.jpg,0,flash,75.15,reading_est 58206; model saw 0; agree,,,0
night_fill,20260823-213748_dig5,20260823-213748,5,C:\Users\josep\source\repos\AIOTED-digital-rawdigits\20260823\21\0_main_dig5_20260823-213748.jpg,0,flash,77.00,reading_est 58307; model saw 0; agree_soft,,,0
night_fill,20260930-004238_dig5,20260930-004238,5,C:\Users\josep\source\repos\AIOTED-digital-rawdigits\20260930\00\0_main_dig5_20260930-004238.jpg,0,flash,77.00,reading_est 59400; model saw 0; agree,,,0
night_fill,20260925-050617_dig5,20260925-050617,5,C:\Users\josep\source\repos\AIOTED-digital-rawdigits\20260925\05\0_main_dig5_20260925-050617.jpg,0,flash,76.91,reading_est 59301; model saw 0; agree,,,0
night_fill,20260920-192527_dig5,20260920-192527,5,C:\Users\josep\source\repos\AIOTED-digital-rawdigits\20260920\19\0_main_dig5_20260920-192527.jpg,0,flash,78.78,reading_est 59209; model saw 0; agree_soft,,,0
night_fill,20260906-061456_dig5,20260906-061456,5,C:\Users\josep\source\repos\AIOTED-digital-rawdigits\20260906\06\0_main_dig5_20260906-061456.jpg,0,flash,77.81,reading_est 58800; model saw 0; agree_soft,,,0
night_fill,20260826-190142_dig5,20260826-190142,5,C:\Users\josep\source\repos\AIOTED-digital-rawdigits\20260826\19\0_main_dig5_20260826-190142.jpg,0,flash,78.26,reading_est 58406; model saw 0; agree,,,0
night_fill,20260824-064147_dig5,20260824-064147,5,C:\Users\josep\source\repos\AIOTED-digital-rawdigits\20260824\06\0_main_dig5_20260824-064147.jpg,0,transition,84.90,"dash screen (dig5/6 believed 0 9, unverified); model saw 0",,,1
night_fill,20260828-071740_dig5,20260828-071740,5,C:\Users\josep\source\repos\AIOTED-digital-rawdigits\20260828\07\0_main_dig5_20260828-071740.jpg,0,transition,88.97,"dash screen (dig5/6 believed 0 9, unverified); model saw 0",,,1
night_fill,20260819-175755_dig5,20260819-175755,5,C:\Users\josep\source\repos\AIOTED-digital-rawdigits\20260819\17\0_main_dig5_20260819-175755.jpg,0,transition,88.97,"dash screen (dig5/6 believed 0 9, unverified); model saw 0",,,1
night_fill,20260915-095336_dig5,20260915-095336,5,C:\Users\josep\source\repos\AIOTED-digital-rawdigits\20260915\09\0_main_dig5_20260915-095336.jpg,0,transition,88.97,"dash screen (dig5/6 believed 0 9, unverified); model saw 0",,,1
night_fill,20260908-084722_dig5,20260908-084722,5,C:\Users\josep\source\repos\AIOTED-digital-rawdigits\20260908\08\0_main_dig5_20260908-084722.jpg,0,transition,91.84,"dash screen (dig5/6 believed 0 9, unverified); model saw 0",,,1
night_fill,20260917-172932_dig5,20260917-172932,5,C:\Users\josep\source\repos\AIOTED-digital-rawdigits\20260917\17\0_main_dig5_20260917-172932.jpg,0,transition,84.16,"dash screen (dig5/6 believed 0 9, unverified); model saw 0",,,1
night_fill,20260920-184127_dig5,20260920-184127,5,C:\Users\josep\source\repos\AIOTED-digital-rawdigits\20260920\18\0_main_dig5_20260920-184127.jpg,0,transition,81.93,"dash screen (dig5/6 believed 0 9, unverified); model saw 0",,,1
night_fill,20260822-061351_dig5,20260822-061351,5,C:\Users\josep\source\repos\AIOTED-digital-rawdigits\20260822\06\0_main_dig5_20260822-061351.jpg,0,transition,81.25,"dash screen (dig5/6 believed 0 9, unverified); model saw 0",,,1
night_fill,20260820-173754_dig5,20260820-173754,5,C:\Users\josep\source\repos\AIOTED-digital-rawdigits\20260820\17\0_main_dig5_20260820-173754.jpg,0,transition,89.69,reading_est 58200; model saw 0; agree,,,0
night_fill,20260930-084237_dig5,20260930-084237,5,C:\Users\josep\source\repos\AIOTED-digital-rawdigits\20260930\08\0_main_dig5_20260930-084237.jpg,0,transition,86.32,reading_est 59406; model saw 0; agree,,,0
night_fill,20260829-134537_dig5,20260829-134537,5,C:\Users\josep\source\repos\AIOTED-digital-rawdigits\20260829\13\0_main_dig5_20260829-134537.jpg,0,transition,83.90,reading_est 58502; model saw 0; agree,,,0
night_fill,20260925-084217_dig5,20260925-084217,5,C:\Users\josep\source\repos\AIOTED-digital-rawdigits\20260925\08\0_main_dig5_20260925-084217.jpg,0,transition,90.19,reading_est 59306; model saw 0; agree,,,0
night_fill,20260915-175736_dig5,20260915-175736,5,C:\Users\josep\source\repos\AIOTED-digital-rawdigits\20260915\17\0_main_dig5_20260915-175736.jpg,0,transition,84.90,reading_est 59100; model saw 0; agree_soft,,,0
night_fill,20260823-174948_dig5,20260823-174948,5,C:\Users\josep\source\repos\AIOTED-digital-rawdigits\20260823\17\0_main_dig5_20260823-174948.jpg,0,transition,92.00,reading_est 58301; model saw 0; agree,,,0
night_fill,20260903-172707_dig5,20260903-172707,5,C:\Users\josep\source\repos\AIOTED-digital-rawdigits\20260903\17\0_main_dig5_20260903-172707.jpg,0,transition,89.21,reading_est 58708; model saw 0; agree,,,0
night_fill,20260815-175403_dig5,20260815-175403,5,C:\Users\josep\source\repos\AIOTED-digital-rawdigits\20260815\17\0_main_dig5_20260815-175403.jpg,0,transition,92.70,reading_est 58009; model saw 0; agree,,,0
night_fill,20260826-181342_dig5,20260826-181342,5,C:\Users\josep\source\repos\AIOTED-digital-rawdigits\20260826\18\0_main_dig5_20260826-181342.jpg,0,transition,83.81,reading_est 58405; model saw 0; agree,,,0
night_fill,20260920-175727_dig5,20260920-175727,5,C:\Users\josep\source\repos\AIOTED-digital-rawdigits\20260920\17\0_main_dig5_20260920-175727.jpg,0,transition,87.12,reading_est 59208; model saw 0; agree,,,0
night_fill,20260906-070656_dig5,20260906-070656,5,C:\Users\josep\source\repos\AIOTED-digital-rawdigits\20260906\07\0_main_dig5_20260906-070656.jpg,0,transition,82.20,reading_est 58800; model saw 0; agree_soft,,,0
night_fill,20260820-184553_dig5,20260820-184553,5,C:\Users\josep\source\repos\AIOTED-digital-rawdigits\20260820\18\0_main_dig5_20260820-184553.jpg,0,transition,81.25,reading_est 58203; model saw 0; agree,,,0
night_fill,20260930-085037_dig5,20260930-085037,5,C:\Users\josep\source\repos\AIOTED-digital-rawdigits\20260930\08\0_main_dig5_20260930-085037.jpg,0,transition,91.97,reading_est 59406; model saw 0; agree,,,0
night_fill,20260829-170537_dig5,20260829-170537,5,C:\Users\josep\source\repos\AIOTED-digital-rawdigits\20260829\17\0_main_dig5_20260829-170537.jpg,0,transition,81.03,reading_est 58505; model saw 0; agree,,,0
night_fill,20260925-072617_dig5,20260925-072617,5,C:\Users\josep\source\repos\AIOTED-digital-rawdigits\20260925\07\0_main_dig5_20260925-072617.jpg,0,transition,81.25,reading_est 59303; model saw 0; agree,,,0
night_fill,20260915-180536_dig5,20260915-180536,5,C:\Users\josep\source\repos\AIOTED-digital-rawdigits\20260915\18\0_main_dig5_20260915-180536.jpg,0,transition,84.90,reading_est 59100; model saw 0; agree_soft,,,0
night_fill,20260823-182148_dig5,20260823-182148,5,C:\Users\josep\source\repos\AIOTED-digital-rawdigits\20260823\18\0_main_dig5_20260823-182148.jpg,0,transition,84.93,reading_est 58302; model saw 0; agree,,,0
night_fill,20260903-173907_dig5,20260903-173907,5,C:\Users\josep\source\repos\AIOTED-digital-rawdigits\20260903\17\0_main_dig5_20260903-173907.jpg,0,transition,95.97,reading_est 58708; model saw 0; agree,,,0
night_fill,20260815-172603_dig5,20260815-172603,5,C:\Users\josep\source\repos\AIOTED-digital-rawdigits\20260815\17\0_main_dig5_20260815-172603.jpg,0,transition,93.25,reading_est 58008; model saw 0; agree,,,0
night_fill,20260826-183342_dig5,20260826-183342,5,C:\Users\josep\source\repos\AIOTED-digital-rawdigits\20260826\18\0_main_dig5_20260826-183342.jpg,0,transition,81.97,reading_est 58405; model saw 0; agree,,,0
night_fill,20260920-155727_dig5,20260920-155727,5,C:\Users\josep\source\repos\AIOTED-digital-rawdigits\20260920\15\0_main_dig5_20260920-155727.jpg,0,transition,95.12,reading_est 59206; model saw 0; agree,,,0
night_fill,20260906-065456_dig5,20260906-065456,5,C:\Users\josep\source\repos\AIOTED-digital-rawdigits\20260906\06\0_main_dig5_20260906-065456.jpg,0,transition,81.94,reading_est 58800; model saw 0; agree_soft,,,0
night_fill,20260820-181753_dig5,20260820-181753,5,C:\Users\josep\source\repos\AIOTED-digital-rawdigits\20260820\18\0_main_dig5_20260820-181753.jpg,0,transition,86.29,reading_est 58202; model saw 0; agree,,,0
night_fill,20260930-075437_dig5,20260930-075437,5,C:\Users\josep\source\repos\AIOTED-digital-rawdigits\20260930\07\0_main_dig5_20260930-075437.jpg,0,transition,83.97,reading_est 59406; model saw 0; agree,,,0
night_fill,20260829-131737_dig5,20260829-131737,5,C:\Users\josep\source\repos\AIOTED-digital-rawdigits\20260829\13\0_main_dig5_20260829-131737.jpg,0,transition,94.82,reading_est 58501; model saw 0; agree,,,0
night_fill,20260925-084617_dig5,20260925-084617,5,C:\Users\josep\source\repos\AIOTED-digital-rawdigits\20260925\08\0_main_dig5_20260925-084617.jpg,0,transition,93.77,reading_est 59306; model saw 0; agree,,,0
night_fill,20260915-174536_dig5,20260915-174536,5,C:\Users\josep\source\repos\AIOTED-digital-rawdigits\20260915\17\0_main_dig5_20260915-174536.jpg,0,transition,87.02,reading_est 59100; model saw 0; agree_soft,,,0
night_fill,20260823-180148_dig5,20260823-180148,5,C:\Users\josep\source\repos\AIOTED-digital-rawdigits\20260823\18\0_main_dig5_20260823-180148.jpg,0,transition,88.77,reading_est 58301; model saw 0; agree,,,0
night_fill,20260903-174707_dig5,20260903-174707,5,C:\Users\josep\source\repos\AIOTED-digital-rawdigits\20260903\17\0_main_dig5_20260903-174707.jpg,0,transition,91.90,reading_est 58709; model saw 0; agree,,,0
night_fill,20260815-174603_dig5,20260815-174603,5,C:\Users\josep\source\repos\AIOTED-digital-rawdigits\20260815\17\0_main_dig5_20260815-174603.jpg,0,transition,94.90,reading_est 58009; model saw 0; agree,,,0
night_fill,20260826-173342_dig5,20260826-173342,5,C:\Users\josep\source\repos\AIOTED-digital-rawdigits\20260826\17\0_main_dig5_20260826-173342.jpg,0,transition,92.81,reading_est 58403; model saw 0; agree,,,0
night_fill,20260920-182527_dig5,20260920-182527,5,C:\Users\josep\source\repos\AIOTED-digital-rawdigits\20260920\18\0_main_dig5_20260920-182527.jpg,0,transition,82.86,reading_est 59208; model saw 0; agree,,,0
night_fill,20260911-190028_dig2,20260911-190028,2,C:\Users\josep\source\repos\AIOTED-digital-rawdigits\20260911\19\5_main_dig2_20260911-190028.jpg,5,flash,78.93,reading_est 58999; model saw 5; agree,,,0
night_fill,20260815-190603_dig2,20260815-190603,2,C:\Users\josep\source\repos\AIOTED-digital-rawdigits\20260815\19\5_main_dig2_20260815-190603.jpg,5,flash,78.26,reading_est 58012; model saw 5; agree,,,0
night_fill,20260906-235124_dig2,20260906-235124,2,C:\Users\josep\source\repos\AIOTED-digital-rawdigits\20260906\23\5_main_dig2_20260906-235124.jpg,5,flash,77.22,reading_est 58828; model saw 5; agree,,,0
night_fill,20260914-230937_dig2,20260914-230937,2,C:\Users\josep\source\repos\AIOTED-digital-rawdigits\20260914\23\5_main_dig2_20260914-230937.jpg,5,flash,76.85,reading_est 59080; model saw 5; agree,,,0
night_fill,20260822-062951_dig2,20260822-062951,2,C:\Users\josep\source\repos\AIOTED-digital-rawdigits\20260822\06\5_main_dig2_20260822-062951.jpg,5,flash,80.97,reading_est 58246; model saw 5; agree,,,0
night_fill,20260928-234240_dig2,20260928-234240,2,C:\Users\josep\source\repos\AIOTED-digital-rawdigits\20260928\23\5_main_dig2_20260928-234240.jpg,5,flash,78.86,reading_est 59380; model saw 5; agree,,,0
night_fill,20260913-020057_dig2,20260913-020057,2,C:\Users\josep\source\repos\AIOTED-digital-rawdigits\20260913\02\5_main_dig2_20260913-020057.jpg,5,flash,78.08,reading_est 59036; model saw 5; agree,,,0
night_fill,20260930-003438_dig2,20260930-003438,2,C:\Users\josep\source\repos\AIOTED-digital-rawdigits\20260930\00\5_main_dig2_20260930-003438.jpg,5,flash,77.00,reading_est 59400; model saw 5; agree,,,0
night_fill,20260917-024933_dig2,20260917-024933,2,C:\Users\josep\source\repos\AIOTED-digital-rawdigits\20260917\02\5_main_dig2_20260917-024933.jpg,5,flash,76.91,reading_est 59130; model saw 5; agree,,,0
night_fill,20260924-015350_dig2,20260924-015350,2,C:\Users\josep\source\repos\AIOTED-digital-rawdigits\20260924\01\5_main_dig2_20260924-015350.jpg,5,flash,78.17,reading_est 59279; model saw 5; agree,,,0
night_fill,20260831-234133_dig2,20260831-234133,2,C:\Users\josep\source\repos\AIOTED-digital-rawdigits\20260831\23\5_main_dig2_20260831-234133.jpg,5,flash,73.22,reading_est 58595; model saw 5; agree,,,0
night_fill,20260817-213359_dig2,20260817-213359,2,C:\Users\josep\source\repos\AIOTED-digital-rawdigits\20260817\21\5_main_dig2_20260817-213359.jpg,5,flash,75.06,reading_est 58092; model saw 5; agree,,,0
night_fill,20260819-191355_dig2,20260819-191355,2,C:\Users\josep\source\repos\AIOTED-digital-rawdigits\20260819\19\5_main_dig2_20260819-191355.jpg,5,flash,80.26,reading_est 58165; model saw 5; agree,,,0
night_fill,20260827-195740_dig2,20260827-195740,2,C:\Users\josep\source\repos\AIOTED-digital-rawdigits\20260827\19\5_main_dig2_20260827-195740.jpg,5,flash,74.13,reading_est 58446; model saw 5; agree,,,0
night_fill,20260821-200952_dig2,20260821-200952,2,C:\Users\josep\source\repos\AIOTED-digital-rawdigits\20260821\20\5_main_dig2_20260821-200952.jpg,5,flash,76.29,reading_est 58239; model saw 5; agree,,,0
night_fill,20260904-024706_dig2,20260904-024706,2,C:\Users\josep\source\repos\AIOTED-digital-rawdigits\20260904\02\5_main_dig2_20260904-024706.jpg,5,flash,76.93,reading_est 58722; model saw 5; agree,,,0
night_fill,20260824-193346_dig2,20260824-193346,2,C:\Users\josep\source\repos\AIOTED-digital-rawdigits\20260824\19\5_main_dig2_20260824-193346.jpg,5,flash,77.93,reading_est 58335; model saw 5; agree,,,0
night_fill,20260925-052618_dig2,20260925-052618,2,C:\Users\josep\source\repos\AIOTED-digital-rawdigits\20260925\05\5_main_dig2_20260925-052618.jpg,5,flash,77.13,reading_est 59301; model saw 5; agree,,,0
night_fill,20260910-061118_dig2,20260910-061118,2,C:\Users\josep\source\repos\AIOTED-digital-rawdigits\20260910\06\5_main_dig2_20260910-061118.jpg,5,flash,77.62,reading_est 58941; model saw 5; agree,,,0
night_fill,20260915-012137_dig2,20260915-012137,2,C:\Users\josep\source\repos\AIOTED-digital-rawdigits\20260915\01\5_main_dig2_20260915-012137.jpg,5,flash,76.87,reading_est 59080; model saw 5; agree,,,0
night_fill,20260927-201842_dig2,20260927-201842,2,C:\Users\josep\source\repos\AIOTED-digital-rawdigits\20260927\20\5_main_dig2_20260927-201842.jpg,5,flash,78.93,reading_est 59359; model saw 5; agree,,,0
night_fill,20260918-234530_dig2,20260918-234530,2,C:\Users\josep\source\repos\AIOTED-digital-rawdigits\20260918\23\5_main_dig2_20260918-234530.jpg,5,flash,78.16,reading_est 59171; model saw 5; agree,,,0
night_fill,20260830-030136_dig2,20260830-030136,2,C:\Users\josep\source\repos\AIOTED-digital-rawdigits\20260830\03\5_main_dig2_20260830-030136.jpg,5,flash,74.87,reading_est 58514; model saw 5; agree,,,0
night_fill,20260919-033730_dig2,20260919-033730,2,C:\Users\josep\source\repos\AIOTED-digital-rawdigits\20260919\03\5_main_dig2_20260919-033730.jpg,5,flash,78.17,reading_est 59174; model saw 5; agree,,,0
night_fill,20260922-062524_dig2,20260922-062524,2,C:\Users\josep\source\repos\AIOTED-digital-rawdigits\20260922\06\5_main_dig2_20260922-062524.jpg,5,flash,78.07,reading_est 59240; model saw 5; agree,,,0
night_fill,20260902-064710_dig2,20260902-064710,2,C:\Users\josep\source\repos\AIOTED-digital-rawdigits\20260902\06\5_main_dig2_20260902-064710.jpg,5,flash,78.97,reading_est 58647; model saw 5; agree,,,0
night_fill,20260828-194939_dig2,20260828-194939,2,C:\Users\josep\source\repos\AIOTED-digital-rawdigits\20260828\19\5_main_dig2_20260828-194939.jpg,5,flash,74.13,reading_est 58484; model saw 5; agree,,,0
night_fill,20260926-045816_dig2,20260926-045816,2,C:\Users\josep\source\repos\AIOTED-digital-rawdigits\20260926\04\5_main_dig2_20260926-045816.jpg,5,flash,78.13,reading_est 59324; model saw 5; agree,,,0
night_fill,20260820-062954_dig2,20260820-062954,2,C:\Users\josep\source\repos\AIOTED-digital-rawdigits\20260820\06\5_main_dig2_20260820-062954.jpg,5,flash,80.97,reading_est 58176; model saw 5; agree,,,0
night_fill,20260905-234656_dig2,20260905-234656,2,C:\Users\josep\source\repos\AIOTED-digital-rawdigits\20260905\23\5_main_dig2_20260905-234656.jpg,5,flash,78.22,reading_est 58798; model saw 5; agree,,,0
night_fill,20260920-050128_dig2,20260920-050128,2,C:\Users\josep\source\repos\AIOTED-digital-rawdigits\20260920\05\5_main_dig2_20260920-050128.jpg,5,flash,78.86,reading_est 59196; model saw 5; agree,,,0
night_fill,20260908-204721_dig2,20260908-204721,2,C:\Users\josep\source\repos\AIOTED-digital-rawdigits\20260908\20\5_main_dig2_20260908-204721.jpg,5,flash,77.81,reading_est 58897; model saw 5; agree,,,0
night_fill,20260912-212058_dig2,20260912-212058,2,C:\Users\josep\source\repos\AIOTED-digital-rawdigits\20260912\21\5_main_dig2_20260912-212058.jpg,5,flash,78.00,reading_est 59034; model saw 5; agree,,,0
night_fill,20260829-052938_dig2,20260829-052938,2,C:\Users\josep\source\repos\AIOTED-digital-rawdigits\20260829\05\5_main_dig2_20260829-052938.jpg,5,flash,75.91,reading_est 58491; model saw 5; agree,,,0
night_fill,20260823-211748_dig2,20260823-211748,2,C:\Users\josep\source\repos\AIOTED-digital-rawdigits\20260823\21\5_main_dig2_20260823-211748.jpg,5,flash,77.22,reading_est 58307; model saw 5; agree,,,0
night_fill,20260921-222925_dig2,20260921-222925,2,C:\Users\josep\source\repos\AIOTED-digital-rawdigits\20260921\22\5_main_dig2_20260921-222925.jpg,5,flash,77.87,reading_est 59236; model saw 5; agree,,,0
night_fill,20260826-194142_dig2,20260826-194142,2,C:\Users\josep\source\repos\AIOTED-digital-rawdigits\20260826\19\5_main_dig2_20260826-194142.jpg,5,flash,75.96,reading_est 58408; model saw 5; agree,,,0
night_fill,20260903-055108_dig2,20260903-055108,2,C:\Users\josep\source\repos\AIOTED-digital-rawdigits\20260903\05\5_main_dig2_20260903-055108.jpg,5,flash,76.10,reading_est 58686; model saw 5; agree,,,0
night_fill,20260907-033923_dig2,20260907-033923,2,C:\Users\josep\source\repos\AIOTED-digital-rawdigits\20260907\03\5_main_dig2_20260907-033923.jpg,5,flash,77.22,reading_est 58831; model saw 5; agree,,,0
night_fill,20260816-040202_dig2,20260816-040202,2,C:\Users\josep\source\repos\AIOTED-digital-rawdigits\20260816\04\5_main_dig2_20260816-040202.jpg,5,flash,75.10,reading_est 58021; model saw 5; agree,,,0
night_fill,20260911-002000_dig2,20260911-002000,2,C:\Users\josep\source\repos\AIOTED-digital-rawdigits\20260911\00\5_main_dig2_20260911-002000.jpg,5,flash,77.78,reading_est 58970; model saw 5; agree,,,0
night_fill,20260815-191803_dig2,20260815-191803,2,C:\Users\josep\source\repos\AIOTED-digital-rawdigits\20260815\19\5_main_dig2_20260815-191803.jpg,5,flash,77.03,reading_est 58012; model saw 5; agree,,,0
night_fill,20260902-085510_dig2,20260902-085510,2,C:\Users\josep\source\repos\AIOTED-digital-rawdigits\20260902\08\5_main_dig2_20260902-085510.jpg,5,transition,94.98,reading_est 58652; model saw 5; agree,,,0
night_fill,20260907-175523_dig2,20260907-175523,2,C:\Users\josep\source\repos\AIOTED-digital-rawdigits\20260907\17\5_main_dig2_20260907-175523.jpg,5,transition,95.97,reading_est 58857; model saw 5; agree,,,0
night_fill,20260915-082936_dig2,20260915-082936,2,C:\Users\josep\source\repos\AIOTED-digital-rawdigits\20260915\08\5_main_dig2_20260915-082936.jpg,5,transition,82.16,reading_est 59084; model saw 5; agree,,,0
night_fill,20260829-084537_dig2,20260829-084537,2,C:\Users\josep\source\repos\AIOTED-digital-rawdigits\20260829\08\5_main_dig2_20260829-084537.jpg,5,transition,92.76,reading_est 58496; model saw 5; agree,,,0
night_fill,20260823-071349_dig2,20260823-071349,2,C:\Users\josep\source\repos\AIOTED-digital-rawdigits\20260823\07\5_main_dig2_20260823-071349.jpg,5,transition,94.16,reading_est 58281; model saw 5; agree,,,0
night_fill,20260925-155417_dig2,20260925-155417,2,C:\Users\josep\source\repos\AIOTED-digital-rawdigits\20260925\15\5_main_dig2_20260925-155417.jpg,5,transition,92.77,reading_est 59316; model saw 5; agree,,,0
night_fill,20260826-182142_dig2,20260826-182142,2,C:\Users\josep\source\repos\AIOTED-digital-rawdigits\20260826\18\5_main_dig2_20260826-182142.jpg,5,transition,81.19,reading_est 58405; model saw 5; agree,,,0
night_fill,20260911-184028_dig2,20260911-184028,2,C:\Users\josep\source\repos\AIOTED-digital-rawdigits\20260911\18\5_main_dig2_20260911-184028.jpg,5,transition,82.12,reading_est 58998; model saw 5; agree,,,0
night_fill,20260906-171925_dig2,20260906-171925,2,C:\Users\josep\source\repos\AIOTED-digital-rawdigits\20260906\17\5_main_dig2_20260906-171925.jpg,5,transition,94.90,reading_est 58818; model saw 5; agree,,,0
night_fill,20260917-075733_dig2,20260917-075733,2,C:\Users\josep\source\repos\AIOTED-digital-rawdigits\20260917\07\5_main_dig2_20260917-075733.jpg,5,transition,86.26,reading_est 59134; model saw 5; agree,,,0
night_fill,20260918-094131_dig2,20260918-094131,2,C:\Users\josep\source\repos\AIOTED-digital-rawdigits\20260918\09\5_main_dig2_20260918-094131.jpg,5,transition,84.24,reading_est 59157; model saw 5; agree,,,0
night_fill,20260913-064857_dig2,20260913-064857,2,C:\Users\josep\source\repos\AIOTED-digital-rawdigits\20260913\06\5_main_dig2_20260913-064857.jpg,5,transition,81.12,reading_est 59041; model saw 5; agree,,,0
night_fill,20260828-073340_dig2,20260828-073340,2,C:\Users\josep\source\repos\AIOTED-digital-rawdigits\20260828\07\5_main_dig2_20260828-073340.jpg,5,transition,92.79,reading_est 58456; model saw 5; agree,,,0
night_fill,20260831-175333_dig2,20260831-175333,2,C:\Users\josep\source\repos\AIOTED-digital-rawdigits\20260831\17\5_main_dig2_20260831-175333.jpg,5,transition,83.69,reading_est 58583; model saw 5; agree,,,0
night_fill,20260820-174554_dig2,20260820-174554,2,C:\Users\josep\source\repos\AIOTED-digital-rawdigits\20260820\17\5_main_dig2_20260820-174554.jpg,5,transition,88.90,reading_est 58200; model saw 5; agree,,,0
night_fill,20260922-183323_dig2,20260922-183323,2,C:\Users\josep\source\repos\AIOTED-digital-rawdigits\20260922\18\5_main_dig2_20260922-183323.jpg,5,transition,81.74,reading_est 59253; model saw 5; agree,,,0
night_fill,20260824-182146_dig2,20260824-182146,2,C:\Users\josep\source\repos\AIOTED-digital-rawdigits\20260824\18\5_main_dig2_20260824-182146.jpg,5,transition,92.96,reading_est 58332; model saw 5; agree,,,0
night_fill,20260912-140827_dig2,20260912-140827,2,C:\Users\josep\source\repos\AIOTED-digital-rawdigits\20260912\14\5_main_dig2_20260912-140827.jpg,5,transition,90.98,reading_est 59021; model saw 5; agree,,,0
night_fill,20260914-071338_dig2,20260914-071338,2,C:\Users\josep\source\repos\AIOTED-digital-rawdigits\20260914\07\5_main_dig2_20260914-071338.jpg,5,transition,83.84,reading_est 59062; model saw 5; agree,,,0
night_fill,20260924-070150_dig2,20260924-070150,2,C:\Users\josep\source\repos\AIOTED-digital-rawdigits\20260924\07\5_main_dig2_20260924-070150.jpg,5,transition,81.25,reading_est 59282; model saw 5; agree,,,0
night_fill,20260816-165001_dig2,20260816-165001,2,C:\Users\josep\source\repos\AIOTED-digital-rawdigits\20260816\16\5_main_dig2_20260816-165001.jpg,5,transition,92.98,reading_est 58043; model saw 5; agree,,,0
night_fill,20260902-074710_dig4,20260902-074710,4,C:\Users\josep\source\repos\AIOTED-digital-rawdigits\20260902\07\6_main_dig4_20260902-074710.jpg,6,flash,80.97,reading_est 58650; model saw 6; agree,,,0
night_fill,20260903-060308_dig4,20260903-060308,4,C:\Users\josep\source\repos\AIOTED-digital-rawdigits\20260903\06\6_main_dig4_20260903-060308.jpg,6,flash,74.70,reading_est 58689; model saw 6; agree,,,0
night_fill,20260902-225109_dig4,20260902-225109,4,C:\Users\josep\source\repos\AIOTED-digital-rawdigits\20260902\22\6_main_dig4_20260902-225109.jpg,6,flash,74.29,reading_est 58681; model saw 6; agree,,,0
night_fill,20260903-011108_dig4,20260903-011108,4,C:\Users\josep\source\repos\AIOTED-digital-rawdigits\20260903\01\6_main_dig4_20260903-011108.jpg,6,flash,74.15,reading_est 58683; model saw 6; agree,,,0
night_fill,20260902-193509_dig4,20260902-193509,4,C:\Users\josep\source\repos\AIOTED-digital-rawdigits\20260902\19\6_main_dig4_20260902-193509.jpg,6,flash,75.10,reading_est 58678; model saw 6; agree,,,0
night_fill,20260903-041108_dig4,20260903-041108,4,C:\Users\josep\source\repos\AIOTED-digital-rawdigits\20260903\04\6_main_dig4_20260903-041108.jpg,6,flash,74.52,reading_est 58686; model saw 6; agree,,,0
night_fill,20260902-013731_dig4,20260902-013731,4,C:\Users\josep\source\repos\AIOTED-digital-rawdigits\20260902\01\6_main_dig4_20260902-013731.jpg,6,flash,74.23,reading_est 58646; model saw 6; agree,,,0
night_fill,20260903-071108_dig4,20260903-071108,4,C:\Users\josep\source\repos\AIOTED-digital-rawdigits\20260903\07\6_main_dig4_20260903-071108.jpg,6,flash,80.12,reading_est 58690; model saw 6; agree,,,0
night_fill,20260902-031731_dig4,20260902-031731,4,C:\Users\josep\source\repos\AIOTED-digital-rawdigits\20260902\03\6_main_dig4_20260902-031731.jpg,6,flash,75.17,reading_est 58646; model saw 6; agree,,,0
night_fill,20260903-004308_dig4,20260903-004308,4,C:\Users\josep\source\repos\AIOTED-digital-rawdigits\20260903\00\6_main_dig4_20260903-004308.jpg,6,flash,75.00,reading_est 58683; model saw 6; agree,,,0
night_fill,20260902-042530_dig4,20260902-042530,4,C:\Users\josep\source\repos\AIOTED-digital-rawdigits\20260902\04\6_main_dig4_20260902-042530.jpg,6,flash,74.75,reading_est 58646; model saw 6; agree,,,0
night_fill,20260903-013108_dig4,20260903-013108,4,C:\Users\josep\source\repos\AIOTED-digital-rawdigits\20260903\01\6_main_dig4_20260903-013108.jpg,6,flash,74.29,reading_est 58683; model saw 6; agree,,,0
night_fill,20260902-222309_dig4,20260902-222309,4,C:\Users\josep\source\repos\AIOTED-digital-rawdigits\20260902\22\6_main_dig4_20260902-222309.jpg,6,flash,74.77,reading_est 58681; model saw 6; agree,,,0
night_fill,20260903-034308_dig4,20260903-034308,4,C:\Users\josep\source\repos\AIOTED-digital-rawdigits\20260903\03\6_main_dig4_20260903-034308.jpg,6,flash,74.68,reading_est 58686; model saw 6; agree,,,0
night_fill,20260902-002531_dig4,20260902-002531,4,C:\Users\josep\source\repos\AIOTED-digital-rawdigits\20260902\00\6_main_dig4_20260902-002531.jpg,6,flash,73.15,reading_est 58644; model saw 6; agree,,,0
night_fill,20260903-045108_dig4,20260903-045108,4,C:\Users\josep\source\repos\AIOTED-digital-rawdigits\20260903\04\6_main_dig4_20260903-045108.jpg,6,flash,75.19,reading_est 58686; model saw 6; agree,,,0
night_fill,20260902-214309_dig4,20260902-214309,4,C:\Users\josep\source\repos\AIOTED-digital-rawdigits\20260902\21\6_main_dig4_20260902-214309.jpg,6,flash,74.87,reading_est 58681; model saw 6; agree,,,0
night_fill,20260903-061108_dig4,20260903-061108,4,C:\Users\josep\source\repos\AIOTED-digital-rawdigits\20260903\06\6_main_dig4_20260903-061108.jpg,6,flash,75.87,reading_est 58689; model saw 6; agree,,,0
night_fill,20260902-213509_dig4,20260902-213509,4,C:\Users\josep\source\repos\AIOTED-digital-rawdigits\20260902\21\6_main_dig4_20260902-213509.jpg,6,flash,75.12,reading_est 58681; model saw 6; agree,,,0
night_fill,20260903-044308_dig4,20260903-044308,4,C:\Users\josep\source\repos\AIOTED-digital-rawdigits\20260903\04\6_main_dig4_20260903-044308.jpg,6,flash,75.00,reading_est 58686; model saw 6; agree,,,0
night_fill,20260902-044531_dig4,20260902-044531,4,C:\Users\josep\source\repos\AIOTED-digital-rawdigits\20260902\04\6_main_dig4_20260902-044531.jpg,6,flash,74.23,reading_est 58646; model saw 6; agree,,,0
night_fill,20260903-002308_dig4,20260903-002308,4,C:\Users\josep\source\repos\AIOTED-digital-rawdigits\20260903\00\6_main_dig4_20260903-002308.jpg,6,flash,74.15,reading_est 58682; model saw 6; agree,,,0
night_fill,20260902-203509_dig4,20260902-203509,4,C:\Users\josep\source\repos\AIOTED-digital-rawdigits\20260902\20\6_main_dig4_20260902-203509.jpg,6,flash,74.03,reading_est 58681; model saw 6; agree,,,0
night_fill,20260903-063108_dig4,20260903-063108,4,C:\Users\josep\source\repos\AIOTED-digital-rawdigits\20260903\06\6_main_dig4_20260903-063108.jpg,6,flash,76.72,reading_est 58689; model saw 6; agree,,,0
night_fill,20260902-200309_dig4,20260902-200309,4,C:\Users\josep\source\repos\AIOTED-digital-rawdigits\20260902\20\6_main_dig4_20260902-200309.jpg,6,flash,74.09,reading_est 58678; model saw 6; agree,,,0
night_fill,20260903-061908_dig4,20260903-061908,4,C:\Users\josep\source\repos\AIOTED-digital-rawdigits\20260903\06\6_main_dig4_20260903-061908.jpg,6,flash,75.91,reading_est 58689; model saw 6; agree,,,0
night_fill,20260902-205509_dig4,20260902-205509,4,C:\Users\josep\source\repos\AIOTED-digital-rawdigits\20260902\20\6_main_dig4_20260902-205509.jpg,6,flash,75.09,reading_est 58681; model saw 6; agree,,,0
night_fill,20260903-003108_dig4,20260903-003108,4,C:\Users\josep\source\repos\AIOTED-digital-rawdigits\20260903\00\6_main_dig4_20260903-003108.jpg,6,flash,74.77,reading_est 58683; model saw 6; agree,,,0
night_fill,20260902-043331_dig4,20260902-043331,4,C:\Users\josep\source\repos\AIOTED-digital-rawdigits\20260902\04\6_main_dig4_20260902-043331.jpg,6,flash,74.86,reading_est 58646; model saw 6; agree,,,0
night_fill,20260903-031108_dig4,20260903-031108,4,C:\Users\josep\source\repos\AIOTED-digital-rawdigits\20260903\03\6_main_dig4_20260903-031108.jpg,6,flash,75.13,reading_est 58686; model saw 6; agree,,,0
night_fill,20260902-000531_dig4,20260902-000531,4,C:\Users\josep\source\repos\AIOTED-digital-rawdigits\20260902\00\6_main_dig4_20260902-000531.jpg,6,flash,73.29,reading_est 58643; model saw 6; agree,,,0
night_fill,20260903-023108_dig4,20260903-023108,4,C:\Users\josep\source\repos\AIOTED-digital-rawdigits\20260903\02\6_main_dig4_20260903-023108.jpg,6,flash,75.76,reading_est 58683; model saw 6; agree,,,0
night_fill,20260902-064710_dig4,20260902-064710,4,C:\Users\josep\source\repos\AIOTED-digital-rawdigits\20260902\06\6_main_dig4_20260902-064710.jpg,6,flash,78.97,reading_est 58647; model saw 6; agree,,,0
night_fill,20260903-062308_dig4,20260903-062308,4,C:\Users\josep\source\repos\AIOTED-digital-rawdigits\20260903\06\6_main_dig4_20260903-062308.jpg,6,flash,76.17,reading_est 58689; model saw 6; agree,,,0
night_fill,20260902-223108_dig4,20260902-223108,4,C:\Users\josep\source\repos\AIOTED-digital-rawdigits\20260902\22\6_main_dig4_20260902-223108.jpg,6,flash,74.22,reading_est 58681; model saw 6; agree,,,0
night_fill,20260902-173509_dig4,20260902-173509,4,C:\Users\josep\source\repos\AIOTED-digital-rawdigits\20260902\17\6_main_dig4_20260902-173509.jpg,6,transition,87.97,reading_est 58670; model saw 6; agree,,,0
night_fill,20260903-081108_dig4,20260903-081108,4,C:\Users\josep\source\repos\AIOTED-digital-rawdigits\20260903\08\6_main_dig4_20260903-081108.jpg,6,transition,87.13,reading_est 58692; model saw 6; agree,,,0
night_fill,20260902-172309_dig4,20260902-172309,4,C:\Users\josep\source\repos\AIOTED-digital-rawdigits\20260902\17\6_main_dig4_20260902-172309.jpg,6,transition,89.80,reading_est 58669; model saw 6; agree,,,0
night_fill,20260903-075908_dig4,20260903-075908,4,C:\Users\josep\source\repos\AIOTED-digital-rawdigits\20260903\07\6_main_dig4_20260903-075908.jpg,6,transition,91.98,reading_est 58691; model saw 6; agree,,,0
night_fill,20260902-095510_dig4,20260902-095510,4,C:\Users\josep\source\repos\AIOTED-digital-rawdigits\20260902\09\6_main_dig4_20260902-095510.jpg,6,transition,83.97,reading_est 58653; model saw 6; agree,,,0
night_fill,20260903-093908_dig4,20260903-093908,4,C:\Users\josep\source\repos\AIOTED-digital-rawdigits\20260903\09\6_main_dig4_20260903-093908.jpg,6,transition,93.98,reading_est 58693; model saw 6; agree,,,0
night_fill,20260902-100310_dig4,20260902-100310,4,C:\Users\josep\source\repos\AIOTED-digital-rawdigits\20260902\10\6_main_dig4_20260902-100310.jpg,6,transition,82.97,reading_est 58653; model saw 6; agree,,,0
night_fill,20260903-083908_dig4,20260903-083908,4,C:\Users\josep\source\repos\AIOTED-digital-rawdigits\20260903\08\6_main_dig4_20260903-083908.jpg,6,transition,85.83,reading_est 58692; model saw 6; agree,,,0
night_fill,20260902-175509_dig4,20260902-175509,4,C:\Users\josep\source\repos\AIOTED-digital-rawdigits\20260902\17\6_main_dig4_20260902-175509.jpg,6,transition,83.12,reading_est 58671; model saw 6; agree,,,0
night_fill,20260903-091908_dig4,20260903-091908,4,C:\Users\josep\source\repos\AIOTED-digital-rawdigits\20260903\09\6_main_dig4_20260903-091908.jpg,6,transition,92.90,reading_est 58693; model saw 6; agree,,,0
night_fill,20260902-174309_dig4,20260902-174309,4,C:\Users\josep\source\repos\AIOTED-digital-rawdigits\20260902\17\6_main_dig4_20260902-174309.jpg,6,transition,84.26,reading_est 58670; model saw 6; agree,,,0
night_fill,20260903-075108_dig4,20260903-075108,4,C:\Users\josep\source\repos\AIOTED-digital-rawdigits\20260903\07\6_main_dig4_20260903-075108.jpg,6,transition,88.90,reading_est 58691; model saw 6; agree,,,0
night_fill,20260902-165509_dig4,20260902-165509,4,C:\Users\josep\source\repos\AIOTED-digital-rawdigits\20260902\16\6_main_dig4_20260902-165509.jpg,6,transition,93.06,reading_est 58668; model saw 6; agree,,,0
night_fill,20260903-073908_dig4,20260903-073908,4,C:\Users\josep\source\repos\AIOTED-digital-rawdigits\20260903\07\6_main_dig4_20260903-073908.jpg,6,transition,88.97,reading_est 58691; model saw 6; agree,,,0
night_fill,20260902-071510_dig4,20260902-071510,4,C:\Users\josep\source\repos\AIOTED-digital-rawdigits\20260902\07\6_main_dig4_20260902-071510.jpg,6,transition,82.06,reading_est 58649; model saw 6; agree,,,0
night_fill,20260903-081908_dig4,20260903-081908,4,C:\Users\josep\source\repos\AIOTED-digital-rawdigits\20260903\08\6_main_dig4_20260903-081908.jpg,6,transition,85.70,reading_est 58692; model saw 6; agree,,,0
night_fill,20260902-171509_dig4,20260902-171509,4,C:\Users\josep\source\repos\AIOTED-digital-rawdigits\20260902\17\6_main_dig4_20260902-171509.jpg,6,transition,90.12,reading_est 58669; model saw 6; agree,,,0
night_fill,20260903-095907_dig4,20260903-095907,4,C:\Users\josep\source\repos\AIOTED-digital-rawdigits\20260903\09\6_main_dig4_20260903-095907.jpg,6,transition,88.24,reading_est 58693; model saw 6; agree,,,0
night_fill,20260902-170309_dig4,20260902-170309,4,C:\Users\josep\source\repos\AIOTED-digital-rawdigits\20260902\17\6_main_dig4_20260902-170309.jpg,6,transition,91.97,reading_est 58668; model saw 6; agree,,,0
night_fill,20260903-085108_dig4,20260903-085108,4,C:\Users\josep\source\repos\AIOTED-digital-rawdigits\20260903\08\6_main_dig4_20260903-085108.jpg,6,transition,83.95,reading_est 58692; model saw 6; agree,,,0
night_fill,20260902-182309_dig4,20260902-182309,4,C:\Users\josep\source\repos\AIOTED-digital-rawdigits\20260902\18\6_main_dig4_20260902-182309.jpg,6,transition,81.25,reading_est 58672; model saw 6; agree,,,0
